timestamp,latitude,longitude,type,amplitude_ka,height_m,num_sensors
2026-09-11T05:01:11.470482961Z,6.904099,112.546478,Cloud to Ground,-17656,0,10
2026-09-11T05:01:11.487481820Z,6.856479,112.560601,Cloud to Ground,-14137,0,8
2026-09-11T05:01:11.230161755Z,6.819634,112.468993,Cloud to Ground,22764,0,7
2026-09-11T05:01:11.232889500Z,6.799596,112.518026,Cloud to Ground,24997,0,15
2026-09-11T05:01:18.069048448Z,5.470454,111.405408,Cloud to Ground,-33190,0,14
2026-09-11T05:01:18.171395703Z,5.449102,111.533619,Cloud to Ground,18756,0,10
2026-09-11T05:01:18.105229451Z,5.487739,111.558812,Cloud to Ground,30784,0,8
2026-09-11T05:01:19.328477884Z,9.104048,125.697604,Cloud to Ground,-42629,0,29
2026-09-11T05:01:19.285508657Z,9.088065,125.684147,Cloud to Ground,-21809,0,29
2026-09-11T05:01:19.433724401Z,9.082073,125.631665,Cloud to Ground,-15374,0,13
2026-09-11T05:01:21.295368297Z,8.365023,123.16476,Cloud to Ground,19921,0,10
2026-09-11T05:01:24.252409200Z,11.034776,124.688998,Cloud to Ground,-40764,0,25
2026-09-11T05:01:26.516458631Z,16.913636,121.005249,Cloud to Ground,-7326,0,11
2026-09-11T05:01:28.393764564Z,11.352938,115.619548,Cloud to Ground,-22600,0,10
2026-09-11T05:01:28.489547899Z,11.338936,115.610612,Cloud to Cloud,-9085,3324,11
2026-09-11T05:01:28.398601352Z,11.326471,115.617573,Cloud to Ground,-8222,0,6
2026-09-11T05:01:28.393227836Z,11.334442,115.619045,Cloud to Ground,19390,0,13
2026-09-11T05:01:28.396915759Z,11.359615,115.627386,Cloud to Cloud,23514,3083,8
2026-09-11T05:01:39.595038901Z,8.586197,124.9948,Cloud to Ground,14401,0,14
2026-09-11T05:01:40.500578398Z,10.587142,119.347485,Cloud to Ground,19857,0,9
2026-09-11T05:01:42.276113965Z,9.194029,125.634756,Cloud to Cloud,-7532,4337,12
2026-09-11T05:01:43.108068495Z,5.467494,111.143984,Cloud to Ground,-11963,0,7
2026-09-11T05:01:43.106002077Z,5.46802,111.145994,Cloud to Ground,18512,0,10
2026-09-11T05:01:43.104441338Z,5.437974,111.05013,Cloud to Ground,12870,0,8
2026-09-11T05:01:48.512026916Z,4.128491,117.447447,Cloud to Ground,17993,0,8
2026-09-11T05:01:53.542379718Z,6.839807,112.409103,Cloud to Ground,-26642,0,18
2026-09-11T05:01:53.422710523Z,6.827062,112.558245,Cloud to Ground,-57464,0,14
2026-09-11T05:01:53.474544827Z,6.894785,112.516359,Cloud to Ground,-29645,0,18
2026-09-11T05:01:53.565452187Z,6.862836,112.576456,Cloud to Ground,13805,0,7
2026-09-11T05:01:53.566439297Z,6.840638,112.547463,Cloud to Ground,14885,0,7
2026-09-11T05:01:53.433505128Z,6.833364,112.574471,Cloud to Ground,137145,0,16
2026-09-11T05:01:58.976982983Z,5.404029,111.412752,Cloud to Ground,23980,0,8
2026-09-11T05:01:58.975074907Z,5.463294,111.524574,Cloud to Ground,-12694,0,7
2026-09-11T05:01:58.443242853Z,1.344079,118.433888,Cloud to Ground,21282,0,22
2026-09-11T05:02:07.232784769Z,4.633967,117.195698,Cloud to Cloud,-17139,14605,22
2026-09-11T05:02:07.924083889Z,5.46091,110.937443,Cloud to Ground,10235,0,7
2026-09-11T05:02:07.920260343Z,5.462875,110.948749,Cloud to Ground,14815,0,7
2026-09-11T05:02:07.922037582Z,5.482561,111.047264,Cloud to Ground,-13335,0,7
2026-09-11T05:02:07.920856839Z,5.51254,111.0497,Cloud to Ground,12118,0,7
2026-09-11T05:02:08.022329546Z,2.862154,111.516485,Cloud to Ground,72200,0,29
2026-09-11T05:02:08.930141746Z,3.95886,110.312118,Cloud to Ground,22562,0,6
2026-09-11T05:02:08.796877715Z,3.968506,110.314023,Cloud to Ground,56441,0,20
2026-09-11T05:02:12.229257402Z,3.124954,117.001712,Cloud to Cloud,-17011,6615,14
2026-09-11T05:02:12.159393000Z,8.4232,123.1189,Cloud to Ground,-17459,0,5
2026-09-11T05:02:13.680066182Z,11.212664,125.115396,Cloud to Ground,-12175,0,10
2026-09-11T05:02:25.401157801Z,5.434045,111.470212,Cloud to Ground,-8082,0,6
2026-09-11T05:02:25.657101060Z,8.57255,125.03842,Cloud to Ground,-23048,0,11
2026-09-11T05:02:31.353337522Z,5.617278,118.564052,Cloud to Cloud,-13121,8417,10
2026-09-11T05:02:39.983576575Z,7.48715,122.126055,Cloud to Ground,35232,0,17
2026-09-11T05:02:45.327715928Z,19.868288,118.234963,Cloud to Ground,-43658,0,11
2026-09-11T05:02:45.449852586Z,19.866295,118.259467,Cloud to Ground,-39290,0,15
2026-09-11T05:02:45.549057651Z,19.8777,118.244717,Cloud to Ground,-31902,0,15
2026-09-11T05:02:45.702278653Z,19.854408,118.223614,Cloud to Ground,35581,0,11
2026-09-11T05:02:46.445384284Z,5.436216,111.502594,Cloud to Ground,28551,0,6
2026-09-11T05:02:46.408442000Z,5.4879,111.5749,Cloud to Ground,38954,0,5
2026-09-11T05:02:58.540987839Z,6.90661,112.510939,Cloud to Ground,-110576,0,14
2026-09-11T05:02:58.650429961Z,6.828676,112.545101,Cloud to Ground,50382,0,22
2026-09-11T05:03:07.566900735Z,5.467419,110.611471,Cloud to Cloud,-16245,4517,18
2026-09-11T05:03:07.563415697Z,5.479745,110.653213,Cloud to Ground,22529,0,13
2026-09-11T05:03:07.542010298Z,19.553247,114.345448,Cloud to Cloud,15372,10024,7
2026-09-11T05:03:10.881306299Z,5.554601,111.094311,Cloud to Ground,-19650,0,17
2026-09-11T05:03:10.878461498Z,5.509642,111.147438,Cloud to Ground,23105,0,12
2026-09-11T05:03:11.981435654Z,5.477276,111.322497,Cloud to Ground,-25302,0,8
2026-09-11T05:03:12.238901822Z,5.478947,111.239292,Cloud to Ground,-14806,0,24
2026-09-11T05:03:11.980424746Z,5.459549,111.302942,Cloud to Ground,78616,0,30
2026-09-11T05:03:14.860106000Z,11.1032,124.6844,Cloud to Ground,1146,0,7
2026-09-11T05:03:17.082203525Z,4.20563,118.48308,Cloud to Ground,-56611,0,23
2026-09-11T05:03:17.084318602Z,4.118817,118.506992,Cloud to Ground,-17264,0,15
2026-09-11T05:03:17.080367277Z,4.111875,118.491671,Cloud to Cloud,-7674,13668,7
2026-09-11T05:03:21.048372554Z,5.634792,118.51882,Cloud to Ground,74178,0,16
2026-09-11T05:03:29.756034708Z,4.593216,117.028532,Cloud to Ground,18053,0,21
2026-09-11T05:03:32.547284743Z,5.762995,116.114653,Cloud to Ground,-16818,0,12
2026-09-11T05:03:33.993396168Z,9.016038,125.866271,Cloud to Ground,-15692,0,7
2026-09-11T05:03:33.529494000Z,9.1606,125.8787,Cloud to Ground,-611,0,7
2026-09-11T05:03:33.866186524Z,9.111331,125.705222,Cloud to Ground,-61803,0,9
2026-09-11T05:03:33.919692000Z,9.0945,125.7831,Cloud to Ground,-19112,0,5
2026-09-11T05:03:34.373422465Z,9.072443,125.67988,Cloud to Ground,-15508,0,8
2026-09-11T05:03:34.450114686Z,9.085268,125.704712,Cloud to Ground,-14180,0,18
2026-09-11T05:03:34.570534370Z,9.053661,125.679781,Cloud to Ground,-10490,0,12
2026-09-11T05:03:34.455884536Z,9.04153,125.768493,Cloud to Cloud,-4645,11022,7
2026-09-11T05:03:35.846772766Z,5.56137,111.032679,Cloud to Ground,-18844,0,22
2026-09-11T05:03:35.250614419Z,9.085289,117.803024,Cloud to Ground,-42976,0,10
2026-09-11T05:03:35.360556452Z,9.040857,117.807608,Cloud to Cloud,-32415,3066,7
2026-09-11T05:03:35.359504921Z,9.086473,117.755781,Cloud to Cloud,-17923,6421,7
2026-09-11T05:03:38.618179565Z,8.369766,123.198517,Cloud to Ground,17261,0,7
2026-09-11T05:03:40.180176656Z,4.543078,117.213033,Cloud to Ground,21446,0,15
2026-09-11T05:03:46.418277605Z,5.479727,110.658115,Cloud to Ground,-10803,0,9
2026-09-11T05:03:47.726481926Z,9.11726,125.848793,Cloud to Ground,-18928,0,9
2026-09-11T05:03:47.612146362Z,11.02084,124.795417,Cloud to Ground,15791,0,12
2026-09-11T05:03:48.731065000Z,8.5985,124.8809,Cloud to Ground,-23065,0,9
2026-09-11T05:03:50.164525643Z,12.258319,124.505216,Cloud to Cloud,22397,11167,9
2026-09-11T05:03:52.241931165Z,6.819705,112.555089,Cloud to Ground,30632,0,21
2026-09-11T05:03:52.239061934Z,6.846073,112.471916,Cloud to Ground,31288,0,7
2026-09-11T05:03:55.358250463Z,7.31323,125.914027,Cloud to Ground,-30225,0,14
2026-09-11T05:03:55.342992365Z,7.263988,125.943297,Cloud to Ground,18266,0,12
2026-09-11T05:03:57.245140558Z,7.506316,132.770441,Cloud to Ground,-18604,0,24
2026-09-11T05:03:58.833265761Z,10.374318,119.183674,Cloud to Cloud,-15105,15868,7
2026-09-11T05:04:00.848671158Z,4.453261,115.409165,Cloud to Ground,16543,0,7
2026-09-11T05:04:00.967726045Z,5.448252,118.623622,Cloud to Ground,25040,0,11
2026-09-11T05:04:04.181676760Z,5.531428,110.659238,Cloud to Ground,7812,0,7
2026-09-11T05:04:05.490481883Z,20.213343,133.025129,Cloud to Ground,-38555,0,18
2026-09-11T05:04:05.494295362Z,20.225402,132.993193,Cloud to Ground,-15885,0,10
2026-09-11T05:04:13.126478966Z,5.49093,111.393255,Cloud to Ground,-15569,0,12
2026-09-11T05:04:13.124813517Z,5.478171,111.443342,Cloud to Ground,-14407,0,16
2026-09-11T05:04:17.801878634Z,19.857742,118.236114,Cloud to Ground,-114356,0,19
2026-09-11T05:04:18.374258537Z,9.158331,125.616372,Cloud to Ground,-21897,0,22
2026-09-11T05:04:18.800395799Z,19.836648,118.406676,Cloud to Ground,-22622,0,10
2026-09-11T05:04:18.634084431Z,19.831402,118.333193,Cloud to Ground,38507,0,9
2026-09-11T05:04:21.954533645Z,4.591093,117.109464,Cloud to Ground,21974,0,8
2026-09-11T05:04:21.150931090Z,11.04323,124.774317,Cloud to Ground,31524,0,9
2026-09-11T05:04:30.088229848Z,12.202872,124.531436,Cloud to Cloud,6356,13638,12
2026-09-11T05:04:33.358004046Z,8.387041,123.112666,Cloud to Cloud,10620,17154,7
2026-09-11T05:04:33.430269000Z,3.0674,117.02,Cloud to Ground,-14333,0,6
2026-09-11T05:04:36.968075218Z,5.434947,111.288083,Cloud to Ground,-9496,0,7
2026-09-11T05:04:38.699088372Z,7.088614,121.988475,Cloud to Cloud,6083,14894,7
2026-09-11T05:04:38.684814545Z,7.138557,121.955167,Cloud to Ground,14612,0,14
2026-09-11T05:04:41.484603046Z,10.539531,119.347235,Cloud to Cloud,7313,9550,7
2026-09-11T05:04:44.061954000Z,8.597778,124.923694,Cloud to Ground,-16599,0,21
2026-09-11T05:04:44.261380771Z,8.57859,125.037249,Cloud to Cloud,-9504,19363,8
2026-09-11T05:04:49.426382571Z,4.21592,118.489979,Cloud to Cloud,-15394,16199,10
2026-09-11T05:04:49.424568553Z,4.194483,118.470466,Cloud to Cloud,-14489,9333,10
2026-09-11T05:04:49.421435050Z,4.194483,118.56504,Cloud to Cloud,8634,16153,7
2026-09-11T05:04:49.423122796Z,4.128899,118.507414,Cloud to Ground,101707,0,25
2026-09-11T05:04:51.310434954Z,8.323572,123.279469,Cloud to Cloud,22043,3427,8
2026-09-11T05:04:53.234567085Z,9.064809,125.841867,Cloud to Cloud,25268,19898,10
2026-09-11T05:04:55.124075151Z,5.462801,111.343788,Cloud to Ground,-11953,0,8
2026-09-11T05:04:55.915858452Z,5.502146,110.668052,Cloud to Ground,13378,0,9
2026-09-11T05:04:55.871494864Z,5.521012,110.58095,Cloud to Ground,16045,0,8
2026-09-11T05:04:58.636613848Z,4.572838,117.038829,Cloud to Ground,24605,0,24
2026-09-11T05:05:06.820719486Z,5.487278,111.547186,Cloud to Ground,-16487,0,9
2026-09-11T05:05:06.898154431Z,5.448293,111.468145,Cloud to Ground,13655,0,8
2026-09-11T05:05:06.932126954Z,5.474772,111.549655,Cloud to Ground,17264,0,9
2026-09-11T05:05:06.833172770Z,5.448943,111.520802,Cloud to Ground,39259,0,16
2026-09-11T05:05:10.899438386Z,6.828653,112.56829,Cloud to Ground,15824,0,8
2026-09-11T05:05:10.905516000Z,6.8558,112.5341,Cloud to Ground,16082,0,6
2026-09-11T05:05:10.895054580Z,6.812173,112.549168,Cloud to Ground,18080,0,17
2026-09-11T05:05:11.687544539Z,11.23372,125.201352,Cloud to Cloud,4141,13878,9
2026-09-11T05:05:11.718893593Z,11.250563,125.218497,Cloud to Cloud,9443,14513,10
2026-09-11T05:05:12.403337996Z,4.286569,117.466124,Cloud to Ground,19500,0,18
2026-09-11T05:05:14.473877776Z,12.253236,124.511563,Cloud to Cloud,6467,12386,8
2026-09-11T05:05:16.455910678Z,12.199296,118.709189,Cloud to Ground,-92133,0,12
2026-09-11T05:05:16.246593224Z,12.203168,118.714036,Cloud to Ground,-67429,0,15
2026-09-11T05:05:16.280025945Z,12.227277,118.686646,Cloud to Ground,-14970,0,7
2026-09-11T05:05:16.267720760Z,12.151345,118.752134,Cloud to Ground,-14517,0,7
2026-09-11T05:05:16.510284000Z,12.1981,118.6982,Cloud to Ground,338,0,6
2026-09-11T05:05:16.517995374Z,12.200617,118.664684,Cloud to Cloud,19591,17789,9
2026-09-11T05:05:21.805320542Z,5.811233,116.197402,Cloud to Ground,16040,0,11
2026-09-11T05:05:22.947558495Z,5.529312,118.684161,Cloud to Ground,-28140,0,26
2026-09-11T05:05:25.800991016Z,5.578124,110.620933,Cloud to Ground,-22225,0,18
2026-09-11T05:05:25.586731421Z,5.578833,110.699791,Cloud to Ground,-14252,0,8
2026-09-11T05:05:25.585082096Z,5.549095,110.558034,Cloud to Ground,-13366,0,8
2026-09-11T05:05:33.523636448Z,9.199175,125.715464,Cloud to Ground,26768,0,8
2026-09-11T05:05:33.517153945Z,9.192321,125.811131,Cloud to Ground,18592,0,12
2026-09-11T05:05:36.455528000Z,9.0867,125.8664,Cloud to Ground,11794,0,5
2026-09-11T05:05:41.961817293Z,5.487904,111.139293,Cloud to Ground,54215,0,25
2026-09-11T05:05:44.339450000Z,8.3149,123.2385,Cloud to Ground,-20297,0,5
2026-09-11T05:05:46.414843674Z,5.496451,110.583955,Cloud to Ground,-28464,0,29
2026-09-11T05:05:46.686558230Z,5.498162,110.70581,Cloud to Ground,10360,0,8
2026-09-11T05:05:47.937589017Z,9.162006,125.6081,Cloud to Cloud,-4929,4626,6
2026-09-11T05:05:48.123559451Z,9.19023,125.728927,Cloud to Ground,14654,0,14
2026-09-11T05:05:49.286110439Z,11.169376,124.692437,Cloud to Ground,-16971,0,16
2026-09-11T05:05:51.061395812Z,10.551217,123.385252,Cloud to Cloud,-21918,14175,10
2026-09-11T05:05:52.748957305Z,9.229853,125.845583,Cloud to Ground,-24079,0,10
2026-09-11T05:05:53.228091981Z,8.572375,125.011465,Cloud to Ground,-24067,0,16
2026-09-11T05:05:53.108636941Z,8.574627,125.033115,Cloud to Ground,-19748,0,9
2026-09-11T05:05:53.140657406Z,8.567221,125.072438,Cloud to Ground,-13519,0,17
2026-09-11T05:05:53.019058573Z,8.317805,123.208983,Cloud to Ground,20268,0,11
2026-09-11T05:06:02.704136128Z,6.866241,112.395262,Cloud to Ground,-9912,0,8
2026-09-11T05:06:02.868654593Z,6.842957,112.702177,Cloud to Ground,-20357,0,13
2026-09-11T05:06:02.870861670Z,6.893884,112.656281,Cloud to Ground,16093,0,10
2026-09-11T05:06:13.481576442Z,5.736611,116.156341,Cloud to Ground,25810,0,8
2026-09-11T05:06:14.159230316Z,20.21483,133.012105,Cloud to Ground,-14416,0,15
2026-09-11T05:06:14.158692427Z,20.186999,133.023908,Cloud to Ground,-14275,0,15
2026-09-11T05:06:14.242278458Z,20.229126,132.993466,Cloud to Ground,10340,0,10
2026-09-11T05:06:14.292671119Z,20.208912,133.068417,Cloud to Ground,23234,0,13
2026-09-11T05:06:14.918892137Z,11.226234,125.190249,Cloud to Ground,9057,0,12
2026-09-11T05:06:15.369211396Z,8.668453,125.057317,Cloud to Ground,-22300,0,24
2026-09-11T05:06:15.936115235Z,9.050212,125.775021,Cloud to Cloud,17264,10903,16
2026-09-11T05:06:18.538239364Z,5.462289,110.707269,Cloud to Ground,-16366,0,21
2026-09-11T05:06:18.904555910Z,5.461929,110.678526,Cloud to Ground,-16086,0,5
2026-09-11T05:06:18.906789244Z,5.478895,110.650726,Cloud to Ground,-8577,0,7
2026-09-11T05:06:20.617488771Z,9.193676,125.658219,Cloud to Cloud,-10228,19208,8
2026-09-11T05:06:22.209380374Z,12.23468,124.538159,Cloud to Cloud,10797,3181,6
2026-09-11T05:06:27.390364067Z,11.054758,124.749033,Cloud to Ground,22814,0,16
2026-09-11T05:06:28.154395257Z,9.036333,117.843647,Cloud to Cloud,19825,11837,7
2026-09-11T05:06:28.295049954Z,9.163569,117.881823,Cloud to Ground,-31181,0,11
2026-09-11T05:06:31.201305518Z,9.151239,125.757609,Cloud to Ground,-27861,0,17
2026-09-11T05:06:31.373309000Z,9.185,125.7321,Cloud to Ground,-17283,0,7
2026-09-11T05:06:31.397881896Z,9.142886,125.655561,Cloud to Ground,-9650,0,9
2026-09-11T05:06:33.231888177Z,12.225036,118.683643,Cloud to Cloud,-21907,4104,7
2026-09-11T05:06:33.232713164Z,12.294378,118.681984,Cloud to Ground,-17879,0,19
2026-09-11T05:06:33.295451000Z,12.2116,118.7373,Cloud to Ground,15795,0,7
2026-09-11T05:06:33.175812000Z,12.2377,118.6913,Cloud to Ground,62932,0,9
2026-09-11T05:06:37.151970782Z,4.645092,117.034681,Cloud to Ground,-12993,0,19
2026-09-11T05:06:38.846752962Z,5.430474,111.517402,Cloud to Ground,-31482,0,7
2026-09-11T05:06:38.847564689Z,5.481431,111.444268,Cloud to Ground,-17667,0,12
2026-09-11T05:06:38.844315907Z,5.457675,111.44438,Cloud to Ground,18459,0,7
2026-09-11T05:06:39.117747300Z,5.446424,111.348178,Cloud to Ground,10333,0,7
2026-09-11T05:06:44.159553229Z,6.808903,112.534183,Cloud to Ground,-41574,0,17
2026-09-11T05:06:44.104530626Z,6.810669,112.571735,Cloud to Ground,-25175,0,19
2026-09-11T05:06:44.276682571Z,6.897852,112.50953,Cloud to Ground,-24925,0,16
2026-09-11T05:06:44.088459135Z,6.800762,112.549909,Cloud to Ground,-13050,0,11
2026-09-11T05:06:44.328683315Z,6.847492,112.558795,Cloud to Ground,9303,0,8
2026-09-11T05:06:45.643247838Z,8.38588,123.165882,Cloud to Ground,23337,0,14
2026-09-11T05:06:45.627789791Z,10.534731,123.369892,Cloud to Cloud,24401,5416,14
2026-09-11T05:06:46.103151839Z,4.054757,110.245293,Cloud to Ground,-25687,0,16
2026-09-11T05:06:46.069642914Z,4.021492,110.291215,Cloud to Ground,-17576,0,6
2026-09-11T05:06:46.089485808Z,4.038318,110.303991,Cloud to Ground,-15752,0,6
2026-09-11T05:06:46.844270169Z,5.480453,110.676364,Cloud to Ground,-21680,0,22
2026-09-11T05:06:47.073571522Z,5.494841,110.664757,Cloud to Ground,67902,0,21
2026-09-11T05:06:48.850708570Z,7.151938,113.539015,Cloud to Ground,-66046,0,10
2026-09-11T05:06:48.844554224Z,7.195535,113.495431,Cloud to Ground,-57774,0,10
2026-09-11T05:06:48.873142612Z,7.178355,113.502477,Cloud to Cloud,15618,18727,6
2026-09-11T05:06:48.894660519Z,7.16471,113.510724,Cloud to Ground,42188,0,24
2026-09-11T05:06:50.123312245Z,5.479733,110.596875,Cloud to Ground,15085,0,15
2026-09-11T05:06:54.307944831Z,4.25287,117.622784,Cloud to Cloud,-24018,7044,12
2026-09-11T05:06:54.253574232Z,4.287623,117.489102,Cloud to Ground,-24173,0,28
2026-09-11T05:06:54.363713810Z,4.294982,117.486139,Cloud to Cloud,7471,5596,7
2026-09-11T05:06:59.546303536Z,21.744845,123.095584,Cloud to Cloud,6372,13930,11
2026-09-11T05:06:59.679639602Z,21.737185,123.215992,Cloud to Cloud,3285,8314,6
2026-09-11T05:06:59.278581440Z,21.701138,123.21489,Cloud to Ground,32039,0,14
2026-09-11T05:07:00.626238785Z,9.185212,125.915283,Cloud to Ground,-31119,0,22
2026-09-11T05:07:00.729919835Z,9.138095,125.837819,Cloud to Ground,-19907,0,7
2026-09-11T05:07:00.771261806Z,9.126252,125.861992,Cloud to Ground,-13005,0,14
2026-09-11T05:07:04.702827519Z,1.379939,118.474909,Cloud to Ground,22910,0,24
2026-09-11T05:07:09.741502000Z,8.4744,123.1775,Cloud to Ground,-44600,0,6
2026-09-11T05:07:13.310232239Z,5.521426,110.656977,Cloud to Ground,-19228,0,20
2026-09-11T05:07:20.854621771Z,7.752943,131.563025,Cloud to Ground,-15751,0,19
2026-09-11T05:07:20.856507555Z,7.818837,131.52781,Cloud to Cloud,-9949,3008,8
2026-09-11T05:07:20.853644000Z,7.758804,131.560829,Cloud to Ground,15129,0,21
2026-09-11T05:07:25.930206835Z,5.463204,110.673092,Cloud to Ground,-14128,0,6
2026-09-11T05:07:25.823217046Z,5.465157,110.686367,Cloud to Ground,13665,0,11
2026-09-11T05:07:26.110896172Z,6.833043,112.560658,Cloud to Ground,-13403,0,11
2026-09-11T05:07:26.200985475Z,6.820442,112.543343,Cloud to Ground,-8803,0,8
2026-09-11T05:07:28.123284634Z,9.054672,125.880838,Cloud to Cloud,-19054,6600,11
2026-09-11T05:07:27.910873270Z,8.977764,125.8372,Cloud to Cloud,11434,13267,8
2026-09-11T05:07:28.588823525Z,12.189899,124.594651,Cloud to Cloud,17737,19696,8
2026-09-11T05:07:30.893047207Z,10.779907,119.528667,Cloud to Cloud,-18292,18906,9
2026-09-11T05:07:32.838145749Z,19.858475,118.272923,Cloud to Ground,-45839,0,8
2026-09-11T05:07:32.847624681Z,19.968569,118.34725,Cloud to Cloud,6246,3050,7
2026-09-11T05:07:33.093672315Z,19.880668,118.285981,Cloud to Cloud,10186,12168,8
2026-09-11T05:07:32.834324983Z,19.966271,118.301726,Cloud to Ground,14030,0,7
2026-09-11T05:07:33.141125370Z,19.865783,118.234137,Cloud to Cloud,15434,10230,6
2026-09-11T05:07:32.833659157Z,19.952611,118.297589,Cloud to Ground,17945,0,9
2026-09-11T05:07:33.125632530Z,19.938049,118.25249,Cloud to Cloud,18251,3038,10
2026-09-11T05:07:39.036673463Z,4.567073,117.192702,Cloud to Ground,9490,0,13
2026-09-11T05:07:42.016800153Z,5.491671,111.148777,Cloud to Ground,11349,0,10
2026-09-11T05:07:42.017594065Z,5.504866,111.158574,Cloud to Ground,27454,0,10
2026-09-11T05:07:42.015719104Z,5.48957,111.140708,Cloud to Ground,87213,0,30
2026-09-11T05:07:42.858964774Z,11.254307,115.692628,Cloud to Ground,17090,0,9
2026-09-11T05:07:42.857390869Z,11.361993,115.638161,Cloud to Cloud,-12970,14895,8
2026-09-11T05:07:42.882738854Z,11.385038,115.635263,Cloud to Cloud,14938,13634,5
2026-09-11T05:07:45.764842739Z,5.522751,110.713062,Cloud to Cloud,-8133,10356,7
2026-09-11T05:07:45.158614675Z,5.534498,110.687832,Cloud to Ground,10090,0,6
2026-09-11T05:07:44.934252378Z,5.481025,110.667063,Cloud to Ground,16722,0,9
2026-09-11T05:07:45.078244000Z,5.4904,110.6579,Cloud to Ground,58241,0,8
2026-09-11T05:07:48.287790177Z,18.955211,114.944958,Cloud to Ground,21231,0,8
2026-09-11T05:07:50.727241598Z,7.13381,121.942946,Cloud to Ground,-22913,0,7
2026-09-11T05:07:50.738059560Z,7.146486,121.938903,Cloud to Ground,31615,0,15
2026-09-11T05:08:00.059621149Z,2.333675,128.405614,Cloud to Ground,-12905,0,14
2026-09-11T05:08:02.439689538Z,3.993894,110.334997,Cloud to Ground,28750,0,14
2026-09-11T05:08:02.676258217Z,3.993386,110.333194,Cloud to Ground,29530,0,10
2026-09-11T05:08:02.575126656Z,4.037432,110.342253,Cloud to Ground,66995,0,13
2026-09-11T05:08:03.509939880Z,3.765492,117.290655,Cloud to Ground,33615,0,28
2026-09-11T05:08:04.073515402Z,7.528228,112.287442,Cloud to Ground,11322,0,11
2026-09-11T05:08:06.806897097Z,9.117674,117.812343,Cloud to Cloud,19120,15441,10
2026-09-11T05:08:07.025560343Z,10.772435,119.536623,Cloud to Cloud,18541,15789,10
2026-09-11T05:08:08.519916202Z,8.653636,125.036331,Cloud to Ground,-30376,0,18
2026-09-11T05:08:15.736621500Z,9.015569,125.925445,Cloud to Cloud,52711,16562,11
2026-09-11T05:08:26.842399316Z,5.609219,118.659256,Cloud to Ground,36983,0,20
2026-09-11T05:08:28.872112947Z,5.460841,111.358645,Cloud to Ground,-20628,0,8
2026-09-11T05:08:30.803870092Z,5.487372,110.650189,Cloud to Ground,-21440,0,8
2026-09-11T05:08:31.021457673Z,21.696559,123.199248,Cloud to Ground,27357,0,11
2026-09-11T05:08:34.350636917Z,6.853873,112.441264,Cloud to Ground,23448,0,15
2026-09-11T05:08:36.740849383Z,5.506529,111.538009,Cloud to Ground,-18583,0,9
2026-09-11T05:08:36.740232180Z,5.492706,111.533182,Cloud to Ground,21001,0,6
2026-09-11T05:08:51.537327192Z,4.284428,117.52856,Cloud to Ground,21002,0,16
2026-09-11T05:08:53.181436215Z,12.315475,124.461272,Cloud to Ground,-18085,0,25
2026-09-11T05:08:56.099507526Z,4.449527,115.430289,Cloud to Ground,19047,0,8
2026-09-11T05:08:56.321172282Z,5.430495,110.614801,Cloud to Ground,8035,0,7
2026-09-11T05:08:56.154663319Z,8.556614,125.061642,Cloud to Ground,-22199,0,22
2026-09-11T05:08:57.850158854Z,5.539248,118.570082,Cloud to Cloud,-19336,19432,13
2026-09-11T05:08:58.767561373Z,5.496958,110.708592,Cloud to Ground,-19059,0,19
2026-09-11T05:08:59.055509152Z,5.496913,110.683768,Cloud to Ground,-13999,0,7
2026-09-11T05:08:59.272665657Z,5.511478,110.747741,Cloud to Ground,11725,0,7
2026-09-11T05:08:59.631275021Z,5.501386,110.744685,Cloud to Ground,11911,0,7
2026-09-11T05:08:58.906989610Z,5.487948,110.68948,Cloud to Ground,12298,0,7
2026-09-11T05:08:59.310759702Z,5.508458,110.749334,Cloud to Ground,12326,0,7
2026-09-11T05:09:01.695585558Z,9.320386,125.651653,Cloud to Ground,-41730,0,28
2026-09-11T05:09:03.070152014Z,3.766456,117.319533,Cloud to Ground,-23467,0,16
2026-09-11T05:09:10.408250557Z,4.595249,117.040192,Cloud to Ground,8043,0,8
2026-09-11T05:09:11.843663373Z,4.005862,110.300519,Cloud to Ground,-12189,0,9
2026-09-11T05:09:14.156315999Z,19.912008,118.309135,Cloud to Cloud,-12166,3137,9
2026-09-11T05:09:13.749203514Z,19.867353,118.227106,Cloud to Cloud,9954,16635,8
2026-09-11T05:09:13.750944922Z,19.882449,118.229152,Cloud to Ground,17105,0,12
2026-09-11T05:09:14.283579471Z,5.43723,110.691833,Cloud to Ground,13707,0,6
2026-09-11T05:09:13.899811261Z,19.995781,118.236098,Cloud to Cloud,3104,16781,5
2026-09-11T05:09:14.152563399Z,19.97139,118.194158,Cloud to Cloud,5824,8370,6
2026-09-11T05:09:16.966042947Z,5.457822,110.704043,Cloud to Ground,-11064,0,7
2026-09-11T05:09:23.594369088Z,5.570982,110.690258,Cloud to Ground,41421,0,19
2026-09-11T05:09:23.590236295Z,10.665943,123.313148,Cloud to Ground,-36752,0,16
2026-09-11T05:09:24.791403992Z,5.603386,110.619501,Cloud to Cloud,11238,5441,7
2026-09-11T05:09:25.708358871Z,5.48162,110.696388,Cloud to Ground,8631,0,6
2026-09-11T05:09:25.927710000Z,5.4834,110.5906,Cloud to Ground,-17379,0,8
2026-09-11T05:09:30.030643272Z,2.333604,128.406016,Cloud to Ground,8778,0,9
2026-09-11T05:09:31.336277323Z,5.462266,111.255932,Cloud to Ground,-17163,0,13
2026-09-11T05:09:31.333464544Z,5.37965,111.235664,Cloud to Ground,10860,0,7
2026-09-11T05:09:35.404732681Z,9.174383,125.665425,Cloud to Ground,-24418,0,17
2026-09-11T05:09:35.426778523Z,9.141966,125.618642,Cloud to Cloud,-10061,19216,11
2026-09-11T05:09:35.920608168Z,5.508213,110.719541,Cloud to Ground,8877,0,8
2026-09-11T05:09:37.382379441Z,4.113222,110.534494,Cloud to Ground,22379,0,8
2026-09-11T05:09:41.289805814Z,10.790906,119.546056,Cloud to Cloud,-42511,14546,10
2026-09-11T05:09:41.307138415Z,10.849236,119.491726,Cloud to Ground,-28848,0,11
2026-09-11T05:09:41.348841428Z,10.850992,119.492425,Cloud to Ground,-27190,0,12
2026-09-11T05:09:41.424479196Z,10.847766,119.490023,Cloud to Ground,-22226,0,7
2026-09-11T05:09:47.038473000Z,7.6704,125.2927,Cloud to Ground,-36579,0,7
2026-09-11T05:09:47.210808751Z,7.632397,125.254818,Cloud to Ground,-28090,0,33
2026-09-11T05:09:47.102338000Z,7.6442,125.2087,Cloud to Ground,-20521,0,5
2026-09-11T05:09:51.801968000Z,8.394,123.1305,Cloud to Ground,-8615,0,5
2026-09-11T05:09:52.663871519Z,1.369783,113.4705,Cloud to Ground,-36401,0,32
2026-09-11T05:09:57.928251246Z,3.760859,117.304479,Cloud to Ground,-20269,0,14
2026-09-11T05:09:57.921877220Z,3.765478,117.308164,Cloud to Ground,-15922,0,15
2026-09-11T05:09:57.978573996Z,3.829007,117.286854,Cloud to Ground,-13144,0,20
2026-09-11T05:09:57.778075452Z,12.252791,124.596963,Cloud to Cloud,18584,3071,12
2026-09-11T05:09:58.426037682Z,8.573402,124.876161,Cloud to Ground,-39305,0,23
2026-09-11T05:09:58.210838931Z,8.598639,124.985807,Cloud to Ground,-35210,0,19
2026-09-11T05:09:58.062400119Z,8.607338,124.983375,Cloud to Ground,-25743,0,26
2026-09-11T05:09:58.366172294Z,8.605754,125.002361,Cloud to Ground,-18445,0,20
2026-09-11T05:09:59.005074707Z,12.221879,118.72628,Cloud to Ground,-91882,0,8
2026-09-11T05:09:59.000437068Z,12.159887,118.736728,Cloud to Cloud,-33138,3000,9
2026-09-11T05:09:59.127418922Z,12.24207,118.739085,Cloud to Ground,-26732,0,11
2026-09-11T05:09:59.334962000Z,12.2111,118.6477,Cloud to Ground,-15204,0,8
2026-09-11T05:09:59.281900000Z,12.192,118.6874,Cloud to Ground,23221,0,11
2026-09-11T05:10:00.389629075Z,4.258892,117.500761,Cloud to Ground,21089,0,19
2026-09-11T05:10:02.697643707Z,5.525242,111.446115,Cloud to Ground,-19979,0,12
2026-09-11T05:10:02.699766004Z,5.464887,111.524681,Cloud to Ground,23467,0,10
2026-09-11T05:10:02.988222501Z,5.514353,110.700184,Cloud to Ground,39759,0,11
2026-09-11T05:10:06.728278529Z,5.480676,110.674665,Cloud to Ground,-10176,0,10
2026-09-11T05:10:10.985694118Z,5.520485,110.67709,Cloud to Ground,-22866,0,14
2026-09-11T05:10:11.609741534Z,7.001901,115.930906,Cloud to Cloud,-18786,3926,15
2026-09-11T05:10:11.796681174Z,7.023458,115.906887,Cloud to Ground,40042,0,17
2026-09-11T05:10:11.633398124Z,6.983148,115.896829,Cloud to Ground,68691,0,19
2026-09-11T05:10:16.785220160Z,5.491927,110.627606,Cloud to Ground,14496,0,8
2026-09-11T05:10:17.554285635Z,10.821334,119.523556,Cloud to Ground,18864,0,11
2026-09-11T05:10:20.516180950Z,6.861131,112.57366,Cloud to Ground,-37989,0,9
2026-09-11T05:10:20.342471905Z,6.806786,112.494098,Cloud to Ground,21671,0,7
2026-09-11T05:10:24.273321304Z,11.230709,125.117666,Cloud to Ground,-21355,0,11
2026-09-11T05:10:25.182459426Z,5.503136,110.655443,Cloud to Cloud,-13083,5892,10
2026-09-11T05:10:26.719900416Z,10.170868,119.323695,Cloud to Cloud,16446,4773,8
2026-09-11T05:10:26.716607821Z,10.260407,119.267586,Cloud to Ground,-15636,0,8
2026-09-11T05:10:26.718830000Z,10.2676,119.209,Cloud to Ground,9886,0,8
2026-09-11T05:10:27.438958505Z,5.604178,111.011836,Cloud to Ground,-12809,0,5
2026-09-11T05:10:27.436435466Z,5.509616,111.150904,Cloud to Ground,-50604,0,9
2026-09-11T05:10:27.459703070Z,5.429495,111.11304,Cloud to Ground,-14420,0,7
2026-09-11T05:10:27.834122731Z,5.502422,111.190513,Cloud to Ground,13147,0,6
2026-09-11T05:10:28.107359720Z,5.519985,111.196908,Cloud to Ground,14367,0,6
2026-09-11T05:10:27.623922931Z,5.547448,111.208471,Cloud to Ground,46626,0,12
2026-09-11T05:10:27.434203152Z,5.51389,111.157548,Cloud to Ground,58315,0,14
2026-09-11T05:10:31.317967000Z,7.1202,126.0929,Cloud to Ground,33414,0,7
2026-09-11T05:10:31.849816840Z,5.52624,110.672184,Cloud to Ground,-11718,0,14
2026-09-11T05:10:32.360632118Z,5.47497,110.697031,Cloud to Ground,11826,0,9
2026-09-11T05:10:37.397642609Z,7.989481,116.329839,Cloud to Ground,25638,0,19
2026-09-11T05:10:37.400302420Z,8.161059,116.428255,Cloud to Cloud,-27951,17590,12
2026-09-11T05:10:39.975318525Z,9.162792,125.855653,Cloud to Ground,-34900,0,26
2026-09-11T05:10:40.108247000Z,9.1328,125.9651,Cloud to Ground,-31663,0,5
2026-09-11T05:10:40.040298000Z,9.1761,125.9143,Cloud to Ground,-14839,0,8
2026-09-11T05:10:43.089578476Z,1.386746,118.428797,Cloud to Ground,-13675,0,13
2026-09-11T05:10:44.315003383Z,5.499694,110.653147,Cloud to Ground,-16629,0,17
2026-09-11T05:10:44.526428705Z,5.506806,110.65912,Cloud to Ground,-14188,0,16
2026-09-11T05:10:49.523944336Z,5.4831,110.666372,Cloud to Ground,-21822,0,20
2026-09-11T05:10:49.680087167Z,5.474024,110.651508,Cloud to Cloud,-11091,7283,7
2026-09-11T05:10:49.856494053Z,5.519199,110.684731,Cloud to Ground,24996,0,11
2026-09-11T05:10:49.799378000Z,5.4439,110.6979,Cloud to Ground,42014,0,6
2026-09-11T05:10:49.451864396Z,5.509677,110.673096,Cloud to Ground,56184,0,10
2026-09-11T05:10:50.636914980Z,7.199729,113.491405,Cloud to Cloud,-11988,19565,9
2026-09-11T05:10:50.626903928Z,7.177993,113.494606,Cloud to Cloud,13293,6481,13
2026-09-11T05:10:50.627575689Z,7.181132,113.49824,Cloud to Ground,46983,0,12
2026-09-11T05:10:52.766511000Z,8.5833,124.9647,Cloud to Ground,-22414,0,5
2026-09-11T05:10:52.822720000Z,8.6079,124.9672,Cloud to Ground,-16356,0,5
2026-09-11T05:10:53.278005417Z,8.581505,124.893387,Cloud to Ground,-13887,0,16
2026-09-11T05:10:52.988447158Z,8.574643,125.030542,Cloud to Ground,20979,0,13
2026-09-11T05:10:52.241532956Z,20.257249,115.568558,Cloud to Cloud,-13008,18120,10
2026-09-11T05:10:52.168560000Z,20.2963,115.5411,Cloud to Ground,89412,0,10
2026-09-11T05:10:54.704856242Z,8.329824,123.249909,Cloud to Cloud,14846,6787,8
2026-09-11T05:10:55.191515202Z,5.456538,110.679994,Cloud to Ground,-19724,0,8
2026-09-11T05:10:57.061555000Z,7.7084,125.1972,Cloud to Ground,-12847,0,5
2026-09-11T05:11:00.069249016Z,7.001182,115.839285,Cloud to Ground,11227,0,9
2026-09-11T05:11:00.105264921Z,7.056619,115.852033,Cloud to Cloud,15231,3086,8
2026-09-11T05:11:00.437355837Z,10.744204,119.566046,Cloud to Cloud,15369,4278,8
2026-09-11T05:11:01.150662761Z,4.181995,117.365061,Cloud to Ground,-15433,0,15
2026-09-11T05:11:01.499950701Z,4.253019,117.355315,Cloud to Ground,-9446,0,7
2026-09-11T05:11:09.053842551Z,5.450641,110.712848,Cloud to Ground,29205,0,15
2026-09-11T05:11:10.790869500Z,2.799582,111.590471,Cloud to Ground,-32715,0,11
2026-09-11T05:11:12.149517514Z,19.863542,118.184345,Cloud to Ground,-87257,0,14
2026-09-11T05:11:12.168984904Z,19.83531,118.156384,Cloud to Ground,-25209,0,8
2026-09-11T05:11:12.142729307Z,19.946669,118.202527,Cloud to Cloud,-6750,18614,7
2026-09-11T05:11:12.143156392Z,19.94904,118.20314,Cloud to Cloud,-4588,6579,6
2026-09-11T05:11:12.166357000Z,19.8442,118.1814,Cloud to Ground,19266,0,6
2026-09-11T05:11:13.657192463Z,3.765523,117.310142,Cloud to Ground,-18643,0,11
2026-09-11T05:11:13.650237773Z,3.785516,117.297548,Cloud to Ground,24842,0,16
2026-09-11T05:11:15.775978336Z,5.502563,111.306387,Cloud to Ground,-30138,0,16
2026-09-11T05:11:16.346864331Z,5.576068,111.340536,Cloud to Ground,29491,0,8
2026-09-11T05:11:15.343217520Z,1.347876,113.50882,Cloud to Ground,-12895,0,9
2026-09-11T05:11:15.505962890Z,1.368364,113.516395,Cloud to Ground,28039,0,20
2026-09-11T05:11:15.386653392Z,1.35657,113.511844,Cloud to Ground,29703,0,16
2026-09-11T05:11:15.354004177Z,1.364752,113.520232,Cloud to Ground,123016,0,27
2026-09-11T05:11:16.959850177Z,5.443008,110.706834,Cloud to Ground,12062,0,8
2026-09-11T05:11:17.441668863Z,10.799072,119.508222,Cloud to Cloud,5998,18463,7
2026-09-11T05:11:19.867085565Z,5.411998,110.670722,Cloud to Ground,-21761,0,7
2026-09-11T05:11:23.968314854Z,8.622346,125.009948,Cloud to Ground,-11906,0,11
2026-09-11T05:11:23.840551845Z,8.517714,124.917673,Cloud to Ground,-16698,0,8
2026-09-11T05:11:27.719612712Z,5.469347,110.728625,Cloud to Ground,-13563,0,8
2026-09-11T05:11:29.886020739Z,5.449242,110.701547,Cloud to Ground,22838,0,17
2026-09-11T05:11:29.163528394Z,7.658025,126.161215,Cloud to Ground,34649,0,17
2026-09-11T05:11:30.914322729Z,9.063381,117.882903,Cloud to Ground,-53636,0,10
2026-09-11T05:11:30.749703608Z,8.99282,117.856094,Cloud to Cloud,14753,13211,7
2026-09-11T05:11:31.002806315Z,9.118729,117.756656,Cloud to Cloud,-9345,5792,6
2026-09-11T05:11:31.171421846Z,10.28712,119.24309,Cloud to Cloud,-9880,6401,7
2026-09-11T05:11:32.787811832Z,5.48072,110.611252,Cloud to Ground,20806,0,16
2026-09-11T05:11:33.021273000Z,10.8054,119.4758,Cloud to Ground,-36150,0,9
2026-09-11T05:11:33.180807000Z,10.7654,119.4226,Cloud to Ground,-14839,0,5
2026-09-11T05:11:33.353745000Z,10.8022,119.4942,Cloud to Ground,15203,0,5
2026-09-11T05:11:35.921187341Z,7.029734,115.85736,Cloud to Cloud,15227,17693,9
2026-09-11T05:11:37.157403197Z,12.261628,124.555906,Cloud to Cloud,13891,10099,7
2026-09-11T05:11:37.234510000Z,12.357,124.5613,Cloud to Ground,-51061,0,7
2026-09-11T05:11:38.535673854Z,5.44988,110.691683,Cloud to Ground,35541,0,22
2026-09-11T05:11:39.550280188Z,7.291434,126.34607,Cloud to Ground,-28278,0,24
2026-09-11T05:11:39.633762652Z,7.350483,126.331932,Cloud to Ground,-23561,0,15
2026-09-11T05:11:45.270884350Z,5.318502,110.619779,Cloud to Ground,22041,0,7
2026-09-11T05:11:45.290171601Z,5.497951,110.59308,Cloud to Cloud,-10830,19463,7
2026-09-11T05:11:48.437899207Z,6.92639,112.556485,Cloud to Ground,-60973,0,16
2026-09-11T05:11:48.797984845Z,6.91808,112.515239,Cloud to Ground,-37818,0,18
2026-09-11T05:11:51.802529681Z,9.149785,125.819528,Cloud to Cloud,-11437,6585,8
2026-09-11T05:11:51.678104846Z,9.161427,125.624069,Cloud to Cloud,11580,12088,10
2026-09-11T05:11:51.584172767Z,9.165521,125.579911,Cloud to Cloud,11667,3351,10
2026-09-11T05:11:51.289624515Z,9.134418,125.684717,Cloud to Cloud,12004,9855,14
2026-09-11T05:11:52.294367214Z,5.440062,110.70769,Cloud to Ground,15434,0,6
2026-09-11T05:11:52.312953213Z,5.497763,110.634237,Cloud to Ground,13158,0,6
2026-09-11T05:11:55.121029309Z,1.338107,113.516177,Cloud to Ground,-15088,0,11
2026-09-11T05:11:56.771961599Z,5.418483,110.656068,Cloud to Ground,-23844,0,7
2026-09-11T05:11:56.739818131Z,5.524957,110.703328,Cloud to Ground,22755,0,9
2026-09-11T05:11:58.683129155Z,5.380864,110.664362,Cloud to Ground,-24795,0,8
2026-09-11T05:11:58.695908941Z,5.44674,110.688745,Cloud to Ground,-12939,0,6
2026-09-11T05:11:58.764240764Z,2.394805,128.365133,Cloud to Cloud,-7300,3797,11
2026-09-11T05:11:59.223562656Z,7.737378,125.216023,Cloud to Ground,-8344,0,11
2026-09-11T05:12:02.662146655Z,8.533255,125.020522,Cloud to Ground,-39750,0,26
2026-09-11T05:12:02.784152092Z,8.606996,124.993188,Cloud to Ground,-32644,0,20
2026-09-11T05:12:04.951222876Z,10.193584,113.038677,Cloud to Cloud,29033,6941,9
2026-09-11T05:12:05.572419703Z,7.024453,118.335211,Cloud to Ground,34896,0,20
2026-09-11T05:12:08.897544673Z,5.527043,110.668915,Cloud to Cloud,-19379,5672,17
2026-09-11T05:12:08.901541629Z,5.505895,110.696929,Cloud to Ground,9286,0,7
2026-09-11T05:12:09.358075677Z,5.467716,110.697757,Cloud to Ground,16719,0,7
2026-09-11T05:12:08.953120684Z,5.499959,110.712796,Cloud to Ground,31424,0,7
2026-09-11T05:12:09.083690567Z,5.51507,110.699748,Cloud to Ground,65109,0,11
2026-09-11T05:12:11.334831232Z,3.462893,110.309211,Cloud to Ground,24267,0,11
2026-09-11T05:12:15.841866890Z,9.048221,125.707621,Cloud to Cloud,7284,14947,7
2026-09-11T05:12:17.594489040Z,5.410996,110.686758,Cloud to Ground,-37004,0,14
2026-09-11T05:12:21.514745380Z,5.458662,111.515914,Cloud to Ground,-49615,0,10
2026-09-11T05:12:21.514106510Z,5.510339,111.452992,Cloud to Ground,-18551,0,16
2026-09-11T05:12:21.704834248Z,5.528781,111.559952,Cloud to Ground,27757,0,13
2026-09-11T05:12:22.518657402Z,12.207354,118.702725,Cloud to Ground,-103909,0,9
2026-09-11T05:12:22.651299916Z,12.189484,118.730226,Cloud to Ground,-19616,0,7
2026-09-11T05:12:23.497217721Z,3.772447,117.308985,Cloud to Ground,-9413,0,10
2026-09-11T05:12:25.307480855Z,4.014766,110.308779,Cloud to Ground,24886,0,7
2026-09-11T05:12:27.406930819Z,5.430435,110.709592,Cloud to Ground,28281,0,12
2026-09-11T05:12:27.487074189Z,9.138361,125.626201,Cloud to Cloud,11471,4090,15
2026-09-11T05:12:28.351074390Z,4.276955,117.353982,Cloud to Ground,-27103,0,18
2026-09-11T05:12:32.966052374Z,5.466053,110.684269,Cloud to Ground,-24379,0,8
2026-09-11T05:12:32.984476884Z,5.410774,110.540868,Cloud to Ground,11185,0,9
2026-09-11T05:12:33.020867889Z,5.464406,110.573308,Cloud to Ground,19340,0,10
2026-09-11T05:12:33.090288000Z,10.5989,123.2778,Cloud to Ground,-42854,0,5
2026-09-11T05:12:33.194376000Z,10.6596,123.353,Cloud to Ground,-27710,0,7
2026-09-11T05:12:34.679198065Z,4.130114,112.300159,Cloud to Ground,14999,0,6
2026-09-11T05:12:34.409557312Z,4.143632,112.310508,Cloud to Ground,43360,0,16
2026-09-11T05:12:36.968543487Z,5.517356,111.152743,Cloud to Ground,66866,0,13
2026-09-11T05:12:36.033153584Z,3.439199,110.348925,Cloud to Cloud,-24259,16865,7
2026-09-11T05:12:37.861429861Z,1.370886,113.454452,Cloud to Ground,65327,0,20
2026-09-11T05:12:43.547033951Z,15.188395,116.284915,Cloud to Ground,-34293,0,6
2026-09-11T05:12:43.542427482Z,15.176005,116.304668,Cloud to Cloud,21340,3039,8
2026-09-11T05:12:43.486130733Z,19.045007,114.905678,Cloud to Ground,-36052,0,8
2026-09-11T05:12:43.488937000Z,18.9382,114.8658,Cloud to Ground,93968,0,13
2026-09-11T05:12:47.679086752Z,7.240926,113.519511,Cloud to Ground,-18101,0,15
2026-09-11T05:12:47.930917726Z,7.225876,113.566572,Cloud to Cloud,-12318,11377,7
2026-09-11T05:12:47.758940898Z,7.19753,113.543029,Cloud to Cloud,6409,7525,6
2026-09-11T05:12:47.929016947Z,7.252201,113.573213,Cloud to Cloud,14837,3523,8
2026-09-11T05:12:47.677172925Z,7.217213,113.423525,Cloud to Ground,17872,0,8
2026-09-11T05:12:48.974887445Z,5.468004,110.577614,Cloud to Ground,-12490,0,8
2026-09-11T05:12:50.001501041Z,5.470267,110.696653,Cloud to Ground,-14314,0,9
2026-09-11T05:12:52.538919000Z,9.207,125.8376,Cloud to Ground,9792,0,11
2026-09-11T05:12:55.064938163Z,5.4683,110.580009,Cloud to Ground,10096,0,6
2026-09-11T05:12:57.464926806Z,7.735584,125.192466,Cloud to Ground,-18884,0,12
2026-09-11T05:12:57.398887000Z,7.6155,125.1315,Cloud to Ground,-26499,0,7
2026-09-11T05:12:57.599172925Z,2.886415,111.582651,Cloud to Ground,-18480,0,10
2026-09-11T05:12:58.312124085Z,5.44204,110.717849,Cloud to Ground,-31230,0,19
2026-09-11T05:12:58.320317440Z,10.833248,119.481488,Cloud to Ground,-43325,0,11
2026-09-11T05:12:58.548923290Z,10.835769,119.492995,Cloud to Ground,-36109,0,11
2026-09-11T05:12:58.382908000Z,10.8678,119.49,Cloud to Ground,-22752,0,11
2026-09-11T05:12:58.584698801Z,10.833795,119.494897,Cloud to Ground,-20012,0,6
2026-09-11T05:12:59.902150151Z,5.465996,110.711422,Cloud to Ground,33434,0,15
2026-09-11T05:13:02.533854452Z,5.446824,110.670307,Cloud to Ground,-13462,0,6
2026-09-11T05:13:02.590405838Z,5.458995,110.589336,Cloud to Ground,10546,0,13
2026-09-11T05:13:02.497094047Z,5.396537,110.573436,Cloud to Ground,27117,0,8
2026-09-11T05:13:04.215160145Z,10.476828,119.314028,Cloud to Ground,-22452,0,8
2026-09-11T05:13:05.267360024Z,5.458982,110.725084,Cloud to Ground,21072,0,8
2026-09-11T05:13:07.136722739Z,5.465783,111.280892,Cloud to Ground,-14189,0,18
2026-09-11T05:13:07.164570481Z,5.434436,111.33391,Cloud to Ground,-11602,0,7
2026-09-11T05:13:07.108553042Z,5.465071,111.244273,Cloud to Ground,18075,0,12
2026-09-11T05:13:09.561164680Z,11.197983,125.240269,Cloud to Cloud,7644,17809,11
2026-09-11T05:13:09.404231238Z,11.201332,125.245993,Cloud to Cloud,10605,19066,14
2026-09-11T05:13:10.353464244Z,5.490686,110.712267,Cloud to Cloud,11663,3043,7
2026-09-11T05:13:12.560060369Z,6.985359,112.546032,Cloud to Ground,-29232,0,15
2026-09-11T05:13:12.140394816Z,6.909101,112.616558,Cloud to Ground,25647,0,7
2026-09-11T05:13:12.322111182Z,6.964306,112.605293,Cloud to Ground,51926,0,7
2026-09-11T05:13:14.994427349Z,10.395793,119.174432,Cloud to Cloud,11616,5326,6
2026-09-11T05:13:18.801680569Z,5.388117,110.590549,Cloud to Ground,11678,0,7
2026-09-11T05:13:18.787454898Z,6.959903,118.379044,Cloud to Cloud,18360,12496,7
2026-09-11T05:13:18.787906971Z,7.034045,118.342107,Cloud to Ground,25799,0,13
2026-09-11T05:13:19.038596253Z,11.156676,125.318554,Cloud to Cloud,11818,12943,10
2026-09-11T05:13:19.076787642Z,11.196233,125.19136,Cloud to Ground,14993,0,8
2026-09-11T05:13:22.597176775Z,5.459599,110.666145,Cloud to Ground,-10983,0,10
2026-09-11T05:13:22.550259230Z,5.472172,110.698426,Cloud to Ground,25494,0,14
2026-09-11T05:13:25.581275096Z,21.775158,123.143969,Cloud to Cloud,-9150,6241,11
2026-09-11T05:13:25.562286165Z,21.825941,123.172666,Cloud to Cloud,-4058,8125,6
2026-09-11T05:13:25.546254090Z,21.71946,123.195117,Cloud to Cloud,5432,9245,6
2026-09-11T05:13:25.081274153Z,21.697103,123.210206,Cloud to Ground,10145,0,10
2026-09-11T05:13:25.582833561Z,21.699805,123.203974,Cloud to Cloud,11573,5974,6
2026-09-11T05:13:25.714977015Z,21.706516,123.20456,Cloud to Ground,13289,0,8
2026-09-11T05:13:25.811711800Z,21.685516,123.210664,Cloud to Ground,17042,0,10
2026-09-11T05:13:26.383366325Z,3.807962,117.289813,Cloud to Ground,-22826,0,23
2026-09-11T05:13:26.302933435Z,3.767228,117.322261,Cloud to Ground,-16451,0,14
2026-09-11T05:13:26.382676057Z,3.809641,117.391392,Cloud to Ground,46704,0,13
2026-09-11T05:13:26.063012454Z,5.444006,110.698509,Cloud to Ground,36545,0,8
2026-09-11T05:13:28.434209368Z,4.32708,114.683879,Cloud to Cloud,-8865,3321,13
2026-09-11T05:13:35.123862275Z,4.366532,117.47238,Cloud to Ground,-9740,0,10
2026-09-11T05:13:36.688333772Z,9.066379,125.686857,Cloud to Cloud,5751,3026,7
2026-09-11T05:13:38.284785406Z,10.850147,119.486909,Cloud to Ground,-53431,0,12
2026-09-11T05:13:38.347043008Z,10.85272,119.488179,Cloud to Ground,-30340,0,11
2026-09-11T05:13:38.473534281Z,10.843887,119.48416,Cloud to Ground,-24813,0,10
2026-09-11T05:13:38.299698943Z,10.88284,119.474798,Cloud to Cloud,-13411,3356,7
2026-09-11T05:13:39.610380357Z,5.485727,110.599016,Cloud to Ground,17001,0,7
2026-09-11T05:13:39.650493813Z,5.490896,110.684256,Cloud to Ground,22822,0,10
2026-09-11T05:13:42.152595251Z,5.467486,110.704891,Cloud to Ground,10634,0,8
2026-09-11T05:13:45.403070563Z,8.970383,113.644622,Cloud to Ground,-57595,0,23
2026-09-11T05:13:45.399802806Z,8.942152,113.679544,Cloud to Ground,-54718,0,15
2026-09-11T05:13:45.400937983Z,8.935406,113.67368,Cloud to Ground,-39598,0,15
2026-09-11T05:13:45.398972179Z,8.986947,113.642815,Cloud to Ground,-26010,0,13
2026-09-11T05:13:45.402620109Z,8.920502,113.674539,Cloud to Cloud,-24600,4762,8
2026-09-11T05:13:45.097577006Z,11.121177,124.690687,Cloud to Ground,-28170,0,12
2026-09-11T05:13:49.921667421Z,5.453211,110.583633,Cloud to Ground,-21788,0,13
2026-09-11T05:13:52.223444206Z,9.078155,117.799614,Cloud to Ground,-79720,0,13
2026-09-11T05:13:52.247322430Z,9.155508,117.759476,Cloud to Ground,-43257,0,13
2026-09-11T05:13:52.266701100Z,9.158272,117.74995,Cloud to Cloud,-26707,5889,10
2026-09-11T05:13:52.272359492Z,9.094516,117.778035,Cloud to Ground,-23754,0,8
2026-09-11T05:13:52.409523021Z,9.131627,117.797256,Cloud to Cloud,13383,10964,9
2026-09-11T05:13:52.271666548Z,9.172529,117.760005,Cloud to Cloud,15765,17655,9
2026-09-11T05:13:52.336059848Z,9.132124,117.818137,Cloud to Cloud,25597,3021,11
2026-09-11T05:13:52.003526307Z,9.126525,125.769727,Cloud to Cloud,9263,3847,7
2026-09-11T05:13:54.129357141Z,5.513314,110.72302,Cloud to Ground,15468,0,7
2026-09-11T05:13:54.066758783Z,5.523557,110.731061,Cloud to Ground,16405,0,7
2026-09-11T05:13:53.989823182Z,5.523435,110.72774,Cloud to Ground,19323,0,8
2026-09-11T05:13:54.794986729Z,5.443959,111.333641,Cloud to Ground,16784,0,16
2026-09-11T05:13:57.307063389Z,10.244653,119.301201,Cloud to Cloud,12507,12015,9
2026-09-11T05:14:00.189827208Z,8.508899,125.035646,Cloud to Ground,-24916,0,18
2026-09-11T05:14:00.299451613Z,8.545793,125.018128,Cloud to Ground,-13519,0,11
2026-09-11T05:14:00.909804238Z,12.211826,118.710576,Cloud to Ground,-49187,0,10
2026-09-11T05:14:00.909158366Z,12.15879,118.74106,Cloud to Cloud,32884,19593,7
2026-09-11T05:14:01.267834932Z,7.055346,115.845373,Cloud to Cloud,-28838,4566,12
2026-09-11T05:14:04.136797032Z,7.647967,125.177681,Cloud to Ground,14146,0,12
2026-09-11T05:14:09.681893455Z,5.438951,110.717533,Cloud to Ground,27606,0,19
2026-09-11T05:14:11.597767111Z,3.986404,110.351497,Cloud to Ground,43921,0,9
2026-09-11T05:14:12.132222061Z,5.45635,110.612736,Cloud to Cloud,9076,16136,6
2026-09-11T05:14:12.106184081Z,5.483019,110.704095,Cloud to Ground,11734,0,7
2026-09-11T05:14:12.344061013Z,7.208059,113.512931,Cloud to Cloud,-13868,4952,9
2026-09-11T05:14:12.342963417Z,7.118865,113.419726,Cloud to Ground,11263,0,7
2026-09-11T05:14:12.344733746Z,7.188999,113.459114,Cloud to Cloud,21374,4850,14
2026-09-11T05:14:13.143578459Z,1.397686,113.532211,Cloud to Ground,75621,0,24
2026-09-11T05:14:14.430642121Z,5.458325,110.697394,Cloud to Ground,8926,0,6
2026-09-11T05:14:14.473281987Z,4.310851,117.493913,Cloud to Cloud,-15252,19897,15
2026-09-11T05:14:18.921935806Z,3.776553,117.389741,Cloud to Ground,90231,0,21
2026-09-11T05:14:19.188381258Z,5.466947,110.705419,Cloud to Ground,21337,0,10
2026-09-11T05:14:23.671056416Z,3.464824,110.361188,Cloud to Ground,-12727,0,9
2026-09-11T05:14:24.272257647Z,4.32838,114.686631,Cloud to Ground,-8683,0,12
2026-09-11T05:14:27.266613015Z,10.720628,119.551466,Cloud to Cloud,23031,3848,10
2026-09-11T05:14:28.734765660Z,5.414185,110.683198,Cloud to Ground,-16877,0,5
2026-09-11T05:14:28.688935963Z,5.466222,110.69085,Cloud to Ground,53540,0,29
2026-09-11T05:14:29.893992088Z,6.921641,112.607648,Cloud to Ground,-14551,0,6
2026-09-11T05:14:30.016405708Z,6.829233,112.529015,Cloud to Ground,10982,0,6
2026-09-11T05:14:31.979141690Z,6.946413,118.386609,Cloud to Cloud,49784,17139,9
2026-09-11T05:14:31.979800233Z,7.119399,118.336995,Cloud to Cloud,-31249,19101,21
2026-09-11T05:14:33.193958690Z,5.431348,110.661124,Cloud to Ground,-17840,0,7
2026-09-11T05:14:35.467311652Z,7.74801,125.21688,Cloud to Ground,-42464,0,20
2026-09-11T05:14:35.518135824Z,7.72506,125.213965,Cloud to Ground,-25882,0,18
2026-09-11T05:14:36.439030612Z,21.708092,123.237766,Cloud to Ground,25192,0,15
2026-09-11T05:14:38.125398199Z,5.515913,110.670533,Cloud to Ground,-15437,0,12
2026-09-11T05:14:42.252904070Z,4.317824,117.452522,Cloud to Ground,-26274,0,22
2026-09-11T05:14:41.881705892Z,4.294962,117.488473,Cloud to Ground,31902,0,17
2026-09-11T05:14:42.927918273Z,10.186881,113.05427,Cloud to Ground,-18549,0,6
2026-09-11T05:14:42.926515947Z,10.168518,112.972739,Cloud to Ground,17994,0,15
2026-09-11T05:14:42.928950158Z,10.204368,113.067436,Cloud to Cloud,23958,12943,6
2026-09-11T05:14:45.822364000Z,9.2027,125.7644,Cloud to Ground,1814,0,5
2026-09-11T05:14:47.997588669Z,8.536089,125.04597,Cloud to Ground,11048,0,12
2026-09-11T05:14:47.617694180Z,19.579518,114.19914,Cloud to Ground,-17732,0,7
2026-09-11T05:14:47.573763268Z,19.584316,114.207743,Cloud to Ground,63245,0,7
2026-09-11T05:14:47.245621185Z,19.490823,114.295956,Cloud to Ground,-58341,0,13
2026-09-11T05:14:47.228891047Z,19.481951,114.281408,Cloud to Cloud,-34680,18083,12
2026-09-11T05:14:47.323932199Z,19.534256,114.290227,Cloud to Cloud,-19037,4218,6
2026-09-11T05:14:47.356448349Z,19.50437,114.29196,Cloud to Ground,-13812,0,8
2026-09-11T05:14:50.791528853Z,4.263563,117.446798,Cloud to Cloud,18857,6444,7
2026-09-11T05:14:51.453307001Z,3.990872,110.318061,Cloud to Ground,-21896,0,7
2026-09-11T05:14:54.314072682Z,11.205943,125.212233,Cloud to Cloud,5029,3261,8
2026-09-11T05:14:54.647296000Z,5.6644,111.0474,Cloud to Ground,31903,0,6
2026-09-11T05:14:56.131030155Z,5.467436,111.325308,Cloud to Ground,-23844,0,8
2026-09-11T05:14:56.167061653Z,5.47874,111.327079,Cloud to Ground,24919,0,7
2026-09-11T05:14:57.252299614Z,5.419832,110.650629,Cloud to Cloud,-18371,13520,7
2026-09-11T05:14:59.783687056Z,12.23113,124.614908,Cloud to Cloud,-10526,6537,7
2026-09-11T05:14:59.690764000Z,12.3624,124.6137,Cloud to Ground,-33736,0,5
2026-09-11T05:15:01.421625478Z,21.707939,123.260493,Cloud to Cloud,7416,11149,6
2026-09-11T05:15:01.232707014Z,21.686494,123.27285,Cloud to Ground,9361,0,9
2026-09-11T05:15:02.676685881Z,5.514764,110.647191,Cloud to Ground,-28819,0,22
2026-09-11T05:15:02.351001959Z,5.53535,110.697642,Cloud to Cloud,-11053,5992,7
2026-09-11T05:15:03.061579252Z,4.334376,114.691875,Cloud to Cloud,-24340,4931,27
2026-09-11T05:15:06.770187431Z,5.475278,110.688097,Cloud to Ground,-12840,0,7
2026-09-11T05:15:10.620996105Z,21.688456,123.259734,Cloud to Cloud,5039,10912,6
2026-09-11T05:15:16.972732999Z,12.254355,118.693183,Cloud to Ground,65259,0,10
2026-09-11T05:15:17.067117171Z,4.291942,117.489309,Cloud to Ground,-18022,0,14
2026-09-11T05:15:18.775279122Z,1.374695,118.466462,Cloud to Ground,17282,0,7
2026-09-11T05:15:18.556505566Z,7.623869,125.101005,Cloud to Cloud,-13672,18660,10
2026-09-11T05:15:18.324908263Z,7.608533,125.12711,Cloud to Cloud,7440,8223,7
2026-09-11T05:15:18.499759435Z,7.617383,125.242143,Cloud to Cloud,16429,3017,12
2026-09-11T05:15:18.546972578Z,7.643563,125.239127,Cloud to Ground,34905,0,25
2026-09-11T05:15:20.731976917Z,10.773295,119.51037,Cloud to Cloud,-10882,13302,10
2026-09-11T05:15:20.747666832Z,10.750423,119.605344,Cloud to Cloud,5431,6000,7
2026-09-11T05:15:21.226067249Z,12.211397,125.203798,Cloud to Ground,-33160,0,10
2026-09-11T05:15:21.278090559Z,12.167507,125.253417,Cloud to Ground,9740,0,9
2026-09-11T05:15:21.276626588Z,12.178587,125.233313,Cloud to Ground,16692,0,8
2026-09-11T05:15:24.077776275Z,7.035732,115.852576,Cloud to Cloud,-24366,3564,10
2026-09-11T05:15:24.074092950Z,6.950792,115.828161,Cloud to Cloud,-17067,3237,9
2026-09-11T05:15:26.201994679Z,21.688526,123.225569,Cloud to Ground,27261,0,8
2026-09-11T05:15:27.934716704Z,21.69509,123.260984,Cloud to Ground,16077,0,8
2026-09-11T05:15:28.393084668Z,21.695884,123.221219,Cloud to Ground,22367,0,8
2026-09-11T05:15:31.752444272Z,10.840407,119.408145,Cloud to Ground,-30568,0,7
2026-09-11T05:15:35.311671137Z,7.249237,126.356754,Cloud to Ground,21444,0,13
2026-09-11T05:15:36.217432874Z,5.473801,110.679051,Cloud to Ground,-10505,0,8
2026-09-11T05:15:36.054100508Z,5.496279,110.590366,Cloud to Ground,10511,0,10
2026-09-11T05:15:36.738670401Z,5.127316,115.545227,Cloud to Cloud,-27645,3063,32
2026-09-11T05:15:38.927462365Z,5.408266,110.574612,Cloud to Ground,18514,0,8
2026-09-11T05:15:38.980138507Z,5.446404,110.679231,Cloud to Ground,-11885,0,7
2026-09-11T05:15:40.581297039Z,8.5604,124.882476,Cloud to Cloud,-11478,6327,12
2026-09-11T05:15:41.185592247Z,9.126421,125.623118,Cloud to Cloud,6639,8622,7
2026-09-11T05:15:41.676999876Z,10.650488,123.318096,Cloud to Ground,-13580,0,16
2026-09-11T05:15:41.706757000Z,10.5528,123.3678,Cloud to Ground,-14985,0,5
2026-09-11T05:15:42.929947834Z,2.887962,117.329071,Cloud to Cloud,-11463,4726,15
2026-09-11T05:15:43.570547335Z,9.180532,117.759982,Cloud to Ground,-23422,0,9
2026-09-11T05:15:43.411275436Z,9.114913,117.785951,Cloud to Ground,-20228,0,8
2026-09-11T05:15:44.407511484Z,7.017177,118.361448,Cloud to Ground,-20430,0,13
2026-09-11T05:15:44.286212893Z,7.038238,118.342444,Cloud to Ground,25001,0,10
2026-09-11T05:15:46.818995302Z,5.436201,111.171592,Cloud to Cloud,-19987,5404,13
2026-09-11T05:15:46.772432261Z,5.474707,111.23941,Cloud to Ground,16859,0,6
2026-09-11T05:15:46.825325076Z,5.39796,111.311667,Cloud to Cloud,9182,16888,5
2026-09-11T05:15:50.650572969Z,5.441895,110.661064,Cloud to Ground,-9306,0,5
2026-09-11T05:15:51.777774976Z,21.700065,123.255356,Cloud to Ground,15441,0,11
2026-09-11T05:15:53.739537739Z,5.525051,111.064138,Cloud to Ground,18119,0,8
2026-09-11T05:15:55.548140802Z,5.490332,110.650697,Cloud to Ground,-18109,0,15
2026-09-11T05:15:55.394745524Z,10.563513,119.365925,Cloud to Cloud,6917,5764,8
2026-09-11T05:15:57.835485380Z,9.135933,125.62127,Cloud to Cloud,-10897,7823,7
2026-09-11T05:15:58.876434958Z,5.527019,110.741754,Cloud to Ground,9133,0,7
2026-09-11T05:15:58.345971315Z,12.246556,124.519757,Cloud to Cloud,10611,3529,11
2026-09-11T05:16:00.908177415Z,21.686005,123.243327,Cloud to Ground,43258,0,11
2026-09-11T05:16:01.043615102Z,4.12572,110.482624,Cloud to Ground,48941,0,14
2026-09-11T05:16:01.780244872Z,21.692816,123.238786,Cloud to Cloud,4659,14866,7
2026-09-11T05:16:03.661047332Z,2.871075,117.323716,Cloud to Ground,-23294,0,15
2026-09-11T05:16:05.197982645Z,3.477233,110.358423,Cloud to Ground,-12864,0,8
2026-09-11T05:16:05.332431963Z,3.509295,110.362846,Cloud to Ground,40198,0,10
2026-09-11T05:16:05.223495747Z,3.50372,110.371168,Cloud to Ground,41452,0,12
2026-09-11T05:16:05.130269382Z,10.329606,119.248734,Cloud to Cloud,19164,15247,9
2026-09-11T05:16:07.017107664Z,21.693233,123.241104,Cloud to Ground,20790,0,10
2026-09-11T05:16:08.364314687Z,6.819525,112.611955,Cloud to Ground,-10352,0,7
2026-09-11T05:16:08.179734900Z,6.858887,112.600441,Cloud to Ground,26344,0,12
2026-09-11T05:16:09.670566160Z,7.181559,113.505382,Cloud to Ground,-12780,0,6
2026-09-11T05:16:09.669197660Z,7.209168,113.428163,Cloud to Cloud,18338,9297,12
2026-09-11T05:16:09.667325824Z,7.205362,113.513462,Cloud to Ground,44901,0,14
2026-09-11T05:16:09.840876052Z,5.352457,110.689629,Cloud to Ground,16577,0,5
2026-09-11T05:16:10.867061247Z,11.209859,125.231412,Cloud to Cloud,9169,14860,11
2026-09-11T05:16:11.537005383Z,5.451536,110.711699,Cloud to Ground,15798,0,11
2026-09-11T05:16:11.149318648Z,21.698545,123.238665,Cloud to Cloud,9185,5787,5
2026-09-11T05:16:17.808790341Z,21.710291,123.237618,Cloud to Cloud,1700,17963,5
2026-09-11T05:16:17.149700377Z,21.699501,123.252506,Cloud to Ground,25933,0,14
2026-09-11T05:16:20.746137379Z,4.330958,114.677825,Cloud to Cloud,29726,6232,8
2026-09-11T05:16:20.309547924Z,10.79971,119.72635,Cloud to Ground,-19755,0,14
2026-09-11T05:16:20.266369923Z,10.801035,119.493244,Cloud to Ground,-54206,0,15
2026-09-11T05:16:20.512251210Z,10.811201,119.489361,Cloud to Ground,-36936,0,12
2026-09-11T05:16:20.585909485Z,10.815552,119.484444,Cloud to Ground,-23301,0,10
2026-09-11T05:16:20.268836398Z,10.723774,119.562277,Cloud to Cloud,-20381,5576,12
2026-09-11T05:16:20.373288000Z,10.851,119.5321,Cloud to Ground,-14738,0,5
2026-09-11T05:16:20.453183757Z,10.785624,119.518316,Cloud to Ground,82026,0,12
2026-09-11T05:16:22.149422000Z,7.6796,125.1708,Cloud to Ground,-5890,0,5
2026-09-11T05:16:23.599558000Z,9.1123,125.8491,Cloud to Ground,20913,0,7
2026-09-11T05:16:24.100612729Z,5.471394,110.700731,Cloud to Ground,-10837,0,6
2026-09-11T05:16:24.245001533Z,5.464975,110.699265,Cloud to Ground,25741,0,7
2026-09-11T05:16:26.009859665Z,21.688813,123.239542,Cloud to Cloud,7054,11679,6
2026-09-11T05:16:25.553858807Z,21.681624,123.251736,Cloud to Ground,10272,0,10
2026-09-11T05:16:27.071335794Z,1.404971,113.54754,Cloud to Ground,27233,0,16
2026-09-11T05:16:28.526160529Z,21.703826,123.221445,Cloud to Ground,34098,0,10
2026-09-11T05:16:29.561768921Z,21.71208,123.213693,Cloud to Cloud,12161,15537,8
2026-09-11T05:16:31.714022753Z,7.103479,115.835613,Cloud to Cloud,-44169,12556,19
2026-09-11T05:16:31.715809773Z,7.105179,115.844453,Cloud to Cloud,-24540,3554,16
2026-09-11T05:16:31.714974807Z,7.077779,115.852036,Cloud to Ground,22533,0,10
2026-09-11T05:16:31.657928992Z,5.501309,110.620099,Cloud to Ground,-17351,0,13
2026-09-11T05:16:33.835164478Z,12.232789,118.709453,Cloud to Ground,-124542,0,9
2026-09-11T05:16:36.524890421Z,10.45396,119.343916,Cloud to Cloud,28296,6581,10
2026-09-11T05:16:38.557696160Z,4.291091,117.475714,Cloud to Ground,18733,0,15
2026-09-11T05:16:39.123011743Z,17.733156,120.944898,Cloud to Cloud,-12801,3253,10
2026-09-11T05:16:38.993897409Z,17.745674,120.976529,Cloud to Cloud,-7169,3154,8
2026-09-11T05:16:40.377387017Z,3.865205,117.346771,Cloud to Ground,46065,0,30
2026-09-11T05:16:40.195386008Z,3.772122,117.318465,Cloud to Ground,35530,0,20
2026-09-11T05:16:42.125341464Z,9.152633,125.618083,Cloud to Ground,-12551,0,7
2026-09-11T05:16:44.482266195Z,4.742768,115.378563,Cloud to Cloud,-23692,11437,11
2026-09-11T05:16:45.371189305Z,4.213333,117.31262,Cloud to Cloud,12302,3256,9
2026-09-11T05:16:45.327863486Z,4.233803,117.350577,Cloud to Ground,17956,0,15
2026-09-11T05:16:45.010441489Z,21.70181,123.248285,Cloud to Ground,33859,0,15
2026-09-11T05:16:46.746193225Z,5.415639,111.163183,Cloud to Ground,-11162,0,9
2026-09-11T05:16:46.744176443Z,5.397068,111.24637,Cloud to Ground,30824,0,8
2026-09-11T05:16:46.893291061Z,10.512685,123.351177,Cloud to Cloud,13096,3312,6
2026-09-11T05:16:47.881146678Z,5.421472,110.70751,Cloud to Ground,15079,0,9
2026-09-11T05:16:51.622213435Z,5.472262,110.634581,Cloud to Ground,-16812,0,15
2026-09-11T05:16:51.535326729Z,5.432071,110.689102,Cloud to Ground,15847,0,11
2026-09-11T05:16:51.652766605Z,5.39032,110.581772,Cloud to Ground,16085,0,8
2026-09-11T05:16:51.356645810Z,10.382799,119.331816,Cloud to Cloud,20992,17197,10
2026-09-11T05:16:53.835545037Z,5.539687,111.213192,Cloud to Ground,13764,0,10
2026-09-11T05:17:04.470962291Z,4.157184,112.285258,Cloud to Ground,-15538,0,7
2026-09-11T05:17:04.740890935Z,4.134264,112.213199,Cloud to Ground,48075,0,8
2026-09-11T05:17:04.458696628Z,21.68771,123.259169,Cloud to Ground,19432,0,12
2026-09-11T05:17:06.930551842Z,21.697387,123.246444,Cloud to Ground,22008,0,11
2026-09-11T05:17:07.814211156Z,21.692633,123.233048,Cloud to Ground,9509,0,9
2026-09-11T05:17:08.289743562Z,4.133148,110.541861,Cloud to Ground,-26206,0,8
2026-09-11T05:17:08.282085288Z,4.141924,110.514705,Cloud to Ground,-25725,0,22
2026-09-11T05:17:08.267587651Z,4.112067,110.540098,Cloud to Ground,-21028,0,10
2026-09-11T05:17:08.267127072Z,4.103234,110.528628,Cloud to Ground,-14964,0,6
2026-09-11T05:17:08.325024272Z,4.112792,110.534294,Cloud to Ground,-11875,0,8
2026-09-11T05:17:08.762403902Z,20.107495,118.196744,Cloud to Cloud,6178,16583,7
2026-09-11T05:17:08.940240319Z,19.79319,117.960404,Cloud to Cloud,13781,18741,7
2026-09-11T05:17:08.830746529Z,19.869666,118.150421,Cloud to Cloud,-17831,3053,12
2026-09-11T05:17:08.931291450Z,19.859972,118.105256,Cloud to Cloud,-9304,15791,10
2026-09-11T05:17:08.934159178Z,19.894459,118.05326,Cloud to Ground,-8244,0,10
2026-09-11T05:17:09.274903073Z,19.907355,118.063261,Cloud to Cloud,-5534,18825,6
2026-09-11T05:17:08.635990585Z,19.865887,118.145688,Cloud to Cloud,7987,10471,7
2026-09-11T05:17:09.510782892Z,5.414984,110.654573,Cloud to Ground,-14216,0,10
2026-09-11T05:17:10.194808843Z,4.209315,117.354101,Cloud to Ground,-13632,0,7
2026-09-11T05:17:15.617681704Z,2.868159,111.626244,Cloud to Ground,26312,0,12
2026-09-11T05:17:15.605876674Z,11.168374,128.431777,Cloud to Ground,-75329,0,18
2026-09-11T05:17:15.596349860Z,11.181513,128.455748,Cloud to Ground,-29283,0,17
2026-09-11T05:17:19.158775757Z,21.705365,123.211227,Cloud to Cloud,5743,4059,9
2026-09-11T05:17:18.933674980Z,21.708673,123.224123,Cloud to Ground,21904,0,11
2026-09-11T05:17:19.203981456Z,2.341087,128.407061,Cloud to Ground,16658,0,11
2026-09-11T05:17:19.892239907Z,5.45953,110.716107,Cloud to Ground,29981,0,15
2026-09-11T05:17:20.524666113Z,2.867106,117.325345,Cloud to Cloud,-20508,16957,20
2026-09-11T05:17:20.873195047Z,2.794239,117.340031,Cloud to Cloud,-9622,18780,7
2026-09-11T05:17:22.276645598Z,3.981051,110.28654,Cloud to Ground,-25766,0,7
2026-09-11T05:17:22.185248642Z,4.013817,110.342264,Cloud to Ground,14667,0,10
2026-09-11T05:17:22.572256330Z,4.007271,110.342544,Cloud to Ground,18501,0,6
2026-09-11T05:17:22.326046055Z,4.012523,110.340284,Cloud to Ground,18559,0,6
2026-09-11T05:17:22.539950068Z,3.987089,110.334841,Cloud to Ground,23972,0,6
2026-09-11T05:17:22.743380966Z,4.00731,110.344247,Cloud to Ground,31515,0,7
2026-09-11T05:17:22.656003788Z,3.970245,110.326732,Cloud to Ground,31659,0,7
2026-09-11T05:17:22.483359615Z,3.990425,110.337831,Cloud to Ground,34468,0,18
2026-09-11T05:17:22.276120148Z,3.9905,110.337363,Cloud to Ground,36716,0,21
2026-09-11T05:17:22.137232435Z,4.018127,110.345061,Cloud to Ground,39962,0,11
2026-09-11T05:17:23.228851667Z,4.307767,117.466024,Cloud to Ground,-14014,0,11
2026-09-11T05:17:26.901874448Z,5.397906,110.666965,Cloud to Ground,-10921,0,7
2026-09-11T05:17:27.221517567Z,11.225882,125.322368,Cloud to Ground,-15867,0,11
2026-09-11T05:17:31.987320696Z,9.259052,125.741848,Cloud to Ground,14568,0,9
2026-09-11T05:17:31.662611761Z,9.152192,125.713247,Cloud to Cloud,8493,7433,7
2026-09-11T05:17:30.768745691Z,5.427422,111.325508,Cloud to Ground,-22261,0,7
2026-09-11T05:17:30.773131843Z,5.509687,111.328364,Cloud to Ground,-15268,0,13
2026-09-11T05:17:31.074335668Z,5.491455,111.357337,Cloud to Ground,34707,0,9
2026-09-11T05:17:32.853057654Z,3.84492,117.259467,Cloud to Ground,-20618,0,23
2026-09-11T05:17:32.966718884Z,3.832964,117.271697,Cloud to Ground,20395,0,10
2026-09-11T05:17:33.775000361Z,5.507032,111.124379,Cloud to Ground,24369,0,6
2026-09-11T05:17:33.561567691Z,5.551339,111.130224,Cloud to Ground,50910,0,23
2026-09-11T05:17:33.598336741Z,5.536189,111.129465,Cloud to Ground,53008,0,16
2026-09-11T05:17:36.385738447Z,11.057553,124.738854,Cloud to Ground,37560,0,10
2026-09-11T05:17:37.823623338Z,21.723064,123.227281,Cloud to Ground,13797,0,7
2026-09-11T05:17:37.434411587Z,21.708554,123.217171,Cloud to Cloud,18561,17505,7
2026-09-11T05:17:37.031268909Z,21.696204,123.221698,Cloud to Ground,21725,0,11
2026-09-11T05:17:38.192982695Z,21.772967,123.14042,Cloud to Ground,12848,0,12
2026-09-11T05:17:38.117169631Z,21.771613,123.141973,Cloud to Ground,13206,0,13
2026-09-11T05:17:40.575418000Z,9.1541,117.7554,Cloud to Ground,20583,0,8
2026-09-11T05:17:40.340761433Z,9.096509,117.796786,Cloud to Ground,30209,0,8
2026-09-11T05:17:40.919601296Z,5.483847,110.707054,Cloud to Ground,14328,0,7
2026-09-11T05:17:41.508503861Z,7.69813,125.223392,Cloud to Ground,-43905,0,23
2026-09-11T05:17:41.910705972Z,7.612551,125.236726,Cloud to Ground,-18542,0,20
2026-09-11T05:17:41.823571125Z,7.702353,125.22586,Cloud to Ground,-18358,0,28
2026-09-11T05:17:44.085997869Z,7.211635,113.50695,Cloud to Cloud,-14599,4075,9
2026-09-11T05:17:45.477406321Z,7.353229,113.325742,Cloud to Ground,13461,0,9
2026-09-11T05:17:45.269719586Z,7.279394,113.23472,Cloud to Ground,18538,0,8
2026-09-11T05:17:45.557444696Z,4.257143,117.285369,Cloud to Cloud,-33578,3076,15
2026-09-11T05:17:45.556107498Z,4.276911,117.293336,Cloud to Ground,-18367,0,13
2026-09-11T05:17:47.306637799Z,1.329078,118.379032,Cloud to Cloud,12430,14446,10
2026-09-11T05:17:47.593047865Z,5.489728,110.698581,Cloud to Ground,11919,0,8
2026-09-11T05:17:47.359990325Z,12.193275,125.260668,Cloud to Ground,-18875,0,10
2026-09-11T05:17:47.362868745Z,12.152004,125.194428,Cloud to Cloud,-13969,3298,11
2026-09-11T05:17:47.163553005Z,12.210546,125.237762,Cloud to Ground,20311,0,11
2026-09-11T05:17:50.548566955Z,12.216655,118.726272,Cloud to Ground,-93710,0,13
2026-09-11T05:17:50.701974674Z,12.235387,118.711057,Cloud to Ground,-49081,0,11
2026-09-11T05:17:50.584474289Z,12.234932,118.712935,Cloud to Ground,-42766,0,10
2026-09-11T05:17:50.542481497Z,12.259869,118.703574,Cloud to Cloud,-42009,7433,11
2026-09-11T05:17:50.612320219Z,12.231105,118.710052,Cloud to Ground,-24810,0,8
2026-09-11T05:17:50.660235550Z,12.26187,118.691845,Cloud to Ground,-19369,0,7
2026-09-11T05:17:50.734061491Z,12.23214,118.705503,Cloud to Ground,-13942,0,6
2026-09-11T05:17:50.677019000Z,12.1913,118.6421,Cloud to Ground,-12159,0,7
2026-09-11T05:17:50.569745563Z,11.229985,125.173878,Cloud to Cloud,-14505,10579,9
2026-09-11T05:17:50.709635658Z,11.18495,125.334746,Cloud to Cloud,-17823,17203,7
2026-09-11T05:17:52.126130756Z,7.188334,115.790917,Cloud to Ground,-12085,0,11
2026-09-11T05:17:52.019013791Z,7.04832,115.863122,Cloud to Ground,-38319,0,9
2026-09-11T05:17:53.711821570Z,10.739908,119.544978,Cloud to Cloud,8673,13356,8
2026-09-11T05:17:55.156010196Z,4.543317,115.419773,Cloud to Ground,-13096,0,7
2026-09-11T05:17:56.697903924Z,1.347791,113.502885,Cloud to Ground,28953,0,10
2026-09-11T05:17:59.566484310Z,2.873804,117.33595,Cloud to Cloud,-17329,8675,18
2026-09-11T05:17:59.676920395Z,2.831846,117.34148,Cloud to Ground,17754,0,22
2026-09-11T05:17:59.602710570Z,2.83585,117.349501,Cloud to Ground,21115,0,12
2026-09-11T05:18:00.690426361Z,4.218021,117.34953,Cloud to Ground,14997,0,11
2026-09-11T05:18:00.685567167Z,4.224669,117.379707,Cloud to Ground,35945,0,7
2026-09-11T05:18:00.643334521Z,10.569255,119.361468,Cloud to Cloud,18463,19625,10
2026-09-11T05:18:01.550312616Z,5.463802,110.70366,Cloud to Ground,34156,0,7
2026-09-11T05:18:04.726874137Z,7.221004,134.088955,Cloud to Ground,-43953,0,36
2026-09-11T05:18:04.721028500Z,7.20678,134.210058,Cloud to Ground,-13681,0,17
2026-09-11T05:18:04.810893000Z,7.2285,134.1654,Cloud to Ground,-12191,0,6
2026-09-11T05:18:04.754321308Z,7.203995,134.200306,Cloud to Ground,-9965,0,13
2026-09-11T05:18:04.923839473Z,7.196852,134.222702,Cloud to Ground,8422,0,6
2026-09-11T05:18:04.885517266Z,7.198827,134.227281,Cloud to Ground,19656,0,20
2026-09-11T05:18:04.861510943Z,7.194602,134.215167,Cloud to Ground,22317,0,19
2026-09-11T05:18:05.784104534Z,5.127315,115.538313,Cloud to Ground,-29362,0,14
2026-09-11T05:18:07.875670228Z,4.134253,110.521858,Cloud to Ground,-15126,0,6
2026-09-11T05:18:08.615913373Z,5.414224,110.5977,Cloud to Ground,22717,0,10
2026-09-11T05:18:09.197330746Z,11.208749,125.327883,Cloud to Cloud,-17142,14476,8
2026-09-11T05:18:09.478393017Z,21.71173,123.225614,Cloud to Cloud,-6113,7275,8
2026-09-11T05:18:09.435895425Z,21.732882,123.220782,Cloud to Cloud,-3381,15874,5
2026-09-11T05:18:09.907739980Z,21.729422,123.206087,Cloud to Cloud,4993,15562,7
2026-09-11T05:18:09.943761000Z,21.802364,123.154783,Cloud to Cloud,7443,4864,8
2026-09-11T05:18:09.981754595Z,21.797597,123.118511,Cloud to Cloud,8563,9122,8
2026-09-11T05:18:09.791594552Z,21.763676,123.101047,Cloud to Cloud,9891,18653,10
2026-09-11T05:18:09.907287635Z,21.761598,123.106433,Cloud to Cloud,13430,10388,11
2026-09-11T05:18:09.335555438Z,21.701921,123.221654,Cloud to Ground,43503,0,11
2026-09-11T05:18:10.000636978Z,4.125572,112.299375,Cloud to Ground,-72585,0,7
2026-09-11T05:18:09.977730464Z,4.201651,112.306215,Cloud to Ground,-18274,0,9
2026-09-11T05:18:10.118824276Z,4.144549,112.254844,Cloud to Ground,19554,0,14
2026-09-11T05:18:10.936303829Z,4.391187,116.626348,Cloud to Ground,-35869,0,20
2026-09-11T05:18:14.390652022Z,5.44546,110.684325,Cloud to Ground,9951,0,7
2026-09-11T05:18:14.426944135Z,5.448217,110.691235,Cloud to Cloud,20345,4035,12
2026-09-11T05:18:15.351157171Z,4.506975,117.4534,Cloud to Ground,31345,0,12
2026-09-11T05:18:16.606615192Z,4.198073,117.453545,Cloud to Ground,30483,0,18
2026-09-11T05:18:18.847370158Z,5.46304,110.673577,Cloud to Ground,-11115,0,7
2026-09-11T05:18:18.732109172Z,21.680839,123.24304,Cloud to Cloud,15945,6886,13
2026-09-11T05:18:19.915968878Z,3.782728,117.296324,Cloud to Ground,-20244,0,17
2026-09-11T05:18:19.913367753Z,3.7619,117.310294,Cloud to Ground,99315,0,34
2026-09-11T05:18:22.294162212Z,5.354944,110.572943,Cloud to Ground,-25030,0,7
2026-09-11T05:18:22.213612469Z,5.403433,110.69603,Cloud to Ground,-7849,0,7
2026-09-11T05:18:23.853826161Z,8.327576,123.215974,Cloud to Cloud,14132,3621,10
2026-09-11T05:18:29.503192152Z,21.703526,123.227218,Cloud to Ground,14672,0,10
2026-09-11T05:18:28.975893060Z,19.608348,118.054346,Cloud to Cloud,8065,18573,8
2026-09-11T05:18:29.024694034Z,19.534291,118.053708,Cloud to Cloud,13137,3110,14
2026-09-11T05:18:30.613466892Z,5.383666,110.578912,Cloud to Ground,14511,0,8
2026-09-11T05:18:31.884998366Z,1.356654,113.476534,Cloud to Ground,84385,0,30
2026-09-11T05:18:32.084778262Z,7.192205,134.810595,Cloud to Ground,-17617,0,22
2026-09-11T05:18:32.106223934Z,7.18492,134.802932,Cloud to Ground,18092,0,23
2026-09-11T05:18:32.101719336Z,7.199789,134.813111,Cloud to Ground,31387,0,22
2026-09-11T05:18:32.099933525Z,7.176059,134.700617,Cloud to Ground,13214,0,12
2026-09-11T05:18:38.992407917Z,5.543795,110.702192,Cloud to Ground,-39517,0,15
2026-09-11T05:18:38.808684772Z,5.475374,110.612145,Cloud to Ground,21709,0,13
2026-09-11T05:18:38.826065054Z,5.468598,110.603878,Cloud to Ground,34447,0,17
2026-09-11T05:18:38.263017392Z,21.703332,123.21507,Cloud to Ground,12815,0,8
2026-09-11T05:18:38.094723115Z,10.721194,119.563339,Cloud to Cloud,31320,16005,7
2026-09-11T05:18:38.371368152Z,10.841372,119.580235,Cloud to Ground,-37104,0,11
2026-09-11T05:18:38.425513958Z,10.839122,119.542153,Cloud to Cloud,10484,6726,8
2026-09-11T05:18:39.012435918Z,5.452547,111.325078,Cloud to Ground,-75906,0,10
2026-09-11T05:18:39.073916015Z,5.448482,111.339588,Cloud to Ground,-15005,0,13
2026-09-11T05:18:39.070272807Z,5.472613,111.338535,Cloud to Ground,31334,0,15
2026-09-11T05:18:40.766985883Z,7.706661,125.18491,Cloud to Ground,-61832,0,21
2026-09-11T05:18:41.491329812Z,21.710452,123.213449,Cloud to Cloud,9368,10589,6
2026-09-11T05:18:42.937528288Z,4.394049,117.427868,Cloud to Ground,-18707,0,20
2026-09-11T05:18:44.354489100Z,19.329589,115.779553,Cloud to Ground,20276,0,6
2026-09-11T05:18:46.662439053Z,21.696242,123.208094,Cloud to Ground,24380,0,14
2026-09-11T05:18:47.627588764Z,5.444068,110.705155,Cloud to Ground,9880,0,7
2026-09-11T05:18:47.592418735Z,3.489866,110.258155,Cloud to Ground,27660,0,8
2026-09-11T05:18:50.311468659Z,3.986412,110.325402,Cloud to Ground,11726,0,8
2026-09-11T05:18:50.511876573Z,4.005858,110.33173,Cloud to Ground,13892,0,7
2026-09-11T05:18:50.453829222Z,3.997364,110.325623,Cloud to Ground,13911,0,6
2026-09-11T05:18:50.819870527Z,3.986656,110.322025,Cloud to Ground,15127,0,6
2026-09-11T05:18:50.137846532Z,3.984317,110.326269,Cloud to Ground,28879,0,10
2026-09-11T05:18:51.545479424Z,9.306905,125.722979,Cloud to Cloud,-15912,5067,13
2026-09-11T05:18:55.219008645Z,2.86536,117.299327,Cloud to Ground,-25603,0,23
2026-09-11T05:18:57.042126190Z,11.295913,125.198472,Cloud to Ground,-26665,0,23
2026-09-11T05:18:56.651209935Z,11.313569,125.222039,Cloud to Ground,-19920,0,29
2026-09-11T05:18:57.096128719Z,11.28102,125.184127,Cloud to Ground,-13600,0,11
2026-09-11T05:18:57.341729448Z,11.163272,125.3248,Cloud to Cloud,10090,8730,7
2026-09-11T05:18:58.890206064Z,21.679733,123.229711,Cloud to Cloud,15734,16896,14
2026-09-11T05:18:59.843801604Z,11.18782,125.291077,Cloud to Cloud,17667,12576,8
2026-09-11T05:19:05.409224896Z,21.709031,123.229469,Cloud to Cloud,-8484,13358,12
2026-09-11T05:19:05.540977488Z,21.676258,123.198743,Cloud to Cloud,6361,18496,7
2026-09-11T05:19:05.577745464Z,21.673574,123.21524,Cloud to Cloud,7495,13255,7
2026-09-11T05:19:05.489360362Z,21.696257,123.19827,Cloud to Cloud,7990,12234,7
2026-09-11T05:19:04.942221235Z,21.698691,123.208784,Cloud to Ground,50364,0,14
2026-09-11T05:19:05.517416274Z,21.744101,123.107914,Cloud to Cloud,3682,9034,8
2026-09-11T05:19:05.486275058Z,21.780441,123.08806,Cloud to Cloud,5146,5052,8
2026-09-11T05:19:05.567450105Z,21.768922,123.13094,Cloud to Cloud,6909,14696,8
2026-09-11T05:19:05.573615726Z,21.764031,123.000925,Cloud to Ground,7016,0,9
2026-09-11T05:19:05.476488282Z,21.816206,123.06732,Cloud to Cloud,12413,6253,8
2026-09-11T05:19:07.456939595Z,2.801583,117.439538,Cloud to Ground,64142,0,16
2026-09-11T05:19:07.566549681Z,2.898852,117.327685,Cloud to Cloud,-11569,19879,9
2026-09-11T05:19:10.075654444Z,7.223788,113.545852,Cloud to Cloud,-8018,15619,7
2026-09-11T05:19:10.051536801Z,7.225123,113.522315,Cloud to Cloud,9300,9143,7
2026-09-11T05:19:10.050009662Z,7.207789,113.524829,Cloud to Ground,46923,0,12
2026-09-11T05:19:11.765287548Z,7.212283,113.219753,Cloud to Cloud,-31055,5873,9
2026-09-11T05:19:11.764058623Z,7.241526,113.147957,Cloud to Ground,22022,0,11
2026-09-11T05:19:13.451883712Z,10.088236,119.260328,Cloud to Cloud,18253,3051,11
2026-09-11T05:19:13.302700930Z,10.278583,119.275513,Cloud to Ground,25496,0,12
2026-09-11T05:19:16.476054730Z,7.111428,118.304931,Cloud to Ground,-12138,0,13
2026-09-11T05:19:18.328135166Z,9.116277,125.762087,Cloud to Cloud,8306,5282,9
2026-09-11T05:19:20.405079111Z,12.254294,124.540271,Cloud to Cloud,14209,4538,10
2026-09-11T05:19:21.317493771Z,21.695257,123.221217,Cloud to Ground,11864,0,13
2026-09-11T05:19:23.934968677Z,5.55575,111.181718,Cloud to Ground,-17225,0,23
2026-09-11T05:19:22.809799925Z,2.826428,117.341945,Cloud to Ground,18293,0,18
2026-09-11T05:19:22.876123630Z,2.818896,117.347378,Cloud to Ground,21908,0,19
2026-09-11T05:19:23.014958990Z,2.827684,117.352117,Cloud to Ground,33775,0,19
2026-09-11T05:19:24.535951837Z,2.101326,111.628596,Cloud to Ground,17398,0,10
2026-09-11T05:19:24.813285102Z,2.046428,111.630788,Cloud to Ground,33507,0,18
2026-09-11T05:19:24.564872010Z,2.121396,111.611565,Cloud to Ground,61791,0,18
2026-09-11T05:19:23.898553000Z,9.1245,125.7243,Cloud to Ground,-83029,0,6
2026-09-11T05:19:24.058755000Z,9.1247,125.6448,Cloud to Ground,-27972,0,9
2026-09-11T05:19:24.130533091Z,9.137183,125.604393,Cloud to Ground,-17051,0,12
2026-09-11T05:19:30.073428378Z,7.194356,134.828852,Cloud to Ground,13794,0,16
2026-09-11T05:19:29.994292133Z,7.189727,134.833657,Cloud to Ground,22462,0,21
2026-09-11T05:19:29.904745822Z,7.191507,134.840703,Cloud to Ground,50766,0,22
2026-09-11T05:19:33.553553562Z,5.462012,111.333576,Cloud to Ground,-40076,0,12
2026-09-11T05:19:33.570560721Z,5.528154,111.34891,Cloud to Ground,-23783,0,13
2026-09-11T05:19:33.544778929Z,5.451464,111.333171,Cloud to Ground,18722,0,21
2026-09-11T05:19:33.542545774Z,5.449997,111.255639,Cloud to Ground,21229,0,6
2026-09-11T05:19:35.557079819Z,11.175511,125.258423,Cloud to Cloud,8734,14645,12
2026-09-11T05:19:37.288441966Z,21.683531,123.237402,Cloud to Ground,32799,0,13
2026-09-11T05:19:39.287988707Z,11.191787,125.288105,Cloud to Cloud,7041,16889,10
2026-09-11T05:19:41.577221936Z,7.044889,115.85904,Cloud to Ground,-65661,0,13
2026-09-11T05:19:41.575359395Z,7.061908,115.844167,Cloud to Cloud,-36654,5378,14
2026-09-11T05:19:41.580637237Z,7.102554,115.831359,Cloud to Cloud,-23167,3103,16
2026-09-11T05:19:43.146339047Z,5.122126,115.534682,Cloud to Cloud,-22153,3127,18
2026-09-11T05:19:43.147668844Z,5.089149,115.536682,Cloud to Ground,29919,0,10
2026-09-11T05:19:43.891907883Z,12.252029,118.71758,Cloud to Cloud,-46604,10502,16
2026-09-11T05:19:43.893403130Z,12.232344,118.738891,Cloud to Cloud,-24242,7070,10
2026-09-11T05:19:43.892492727Z,12.163205,118.792491,Cloud to Ground,95804,0,8
2026-09-11T05:19:45.036451356Z,9.097397,117.814295,Cloud to Cloud,-18446,4126,10
2026-09-11T05:19:45.240280833Z,9.060604,117.805089,Cloud to Cloud,-18192,3190,7
2026-09-11T05:19:45.641312769Z,2.795963,117.341244,Cloud to Ground,-16320,0,13
2026-09-11T05:19:46.528520205Z,21.713332,123.204027,Cloud to Cloud,11990,6612,8
2026-09-11T05:19:46.114773441Z,21.704608,123.217342,Cloud to Ground,17666,0,13
2026-09-11T05:19:47.885230173Z,4.804083,115.376856,Cloud to Cloud,-13180,16474,9
2026-09-11T05:19:47.888075865Z,4.729339,115.3591,Cloud to Ground,15488,0,9
2026-09-11T05:19:46.858293019Z,4.241609,110.281059,Cloud to Ground,-36050,0,20
2026-09-11T05:19:46.857041510Z,4.21582,110.310301,Cloud to Ground,-12821,0,8
2026-09-11T05:19:47.045539147Z,4.244278,110.27569,Cloud to Ground,36191,0,10
2026-09-11T05:19:48.109461929Z,9.118227,125.720445,Cloud to Cloud,12594,19642,7
2026-09-11T05:19:48.200704575Z,11.178903,125.316534,Cloud to Cloud,8874,15393,7
2026-09-11T05:19:49.779863259Z,3.830773,117.284947,Cloud to Ground,-28748,0,19
2026-09-11T05:19:49.777587138Z,3.890902,117.27842,Cloud to Cloud,17768,15873,8
2026-09-11T05:19:49.547066000Z,11.3952,125.141,Cloud to Ground,-31516,0,5
2026-09-11T05:19:52.166760963Z,4.391106,117.449414,Cloud to Ground,-17551,0,10
2026-09-11T05:19:52.168155722Z,4.325746,117.453193,Cloud to Ground,15103,0,8
2026-09-11T05:19:52.819387110Z,3.995507,110.32534,Cloud to Ground,43013,0,14
2026-09-11T05:19:54.018738183Z,7.654166,125.218276,Cloud to Ground,19347,0,12
2026-09-11T05:19:55.908400510Z,10.441753,119.291849,Cloud to Cloud,-11731,17799,8
2026-09-11T05:20:08.972838000Z,4.2256,117.3926,Cloud to Ground,-37880,0,5
2026-09-11T05:20:08.651640992Z,4.290568,117.352091,Cloud to Ground,-15724,0,20
2026-09-11T05:20:09.332981900Z,21.690311,123.218906,Cloud to Ground,29701,0,16
2026-09-11T05:20:14.984741228Z,9.143659,125.718362,Cloud to Cloud,13435,7960,8
2026-09-11T05:20:16.089479474Z,2.804037,117.331647,Cloud to Ground,15430,0,10
2026-09-11T05:20:16.169784532Z,11.243228,125.208057,Cloud to Ground,-14063,0,15
2026-09-11T05:20:16.197301172Z,11.194269,125.249613,Cloud to Cloud,-6405,17108,7
2026-09-11T05:20:16.323276177Z,11.181989,125.328522,Cloud to Cloud,9321,18258,6
2026-09-11T05:20:18.785080963Z,5.442764,111.333841,Cloud to Ground,27109,0,13
2026-09-11T05:20:18.782271119Z,5.383204,111.228954,Cloud to Ground,17387,0,7
2026-09-11T05:20:24.587542864Z,10.746677,119.523181,Cloud to Cloud,13592,8001,8
2026-09-11T05:20:26.315106102Z,2.132395,111.614398,Cloud to Ground,-14200,0,13
2026-09-11T05:20:32.059819654Z,2.888304,117.38201,Cloud to Ground,43687,0,29
2026-09-11T05:20:33.323292132Z,6.908999,112.404313,Cloud to Ground,-107065,0,26
2026-09-11T05:20:33.318835499Z,6.808452,112.445958,Cloud to Ground,-55930,0,22
2026-09-11T05:20:33.385705497Z,6.807528,112.432828,Cloud to Ground,17444,0,8
2026-09-11T05:20:33.412001522Z,6.843435,112.313645,Cloud to Ground,-26592,0,11
2026-09-11T05:20:35.092562740Z,5.485627,110.625409,Cloud to Ground,-23730,0,18
2026-09-11T05:20:35.224780535Z,4.283457,114.690113,Cloud to Cloud,8087,4920,8
2026-09-11T05:20:38.458459658Z,21.699177,123.20078,Cloud to Cloud,6824,5701,9
2026-09-11T05:20:38.029710664Z,21.701721,123.214356,Cloud to Ground,21614,0,11
2026-09-11T05:20:42.371584639Z,7.029398,115.869995,Cloud to Cloud,-23283,5055,11
2026-09-11T05:20:42.369971596Z,6.984165,115.907585,Cloud to Ground,35679,0,11
2026-09-11T05:20:42.175261103Z,6.985551,115.910544,Cloud to Ground,76971,0,19
2026-09-11T05:20:44.626820182Z,21.731721,123.21827,Cloud to Cloud,3783,16931,6
2026-09-11T05:20:44.913123467Z,21.729949,123.228709,Cloud to Ground,9641,0,8
2026-09-11T05:20:44.929930921Z,21.772939,123.13278,Cloud to Cloud,10328,14515,7
2026-09-11T05:20:44.615864219Z,21.717705,123.224,Cloud to Ground,18436,0,11
2026-09-11T05:20:45.077981058Z,5.049697,115.536643,Cloud to Ground,22018,0,11
2026-09-11T05:20:46.546067836Z,6.91812,112.64407,Cloud to Ground,-52900,0,10
2026-09-11T05:20:46.773534434Z,6.909002,112.664623,Cloud to Ground,-23256,0,8
2026-09-11T05:20:46.844736293Z,6.970747,112.660002,Cloud to Ground,15954,0,10
2026-09-11T05:20:46.672697291Z,6.805497,112.513308,Cloud to Ground,12730,0,7
2026-09-11T05:20:46.053909847Z,21.733959,123.213344,Cloud to Cloud,-7503,14386,16
2026-09-11T05:20:45.912291893Z,21.731667,123.227308,Cloud to Cloud,-6648,9847,7
2026-09-11T05:20:45.817570119Z,21.732945,123.214892,Cloud to Cloud,4367,11323,5
2026-09-11T05:20:45.955299657Z,21.757046,123.238919,Cloud to Cloud,7284,9578,6
2026-09-11T05:20:47.687929298Z,2.828865,117.334522,Cloud to Ground,-15286,0,7
2026-09-11T05:20:47.807393265Z,2.838377,117.355888,Cloud to Ground,49077,0,27
2026-09-11T05:20:48.921677000Z,9.241,125.8125,Cloud to Ground,13831,0,5
2026-09-11T05:20:51.402908467Z,7.190906,134.212779,Cloud to Ground,-10953,0,15
2026-09-11T05:20:51.416285554Z,7.170433,134.217512,Cloud to Ground,9223,0,8
2026-09-11T05:20:51.358358949Z,7.181348,134.2134,Cloud to Ground,122211,0,32
2026-09-11T05:20:53.007423106Z,5.558969,111.247763,Cloud to Ground,28359,0,11
2026-09-11T05:20:52.615588827Z,5.557356,111.253,Cloud to Ground,28815,0,7
2026-09-11T05:20:53.460559306Z,2.076814,111.674779,Cloud to Ground,51850,0,24
2026-09-11T05:20:54.863114627Z,5.44641,110.716433,Cloud to Ground,-11165,0,9
2026-09-11T05:20:55.537640267Z,10.809045,119.593098,Cloud to Cloud,-19556,3024,10
2026-09-11T05:20:55.163804363Z,10.751276,119.550637,Cloud to Cloud,5993,3782,9
2026-09-11T05:20:55.532569000Z,10.9425,119.5134,Cloud to Ground,23771,0,5
2026-09-11T05:20:56.691938577Z,11.160369,125.225211,Cloud to Cloud,14539,4206,11
2026-09-11T05:21:01.915582627Z,19.327865,115.647943,Cloud to Ground,-56268,0,14
2026-09-11T05:21:02.226888498Z,19.327153,115.63595,Cloud to Cloud,-23667,3091,10
2026-09-11T05:21:02.191127681Z,19.33045,115.623315,Cloud to Cloud,-22898,3011,14
2026-09-11T05:21:02.057241922Z,19.311984,115.613597,Cloud to Ground,-12953,0,9
2026-09-11T05:21:02.339985192Z,7.270413,113.22731,Cloud to Ground,10187,0,6
2026-09-11T05:21:02.490796817Z,7.373007,113.225924,Cloud to Ground,31647,0,10
2026-09-11T05:21:02.342827261Z,7.297232,113.234963,Cloud to Ground,40127,0,11
2026-09-11T05:21:02.807228803Z,9.211806,125.611737,Cloud to Cloud,-11040,15498,19
2026-09-11T05:21:05.653929176Z,4.364087,117.420834,Cloud to Ground,-18572,0,21
2026-09-11T05:21:05.651887749Z,4.385212,117.471169,Cloud to Ground,52631,0,24
2026-09-11T05:21:05.554125438Z,19.755046,117.590548,Cloud to Ground,-79993,0,7
2026-09-11T05:21:05.862287337Z,19.7796,117.582173,Cloud to Ground,-22444,0,10
2026-09-11T05:21:05.577503000Z,19.8593,117.5876,Cloud to Ground,-9958,0,5
2026-09-11T05:21:06.531454413Z,7.203449,134.824385,Cloud to Ground,-19154,0,12
2026-09-11T05:21:06.578209866Z,7.185099,134.82372,Cloud to Ground,24684,0,20
2026-09-11T05:21:06.610114045Z,7.182748,134.808937,Cloud to Ground,32821,0,23
2026-09-11T05:21:06.549528567Z,7.189412,134.832035,Cloud to Ground,35219,0,20
2026-09-11T05:21:07.595675296Z,11.153439,128.282598,Cloud to Ground,-205911,0,16
2026-09-11T05:21:09.992548541Z,5.560001,111.344424,Cloud to Ground,32109,0,10
2026-09-11T05:21:09.513550385Z,11.219659,125.35657,Cloud to Ground,19299,0,9
2026-09-11T05:21:09.512789131Z,11.225249,125.231067,Cloud to Ground,-28154,0,13
2026-09-11T05:21:09.574577803Z,11.231844,125.235444,Cloud to Ground,-14274,0,11
2026-09-11T05:21:09.387938646Z,11.228769,125.182689,Cloud to Ground,-12051,0,8
2026-09-11T05:21:14.309109460Z,21.682855,123.215727,Cloud to Ground,23854,0,13
2026-09-11T05:21:15.462510175Z,3.45132,110.589928,Cloud to Ground,-26424,0,6
2026-09-11T05:21:15.467465762Z,3.493186,110.556559,Cloud to Ground,-23686,0,17
2026-09-11T05:21:15.841463218Z,5.457108,110.617048,Cloud to Cloud,-21134,7356,17
2026-09-11T05:21:16.273459678Z,12.209409,125.241405,Cloud to Ground,-31495,0,10
2026-09-11T05:21:20.304067030Z,5.484899,110.718657,Cloud to Ground,-10253,0,8
2026-09-11T05:21:23.661301508Z,2.832,117.308578,Cloud to Ground,18571,0,7
2026-09-11T05:21:23.830204860Z,10.682998,119.520966,Cloud to Cloud,-9091,3118,8
2026-09-11T05:21:24.493163586Z,3.884836,110.292293,Cloud to Ground,-13232,0,6
2026-09-11T05:21:24.496620492Z,3.985206,110.311134,Cloud to Ground,12875,0,6
2026-09-11T05:21:26.290120728Z,2.106536,111.615035,Cloud to Ground,14088,0,7
2026-09-11T05:21:26.322675172Z,2.145826,111.632967,Cloud to Ground,37381,0,11
2026-09-11T05:21:26.378734771Z,2.063502,111.609519,Cloud to Ground,42150,0,11
2026-09-11T05:21:27.019103493Z,2.788936,117.307068,Cloud to Ground,-20031,0,13
2026-09-11T05:21:37.257996479Z,10.74789,119.545577,Cloud to Cloud,24329,10820,7
2026-09-11T05:21:37.168203000Z,20.1409,115.5669,Cloud to Ground,25948,0,9
2026-09-11T05:21:38.642953872Z,5.841788,116.087864,Cloud to Ground,-20101,0,18
2026-09-11T05:21:38.645366545Z,5.810754,116.105534,Cloud to Cloud,-15376,4339,7
2026-09-11T05:21:40.279242122Z,9.123756,125.774477,Cloud to Ground,11930,0,9
2026-09-11T05:21:40.550180914Z,3.562346,110.0125,Cloud to Ground,-39623,0,9
2026-09-11T05:21:43.931671665Z,9.12358,125.65112,Cloud to Cloud,8783,13788,6
2026-09-11T05:21:43.933134104Z,9.116256,125.741293,Cloud to Cloud,9907,6805,7
2026-09-11T05:21:45.538508431Z,4.305486,117.359613,Cloud to Ground,-28747,0,30
2026-09-11T05:21:45.564553717Z,4.286099,117.349107,Cloud to Ground,-18658,0,14
2026-09-11T05:21:49.701563052Z,11.186838,125.362395,Cloud to Cloud,12528,15599,8
2026-09-11T05:21:49.852705346Z,11.182263,125.316723,Cloud to Cloud,18494,17790,8
2026-09-11T05:21:52.122497434Z,5.396728,110.529111,Cloud to Ground,9993,0,9
2026-09-11T05:21:52.084223086Z,5.491401,110.671723,Cloud to Cloud,-29306,17033,11
2026-09-11T05:21:52.178335098Z,5.435559,110.662209,Cloud to Ground,-11175,0,8
2026-09-11T05:21:52.100592564Z,5.451646,110.673056,Cloud to Ground,9686,0,8
2026-09-11T05:21:52.136291406Z,5.433718,110.665066,Cloud to Ground,10332,0,8
2026-09-11T05:21:59.843227260Z,11.149696,125.327706,Cloud to Cloud,-25829,14482,8
2026-09-11T05:22:00.883835578Z,3.87434,117.279334,Cloud to Ground,-12277,0,12
2026-09-11T05:22:03.426527357Z,18.936725,114.749044,Cloud to Ground,-80058,0,14
2026-09-11T05:22:03.504774036Z,18.94034,114.778428,Cloud to Ground,-34175,0,15
2026-09-11T05:22:03.524932216Z,18.945593,114.769045,Cloud to Ground,18634,0,13
2026-09-11T05:22:04.914701245Z,2.481003,113.675654,Cloud to Ground,-11884,0,10
2026-09-11T05:22:04.990126247Z,2.462965,113.669434,Cloud to Ground,-11774,0,8
2026-09-11T05:22:05.089226000Z,2.3796,113.637,Cloud to Ground,32434,0,7
2026-09-11T05:22:04.868225692Z,3.763544,116.397689,Cloud to Ground,-61182,0,16
2026-09-11T05:22:05.132095490Z,12.093535,125.243663,Cloud to Cloud,9724,14194,7
2026-09-11T05:22:05.302291782Z,12.207301,125.206455,Cloud to Cloud,-16209,5035,7
2026-09-11T05:22:05.501520629Z,12.202531,125.168703,Cloud to Ground,-12483,0,12
2026-09-11T05:22:05.427792976Z,12.188667,125.220312,Cloud to Ground,-10839,0,12
2026-09-11T05:22:06.317578901Z,2.836423,117.329403,Cloud to Ground,31989,0,28
2026-09-11T05:22:06.520223362Z,2.861265,117.319481,Cloud to Ground,46577,0,33
2026-09-11T05:22:06.097793237Z,1.441796,113.515757,Cloud to Ground,-23894,0,12
2026-09-11T05:22:06.550446728Z,4.277103,114.686933,Cloud to Cloud,16792,3033,6
2026-09-11T05:22:07.107191617Z,5.486852,111.140157,Cloud to Ground,-11890,0,7
2026-09-11T05:22:08.398224167Z,4.745127,114.535347,Cloud to Cloud,-23102,3363,9
2026-09-11T05:22:11.612713496Z,7.700793,126.132569,Cloud to Ground,28278,0,16
2026-09-11T05:22:14.668569762Z,5.44806,111.323009,Cloud to Ground,-17477,0,8
2026-09-11T05:22:14.664091725Z,5.520276,111.343465,Cloud to Ground,36845,0,10
2026-09-11T05:22:16.142500740Z,11.078596,125.360486,Cloud to Cloud,-21534,18718,8
2026-09-11T05:22:16.162653086Z,11.243349,125.311041,Cloud to Ground,-58398,0,8
2026-09-11T05:22:16.254101271Z,11.246338,125.199999,Cloud to Ground,-42372,0,14
2026-09-11T05:22:16.494553137Z,11.198504,125.238765,Cloud to Ground,-29309,0,10
2026-09-11T05:22:16.417175513Z,11.178673,125.28266,Cloud to Cloud,15695,7312,8
2026-09-11T05:22:19.762708206Z,8.530935,125.040049,Cloud to Ground,-13049,0,15
2026-09-11T05:22:21.691637127Z,11.192713,125.280291,Cloud to Cloud,-11565,16110,12
2026-09-11T05:22:22.463626269Z,3.472737,110.577811,Cloud to Ground,24071,0,21
2026-09-11T05:22:22.799383476Z,10.861332,119.591462,Cloud to Ground,-34819,0,12
2026-09-11T05:22:22.427147792Z,10.864935,119.603766,Cloud to Ground,-26033,0,12
2026-09-11T05:22:22.265891143Z,10.800069,119.597599,Cloud to Cloud,26089,4284,12
2026-09-11T05:22:24.369856968Z,10.997886,125.344956,Cloud to Cloud,13524,3000,9
2026-09-11T05:22:27.842441240Z,11.335801,125.268421,Cloud to Ground,14663,0,14
2026-09-11T05:22:30.691366422Z,6.364283,112.341754,Cloud to Ground,-14659,0,7
2026-09-11T05:22:30.634052420Z,6.383657,112.241343,Cloud to Ground,14475,0,7
2026-09-11T05:22:30.554477841Z,5.464661,110.642547,Cloud to Ground,-15144,0,7
2026-09-11T05:22:31.765697888Z,16.90418,121.095249,Cloud to Cloud,-8496,6031,9
2026-09-11T05:22:31.761028247Z,16.870015,121.117126,Cloud to Ground,29419,0,10
2026-09-11T05:22:31.408794451Z,11.205258,125.28312,Cloud to Cloud,11732,12809,12
2026-09-11T05:22:33.957742983Z,5.345102,110.65553,Cloud to Ground,-9786,0,6
2026-09-11T05:22:34.563827024Z,8.537735,124.881353,Cloud to Ground,-12006,0,16
2026-09-11T05:22:34.438814212Z,8.53216,125.023791,Cloud to Ground,-26795,0,11
2026-09-11T05:22:36.714508539Z,4.200096,110.530856,Cloud to Ground,-24994,0,16
2026-09-11T05:22:37.568798482Z,3.780944,116.399986,Cloud to Ground,-14858,0,14
2026-09-11T05:22:37.857314713Z,2.776271,117.308075,Cloud to Ground,-60984,0,23
2026-09-11T05:22:38.840582936Z,11.230228,125.226156,Cloud to Cloud,9216,3004,8
2026-09-11T05:22:39.343282409Z,2.112278,111.565595,Cloud to Ground,-48839,0,9
2026-09-11T05:22:39.361186895Z,1.916189,111.68889,Cloud to Ground,-16446,0,15
2026-09-11T05:22:40.337267356Z,4.553434,116.808644,Cloud to Ground,22514,0,18
2026-09-11T05:22:41.403934528Z,21.728749,123.236732,Cloud to Ground,34204,0,9
2026-09-11T05:22:42.696129090Z,9.21806,125.652443,Cloud to Cloud,7508,12467,7
2026-09-11T05:22:42.679887398Z,9.201027,125.685314,Cloud to Cloud,9783,13266,12
2026-09-11T05:22:47.664894458Z,5.579607,111.479058,Cloud to Ground,-26225,0,10
2026-09-11T05:22:49.285413363Z,1.339057,118.376401,Cloud to Ground,-14805,0,11
2026-09-11T05:22:52.977631477Z,11.247416,125.210005,Cloud to Ground,-26666,0,22
2026-09-11T05:22:52.871155671Z,11.228573,125.199076,Cloud to Ground,-24549,0,18
2026-09-11T05:22:52.894741195Z,11.225202,125.169519,Cloud to Ground,-12562,0,7
2026-09-11T05:22:53.024111000Z,11.2547,125.307,Cloud to Ground,-38724,0,8
2026-09-11T05:22:53.140886000Z,11.3184,125.2986,Cloud to Ground,-12270,0,5
2026-09-11T05:22:55.093880852Z,11.275807,125.322967,Cloud to Ground,43606,0,7
2026-09-11T05:22:56.245778628Z,2.791792,117.348157,Cloud to Ground,-18631,0,15
2026-09-11T05:22:57.054465960Z,11.197269,125.270527,Cloud to Cloud,7554,16878,10
2026-09-11T05:23:02.280717588Z,5.419724,110.658771,Cloud to Ground,25811,0,19
2026-09-11T05:23:05.119781940Z,11.265834,125.319092,Cloud to Ground,45343,0,7
2026-09-11T05:23:07.507903751Z,7.188036,134.242376,Cloud to Ground,-21676,0,19
2026-09-11T05:23:07.508509147Z,7.192428,134.233195,Cloud to Ground,-20148,0,23
2026-09-11T05:23:07.621119167Z,7.135491,134.232326,Cloud to Ground,14141,0,11
2026-09-11T05:23:07.597594022Z,7.181192,134.238248,Cloud to Ground,18750,0,15
2026-09-11T05:23:07.517701393Z,7.17168,134.24565,Cloud to Ground,50110,0,25
2026-09-11T05:23:07.473155776Z,10.531325,123.346533,Cloud to Cloud,18716,19730,11
2026-09-11T05:23:08.536724993Z,2.895637,117.379263,Cloud to Ground,39425,0,30
2026-09-11T05:23:08.062007080Z,11.170154,125.301758,Cloud to Cloud,12826,18918,10
2026-09-11T05:23:09.745990780Z,4.61665,118.217214,Cloud to Ground,35469,0,20
2026-09-11T05:23:09.910799710Z,5.560074,111.20907,Cloud to Ground,-43673,0,22
2026-09-11T05:23:13.476556819Z,9.165918,117.883939,Cloud to Ground,-25927,0,10
2026-09-11T05:23:13.294190758Z,9.197948,117.77136,Cloud to Ground,76530,0,8
2026-09-11T05:23:13.293660895Z,9.073366,117.840566,Cloud to Cloud,20330,3058,9
2026-09-11T05:23:15.118346483Z,10.724462,123.901859,Cloud to Ground,-25979,0,14
2026-09-11T05:23:15.129170494Z,10.798089,123.887614,Cloud to Ground,-22678,0,20
2026-09-11T05:23:15.162173000Z,10.739,123.946,Cloud to Ground,-17331,0,6
2026-09-11T05:23:16.335283000Z,12.3415,125.1881,Cloud to Ground,-46691,0,7
2026-09-11T05:23:19.882086341Z,11.270492,125.311212,Cloud to Cloud,15418,4149,5
2026-09-11T05:23:22.924715079Z,6.885389,112.427105,Cloud to Ground,-15079,0,18
2026-09-11T05:23:23.782847595Z,7.578408,112.36391,Cloud to Ground,-24509,0,9
2026-09-11T05:23:23.785661854Z,7.632061,112.349646,Cloud to Ground,-14791,0,12
2026-09-11T05:23:23.781530128Z,7.562463,112.362144,Cloud to Ground,12767,0,9
2026-09-11T05:23:23.002446277Z,3.951423,112.211194,Cloud to Ground,-23357,0,7
2026-09-11T05:23:23.211867225Z,3.96467,112.244107,Cloud to Ground,24484,0,7
2026-09-11T05:23:23.662902383Z,11.161385,128.388316,Cloud to Cloud,-8910,9230,7
2026-09-11T05:23:24.017696205Z,9.103063,125.728623,Cloud to Cloud,9446,19491,7
2026-09-11T05:23:24.011999287Z,8.969337,125.917382,Cloud to Cloud,15714,6824,10
2026-09-11T05:23:24.749778998Z,21.726485,123.241838,Cloud to Ground,22776,0,12
2026-09-11T05:23:25.149816813Z,10.722526,119.522149,Cloud to Cloud,11823,16140,6
2026-09-11T05:23:31.094990583Z,7.04253,115.859294,Cloud to Cloud,-276034,6849,27
2026-09-11T05:23:31.101337759Z,7.082819,115.837936,Cloud to Cloud,23106,17976,11
2026-09-11T05:23:31.672067000Z,8.5563,125.0272,Cloud to Ground,-21849,0,9
2026-09-11T05:23:31.924531659Z,4.390601,110.636755,Cloud to Ground,-37419,0,12
2026-09-11T05:23:32.097624321Z,4.382094,110.641142,Cloud to Ground,53074,0,13
2026-09-11T05:23:32.559282000Z,11.2192,125.1926,Cloud to Ground,-37442,0,7
2026-09-11T05:23:35.429796262Z,2.782947,117.306338,Cloud to Cloud,-9767,7603,11
2026-09-11T05:23:36.225747097Z,9.248761,125.748203,Cloud to Ground,17112,0,15
2026-09-11T05:23:37.195466938Z,6.939169,112.654963,Cloud to Ground,-45844,0,16
2026-09-11T05:23:37.332415019Z,6.975597,112.658227,Cloud to Ground,-18845,0,19
2026-09-11T05:23:37.209600785Z,6.976419,112.657854,Cloud to Ground,93040,0,13
2026-09-11T05:23:38.447480333Z,12.210342,124.555113,Cloud to Cloud,11049,10900,9
2026-09-11T05:23:43.063152000Z,11.2577,125.3539,Cloud to Ground,13732,0,5
2026-09-11T05:23:46.780365828Z,2.056559,111.601691,Cloud to Ground,-21663,0,9
2026-09-11T05:23:47.079179394Z,2.057098,111.605845,Cloud to Ground,14450,0,8
2026-09-11T05:23:46.874255009Z,2.052547,111.603112,Cloud to Ground,15545,0,6
2026-09-11T05:23:46.911272315Z,2.005215,111.570769,Cloud to Ground,20077,0,6
2026-09-11T05:23:46.808076622Z,2.057418,111.600644,Cloud to Ground,29537,0,18
2026-09-11T05:23:46.850156198Z,2.0849,111.624218,Cloud to Ground,51830,0,11
2026-09-11T05:23:47.024251598Z,12.259417,118.636931,Cloud to Cloud,15399,3013,7
2026-09-11T05:23:47.026588035Z,12.254539,118.790973,Cloud to Cloud,-21205,19396,6
2026-09-11T05:23:47.040709746Z,12.164024,118.832707,Cloud to Cloud,8850,4014,9
2026-09-11T05:23:47.037069601Z,12.173291,118.846763,Cloud to Cloud,13535,3087,8
2026-09-11T05:23:47.021733355Z,12.210116,118.786386,Cloud to Cloud,14613,8884,11
2026-09-11T05:23:47.048833689Z,12.303705,118.735877,Cloud to Cloud,15468,12531,8
2026-09-11T05:23:47.025043607Z,12.224105,118.78695,Cloud to Cloud,15876,10420,10
2026-09-11T05:23:47.022622704Z,12.30612,118.719315,Cloud to Ground,31311,0,12
2026-09-11T05:23:47.430200580Z,11.227101,125.228415,Cloud to Cloud,7810,15985,9
2026-09-11T05:23:49.338396758Z,8.516698,125.030515,Cloud to Ground,34804,0,16
2026-09-11T05:23:50.968342000Z,4.3404,117.4203,Cloud to Ground,-19805,0,6
2026-09-11T05:23:51.243485616Z,11.179071,125.270082,Cloud to Cloud,12723,10131,12
2026-09-11T05:23:52.584255372Z,5.46871,110.679719,Cloud to Ground,13345,0,7
2026-09-11T05:23:52.609020483Z,5.427712,110.67441,Cloud to Ground,18134,0,7
2026-09-11T05:23:52.569168277Z,5.426989,110.664167,Cloud to Ground,18446,0,13
2026-09-11T05:23:52.801761559Z,11.196762,125.28747,Cloud to Cloud,5547,19724,7
2026-09-11T05:23:54.031648429Z,10.6591,119.523743,Cloud to Cloud,14208,7453,7
2026-09-11T05:23:54.115704771Z,10.685477,119.513855,Cloud to Cloud,17025,3029,8
2026-09-11T05:23:55.317802020Z,2.821298,117.324942,Cloud to Ground,20207,0,14
2026-09-11T05:23:55.980902011Z,19.777395,117.548117,Cloud to Ground,-81651,0,17
2026-09-11T05:23:56.169843149Z,19.765012,117.552415,Cloud to Ground,-20916,0,16
2026-09-11T05:23:57.284329379Z,11.193373,125.230197,Cloud to Cloud,8416,7914,8
2026-09-11T05:23:57.547760000Z,6.8554,112.3871,Cloud to Ground,43910,0,5
2026-09-11T05:23:58.393038621Z,3.465254,110.607488,Cloud to Ground,64998,0,7
2026-09-11T05:23:59.866780046Z,10.735109,119.571341,Cloud to Cloud,-14810,4258,9
2026-09-11T05:23:59.673117513Z,10.880112,119.445389,Cloud to Ground,-22943,0,8
2026-09-11T05:23:59.633855405Z,10.829114,119.484193,Cloud to Cloud,-18857,3036,10
2026-09-11T05:23:59.690880092Z,10.812295,119.511739,Cloud to Cloud,-14789,9684,6
2026-09-11T05:24:01.082344848Z,1.340913,118.347483,Cloud to Ground,12958,0,6
2026-09-11T05:24:01.768122926Z,5.43421,110.698254,Cloud to Ground,22755,0,15
2026-09-11T05:24:01.309090894Z,11.175263,125.289593,Cloud to Cloud,17898,14572,8
2026-09-11T05:24:03.928849743Z,7.606665,112.279047,Cloud to Ground,27720,0,9
2026-09-11T05:24:03.528587565Z,3.704629,110.199092,Cloud to Ground,36985,0,8
2026-09-11T05:24:03.490829204Z,10.648097,119.335165,Cloud to Ground,29831,0,13
2026-09-11T05:24:05.567816496Z,11.256107,125.220719,Cloud to Ground,-59352,0,27
2026-09-11T05:24:05.510209331Z,11.258886,125.187105,Cloud to Ground,-33622,0,13
2026-09-11T05:24:05.936243230Z,11.232527,125.186551,Cloud to Ground,-21595,0,15
2026-09-11T05:24:05.936969704Z,11.181958,125.203303,Cloud to Cloud,-11509,12759,9
2026-09-11T05:24:05.774611575Z,11.197679,125.330163,Cloud to Cloud,18907,3218,8
2026-09-11T05:24:07.664110329Z,1.436525,113.505224,Cloud to Ground,-26568,0,21
2026-09-11T05:24:10.623288793Z,2.054536,111.611849,Cloud to Ground,-10610,0,7
2026-09-11T05:24:10.668876055Z,2.053242,111.596907,Cloud to Ground,36365,0,17
2026-09-11T05:24:11.050048000Z,2.8176,117.2865,Cloud to Ground,15442,0,5
2026-09-11T05:24:14.416221996Z,11.241653,125.350963,Cloud to Ground,-10633,0,8
2026-09-11T05:24:15.496005496Z,11.24822,125.314149,Cloud to Ground,-21189,0,8
2026-09-11T05:24:17.172842464Z,4.071179,110.328628,Cloud to Ground,-22143,0,14
2026-09-11T05:24:18.810543366Z,11.116471,125.350364,Cloud to Ground,-17017,0,9
2026-09-11T05:24:21.358616401Z,3.803016,117.287443,Cloud to Ground,-27952,0,13
2026-09-11T05:24:22.534185286Z,2.871357,117.279714,Cloud to Ground,63048,0,20
2026-09-11T05:24:22.324802791Z,4.311704,114.647911,Cloud to Ground,-13307,0,11
2026-09-11T05:24:25.718396620Z,4.266762,117.448094,Cloud to Cloud,-15907,3234,7
2026-09-11T05:24:25.738799793Z,11.168017,125.287489,Cloud to Cloud,10242,15375,7
2026-09-11T05:24:26.367296143Z,4.1391,110.542793,Cloud to Ground,-9876,0,6
2026-09-11T05:24:26.369175499Z,4.137995,110.499451,Cloud to Cloud,-9844,3864,6
2026-09-11T05:24:28.167291665Z,4.306005,117.328853,Cloud to Ground,-13210,0,14
2026-09-11T05:24:28.255064077Z,2.450254,113.633728,Cloud to Ground,-46226,0,22
2026-09-11T05:24:30.762082801Z,1.318582,118.432688,Cloud to Cloud,-12761,17472,9
2026-09-11T05:24:30.567590306Z,11.229403,125.214257,Cloud to Cloud,9250,15180,7
2026-09-11T05:24:30.615731949Z,11.249067,125.30554,Cloud to Cloud,5916,15059,6
2026-09-11T05:24:32.967956207Z,6.906907,112.309658,Cloud to Ground,-22867,0,11
2026-09-11T05:24:33.010212121Z,19.785242,117.550687,Cloud to Ground,-22292,0,14
2026-09-11T05:24:33.074952338Z,19.788869,117.551148,Cloud to Ground,-21356,0,11
2026-09-11T05:24:33.036736431Z,19.786785,117.545106,Cloud to Ground,-15815,0,13
2026-09-11T05:24:37.619052442Z,2.776506,117.364388,Cloud to Ground,18739,0,15
2026-09-11T05:24:37.814560375Z,2.781547,117.355293,Cloud to Ground,20512,0,13
2026-09-11T05:24:37.870733743Z,2.779807,117.359047,Cloud to Ground,23247,0,8
2026-09-11T05:24:37.703075372Z,2.786656,117.364726,Cloud to Ground,26145,0,9
2026-09-11T05:24:39.270171845Z,11.173373,125.347369,Cloud to Cloud,12414,12791,9
2026-09-11T05:24:41.291272876Z,3.896993,110.322981,Cloud to Ground,34091,0,11
2026-09-11T05:24:44.135980946Z,3.558629,110.032972,Cloud to Ground,-13546,0,7
2026-09-11T05:24:44.140379070Z,3.597037,110.04645,Cloud to Ground,-10246,0,6
2026-09-11T05:24:44.937086036Z,19.317243,115.420202,Cloud to Ground,15350,0,13
2026-09-11T05:24:45.169575469Z,3.471252,110.342998,Cloud to Ground,-12655,0,6
2026-09-11T05:24:45.165508278Z,3.501483,110.27055,Cloud to Ground,28273,0,9
2026-09-11T05:24:46.747943165Z,3.663529,116.190523,Cloud to Cloud,-42593,5132,12
2026-09-11T05:24:46.746839173Z,3.659841,116.214824,Cloud to Ground,-20623,0,12
2026-09-11T05:24:46.237112012Z,8.572605,124.860509,Cloud to Ground,-13049,0,10
2026-09-11T05:24:49.972337309Z,4.258275,110.260966,Cloud to Ground,12905,0,6
2026-09-11T05:24:49.981833538Z,4.198802,110.334126,Cloud to Ground,-35728,0,10
2026-09-11T05:24:49.973824336Z,4.174857,110.328253,Cloud to Ground,33040,0,15
2026-09-11T05:24:49.746349479Z,5.380819,111.587473,Cloud to Cloud,-11980,3043,7
2026-09-11T05:24:49.748341000Z,5.4427,111.6366,Cloud to Ground,74945,0,16
2026-09-11T05:24:51.830203613Z,4.624551,117.069586,Cloud to Ground,56487,0,29
2026-09-11T05:24:54.057952668Z,3.692765,116.420575,Cloud to Ground,28191,0,14
2026-09-11T05:24:54.057028852Z,3.689324,116.426535,Cloud to Ground,76850,0,16
2026-09-11T05:24:55.313377429Z,7.183019,134.24302,Cloud to Ground,-17889,0,24
2026-09-11T05:24:55.337807151Z,7.169829,134.262694,Cloud to Ground,39592,0,22
2026-09-11T05:24:55.292497378Z,7.172489,134.260588,Cloud to Ground,63010,0,30
2026-09-11T05:24:56.451739957Z,11.241495,125.206858,Cloud to Ground,-41880,0,13
2026-09-11T05:24:56.514775769Z,11.250886,125.165641,Cloud to Ground,-22392,0,16
2026-09-11T05:24:56.811276732Z,11.250367,125.367476,Cloud to Ground,-31364,0,9
2026-09-11T05:24:56.580783147Z,11.251314,125.316322,Cloud to Ground,-20047,0,7
2026-09-11T05:24:56.679555895Z,11.173363,125.3219,Cloud to Cloud,-17161,7647,7
2026-09-11T05:24:58.269211498Z,11.295339,125.289679,Cloud to Ground,18886,0,6
2026-09-11T05:24:59.784749820Z,6.417872,112.332367,Cloud to Cloud,-16396,3046,14
2026-09-11T05:24:59.783179308Z,6.344518,112.333866,Cloud to Ground,24286,0,21
2026-09-11T05:25:00.347731331Z,6.909158,112.301229,Cloud to Ground,-17020,0,11
2026-09-11T05:25:02.968590518Z,2.398125,128.450764,Cloud to Ground,-25007,0,20
2026-09-11T05:25:02.867397379Z,2.355694,128.449139,Cloud to Ground,-12012,0,14
2026-09-11T05:25:02.863930513Z,2.344805,128.422255,Cloud to Cloud,12859,3210,14
2026-09-11T05:25:02.218551429Z,10.841891,119.513928,Cloud to Ground,16574,0,11
2026-09-11T05:25:05.362612848Z,2.885471,117.313708,Cloud to Ground,-23177,0,22
2026-09-11T05:25:05.427155662Z,2.891424,117.314953,Cloud to Ground,19756,0,8
2026-09-11T05:25:05.418912785Z,2.843651,117.366439,Cloud to Ground,21645,0,15
2026-09-11T05:25:06.022136343Z,9.087992,125.75316,Cloud to Cloud,-14715,16135,20
2026-09-11T05:25:07.875249707Z,4.00103,112.201032,Cloud to Ground,-24759,0,9
2026-09-11T05:25:07.876526254Z,3.958957,112.194665,Cloud to Ground,115131,0,35
2026-09-11T05:25:07.333450100Z,8.54016,125.012954,Cloud to Cloud,11290,16101,8
2026-09-11T05:25:07.187767604Z,8.514056,125.021948,Cloud to Ground,17209,0,11
2026-09-11T05:25:07.168952663Z,8.433593,125.054289,Cloud to Ground,20774,0,11
2026-09-11T05:25:07.274599179Z,9.09161,125.639045,Cloud to Cloud,8664,8163,11
2026-09-11T05:25:08.790299386Z,2.824754,117.245992,Cloud to Ground,-13435,0,15
2026-09-11T05:25:08.827354004Z,2.753296,117.294903,Cloud to Ground,10826,0,6
2026-09-11T05:25:12.528775151Z,11.168379,125.287075,Cloud to Cloud,9191,14965,7
2026-09-11T05:25:14.356064445Z,8.673749,124.892668,Cloud to Ground,-19914,0,23
2026-09-11T05:25:14.470347000Z,8.5491,124.9716,Cloud to Ground,-27479,0,7
2026-09-11T05:25:17.306996810Z,11.241821,125.176462,Cloud to Ground,-23177,0,15
2026-09-11T05:25:19.903505483Z,11.317412,125.239639,Cloud to Ground,-16000,0,10
2026-09-11T05:25:21.289840723Z,2.498044,113.640311,Cloud to Ground,60205,0,26
2026-09-11T05:25:21.293573260Z,9.132544,125.649748,Cloud to Cloud,10444,10906,11
2026-09-11T05:25:21.326767637Z,9.147601,125.588309,Cloud to Cloud,11405,8925,12
2026-09-11T05:25:22.738596526Z,11.262016,125.363975,Cloud to Ground,-13228,0,7
2026-09-11T05:25:23.548559347Z,5.408762,110.670605,Cloud to Ground,-21734,0,7
2026-09-11T05:25:23.905956187Z,5.451379,110.660778,Cloud to Ground,21297,0,8
2026-09-11T05:25:24.038887545Z,5.549496,110.678831,Cloud to Ground,19523,0,7
2026-09-11T05:25:28.344189540Z,4.110188,112.250454,Cloud to Ground,-21162,0,14
2026-09-11T05:25:30.482120394Z,2.92873,118.224653,Cloud to Ground,-26798,0,24
2026-09-11T05:25:30.482715589Z,2.978072,118.217419,Cloud to Ground,41952,0,12
2026-09-11T05:25:32.997403423Z,3.646334,110.179648,Cloud to Ground,-15723,0,8
2026-09-11T05:25:33.516754356Z,11.309431,125.302201,Cloud to Ground,26816,0,8
2026-09-11T05:25:35.053109887Z,6.99105,112.503609,Cloud to Ground,-23120,0,18
2026-09-11T05:25:34.822934355Z,6.947258,112.561143,Cloud to Ground,13183,0,9
2026-09-11T05:25:41.842382523Z,3.464377,110.604325,Cloud to Ground,-53587,0,12
2026-09-11T05:25:41.844285782Z,3.458866,110.607697,Cloud to Ground,-42808,0,8
2026-09-11T05:25:41.853187809Z,3.445554,110.598717,Cloud to Ground,-16991,0,6
2026-09-11T05:25:41.851629651Z,3.4707,110.607682,Cloud to Ground,21234,0,12
2026-09-11T05:25:41.847979924Z,3.495391,110.497608,Cloud to Ground,-20265,0,10
2026-09-11T05:25:41.839673710Z,3.529368,110.538444,Cloud to Ground,17373,0,6
2026-09-11T05:25:41.588222449Z,2.796786,117.337169,Cloud to Ground,-19971,0,16
2026-09-11T05:25:41.614035511Z,10.754694,119.563919,Cloud to Cloud,8591,3160,7
2026-09-11T05:25:41.545849599Z,10.822629,119.515202,Cloud to Ground,20185,0,10
2026-09-11T05:25:41.948720301Z,10.960704,119.604766,Cloud to Ground,-16635,0,10
2026-09-11T05:25:44.946043444Z,9.145945,117.796286,Cloud to Cloud,13426,19975,10
2026-09-11T05:25:44.072362876Z,11.185819,125.291047,Cloud to Cloud,10869,18863,7
2026-09-11T05:25:44.443694169Z,11.184111,125.353765,Cloud to Cloud,10944,9269,9
2026-09-11T05:25:45.272929346Z,10.391917,119.249999,Cloud to Cloud,-9416,6070,7
2026-09-11T05:25:45.266092486Z,10.322991,119.302086,Cloud to Cloud,15515,12505,10
2026-09-11T05:25:45.266574758Z,10.316258,119.303449,Cloud to Cloud,31623,18516,9
2026-09-11T05:25:47.315590925Z,9.133586,125.750606,Cloud to Cloud,9198,5410,8
2026-09-11T05:25:48.833697742Z,7.600596,112.361415,Cloud to Ground,-22509,0,10
2026-09-11T05:25:49.116959758Z,7.67918,112.346902,Cloud to Cloud,10158,7448,8
2026-09-11T05:25:48.832555187Z,7.588739,112.28098,Cloud to Ground,25421,0,6
2026-09-11T05:25:50.102435091Z,11.201512,125.197718,Cloud to Ground,-10077,0,8
2026-09-11T05:25:51.204620017Z,17.087171,120.560846,Cloud to Cloud,-12174,14872,8
2026-09-11T05:25:51.200971021Z,17.077726,120.602132,Cloud to Cloud,11072,4386,10
2026-09-11T05:25:50.900420000Z,11.3047,125.2771,Cloud to Ground,-43274,0,6
2026-09-11T05:25:51.007579586Z,11.261894,125.177298,Cloud to Ground,-27508,0,14
2026-09-11T05:25:50.853341692Z,11.245566,125.164512,Cloud to Ground,-26187,0,7
2026-09-11T05:25:51.368480912Z,11.263003,125.15717,Cloud to Ground,-19728,0,13
2026-09-11T05:25:50.926650804Z,11.258281,125.186127,Cloud to Ground,-15764,0,18
2026-09-11T05:25:51.056106148Z,11.279113,125.215038,Cloud to Ground,-13763,0,21
2026-09-11T05:25:50.833254255Z,11.238391,125.261676,Cloud to Cloud,-13289,3434,13
2026-09-11T05:25:56.568636125Z,4.331108,117.285364,Cloud to Cloud,-18991,7363,9
2026-09-11T05:25:56.682976517Z,4.255405,117.285022,Cloud to Cloud,-12981,7397,12
2026-09-11T05:25:56.681823116Z,4.258575,117.307864,Cloud to Ground,23834,0,10
2026-09-11T05:25:56.082198382Z,11.278251,125.333062,Cloud to Ground,19203,0,9
2026-09-11T05:25:56.057189576Z,10.501566,123.37087,Cloud to Cloud,15294,7991,7
2026-09-11T05:25:59.572848596Z,2.806602,117.333552,Cloud to Ground,11833,0,9
2026-09-11T05:25:59.479741140Z,2.810025,117.347311,Cloud to Ground,23689,0,15
2026-09-11T05:25:59.759270866Z,2.81071,117.344704,Cloud to Ground,23698,0,17
2026-09-11T05:25:59.546080352Z,2.809427,117.355368,Cloud to Ground,32341,0,22
2026-09-11T05:25:59.154262955Z,9.19584,125.748131,Cloud to Ground,28089,0,7
2026-09-11T05:26:04.151857720Z,9.141963,125.728244,Cloud to Cloud,10022,13453,7
2026-09-11T05:26:05.576221050Z,6.941884,112.679554,Cloud to Ground,31790,0,18
2026-09-11T05:26:07.686654243Z,6.92586,112.415193,Cloud to Ground,20221,0,8
2026-09-11T05:26:08.367437634Z,11.174103,125.2602,Cloud to Cloud,11393,17101,9
2026-09-11T05:26:09.201185662Z,4.005556,112.19999,Cloud to Ground,-28852,0,8
2026-09-11T05:26:09.225941305Z,3.951317,112.193368,Cloud to Ground,-13771,0,7
2026-09-11T05:26:09.227401611Z,3.995233,112.20087,Cloud to Ground,17673,0,9
2026-09-11T05:26:09.198837488Z,3.979653,112.092613,Cloud to Ground,36974,0,14
2026-09-11T05:26:09.538957709Z,4.179717,110.327567,Cloud to Ground,19462,0,10
2026-09-11T05:26:10.990821639Z,5.585432,111.260327,Cloud to Ground,21153,0,9
2026-09-11T05:26:11.009739364Z,5.549059,111.264424,Cloud to Ground,22346,0,12
2026-09-11T05:26:10.917712899Z,5.580079,111.275719,Cloud to Ground,23997,0,9
2026-09-11T05:26:10.890517295Z,5.54654,111.267955,Cloud to Ground,59740,0,20
2026-09-11T05:26:12.871635747Z,2.861856,117.305017,Cloud to Ground,-18289,0,16
2026-09-11T05:26:16.890198741Z,5.498587,111.925375,Cloud to Ground,49388,0,26
2026-09-11T05:26:16.859772000Z,5.5016,111.83,Cloud to Ground,26408,0,5
2026-09-11T05:26:16.137199199Z,3.872166,110.304699,Cloud to Ground,-26256,0,5
2026-09-11T05:26:16.636053623Z,11.142385,125.281818,Cloud to Cloud,-32789,15787,16
2026-09-11T05:26:16.645824402Z,11.381514,125.249123,Cloud to Ground,-83107,0,9
2026-09-11T05:26:16.760035571Z,11.359578,125.073758,Cloud to Ground,-19835,0,11
2026-09-11T05:26:16.610558578Z,11.300895,125.351369,Cloud to Ground,45915,0,9
2026-09-11T05:26:17.216841398Z,11.218801,125.213538,Cloud to Ground,12347,0,8
2026-09-11T05:26:17.468474903Z,11.090529,125.400805,Cloud to Cloud,16807,19925,8
2026-09-11T05:26:19.291947761Z,2.107095,111.654008,Cloud to Ground,35380,0,18
2026-09-11T05:26:19.094571094Z,2.106373,111.652724,Cloud to Ground,79404,0,14
2026-09-11T05:26:20.086428231Z,8.518388,124.884987,Cloud to Ground,-22999,0,12
2026-09-11T05:26:20.800529378Z,15.199861,116.32598,Cloud to Cloud,-21929,3131,9
2026-09-11T05:26:20.784710311Z,15.19899,116.319618,Cloud to Ground,-10740,0,11
2026-09-11T05:26:21.054147240Z,15.139802,116.232771,Cloud to Cloud,-12856,3963,6
2026-09-11T05:26:22.649754951Z,5.288539,118.553609,Cloud to Cloud,-38854,19947,20
2026-09-11T05:26:22.669347778Z,5.278305,118.55646,Cloud to Cloud,-13060,4979,7
2026-09-11T05:26:22.635288572Z,5.277197,118.554692,Cloud to Cloud,-11093,7688,11
2026-09-11T05:26:24.194188263Z,11.25224,125.310611,Cloud to Ground,-19291,0,9
2026-09-11T05:26:24.035385569Z,11.21869,125.301854,Cloud to Cloud,10222,4538,9
2026-09-11T05:26:24.237580960Z,11.266556,125.296931,Cloud to Ground,28376,0,16
2026-09-11T05:26:27.674902378Z,12.223234,118.752787,Cloud to Ground,-25627,0,9
2026-09-11T05:26:27.491669460Z,12.282675,118.734725,Cloud to Cloud,-11994,18328,10
2026-09-11T05:26:27.483105984Z,12.270285,118.738855,Cloud to Cloud,11213,19504,9
2026-09-11T05:26:27.481078791Z,12.20298,118.803493,Cloud to Ground,58981,0,10
2026-09-11T05:26:30.735389243Z,7.584121,126.153966,Cloud to Cloud,24514,18410,10
2026-09-11T05:26:30.737436300Z,7.683017,126.1271,Cloud to Ground,21178,0,15
2026-09-11T05:26:30.736697744Z,7.690149,126.135629,Cloud to Ground,34496,0,24
2026-09-11T05:26:33.661188740Z,11.23731,125.255751,Cloud to Cloud,10218,17430,9
2026-09-11T05:26:35.687585672Z,12.18959,125.236841,Cloud to Ground,-18174,0,6
2026-09-11T05:26:37.710447370Z,4.390439,110.679941,Cloud to Ground,23877,0,9
2026-09-11T05:26:38.242668465Z,3.629767,116.175755,Cloud to Ground,-16787,0,8
2026-09-11T05:26:38.246044851Z,3.696014,116.167972,Cloud to Cloud,-13541,6952,11
2026-09-11T05:26:38.244994089Z,3.647966,116.199201,Cloud to Ground,25035,0,11
2026-09-11T05:26:44.955364585Z,9.121489,125.776061,Cloud to Ground,15828,0,10
2026-09-11T05:26:46.385656643Z,7.177154,134.251052,Cloud to Ground,-14350,0,14
2026-09-11T05:26:46.640996472Z,7.171288,134.242793,Cloud to Ground,9600,0,9
2026-09-11T05:26:46.879775763Z,7.248842,134.202406,Cloud to Ground,12787,0,9
2026-09-11T05:26:46.493020865Z,7.183853,134.254806,Cloud to Ground,12832,0,16
2026-09-11T05:26:46.731670468Z,7.185437,134.260339,Cloud to Ground,13031,0,14
2026-09-11T05:26:46.579475407Z,7.169316,134.239865,Cloud to Ground,18561,0,22
2026-09-11T05:26:46.395650482Z,7.180546,134.245949,Cloud to Ground,53250,0,26
2026-09-11T05:26:46.941774956Z,2.343451,128.411925,Cloud to Cloud,-11203,17508,9
2026-09-11T05:26:47.040495412Z,2.32483,128.469247,Cloud to Ground,17847,0,10
2026-09-11T05:26:47.362917417Z,17.131245,120.7143,Cloud to Ground,-44670,0,15
2026-09-11T05:26:48.283607872Z,11.239562,125.245929,Cloud to Cloud,12086,5847,8
2026-09-11T05:26:49.908321636Z,3.724749,110.220211,Cloud to Ground,21011,0,7
2026-09-11T05:26:49.623404796Z,4.716998,114.52093,Cloud to Ground,16896,0,7
2026-09-11T05:26:51.154491483Z,5.559196,110.758888,Cloud to Ground,-44588,0,12
2026-09-11T05:26:51.241969973Z,5.557346,110.796837,Cloud to Ground,26139,0,8
2026-09-11T05:26:53.073095152Z,9.344744,117.863099,Cloud to Cloud,-18474,8320,7
2026-09-11T05:26:52.968096499Z,9.264998,117.915906,Cloud to Ground,-17611,0,11
2026-09-11T05:26:52.989122417Z,9.331545,117.878432,Cloud to Ground,26511,0,10
2026-09-11T05:26:52.359935149Z,11.17106,125.252519,Cloud to Cloud,10259,9190,7
2026-09-11T05:26:59.080337443Z,11.203999,125.297671,Cloud to Cloud,10632,18555,8
2026-09-11T05:26:59.561617113Z,11.196388,125.283983,Cloud to Cloud,11161,15506,13
2026-09-11T05:26:59.615753052Z,11.164642,125.368807,Cloud to Cloud,16854,8849,11
2026-09-11T05:27:00.502463471Z,8.619378,124.984171,Cloud to Ground,-49970,0,21
2026-09-11T05:27:00.507931719Z,3.877569,117.267134,Cloud to Ground,-24704,0,20
2026-09-11T05:27:01.094931342Z,2.059178,111.604806,Cloud to Ground,-27499,0,7
2026-09-11T05:27:01.129803099Z,2.142843,111.597447,Cloud to Ground,-13164,0,9
2026-09-11T05:27:02.268422566Z,11.316118,125.18871,Cloud to Ground,22698,0,17
2026-09-11T05:27:05.950274587Z,8.43729,125.100717,Cloud to Cloud,12908,3578,8
2026-09-11T05:27:05.932980768Z,8.610341,125.010698,Cloud to Ground,-19003,0,11
2026-09-11T05:27:06.038383602Z,2.776953,117.347109,Cloud to Ground,-24070,0,18
2026-09-11T05:27:06.305664959Z,2.781435,117.284765,Cloud to Cloud,11045,14907,7
2026-09-11T05:27:06.095516764Z,2.778631,117.339108,Cloud to Ground,31135,0,18
2026-09-11T05:27:13.337601031Z,11.196102,125.183817,Cloud to Cloud,10454,15075,7
2026-09-11T05:27:13.596479821Z,11.174066,125.224546,Cloud to Cloud,11674,10860,7
2026-09-11T05:27:13.571497654Z,11.202727,125.178878,Cloud to Ground,12658,0,15
2026-09-11T05:27:13.934639176Z,11.179611,125.35316,Cloud to Cloud,-6060,18754,7
2026-09-11T05:27:14.599906432Z,4.724985,115.387316,Cloud to Cloud,-20190,7887,10
2026-09-11T05:27:16.216745253Z,4.702764,117.039857,Cloud to Cloud,-15083,18620,8
2026-09-11T05:27:15.848024152Z,4.725365,117.069012,Cloud to Ground,-11692,0,9
2026-09-11T05:27:16.048566913Z,4.668328,117.594602,Cloud to Cloud,22317,17919,16
2026-09-11T05:27:16.166555443Z,4.806396,117.527532,Cloud to Cloud,-14162,7186,14
2026-09-11T05:27:16.208137552Z,4.392915,114.653645,Cloud to Ground,-17798,0,14
2026-09-11T05:27:18.231819761Z,3.962909,112.201223,Cloud to Ground,-79449,0,18
2026-09-11T05:27:18.231362324Z,3.961305,112.19453,Cloud to Ground,-40125,0,19
2026-09-11T05:27:18.458775248Z,3.984713,112.241021,Cloud to Ground,22300,0,5
2026-09-11T05:27:18.339746514Z,4.043296,112.222868,Cloud to Ground,31548,0,9
2026-09-11T05:27:18.375366821Z,3.979357,112.23414,Cloud to Ground,44332,0,11
2026-09-11T05:27:18.241129277Z,3.980459,112.22452,Cloud to Ground,72893,0,27
2026-09-11T05:27:19.194132179Z,4.295357,117.400702,Cloud to Ground,-18647,0,13
2026-09-11T05:27:19.029830936Z,4.293091,117.397071,Cloud to Ground,21492,0,12
2026-09-11T05:27:20.289510199Z,6.526424,124.886096,Cloud to Ground,19654,0,11
2026-09-11T05:27:20.287819747Z,6.53793,124.976913,Cloud to Ground,41071,0,14
2026-09-11T05:27:20.221024993Z,12.335602,124.60584,Cloud to Ground,-24601,0,7
2026-09-11T05:27:20.591086899Z,11.245,125.251587,Cloud to Cloud,10438,15596,12
2026-09-11T05:27:20.237996612Z,11.274085,125.248755,Cloud to Ground,22315,0,10
2026-09-11T05:27:21.851536426Z,12.147476,125.162038,Cloud to Cloud,14534,8830,10
2026-09-11T05:27:22.878831462Z,3.492088,110.342774,Cloud to Ground,-21376,0,7
2026-09-11T05:27:22.882421670Z,3.493356,110.34446,Cloud to Ground,-10983,0,7
2026-09-11T05:27:23.972406399Z,4.297235,117.339542,Cloud to Ground,-23453,0,15
2026-09-11T05:27:23.945645031Z,4.293599,117.340508,Cloud to Ground,-18593,0,19
2026-09-11T05:27:23.944024065Z,4.240798,117.370543,Cloud to Ground,19862,0,9
2026-09-11T05:27:23.907385776Z,3.462602,110.626253,Cloud to Ground,-23595,0,13
2026-09-11T05:27:26.717919794Z,5.072063,115.539293,Cloud to Cloud,-21015,6514,14
2026-09-11T05:27:27.185642140Z,11.171411,125.252901,Cloud to Cloud,9730,9642,8
2026-09-11T05:27:30.704943165Z,9.232401,125.76426,Cloud to Ground,-15877,0,9
2026-09-11T05:27:32.350164982Z,10.791013,119.55947,Cloud to Cloud,17160,17845,7
2026-09-11T05:27:33.011566441Z,11.149687,125.387453,Cloud to Cloud,12950,18887,8
2026-09-11T05:27:33.133867566Z,11.183127,125.274811,Cloud to Cloud,4831,9743,8
2026-09-11T05:27:35.707204000Z,11.2552,125.2645,Cloud to Ground,11124,0,5
2026-09-11T05:27:35.743783732Z,11.31738,125.290777,Cloud to Ground,41747,0,9
2026-09-11T05:27:36.180998238Z,3.672625,110.438584,Cloud to Ground,19274,0,10
2026-09-11T05:27:36.411554335Z,3.619064,110.38275,Cloud to Ground,33782,0,7
2026-09-11T05:27:36.858904572Z,11.283871,125.300716,Cloud to Ground,31445,0,17
2026-09-11T05:27:39.981467059Z,8.581397,124.97352,Cloud to Ground,-32165,0,14
2026-09-11T05:27:39.152031183Z,19.77517,117.513972,Cloud to Ground,-84618,0,18
2026-09-11T05:27:40.100389744Z,5.39129,110.663447,Cloud to Ground,-14030,0,7
2026-09-11T05:27:40.081733946Z,5.43386,110.681573,Cloud to Ground,-12812,0,9
2026-09-11T05:27:46.812098314Z,11.205731,125.27493,Cloud to Cloud,4776,5114,7
2026-09-11T05:27:52.154403619Z,4.376932,110.635435,Cloud to Ground,18578,0,15
2026-09-11T05:27:52.775733478Z,6.910658,112.416374,Cloud to Ground,46655,0,13
2026-09-11T05:27:52.910608167Z,7.603642,112.274753,Cloud to Ground,17259,0,7
2026-09-11T05:27:52.913771164Z,7.570839,112.267504,Cloud to Ground,24929,0,7
2026-09-11T05:27:52.785849274Z,9.056354,117.705535,Cloud to Cloud,-31072,5420,12
2026-09-11T05:27:52.783922156Z,9.0713,117.682819,Cloud to Cloud,33048,7846,8
2026-09-11T05:27:52.734773492Z,4.650772,110.219589,Cloud to Ground,-33490,0,9
2026-09-11T05:27:52.767583511Z,4.711264,110.244461,Cloud to Ground,29374,0,11
2026-09-11T05:27:55.048329587Z,11.307643,125.279013,Cloud to Ground,58600,0,13
2026-09-11T05:27:55.900198129Z,12.326588,124.55198,Cloud to Cloud,4439,18974,7
2026-09-11T05:28:00.831103459Z,5.614517,110.714087,Cloud to Ground,-21289,0,18
2026-09-11T05:28:00.828806419Z,5.534386,110.662948,Cloud to Ground,22036,0,7
2026-09-11T05:28:00.548053278Z,2.878604,117.297049,Cloud to Ground,29151,0,14
2026-09-11T05:28:00.373815910Z,2.880847,117.297192,Cloud to Ground,30694,0,15
2026-09-11T05:28:01.593931162Z,3.639562,110.196472,Cloud to Ground,10888,0,9
2026-09-11T05:28:01.812031350Z,3.645805,110.182591,Cloud to Ground,13038,0,7
2026-09-11T05:28:01.657721878Z,3.639123,110.189281,Cloud to Ground,28696,0,10
2026-09-11T05:28:03.700079410Z,11.282012,125.174311,Cloud to Ground,-13523,0,10
2026-09-11T05:28:04.908870816Z,4.170302,110.279933,Cloud to Ground,-22831,0,8
2026-09-11T05:28:04.534186000Z,8.5319,125.0026,Cloud to Ground,-35834,0,8
2026-09-11T05:28:05.166824204Z,4.035563,112.195877,Cloud to Ground,-21457,0,7
2026-09-11T05:28:05.162187185Z,3.972907,112.208722,Cloud to Ground,25521,0,9
2026-09-11T05:28:05.160716360Z,3.981099,112.100876,Cloud to Ground,29102,0,9
2026-09-11T05:28:10.438803964Z,7.013763,112.65619,Cloud to Ground,16971,0,9
2026-09-11T05:28:10.485967855Z,6.934276,112.659804,Cloud to Ground,32965,0,17
2026-09-11T05:28:10.327414356Z,11.120812,125.355047,Cloud to Cloud,8924,15373,8
2026-09-11T05:28:13.577583548Z,10.509008,123.381618,Cloud to Cloud,19834,3876,9
2026-09-11T05:28:13.405173180Z,10.475788,123.347861,Cloud to Ground,77658,0,13
2026-09-11T05:28:14.313397699Z,11.303022,125.215885,Cloud to Ground,21840,0,13
2026-09-11T05:28:17.487937199Z,4.935666,110.061524,Cloud to Cloud,-84002,12293,14
2026-09-11T05:28:20.279596256Z,4.791925,114.503497,Cloud to Ground,-15480,0,21
2026-09-11T05:28:22.791309423Z,2.409259,113.512583,Cloud to Ground,-14121,0,12
2026-09-11T05:28:22.797837536Z,2.447742,113.6169,Cloud to Ground,-23956,0,14
2026-09-11T05:28:22.792780527Z,2.451425,113.621131,Cloud to Ground,-15156,0,9
2026-09-11T05:28:23.026749772Z,2.48245,113.673202,Cloud to Ground,60940,0,21
2026-09-11T05:28:27.334018890Z,2.763674,117.265558,Cloud to Ground,14298,0,10
2026-09-11T05:28:28.724117599Z,12.171762,125.234703,Cloud to Cloud,-15363,5175,9
2026-09-11T05:28:28.636403047Z,12.169969,125.249412,Cloud to Cloud,10687,5268,9
2026-09-11T05:28:30.807644878Z,17.095044,120.559968,Cloud to Cloud,-13257,3007,5
2026-09-11T05:28:30.823812380Z,17.075831,120.490434,Cloud to Cloud,-9696,12641,10
2026-09-11T05:28:33.044560721Z,17.801688,114.808137,Cloud to Ground,-23315,0,11
2026-09-11T05:28:33.065474911Z,17.808402,114.839799,Cloud to Ground,-18078,0,13
2026-09-11T05:28:35.237497000Z,10.7695,119.4072,Cloud to Ground,-18530,0,6
2026-09-11T05:28:36.245235980Z,4.428235,110.683511,Cloud to Ground,-24808,0,10
2026-09-11T05:28:38.236074203Z,4.734236,114.532387,Cloud to Cloud,6350,4059,6
2026-09-11T05:28:39.986266989Z,3.563565,110.013746,Cloud to Ground,-28457,0,10
2026-09-11T05:28:39.984712975Z,3.603306,110.045573,Cloud to Ground,-16333,0,8
2026-09-11T05:28:43.259423446Z,2.843496,117.296725,Cloud to Ground,-31616,0,24
2026-09-11T05:28:43.023899028Z,2.852433,117.306785,Cloud to Cloud,-16792,18418,10
2026-09-11T05:28:43.823859441Z,3.476682,110.587283,Cloud to Ground,32951,0,7
2026-09-11T05:28:43.752856201Z,3.520682,110.601783,Cloud to Ground,53371,0,10
2026-09-11T05:28:44.070484985Z,4.365682,114.646669,Cloud to Ground,-21137,0,16
2026-09-11T05:28:44.524013000Z,8.5389,124.9801,Cloud to Ground,-11574,0,6
2026-09-11T05:28:45.329678016Z,21.826988,123.055463,Cloud to Cloud,5754,17270,6
2026-09-11T05:28:46.428079274Z,4.707909,117.03665,Cloud to Cloud,-27360,13679,26
2026-09-11T05:28:46.156698319Z,21.78501,123.048966,Cloud to Cloud,6556,10791,7
2026-09-11T05:28:46.600314245Z,11.190568,125.248811,Cloud to Cloud,14310,6319,13
2026-09-11T05:28:49.655913340Z,12.180244,125.136165,Cloud to Cloud,8942,13041,7
2026-09-11T05:28:50.575326610Z,11.327739,125.257182,Cloud to Ground,18516,0,22
2026-09-11T05:28:53.412342052Z,12.258181,118.753776,Cloud to Ground,-126976,0,13
2026-09-11T05:28:53.411124903Z,12.217526,118.795027,Cloud to Cloud,17825,5485,8
2026-09-11T05:28:53.773863985Z,11.21585,125.269048,Cloud to Cloud,14403,12538,7
2026-09-11T05:28:53.618575527Z,11.278011,125.342138,Cloud to Ground,16973,0,16
2026-09-11T05:28:56.005749499Z,5.588042,110.74979,Cloud to Ground,26099,0,9
2026-09-11T05:28:55.963968478Z,5.603767,110.75002,Cloud to Ground,27996,0,7
2026-09-11T05:28:55.864637915Z,5.569677,110.74356,Cloud to Ground,32811,0,11
2026-09-11T05:28:55.843156304Z,5.564548,110.77245,Cloud to Ground,57893,0,12
2026-09-11T05:28:55.912784000Z,5.6203,110.5823,Cloud to Ground,-69795,0,7
2026-09-11T05:28:57.628231091Z,9.12268,125.609894,Cloud to Cloud,5771,13299,9
2026-09-11T05:28:57.592561995Z,9.123517,125.615828,Cloud to Cloud,9681,14092,10
2026-09-11T05:28:58.678617120Z,5.637829,110.949246,Cloud to Ground,-10253,0,7
2026-09-11T05:28:58.680318398Z,5.59671,110.945776,Cloud to Ground,21543,0,12
2026-09-11T05:28:59.171060495Z,3.641192,110.163698,Cloud to Ground,-16457,0,7
2026-09-11T05:29:02.687600380Z,10.805714,119.625545,Cloud to Cloud,-11713,10193,10
2026-09-11T05:29:04.258493617Z,16.990499,121.049183,Cloud to Cloud,-15485,17058,17
2026-09-11T05:29:05.838492706Z,11.180262,125.337269,Cloud to Ground,26110,0,9
2026-09-11T05:29:06.283552000Z,11.2743,125.261,Cloud to Ground,-970,0,7
2026-09-11T05:29:11.915730699Z,3.690706,110.112898,Cloud to Ground,-13569,0,13
2026-09-11T05:29:11.491137093Z,8.486845,125.048866,Cloud to Cloud,-14145,7782,7
2026-09-11T05:29:11.726306942Z,7.644232,124.445886,Cloud to Ground,30923,0,23
2026-09-11T05:29:12.699936134Z,17.027449,120.640818,Cloud to Cloud,9624,3680,8
2026-09-11T05:29:12.881818788Z,17.092104,120.550108,Cloud to Cloud,-19180,4169,7
2026-09-11T05:29:13.008377446Z,17.120971,120.56233,Cloud to Cloud,-10891,13053,12
2026-09-11T05:29:12.849414172Z,17.040332,120.481363,Cloud to Cloud,-5995,6137,6
2026-09-11T05:29:17.888961037Z,4.24373,117.368436,Cloud to Ground,18227,0,9
2026-09-11T05:29:17.889790000Z,4.2588,117.3147,Cloud to Ground,42549,0,8
2026-09-11T05:29:18.468512290Z,11.239773,125.261778,Cloud to Ground,39760,0,18
2026-09-11T05:29:19.323169613Z,3.964383,112.181618,Cloud to Ground,-28273,0,12
2026-09-11T05:29:19.322356962Z,4.005155,112.183559,Cloud to Ground,-17032,0,7
2026-09-11T05:29:19.325358104Z,3.976379,112.176059,Cloud to Ground,-12951,0,7
2026-09-11T05:29:19.351701001Z,3.979073,112.190394,Cloud to Ground,19104,0,10
2026-09-11T05:29:20.685487321Z,3.487732,110.596527,Cloud to Ground,34375,0,9
2026-09-11T05:29:21.358346028Z,10.713809,119.508578,Cloud to Cloud,7289,10119,8
2026-09-11T05:29:21.254457805Z,10.708744,119.492546,Cloud to Cloud,13613,12163,7
2026-09-11T05:29:22.358832983Z,4.428908,110.599783,Cloud to Ground,27339,0,7
2026-09-11T05:29:22.420867325Z,11.289388,125.159352,Cloud to Ground,18158,0,12
2026-09-11T05:29:24.611287689Z,19.364242,115.883888,Cloud to Ground,-44359,0,13
2026-09-11T05:29:24.608349391Z,19.444437,115.832224,Cloud to Cloud,11963,11542,11
2026-09-11T05:29:26.024672106Z,2.807837,117.335968,Cloud to Ground,9781,0,7
2026-09-11T05:29:28.269568390Z,8.949834,125.878277,Cloud to Cloud,14509,6472,8
2026-09-11T05:29:28.293192934Z,8.997746,125.754738,Cloud to Cloud,8558,3481,7
2026-09-11T05:29:29.591366900Z,5.426933,111.47841,Cloud to Ground,45333,0,9
2026-09-11T05:29:31.736199561Z,8.526288,125.024952,Cloud to Cloud,-23230,13893,14
2026-09-11T05:29:31.692541708Z,8.51765,125.01692,Cloud to Ground,23711,0,13
2026-09-11T05:29:31.735562370Z,8.593908,124.924093,Cloud to Cloud,-64439,10706,8
2026-09-11T05:29:31.653278000Z,8.5553,124.899,Cloud to Ground,-17702,0,5
2026-09-11T05:29:32.012323841Z,4.183953,110.290258,Cloud to Ground,21344,0,10
2026-09-11T05:29:33.653800234Z,11.062242,125.365136,Cloud to Cloud,15094,19342,7
2026-09-11T05:29:36.260876528Z,3.553532,110.37449,Cloud to Ground,-11365,0,7
2026-09-11T05:29:36.409192063Z,3.519304,110.350593,Cloud to Ground,7789,0,7
2026-09-11T05:29:36.526786278Z,3.458883,110.418031,Cloud to Ground,25873,0,10
2026-09-11T05:29:36.262463620Z,3.491533,110.346607,Cloud to Ground,63254,0,10
2026-09-11T05:29:37.044424434Z,4.113843,112.265371,Cloud to Ground,19463,0,7
2026-09-11T05:29:39.154782299Z,6.982764,112.683145,Cloud to Ground,28113,0,10
2026-09-11T05:29:39.351705446Z,7.020419,112.68653,Cloud to Ground,48749,0,17
2026-09-11T05:29:39.156782000Z,6.902,112.7936,Cloud to Ground,19339,0,6
2026-09-11T05:29:41.444004291Z,11.377286,125.32285,Cloud to Ground,21501,0,16
2026-09-11T05:29:43.152526344Z,2.829054,117.310633,Cloud to Ground,-11661,0,6
2026-09-11T05:29:43.737080441Z,11.2887,125.364854,Cloud to Ground,24659,0,7
2026-09-11T05:29:43.224452999Z,10.654989,119.530295,Cloud to Cloud,5304,4069,8
2026-09-11T05:29:43.179347397Z,10.737644,119.520678,Cloud to Cloud,15696,12122,7
2026-09-11T05:29:43.045687567Z,10.68282,119.517498,Cloud to Ground,36968,0,9
2026-09-11T05:29:44.889778882Z,4.219485,110.569714,Cloud to Ground,24480,0,8
2026-09-11T05:29:46.203688615Z,3.616455,110.312134,Cloud to Ground,-20235,0,14
2026-09-11T05:29:47.381467751Z,8.492613,125.020421,Cloud to Cloud,-12010,13808,14
2026-09-11T05:29:47.349109929Z,5.469842,111.643634,Cloud to Ground,32352,0,8
2026-09-11T05:30:26.500218386Z,7.097685,112.884689,Cloud to Cloud,-30753,17805,15
2026-09-11T05:30:26.522024989Z,7.120663,112.907067,Cloud to Ground,69186,0,22
2026-09-11T05:30:27.381156700Z,2.82553,117.24309,Cloud to Ground,-20029,0,21
2026-09-11T05:30:37.758593505Z,5.582846,111.24578,Cloud to Ground,38488,0,19
2026-09-11T05:30:38.156439613Z,5.592802,110.808882,Cloud to Ground,44855,0,11
2026-09-11T05:30:37.999641037Z,5.553382,110.777943,Cloud to Ground,55060,0,19
2026-09-11T05:30:37.197348001Z,4.270613,110.650633,Cloud to Ground,-36119,0,20
2026-09-11T05:30:37.274396776Z,4.249493,110.64636,Cloud to Ground,27413,0,6
2026-09-11T05:30:37.379024516Z,4.26309,110.654856,Cloud to Ground,35855,0,12
2026-09-11T05:30:37.212070026Z,4.293245,110.656999,Cloud to Ground,42131,0,9
2026-09-11T05:30:37.634044632Z,3.532815,110.398875,Cloud to Ground,42998,0,9
2026-09-11T05:30:37.700253470Z,4.680578,117.02771,Cloud to Ground,-19914,0,24
2026-09-11T05:30:37.701752053Z,4.680782,117.019491,Cloud to Ground,-13967,0,20
2026-09-11T05:30:38.944945661Z,2.346383,113.65084,Cloud to Ground,-26207,0,7
2026-09-11T05:30:39.138456666Z,2.363049,113.673884,Cloud to Ground,-24151,0,16
2026-09-11T05:30:39.811266247Z,12.220626,125.249976,Cloud to Ground,14635,0,6
2026-09-11T05:30:39.435558000Z,12.4169,124.5623,Cloud to Ground,-11785,0,5
2026-09-11T05:30:42.202238124Z,3.601378,110.307804,Cloud to Ground,-15753,0,16
2026-09-11T05:30:43.444052343Z,4.46372,110.68057,Cloud to Ground,-18356,0,15
2026-09-11T05:30:44.547231918Z,3.963015,112.201731,Cloud to Ground,-115184,0,18
2026-09-11T05:30:44.763225704Z,3.978119,112.20498,Cloud to Ground,93822,0,27
2026-09-11T05:30:44.551601165Z,4.003067,112.208603,Cloud to Ground,279513,0,13
2026-09-11T05:30:46.322453129Z,11.12443,125.363946,Cloud to Cloud,14681,17726,9
2026-09-11T05:30:46.842416941Z,12.269641,124.549313,Cloud to Ground,26738,0,8
2026-09-11T05:30:51.984832462Z,11.266264,125.225512,Cloud to Ground,16887,0,12
2026-09-11T05:30:52.645906482Z,4.359171,114.681653,Cloud to Ground,-24734,0,20
2026-09-11T05:30:52.642615431Z,4.342604,114.692157,Cloud to Cloud,17310,17355,8
2026-09-11T05:30:52.285630950Z,11.219986,125.305284,Cloud to Cloud,9665,13737,10
2026-09-11T05:30:56.552434376Z,11.192654,125.191838,Cloud to Cloud,13004,19601,9
2026-09-11T05:30:57.946340765Z,4.2628,110.300655,Cloud to Ground,-16552,0,10
2026-09-11T05:30:57.820462929Z,4.278083,117.275406,Cloud to Ground,-14753,0,11
2026-09-11T05:31:00.124081905Z,8.561362,124.918149,Cloud to Ground,-39712,0,20
2026-09-11T05:31:00.027720933Z,8.490999,124.929552,Cloud to Ground,-21094,0,14
2026-09-11T05:31:02.884574477Z,2.835975,117.296564,Cloud to Ground,-20465,0,10
2026-09-11T05:31:02.968534903Z,2.784556,117.29663,Cloud to Ground,-10775,0,10
2026-09-11T05:31:03.712204480Z,4.362396,110.635314,Cloud to Ground,-26420,0,14
2026-09-11T05:31:03.710708878Z,4.388481,110.639929,Cloud to Ground,20458,0,9
2026-09-11T05:31:04.642924611Z,10.869233,119.49669,Cloud to Cloud,9369,11146,5
2026-09-11T05:31:06.269963331Z,3.792123,117.635847,Cloud to Ground,-18689,0,10
2026-09-11T05:31:08.992025332Z,17.109859,120.688203,Cloud to Cloud,6479,3054,14
2026-09-11T05:31:09.024467876Z,17.09547,120.564798,Cloud to Cloud,-26105,3005,10
2026-09-11T05:31:12.780832719Z,1.428516,113.505386,Cloud to Ground,17095,0,13
2026-09-11T05:31:12.748078574Z,16.993403,121.142748,Cloud to Cloud,7477,16771,7
2026-09-11T05:31:14.374146019Z,3.718523,116.393098,Cloud to Ground,-37332,0,16
2026-09-11T05:31:17.464564894Z,3.487228,110.591722,Cloud to Ground,-27643,0,5
2026-09-11T05:31:17.466540028Z,3.480511,110.585734,Cloud to Ground,46263,0,16
2026-09-11T05:31:17.596859187Z,9.081008,117.877434,Cloud to Cloud,14715,3126,7
2026-09-11T05:31:17.388382899Z,4.142043,112.272816,Cloud to Ground,30974,0,10
2026-09-11T05:31:17.220906940Z,4.143844,112.280314,Cloud to Ground,90535,0,24
2026-09-11T05:31:17.172886457Z,4.149772,112.276239,Cloud to Ground,187730,0,16
2026-09-11T05:31:17.045907524Z,11.250896,125.233477,Cloud to Ground,23156,0,11
2026-09-11T05:31:18.203660268Z,10.717908,119.555114,Cloud to Cloud,6036,3548,8
2026-09-11T05:31:20.431701122Z,11.175261,125.272666,Cloud to Cloud,7066,17653,7
2026-09-11T05:31:21.123762986Z,3.528088,110.00717,Cloud to Ground,17871,0,5
2026-09-11T05:31:26.706951737Z,11.173966,125.215395,Cloud to Cloud,7337,14768,12
2026-09-11T05:31:27.469120216Z,4.377872,117.444094,Cloud to Ground,19494,0,10
2026-09-11T05:31:31.750250874Z,7.155103,134.279614,Cloud to Ground,9629,0,9
2026-09-11T05:31:32.001004358Z,7.132884,134.247853,Cloud to Ground,11823,0,11
2026-09-11T05:31:32.109088368Z,7.132124,134.247319,Cloud to Ground,25887,0,20
2026-09-11T05:31:31.792358163Z,7.135735,134.250372,Cloud to Ground,31237,0,18
2026-09-11T05:31:31.921306225Z,7.132786,134.239945,Cloud to Ground,31908,0,22
2026-09-11T05:31:31.724182000Z,8.5221,125.0149,Cloud to Ground,-18113,0,7
2026-09-11T05:31:34.523915947Z,3.80384,110.247312,Cloud to Ground,-53549,0,8
2026-09-11T05:31:35.793686270Z,3.684863,110.186879,Cloud to Ground,16313,0,7
2026-09-11T05:31:36.118564985Z,2.846026,117.42103,Cloud to Ground,40628,0,30
2026-09-11T05:31:36.126878716Z,21.067019,122.297435,Cloud to Cloud,-20103,4602,20
2026-09-11T05:31:36.139763809Z,21.062346,122.309355,Cloud to Cloud,5162,11761,7
2026-09-11T05:31:36.133996948Z,21.067459,122.253589,Cloud to Ground,9786,0,8
2026-09-11T05:31:36.278973820Z,21.114476,122.199913,Cloud to Cloud,12131,10851,8
2026-09-11T05:31:36.128520467Z,21.144613,122.275082,Cloud to Cloud,13347,3395,6
2026-09-11T05:31:36.135064743Z,21.259412,122.151704,Cloud to Cloud,7031,12468,8
2026-09-11T05:31:36.140329662Z,21.247882,122.150299,Cloud to Cloud,11282,6650,7
2026-09-11T05:31:36.136294918Z,21.246318,122.172423,Cloud to Cloud,18098,14932,11
2026-09-11T05:31:37.984964814Z,7.630646,112.374921,Cloud to Ground,18369,0,7
2026-09-11T05:31:37.981655684Z,7.597047,112.341126,Cloud to Ground,24782,0,9
2026-09-11T05:31:37.275720014Z,11.202133,125.330017,Cloud to Cloud,-10711,16553,7
2026-09-11T05:31:36.830143000Z,11.2587,125.3856,Cloud to Ground,34615,0,7
2026-09-11T05:31:39.684154171Z,6.604858,112.282739,Cloud to Ground,16961,0,8
2026-09-11T05:31:39.677505860Z,6.671183,112.311675,Cloud to Ground,27521,0,8
2026-09-11T05:31:39.443705372Z,11.25163,125.175517,Cloud to Cloud,13666,15053,7
2026-09-11T05:31:39.568030258Z,10.761026,119.493654,Cloud to Ground,-8075,0,8
2026-09-11T05:31:40.718940579Z,9.683711,122.683855,Cloud to Ground,-28369,0,12
2026-09-11T05:31:40.730534264Z,9.621893,122.719788,Cloud to Cloud,16741,19151,7
2026-09-11T05:31:40.718419247Z,9.617859,122.718049,Cloud to Cloud,29588,18933,12
2026-09-11T05:31:40.175699503Z,2.354275,113.662987,Cloud to Ground,-13609,0,8
2026-09-11T05:31:42.138064117Z,12.204983,125.214154,Cloud to Cloud,9784,16237,8
2026-09-11T05:31:42.164701751Z,12.150483,125.137162,Cloud to Cloud,5510,3262,7
2026-09-11T05:31:43.654320922Z,17.831896,114.81317,Cloud to Cloud,-66387,3011,11
2026-09-11T05:31:43.646248350Z,17.828927,114.807453,Cloud to Ground,-54554,0,14
2026-09-11T05:31:43.688674822Z,17.819464,114.814177,Cloud to Ground,-23211,0,10
2026-09-11T05:31:43.717548570Z,17.838273,114.81396,Cloud to Ground,25405,0,12
2026-09-11T05:31:45.227763993Z,3.707787,110.173156,Cloud to Ground,-12483,0,10
2026-09-11T05:31:46.256369781Z,9.164826,125.68866,Cloud to Ground,36506,0,16
2026-09-11T05:31:48.537662004Z,11.188417,125.294733,Cloud to Cloud,-8097,17186,10
2026-09-11T05:31:48.458179928Z,11.24943,125.366751,Cloud to Cloud,21499,3004,9
2026-09-11T05:31:48.388743624Z,11.245236,125.339083,Cloud to Ground,29117,0,16
2026-09-11T05:31:48.914435000Z,11.406,125.3596,Cloud to Ground,-46533,0,7
2026-09-11T05:31:51.121172383Z,5.511087,111.639781,Cloud to Ground,-35425,0,8
2026-09-11T05:31:51.119864069Z,5.476564,111.63224,Cloud to Ground,27377,0,14
2026-09-11T05:31:52.645090896Z,7.827483,118.84489,Cloud to Ground,29433,0,14
2026-09-11T05:31:52.645594592Z,7.834728,118.847548,Cloud to Ground,48723,0,18
2026-09-11T05:31:52.654411528Z,7.924905,118.791525,Cloud to Ground,-18541,0,8
2026-09-11T05:31:56.402796046Z,11.300374,125.33626,Cloud to Ground,-15521,0,11
2026-09-11T05:31:59.365399886Z,3.818759,117.480559,Cloud to Cloud,-13244,3529,9
2026-09-11T05:31:59.113793660Z,10.717617,119.565757,Cloud to Cloud,7017,6049,7
2026-09-11T05:31:59.300492859Z,10.784384,119.450607,Cloud to Cloud,16178,7132,7
2026-09-11T05:32:00.938439775Z,11.253462,125.242488,Cloud to Cloud,9574,14748,12
2026-09-11T05:32:01.224332103Z,11.20299,125.376223,Cloud to Cloud,22358,18550,10
2026-09-11T05:32:03.604785000Z,8.5194,125.0078,Cloud to Ground,-45906,0,9
2026-09-11T05:32:04.501690237Z,10.812141,119.430494,Cloud to Cloud,-18661,3013,7
2026-09-11T05:32:05.333393762Z,11.292963,125.241782,Cloud to Cloud,-8602,19272,8
2026-09-11T05:32:05.358855748Z,11.207192,125.246043,Cloud to Cloud,9041,3376,9
2026-09-11T05:32:05.916974000Z,9.1996,125.6014,Cloud to Ground,13586,0,5
2026-09-11T05:32:07.730940126Z,6.538799,116.609009,Cloud to Cloud,-14630,18165,9
2026-09-11T05:32:07.751419100Z,6.585846,116.590579,Cloud to Ground,-12783,0,7
2026-09-11T05:32:08.862748187Z,1.283421,118.394596,Cloud to Ground,-16727,0,6
2026-09-11T05:32:08.191556523Z,3.524567,110.358763,Cloud to Ground,53046,0,25
2026-09-11T05:32:11.111937023Z,6.911862,112.449851,Cloud to Cloud,-10468,3015,6
2026-09-11T05:32:11.039644329Z,6.92778,112.440471,Cloud to Ground,17560,0,8
2026-09-11T05:32:11.841244076Z,2.859019,117.267419,Cloud to Cloud,-17450,3069,13
2026-09-11T05:32:11.832421281Z,2.862553,117.271704,Cloud to Ground,19833,0,12
2026-09-11T05:32:12.458752791Z,4.437017,110.697024,Cloud to Ground,-39134,0,9
2026-09-11T05:32:12.458270270Z,4.428076,110.694946,Cloud to Ground,25967,0,8
2026-09-11T05:32:12.596528155Z,4.413619,110.703022,Cloud to Ground,34078,0,15
2026-09-11T05:32:12.797506582Z,4.421315,110.709293,Cloud to Ground,53233,0,18
2026-09-11T05:32:12.470998751Z,4.415348,110.681441,Cloud to Ground,59221,0,10
2026-09-11T05:32:12.746204445Z,4.450759,110.70809,Cloud to Ground,67346,0,13
2026-09-11T05:32:12.389854194Z,10.73132,119.530939,Cloud to Cloud,-26623,3993,8
2026-09-11T05:32:12.586869769Z,10.772454,119.484615,Cloud to Ground,-16932,0,7
2026-09-11T05:32:12.389211000Z,10.7496,119.2976,Cloud to Ground,-14718,0,5
2026-09-11T05:32:15.645367118Z,11.345812,125.389286,Cloud to Ground,-25510,0,8
2026-09-11T05:32:16.533666926Z,5.849431,116.145886,Cloud to Cloud,-10018,3072,9
2026-09-11T05:32:26.520766733Z,4.767496,114.535618,Cloud to Cloud,-21229,3016,17
2026-09-11T05:32:26.154577489Z,6.668561,112.316977,Cloud to Cloud,-9274,3148,8
2026-09-11T05:32:26.174043396Z,6.6397,112.320051,Cloud to Ground,57922,0,21
2026-09-11T05:32:26.317879845Z,6.617254,112.221755,Cloud to Ground,-15670,0,14
2026-09-11T05:32:27.715084750Z,5.311194,118.550199,Cloud to Cloud,-32989,3084,22
2026-09-11T05:32:28.515459106Z,5.310881,110.174823,Cloud to Ground,-30619,0,10
2026-09-11T05:32:28.429124759Z,5.286459,110.125606,Cloud to Ground,110703,0,18
2026-09-11T05:32:29.398540341Z,11.963037,124.992441,Cloud to Ground,-32847,0,21
2026-09-11T05:32:29.531944537Z,11.923533,124.99543,Cloud to Ground,-12935,0,10
2026-09-11T05:32:29.377392993Z,11.916988,125.027864,Cloud to Cloud,-12341,17711,12
2026-09-11T05:32:31.549417087Z,9.122661,125.758618,Cloud to Ground,46209,0,17
2026-09-11T05:32:32.624073903Z,3.644068,110.189635,Cloud to Ground,28680,0,6
2026-09-11T05:32:32.798414941Z,3.672843,110.203973,Cloud to Ground,33287,0,9
2026-09-11T05:32:32.734433926Z,3.662582,110.203788,Cloud to Ground,40766,0,10
2026-09-11T05:32:32.689435366Z,3.664596,110.20363,Cloud to Ground,50131,0,7
2026-09-11T05:32:32.348934035Z,19.419464,115.791195,Cloud to Ground,-20055,0,11
2026-09-11T05:32:33.128204300Z,4.299086,117.526665,Cloud to Cloud,-17192,12339,8
2026-09-11T05:32:40.330955778Z,11.18572,125.296171,Cloud to Ground,-17655,0,12
2026-09-11T05:32:46.377686000Z,11.2931,125.3672,Cloud to Ground,-8259,0,5
2026-09-11T05:32:50.796942038Z,3.970257,112.200008,Cloud to Ground,23196,0,10
2026-09-11T05:32:50.850859210Z,3.975885,112.203017,Cloud to Ground,31466,0,12
2026-09-11T05:32:50.710495337Z,4.010623,112.213809,Cloud to Ground,32530,0,10
2026-09-11T05:32:50.796368168Z,3.983275,112.213227,Cloud to Ground,85756,0,26
2026-09-11T05:32:50.714312204Z,3.98083,112.199297,Cloud to Ground,105108,0,29
2026-09-11T05:32:54.836484458Z,6.955862,112.702159,Cloud to Ground,-70246,0,15
2026-09-11T05:32:54.885941137Z,6.969381,112.701106,Cloud to Ground,18411,0,6
2026-09-11T05:32:54.848635486Z,6.940038,112.721975,Cloud to Ground,80755,0,15
2026-09-11T05:32:56.010919974Z,8.561188,125.151912,Cloud to Ground,17788,0,10
2026-09-11T05:32:56.590463519Z,4.800704,115.36148,Cloud to Ground,-23693,0,13
2026-09-11T05:32:56.591390265Z,4.804459,115.354282,Cloud to Cloud,-21488,4762,17
2026-09-11T05:32:56.589360157Z,4.761215,115.361874,Cloud to Cloud,20004,3360,8
2026-09-11T05:32:58.424523728Z,3.563307,110.323354,Cloud to Ground,-23210,0,10
2026-09-11T05:33:00.970207542Z,8.546192,125.022739,Cloud to Ground,-18743,0,13
2026-09-11T05:33:01.301732569Z,2.811172,117.35203,Cloud to Ground,-10129,0,14
2026-09-11T05:33:01.701841855Z,2.9296,117.321974,Cloud to Ground,24801,0,14
2026-09-11T05:33:02.921494353Z,11.264462,125.370723,Cloud to Cloud,16413,19561,6
2026-09-11T05:33:03.258070819Z,5.584589,111.119721,Cloud to Ground,-39345,0,25
2026-09-11T05:33:03.353326023Z,5.586696,111.125489,Cloud to Ground,-29511,0,21
2026-09-11T05:33:03.069112962Z,5.584011,111.232051,Cloud to Ground,31341,0,9
2026-09-11T05:33:03.047471479Z,5.566694,111.226527,Cloud to Ground,39616,0,20
2026-09-11T05:33:03.495576376Z,10.723523,119.557122,Cloud to Ground,15381,0,7
2026-09-11T05:33:04.604581088Z,19.36987,115.832359,Cloud to Ground,16579,0,11
2026-09-11T05:33:04.605983000Z,19.3641,115.8119,Cloud to Ground,116755,0,7
2026-09-11T05:33:05.471809417Z,11.147968,128.357557,Cloud to Ground,-32417,0,18
2026-09-11T05:33:05.476404760Z,11.133455,128.404226,Cloud to Cloud,12250,18299,9
2026-09-11T05:33:06.372403625Z,3.632677,110.396359,Cloud to Ground,43739,0,12
2026-09-11T05:33:06.668008758Z,3.653888,110.408602,Cloud to Ground,57978,0,11
2026-09-11T05:33:06.362938852Z,3.912396,117.285212,Cloud to Ground,-22337,0,16
2026-09-11T05:33:08.746790931Z,6.621588,116.595213,Cloud to Cloud,-14253,19986,10
2026-09-11T05:33:08.597275304Z,11.218267,125.301789,Cloud to Ground,-10494,0,7
2026-09-11T05:33:08.599953726Z,11.108898,125.29003,Cloud to Cloud,-18158,6569,8
2026-09-11T05:33:10.951985953Z,5.019398,110.110452,Cloud to Ground,-20079,0,10
2026-09-11T05:33:13.060605740Z,1.374465,118.493373,Cloud to Ground,9722,0,9
2026-09-11T05:33:13.520311609Z,4.385309,114.718151,Cloud to Cloud,16414,4416,8
2026-09-11T05:33:13.787621606Z,12.209757,125.207398,Cloud to Ground,-17359,0,12
2026-09-11T05:33:13.876787991Z,12.119037,125.129591,Cloud to Ground,-14334,0,8
2026-09-11T05:33:14.411397615Z,11.128304,125.243967,Cloud to Ground,13607,0,6
2026-09-11T05:33:18.847150874Z,17.03201,121.067178,Cloud to Cloud,-10236,3008,10
2026-09-11T05:33:21.750710337Z,9.093269,125.673422,Cloud to Cloud,15289,18727,12
2026-09-11T05:33:21.700545585Z,10.781028,119.481101,Cloud to Ground,-19348,0,7
2026-09-11T05:33:21.638436000Z,10.7923,119.3879,Cloud to Ground,15328,0,11
2026-09-11T05:33:23.349075678Z,11.179483,125.262891,Cloud to Cloud,6448,16403,7
2026-09-11T05:33:23.550943817Z,11.179303,125.327194,Cloud to Cloud,13554,19512,10
2026-09-11T05:33:24.779337720Z,4.194603,110.271871,Cloud to Ground,-106160,0,10
2026-09-11T05:33:24.780571167Z,4.193655,110.285774,Cloud to Ground,-45197,0,10
2026-09-11T05:33:24.849424710Z,4.250305,110.25133,Cloud to Ground,43926,0,10
2026-09-11T05:33:27.826643565Z,3.878546,110.292602,Cloud to Ground,18030,0,6
2026-09-11T05:33:27.707946902Z,3.832697,110.278395,Cloud to Ground,42824,0,8
2026-09-11T05:33:33.538473194Z,4.411342,110.676635,Cloud to Ground,-38452,0,11
2026-09-11T05:33:33.552909841Z,4.436228,110.708722,Cloud to Ground,23801,0,10
2026-09-11T05:33:33.791544142Z,4.398489,110.648879,Cloud to Ground,26460,0,9
2026-09-11T05:33:33.737094015Z,4.410898,110.646968,Cloud to Ground,43695,0,12
2026-09-11T05:33:33.700187475Z,4.229002,110.403497,Cloud to Ground,-61008,0,11
2026-09-11T05:33:33.568637567Z,11.269353,125.289175,Cloud to Ground,13099,0,8
2026-09-11T05:33:36.826485913Z,7.636399,126.145969,Cloud to Ground,63388,0,21
2026-09-11T05:33:37.837789000Z,11.264,125.33,Cloud to Ground,-17569,0,5
2026-09-11T05:33:39.076633539Z,4.340242,114.689566,Cloud to Cloud,-11534,3990,8
2026-09-11T05:33:40.679543890Z,19.123722,114.168521,Cloud to Cloud,-12836,3003,9
2026-09-11T05:33:40.579505484Z,19.131295,114.16863,Cloud to Ground,31493,0,13
2026-09-11T05:33:40.208123248Z,11.247822,125.325851,Cloud to Ground,-102069,0,14
2026-09-11T05:33:40.057921000Z,11.2727,125.3971,Cloud to Ground,-45237,0,5
2026-09-11T05:33:40.059443677Z,11.231334,125.213667,Cloud to Cloud,-14576,6228,8
2026-09-11T05:33:42.167059636Z,11.129325,128.545678,Cloud to Ground,-27693,0,7
2026-09-11T05:33:42.360577882Z,11.114158,128.404527,Cloud to Cloud,-12435,15929,7
2026-09-11T05:33:43.901083949Z,6.721075,112.303206,Cloud to Ground,-46836,0,16
2026-09-11T05:33:43.900321943Z,6.672337,112.304811,Cloud to Ground,36066,0,13
2026-09-11T05:33:44.631521282Z,2.819546,117.346686,Cloud to Ground,-27787,0,16
2026-09-11T05:33:45.434462074Z,4.159457,114.568783,Cloud to Ground,30115,0,12
2026-09-11T05:33:45.545307867Z,4.227627,114.54839,Cloud to Cloud,36266,7382,9
2026-09-11T05:33:48.824161505Z,3.614629,110.172541,Cloud to Ground,-18368,0,7
2026-09-11T05:33:50.917005042Z,10.705672,119.510115,Cloud to Cloud,20422,13965,6
2026-09-11T05:33:53.992371136Z,3.615327,110.42238,Cloud to Ground,24094,0,8
2026-09-11T05:33:57.529314255Z,17.052111,120.629854,Cloud to Ground,20812,0,10
2026-09-11T05:33:59.939228498Z,2.419456,113.647679,Cloud to Ground,-23534,0,24
2026-09-11T05:33:59.936331631Z,2.41529,113.660702,Cloud to Ground,-23104,0,13
2026-09-11T05:33:59.694338586Z,10.719896,119.499941,Cloud to Cloud,7339,17393,7
2026-09-11T05:34:00.763213115Z,5.500414,110.667633,Cloud to Ground,16229,0,7
2026-09-11T05:34:01.071163302Z,3.521018,110.520933,Cloud to Ground,-15832,0,14
2026-09-11T05:34:01.282035190Z,11.234199,125.217596,Cloud to Cloud,8626,3479,7
2026-09-11T05:34:03.625426752Z,5.24162,110.144565,Cloud to Ground,-41880,0,9
2026-09-11T05:34:03.682455633Z,5.26041,110.170914,Cloud to Ground,35284,0,8
2026-09-11T05:34:03.625885778Z,5.285097,110.094964,Cloud to Ground,46859,0,19
2026-09-11T05:34:03.262092179Z,6.953911,112.459539,Cloud to Ground,16167,0,6
2026-09-11T05:34:03.222763984Z,6.900393,112.437225,Cloud to Ground,35727,0,13
2026-09-11T05:34:03.222023062Z,6.897997,112.437659,Cloud to Ground,47144,0,15
2026-09-11T05:34:05.707002364Z,4.235455,117.304075,Cloud to Ground,-18345,0,11
2026-09-11T05:34:05.965341345Z,4.275454,117.244728,Cloud to Ground,-16891,0,6
2026-09-11T05:34:06.789277867Z,2.86346,117.325612,Cloud to Ground,16771,0,17
2026-09-11T05:34:06.020001291Z,4.325072,117.321754,Cloud to Ground,22299,0,23
2026-09-11T05:34:08.751756625Z,10.662842,119.53568,Cloud to Cloud,15586,9441,7
2026-09-11T05:34:09.958399690Z,8.528959,124.882236,Cloud to Ground,-19989,0,20
2026-09-11T05:34:09.895269182Z,8.562246,124.934852,Cloud to Ground,-16191,0,12
2026-09-11T05:34:10.789139690Z,11.727128,113.119474,Cloud to Cloud,-27589,3275,12
2026-09-11T05:34:10.775985812Z,11.724214,113.047903,Cloud to Cloud,-19284,15322,7
2026-09-11T05:34:10.789812639Z,11.735577,113.031152,Cloud to Ground,23994,0,15
2026-09-11T05:34:09.776485584Z,11.185053,125.255639,Cloud to Cloud,10151,14472,7
2026-09-11T05:34:10.102222814Z,11.202228,125.246589,Cloud to Ground,13158,0,15
2026-09-11T05:34:12.243522301Z,5.123249,117.50975,Cloud to Cloud,-16738,6920,18
2026-09-11T05:34:13.965450766Z,5.558417,111.250005,Cloud to Ground,-45471,0,14
2026-09-11T05:34:14.238802557Z,5.595874,111.313759,Cloud to Ground,24208,0,7
2026-09-11T05:34:15.777117337Z,4.99202,110.097859,Cloud to Ground,-14881,0,8
2026-09-11T05:34:16.077945981Z,4.269497,114.750803,Cloud to Cloud,22239,3259,7
2026-09-11T05:34:16.055884130Z,10.740344,119.55736,Cloud to Cloud,4128,12500,6
2026-09-11T05:34:18.200793981Z,11.161705,125.262202,Cloud to Cloud,5709,13088,8
2026-09-11T05:34:19.416666145Z,2.33465,113.656426,Cloud to Ground,-15485,0,7
2026-09-11T05:34:19.894511000Z,6.4096,112.3345,Cloud to Ground,101936,0,9
2026-09-11T05:34:19.619544000Z,12.0717,125.1856,Cloud to Ground,-18213,0,5
2026-09-11T05:34:23.134257690Z,2.82192,117.299617,Cloud to Cloud,-17877,4725,8
2026-09-11T05:34:23.783755185Z,4.380954,117.490608,Cloud to Cloud,-16311,6008,15
2026-09-11T05:34:24.087166168Z,4.419244,110.688227,Cloud to Ground,31400,0,9
2026-09-11T05:34:24.118533550Z,4.424776,110.683987,Cloud to Ground,50021,0,10
2026-09-11T05:34:24.064826232Z,4.417922,110.67869,Cloud to Ground,69367,0,31
2026-09-11T05:34:24.131424239Z,3.789336,116.358993,Cloud to Ground,-11226,0,7
2026-09-11T05:34:24.132463039Z,3.709442,116.357943,Cloud to Ground,26637,0,16
2026-09-11T05:34:25.801012082Z,4.656801,110.211401,Cloud to Ground,23305,0,10
2026-09-11T05:34:26.488404243Z,8.448069,123.472305,Cloud to Cloud,-11712,16591,8
2026-09-11T05:34:26.355474599Z,8.39782,123.539146,Cloud to Ground,17725,0,12
2026-09-11T05:34:27.400589375Z,11.267323,125.269593,Cloud to Cloud,10278,4962,8
2026-09-11T05:34:28.182680098Z,4.07592,112.215145,Cloud to Ground,-40143,0,11
2026-09-11T05:34:28.188293084Z,3.991688,112.212047,Cloud to Ground,-18737,0,7
2026-09-11T05:34:28.409206412Z,3.996415,112.226916,Cloud to Ground,-12896,0,6
2026-09-11T05:34:28.407449067Z,3.98655,112.241641,Cloud to Ground,61348,0,28
2026-09-11T05:34:28.048532614Z,6.952947,112.701024,Cloud to Ground,28769,0,16
2026-09-11T05:34:28.083151344Z,19.525764,115.686652,Cloud to Ground,10165,0,7
2026-09-11T05:34:29.285353521Z,3.620994,110.382443,Cloud to Ground,35266,0,10
2026-09-11T05:34:29.102805852Z,11.169732,125.344334,Cloud to Cloud,13630,6311,8
2026-09-11T05:34:29.399282325Z,11.188414,125.384741,Cloud to Cloud,23242,17200,7
2026-09-11T05:34:33.667753498Z,9.231106,125.761857,Cloud to Ground,17363,0,14
2026-09-11T05:34:34.190052963Z,12.145458,125.231201,Cloud to Ground,-17364,0,12
2026-09-11T05:34:34.201961657Z,12.080592,125.148482,Cloud to Cloud,-9281,5692,13
2026-09-11T05:34:35.708653379Z,1.243523,118.518383,Cloud to Ground,13614,0,13
2026-09-11T05:34:37.998173489Z,4.028805,110.545681,Cloud to Ground,52316,0,7
2026-09-11T05:34:37.995601354Z,4.135859,110.532915,Cloud to Ground,-22177,0,5
2026-09-11T05:34:37.997244668Z,4.142599,110.537939,Cloud to Ground,-15530,0,6
2026-09-11T05:34:41.581071923Z,5.099186,110.10438,Cloud to Ground,30941,0,10
2026-09-11T05:34:41.393401488Z,12.081146,125.174709,Cloud to Cloud,13465,10867,8
2026-09-11T05:34:42.277178845Z,2.450568,110.488957,Cloud to Ground,-20905,0,6
2026-09-11T05:34:42.307339274Z,2.505169,110.443262,Cloud to Ground,-16666,0,18
2026-09-11T05:34:42.279496620Z,2.563437,110.505968,Cloud to Ground,35111,0,17
2026-09-11T05:34:43.462366348Z,11.248425,125.300147,Cloud to Ground,-11687,0,7
2026-09-11T05:34:45.824004156Z,11.181096,125.370314,Cloud to Ground,-19793,0,8
2026-09-11T05:34:45.168095000Z,8.4171,123.5147,Cloud to Ground,18419,0,8
2026-09-11T05:34:46.270975941Z,11.270945,125.183501,Cloud to Ground,-54050,0,12
2026-09-11T05:34:45.823565000Z,11.2559,125.3005,Cloud to Ground,-41591,0,8
2026-09-11T05:34:46.045538550Z,11.278404,125.220753,Cloud to Ground,-25353,0,9
2026-09-11T05:34:45.925044307Z,11.24006,125.18773,Cloud to Ground,-21970,0,22
2026-09-11T05:34:46.273441431Z,11.180642,125.232785,Cloud to Cloud,-20360,5787,7
2026-09-11T05:34:47.669030685Z,9.091768,117.700287,Cloud to Cloud,28764,4505,7
2026-09-11T05:34:47.231318729Z,6.44784,124.894407,Cloud to Cloud,11978,19662,8
2026-09-11T05:34:48.185387974Z,7.109188,112.875059,Cloud to Ground,32181,0,23
2026-09-11T05:34:48.554038158Z,2.348853,113.734818,Cloud to Ground,56983,0,30
2026-09-11T05:34:50.530850048Z,3.896041,110.318635,Cloud to Ground,23794,0,8
2026-09-11T05:34:51.919546040Z,4.30796,117.437745,Cloud to Cloud,-12139,7445,7
2026-09-11T05:34:51.252575883Z,2.823694,117.310169,Cloud to Ground,-25430,0,12
2026-09-11T05:34:51.159197273Z,10.743673,119.487673,Cloud to Cloud,-12095,3013,7
2026-09-11T05:34:51.164291983Z,10.779944,119.455659,Cloud to Cloud,-11215,14090,6
2026-09-11T05:34:51.003105919Z,10.70483,119.517415,Cloud to Cloud,7352,12756,6
2026-09-11T05:34:51.067827728Z,10.682448,119.497089,Cloud to Ground,18539,0,11
2026-09-11T05:34:52.654167551Z,11.37497,125.34464,Cloud to Ground,12535,0,10
2026-09-11T05:34:53.654685757Z,17.131032,120.568514,Cloud to Cloud,5956,3018,8
2026-09-11T05:34:54.860984969Z,5.628074,111.867138,Cloud to Ground,29452,0,9
2026-09-11T05:34:56.828023447Z,11.200391,125.402821,Cloud to Cloud,15383,13396,8
2026-09-11T05:34:56.915538640Z,11.228418,125.295479,Cloud to Cloud,6623,10100,9
2026-09-11T05:34:58.529150709Z,6.643551,112.292925,Cloud to Ground,23296,0,14
2026-09-11T05:34:58.530075616Z,6.671814,112.310224,Cloud to Ground,29624,0,7
2026-09-11T05:34:59.095343000Z,8.409,123.506,Cloud to Ground,-17608,0,5
2026-09-11T05:34:59.183440000Z,8.444,123.5089,Cloud to Ground,-13526,0,6
2026-09-11T05:35:01.236420776Z,11.182003,125.215762,Cloud to Ground,13117,0,9
2026-09-11T05:35:01.273280200Z,11.274582,125.299636,Cloud to Ground,-15861,0,9
2026-09-11T05:35:03.247952752Z,4.979059,110.088698,Cloud to Ground,-9887,0,5
2026-09-11T05:35:04.115262706Z,16.989049,121.104222,Cloud to Cloud,-9077,5196,10
2026-09-11T05:35:04.101672955Z,16.985908,121.116055,Cloud to Cloud,8560,3009,7
2026-09-11T05:35:04.429151572Z,17.048242,121.133611,Cloud to Ground,10832,0,11
2026-09-11T05:35:05.142509858Z,8.518344,124.894239,Cloud to Ground,-14178,0,13
2026-09-11T05:35:06.701528570Z,4.200151,110.574437,Cloud to Ground,-14080,0,9
2026-09-11T05:35:06.675405260Z,4.249703,110.568398,Cloud to Ground,16239,0,8
2026-09-11T05:35:06.771409100Z,4.186126,110.558825,Cloud to Ground,20400,0,7
2026-09-11T05:35:06.348020456Z,10.815568,119.413636,Cloud to Cloud,-18685,9937,7
2026-09-11T05:35:06.421841433Z,10.839398,119.529781,Cloud to Cloud,43880,15489,13
2026-09-11T05:35:07.518341156Z,9.240759,125.694546,Cloud to Cloud,13749,16765,16
2026-09-11T05:35:07.789259738Z,9.306509,125.548572,Cloud to Ground,-24860,0,18
2026-09-11T05:35:08.268016831Z,9.269462,125.61803,Cloud to Ground,-12247,0,11
2026-09-11T05:35:08.527931021Z,3.523068,110.378919,Cloud to Ground,-66957,0,9
2026-09-11T05:35:08.810637937Z,3.527945,110.377218,Cloud to Ground,46823,0,5
2026-09-11T05:35:08.629034588Z,3.575396,110.394833,Cloud to Ground,49781,0,7
2026-09-11T05:35:08.539221930Z,3.527121,110.377117,Cloud to Ground,77022,0,15
2026-09-11T05:35:10.436319789Z,4.826061,115.366948,Cloud to Ground,-11741,0,7
2026-09-11T05:35:12.169058793Z,1.268078,118.48835,Cloud to Cloud,-17989,3296,10
2026-09-11T05:35:21.071597826Z,4.453543,110.71456,Cloud to Ground,23905,0,8
2026-09-11T05:35:20.922681167Z,4.462091,110.686702,Cloud to Ground,29471,0,11
2026-09-11T05:35:21.134605697Z,4.418414,110.683228,Cloud to Ground,31717,0,9
2026-09-11T05:35:20.950314610Z,4.421071,110.682836,Cloud to Ground,33043,0,13
2026-09-11T05:35:21.101804094Z,4.451677,110.68576,Cloud to Ground,37263,0,9
2026-09-11T05:35:20.987929860Z,4.45599,110.685363,Cloud to Ground,81576,0,9
2026-09-11T05:35:20.881418829Z,4.421969,110.681973,Cloud to Ground,125854,0,24
2026-09-11T05:35:20.575218253Z,11.225911,125.309626,Cloud to Cloud,22293,13055,13
2026-09-11T05:35:20.593883542Z,11.135934,125.354307,Cloud to Cloud,-15906,17718,9
2026-09-11T05:35:21.882983555Z,3.876123,110.297321,Cloud to Ground,38239,0,7
2026-09-11T05:35:21.033012363Z,5.24071,110.15249,Cloud to Ground,-24707,0,7
2026-09-11T05:35:21.054219000Z,5.0188,110.2478,Cloud to Ground,43673,0,5
2026-09-11T05:35:24.483046059Z,12.05668,125.223454,Cloud to Ground,-12895,0,6
2026-09-11T05:35:24.418323149Z,12.159545,125.166545,Cloud to Cloud,-12422,3592,5
2026-09-11T05:35:24.321944830Z,12.148935,125.141688,Cloud to Cloud,5840,18457,7
2026-09-11T05:35:24.507292559Z,12.152151,125.150135,Cloud to Cloud,9944,4590,7
2026-09-11T05:35:24.734529619Z,11.495381,125.303414,Cloud to Ground,-33797,0,9
2026-09-11T05:35:26.881221075Z,3.588703,110.370619,Cloud to Ground,-26318,0,11
2026-09-11T05:35:26.977228746Z,3.607187,110.374895,Cloud to Ground,22285,0,11
2026-09-11T05:35:26.710915806Z,4.381332,116.556327,Cloud to Cloud,-12633,7193,9
2026-09-11T05:35:26.686062712Z,10.654614,119.523723,Cloud to Cloud,15947,19698,10
2026-09-11T05:35:29.516937928Z,2.342873,113.532574,Cloud to Ground,18051,0,18
2026-09-11T05:35:33.473904030Z,8.390919,123.555915,Cloud to Ground,48788,0,18
2026-09-11T05:35:34.001605206Z,11.269903,125.332844,Cloud to Cloud,11501,15087,8
2026-09-11T05:35:38.329760965Z,12.122031,125.205426,Cloud to Ground,18596,0,6
2026-09-11T05:35:39.782949628Z,3.764601,110.203948,Cloud to Ground,-18200,0,10
2026-09-11T05:35:41.176704985Z,7.321984,113.318832,Cloud to Cloud,-26717,4661,10
2026-09-11T05:35:41.174296051Z,7.38829,113.305123,Cloud to Ground,-24244,0,14
2026-09-11T05:35:41.173585595Z,7.259853,113.330557,Cloud to Cloud,-16868,3198,7
2026-09-11T05:35:41.422392659Z,3.649419,110.384379,Cloud to Ground,53141,0,8
2026-09-11T05:35:41.564949858Z,3.742702,110.39891,Cloud to Ground,24195,0,11
2026-09-11T05:35:44.967243279Z,3.851843,116.428085,Cloud to Ground,-33553,0,28
2026-09-11T05:35:45.944891613Z,2.798903,117.265511,Cloud to Ground,21328,0,10
2026-09-11T05:35:45.964038019Z,2.43183,113.593007,Cloud to Ground,-19443,0,17
2026-09-11T05:35:45.873955000Z,8.4562,124.7965,Cloud to Ground,-29630,0,5
2026-09-11T05:35:46.474794036Z,10.703462,119.517631,Cloud to Cloud,10868,11542,7
2026-09-11T05:35:48.115664285Z,3.590139,110.353428,Cloud to Ground,-35898,0,7
2026-09-11T05:35:48.748691827Z,11.259183,125.351425,Cloud to Cloud,-16247,3758,8
2026-09-11T05:35:49.300677622Z,4.709364,117.039343,Cloud to Cloud,-23579,3074,18
2026-09-11T05:35:49.786039946Z,11.227329,125.295379,Cloud to Cloud,-14455,3610,10
2026-09-11T05:35:49.867637735Z,11.208237,125.228618,Cloud to Cloud,11551,6429,13
2026-09-11T05:35:49.793002245Z,11.206475,125.214808,Cloud to Cloud,14663,5124,8
2026-09-11T05:35:49.706964853Z,11.141016,125.335879,Cloud to Cloud,17221,15814,11
2026-09-11T05:35:51.821592947Z,3.830012,110.287999,Cloud to Ground,31595,0,15
2026-09-11T05:35:52.115576551Z,3.785634,117.460747,Cloud to Ground,-15838,0,23
2026-09-11T05:35:52.981976585Z,3.487358,110.648931,Cloud to Ground,-29254,0,6
2026-09-11T05:35:55.162433266Z,3.630201,110.417839,Cloud to Ground,32140,0,11
2026-09-11T05:35:56.559916386Z,12.040119,125.006933,Cloud to Cloud,9174,16858,10
2026-09-11T05:35:56.528958370Z,12.120035,125.139327,Cloud to Ground,-20563,0,20
2026-09-11T05:35:58.565304993Z,3.962787,112.203055,Cloud to Ground,-25086,0,15
2026-09-11T05:35:58.702225298Z,3.949775,112.236334,Cloud to Ground,33061,0,12
2026-09-11T05:35:58.848803251Z,3.987158,112.23186,Cloud to Ground,34422,0,6
2026-09-11T05:35:58.657080452Z,3.964191,112.208194,Cloud to Ground,45678,0,11
2026-09-11T05:35:58.811856369Z,3.943712,112.222713,Cloud to Ground,47640,0,16
2026-09-11T05:35:58.592740546Z,3.97428,112.217305,Cloud to Ground,53502,0,17
2026-09-11T05:35:58.532115769Z,3.977029,112.217198,Cloud to Ground,129283,0,14
2026-09-11T05:36:01.621562915Z,11.209246,125.187252,Cloud to Cloud,8296,3847,7
2026-09-11T05:36:01.862916000Z,11.2382,125.3367,Cloud to Ground,30061,0,7
2026-09-11T05:36:05.733373703Z,3.679364,110.185231,Cloud to Ground,26175,0,7
2026-09-11T05:36:05.013820689Z,4.177609,114.511761,Cloud to Ground,-17625,0,12
2026-09-11T05:36:06.130047116Z,10.721998,119.489246,Cloud to Cloud,-3761,17847,6
2026-09-11T05:36:08.160672568Z,3.636203,110.37934,Cloud to Ground,56830,0,20
2026-09-11T05:36:09.928822301Z,5.660131,110.775301,Cloud to Ground,27275,0,8
2026-09-11T05:36:11.001195508Z,11.184787,125.343873,Cloud to Cloud,12786,14932,9
2026-09-11T05:36:10.905008623Z,11.200336,125.33634,Cloud to Cloud,17177,18640,11
2026-09-11T05:36:11.886177327Z,4.795479,114.528393,Cloud to Cloud,-12096,3008,7
2026-09-11T05:36:11.099004334Z,11.255807,125.18656,Cloud to Cloud,-13105,11016,10
2026-09-11T05:36:13.906571437Z,2.376216,113.602274,Cloud to Ground,-16931,0,15
2026-09-11T05:36:18.398970299Z,11.239306,125.304959,Cloud to Cloud,-3219,18257,6
2026-09-11T05:36:18.173706691Z,11.188728,125.241314,Cloud to Cloud,5026,10191,7
2026-09-11T05:36:18.108302381Z,11.195401,125.247407,Cloud to Cloud,6293,17530,10
2026-09-11T05:36:18.068890839Z,11.179242,125.331922,Cloud to Cloud,21984,18895,8
2026-09-11T05:36:17.776287390Z,11.211988,125.250123,Cloud to Ground,49560,0,8
2026-09-11T05:36:20.032332234Z,6.986204,112.465094,Cloud to Ground,39621,0,12
2026-09-11T05:36:21.622105828Z,3.609335,110.374189,Cloud to Ground,-23497,0,6
2026-09-11T05:36:23.860944000Z,4.438,110.6118,Cloud to Ground,-28503,0,5
2026-09-11T05:36:23.839310996Z,4.409832,110.66728,Cloud to Ground,19183,0,13
2026-09-11T05:36:24.016634590Z,5.048623,110.029672,Cloud to Ground,13329,0,5
2026-09-11T05:36:25.738584850Z,7.033742,112.651199,Cloud to Ground,-45030,0,23
2026-09-11T05:36:25.561256965Z,6.942049,112.676313,Cloud to Ground,-32897,0,16
2026-09-11T05:36:25.558933805Z,6.973271,112.679971,Cloud to Ground,-23208,0,11
2026-09-11T05:36:25.557125563Z,6.971546,112.674955,Cloud to Ground,-12362,0,7
2026-09-11T05:36:26.700120882Z,5.216539,110.148742,Cloud to Ground,-15874,0,7
2026-09-11T05:36:26.726812158Z,5.213458,110.140637,Cloud to Ground,43370,0,21
2026-09-11T05:36:27.389390773Z,8.471231,123.478456,Cloud to Ground,-26078,0,19
2026-09-11T05:36:27.619779983Z,8.3824,123.585621,Cloud to Ground,29395,0,8
2026-09-11T05:36:27.509697630Z,8.379441,123.57693,Cloud to Ground,46725,0,10
2026-09-11T05:36:27.303084357Z,17.006202,121.130449,Cloud to Ground,-19030,0,12
2026-09-11T05:36:33.643256082Z,11.187625,125.238443,Cloud to Cloud,7904,4478,11
2026-09-11T05:36:33.528859217Z,11.225577,125.200664,Cloud to Cloud,10237,12103,8
2026-09-11T05:36:33.573148308Z,11.157219,125.29865,Cloud to Cloud,18685,13087,7
2026-09-11T05:36:34.605842847Z,6.719763,112.277276,Cloud to Ground,-21684,0,15
2026-09-11T05:36:34.600852761Z,6.668369,112.293128,Cloud to Ground,-13945,0,7
2026-09-11T05:36:34.321571378Z,8.499947,124.999332,Cloud to Cloud,-16454,4673,14
2026-09-11T05:36:36.099276787Z,3.829755,110.255597,Cloud to Ground,25929,0,11
2026-09-11T05:36:36.187322508Z,3.833608,110.25852,Cloud to Ground,26400,0,5
2026-09-11T05:36:36.312846815Z,11.477405,125.173022,Cloud to Ground,-16419,0,10
2026-09-11T05:36:36.939294000Z,19.4161,115.739,Cloud to Ground,36390,0,7
2026-09-11T05:36:38.738523575Z,3.523588,110.347214,Cloud to Ground,-36929,0,9
2026-09-11T05:36:40.312561340Z,4.816377,115.382727,Cloud to Ground,-15711,0,23
2026-09-11T05:36:40.088566312Z,4.730263,115.361478,Cloud to Ground,42872,0,8
2026-09-11T05:36:42.942802657Z,5.521093,111.915439,Cloud to Ground,-11645,0,9
2026-09-11T05:36:42.937788079Z,5.530026,111.853231,Cloud to Ground,27995,0,7
2026-09-11T05:36:43.349027832Z,2.370389,113.59386,Cloud to Ground,-17687,0,14
2026-09-11T05:36:44.785616002Z,7.799623,118.852646,Cloud to Ground,-26307,0,14
2026-09-11T05:36:44.790212380Z,7.812019,118.843675,Cloud to Cloud,-22945,16347,10
2026-09-11T05:36:45.094503597Z,7.873371,118.80093,Cloud to Cloud,-21875,12902,12
2026-09-11T05:36:44.789113355Z,7.834078,118.820831,Cloud to Cloud,-19405,12887,10
2026-09-11T05:36:44.786948000Z,7.8228,118.7847,Cloud to Ground,18082,0,5
2026-09-11T05:36:44.835265370Z,7.846659,118.836095,Cloud to Ground,32597,0,14
2026-09-11T05:36:44.786225259Z,7.798718,118.852112,Cloud to Ground,43864,0,13
2026-09-11T05:36:44.918821514Z,11.250252,125.233766,Cloud to Cloud,-14855,4994,16
2026-09-11T05:36:45.354226191Z,11.183761,125.248768,Cloud to Ground,17543,0,12
2026-09-11T05:36:46.907573045Z,1.24002,118.463379,Cloud to Ground,24001,0,16
2026-09-11T05:36:46.385319400Z,12.143113,125.165247,Cloud to Cloud,13693,4539,7
2026-09-11T05:36:48.993016668Z,10.888246,119.62473,Cloud to Ground,22363,0,15
2026-09-11T05:36:48.487665259Z,11.434175,125.302499,Cloud to Cloud,13260,5978,8
2026-09-11T05:36:50.384643947Z,19.434388,115.891923,Cloud to Cloud,9262,17895,7
2026-09-11T05:36:52.724140322Z,4.446006,110.682908,Cloud to Ground,32999,0,9
2026-09-11T05:36:52.770286496Z,4.463388,110.718828,Cloud to Ground,35546,0,8
2026-09-11T05:36:52.860822500Z,4.539746,110.755305,Cloud to Ground,44221,0,12
2026-09-11T05:36:52.997925589Z,10.794535,119.440462,Cloud to Ground,-20807,0,7
2026-09-11T05:36:52.487631000Z,8.4961,124.9482,Cloud to Ground,14509,0,5
2026-09-11T05:36:55.835488765Z,11.579035,125.29543,Cloud to Cloud,-19054,15972,13
2026-09-11T05:36:55.712969877Z,11.237147,125.209615,Cloud to Ground,-49731,0,7
2026-09-11T05:36:55.675490142Z,11.243608,125.350024,Cloud to Ground,-46263,0,13
2026-09-11T05:36:55.731725049Z,11.211586,125.357103,Cloud to Cloud,-28098,11719,8
2026-09-11T05:36:55.909650781Z,11.237389,125.32254,Cloud to Ground,-23447,0,20
2026-09-11T05:36:55.780723175Z,11.255469,125.253151,Cloud to Ground,-20745,0,25
2026-09-11T05:36:56.042627826Z,11.312434,125.299784,Cloud to Ground,-20416,0,17
2026-09-11T05:36:55.663964937Z,11.232219,125.246979,Cloud to Cloud,-14278,18088,12
2026-09-11T05:37:02.463390539Z,11.223996,128.302562,Cloud to Ground,-42321,0,12
2026-09-11T05:37:02.440608799Z,11.140249,128.48382,Cloud to Cloud,-14897,3087,8
2026-09-11T05:37:02.117287323Z,11.116222,128.472593,Cloud to Ground,18621,0,11
2026-09-11T05:37:02.109050052Z,11.116407,128.491076,Cloud to Ground,30746,0,29
2026-09-11T05:37:02.122889236Z,11.104552,128.359794,Cloud to Cloud,14242,9965,9
2026-09-11T05:37:05.913828421Z,4.248763,117.258881,Cloud to Ground,-28247,0,16
2026-09-11T05:37:05.047582282Z,11.457111,125.198979,Cloud to Cloud,11871,3042,8
2026-09-11T05:37:05.557810579Z,11.97197,125.14024,Cloud to Cloud,11543,17764,8
2026-09-11T05:37:06.341281621Z,10.826302,119.660689,Cloud to Cloud,-11664,17609,10
2026-09-11T05:37:06.170579637Z,10.861856,119.707319,Cloud to Cloud,16282,15601,7
2026-09-11T05:37:07.806729834Z,4.187169,110.402045,Cloud to Ground,-15359,0,6
2026-09-11T05:37:08.691937620Z,3.709887,110.402317,Cloud to Ground,20444,0,8
2026-09-11T05:37:08.926494962Z,3.656069,110.382141,Cloud to Ground,29807,0,11
2026-09-11T05:37:08.622673657Z,3.64098,110.374956,Cloud to Ground,37924,0,15
2026-09-11T05:37:08.777450585Z,3.644576,110.37539,Cloud to Ground,67429,0,19
2026-09-11T05:37:08.856176000Z,3.7507,110.237,Cloud to Ground,26137,0,6
2026-09-11T05:37:11.914739816Z,4.241768,110.604137,Cloud to Ground,21617,0,9
2026-09-11T05:37:11.856754661Z,4.232522,110.602573,Cloud to Ground,42178,0,12
2026-09-11T05:37:11.833414605Z,4.20044,110.584678,Cloud to Ground,61488,0,20
2026-09-11T05:37:11.882723492Z,4.234247,110.598842,Cloud to Ground,65412,0,11
2026-09-11T05:37:13.755940440Z,5.638752,110.619634,Cloud to Ground,21921,0,9
2026-09-11T05:37:13.668053668Z,11.234275,125.298728,Cloud to Cloud,9506,11866,7
2026-09-11T05:37:14.233697028Z,9.120156,125.647016,Cloud to Cloud,12318,15174,14
2026-09-11T05:37:18.816097849Z,3.51453,110.59896,Cloud to Ground,18646,0,12
2026-09-11T05:37:19.008206731Z,3.516775,110.60672,Cloud to Ground,29638,0,8
2026-09-11T05:37:18.745940368Z,3.513099,110.604666,Cloud to Ground,34438,0,7
2026-09-11T05:37:18.770027054Z,3.520414,110.608589,Cloud to Ground,35635,0,8
2026-09-11T05:37:18.713212498Z,3.509387,110.600459,Cloud to Ground,49449,0,7
2026-09-11T05:37:18.972207234Z,4.123115,110.53479,Cloud to Ground,-17156,0,6
2026-09-11T05:37:18.970203642Z,4.146557,110.544161,Cloud to Ground,-12703,0,5
2026-09-11T05:37:21.076029288Z,4.208884,110.446396,Cloud to Ground,32839,0,13
2026-09-11T05:37:21.187432567Z,4.247618,110.458432,Cloud to Ground,47126,0,11
2026-09-11T05:37:21.910047611Z,3.001092,113.262789,Cloud to Ground,-18792,0,21
2026-09-11T05:37:21.871388679Z,6.44662,125.00304,Cloud to Ground,-16253,0,23
2026-09-11T05:37:21.781358903Z,6.452645,124.876153,Cloud to Ground,-18030,0,8
2026-09-11T05:37:22.076361105Z,2.490474,110.589617,Cloud to Ground,-15203,0,10
2026-09-11T05:37:23.414746038Z,7.118552,112.761288,Cloud to Ground,25582,0,10
2026-09-11T05:37:26.230843438Z,11.3655,125.175109,Cloud to Cloud,-29237,3685,7
2026-09-11T05:37:26.259963664Z,11.115171,125.362736,Cloud to Ground,18100,0,10
2026-09-11T05:37:26.166360620Z,11.23017,125.338397,Cloud to Ground,26937,0,9
2026-09-11T05:37:27.699446822Z,4.13738,114.549083,Cloud to Ground,38072,0,19
2026-09-11T05:37:31.344551451Z,4.020572,112.174173,Cloud to Ground,-18689,0,10
2026-09-11T05:37:31.343051008Z,3.962198,112.205954,Cloud to Ground,26798,0,7
2026-09-11T05:37:31.345041369Z,3.975697,112.218753,Cloud to Ground,39602,0,12
2026-09-11T05:37:34.603835471Z,3.714365,116.35283,Cloud to Ground,-15627,0,10
2026-09-11T05:37:34.120090353Z,5.533831,111.681952,Cloud to Ground,113561,0,12
2026-09-11T05:37:35.427869868Z,5.505354,111.828702,Cloud to Ground,35567,0,8
2026-09-11T05:37:36.752676006Z,3.896571,110.310563,Cloud to Ground,10623,0,7
2026-09-11T05:37:35.958584000Z,8.4456,123.5065,Cloud to Ground,-34524,0,7
2026-09-11T05:37:36.043910342Z,8.490892,123.514002,Cloud to Ground,-26569,0,14
2026-09-11T05:37:36.517198950Z,11.319867,125.39139,Cloud to Ground,18274,0,7
2026-09-11T05:37:37.296802145Z,17.117007,120.639421,Cloud to Cloud,-8465,3037,7
2026-09-11T05:37:38.109747007Z,5.24677,110.151542,Cloud to Ground,29903,0,9
2026-09-11T05:37:38.020202047Z,5.214509,110.14516,Cloud to Ground,64996,0,16
2026-09-11T05:37:38.754449764Z,12.207459,125.109393,Cloud to Ground,-36833,0,12
2026-09-11T05:37:38.787749736Z,12.013918,125.188127,Cloud to Cloud,8381,15733,8
2026-09-11T05:37:40.895639944Z,19.734806,118.793876,Cloud to Cloud,-10998,17703,10
2026-09-11T05:37:40.891970172Z,19.875339,118.816164,Cloud to Cloud,-13144,3089,15
2026-09-11T05:37:40.913170874Z,19.979595,118.833919,Cloud to Cloud,15307,3477,9
2026-09-11T05:37:40.903010109Z,19.968167,118.83496,Cloud to Cloud,19746,19933,10
2026-09-11T05:37:40.920421237Z,19.986946,118.831965,Cloud to Cloud,19802,6238,9
2026-09-11T05:37:43.389565928Z,10.720448,119.502482,Cloud to Ground,15340,0,6
2026-09-11T05:37:43.429738197Z,10.696263,119.509718,Cloud to Ground,16414,0,10
2026-09-11T05:37:43.405928787Z,10.699702,119.506234,Cloud to Cloud,21501,13767,11
2026-09-11T05:37:45.164004822Z,19.354167,115.763866,Cloud to Cloud,11870,6843,9
2026-09-11T05:37:46.761215300Z,4.220512,110.60594,Cloud to Ground,35935,0,17
2026-09-11T05:37:46.534583265Z,3.596002,110.367019,Cloud to Ground,23485,0,5
2026-09-11T05:37:46.505816390Z,3.59286,110.36087,Cloud to Ground,65313,0,20
2026-09-11T05:37:48.286391967Z,3.882081,117.603277,Cloud to Cloud,-18919,14874,20
2026-09-11T05:37:48.747062000Z,11.253,125.2919,Cloud to Ground,13101,0,9
2026-09-11T05:37:52.859379512Z,8.501582,124.865205,Cloud to Ground,-25167,0,12
2026-09-11T05:37:54.822633549Z,3.698341,110.236247,Cloud to Ground,-26327,0,11
2026-09-11T05:37:55.523523558Z,10.694878,119.514475,Cloud to Cloud,8917,18278,8
2026-09-11T05:37:55.394711904Z,10.694415,119.499738,Cloud to Cloud,11001,17009,10
2026-09-11T05:37:55.458312155Z,10.726154,119.463853,Cloud to Ground,13744,0,7
2026-09-11T05:37:56.109800294Z,4.266292,110.616485,Cloud to Ground,-18179,0,6
2026-09-11T05:37:57.887763097Z,12.059813,125.144327,Cloud to Cloud,8513,8596,8
2026-09-11T05:37:58.298080622Z,4.65691,117.607166,Cloud to Cloud,21169,3169,19
2026-09-11T05:38:02.987353262Z,7.077333,112.485334,Cloud to Ground,-18732,0,10
2026-09-11T05:38:02.641252264Z,6.978512,112.669072,Cloud to Ground,-28099,0,8
2026-09-11T05:38:02.863048312Z,7.007094,112.640842,Cloud to Ground,16644,0,6
2026-09-11T05:38:02.636205379Z,6.988878,112.668699,Cloud to Ground,42876,0,8
2026-09-11T05:38:02.496354000Z,11.235,125.2199,Cloud to Ground,-6465,0,5
2026-09-11T05:38:04.799320062Z,2.890898,117.291257,Cloud to Ground,18955,0,17
2026-09-11T05:38:04.895129762Z,9.073102,125.661705,Cloud to Cloud,7151,15653,7
2026-09-11T05:38:04.897494120Z,9.020679,125.775761,Cloud to Cloud,14743,3699,8
2026-09-11T05:38:07.623111920Z,12.270384,124.57299,Cloud to Ground,25225,0,7
2026-09-11T05:38:09.530103181Z,11.524494,125.325769,Cloud to Ground,13566,0,10
2026-09-11T05:38:11.486994260Z,7.026779,112.73043,Cloud to Ground,19690,0,7
2026-09-11T05:38:11.129445000Z,11.2805,125.2572,Cloud to Ground,15568,0,8
2026-09-11T05:38:14.014162081Z,3.604988,110.378921,Cloud to Ground,23533,0,6
2026-09-11T05:38:16.276348943Z,5.543872,111.430661,Cloud to Ground,-124323,0,30
2026-09-11T05:38:16.351011530Z,5.580953,111.457549,Cloud to Ground,16706,0,8
2026-09-11T05:38:16.335613295Z,5.588801,111.465203,Cloud to Ground,29171,0,7
2026-09-11T05:38:16.312778009Z,5.586987,111.455922,Cloud to Ground,34324,0,9
2026-09-11T05:38:17.371524157Z,11.97638,125.185051,Cloud to Cloud,-13585,6711,8
2026-09-11T05:38:17.370774853Z,11.929309,125.072923,Cloud to Ground,-22122,0,20
2026-09-11T05:38:19.138383291Z,4.985832,110.091828,Cloud to Ground,-12205,0,5
2026-09-11T05:38:20.125681087Z,3.574034,110.58871,Cloud to Ground,-45562,0,17
2026-09-11T05:38:20.124137587Z,3.583764,110.657446,Cloud to Ground,-26888,0,16
2026-09-11T05:38:20.488713546Z,3.553001,110.681672,Cloud to Ground,32156,0,10
2026-09-11T05:38:21.785940749Z,4.257934,110.635917,Cloud to Ground,19352,0,7
2026-09-11T05:38:21.720842511Z,4.367125,110.665007,Cloud to Ground,-25708,0,7
2026-09-11T05:38:24.970833148Z,1.46992,113.498205,Cloud to Ground,-12475,0,14
2026-09-11T05:38:26.388849583Z,7.327638,113.316595,Cloud to Cloud,-20680,3194,9
2026-09-11T05:38:26.412313408Z,7.319107,113.317329,Cloud to Ground,22899,0,15
2026-09-11T05:38:26.388354140Z,7.326642,113.310251,Cloud to Ground,35128,0,8
2026-09-11T05:38:26.678728657Z,11.453499,125.192365,Cloud to Ground,-13681,0,7
2026-09-11T05:38:26.709801276Z,12.099601,125.179779,Cloud to Cloud,8398,17294,7
2026-09-11T05:38:29.902515974Z,8.544212,123.430944,Cloud to Ground,-33520,0,20
2026-09-11T05:38:29.155758983Z,19.378478,115.764318,Cloud to Ground,27717,0,9
2026-09-11T05:38:30.045635582Z,4.352653,117.425355,Cloud to Ground,-20631,0,10
2026-09-11T05:38:30.160112911Z,4.344061,117.425992,Cloud to Cloud,-17081,9844,10
2026-09-11T05:38:30.285300250Z,11.122857,128.46362,Cloud to Ground,-150507,0,21
2026-09-11T05:38:31.116672810Z,11.104023,128.364647,Cloud to Ground,-27481,0,10
2026-09-11T05:38:31.157870733Z,11.073616,128.398426,Cloud to Ground,-24937,0,14
2026-09-11T05:38:31.325234524Z,11.005305,128.500687,Cloud to Ground,-18600,0,7
2026-09-11T05:38:31.228922000Z,11.1404,128.4779,Cloud to Ground,-27529,0,8
2026-09-11T05:38:32.367525008Z,11.247971,125.343609,Cloud to Cloud,5147,3832,7
2026-09-11T05:38:32.338716432Z,11.963182,118.075488,Cloud to Ground,47992,0,14
2026-09-11T05:38:32.341739831Z,11.89169,118.018242,Cloud to Cloud,-19131,11763,8
2026-09-11T05:38:32.357164994Z,11.923039,117.989359,Cloud to Cloud,17883,6059,12
2026-09-11T05:38:33.253562761Z,4.256722,110.415931,Cloud to Ground,13896,0,8
2026-09-11T05:38:33.190248277Z,4.221735,110.410433,Cloud to Ground,14663,0,9
2026-09-11T05:38:34.409584000Z,3.6288,110.4812,Cloud to Ground,54190,0,7
2026-09-11T05:38:34.484561704Z,11.740891,113.054273,Cloud to Ground,20623,0,8
2026-09-11T05:38:34.712274774Z,3.594457,110.359823,Cloud to Ground,28815,0,5
2026-09-11T05:38:34.514098695Z,3.587996,110.367605,Cloud to Ground,31410,0,7
2026-09-11T05:38:35.135665838Z,3.581524,110.395496,Cloud to Ground,41117,0,7
2026-09-11T05:38:39.208538543Z,11.13246,125.365287,Cloud to Cloud,16801,15554,8
2026-09-11T05:38:39.233144461Z,11.302156,125.371587,Cloud to Ground,13031,0,8
2026-09-11T05:38:41.624523916Z,5.527817,110.727936,Cloud to Ground,-102187,0,14
2026-09-11T05:38:41.625773428Z,5.557303,110.731174,Cloud to Ground,-27138,0,8
2026-09-11T05:38:41.623890362Z,5.555061,110.737986,Cloud to Ground,37722,0,9
2026-09-11T05:38:41.564801951Z,11.277152,125.328666,Cloud to Cloud,-8834,7851,9
2026-09-11T05:38:43.047467351Z,5.026714,110.095957,Cloud to Ground,34978,0,13
2026-09-11T05:38:45.485418454Z,5.562797,111.902502,Cloud to Ground,-27535,0,27
2026-09-11T05:38:45.540457054Z,5.497941,111.919772,Cloud to Ground,24186,0,16
2026-09-11T05:38:45.452435519Z,3.897247,110.326192,Cloud to Ground,-20326,0,7
2026-09-11T05:38:48.200203596Z,12.032727,125.007196,Cloud to Ground,-15616,0,16
2026-09-11T05:38:48.009359581Z,12.026068,125.157937,Cloud to Ground,-52573,0,14
2026-09-11T05:38:48.084822000Z,12.0242,125.104,Cloud to Ground,-35406,0,6
2026-09-11T05:38:49.578069090Z,3.972548,112.221278,Cloud to Ground,-65994,0,29
2026-09-11T05:38:49.623981733Z,3.986424,112.216362,Cloud to Ground,31804,0,6
2026-09-11T05:38:49.583999014Z,3.979691,112.211934,Cloud to Ground,69631,0,29
2026-09-11T05:38:49.813128801Z,4.322918,110.619908,Cloud to Ground,42345,0,12
2026-09-11T05:38:49.278224955Z,3.669852,110.217982,Cloud to Ground,14732,0,7
2026-09-11T05:38:49.680493050Z,17.002326,120.704781,Cloud to Ground,-47944,0,14
2026-09-11T05:38:49.969759410Z,17.114938,120.733623,Cloud to Ground,-16501,0,9
2026-09-11T05:38:49.907295000Z,17.1609,120.7016,Cloud to Ground,30788,0,5
2026-09-11T05:38:52.047874095Z,5.21336,110.142349,Cloud to Ground,-23154,0,21
2026-09-11T05:38:52.090421497Z,5.275955,110.148298,Cloud to Ground,28809,0,8
2026-09-11T05:38:53.562870607Z,11.501787,125.185175,Cloud to Ground,-19362,0,20
2026-09-11T05:38:57.172462257Z,11.017338,125.334679,Cloud to Cloud,15495,5126,7
2026-09-11T05:38:57.584182474Z,10.720243,119.548767,Cloud to Cloud,6438,5104,7
2026-09-11T05:38:59.913909000Z,8.5078,124.9682,Cloud to Ground,-34900,0,8
2026-09-11T05:38:59.802603439Z,8.563914,124.945246,Cloud to Cloud,-34368,10323,12
2026-09-11T05:38:59.710529586Z,8.555288,124.947693,Cloud to Ground,-28335,0,17
2026-09-11T05:39:00.567000728Z,8.393324,123.574396,Cloud to Ground,-26280,0,9
2026-09-11T05:39:00.502657684Z,3.520473,110.599345,Cloud to Ground,-17779,0,6
2026-09-11T05:39:05.681733653Z,4.407472,110.655543,Cloud to Ground,-124731,0,22
2026-09-11T05:39:05.700935133Z,4.412045,110.654763,Cloud to Ground,28088,0,10
2026-09-11T05:39:07.523053599Z,16.328322,134.508999,Cloud to Ground,-13682,0,7
2026-09-11T05:39:07.515816787Z,16.386724,134.467436,Cloud to Ground,9485,0,7
2026-09-11T05:39:07.484797519Z,16.332214,134.502971,Cloud to Ground,105577,0,24
2026-09-11T05:39:08.893444759Z,6.560543,116.584222,Cloud to Ground,14165,0,8
2026-09-11T05:39:09.365515851Z,2.759613,117.147436,Cloud to Cloud,-18280,6042,12
2026-09-11T05:39:09.418784185Z,2.877153,117.255712,Cloud to Cloud,-11630,4009,9
2026-09-11T05:39:12.395799533Z,4.176825,114.564987,Cloud to Cloud,14495,3120,10
2026-09-11T05:39:12.423178934Z,10.759982,119.519854,Cloud to Cloud,-14525,16962,9
2026-09-11T05:39:16.732968676Z,5.654362,110.664821,Cloud to Ground,-17549,0,9
2026-09-11T05:39:16.787915089Z,5.680912,110.654492,Cloud to Ground,55744,0,12
2026-09-11T05:39:16.692948896Z,5.649836,110.6672,Cloud to Ground,101647,0,20
2026-09-11T05:39:16.153147582Z,2.584344,110.609452,Cloud to Ground,-10656,0,10
2026-09-11T05:39:18.112621729Z,2.375419,113.625745,Cloud to Ground,-36058,0,22
2026-09-11T05:39:21.269090266Z,11.252244,125.38259,Cloud to Ground,-16452,0,8
2026-09-11T05:39:20.650518370Z,11.260124,125.377543,Cloud to Ground,34351,0,8
2026-09-11T05:39:22.949911768Z,7.092466,112.836422,Cloud to Cloud,11901,5137,8
2026-09-11T05:39:23.518739970Z,12.271189,124.579711,Cloud to Cloud,-4581,5996,8
2026-09-11T05:39:22.981588755Z,12.300697,124.512112,Cloud to Cloud,8719,5340,7
2026-09-11T05:39:24.656907232Z,10.815558,119.437584,Cloud to Cloud,-8113,11531,7
2026-09-11T05:39:24.890107902Z,10.751119,119.469004,Cloud to Cloud,13109,4933,12
2026-09-11T05:39:25.274632075Z,4.244397,110.611014,Cloud to Ground,58630,0,26
2026-09-11T05:39:27.755425629Z,2.856353,117.262174,Cloud to Ground,-15468,0,10
2026-09-11T05:39:38.672227948Z,2.803746,117.260206,Cloud to Ground,21981,0,22
2026-09-11T05:39:39.891057939Z,11.198716,125.35308,Cloud to Cloud,-11907,18727,8
2026-09-11T05:39:41.815578783Z,7.145899,112.86354,Cloud to Cloud,14249,3002,7
2026-09-11T05:39:41.498549699Z,1.195299,118.491157,Cloud to Ground,-29517,0,21
2026-09-11T05:39:42.102239816Z,12.279383,124.561934,Cloud to Cloud,6689,5531,6
2026-09-11T05:39:42.133415684Z,12.268884,124.591751,Cloud to Cloud,10633,3032,7
2026-09-11T05:39:44.052930861Z,5.23624,118.570419,Cloud to Ground,14568,0,8
2026-09-11T05:39:45.745385740Z,3.921575,110.29763,Cloud to Ground,-21573,0,10
2026-09-11T05:39:46.997292577Z,3.648788,110.370535,Cloud to Ground,24309,0,8
2026-09-11T05:39:46.838882590Z,3.625558,110.373268,Cloud to Ground,91686,0,20
2026-09-11T05:39:46.516168269Z,8.49203,125.035524,Cloud to Ground,-27694,0,16
2026-09-11T05:39:46.599954223Z,8.497563,125.007417,Cloud to Ground,-20744,0,16
2026-09-11T05:39:46.692688023Z,8.491916,125.016789,Cloud to Ground,-16350,0,13
2026-09-11T05:39:46.476782081Z,11.261844,125.230835,Cloud to Ground,-33834,0,26
2026-09-11T05:39:46.427765025Z,11.235669,125.178342,Cloud to Ground,-13328,0,7
2026-09-11T05:39:46.385437560Z,11.228498,125.203905,Cloud to Ground,-12957,0,18
2026-09-11T05:39:47.366267320Z,6.524615,116.547859,Cloud to Ground,-15115,0,15
2026-09-11T05:39:48.760207633Z,6.523975,116.451705,Cloud to Cloud,17143,14301,14
2026-09-11T05:39:48.978610273Z,6.683199,116.597765,Cloud to Cloud,9913,4799,7
2026-09-11T05:39:48.218014653Z,4.328824,114.695294,Cloud to Ground,30882,0,12
2026-09-11T05:39:49.142617640Z,19.444285,115.693348,Cloud to Ground,17814,0,8
2026-09-11T05:39:51.172103221Z,2.314076,113.647983,Cloud to Ground,24963,0,15
2026-09-11T05:39:51.222436620Z,21.865673,123.036009,Cloud to Ground,-10336,0,7
2026-09-11T05:39:51.217260485Z,21.957075,122.920894,Cloud to Cloud,-7964,8972,7
2026-09-11T05:39:51.213477903Z,21.861149,123.03515,Cloud to Ground,-7597,0,7
2026-09-11T05:39:51.128296557Z,21.79337,123.114761,Cloud to Cloud,5749,12973,5
2026-09-11T05:39:51.062390591Z,21.793597,123.095969,Cloud to Cloud,6056,16857,6
2026-09-11T05:39:51.063384330Z,21.792979,123.106617,Cloud to Cloud,7812,8777,7
2026-09-11T05:39:51.140469550Z,21.824689,123.049184,Cloud to Cloud,8257,8473,7
2026-09-11T05:39:51.187266696Z,21.770652,123.118384,Cloud to Cloud,9525,8483,8
2026-09-11T05:39:51.057284328Z,21.720155,123.169996,Cloud to Cloud,9863,3006,7
2026-09-11T05:39:51.075222144Z,21.782524,123.081935,Cloud to Cloud,10849,13409,6
2026-09-11T05:39:51.118643015Z,21.901523,122.989662,Cloud to Cloud,12436,18908,8
2026-09-11T05:39:51.187856525Z,21.839873,123.023594,Cloud to Cloud,13707,8621,9
2026-09-11T05:39:51.064312401Z,21.826769,122.981551,Cloud to Cloud,14406,16703,11
2026-09-11T05:39:51.055963383Z,21.826506,123.006378,Cloud to Cloud,15719,6386,13
2026-09-11T05:39:51.058768684Z,21.928553,122.964546,Cloud to Ground,17915,0,10
2026-09-11T05:39:51.055154207Z,21.778219,123.1122,Cloud to Ground,27383,0,8
2026-09-11T05:39:52.846908818Z,4.328987,117.561272,Cloud to Ground,27854,0,15
2026-09-11T05:39:54.976509887Z,2.47151,110.498771,Cloud to Ground,32867,0,12
2026-09-11T05:39:56.515829944Z,5.542097,111.865986,Cloud to Ground,-21730,0,18
2026-09-11T05:39:56.523804519Z,5.604661,111.918833,Cloud to Ground,52735,0,23
2026-09-11T05:39:56.824574085Z,5.593214,111.891549,Cloud to Ground,55893,0,13
2026-09-11T05:39:56.709709260Z,7.020515,112.677632,Cloud to Ground,-26955,0,9
2026-09-11T05:39:56.710248092Z,7.006947,112.680565,Cloud to Ground,-24877,0,9
2026-09-11T05:39:56.715836287Z,7.010941,112.691642,Cloud to Ground,-23696,0,11
2026-09-11T05:39:56.751617141Z,6.978213,112.695984,Cloud to Cloud,-18738,7540,7
2026-09-11T05:39:56.712512784Z,7.003879,112.681337,Cloud to Ground,-10587,0,7
2026-09-11T05:39:56.708908447Z,6.958324,112.669003,Cloud to Ground,21876,0,11
2026-09-11T05:39:56.708521689Z,10.692144,119.50711,Cloud to Ground,-10702,0,7
2026-09-11T05:39:56.687943084Z,10.659888,119.50202,Cloud to Cloud,21159,5778,10
2026-09-11T05:40:02.987859083Z,11.227594,125.264896,Cloud to Ground,53258,0,10
2026-09-11T05:40:06.911383301Z,2.838019,117.348102,Cloud to Ground,-11625,0,8
2026-09-11T05:40:07.189232309Z,4.237575,110.613189,Cloud to Ground,43340,0,20
2026-09-11T05:40:07.270269795Z,11.212713,125.321003,Cloud to Ground,29503,0,6
2026-09-11T05:40:11.610748444Z,11.187319,125.265839,Cloud to Cloud,7560,12618,8
2026-09-11T05:40:13.965536920Z,4.435045,110.684486,Cloud to Ground,-17620,0,8
2026-09-11T05:40:14.033336027Z,4.409563,110.673085,Cloud to Ground,20136,0,7
2026-09-11T05:40:14.031228397Z,4.377922,110.649778,Cloud to Ground,28705,0,10
2026-09-11T05:40:14.116788852Z,4.451087,110.689334,Cloud to Ground,39510,0,10
2026-09-11T05:40:14.202394085Z,4.409856,110.682715,Cloud to Ground,48288,0,17
2026-09-11T05:40:14.431173357Z,17.127168,120.562106,Cloud to Cloud,-13210,7402,9
2026-09-11T05:40:14.428301743Z,17.13401,120.558123,Cloud to Cloud,14429,3095,13
2026-09-11T05:40:15.220477207Z,11.255112,125.263526,Cloud to Ground,13662,0,8
2026-09-11T05:40:16.826846617Z,8.396787,123.527302,Cloud to Ground,-32039,0,14
2026-09-11T05:40:16.439582985Z,10.270627,113.110931,Cloud to Ground,-26093,0,10
2026-09-11T05:40:16.439067315Z,10.290882,113.10324,Cloud to Cloud,-14653,3024,8
2026-09-11T05:40:16.430151622Z,10.329125,113.212621,Cloud to Ground,-22565,0,11
2026-09-11T05:40:16.427940069Z,10.338861,113.229262,Cloud to Cloud,-16658,11605,8
2026-09-11T05:40:19.579872904Z,5.537189,110.755036,Cloud to Ground,-38942,0,19
2026-09-11T05:40:19.577467028Z,5.546274,110.673899,Cloud to Ground,22813,0,8
2026-09-11T05:40:19.583475840Z,5.53153,110.581844,Cloud to Ground,-13249,0,13
2026-09-11T05:40:19.099198216Z,3.64731,116.112111,Cloud to Ground,16796,0,10
2026-09-11T05:40:19.101223905Z,3.654578,116.128672,Cloud to Ground,34135,0,13
2026-09-11T05:40:19.100021757Z,3.742331,116.086018,Cloud to Ground,-58780,0,23
2026-09-11T05:40:20.402905330Z,3.94049,110.33045,Cloud to Ground,-14974,0,6
2026-09-11T05:40:20.404350324Z,3.990667,110.343195,Cloud to Cloud,-14117,3265,8
2026-09-11T05:40:20.536803227Z,3.939958,110.364165,Cloud to Ground,23319,0,8
2026-09-11T05:40:20.727363622Z,2.85491,117.260707,Cloud to Ground,-16711,0,18
2026-09-11T05:40:20.709771958Z,2.86315,117.264004,Cloud to Cloud,-12885,3038,14
2026-09-11T05:40:21.099429223Z,3.740176,110.231248,Cloud to Ground,16035,0,7
2026-09-11T05:40:21.172252614Z,3.699093,110.209458,Cloud to Ground,37419,0,22
2026-09-11T05:40:21.059043262Z,3.697048,110.216907,Cloud to Ground,82081,0,20
2026-09-11T05:40:21.822554924Z,5.259371,110.15115,Cloud to Ground,46654,0,11
2026-09-11T05:40:21.668320036Z,19.414251,115.777624,Cloud to Ground,-27145,0,10
2026-09-11T05:40:21.427140482Z,11.180488,125.272174,Cloud to Cloud,12165,18314,9
2026-09-11T05:40:22.568347924Z,3.616109,110.371608,Cloud to Ground,-17865,0,10
2026-09-11T05:40:25.180239031Z,11.41665,125.261704,Cloud to Ground,19675,0,8
2026-09-11T05:40:26.068393000Z,8.5091,124.9816,Cloud to Ground,-17334,0,5
2026-09-11T05:40:26.050859885Z,8.548547,124.953653,Cloud to Ground,-15652,0,19
2026-09-11T05:40:26.844240463Z,2.331948,113.657931,Cloud to Ground,-18119,0,7
2026-09-11T05:40:27.070325197Z,2.370721,113.634033,Cloud to Ground,-13476,0,11
2026-09-11T05:40:29.576617169Z,11.186928,125.367825,Cloud to Ground,-20567,0,9
2026-09-11T05:40:29.448655834Z,11.256891,125.261355,Cloud to Cloud,3157,7541,6
2026-09-11T05:40:29.872161568Z,11.17244,125.230619,Cloud to Ground,9381,0,7
2026-09-11T05:40:30.409404104Z,11.219448,125.241184,Cloud to Ground,16252,0,15
2026-09-11T05:40:31.304017698Z,2.416027,113.55584,Cloud to Ground,-20634,0,24
2026-09-11T05:40:31.810352428Z,3.866541,110.267865,Cloud to Ground,-13107,0,6
2026-09-11T05:40:32.632360602Z,4.275045,110.603448,Cloud to Ground,33274,0,9
2026-09-11T05:40:33.355691410Z,10.780889,119.440652,Cloud to Cloud,17648,18187,6
2026-09-11T05:40:36.993665765Z,5.265476,110.3469,Cloud to Ground,22723,0,10
2026-09-11T05:40:39.991004438Z,3.920953,110.334226,Cloud to Ground,-18865,0,8
2026-09-11T05:40:40.060875591Z,11.468654,125.203319,Cloud to Ground,-16539,0,12
2026-09-11T05:40:40.235109525Z,11.474554,125.21139,Cloud to Ground,-12868,0,10
2026-09-11T05:40:40.115037000Z,11.513,125.309,Cloud to Ground,-46536,0,8
2026-09-11T05:40:40.019466000Z,11.5151,125.333,Cloud to Ground,-25861,0,5
2026-09-11T05:40:41.100050336Z,5.63414,110.655844,Cloud to Ground,20895,0,8
2026-09-11T05:40:43.536062000Z,2.8231,117.2222,Cloud to Ground,-30240,0,5
2026-09-11T05:40:43.333724746Z,2.86104,117.263388,Cloud to Cloud,-16746,3005,23
2026-09-11T05:40:47.887304251Z,1.327033,118.354449,Cloud to Ground,34374,0,17
2026-09-11T05:40:48.390645140Z,9.15368,125.561651,Cloud to Cloud,12243,11252,8
2026-09-11T05:40:48.367025214Z,9.168252,125.662863,Cloud to Ground,33243,0,13
2026-09-11T05:40:48.574845941Z,3.858389,110.293298,Cloud to Ground,21584,0,5
2026-09-11T05:40:49.389358148Z,11.45641,125.332596,Cloud to Cloud,12236,4922,6
2026-09-11T05:40:52.216615402Z,11.179971,125.213934,Cloud to Ground,25141,0,8
2026-09-11T05:40:53.937522771Z,4.231092,110.596428,Cloud to Ground,20870,0,11
2026-09-11T05:40:53.792775904Z,4.234118,110.596329,Cloud to Ground,37506,0,15
2026-09-11T05:40:54.978146808Z,2.317699,113.642098,Cloud to Ground,-35857,0,18
2026-09-11T05:40:55.542748967Z,6.728646,112.305226,Cloud to Ground,-20665,0,14
2026-09-11T05:40:55.793675579Z,11.44394,125.235716,Cloud to Cloud,-10917,13909,12
2026-09-11T05:40:55.792006000Z,11.3867,125.4044,Cloud to Ground,-8611,0,8
2026-09-11T05:40:55.950210367Z,6.98143,112.694482,Cloud to Ground,20677,0,15
2026-09-11T05:40:56.152775617Z,7.043502,112.675044,Cloud to Ground,28147,0,17
2026-09-11T05:40:57.007078717Z,11.401066,125.333367,Cloud to Cloud,15677,8900,8
2026-09-11T05:40:57.500071135Z,10.714924,119.504267,Cloud to Cloud,8842,11362,8
2026-09-11T05:41:01.948381411Z,2.849638,117.313412,Cloud to Ground,12045,0,15
2026-09-11T05:41:02.819102805Z,3.737491,116.427238,Cloud to Ground,-26813,0,17
2026-09-11T05:41:02.809844965Z,3.747957,116.44129,Cloud to Ground,24152,0,18
2026-09-11T05:41:02.381335642Z,11.255533,125.347017,Cloud to Ground,11265,0,15
2026-09-11T05:41:03.040358587Z,4.274107,110.570517,Cloud to Ground,-17163,0,11
2026-09-11T05:41:03.916623955Z,11.957046,125.047622,Cloud to Cloud,-7606,3672,6
2026-09-11T05:41:03.272699041Z,11.389818,125.244339,Cloud to Cloud,12689,3456,8
2026-09-11T05:41:03.852811110Z,11.966046,125.14186,Cloud to Cloud,-20146,15131,9
2026-09-11T05:41:04.786244679Z,3.676221,110.469125,Cloud to Ground,34396,0,10
2026-09-11T05:41:05.351625018Z,1.432459,118.313904,Cloud to Cloud,-27203,3132,22
2026-09-11T05:41:05.871857579Z,7.053402,112.726424,Cloud to Ground,-16031,0,6
2026-09-11T05:41:05.943009218Z,7.146074,112.834746,Cloud to Ground,-30024,0,8
2026-09-11T05:41:06.065754534Z,7.125621,112.842027,Cloud to Ground,18854,0,10
2026-09-11T05:41:05.890371210Z,7.102304,112.832952,Cloud to Ground,61446,0,19
2026-09-11T05:41:06.449408312Z,11.39314,125.228867,Cloud to Ground,12749,0,9
2026-09-11T05:41:11.724041958Z,4.173531,114.68477,Cloud to Ground,29322,0,11
2026-09-11T05:41:12.445108503Z,11.21917,125.208643,Cloud to Ground,14494,0,8
2026-09-11T05:41:13.262279402Z,11.245575,125.375366,Cloud to Ground,17115,0,6
2026-09-11T05:41:13.592508133Z,11.223231,125.260252,Cloud to Cloud,16073,14319,13
2026-09-11T05:41:14.388738103Z,11.566039,125.320452,Cloud to Ground,-26014,0,15
2026-09-11T05:41:15.498145682Z,3.53959,110.643007,Cloud to Ground,21068,0,9
2026-09-11T05:41:15.333681787Z,3.598731,110.629905,Cloud to Ground,27228,0,7
2026-09-11T05:41:15.497581608Z,3.524214,110.627413,Cloud to Ground,49984,0,11
2026-09-11T05:41:15.306246914Z,3.546646,110.61933,Cloud to Ground,87952,0,12
2026-09-11T05:41:17.607892674Z,1.482612,113.494248,Cloud to Ground,-23988,0,7
2026-09-11T05:41:17.655688105Z,1.421417,113.485706,Cloud to Ground,20585,0,8
2026-09-11T05:41:17.338770033Z,1.426092,113.528311,Cloud to Ground,27814,0,11
2026-09-11T05:41:17.270495733Z,1.4171,113.49877,Cloud to Ground,192170,0,18
2026-09-11T05:41:18.722146000Z,11.358,125.3295,Cloud to Ground,12008,0,6
2026-09-11T05:41:19.200903684Z,11.445644,125.207201,Cloud to Cloud,13107,3108,7
2026-09-11T05:41:20.845828279Z,5.483263,111.904977,Cloud to Ground,-21014,0,7
2026-09-11T05:41:21.086086074Z,11.089275,128.417327,Cloud to Cloud,12532,3268,15
2026-09-11T05:41:23.937463915Z,4.349725,117.286921,Cloud to Ground,-30604,0,24
2026-09-11T05:41:25.085064000Z,12.3558,124.5595,Cloud to Ground,12701,0,5
2026-09-11T05:41:26.338998855Z,1.339453,118.325191,Cloud to Ground,-10663,0,9
2026-09-11T05:41:26.384475857Z,4.16113,114.546533,Cloud to Ground,16773,0,10
2026-09-11T05:41:27.965230181Z,6.590236,112.243016,Cloud to Ground,-47343,0,10
2026-09-11T05:41:28.067945266Z,6.556026,112.251099,Cloud to Ground,12820,0,13
2026-09-11T05:41:27.979510224Z,6.56634,112.224554,Cloud to Ground,145940,0,17
2026-09-11T05:41:27.780122143Z,4.723361,114.586071,Cloud to Ground,-27709,0,20
2026-09-11T05:41:27.498230236Z,11.491883,125.183581,Cloud to Cloud,-9471,3284,10
2026-09-11T05:41:28.192322259Z,4.193907,110.419377,Cloud to Ground,14194,0,5
2026-09-11T05:41:28.279023323Z,4.195152,110.565559,Cloud to Ground,-35916,0,10
2026-09-11T05:41:28.278236630Z,4.202109,110.566487,Cloud to Ground,-26510,0,9
2026-09-11T05:41:28.314337462Z,4.230426,110.540953,Cloud to Ground,-20807,0,14
2026-09-11T05:41:29.952098118Z,20.020965,118.821717,Cloud to Cloud,5206,4647,6
