timestamp,latitude,longitude,type,amplitude_ka,height_m,num_sensors
2026-10-09T23:01:49.539739038Z,4.20649,119.218019,Cloud to Cloud,-16471,3690,19
2026-10-09T23:01:49.505682890Z,4.152198,119.246946,Cloud to Ground,15623,0,13
2026-10-09T23:01:49.846911795Z,4.133046,119.245009,Cloud to Ground,21757,0,17
2026-10-09T23:01:50.646825101Z,7.554888,116.695197,Cloud to Cloud,-13342,11437,7
2026-10-09T23:01:50.371576493Z,7.570043,116.863114,Cloud to Ground,-79612,0,14
2026-10-09T23:01:50.398766654Z,7.562734,116.873184,Cloud to Ground,-30243,0,11
2026-10-09T23:01:50.468219377Z,7.567042,116.864256,Cloud to Ground,-15186,0,8
2026-10-09T23:01:50.456148902Z,7.640224,116.803328,Cloud to Ground,-17212,0,16
2026-10-09T23:01:51.414666965Z,6.913283,130.995306,Cloud to Cloud,20990,14135,24
2026-10-09T23:01:51.417854678Z,6.907739,131.095255,Cloud to Ground,27399,0,19
2026-10-09T23:01:54.831944402Z,9.237134,121.262711,Cloud to Ground,-107996,0,20
2026-10-09T23:01:54.828475031Z,9.177502,121.281945,Cloud to Cloud,-103372,7533,7
2026-10-09T23:01:55.125215001Z,9.251882,121.240607,Cloud to Ground,-35882,0,10
2026-10-09T23:01:54.955139505Z,9.223958,121.291488,Cloud to Ground,-33960,0,9
2026-10-09T23:01:56.257942031Z,0.180183,111.407954,Cloud to Ground,-10347,0,10
2026-10-09T23:02:02.298150665Z,13.680245,111.993551,Cloud to Ground,24684,0,12
2026-10-09T23:02:05.764444412Z,8.187373,120.770846,Cloud to Ground,21222,0,10
2026-10-09T23:02:05.950150494Z,8.21033,120.788358,Cloud to Ground,33944,0,10
2026-10-09T23:02:06.039398015Z,7.86545,120.948543,Cloud to Ground,-38399,0,21
2026-10-09T23:02:08.526597117Z,9.564982,133.66219,Cloud to Ground,19201,0,18
2026-10-09T23:02:08.691040783Z,7.214957,131.006337,Cloud to Cloud,16555,3218,12
2026-10-09T23:02:08.425376524Z,15.519709,126.829067,Cloud to Ground,-27756,0,16
2026-10-09T23:02:10.630122422Z,9.58938,134.066661,Cloud to Cloud,-12227,11204,10
2026-10-09T23:02:10.605705958Z,9.699734,134.164115,Cloud to Ground,-22015,0,19
2026-10-09T23:02:12.971565154Z,8.493587,134.988893,Cloud to Cloud,-11968,7569,14
2026-10-09T23:02:12.962251353Z,8.48549,134.965814,Cloud to Cloud,8686,3861,10
2026-10-09T23:02:13.053428935Z,1.934661,110.453789,Cloud to Ground,26046,0,13
2026-10-09T23:02:15.965403871Z,11.901255,119.644654,Cloud to Ground,16801,0,8
2026-10-09T23:02:16.221563734Z,12.029461,119.595935,Cloud to Ground,-15289,0,11
2026-10-09T23:02:17.075676463Z,2.86899,122.506862,Cloud to Cloud,-12449,19407,16
2026-10-09T23:02:17.078562954Z,2.948866,122.506136,Cloud to Cloud,9846,4172,8
2026-10-09T23:02:17.072862134Z,2.883732,122.522316,Cloud to Ground,54432,0,26
2026-10-09T23:02:18.781943917Z,9.211319,121.220511,Cloud to Cloud,-5152,9807,5
2026-10-09T23:02:19.966498850Z,21.021894,122.658632,Cloud to Cloud,6062,16479,7
2026-10-09T23:02:20.248502517Z,4.305315,119.358803,Cloud to Ground,12040,0,10
2026-10-09T23:02:20.249713154Z,4.296891,119.355167,Cloud to Ground,27294,0,25
2026-10-09T23:02:21.082421553Z,4.085687,119.569018,Cloud to Ground,-96743,0,14
2026-10-09T23:02:21.888981035Z,4.071036,119.607514,Cloud to Ground,-19083,0,19
2026-10-09T23:02:21.862254453Z,4.07081,119.572775,Cloud to Ground,-18626,0,22
2026-10-09T23:02:21.825178682Z,4.07454,119.583339,Cloud to Ground,47117,0,22
2026-10-09T23:02:22.745771569Z,5.836725,119.021392,Cloud to Cloud,-50589,3208,18
2026-10-09T23:02:22.889691372Z,4.157989,119.294947,Cloud to Ground,-26477,0,15
2026-10-09T23:02:22.963197000Z,4.1792,119.1883,Cloud to Ground,13483,0,5
2026-10-09T23:02:24.711178250Z,0.236915,111.435747,Cloud to Ground,-14946,0,10
2026-10-09T23:02:24.715692911Z,0.287226,111.350424,Cloud to Ground,-22580,0,21
2026-10-09T23:02:27.707425237Z,6.949764,130.747236,Cloud to Cloud,-103743,3842,15
2026-10-09T23:02:30.052946461Z,1.470741,123.202275,Cloud to Cloud,5189,4858,6
2026-10-09T23:02:31.053944969Z,9.010061,134.949531,Cloud to Ground,-11619,0,9
2026-10-09T23:02:31.052917909Z,8.999953,134.940865,Cloud to Ground,16992,0,13
2026-10-09T23:02:33.956850895Z,7.978836,114.353248,Cloud to Ground,-124061,0,11
2026-10-09T23:02:34.048050921Z,7.972609,114.36922,Cloud to Ground,-26279,0,6
2026-10-09T23:02:34.041927291Z,7.996712,114.374736,Cloud to Ground,-23212,0,9
2026-10-09T23:02:34.382433732Z,8.028624,114.360316,Cloud to Ground,16159,0,7
2026-10-09T23:02:34.169414000Z,7.9959,114.3001,Cloud to Ground,25886,0,5
2026-10-09T23:02:34.056794738Z,7.995126,114.390404,Cloud to Cloud,27334,3032,9
2026-10-09T23:02:34.295899327Z,8.02474,114.354302,Cloud to Ground,32895,0,14
2026-10-09T23:02:34.223475199Z,8.03875,114.37999,Cloud to Ground,43621,0,10
2026-10-09T23:02:34.123936083Z,7.965536,114.409521,Cloud to Ground,43766,0,13
2026-10-09T23:02:33.960694999Z,8.018057,114.37696,Cloud to Ground,100809,0,12
2026-10-09T23:02:44.072295127Z,7.544392,116.889675,Cloud to Ground,23349,0,12
2026-10-09T23:02:45.403813845Z,9.245454,121.341311,Cloud to Ground,30119,0,15
2026-10-09T23:02:50.294983966Z,4.076715,119.537896,Cloud to Ground,-12510,0,22
2026-10-09T23:02:53.577381043Z,1.412571,123.232491,Cloud to Cloud,-10106,6934,15
2026-10-09T23:02:56.424198492Z,7.315416,131.175779,Cloud to Cloud,24520,5930,16
2026-10-09T23:02:56.394296209Z,7.275069,131.039281,Cloud to Ground,-53161,0,12
2026-10-09T23:02:56.445316680Z,7.211,131.218441,Cloud to Ground,-22195,0,18
2026-10-09T23:02:56.080863236Z,12.409666,113.265517,Cloud to Cloud,15919,15051,7
2026-10-09T23:02:56.505108944Z,12.493301,113.40885,Cloud to Ground,-57745,0,11
2026-10-09T23:02:57.250194852Z,2.035139,118.117431,Cloud to Ground,-27510,0,26
2026-10-09T23:02:57.248035528Z,2.028914,118.119855,Cloud to Ground,12301,0,13
2026-10-09T23:02:57.425970838Z,1.989361,117.983029,Cloud to Ground,-17236,0,22
2026-10-09T23:02:57.143501737Z,7.217576,131.077224,Cloud to Ground,-18026,0,10
2026-10-09T23:02:58.485878405Z,0.185355,111.412098,Cloud to Ground,-19051,0,12
2026-10-09T23:02:58.489545624Z,0.190011,111.419351,Cloud to Ground,42468,0,24
2026-10-09T23:02:58.250936842Z,8.496643,134.866075,Cloud to Ground,22879,0,12
2026-10-09T23:03:00.349127322Z,3.740271,119.005018,Cloud to Cloud,-9800,10483,21
2026-10-09T23:03:02.837653287Z,2.954644,122.530798,Cloud to Ground,-25863,0,24
2026-10-09T23:03:02.999229127Z,2.947049,122.56013,Cloud to Ground,-9495,0,10
2026-10-09T23:03:02.838473736Z,2.844398,122.541956,Cloud to Ground,-12996,0,15
2026-10-09T23:03:03.577843920Z,14.711049,126.585661,Cloud to Ground,-35893,0,20
2026-10-09T23:03:09.304522137Z,10.218164,111.049763,Cloud to Ground,-28312,0,22
2026-10-09T23:03:09.299900365Z,4.110184,119.268181,Cloud to Ground,-12539,0,17
2026-10-09T23:03:09.340745767Z,4.152592,119.252165,Cloud to Ground,49570,0,9
2026-10-09T23:03:09.367403686Z,4.227033,119.54575,Cloud to Cloud,-12548,14851,15
2026-10-09T23:03:09.282854022Z,4.248067,119.206136,Cloud to Ground,-53308,0,15
2026-10-09T23:03:11.136738275Z,4.189515,121.775962,Cloud to Cloud,9362,3808,8
2026-10-09T23:03:11.424601358Z,15.336897,126.573592,Cloud to Cloud,-9624,3010,11
2026-10-09T23:03:13.912728069Z,1.464296,123.146827,Cloud to Ground,21627,0,20
2026-10-09T23:03:16.437222926Z,1.409959,123.213862,Cloud to Ground,-18745,0,16
2026-10-09T23:03:16.816790211Z,7.527937,116.420191,Cloud to Ground,38954,0,12
2026-10-09T23:03:17.013027794Z,9.626296,134.055418,Cloud to Cloud,13768,7667,7
2026-10-09T23:03:25.818587216Z,9.602303,134.069249,Cloud to Cloud,11279,17465,10
2026-10-09T23:03:27.895183429Z,1.930595,110.443324,Cloud to Ground,15558,0,13
2026-10-09T23:03:28.666209370Z,1.918511,110.513042,Cloud to Ground,-50036,0,23
2026-10-09T23:03:28.830790192Z,1.933515,110.423149,Cloud to Ground,-22698,0,17
2026-10-09T23:03:28.698302357Z,1.879492,110.511717,Cloud to Ground,-22669,0,18
2026-10-09T23:03:28.738626291Z,1.897634,110.424062,Cloud to Ground,-15088,0,13
2026-10-09T23:03:28.653975544Z,1.884684,110.533065,Cloud to Ground,43494,0,17
2026-10-09T23:03:32.993030990Z,6.884789,118.849964,Cloud to Ground,-27489,0,17
2026-10-09T23:03:32.993871072Z,6.873192,118.850743,Cloud to Cloud,52782,14638,9
2026-10-09T23:03:32.991115971Z,6.975885,118.819535,Cloud to Ground,-38849,0,16
2026-10-09T23:03:32.990003380Z,6.968033,118.814547,Cloud to Ground,-33371,0,16
2026-10-09T23:03:36.929500879Z,0.161553,111.428547,Cloud to Ground,-62707,0,17
2026-10-09T23:03:38.324496886Z,4.222708,119.65124,Cloud to Cloud,-8795,15909,10
2026-10-09T23:03:40.937779530Z,7.980896,114.449059,Cloud to Cloud,-60823,3287,11
2026-10-09T23:03:41.070053113Z,7.930578,114.455448,Cloud to Cloud,-25836,3031,7
2026-10-09T23:03:41.039221664Z,8.037426,114.436644,Cloud to Ground,-16684,0,16
2026-10-09T23:03:40.926803182Z,7.93807,114.35701,Cloud to Cloud,-14973,3059,8
2026-10-09T23:03:41.095666000Z,7.9659,114.4192,Cloud to Ground,22586,0,5
2026-10-09T23:03:41.034781721Z,7.954089,114.443393,Cloud to Ground,22649,0,11
2026-10-09T23:03:42.410437977Z,4.214071,119.265911,Cloud to Ground,13803,0,7
2026-10-09T23:03:42.032500877Z,9.589813,134.062627,Cloud to Cloud,10655,17009,9
2026-10-09T23:03:47.250998621Z,20.999411,122.650566,Cloud to Ground,-45028,0,19
2026-10-09T23:03:47.394359161Z,21.000319,122.650676,Cloud to Ground,-28544,0,8
2026-10-09T23:03:47.337616298Z,20.997196,122.642482,Cloud to Ground,-17288,0,10
2026-10-09T23:03:47.237733500Z,21.012833,122.651838,Cloud to Ground,-5901,0,8
2026-10-09T23:03:52.145900139Z,7.544222,116.821684,Cloud to Ground,-42978,0,11
2026-10-09T23:03:52.036455911Z,7.50987,116.804176,Cloud to Ground,-16671,0,7
2026-10-09T23:03:51.469466663Z,7.544473,116.874226,Cloud to Cloud,-9743,5458,7
2026-10-09T23:03:52.033200266Z,7.620851,116.75931,Cloud to Ground,-28255,0,13
2026-10-09T23:03:52.394433851Z,0.20409,111.427296,Cloud to Ground,-10502,0,9
2026-10-09T23:03:54.495451246Z,1.493969,123.209945,Cloud to Cloud,4718,3114,8
2026-10-09T23:03:54.391673475Z,1.45938,123.206514,Cloud to Ground,6933,0,7
2026-10-09T23:03:54.043388203Z,21.299788,121.795136,Cloud to Ground,-46419,0,15
2026-10-09T23:03:54.083334762Z,21.304644,121.816436,Cloud to Ground,-16426,0,13
2026-10-09T23:03:54.023476765Z,21.277912,121.79785,Cloud to Cloud,-5465,17839,6
2026-10-09T23:03:58.394359080Z,4.127116,119.468969,Cloud to Ground,-23628,0,30
2026-10-09T23:03:58.336460349Z,4.172989,119.500162,Cloud to Cloud,-23285,4631,19
2026-10-09T23:03:58.959466000Z,4.1245,119.4724,Cloud to Ground,34628,0,7
2026-10-09T23:03:58.425417546Z,15.460922,126.772918,Cloud to Ground,-5510,0,7
2026-10-09T23:03:58.855993799Z,15.416642,126.739974,Cloud to Cloud,7148,18052,5
2026-10-09T23:04:00.012301346Z,6.958777,130.943236,Cloud to Ground,24202,0,9
2026-10-09T23:04:02.457226095Z,2.954146,122.54077,Cloud to Cloud,5827,15662,7
2026-10-09T23:04:02.454613297Z,2.86799,122.539798,Cloud to Cloud,7533,3014,8
2026-10-09T23:04:02.459574314Z,2.967849,122.545485,Cloud to Cloud,17313,18754,7
2026-10-09T23:04:04.608185000Z,9.5171,119.7657,Cloud to Ground,-27372,0,5
2026-10-09T23:04:07.977479882Z,3.434283,120.907025,Cloud to Ground,-34344,0,15
2026-10-09T23:04:08.472096000Z,4.179,119.2631,Cloud to Ground,8520,0,5
2026-10-09T23:04:09.055875968Z,9.773943,120.424448,Cloud to Ground,19310,0,11
2026-10-09T23:04:11.184785297Z,2.23124,117.887182,Cloud to Ground,-29031,0,22
2026-10-09T23:04:11.126426417Z,2.228782,117.90226,Cloud to Ground,-9061,0,17
2026-10-09T23:04:11.207035544Z,2.219324,117.8941,Cloud to Ground,17022,0,18
2026-10-09T23:04:11.182983851Z,2.246369,117.911952,Cloud to Ground,28777,0,19
2026-10-09T23:04:11.130891284Z,2.232921,117.900746,Cloud to Ground,96699,0,15
2026-10-09T23:04:11.373607779Z,2.327631,117.842546,Cloud to Ground,-18274,0,14
2026-10-09T23:04:13.142485428Z,9.321851,121.294464,Cloud to Ground,-23086,0,11
2026-10-09T23:04:13.102254510Z,9.238359,121.251011,Cloud to Ground,-55120,0,9
2026-10-09T23:04:13.190230409Z,9.304528,121.196977,Cloud to Ground,-24396,0,17
2026-10-09T23:04:14.096083381Z,0.159608,111.402302,Cloud to Ground,17535,0,8
2026-10-09T23:04:15.622384140Z,13.898289,113.033247,Cloud to Ground,-139969,0,8
2026-10-09T23:04:15.998286213Z,13.89127,113.044813,Cloud to Ground,-64228,0,11
2026-10-09T23:04:15.792259875Z,13.853113,113.041661,Cloud to Ground,-58546,0,8
2026-10-09T23:04:15.868429501Z,13.88261,113.044711,Cloud to Ground,-39981,0,10
2026-10-09T23:04:15.912437697Z,13.909537,113.036358,Cloud to Cloud,20352,12157,9
2026-10-09T23:04:16.092189000Z,13.8225,113.0072,Cloud to Ground,46995,0,7
2026-10-09T23:04:15.883425159Z,12.466361,113.378108,Cloud to Ground,-12320,0,10
2026-10-09T23:04:16.438760635Z,13.855993,112.788944,Cloud to Ground,16531,0,7
2026-10-09T23:04:16.440070259Z,13.935355,112.940939,Cloud to Ground,-40218,0,13
2026-10-09T23:04:16.037316770Z,13.920445,112.912429,Cloud to Ground,-30791,0,6
2026-10-09T23:04:16.449108325Z,13.926956,112.933065,Cloud to Cloud,-10938,7155,9
2026-10-09T23:04:17.548632240Z,12.437822,119.990388,Cloud to Ground,-18614,0,10
2026-10-09T23:04:19.964708240Z,9.578604,134.048652,Cloud to Cloud,25822,18140,16
2026-10-09T23:04:19.918480773Z,9.672964,134.138319,Cloud to Ground,-42317,0,20
2026-10-09T23:04:19.934953533Z,9.581485,134.209441,Cloud to Ground,-19899,0,24
2026-10-09T23:04:19.942488974Z,9.666749,134.18076,Cloud to Ground,37797,0,21
2026-10-09T23:04:20.225893877Z,4.176373,119.286889,Cloud to Ground,-19334,0,22
2026-10-09T23:04:20.297204976Z,4.20031,119.265415,Cloud to Ground,-15550,0,22
2026-10-09T23:04:19.870153313Z,4.174347,119.219863,Cloud to Ground,-11125,0,8
2026-10-09T23:04:20.098732563Z,4.168206,119.251633,Cloud to Ground,141440,0,20
2026-10-09T23:04:23.479411779Z,11.969112,119.574364,Cloud to Ground,-25870,0,8
2026-10-09T23:04:23.463646519Z,11.9155,119.633503,Cloud to Cloud,-24502,16005,8
2026-10-09T23:04:23.529483043Z,11.967013,119.570439,Cloud to Ground,-18345,0,10
2026-10-09T23:04:23.716043056Z,11.969316,119.542567,Cloud to Ground,-6582,0,6
2026-10-09T23:04:31.116556458Z,10.262785,120.211274,Cloud to Ground,-11952,0,8
2026-10-09T23:04:32.572038536Z,0.152021,111.421008,Cloud to Ground,-10769,0,9
2026-10-09T23:04:35.952887775Z,0.15504,111.416971,Cloud to Ground,-10143,0,6
2026-10-09T23:04:35.942330126Z,0.16305,111.419363,Cloud to Ground,37115,0,21
2026-10-09T23:04:35.987184147Z,0.175518,111.419451,Cloud to Ground,43879,0,17
2026-10-09T23:04:35.910152526Z,0.249574,111.341675,Cloud to Ground,-76526,0,15
2026-10-09T23:04:36.045189169Z,0.202396,111.326373,Cloud to Ground,-15908,0,15
2026-10-09T23:04:36.106415993Z,2.113623,118.062312,Cloud to Ground,-17788,0,14
2026-10-09T23:04:36.179102963Z,2.11331,118.096547,Cloud to Cloud,-16957,15462,11
2026-10-09T23:04:36.132831110Z,2.085842,118.055786,Cloud to Ground,-14814,0,8
2026-10-09T23:04:36.223421763Z,2.03106,118.103391,Cloud to Ground,8894,0,12
2026-10-09T23:04:36.101111111Z,2.018766,118.105225,Cloud to Ground,18524,0,13
2026-10-09T23:04:37.812353609Z,9.596792,133.629971,Cloud to Ground,-33987,0,21
2026-10-09T23:04:37.459894965Z,21.308306,121.819086,Cloud to Ground,-30119,0,7
2026-10-09T23:04:37.548164851Z,21.270769,121.836947,Cloud to Ground,-4944,0,7
2026-10-09T23:04:38.279804607Z,11.779408,118.999942,Cloud to Cloud,16081,15066,7
2026-10-09T23:04:39.813467359Z,4.173408,119.504626,Cloud to Cloud,-8305,11637,9
2026-10-09T23:04:39.776622384Z,4.144986,119.556685,Cloud to Cloud,9264,4749,9
2026-10-09T23:04:39.828068799Z,4.079324,119.531521,Cloud to Ground,18376,0,24
2026-10-09T23:04:41.899093070Z,17.840236,122.815922,Cloud to Ground,-15689,0,7
2026-10-09T23:04:43.752394000Z,4.2672,119.0542,Cloud to Ground,-8276,0,6
2026-10-09T23:04:44.760742956Z,8.020057,114.796569,Cloud to Cloud,-31264,6294,13
2026-10-09T23:04:44.472891922Z,8.015034,114.734169,Cloud to Cloud,-23826,4743,11
2026-10-09T23:04:45.979170461Z,9.625361,134.201864,Cloud to Ground,-10766,0,9
2026-10-09T23:04:46.251939351Z,13.690294,112.174674,Cloud to Ground,-31069,0,10
2026-10-09T23:04:47.587319167Z,11.12771,118.452549,Cloud to Cloud,17236,5762,7
2026-10-09T23:04:51.788534735Z,6.49345,114.06567,Cloud to Ground,-25018,0,12
2026-10-09T23:04:51.841670188Z,6.493066,114.073172,Cloud to Cloud,-11259,3121,10
2026-10-09T23:04:53.229110029Z,0.135762,111.4114,Cloud to Ground,-11811,0,11
2026-10-09T23:04:53.343390251Z,8.012675,131.177547,Cloud to Cloud,-11717,9229,18
2026-10-09T23:04:53.486553686Z,7.246424,131.077727,Cloud to Ground,-48203,0,18
2026-10-09T23:04:53.340063474Z,7.877728,131.196957,Cloud to Ground,24804,0,27
2026-10-09T23:04:53.527775913Z,7.230547,131.253736,Cloud to Ground,-28684,0,16
2026-10-09T23:04:54.654795503Z,5.879454,119.032099,Cloud to Cloud,-22341,9207,13
2026-10-09T23:04:54.050580627Z,2.872684,122.52957,Cloud to Ground,36988,0,17
2026-10-09T23:04:55.638697715Z,8.449763,134.99386,Cloud to Ground,-11153,0,11
2026-10-09T23:04:55.128429392Z,0.195267,111.43164,Cloud to Ground,-19607,0,18
2026-10-09T23:04:55.486358083Z,8.504896,134.889609,Cloud to Ground,-16812,0,31
2026-10-09T23:04:55.328673554Z,8.492268,134.885729,Cloud to Ground,-14080,0,9
2026-10-09T23:04:58.160527094Z,0.162422,111.415645,Cloud to Ground,-11750,0,15
2026-10-09T23:04:58.167910655Z,0.150785,111.394615,Cloud to Ground,-9046,0,8
2026-10-09T23:04:58.210700460Z,3.727704,118.989066,Cloud to Cloud,-8560,5606,12
2026-10-09T23:04:58.386907070Z,3.772486,119.023612,Cloud to Cloud,7383,4142,8
2026-10-09T23:04:58.178719559Z,3.725655,119.030002,Cloud to Ground,39821,0,21
2026-10-09T23:05:00.387078838Z,8.264077,120.519508,Cloud to Cloud,-38007,3237,26
2026-10-09T23:05:00.430755837Z,8.194203,120.568048,Cloud to Ground,-15769,0,7
2026-10-09T23:05:00.430246658Z,8.204309,120.59118,Cloud to Ground,-10533,0,10
2026-10-09T23:05:03.142666789Z,11.273991,123.314312,Cloud to Cloud,5023,19183,6
2026-10-09T23:05:03.141545721Z,11.280732,123.312393,Cloud to Cloud,5104,19287,5
2026-10-09T23:05:03.136300228Z,11.275282,123.317856,Cloud to Ground,25876,0,14
2026-10-09T23:05:08.738026643Z,13.854068,113.08058,Cloud to Ground,-10630,0,12
2026-10-09T23:05:08.714346854Z,13.850076,113.068488,Cloud to Ground,-8071,0,7
2026-10-09T23:05:11.276867338Z,12.458106,113.375008,Cloud to Ground,11884,0,6
2026-10-09T23:05:11.296487575Z,12.446991,113.355589,Cloud to Ground,19361,0,7
2026-10-09T23:05:11.717131192Z,12.508311,113.573888,Cloud to Ground,-21131,0,10
2026-10-09T23:05:11.899548000Z,12.4985,113.5154,Cloud to Ground,46629,0,9
2026-10-09T23:05:12.222785731Z,4.179787,119.505345,Cloud to Cloud,-12800,6738,16
2026-10-09T23:05:12.711801211Z,0.147459,111.413059,Cloud to Ground,-9205,0,11
2026-10-09T23:05:14.686712443Z,4.284625,119.23403,Cloud to Cloud,-22189,13569,8
2026-10-09T23:05:20.669948308Z,0.579721,110.27224,Cloud to Cloud,-18261,3613,20
2026-10-09T23:05:20.787384154Z,0.563945,110.321059,Cloud to Cloud,8022,3026,9
2026-10-09T23:05:23.257565890Z,8.178927,120.726371,Cloud to Cloud,10014,8887,10
2026-10-09T23:05:24.243046101Z,1.974972,118.271821,Cloud to Ground,32971,0,26
2026-10-09T23:05:25.156618319Z,5.893014,119.051274,Cloud to Ground,-25174,0,18
2026-10-09T23:05:25.212027624Z,5.883863,119.057224,Cloud to Cloud,-22128,3133,20
2026-10-09T23:05:25.361417653Z,4.087155,119.383148,Cloud to Ground,17098,0,17
2026-10-09T23:05:25.359611683Z,4.150715,119.453634,Cloud to Cloud,21304,3018,8
2026-10-09T23:05:25.904429045Z,3.389491,120.908747,Cloud to Ground,-33915,0,12
2026-10-09T23:05:26.931273582Z,2.02424,118.103841,Cloud to Ground,-9667,0,19
2026-10-09T23:05:26.745465373Z,2.098127,118.132755,Cloud to Cloud,11049,5958,8
2026-10-09T23:05:26.749079000Z,2.2833,117.9334,Cloud to Ground,8307,0,8
2026-10-09T23:05:29.950485692Z,9.096574,121.339164,Cloud to Cloud,-22916,19424,9
2026-10-09T23:05:29.885389030Z,9.260402,121.270901,Cloud to Ground,-115159,0,17
2026-10-09T23:05:30.017270940Z,9.246868,121.284762,Cloud to Ground,-50382,0,9
2026-10-09T23:05:29.905683259Z,9.261504,121.335491,Cloud to Cloud,-48145,3726,7
2026-10-09T23:05:29.946804254Z,9.249081,121.263242,Cloud to Ground,-44313,0,11
2026-10-09T23:05:30.185870000Z,9.2643,121.1917,Cloud to Ground,-41554,0,5
2026-10-09T23:05:29.910480032Z,9.324379,121.216296,Cloud to Cloud,-29209,4990,10
2026-10-09T23:05:30.111436482Z,9.252728,121.2609,Cloud to Ground,-23198,0,7
2026-10-09T23:05:29.879985741Z,9.191107,121.299061,Cloud to Cloud,-20381,17441,7
2026-10-09T23:05:30.186600056Z,9.24466,121.280275,Cloud to Ground,-18151,0,7
2026-10-09T23:05:30.306866125Z,9.310104,121.316861,Cloud to Ground,17996,0,16
2026-10-09T23:05:31.769377860Z,4.079088,119.244781,Cloud to Ground,-9496,0,12
2026-10-09T23:05:34.738220399Z,13.863577,113.218333,Cloud to Ground,13086,0,8
2026-10-09T23:05:35.000468275Z,13.816524,113.405093,Cloud to Ground,-17312,0,12
2026-10-09T23:05:34.731508456Z,13.833202,113.346918,Cloud to Cloud,-6961,3056,7
2026-10-09T23:05:34.757785838Z,13.845467,113.337059,Cloud to Cloud,7841,3036,5
2026-10-09T23:05:34.729609136Z,13.83867,113.345416,Cloud to Ground,16336,0,10
2026-10-09T23:05:36.787278465Z,1.489731,123.228814,Cloud to Cloud,6764,19475,6
2026-10-09T23:05:36.578245451Z,1.508349,123.219399,Cloud to Ground,9695,0,7
2026-10-09T23:05:36.574449914Z,1.490658,123.181564,Cloud to Ground,28046,0,18
2026-10-09T23:05:38.684532836Z,13.954836,112.977809,Cloud to Ground,-28299,0,10
2026-10-09T23:05:40.789492278Z,0.158246,111.339556,Cloud to Ground,-141172,0,19
2026-10-09T23:05:40.828211000Z,0.1942,111.4233,Cloud to Ground,-19767,0,5
2026-10-09T23:05:40.847709618Z,0.158785,111.417395,Cloud to Ground,-16677,0,15
2026-10-09T23:05:40.838103140Z,0.273835,111.4376,Cloud to Ground,12202,0,8
2026-10-09T23:05:41.211848611Z,0.208608,111.426869,Cloud to Ground,13715,0,12
2026-10-09T23:05:40.966213988Z,0.16059,111.426959,Cloud to Ground,15884,0,7
2026-10-09T23:05:41.078306999Z,0.165246,111.410832,Cloud to Ground,23817,0,12
2026-10-09T23:05:40.838857221Z,0.161758,111.429777,Cloud to Ground,28084,0,15
2026-10-09T23:05:40.553029499Z,4.06972,119.529359,Cloud to Ground,-16133,0,23
2026-10-09T23:05:47.418582357Z,21.273515,121.790228,Cloud to Cloud,6009,5590,6
2026-10-09T23:05:47.419890962Z,21.274055,121.784906,Cloud to Cloud,6174,18447,8
2026-10-09T23:05:54.722131469Z,10.340391,118.512227,Cloud to Ground,25837,0,17
2026-10-09T23:05:58.537353602Z,9.601599,133.665856,Cloud to Ground,26931,0,11
2026-10-09T23:05:58.534952312Z,9.591244,133.66468,Cloud to Ground,28042,0,17
2026-10-09T23:06:05.619883084Z,8.53637,134.983068,Cloud to Ground,10434,0,12
2026-10-09T23:06:06.485148683Z,1.417926,123.254245,Cloud to Cloud,5905,17069,7
2026-10-09T23:06:10.203391675Z,4.13946,119.536016,Cloud to Ground,-46133,0,12
2026-10-09T23:06:10.194589469Z,4.099963,119.572191,Cloud to Ground,-34336,0,21
2026-10-09T23:06:10.249746616Z,4.099992,119.526771,Cloud to Ground,-31594,0,16
2026-10-09T23:06:10.289363191Z,4.103804,119.523664,Cloud to Ground,-27683,0,20
2026-10-09T23:06:10.370485000Z,4.1106,119.5239,Cloud to Ground,20740,0,5
2026-10-09T23:06:10.442190076Z,4.077204,119.505389,Cloud to Ground,23123,0,11
2026-10-09T23:06:10.442965534Z,10.395066,118.541449,Cloud to Ground,17610,0,11
2026-10-09T23:06:11.184862635Z,0.185544,111.402446,Cloud to Ground,-17856,0,11
2026-10-09T23:06:11.360441986Z,6.90999,130.836718,Cloud to Ground,-87770,0,21
2026-10-09T23:06:12.082949202Z,7.028468,130.776776,Cloud to Cloud,17059,5702,19
2026-10-09T23:06:12.046544258Z,7.092368,131.026055,Cloud to Cloud,-8898,16032,14
2026-10-09T23:06:12.085004893Z,7.135084,130.971374,Cloud to Ground,-7457,0,7
2026-10-09T23:06:14.727509106Z,4.124765,119.224329,Cloud to Ground,-11635,0,10
2026-10-09T23:06:14.320124948Z,4.130495,119.278971,Cloud to Ground,13828,0,19
2026-10-09T23:06:19.818923854Z,9.568203,133.320658,Cloud to Ground,-40692,0,21
2026-10-09T23:06:19.182755994Z,9.589168,133.566042,Cloud to Ground,12425,0,14
2026-10-09T23:06:19.191298503Z,9.602715,133.442248,Cloud to Cloud,-9574,13728,27
2026-10-09T23:06:19.530463205Z,11.902264,119.602339,Cloud to Ground,-29238,0,7
2026-10-09T23:06:19.616129000Z,11.9721,119.552,Cloud to Ground,-25246,0,7
2026-10-09T23:06:19.648345482Z,11.955886,119.572228,Cloud to Cloud,6512,4228,6
2026-10-09T23:06:21.214470000Z,10.0881,111.1564,Cloud to Ground,-70751,0,8
2026-10-09T23:06:30.982099930Z,12.459396,113.419576,Cloud to Cloud,-32437,3226,12
2026-10-09T23:06:31.662069648Z,4.200672,119.292606,Cloud to Cloud,-12688,3508,13
2026-10-09T23:06:31.661258992Z,4.200302,119.246768,Cloud to Ground,-10083,0,9
2026-10-09T23:06:31.007491221Z,12.378586,113.261658,Cloud to Ground,-9697,0,7
2026-10-09T23:06:31.024815078Z,11.950753,119.620216,Cloud to Ground,-7544,0,6
2026-10-09T23:06:35.869500570Z,15.494723,126.755009,Cloud to Ground,-58565,0,17
2026-10-09T23:06:35.953680428Z,15.495817,126.766685,Cloud to Ground,-34767,0,14
2026-10-09T23:06:36.035242435Z,15.482427,126.762421,Cloud to Ground,-15045,0,8
2026-10-09T23:06:35.952096485Z,15.458354,126.762671,Cloud to Ground,18865,0,14
2026-10-09T23:06:36.466940960Z,3.394577,120.965082,Cloud to Ground,-17141,0,8
2026-10-09T23:06:36.385018568Z,3.337092,120.92052,Cloud to Ground,-14848,0,14
2026-10-09T23:06:37.871543771Z,5.869589,119.046632,Cloud to Ground,63054,0,12
2026-10-09T23:06:37.922054220Z,5.976486,119.006817,Cloud to Ground,-12981,0,16
2026-10-09T23:06:37.141005534Z,5.911543,118.964612,Cloud to Ground,-58657,0,30
2026-10-09T23:06:37.165267584Z,5.881715,119.036863,Cloud to Cloud,-14291,7929,24
2026-10-09T23:06:39.680391555Z,8.476414,134.974805,Cloud to Ground,-21723,0,15
2026-10-09T23:06:39.132809161Z,8.522518,134.860541,Cloud to Ground,-51742,0,22
2026-10-09T23:06:40.974401609Z,2.017043,118.120971,Cloud to Ground,-17376,0,13
2026-10-09T23:06:41.066215665Z,2.028272,118.148253,Cloud to Ground,24010,0,32
2026-10-09T23:06:41.067589879Z,2.024315,118.124852,Cloud to Ground,81002,0,25
2026-10-09T23:06:40.980971693Z,2.030661,118.135337,Cloud to Ground,82997,0,25
2026-10-09T23:06:43.371258284Z,11.318445,123.225302,Cloud to Ground,-34415,0,11
2026-10-09T23:06:43.359444928Z,11.268026,123.310943,Cloud to Ground,-20018,0,11
2026-10-09T23:06:46.525661405Z,2.849273,123.326251,Cloud to Cloud,6197,11948,7
2026-10-09T23:06:46.533269973Z,3.014373,123.291095,Cloud to Ground,-14744,0,12
2026-10-09T23:06:47.838564049Z,1.436855,123.213541,Cloud to Ground,-17684,0,19
2026-10-09T23:06:48.518522062Z,3.798632,118.990673,Cloud to Cloud,-10256,4689,13
2026-10-09T23:06:48.514918341Z,3.740819,119.013657,Cloud to Ground,14131,0,11
2026-10-09T23:06:53.028320976Z,6.493954,114.139711,Cloud to Ground,-28051,0,23
2026-10-09T23:06:53.337347297Z,6.554898,114.150604,Cloud to Cloud,7686,3000,6
2026-10-09T23:06:53.376151249Z,6.590814,114.111366,Cloud to Ground,21191,0,7
2026-10-09T23:06:53.307848566Z,6.594773,114.112569,Cloud to Ground,33531,0,12
2026-10-09T23:06:53.033402393Z,6.515469,114.038256,Cloud to Ground,-66205,0,29
2026-10-09T23:06:56.875746873Z,2.865156,122.570382,Cloud to Ground,-25249,0,21
2026-10-09T23:06:56.821178292Z,2.956412,122.54134,Cloud to Ground,-65601,0,31
2026-10-09T23:06:56.926499798Z,2.989258,122.512599,Cloud to Cloud,-23626,19648,11
2026-10-09T23:06:56.024331002Z,4.198707,119.353652,Cloud to Ground,-38197,0,31
2026-10-09T23:06:56.258586365Z,4.107373,119.366767,Cloud to Ground,-24635,0,22
2026-10-09T23:06:56.086996182Z,4.103172,119.383321,Cloud to Ground,-23049,0,25
2026-10-09T23:06:56.666729339Z,4.127728,119.373166,Cloud to Ground,-17473,0,19
2026-10-09T23:06:56.301151985Z,4.088271,119.379451,Cloud to Ground,-16947,0,17
2026-10-09T23:06:57.090200998Z,4.183255,119.331695,Cloud to Ground,-14837,0,14
2026-10-09T23:06:56.120455704Z,4.103816,119.355732,Cloud to Cloud,-13911,8920,17
2026-10-09T23:06:57.533292151Z,4.206203,119.343091,Cloud to Ground,-13788,0,17
2026-10-09T23:06:56.053430446Z,4.212704,119.321965,Cloud to Ground,-12408,0,20
2026-10-09T23:06:56.188810164Z,4.111023,119.377024,Cloud to Ground,51131,0,25
2026-10-09T23:07:03.220218471Z,8.213498,120.585216,Cloud to Cloud,-6865,13396,7
2026-10-09T23:07:04.298922959Z,4.139855,119.510596,Cloud to Ground,-24534,0,13
2026-10-09T23:07:06.718557825Z,0.156466,111.414451,Cloud to Ground,-36660,0,26
2026-10-09T23:07:06.764510485Z,0.144565,111.467131,Cloud to Ground,-30106,0,17
2026-10-09T23:07:06.827157004Z,0.228887,111.377023,Cloud to Ground,-15475,0,10
2026-10-09T23:07:06.722176526Z,0.227086,111.384255,Cloud to Ground,46917,0,17
2026-10-09T23:07:11.457395128Z,7.282046,131.133615,Cloud to Cloud,10186,18943,6
2026-10-09T23:07:11.471531906Z,7.240757,131.088986,Cloud to Cloud,10310,5585,8
2026-10-09T23:07:11.490338513Z,7.237756,131.076381,Cloud to Cloud,12452,12971,10
2026-10-09T23:07:11.459031770Z,7.246902,131.198933,Cloud to Ground,13798,0,16
2026-10-09T23:07:11.461849138Z,7.250811,131.258149,Cloud to Ground,31958,0,12
2026-10-09T23:07:15.617469434Z,21.264201,121.787587,Cloud to Ground,-57457,0,17
2026-10-09T23:07:15.732739619Z,21.264275,121.794248,Cloud to Ground,-24540,0,9
2026-10-09T23:07:15.655040577Z,21.262259,121.777949,Cloud to Cloud,-21637,10635,6
2026-10-09T23:07:15.668690294Z,21.254249,121.792149,Cloud to Ground,-18051,0,13
2026-10-09T23:07:15.670893830Z,21.261665,121.787835,Cloud to Ground,-12300,0,9
2026-10-09T23:07:15.757781683Z,21.259433,121.790861,Cloud to Ground,-6433,0,8
2026-10-09T23:07:15.744862060Z,13.668734,112.149944,Cloud to Ground,-32133,0,10
2026-10-09T23:07:17.712010000Z,17.8461,122.7139,Cloud to Ground,-16960,0,6
2026-10-09T23:07:18.218757998Z,12.41979,113.359345,Cloud to Cloud,-15699,19185,7
2026-10-09T23:07:18.298206240Z,12.463153,113.334863,Cloud to Cloud,-6462,11657,6
2026-10-09T23:07:17.839808727Z,12.459284,113.256812,Cloud to Ground,7278,0,7
2026-10-09T23:07:18.003259560Z,12.421907,113.289221,Cloud to Ground,11537,0,10
2026-10-09T23:07:17.943983204Z,12.469967,113.232371,Cloud to Cloud,18393,14642,7
2026-10-09T23:07:21.467779422Z,13.837701,112.977295,Cloud to Ground,17169,0,10
2026-10-09T23:07:21.443537451Z,13.869717,113.070684,Cloud to Ground,-14895,0,9
2026-10-09T23:07:22.263540503Z,12.323046,120.022592,Cloud to Ground,-31732,0,7
2026-10-09T23:07:22.133498169Z,12.36104,119.954057,Cloud to Cloud,5939,8811,6
2026-10-09T23:07:22.131803658Z,12.297031,120.006471,Cloud to Ground,17330,0,10
2026-10-09T23:07:23.607315462Z,4.242005,119.251124,Cloud to Ground,-16023,0,13
2026-10-09T23:07:23.638585131Z,4.137564,119.29958,Cloud to Cloud,-13149,10586,18
2026-10-09T23:07:23.147696902Z,9.645533,133.613509,Cloud to Ground,-17884,0,18
2026-10-09T23:07:23.153307657Z,9.584042,133.694465,Cloud to Ground,-12450,0,11
2026-10-09T23:07:25.945566254Z,5.886072,119.02829,Cloud to Ground,-40280,0,9
2026-10-09T23:07:26.072143360Z,5.903195,118.942826,Cloud to Ground,-23112,0,26
2026-10-09T23:07:25.842599081Z,9.336079,121.223025,Cloud to Ground,-118082,0,23
2026-10-09T23:07:27.664910700Z,8.203873,120.666003,Cloud to Ground,20276,0,7
2026-10-09T23:07:27.527016991Z,21.111596,122.49181,Cloud to Cloud,-12841,16540,7
2026-10-09T23:07:27.411490168Z,20.97336,122.584114,Cloud to Ground,-78933,0,23
2026-10-09T23:07:27.469556207Z,21.005239,122.621894,Cloud to Ground,-38077,0,16
2026-10-09T23:07:29.863482113Z,1.4361,123.22301,Cloud to Ground,28053,0,19
2026-10-09T23:07:33.805585838Z,3.790464,119.050273,Cloud to Ground,12780,0,9
2026-10-09T23:07:40.344944235Z,13.848039,113.308395,Cloud to Ground,-22007,0,12
2026-10-09T23:07:40.343050618Z,13.841338,113.308317,Cloud to Ground,21078,0,12
2026-10-09T23:07:42.562643008Z,4.175104,119.499305,Cloud to Cloud,-35105,3043,22
2026-10-09T23:07:42.597134710Z,4.193023,119.648838,Cloud to Cloud,-16256,7710,13
2026-10-09T23:07:42.228369441Z,0.307366,111.445728,Cloud to Ground,-15669,0,14
2026-10-09T23:07:43.047571849Z,3.396442,120.991537,Cloud to Cloud,9695,17773,11
2026-10-09T23:07:45.200133396Z,6.459454,113.999766,Cloud to Ground,18114,0,12
2026-10-09T23:07:45.212979367Z,6.419696,114.094432,Cloud to Cloud,-16976,3807,9
2026-10-09T23:07:45.438025168Z,2.084257,118.206843,Cloud to Cloud,5298,5479,6
2026-10-09T23:07:47.208773026Z,1.995734,118.22574,Cloud to Ground,-17250,0,20
2026-10-09T23:07:47.210077282Z,1.995233,118.225869,Cloud to Ground,-9842,0,13
2026-10-09T23:07:47.207157563Z,2.121389,118.189285,Cloud to Cloud,-6168,19856,13
2026-10-09T23:07:52.089361946Z,10.177331,118.475672,Cloud to Cloud,-10289,15741,8
2026-10-09T23:07:53.411389630Z,9.600827,134.218031,Cloud to Cloud,7326,4510,6
2026-10-09T23:07:53.625786873Z,21.442811,121.408022,Cloud to Ground,-10536,0,7
2026-10-09T23:07:53.733894909Z,21.45041,121.403754,Cloud to Ground,-7532,0,9
2026-10-09T23:07:53.501721566Z,21.476307,121.357539,Cloud to Cloud,-6180,13097,6
2026-10-09T23:07:53.521077233Z,21.407539,121.406582,Cloud to Cloud,-6035,3059,8
2026-10-09T23:07:53.498390127Z,21.464546,121.36335,Cloud to Cloud,-4603,3011,5
2026-10-09T23:07:53.546194461Z,21.395353,121.430417,Cloud to Cloud,-4068,18698,7
2026-10-09T23:07:53.628540743Z,21.402023,121.362253,Cloud to Cloud,4791,18889,6
2026-10-09T23:07:53.624312432Z,21.413936,121.408141,Cloud to Cloud,5664,7331,6
2026-10-09T23:07:53.556315677Z,21.39164,121.446945,Cloud to Cloud,6547,19645,5
2026-10-09T23:07:53.493420592Z,21.428913,121.40221,Cloud to Cloud,8216,3003,7
2026-10-09T23:07:56.712573400Z,15.4734,126.777175,Cloud to Ground,-40259,0,17
2026-10-09T23:07:56.794988029Z,15.473793,126.756165,Cloud to Ground,-17890,0,9
2026-10-09T23:07:57.149748000Z,15.3697,126.7185,Cloud to Ground,-16154,0,5
2026-10-09T23:07:58.365420000Z,8.5118,134.9435,Cloud to Ground,922,0,5
2026-10-09T23:08:00.182370669Z,4.115724,119.275412,Cloud to Cloud,-26174,3013,18
2026-10-09T23:07:59.853549367Z,4.09253,119.241829,Cloud to Cloud,-8160,19493,9
2026-10-09T23:07:59.852911862Z,4.166414,119.248618,Cloud to Cloud,7608,15910,7
2026-10-09T23:07:59.849534749Z,4.167452,119.272826,Cloud to Cloud,9802,3007,9
2026-10-09T23:08:00.052369023Z,4.137389,119.286918,Cloud to Ground,13404,0,7
2026-10-09T23:08:00.721268859Z,9.591513,133.400221,Cloud to Cloud,-8287,3422,15
2026-10-09T23:08:00.718649953Z,9.56065,133.656354,Cloud to Ground,8750,0,7
2026-10-09T23:08:01.140263203Z,7.933749,114.453709,Cloud to Ground,-73245,0,10
2026-10-09T23:08:01.359480885Z,8.052057,114.413126,Cloud to Ground,-58425,0,15
2026-10-09T23:08:01.134694141Z,7.959364,114.45512,Cloud to Ground,-25934,0,18
2026-10-09T23:08:01.549956000Z,7.9551,114.3951,Cloud to Ground,28803,0,7
2026-10-09T23:08:01.490203945Z,7.993499,114.431376,Cloud to Ground,68671,0,14
2026-10-09T23:08:03.676626821Z,11.956505,119.596099,Cloud to Ground,-20462,0,9
2026-10-09T23:08:03.792038737Z,11.952879,119.594578,Cloud to Ground,-9481,0,6
2026-10-09T23:08:04.015267052Z,11.952805,119.594525,Cloud to Ground,-7996,0,6
2026-10-09T23:08:05.766225651Z,7.582452,116.883025,Cloud to Cloud,-7436,12009,8
2026-10-09T23:08:06.592173437Z,0.153028,111.390508,Cloud to Ground,-16576,0,14
2026-10-09T23:08:10.180773544Z,5.74196,119.192793,Cloud to Ground,-76954,0,20
2026-10-09T23:08:10.195621630Z,5.735919,119.192548,Cloud to Ground,-13925,0,18
2026-10-09T23:08:11.413045254Z,12.482088,113.280674,Cloud to Ground,16008,0,7
2026-10-09T23:08:12.019971426Z,12.304989,113.336089,Cloud to Ground,-32341,0,10
2026-10-09T23:08:14.768214657Z,5.986199,129.953796,Cloud to Cloud,11489,7897,20
2026-10-09T23:08:14.771918294Z,5.948088,129.889839,Cloud to Ground,19258,0,8
2026-10-09T23:08:15.057215251Z,8.186922,120.611131,Cloud to Cloud,13321,18106,18
2026-10-09T23:08:16.785378282Z,1.424427,123.203257,Cloud to Ground,-16442,0,10
2026-10-09T23:08:17.116878238Z,1.420991,123.192168,Cloud to Cloud,13471,18209,14
2026-10-09T23:08:16.883888148Z,1.450662,123.201824,Cloud to Ground,26978,0,18
2026-10-09T23:08:16.794597642Z,1.499587,123.195233,Cloud to Ground,69208,0,20
2026-10-09T23:08:19.519590709Z,2.225269,117.888301,Cloud to Ground,-15837,0,17
2026-10-09T23:08:19.372947689Z,2.253778,117.884799,Cloud to Ground,-11092,0,13
2026-10-09T23:08:20.071721886Z,0.181272,111.27507,Cloud to Ground,-54209,0,19
2026-10-09T23:08:20.699768738Z,0.205081,111.355348,Cloud to Ground,-21574,0,19
2026-10-09T23:08:20.160230231Z,0.133008,111.411968,Cloud to Ground,13373,0,10
2026-10-09T23:08:20.142551857Z,0.144169,111.426797,Cloud to Ground,49854,0,23
2026-10-09T23:08:19.876662000Z,0.1658,111.4039,Cloud to Ground,76074,0,6
2026-10-09T23:08:22.426436845Z,3.774496,118.963079,Cloud to Ground,-17950,0,26
2026-10-09T23:08:22.168840636Z,3.704863,119.013612,Cloud to Cloud,-11203,9628,12
2026-10-09T23:08:22.429175972Z,3.736283,119.026547,Cloud to Ground,-9987,0,11
2026-10-09T23:08:22.127343544Z,3.758444,119.06724,Cloud to Ground,14622,0,13
2026-10-09T23:08:24.673524217Z,4.107723,119.556923,Cloud to Ground,11377,0,17
2026-10-09T23:08:24.980175729Z,13.56384,112.076611,Cloud to Cloud,-7404,11648,6
2026-10-09T23:08:24.866877191Z,13.70735,112.09747,Cloud to Ground,14738,0,11
2026-10-09T23:08:32.558339276Z,4.197107,121.720695,Cloud to Cloud,6343,15649,7
2026-10-09T23:08:33.995965439Z,8.200988,120.57253,Cloud to Cloud,-8133,3662,7
2026-10-09T23:08:34.534258698Z,0.18849,111.390269,Cloud to Ground,-15446,0,7
2026-10-09T23:08:36.498899145Z,10.105335,118.536161,Cloud to Cloud,7805,19037,7
2026-10-09T23:08:43.950839462Z,9.255228,121.261528,Cloud to Ground,24537,0,10
2026-10-09T23:08:45.669324896Z,12.46996,113.378816,Cloud to Ground,-10968,0,10
2026-10-09T23:08:45.441398791Z,12.484273,113.356331,Cloud to Ground,9541,0,9
2026-10-09T23:08:45.438873904Z,12.48502,113.354547,Cloud to Ground,19737,0,7
2026-10-09T23:08:45.541098502Z,13.82999,113.331641,Cloud to Ground,-22498,0,12
2026-10-09T23:08:45.544715298Z,13.817921,113.319434,Cloud to Cloud,-16725,17648,12
2026-10-09T23:08:45.594383484Z,13.850847,113.299547,Cloud to Cloud,-7587,12201,7
2026-10-09T23:08:45.763446309Z,13.749622,113.330655,Cloud to Ground,24427,0,10
2026-10-09T23:08:45.758023835Z,12.493966,113.243837,Cloud to Ground,-12619,0,6
2026-10-09T23:08:46.266424270Z,2.88762,122.542527,Cloud to Ground,-37686,0,27
2026-10-09T23:08:48.231813265Z,12.411533,120.009886,Cloud to Ground,-25680,0,10
2026-10-09T23:08:48.487288838Z,12.412343,120.007998,Cloud to Ground,-8620,0,6
2026-10-09T23:08:50.534666902Z,4.405206,119.430125,Cloud to Ground,-30510,0,20
2026-10-09T23:08:50.267925820Z,4.361233,119.279043,Cloud to Cloud,11056,3091,13
2026-10-09T23:08:51.457952765Z,8.601886,134.953602,Cloud to Cloud,-17894,13505,18
2026-10-09T23:08:52.440177697Z,7.966429,114.361444,Cloud to Cloud,10191,4139,7
2026-10-09T23:08:52.434712922Z,7.958855,114.447507,Cloud to Cloud,15685,11065,7
2026-10-09T23:08:52.445774375Z,7.846124,114.296,Cloud to Ground,24614,0,8
2026-10-09T23:08:52.360434684Z,9.659799,133.657453,Cloud to Ground,-15740,0,19
2026-10-09T23:09:00.505415873Z,2.07392,118.255305,Cloud to Cloud,13635,9543,10
2026-10-09T23:09:03.211621774Z,3.781277,119.092714,Cloud to Cloud,12116,11106,8
2026-10-09T23:09:03.248062534Z,3.776612,118.992779,Cloud to Cloud,-9173,3036,16
2026-10-09T23:09:03.215086685Z,3.710265,119.008234,Cloud to Ground,15129,0,13
2026-10-09T23:09:05.280091806Z,21.478652,121.411415,Cloud to Cloud,9074,16706,6
2026-10-09T23:09:05.269325560Z,21.469561,121.419265,Cloud to Cloud,10654,3240,7
2026-10-09T23:09:06.463671178Z,1.429231,123.226215,Cloud to Ground,12676,0,15
2026-10-09T23:09:06.550820024Z,0.149822,111.187306,Cloud to Ground,-62614,0,14
2026-10-09T23:09:06.578605973Z,0.17086,111.33571,Cloud to Ground,-23458,0,19
2026-10-09T23:09:06.592445822Z,0.111351,111.374541,Cloud to Ground,11318,0,11
2026-10-09T23:09:06.138535952Z,4.070748,119.511967,Cloud to Cloud,-16798,10567,19
2026-10-09T23:09:08.851126839Z,13.840174,113.059997,Cloud to Ground,-117647,0,13
2026-10-09T23:09:13.280920278Z,13.987001,112.985075,Cloud to Ground,-19592,0,10
2026-10-09T23:09:13.399496702Z,10.099192,118.530857,Cloud to Cloud,8927,14161,6
2026-10-09T23:09:15.653370710Z,13.51594,112.2716,Cloud to Ground,22152,0,9
2026-10-09T23:09:17.790398393Z,6.964374,130.933281,Cloud to Cloud,10996,5430,10
2026-10-09T23:09:17.765495348Z,6.991048,130.925187,Cloud to Ground,11592,0,11
2026-10-09T23:09:17.750091999Z,6.992848,130.918628,Cloud to Ground,14847,0,14
2026-10-09T23:09:17.751993967Z,6.973459,130.829747,Cloud to Cloud,11811,18082,15
2026-10-09T23:09:17.748980836Z,7.000618,130.817239,Cloud to Cloud,15344,16346,10
2026-10-09T23:09:19.145794631Z,12.516538,113.351725,Cloud to Cloud,-5961,3012,5
2026-10-09T23:09:20.791257283Z,4.101163,119.321278,Cloud to Ground,-16883,0,16
2026-10-09T23:09:20.622871470Z,4.13923,119.259301,Cloud to Cloud,-10376,3025,12
2026-10-09T23:09:20.679751700Z,4.109151,119.259971,Cloud to Ground,38570,0,17
2026-10-09T23:09:20.724817145Z,4.284739,119.261253,Cloud to Ground,-22318,0,14
2026-10-09T23:09:20.877886312Z,4.318725,119.249739,Cloud to Ground,-10213,0,16
2026-10-09T23:09:20.881719498Z,4.288189,119.235977,Cloud to Cloud,-9651,8042,11
2026-10-09T23:09:23.021077763Z,5.625738,119.249097,Cloud to Ground,-21769,0,18
2026-10-09T23:09:22.937422321Z,5.699968,119.261086,Cloud to Cloud,-21450,4633,7
2026-10-09T23:09:23.254750206Z,5.618728,119.249486,Cloud to Ground,-19450,0,15
2026-10-09T23:09:28.282194220Z,7.675352,114.238821,Cloud to Ground,16031,0,15
2026-10-09T23:09:29.351397530Z,3.714248,119.033526,Cloud to Ground,-23566,0,21
2026-10-09T23:09:29.263005084Z,3.807052,118.996051,Cloud to Cloud,-27434,4091,28
2026-10-09T23:09:29.388480882Z,3.830316,118.990606,Cloud to Ground,-7861,0,11
2026-10-09T23:09:29.266800035Z,3.791734,118.984848,Cloud to Ground,17461,0,16
2026-10-09T23:09:31.105135208Z,6.045583,130.043642,Cloud to Ground,-20871,0,29
2026-10-09T23:09:30.943363722Z,5.970033,130.029765,Cloud to Ground,15291,0,20
2026-10-09T23:09:33.355342000Z,7.2519,131.0884,Cloud to Ground,-12590,0,5
2026-10-09T23:09:33.348984151Z,7.249331,131.038777,Cloud to Cloud,7770,6778,12
2026-10-09T23:09:33.408952091Z,7.230808,131.030165,Cloud to Cloud,9668,19461,7
2026-10-09T23:09:35.678235914Z,21.257535,121.744642,Cloud to Ground,-43465,0,22
2026-10-09T23:09:35.569876318Z,21.167473,121.725193,Cloud to Ground,-39387,0,12
2026-10-09T23:09:35.554678178Z,21.259177,121.7279,Cloud to Ground,-34155,0,9
2026-10-09T23:09:35.620522967Z,21.2486,121.720955,Cloud to Ground,-31130,0,7
2026-10-09T23:09:35.594552581Z,21.251504,121.721537,Cloud to Ground,-19420,0,8
2026-10-09T23:09:41.624857089Z,7.944094,114.327427,Cloud to Ground,11682,0,9
2026-10-09T23:09:41.686965370Z,9.626496,133.377997,Cloud to Cloud,-13117,3370,17
2026-10-09T23:09:41.687682487Z,9.59262,133.370413,Cloud to Cloud,-10202,3000,13
2026-10-09T23:09:41.689278135Z,9.607629,133.405438,Cloud to Cloud,-9385,3022,11
2026-10-09T23:09:43.059920357Z,7.540781,116.884152,Cloud to Ground,-11820,0,8
2026-10-09T23:09:45.858185084Z,4.335595,119.251049,Cloud to Cloud,-10853,10707,14
2026-10-09T23:09:46.108193344Z,4.306071,119.277576,Cloud to Cloud,12062,11120,9
2026-10-09T23:09:51.061108692Z,0.160982,111.383358,Cloud to Ground,-19921,0,12
2026-10-09T23:09:51.701489076Z,9.232599,121.2552,Cloud to Cloud,6534,18937,5
2026-10-09T23:09:51.565078000Z,9.2762,121.1647,Cloud to Ground,18568,0,5
2026-10-09T23:09:54.154987919Z,4.103874,119.517576,Cloud to Ground,-16007,0,15
2026-10-09T23:09:54.247441723Z,9.619477,134.188245,Cloud to Ground,-23298,0,13
2026-10-09T23:09:54.248274583Z,9.661681,134.135098,Cloud to Ground,-18706,0,12
2026-10-09T23:09:54.652412854Z,12.008347,119.637573,Cloud to Ground,-23131,0,12
2026-10-09T23:09:54.403789766Z,11.969516,119.600246,Cloud to Cloud,5263,17604,6
2026-10-09T23:09:59.251784665Z,21.021733,122.544861,Cloud to Ground,-13313,0,15
2026-10-09T23:09:59.513102911Z,21.037691,122.464399,Cloud to Cloud,-12069,14107,7
2026-10-09T23:09:59.099079736Z,20.981622,122.62169,Cloud to Cloud,7253,17292,7
2026-10-09T23:09:59.103893114Z,20.983154,122.617564,Cloud to Cloud,8416,13529,9
2026-10-09T23:10:01.197876522Z,21.52009,121.26568,Cloud to Ground,21112,0,9
2026-10-09T23:10:01.208538180Z,21.482665,121.407094,Cloud to Cloud,6236,19275,7
2026-10-09T23:10:01.239272925Z,21.471422,121.397949,Cloud to Cloud,11254,5883,8
2026-10-09T23:10:01.194371218Z,21.474272,121.406542,Cloud to Cloud,13493,17543,8
2026-10-09T23:10:05.613754359Z,2.025585,118.145324,Cloud to Ground,128513,0,38
2026-10-09T23:10:05.686470349Z,2.021953,118.130282,Cloud to Ground,155580,0,23
2026-10-09T23:10:05.611141200Z,2.260102,117.856958,Cloud to Ground,-31621,0,22
2026-10-09T23:10:05.279236536Z,2.841667,122.600333,Cloud to Ground,-23148,0,26
2026-10-09T23:10:05.065233762Z,2.873791,122.542924,Cloud to Ground,13066,0,13
2026-10-09T23:10:06.801420431Z,8.211922,120.539309,Cloud to Ground,31130,0,7
2026-10-09T23:10:08.246155858Z,11.252841,123.300925,Cloud to Cloud,8692,19586,5
2026-10-09T23:10:13.822373966Z,12.346814,120.012157,Cloud to Ground,12489,0,7
2026-10-09T23:10:14.079996355Z,11.838504,113.27314,Cloud to Ground,-24307,0,11
2026-10-09T23:10:14.082688453Z,11.858928,113.194109,Cloud to Cloud,11600,14820,6
2026-10-09T23:10:14.080859454Z,11.815218,113.181579,Cloud to Ground,36442,0,8
2026-10-09T23:10:16.443581513Z,4.173665,119.591772,Cloud to Ground,-18816,0,10
2026-10-09T23:10:16.404099496Z,4.071711,119.533066,Cloud to Ground,-29647,0,20
2026-10-09T23:10:16.549384216Z,4.057917,119.542173,Cloud to Ground,-27541,0,18
2026-10-09T23:10:16.600252709Z,4.024293,119.608275,Cloud to Ground,-13271,0,18
2026-10-09T23:10:17.419030217Z,13.802938,113.228457,Cloud to Ground,26860,0,11
2026-10-09T23:10:17.633326136Z,13.831801,113.362019,Cloud to Ground,-20199,0,12
2026-10-09T23:10:17.870213019Z,13.825616,113.327043,Cloud to Cloud,9502,3200,7
2026-10-09T23:10:19.405272522Z,0.163272,111.432129,Cloud to Ground,-40055,0,26
2026-10-09T23:10:19.481807875Z,0.145112,111.433103,Cloud to Ground,19755,0,12
2026-10-09T23:10:18.881108000Z,0.1678,111.3544,Cloud to Ground,45496,0,5
2026-10-09T23:10:21.421550834Z,4.173486,119.251599,Cloud to Cloud,-8755,8041,10
2026-10-09T23:10:21.534501143Z,12.452323,113.33942,Cloud to Cloud,-13875,19438,6
2026-10-09T23:10:21.541987007Z,12.51855,113.338276,Cloud to Cloud,-12956,9871,10
2026-10-09T23:10:21.565141464Z,12.465891,113.364269,Cloud to Cloud,-11703,18769,8
2026-10-09T23:10:21.693845078Z,12.43459,113.386572,Cloud to Ground,-10736,0,6
2026-10-09T23:10:22.254156624Z,13.674392,112.092854,Cloud to Ground,-8632,0,10
2026-10-09T23:10:22.520666700Z,13.651604,112.057429,Cloud to Cloud,-7505,18910,6
2026-10-09T23:10:23.219118715Z,3.691129,119.020841,Cloud to Cloud,10359,4347,10
2026-10-09T23:10:23.013854618Z,3.801574,118.991422,Cloud to Cloud,-41212,18477,27
2026-10-09T23:10:23.105834164Z,3.737513,118.935986,Cloud to Ground,-15654,0,28
2026-10-09T23:10:25.593804798Z,7.544334,116.881214,Cloud to Ground,-43650,0,10
2026-10-09T23:10:26.370057036Z,7.581001,116.79235,Cloud to Cloud,-19566,10347,13
2026-10-09T23:10:25.663091264Z,7.515951,116.827929,Cloud to Cloud,-11281,3483,8
2026-10-09T23:10:26.192619000Z,7.5779,116.8586,Cloud to Ground,15310,0,6
2026-10-09T23:10:26.355719000Z,7.6968,116.7571,Cloud to Ground,50173,0,6
2026-10-09T23:10:27.512815837Z,7.966198,114.444518,Cloud to Cloud,-7606,10141,7
2026-10-09T23:10:27.493316684Z,7.934941,114.347039,Cloud to Ground,9775,0,10
2026-10-09T23:10:30.420417963Z,4.27048,119.316479,Cloud to Cloud,8357,3064,9
2026-10-09T23:10:31.940921660Z,8.526228,134.872248,Cloud to Ground,-11428,0,15
2026-10-09T23:10:31.944543061Z,8.588381,134.955774,Cloud to Ground,-23354,0,17
2026-10-09T23:10:37.499403447Z,4.082734,119.400321,Cloud to Ground,53771,0,32
2026-10-09T23:10:38.544122894Z,3.709496,119.004169,Cloud to Ground,11769,0,18
2026-10-09T23:10:42.187895318Z,8.520023,134.975419,Cloud to Ground,-15449,0,11
2026-10-09T23:10:45.043007207Z,5.961759,119.006838,Cloud to Ground,-88589,0,20
2026-10-09T23:10:45.781161405Z,5.973781,130.05382,Cloud to Ground,20176,0,9
2026-10-09T23:10:46.494925424Z,0.101537,132.930347,Cloud to Ground,-5797,0,7
2026-10-09T23:10:48.001319314Z,7.31356,131.081507,Cloud to Ground,-78442,0,20
2026-10-09T23:10:48.068417304Z,7.251943,131.191461,Cloud to Ground,-100485,0,25
2026-10-09T23:10:47.997337359Z,7.247568,131.184232,Cloud to Cloud,-16692,7421,14
2026-10-09T23:10:49.785242488Z,13.847601,113.032484,Cloud to Ground,-94132,0,10
2026-10-09T23:10:50.635942639Z,13.916912,112.995267,Cloud to Ground,-58801,0,11
2026-10-09T23:10:50.416728399Z,13.873064,112.994112,Cloud to Ground,-24990,0,8
2026-10-09T23:10:49.822017070Z,13.848854,113.046293,Cloud to Ground,-19006,0,10
2026-10-09T23:10:49.831217501Z,13.832231,113.046534,Cloud to Ground,-16826,0,6
2026-10-09T23:10:53.170247570Z,0.171646,111.383798,Cloud to Ground,-12544,0,9
2026-10-09T23:10:55.900122338Z,12.508254,113.351967,Cloud to Ground,15249,0,10
2026-10-09T23:10:55.944815720Z,12.488532,113.264146,Cloud to Ground,16421,0,10
2026-10-09T23:10:56.769900296Z,12.511087,113.369982,Cloud to Ground,-69099,0,11
2026-10-09T23:10:56.918062039Z,12.505901,113.355785,Cloud to Ground,-23823,0,7
2026-10-09T23:11:01.787416884Z,7.642333,116.845197,Cloud to Ground,-35159,0,13
2026-10-09T23:11:01.458928829Z,7.642002,116.863823,Cloud to Cloud,-24053,6133,20
2026-10-09T23:11:02.630537267Z,1.489514,123.195103,Cloud to Cloud,7069,5394,10
2026-10-09T23:11:05.633756983Z,14.094823,111.907506,Cloud to Cloud,-14787,7569,10
2026-10-09T23:11:05.630153278Z,14.091096,111.896412,Cloud to Cloud,-13210,13468,8
2026-10-09T23:11:05.630981610Z,14.054316,111.823551,Cloud to Ground,54208,0,9
2026-10-09T23:11:06.895403349Z,7.776137,134.988629,Cloud to Ground,-43260,0,22
2026-10-09T23:11:08.922687508Z,4.166955,119.311014,Cloud to Ground,22246,0,19
2026-10-09T23:11:09.087670107Z,4.29384,119.276789,Cloud to Cloud,-7907,14016,12
2026-10-09T23:11:09.833876228Z,15.445188,126.609595,Cloud to Cloud,15242,19100,13
2026-10-09T23:11:09.956695902Z,12.305418,120.043952,Cloud to Cloud,7335,11606,8
2026-10-09T23:11:10.086188406Z,12.422621,120.012724,Cloud to Ground,-15464,0,8
2026-10-09T23:11:10.237497325Z,12.424088,120.006188,Cloud to Ground,-4920,0,5
2026-10-09T23:11:11.017618245Z,3.7064,119.059968,Cloud to Ground,-140246,0,39
2026-10-09T23:11:11.078518291Z,3.725172,119.000818,Cloud to Ground,-19237,0,18
2026-10-09T23:11:13.216675946Z,21.475635,121.391737,Cloud to Ground,-43668,0,13
2026-10-09T23:11:13.296440584Z,21.475267,121.383867,Cloud to Ground,-24803,0,12
2026-10-09T23:11:13.315105345Z,21.465015,121.357914,Cloud to Ground,-23087,0,10
2026-10-09T23:11:13.550619886Z,21.471743,121.374619,Cloud to Ground,-21272,0,9
2026-10-09T23:11:13.259582063Z,21.449583,121.371561,Cloud to Ground,-19837,0,10
2026-10-09T23:11:13.398042673Z,21.474312,121.382834,Cloud to Ground,-17587,0,7
2026-10-09T23:11:13.486963426Z,21.472699,121.38004,Cloud to Ground,-15215,0,7
2026-10-09T23:11:13.264110250Z,21.473889,121.379211,Cloud to Ground,-10965,0,7
2026-10-09T23:11:17.022009159Z,3.715143,119.017386,Cloud to Ground,-22139,0,15
2026-10-09T23:11:17.567736834Z,9.670918,133.627636,Cloud to Ground,-45962,0,19
2026-10-09T23:11:17.583945701Z,9.587866,133.543069,Cloud to Cloud,-10508,17004,13
2026-10-09T23:11:17.569776507Z,9.598887,133.558329,Cloud to Cloud,-10325,3086,17
2026-10-09T23:11:17.566445952Z,9.581376,133.660818,Cloud to Ground,9407,0,9
2026-10-09T23:11:17.565524845Z,9.588044,133.666091,Cloud to Ground,9767,0,11
2026-10-09T23:11:18.882989454Z,8.560463,134.968939,Cloud to Ground,18450,0,12
2026-10-09T23:11:20.308968960Z,4.146495,119.547895,Cloud to Ground,28789,0,12
2026-10-09T23:11:22.086541787Z,20.691466,123.27915,Cloud to Cloud,-20218,3019,9
2026-10-09T23:11:22.091522473Z,20.695254,123.275729,Cloud to Cloud,5298,16673,8
2026-10-09T23:11:23.012348866Z,11.950725,119.555142,Cloud to Cloud,4325,19685,5
2026-10-09T23:11:25.806138241Z,13.976885,112.978989,Cloud to Ground,18837,0,9
2026-10-09T23:11:27.947728864Z,9.592043,133.569239,Cloud to Ground,-8304,0,8
2026-10-09T23:11:28.638884554Z,9.584545,133.367573,Cloud to Cloud,-31763,6063,35
2026-10-09T23:11:28.653173560Z,9.542023,133.34641,Cloud to Cloud,-15361,6760,19
2026-10-09T23:11:32.361162795Z,10.218165,118.441569,Cloud to Ground,17370,0,8
2026-10-09T23:11:33.408839898Z,9.277319,121.416954,Cloud to Ground,-96837,0,20
2026-10-09T23:11:33.041631634Z,0.229874,132.941981,Cloud to Cloud,-6972,3164,8
2026-10-09T23:11:33.517763769Z,21.210242,121.70565,Cloud to Ground,-52538,0,12
2026-10-09T23:11:36.746163729Z,6.090698,129.995149,Cloud to Cloud,-15478,4038,9
2026-10-09T23:11:36.317723480Z,1.982582,118.305391,Cloud to Ground,19688,0,19
2026-10-09T23:11:36.200100020Z,2.085044,118.207478,Cloud to Cloud,-9432,18234,24
2026-10-09T23:11:36.196411185Z,2.077405,118.22487,Cloud to Cloud,7896,3008,9
2026-10-09T23:11:42.838116964Z,7.684061,114.150246,Cloud to Ground,15230,0,11
2026-10-09T23:11:46.659648955Z,1.423665,123.203055,Cloud to Ground,-13827,0,19
2026-10-09T23:11:46.453593700Z,1.412407,123.198307,Cloud to Cloud,-10476,4404,13
2026-10-09T23:11:46.671345463Z,1.402668,123.239517,Cloud to Ground,50645,0,19
2026-10-09T23:11:47.397785865Z,0.270819,111.39513,Cloud to Ground,-82598,0,12
2026-10-09T23:11:47.385388511Z,0.184002,111.446121,Cloud to Ground,-28221,0,16
2026-10-09T23:11:47.440402697Z,0.17591,111.415,Cloud to Ground,-26347,0,17
2026-10-09T23:11:47.364253978Z,0.187049,111.467658,Cloud to Ground,-25296,0,11
2026-10-09T23:11:47.303625797Z,0.187812,111.426065,Cloud to Cloud,-20580,3007,19
2026-10-09T23:11:47.367992432Z,0.202759,111.455491,Cloud to Ground,44529,0,14
2026-10-09T23:11:47.713208309Z,0.194124,111.444456,Cloud to Ground,65287,0,20
2026-10-09T23:11:47.111068047Z,2.963266,122.66363,Cloud to Cloud,11839,9737,7
2026-10-09T23:11:49.166365938Z,8.549566,134.990466,Cloud to Ground,-11586,0,20
2026-10-09T23:11:52.404153514Z,4.16997,119.52088,Cloud to Ground,-13570,0,14
2026-10-09T23:11:55.376673243Z,12.500652,113.351805,Cloud to Cloud,-7713,17416,6
2026-10-09T23:11:55.122597828Z,12.521927,113.275453,Cloud to Ground,9367,0,7
2026-10-09T23:11:55.048921155Z,12.471205,113.267722,Cloud to Ground,10575,0,8
2026-10-09T23:11:55.028725336Z,12.463146,113.26485,Cloud to Ground,15057,0,7
2026-10-09T23:11:55.057606328Z,12.474133,113.265169,Cloud to Ground,21311,0,12
2026-10-09T23:11:56.461427098Z,7.969945,114.50014,Cloud to Ground,-171893,0,9
2026-10-09T23:11:56.455704747Z,7.98604,114.45847,Cloud to Ground,-38049,0,13
2026-10-09T23:11:56.587132691Z,8.036518,114.454643,Cloud to Ground,-14021,0,8
2026-10-09T23:11:56.829098538Z,8.035919,114.451375,Cloud to Ground,-11081,0,10
2026-10-09T23:11:56.582246526Z,7.96119,114.381787,Cloud to Cloud,12407,3415,9
2026-10-09T23:11:57.221997899Z,8.187062,120.571578,Cloud to Cloud,-6222,4351,7
2026-10-09T23:12:00.640671000Z,20.9886,122.5884,Cloud to Ground,-86331,0,8
2026-10-09T23:12:00.637705676Z,20.974899,122.608841,Cloud to Ground,17696,0,9
2026-10-09T23:12:01.172289419Z,2.898991,122.549488,Cloud to Cloud,-26905,5570,16
2026-10-09T23:12:01.170914669Z,2.883173,122.544896,Cloud to Cloud,-13782,14663,15
2026-10-09T23:12:01.183063774Z,2.977687,122.521629,Cloud to Cloud,7043,4351,13
2026-10-09T23:12:01.169226600Z,2.890881,122.540826,Cloud to Ground,12933,0,13
2026-10-09T23:12:01.370105000Z,2.8305,122.4647,Cloud to Ground,41392,0,8
2026-10-09T23:12:02.905762113Z,21.217562,121.618378,Cloud to Cloud,18298,10993,10
2026-10-09T23:12:02.900904919Z,21.301603,121.651524,Cloud to Ground,20791,0,8
2026-10-09T23:12:02.899296440Z,21.219313,121.634442,Cloud to Ground,23912,0,8
2026-10-09T23:12:02.897390016Z,21.256216,121.766706,Cloud to Cloud,6439,9859,7
2026-10-09T23:12:03.877982447Z,2.157013,116.339787,Cloud to Ground,-35593,0,14
2026-10-09T23:12:03.871563757Z,2.103252,116.387529,Cloud to Cloud,-17255,3193,24
2026-10-09T23:12:03.078167167Z,15.357174,126.654106,Cloud to Cloud,11571,18331,7
2026-10-09T23:12:03.060565552Z,15.379821,126.626222,Cloud to Ground,19525,0,10
2026-10-09T23:12:08.288979106Z,8.539659,134.973297,Cloud to Ground,-14278,0,36
2026-10-09T23:12:10.020687073Z,3.715255,119.033444,Cloud to Ground,20464,0,23
2026-10-09T23:12:11.968680923Z,9.340547,121.198446,Cloud to Ground,-79565,0,18
2026-10-09T23:12:16.904228012Z,13.957631,112.832547,Cloud to Ground,9287,0,7
2026-10-09T23:12:16.622987946Z,13.952585,112.963898,Cloud to Ground,-35307,0,12
2026-10-09T23:12:16.816983229Z,13.887148,112.931712,Cloud to Ground,-30724,0,11
2026-10-09T23:12:16.731371489Z,13.934214,112.958523,Cloud to Ground,-18648,0,8
2026-10-09T23:12:16.923860722Z,13.890037,112.935567,Cloud to Ground,-10281,0,6
2026-10-09T23:12:16.126108722Z,13.926544,112.828222,Cloud to Ground,15025,0,9
2026-10-09T23:12:16.183274273Z,13.966071,112.872417,Cloud to Ground,18616,0,7
2026-10-09T23:12:18.675352196Z,4.331335,119.241345,Cloud to Ground,-38316,0,21
2026-10-09T23:12:18.500557144Z,0.118128,111.300521,Cloud to Ground,-43446,0,11
2026-10-09T23:12:18.521995910Z,0.112293,111.42172,Cloud to Ground,19480,0,14
2026-10-09T23:12:18.834922535Z,4.215065,119.26066,Cloud to Cloud,-16473,3139,12
2026-10-09T23:12:18.726149409Z,4.218372,119.266733,Cloud to Ground,42239,0,15
2026-10-09T23:12:18.492716877Z,10.346956,118.497328,Cloud to Cloud,-16239,17281,8
2026-10-09T23:12:21.895984229Z,6.878716,131.130226,Cloud to Ground,-19716,0,17
2026-10-09T23:12:21.897053557Z,6.877655,131.276412,Cloud to Ground,16790,0,16
2026-10-09T23:12:21.266679046Z,8.518408,134.960469,Cloud to Ground,12830,0,8
2026-10-09T23:12:22.228838554Z,4.169848,119.488672,Cloud to Cloud,-13962,10729,11
2026-10-09T23:12:22.348198775Z,7.069164,131.130082,Cloud to Ground,-48999,0,20
2026-10-09T23:12:22.375179806Z,6.980932,131.036024,Cloud to Ground,-32837,0,30
2026-10-09T23:12:23.128312678Z,7.057147,130.923122,Cloud to Ground,-26247,0,21
2026-10-09T23:12:23.737537743Z,7.056557,130.900722,Cloud to Ground,-25531,0,10
2026-10-09T23:12:23.102483467Z,7.053645,130.897864,Cloud to Ground,-23316,0,13
2026-10-09T23:12:23.084526991Z,7.078586,130.95588,Cloud to Ground,-22230,0,30
2026-10-09T23:12:23.547226327Z,7.065398,130.938329,Cloud to Cloud,-15469,7929,23
2026-10-09T23:12:22.398740550Z,6.982147,131.028671,Cloud to Ground,-11188,0,27
2026-10-09T23:12:23.556947259Z,7.084469,130.904838,Cloud to Ground,32140,0,19
2026-10-09T23:12:23.084033000Z,7.0461,131.0069,Cloud to Ground,51469,0,5
2026-10-09T23:12:23.909417757Z,7.312477,117.701373,Cloud to Ground,-13287,0,16
2026-10-09T23:12:23.854729000Z,7.271,117.6731,Cloud to Ground,19930,0,9
2026-10-09T23:12:28.193171040Z,21.470626,121.408229,Cloud to Cloud,3058,7283,5
2026-10-09T23:12:28.144872806Z,21.472883,121.375707,Cloud to Cloud,5149,19885,7
2026-10-09T23:12:28.147322935Z,21.464732,121.377005,Cloud to Cloud,6349,18260,6
2026-10-09T23:12:28.141960608Z,21.46955,121.384613,Cloud to Ground,23832,0,8
2026-10-09T23:12:31.570461704Z,4.085284,119.409881,Cloud to Ground,15535,0,15
2026-10-09T23:12:33.199731460Z,7.654149,114.230341,Cloud to Cloud,-29592,3056,12
2026-10-09T23:12:33.233340649Z,7.752215,114.197744,Cloud to Ground,-21187,0,12
2026-10-09T23:12:33.299665000Z,7.6793,114.1422,Cloud to Ground,32013,0,8
2026-10-09T23:12:34.336590255Z,13.503799,112.652643,Cloud to Ground,-17438,0,13
2026-10-09T23:12:34.337873718Z,13.458015,112.616617,Cloud to Ground,-10909,0,9
2026-10-09T23:12:34.204275325Z,13.451355,112.61053,Cloud to Ground,10466,0,8
2026-10-09T23:12:38.699305759Z,12.502427,113.323035,Cloud to Cloud,-6773,3472,7
2026-10-09T23:12:47.888448882Z,3.80857,118.990572,Cloud to Ground,-54932,0,23
2026-10-09T23:12:48.206775266Z,3.816412,118.984044,Cloud to Cloud,-18753,3018,24
2026-10-09T23:12:48.001903730Z,3.841797,118.980966,Cloud to Cloud,-6430,10027,8
2026-10-09T23:12:47.938931000Z,3.7864,119.0203,Cloud to Ground,5362,0,5
2026-10-09T23:12:52.008945653Z,7.534508,116.895877,Cloud to Ground,-78743,0,12
2026-10-09T23:12:52.026019124Z,7.544337,116.890062,Cloud to Cloud,-26891,6822,9
2026-10-09T23:12:52.045509589Z,7.589211,116.867903,Cloud to Cloud,-18069,3025,7
2026-10-09T23:12:52.070510060Z,7.647433,116.862958,Cloud to Ground,-16119,0,12
2026-10-09T23:12:56.212481266Z,12.483885,113.395884,Cloud to Ground,-34628,0,12
2026-10-09T23:12:56.367259236Z,12.40999,113.356871,Cloud to Ground,-31343,0,24
2026-10-09T23:12:56.215359346Z,12.426857,113.339701,Cloud to Ground,13565,0,7
2026-10-09T23:13:03.221109730Z,8.176021,120.60526,Cloud to Ground,45316,0,16
2026-10-09T23:13:07.814274557Z,21.263295,121.759862,Cloud to Ground,-45082,0,15
2026-10-09T23:13:08.085343163Z,21.231813,121.766748,Cloud to Ground,-40024,0,12
2026-10-09T23:13:07.939890228Z,21.277238,121.735459,Cloud to Ground,-34993,0,6
2026-10-09T23:13:08.137806067Z,21.255816,121.742016,Cloud to Ground,-28236,0,14
2026-10-09T23:13:07.883114688Z,21.259667,121.73958,Cloud to Ground,-22456,0,12
2026-10-09T23:13:08.207801025Z,21.252027,121.742208,Cloud to Ground,-17086,0,8
2026-10-09T23:13:08.508794989Z,21.252842,121.743786,Cloud to Ground,-14660,0,6
2026-10-09T23:13:08.535452479Z,21.251815,121.747893,Cloud to Ground,-12924,0,7
2026-10-09T23:13:08.122661496Z,21.256549,121.720971,Cloud to Cloud,-7167,18371,6
2026-10-09T23:13:07.804161793Z,21.264545,121.762356,Cloud to Cloud,-6988,18132,7
2026-10-09T23:13:08.130466612Z,21.264415,121.761041,Cloud to Ground,-6001,0,6
2026-10-09T23:13:08.414786860Z,21.252923,121.739672,Cloud to Cloud,-5725,18817,6
2026-10-09T23:13:08.243476750Z,4.108942,119.561039,Cloud to Cloud,14495,4698,8
2026-10-09T23:13:09.892246379Z,0.111103,111.3369,Cloud to Ground,-109982,0,26
2026-10-09T23:13:10.058717247Z,0.144643,111.381332,Cloud to Ground,9016,0,7
2026-10-09T23:13:09.937440723Z,0.196826,111.372383,Cloud to Ground,20379,0,11
2026-10-09T23:13:10.042449457Z,0.10753,111.422038,Cloud to Ground,32310,0,27
2026-10-09T23:13:10.346802008Z,0.107496,111.42147,Cloud to Ground,33660,0,21
2026-10-09T23:13:10.004042489Z,0.127211,111.416801,Cloud to Ground,38416,0,20
2026-10-09T23:13:09.922967248Z,0.107918,111.422011,Cloud to Ground,43360,0,19
2026-10-09T23:13:09.169526069Z,9.598745,134.228339,Cloud to Ground,61812,0,14
2026-10-09T23:13:09.196125000Z,9.5372,134.1272,Cloud to Ground,20824,0,6
2026-10-09T23:13:17.705795603Z,4.319362,119.265363,Cloud to Ground,213601,0,18
2026-10-09T23:13:18.176846025Z,4.209359,119.257164,Cloud to Cloud,-16017,3156,18
2026-10-09T23:13:19.712211039Z,12.287613,119.962891,Cloud to Ground,-16976,0,10
2026-10-09T23:13:19.856039226Z,12.287497,119.951523,Cloud to Ground,-5565,0,6
2026-10-09T23:13:19.713431439Z,12.293783,119.934886,Cloud to Ground,-4183,0,5
2026-10-09T23:13:19.857857400Z,12.353956,119.891669,Cloud to Cloud,4562,19574,6
2026-10-09T23:13:20.476059785Z,8.23302,120.592099,Cloud to Ground,14359,0,7
2026-10-09T23:13:23.624329000Z,2.9067,122.6526,Cloud to Ground,-12903,0,6
2026-10-09T23:13:25.405040792Z,1.41971,123.204261,Cloud to Ground,-6865,0,7
2026-10-09T23:13:25.445141919Z,1.478286,123.141519,Cloud to Cloud,4678,5066,7
2026-10-09T23:13:27.789848585Z,9.338696,121.362626,Cloud to Ground,-131775,0,14
2026-10-09T23:13:27.830942850Z,9.336169,121.221061,Cloud to Cloud,-28630,17224,15
2026-10-09T23:13:27.884625000Z,9.2652,121.2023,Cloud to Ground,17051,0,5
2026-10-09T23:13:27.784539964Z,9.255208,121.28603,Cloud to Ground,27637,0,10
2026-10-09T23:13:29.456993739Z,13.977355,112.958332,Cloud to Cloud,-10066,18205,8
2026-10-09T23:13:29.426803217Z,13.924101,112.838361,Cloud to Ground,16354,0,8
2026-10-09T23:13:29.485822154Z,13.984203,112.801269,Cloud to Ground,16964,0,10
2026-10-09T23:13:29.429107148Z,13.965426,112.85951,Cloud to Ground,18794,0,8
2026-10-09T23:13:31.774225989Z,6.016609,130.051959,Cloud to Ground,-14161,0,20
2026-10-09T23:13:31.371401918Z,12.50241,113.327963,Cloud to Ground,11148,0,11
2026-10-09T23:13:31.476785014Z,12.473289,113.267405,Cloud to Ground,17431,0,7
2026-10-09T23:13:36.711310673Z,8.524379,134.953067,Cloud to Ground,-13832,0,7
2026-10-09T23:13:40.055125105Z,4.130501,119.520786,Cloud to Ground,-44815,0,24
2026-10-09T23:13:40.088202583Z,4.089414,119.462125,Cloud to Ground,-20631,0,30
2026-10-09T23:13:40.125815563Z,4.110826,119.559294,Cloud to Ground,-16676,0,17
2026-10-09T23:13:40.133549914Z,7.67706,114.221057,Cloud to Ground,13006,0,14
2026-10-09T23:13:42.504687418Z,7.539986,117.683364,Cloud to Cloud,-14138,14498,11
2026-10-09T23:13:42.475195362Z,7.611128,117.360231,Cloud to Ground,-26115,0,26
2026-10-09T23:13:42.553386296Z,7.613701,117.340879,Cloud to Ground,-19635,0,20
2026-10-09T23:13:54.128248723Z,21.487681,121.40525,Cloud to Ground,-90125,0,16
2026-10-09T23:13:54.120942608Z,21.473211,121.389017,Cloud to Cloud,-18463,14935,8
2026-10-09T23:13:56.385709574Z,13.951179,112.873335,Cloud to Cloud,4227,15621,5
2026-10-09T23:14:00.554551341Z,12.505623,113.249203,Cloud to Ground,14667,0,8
2026-10-09T23:14:03.392028863Z,2.973312,122.578979,Cloud to Cloud,10873,3084,9
2026-10-09T23:14:04.374238264Z,6.962089,131.137472,Cloud to Ground,31491,0,16
2026-10-09T23:14:05.751253717Z,4.290012,119.254244,Cloud to Cloud,-18190,17722,18
2026-10-09T23:14:05.187492743Z,4.101632,119.251713,Cloud to Ground,14959,0,12
2026-10-09T23:14:05.191072003Z,4.108132,119.278374,Cloud to Ground,33655,0,26
2026-10-09T23:14:06.041014403Z,1.428869,123.191667,Cloud to Ground,-8460,0,14
2026-10-09T23:14:06.216941770Z,1.440226,123.198583,Cloud to Ground,9681,0,11
2026-10-09T23:14:06.071177538Z,1.443262,123.220539,Cloud to Ground,11016,0,12
2026-10-09T23:14:15.458211000Z,3.6744,119.038,Cloud to Ground,-44357,0,10
2026-10-09T23:14:15.544608923Z,3.662505,119.029041,Cloud to Ground,-11170,0,21
2026-10-09T23:14:15.262172398Z,13.851199,113.024045,Cloud to Cloud,-6916,3043,7
2026-10-09T23:14:15.232946468Z,13.833963,112.943525,Cloud to Ground,9431,0,8
2026-10-09T23:14:15.234015763Z,13.846615,112.940104,Cloud to Ground,17811,0,9
2026-10-09T23:14:16.900857151Z,12.430504,113.257971,Cloud to Cloud,6318,6472,6
2026-10-09T23:14:17.191033122Z,12.246724,113.325328,Cloud to Ground,12710,0,7
2026-10-09T23:14:18.100150175Z,7.900303,114.396292,Cloud to Ground,-15483,0,11
2026-10-09T23:14:18.195995265Z,7.965085,114.493542,Cloud to Ground,-50802,0,12
2026-10-09T23:14:18.243765490Z,7.963567,114.497723,Cloud to Ground,-48097,0,11
2026-10-09T23:14:18.295025494Z,7.95295,114.494946,Cloud to Ground,-39118,0,8
2026-10-09T23:14:18.681671436Z,8.01984,114.434915,Cloud to Ground,-25350,0,12
2026-10-09T23:14:18.300389002Z,8.017413,114.422446,Cloud to Ground,-13119,0,12
2026-10-09T23:14:18.152125861Z,7.959788,114.482809,Cloud to Ground,10838,0,7
2026-10-09T23:14:18.100632799Z,8.038092,114.46862,Cloud to Ground,20356,0,14
2026-10-09T23:14:18.194002537Z,7.982604,114.482519,Cloud to Ground,37960,0,12
2026-10-09T23:14:18.105110853Z,8.022607,114.502899,Cloud to Ground,102259,0,12
2026-10-09T23:14:18.811353657Z,10.343371,118.489659,Cloud to Cloud,-10208,5377,8
2026-10-09T23:14:26.505907515Z,0.188953,111.438619,Cloud to Ground,-12942,0,10
2026-10-09T23:14:26.923324870Z,0.201917,111.382302,Cloud to Ground,24900,0,22
2026-10-09T23:14:26.922228000Z,0.1198,111.4163,Cloud to Ground,78546,0,7
2026-10-09T23:14:28.140256141Z,11.858336,113.319204,Cloud to Ground,-15397,0,10
2026-10-09T23:14:29.294427653Z,2.109235,116.379418,Cloud to Ground,-38057,0,17
2026-10-09T23:14:29.298224219Z,2.115029,116.390373,Cloud to Ground,101952,0,34
2026-10-09T23:14:29.618169141Z,10.166591,118.492111,Cloud to Ground,28105,0,11
2026-10-09T23:14:31.452058136Z,9.302468,121.352842,Cloud to Ground,-30906,0,10
2026-10-09T23:14:31.390213980Z,9.228386,121.25429,Cloud to Ground,-37289,0,8
2026-10-09T23:14:35.612154168Z,12.531245,113.357813,Cloud to Ground,7850,0,6
2026-10-09T23:14:39.185540366Z,1.423716,123.207619,Cloud to Ground,-26227,0,24
2026-10-09T23:14:39.018520843Z,1.420585,123.195384,Cloud to Cloud,-22981,3012,17
2026-10-09T23:14:39.080096289Z,1.43479,123.217195,Cloud to Ground,-16217,0,20
2026-10-09T23:14:39.011556320Z,1.430566,123.190315,Cloud to Ground,-14037,0,23
2026-10-09T23:14:39.170482879Z,1.449295,123.192882,Cloud to Ground,-13610,0,12
2026-10-09T23:14:39.163749222Z,1.420336,123.186018,Cloud to Ground,16373,0,12
2026-10-09T23:14:39.079013826Z,1.422131,123.182575,Cloud to Ground,25773,0,20
2026-10-09T23:14:41.802596990Z,6.049367,118.972772,Cloud to Ground,-12656,0,11
2026-10-09T23:14:41.531739964Z,5.831132,119.086348,Cloud to Ground,-35916,0,22
2026-10-09T23:14:41.955442177Z,7.557766,116.898354,Cloud to Cloud,-66771,3027,12
2026-10-09T23:14:42.343586041Z,7.592967,116.895506,Cloud to Cloud,-12007,3688,6
2026-10-09T23:14:42.773843320Z,7.549904,116.88115,Cloud to Cloud,-11451,10619,7
2026-10-09T23:14:42.357784065Z,7.552691,116.809687,Cloud to Cloud,10319,3027,7
2026-10-09T23:14:42.051877255Z,7.614887,116.877677,Cloud to Cloud,13232,17689,6
2026-10-09T23:14:42.594655655Z,21.448037,121.380152,Cloud to Cloud,3764,15935,7
2026-10-09T23:14:42.563854408Z,21.466607,121.372957,Cloud to Ground,20778,0,8
2026-10-09T23:14:45.560623657Z,4.335149,119.316603,Cloud to Cloud,7597,8211,7
2026-10-09T23:14:46.616573588Z,21.221599,121.726091,Cloud to Cloud,-10207,17204,11
2026-10-09T23:14:46.572038227Z,21.235676,121.73784,Cloud to Cloud,5720,19397,6
2026-10-09T23:14:46.579703145Z,21.255477,121.741685,Cloud to Cloud,6525,18387,6
2026-10-09T23:14:46.667472558Z,21.179646,121.715188,Cloud to Cloud,7638,3544,6
2026-10-09T23:14:46.576655083Z,21.228514,121.742518,Cloud to Cloud,7964,18829,7
2026-10-09T23:14:46.565799824Z,21.24136,121.734593,Cloud to Cloud,11047,6429,9
2026-10-09T23:14:46.578337731Z,21.238178,121.747894,Cloud to Ground,15613,0,7
2026-10-09T23:14:46.527851984Z,15.459742,126.618529,Cloud to Cloud,-15253,6256,12
2026-10-09T23:14:46.813212140Z,15.519848,126.69997,Cloud to Ground,-15856,0,7
2026-10-09T23:14:46.497026657Z,15.469644,126.711601,Cloud to Ground,-15503,0,12
2026-10-09T23:14:46.526806516Z,15.531941,126.550152,Cloud to Ground,-33210,0,23
2026-10-09T23:14:46.492215470Z,15.380757,126.780668,Cloud to Cloud,21765,6926,7
2026-10-09T23:14:48.710754590Z,4.083266,119.533109,Cloud to Ground,-90522,0,21
2026-10-09T23:14:49.249112577Z,4.063844,119.517373,Cloud to Ground,-44565,0,22
2026-10-09T23:14:49.050824188Z,4.056275,119.574344,Cloud to Ground,-22654,0,24
2026-10-09T23:14:49.745670654Z,4.056193,119.535602,Cloud to Cloud,-14818,15956,24
2026-10-09T23:14:49.123611532Z,4.161465,119.522864,Cloud to Ground,-10005,0,12
2026-10-09T23:14:49.311896374Z,4.14762,119.556142,Cloud to Ground,-9391,0,7
2026-10-09T23:14:52.061092183Z,2.925684,122.749062,Cloud to Ground,-9447,0,14
2026-10-09T23:14:52.284403933Z,2.793875,122.549117,Cloud to Ground,-38067,0,29
2026-10-09T23:14:52.146414187Z,2.861147,122.560011,Cloud to Ground,-19896,0,20
2026-10-09T23:14:52.061896215Z,2.855503,122.548605,Cloud to Ground,15116,0,15
2026-10-09T23:14:57.938950735Z,9.669535,133.382837,Cloud to Cloud,-10894,5433,16
2026-10-09T23:14:57.936441111Z,9.60344,133.44593,Cloud to Ground,43159,0,17
2026-10-09T23:14:58.299675108Z,8.527187,134.990285,Cloud to Ground,15800,0,9
2026-10-09T23:15:04.258524405Z,12.459633,113.224213,Cloud to Cloud,-11741,5808,7
2026-10-09T23:15:03.833303807Z,12.44695,113.191475,Cloud to Ground,18786,0,8
2026-10-09T23:15:03.903391889Z,12.31898,113.287463,Cloud to Cloud,7304,6188,6
2026-10-09T23:15:04.732579665Z,12.503057,113.371296,Cloud to Ground,-56682,0,9
2026-10-09T23:15:04.640952727Z,12.500889,113.36646,Cloud to Ground,-34716,0,10
2026-10-09T23:15:04.735517517Z,12.498889,113.349013,Cloud to Ground,12901,0,5
2026-10-09T23:15:04.642328316Z,12.539153,113.342982,Cloud to Ground,16935,0,8
2026-10-09T23:15:08.490176080Z,14.001975,112.942774,Cloud to Ground,24104,0,11
2026-10-09T23:15:09.883583611Z,8.562816,134.987892,Cloud to Ground,-9799,0,23
2026-10-09T23:15:16.112892643Z,21.466783,121.349793,Cloud to Ground,-27358,0,17
2026-10-09T23:15:16.330992094Z,21.466357,121.359443,Cloud to Ground,-25472,0,7
2026-10-09T23:15:16.212678839Z,21.467585,121.36883,Cloud to Cloud,-6409,19173,6
2026-10-09T23:15:25.303829198Z,14.006324,113.035894,Cloud to Ground,20553,0,10
2026-10-09T23:15:25.259517000Z,13.9827,112.8969,Cloud to Ground,-126939,0,8
2026-10-09T23:15:25.308400384Z,13.985438,112.939188,Cloud to Ground,17615,0,11
2026-10-09T23:15:27.968838399Z,0.165312,111.339582,Cloud to Ground,-92933,0,10
2026-10-09T23:15:28.085687877Z,0.213768,111.352994,Cloud to Ground,-15775,0,17
2026-10-09T23:15:28.122281547Z,0.168415,111.433136,Cloud to Ground,-14568,0,14
2026-10-09T23:15:28.467793565Z,0.157412,111.449656,Cloud to Ground,9135,0,8
2026-10-09T23:15:28.391533039Z,0.178798,111.39436,Cloud to Ground,10229,0,11
2026-10-09T23:15:28.002128023Z,0.266341,111.449478,Cloud to Ground,11832,0,14
2026-10-09T23:15:28.299701413Z,0.178569,111.446228,Cloud to Ground,19525,0,17
2026-10-09T23:15:28.014407128Z,0.154494,111.445844,Cloud to Ground,49390,0,19
2026-10-09T23:15:27.860222283Z,0.157365,132.923981,Cloud to Cloud,6516,3280,7
2026-10-09T23:15:29.249997873Z,1.41714,123.198522,Cloud to Ground,-100082,0,25
2026-10-09T23:15:29.304099922Z,1.501328,123.194414,Cloud to Ground,-21222,0,18
2026-10-09T23:15:29.326021882Z,1.423427,123.227173,Cloud to Ground,-14612,0,22
2026-10-09T23:15:29.386480873Z,1.498722,123.197772,Cloud to Ground,-10676,0,12
2026-10-09T23:15:29.271593588Z,1.426906,123.201643,Cloud to Ground,-6742,0,8
2026-10-09T23:15:33.212376704Z,12.514352,113.33689,Cloud to Ground,-11492,0,10
2026-10-09T23:15:33.188585643Z,12.494983,113.339953,Cloud to Ground,5926,0,5
2026-10-09T23:15:33.200873873Z,12.439328,113.276376,Cloud to Cloud,16424,11409,7
2026-10-09T23:15:34.045065170Z,4.214559,119.272943,Cloud to Ground,19350,0,24
2026-10-09T23:15:34.511411847Z,21.01629,122.54283,Cloud to Ground,-33851,0,19
2026-10-09T23:15:34.609234213Z,20.955055,122.579377,Cloud to Cloud,-5948,19200,7
2026-10-09T23:15:34.457269835Z,20.918999,122.605758,Cloud to Cloud,7241,7441,7
2026-10-09T23:15:34.464505888Z,20.948246,122.456922,Cloud to Cloud,11229,7039,11
2026-10-09T23:15:44.218069317Z,14.051841,111.81685,Cloud to Cloud,7227,7693,6
2026-10-09T23:15:46.098292733Z,8.542354,134.977528,Cloud to Ground,-25071,0,23
2026-10-09T23:15:45.879782949Z,8.537718,134.99113,Cloud to Ground,12296,0,10
2026-10-09T23:15:46.943925445Z,7.315253,131.120786,Cloud to Ground,-98316,0,27
2026-10-09T23:15:47.813341407Z,6.51897,114.167133,Cloud to Cloud,-13926,3013,11
2026-10-09T23:15:47.816526811Z,6.574057,114.151397,Cloud to Ground,-10361,0,7
2026-10-09T23:15:47.812109583Z,6.459703,114.07218,Cloud to Ground,19724,0,10
2026-10-09T23:15:47.012452061Z,7.228909,131.033146,Cloud to Ground,-6649,0,8
2026-10-09T23:15:48.487276063Z,7.229462,117.764117,Cloud to Ground,-39642,0,12
2026-10-09T23:15:48.518417117Z,7.171301,117.817887,Cloud to Ground,-27701,0,8
2026-10-09T23:15:53.544859195Z,3.757474,119.110251,Cloud to Cloud,-14883,9569,13
2026-10-09T23:15:53.585301197Z,3.811445,119.00504,Cloud to Ground,-56708,0,32
2026-10-09T23:15:53.546850269Z,3.74201,118.938915,Cloud to Ground,-22649,0,30
2026-10-09T23:15:53.855657372Z,3.713646,119.023155,Cloud to Ground,-22441,0,23
2026-10-09T23:15:53.460287112Z,3.698496,119.034185,Cloud to Ground,-15640,0,14
2026-10-09T23:15:53.612832290Z,3.816698,118.985144,Cloud to Ground,-8440,0,16
2026-10-09T23:15:53.465819013Z,3.700304,119.025741,Cloud to Ground,96276,0,16
2026-10-09T23:15:54.912008731Z,2.941963,122.860817,Cloud to Ground,20339,0,21
2026-10-09T23:15:55.298753899Z,4.048821,119.550443,Cloud to Ground,-45028,0,19
2026-10-09T23:15:55.211750163Z,4.147453,119.530619,Cloud to Ground,-38212,0,13
2026-10-09T23:15:55.093235594Z,4.046487,119.50319,Cloud to Ground,-37626,0,30
2026-10-09T23:15:55.266615170Z,4.053764,119.577937,Cloud to Ground,-36238,0,24
2026-10-09T23:15:55.360595714Z,4.022445,119.579048,Cloud to Ground,-19178,0,16
2026-10-09T23:15:55.321110791Z,4.150902,119.497108,Cloud to Ground,-15823,0,11
2026-10-09T23:15:55.085265367Z,4.110207,119.557419,Cloud to Ground,-14213,0,12
2026-10-09T23:15:55.793721420Z,4.048885,119.5707,Cloud to Ground,-11309,0,19
2026-10-09T23:15:55.238245676Z,4.027571,119.547535,Cloud to Ground,21693,0,8
2026-10-09T23:15:55.249617872Z,21.303737,121.582492,Cloud to Cloud,-24325,3402,8
2026-10-09T23:15:55.210970000Z,21.2772,121.7255,Cloud to Ground,-199812,0,7
2026-10-09T23:15:55.282696787Z,21.253244,121.695298,Cloud to Ground,-48545,0,10
2026-10-09T23:15:55.352093721Z,21.194174,121.725931,Cloud to Ground,-26072,0,7
2026-10-09T23:16:02.943770077Z,21.492396,121.359105,Cloud to Cloud,-11128,17682,8
2026-10-09T23:16:02.933616423Z,21.510338,121.267928,Cloud to Ground,16344,0,8
2026-10-09T23:16:03.815867077Z,13.409771,112.517396,Cloud to Ground,27447,0,10
2026-10-09T23:16:03.827676200Z,13.442197,112.611271,Cloud to Ground,-9515,0,7
2026-10-09T23:16:04.598959092Z,8.552553,134.989625,Cloud to Ground,-9121,0,19
2026-10-09T23:16:05.573183457Z,7.892168,114.338937,Cloud to Cloud,-9400,4670,7
2026-10-09T23:16:05.570362377Z,7.957586,114.378607,Cloud to Ground,22287,0,18
2026-10-09T23:16:08.031544311Z,12.421675,113.368318,Cloud to Cloud,32401,7786,7
2026-10-09T23:16:09.159267905Z,5.642347,119.256393,Cloud to Ground,-41287,0,16
2026-10-09T23:16:09.134501739Z,5.61458,119.28142,Cloud to Ground,-37567,0,23
2026-10-09T23:16:09.681285695Z,13.968076,113.034466,Cloud to Ground,-25158,0,11
2026-10-09T23:16:09.509365353Z,13.976728,112.957141,Cloud to Cloud,-10465,8946,9
2026-10-09T23:16:14.601307236Z,7.020454,131.125096,Cloud to Ground,-9532,0,15
2026-10-09T23:16:14.141834681Z,6.97612,131.147858,Cloud to Ground,9974,0,11
2026-10-09T23:16:15.309612442Z,7.198888,130.967068,Cloud to Ground,-10675,0,11
2026-10-09T23:16:17.928523035Z,9.226887,121.276322,Cloud to Ground,-82330,0,10
2026-10-09T23:16:18.034334884Z,9.231827,121.281206,Cloud to Ground,-48927,0,16
2026-10-09T23:16:17.962659151Z,9.235658,121.275832,Cloud to Ground,-42664,0,10
2026-10-09T23:16:18.039347887Z,9.234865,121.267759,Cloud to Ground,-39545,0,14
2026-10-09T23:16:18.073761000Z,9.239,121.2025,Cloud to Ground,-27685,0,6
2026-10-09T23:16:17.127629000Z,7.5522,116.7966,Cloud to Ground,24664,0,8
2026-10-09T23:16:21.096413490Z,8.201554,120.587926,Cloud to Ground,27486,0,21
2026-10-09T23:16:22.359315484Z,21.276356,121.690204,Cloud to Cloud,7283,5814,7
2026-10-09T23:16:22.321345202Z,21.25865,121.688019,Cloud to Cloud,10912,18451,8
2026-10-09T23:16:22.318122710Z,21.262945,121.687863,Cloud to Cloud,11844,14641,7
2026-10-09T23:16:22.315646573Z,21.297549,121.75252,Cloud to Ground,23218,0,10
2026-10-09T23:16:27.278523507Z,12.405154,113.349853,Cloud to Ground,-8399,0,7
2026-10-09T23:16:27.390700794Z,12.505311,113.335377,Cloud to Cloud,-16565,18352,9
2026-10-09T23:16:27.453080437Z,12.502586,113.306181,Cloud to Cloud,-7141,4394,6
2026-10-09T23:16:27.024345070Z,12.45992,113.256538,Cloud to Cloud,6780,3001,6
2026-10-09T23:16:29.671940227Z,7.524967,117.407387,Cloud to Ground,-72850,0,12
2026-10-09T23:16:29.881531065Z,5.975339,130.099708,Cloud to Ground,-68673,0,20
2026-10-09T23:16:29.894042679Z,6.006893,130.062065,Cloud to Ground,40705,0,18
2026-10-09T23:16:29.872645117Z,5.540612,130.149675,Cloud to Cloud,-8188,7358,17
2026-10-09T23:16:31.586178177Z,13.660988,111.973628,Cloud to Ground,27002,0,10
2026-10-09T23:16:31.587099709Z,13.679043,112.075842,Cloud to Ground,-15519,0,12
2026-10-09T23:16:31.589493615Z,13.665254,112.069113,Cloud to Ground,-8567,0,9
2026-10-09T23:16:37.775181794Z,4.258854,119.257943,Cloud to Cloud,-13253,4084,10
2026-10-09T23:16:37.367757049Z,4.250512,119.307757,Cloud to Cloud,14757,3386,14
2026-10-09T23:16:38.217253731Z,2.173636,117.893019,Cloud to Ground,14908,0,18
2026-10-09T23:16:39.139897179Z,2.201014,117.905014,Cloud to Ground,-35588,0,21
2026-10-09T23:16:39.148135458Z,2.190072,117.885993,Cloud to Ground,34429,0,23
2026-10-09T23:16:42.707174415Z,1.523017,123.196235,Cloud to Cloud,6675,5525,8
2026-10-09T23:16:43.171834647Z,1.414626,123.210525,Cloud to Cloud,-7903,7917,11
2026-10-09T23:16:43.527178648Z,13.860053,113.193241,Cloud to Cloud,-62495,13680,10
2026-10-09T23:16:43.518003768Z,13.880871,113.111968,Cloud to Ground,-21883,0,10
2026-10-09T23:16:43.596494599Z,13.885524,113.09693,Cloud to Cloud,-11459,6866,6
2026-10-09T23:16:43.626227022Z,13.883299,113.19812,Cloud to Ground,-10462,0,5
2026-10-09T23:16:43.594955141Z,13.923391,113.199079,Cloud to Ground,-9060,0,9
2026-10-09T23:16:46.169992294Z,10.367217,118.482434,Cloud to Ground,31600,0,11
2026-10-09T23:16:47.365988094Z,8.079828,120.549983,Cloud to Cloud,-26007,4161,30
2026-10-09T23:16:47.320068751Z,8.242984,120.602064,Cloud to Ground,-27611,0,8
2026-10-09T23:16:49.535572461Z,21.390129,121.7281,Cloud to Cloud,-14625,15168,10
2026-10-09T23:16:49.493493501Z,21.250801,121.690888,Cloud to Ground,-59255,0,9
2026-10-09T23:16:49.562390008Z,21.256744,121.688229,Cloud to Ground,-31783,0,9
2026-10-09T23:16:49.538529451Z,21.257762,121.689387,Cloud to Ground,-20864,0,14
2026-10-09T23:16:49.867707012Z,21.25643,121.6906,Cloud to Ground,-15871,0,15
2026-10-09T23:16:51.275948644Z,4.09598,119.581177,Cloud to Ground,-45308,0,20
2026-10-09T23:16:51.348586179Z,4.087087,119.482306,Cloud to Cloud,-36331,6579,30
2026-10-09T23:16:51.343325154Z,4.160326,119.498784,Cloud to Cloud,-19085,3414,21
2026-10-09T23:16:51.375591801Z,4.066301,119.5185,Cloud to Cloud,-8680,7692,7
2026-10-09T23:16:51.420166586Z,12.332612,120.018967,Cloud to Ground,-17167,0,10
2026-10-09T23:16:51.214045855Z,12.291156,119.999315,Cloud to Cloud,17928,6579,10
2026-10-09T23:16:52.110775099Z,11.87757,119.630828,Cloud to Ground,39371,0,11
2026-10-09T23:16:55.268406462Z,12.471856,113.22071,Cloud to Ground,15076,0,10
2026-10-09T23:16:55.242653338Z,12.46396,113.334548,Cloud to Ground,-12720,0,9
2026-10-09T23:16:55.239504652Z,12.505674,113.330577,Cloud to Ground,17113,0,6
2026-10-09T23:16:56.779330509Z,2.919342,122.575089,Cloud to Cloud,5992,3321,7
2026-10-09T23:16:56.777969245Z,2.861067,122.546584,Cloud to Ground,32074,0,13
2026-10-09T23:16:59.752486964Z,7.635986,114.244972,Cloud to Cloud,-78789,3057,11
2026-10-09T23:16:59.748533987Z,7.672623,114.269637,Cloud to Ground,-49827,0,20
2026-10-09T23:16:59.788825884Z,7.661255,114.268101,Cloud to Ground,11999,0,15
2026-10-09T23:17:00.543107249Z,0.145119,111.399724,Cloud to Ground,-26851,0,18
2026-10-09T23:17:00.761292398Z,0.147189,111.385968,Cloud to Ground,-14220,0,14
2026-10-09T23:17:00.777388039Z,0.141503,111.396874,Cloud to Ground,-13990,0,15
2026-10-09T23:17:03.796370581Z,21.287898,121.331819,Cloud to Ground,-19034,0,14
2026-10-09T23:17:03.939827799Z,21.466494,121.339706,Cloud to Ground,-75667,0,7
2026-10-09T23:17:04.090919061Z,21.468132,121.33966,Cloud to Ground,-39860,0,8
2026-10-09T23:17:04.035211550Z,21.469148,121.331522,Cloud to Ground,-29600,0,12
2026-10-09T23:17:04.275337832Z,21.470539,121.343648,Cloud to Ground,-10659,0,7
2026-10-09T23:17:04.040160465Z,21.465512,121.364078,Cloud to Ground,-9226,0,8
2026-10-09T23:17:04.339746864Z,9.627529,134.264023,Cloud to Cloud,15684,3019,19
2026-10-09T23:17:04.029178746Z,21.502995,121.215624,Cloud to Ground,21398,0,9
2026-10-09T23:17:06.631179899Z,21.236854,121.697818,Cloud to Ground,-5527,0,5
2026-10-09T23:17:06.627906391Z,21.210157,121.705159,Cloud to Cloud,-4324,3001,6
2026-10-09T23:17:08.586945646Z,7.318107,122.727144,Cloud to Ground,54576,0,22
2026-10-09T23:17:13.247424387Z,8.550655,134.931695,Cloud to Ground,20874,0,11
2026-10-09T23:17:13.793912204Z,9.626786,133.363201,Cloud to Ground,-34532,0,33
2026-10-09T23:17:13.794869343Z,9.63557,133.382723,Cloud to Cloud,-12413,3086,7
2026-10-09T23:17:13.812783949Z,12.506955,113.332873,Cloud to Ground,7659,0,7
2026-10-09T23:17:15.676018990Z,2.458303,116.044547,Cloud to Ground,-16785,0,28
2026-10-09T23:17:15.607325475Z,2.432769,116.03393,Cloud to Ground,68458,0,32
2026-10-09T23:17:16.257887344Z,21.275317,121.717771,Cloud to Cloud,-5517,19154,7
2026-10-09T23:17:16.014767553Z,21.247397,121.683666,Cloud to Cloud,3321,7088,5
2026-10-09T23:17:16.013540892Z,21.254228,121.692646,Cloud to Cloud,5036,5146,6
2026-10-09T23:17:16.115447197Z,21.23536,121.695116,Cloud to Cloud,5083,10239,6
2026-10-09T23:17:16.259422233Z,21.252071,121.691088,Cloud to Cloud,5834,15966,6
2026-10-09T23:17:16.251345515Z,21.20788,121.691432,Cloud to Cloud,7799,19316,5
2026-10-09T23:17:16.009573223Z,21.260376,121.693919,Cloud to Cloud,8864,18161,6
2026-10-09T23:17:16.006570999Z,21.262076,121.692451,Cloud to Cloud,9063,15699,7
2026-10-09T23:17:18.474471437Z,15.452884,126.205871,Cloud to Cloud,10620,4815,10
2026-10-09T23:17:18.476929381Z,15.422015,126.246072,Cloud to Cloud,13369,5483,7
2026-10-09T23:17:21.711174735Z,8.194666,120.565392,Cloud to Ground,33803,0,7
2026-10-09T23:17:23.984576367Z,7.993878,114.468229,Cloud to Cloud,-12837,4851,7
2026-10-09T23:17:23.990813008Z,7.979238,114.473708,Cloud to Ground,110502,0,10
2026-10-09T23:17:23.926859125Z,13.934161,112.946441,Cloud to Ground,-89737,0,12
2026-10-09T23:17:23.955389841Z,13.941537,112.952742,Cloud to Ground,-26018,0,10
2026-10-09T23:17:24.107034612Z,13.943247,112.974656,Cloud to Ground,-20867,0,9
2026-10-09T23:17:24.040642485Z,13.975235,112.954613,Cloud to Cloud,-14573,3016,9
2026-10-09T23:17:26.409854000Z,4.2513,119.1916,Cloud to Ground,-7761,0,6
2026-10-09T23:17:28.417746740Z,8.532215,134.995824,Cloud to Ground,12680,0,11
2026-10-09T23:17:28.438131851Z,21.43447,121.272914,Cloud to Ground,-8364,0,8
2026-10-09T23:17:28.587946110Z,21.252523,121.716722,Cloud to Ground,-17047,0,8
2026-10-09T23:17:28.664349139Z,21.25992,121.748876,Cloud to Ground,-15772,0,12
2026-10-09T23:17:28.560426385Z,21.250845,121.709971,Cloud to Cloud,-8196,11270,6
2026-10-09T23:17:28.559985336Z,21.255896,121.714355,Cloud to Cloud,-6106,18949,6
2026-10-09T23:17:28.561248043Z,21.210234,121.614202,Cloud to Cloud,-31987,3002,10
2026-10-09T23:17:29.401669257Z,1.49077,123.204623,Cloud to Cloud,6948,3010,7
2026-10-09T23:17:29.384609452Z,1.493685,123.199751,Cloud to Cloud,11083,7255,13
2026-10-09T23:17:30.869738064Z,2.973106,122.639209,Cloud to Cloud,12344,17071,8
2026-10-09T23:17:30.872732364Z,2.905323,122.624428,Cloud to Ground,21609,0,7
2026-10-09T23:17:30.871021222Z,2.913063,122.635004,Cloud to Ground,22038,0,23
2026-10-09T23:17:33.780934497Z,3.715081,119.109086,Cloud to Ground,-30960,0,20
2026-10-09T23:17:34.276321071Z,12.501612,113.31265,Cloud to Cloud,-17598,3135,7
2026-10-09T23:17:36.590724739Z,8.555132,134.932683,Cloud to Ground,19283,0,7
2026-10-09T23:17:38.115537025Z,15.445031,126.505759,Cloud to Ground,13780,0,8
2026-10-09T23:17:38.125539673Z,15.363079,126.647252,Cloud to Cloud,12977,3023,7
2026-10-09T23:17:38.186690005Z,15.48976,126.65798,Cloud to Ground,-51441,0,12
2026-10-09T23:17:44.834762890Z,0.195846,111.170293,Cloud to Ground,-18050,0,22
2026-10-09T23:17:44.889999065Z,0.183925,111.367137,Cloud to Ground,-20266,0,19
2026-10-09T23:17:44.807442262Z,0.16078,111.449676,Cloud to Ground,-12741,0,13
2026-10-09T23:17:44.781851419Z,0.141946,111.47046,Cloud to Ground,94121,0,16
2026-10-09T23:17:49.445936338Z,4.146724,119.536778,Cloud to Cloud,-32722,3491,29
2026-10-09T23:17:49.486563436Z,4.077193,119.483903,Cloud to Ground,-18721,0,27
2026-10-09T23:17:50.644384093Z,3.813061,119.023038,Cloud to Cloud,-11866,9664,17
2026-10-09T23:17:52.289244498Z,21.144647,121.695466,Cloud to Cloud,10144,11473,7
2026-10-09T23:17:52.107313232Z,21.259786,121.571553,Cloud to Cloud,11436,19955,7
2026-10-09T23:17:52.208952183Z,21.261269,121.677501,Cloud to Cloud,-3744,19922,5
2026-10-09T23:17:52.125116181Z,21.287541,121.669537,Cloud to Cloud,3640,18304,5
2026-10-09T23:17:52.130642375Z,21.285831,121.674993,Cloud to Cloud,5051,7607,5
2026-10-09T23:17:52.149270850Z,21.284771,121.676928,Cloud to Cloud,6084,19023,6
2026-10-09T23:17:52.221965139Z,21.266438,121.688622,Cloud to Cloud,7737,11097,5
2026-10-09T23:17:52.101393096Z,21.297833,121.674568,Cloud to Ground,38304,0,8
2026-10-09T23:17:55.301767332Z,13.424488,112.602083,Cloud to Ground,-74558,0,14
2026-10-09T23:17:55.381615000Z,13.4496,112.5444,Cloud to Ground,-56577,0,5
2026-10-09T23:17:55.342284646Z,13.430986,112.601092,Cloud to Ground,-56484,0,12
2026-10-09T23:17:55.353141163Z,13.441845,112.596988,Cloud to Ground,9187,0,6
2026-10-09T23:17:58.311839592Z,13.797023,113.153961,Cloud to Ground,-99195,0,13
2026-10-09T23:17:59.992032885Z,21.445676,121.353469,Cloud to Ground,-36280,0,8
2026-10-09T23:17:59.647796716Z,21.444639,121.352333,Cloud to Ground,-33797,0,8
2026-10-09T23:17:59.632232975Z,21.445299,121.353657,Cloud to Ground,-30950,0,8
2026-10-09T23:17:59.826596079Z,21.444444,121.354158,Cloud to Ground,-27350,0,8
2026-10-09T23:17:59.629422588Z,21.420789,121.351935,Cloud to Ground,-27139,0,8
2026-10-09T23:17:59.564192760Z,21.450482,121.3569,Cloud to Ground,-25707,0,17
2026-10-09T23:18:00.199325617Z,21.446312,121.354087,Cloud to Ground,-23088,0,8
2026-10-09T23:18:00.160612474Z,21.446658,121.354464,Cloud to Ground,-15744,0,8
2026-10-09T23:17:59.543393042Z,21.42905,121.346835,Cloud to Cloud,-6707,10231,6
2026-10-09T23:18:00.085455152Z,21.446263,121.353126,Cloud to Ground,-6296,0,6
2026-10-09T23:18:00.098631419Z,21.449116,121.355794,Cloud to Cloud,-3985,16488,7
2026-10-09T23:17:59.583695969Z,11.246551,123.315025,Cloud to Ground,-72119,0,10
2026-10-09T23:18:11.445227462Z,12.478332,113.24778,Cloud to Ground,10779,0,7
2026-10-09T23:18:14.062728147Z,15.054377,126.074588,Cloud to Ground,16645,0,22
2026-10-09T23:18:21.929744102Z,21.234696,121.715128,Cloud to Cloud,-6083,9967,12
2026-10-09T23:18:21.690516508Z,21.263832,121.715881,Cloud to Cloud,-4052,13666,6
2026-10-09T23:18:21.691314769Z,21.247013,121.715133,Cloud to Cloud,3645,6673,6
2026-10-09T23:18:21.623423212Z,21.25164,121.694175,Cloud to Cloud,5289,7665,6
2026-10-09T23:18:21.633615784Z,21.243507,121.691864,Cloud to Cloud,7067,17779,7
2026-10-09T23:18:21.630410157Z,21.246333,121.693508,Cloud to Cloud,12127,18294,8
2026-10-09T23:18:21.620961487Z,21.250539,121.702183,Cloud to Ground,54088,0,8
2026-10-09T23:18:21.625427000Z,21.2251,121.8174,Cloud to Ground,-21606,0,5
2026-10-09T23:18:22.141864435Z,2.861539,122.560294,Cloud to Ground,25475,0,21
2026-10-09T23:18:22.328621946Z,2.78394,122.564341,Cloud to Ground,45051,0,15
2026-10-09T23:18:25.741339460Z,10.358878,118.488182,Cloud to Cloud,-9276,3082,7
2026-10-09T23:18:26.168932708Z,4.347169,119.244649,Cloud to Cloud,-11189,17172,11
2026-10-09T23:18:26.157546746Z,4.32631,119.258652,Cloud to Ground,27785,0,13
2026-10-09T23:18:27.099699468Z,0.11951,111.412069,Cloud to Ground,10988,0,7
2026-10-09T23:18:27.071343706Z,8.544712,134.976258,Cloud to Ground,-8983,0,23
2026-10-09T23:18:26.970127431Z,8.530227,134.974762,Cloud to Ground,-8877,0,13
2026-10-09T23:18:31.817428000Z,8.2453,120.4871,Cloud to Ground,41136,0,6
2026-10-09T23:18:32.652477406Z,1.438354,123.198025,Cloud to Ground,-8675,0,10
2026-10-09T23:18:32.617782870Z,1.39405,123.192859,Cloud to Cloud,-5592,3111,10
2026-10-09T23:18:33.258678691Z,12.472348,113.205676,Cloud to Ground,11716,0,5
2026-10-09T23:18:34.039455228Z,12.463624,113.348282,Cloud to Ground,-32548,0,14
2026-10-09T23:18:34.025690228Z,12.379698,113.318241,Cloud to Cloud,-16181,4713,8
2026-10-09T23:18:34.719140451Z,21.276654,121.690865,Cloud to Cloud,-5274,9852,5
2026-10-09T23:18:34.737793175Z,21.327027,121.699976,Cloud to Cloud,-5047,9467,5
2026-10-09T23:18:34.555245448Z,21.294058,121.664255,Cloud to Cloud,3655,8142,5
2026-10-09T23:18:34.549387847Z,21.294099,121.678471,Cloud to Cloud,3761,19272,6
2026-10-09T23:18:34.546774248Z,21.296233,121.680477,Cloud to Cloud,6813,18920,5
2026-10-09T23:18:35.559435534Z,9.59067,133.579269,Cloud to Ground,-12680,0,12
2026-10-09T23:18:36.779680138Z,21.42923,121.342335,Cloud to Ground,-38407,0,16
2026-10-09T23:18:36.817626000Z,21.4834,121.3305,Cloud to Ground,-34492,0,5
2026-10-09T23:18:36.878255280Z,21.431243,121.337704,Cloud to Ground,-28610,0,12
2026-10-09T23:18:37.025766584Z,21.4264,121.338644,Cloud to Ground,-26880,0,16
2026-10-09T23:18:36.952027527Z,21.423959,121.331417,Cloud to Ground,-24550,0,14
2026-10-09T23:18:36.841443729Z,21.430097,121.339436,Cloud to Ground,-16931,0,16
2026-10-09T23:18:36.911639555Z,21.429857,121.340717,Cloud to Ground,-14667,0,9
2026-10-09T23:18:37.355124841Z,3.854994,119.021841,Cloud to Cloud,-9577,5221,8
2026-10-09T23:18:41.474873077Z,9.412736,121.775407,Cloud to Ground,-47993,0,18
2026-10-09T23:18:51.664096000Z,7.5353,117.3506,Cloud to Ground,-57533,0,9
2026-10-09T23:18:51.677359948Z,7.512553,117.403476,Cloud to Ground,-16988,0,12
2026-10-09T23:18:51.801880359Z,7.517653,117.387456,Cloud to Ground,-14597,0,18
2026-10-09T23:18:52.303613931Z,9.656291,134.182393,Cloud to Ground,-29662,0,15
2026-10-09T23:18:52.300724541Z,9.656955,134.166546,Cloud to Ground,14829,0,16
2026-10-09T23:18:52.773784577Z,9.675677,134.16079,Cloud to Ground,65526,0,13
2026-10-09T23:18:53.016543415Z,9.669705,133.96566,Cloud to Ground,-8966,0,7
2026-10-09T23:18:55.710390739Z,1.414008,123.227287,Cloud to Cloud,5812,3103,10
2026-10-09T23:19:00.175384918Z,4.205015,119.285202,Cloud to Ground,-15069,0,9
2026-10-09T23:19:00.336807776Z,4.284472,119.286986,Cloud to Cloud,-6113,5367,6
2026-10-09T23:19:00.577466574Z,21.230219,121.701631,Cloud to Cloud,-5063,14769,6
2026-10-09T23:19:00.410859187Z,21.250875,121.710274,Cloud to Cloud,6165,18427,6
2026-10-09T23:19:00.398814185Z,21.252711,121.694607,Cloud to Ground,25983,0,9
2026-10-09T23:19:00.402098000Z,21.2661,121.5945,Cloud to Ground,16803,0,6
2026-10-09T23:19:01.382244875Z,4.164791,119.502272,Cloud to Ground,-74328,0,26
2026-10-09T23:19:01.376329155Z,4.060315,119.550939,Cloud to Ground,-52830,0,26
2026-10-09T23:19:01.376927809Z,4.066317,119.552435,Cloud to Ground,-46272,0,22
2026-10-09T23:19:01.601104989Z,4.117836,119.552459,Cloud to Cloud,-34557,5688,14
2026-10-09T23:19:01.469711665Z,4.077802,119.48238,Cloud to Ground,-19542,0,24
2026-10-09T23:19:01.521071028Z,4.047717,119.572899,Cloud to Ground,-19202,0,14
2026-10-09T23:19:01.537402624Z,4.143523,119.548871,Cloud to Ground,-16941,0,12
2026-10-09T23:19:01.472569742Z,4.042162,119.525279,Cloud to Ground,-11192,0,11
2026-10-09T23:19:01.770405732Z,4.180502,119.487557,Cloud to Ground,-10071,0,13
2026-10-09T23:19:01.588013379Z,4.088107,119.545827,Cloud to Cloud,14381,3024,12
2026-10-09T23:19:03.439459286Z,13.63507,111.989435,Cloud to Ground,24846,0,8
2026-10-09T23:19:07.526190646Z,1.341748,123.467565,Cloud to Ground,-10225,0,11
2026-10-09T23:19:10.811730542Z,14.000264,111.756104,Cloud to Ground,8849,0,8
2026-10-09T23:19:11.206486936Z,0.160809,111.485157,Cloud to Ground,-178009,0,24
2026-10-09T23:19:16.478579830Z,21.284085,121.688351,Cloud to Cloud,5810,3766,6
2026-10-09T23:19:17.144334763Z,21.265906,121.676384,Cloud to Cloud,6635,6790,7
2026-10-09T23:19:16.472580995Z,21.299557,121.679786,Cloud to Ground,26065,0,10
2026-10-09T23:19:17.547261402Z,4.091502,119.387182,Cloud to Cloud,14743,3189,14
2026-10-09T23:19:17.881402276Z,4.173028,119.459002,Cloud to Cloud,11307,10118,16
2026-10-09T23:19:18.748401210Z,8.523512,134.970202,Cloud to Cloud,14176,6591,15
2026-10-09T23:19:23.647290466Z,3.867054,118.975712,Cloud to Ground,-23665,0,20
2026-10-09T23:19:23.762921622Z,3.708962,119.026333,Cloud to Ground,21623,0,11
2026-10-09T23:19:25.774536806Z,14.937227,126.234356,Cloud to Cloud,15574,4017,11
2026-10-09T23:19:27.518918061Z,12.491654,113.349253,Cloud to Ground,-70826,0,11
2026-10-09T23:19:27.472255950Z,12.491226,113.349943,Cloud to Cloud,-66696,3053,14
2026-10-09T23:19:27.463595088Z,12.520808,113.340612,Cloud to Ground,-25175,0,15
2026-10-09T23:19:27.772909376Z,12.503013,113.355125,Cloud to Ground,-14175,0,10
2026-10-09T23:19:28.054740469Z,12.505357,113.337118,Cloud to Cloud,6651,19409,6
2026-10-09T23:19:27.865505126Z,13.809329,113.16008,Cloud to Ground,10255,0,7
2026-10-09T23:19:28.774776933Z,1.429806,123.196707,Cloud to Ground,-6935,0,10
2026-10-09T23:19:28.034825518Z,12.479582,113.240115,Cloud to Ground,-33408,0,9
2026-10-09T23:19:28.707130407Z,21.238111,121.685125,Cloud to Cloud,5793,19837,6
2026-10-09T23:19:28.937240875Z,21.23544,121.682077,Cloud to Cloud,6248,3090,7
2026-10-09T23:19:28.703243572Z,21.243789,121.681811,Cloud to Cloud,6477,6869,6
2026-10-09T23:19:28.704075935Z,21.24032,121.678656,Cloud to Cloud,9414,9701,6
2026-10-09T23:19:29.848843373Z,8.392345,122.671151,Cloud to Ground,14156,0,12
2026-10-09T23:19:29.746623083Z,9.230474,121.268995,Cloud to Ground,32828,0,9
2026-10-09T23:19:31.303008707Z,21.427921,121.341659,Cloud to Ground,-59147,0,10
2026-10-09T23:19:31.362820249Z,21.420678,121.344157,Cloud to Cloud,-8052,17941,6
2026-10-09T23:19:31.344381936Z,21.411449,121.345223,Cloud to Cloud,4933,15162,6
2026-10-09T23:19:38.628489054Z,11.971275,119.665977,Cloud to Ground,-11661,0,6
2026-10-09T23:19:40.583857797Z,21.31202,121.514531,Cloud to Cloud,-12632,3889,12
2026-10-09T23:19:40.620956835Z,21.257326,121.693358,Cloud to Ground,-34132,0,7
2026-10-09T23:19:40.664802623Z,21.261064,121.690329,Cloud to Ground,-27526,0,9
2026-10-09T23:19:40.723720066Z,21.252161,121.668013,Cloud to Ground,-21852,0,8
2026-10-09T23:19:40.583158946Z,21.259385,121.688442,Cloud to Ground,-20353,0,13
2026-10-09T23:19:40.751646518Z,21.266888,121.711964,Cloud to Ground,-14897,0,6
2026-10-09T23:19:40.752307764Z,21.244936,121.717542,Cloud to Ground,-9224,0,8
2026-10-09T23:19:40.640902799Z,21.226001,121.707063,Cloud to Ground,-8417,0,5
2026-10-09T23:19:40.461732232Z,13.39454,112.67329,Cloud to Ground,-34351,0,9
2026-10-09T23:19:43.774689349Z,3.219749,124.836861,Cloud to Ground,-34459,0,22
2026-10-09T23:19:43.756167626Z,3.266594,124.803593,Cloud to Cloud,-8853,3158,8
2026-10-09T23:19:43.142807130Z,21.586884,132.734491,Cloud to Ground,-17571,0,10
2026-10-09T23:19:43.106638846Z,21.54948,132.591396,Cloud to Ground,-32102,0,15
2026-10-09T23:19:43.095193874Z,21.568824,132.620001,Cloud to Ground,-19233,0,14
2026-10-09T23:19:43.273920215Z,21.603966,132.577151,Cloud to Cloud,13395,10844,13
2026-10-09T23:19:44.601020190Z,4.227406,119.285099,Cloud to Ground,10092,0,18
2026-10-09T23:19:44.561104810Z,4.240261,119.290615,Cloud to Ground,26826,0,11
2026-10-09T23:19:45.467116195Z,5.923079,119.019478,Cloud to Ground,-35959,0,23
2026-10-09T23:19:45.543202869Z,5.864073,119.034333,Cloud to Ground,-29120,0,18
2026-10-09T23:19:46.010877029Z,10.361686,118.501459,Cloud to Ground,-14650,0,11
2026-10-09T23:19:51.165172754Z,8.814366,127.532937,Cloud to Ground,35485,0,24
2026-10-09T23:19:51.167315849Z,8.849067,127.411894,Cloud to Cloud,8179,16138,7
2026-10-09T23:19:51.194251030Z,8.773983,127.314184,Cloud to Cloud,-15657,17522,10
2026-10-09T23:19:52.866475879Z,11.381232,118.47712,Cloud to Ground,-21409,0,7
2026-10-09T23:19:53.029361355Z,11.388237,118.47315,Cloud to Ground,-9724,0,8
2026-10-09T23:19:53.077786000Z,11.4057,118.3587,Cloud to Ground,24581,0,6
2026-10-09T23:19:54.077745220Z,7.6699,114.122311,Cloud to Ground,-9025,0,8
2026-10-09T23:19:55.974019345Z,0.158224,132.893003,Cloud to Cloud,-6216,3065,7
2026-10-09T23:19:55.774191763Z,13.83052,113.021532,Cloud to Ground,-6931,0,7
2026-10-09T23:19:55.777687621Z,13.799575,112.938623,Cloud to Ground,8118,0,8
2026-10-09T23:19:55.783488420Z,13.797908,112.940987,Cloud to Cloud,8229,7173,8
2026-10-09T23:19:58.180838073Z,7.928121,114.463133,Cloud to Cloud,-9769,5286,8
2026-10-09T23:19:59.957557363Z,1.476874,123.215457,Cloud to Cloud,5435,3008,6
2026-10-09T23:20:00.178544353Z,13.445703,112.722022,Cloud to Cloud,6308,5421,7
2026-10-09T23:20:00.176065821Z,13.485497,112.691047,Cloud to Cloud,6929,3113,9
2026-10-09T23:20:00.173334087Z,13.488881,112.678801,Cloud to Ground,13472,0,11
2026-10-09T23:20:01.355817841Z,10.144404,118.512336,Cloud to Cloud,-10262,16759,7
2026-10-09T23:20:03.495329757Z,4.031033,119.571729,Cloud to Cloud,-12404,11981,7
2026-10-09T23:20:03.350034309Z,4.178928,119.508186,Cloud to Ground,28121,0,9
2026-10-09T23:20:06.158250392Z,12.491746,113.304144,Cloud to Cloud,-7504,3010,7
2026-10-09T23:20:06.546687574Z,12.504784,113.308718,Cloud to Ground,-7465,0,7
2026-10-09T23:20:06.161491009Z,12.517273,113.304641,Cloud to Cloud,-7058,16565,8
2026-10-09T23:20:06.396284556Z,12.506141,113.32538,Cloud to Ground,6980,0,7
2026-10-09T23:20:08.827798682Z,0.432682,111.22077,Cloud to Ground,-9968,0,11
2026-10-09T23:20:08.774044034Z,0.111937,111.206853,Cloud to Ground,-16283,0,28
2026-10-09T23:20:08.773020741Z,0.15535,111.404087,Cloud to Ground,-15101,0,13
2026-10-09T23:20:08.846725498Z,0.162907,111.26762,Cloud to Ground,-14517,0,16
2026-10-09T23:20:08.777045779Z,0.211336,111.335079,Cloud to Ground,-13923,0,7
2026-10-09T23:20:11.699689783Z,3.816055,118.978702,Cloud to Cloud,-11404,3513,11
2026-10-09T23:20:11.714091894Z,3.745436,119.031285,Cloud to Ground,57183,0,18
2026-10-09T23:20:12.806371605Z,4.368766,119.230688,Cloud to Cloud,-11109,7539,18
2026-10-09T23:20:13.765640372Z,21.207155,121.659611,Cloud to Cloud,-8994,10884,12
2026-10-09T23:20:13.746198477Z,21.266833,121.682955,Cloud to Cloud,4996,18622,6
2026-10-09T23:20:13.747313076Z,21.26444,121.679802,Cloud to Ground,18478,0,9
2026-10-09T23:20:13.422886533Z,21.300673,121.697732,Cloud to Ground,53186,0,7
2026-10-09T23:20:16.772068502Z,1.427497,123.281503,Cloud to Ground,32318,0,29
2026-10-09T23:20:28.726341810Z,9.7061,133.679178,Cloud to Ground,-30504,0,18
2026-10-09T23:20:28.725217458Z,9.699725,133.652377,Cloud to Ground,-23383,0,21
2026-10-09T23:20:32.038722405Z,21.31965,121.675253,Cloud to Ground,-47090,0,14
2026-10-09T23:20:32.003553896Z,21.309742,121.714534,Cloud to Ground,-32886,0,11
2026-10-09T23:20:32.154565215Z,21.29064,121.655786,Cloud to Ground,-25042,0,12
2026-10-09T23:20:32.252649432Z,21.32039,121.689483,Cloud to Ground,-11734,0,12
2026-10-09T23:20:32.319747901Z,21.260425,121.708302,Cloud to Cloud,7318,7810,7
2026-10-09T23:20:37.070894456Z,2.895056,122.59571,Cloud to Ground,-42796,0,18
2026-10-09T23:20:37.628010922Z,2.885457,122.582729,Cloud to Ground,-16707,0,17
2026-10-09T23:20:37.321531565Z,8.585842,134.993435,Cloud to Cloud,-46463,3783,30
2026-10-09T23:20:40.599007663Z,16.700762,122.458747,Cloud to Ground,-26155,0,10
2026-10-09T23:20:40.631474201Z,16.734407,122.460325,Cloud to Ground,-11787,0,9
2026-10-09T23:20:40.897726308Z,16.70031,122.435055,Cloud to Ground,-9040,0,10
2026-10-09T23:20:44.860434900Z,21.320776,121.694714,Cloud to Ground,-12748,0,9
2026-10-09T23:20:44.574352704Z,21.256751,121.678774,Cloud to Cloud,-10510,13642,11
2026-10-09T23:20:44.770563704Z,21.234721,121.70345,Cloud to Cloud,6040,12172,6
2026-10-09T23:20:44.579208655Z,21.267765,121.680892,Cloud to Cloud,7213,19124,7
2026-10-09T23:20:44.339508818Z,21.265086,121.673627,Cloud to Ground,40304,0,9
2026-10-09T23:20:47.081617560Z,7.326586,131.314914,Cloud to Ground,-9402,0,18
2026-10-09T23:20:47.083579404Z,7.3666,131.328094,Cloud to Ground,56221,0,12
2026-10-09T23:20:47.202845595Z,7.327798,131.201405,Cloud to Ground,-10135,0,25
2026-10-09T23:20:46.973910868Z,7.407525,131.169969,Cloud to Cloud,7408,5816,7
2026-10-09T23:20:48.610985142Z,4.203914,119.320763,Cloud to Cloud,-10586,3031,10
2026-10-09T23:20:48.215548840Z,4.089973,119.365414,Cloud to Ground,18534,0,9
2026-10-09T23:20:48.290113618Z,12.582665,113.326048,Cloud to Cloud,-8300,6511,7
2026-10-09T23:20:48.210886027Z,12.6207,113.270828,Cloud to Ground,9841,0,6
2026-10-09T23:20:48.200086655Z,12.444299,113.219235,Cloud to Ground,7954,0,7
2026-10-09T23:20:48.205132170Z,12.460908,113.253013,Cloud to Cloud,8373,15559,7
2026-10-09T23:20:49.943307395Z,4.135842,119.525032,Cloud to Ground,-18133,0,14
2026-10-09T23:20:50.038521475Z,4.179224,119.533429,Cloud to Cloud,-8180,3038,14
2026-10-09T23:20:50.005756167Z,4.033145,119.579834,Cloud to Cloud,-18800,3033,19
2026-10-09T23:20:53.357984591Z,9.198074,121.234079,Cloud to Ground,-164053,0,18
2026-10-09T23:20:53.789563972Z,9.194469,121.251918,Cloud to Ground,-40496,0,6
2026-10-09T23:20:53.830708916Z,9.204389,121.252716,Cloud to Cloud,-37240,3693,17
2026-10-09T23:20:54.210053809Z,21.301101,121.677541,Cloud to Cloud,7104,19062,7
2026-10-09T23:21:02.511722988Z,9.648405,134.189313,Cloud to Ground,35223,0,21
2026-10-09T23:21:02.514301904Z,9.704351,134.078307,Cloud to Cloud,-8778,3014,13
2026-10-09T23:21:02.824792026Z,21.28799,121.67362,Cloud to Cloud,7303,6094,6
2026-10-09T23:21:03.405014062Z,4.16363,119.292812,Cloud to Ground,-9038,0,7
2026-10-09T23:21:03.045615913Z,4.332186,119.247733,Cloud to Ground,-36541,0,21
2026-10-09T23:21:02.988573171Z,4.260314,119.215825,Cloud to Ground,-32888,0,31
2026-10-09T23:21:03.089758155Z,4.308776,119.261285,Cloud to Ground,-14439,0,9
2026-10-09T23:21:03.793956443Z,4.310194,119.248092,Cloud to Ground,-14162,0,10
2026-10-09T23:21:04.303796499Z,11.387541,118.47702,Cloud to Ground,-17805,0,10
2026-10-09T23:21:04.365991233Z,11.385504,118.433494,Cloud to Cloud,-15338,11947,10
