timestamp,latitude,longitude,type,amplitude_ka,height_m,num_sensors
2026-10-06T06:08:39.801116048Z,6.933696,111.853628,Cloud to Ground,15692,0,10
2026-10-06T06:08:40.245622314Z,6.82634,111.832467,Cloud to Ground,29298,0,14
2026-10-06T06:08:39.528137795Z,6.819479,111.818573,Cloud to Ground,32339,0,7
2026-10-06T06:08:39.740722581Z,6.824239,111.829156,Cloud to Ground,61745,0,16
2026-10-06T06:08:39.646943356Z,6.79418,111.79721,Cloud to Ground,67022,0,17
2026-10-06T06:08:40.116115741Z,6.824285,111.83202,Cloud to Ground,72598,0,19
2026-10-06T06:08:40.238019652Z,18.911831,113.775191,Cloud to Cloud,7329,3998,8
2026-10-06T06:08:40.236721267Z,18.900502,113.768617,Cloud to Ground,57075,0,9
2026-10-06T06:08:41.322624895Z,19.824168,118.90101,Cloud to Cloud,3579,7007,7
2026-10-06T06:08:41.304671158Z,19.890104,118.926618,Cloud to Cloud,26673,13120,8
2026-10-06T06:08:41.255283900Z,11.959008,125.377109,Cloud to Ground,25351,0,8
2026-10-06T06:08:42.813789115Z,11.942732,125.221161,Cloud to Ground,-11418,0,10
2026-10-06T06:08:42.220421891Z,10.833062,127.98925,Cloud to Ground,-18057,0,20
2026-10-06T06:08:44.127980266Z,11.934279,125.36183,Cloud to Ground,-10230,0,18
2026-10-06T06:08:44.147815695Z,11.870499,125.406543,Cloud to Cloud,6505,13926,7
2026-10-06T06:08:44.872709547Z,21.205986,123.236366,Cloud to Ground,-23126,0,9
2026-10-06T06:08:44.922748658Z,21.191894,123.205341,Cloud to Ground,-22402,0,11
2026-10-06T06:08:45.033546433Z,21.213862,123.250766,Cloud to Ground,-16496,0,8
2026-10-06T06:08:45.048671647Z,21.21271,123.235159,Cloud to Ground,-7770,0,8
2026-10-06T06:08:45.328252887Z,21.210224,123.241877,Cloud to Ground,-7464,0,9
2026-10-06T06:08:44.873217933Z,21.203776,123.218276,Cloud to Cloud,-7431,8747,8
2026-10-06T06:08:44.977168806Z,21.211732,123.235974,Cloud to Ground,-6784,0,6
2026-10-06T06:08:45.226809418Z,21.209821,123.238777,Cloud to Ground,-4772,0,10
2026-10-06T06:08:44.834466216Z,21.216477,123.218328,Cloud to Cloud,-4203,11157,7
2026-10-06T06:08:46.372681576Z,5.32041,119.186165,Cloud to Ground,27954,0,21
2026-10-06T06:08:47.382655024Z,6.50759,112.796432,Cloud to Ground,-23261,0,7
2026-10-06T06:08:47.350911124Z,18.492318,113.795247,Cloud to Ground,-16404,0,12
2026-10-06T06:08:47.273612602Z,18.502502,113.79611,Cloud to Ground,-15332,0,11
2026-10-06T06:08:47.828845953Z,18.495678,113.797562,Cloud to Ground,-12687,0,11
2026-10-06T06:08:47.427392074Z,18.496493,113.794301,Cloud to Ground,-7051,0,7
2026-10-06T06:08:47.115549268Z,18.479338,113.805551,Cloud to Ground,47612,0,9
2026-10-06T06:08:47.204545320Z,18.497776,113.797245,Cloud to Ground,60115,0,17
2026-10-06T06:08:47.018842245Z,18.46602,113.808092,Cloud to Ground,72826,0,15
2026-10-06T06:08:47.517294948Z,18.492961,113.792716,Cloud to Ground,74988,0,21
2026-10-06T06:08:47.565753192Z,18.469039,113.698691,Cloud to Cloud,7730,3059,7
2026-10-06T06:08:48.729739791Z,3.30261,113.082333,Cloud to Ground,-23657,0,11
2026-10-06T06:08:48.689938189Z,5.921999,113.461394,Cloud to Ground,-23138,0,13
2026-10-06T06:08:48.907438216Z,5.785609,113.490194,Cloud to Ground,32758,0,14
2026-10-06T06:08:48.277875342Z,14.116861,120.663244,Cloud to Ground,-20896,0,9
2026-10-06T06:08:52.982842041Z,11.914123,125.272767,Cloud to Cloud,6870,15308,9
2026-10-06T06:08:53.204866099Z,8.843462,126.092665,Cloud to Ground,-38991,0,16
2026-10-06T06:08:53.692929889Z,8.905784,126.176797,Cloud to Ground,-37083,0,10
2026-10-06T06:08:53.416947015Z,8.862224,126.119558,Cloud to Ground,-24624,0,20
2026-10-06T06:08:53.273198424Z,8.849384,126.113588,Cloud to Ground,-23879,0,15
2026-10-06T06:08:53.340804000Z,8.8374,126.1515,Cloud to Ground,-19918,0,5
2026-10-06T06:08:53.478173319Z,8.87067,126.120494,Cloud to Ground,-11704,0,10
2026-10-06T06:08:53.823444746Z,9.322711,118.438702,Cloud to Cloud,-14670,18293,8
2026-10-06T06:08:53.806967451Z,9.270594,118.464722,Cloud to Ground,35390,0,9
2026-10-06T06:08:53.970609749Z,3.619684,120.976277,Cloud to Ground,24669,0,16
2026-10-06T06:08:53.305689793Z,14.594875,121.009317,Cloud to Cloud,7380,3900,7
2026-10-06T06:08:53.566804469Z,14.537008,120.820517,Cloud to Ground,13892,0,8
2026-10-06T06:08:54.853155063Z,18.533614,114.275118,Cloud to Cloud,-17835,12549,8
2026-10-06T06:08:54.842364788Z,18.46292,114.292043,Cloud to Ground,-17515,0,8
2026-10-06T06:08:54.844588347Z,18.466859,114.337899,Cloud to Ground,-17312,0,7
2026-10-06T06:08:54.867818274Z,18.466968,114.324437,Cloud to Cloud,-14532,9895,8
2026-10-06T06:08:54.292072237Z,18.464404,113.827166,Cloud to Cloud,-19832,3301,10
2026-10-06T06:08:54.577237780Z,18.502478,113.786532,Cloud to Cloud,11474,4058,7
2026-10-06T06:08:55.012729835Z,18.448752,113.828787,Cloud to Cloud,13291,3029,7
2026-10-06T06:08:54.335790416Z,18.453544,113.825061,Cloud to Ground,16460,0,12
2026-10-06T06:08:54.796528956Z,18.459808,113.852006,Cloud to Ground,16631,0,7
2026-10-06T06:08:54.500174431Z,18.453406,113.82584,Cloud to Ground,24910,0,11
2026-10-06T06:08:54.704710688Z,18.523718,113.784407,Cloud to Ground,88462,0,19
2026-10-06T06:08:55.903434899Z,7.854541,111.486125,Cloud to Ground,-65212,0,16
2026-10-06T06:08:56.273495000Z,7.7694,111.4638,Cloud to Ground,21918,0,8
2026-10-06T06:08:55.611127306Z,16.578927,114.749896,Cloud to Cloud,12161,3438,7
2026-10-06T06:08:55.186868551Z,11.922602,125.39189,Cloud to Cloud,14726,3308,7
2026-10-06T06:08:55.300230225Z,16.381591,120.499757,Cloud to Cloud,10832,14457,9
2026-10-06T06:08:56.218591614Z,7.800791,111.365237,Cloud to Ground,-82147,0,20
2026-10-06T06:08:56.929764826Z,18.785134,115.088173,Cloud to Ground,-7223,0,7
2026-10-06T06:08:56.848265332Z,18.52946,114.887418,Cloud to Cloud,-13260,7030,8
2026-10-06T06:08:57.315466694Z,6.029093,115.222605,Cloud to Ground,-34078,0,8
2026-10-06T06:08:57.265126792Z,6.101183,115.18872,Cloud to Cloud,8842,3189,10
2026-10-06T06:08:57.336094620Z,6.041115,115.210076,Cloud to Ground,19409,0,9
2026-10-06T06:08:57.365597069Z,6.106597,115.199717,Cloud to Cloud,21770,3303,8
2026-10-06T06:08:57.372123010Z,6.092519,115.197087,Cloud to Ground,23567,0,10
2026-10-06T06:08:57.272395439Z,6.0507,115.207678,Cloud to Ground,287202,0,18
2026-10-06T06:08:58.003285532Z,6.064986,115.091623,Cloud to Ground,-36845,0,18
2026-10-06T06:08:58.004388518Z,6.038368,115.105594,Cloud to Cloud,28209,7587,10
2026-10-06T06:08:59.033702381Z,9.333924,131.070622,Cloud to Ground,-30187,0,13
2026-10-06T06:09:00.613345500Z,9.46618,114.70359,Cloud to Cloud,-18383,15497,8
2026-10-06T06:09:01.486410339Z,8.01359,111.040605,Cloud to Ground,-12730,0,8
2026-10-06T06:09:01.643902968Z,20.068076,120.386453,Cloud to Cloud,5611,11456,7
2026-10-06T06:09:01.895366505Z,20.07519,120.421311,Cloud to Cloud,15290,10279,6
2026-10-06T06:09:04.013725780Z,19.275632,112.346231,Cloud to Ground,-18704,0,5
2026-10-06T06:09:04.186575224Z,19.25266,112.359078,Cloud to Ground,-14115,0,10
2026-10-06T06:09:04.033099756Z,19.273726,112.365694,Cloud to Cloud,-12544,4542,6
2026-10-06T06:09:04.022022512Z,19.258887,112.354028,Cloud to Cloud,-10808,19891,7
2026-10-06T06:09:04.568336797Z,19.274172,112.439878,Cloud to Cloud,-9247,5508,9
2026-10-06T06:09:04.010070713Z,19.249145,112.354199,Cloud to Ground,20726,0,10
2026-10-06T06:09:04.052568192Z,19.106577,112.330486,Cloud to Cloud,-14136,4246,9
2026-10-06T06:09:04.054145467Z,19.082386,112.364626,Cloud to Cloud,13830,18334,8
2026-10-06T06:09:04.051100312Z,19.10386,112.339414,Cloud to Ground,22601,0,10
2026-10-06T06:09:04.434128209Z,17.547368,120.956593,Cloud to Ground,-33083,0,14
2026-10-06T06:09:05.603276761Z,9.528504,126.559664,Cloud to Ground,-39550,0,8
2026-10-06T06:09:05.683971833Z,4.179286,122.391233,Cloud to Cloud,11974,5754,8
2026-10-06T06:09:05.353898640Z,4.039636,122.540717,Cloud to Ground,-15852,0,13
2026-10-06T06:09:05.333369803Z,14.651699,121.050974,Cloud to Ground,11540,0,8
2026-10-06T06:09:06.145644036Z,6.065839,114.751264,Cloud to Ground,-39939,0,19
2026-10-06T06:09:06.145138613Z,6.061204,114.713437,Cloud to Ground,-20371,0,13
2026-10-06T06:09:06.302822484Z,5.980182,114.745195,Cloud to Ground,12487,0,10
2026-10-06T06:09:06.097509742Z,6.009269,114.69048,Cloud to Ground,31623,0,11
2026-10-06T06:09:06.146369909Z,6.036602,114.755144,Cloud to Ground,38582,0,12
2026-10-06T06:09:07.048313637Z,18.193254,112.450103,Cloud to Ground,-13206,0,7
2026-10-06T06:09:07.371804570Z,18.572044,112.96052,Cloud to Cloud,-28076,6472,11
2026-10-06T06:09:07.354111417Z,18.57983,112.985509,Cloud to Ground,72417,0,21
2026-10-06T06:09:07.732209782Z,11.995506,125.355789,Cloud to Ground,14220,0,9
2026-10-06T06:09:08.559670118Z,5.680858,112.971464,Cloud to Ground,-20397,0,10
2026-10-06T06:09:08.611653509Z,5.664929,112.957383,Cloud to Ground,14163,0,6
2026-10-06T06:09:08.586195642Z,5.649959,112.96173,Cloud to Ground,48763,0,23
2026-10-06T06:09:08.278553518Z,21.522558,123.22454,Cloud to Ground,20945,0,11
2026-10-06T06:09:08.295016351Z,21.564605,123.355816,Cloud to Cloud,5107,11129,9
2026-10-06T06:09:08.276712795Z,21.566781,123.361455,Cloud to Cloud,7214,5573,9
2026-10-06T06:09:08.286852466Z,21.564431,123.376567,Cloud to Cloud,8577,10114,5
2026-10-06T06:09:08.280285532Z,21.6737,123.247543,Cloud to Cloud,9471,9469,10
2026-10-06T06:09:08.282930055Z,21.66346,123.250332,Cloud to Cloud,12789,9491,10
2026-10-06T06:09:08.279133487Z,21.611604,123.260362,Cloud to Ground,14803,0,9
2026-10-06T06:09:09.724456364Z,11.838715,125.519003,Cloud to Cloud,18135,19560,9
2026-10-06T06:09:11.212364724Z,21.205989,123.227842,Cloud to Cloud,2418,19919,5
2026-10-06T06:09:11.040113235Z,21.224706,123.213158,Cloud to Cloud,2949,13001,6
2026-10-06T06:09:11.040925875Z,21.225048,123.21831,Cloud to Cloud,3073,11634,6
2026-10-06T06:09:11.066100756Z,21.215196,123.219977,Cloud to Cloud,3751,19895,6
2026-10-06T06:09:10.995670921Z,21.227893,123.223126,Cloud to Cloud,3853,7802,5
2026-10-06T06:09:11.017332820Z,21.215953,123.217202,Cloud to Cloud,3907,11196,7
2026-10-06T06:09:10.995115964Z,21.234798,123.218804,Cloud to Cloud,8095,10417,8
2026-10-06T06:09:10.996195124Z,21.237271,123.217481,Cloud to Ground,23397,0,8
2026-10-06T06:09:10.406344815Z,13.952153,122.861528,Cloud to Cloud,-14435,7843,10
2026-10-06T06:09:10.391301663Z,13.90415,122.816154,Cloud to Cloud,7421,6821,8
2026-10-06T06:09:10.320327332Z,16.338083,119.907719,Cloud to Cloud,-7135,6305,13
2026-10-06T06:09:09.945511814Z,16.293876,119.879683,Cloud to Cloud,-6874,14335,11
2026-10-06T06:09:11.196658552Z,21.111734,123.307935,Cloud to Cloud,-3684,3001,7
2026-10-06T06:09:13.143486802Z,18.792403,114.858171,Cloud to Ground,-29476,0,18
2026-10-06T06:09:12.740347332Z,18.738283,114.820448,Cloud to Ground,-15960,0,11
2026-10-06T06:09:12.738285868Z,18.735782,114.81819,Cloud to Cloud,-6463,6489,9
2026-10-06T06:09:13.734930023Z,18.79295,114.849658,Cloud to Ground,-5539,0,6
2026-10-06T06:09:12.737238945Z,18.704414,114.830956,Cloud to Ground,19446,0,12
2026-10-06T06:09:12.735725808Z,18.712376,114.774041,Cloud to Ground,19975,0,8
2026-10-06T06:09:13.454740453Z,18.795452,114.84967,Cloud to Ground,44308,0,21
2026-10-06T06:09:15.750633420Z,20.464525,123.036432,Cloud to Cloud,-38578,13072,8
2026-10-06T06:09:15.762183512Z,20.406482,123.150324,Cloud to Ground,-70860,0,15
2026-10-06T06:09:15.873746063Z,20.427349,123.183591,Cloud to Cloud,8764,15575,5
2026-10-06T06:09:15.559793159Z,20.42082,123.180815,Cloud to Cloud,8943,14425,9
2026-10-06T06:09:15.557616361Z,20.431956,123.18432,Cloud to Cloud,10441,17378,5
2026-10-06T06:09:15.557141875Z,20.427803,123.180854,Cloud to Cloud,11774,17317,7
2026-10-06T06:09:15.561355422Z,20.418519,123.191909,Cloud to Ground,20386,0,13
2026-10-06T06:09:15.446749203Z,17.931683,114.389212,Cloud to Cloud,-8506,17018,7
2026-10-06T06:09:16.978471615Z,6.628798,115.258555,Cloud to Cloud,-30810,4088,9
2026-10-06T06:09:16.956715848Z,6.742636,115.243286,Cloud to Ground,-29719,0,14
2026-10-06T06:09:16.802094668Z,6.650206,115.270262,Cloud to Ground,-29483,0,10
2026-10-06T06:09:16.846459646Z,6.64953,115.257818,Cloud to Ground,26258,0,14
2026-10-06T06:09:16.880053424Z,6.666898,115.254039,Cloud to Ground,63195,0,10
2026-10-06T06:09:16.806501969Z,6.652087,115.270022,Cloud to Ground,314714,0,19
2026-10-06T06:09:17.055033656Z,16.590189,114.832053,Cloud to Cloud,-12318,5905,7
2026-10-06T06:09:18.887792540Z,5.390902,112.616452,Cloud to Ground,-124310,0,13
2026-10-06T06:09:18.883129683Z,5.398072,112.615013,Cloud to Ground,-53764,0,12
2026-10-06T06:09:19.261004173Z,5.426357,112.672241,Cloud to Ground,-16751,0,9
2026-10-06T06:09:19.065997841Z,5.325636,112.602685,Cloud to Ground,33610,0,7
2026-10-06T06:09:19.064825024Z,5.408208,112.618007,Cloud to Ground,36147,0,12
2026-10-06T06:09:19.269285691Z,5.367517,112.58871,Cloud to Ground,37395,0,9
2026-10-06T06:09:19.007634776Z,5.397143,112.654114,Cloud to Ground,43562,0,12
2026-10-06T06:09:18.960493465Z,5.381551,112.620574,Cloud to Ground,53984,0,20
2026-10-06T06:09:18.967987969Z,5.380578,112.632005,Cloud to Ground,54716,0,11
2026-10-06T06:09:18.990665974Z,5.371156,112.641823,Cloud to Ground,80684,0,17
2026-10-06T06:09:18.836780128Z,16.32709,119.904492,Cloud to Cloud,5150,3074,7
2026-10-06T06:09:19.656813987Z,9.169065,114.566597,Cloud to Ground,-25281,0,13
2026-10-06T06:09:19.673031412Z,9.203811,114.556793,Cloud to Ground,48979,0,13
2026-10-06T06:09:20.964850470Z,6.776885,111.801922,Cloud to Ground,-148996,0,9
2026-10-06T06:09:20.763381000Z,18.542,113.8968,Cloud to Ground,83049,0,5
2026-10-06T06:09:20.495595573Z,18.444526,113.891757,Cloud to Cloud,-60834,7764,17
2026-10-06T06:09:20.648508874Z,18.440751,113.888241,Cloud to Ground,-54820,0,12
2026-10-06T06:09:20.598085205Z,18.443298,113.885537,Cloud to Ground,-35109,0,13
2026-10-06T06:09:20.552031797Z,18.432249,113.833665,Cloud to Cloud,-31224,3006,12
2026-10-06T06:09:20.797265956Z,18.434631,113.886741,Cloud to Ground,24692,0,8
2026-10-06T06:09:20.765099977Z,18.442921,113.898925,Cloud to Ground,29971,0,12
2026-10-06T06:09:21.303426356Z,18.423348,113.876785,Cloud to Ground,35764,0,7
2026-10-06T06:09:21.103985444Z,18.432209,113.880987,Cloud to Ground,58224,0,17
2026-10-06T06:09:23.833027627Z,6.588178,112.896221,Cloud to Ground,-24083,0,12
2026-10-06T06:09:23.744343221Z,6.577198,112.929781,Cloud to Ground,-19841,0,6
2026-10-06T06:09:24.701795577Z,5.284065,119.225382,Cloud to Ground,57029,0,19
2026-10-06T06:09:24.898890930Z,9.790234,123.981859,Cloud to Cloud,53007,16651,8
2026-10-06T06:09:25.492608189Z,8.011676,110.169668,Cloud to Ground,-80773,0,13
2026-10-06T06:09:25.467533254Z,19.122638,114.932672,Cloud to Cloud,-14786,9807,13
2026-10-06T06:09:25.474853000Z,19.1283,114.8988,Cloud to Ground,7527,0,5
2026-10-06T06:09:25.443947386Z,19.194915,114.936018,Cloud to Cloud,19880,3004,8
2026-10-06T06:09:25.252585969Z,14.081263,120.690962,Cloud to Ground,-31273,0,10
2026-10-06T06:09:29.150173976Z,6.032333,114.677549,Cloud to Ground,-19890,0,8
2026-10-06T06:09:30.878672368Z,14.651712,121.020877,Cloud to Cloud,32214,7642,11
2026-10-06T06:09:30.539037696Z,16.34435,120.037686,Cloud to Cloud,-7340,4710,8
2026-10-06T06:09:30.974150206Z,19.264452,112.350557,Cloud to Cloud,-16503,4662,10
2026-10-06T06:09:31.301903823Z,19.248189,112.358208,Cloud to Cloud,6182,9462,7
2026-10-06T06:09:31.265569542Z,19.254242,112.356646,Cloud to Ground,21506,0,7
2026-10-06T06:09:31.423435115Z,19.229698,112.368538,Cloud to Ground,28103,0,7
2026-10-06T06:09:31.088136266Z,19.268693,112.348695,Cloud to Ground,41541,0,15
2026-10-06T06:09:32.541341065Z,16.528147,112.834859,Cloud to Ground,-12115,0,8
2026-10-06T06:09:32.612258242Z,16.523894,112.803246,Cloud to Ground,-10106,0,6
2026-10-06T06:09:32.543618603Z,16.525347,112.83875,Cloud to Ground,-9680,0,6
2026-10-06T06:09:32.574183124Z,16.503439,112.806781,Cloud to Ground,19313,0,7
2026-10-06T06:09:32.542348676Z,16.528427,112.847821,Cloud to Ground,26243,0,10
2026-10-06T06:09:33.030239517Z,2.64077,110.680545,Cloud to Ground,21806,0,7
2026-10-06T06:09:35.023744712Z,3.812129,121.046,Cloud to Cloud,-14496,6595,9
2026-10-06T06:09:35.133812872Z,16.342724,119.919755,Cloud to Ground,-39244,0,14
2026-10-06T06:09:35.310693873Z,16.338799,119.904184,Cloud to Ground,-23508,0,10
2026-10-06T06:09:35.172003293Z,16.334425,119.890598,Cloud to Ground,-6197,0,7
2026-10-06T06:09:36.159452066Z,4.530092,114.531027,Cloud to Ground,-25932,0,7
2026-10-06T06:09:36.064681409Z,14.581746,121.05108,Cloud to Cloud,-13319,4388,7
2026-10-06T06:09:36.293327117Z,16.589461,114.810965,Cloud to Cloud,-23718,5611,8
2026-10-06T06:09:38.680869518Z,8.350235,128.877641,Cloud to Ground,-67836,0,12
2026-10-06T06:09:38.661032073Z,4.223547,122.647225,Cloud to Ground,-26406,0,24
2026-10-06T06:09:38.334521153Z,6.814176,111.837971,Cloud to Ground,-36855,0,9
2026-10-06T06:09:38.317334806Z,6.751173,111.788691,Cloud to Ground,58502,0,7
2026-10-06T06:09:38.098487706Z,15.566384,119.883452,Cloud to Ground,-81946,0,15
2026-10-06T06:09:38.164852577Z,15.5544,119.851058,Cloud to Cloud,-8799,3281,6
2026-10-06T06:09:38.135402902Z,15.552647,119.860549,Cloud to Cloud,18342,19517,13
2026-10-06T06:09:38.168092762Z,15.554521,119.73514,Cloud to Ground,-8668,0,6
2026-10-06T06:09:39.225320000Z,11.9514,125.3256,Cloud to Ground,-42990,0,11
2026-10-06T06:09:39.114213427Z,12.024488,125.34038,Cloud to Ground,-20459,0,17
2026-10-06T06:09:39.148141000Z,11.9675,125.3894,Cloud to Ground,12943,0,6
2026-10-06T06:09:42.754789140Z,8.267446,128.794256,Cloud to Ground,-57371,0,26
2026-10-06T06:09:42.996610121Z,8.26182,128.805337,Cloud to Ground,-45759,0,22
2026-10-06T06:09:42.282029795Z,6.211008,116.705222,Cloud to Ground,-21069,0,8
2026-10-06T06:09:42.427238148Z,6.211627,116.640523,Cloud to Ground,-15868,0,6
2026-10-06T06:09:43.143376229Z,8.277215,128.701809,Cloud to Ground,-16398,0,17
2026-10-06T06:09:43.392669635Z,14.039391,120.708767,Cloud to Cloud,-10986,6154,7
2026-10-06T06:09:43.711698066Z,11.871371,125.453753,Cloud to Cloud,14312,14768,8
2026-10-06T06:09:44.652228721Z,14.908762,120.822998,Cloud to Ground,-29832,0,10
2026-10-06T06:09:44.695686610Z,14.916843,120.819978,Cloud to Ground,-14295,0,11
2026-10-06T06:09:44.631757515Z,14.849389,120.846957,Cloud to Cloud,-10528,12551,8
2026-10-06T06:09:45.619650945Z,14.580724,121.078762,Cloud to Cloud,16832,14953,11
2026-10-06T06:09:45.222222082Z,16.380924,119.93975,Cloud to Cloud,-7531,3105,7
2026-10-06T06:09:46.227127886Z,18.919348,115.063506,Cloud to Ground,-47921,0,18
2026-10-06T06:09:46.330653213Z,18.923509,115.060308,Cloud to Ground,-41790,0,18
2026-10-06T06:09:46.507610419Z,18.938487,115.059036,Cloud to Ground,-30701,0,12
2026-10-06T06:09:46.782438737Z,18.942855,115.05213,Cloud to Ground,-24226,0,6
2026-10-06T06:09:46.273377240Z,18.934728,115.063218,Cloud to Ground,-23853,0,9
2026-10-06T06:09:46.562639944Z,18.929548,115.065427,Cloud to Ground,-23007,0,7
2026-10-06T06:09:46.648207724Z,18.932075,115.06519,Cloud to Cloud,-15655,4979,9
2026-10-06T06:09:46.984058738Z,18.92093,115.051835,Cloud to Cloud,21765,5722,10
2026-10-06T06:09:46.616873854Z,19.275217,112.331185,Cloud to Cloud,-11026,13239,8
2026-10-06T06:09:47.987332551Z,18.910435,113.770523,Cloud to Ground,-14366,0,6
2026-10-06T06:09:48.910133798Z,9.528364,126.459473,Cloud to Ground,-15197,0,8
2026-10-06T06:09:48.344324397Z,11.886938,125.34689,Cloud to Cloud,12041,17021,9
2026-10-06T06:09:48.384713006Z,11.87949,125.315081,Cloud to Cloud,12938,18917,7
2026-10-06T06:09:48.305223813Z,11.88533,125.347636,Cloud to Cloud,16643,6642,9
2026-10-06T06:09:50.445531510Z,4.221401,122.593278,Cloud to Ground,-17926,0,16
2026-10-06T06:09:50.446335166Z,4.233667,122.572815,Cloud to Ground,-13925,0,17
2026-10-06T06:09:50.447654564Z,4.171937,122.605305,Cloud to Ground,16949,0,12
2026-10-06T06:09:50.449623093Z,4.118503,122.400861,Cloud to Cloud,-20549,3057,11
2026-10-06T06:09:50.083993778Z,5.891064,116.796757,Cloud to Ground,-9928,0,9
2026-10-06T06:09:50.856469313Z,20.077575,119.358331,Cloud to Cloud,2968,11388,6
2026-10-06T06:09:50.857350209Z,20.085931,119.374197,Cloud to Cloud,6666,19865,6
2026-10-06T06:09:51.527882190Z,14.094696,120.611337,Cloud to Cloud,-3522,17400,5
2026-10-06T06:09:53.482195539Z,16.587379,114.849042,Cloud to Cloud,-8243,3000,7
2026-10-06T06:09:54.607508404Z,18.455484,113.838729,Cloud to Ground,-64323,0,16
2026-10-06T06:09:54.571771052Z,18.462736,113.82822,Cloud to Cloud,-51860,3037,13
2026-10-06T06:09:54.595676762Z,18.445875,113.85094,Cloud to Ground,-23801,0,10
2026-10-06T06:09:54.675116362Z,18.532108,113.847435,Cloud to Cloud,-19713,16461,9
2026-10-06T06:09:54.900050447Z,18.462824,113.835669,Cloud to Ground,-15228,0,8
2026-10-06T06:09:55.264503585Z,18.523653,113.805072,Cloud to Ground,-9153,0,10
2026-10-06T06:09:55.167984268Z,18.424902,113.826066,Cloud to Cloud,-9133,3394,8
2026-10-06T06:09:54.650316799Z,18.449954,113.824664,Cloud to Cloud,8675,3650,6
2026-10-06T06:09:54.670601501Z,18.45387,113.86325,Cloud to Cloud,8704,7457,10
2026-10-06T06:09:54.672896218Z,18.527266,113.869598,Cloud to Cloud,9833,3065,7
2026-10-06T06:09:54.618681994Z,18.452995,113.834774,Cloud to Ground,24060,0,12
2026-10-06T06:09:54.815907939Z,18.454531,113.831309,Cloud to Ground,38661,0,17
2026-10-06T06:09:54.866845883Z,18.465091,113.83229,Cloud to Ground,74967,0,22
2026-10-06T06:09:54.708734117Z,18.470298,113.821358,Cloud to Ground,79790,0,11
2026-10-06T06:09:55.201741120Z,11.945997,125.496141,Cloud to Ground,41792,0,7
2026-10-06T06:09:55.721247035Z,17.992244,120.740132,Cloud to Ground,-28266,0,9
2026-10-06T06:09:56.136441559Z,5.853912,113.442545,Cloud to Cloud,22958,6437,5
2026-10-06T06:09:57.752175933Z,11.880234,125.511957,Cloud to Cloud,24371,3206,11
2026-10-06T06:09:57.311066882Z,22.839515,120.676758,Cloud to Cloud,-4802,3413,7
2026-10-06T06:09:57.175383165Z,22.894283,120.658913,Cloud to Cloud,1874,6815,5
2026-10-06T06:09:57.116268617Z,22.860817,120.692808,Cloud to Cloud,3655,14618,6
2026-10-06T06:09:57.112021797Z,22.860602,120.692495,Cloud to Cloud,3797,14844,6
2026-10-06T06:09:57.067024425Z,22.93496,120.64748,Cloud to Cloud,4680,5928,8
2026-10-06T06:09:57.080356817Z,22.853294,120.673324,Cloud to Cloud,4778,14197,6
2026-10-06T06:09:57.065545817Z,22.846871,120.678163,Cloud to Cloud,6603,3146,8
2026-10-06T06:09:57.119062953Z,22.825409,120.654541,Cloud to Cloud,11521,15979,9
2026-10-06T06:09:58.564076438Z,7.753716,111.421348,Cloud to Ground,-69195,0,13
2026-10-06T06:09:58.604233550Z,7.801226,111.372754,Cloud to Ground,-23024,0,12
2026-10-06T06:09:58.550088053Z,7.732573,111.403521,Cloud to Ground,28442,0,7
2026-10-06T06:09:58.332838475Z,21.253999,123.205169,Cloud to Ground,-16689,0,8
2026-10-06T06:09:58.069910998Z,21.223144,123.218136,Cloud to Cloud,6339,8579,6
2026-10-06T06:09:58.057474159Z,21.222297,123.223863,Cloud to Cloud,10739,7946,9
2026-10-06T06:09:57.832781274Z,21.267599,123.121437,Cloud to Cloud,11946,3277,12
2026-10-06T06:09:58.551142182Z,16.290867,119.89513,Cloud to Ground,-22645,0,11
2026-10-06T06:09:58.628542127Z,16.305889,119.896364,Cloud to Ground,-17816,0,11
2026-10-06T06:09:59.819669791Z,6.066223,114.533987,Cloud to Ground,-183735,0,17
2026-10-06T06:09:59.820149196Z,6.083746,114.535337,Cloud to Ground,-49907,0,12
2026-10-06T06:09:59.820901297Z,6.063991,114.531739,Cloud to Ground,-45015,0,19
2026-10-06T06:09:59.822279506Z,6.026531,114.548533,Cloud to Cloud,-39302,8478,8
2026-10-06T06:10:00.613510719Z,5.669483,112.996235,Cloud to Ground,44397,0,18
2026-10-06T06:10:00.502936072Z,5.658688,112.958598,Cloud to Ground,75607,0,15
2026-10-06T06:10:00.232700075Z,11.968708,125.271169,Cloud to Ground,14850,0,8
2026-10-06T06:10:03.697019396Z,16.283986,119.903259,Cloud to Ground,-20283,0,12
2026-10-06T06:10:04.089624361Z,19.560041,117.726855,Cloud to Ground,25343,0,10
2026-10-06T06:10:04.112743731Z,19.567522,117.578693,Cloud to Cloud,9524,8491,8
2026-10-06T06:10:04.096095372Z,19.568965,117.841032,Cloud to Cloud,5264,4193,6
2026-10-06T06:10:04.087093091Z,19.64089,117.886142,Cloud to Cloud,9945,4849,8
2026-10-06T06:10:04.832589568Z,17.512662,111.609573,Cloud to Ground,-30938,0,11
2026-10-06T06:10:04.885634370Z,17.50288,111.61184,Cloud to Ground,-11981,0,6
2026-10-06T06:10:04.843494900Z,17.446946,111.594157,Cloud to Cloud,-11914,17056,8
2026-10-06T06:10:05.243478311Z,17.319857,111.222426,Cloud to Cloud,12237,7538,9
2026-10-06T06:10:05.559596705Z,17.307861,111.225093,Cloud to Cloud,13738,14549,11
2026-10-06T06:10:05.074880532Z,17.264519,111.386748,Cloud to Ground,42474,0,11
2026-10-06T06:10:05.831963317Z,17.270611,111.381623,Cloud to Cloud,-17430,15021,10
2026-10-06T06:10:05.670572143Z,17.210921,111.218652,Cloud to Ground,-7737,0,5
2026-10-06T06:10:07.826018709Z,18.788446,115.088731,Cloud to Ground,-8773,0,7
2026-10-06T06:10:07.624457965Z,18.788482,115.070959,Cloud to Cloud,-6202,3010,6
2026-10-06T06:10:07.715323859Z,18.795567,115.091869,Cloud to Cloud,-5033,3035,6
2026-10-06T06:10:08.354815980Z,18.795777,115.063242,Cloud to Cloud,-4603,17408,7
2026-10-06T06:10:07.716601809Z,18.791348,115.071151,Cloud to Cloud,4503,15195,7
2026-10-06T06:10:07.713025516Z,18.806617,115.077322,Cloud to Cloud,5922,3103,7
2026-10-06T06:10:07.543666669Z,16.546976,116.510464,Cloud to Cloud,-12515,9190,10
2026-10-06T06:10:08.032053962Z,16.341355,119.895266,Cloud to Cloud,7012,3527,9
2026-10-06T06:10:09.130847095Z,11.888937,125.435035,Cloud to Cloud,10376,16986,7
2026-10-06T06:10:10.212644035Z,9.54783,126.535925,Cloud to Ground,-26777,0,9
2026-10-06T06:10:10.460957449Z,9.564358,126.402312,Cloud to Ground,-15745,0,9
2026-10-06T06:10:10.396296059Z,9.546097,126.428162,Cloud to Ground,-14901,0,6
2026-10-06T06:10:10.651426881Z,9.536888,126.417863,Cloud to Ground,-11066,0,7
2026-10-06T06:10:10.267570220Z,10.354744,124.32828,Cloud to Ground,-30158,0,9
2026-10-06T06:10:10.266919695Z,10.312336,124.341224,Cloud to Cloud,20494,9783,9
2026-10-06T06:10:10.268390293Z,10.305292,124.348248,Cloud to Cloud,35546,19473,8
2026-10-06T06:10:11.070520402Z,5.968461,114.66857,Cloud to Cloud,-30442,17825,7
2026-10-06T06:10:11.755598177Z,8.429539,125.884799,Cloud to Ground,-12624,0,12
2026-10-06T06:10:11.683132802Z,8.409454,126.033456,Cloud to Ground,-65870,0,12
2026-10-06T06:10:12.020872000Z,9.0824,110.5455,Cloud to Ground,-116939,0,6
2026-10-06T06:10:12.027071113Z,9.067373,110.599218,Cloud to Ground,-67412,0,14
2026-10-06T06:10:12.231429495Z,9.073103,110.527129,Cloud to Ground,-44240,0,9
2026-10-06T06:10:12.175316000Z,9.0565,110.6341,Cloud to Ground,48829,0,8
2026-10-06T06:10:14.741102150Z,9.923175,123.790846,Cloud to Cloud,30137,3064,7
2026-10-06T06:10:14.416107766Z,16.591412,114.83535,Cloud to Cloud,-23753,9231,14
2026-10-06T06:10:15.209067599Z,14.642526,121.017271,Cloud to Cloud,-10831,5993,11
2026-10-06T06:10:15.259876806Z,14.66372,121.089381,Cloud to Cloud,4258,13907,8
2026-10-06T06:10:15.317872408Z,14.580938,121.044561,Cloud to Cloud,12913,3001,8
2026-10-06T06:10:16.908271119Z,5.89258,113.494763,Cloud to Ground,25196,0,10
2026-10-06T06:10:16.868471793Z,5.862618,113.488819,Cloud to Ground,27384,0,15
2026-10-06T06:10:16.717952950Z,5.867593,113.491993,Cloud to Ground,35721,0,16
2026-10-06T06:10:16.529950076Z,5.865655,113.495942,Cloud to Ground,51109,0,18
2026-10-06T06:10:16.675381786Z,5.886614,113.48854,Cloud to Ground,131150,0,14
2026-10-06T06:10:18.309451663Z,12.032265,125.454215,Cloud to Ground,-36127,0,15
2026-10-06T06:10:18.207955534Z,11.951953,125.389885,Cloud to Ground,-40376,0,24
2026-10-06T06:10:18.649592554Z,11.972483,125.349205,Cloud to Ground,-16578,0,11
2026-10-06T06:10:18.551643985Z,11.943407,125.407009,Cloud to Ground,-13998,0,19
2026-10-06T06:10:18.484709516Z,11.95129,125.496683,Cloud to Ground,-9347,0,7
2026-10-06T06:10:20.963255071Z,5.394837,112.697465,Cloud to Ground,-55897,0,15
2026-10-06T06:10:20.946265932Z,5.403659,112.733515,Cloud to Ground,-12993,0,6
2026-10-06T06:10:21.086933113Z,5.420642,112.690787,Cloud to Ground,51945,0,11
2026-10-06T06:10:21.229793381Z,5.422839,112.693756,Cloud to Ground,74473,0,15
2026-10-06T06:10:20.967005870Z,5.422103,112.693887,Cloud to Ground,119961,0,15
2026-10-06T06:10:20.781962595Z,20.451756,121.976571,Cloud to Ground,-9594,0,10
2026-10-06T06:10:20.784826168Z,20.434707,121.967313,Cloud to Ground,-7888,0,7
2026-10-06T06:10:20.791875050Z,20.409391,121.948893,Cloud to Ground,-7686,0,7
2026-10-06T06:10:20.784103144Z,20.451127,121.96848,Cloud to Ground,-5911,0,9
2026-10-06T06:10:20.788419769Z,20.474859,121.960458,Cloud to Cloud,-4389,4496,5
2026-10-06T06:10:20.530569979Z,20.407195,121.924584,Cloud to Cloud,8211,11887,9
2026-10-06T06:10:20.059081216Z,12.055118,125.313669,Cloud to Ground,29964,0,15
2026-10-06T06:10:21.233862039Z,5.397338,112.5831,Cloud to Ground,-33661,0,10
2026-10-06T06:10:21.750085238Z,18.462988,113.835637,Cloud to Cloud,-87608,3024,17
2026-10-06T06:10:21.982763542Z,18.464466,113.825527,Cloud to Cloud,-43862,3094,13
2026-10-06T06:10:21.839416624Z,18.470874,113.826682,Cloud to Cloud,-31219,4386,15
2026-10-06T06:10:21.771001992Z,18.464417,113.836125,Cloud to Ground,-20605,0,14
2026-10-06T06:10:22.658488304Z,18.440432,113.979125,Cloud to Ground,-15031,0,8
2026-10-06T06:10:22.007870229Z,18.476772,113.825448,Cloud to Ground,-8273,0,9
2026-10-06T06:10:22.477368863Z,18.44655,113.890489,Cloud to Ground,-6655,0,7
2026-10-06T06:10:21.983235442Z,18.430331,113.777939,Cloud to Cloud,11155,3002,7
2026-10-06T06:10:21.899789993Z,18.457216,113.753991,Cloud to Ground,44060,0,12
2026-10-06T06:10:21.926414977Z,18.459483,113.831935,Cloud to Ground,62108,0,16
2026-10-06T06:10:21.873519261Z,18.469236,113.823805,Cloud to Ground,96593,0,23
2026-10-06T06:10:22.021853301Z,7.947778,110.981168,Cloud to Ground,-15422,0,8
2026-10-06T06:10:21.936323107Z,16.345965,119.931811,Cloud to Ground,-29538,0,15
2026-10-06T06:10:22.014026652Z,16.289204,119.956854,Cloud to Ground,38113,0,9
2026-10-06T06:10:23.318933544Z,11.946864,125.288346,Cloud to Ground,7682,0,12
2026-10-06T06:10:24.520992764Z,21.787669,124.465117,Cloud to Cloud,5646,16229,7
2026-10-06T06:10:24.711923370Z,21.800716,124.466309,Cloud to Cloud,6317,13259,6
2026-10-06T06:10:24.517815639Z,21.796103,124.465621,Cloud to Cloud,7180,11317,9
2026-10-06T06:10:24.520198284Z,21.797989,124.467914,Cloud to Ground,12169,0,10
2026-10-06T06:10:24.519760654Z,21.838902,124.38049,Cloud to Ground,19007,0,9
2026-10-06T06:10:24.519114470Z,21.836746,124.360426,Cloud to Ground,44910,0,14
2026-10-06T06:10:24.278662558Z,11.06105,119.614248,Cloud to Cloud,4605,12509,6
2026-10-06T06:10:24.166616596Z,11.081921,119.56266,Cloud to Cloud,25611,14185,10
2026-10-06T06:10:24.540278000Z,14.1109,120.7453,Cloud to Ground,-17740,0,6
2026-10-06T06:10:25.412398771Z,20.050966,119.495068,Cloud to Cloud,7560,4640,6
2026-10-06T06:10:26.380130832Z,9.579132,126.566136,Cloud to Ground,-34942,0,20
2026-10-06T06:10:26.338949857Z,9.62213,126.64909,Cloud to Cloud,-5682,19869,7
2026-10-06T06:10:26.337464940Z,9.595469,126.595834,Cloud to Cloud,10394,4372,7
2026-10-06T06:10:26.431185082Z,9.581334,126.679386,Cloud to Cloud,17260,19794,13
2026-10-06T06:10:26.413726609Z,11.891737,125.359062,Cloud to Cloud,-7114,16673,7
2026-10-06T06:10:26.742775247Z,11.999292,125.357643,Cloud to Cloud,13224,7352,6
2026-10-06T06:10:27.055888118Z,8.859895,126.222253,Cloud to Cloud,-24003,4113,7
2026-10-06T06:10:29.013737142Z,6.682871,115.245318,Cloud to Ground,-10914,0,6
2026-10-06T06:10:29.083508117Z,6.668143,115.237153,Cloud to Ground,32929,0,15
2026-10-06T06:10:29.051183326Z,6.670218,115.245516,Cloud to Ground,56429,0,18
2026-10-06T06:10:29.121287794Z,6.714931,115.230986,Cloud to Ground,63116,0,10
2026-10-06T06:10:28.997837237Z,6.650385,115.24466,Cloud to Ground,82413,0,34
2026-10-06T06:10:28.340492632Z,6.576749,112.875687,Cloud to Ground,-25631,0,17
2026-10-06T06:10:28.184916405Z,6.532677,112.895059,Cloud to Ground,16361,0,12
2026-10-06T06:10:28.189395133Z,6.524841,112.907217,Cloud to Ground,24791,0,19
2026-10-06T06:10:28.773850002Z,6.679448,112.920229,Cloud to Ground,28028,0,6
2026-10-06T06:10:28.641899210Z,6.646499,112.919182,Cloud to Ground,43208,0,18
2026-10-06T06:10:28.550002592Z,6.648263,112.91918,Cloud to Ground,63763,0,26
2026-10-06T06:10:28.363727973Z,6.64633,112.92664,Cloud to Ground,192854,0,15
2026-10-06T06:10:28.224547457Z,14.654609,121.017598,Cloud to Ground,-8091,0,7
2026-10-06T06:10:29.909687939Z,5.952296,116.80967,Cloud to Cloud,-21024,18594,10
2026-10-06T06:10:29.390754825Z,11.963476,125.302086,Cloud to Ground,-23585,0,26
2026-10-06T06:10:29.177027220Z,11.96522,125.249013,Cloud to Ground,-18335,0,17
2026-10-06T06:10:29.531861570Z,18.311214,112.714466,Cloud to Cloud,-17504,3171,10
2026-10-06T06:10:29.703065514Z,18.343118,112.715845,Cloud to Ground,22679,0,9
2026-10-06T06:10:30.196399681Z,18.35001,112.696896,Cloud to Ground,24165,0,9
2026-10-06T06:10:29.575274675Z,18.309227,112.696546,Cloud to Ground,63709,0,14
2026-10-06T06:10:30.270524611Z,8.51462,130.445554,Cloud to Ground,45347,0,23
2026-10-06T06:10:30.923474266Z,18.786696,115.007963,Cloud to Cloud,-7895,3060,8
2026-10-06T06:10:30.445651910Z,14.098624,110.361908,Cloud to Cloud,-18677,18957,5
2026-10-06T06:10:31.711940141Z,4.835529,115.029313,Cloud to Ground,-14566,0,15
2026-10-06T06:10:32.220235420Z,5.385676,119.31901,Cloud to Ground,-21247,0,15
2026-10-06T06:10:32.434347035Z,5.408814,119.11295,Cloud to Cloud,-13472,12474,10
2026-10-06T06:10:33.561032677Z,11.944801,125.488549,Cloud to Ground,19556,0,7
2026-10-06T06:10:33.985214505Z,18.27308,112.397827,Cloud to Ground,20516,0,9
2026-10-06T06:10:35.400757907Z,5.982076,114.678031,Cloud to Ground,-25232,0,10
2026-10-06T06:10:35.331580189Z,6.041965,114.666513,Cloud to Ground,-19909,0,13
2026-10-06T06:10:35.395342518Z,6.049492,114.690756,Cloud to Ground,-12833,0,12
2026-10-06T06:10:35.482307734Z,5.959595,114.676712,Cloud to Ground,8801,0,7
2026-10-06T06:10:35.014523234Z,6.505251,115.141013,Cloud to Ground,-43474,0,19
2026-10-06T06:10:34.833502446Z,6.515976,115.114937,Cloud to Ground,-39318,0,24
2026-10-06T06:10:34.815247912Z,6.463752,115.123093,Cloud to Ground,-23470,0,10
2026-10-06T06:10:34.817582111Z,6.515002,115.113456,Cloud to Ground,-16408,0,10
2026-10-06T06:10:36.908511417Z,9.542137,126.413886,Cloud to Ground,-22411,0,11
2026-10-06T06:10:36.731760229Z,9.557762,126.407115,Cloud to Ground,-22112,0,10
2026-10-06T06:10:36.355355296Z,14.684636,121.020859,Cloud to Cloud,-6968,3370,6
2026-10-06T06:10:37.460857973Z,11.93372,125.477448,Cloud to Cloud,15151,8042,8
2026-10-06T06:10:38.686255259Z,21.219969,123.190364,Cloud to Ground,-34184,0,15
2026-10-06T06:10:38.729439545Z,21.223284,123.183425,Cloud to Ground,-12993,0,10
2026-10-06T06:10:38.804347408Z,21.219392,123.235964,Cloud to Ground,-12462,0,9
2026-10-06T06:10:38.751075631Z,16.320819,119.907499,Cloud to Ground,-10797,0,9
2026-10-06T06:10:38.750546907Z,16.333218,119.879556,Cloud to Cloud,-6415,17182,7
2026-10-06T06:10:38.553152194Z,17.478665,121.026582,Cloud to Cloud,7232,11177,7
2026-10-06T06:10:40.124428000Z,9.9598,123.9249,Cloud to Ground,-23131,0,5
2026-10-06T06:10:40.064580302Z,9.932898,123.925572,Cloud to Ground,-16633,0,17
2026-10-06T06:10:40.750144775Z,18.467695,113.836426,Cloud to Ground,-103429,0,13
2026-10-06T06:10:40.843110309Z,18.437373,113.841048,Cloud to Cloud,-43351,14616,14
2026-10-06T06:10:40.763224951Z,18.446345,113.852038,Cloud to Ground,-16908,0,11
2026-10-06T06:10:40.901497810Z,18.460622,113.833276,Cloud to Ground,-7008,0,6
2026-10-06T06:10:40.874997300Z,18.453425,113.839605,Cloud to Ground,22497,0,14
2026-10-06T06:10:41.349735571Z,18.449929,113.838773,Cloud to Ground,26705,0,11
2026-10-06T06:10:41.257802960Z,18.481788,113.823246,Cloud to Ground,52203,0,18
2026-10-06T06:10:40.665985090Z,22.863839,120.624772,Cloud to Ground,-23142,0,11
2026-10-06T06:10:40.844268340Z,22.904923,120.587219,Cloud to Ground,-6668,0,8
2026-10-06T06:10:40.747970600Z,22.861021,120.636865,Cloud to Cloud,3321,5008,6
2026-10-06T06:10:41.608226188Z,4.612476,114.507727,Cloud to Ground,-28995,0,18
2026-10-06T06:10:41.834458669Z,4.548598,114.582811,Cloud to Ground,45576,0,17
2026-10-06T06:10:41.983955304Z,4.548449,114.583222,Cloud to Ground,45848,0,12
2026-10-06T06:10:42.161001143Z,4.88665,123.438478,Cloud to Ground,-14348,0,14
2026-10-06T06:10:42.696617530Z,16.594861,114.890695,Cloud to Cloud,-9758,3009,7
2026-10-06T06:10:42.581174502Z,16.568509,114.783593,Cloud to Ground,-11165,0,7
2026-10-06T06:10:42.715763456Z,16.570537,114.770286,Cloud to Cloud,10875,4856,7
2026-10-06T06:10:43.465444585Z,6.773726,111.708918,Cloud to Ground,-76835,0,11
2026-10-06T06:10:43.461743676Z,6.834182,111.703385,Cloud to Ground,-49088,0,17
2026-10-06T06:10:43.265946618Z,6.766881,111.720497,Cloud to Ground,-42206,0,11
2026-10-06T06:10:43.514977437Z,6.813419,111.764863,Cloud to Ground,-26900,0,12
2026-10-06T06:10:43.458872084Z,6.821648,111.711361,Cloud to Ground,-24225,0,11
2026-10-06T06:10:43.611659112Z,6.879546,111.709109,Cloud to Ground,-15888,0,14
2026-10-06T06:10:43.588336807Z,6.77418,111.764211,Cloud to Ground,27519,0,10
2026-10-06T06:10:43.303677429Z,6.845845,111.686306,Cloud to Ground,31138,0,12
2026-10-06T06:10:43.292662615Z,6.770143,111.721842,Cloud to Ground,39045,0,18
2026-10-06T06:10:43.301676995Z,6.767784,111.728152,Cloud to Ground,46695,0,18
2026-10-06T06:10:43.292061267Z,6.751053,111.724073,Cloud to Ground,49794,0,25
2026-10-06T06:10:43.274567860Z,6.761024,111.703755,Cloud to Ground,120098,0,21
2026-10-06T06:10:43.435392621Z,16.522023,112.825394,Cloud to Cloud,-24382,6989,10
2026-10-06T06:10:43.659693429Z,16.534092,112.837175,Cloud to Cloud,-13359,4214,11
2026-10-06T06:10:44.139104650Z,6.104859,115.158686,Cloud to Ground,-36906,0,13
2026-10-06T06:10:44.488121910Z,18.939069,114.900572,Cloud to Ground,16511,0,11
2026-10-06T06:10:44.487595373Z,18.927451,114.905215,Cloud to Ground,17517,0,9
2026-10-06T06:10:44.493808306Z,18.961605,114.9192,Cloud to Ground,25999,0,8
2026-10-06T06:10:45.359752090Z,14.672379,121.012982,Cloud to Ground,-11944,0,8
2026-10-06T06:10:47.771283275Z,16.326951,119.892006,Cloud to Cloud,7574,15950,10
2026-10-06T06:10:48.485066817Z,11.947829,125.489833,Cloud to Ground,31635,0,7
2026-10-06T06:10:49.368379002Z,18.794804,115.119363,Cloud to Ground,-7552,0,6
2026-10-06T06:10:50.049997929Z,19.138129,114.899861,Cloud to Cloud,-21294,5390,8
2026-10-06T06:10:49.879153636Z,19.102554,114.922055,Cloud to Ground,-20308,0,11
2026-10-06T06:10:52.054888817Z,6.131387,116.71652,Cloud to Cloud,14191,12097,11
2026-10-06T06:10:52.013620068Z,14.664125,121.079886,Cloud to Cloud,-6913,14883,8
2026-10-06T06:10:52.180338120Z,14.597742,121.075715,Cloud to Cloud,20200,3703,8
2026-10-06T06:10:52.710780231Z,12.012098,125.225853,Cloud to Ground,-16739,0,7
2026-10-06T06:10:53.533288368Z,9.595641,126.766255,Cloud to Ground,-22813,0,14
2026-10-06T06:10:53.691593072Z,7.842408,111.422567,Cloud to Ground,-25952,0,20
2026-10-06T06:10:53.803819297Z,7.823229,111.44236,Cloud to Ground,18721,0,12
2026-10-06T06:10:53.872043778Z,7.757538,111.276772,Cloud to Ground,-23390,0,8
2026-10-06T06:10:53.934568975Z,7.761502,111.278478,Cloud to Ground,-15921,0,7
2026-10-06T06:10:53.785048785Z,5.962285,114.683222,Cloud to Ground,23528,0,7
2026-10-06T06:10:54.095125787Z,19.086735,113.288624,Cloud to Ground,-28852,0,14
2026-10-06T06:10:53.972481141Z,19.052271,113.289526,Cloud to Ground,-19133,0,12
2026-10-06T06:10:53.972905340Z,19.038949,113.284572,Cloud to Ground,15672,0,7
2026-10-06T06:10:53.963393109Z,19.064244,113.276865,Cloud to Ground,24780,0,10
2026-10-06T06:10:53.965301588Z,19.057869,113.306987,Cloud to Ground,38828,0,7
2026-10-06T06:10:53.959415827Z,19.044843,113.291237,Cloud to Ground,98626,0,15
2026-10-06T06:10:54.936960025Z,16.277783,119.870745,Cloud to Cloud,5246,19599,9
2026-10-06T06:10:55.386817871Z,7.156725,114.199063,Cloud to Ground,-16762,0,15
2026-10-06T06:10:55.384751660Z,7.151758,114.174876,Cloud to Cloud,-16731,9072,14
2026-10-06T06:10:55.383690814Z,7.154271,114.209457,Cloud to Ground,-14039,0,6
2026-10-06T06:10:56.656041615Z,3.84376,121.059267,Cloud to Cloud,-23021,7304,20
2026-10-06T06:10:57.395560249Z,19.081179,112.342185,Cloud to Cloud,-24292,9580,9
2026-10-06T06:10:57.394500738Z,19.07248,112.294366,Cloud to Ground,-13427,0,6
2026-10-06T06:10:59.514902735Z,19.257574,112.314843,Cloud to Ground,-15088,0,6
2026-10-06T06:10:59.502038645Z,19.27283,112.336759,Cloud to Ground,25853,0,10
2026-10-06T06:10:59.241616411Z,11.800792,125.509605,Cloud to Cloud,-6314,16927,7
2026-10-06T06:10:59.218374586Z,11.936994,125.360285,Cloud to Cloud,11649,16966,6
2026-10-06T06:11:00.943640919Z,16.317162,119.881936,Cloud to Ground,-27400,0,13
2026-10-06T06:11:02.310830490Z,18.456448,113.872739,Cloud to Ground,-41365,0,13
2026-10-06T06:11:02.439249245Z,18.453267,113.892432,Cloud to Ground,-39382,0,13
2026-10-06T06:11:02.354935366Z,18.449955,113.87689,Cloud to Ground,-37027,0,12
2026-10-06T06:11:02.985819523Z,18.463925,113.887759,Cloud to Ground,-15001,0,9
2026-10-06T06:11:02.485202858Z,18.464005,113.887378,Cloud to Ground,-12439,0,8
2026-10-06T06:11:02.380760133Z,18.449749,113.874506,Cloud to Ground,42003,0,19
2026-10-06T06:11:02.885227683Z,18.455103,113.88396,Cloud to Ground,44354,0,15
2026-10-06T06:11:02.238801295Z,19.40514,117.801443,Cloud to Cloud,24529,17725,9
2026-10-06T06:11:02.233741651Z,18.577711,112.971632,Cloud to Ground,-161977,0,17
2026-10-06T06:11:02.256147435Z,18.579314,112.980597,Cloud to Ground,-7769,0,7
2026-10-06T06:11:02.232969265Z,18.562074,112.883761,Cloud to Ground,60725,0,7
2026-10-06T06:11:03.311079898Z,5.439195,112.660659,Cloud to Ground,-37181,0,15
2026-10-06T06:11:04.527934953Z,4.140311,117.124498,Cloud to Ground,67297,0,19
2026-10-06T06:11:05.666956930Z,12.007193,125.467709,Cloud to Ground,-14012,0,7
2026-10-06T06:11:05.344538232Z,11.879587,125.519967,Cloud to Cloud,-16130,9246,10
2026-10-06T06:11:05.269897000Z,11.9371,125.353,Cloud to Ground,-3119,0,7
2026-10-06T06:11:06.285719642Z,14.101619,120.677072,Cloud to Ground,-18689,0,8
2026-10-06T06:11:07.967993638Z,4.5024,114.23667,Cloud to Ground,-13339,0,12
2026-10-06T06:11:07.540695908Z,14.839925,121.070853,Cloud to Cloud,-7222,3976,8
2026-10-06T06:11:07.549481581Z,14.634755,121.022194,Cloud to Cloud,-13068,8677,7
2026-10-06T06:11:07.421398496Z,14.670092,121.094366,Cloud to Cloud,-5986,7375,10
2026-10-06T06:11:07.264067828Z,14.666717,121.04137,Cloud to Cloud,5988,17305,9
2026-10-06T06:11:07.338369320Z,14.598018,121.05327,Cloud to Cloud,8339,18447,6
2026-10-06T06:11:07.241322558Z,16.582147,114.836288,Cloud to Ground,20191,0,10
2026-10-06T06:11:08.738717632Z,8.000988,110.071438,Cloud to Ground,22287,0,7
2026-10-06T06:11:08.566038111Z,4.318466,122.672315,Cloud to Ground,-8535,0,8
2026-10-06T06:11:08.050345960Z,4.228658,122.638348,Cloud to Ground,-20456,0,23
2026-10-06T06:11:08.224496674Z,4.187229,122.650031,Cloud to Ground,-19854,0,21
2026-10-06T06:11:08.111044609Z,4.201965,122.641955,Cloud to Ground,-14069,0,22
2026-10-06T06:11:08.159630000Z,4.2545,122.5973,Cloud to Ground,23284,0,5
2026-10-06T06:11:09.322359624Z,18.426961,112.804573,Cloud to Ground,-25011,0,9
2026-10-06T06:11:09.547551521Z,18.47253,112.83368,Cloud to Cloud,8085,16643,6
2026-10-06T06:11:09.235892008Z,11.989731,125.288821,Cloud to Ground,-17909,0,21
2026-10-06T06:11:09.320412967Z,11.924741,125.423884,Cloud to Ground,31718,0,7
2026-10-06T06:11:09.441071814Z,11.840345,125.387432,Cloud to Cloud,16687,18451,7
2026-10-06T06:11:12.863137721Z,5.653903,112.965189,Cloud to Ground,-10361,0,8
2026-10-06T06:11:12.943944601Z,5.655127,112.971237,Cloud to Ground,16813,0,11
2026-10-06T06:11:13.027760104Z,5.688714,112.968279,Cloud to Ground,32341,0,12
2026-10-06T06:11:12.880861683Z,5.65512,112.968955,Cloud to Ground,107837,0,29
2026-10-06T06:11:12.396765204Z,18.430208,113.86055,Cloud to Ground,114845,0,13
2026-10-06T06:11:13.990625142Z,6.085628,115.186449,Cloud to Cloud,-23034,18400,10
2026-10-06T06:11:14.203736544Z,6.063637,115.206191,Cloud to Cloud,11330,3000,9
2026-10-06T06:11:14.159640644Z,6.033541,115.208831,Cloud to Ground,44341,0,14
2026-10-06T06:11:14.075653044Z,6.043651,115.162661,Cloud to Ground,69354,0,14
2026-10-06T06:11:14.024954769Z,6.021154,115.185432,Cloud to Ground,157154,0,26
2026-10-06T06:11:13.966237106Z,6.107224,115.201671,Cloud to Ground,173532,0,13
2026-10-06T06:11:15.877278142Z,2.731776,110.611811,Cloud to Ground,-33726,0,9
2026-10-06T06:11:15.875222719Z,2.65387,110.640547,Cloud to Ground,-26194,0,10
2026-10-06T06:11:15.930181865Z,2.72798,110.656248,Cloud to Ground,-21552,0,16
2026-10-06T06:11:15.875977843Z,2.652329,110.64328,Cloud to Ground,-16952,0,8
2026-10-06T06:11:16.939310547Z,9.579091,126.396434,Cloud to Ground,-32724,0,8
2026-10-06T06:11:16.989296592Z,9.545972,126.553565,Cloud to Ground,-31286,0,19
2026-10-06T06:11:17.077306705Z,9.524075,126.506789,Cloud to Ground,-15756,0,8
2026-10-06T06:11:16.992898970Z,9.337155,126.854439,Cloud to Cloud,-7782,15075,10
2026-10-06T06:11:16.972052434Z,18.644114,115.203346,Cloud to Ground,15865,0,13
2026-10-06T06:11:18.447915606Z,16.319764,119.900445,Cloud to Cloud,3929,9816,7
2026-10-06T06:11:20.657189503Z,8.339241,128.874312,Cloud to Ground,-41175,0,12
2026-10-06T06:11:21.070054644Z,8.31745,128.872974,Cloud to Ground,-33869,0,27
2026-10-06T06:11:20.842355786Z,8.308624,128.818406,Cloud to Ground,-23790,0,12
2026-10-06T06:11:20.768963273Z,8.315897,128.831613,Cloud to Ground,-19704,0,12
2026-10-06T06:11:21.570217418Z,8.331451,128.826586,Cloud to Ground,-17803,0,11
2026-10-06T06:11:21.009399339Z,8.346867,128.910876,Cloud to Ground,-15800,0,24
2026-10-06T06:11:21.129027102Z,8.30181,128.834641,Cloud to Ground,-15451,0,16
2026-10-06T06:11:21.401164211Z,8.314469,128.827374,Cloud to Ground,-14933,0,12
2026-10-06T06:11:20.689708336Z,8.303761,128.81448,Cloud to Ground,-12576,0,14
2026-10-06T06:11:21.484577623Z,8.322549,128.8218,Cloud to Ground,-11281,0,12
2026-10-06T06:11:20.874906142Z,8.3211,128.9748,Cloud to Ground,29331,0,8
2026-10-06T06:11:20.096926616Z,9.072398,110.625099,Cloud to Ground,-54273,0,11
2026-10-06T06:11:20.036583393Z,9.068717,110.624051,Cloud to Ground,-38847,0,11
2026-10-06T06:11:20.212073007Z,9.063792,110.486093,Cloud to Ground,-38003,0,21
2026-10-06T06:11:20.307168190Z,9.073015,110.551505,Cloud to Ground,-25971,0,8
2026-10-06T06:11:20.434318695Z,9.084523,110.682445,Cloud to Ground,23340,0,10
2026-10-06T06:11:20.740872294Z,5.758779,116.816703,Cloud to Ground,108118,0,24
2026-10-06T06:11:20.557819126Z,20.075867,119.364828,Cloud to Cloud,5501,18813,7
2026-10-06T06:11:20.597566813Z,11.876115,125.451661,Cloud to Cloud,23654,15084,7
2026-10-06T06:11:23.942529828Z,21.606146,123.37713,Cloud to Cloud,-5073,5871,5
2026-10-06T06:11:24.155960117Z,21.587628,123.358467,Cloud to Cloud,4554,18353,5
2026-10-06T06:11:23.921251934Z,21.572726,123.342159,Cloud to Cloud,9427,15664,8
2026-10-06T06:11:23.926219634Z,21.571394,123.343966,Cloud to Ground,10439,0,9
2026-10-06T06:11:23.934007637Z,21.565133,123.34307,Cloud to Ground,12994,0,9
2026-10-06T06:11:23.930807177Z,21.537446,123.243051,Cloud to Cloud,7574,10057,13
2026-10-06T06:11:23.922034617Z,21.594441,123.241467,Cloud to Ground,23898,0,10
2026-10-06T06:11:23.922663000Z,21.6133,123.2433,Cloud to Ground,27563,0,6
2026-10-06T06:11:23.447140779Z,16.333513,119.906891,Cloud to Ground,-12343,0,10
2026-10-06T06:11:24.346076814Z,14.660559,120.993913,Cloud to Cloud,9339,3276,7
2026-10-06T06:11:25.873248542Z,8.357974,115.214741,Cloud to Ground,-54465,0,7
2026-10-06T06:11:25.869496059Z,8.485706,115.136195,Cloud to Ground,-81594,0,13
2026-10-06T06:11:25.870474371Z,8.487135,115.138718,Cloud to Cloud,-25241,7556,15
2026-10-06T06:11:25.872196587Z,8.51282,115.141586,Cloud to Cloud,-17028,4639,12
2026-10-06T06:11:25.902549757Z,8.485734,115.137082,Cloud to Cloud,-13301,7034,9
2026-10-06T06:11:25.728886175Z,6.532537,112.826379,Cloud to Ground,-16123,0,6
2026-10-06T06:11:25.190504549Z,6.550536,112.845603,Cloud to Ground,34995,0,7
2026-10-06T06:11:26.065103272Z,18.82619,115.144828,Cloud to Cloud,12535,3012,6
2026-10-06T06:11:27.019551916Z,5.326514,119.204279,Cloud to Ground,44518,0,13
2026-10-06T06:11:28.069198000Z,4.9106,123.4604,Cloud to Ground,33447,0,5
2026-10-06T06:11:29.645631647Z,6.259473,113.477199,Cloud to Ground,-30363,0,20
2026-10-06T06:11:29.643810927Z,6.18351,113.489619,Cloud to Ground,58895,0,29
2026-10-06T06:11:29.169610084Z,11.941648,125.487641,Cloud to Cloud,9599,13374,5
2026-10-06T06:11:29.172864648Z,14.108233,120.662461,Cloud to Ground,-21731,0,11
2026-10-06T06:11:30.892147918Z,20.03312,120.443958,Cloud to Cloud,10579,18563,7
2026-10-06T06:11:31.865834484Z,5.963885,114.683709,Cloud to Ground,-63583,0,14
2026-10-06T06:11:31.190464445Z,2.831269,112.492087,Cloud to Ground,-25571,0,7
2026-10-06T06:11:31.170415268Z,21.265471,123.093983,Cloud to Ground,16272,0,14
2026-10-06T06:11:31.165423386Z,21.237692,123.207425,Cloud to Cloud,-18208,19742,8
2026-10-06T06:11:31.328786136Z,21.227095,123.209721,Cloud to Cloud,4484,7325,7
2026-10-06T06:11:31.304006343Z,21.227441,123.204356,Cloud to Cloud,7201,14574,9
2026-10-06T06:11:31.232295846Z,21.228094,123.201197,Cloud to Cloud,9238,11963,7
2026-10-06T06:11:31.153065311Z,21.217995,123.226373,Cloud to Ground,10239,0,10
2026-10-06T06:11:31.145294986Z,21.180484,123.249924,Cloud to Ground,12420,0,7
2026-10-06T06:11:31.147580302Z,21.218316,123.217698,Cloud to Ground,13088,0,8
2026-10-06T06:11:31.148585413Z,21.225296,123.210803,Cloud to Ground,13678,0,10
2026-10-06T06:11:31.396138020Z,21.317759,123.259975,Cloud to Cloud,3755,11423,6
2026-10-06T06:11:31.753936571Z,18.040944,116.321739,Cloud to Cloud,-18844,5624,7
2026-10-06T06:11:31.755367360Z,18.104498,116.279658,Cloud to Cloud,-16241,3103,16
2026-10-06T06:11:31.754746846Z,18.031633,116.317185,Cloud to Cloud,17985,14581,12
2026-10-06T06:11:31.727260253Z,14.078014,120.685531,Cloud to Cloud,-8503,16216,8
2026-10-06T06:11:33.224572359Z,11.94391,125.478274,Cloud to Cloud,9494,15736,5
2026-10-06T06:11:34.162196597Z,8.818031,126.381516,Cloud to Ground,-28611,0,8
2026-10-06T06:11:34.402001764Z,9.24254,118.370788,Cloud to Cloud,-36914,3793,8
2026-10-06T06:11:34.931189418Z,14.084065,110.327942,Cloud to Cloud,-17653,3000,8
2026-10-06T06:11:34.791148868Z,14.080099,110.335061,Cloud to Ground,17919,0,9
2026-10-06T06:11:34.447351639Z,11.92395,125.369146,Cloud to Ground,-43503,0,9
2026-10-06T06:11:34.680716407Z,11.933162,125.476481,Cloud to Cloud,11766,17280,5
2026-10-06T06:11:35.824613243Z,16.597801,114.806544,Cloud to Cloud,-54678,3030,12
2026-10-06T06:11:35.890735530Z,16.601383,114.809869,Cloud to Cloud,-18957,11711,12
2026-10-06T06:11:35.841622992Z,16.598442,114.809049,Cloud to Ground,19625,0,9
2026-10-06T06:11:35.908863250Z,16.591857,114.800459,Cloud to Ground,19900,0,8
2026-10-06T06:11:35.863028077Z,16.594601,114.80611,Cloud to Ground,36472,0,14
2026-10-06T06:11:35.643625706Z,18.891177,113.77149,Cloud to Ground,-77011,0,14
2026-10-06T06:11:35.627923480Z,18.904189,113.767904,Cloud to Ground,-63303,0,12
2026-10-06T06:11:35.629696173Z,18.904152,113.766397,Cloud to Ground,-62814,0,18
2026-10-06T06:11:36.095165056Z,18.974931,113.778883,Cloud to Cloud,-27296,7939,7
2026-10-06T06:11:35.634207035Z,18.898043,113.768703,Cloud to Ground,-21380,0,16
2026-10-06T06:11:35.628660894Z,18.910439,113.736169,Cloud to Cloud,-11978,3019,8
2026-10-06T06:11:36.089946301Z,18.988439,113.735666,Cloud to Ground,30668,0,10
2026-10-06T06:11:35.627081599Z,18.902281,113.684934,Cloud to Ground,35322,0,12
2026-10-06T06:11:36.088874758Z,19.031046,113.803929,Cloud to Ground,54758,0,14
2026-10-06T06:11:35.741480125Z,16.519365,116.497803,Cloud to Ground,-13677,0,7
2026-10-06T06:11:36.976245520Z,16.312262,120.039317,Cloud to Ground,-29183,0,7
2026-10-06T06:11:36.145548065Z,15.579895,119.946813,Cloud to Ground,-46509,0,12
2026-10-06T06:11:36.303515561Z,15.579071,119.946274,Cloud to Ground,-33880,0,14
2026-10-06T06:11:36.472652389Z,15.57592,119.927419,Cloud to Ground,-19089,0,12
2026-10-06T06:11:36.386893746Z,15.482748,119.936906,Cloud to Cloud,-15942,3009,8
2026-10-06T06:11:36.147287185Z,15.551379,119.936729,Cloud to Ground,-9362,0,6
2026-10-06T06:11:38.096226223Z,19.255614,112.372839,Cloud to Ground,-19692,0,6
2026-10-06T06:11:37.889491282Z,19.321501,112.390009,Cloud to Cloud,-19034,3033,10
2026-10-06T06:11:37.869735248Z,19.317084,112.455203,Cloud to Cloud,-18398,3002,7
2026-10-06T06:11:37.895454559Z,19.355368,112.373044,Cloud to Cloud,-15890,3024,5
2026-10-06T06:11:37.866845530Z,19.317673,112.31772,Cloud to Ground,22197,0,9
2026-10-06T06:11:37.882608117Z,19.317466,112.402607,Cloud to Cloud,40148,15463,18
2026-10-06T06:11:38.442953687Z,18.403541,113.881829,Cloud to Cloud,-15777,3097,8
2026-10-06T06:11:37.955931166Z,18.426525,113.891647,Cloud to Ground,9496,0,8
2026-10-06T06:11:37.008405705Z,16.28441,119.915279,Cloud to Ground,-12276,0,9
2026-10-06T06:11:37.076125474Z,11.934776,125.38324,Cloud to Ground,-23489,0,27
2026-10-06T06:11:37.008355000Z,11.9623,125.5142,Cloud to Ground,-15557,0,6
2026-10-06T06:11:38.588470495Z,18.404272,113.757734,Cloud to Ground,-13400,0,8
2026-10-06T06:11:45.504884617Z,14.041143,121.266092,Cloud to Cloud,3536,14327,7
2026-10-06T06:11:45.499249641Z,14.042695,121.274072,Cloud to Cloud,5876,12917,7
2026-10-06T06:11:45.500794627Z,13.984069,121.315462,Cloud to Cloud,27102,3867,7
2026-10-06T06:11:47.340821609Z,5.440763,112.654434,Cloud to Ground,-41457,0,14
2026-10-06T06:11:47.338054904Z,5.301358,112.592944,Cloud to Ground,-33884,0,7
2026-10-06T06:11:47.296581525Z,5.410863,112.655737,Cloud to Ground,-24856,0,14
2026-10-06T06:11:47.034911759Z,5.435498,112.660197,Cloud to Ground,-23155,0,14
2026-10-06T06:11:47.294398700Z,5.429725,112.638677,Cloud to Ground,-11743,0,13
2026-10-06T06:11:47.170922196Z,5.425859,112.690329,Cloud to Ground,-10057,0,8
2026-10-06T06:11:47.011352044Z,5.405621,112.650739,Cloud to Ground,13748,0,10
2026-10-06T06:11:47.339034810Z,5.336679,112.671307,Cloud to Ground,28247,0,10
2026-10-06T06:11:47.661677586Z,5.314963,112.672535,Cloud to Ground,29682,0,14
2026-10-06T06:11:47.296095694Z,5.316848,112.671773,Cloud to Ground,159700,0,17
2026-10-06T06:11:48.033259692Z,3.751185,121.079118,Cloud to Cloud,-7892,14359,12
2026-10-06T06:11:48.567563422Z,6.525201,112.807957,Cloud to Ground,-21953,0,9
2026-10-06T06:11:48.828652574Z,6.535812,112.81165,Cloud to Ground,7936,0,10
2026-10-06T06:11:49.784553366Z,11.933064,125.463472,Cloud to Cloud,6246,18307,5
2026-10-06T06:11:50.390271820Z,18.422898,113.894363,Cloud to Ground,-25627,0,8
2026-10-06T06:11:50.608918463Z,18.449713,113.906871,Cloud to Cloud,6631,7207,7
2026-10-06T06:11:50.771603589Z,18.453807,113.826981,Cloud to Ground,14285,0,16
2026-10-06T06:11:50.434711438Z,18.425896,113.87863,Cloud to Ground,18543,0,11
2026-10-06T06:11:50.603637239Z,18.456095,113.825914,Cloud to Ground,27769,0,15
2026-10-06T06:11:50.434089303Z,18.467164,113.821396,Cloud to Ground,29821,0,20
2026-10-06T06:11:50.533238905Z,18.461441,113.829879,Cloud to Ground,64995,0,15
2026-10-06T06:11:50.709539113Z,18.460387,113.821926,Cloud to Ground,67558,0,21
2026-10-06T06:11:50.283609939Z,18.448948,113.825103,Cloud to Ground,79220,0,9
2026-10-06T06:11:51.361534448Z,5.993035,114.676033,Cloud to Cloud,-22304,3239,8
2026-10-06T06:11:51.732835390Z,16.325663,119.885927,Cloud to Ground,-34237,0,11
2026-10-06T06:11:51.805474757Z,16.331005,119.86354,Cloud to Ground,-17451,0,7
2026-10-06T06:11:52.107829664Z,16.31956,119.860931,Cloud to Cloud,-6305,8366,9
2026-10-06T06:11:52.141139450Z,16.331678,119.890546,Cloud to Cloud,-5565,17403,9
2026-10-06T06:11:52.241481869Z,18.53904,114.296878,Cloud to Cloud,-18882,7390,9
2026-10-06T06:11:53.555413151Z,16.568042,114.792937,Cloud to Cloud,-9648,3670,6
2026-10-06T06:11:54.615933083Z,19.097874,114.921452,Cloud to Cloud,-28846,4077,11
2026-10-06T06:11:54.214152362Z,19.078673,114.876754,Cloud to Cloud,-12865,3141,9
2026-10-06T06:11:54.368244825Z,19.060139,114.891366,Cloud to Cloud,-10002,3002,7
2026-10-06T06:11:54.193365045Z,19.078788,114.830261,Cloud to Cloud,17090,3112,8
2026-10-06T06:11:54.181264511Z,19.155577,114.859284,Cloud to Ground,27168,0,8
2026-10-06T06:11:54.159792698Z,11.932328,125.476564,Cloud to Ground,-19218,0,7
2026-10-06T06:11:54.352553118Z,11.937207,125.4944,Cloud to Cloud,-4278,14179,5
2026-10-06T06:11:55.976611785Z,6.743274,115.264115,Cloud to Cloud,-22470,4634,12
2026-10-06T06:11:55.997107951Z,6.704291,115.253361,Cloud to Ground,16358,0,12
2026-10-06T06:11:55.301511668Z,5.922199,113.444805,Cloud to Cloud,-29696,8191,18
2026-10-06T06:11:55.300937033Z,5.881277,113.439619,Cloud to Ground,29038,0,10
2026-10-06T06:11:55.243562147Z,18.957418,114.926552,Cloud to Ground,-9931,0,8
2026-10-06T06:11:55.040417498Z,18.959548,114.869986,Cloud to Cloud,-5628,3011,7
2026-10-06T06:11:56.478899337Z,12.005967,125.219134,Cloud to Ground,-21038,0,8
2026-10-06T06:11:56.510339876Z,12.008761,125.209632,Cloud to Ground,-14169,0,6
2026-10-06T06:11:57.714486074Z,9.233181,114.398229,Cloud to Cloud,-18292,7105,13
2026-10-06T06:11:57.713593733Z,9.180563,114.34329,Cloud to Ground,12162,0,9
2026-10-06T06:11:57.755959510Z,9.237205,114.408083,Cloud to Ground,20677,0,13
2026-10-06T06:11:57.794212964Z,9.227198,114.396911,Cloud to Ground,30012,0,12
2026-10-06T06:11:57.723807352Z,9.219511,114.422494,Cloud to Ground,179304,0,18
2026-10-06T06:11:57.772666735Z,18.809179,115.056679,Cloud to Cloud,-12033,3041,8
2026-10-06T06:11:57.471214106Z,11.939987,125.466653,Cloud to Cloud,10771,18170,6
2026-10-06T06:12:00.453739366Z,8.367496,111.495885,Cloud to Ground,-20462,0,16
2026-10-06T06:12:00.210084197Z,8.3169,111.444662,Cloud to Ground,-16360,0,10
2026-10-06T06:12:00.683383748Z,14.63736,121.051744,Cloud to Ground,-4684,0,7
2026-10-06T06:12:00.579803142Z,14.624656,121.043808,Cloud to Cloud,-4295,3739,7
2026-10-06T06:12:00.602455581Z,14.634037,121.006821,Cloud to Cloud,-3392,6648,5
2026-10-06T06:12:00.494896972Z,14.660584,121.055563,Cloud to Cloud,-3121,8381,7
2026-10-06T06:12:00.729321185Z,14.585276,121.047732,Cloud to Cloud,10088,17310,7
2026-10-06T06:12:01.761083477Z,12.003992,125.332375,Cloud to Cloud,8421,19967,5
2026-10-06T06:12:03.519660077Z,19.244424,112.360337,Cloud to Ground,-31881,0,12
2026-10-06T06:12:03.876284421Z,19.25231,112.363273,Cloud to Cloud,-11291,4789,10
2026-10-06T06:12:03.855212809Z,19.250275,112.316989,Cloud to Cloud,-6150,19164,7
2026-10-06T06:12:03.388123207Z,10.003307,123.867697,Cloud to Ground,27832,0,10
2026-10-06T06:12:04.038267202Z,11.948932,125.46551,Cloud to Ground,23380,0,9
2026-10-06T06:12:04.762725468Z,14.096696,120.642859,Cloud to Ground,-43812,0,11
2026-10-06T06:12:05.832602521Z,6.96611,111.764427,Cloud to Ground,-24688,0,10
2026-10-06T06:12:05.058750964Z,6.762334,111.576645,Cloud to Ground,26485,0,12
2026-10-06T06:12:05.835963003Z,6.859471,111.619913,Cloud to Ground,-13677,0,12
2026-10-06T06:12:05.299594304Z,6.838762,111.735402,Cloud to Ground,-27682,0,10
2026-10-06T06:12:05.394725941Z,6.85285,111.773205,Cloud to Ground,-27663,0,9
2026-10-06T06:12:05.403845007Z,6.781027,111.785543,Cloud to Cloud,-15076,5710,11
2026-10-06T06:12:05.173838088Z,6.752448,111.696035,Cloud to Ground,-24342,0,12
2026-10-06T06:12:05.242614847Z,11.978003,125.489498,Cloud to Cloud,-17451,19682,17
2026-10-06T06:12:05.590315818Z,11.905236,125.505851,Cloud to Ground,-14226,0,7
2026-10-06T06:12:05.770869050Z,11.908004,125.359885,Cloud to Ground,-19679,0,16
2026-10-06T06:12:06.253761219Z,6.837021,111.532187,Cloud to Ground,11764,0,7
2026-10-06T06:12:07.654956074Z,10.898408,122.782159,Cloud to Ground,48844,0,14
2026-10-06T06:12:08.045105486Z,8.399184,115.126994,Cloud to Cloud,-29023,6946,9
2026-10-06T06:12:08.338934143Z,8.48612,115.165226,Cloud to Ground,-22155,0,10
2026-10-06T06:12:08.047442716Z,8.422999,115.123583,Cloud to Cloud,-15494,9322,15
2026-10-06T06:12:08.046253175Z,8.46025,115.128522,Cloud to Cloud,-12495,3033,10
2026-10-06T06:12:08.657848850Z,11.98345,125.33578,Cloud to Cloud,-4942,18757,8
2026-10-06T06:12:08.618988831Z,11.936745,125.322193,Cloud to Cloud,13653,19893,8
2026-10-06T06:12:08.223925410Z,12.003147,125.362817,Cloud to Ground,25401,0,9
2026-10-06T06:12:08.853399519Z,11.205654,110.203317,Cloud to Ground,-10586,0,8
2026-10-06T06:12:08.881518187Z,11.171723,110.118239,Cloud to Ground,14768,0,10
2026-10-06T06:12:08.853945223Z,11.214864,110.108526,Cloud to Ground,18631,0,10
2026-10-06T06:12:08.832181706Z,11.171423,110.139034,Cloud to Ground,32900,0,10
2026-10-06T06:12:08.834974737Z,11.191066,110.121465,Cloud to Ground,35368,0,8
2026-10-06T06:12:09.133385628Z,9.459941,126.98184,Cloud to Ground,-55158,0,33
2026-10-06T06:12:09.188718609Z,9.3792,126.894129,Cloud to Ground,-16626,0,12
2026-10-06T06:12:09.695295563Z,14.050986,110.330899,Cloud to Ground,22317,0,6
2026-10-06T06:12:10.084467243Z,5.98211,114.586117,Cloud to Ground,-37935,0,11
2026-10-06T06:12:10.082280674Z,6.051755,114.588421,Cloud to Ground,-33210,0,17
2026-10-06T06:12:10.086021456Z,6.001801,114.578366,Cloud to Cloud,-28291,17679,7
2026-10-06T06:12:10.083049054Z,6.008406,114.580007,Cloud to Cloud,-23343,3683,9
2026-10-06T06:12:11.736031678Z,11.846849,125.300486,Cloud to Cloud,6154,18144,8
2026-10-06T06:12:12.682120767Z,16.580631,114.807377,Cloud to Ground,-25051,0,12
2026-10-06T06:12:12.703571414Z,16.582623,114.828428,Cloud to Ground,-11237,0,9
2026-10-06T06:12:13.478606382Z,21.224476,123.203129,Cloud to Cloud,4368,12198,7
2026-10-06T06:12:13.452622671Z,21.226713,123.20081,Cloud to Cloud,4922,5531,5
2026-10-06T06:12:13.455754343Z,21.226488,123.201592,Cloud to Cloud,5002,3004,6
2026-10-06T06:12:13.456747843Z,21.229339,123.20071,Cloud to Cloud,5794,17757,5
2026-10-06T06:12:13.453657258Z,21.225231,123.202631,Cloud to Ground,12738,0,11
2026-10-06T06:12:13.091591782Z,18.183872,112.45657,Cloud to Cloud,-13373,17475,7
2026-10-06T06:12:13.092800395Z,18.186498,112.478377,Cloud to Cloud,-10500,7183,13
2026-10-06T06:12:13.109605146Z,18.157355,112.49915,Cloud to Ground,-8958,0,7
2026-10-06T06:12:13.093676000Z,18.2005,112.5066,Cloud to Ground,13940,0,5
2026-10-06T06:12:14.185244342Z,17.485749,111.635753,Cloud to Cloud,-31991,3054,10
2026-10-06T06:12:14.170642546Z,17.486177,111.616965,Cloud to Ground,-12884,0,8
2026-10-06T06:12:14.287326215Z,17.466058,111.668544,Cloud to Ground,40707,0,13
2026-10-06T06:12:14.647746997Z,11.941007,125.449396,Cloud to Cloud,16580,18070,5
2026-10-06T06:12:16.777402701Z,11.90967,125.26917,Cloud to Ground,-17126,0,9
2026-10-06T06:12:19.672130144Z,6.523711,112.924661,Cloud to Ground,14758,0,9
2026-10-06T06:12:19.212188272Z,18.451017,113.707526,Cloud to Ground,92730,0,13
2026-10-06T06:12:19.068057045Z,18.45242,113.867302,Cloud to Cloud,-59568,3255,20
2026-10-06T06:12:19.081458481Z,18.423362,113.866764,Cloud to Cloud,-15955,3205,9
2026-10-06T06:12:19.254782636Z,18.460583,113.842982,Cloud to Ground,20548,0,11
2026-10-06T06:12:19.082546245Z,18.42667,113.852933,Cloud to Ground,36756,0,12
2026-10-06T06:12:19.128258000Z,18.4494,113.8178,Cloud to Ground,85875,0,12
2026-10-06T06:12:19.070330000Z,18.4722,113.8281,Cloud to Ground,105295,0,7
2026-10-06T06:12:20.707466512Z,5.960235,116.828352,Cloud to Cloud,-18192,5266,11
2026-10-06T06:12:20.745832033Z,20.089646,119.432731,Cloud to Cloud,-4193,19634,6
2026-10-06T06:12:20.398472016Z,20.082363,119.380454,Cloud to Cloud,4631,3017,6
2026-10-06T06:12:21.624830617Z,11.914953,125.378193,Cloud to Ground,-12791,0,6
2026-10-06T06:12:22.688384845Z,8.256901,128.708516,Cloud to Cloud,-14609,7774,8
2026-10-06T06:12:22.918167425Z,8.256623,128.622654,Cloud to Cloud,6617,18064,10
2026-10-06T06:12:22.654080459Z,3.689187,120.869322,Cloud to Ground,-19594,0,10
2026-10-06T06:12:23.457181553Z,6.017324,115.178742,Cloud to Ground,-25834,0,17
2026-10-06T06:12:23.038778922Z,6.048212,115.202669,Cloud to Ground,-20012,0,9
2026-10-06T06:12:23.072918592Z,6.05231,115.213092,Cloud to Cloud,-19965,8755,7
2026-10-06T06:12:23.455835719Z,6.061474,115.210128,Cloud to Ground,23641,0,9
2026-10-06T06:12:23.144134339Z,6.007162,115.212482,Cloud to Ground,39107,0,15
2026-10-06T06:12:23.074786383Z,6.015526,115.224599,Cloud to Ground,55873,0,16
2026-10-06T06:12:23.034084529Z,6.01213,115.22141,Cloud to Ground,62838,0,25
2026-10-06T06:12:23.113491919Z,6.014018,115.219565,Cloud to Ground,65385,0,18
2026-10-06T06:12:24.134763213Z,7.751325,111.444417,Cloud to Ground,-55829,0,26
2026-10-06T06:12:24.193508693Z,7.775944,111.35031,Cloud to Ground,-18223,0,16
2026-10-06T06:12:24.206967375Z,7.709416,111.432407,Cloud to Ground,25432,0,7
2026-10-06T06:12:24.143741000Z,7.7459,111.4044,Cloud to Ground,103537,0,7
2026-10-06T06:12:25.399598269Z,15.562572,116.439408,Cloud to Cloud,-13259,4591,9
2026-10-06T06:12:25.386486433Z,15.567639,116.435841,Cloud to Cloud,-11757,19129,9
2026-10-06T06:12:25.383363036Z,15.577955,116.469522,Cloud to Cloud,-8391,16767,9
2026-10-06T06:12:25.395328742Z,15.563768,116.420515,Cloud to Ground,30000,0,10
2026-10-06T06:12:25.448251978Z,11.956735,125.49461,Cloud to Ground,30115,0,8
2026-10-06T06:12:26.267822127Z,9.973956,123.913992,Cloud to Ground,-24299,0,8
2026-10-06T06:12:26.197731409Z,9.977365,123.914934,Cloud to Ground,-16020,0,6
2026-10-06T06:12:26.125596740Z,6.03201,114.678508,Cloud to Ground,-45530,0,15
2026-10-06T06:12:29.129175088Z,9.533391,126.536436,Cloud to Ground,-25730,0,10
2026-10-06T06:12:29.150631710Z,9.552679,126.389296,Cloud to Ground,-12561,0,7
2026-10-06T06:12:29.178809341Z,4.218899,122.649449,Cloud to Ground,-72972,0,29
2026-10-06T06:12:29.250596532Z,4.228571,122.651625,Cloud to Ground,-43806,0,29
2026-10-06T06:12:29.206141836Z,4.296179,122.595918,Cloud to Ground,-13014,0,15
2026-10-06T06:12:30.694680098Z,6.198525,116.71133,Cloud to Cloud,-19447,11910,13
2026-10-06T06:12:30.289545782Z,11.934453,125.358706,Cloud to Ground,-14039,0,10
2026-10-06T06:12:30.159608921Z,11.945595,125.498134,Cloud to Ground,-11345,0,9
2026-10-06T06:12:30.126210000Z,11.9707,125.4904,Cloud to Ground,-9950,0,5
2026-10-06T06:12:30.199737840Z,11.933114,125.495441,Cloud to Cloud,-7467,13760,8
2026-10-06T06:12:31.414279929Z,18.490738,113.775289,Cloud to Cloud,-26684,15784,11
2026-10-06T06:12:31.536951968Z,18.516418,113.787277,Cloud to Ground,-15286,0,11
2026-10-06T06:12:31.538625825Z,18.52973,113.800529,Cloud to Cloud,-7332,3096,6
2026-10-06T06:12:33.096738383Z,5.967883,114.634844,Cloud to Ground,-9861,0,7
2026-10-06T06:12:35.943336567Z,19.329525,119.785744,Cloud to Cloud,-15734,3053,11
2026-10-06T06:12:35.949075830Z,19.337666,119.750656,Cloud to Cloud,3624,11863,7
2026-10-06T06:12:35.776373896Z,19.315062,112.417264,Cloud to Cloud,-31381,17699,15
2026-10-06T06:12:35.768153822Z,19.314935,112.374537,Cloud to Cloud,-26663,3010,14
2026-10-06T06:12:35.876746172Z,19.255393,112.301757,Cloud to Cloud,6202,13323,7
2026-10-06T06:12:36.433429812Z,9.078393,110.633654,Cloud to Ground,-20279,0,6
2026-10-06T06:12:36.483065379Z,9.113849,110.63936,Cloud to Cloud,-17212,18986,10
2026-10-06T06:12:36.415733944Z,9.067641,110.641295,Cloud to Cloud,17086,3193,7
2026-10-06T06:12:36.418582885Z,9.069431,110.632139,Cloud to Ground,37933,0,17
2026-10-06T06:12:36.413787052Z,9.077984,110.595023,Cloud to Ground,46899,0,5
2026-10-06T06:12:36.568176201Z,3.85298,121.062626,Cloud to Cloud,-7294,19057,8
2026-10-06T06:12:36.579142495Z,16.594712,114.715106,Cloud to Cloud,9279,4056,10
2026-10-06T06:12:37.099177844Z,11.947188,125.48018,Cloud to Ground,24095,0,9
2026-10-06T06:12:37.994853556Z,11.921901,125.472607,Cloud to Cloud,-10867,7625,5
2026-10-06T06:12:37.832728000Z,11.9354,125.4792,Cloud to Ground,18739,0,6
2026-10-06T06:12:38.623292433Z,18.869338,114.821158,Cloud to Cloud,6542,3003,9
2026-10-06T06:12:38.618779737Z,18.840934,114.759313,Cloud to Cloud,7738,3071,8
2026-10-06T06:12:38.620907413Z,18.867593,114.824745,Cloud to Cloud,8831,3108,9
2026-10-06T06:12:38.622097581Z,18.871498,114.82123,Cloud to Ground,47671,0,12
2026-10-06T06:12:39.731767449Z,4.624758,114.522845,Cloud to Ground,-28117,0,16
2026-10-06T06:12:40.422357731Z,14.082166,120.678581,Cloud to Ground,-11670,0,10
2026-10-06T06:12:41.928376907Z,7.14664,114.223539,Cloud to Cloud,-23796,3027,10
2026-10-06T06:12:41.931231198Z,7.149093,114.226946,Cloud to Ground,-22785,0,10
2026-10-06T06:12:41.934917318Z,7.100273,114.196591,Cloud to Cloud,-7892,11883,6
2026-10-06T06:12:41.930379903Z,7.110135,114.180847,Cloud to Cloud,9153,5366,8
2026-10-06T06:12:42.010851063Z,6.486094,112.852133,Cloud to Ground,-16225,0,13
2026-10-06T06:12:42.906798993Z,16.314106,119.873878,Cloud to Ground,-6004,0,9
2026-10-06T06:12:42.550310057Z,16.307297,119.870583,Cloud to Cloud,10575,13578,11
2026-10-06T06:12:43.963757577Z,5.345658,112.705927,Cloud to Ground,-32961,0,7
2026-10-06T06:12:43.994445184Z,5.429505,112.722795,Cloud to Ground,-28492,0,6
2026-10-06T06:12:43.581991595Z,5.439159,112.69971,Cloud to Ground,-20175,0,14
2026-10-06T06:12:43.615999268Z,5.422333,112.704307,Cloud to Ground,25129,0,7
2026-10-06T06:12:43.307265547Z,3.759262,121.091606,Cloud to Ground,-19571,0,17
2026-10-06T06:12:43.112766198Z,3.768482,121.099899,Cloud to Ground,33599,0,17
2026-10-06T06:12:43.176508089Z,3.76572,121.094287,Cloud to Ground,69185,0,20
2026-10-06T06:12:44.389856751Z,6.001798,114.681454,Cloud to Ground,19121,0,12
2026-10-06T06:12:44.504084554Z,5.964032,114.689915,Cloud to Ground,34461,0,14
2026-10-06T06:12:44.958882750Z,4.879291,123.399282,Cloud to Ground,-49871,0,31
2026-10-06T06:12:44.321076711Z,21.812111,124.46673,Cloud to Ground,-84769,0,19
2026-10-06T06:12:44.329565719Z,21.817643,124.444045,Cloud to Cloud,3857,11452,7
2026-10-06T06:12:44.332249999Z,21.830277,124.438984,Cloud to Cloud,5178,10853,6
2026-10-06T06:12:44.383216121Z,21.822598,124.443336,Cloud to Cloud,5490,14713,6
2026-10-06T06:12:44.336349315Z,21.807408,124.44672,Cloud to Cloud,6280,10986,6
2026-10-06T06:12:44.319131714Z,21.810992,124.443751,Cloud to Cloud,8154,10631,9
2026-10-06T06:12:44.380322363Z,21.838266,124.456345,Cloud to Ground,9078,0,10
2026-10-06T06:12:44.654941337Z,18.868735,115.188402,Cloud to Cloud,7736,7971,7
2026-10-06T06:12:44.088367085Z,18.799527,115.045048,Cloud to Cloud,-17469,7754,10
2026-10-06T06:12:44.074571303Z,18.866449,115.06688,Cloud to Cloud,-12497,17908,14
2026-10-06T06:12:44.400346832Z,18.805064,115.074084,Cloud to Cloud,5681,3011,6
2026-10-06T06:12:44.758631074Z,18.777903,115.144014,Cloud to Cloud,7624,4680,6
2026-10-06T06:12:45.463003502Z,18.413621,112.814175,Cloud to Ground,-28866,0,10
2026-10-06T06:12:45.461178001Z,18.423943,112.812717,Cloud to Cloud,-20636,7245,7
2026-10-06T06:12:45.488604078Z,18.422037,112.808662,Cloud to Ground,-10779,0,8
2026-10-06T06:12:45.482566376Z,18.411946,112.813196,Cloud to Ground,-9460,0,6
2026-10-06T06:12:45.314187525Z,16.424836,120.489553,Cloud to Cloud,-16065,12667,12
2026-10-06T06:12:45.609614198Z,16.433944,120.449616,Cloud to Cloud,7699,6696,11
2026-10-06T06:12:45.312875620Z,16.419419,120.503767,Cloud to Ground,13077,0,16
2026-10-06T06:12:47.491242671Z,11.942055,125.469066,Cloud to Ground,24857,0,7
2026-10-06T06:12:47.449219000Z,11.8911,125.3324,Cloud to Ground,-25081,0,7
2026-10-06T06:12:47.763470512Z,11.91583,125.305057,Cloud to Ground,-11476,0,12
2026-10-06T06:12:49.784348079Z,14.057795,110.327674,Cloud to Ground,12615,0,6
2026-10-06T06:12:50.065141113Z,14.118501,110.423594,Cloud to Cloud,-11136,18872,7
2026-10-06T06:12:50.523257178Z,11.808074,125.516656,Cloud to Ground,12886,0,7
2026-10-06T06:12:50.547302590Z,11.877576,125.440265,Cloud to Cloud,5103,15708,7
2026-10-06T06:12:50.381513511Z,11.875825,125.442981,Cloud to Cloud,9460,9260,8
2026-10-06T06:12:50.743238236Z,11.882496,125.422632,Cloud to Cloud,14703,13583,8
2026-10-06T06:12:50.895428527Z,6.785261,111.805129,Cloud to Cloud,-76308,3092,12
2026-10-06T06:12:51.332213922Z,6.794957,111.797247,Cloud to Ground,-43451,0,17
2026-10-06T06:12:51.572969363Z,6.78302,111.802532,Cloud to Ground,21118,0,10
2026-10-06T06:12:51.211777940Z,6.837157,111.831338,Cloud to Ground,28136,0,12
2026-10-06T06:12:51.078993484Z,6.830449,111.858065,Cloud to Ground,30278,0,7
2026-10-06T06:12:51.210998783Z,6.814519,111.873277,Cloud to Ground,37491,0,13
2026-10-06T06:12:51.040143633Z,6.771015,111.793152,Cloud to Ground,49862,0,18
2026-10-06T06:12:51.451340570Z,6.808735,111.804131,Cloud to Ground,61672,0,13
2026-10-06T06:12:51.164184910Z,9.516225,126.562573,Cloud to Ground,-20500,0,7
2026-10-06T06:12:51.122734814Z,19.261297,115.063544,Cloud to Ground,16606,0,13
2026-10-06T06:12:51.115461529Z,19.282901,115.075098,Cloud to Ground,30872,0,10
2026-10-06T06:12:51.246129172Z,19.287524,115.071882,Cloud to Ground,43828,0,11
2026-10-06T06:12:52.920356591Z,18.555877,112.967658,Cloud to Ground,-37075,0,12
2026-10-06T06:12:52.511532177Z,18.581718,112.943642,Cloud to Cloud,-30653,3018,10
2026-10-06T06:12:52.512619171Z,18.565405,112.90547,Cloud to Cloud,-8978,7652,7
2026-10-06T06:12:52.511006867Z,18.568631,112.975567,Cloud to Ground,35572,0,8
2026-10-06T06:12:52.786192737Z,16.649592,113.752089,Cloud to Ground,-42030,0,9
2026-10-06T06:12:52.788834380Z,16.655027,113.745039,Cloud to Ground,-14286,0,10
2026-10-06T06:12:52.787245285Z,16.643816,113.75451,Cloud to Ground,52351,0,11
2026-10-06T06:12:52.785764390Z,16.646696,113.739882,Cloud to Ground,67430,0,8
2026-10-06T06:12:52.819006234Z,14.633847,121.052631,Cloud to Ground,-14038,0,8
2026-10-06T06:12:52.417829665Z,18.437122,113.861206,Cloud to Ground,-56404,0,13
2026-10-06T06:12:52.330595755Z,18.460738,113.873493,Cloud to Ground,-36054,0,16
2026-10-06T06:12:52.362063931Z,18.463198,113.874906,Cloud to Ground,-15334,0,12
2026-10-06T06:12:52.878701718Z,18.467454,113.873498,Cloud to Ground,-13313,0,10
2026-10-06T06:12:53.097517687Z,18.450759,113.86095,Cloud to Ground,13085,0,9
2026-10-06T06:12:52.437591633Z,18.451595,113.878505,Cloud to Ground,35429,0,11
2026-10-06T06:12:52.871932615Z,16.579157,114.788709,Cloud to Ground,-14003,0,6
2026-10-06T06:12:52.900013656Z,16.584255,114.805269,Cloud to Cloud,-10374,3225,8
2026-10-06T06:12:52.860749984Z,16.578748,114.805754,Cloud to Ground,37136,0,9
2026-10-06T06:12:53.046531712Z,11.950281,125.458729,Cloud to Ground,14981,0,8
2026-10-06T06:12:54.467423214Z,20.56873,123.466354,Cloud to Ground,-36575,0,9
2026-10-06T06:12:54.468500847Z,20.56146,123.457568,Cloud to Ground,-11240,0,7
2026-10-06T06:12:55.907763388Z,19.066895,114.838883,Cloud to Cloud,-12335,3022,10
2026-10-06T06:12:55.927391931Z,19.05635,114.83757,Cloud to Cloud,-9146,3022,8
2026-10-06T06:12:55.920816005Z,19.067509,114.836379,Cloud to Ground,23775,0,11
2026-10-06T06:12:55.939012300Z,19.05252,114.763029,Cloud to Cloud,4823,7630,7
2026-10-06T06:12:56.479431403Z,14.100061,120.686053,Cloud to Cloud,-5091,5656,9
2026-10-06T06:12:58.083637640Z,6.455708,115.159797,Cloud to Ground,-41100,0,13
2026-10-06T06:12:58.084350309Z,6.453093,115.15896,Cloud to Cloud,-30199,9003,9
2026-10-06T06:12:58.082706362Z,6.481764,115.138543,Cloud to Cloud,-20544,17271,8
2026-10-06T06:12:58.119314440Z,6.498902,115.145492,Cloud to Ground,-20452,0,12
2026-10-06T06:12:58.086137697Z,6.504923,115.136251,Cloud to Ground,-20179,0,10
2026-10-06T06:12:58.902298449Z,6.774961,115.289893,Cloud to Cloud,-10792,16712,10
2026-10-06T06:12:58.911089593Z,6.731749,115.255651,Cloud to Cloud,-6175,3677,6
2026-10-06T06:12:58.211393576Z,11.947703,125.452919,Cloud to Cloud,12292,3006,5
2026-10-06T06:12:59.999340682Z,5.387228,112.613715,Cloud to Ground,23734,0,9
2026-10-06T06:13:00.733208431Z,22.79522,120.701777,Cloud to Cloud,-4963,3209,8
2026-10-06T06:13:00.844513352Z,22.829999,120.701024,Cloud to Cloud,2564,12589,5
2026-10-06T06:13:00.847711376Z,22.815427,120.698825,Cloud to Cloud,2734,11565,5
2026-10-06T06:13:00.631723579Z,22.850931,120.699718,Cloud to Cloud,2888,9656,6
2026-10-06T06:13:00.630411155Z,22.808823,120.710871,Cloud to Cloud,7351,8598,7
2026-10-06T06:13:01.847903976Z,9.342785,118.371708,Cloud to Cloud,-25607,15112,14
2026-10-06T06:13:01.292200241Z,8.606186,130.38818,Cloud to Cloud,-21499,3007,13
2026-10-06T06:13:02.498064446Z,11.837234,125.539216,Cloud to Cloud,-16258,12224,8
2026-10-06T06:13:02.407327895Z,11.940468,125.504998,Cloud to Ground,-45188,0,14
2026-10-06T06:13:02.694661000Z,11.9201,125.4542,Cloud to Ground,-31796,0,8
2026-10-06T06:13:02.495705683Z,11.920522,125.404777,Cloud to Ground,-29143,0,10
2026-10-06T06:13:01.774568541Z,11.95009,125.486869,Cloud to Ground,22278,0,9
2026-10-06T06:13:02.433359392Z,18.534018,113.954081,Cloud to Ground,-8447,0,7
2026-10-06T06:13:02.544514080Z,18.441495,113.867179,Cloud to Cloud,14409,3066,8
2026-10-06T06:13:02.149243724Z,18.490464,113.901745,Cloud to Ground,24355,0,10
2026-10-06T06:13:02.826987407Z,18.462399,113.81775,Cloud to Ground,26011,0,15
2026-10-06T06:13:02.016857913Z,17.66964,111.171327,Cloud to Ground,-18772,0,9
2026-10-06T06:13:03.493836882Z,14.084368,120.710606,Cloud to Ground,-28234,0,11
2026-10-06T06:13:03.762542900Z,14.082847,120.70684,Cloud to Ground,-12469,0,11
2026-10-06T06:13:04.023221000Z,14.7059,120.9572,Cloud to Ground,-5408,0,7
2026-10-06T06:13:05.873702431Z,9.539006,126.441462,Cloud to Cloud,-10083,18369,10
2026-10-06T06:13:05.125214831Z,16.441448,119.971412,Cloud to Cloud,-11365,7753,7
2026-10-06T06:13:05.203089451Z,16.334067,119.880472,Cloud to Ground,-44588,0,14
2026-10-06T06:13:05.066834650Z,16.33584,119.903798,Cloud to Ground,-26038,0,14
2026-10-06T06:13:05.353072287Z,16.327874,119.86475,Cloud to Ground,-11741,0,9
2026-10-06T06:13:05.038124699Z,16.330844,119.889925,Cloud to Cloud,-10792,3655,8
2026-10-06T06:13:05.375751960Z,16.335309,119.927301,Cloud to Cloud,7462,15736,9
2026-10-06T06:13:07.220018939Z,11.918128,125.271176,Cloud to Cloud,7525,19188,8
2026-10-06T06:13:09.787965041Z,8.501255,126.015987,Cloud to Ground,-72867,0,15
2026-10-06T06:13:09.600221910Z,6.026737,114.66309,Cloud to Ground,-51296,0,27
2026-10-06T06:13:09.082637776Z,6.094795,121.401952,Cloud to Ground,-37532,0,20
2026-10-06T06:13:09.676814469Z,20.032292,120.424579,Cloud to Cloud,10169,6693,9
2026-10-06T06:13:11.031274793Z,6.782139,111.70763,Cloud to Ground,-80924,0,9
2026-10-06T06:13:11.063836707Z,6.762069,111.702102,Cloud to Ground,-43202,0,12
2026-10-06T06:13:10.644872961Z,6.776858,111.708394,Cloud to Ground,-24637,0,9
2026-10-06T06:13:11.087469798Z,6.740869,111.698937,Cloud to Ground,-22901,0,12
2026-10-06T06:13:10.722848717Z,6.804083,111.729422,Cloud to Cloud,-8980,3169,7
2026-10-06T06:13:12.993022812Z,11.937773,125.45152,Cloud to Cloud,6976,3926,5
2026-10-06T06:13:13.322877936Z,2.653296,110.644254,Cloud to Ground,-30192,0,11
2026-10-06T06:13:13.855421667Z,11.946937,125.400473,Cloud to Ground,-15171,0,6
2026-10-06T06:13:13.852879549Z,11.955163,125.457811,Cloud to Cloud,-8929,18655,8
2026-10-06T06:13:13.522225360Z,15.597763,119.846652,Cloud to Ground,-22967,0,9
2026-10-06T06:13:13.438886659Z,15.63853,119.891253,Cloud to Cloud,-10135,3998,7
2026-10-06T06:13:13.435376776Z,15.610719,119.858605,Cloud to Ground,-8849,0,9
2026-10-06T06:13:14.800992130Z,6.116909,115.200631,Cloud to Ground,-38099,0,20
2026-10-06T06:13:14.134531150Z,6.093749,115.200531,Cloud to Ground,-29174,0,8
2026-10-06T06:13:15.036796625Z,6.024461,115.214469,Cloud to Ground,18873,0,6
2026-10-06T06:13:14.906502398Z,6.062545,115.207543,Cloud to Cloud,20390,5691,11
2026-10-06T06:13:14.172567251Z,6.099454,115.191343,Cloud to Ground,22884,0,10
2026-10-06T06:13:14.306714679Z,6.060628,115.211533,Cloud to Cloud,23021,15045,12
2026-10-06T06:13:14.871558683Z,6.021669,115.21331,Cloud to Ground,36264,0,16
2026-10-06T06:13:14.231787412Z,6.019678,115.217846,Cloud to Ground,56272,0,20
2026-10-06T06:13:14.283636841Z,6.025223,115.224421,Cloud to Ground,81085,0,18
2026-10-06T06:13:14.793322098Z,6.024625,115.216929,Cloud to Ground,114719,0,14
2026-10-06T06:13:14.151457254Z,6.029333,115.208359,Cloud to Ground,151633,0,14
2026-10-06T06:13:14.403208096Z,6.494212,112.936434,Cloud to Cloud,-63309,14853,24
2026-10-06T06:13:14.824332255Z,6.496688,112.912041,Cloud to Ground,-20272,0,8
2026-10-06T06:13:15.065624928Z,6.52391,112.971267,Cloud to Ground,15869,0,9
2026-10-06T06:13:14.546938351Z,6.520771,112.911846,Cloud to Ground,32781,0,14
2026-10-06T06:13:14.919185154Z,6.528825,112.974416,Cloud to Ground,34983,0,11
2026-10-06T06:13:15.496426832Z,6.531438,112.974231,Cloud to Ground,35550,0,11
2026-10-06T06:13:14.490888490Z,6.498971,112.967244,Cloud to Ground,46838,0,15
2026-10-06T06:13:14.415420151Z,6.525726,112.910056,Cloud to Ground,164404,0,25
2026-10-06T06:13:14.112292062Z,11.908643,125.291249,Cloud to Ground,-10562,0,10
2026-10-06T06:13:15.396790028Z,11.959496,125.452551,Cloud to Ground,30697,0,10
2026-10-06T06:13:18.294727198Z,7.990649,110.192462,Cloud to Cloud,-10782,6142,7
2026-10-06T06:13:18.290349699Z,7.990896,110.199377,Cloud to Ground,29524,0,12
2026-10-06T06:13:18.773150825Z,16.572491,114.817281,Cloud to Ground,-23568,0,11
2026-10-06T06:13:18.895149382Z,16.579961,114.81675,Cloud to Ground,-23141,0,9
2026-10-06T06:13:18.846887009Z,16.580569,114.815665,Cloud to Cloud,-22926,4060,12
2026-10-06T06:13:18.807036908Z,16.573595,114.814713,Cloud to Ground,30543,0,14
2026-10-06T06:13:19.451586235Z,11.135198,110.112204,Cloud to Cloud,-14341,12505,10
2026-10-06T06:13:19.163252325Z,11.167938,110.128827,Cloud to Cloud,13850,14365,9
2026-10-06T06:13:19.177031076Z,11.192221,110.105923,Cloud to Ground,25361,0,7
2026-10-06T06:13:19.400176977Z,14.673466,120.969258,Cloud to Ground,40599,0,12
2026-10-06T06:13:20.476281951Z,17.530286,111.648864,Cloud to Ground,-30889,0,10
2026-10-06T06:13:20.420643236Z,17.493357,111.64703,Cloud to Ground,-18941,0,9
2026-10-06T06:13:20.386381434Z,17.482952,111.609528,Cloud to Ground,32431,0,7
2026-10-06T06:13:20.768028279Z,19.539568,117.739581,Cloud to Cloud,-6140,4709,7
2026-10-06T06:13:20.690997345Z,19.641135,117.804679,Cloud to Cloud,-24064,3014,15
2026-10-06T06:13:20.692331602Z,19.627997,117.819141,Cloud to Cloud,-14682,3010,7
2026-10-06T06:13:20.706729693Z,19.62565,117.790327,Cloud to Cloud,6027,9736,6
2026-10-06T06:13:20.691556960Z,19.699432,117.822637,Cloud to Cloud,37493,4522,11
2026-10-06T06:13:20.294002681Z,11.959023,125.489628,Cloud to Ground,23348,0,9
2026-10-06T06:13:21.392949894Z,18.470868,113.832653,Cloud to Cloud,-59213,6568,18
2026-10-06T06:13:21.168233028Z,18.476428,113.82486,Cloud to Ground,-37951,0,12
2026-10-06T06:13:21.305813722Z,18.464565,113.826381,Cloud to Ground,20291,0,8
2026-10-06T06:13:21.128000044Z,18.454824,113.830284,Cloud to Ground,38824,0,20
2026-10-06T06:13:21.106546000Z,18.5271,113.8633,Cloud to Ground,63522,0,6
2026-10-06T06:13:21.375339830Z,14.832922,120.843381,Cloud to Cloud,11692,3000,6
2026-10-06T06:13:22.699324812Z,4.355544,122.773303,Cloud to Ground,27362,0,14
2026-10-06T06:13:23.037698348Z,5.651577,112.973419,Cloud to Ground,-50946,0,22
2026-10-06T06:13:23.160683373Z,5.662224,112.960381,Cloud to Ground,18561,0,15
2026-10-06T06:13:23.128106628Z,5.701425,112.966045,Cloud to Ground,22804,0,10
2026-10-06T06:13:23.194468345Z,5.704171,112.965822,Cloud to Ground,24078,0,13
2026-10-06T06:13:23.047889087Z,5.67581,112.964841,Cloud to Ground,188126,0,17
2026-10-06T06:13:23.634156100Z,4.334403,122.699045,Cloud to Ground,-9697,0,9
2026-10-06T06:13:23.939450179Z,19.000655,113.292814,Cloud to Ground,-8594,0,9
2026-10-06T06:13:23.777476844Z,19.001264,113.296965,Cloud to Cloud,5944,6935,6
2026-10-06T06:13:23.770602250Z,19.00156,113.320662,Cloud to Ground,26842,0,15
2026-10-06T06:13:23.773772407Z,19.010324,113.319073,Cloud to Cloud,34437,12153,18
2026-10-06T06:13:25.143311059Z,6.008497,114.681955,Cloud to Ground,17782,0,12
2026-10-06T06:13:25.532211766Z,5.973795,114.683941,Cloud to Ground,28540,0,12
2026-10-06T06:13:25.235378404Z,5.982149,114.714223,Cloud to Ground,40090,0,15
2026-10-06T06:13:25.487061309Z,5.969387,114.684508,Cloud to Ground,47740,0,17
2026-10-06T06:13:25.103152947Z,5.972845,114.685314,Cloud to Ground,66781,0,22
2026-10-06T06:13:27.805513599Z,11.94014,125.45388,Cloud to Cloud,12748,16705,6
2026-10-06T06:13:29.146277363Z,7.833704,110.01623,Cloud to Ground,-54104,0,10
2026-10-06T06:13:29.875581174Z,8.381517,130.238343,Cloud to Ground,-18984,0,17
2026-10-06T06:13:31.434993506Z,11.934878,125.492833,Cloud to Ground,20751,0,9
2026-10-06T06:13:32.956063666Z,9.469221,126.613886,Cloud to Ground,17033,0,9
2026-10-06T06:13:32.803097156Z,9.523448,126.441877,Cloud to Ground,-20083,0,8
2026-10-06T06:13:33.218052686Z,9.511837,126.46199,Cloud to Ground,-12036,0,8
2026-10-06T06:13:35.448598896Z,18.417557,113.758627,Cloud to Cloud,-7140,4846,8
2026-10-06T06:13:35.227068456Z,18.476493,113.791875,Cloud to Cloud,-5880,19878,5
2026-10-06T06:13:35.425266299Z,18.444101,113.809774,Cloud to Cloud,10372,12403,9
2026-10-06T06:13:34.858620708Z,18.491318,113.852512,Cloud to Ground,15898,0,14
2026-10-06T06:13:35.203562424Z,18.485228,113.993432,Cloud to Cloud,-10578,11490,8
2026-10-06T06:13:38.953209713Z,19.083773,114.9267,Cloud to Cloud,-15802,3934,10
2026-10-06T06:13:38.984432128Z,19.091597,114.913763,Cloud to Cloud,-9972,3013,7
2026-10-06T06:13:39.898647228Z,11.937058,125.448425,Cloud to Cloud,10888,4663,5
2026-10-06T06:13:40.991880874Z,5.8854,113.46806,Cloud to Ground,-69306,0,14
2026-10-06T06:13:41.218580462Z,5.851733,113.472121,Cloud to Ground,-45663,0,7
2026-10-06T06:13:41.017113072Z,5.786748,113.464749,Cloud to Cloud,-28358,4094,7
2026-10-06T06:13:40.990120307Z,5.915738,113.481355,Cloud to Cloud,-26000,3167,12
2026-10-06T06:13:41.018682020Z,5.91259,113.433513,Cloud to Ground,-23598,0,19
2026-10-06T06:13:40.986532157Z,5.89588,113.480332,Cloud to Ground,-19492,0,9
2026-10-06T06:13:41.218008579Z,5.871671,113.469898,Cloud to Cloud,-10715,19725,8
2026-10-06T06:13:40.987785389Z,5.911771,113.482506,Cloud to Cloud,16478,5088,7
2026-10-06T06:13:41.221972609Z,5.852668,113.456608,Cloud to Cloud,22880,6115,7
2026-10-06T06:13:41.219356734Z,5.928015,113.461458,Cloud to Ground,35286,0,13
2026-10-06T06:13:40.541867877Z,6.01891,114.7679,Cloud to Cloud,-17083,5300,13
2026-10-06T06:13:40.950070258Z,6.050403,114.768376,Cloud to Ground,-13081,0,6
2026-10-06T06:13:40.779425845Z,16.318689,119.880772,Cloud to Cloud,3146,15742,5
2026-10-06T06:13:41.152826897Z,16.345476,119.857318,Cloud to Cloud,6168,3026,9
2026-10-06T06:13:40.754935675Z,16.319191,119.891164,Cloud to Cloud,10971,18885,12
2026-10-06T06:13:41.373880993Z,3.59401,120.856587,Cloud to Cloud,-12237,3059,7
2026-10-06T06:13:41.176864901Z,16.261795,120.043026,Cloud to Cloud,-3763,17250,8
2026-10-06T06:13:42.240190916Z,5.41417,112.66514,Cloud to Ground,-13650,0,9
2026-10-06T06:13:42.609608035Z,5.43144,112.658943,Cloud to Cloud,-8053,3686,7
2026-10-06T06:13:42.424932842Z,5.364909,112.656713,Cloud to Ground,25648,0,30
2026-10-06T06:13:42.498361040Z,6.040032,114.67467,Cloud to Cloud,-16224,19053,10
2026-10-06T06:13:43.368712957Z,11.86102,125.429391,Cloud to Cloud,-21994,19854,8
2026-10-06T06:13:43.287294202Z,11.878558,125.344521,Cloud to Cloud,-12053,12829,7
2026-10-06T06:13:43.246349975Z,11.879468,125.33672,Cloud to Cloud,13559,19739,8
2026-10-06T06:13:44.819224614Z,11.947408,125.47474,Cloud to Ground,33336,0,9
2026-10-06T06:13:44.636865589Z,16.324533,119.884412,Cloud to Cloud,9774,6636,9
2026-10-06T06:13:45.727159109Z,11.852857,125.415046,Cloud to Cloud,19479,19541,7
2026-10-06T06:13:45.700713596Z,15.50967,119.905516,Cloud to Cloud,5519,19279,6
2026-10-06T06:13:48.435662949Z,3.779742,121.079369,Cloud to Cloud,-8313,11133,9
2026-10-06T06:13:48.974478300Z,16.700875,114.820483,Cloud to Cloud,-44760,15633,9
2026-10-06T06:13:48.739750674Z,11.864306,125.428165,Cloud to Cloud,11924,15271,8
2026-10-06T06:13:48.944388141Z,16.592859,114.818864,Cloud to Ground,-84825,0,15
2026-10-06T06:13:48.975736582Z,16.589054,114.807723,Cloud to Ground,20067,0,11
2026-10-06T06:13:48.977597036Z,16.585328,114.829596,Cloud to Ground,31416,0,14
2026-10-06T06:13:49.061228905Z,16.588479,114.802044,Cloud to Ground,91518,0,10
2026-10-06T06:13:50.425979170Z,18.399163,112.731474,Cloud to Cloud,10567,3085,7
2026-10-06T06:13:50.553076000Z,9.0916,121.9434,Cloud to Ground,-35362,0,11
2026-10-06T06:13:51.350283775Z,6.793069,111.847687,Cloud to Ground,-33947,0,10
2026-10-06T06:13:51.347692418Z,6.783662,111.847682,Cloud to Ground,31826,0,9
2026-10-06T06:13:50.901764063Z,18.451537,113.871173,Cloud to Ground,-47694,0,14
2026-10-06T06:13:51.061749736Z,18.457985,113.810829,Cloud to Ground,-21443,0,10
2026-10-06T06:13:50.980804118Z,18.463737,113.852802,Cloud to Ground,-9889,0,11
2026-10-06T06:13:51.167891238Z,18.453076,113.84759,Cloud to Cloud,6279,3030,9
2026-10-06T06:13:51.063469045Z,18.410026,113.871797,Cloud to Ground,23761,0,8
2026-10-06T06:13:50.955808876Z,18.432499,113.854043,Cloud to Ground,114628,0,28
2026-10-06T06:13:51.122955396Z,18.442379,113.849769,Cloud to Ground,132202,0,11
2026-10-06T06:13:52.473682995Z,9.430501,114.594165,Cloud to Ground,24742,0,14
2026-10-06T06:13:52.378662126Z,9.389251,114.617948,Cloud to Ground,100535,0,18
2026-10-06T06:13:54.985287190Z,9.098436,110.568241,Cloud to Ground,21625,0,9
2026-10-06T06:13:54.982810713Z,9.046887,110.644306,Cloud to Ground,41027,0,9
2026-10-06T06:13:54.979876573Z,9.049527,110.625882,Cloud to Ground,66490,0,7
2026-10-06T06:13:54.227174496Z,19.286921,112.393179,Cloud to Cloud,-13212,3002,10
2026-10-06T06:13:54.166534050Z,19.309483,112.402822,Cloud to Cloud,-8982,5701,7
2026-10-06T06:13:54.263271075Z,11.943987,125.481359,Cloud to Ground,21329,0,9
2026-10-06T06:13:55.963523037Z,7.828154,111.462984,Cloud to Ground,-41791,0,27
2026-10-06T06:13:56.047144846Z,7.829422,111.440605,Cloud to Ground,-18642,0,11
2026-10-06T06:13:55.924676763Z,8.536782,115.136685,Cloud to Ground,-43091,0,14
2026-10-06T06:13:55.939454849Z,8.511923,115.127214,Cloud to Cloud,-21653,3104,11
2026-10-06T06:13:55.940240256Z,8.496228,115.130637,Cloud to Ground,-9803,0,7
2026-10-06T06:13:55.927592076Z,8.533184,115.136214,Cloud to Ground,-9557,0,7
2026-10-06T06:13:55.931820061Z,8.600834,115.152334,Cloud to Cloud,18508,3200,11
2026-10-06T06:13:55.925383110Z,8.543921,115.13924,Cloud to Ground,35084,0,12
2026-10-06T06:13:55.592235143Z,10.855749,122.82132,Cloud to Cloud,24682,17214,11
2026-10-06T06:13:56.521370011Z,8.085459,110.996077,Cloud to Ground,-28742,0,11
2026-10-06T06:13:56.273013140Z,8.027249,111.094779,Cloud to Ground,-25010,0,20
2026-10-06T06:13:56.310984853Z,8.044096,111.100933,Cloud to Ground,-20277,0,15
2026-10-06T06:13:56.248088751Z,8.039086,111.076864,Cloud to Ground,-15310,0,19
2026-10-06T06:13:56.265728488Z,8.052536,111.088031,Cloud to Ground,26338,0,10
2026-10-06T06:13:56.029092065Z,5.987424,114.53594,Cloud to Ground,-42000,0,14
2026-10-06T06:13:56.026855388Z,5.969793,114.515799,Cloud to Ground,12118,0,7
2026-10-06T06:13:56.027764192Z,6.021109,114.529313,Cloud to Ground,32492,0,9
2026-10-06T06:13:56.025736560Z,5.979298,114.517842,Cloud to Ground,35883,0,21
2026-10-06T06:13:56.434034364Z,14.096094,120.670127,Cloud to Ground,-8742,0,5
2026-10-06T06:13:56.416667000Z,3.7258,121.097,Cloud to Ground,24893,0,5
2026-10-06T06:13:57.769529798Z,4.549526,114.550913,Cloud to Ground,40092,0,17
2026-10-06T06:13:57.122607000Z,11.9503,125.342,Cloud to Ground,-47716,0,5
2026-10-06T06:13:57.210509832Z,11.95143,125.29097,Cloud to Ground,-23381,0,22
2026-10-06T06:13:57.169747899Z,11.948116,125.309175,Cloud to Ground,-22883,0,21
2026-10-06T06:13:57.263685535Z,11.890367,125.314876,Cloud to Ground,-16729,0,9
2026-10-06T06:13:58.639236000Z,8.9,126.2465,Cloud to Ground,-49089,0,9
2026-10-06T06:13:58.637556062Z,8.867161,126.245654,Cloud to Ground,-19860,0,15
2026-10-06T06:13:58.574322463Z,18.536312,113.76509,Cloud to Ground,-11415,0,9
2026-10-06T06:13:58.665872909Z,18.533353,113.758617,Cloud to Ground,12142,0,9
2026-10-06T06:13:58.011816212Z,18.519578,113.759713,Cloud to Ground,40686,0,12
2026-10-06T06:13:58.129898000Z,18.5887,113.804,Cloud to Ground,53596,0,6
2026-10-06T06:13:58.202700626Z,18.528945,113.762261,Cloud to Ground,58428,0,17
2026-10-06T06:13:59.477552070Z,6.533652,112.927618,Cloud to Ground,-43585,0,9
2026-10-06T06:14:00.636825800Z,11.964907,125.446622,Cloud to Ground,44837,0,9
2026-10-06T06:14:01.312813237Z,6.070244,114.96028,Cloud to Cloud,-22925,7458,13
2026-10-06T06:14:01.315415331Z,6.06575,114.965201,Cloud to Ground,-21094,0,12
2026-10-06T06:14:01.317410528Z,6.004474,114.96106,Cloud to Ground,27727,0,9
2026-10-06T06:14:02.896972538Z,10.849365,123.215805,Cloud to Ground,-23684,0,7
2026-10-06T06:14:02.835209799Z,10.906698,123.1916,Cloud to Ground,-20237,0,18
2026-10-06T06:14:02.791420758Z,10.856051,123.234681,Cloud to Ground,-15636,0,7
2026-10-06T06:14:03.020287746Z,10.852198,123.218485,Cloud to Ground,-12067,0,7
2026-10-06T06:14:02.087227978Z,11.956245,125.483982,Cloud to Ground,27640,0,9
2026-10-06T06:14:04.363085275Z,6.047304,115.201717,Cloud to Cloud,20707,13036,7
2026-10-06T06:14:04.388156614Z,6.016806,115.203091,Cloud to Ground,26387,0,14
2026-10-06T06:14:04.620839230Z,6.046784,115.203651,Cloud to Cloud,30040,10854,10
2026-10-06T06:14:04.801565065Z,6.053815,115.201272,Cloud to Ground,31710,0,12
2026-10-06T06:14:04.076879687Z,6.008303,115.204241,Cloud to Ground,33816,0,17
2026-10-06T06:14:04.660558658Z,6.067138,115.203601,Cloud to Ground,50850,0,13
2026-10-06T06:14:04.030204425Z,6.02669,115.20011,Cloud to Ground,53256,0,10
2026-10-06T06:14:03.964073511Z,6.005747,115.213647,Cloud to Ground,75620,0,16
2026-10-06T06:14:04.194398412Z,6.013076,115.215396,Cloud to Ground,117345,0,12
2026-10-06T06:14:03.896326010Z,6.099742,115.197848,Cloud to Ground,150594,0,18
2026-10-06T06:14:03.972659643Z,18.38507,113.673159,Cloud to Ground,12743,0,7
2026-10-06T06:14:03.944004234Z,18.458418,113.868028,Cloud to Cloud,-59948,4308,13
2026-10-06T06:14:04.073066277Z,18.536876,113.84801,Cloud to Cloud,-26159,7633,10
2026-10-06T06:14:03.973143847Z,18.469333,113.864183,Cloud to Ground,-9243,0,8
2026-10-06T06:14:04.423042703Z,18.472383,113.864564,Cloud to Ground,-5869,0,6
2026-10-06T06:14:04.377756518Z,18.460628,113.866768,Cloud to Ground,22327,0,20
2026-10-06T06:14:04.123417606Z,18.452922,113.806081,Cloud to Ground,27046,0,13
2026-10-06T06:14:04.199642252Z,18.450864,113.869396,Cloud to Ground,27580,0,12
2026-10-06T06:14:04.169560849Z,18.460052,113.864244,Cloud to Ground,52513,0,21
2026-10-06T06:14:04.283430821Z,18.475176,113.857997,Cloud to Ground,62176,0,18
2026-10-06T06:14:04.011019676Z,18.44895,113.868572,Cloud to Ground,92092,0,18
2026-10-06T06:14:05.143692909Z,14.620268,121.04608,Cloud to Cloud,6260,3000,7
2026-10-06T06:14:07.473816441Z,9.20419,114.413261,Cloud to Ground,-28242,0,8
2026-10-06T06:14:07.396461908Z,9.206868,114.407257,Cloud to Cloud,-27512,16138,21
2026-10-06T06:14:07.546084673Z,9.233934,114.410102,Cloud to Ground,11159,0,9
2026-10-06T06:14:07.444794696Z,9.237051,114.407441,Cloud to Cloud,17033,3843,11
2026-10-06T06:14:07.520118478Z,9.207057,114.409936,Cloud to Ground,20265,0,13
2026-10-06T06:14:07.406504550Z,9.240316,114.414388,Cloud to Ground,74268,0,10
2026-10-06T06:14:07.080802841Z,9.512378,126.473355,Cloud to Cloud,13549,15417,7
2026-10-06T06:14:09.214516482Z,3.858873,121.013681,Cloud to Cloud,11663,11584,8
2026-10-06T06:14:09.222375360Z,18.473317,113.830176,Cloud to Cloud,6627,3007,12
2026-10-06T06:14:10.674553907Z,4.298461,122.639203,Cloud to Cloud,-11149,4552,8
2026-10-06T06:14:10.284050717Z,11.890367,125.335736,Cloud to Cloud,15734,13011,6
2026-10-06T06:14:11.578558411Z,5.961745,114.659564,Cloud to Cloud,44758,16297,7
2026-10-06T06:14:12.930138759Z,19.246228,112.342144,Cloud to Ground,-41697,0,11
2026-10-06T06:14:12.013606069Z,16.960005,113.289401,Cloud to Cloud,-26331,7649,10
2026-10-06T06:14:12.012931020Z,16.973388,113.298917,Cloud to Ground,50503,0,18
2026-10-06T06:14:12.720113894Z,15.777575,119.890212,Cloud to Cloud,-9130,3654,8
2026-10-06T06:14:13.262324744Z,5.92227,114.724401,Cloud to Cloud,31369,7212,7
2026-10-06T06:14:13.546701724Z,18.541243,113.915013,Cloud to Cloud,-11794,6935,8
2026-10-06T06:14:13.607563161Z,18.472576,113.844129,Cloud to Ground,-22703,0,16
2026-10-06T06:14:13.214263453Z,18.489191,113.804042,Cloud to Cloud,-15508,4306,10
2026-10-06T06:14:13.237863227Z,18.489235,113.828263,Cloud to Cloud,-8273,19969,7
2026-10-06T06:14:14.951334989Z,5.501444,112.814897,Cloud to Ground,44506,0,14
2026-10-06T06:14:14.187834303Z,5.370562,112.653082,Cloud to Ground,-31256,0,9
2026-10-06T06:14:14.395648134Z,5.400852,112.656607,Cloud to Ground,-30275,0,11
2026-10-06T06:14:14.325076729Z,22.915018,120.615126,Cloud to Cloud,-4050,5641,7
2026-10-06T06:14:13.775647888Z,22.842582,120.696983,Cloud to Cloud,2634,15413,5
2026-10-06T06:14:14.062643363Z,22.848062,120.663284,Cloud to Cloud,3043,13194,6
2026-10-06T06:14:14.310970529Z,22.845883,120.664597,Cloud to Cloud,3791,3000,6
2026-10-06T06:14:13.993807072Z,22.811443,120.691876,Cloud to Cloud,9388,4033,9
2026-10-06T06:14:14.014077534Z,22.816594,120.697703,Cloud to Cloud,10804,8769,7
2026-10-06T06:14:14.541593364Z,11.9394,125.468252,Cloud to Ground,28594,0,7
2026-10-06T06:14:15.279798686Z,14.074035,110.37146,Cloud to Ground,-21520,0,10
2026-10-06T06:14:15.275708172Z,14.104622,110.390209,Cloud to Cloud,-15047,9803,7
2026-10-06T06:14:15.276642431Z,14.079556,110.375884,Cloud to Ground,17635,0,15
2026-10-06T06:14:15.121770930Z,16.617722,114.90821,Cloud to Cloud,-10507,4433,7
2026-10-06T06:14:16.089715451Z,6.133872,116.610368,Cloud to Cloud,-16238,19526,7
2026-10-06T06:14:16.099099914Z,6.137814,116.616193,Cloud to Ground,-12759,0,7
2026-10-06T06:14:16.066858555Z,17.467345,111.647374,Cloud to Ground,-41536,0,11
2026-10-06T06:14:16.093485218Z,17.482166,111.637549,Cloud to Ground,-31750,0,5
2026-10-06T06:14:16.125535838Z,11.939789,125.485103,Cloud to Cloud,12846,15473,6
2026-10-06T06:14:18.253733680Z,6.53273,112.96342,Cloud to Ground,18143,0,6
2026-10-06T06:14:18.138710247Z,6.503912,112.958873,Cloud to Ground,22221,0,14
2026-10-06T06:14:17.652797355Z,6.497848,112.953669,Cloud to Ground,26103,0,11
2026-10-06T06:14:18.411036681Z,6.509262,112.957116,Cloud to Ground,28954,0,14
2026-10-06T06:14:17.749741257Z,6.502316,112.955557,Cloud to Ground,36060,0,12
2026-10-06T06:14:17.622522929Z,6.514289,112.949873,Cloud to Ground,45092,0,12
2026-10-06T06:14:17.696215607Z,6.508387,112.952186,Cloud to Ground,49770,0,13
2026-10-06T06:14:17.840343686Z,6.494739,112.957583,Cloud to Ground,133803,0,26
2026-10-06T06:14:17.644865068Z,19.030713,114.885724,Cloud to Cloud,8798,11056,6
2026-10-06T06:14:18.056773356Z,18.886216,114.916294,Cloud to Cloud,5677,3463,7
2026-10-06T06:14:17.646001993Z,18.92848,114.841817,Cloud to Cloud,28285,4192,9
2026-10-06T06:14:17.914513300Z,18.902375,114.80181,Cloud to Ground,44804,0,13
2026-10-06T06:14:17.443942313Z,18.14314,112.485921,Cloud to Cloud,-14970,4948,8
2026-10-06T06:14:17.439823074Z,18.14098,112.472413,Cloud to Cloud,-11137,3131,7
2026-10-06T06:14:17.441934476Z,18.132663,112.459703,Cloud to Ground,9965,0,7
2026-10-06T06:14:17.438327675Z,18.138034,112.511407,Cloud to Ground,24847,0,11
2026-10-06T06:14:18.435990293Z,9.588449,126.491996,Cloud to Cloud,-11733,7114,12
2026-10-06T06:14:18.894475402Z,3.779389,121.060298,Cloud to Ground,16148,0,13
2026-10-06T06:14:18.229977044Z,18.969855,114.990394,Cloud to Ground,22116,0,14
2026-10-06T06:14:19.780624279Z,11.937342,125.439436,Cloud to Cloud,12614,19770,5
2026-10-06T06:14:20.963535662Z,9.198336,114.572081,Cloud to Ground,-34676,0,15
2026-10-06T06:14:21.062193965Z,9.216218,114.569232,Cloud to Cloud,30326,3014,7
2026-10-06T06:14:20.970080565Z,9.197591,114.583495,Cloud to Ground,113294,0,13
2026-10-06T06:14:22.330325418Z,16.309381,120.067367,Cloud to Ground,-10769,0,11
2026-10-06T06:14:22.366105983Z,16.176097,119.954967,Cloud to Cloud,-14558,10377,7
2026-10-06T06:14:22.452416331Z,16.276599,119.921246,Cloud to Ground,-33928,0,12
2026-10-06T06:14:22.402327785Z,16.275637,119.910324,Cloud to Ground,-22117,0,12
2026-10-06T06:14:22.497223324Z,16.27385,119.91596,Cloud to Ground,-21032,0,10
2026-10-06T06:14:22.541008694Z,16.274156,119.914531,Cloud to Ground,-17143,0,12
2026-10-06T06:14:22.608901017Z,16.273801,119.905503,Cloud to Ground,-17093,0,10
2026-10-06T06:14:22.910449366Z,16.272821,119.903467,Cloud to Ground,-14922,0,9
2026-10-06T06:14:22.612310891Z,16.236348,119.83525,Cloud to Cloud,-11870,18494,9
2026-10-06T06:14:22.452940059Z,16.289277,119.956548,Cloud to Cloud,-11839,7701,8
2026-10-06T06:14:22.808471901Z,16.273232,119.916963,Cloud to Ground,-11183,0,11
2026-10-06T06:14:22.773554445Z,16.274544,119.908994,Cloud to Ground,-10094,0,7
2026-10-06T06:14:22.872277415Z,16.289315,119.964958,Cloud to Ground,-9450,0,7
2026-10-06T06:14:22.331737655Z,16.267238,119.91608,Cloud to Cloud,-7503,4996,6
2026-10-06T06:14:22.349884000Z,16.3034,119.8701,Cloud to Ground,58665,0,9
2026-10-06T06:14:23.972883406Z,14.212842,113.507554,Cloud to Ground,-14877,0,5
2026-10-06T06:14:23.943200173Z,14.2195,113.509679,Cloud to Cloud,-13840,3007,11
2026-10-06T06:14:24.075800682Z,14.241001,113.400408,Cloud to Cloud,18840,3040,10
2026-10-06T06:14:24.076364874Z,14.271365,113.459643,Cloud to Ground,19473,0,10
2026-10-06T06:14:23.944221170Z,14.189687,113.423258,Cloud to Ground,27930,0,7
2026-10-06T06:14:25.287503824Z,19.085832,114.888729,Cloud to Cloud,-31002,3006,12
2026-10-06T06:14:25.479733434Z,19.075602,114.876793,Cloud to Ground,-7176,0,5
2026-10-06T06:14:25.327585567Z,19.083854,114.882848,Cloud to Ground,-6811,0,6
2026-10-06T06:14:25.536211609Z,19.054573,114.811595,Cloud to Ground,-6160,0,7
2026-10-06T06:14:25.360615348Z,19.088895,114.894534,Cloud to Ground,-5736,0,5
2026-10-06T06:14:24.730746060Z,19.068845,114.821517,Cloud to Ground,9844,0,7
2026-10-06T06:14:26.615268788Z,11.796273,125.529129,Cloud to Ground,-16508,0,7
2026-10-06T06:14:26.636380927Z,11.930551,125.390854,Cloud to Ground,-15493,0,8
2026-10-06T06:14:26.358957534Z,11.941149,125.316851,Cloud to Ground,11234,0,16
2026-10-06T06:14:28.469311053Z,3.763307,121.111135,Cloud to Ground,39866,0,17
2026-10-06T06:14:28.274750308Z,6.026731,114.6744,Cloud to Cloud,-10810,13628,6
2026-10-06T06:14:30.585314103Z,19.100844,113.675182,Cloud to Ground,22785,0,17
2026-10-06T06:14:30.470810395Z,19.008808,113.717088,Cloud to Ground,-110781,0,17
2026-10-06T06:14:30.623079209Z,19.007268,113.716442,Cloud to Cloud,-16460,7785,11
2026-10-06T06:14:30.485867674Z,18.998188,113.725258,Cloud to Cloud,8856,12405,8
2026-10-06T06:14:31.635447389Z,9.531459,126.448587,Cloud to Ground,-18403,0,7
2026-10-06T06:14:31.950875405Z,8.886705,126.069797,Cloud to Cloud,-10920,18818,10
2026-10-06T06:14:31.594007101Z,9.531043,126.576632,Cloud to Ground,-22047,0,7
2026-10-06T06:14:31.225042901Z,19.085003,113.052442,Cloud to Cloud,-26025,9778,14
2026-10-06T06:14:31.193239086Z,19.089858,113.055745,Cloud to Ground,12650,0,10
2026-10-06T06:14:32.239778989Z,8.456428,130.186492,Cloud to Cloud,-15800,14783,10
2026-10-06T06:14:32.236505025Z,8.40549,130.269007,Cloud to Cloud,14995,18236,14
2026-10-06T06:14:32.067042220Z,11.94652,125.404782,Cloud to Ground,-25039,0,7
2026-10-06T06:14:32.133950355Z,11.952502,125.382703,Cloud to Ground,-17227,0,10
2026-10-06T06:14:33.181568151Z,5.371221,112.643303,Cloud to Ground,23510,0,13
2026-10-06T06:14:33.134774555Z,5.358147,112.664338,Cloud to Ground,52695,0,16
2026-10-06T06:14:33.060500544Z,5.358888,112.641664,Cloud to Ground,64951,0,26
2026-10-06T06:14:34.283871593Z,14.11698,120.891977,Cloud to Ground,-23270,0,6
2026-10-06T06:14:34.352937711Z,14.074555,120.739533,Cloud to Cloud,-5903,10922,5
2026-10-06T06:14:35.969428979Z,5.888297,113.469519,Cloud to Ground,-85654,0,9
2026-10-06T06:14:35.906392990Z,5.915046,113.475508,Cloud to Ground,-25391,0,8
2026-10-06T06:14:35.941865575Z,5.952269,113.481574,Cloud to Cloud,-24296,6955,20
2026-10-06T06:14:35.974527285Z,5.913785,113.480027,Cloud to Ground,-14138,0,7
2026-10-06T06:14:36.227659457Z,5.889074,113.469971,Cloud to Cloud,19031,18772,7
2026-10-06T06:14:35.992443579Z,5.872397,113.475922,Cloud to Cloud,20838,6697,11
2026-10-06T06:14:36.233620025Z,5.903712,113.469996,Cloud to Cloud,21971,14171,5
2026-10-06T06:14:35.946460608Z,5.908789,113.47333,Cloud to Ground,23552,0,11
2026-10-06T06:14:36.420745334Z,5.893088,113.473298,Cloud to Cloud,31121,12097,10
2026-10-06T06:14:36.027257433Z,5.88117,113.48348,Cloud to Ground,33366,0,16
2026-10-06T06:14:36.325949045Z,5.865893,113.470736,Cloud to Ground,67269,0,16
2026-10-06T06:14:35.916330756Z,5.873235,113.475749,Cloud to Ground,359405,0,19
2026-10-06T06:14:35.503446496Z,14.073229,120.686476,Cloud to Ground,-26390,0,12
2026-10-06T06:14:35.750880251Z,14.073074,120.69178,Cloud to Ground,-21534,0,9
2026-10-06T06:14:35.404026000Z,14.082,120.7578,Cloud to Ground,-21280,0,5
2026-10-06T06:14:35.636918711Z,14.068682,120.670419,Cloud to Ground,-10655,0,9
2026-10-06T06:14:35.440575434Z,14.072527,120.675907,Cloud to Ground,-10601,0,7
2026-10-06T06:14:35.697875080Z,14.071214,120.686131,Cloud to Cloud,-6096,3948,6
2026-10-06T06:14:37.293563595Z,11.936473,125.484419,Cloud to Cloud,4359,3198,5
2026-10-06T06:14:37.265266015Z,18.411821,113.80662,Cloud to Ground,-20901,0,11
2026-10-06T06:14:36.781271945Z,18.477304,113.858342,Cloud to Cloud,-8343,3541,8
2026-10-06T06:14:36.771675764Z,18.495902,113.849202,Cloud to Cloud,-6934,12441,8
2026-10-06T06:14:36.834013832Z,18.475132,113.787006,Cloud to Cloud,-6785,14312,6
2026-10-06T06:14:36.885442120Z,18.450807,113.899537,Cloud to Ground,-5513,0,7
2026-10-06T06:14:36.518372559Z,18.499763,113.850126,Cloud to Cloud,4926,3067,6
2026-10-06T06:14:36.786942249Z,18.490029,113.879522,Cloud to Ground,10773,0,8
2026-10-06T06:14:36.816205138Z,18.483668,113.885887,Cloud to Ground,18905,0,11
2026-10-06T06:14:38.377675632Z,6.038657,114.612809,Cloud to Ground,13750,0,7
2026-10-06T06:14:39.611228706Z,9.537769,126.399899,Cloud to Ground,28968,0,7
2026-10-06T06:14:40.031582805Z,16.568408,114.81347,Cloud to Ground,-58119,0,15
2026-10-06T06:14:39.899453275Z,16.556137,114.74765,Cloud to Ground,-10575,0,6
2026-10-06T06:14:39.932919491Z,16.551766,114.741058,Cloud to Cloud,9265,6890,8
2026-10-06T06:14:39.952602736Z,16.562497,114.809717,Cloud to Ground,32263,0,14
2026-10-06T06:14:39.930135721Z,16.599164,114.812667,Cloud to Ground,75464,0,18
2026-10-06T06:14:42.647819207Z,14.813081,120.889109,Cloud to Cloud,9917,6231,9
2026-10-06T06:14:42.634617259Z,14.816333,120.906006,Cloud to Cloud,13772,3001,12
2026-10-06T06:14:42.632625191Z,14.809367,120.916986,Cloud to Cloud,16694,15075,11
2026-10-06T06:14:42.225825884Z,11.942082,125.439736,Cloud to Ground,29141,0,9
2026-10-06T06:14:43.739039761Z,18.461067,113.846209,Cloud to Cloud,-43175,3834,13
2026-10-06T06:14:44.974355432Z,5.373029,112.635368,Cloud to Ground,25848,0,9
2026-10-06T06:14:45.035803227Z,5.384406,112.541304,Cloud to Ground,25294,0,15
2026-10-06T06:14:45.277768599Z,19.327555,117.769532,Cloud to Cloud,14033,16158,9
2026-10-06T06:14:45.934799252Z,19.320662,112.396003,Cloud to Ground,-15082,0,6
2026-10-06T06:14:45.906477497Z,19.311584,112.407741,Cloud to Cloud,10694,4908,6
2026-10-06T06:14:45.905479395Z,19.306367,112.317326,Cloud to Cloud,18008,16486,9
2026-10-06T06:14:47.080196273Z,15.570011,116.416866,Cloud to Cloud,-17009,12474,11
2026-10-06T06:14:47.082819260Z,15.535437,116.431194,Cloud to Cloud,-15225,19307,7
2026-10-06T06:14:47.081040179Z,15.56791,116.413544,Cloud to Cloud,19094,3014,13
2026-10-06T06:14:48.593965416Z,21.62731,124.042505,Cloud to Ground,-42809,0,18
2026-10-06T06:14:48.076130675Z,21.532727,124.18092,Cloud to Ground,-23308,0,15
2026-10-06T06:14:48.618773381Z,21.621942,124.047089,Cloud to Ground,-11609,0,8
2026-10-06T06:14:48.571874293Z,21.532949,124.172786,Cloud to Ground,-6146,0,7
2026-10-06T06:14:48.250635887Z,21.560394,124.130247,Cloud to Cloud,-5808,12707,7
2026-10-06T06:14:48.112324028Z,21.617696,124.113117,Cloud to Cloud,4673,13225,7
2026-10-06T06:14:48.169586082Z,21.651484,124.029649,Cloud to Cloud,4707,11083,8
2026-10-06T06:14:48.111045588Z,21.605473,124.021188,Cloud to Cloud,5461,10446,9
2026-10-06T06:14:48.170233978Z,21.691468,123.938324,Cloud to Cloud,6719,10013,8
2026-10-06T06:14:48.137736732Z,21.593974,124.154998,Cloud to Ground,9818,0,8
2026-10-06T06:14:48.574573487Z,21.660601,123.992989,Cloud to Ground,10096,0,15
2026-10-06T06:14:48.132156705Z,21.566363,124.060113,Cloud to Ground,12452,0,14
2026-10-06T06:14:48.074688694Z,21.582337,124.080278,Cloud to Ground,38022,0,12
2026-10-06T06:14:49.587308802Z,4.845751,123.475714,Cloud to Ground,-100961,0,29
2026-10-06T06:14:49.716510583Z,4.838809,123.481927,Cloud to Ground,-91112,0,26
2026-10-06T06:14:49.748901669Z,4.851657,123.47252,Cloud to Ground,-17804,0,14
2026-10-06T06:14:49.695047142Z,9.52224,126.448857,Cloud to Ground,-18478,0,12
2026-10-06T06:14:50.108816375Z,9.54072,126.439952,Cloud to Ground,-17509,0,7
2026-10-06T06:14:49.866286991Z,9.53452,126.450859,Cloud to Ground,-16226,0,14
2026-10-06T06:14:50.250609361Z,9.546778,126.441888,Cloud to Ground,-11809,0,8
2026-10-06T06:14:50.138040484Z,9.557835,126.436383,Cloud to Ground,-11678,0,9
2026-10-06T06:14:50.363385762Z,9.539676,126.433757,Cloud to Ground,-11015,0,12
2026-10-06T06:14:50.220093623Z,9.549749,126.441609,Cloud to Ground,-8511,0,8
2026-10-06T06:14:50.766226045Z,14.040095,120.751925,Cloud to Ground,-9380,0,12
2026-10-06T06:14:51.095086064Z,5.311959,119.18058,Cloud to Ground,66060,0,19
2026-10-06T06:14:51.329747663Z,4.635189,114.655768,Cloud to Ground,-57015,0,14
2026-10-06T06:14:51.343741176Z,4.629509,114.660884,Cloud to Ground,-11173,0,12
2026-10-06T06:14:52.453190544Z,20.401033,123.15094,Cloud to Ground,-24831,0,13
2026-10-06T06:14:52.347676910Z,20.410972,123.246339,Cloud to Cloud,-12978,4870,11
2026-10-06T06:14:52.285674740Z,20.430772,123.214004,Cloud to Cloud,7813,17706,9
2026-10-06T06:14:52.286198186Z,20.507819,123.23081,Cloud to Ground,15680,0,15
2026-10-06T06:14:53.479030000Z,11.9555,125.4614,Cloud to Ground,-28419,0,7
2026-10-06T06:14:53.493199210Z,11.870454,125.440171,Cloud to Cloud,8736,16728,7
2026-10-06T06:14:53.300183290Z,11.881927,125.439911,Cloud to Cloud,9631,15947,7
2026-10-06T06:14:53.712846448Z,11.813095,125.484137,Cloud to Ground,36749,0,10
2026-10-06T06:14:53.991378246Z,21.314424,123.165602,Cloud to Cloud,-9579,9880,7
2026-10-06T06:14:53.992389551Z,21.314355,123.163099,Cloud to Cloud,-7623,4313,6
2026-10-06T06:14:53.992809667Z,21.326123,123.160913,Cloud to Cloud,-7049,13259,7
2026-10-06T06:14:54.241953387Z,21.317319,123.170805,Cloud to Cloud,-5739,13694,6
2026-10-06T06:14:53.978000437Z,21.29056,123.192803,Cloud to Cloud,-4600,9995,6
2026-10-06T06:14:53.949877887Z,21.328068,123.117866,Cloud to Cloud,-4508,10860,5
2026-10-06T06:14:53.896111058Z,21.217057,123.195727,Cloud to Cloud,4805,11013,6
2026-10-06T06:14:53.912172316Z,21.227755,123.18978,Cloud to Cloud,6843,14102,9
2026-10-06T06:14:53.890121902Z,21.228817,123.189987,Cloud to Cloud,6899,7783,7
2026-10-06T06:14:53.887727172Z,21.231309,123.190532,Cloud to Ground,12683,0,9
2026-10-06T06:14:53.404347296Z,14.071686,110.362369,Cloud to Ground,-12166,0,8
2026-10-06T06:14:54.386408932Z,6.012796,114.687038,Cloud to Ground,34623,0,13
2026-10-06T06:14:54.462683686Z,5.968059,114.690428,Cloud to Ground,44480,0,13
2026-10-06T06:14:54.278426949Z,5.972452,114.682866,Cloud to Ground,80514,0,19
2026-10-06T06:14:54.023195387Z,19.277477,117.744165,Cloud to Cloud,-19300,3010,7
2026-10-06T06:14:54.024135315Z,19.248287,117.752271,Cloud to Cloud,-16578,3040,12
2026-10-06T06:14:54.640183205Z,19.070396,114.859515,Cloud to Ground,-5598,0,7
2026-10-06T06:14:54.574165297Z,11.95611,125.47898,Cloud to Ground,20899,0,9
2026-10-06T06:14:55.179286108Z,4.228981,122.668013,Cloud to Ground,-45911,0,30
2026-10-06T06:14:54.923407252Z,4.240713,122.628773,Cloud to Ground,-31615,0,18
2026-10-06T06:14:54.527952808Z,4.237941,122.648121,Cloud to Ground,-26945,0,19
2026-10-06T06:14:54.609112639Z,4.309061,122.646394,Cloud to Ground,-19366,0,15
2026-10-06T06:14:55.430801064Z,4.23796,122.646772,Cloud to Cloud,-19055,4390,14
2026-10-06T06:14:54.561004529Z,4.313869,122.634169,Cloud to Ground,-16029,0,17
2026-10-06T06:14:54.844570238Z,4.306125,122.650951,Cloud to Ground,-13267,0,11
2026-10-06T06:14:54.699414452Z,4.307512,122.649182,Cloud to Ground,-10168,0,8
2026-10-06T06:14:54.742021108Z,4.321442,122.649223,Cloud to Ground,-9550,0,9
2026-10-06T06:14:55.171956810Z,14.670245,121.00978,Cloud to Ground,-21563,0,11
2026-10-06T06:14:55.306869772Z,14.645008,120.997329,Cloud to Ground,-5874,0,5
2026-10-06T06:14:57.854319559Z,5.22016,122.658888,Cloud to Ground,20369,0,15
2026-10-06T06:14:57.856428505Z,5.216719,122.654882,Cloud to Ground,26549,0,21
2026-10-06T06:14:57.268100186Z,6.479751,112.942569,Cloud to Ground,-109726,0,10
2026-10-06T06:14:57.967226214Z,6.503387,112.94599,Cloud to Ground,27480,0,10
2026-10-06T06:14:58.643911670Z,6.542305,112.92285,Cloud to Ground,34903,0,10
2026-10-06T06:14:58.328293374Z,6.542195,112.925867,Cloud to Ground,38084,0,12
2026-10-06T06:14:57.299987483Z,6.489745,112.93992,Cloud to Ground,41145,0,11
2026-10-06T06:14:58.242181717Z,6.512845,112.924025,Cloud to Ground,43435,0,17
2026-10-06T06:14:57.294179603Z,6.488715,112.936007,Cloud to Ground,46395,0,10
2026-10-06T06:14:58.032117355Z,6.518246,112.924586,Cloud to Ground,61733,0,14
2026-10-06T06:14:58.165668039Z,6.511955,112.922277,Cloud to Ground,92847,0,27
2026-10-06T06:14:57.554444635Z,6.499519,112.938292,Cloud to Ground,100302,0,14
2026-10-06T06:14:58.767742310Z,18.470093,113.827048,Cloud to Ground,-48081,0,14
2026-10-06T06:14:58.873858784Z,18.454817,113.802318,Cloud to Cloud,-30580,3226,11
2026-10-06T06:14:58.798750392Z,18.469542,113.825365,Cloud to Ground,71968,0,22
2026-10-06T06:14:58.890699971Z,11.941044,125.425648,Cloud to Cloud,10103,10287,5
2026-10-06T06:14:59.596560704Z,5.993704,114.651422,Cloud to Ground,-33137,0,11
2026-10-06T06:15:00.256503068Z,1.722622,112.210435,Cloud to Ground,17109,0,10
2026-10-06T06:15:00.180155785Z,1.640358,112.218537,Cloud to Ground,41911,0,16
2026-10-06T06:15:01.716325356Z,7.160129,114.205557,Cloud to Cloud,-44022,3010,13
2026-10-06T06:15:01.716942314Z,7.208606,114.1817,Cloud to Ground,-18645,0,16
2026-10-06T06:15:01.713538229Z,7.14453,114.207112,Cloud to Cloud,-12142,3180,10
2026-10-06T06:15:01.718956658Z,7.122207,114.19038,Cloud to Ground,-10699,0,8
2026-10-06T06:15:01.714554575Z,7.119055,114.167788,Cloud to Cloud,9588,3931,7
2026-10-06T06:15:01.177804336Z,18.411185,112.818152,Cloud to Ground,-20232,0,11
2026-10-06T06:15:01.220096933Z,18.385495,112.817415,Cloud to Cloud,13418,13796,11
2026-10-06T06:15:01.184473124Z,18.422525,112.81817,Cloud to Ground,20040,0,11
2026-10-06T06:15:01.176136585Z,18.40183,112.813691,Cloud to Ground,48393,0,10
2026-10-06T06:15:01.797304859Z,11.936561,125.318656,Cloud to Ground,-28979,0,22
2026-10-06T06:15:03.955718828Z,5.840519,116.875566,Cloud to Ground,-62872,0,12
2026-10-06T06:15:03.736715319Z,5.854128,116.813555,Cloud to Cloud,-29280,16012,11
2026-10-06T06:15:03.510673297Z,10.010463,123.876329,Cloud to Ground,-14644,0,12
2026-10-06T06:15:04.156045092Z,3.766633,121.083058,Cloud to Ground,31310,0,16
2026-10-06T06:15:04.211954446Z,14.098921,121.180864,Cloud to Cloud,-21496,7037,6
2026-10-06T06:15:04.196062856Z,14.643575,121.018795,Cloud to Cloud,-9809,5700,7
2026-10-06T06:15:04.816672804Z,16.504072,116.477448,Cloud to Cloud,-8172,7717,6
2026-10-06T06:15:05.872676572Z,11.923597,125.487134,Cloud to Cloud,6671,14812,6
2026-10-06T06:15:06.662048146Z,14.09087,120.694784,Cloud to Ground,-22677,0,12
2026-10-06T06:15:06.870156907Z,14.120883,120.740663,Cloud to Ground,-16111,0,8
2026-10-06T06:15:06.691236585Z,14.090995,120.694632,Cloud to Ground,-8269,0,7
2026-10-06T06:15:06.068220341Z,13.870446,122.865695,Cloud to Cloud,11930,13571,7
2026-10-06T06:15:06.070264561Z,13.880804,122.803427,Cloud to Cloud,12257,6819,9
2026-10-06T06:15:06.457295965Z,15.634682,119.864665,Cloud to Ground,-13077,0,11
2026-10-06T06:15:06.599670613Z,15.608711,119.886303,Cloud to Ground,-11266,0,12
2026-10-06T06:15:06.458316052Z,15.620587,119.869252,Cloud to Cloud,-9262,7624,8
2026-10-06T06:15:06.632460567Z,15.618538,119.834452,Cloud to Cloud,-5781,13836,6
2026-10-06T06:15:06.730242914Z,15.547821,119.886974,Cloud to Ground,-4386,0,5
2026-10-06T06:15:08.307659452Z,16.59589,114.818607,Cloud to Cloud,-38875,3020,12
2026-10-06T06:15:08.390796688Z,16.592653,114.818184,Cloud to Cloud,-30553,10750,11
2026-10-06T06:15:08.336010734Z,16.590792,114.822211,Cloud to Ground,-22161,0,10
2026-10-06T06:15:08.288777401Z,16.569364,114.77954,Cloud to Ground,-8087,0,6
2026-10-06T06:15:08.418618304Z,16.589202,114.815572,Cloud to Ground,18995,0,12
2026-10-06T06:15:09.887282542Z,19.070265,113.049312,Cloud to Cloud,10533,3009,9
2026-10-06T06:15:10.630588359Z,6.820944,111.581001,Cloud to Ground,-108687,0,11
2026-10-06T06:15:10.631566940Z,6.873587,111.592686,Cloud to Cloud,-21414,17346,12
2026-10-06T06:15:10.754585006Z,6.867912,111.589111,Cloud to Ground,-15526,0,8
2026-10-06T06:15:10.927416090Z,6.035817,114.67732,Cloud to Ground,35247,0,11
2026-10-06T06:15:11.499452710Z,18.910683,113.762111,Cloud to Cloud,-82702,7474,15
2026-10-06T06:15:11.504841585Z,18.897816,113.776823,Cloud to Cloud,-23201,3023,10
2026-10-06T06:15:11.497974448Z,18.896186,113.768566,Cloud to Ground,20546,0,10
2026-10-06T06:15:11.498696231Z,18.905091,113.760836,Cloud to Ground,49629,0,16
2026-10-06T06:15:11.500521763Z,18.907422,113.75902,Cloud to Ground,66199,0,11
2026-10-06T06:15:11.106662471Z,14.632969,121.021456,Cloud to Cloud,4614,6634,5
2026-10-06T06:15:13.198065495Z,18.174278,112.510914,Cloud to Cloud,-34635,3013,16
2026-10-06T06:15:12.968154178Z,18.166953,112.552224,Cloud to Ground,-34560,0,14
2026-10-06T06:15:12.957165746Z,18.193761,112.535488,Cloud to Cloud,-16341,3760,7
2026-10-06T06:15:13.096734583Z,18.151891,112.554945,Cloud to Cloud,-15037,5003,8
2026-10-06T06:15:13.098477568Z,18.178705,112.526343,Cloud to Ground,-12984,0,10
2026-10-06T06:15:13.202458736Z,18.16577,112.458586,Cloud to Cloud,-7727,3007,7
2026-10-06T06:15:13.477173133Z,18.194059,112.581958,Cloud to Cloud,9104,3024,6
2026-10-06T06:15:12.461229460Z,18.459433,113.861693,Cloud to Ground,-73529,0,13
2026-10-06T06:15:12.369231208Z,18.453116,113.862899,Cloud to Cloud,-43080,3743,12
2026-10-06T06:15:12.656941713Z,18.448663,113.832888,Cloud to Cloud,12397,3251,10
2026-10-06T06:15:12.461686431Z,18.450581,113.876939,Cloud to Cloud,25499,3414,15
2026-10-06T06:15:14.563784132Z,3.761533,121.1089,Cloud to Ground,-32948,0,27
2026-10-06T06:15:14.197504299Z,16.350629,120.540186,Cloud to Cloud,24594,13709,9
2026-10-06T06:15:16.843841398Z,18.019484,116.32969,Cloud to Cloud,-19939,18572,13
2026-10-06T06:15:16.840597494Z,18.018584,116.32481,Cloud to Ground,18831,0,12
2026-10-06T06:15:20.928435814Z,19.252213,112.295339,Cloud to Cloud,12091,3005,7
2026-10-06T06:15:20.895714697Z,19.233176,112.323285,Cloud to Ground,28702,0,10
2026-10-06T06:15:20.613071000Z,19.1456,112.2223,Cloud to Ground,26768,0,7
2026-10-06T06:15:20.847867741Z,18.806399,115.07263,Cloud to Ground,-14940,0,16
2026-10-06T06:15:20.773665443Z,18.772639,114.955835,Cloud to Cloud,-4779,7190,7
2026-10-06T06:15:20.876261381Z,14.034048,120.762159,Cloud to Ground,-17737,0,9
2026-10-06T06:15:21.095819175Z,6.745451,111.70257,Cloud to Ground,-35785,0,13
2026-10-06T06:15:21.467404741Z,6.741412,111.690558,Cloud to Ground,-20091,0,9
2026-10-06T06:15:21.083434387Z,6.741571,111.682043,Cloud to Ground,30111,0,19
2026-10-06T06:15:21.161678887Z,7.988229,111.0487,Cloud to Ground,-25461,0,9
2026-10-06T06:15:21.926300634Z,7.840652,111.497163,Cloud to Cloud,-29155,4780,23
2026-10-06T06:15:22.079591141Z,7.73215,111.44898,Cloud to Ground,-21573,0,15
2026-10-06T06:15:22.011770265Z,7.772189,111.486355,Cloud to Ground,28723,0,11
2026-10-06T06:15:21.921601516Z,7.743404,111.456257,Cloud to Ground,42308,0,10
2026-10-06T06:15:21.969625242Z,7.734159,111.460684,Cloud to Ground,65857,0,16
2026-10-06T06:15:22.130507873Z,9.906458,124.348562,Cloud to Ground,-18577,0,9
2026-10-06T06:15:22.223517470Z,7.731759,111.282507,Cloud to Ground,-14170,0,11
2026-10-06T06:15:22.193650909Z,18.564447,112.960692,Cloud to Ground,-41048,0,12
2026-10-06T06:15:22.194980092Z,18.580958,112.955772,Cloud to Cloud,-14599,7729,8
2026-10-06T06:15:22.196176746Z,18.562673,112.874221,Cloud to Cloud,11552,4538,8
2026-10-06T06:15:22.572216358Z,18.578365,112.952592,Cloud to Cloud,15459,17401,8
2026-10-06T06:15:22.192889075Z,18.553016,112.936105,Cloud to Ground,19146,0,8
2026-10-06T06:15:22.232542799Z,18.560233,112.956146,Cloud to Ground,34659,0,14
2026-10-06T06:15:25.535264000Z,9.5217,126.4718,Cloud to Ground,-14723,0,5
2026-10-06T06:15:25.729949530Z,9.562091,126.446527,Cloud to Ground,-14022,0,8
2026-10-06T06:15:25.363132623Z,19.072329,112.335818,Cloud to Cloud,-10902,14937,9
2026-10-06T06:15:25.364921102Z,19.068637,112.331994,Cloud to Ground,12507,0,9
2026-10-06T06:15:25.361500683Z,19.063065,112.253306,Cloud to Ground,17864,0,10
2026-10-06T06:15:25.387956886Z,19.123302,112.443743,Cloud to Cloud,-7309,15662,7
2026-10-06T06:15:26.550332394Z,5.415262,112.65677,Cloud to Ground,-9725,0,9
2026-10-06T06:15:27.343103943Z,11.948228,125.228282,Cloud to Ground,-14606,0,11
2026-10-06T06:15:29.220097638Z,6.108741,115.187213,Cloud to Ground,-50530,0,26
2026-10-06T06:15:29.348630794Z,6.140248,115.150432,Cloud to Cloud,-29701,18470,10
2026-10-06T06:15:28.373495259Z,6.026066,115.20333,Cloud to Ground,-23332,0,20
2026-10-06T06:15:29.345080456Z,6.024364,115.202791,Cloud to Cloud,-12474,3290,14
2026-10-06T06:15:28.589441953Z,6.091637,115.19178,Cloud to Ground,59630,0,11
2026-10-06T06:15:28.702323045Z,6.032417,115.214217,Cloud to Ground,60726,0,16
2026-10-06T06:15:28.630520003Z,5.994909,115.224014,Cloud to Ground,60873,0,20
2026-10-06T06:15:28.761526556Z,5.998461,115.225278,Cloud to Ground,61289,0,14
2026-10-06T06:15:29.348100168Z,6.026071,115.21683,Cloud to Ground,120322,0,17
2026-10-06T06:15:28.382072867Z,6.025891,115.218754,Cloud to Ground,244293,0,19
2026-10-06T06:15:28.311483521Z,5.965612,114.657689,Cloud to Ground,-25225,0,16
2026-10-06T06:15:28.090656000Z,5.8835,113.4646,Cloud to Ground,-64568,0,7
2026-10-06T06:15:28.040262992Z,5.873962,113.463693,Cloud to Ground,-43574,0,11
2026-10-06T06:15:28.237629039Z,5.917355,113.48497,Cloud to Cloud,19079,6825,10
2026-10-06T06:15:28.190147282Z,5.855279,113.50676,Cloud to Ground,39682,0,11
2026-10-06T06:15:28.105760941Z,5.868772,113.484749,Cloud to Ground,44227,0,15
2026-10-06T06:15:28.809564843Z,8.177304,115.110657,Cloud to Cloud,-17802,6474,10
2026-10-06T06:15:28.808095783Z,8.201649,115.129687,Cloud to Ground,34626,0,9
2026-10-06T06:15:29.983837062Z,18.478369,113.781008,Cloud to Cloud,-10972,3064,11
2026-10-06T06:15:29.985722620Z,18.456436,113.790161,Cloud to Cloud,9190,14163,7
2026-10-06T06:15:29.304561067Z,18.485042,113.88531,Cloud to Cloud,-35220,18275,17
2026-10-06T06:15:29.089719565Z,18.493823,113.844798,Cloud to Cloud,-12063,7114,9
2026-10-06T06:15:30.390111224Z,8.763675,126.130127,Cloud to Cloud,18933,12261,7
2026-10-06T06:15:30.570479131Z,8.8569,126.18867,Cloud to Cloud,-5884,16284,5
2026-10-06T06:15:30.989061157Z,8.834958,126.215745,Cloud to Ground,19148,0,17
2026-10-06T06:15:30.892727458Z,8.880958,126.024111,Cloud to Ground,-59337,0,16
2026-10-06T06:15:31.134853840Z,8.85901,126.044114,Cloud to Ground,-27351,0,18
2026-10-06T06:15:30.906846526Z,8.85975,125.972949,Cloud to Cloud,-12449,16405,8
2026-10-06T06:15:31.035489162Z,20.073134,119.38903,Cloud to Cloud,7129,15965,5
2026-10-06T06:15:32.598944167Z,8.293558,111.42046,Cloud to Ground,-18163,0,13
2026-10-06T06:15:32.900771439Z,3.823919,121.051201,Cloud to Ground,-11619,0,10
2026-10-06T06:15:33.922970554Z,8.002727,110.188574,Cloud to Ground,33327,0,9
2026-10-06T06:15:33.921543460Z,8.013246,110.169083,Cloud to Ground,62036,0,10
2026-10-06T06:15:33.446200333Z,17.451455,111.602989,Cloud to Cloud,-50174,10229,11
2026-10-06T06:15:33.365032172Z,17.483021,111.594438,Cloud to Cloud,10412,3008,9
2026-10-06T06:15:33.345465957Z,17.477191,111.641049,Cloud to Cloud,17672,6626,7
2026-10-06T06:15:34.686118201Z,9.528361,126.613145,Cloud to Ground,-21172,0,7
2026-10-06T06:15:34.788364836Z,9.53027,126.614856,Cloud to Ground,-14759,0,7
2026-10-06T06:15:34.609383660Z,9.529809,126.513042,Cloud to Ground,-21700,0,25
2026-10-06T06:15:34.519284506Z,9.530964,126.484728,Cloud to Ground,-20924,0,7
2026-10-06T06:15:34.435390748Z,9.539792,126.484801,Cloud to Ground,-18721,0,9
2026-10-06T06:15:34.366041142Z,9.527093,126.496016,Cloud to Ground,-16416,0,6
2026-10-06T06:15:34.436279485Z,9.537371,126.442685,Cloud to Ground,-13766,0,6
2026-10-06T06:15:35.792262614Z,5.986942,116.786681,Cloud to Cloud,-14104,13836,10
2026-10-06T06:15:35.973912555Z,5.935778,116.816743,Cloud to Ground,31254,0,10
2026-10-06T06:15:36.688852074Z,11.847571,125.432664,Cloud to Cloud,15730,16381,7
2026-10-06T06:15:36.188378387Z,15.645146,119.863767,Cloud to Ground,-10003,0,8
2026-10-06T06:15:37.895170835Z,14.079351,120.731025,Cloud to Ground,-47644,0,11
2026-10-06T06:15:38.113866482Z,14.103471,120.752931,Cloud to Ground,-47422,0,11
2026-10-06T06:15:38.292381667Z,14.101003,120.746265,Cloud to Ground,-21301,0,10
2026-10-06T06:15:38.401936762Z,14.102513,120.748201,Cloud to Ground,-13560,0,8
2026-10-06T06:15:38.142221891Z,14.102396,120.753981,Cloud to Ground,-13535,0,9
2026-10-06T06:15:38.590498263Z,11.933564,125.484143,Cloud to Ground,30389,0,8
2026-10-06T06:15:40.611153579Z,18.431006,113.723664,Cloud to Cloud,38371,3044,11
2026-10-06T06:15:40.619497831Z,18.546156,113.91092,Cloud to Ground,-20241,0,10
2026-10-06T06:15:40.426978499Z,18.453103,113.848105,Cloud to Cloud,-38189,3281,15
2026-10-06T06:15:40.307425739Z,18.447326,113.830152,Cloud to Cloud,-31806,16608,10
2026-10-06T06:15:40.609457593Z,18.413219,113.921183,Cloud to Cloud,-9833,3066,6
2026-10-06T06:15:40.596506266Z,18.407669,113.858097,Cloud to Cloud,-7373,4866,9
2026-10-06T06:15:40.359480841Z,18.453712,113.839773,Cloud to Ground,27833,0,13
2026-10-06T06:15:40.584700738Z,11.932921,125.429961,Cloud to Cloud,6505,7638,5
2026-10-06T06:15:42.986617156Z,19.224778,112.325359,Cloud to Ground,-19170,0,11
2026-10-06T06:15:43.017002050Z,19.237111,112.334416,Cloud to Cloud,14187,11921,11
2026-10-06T06:15:43.632782029Z,9.538159,126.445004,Cloud to Ground,20676,0,12
2026-10-06T06:15:45.663268140Z,8.503214,125.976529,Cloud to Ground,-23393,0,11
2026-10-06T06:15:45.455723067Z,16.28924,119.98283,Cloud to Cloud,4832,6574,6
2026-10-06T06:15:45.356618000Z,16.3294,119.8347,Cloud to Ground,30023,0,6
2026-10-06T06:15:45.786894960Z,11.944169,125.462479,Cloud to Cloud,7888,16869,5
2026-10-06T06:15:46.309938858Z,9.964731,123.912254,Cloud to Ground,-28798,0,10
2026-10-06T06:15:46.134938287Z,9.958307,123.926292,Cloud to Ground,-27425,0,8
2026-10-06T06:15:46.178656000Z,9.9636,123.8874,Cloud to Ground,-27171,0,6
2026-10-06T06:15:46.949858954Z,19.078702,114.808075,Cloud to Ground,-69152,0,12
2026-10-06T06:15:46.953272732Z,19.078142,114.800366,Cloud to Cloud,-10554,3013,7
2026-10-06T06:15:46.986325794Z,19.131117,114.831756,Cloud to Cloud,-9433,6940,7
2026-10-06T06:15:46.975555742Z,19.085058,114.801047,Cloud to Cloud,-7150,19813,11
2026-10-06T06:15:46.955858076Z,19.115686,114.78999,Cloud to Cloud,-4438,3007,5
2026-10-06T06:15:46.959126692Z,19.042001,114.797724,Cloud to Ground,23333,0,11
2026-10-06T06:15:47.253101253Z,16.58322,114.812322,Cloud to Cloud,-13170,6125,11
2026-10-06T06:15:47.434694555Z,16.594384,114.807171,Cloud to Cloud,-9675,4153,6
2026-10-06T06:15:46.852315452Z,16.557192,114.827328,Cloud to Ground,10479,0,7
2026-10-06T06:15:46.598203920Z,14.027491,120.773475,Cloud to Cloud,15422,7375,7
2026-10-06T06:15:47.312642578Z,8.545987,115.133294,Cloud to Cloud,-20486,6184,10
2026-10-06T06:15:47.316672086Z,8.583273,115.12701,Cloud to Ground,-16439,0,14
2026-10-06T06:15:47.311859623Z,8.54508,115.132858,Cloud to Ground,67516,0,16
2026-10-06T06:15:47.903550613Z,11.884038,125.316305,Cloud to Cloud,13299,5218,8
2026-10-06T06:15:47.946360083Z,11.923072,125.365515,Cloud to Cloud,14642,19649,8
2026-10-06T06:15:48.234089023Z,20.616402,123.491761,Cloud to Cloud,5222,14529,6
2026-10-06T06:15:48.277112180Z,20.619689,123.485892,Cloud to Cloud,6336,17911,5
2026-10-06T06:15:48.233613959Z,20.614055,123.482188,Cloud to Cloud,11296,4190,7
2026-10-06T06:15:48.230837710Z,20.615141,123.483145,Cloud to Ground,11617,0,9
2026-10-06T06:15:49.424373529Z,7.706302,111.433984,Cloud to Ground,-82147,0,13
2026-10-06T06:15:49.501106346Z,7.704479,111.301348,Cloud to Ground,-15720,0,14
2026-10-06T06:15:49.580053697Z,7.728814,111.440415,Cloud to Ground,9878,0,7
2026-10-06T06:15:49.412757020Z,7.7158,111.346268,Cloud to Ground,18666,0,10
2026-10-06T06:15:49.575897435Z,7.707218,111.438212,Cloud to Ground,37469,0,15
2026-10-06T06:15:49.524172010Z,7.728319,111.441494,Cloud to Ground,40446,0,12
2026-10-06T06:15:50.288172402Z,5.972657,114.646992,Cloud to Ground,53487,0,7
2026-10-06T06:15:50.864149226Z,17.586988,111.208711,Cloud to Ground,-213357,0,15
2026-10-06T06:15:50.717687596Z,17.634248,111.192593,Cloud to Ground,-27696,0,8
2026-10-06T06:15:50.931938358Z,17.564672,111.30325,Cloud to Ground,-23868,0,9
2026-10-06T06:15:50.715925192Z,17.682861,111.2651,Cloud to Ground,-15434,0,7
2026-10-06T06:15:50.715214835Z,17.646779,111.188869,Cloud to Cloud,-12516,15881,10
2026-10-06T06:15:50.722381730Z,17.630531,111.110223,Cloud to Cloud,12465,18411,8
2026-10-06T06:15:50.780915075Z,17.545859,111.254616,Cloud to Ground,13333,0,6
2026-10-06T06:15:50.716486148Z,17.643953,111.211418,Cloud to Ground,30339,0,12
2026-10-06T06:15:51.607791479Z,18.454256,113.826213,Cloud to Cloud,-83540,3018,18
2026-10-06T06:15:51.798747368Z,18.46378,113.824856,Cloud to Cloud,-20500,10574,13
2026-10-06T06:15:51.637627650Z,18.465117,113.83565,Cloud to Cloud,5998,7950,7
2026-10-06T06:15:52.147107880Z,18.439177,113.76158,Cloud to Cloud,13040,3040,7
2026-10-06T06:15:51.943560485Z,18.448993,113.74483,Cloud to Ground,36400,0,12
2026-10-06T06:15:51.960844514Z,18.460928,113.820105,Cloud to Ground,41265,0,21
2026-10-06T06:15:51.874543406Z,18.463049,113.822736,Cloud to Ground,81578,0,21
2026-10-06T06:15:51.679921942Z,18.452804,113.822474,Cloud to Ground,110109,0,18
2026-10-06T06:15:52.846162852Z,11.171043,110.185769,Cloud to Ground,-47764,0,15
2026-10-06T06:15:53.127587955Z,11.186157,110.198044,Cloud to Ground,-13537,0,7
2026-10-06T06:15:52.842444045Z,11.16816,110.166364,Cloud to Ground,46380,0,8
2026-10-06T06:15:52.924577574Z,11.17385,110.179254,Cloud to Ground,63387,0,10
2026-10-06T06:15:52.982801000Z,11.1975,110.1483,Cloud to Ground,65960,0,7
2026-10-06T06:15:52.924998008Z,11.177269,110.178079,Cloud to Ground,153663,0,15
2026-10-06T06:15:53.240513293Z,17.369731,111.166536,Cloud to Ground,16163,0,6
2026-10-06T06:15:55.231749817Z,15.639231,119.865899,Cloud to Ground,-17728,0,11
2026-10-06T06:15:55.746964590Z,18.509642,114.838735,Cloud to Cloud,9063,3031,8
2026-10-06T06:15:56.458731960Z,5.21272,122.649797,Cloud to Ground,18779,0,18
2026-10-06T06:15:56.805642726Z,9.923627,123.946847,Cloud to Cloud,15385,18671,6
2026-10-06T06:15:57.490631696Z,9.526498,126.474378,Cloud to Ground,-16203,0,14
2026-10-06T06:15:58.021380346Z,9.543447,126.454984,Cloud to Ground,-13531,0,7
2026-10-06T06:15:57.730683548Z,9.533607,126.470344,Cloud to Ground,-12974,0,9
2026-10-06T06:15:57.668345596Z,9.551987,126.488505,Cloud to Ground,10776,0,19
2026-10-06T06:15:57.694258930Z,7.981191,110.002847,Cloud to Ground,-18474,0,8
2026-10-06T06:15:57.693578690Z,8.010657,110.017599,Cloud to Ground,38851,0,9
2026-10-06T06:15:57.411991096Z,14.08576,120.69328,Cloud to Ground,-15228,0,10
2026-10-06T06:15:57.683826761Z,14.035519,120.696411,Cloud to Cloud,-13904,16971,7
2026-10-06T06:15:59.702897925Z,8.603407,130.762057,Cloud to Cloud,-11181,3047,17
2026-10-06T06:15:59.701221979Z,8.588167,130.654889,Cloud to Cloud,14398,5127,13
2026-10-06T06:15:59.702133057Z,8.59401,130.7252,Cloud to Ground,30160,0,15
2026-10-06T06:15:59.946108000Z,8.5982,130.7486,Cloud to Ground,58225,0,7
2026-10-06T06:16:00.677890452Z,18.916721,115.021699,Cloud to Ground,-9311,0,6
2026-10-06T06:16:00.611801191Z,18.921954,115.051935,Cloud to Ground,-7760,0,7
2026-10-06T06:16:00.730246677Z,18.928232,115.038859,Cloud to Ground,-5642,0,5
2026-10-06T06:16:02.006085487Z,14.068993,110.330825,Cloud to Cloud,-24760,13960,10
2026-10-06T06:16:02.091265000Z,14.0858,110.3461,Cloud to Ground,17312,0,6
2026-10-06T06:16:02.012391652Z,14.070115,110.40012,Cloud to Ground,127472,0,9
2026-10-06T06:16:03.378220377Z,19.114872,114.89723,Cloud to Ground,-44549,0,18
2026-10-06T06:16:03.397814895Z,19.087133,114.90218,Cloud to Ground,-16389,0,11
2026-10-06T06:16:03.350345231Z,19.11259,114.878209,Cloud to Cloud,6286,3013,6
2026-10-06T06:16:03.891336499Z,18.45928,113.780148,Cloud to Ground,-5834,0,5
2026-10-06T06:16:03.591671496Z,18.479043,113.929659,Cloud to Cloud,-5119,5376,6
2026-10-06T06:16:03.581657770Z,18.47506,113.845291,Cloud to Ground,18722,0,13
2026-10-06T06:16:07.111421236Z,4.232857,122.644629,Cloud to Ground,-26592,0,17
2026-10-06T06:16:09.161608907Z,14.081239,120.750381,Cloud to Ground,-17358,0,10
2026-10-06T06:16:10.502787290Z,2.664574,110.643555,Cloud to Ground,-19156,0,8
2026-10-06T06:16:10.505359619Z,2.653562,110.643613,Cloud to Ground,8338,0,9
2026-10-06T06:16:10.587249293Z,8.454703,130.271376,Cloud to Cloud,-9009,11625,7
2026-10-06T06:16:12.836536251Z,15.647589,119.879361,Cloud to Ground,-22154,0,12
2026-10-06T06:16:13.090962825Z,15.640245,119.868766,Cloud to Ground,-10585,0,11
2026-10-06T06:16:12.835237948Z,15.627115,119.86337,Cloud to Cloud,-10184,17160,11
2026-10-06T06:16:12.837008150Z,15.620215,119.872499,Cloud to Cloud,-8346,19840,13
2026-10-06T06:16:13.492073677Z,15.637633,119.855711,Cloud to Ground,-6493,0,6
2026-10-06T06:16:13.340257224Z,15.63613,119.858437,Cloud to Ground,-5146,0,5
2026-10-06T06:16:12.665517216Z,18.813799,115.009147,Cloud to Cloud,-14815,5506,8
2026-10-06T06:16:13.954200002Z,9.567528,126.70076,Cloud to Ground,-27745,0,24
2026-10-06T06:16:13.616545763Z,9.55026,126.69895,Cloud to Ground,-15467,0,15
2026-10-06T06:16:13.725520130Z,16.317303,119.96017,Cloud to Ground,-19337,0,10
2026-10-06T06:16:14.090172569Z,16.314779,119.945211,Cloud to Ground,-15374,0,11
2026-10-06T06:16:13.850902512Z,16.320369,119.952732,Cloud to Ground,-8495,0,7
2026-10-06T06:16:13.966680287Z,16.315833,119.958825,Cloud to Ground,-7497,0,8
2026-10-06T06:16:13.922821282Z,16.315365,119.948717,Cloud to Ground,-6221,0,7
2026-10-06T06:16:15.018605618Z,5.907903,113.480961,Cloud to Cloud,-13033,3015,9
2026-10-06T06:16:15.318215868Z,5.91238,113.467534,Cloud to Ground,26347,0,12
2026-10-06T06:16:15.122795650Z,5.894422,113.469857,Cloud to Cloud,29200,4398,8
2026-10-06T06:16:15.048357504Z,5.879676,113.476466,Cloud to Ground,52567,0,17
2026-10-06T06:16:15.085203305Z,5.880926,113.473212,Cloud to Ground,58013,0,20
2026-10-06T06:16:15.271074340Z,5.879716,113.474884,Cloud to Ground,95492,0,19
2026-10-06T06:16:14.988097889Z,5.896493,113.481137,Cloud to Ground,118857,0,22
2026-10-06T06:16:14.845876999Z,6.448797,115.157905,Cloud to Cloud,-31894,16379,8
2026-10-06T06:16:14.847719065Z,6.441595,115.157713,Cloud to Cloud,-26264,19092,9
2026-10-06T06:16:14.845300550Z,6.480193,115.118544,Cloud to Ground,-18626,0,10
2026-10-06T06:16:14.905056717Z,6.014918,114.931288,Cloud to Cloud,-37239,7667,8
2026-10-06T06:16:14.920833956Z,6.058688,114.928448,Cloud to Cloud,-25247,18895,10
2026-10-06T06:16:14.902543683Z,6.046252,114.915478,Cloud to Ground,-23224,0,14
2026-10-06T06:16:15.111739439Z,6.081856,114.97656,Cloud to Ground,16412,0,10
2026-10-06T06:16:14.017901318Z,9.583787,126.832522,Cloud to Cloud,13452,13709,7
2026-10-06T06:16:15.934252615Z,9.544434,126.443116,Cloud to Ground,-24685,0,23
2026-10-06T06:16:15.792677538Z,9.512103,126.458832,Cloud to Ground,-18626,0,14
2026-10-06T06:16:15.838509967Z,9.549703,126.435124,Cloud to Ground,-18172,0,10
2026-10-06T06:16:15.042254643Z,5.729029,113.285382,Cloud to Ground,13425,0,7
2026-10-06T06:16:15.999945348Z,10.817185,123.227363,Cloud to Cloud,11132,5639,10
2026-10-06T06:16:16.443886000Z,8.3421,128.9381,Cloud to Ground,-53954,0,11
2026-10-06T06:16:16.441567413Z,8.296763,128.873103,Cloud to Ground,-31220,0,9
2026-10-06T06:16:16.440906480Z,8.295798,128.864175,Cloud to Ground,60307,0,23
2026-10-06T06:16:16.873875000Z,8.3484,129.0403,Cloud to Ground,58026,0,9
2026-10-06T06:16:16.176296719Z,18.827982,114.806603,Cloud to Cloud,-24674,3040,11
2026-10-06T06:16:16.179793382Z,18.865846,114.800178,Cloud to Cloud,5981,3635,7
2026-10-06T06:16:16.178265817Z,18.868837,114.79997,Cloud to Ground,14676,0,10
2026-10-06T06:16:16.231307179Z,18.869419,114.809557,Cloud to Ground,18658,0,7
2026-10-06T06:16:16.188215269Z,18.890492,114.780391,Cloud to Ground,21169,0,6
2026-10-06T06:16:16.501714000Z,10.6537,124.53,Cloud to Ground,-18898,0,5
2026-10-06T06:16:16.499251673Z,10.600605,124.530636,Cloud to Ground,24299,0,8
2026-10-06T06:16:17.021736874Z,18.486144,113.812476,Cloud to Ground,-22444,0,12
2026-10-06T06:16:17.161277408Z,18.484453,113.81252,Cloud to Ground,-16638,0,12
2026-10-06T06:16:17.595118584Z,18.487512,113.809589,Cloud to Ground,-10148,0,8
2026-10-06T06:16:17.742942647Z,18.475183,113.812019,Cloud to Ground,14507,0,13
2026-10-06T06:16:17.515234911Z,18.467023,113.814286,Cloud to Ground,17403,0,14
2026-10-06T06:16:17.061596841Z,18.465644,113.815757,Cloud to Ground,33340,0,15
2026-10-06T06:16:17.427808542Z,18.462639,113.814546,Cloud to Ground,45101,0,8
2026-10-06T06:16:17.338382564Z,18.466633,113.816314,Cloud to Ground,69265,0,16
2026-10-06T06:16:17.265554802Z,18.462712,113.815255,Cloud to Ground,130102,0,14
2026-10-06T06:16:17.567319000Z,14.1077,120.6927,Cloud to Ground,-15262,0,7
2026-10-06T06:16:18.422980494Z,11.896884,125.328622,Cloud to Cloud,10743,14578,7
2026-10-06T06:16:18.355627914Z,14.842831,120.877314,Cloud to Cloud,14517,19283,7
2026-10-06T06:16:20.143661281Z,19.099329,113.043363,Cloud to Cloud,-13095,3079,11
2026-10-06T06:16:20.132439864Z,19.093019,113.031365,Cloud to Cloud,-10020,3021,7
2026-10-06T06:16:20.130610944Z,19.102582,113.014588,Cloud to Cloud,-5975,3443,7
2026-10-06T06:16:20.137100962Z,19.120246,113.034166,Cloud to Cloud,6618,3065,7
2026-10-06T06:16:20.138658288Z,19.104685,113.054788,Cloud to Cloud,12214,3049,7
2026-10-06T06:16:20.169191337Z,19.10159,112.937879,Cloud to Cloud,13137,14296,13
2026-10-06T06:16:23.683843715Z,14.064022,120.726796,Cloud to Ground,-14519,0,10
2026-10-06T06:16:24.191695057Z,14.058904,120.722738,Cloud to Ground,-7655,0,9
2026-10-06T06:16:25.376912979Z,22.858276,120.68165,Cloud to Cloud,-15173,3502,7
2026-10-06T06:16:25.381264912Z,22.804074,120.705867,Cloud to Cloud,-4755,4795,8
2026-10-06T06:16:25.854028701Z,22.899182,120.621773,Cloud to Cloud,-3614,10740,5
2026-10-06T06:16:25.359496378Z,22.829034,120.705821,Cloud to Cloud,4651,13556,6
2026-10-06T06:16:25.675041697Z,22.834326,120.654088,Cloud to Cloud,4919,3655,6
2026-10-06T06:16:25.380833132Z,18.384342,112.801106,Cloud to Ground,-111975,0,16
2026-10-06T06:16:25.410820931Z,18.372906,112.805015,Cloud to Ground,-36536,0,7
2026-10-06T06:16:25.482949130Z,18.381228,112.804977,Cloud to Cloud,20252,3020,10
2026-10-06T06:16:25.448358859Z,18.39095,112.800211,Cloud to Ground,82675,0,22
2026-10-06T06:16:27.945166525Z,5.879091,116.729205,Cloud to Ground,9388,0,7
2026-10-06T06:16:27.865980554Z,9.515145,126.610779,Cloud to Ground,-23137,0,8
2026-10-06T06:16:27.596063022Z,11.940547,125.429178,Cloud to Ground,13468,0,6
2026-10-06T06:16:28.053294590Z,9.519598,126.463804,Cloud to Ground,-21200,0,7
2026-10-06T06:16:27.765964146Z,9.502163,126.46731,Cloud to Ground,-17239,0,12
2026-10-06T06:16:27.707279983Z,9.520485,126.451853,Cloud to Ground,-8160,0,6
2026-10-06T06:16:29.419202485Z,6.500459,112.969849,Cloud to Ground,-76047,0,11
2026-10-06T06:16:29.502400732Z,6.491697,112.915378,Cloud to Ground,-50273,0,27
2026-10-06T06:16:29.414485666Z,6.516351,112.939988,Cloud to Ground,-35388,0,9
2026-10-06T06:16:30.084947135Z,6.590412,112.920736,Cloud to Ground,25744,0,8
2026-10-06T06:16:29.489977273Z,6.476216,112.948261,Cloud to Ground,27042,0,14
2026-10-06T06:16:30.006293434Z,6.493455,112.960074,Cloud to Ground,27703,0,10
2026-10-06T06:16:29.523109520Z,6.51433,112.949256,Cloud to Ground,36425,0,10
2026-10-06T06:16:29.517163892Z,6.479235,112.948151,Cloud to Ground,39990,0,18
2026-10-06T06:16:29.906075369Z,9.902126,124.313007,Cloud to Ground,-19685,0,7
2026-10-06T06:16:29.748766525Z,11.914463,125.498078,Cloud to Ground,10040,0,6
2026-10-06T06:16:30.869093184Z,5.420313,112.627019,Cloud to Ground,-32513,0,14
2026-10-06T06:16:30.862808021Z,5.373043,112.64707,Cloud to Ground,-26367,0,7
2026-10-06T06:16:30.819115000Z,11.9804,125.3765,Cloud to Ground,-27741,0,8
2026-10-06T06:16:31.155997387Z,11.959215,125.389088,Cloud to Ground,-26449,0,9
2026-10-06T06:16:31.071646846Z,11.946022,125.374722,Cloud to Ground,-21617,0,14
2026-10-06T06:16:31.005037813Z,11.951465,125.290365,Cloud to Ground,-21456,0,23
2026-10-06T06:16:31.629219946Z,11.95662,125.387844,Cloud to Ground,-19144,0,9
2026-10-06T06:16:31.655827177Z,14.121342,120.690876,Cloud to Cloud,16878,17526,8
2026-10-06T06:16:31.506063180Z,10.835992,123.216238,Cloud to Cloud,16886,17473,7
2026-10-06T06:16:32.789522013Z,9.432767,118.494402,Cloud to Ground,15528,0,9
2026-10-06T06:16:32.773683593Z,9.506579,118.483649,Cloud to Ground,35504,0,8
2026-10-06T06:16:33.966260500Z,11.20214,110.150403,Cloud to Ground,-9173,0,7
2026-10-06T06:16:34.184419439Z,6.038572,115.198298,Cloud to Cloud,-21984,13240,8
2026-10-06T06:16:34.312403887Z,6.054602,115.215098,Cloud to Ground,29596,0,9
2026-10-06T06:16:34.285522561Z,6.017845,115.233932,Cloud to Ground,100699,0,21
2026-10-06T06:16:34.192680520Z,6.02392,115.230664,Cloud to Ground,214833,0,27
2026-10-06T06:16:35.455333826Z,6.043025,114.610269,Cloud to Ground,30296,0,10
2026-10-06T06:16:35.333136455Z,19.047108,114.805018,Cloud to Cloud,-9981,4578,8
2026-10-06T06:16:35.096979722Z,19.055018,114.799002,Cloud to Ground,-6581,0,7
2026-10-06T06:16:35.046183699Z,19.056584,114.79489,Cloud to Cloud,-5145,3048,6
2026-10-06T06:16:35.044469915Z,19.065855,114.793479,Cloud to Cloud,5869,6860,7
2026-10-06T06:16:35.117418192Z,19.062156,114.794093,Cloud to Cloud,13169,3025,11
2026-10-06T06:16:35.129864323Z,14.037152,120.765474,Cloud to Cloud,11142,19008,8
2026-10-06T06:16:35.143662480Z,14.10594,120.727243,Cloud to Cloud,12050,3745,14
2026-10-06T06:16:37.434666251Z,18.402901,113.928715,Cloud to Cloud,-10154,5707,9
2026-10-06T06:16:36.956524214Z,18.451295,113.843613,Cloud to Ground,-8923,0,6
2026-10-06T06:16:37.669863953Z,18.470139,113.748194,Cloud to Cloud,-6529,5064,8
2026-10-06T06:16:37.462372256Z,18.459847,113.842946,Cloud to Ground,8059,0,8
2026-10-06T06:16:37.669415790Z,18.477852,113.778889,Cloud to Cloud,11113,4253,9
2026-10-06T06:16:36.962035740Z,18.454282,113.779777,Cloud to Cloud,11365,3057,7
2026-10-06T06:16:37.734887411Z,18.473022,113.775294,Cloud to Ground,28806,0,15
2026-10-06T06:16:38.074702658Z,7.997687,111.052616,Cloud to Ground,-25221,0,9
2026-10-06T06:16:38.635818202Z,9.463596,118.501502,Cloud to Ground,-54102,0,16
2026-10-06T06:16:39.374623534Z,4.21157,122.603622,Cloud to Ground,-66395,0,29
2026-10-06T06:16:39.695086300Z,4.123555,122.599991,Cloud to Ground,-20297,0,21
2026-10-06T06:16:38.546750776Z,4.233238,122.676814,Cloud to Ground,-14328,0,14
2026-10-06T06:16:39.723149804Z,4.20046,122.585936,Cloud to Ground,-13906,0,17
2026-10-06T06:16:39.182278534Z,4.303626,122.638942,Cloud to Ground,-13058,0,21
2026-10-06T06:16:38.721118340Z,4.219643,122.668826,Cloud to Ground,21048,0,14
2026-10-06T06:16:39.238261939Z,19.232561,112.29392,Cloud to Cloud,-24469,19511,12
2026-10-06T06:16:40.629919378Z,8.310989,111.4811,Cloud to Ground,-109270,0,16
2026-10-06T06:16:40.622053422Z,8.296246,111.467627,Cloud to Ground,-33085,0,9
2026-10-06T06:16:40.703614030Z,8.358605,111.447597,Cloud to Ground,-27968,0,20
2026-10-06T06:16:41.026413234Z,8.281523,111.408762,Cloud to Ground,-24050,0,9
2026-10-06T06:16:41.025627455Z,8.278462,111.427657,Cloud to Ground,-20013,0,19
2026-10-06T06:16:41.245598755Z,8.289916,111.473006,Cloud to Ground,28733,0,7
2026-10-06T06:16:40.696839289Z,5.998528,114.642215,Cloud to Ground,-98523,0,8
2026-10-06T06:16:40.464610334Z,21.257667,123.188619,Cloud to Cloud,6149,18199,8
2026-10-06T06:16:40.453568719Z,21.276775,123.173542,Cloud to Cloud,7224,5673,5
2026-10-06T06:16:40.452351163Z,21.27818,123.177016,Cloud to Cloud,9057,3004,7
2026-10-06T06:16:40.447596770Z,21.269579,123.177585,Cloud to Cloud,13260,5200,8
2026-10-06T06:16:41.528514522Z,19.223034,112.306638,Cloud to Ground,-12365,0,11
2026-10-06T06:16:42.261835330Z,10.893584,123.199442,Cloud to Ground,-21920,0,11
2026-10-06T06:16:42.339460165Z,10.890698,123.190973,Cloud to Ground,-16248,0,7
2026-10-06T06:16:43.474185686Z,21.924957,124.275146,Cloud to Ground,17204,0,10
2026-10-06T06:16:43.495740886Z,21.847098,124.328505,Cloud to Cloud,-6199,9520,7
2026-10-06T06:16:43.517817559Z,21.870212,124.42352,Cloud to Cloud,-5409,10685,6
2026-10-06T06:16:43.469847542Z,21.833598,124.411674,Cloud to Cloud,4792,10775,7
2026-10-06T06:16:43.474702302Z,21.808548,124.287787,Cloud to Cloud,12350,10015,10
2026-10-06T06:16:43.475750941Z,21.785462,124.308639,Cloud to Cloud,15667,10556,9
2026-10-06T06:16:44.875540181Z,16.526389,116.473529,Cloud to Cloud,-13096,16999,9
2026-10-06T06:16:44.877385506Z,16.504288,116.415746,Cloud to Cloud,-7241,8296,7
2026-10-06T06:16:44.075969436Z,11.089745,119.578485,Cloud to Cloud,23375,3016,10
2026-10-06T06:16:45.965060475Z,18.504452,113.891585,Cloud to Ground,-15553,0,10
2026-10-06T06:16:45.992865050Z,18.498238,113.899422,Cloud to Ground,-7207,0,7
2026-10-06T06:16:45.925686630Z,18.493567,113.895063,Cloud to Ground,-6816,0,9
2026-10-06T06:16:45.002177936Z,19.293017,112.363583,Cloud to Cloud,-7044,3054,6
2026-10-06T06:16:46.267463141Z,18.519025,112.927022,Cloud to Ground,-25679,0,7
2026-10-06T06:16:46.491532425Z,18.5247,112.938495,Cloud to Ground,-13576,0,8
2026-10-06T06:16:46.249652191Z,18.54666,112.914917,Cloud to Cloud,-6747,6528,6
2026-10-06T06:16:46.274854889Z,18.54363,112.910386,Cloud to Ground,25244,0,11
2026-10-06T06:16:46.263171195Z,18.534981,112.921923,Cloud to Ground,66236,0,18
2026-10-06T06:16:48.018485986Z,5.298073,119.173122,Cloud to Ground,-14791,0,17
2026-10-06T06:16:48.233216175Z,15.605716,119.848362,Cloud to Ground,-22006,0,11
2026-10-06T06:16:48.990155466Z,14.076508,120.675896,Cloud to Ground,-14028,0,10
2026-10-06T06:16:49.064682753Z,14.074878,120.679292,Cloud to Ground,-13921,0,9
2026-10-06T06:16:48.772892731Z,14.076533,120.679583,Cloud to Ground,-13862,0,11
2026-10-06T06:16:48.911026978Z,14.072366,120.678026,Cloud to Ground,-8532,0,6
2026-10-06T06:16:49.293945332Z,8.827534,125.966522,Cloud to Ground,-32031,0,20
2026-10-06T06:16:49.431780101Z,8.772302,125.977566,Cloud to Ground,-13525,0,17
2026-10-06T06:16:49.230510000Z,8.8195,126.124,Cloud to Ground,-40397,0,6
2026-10-06T06:16:49.348658000Z,8.7952,126.1078,Cloud to Ground,-20046,0,8
2026-10-06T06:16:50.491491497Z,18.916761,115.059067,Cloud to Ground,-7944,0,7
2026-10-06T06:16:50.388784224Z,18.906347,115.053607,Cloud to Ground,34655,0,14
2026-10-06T06:16:50.641799298Z,18.903553,115.056502,Cloud to Ground,37820,0,12
2026-10-06T06:16:52.490392502Z,18.776676,114.965506,Cloud to Cloud,-5020,3409,6
2026-10-06T06:16:52.526416581Z,18.796235,115.065553,Cloud to Ground,-24966,0,10
2026-10-06T06:16:52.472995044Z,18.794239,115.06592,Cloud to Cloud,10310,6788,10
2026-10-06T06:16:52.427955296Z,18.775817,115.061617,Cloud to Ground,80133,0,15
2026-10-06T06:16:53.832779524Z,9.550965,126.477003,Cloud to Ground,-28650,0,28
2026-10-06T06:16:53.987534554Z,9.55126,126.437377,Cloud to Ground,-23219,0,13
2026-10-06T06:16:53.895498807Z,9.559768,126.449521,Cloud to Ground,-21113,0,9
2026-10-06T06:16:53.928410287Z,9.5431,126.446913,Cloud to Ground,-19261,0,17
2026-10-06T06:16:54.311414332Z,9.547417,126.453651,Cloud to Ground,-15538,0,14
2026-10-06T06:16:54.416379875Z,9.558702,126.449445,Cloud to Ground,-13649,0,10
2026-10-06T06:16:54.334576401Z,9.547967,126.448214,Cloud to Ground,-13276,0,7
2026-10-06T06:16:54.116284493Z,9.550145,126.459635,Cloud to Ground,-10314,0,12
2026-10-06T06:16:53.404846586Z,18.438232,113.843222,Cloud to Ground,-31784,0,12
2026-10-06T06:16:53.038954398Z,18.428616,113.826352,Cloud to Ground,-29917,0,12
2026-10-06T06:16:52.855762787Z,18.435149,113.837075,Cloud to Cloud,-29039,9092,14
2026-10-06T06:16:53.131502264Z,18.433679,113.843851,Cloud to Cloud,-17437,4415,14
2026-10-06T06:16:53.134530594Z,18.454526,113.777472,Cloud to Ground,-13797,0,7
2026-10-06T06:16:52.921800922Z,18.428591,113.848114,Cloud to Ground,-11850,0,10
2026-10-06T06:16:52.923095450Z,18.460441,113.836469,Cloud to Cloud,8618,3028,12
2026-10-06T06:16:53.405487218Z,18.422215,113.749207,Cloud to Cloud,12942,3925,8
2026-10-06T06:16:53.039530848Z,18.448286,113.811741,Cloud to Ground,20540,0,11
2026-10-06T06:16:54.917325763Z,6.812622,111.722008,Cloud to Ground,-11536,0,8
2026-10-06T06:16:54.443309259Z,6.750091,111.701135,Cloud to Ground,143476,0,23
2026-10-06T06:16:54.145548698Z,7.966745,110.022127,Cloud to Ground,24335,0,8
2026-10-06T06:16:53.923847531Z,7.987364,110.030607,Cloud to Ground,36492,0,8
2026-10-06T06:16:54.226591945Z,7.902954,110.011199,Cloud to Ground,52109,0,10
2026-10-06T06:16:54.591283084Z,5.235186,122.638917,Cloud to Ground,12961,0,8
2026-10-06T06:16:56.490965350Z,10.005642,123.957847,Cloud to Ground,-19175,0,15
2026-10-06T06:16:57.444209555Z,5.43781,112.726866,Cloud to Ground,-26764,0,12
2026-10-06T06:16:58.171958154Z,5.497474,112.823403,Cloud to Ground,11949,0,7
2026-10-06T06:16:58.186861575Z,5.424725,112.774538,Cloud to Ground,19968,0,8
2026-10-06T06:16:58.074559329Z,5.485245,112.810334,Cloud to Ground,102451,0,13
2026-10-06T06:16:58.495775440Z,6.636798,115.324139,Cloud to Ground,-21411,0,13
2026-10-06T06:16:58.196724336Z,6.754967,115.27695,Cloud to Cloud,-33266,3005,8
2026-10-06T06:16:58.289171289Z,6.733646,115.275736,Cloud to Cloud,25342,3019,7
2026-10-06T06:16:58.273836000Z,6.715661,115.268076,Cloud to Ground,40615,0,16
2026-10-06T06:16:58.263878639Z,6.777613,115.268499,Cloud to Ground,52952,0,25
2026-10-06T06:16:58.201276453Z,6.712209,115.2696,Cloud to Ground,117411,0,17
2026-10-06T06:16:59.382486502Z,9.162905,114.552417,Cloud to Cloud,-85415,3033,13
2026-10-06T06:16:59.480063073Z,9.207927,114.568431,Cloud to Ground,28050,0,10
2026-10-06T06:16:59.567982329Z,9.157316,114.541008,Cloud to Ground,36941,0,16
2026-10-06T06:16:59.852851014Z,7.738694,111.426717,Cloud to Ground,-28520,0,10
2026-10-06T06:16:59.851589330Z,7.818244,111.452172,Cloud to Ground,-23212,0,13
2026-10-06T06:16:59.858248648Z,7.801201,111.475168,Cloud to Ground,-15554,0,7
2026-10-06T06:17:00.149007622Z,6.734672,115.378182,Cloud to Ground,110903,0,27
2026-10-06T06:17:01.400983480Z,11.963925,125.123085,Cloud to Ground,-12182,0,23
2026-10-06T06:17:01.270230187Z,11.917214,125.200739,Cloud to Cloud,18649,19370,8
2026-10-06T06:17:01.804126578Z,14.072833,120.726885,Cloud to Ground,-16652,0,11
2026-10-06T06:17:02.065859621Z,14.072101,120.731391,Cloud to Ground,-7875,0,9
2026-10-06T06:17:02.199816654Z,6.495278,112.859798,Cloud to Ground,-22298,0,8
2026-10-06T06:17:03.908253304Z,5.999278,114.649052,Cloud to Ground,-43236,0,11
2026-10-06T06:17:06.254640593Z,5.544635,115.915548,Cloud to Ground,-19527,0,22
2026-10-06T06:17:07.835867000Z,19.0855,113.0591,Cloud to Ground,-96959,0,11
2026-10-06T06:17:07.708402415Z,19.12229,113.033429,Cloud to Cloud,-22524,4638,13
2026-10-06T06:17:07.859481306Z,19.077569,112.942051,Cloud to Cloud,-9561,3898,6
2026-10-06T06:17:07.848688329Z,19.091621,113.064548,Cloud to Cloud,-8903,3018,6
2026-10-06T06:17:07.761971326Z,19.107826,113.025176,Cloud to Cloud,-8599,5830,8
2026-10-06T06:17:07.771549092Z,19.120257,113.133004,Cloud to Cloud,-6813,5371,8
2026-10-06T06:17:07.722594232Z,19.094571,113.039416,Cloud to Cloud,9874,3004,10
2026-10-06T06:17:07.716039526Z,19.102871,112.944813,Cloud to Cloud,19762,15296,8
2026-10-06T06:17:09.645224307Z,5.957423,113.479681,Cloud to Ground,-26295,0,13
2026-10-06T06:17:09.460327569Z,5.878647,113.491663,Cloud to Cloud,-24656,3235,11
2026-10-06T06:17:09.363206457Z,5.932574,113.492107,Cloud to Cloud,-18346,3069,11
2026-10-06T06:17:09.364825198Z,5.875624,113.499303,Cloud to Ground,-16862,0,8
2026-10-06T06:17:09.368673243Z,5.938517,113.500483,Cloud to Cloud,-11529,3686,15
2026-10-06T06:17:09.278828653Z,4.368208,114.325028,Cloud to Ground,46298,0,11
2026-10-06T06:17:09.354608000Z,18.496506,113.857462,Cloud to Cloud,-21935,7456,11
2026-10-06T06:17:09.604452934Z,18.454298,113.817913,Cloud to Cloud,-7763,3024,9
2026-10-06T06:17:09.467914677Z,18.487138,113.874774,Cloud to Cloud,6437,5146,9
2026-10-06T06:17:09.684933893Z,18.454264,113.765726,Cloud to Cloud,9018,6130,9
2026-10-06T06:17:09.251967969Z,18.485402,113.783417,Cloud to Ground,15297,0,15
2026-10-06T06:17:09.132102331Z,18.464407,113.798619,Cloud to Cloud,18899,3396,9
2026-10-06T06:17:10.495777127Z,16.332483,119.927199,Cloud to Cloud,-14852,11832,10
2026-10-06T06:17:10.524684734Z,16.308207,119.929453,Cloud to Ground,-14806,0,12
2026-10-06T06:17:10.559686316Z,16.25803,119.975077,Cloud to Cloud,24005,16230,15
2026-10-06T06:17:10.119625846Z,16.585815,114.815806,Cloud to Ground,-40235,0,11
2026-10-06T06:17:10.169652860Z,16.5998,114.812282,Cloud to Cloud,-32092,3125,12
2026-10-06T06:17:10.148908384Z,16.580955,114.812184,Cloud to Cloud,-30483,5683,17
2026-10-06T06:17:10.220933284Z,16.58926,114.812023,Cloud to Ground,-8116,0,7
2026-10-06T06:17:10.112872767Z,16.576162,114.816205,Cloud to Cloud,10094,18215,7
2026-10-06T06:17:10.213663555Z,16.592438,114.810404,Cloud to Ground,37234,0,11
2026-10-06T06:17:10.233915289Z,16.590818,114.811481,Cloud to Ground,48648,0,16
2026-10-06T06:17:12.896036875Z,19.219794,112.26338,Cloud to Ground,-7204,0,6
2026-10-06T06:17:13.545132017Z,18.153928,112.479715,Cloud to Ground,-101893,0,14
2026-10-06T06:17:13.553232513Z,18.125216,112.418758,Cloud to Ground,-7664,0,5
2026-10-06T06:17:14.957678017Z,5.389785,112.641256,Cloud to Ground,-19299,0,20
2026-10-06T06:17:14.802279662Z,16.533522,114.787241,Cloud to Cloud,6547,5929,7
2026-10-06T06:17:15.554731134Z,9.948398,123.969217,Cloud to Cloud,36962,9329,10
2026-10-06T06:17:15.689448011Z,11.940057,125.381244,Cloud to Cloud,5794,5959,5
2026-10-06T06:17:19.552809038Z,18.915157,115.029691,Cloud to Ground,-24391,0,11
2026-10-06T06:17:19.572204968Z,18.953402,115.123549,Cloud to Cloud,9566,4377,7
2026-10-06T06:17:21.898992531Z,6.052356,114.919454,Cloud to Ground,-32977,0,19
2026-10-06T06:17:21.896984746Z,6.084043,114.937447,Cloud to Cloud,-8163,15640,9
2026-10-06T06:17:22.841109785Z,13.991631,120.754975,Cloud to Cloud,22490,17430,9
2026-10-06T06:17:23.427477549Z,9.557279,126.454801,Cloud to Cloud,9000,13925,6
2026-10-06T06:17:24.782242295Z,6.015394,115.232642,Cloud to Cloud,18942,13301,15
2026-10-06T06:17:24.502462960Z,6.013934,115.237722,Cloud to Ground,20856,0,14
2026-10-06T06:17:24.039861825Z,6.039629,115.232683,Cloud to Ground,21693,0,9
2026-10-06T06:17:23.928063095Z,6.041193,115.234809,Cloud to Cloud,25127,5988,12
2026-10-06T06:17:24.199917895Z,6.008557,115.236343,Cloud to Ground,28538,0,16
2026-10-06T06:17:24.718814607Z,6.042316,115.233816,Cloud to Ground,30381,0,9
2026-10-06T06:17:24.381708680Z,6.007231,115.237167,Cloud to Ground,38286,0,13
2026-10-06T06:17:23.895905316Z,6.041086,115.232845,Cloud to Ground,50817,0,13
2026-10-06T06:17:24.629112256Z,6.00669,115.247067,Cloud to Ground,52837,0,16
2026-10-06T06:17:24.014927835Z,6.00617,115.24426,Cloud to Ground,92896,0,26
2026-10-06T06:17:23.829955604Z,6.016162,115.256923,Cloud to Ground,130166,0,19
2026-10-06T06:17:24.355904112Z,14.08319,120.719835,Cloud to Cloud,5595,6211,6
2026-10-06T06:17:24.385982807Z,14.02899,120.77885,Cloud to Ground,17882,0,10
2026-10-06T06:17:25.220228369Z,4.237342,122.71787,Cloud to Ground,-52169,0,24
2026-10-06T06:17:25.261154705Z,4.241203,122.707179,Cloud to Ground,-28719,0,25
2026-10-06T06:17:25.379072549Z,3.966527,122.759993,Cloud to Ground,-18229,0,25
2026-10-06T06:17:25.431570248Z,4.325437,122.67342,Cloud to Ground,-10532,0,7
2026-10-06T06:17:25.990784946Z,11.16192,110.100486,Cloud to Cloud,-16988,3000,8
2026-10-06T06:17:25.994674258Z,18.962942,114.878392,Cloud to Cloud,4939,7778,6
2026-10-06T06:17:25.565348105Z,15.564706,116.37908,Cloud to Cloud,-7779,6699,7
2026-10-06T06:17:25.683130579Z,18.9423,114.749941,Cloud to Ground,-8005,0,7
2026-10-06T06:17:25.740501527Z,18.392555,112.815054,Cloud to Cloud,-11729,3011,9
2026-10-06T06:17:25.742914930Z,18.385295,112.80985,Cloud to Ground,21461,0,8
2026-10-06T06:17:27.482996534Z,11.943356,125.377305,Cloud to Cloud,9031,6244,6
2026-10-06T06:17:27.577180523Z,11.93943,125.30794,Cloud to Ground,20020,0,16
2026-10-06T06:17:27.164067681Z,14.096034,120.695492,Cloud to Ground,-26537,0,13
2026-10-06T06:17:29.223624494Z,22.818665,120.68601,Cloud to Cloud,-3966,11022,6
2026-10-06T06:17:29.275150814Z,15.629789,119.890415,Cloud to Ground,-8383,0,10
2026-10-06T06:17:29.558581534Z,18.78334,115.029823,Cloud to Ground,-8949,0,7
2026-10-06T06:17:29.590935595Z,18.800475,115.059032,Cloud to Cloud,5573,4882,6
2026-10-06T06:17:29.497359000Z,18.8301,115.0236,Cloud to Ground,9574,0,13
2026-10-06T06:17:29.527779791Z,18.886658,115.094257,Cloud to Cloud,12602,3082,8
2026-10-06T06:17:31.571384317Z,21.994843,124.527402,Cloud to Ground,19304,0,9
2026-10-06T06:17:31.570674610Z,22.032102,124.501624,Cloud to Ground,23705,0,8
2026-10-06T06:17:31.577298603Z,21.932613,124.622514,Cloud to Cloud,-5942,16182,7
2026-10-06T06:17:31.571979670Z,21.943234,124.627086,Cloud to Ground,15235,0,8
2026-10-06T06:17:32.652896479Z,18.44688,113.874089,Cloud to Ground,-87358,0,18
2026-10-06T06:17:33.260277768Z,18.459398,113.87163,Cloud to Cloud,-23944,4103,11
2026-10-06T06:17:33.034285750Z,18.402171,113.789523,Cloud to Ground,-7864,0,8
2026-10-06T06:17:32.850221277Z,18.461315,113.87741,Cloud to Cloud,7099,3018,7
2026-10-06T06:17:33.273484208Z,18.464446,113.884212,Cloud to Cloud,13230,3101,8
2026-10-06T06:17:32.699984761Z,18.448958,113.874497,Cloud to Cloud,13513,3075,11
2026-10-06T06:17:33.351693731Z,18.500613,113.978906,Cloud to Ground,14875,0,7
2026-10-06T06:17:32.676484134Z,18.457583,113.864318,Cloud to Ground,16284,0,11
2026-10-06T06:17:32.894718897Z,18.508237,114.00153,Cloud to Ground,18487,0,7
2026-10-06T06:17:33.031974584Z,18.448778,113.867718,Cloud to Ground,25126,0,12
2026-10-06T06:17:33.027476568Z,18.459359,113.867054,Cloud to Ground,41243,0,20
2026-10-06T06:17:33.130868359Z,18.455095,113.863805,Cloud to Ground,48700,0,18
2026-10-06T06:17:32.851570107Z,18.46296,113.870406,Cloud to Ground,60861,0,23
2026-10-06T06:17:32.953935330Z,18.4563,113.865402,Cloud to Ground,91767,0,20
2026-10-06T06:17:32.787930111Z,18.436528,113.832895,Cloud to Ground,103459,0,11
2026-10-06T06:17:32.700608000Z,18.5117,113.9549,Cloud to Ground,133789,0,6
2026-10-06T06:17:33.161908027Z,9.52211,126.44807,Cloud to Ground,-17546,0,8
2026-10-06T06:17:33.328992197Z,9.536158,126.465582,Cloud to Ground,-15290,0,8
2026-10-06T06:17:33.377520904Z,8.306632,128.673714,Cloud to Cloud,-10291,19545,13
2026-10-06T06:17:33.956992563Z,5.43205,112.797304,Cloud to Ground,-30128,0,18
2026-10-06T06:17:33.105336651Z,6.481465,112.931243,Cloud to Ground,-55160,0,9
2026-10-06T06:17:33.103488409Z,6.504232,112.940384,Cloud to Ground,-30826,0,8
2026-10-06T06:17:33.151094135Z,6.53091,112.938686,Cloud to Ground,-29992,0,11
2026-10-06T06:17:33.105752833Z,6.484352,112.932785,Cloud to Ground,-19599,0,10
2026-10-06T06:17:33.877960399Z,6.021173,114.725317,Cloud to Cloud,-41639,16868,9
2026-10-06T06:17:33.875315554Z,6.039754,114.691519,Cloud to Ground,-14414,0,11
2026-10-06T06:17:34.734811795Z,5.224108,122.661589,Cloud to Ground,-15442,0,11
2026-10-06T06:17:35.524573427Z,9.902868,123.949762,Cloud to Ground,-26807,0,8
2026-10-06T06:17:35.454047084Z,9.921461,123.965701,Cloud to Ground,-21044,0,11
2026-10-06T06:17:35.709277259Z,17.952925,120.801027,Cloud to Ground,-31747,0,9
2026-10-06T06:17:35.623931341Z,17.91649,120.809335,Cloud to Cloud,14162,3002,11
2026-10-06T06:17:35.674258707Z,11.947794,125.413403,Cloud to Cloud,8643,18664,9
2026-10-06T06:17:37.403192017Z,16.298558,119.877708,Cloud to Ground,-10121,0,10
2026-10-06T06:17:37.077554459Z,19.26157,117.737634,Cloud to Cloud,9192,3027,6
2026-10-06T06:17:39.898666501Z,10.397655,127.807329,Cloud to Ground,26465,0,15
2026-10-06T06:17:39.827862163Z,10.399484,127.916347,Cloud to Ground,42731,0,19
2026-10-06T06:17:39.876658843Z,10.39648,127.918057,Cloud to Ground,48137,0,20
2026-10-06T06:17:41.262817187Z,10.888334,123.215683,Cloud to Ground,-23970,0,9
2026-10-06T06:17:44.061918876Z,19.146099,113.06023,Cloud to Cloud,-7519,3486,7
2026-10-06T06:17:44.071998893Z,19.110847,113.026909,Cloud to Cloud,-6491,5970,9
2026-10-06T06:17:45.622618550Z,3.830487,121.037378,Cloud to Cloud,-10329,10686,11
2026-10-06T06:17:45.330660557Z,14.083723,120.769972,Cloud to Cloud,-6104,6217,7
2026-10-06T06:17:46.864151000Z,19.064,114.7673,Cloud to Ground,-23051,0,7
2026-10-06T06:17:46.875674883Z,19.053211,114.803357,Cloud to Cloud,-7465,14700,6
2026-10-06T06:17:47.172929851Z,19.049157,114.685772,Cloud to Cloud,-6126,3033,7
2026-10-06T06:17:46.867309210Z,19.066905,114.772054,Cloud to Ground,8876,0,7
2026-10-06T06:17:47.597921806Z,11.941828,125.280515,Cloud to Ground,-10058,0,15
2026-10-06T06:17:48.741728024Z,6.81995,111.714458,Cloud to Ground,-16899,0,14
2026-10-06T06:17:48.643664044Z,14.615947,121.309949,Cloud to Ground,-42916,0,9
2026-10-06T06:17:48.632448002Z,14.543903,121.333487,Cloud to Ground,-30926,0,14
2026-10-06T06:17:48.785814310Z,14.529525,121.343051,Cloud to Cloud,-15215,13602,10
2026-10-06T06:17:49.807564197Z,18.475567,113.779493,Cloud to Ground,-8352,0,8
2026-10-06T06:17:50.277284061Z,18.422001,113.772133,Cloud to Cloud,-7398,3016,6
2026-10-06T06:17:50.142639492Z,18.477329,113.874241,Cloud to Cloud,-5551,18051,7
2026-10-06T06:17:50.162998350Z,18.461611,113.808875,Cloud to Cloud,-4709,5402,7
2026-10-06T06:17:49.800783810Z,18.510995,113.86633,Cloud to Ground,6334,0,7
2026-10-06T06:17:49.886158344Z,18.450302,113.838646,Cloud to Cloud,7111,3053,10
2026-10-06T06:17:50.305484683Z,18.431178,113.803566,Cloud to Cloud,7969,3013,6
2026-10-06T06:17:49.849219934Z,18.444912,113.838561,Cloud to Ground,93981,0,14
2026-10-06T06:17:49.741961000Z,14.0559,120.8454,Cloud to Ground,867,0,5
2026-10-06T06:17:50.432472794Z,16.502457,116.449671,Cloud to Ground,-8286,0,6
2026-10-06T06:17:51.911013807Z,5.933262,116.824834,Cloud to Ground,-24096,0,11
2026-10-06T06:17:51.726277048Z,9.545953,126.461724,Cloud to Ground,13262,0,9
2026-10-06T06:17:51.450785207Z,9.543986,126.474243,Cloud to Ground,17067,0,20
2026-10-06T06:17:51.404149494Z,7.361619,115.809162,Cloud to Ground,-18922,0,12
2026-10-06T06:17:51.696096282Z,7.41273,115.785431,Cloud to Cloud,6816,4960,8
2026-10-06T06:17:51.574614800Z,7.405688,115.773286,Cloud to Ground,37220,0,10
2026-10-06T06:17:52.888916641Z,16.606608,114.86621,Cloud to Cloud,-14548,3047,8
2026-10-06T06:17:52.917934511Z,16.602895,114.821505,Cloud to Ground,24216,0,12
2026-10-06T06:17:53.197490415Z,9.9446,123.914159,Cloud to Ground,-24143,0,7
2026-10-06T06:17:52.824665221Z,9.944692,123.916146,Cloud to Ground,-16163,0,6
2026-10-06T06:17:55.417793932Z,14.09565,120.709171,Cloud to Cloud,-17827,19845,7
2026-10-06T06:17:54.902696505Z,18.916422,115.049566,Cloud to Ground,-23506,0,14
2026-10-06T06:17:55.118648165Z,18.92954,115.010843,Cloud to Cloud,-8626,3028,8
2026-10-06T06:17:55.154155383Z,18.897558,115.045713,Cloud to Ground,28647,0,8
2026-10-06T06:17:58.470206985Z,5.431044,112.641354,Cloud to Ground,-38260,0,15
2026-10-06T06:17:57.978579115Z,5.357924,112.658164,Cloud to Ground,-27630,0,8
2026-10-06T06:17:57.977999582Z,5.406428,112.662788,Cloud to Ground,16630,0,12
2026-10-06T06:17:58.784824789Z,5.403161,112.685048,Cloud to Ground,19300,0,6
2026-10-06T06:17:57.979041356Z,5.369876,112.668232,Cloud to Ground,35542,0,11
2026-10-06T06:17:58.334819087Z,5.384634,112.679238,Cloud to Ground,38202,0,10
2026-10-06T06:17:58.205943536Z,5.3658,112.660369,Cloud to Ground,39032,0,18
2026-10-06T06:17:58.689419705Z,5.36239,112.678393,Cloud to Ground,57482,0,16
2026-10-06T06:17:58.468961011Z,5.372777,112.682297,Cloud to Ground,71996,0,17
2026-10-06T06:17:58.282469245Z,5.362968,112.682405,Cloud to Ground,97943,0,14
2026-10-06T06:17:58.629828399Z,5.365679,112.680334,Cloud to Ground,187406,0,20
2026-10-06T06:17:57.987399955Z,5.378405,112.661812,Cloud to Ground,235152,0,14
2026-10-06T06:17:58.512238750Z,14.913175,120.860341,Cloud to Cloud,17630,10752,7
2026-10-06T06:17:59.112808883Z,14.113045,120.723371,Cloud to Ground,-28944,0,10
2026-10-06T06:17:59.649163999Z,11.201023,110.228311,Cloud to Cloud,-9321,19440,6
2026-10-06T06:18:00.309961113Z,17.631332,111.10635,Cloud to Ground,20637,0,8
2026-10-06T06:18:00.590723953Z,17.591564,111.146116,Cloud to Ground,33514,0,8
2026-10-06T06:18:00.545739253Z,8.453068,111.714686,Cloud to Cloud,-14011,14132,14
2026-10-06T06:18:01.379936783Z,3.854355,121.085165,Cloud to Ground,-25040,0,11
2026-10-06T06:18:01.799258800Z,3.855437,121.071099,Cloud to Ground,-15429,0,9
2026-10-06T06:18:01.732921691Z,3.771823,121.13166,Cloud to Ground,-35021,0,17
2026-10-06T06:18:01.316168659Z,3.762892,121.107474,Cloud to Ground,-30613,0,23
2026-10-06T06:18:01.380418765Z,3.760011,121.097282,Cloud to Cloud,-19730,5029,23
2026-10-06T06:18:02.344709127Z,18.79916,115.072239,Cloud to Ground,-34271,0,13
2026-10-06T06:18:02.435424305Z,18.800358,115.074692,Cloud to Ground,-19079,0,13
2026-10-06T06:18:03.381219043Z,5.319231,119.195637,Cloud to Ground,13947,0,21
2026-10-06T06:18:03.205372839Z,16.570487,114.797457,Cloud to Ground,18252,0,10
2026-10-06T06:18:04.055530697Z,16.578078,114.782807,Cloud to Cloud,-10244,3021,10
2026-10-06T06:18:04.089643875Z,16.55206,114.811584,Cloud to Cloud,-9771,3548,7
2026-10-06T06:18:04.122357180Z,16.575124,114.794101,Cloud to Ground,-9646,0,9
2026-10-06T06:18:04.032141474Z,16.568019,114.794027,Cloud to Cloud,26987,15022,15
2026-10-06T06:18:04.137335452Z,16.431156,114.812635,Cloud to Ground,20465,0,9
2026-10-06T06:18:04.133507064Z,18.71394,114.769811,Cloud to Ground,-30297,0,11
2026-10-06T06:18:04.132836191Z,18.698442,114.777621,Cloud to Ground,-26269,0,13
2026-10-06T06:18:04.141372419Z,18.705006,114.767242,Cloud to Cloud,-9593,3043,8
2026-10-06T06:18:04.267460099Z,18.732622,114.764361,Cloud to Ground,17783,0,17
2026-10-06T06:18:04.131551897Z,18.703286,114.700557,Cloud to Ground,30752,0,13
2026-10-06T06:18:05.613875147Z,11.221733,110.219346,Cloud to Ground,-32365,0,9
2026-10-06T06:18:05.657625420Z,11.193101,110.14135,Cloud to Ground,28668,0,11
2026-10-06T06:18:07.475156306Z,18.45976,113.835016,Cloud to Ground,-68567,0,15
2026-10-06T06:18:07.850368712Z,18.458391,113.840444,Cloud to Cloud,10459,3014,6
2026-10-06T06:18:07.508882083Z,18.467714,113.819073,Cloud to Ground,14586,0,9
2026-10-06T06:18:07.913593590Z,18.444126,113.830487,Cloud to Ground,21220,0,10
2026-10-06T06:18:07.676434596Z,18.446287,113.83813,Cloud to Ground,31874,0,11
2026-10-06T06:18:07.807040026Z,18.45042,113.834571,Cloud to Ground,39651,0,16
2026-10-06T06:18:07.564917483Z,18.466423,113.83048,Cloud to Ground,42771,0,23
2026-10-06T06:18:07.535300890Z,18.44998,113.833638,Cloud to Ground,50087,0,11
2026-10-06T06:18:07.627590629Z,18.453467,113.834504,Cloud to Ground,68140,0,16
2026-10-06T06:18:07.081930817Z,20.624343,123.369074,Cloud to Cloud,-18440,13266,13
2026-10-06T06:18:07.222542050Z,20.597617,123.322122,Cloud to Ground,-15401,0,14
2026-10-06T06:18:07.092617552Z,20.605573,123.466004,Cloud to Ground,-62326,0,16
2026-10-06T06:18:07.169367926Z,20.56929,123.472369,Cloud to Ground,-22764,0,8
2026-10-06T06:18:07.225056938Z,20.594719,123.497247,Cloud to Ground,-14823,0,8
2026-10-06T06:18:07.391884620Z,18.399753,112.771533,Cloud to Cloud,-19737,17748,10
2026-10-06T06:18:09.647970915Z,8.404692,130.170559,Cloud to Cloud,-28229,3821,13
2026-10-06T06:18:09.647533248Z,8.440964,130.214802,Cloud to Cloud,-13515,18677,16
2026-10-06T06:18:09.651471373Z,8.441775,130.251491,Cloud to Cloud,-10983,7450,7
2026-10-06T06:18:09.658098095Z,8.419722,130.240001,Cloud to Cloud,12949,3162,13
2026-10-06T06:18:09.646406858Z,8.410333,130.283867,Cloud to Cloud,13770,17530,16
2026-10-06T06:18:09.893432535Z,18.463393,112.772786,Cloud to Cloud,-8822,14574,7
2026-10-06T06:18:09.969791430Z,18.549425,112.868775,Cloud to Ground,-10724,0,7
2026-10-06T06:18:09.890658100Z,18.491525,112.888059,Cloud to Ground,29084,0,12
2026-10-06T06:18:10.825846808Z,14.0797,120.654486,Cloud to Cloud,-2563,16804,5
2026-10-06T06:18:11.351297331Z,18.471798,113.880913,Cloud to Cloud,-20652,3032,12
2026-10-06T06:18:10.787036622Z,18.491359,113.874188,Cloud to Cloud,-13914,3041,14
2026-10-06T06:18:10.830473695Z,18.487908,113.840945,Cloud to Cloud,-4805,9974,6
2026-10-06T06:18:11.324430917Z,18.483657,113.872385,Cloud to Ground,34821,0,12
2026-10-06T06:18:15.081884019Z,19.332374,112.366046,Cloud to Cloud,-8884,4490,10
2026-10-06T06:18:15.011568502Z,14.115656,120.726228,Cloud to Ground,-27210,0,12
2026-10-06T06:18:15.043673148Z,14.115648,120.740166,Cloud to Ground,-3978,0,6
2026-10-06T06:18:16.347243194Z,12.033668,125.203685,Cloud to Ground,-28244,0,8
2026-10-06T06:18:16.614218967Z,11.834357,125.382227,Cloud to Ground,-12331,0,8
2026-10-06T06:18:16.383146152Z,11.898703,125.378711,Cloud to Cloud,-9869,18146,7
2026-10-06T06:18:18.997375492Z,3.846711,121.051494,Cloud to Ground,-17373,0,12
2026-10-06T06:18:19.269175738Z,3.779025,121.065409,Cloud to Cloud,-14787,3748,15
2026-10-06T06:18:19.268656947Z,3.858632,121.058294,Cloud to Cloud,-11179,3363,15
2026-10-06T06:18:18.996610134Z,3.753269,121.085572,Cloud to Ground,40822,0,15
2026-10-06T06:18:18.232324979Z,6.026634,115.228628,Cloud to Ground,24155,0,13
2026-10-06T06:18:18.118744532Z,6.021501,115.227514,Cloud to Ground,29870,0,13
2026-10-06T06:18:18.119290697Z,6.032617,115.137673,Cloud to Ground,32442,0,9
2026-10-06T06:18:18.053274000Z,5.9917,115.2095,Cloud to Ground,51692,0,7
2026-10-06T06:18:18.195357394Z,5.979033,115.236767,Cloud to Ground,101369,0,27
2026-10-06T06:18:18.921804057Z,8.471224,115.094343,Cloud to Ground,-61156,0,13
2026-10-06T06:18:18.985326531Z,8.550964,115.070102,Cloud to Ground,-52849,0,12
2026-10-06T06:18:19.003135070Z,8.46062,115.118299,Cloud to Cloud,-45175,4045,24
2026-10-06T06:18:19.276791964Z,8.467798,115.130499,Cloud to Cloud,-18932,3269,13
2026-10-06T06:18:19.053944249Z,8.476049,115.086442,Cloud to Ground,22812,0,17
2026-10-06T06:18:19.180239678Z,8.455551,115.088019,Cloud to Ground,30133,0,8
2026-10-06T06:18:19.034115564Z,8.464669,115.087423,Cloud to Ground,43117,0,19
2026-10-06T06:18:19.010247797Z,8.471146,115.093175,Cloud to Ground,45474,0,23
2026-10-06T06:18:20.767692539Z,18.56136,113.696753,Cloud to Ground,-7067,0,7
2026-10-06T06:18:20.059998700Z,18.550552,113.722021,Cloud to Cloud,-17083,18193,12
2026-10-06T06:18:20.767046016Z,18.488186,113.755452,Cloud to Cloud,-7130,4498,11
2026-10-06T06:18:20.412449921Z,18.42639,113.566797,Cloud to Cloud,9835,3026,7
2026-10-06T06:18:20.837594538Z,16.550026,114.800752,Cloud to Ground,19379,0,12
2026-10-06T06:18:20.706275000Z,14.1341,120.7726,Cloud to Ground,-15223,0,5
2026-10-06T06:18:21.321680618Z,15.479186,119.939317,Cloud to Cloud,8004,3007,6
2026-10-06T06:18:21.239016393Z,15.559728,119.965307,Cloud to Cloud,14025,11077,8
2026-10-06T06:18:21.459418536Z,15.596789,119.978642,Cloud to Ground,28171,0,8
2026-10-06T06:18:21.238299277Z,15.493843,119.923164,Cloud to Ground,47357,0,9
2026-10-06T06:18:21.458655000Z,15.6257,119.7433,Cloud to Ground,-23871,0,8
2026-10-06T06:18:22.197393441Z,9.045049,110.634486,Cloud to Ground,-75856,0,16
2026-10-06T06:18:22.281019945Z,4.238111,122.650746,Cloud to Ground,-33999,0,26
2026-10-06T06:18:22.517170547Z,4.239715,122.656495,Cloud to Ground,-26323,0,19
2026-10-06T06:18:22.186391995Z,4.246464,122.67815,Cloud to Ground,-21738,0,21
2026-10-06T06:18:22.838543434Z,4.242953,122.639882,Cloud to Ground,-21311,0,15
2026-10-06T06:18:22.129052095Z,4.325431,122.700971,Cloud to Ground,-17579,0,8
2026-10-06T06:18:23.258439017Z,4.186767,122.615458,Cloud to Ground,-14003,0,9
2026-10-06T06:18:23.039918165Z,4.217881,122.620035,Cloud to Cloud,11691,19811,9
2026-10-06T06:18:23.044438477Z,4.168141,122.586122,Cloud to Ground,17982,0,15
