timestamp,latitude,longitude,type,amplitude_ka,height_m,num_sensors
2026-10-01T21:06:08.261034275Z,8.882465,126.580163,Cloud to Ground,-89202,0,23
2026-10-01T21:06:08.301416652Z,8.900971,126.620027,Cloud to Ground,-42657,0,18
2026-10-01T21:06:08.560151059Z,8.879029,126.666571,Cloud to Cloud,-17112,13008,12
2026-10-01T21:06:08.334565000Z,8.8732,126.4033,Cloud to Ground,-56404,0,5
2026-10-01T21:06:12.378455317Z,22.901982,113.681589,Cloud to Cloud,16802,3069,8
2026-10-01T21:06:12.502790781Z,22.842579,114.010075,Cloud to Cloud,7975,13231,6
2026-10-01T21:06:13.602685612Z,22.712216,116.175085,Cloud to Ground,24789,0,7
2026-10-01T21:06:14.991447813Z,22.704906,116.242866,Cloud to Ground,-24037,0,7
2026-10-01T21:06:16.143335357Z,22.577685,111.020728,Cloud to Cloud,27162,3023,7
2026-10-01T21:06:17.708404895Z,11.355398,121.839483,Cloud to Ground,-124061,0,10
2026-10-01T21:06:17.354765010Z,22.665206,112.531133,Cloud to Ground,11657,0,7
2026-10-01T21:06:18.069313389Z,22.968879,113.611775,Cloud to Cloud,10854,9747,8
2026-10-01T21:06:18.364901552Z,22.850434,113.305212,Cloud to Ground,17031,0,7
2026-10-01T21:06:20.724935218Z,13.399572,119.462351,Cloud to Ground,8286,0,7
2026-10-01T21:06:21.862854532Z,9.024245,121.618122,Cloud to Ground,266080,0,7
2026-10-01T21:06:23.993974245Z,9.030882,124.099548,Cloud to Ground,-29683,0,7
2026-10-01T21:06:25.359296000Z,12.6496,119.5228,Cloud to Ground,-41702,0,8
2026-10-01T21:06:25.314881000Z,12.6363,119.5003,Cloud to Ground,-32240,0,7
2026-10-01T21:06:25.639714986Z,12.662341,119.581796,Cloud to Cloud,18628,19861,6
2026-10-01T21:06:26.564624895Z,22.665813,112.696027,Cloud to Ground,-34389,0,16
2026-10-01T21:06:27.754199849Z,22.80253,112.992523,Cloud to Cloud,14183,9993,7
2026-10-01T21:06:28.126391201Z,10.417998,124.300672,Cloud to Cloud,15656,3263,7
2026-10-01T21:06:30.608856667Z,22.583113,112.744767,Cloud to Ground,-23140,0,8
2026-10-01T21:06:31.419365759Z,8.795296,122.718536,Cloud to Ground,42866,0,12
2026-10-01T21:06:34.323832268Z,22.898361,113.853946,Cloud to Ground,-11056,0,6
2026-10-01T21:06:34.257506186Z,22.880976,113.701272,Cloud to Ground,18275,0,10
2026-10-01T21:06:35.179900269Z,12.549394,119.689849,Cloud to Ground,25338,0,7
2026-10-01T21:06:37.208716923Z,22.78912,113.522244,Cloud to Ground,17956,0,7
2026-10-01T21:06:36.992180412Z,22.846165,113.58906,Cloud to Ground,40515,0,11
2026-10-01T21:06:37.045929786Z,22.852432,113.291803,Cloud to Ground,34960,0,7
2026-10-01T21:06:37.177908475Z,22.829999,113.330918,Cloud to Ground,37581,0,10
2026-10-01T21:06:37.032602401Z,22.892637,113.195005,Cloud to Ground,20172,0,9
2026-10-01T21:06:42.196584818Z,22.619034,112.249378,Cloud to Cloud,14118,7989,7
2026-10-01T21:06:42.156391198Z,22.636383,112.491369,Cloud to Cloud,-10535,17159,6
2026-10-01T21:06:43.891322872Z,22.845636,113.62269,Cloud to Ground,39737,0,10
2026-10-01T21:06:43.940242100Z,22.833574,113.298303,Cloud to Ground,-12135,0,6
2026-10-01T21:06:44.844126257Z,22.632157,112.509082,Cloud to Ground,-6046,0,7
2026-10-01T21:06:48.034446601Z,22.739334,113.918202,Cloud to Cloud,-13770,3941,7
2026-10-01T21:06:48.144563560Z,22.779494,113.956112,Cloud to Cloud,9803,3003,7
2026-10-01T21:06:48.514170408Z,22.932338,113.584534,Cloud to Ground,19006,0,7
2026-10-01T21:06:49.777400380Z,22.699617,116.238274,Cloud to Cloud,-4753,13287,6
2026-10-01T21:06:49.572609583Z,22.698242,116.236768,Cloud to Cloud,5410,12460,6
2026-10-01T21:06:51.339290035Z,9.147242,124.178451,Cloud to Ground,-25445,0,10
2026-10-01T21:06:51.446671584Z,22.689786,116.163464,Cloud to Cloud,11470,13588,5
2026-10-01T21:06:51.240551536Z,22.685685,116.104512,Cloud to Ground,15651,0,6
2026-10-01T21:06:52.047411335Z,22.681228,111.203338,Cloud to Ground,-25384,0,6
2026-10-01T21:06:52.240115000Z,9.0629,124.02,Cloud to Ground,-25499,0,5
2026-10-01T21:06:53.270675044Z,22.623603,112.747715,Cloud to Cloud,20918,3030,8
2026-10-01T21:06:53.248924529Z,22.666421,112.5178,Cloud to Cloud,-13742,4137,7
2026-10-01T21:06:54.749620122Z,12.688701,119.707284,Cloud to Ground,-17737,0,7
2026-10-01T21:06:54.612690901Z,12.621288,119.689604,Cloud to Cloud,-8875,6228,7
2026-10-01T21:06:55.889771831Z,10.437044,124.282488,Cloud to Cloud,16746,9145,5
2026-10-01T21:06:56.861094021Z,22.681729,112.545999,Cloud to Ground,22108,0,7
2026-10-01T21:06:58.519010072Z,22.921295,113.582588,Cloud to Cloud,14428,3906,10
2026-10-01T21:06:59.365609257Z,22.705651,116.172927,Cloud to Ground,25990,0,9
2026-10-01T21:07:00.249106793Z,22.638084,112.402191,Cloud to Cloud,-8597,3222,6
2026-10-01T21:07:01.554181466Z,22.721456,116.268682,Cloud to Cloud,12683,12914,5
2026-10-01T21:07:01.523842419Z,22.688915,116.207538,Cloud to Ground,25515,0,7
2026-10-01T21:07:01.088329000Z,9.0648,124.2195,Cloud to Ground,-35017,0,5
2026-10-01T21:07:01.619200000Z,22.8702,116.3472,Cloud to Ground,28221,0,6
2026-10-01T21:07:02.135337634Z,6.687043,118.112127,Cloud to Cloud,-17361,4895,12
2026-10-01T21:07:02.174912474Z,6.657752,118.087602,Cloud to Cloud,45096,7500,7
2026-10-01T21:07:05.439644752Z,22.745359,113.412165,Cloud to Cloud,-15576,4517,8
2026-10-01T21:07:06.899387227Z,9.067919,124.24458,Cloud to Ground,-33813,0,14
2026-10-01T21:07:07.662596164Z,22.605143,111.2868,Cloud to Ground,23990,0,7
2026-10-01T21:07:09.975567766Z,6.757817,118.266865,Cloud to Cloud,-14722,3087,8
2026-10-01T21:07:12.006304284Z,22.744579,116.019608,Cloud to Ground,50170,0,7
2026-10-01T21:07:12.248092949Z,22.711532,116.222732,Cloud to Ground,58402,0,7
2026-10-01T21:07:12.003284060Z,22.762424,113.751707,Cloud to Ground,18114,0,7
2026-10-01T21:07:12.002514612Z,22.597565,113.805516,Cloud to Cloud,16439,3104,9
2026-10-01T21:07:13.074139000Z,9.0439,122.4452,Cloud to Ground,-72709,0,9
2026-10-01T21:07:13.225880560Z,9.061515,122.471526,Cloud to Ground,-54958,0,8
2026-10-01T21:07:13.119852969Z,9.061222,122.456402,Cloud to Ground,-28852,0,11
2026-10-01T21:07:13.350633000Z,8.9965,122.3132,Cloud to Ground,-27071,0,5
2026-10-01T21:07:13.756099000Z,8.9661,122.1994,Cloud to Ground,-60570,0,6
2026-10-01T21:07:14.794533419Z,22.735611,113.640132,Cloud to Ground,-13378,0,9
2026-10-01T21:07:15.380008833Z,22.694896,112.524918,Cloud to Ground,12132,0,8
2026-10-01T21:07:15.312833048Z,22.67617,112.44556,Cloud to Ground,15033,0,7
2026-10-01T21:07:15.234132478Z,12.602354,119.736112,Cloud to Ground,14963,0,9
2026-10-01T21:07:17.144543577Z,22.789439,113.804779,Cloud to Ground,-26939,0,7
2026-10-01T21:07:17.283200468Z,22.68974,113.632058,Cloud to Ground,68343,0,9
2026-10-01T21:07:17.091282714Z,22.869364,113.736619,Cloud to Ground,-25415,0,13
2026-10-01T21:07:17.321803567Z,22.935538,113.501736,Cloud to Ground,29234,0,8
2026-10-01T21:07:17.374435661Z,22.999554,113.559368,Cloud to Ground,98166,0,7
2026-10-01T21:07:17.136925038Z,22.83326,113.36642,Cloud to Ground,-34807,0,8
2026-10-01T21:07:17.143452930Z,22.834063,113.332153,Cloud to Cloud,-19346,6861,8
2026-10-01T21:07:17.963079527Z,22.856435,113.321501,Cloud to Ground,29510,0,10
2026-10-01T21:07:17.743511507Z,22.842568,113.349995,Cloud to Ground,34936,0,11
2026-10-01T21:07:17.440482616Z,22.838588,113.368267,Cloud to Ground,61748,0,10
2026-10-01T21:07:17.495878858Z,22.792328,113.552315,Cloud to Ground,24970,0,7
2026-10-01T21:07:18.162256841Z,6.637779,118.077061,Cloud to Ground,-10564,0,8
2026-10-01T21:07:18.292026111Z,6.647804,118.048621,Cloud to Ground,14727,0,7
2026-10-01T21:07:18.161304340Z,6.644229,118.053197,Cloud to Ground,30529,0,7
2026-10-01T21:07:18.003080659Z,6.830641,118.114179,Cloud to Ground,40728,0,7
2026-10-01T21:07:19.189729140Z,22.649321,116.127409,Cloud to Ground,23158,0,7
2026-10-01T21:07:21.590374414Z,8.148625,133.62841,Cloud to Ground,-76156,0,31
2026-10-01T21:07:21.632844106Z,8.053224,133.70651,Cloud to Cloud,-16607,7114,20
2026-10-01T21:07:21.808890256Z,22.659529,112.366178,Cloud to Cloud,-11905,12786,7
2026-10-01T21:07:23.454193120Z,22.677511,116.212417,Cloud to Ground,-19360,0,6
2026-10-01T21:07:23.164346830Z,22.693778,116.235498,Cloud to Ground,-14682,0,10
2026-10-01T21:07:25.961206792Z,22.97475,113.219636,Cloud to Ground,-16801,0,7
2026-10-01T21:07:28.861986207Z,22.696109,112.451607,Cloud to Ground,-14836,0,6
2026-10-01T21:07:28.950599972Z,22.673485,112.505559,Cloud to Cloud,9343,4118,6
2026-10-01T21:07:28.155116351Z,22.653898,112.490441,Cloud to Ground,12862,0,10
2026-10-01T21:07:28.451694684Z,22.702268,112.55529,Cloud to Ground,19014,0,11
2026-10-01T21:07:28.045028198Z,22.681795,112.516586,Cloud to Ground,24491,0,12
2026-10-01T21:07:28.860769262Z,22.690499,112.533305,Cloud to Ground,29227,0,8
2026-10-01T21:07:28.441866544Z,22.980368,113.565289,Cloud to Ground,18367,0,10
2026-10-01T21:07:28.499405721Z,22.881418,113.974171,Cloud to Ground,-18054,0,7
2026-10-01T21:07:28.866732583Z,22.678386,116.073995,Cloud to Cloud,-9950,4635,6
2026-10-01T21:07:28.515822042Z,22.680366,116.104709,Cloud to Ground,31840,0,7
2026-10-01T21:07:30.711290922Z,22.916815,113.476815,Cloud to Cloud,-12761,6282,8
2026-10-01T21:07:31.408205222Z,22.706393,116.30267,Cloud to Cloud,15437,12706,5
2026-10-01T21:07:31.271841609Z,22.668738,116.246875,Cloud to Ground,18052,0,6
2026-10-01T21:07:31.385392000Z,13.8789,119.736,Cloud to Ground,-19697,0,6
2026-10-01T21:07:34.528079072Z,22.662439,112.586963,Cloud to Ground,14747,0,7
2026-10-01T21:07:37.783391227Z,11.152312,121.772666,Cloud to Cloud,13047,11093,6
2026-10-01T21:07:37.648803233Z,11.135964,121.771772,Cloud to Cloud,13249,14294,7
2026-10-01T21:07:37.759150418Z,11.380981,121.649099,Cloud to Ground,-16709,0,7
2026-10-01T21:07:38.586867535Z,8.929548,124.131088,Cloud to Cloud,17108,3017,6
2026-10-01T21:07:39.100324826Z,22.714316,116.222504,Cloud to Cloud,11727,18283,6
2026-10-01T21:07:40.102740649Z,22.735197,116.160348,Cloud to Cloud,11054,14760,5
2026-10-01T21:07:39.881474312Z,22.709866,116.219021,Cloud to Ground,24557,0,6
2026-10-01T21:07:39.216138000Z,22.9854,113.8422,Cloud to Ground,-36394,0,5
2026-10-01T21:07:41.043251000Z,22.9958,113.2139,Cloud to Ground,-18934,0,5
2026-10-01T21:07:42.551950442Z,22.725941,113.592803,Cloud to Ground,-15953,0,10
2026-10-01T21:07:42.615061271Z,22.898456,113.340552,Cloud to Ground,23872,0,11
2026-10-01T21:07:42.498762000Z,22.899,113.6216,Cloud to Ground,-46506,0,5
2026-10-01T21:07:42.994107125Z,22.823853,113.624382,Cloud to Ground,-17627,0,6
2026-10-01T21:07:42.252461771Z,22.73615,116.117101,Cloud to Cloud,4777,3254,8
2026-10-01T21:07:42.963455227Z,12.16069,119.82561,Cloud to Ground,-37494,0,12
2026-10-01T21:07:42.452646000Z,8.1773,130.2908,Cloud to Ground,-32015,0,5
2026-10-01T21:07:43.264018716Z,22.934785,113.497726,Cloud to Cloud,-19914,6382,10
2026-10-01T21:07:43.532879519Z,22.766965,113.188063,Cloud to Ground,26150,0,10
2026-10-01T21:07:45.321693545Z,22.606032,112.553684,Cloud to Cloud,5534,6124,7
2026-10-01T21:07:45.435119407Z,22.610458,112.586064,Cloud to Ground,13460,0,6
2026-10-01T21:07:45.109136966Z,10.486797,124.296712,Cloud to Ground,69289,0,16
2026-10-01T21:07:47.396806402Z,12.647923,119.699074,Cloud to Ground,-29295,0,10
2026-10-01T21:07:47.781100095Z,12.613336,119.615073,Cloud to Ground,-26826,0,8
2026-10-01T21:07:47.554827617Z,12.732812,119.656832,Cloud to Ground,-18667,0,14
2026-10-01T21:07:48.040249698Z,12.652615,119.627489,Cloud to Cloud,23489,10201,6
2026-10-01T21:07:47.329332000Z,12.5798,119.2696,Cloud to Ground,-34720,0,5
2026-10-01T21:07:47.074201320Z,11.272854,121.763631,Cloud to Cloud,-33452,5422,10
2026-10-01T21:07:47.080870000Z,11.3958,121.6921,Cloud to Ground,-182923,0,16
2026-10-01T21:07:47.664779636Z,22.654922,112.465877,Cloud to Ground,14015,0,12
2026-10-01T21:07:49.104958155Z,22.690966,116.244813,Cloud to Cloud,9462,13855,5
2026-10-01T21:07:49.028773000Z,8.5401,122.2148,Cloud to Ground,-356,0,6
2026-10-01T21:07:51.725888140Z,22.60499,110.758634,Cloud to Cloud,6322,3112,8
2026-10-01T21:07:52.442563332Z,22.698932,113.641053,Cloud to Cloud,-6136,3010,8
2026-10-01T21:07:54.996211993Z,22.694458,116.251742,Cloud to Ground,-33856,0,6
2026-10-01T21:07:54.424672761Z,22.716773,116.200208,Cloud to Ground,-33270,0,6
2026-10-01T21:07:54.367649365Z,22.687337,116.270508,Cloud to Ground,-15106,0,11
2026-10-01T21:07:54.997889294Z,22.684723,116.23497,Cloud to Ground,23537,0,5
2026-10-01T21:07:54.494317000Z,22.921,116.3089,Cloud to Ground,-70937,0,5
2026-10-01T21:07:54.929597000Z,22.7294,113.7632,Cloud to Ground,-48890,0,5
2026-10-01T21:07:55.014660000Z,6.7478,118.0581,Cloud to Ground,-25835,0,6
2026-10-01T21:07:55.294143324Z,6.726852,118.079914,Cloud to Ground,22519,0,11
2026-10-01T21:07:57.050744000Z,8.0857,133.4882,Cloud to Ground,-23129,0,6
2026-10-01T21:07:58.744197554Z,22.629926,112.757055,Cloud to Cloud,-84786,6269,16
2026-10-01T21:07:58.092521802Z,22.62751,112.503709,Cloud to Ground,61119,0,7
2026-10-01T21:08:00.172726259Z,8.862715,122.505301,Cloud to Cloud,-4449,16005,6
2026-10-01T21:08:02.240836166Z,22.976408,114.047248,Cloud to Ground,22103,0,8
2026-10-01T21:08:02.554834175Z,22.675422,111.248471,Cloud to Ground,-13928,0,6
2026-10-01T21:08:03.725155374Z,6.065068,126.728415,Cloud to Ground,41355,0,14
2026-10-01T21:08:03.762810502Z,8.733057,122.598923,Cloud to Ground,-39496,0,12
2026-10-01T21:08:03.605773116Z,22.813013,113.71802,Cloud to Cloud,11127,17421,10
2026-10-01T21:08:03.236404359Z,22.987456,113.555336,Cloud to Ground,13814,0,12
2026-10-01T21:08:04.309474000Z,8.7781,122.4958,Cloud to Ground,-64663,0,6
2026-10-01T21:08:04.677349408Z,8.766517,122.548653,Cloud to Ground,-52977,0,22
2026-10-01T21:08:07.137581193Z,22.736556,116.019747,Cloud to Ground,3647,0,8
2026-10-01T21:08:07.047878985Z,22.681521,116.238305,Cloud to Ground,15424,0,6
2026-10-01T21:08:09.912235000Z,9.0325,124.1209,Cloud to Ground,-27029,0,5
2026-10-01T21:08:10.208914000Z,8.5083,126.845,Cloud to Ground,18022,0,5
2026-10-01T21:08:10.217030383Z,8.515552,126.82488,Cloud to Ground,18711,0,9
2026-10-01T21:08:10.789770819Z,22.748923,112.755891,Cloud to Cloud,-2119,16556,6
2026-10-01T21:08:10.769698229Z,22.670295,112.672444,Cloud to Ground,19770,0,8
2026-10-01T21:08:10.981427794Z,22.827569,113.357981,Cloud to Ground,6380,0,9
2026-10-01T21:08:12.074163428Z,22.674367,112.692027,Cloud to Ground,-13137,0,10
2026-10-01T21:08:13.363617547Z,12.059819,119.722607,Cloud to Ground,-30820,0,10
2026-10-01T21:08:15.445017015Z,22.498714,115.948376,Cloud to Cloud,29195,17621,7
2026-10-01T21:08:16.960558367Z,22.651031,111.256772,Cloud to Ground,-10743,0,6
2026-10-01T21:08:16.418266403Z,22.67888,116.203036,Cloud to Ground,-43502,0,8
2026-10-01T21:08:16.994697242Z,22.67284,116.218747,Cloud to Ground,-15576,0,6
2026-10-01T21:08:17.992616972Z,11.355614,121.854247,Cloud to Cloud,54702,3033,7
2026-10-01T21:08:18.191336681Z,22.991062,113.283096,Cloud to Cloud,-19077,13134,7
2026-10-01T21:08:20.234534963Z,22.95342,113.20167,Cloud to Cloud,-14375,3031,11
2026-10-01T21:08:22.480958000Z,8.7625,126.5657,Cloud to Ground,36291,0,6
2026-10-01T21:08:25.434969093Z,22.703033,116.379023,Cloud to Ground,15863,0,7
2026-10-01T21:08:25.257898487Z,22.696673,116.229043,Cloud to Ground,14707,0,6
2026-10-01T21:08:25.201892328Z,22.686997,116.244176,Cloud to Ground,22431,0,8
2026-10-01T21:08:26.713257229Z,6.666389,118.060204,Cloud to Cloud,7576,12360,7
2026-10-01T21:08:26.126482099Z,0.118095,134.504902,Cloud to Cloud,-7615,4583,11
2026-10-01T21:08:26.347188347Z,0.176204,134.525094,Cloud to Ground,-7466,0,10
2026-10-01T21:08:27.459348022Z,22.986369,113.24275,Cloud to Cloud,14401,14924,11
2026-10-01T21:08:28.491603718Z,22.75633,110.973237,Cloud to Ground,-12647,0,7
2026-10-01T21:08:29.389192333Z,22.964194,113.839613,Cloud to Ground,-18632,0,12
2026-10-01T21:08:30.191074928Z,22.940781,113.588284,Cloud to Ground,491,0,7
2026-10-01T21:08:30.151438604Z,22.812226,113.652523,Cloud to Ground,-22843,0,7
2026-10-01T21:08:30.220434886Z,22.759245,113.645133,Cloud to Ground,56132,0,10
2026-10-01T21:08:30.630774541Z,22.84139,113.34923,Cloud to Ground,21631,0,10
2026-10-01T21:08:30.305988849Z,22.823724,113.372674,Cloud to Ground,42003,0,8
2026-10-01T21:08:30.373998046Z,22.849804,113.388029,Cloud to Ground,44045,0,11
2026-10-01T21:08:30.067662039Z,22.832172,113.438353,Cloud to Ground,109616,0,10
2026-10-01T21:08:32.993615271Z,12.652984,119.673192,Cloud to Ground,-18113,0,9
2026-10-01T21:08:32.775927000Z,12.7109,119.2584,Cloud to Ground,-15723,0,5
2026-10-01T21:08:33.992730460Z,22.748331,111.111236,Cloud to Cloud,12422,4159,7
2026-10-01T21:08:33.559873149Z,22.688711,111.359566,Cloud to Ground,7686,0,10
2026-10-01T21:08:33.942966935Z,22.686708,111.346455,Cloud to Cloud,11463,5615,8
2026-10-01T21:08:33.537108404Z,22.727062,111.31327,Cloud to Ground,13238,0,9
2026-10-01T21:08:34.056286110Z,22.712552,111.246645,Cloud to Ground,17342,0,7
2026-10-01T21:08:33.893872186Z,22.747954,111.27389,Cloud to Ground,24643,0,14
2026-10-01T21:08:33.495741713Z,22.744579,111.274259,Cloud to Ground,46680,0,14
2026-10-01T21:08:34.060577671Z,22.956475,113.599855,Cloud to Cloud,12735,8140,7
2026-10-01T21:08:34.727277007Z,22.95938,113.744753,Cloud to Cloud,14770,3019,10
2026-10-01T21:08:34.736671471Z,22.95909,113.944353,Cloud to Cloud,-13371,3002,6
2026-10-01T21:08:34.733533460Z,22.916694,113.937539,Cloud to Cloud,-11559,6743,8
2026-10-01T21:08:36.032809799Z,22.683295,116.246501,Cloud to Ground,30417,0,7
2026-10-01T21:08:39.575200554Z,22.678025,113.390042,Cloud to Ground,23532,0,10
2026-10-01T21:08:39.018199500Z,22.623284,113.620225,Cloud to Ground,76121,0,8
2026-10-01T21:08:45.483079248Z,8.087906,133.815306,Cloud to Ground,11921,0,12
2026-10-01T21:08:48.930421962Z,22.683011,116.209273,Cloud to Ground,-50859,0,7
2026-10-01T21:08:47.997240786Z,22.668462,116.258849,Cloud to Ground,-42245,0,11
2026-10-01T21:08:48.101329000Z,22.7181,116.2369,Cloud to Ground,-41973,0,7
2026-10-01T21:08:48.331238471Z,22.679733,116.206809,Cloud to Ground,-36151,0,7
2026-10-01T21:08:48.489872459Z,22.689495,116.199456,Cloud to Ground,-32060,0,7
2026-10-01T21:08:48.160427973Z,22.671893,116.255537,Cloud to Ground,-26862,0,11
2026-10-01T21:08:49.422151735Z,22.679747,116.210817,Cloud to Ground,-22682,0,6
2026-10-01T21:08:49.020364866Z,22.680014,116.211187,Cloud to Ground,-18267,0,7
2026-10-01T21:08:48.068916111Z,22.679764,116.224289,Cloud to Ground,-17069,0,8
2026-10-01T21:08:48.624599606Z,22.628963,116.183645,Cloud to Ground,37124,0,7
2026-10-01T21:08:50.690243671Z,22.494086,111.432975,Cloud to Ground,20989,0,7
2026-10-01T21:08:50.853855080Z,22.694451,111.151193,Cloud to Cloud,-20723,7975,8
2026-10-01T21:08:50.724884286Z,22.733381,111.181285,Cloud to Ground,-17054,0,6
2026-10-01T21:08:50.912065907Z,22.729247,111.077389,Cloud to Cloud,-12662,6534,8
2026-10-01T21:08:50.878405445Z,22.730776,111.183886,Cloud to Cloud,11814,3742,7
2026-10-01T21:08:50.887802330Z,22.799999,113.16042,Cloud to Cloud,-15492,3018,10
2026-10-01T21:08:50.753429827Z,10.374822,124.271398,Cloud to Cloud,19265,16531,6
2026-10-01T21:08:53.332641295Z,22.940614,114.119531,Cloud to Ground,24354,0,11
2026-10-01T21:08:54.747212046Z,22.897611,113.76003,Cloud to Ground,28239,0,8
2026-10-01T21:08:57.396940188Z,22.682485,116.105651,Cloud to Ground,43016,0,7
2026-10-01T21:08:58.163523608Z,13.854432,119.90159,Cloud to Ground,-76437,0,11
2026-10-01T21:08:58.158258082Z,13.754566,119.952178,Cloud to Ground,-78250,0,10
2026-10-01T21:09:01.859175203Z,0.255541,134.511253,Cloud to Ground,-5819,0,8
2026-10-01T21:09:01.935935296Z,22.735847,111.066282,Cloud to Ground,-14567,0,8
2026-10-01T21:09:01.902948853Z,22.708528,111.190791,Cloud to Cloud,-2033,14928,8
2026-10-01T21:09:03.224799242Z,22.688648,116.172071,Cloud to Ground,-19192,0,6
2026-10-01T21:09:04.786232590Z,6.747934,118.037373,Cloud to Ground,62507,0,8
2026-10-01T21:09:04.967968738Z,6.64743,118.036524,Cloud to Ground,19568,0,9
2026-10-01T21:09:04.307152533Z,12.631635,119.664876,Cloud to Ground,-15521,0,11
2026-10-01T21:09:05.014247562Z,6.564303,117.947429,Cloud to Ground,15145,0,7
2026-10-01T21:09:05.527255237Z,22.992,116.376694,Cloud to Cloud,14606,13937,6
2026-10-01T21:09:07.477051263Z,22.848166,113.369324,Cloud to Ground,27548,0,11
2026-10-01T21:09:06.842513454Z,22.84274,113.347797,Cloud to Ground,36735,0,7
2026-10-01T21:09:08.108559505Z,22.776986,112.465905,Cloud to Ground,51657,0,7
2026-10-01T21:09:11.252274247Z,22.780241,112.972143,Cloud to Cloud,-4182,15892,7
2026-10-01T21:09:11.256484320Z,22.822351,113.164777,Cloud to Ground,-34730,0,11
2026-10-01T21:09:11.559912000Z,22.9677,113.2253,Cloud to Ground,-50154,0,8
2026-10-01T21:09:12.744868699Z,22.913942,113.940572,Cloud to Ground,-20366,0,7
2026-10-01T21:09:12.677372167Z,22.875171,113.944998,Cloud to Ground,-17242,0,7
2026-10-01T21:09:12.577747000Z,8.9018,121.7724,Cloud to Ground,-14354,0,6
2026-10-01T21:09:13.195714000Z,8.9092,121.6157,Cloud to Ground,-29752,0,6
2026-10-01T21:09:14.440110902Z,8.996336,124.227338,Cloud to Ground,-46719,0,7
2026-10-01T21:09:14.940860921Z,22.991909,113.667985,Cloud to Cloud,-6998,3012,6
2026-10-01T21:09:15.482556782Z,6.895717,118.138184,Cloud to Cloud,9488,5159,7
2026-10-01T21:09:15.063039981Z,6.858749,118.098362,Cloud to Ground,33073,0,7
2026-10-01T21:09:15.348362066Z,22.634639,113.635556,Cloud to Ground,-14837,0,7
2026-10-01T21:09:15.712419169Z,13.84117,119.916631,Cloud to Ground,30722,0,8
2026-10-01T21:09:16.272137704Z,22.537351,113.158418,Cloud to Ground,18907,0,10
2026-10-01T21:09:16.283859684Z,22.545294,112.835031,Cloud to Ground,-12933,0,7
2026-10-01T21:09:16.377552713Z,22.671702,113.440713,Cloud to Ground,13761,0,10
2026-10-01T21:09:18.844327527Z,22.679374,116.242605,Cloud to Ground,-23084,0,6
2026-10-01T21:09:18.173111683Z,22.681326,116.245194,Cloud to Ground,-20720,0,7
2026-10-01T21:09:18.103933055Z,22.67728,116.254032,Cloud to Ground,-19796,0,6
2026-10-01T21:09:18.323624801Z,22.637976,116.199903,Cloud to Ground,86325,0,10
2026-10-01T21:09:18.062799000Z,22.7014,116.0962,Cloud to Ground,-25858,0,5
2026-10-01T21:09:18.886007980Z,12.525521,119.720252,Cloud to Ground,20377,0,10
2026-10-01T21:09:18.833495425Z,22.821999,113.458082,Cloud to Ground,6886,0,7
2026-10-01T21:09:18.876549818Z,22.754415,111.173266,Cloud to Ground,-28056,0,7
2026-10-01T21:09:19.127219295Z,22.835241,111.19947,Cloud to Cloud,1823,14679,6
2026-10-01T21:09:19.765977537Z,11.476443,121.737978,Cloud to Ground,-70412,0,8
2026-10-01T21:09:19.735429000Z,11.3147,121.5388,Cloud to Ground,-31163,0,8
2026-10-01T21:09:19.694494000Z,11.3548,121.7266,Cloud to Ground,-39980,0,6
2026-10-01T21:09:19.594806663Z,11.280725,121.769968,Cloud to Cloud,-26665,5587,9
2026-10-01T21:09:19.678848108Z,11.263243,121.794234,Cloud to Cloud,-22989,3192,10
2026-10-01T21:09:21.801568643Z,22.614175,112.358487,Cloud to Cloud,10357,7584,7
2026-10-01T21:09:24.739075946Z,6.733445,118.099837,Cloud to Ground,43421,0,13
2026-10-01T21:09:25.994385400Z,22.927432,116.409034,Cloud to Cloud,-12215,18279,8
2026-10-01T21:09:25.902051970Z,22.665635,112.755731,Cloud to Ground,-10287,0,6
2026-10-01T21:09:26.140762223Z,22.708758,113.274018,Cloud to Cloud,-15097,6601,7
2026-10-01T21:09:29.180973861Z,6.645696,118.04857,Cloud to Ground,14741,0,7
2026-10-01T21:09:28.957813950Z,6.644058,118.054238,Cloud to Ground,21937,0,8
2026-10-01T21:09:29.691286158Z,22.779687,111.286776,Cloud to Cloud,12710,7225,7
2026-10-01T21:09:30.047271426Z,22.896348,113.357422,Cloud to Ground,-14834,0,12
2026-10-01T21:09:30.647756000Z,8.98,123.9599,Cloud to Ground,-19509,0,6
2026-10-01T21:09:31.079377000Z,8.9842,124.1277,Cloud to Ground,-32404,0,6
2026-10-01T21:09:30.689462000Z,9.0382,124.0781,Cloud to Ground,-29072,0,7
2026-10-01T21:09:32.765473066Z,22.712595,112.331102,Cloud to Ground,16295,0,7
2026-10-01T21:09:36.847634191Z,22.799719,113.372065,Cloud to Ground,24283,0,9
2026-10-01T21:09:37.259764675Z,22.711071,116.15992,Cloud to Cloud,19707,3042,7
2026-10-01T21:09:41.503200600Z,22.817226,113.283913,Cloud to Cloud,7427,16492,7
2026-10-01T21:09:41.795140090Z,22.982982,113.388858,Cloud to Cloud,10436,3002,8
2026-10-01T21:09:42.627312278Z,0.170116,134.533349,Cloud to Ground,-19159,0,17
2026-10-01T21:09:42.673480375Z,22.80848,113.713972,Cloud to Ground,36723,0,7
2026-10-01T21:09:42.424088250Z,22.983159,113.537412,Cloud to Ground,-40354,0,6
2026-10-01T21:09:42.757233055Z,22.935191,113.564698,Cloud to Cloud,19931,3886,7
2026-10-01T21:09:42.525945080Z,22.878452,113.546818,Cloud to Ground,33275,0,8
2026-10-01T21:09:43.048092455Z,22.866759,113.405658,Cloud to Cloud,-15191,3006,10
2026-10-01T21:09:42.707148211Z,22.809698,113.424362,Cloud to Ground,25466,0,10
2026-10-01T21:09:43.217996652Z,6.672465,118.116486,Cloud to Ground,17424,0,9
2026-10-01T21:09:43.657424305Z,8.069878,133.670683,Cloud to Ground,-28737,0,24
2026-10-01T21:09:43.682158672Z,8.073257,133.6954,Cloud to Ground,-21692,0,24
2026-10-01T21:09:43.414507905Z,7.680708,133.741889,Cloud to Ground,32910,0,16
2026-10-01T21:09:44.439064533Z,8.105384,133.700587,Cloud to Ground,9325,0,10
2026-10-01T21:09:45.904118000Z,12.6428,119.4915,Cloud to Ground,-61603,0,7
2026-10-01T21:09:45.947568000Z,12.6055,119.5105,Cloud to Ground,-17734,0,5
2026-10-01T21:09:46.342789983Z,22.979813,113.78286,Cloud to Cloud,44448,3013,10
2026-10-01T21:09:46.375999722Z,22.911347,113.254275,Cloud to Ground,-27078,0,9
2026-10-01T21:09:46.059314509Z,12.616236,119.728205,Cloud to Ground,-17781,0,8
2026-10-01T21:09:47.703162949Z,22.764431,111.248148,Cloud to Cloud,-19130,4557,8
2026-10-01T21:09:47.159405163Z,22.833619,110.973727,Cloud to Ground,14974,0,7
2026-10-01T21:09:49.553735529Z,22.733669,111.123583,Cloud to Ground,25301,0,8
2026-10-01T21:09:49.535636020Z,22.724019,111.137449,Cloud to Ground,36157,0,13
2026-10-01T21:09:49.531816344Z,22.613995,111.439607,Cloud to Ground,21098,0,8
2026-10-01T21:09:50.831162920Z,22.708138,112.443122,Cloud to Ground,27869,0,12
2026-10-01T21:09:52.195375036Z,6.633454,117.992417,Cloud to Ground,26949,0,7
2026-10-01T21:09:52.364962194Z,6.648619,118.041531,Cloud to Ground,27757,0,8
2026-10-01T21:09:52.735125908Z,22.856979,113.445221,Cloud to Cloud,16140,7290,8
2026-10-01T21:09:55.635649512Z,22.706944,116.222859,Cloud to Ground,17432,0,7
2026-10-01T21:09:56.033036079Z,12.499981,119.375505,Cloud to Cloud,-25975,17907,7
2026-10-01T21:09:57.449130455Z,22.988332,113.550101,Cloud to Ground,44069,0,9
2026-10-01T21:09:58.973868572Z,6.642245,118.0454,Cloud to Ground,22445,0,10
2026-10-01T21:10:00.390188283Z,22.805406,113.597029,Cloud to Cloud,12170,3821,7
2026-10-01T21:10:02.819446151Z,22.704951,111.245627,Cloud to Ground,-13789,0,7
2026-10-01T21:10:04.367751447Z,22.679804,112.775267,Cloud to Cloud,15267,4623,10
2026-10-01T21:10:05.490864219Z,22.892594,113.964743,Cloud to Cloud,-14378,3376,7
2026-10-01T21:10:05.800174119Z,22.673056,111.251075,Cloud to Cloud,-8389,11516,8
2026-10-01T21:10:06.169443987Z,22.779174,111.080879,Cloud to Cloud,-14168,10468,10
2026-10-01T21:10:07.058421549Z,6.805819,118.147471,Cloud to Cloud,-18191,8252,6
2026-10-01T21:10:08.994802753Z,22.671574,116.237103,Cloud to Ground,-42623,0,17
2026-10-01T21:10:08.695365953Z,22.684949,116.238552,Cloud to Ground,-38316,0,10
2026-10-01T21:10:08.672266242Z,22.682971,116.231618,Cloud to Ground,-25362,0,9
2026-10-01T21:10:08.669338773Z,22.672656,116.207914,Cloud to Ground,-25229,0,10
2026-10-01T21:10:08.802112851Z,22.691715,116.235577,Cloud to Ground,-20078,0,7
2026-10-01T21:10:08.771845790Z,22.722843,111.334303,Cloud to Ground,15681,0,11
2026-10-01T21:10:10.064107711Z,22.664752,112.680965,Cloud to Cloud,-11623,6938,14
2026-10-01T21:10:09.923388305Z,22.654623,112.714204,Cloud to Cloud,12695,8647,6
2026-10-01T21:10:10.681431092Z,22.809403,113.22788,Cloud to Cloud,19739,7170,12
2026-10-01T21:10:10.933726036Z,22.765424,113.47433,Cloud to Cloud,-10036,4450,6
2026-10-01T21:10:10.916543582Z,22.760066,113.468285,Cloud to Cloud,-9259,8072,6
2026-10-01T21:10:11.973796142Z,22.96113,114.186588,Cloud to Ground,-26201,0,12
2026-10-01T21:10:13.901975034Z,22.953271,113.339811,Cloud to Ground,16857,0,8
2026-10-01T21:10:14.532896406Z,22.779449,111.047258,Cloud to Ground,24321,0,12
2026-10-01T21:10:15.769077278Z,22.665225,112.503887,Cloud to Ground,24474,0,8
2026-10-01T21:10:16.208666835Z,6.69065,117.936937,Cloud to Ground,62275,0,14
2026-10-01T21:10:16.818653328Z,6.648745,118.04225,Cloud to Cloud,9625,7414,6
2026-10-01T21:10:17.151447000Z,8.7612,121.7141,Cloud to Ground,-23448,0,11
2026-10-01T21:10:21.094037320Z,10.464693,124.324607,Cloud to Ground,-30020,0,15
2026-10-01T21:10:21.031102794Z,10.365724,124.447147,Cloud to Ground,24468,0,9
2026-10-01T21:10:21.437488000Z,9.0521,124.2071,Cloud to Ground,31789,0,6
2026-10-01T21:10:21.284303000Z,12.6859,120.1137,Cloud to Ground,-84742,0,6
2026-10-01T21:10:22.947851555Z,22.792291,113.513785,Cloud to Cloud,-8289,4876,7
2026-10-01T21:10:22.784494336Z,22.673898,116.132514,Cloud to Cloud,11811,13495,5
2026-10-01T21:10:23.791502457Z,12.751762,120.188709,Cloud to Ground,-56861,0,10
2026-10-01T21:10:23.793050598Z,22.672046,116.240192,Cloud to Cloud,-17341,14223,6
2026-10-01T21:10:25.818336725Z,6.948983,118.107123,Cloud to Ground,60267,0,6
2026-10-01T21:10:29.933314140Z,22.631141,112.55444,Cloud to Cloud,-7088,3008,7
2026-10-01T21:10:29.819694000Z,9.0153,124.1141,Cloud to Ground,-53083,0,7
2026-10-01T21:10:30.274067000Z,8.791,122.4103,Cloud to Ground,-39408,0,7
2026-10-01T21:10:31.476390239Z,22.995261,113.180356,Cloud to Ground,17672,0,8
2026-10-01T21:10:31.371432071Z,22.912438,113.059075,Cloud to Ground,-10382,0,7
2026-10-01T21:10:32.115659291Z,8.052474,130.09275,Cloud to Cloud,14443,5196,12
2026-10-01T21:10:32.117511014Z,8.054028,130.067395,Cloud to Ground,19518,0,12
2026-10-01T21:10:33.463965459Z,22.686663,112.768788,Cloud to Ground,-4663,0,6
2026-10-01T21:10:34.330399121Z,12.642642,119.636376,Cloud to Cloud,-26584,10152,6
2026-10-01T21:10:36.658101030Z,6.661228,118.113986,Cloud to Ground,35233,0,9
2026-10-01T21:10:36.481309878Z,6.790078,118.232788,Cloud to Ground,-20496,0,15
2026-10-01T21:10:38.277814150Z,22.874946,114.038945,Cloud to Ground,-11161,0,8
2026-10-01T21:10:38.273128025Z,22.929414,113.890764,Cloud to Ground,6174,0,8
2026-10-01T21:10:38.673408075Z,22.669693,116.485993,Cloud to Cloud,11322,11596,6
2026-10-01T21:10:40.876813000Z,11.3693,121.5527,Cloud to Ground,-26487,0,7
2026-10-01T21:10:40.509586000Z,11.3606,121.6655,Cloud to Ground,-27065,0,5
2026-10-01T21:10:41.063485800Z,22.774168,113.149253,Cloud to Cloud,-17259,14732,10
2026-10-01T21:10:43.598068626Z,22.977275,113.237779,Cloud to Ground,9967,0,11
2026-10-01T21:10:46.057750991Z,22.661275,112.70099,Cloud to Cloud,-12533,3702,7
2026-10-01T21:10:46.029099809Z,22.665467,112.70534,Cloud to Cloud,-12142,6385,12
2026-10-01T21:10:46.016724338Z,22.643858,112.691907,Cloud to Cloud,18802,4324,10
2026-10-01T21:10:46.884199073Z,22.799118,113.177926,Cloud to Ground,-14725,0,12
2026-10-01T21:10:47.101727595Z,22.817267,113.114837,Cloud to Cloud,-12770,6857,11
2026-10-01T21:10:46.602441486Z,22.937005,113.825742,Cloud to Ground,-29408,0,11
2026-10-01T21:10:47.744400200Z,22.790721,113.565112,Cloud to Cloud,-20501,6701,8
2026-10-01T21:10:47.289478348Z,22.987625,113.480864,Cloud to Cloud,-10922,6449,7
2026-10-01T21:10:47.027756000Z,22.5356,113.3135,Cloud to Ground,136457,0,5
2026-10-01T21:10:48.121541369Z,22.994302,113.445084,Cloud to Ground,79725,0,9
2026-10-01T21:10:48.737619004Z,13.864391,119.903666,Cloud to Ground,-34220,0,10
2026-10-01T21:10:48.846226000Z,13.9031,119.807,Cloud to Ground,-24469,0,6
2026-10-01T21:10:49.525856941Z,6.804942,118.082306,Cloud to Ground,41464,0,7
2026-10-01T21:10:55.778563837Z,22.680571,116.240222,Cloud to Ground,-24202,0,11
2026-10-01T21:10:56.069821326Z,22.692323,116.240793,Cloud to Ground,13150,0,6
2026-10-01T21:10:55.867646000Z,22.7569,116.3651,Cloud to Ground,-41993,0,9
2026-10-01T21:10:57.881161839Z,22.826412,111.023007,Cloud to Ground,27454,0,10
2026-10-01T21:10:58.323832241Z,22.81141,113.556355,Cloud to Cloud,-18456,5077,15
2026-10-01T21:10:58.246565555Z,22.76693,113.380537,Cloud to Ground,-24798,0,7
2026-10-01T21:10:58.058742349Z,22.789994,111.165183,Cloud to Ground,18563,0,8
2026-10-01T21:11:02.789376158Z,22.846617,113.947748,Cloud to Cloud,-12664,4711,16
2026-10-01T21:11:02.584403304Z,22.888467,113.799989,Cloud to Ground,25614,0,7
2026-10-01T21:11:02.301673396Z,22.919538,113.856814,Cloud to Ground,32482,0,9
2026-10-01T21:11:02.179993494Z,22.938447,113.888424,Cloud to Ground,60748,0,9
2026-10-01T21:11:02.491623883Z,22.735915,112.705114,Cloud to Cloud,3404,10908,9
2026-10-01T21:11:02.053606018Z,22.768261,113.246535,Cloud to Cloud,-11058,9578,10
2026-10-01T21:11:04.375133613Z,8.871556,126.675458,Cloud to Ground,-15974,0,18
2026-10-01T21:11:04.131651843Z,8.901349,126.434935,Cloud to Ground,-23917,0,12
2026-10-01T21:11:06.870574829Z,22.696905,112.423155,Cloud to Ground,-20555,0,10
2026-10-01T21:11:07.032728369Z,22.671351,112.449628,Cloud to Ground,-2366,0,6
2026-10-01T21:11:11.064351522Z,8.810378,124.126758,Cloud to Cloud,-75984,4984,12
2026-10-01T21:11:11.156534376Z,8.834801,124.311882,Cloud to Ground,-25517,0,12
2026-10-01T21:11:11.026923786Z,22.685111,116.242513,Cloud to Cloud,11418,18945,6
2026-10-01T21:11:13.914753050Z,8.040041,133.661936,Cloud to Ground,41787,0,17
2026-10-01T21:11:13.861561000Z,8.1156,133.5932,Cloud to Ground,35909,0,16
2026-10-01T21:11:13.493497815Z,22.861345,116.494439,Cloud to Ground,22494,0,7
2026-10-01T21:11:13.895768671Z,12.627825,119.659885,Cloud to Cloud,-18885,5193,7
2026-10-01T21:11:13.890023000Z,12.6382,119.6314,Cloud to Ground,-10425,0,6
2026-10-01T21:11:15.870691470Z,22.976584,116.390172,Cloud to Cloud,9139,11127,7
2026-10-01T21:11:16.797721467Z,22.994008,113.253399,Cloud to Cloud,8429,5868,8
2026-10-01T21:11:17.646876485Z,6.060683,126.760143,Cloud to Ground,-47954,0,13
2026-10-01T21:11:18.346079220Z,22.656192,112.519249,Cloud to Ground,17403,0,7
2026-10-01T21:11:18.836193858Z,22.79206,113.656546,Cloud to Ground,-16251,0,12
2026-10-01T21:11:19.775050079Z,22.878286,114.039133,Cloud to Ground,28901,0,10
2026-10-01T21:11:20.171641846Z,8.800131,122.530964,Cloud to Ground,74610,0,19
2026-10-01T21:11:22.506240285Z,22.68671,116.223302,Cloud to Cloud,15004,13346,7
2026-10-01T21:11:22.433803854Z,22.830631,113.784944,Cloud to Cloud,3605,7993,8
2026-10-01T21:11:23.153999189Z,22.972525,113.979703,Cloud to Ground,-12195,0,8
2026-10-01T21:11:23.872363731Z,6.662368,118.09836,Cloud to Cloud,-10974,6711,8
2026-10-01T21:11:23.798878009Z,6.667097,118.11192,Cloud to Ground,31748,0,10
2026-10-01T21:11:24.029122979Z,6.66771,118.134196,Cloud to Ground,65697,0,10
2026-10-01T21:11:25.387497538Z,9.122923,124.180439,Cloud to Cloud,12644,17925,10
2026-10-01T21:11:25.116365656Z,9.014908,124.093124,Cloud to Ground,39711,0,17
2026-10-01T21:11:25.408422758Z,22.654195,112.546462,Cloud to Cloud,11208,5121,10
2026-10-01T21:11:26.475352287Z,6.86508,118.170573,Cloud to Cloud,13682,7135,8
2026-10-01T21:11:28.793356001Z,12.66645,119.678229,Cloud to Ground,-26964,0,9
2026-10-01T21:11:28.734955707Z,12.6615,119.737506,Cloud to Ground,-26178,0,9
2026-10-01T21:11:29.556513200Z,22.69371,116.237238,Cloud to Cloud,14206,12933,5
2026-10-01T21:11:31.064474202Z,22.755798,111.297781,Cloud to Ground,32459,0,14
2026-10-01T21:11:31.020222988Z,22.749137,111.297199,Cloud to Ground,36538,0,12
2026-10-01T21:11:30.960764832Z,22.757066,111.274143,Cloud to Ground,43929,0,14
2026-10-01T21:11:31.096272474Z,22.757057,111.12819,Cloud to Ground,14589,0,9
2026-10-01T21:11:34.705665036Z,6.668807,118.07354,Cloud to Ground,10829,0,7
2026-10-01T21:11:34.817558203Z,6.664829,118.010546,Cloud to Ground,12489,0,9
2026-10-01T21:11:34.666607132Z,8.734864,121.984013,Cloud to Cloud,-42440,12088,13
2026-10-01T21:11:34.568826846Z,9.074754,124.240697,Cloud to Ground,-21883,0,17
2026-10-01T21:11:34.469824000Z,8.9946,124.1793,Cloud to Ground,-44081,0,5
2026-10-01T21:11:37.422224648Z,22.786759,113.245575,Cloud to Ground,-16038,0,9
2026-10-01T21:11:37.443131647Z,22.799177,113.257704,Cloud to Ground,-15834,0,7
2026-10-01T21:11:38.957437921Z,6.643553,118.015382,Cloud to Cloud,11515,3108,8
2026-10-01T21:11:40.453162912Z,22.676226,116.211888,Cloud to Ground,-21618,0,6
2026-10-01T21:11:40.662945446Z,22.670541,116.21747,Cloud to Ground,-17732,0,6
2026-10-01T21:11:41.172880954Z,22.668876,116.183855,Cloud to Ground,-13187,0,6
2026-10-01T21:11:40.844115945Z,22.668439,116.196637,Cloud to Ground,-12698,0,6
2026-10-01T21:11:40.534165000Z,22.7072,116.3528,Cloud to Ground,-30492,0,7
2026-10-01T21:11:41.667029212Z,8.082939,133.676857,Cloud to Ground,-17310,0,21
2026-10-01T21:11:41.613621000Z,8.1085,133.7428,Cloud to Ground,671,0,6
2026-10-01T21:11:41.449986530Z,22.729552,113.416615,Cloud to Cloud,-30437,3151,8
2026-10-01T21:11:41.500711127Z,22.799679,113.7334,Cloud to Ground,-31861,0,9
2026-10-01T21:11:42.712664294Z,22.84651,113.307405,Cloud to Ground,28931,0,10
2026-10-01T21:11:42.408672413Z,22.805589,113.465982,Cloud to Ground,32131,0,8
2026-10-01T21:11:41.432380744Z,22.839301,113.374852,Cloud to Cloud,-12779,3007,11
2026-10-01T21:11:42.009397716Z,22.895787,113.353697,Cloud to Cloud,14349,3000,10
2026-10-01T21:11:43.498635931Z,6.668143,118.107993,Cloud to Ground,-20668,0,10
2026-10-01T21:11:43.594858478Z,6.66105,118.058983,Cloud to Ground,10976,0,7
2026-10-01T21:11:43.896127241Z,6.662882,118.063597,Cloud to Ground,18230,0,7
2026-10-01T21:11:43.812132081Z,6.666602,118.065121,Cloud to Ground,22047,0,9
2026-10-01T21:11:43.567208053Z,6.666324,118.061777,Cloud to Ground,35959,0,9
2026-10-01T21:11:44.247735296Z,6.772759,118.235605,Cloud to Ground,-18370,0,8
2026-10-01T21:11:45.509989376Z,15.576065,120.156477,Cloud to Cloud,15516,9086,11
2026-10-01T21:11:45.964323000Z,8.9186,121.6604,Cloud to Ground,-82003,0,7
2026-10-01T21:11:46.292976202Z,8.991408,121.825571,Cloud to Ground,-21030,0,11
2026-10-01T21:11:48.254347163Z,6.79692,118.20657,Cloud to Cloud,12736,19189,8
2026-10-01T21:11:48.900588000Z,8.7395,121.7009,Cloud to Ground,-19143,0,5
2026-10-01T21:11:49.871513640Z,22.872183,113.428476,Cloud to Ground,-22297,0,7
2026-10-01T21:11:54.957838397Z,8.841262,122.680308,Cloud to Ground,28375,0,12
2026-10-01T21:11:54.927297404Z,22.609383,113.198474,Cloud to Cloud,-15333,8730,10
2026-10-01T21:11:54.958627408Z,22.638289,112.707894,Cloud to Ground,-17701,0,10
2026-10-01T21:11:58.047754938Z,22.683478,116.235092,Cloud to Ground,24569,0,7
2026-10-01T21:11:59.615363782Z,22.649642,112.793741,Cloud to Cloud,-10830,6752,10
2026-10-01T21:11:59.654672541Z,22.671903,112.573704,Cloud to Ground,-16302,0,8
2026-10-01T21:11:59.458214936Z,22.750642,112.68785,Cloud to Ground,11766,0,8
2026-10-01T21:12:01.741361970Z,22.967051,113.872973,Cloud to Ground,-36680,0,12
2026-10-01T21:12:01.205008929Z,22.666632,113.68287,Cloud to Ground,-12393,0,7
2026-10-01T21:12:02.974633488Z,22.777706,113.050062,Cloud to Ground,16044,0,10
2026-10-01T21:12:03.465880825Z,11.32975,121.67659,Cloud to Ground,-96347,0,10
2026-10-01T21:12:03.566375000Z,11.3504,121.6836,Cloud to Ground,-27979,0,6
2026-10-01T21:12:03.695659000Z,11.3472,121.5905,Cloud to Ground,-23651,0,6
2026-10-01T21:12:03.622538000Z,11.35,121.5147,Cloud to Ground,-22747,0,5
2026-10-01T21:12:05.097584775Z,6.674548,118.182522,Cloud to Ground,36890,0,8
2026-10-01T21:12:04.864756989Z,6.656835,118.094442,Cloud to Ground,41313,0,7
2026-10-01T21:12:05.251010083Z,6.598051,118.003842,Cloud to Ground,41327,0,8
2026-10-01T21:12:05.860220628Z,22.825014,113.593828,Cloud to Ground,-21040,0,10
2026-10-01T21:12:05.834476702Z,22.813818,113.590859,Cloud to Ground,-21031,0,8
2026-10-01T21:12:07.735337325Z,9.844465,121.994117,Cloud to Cloud,-87165,3816,12
2026-10-01T21:12:07.832222499Z,9.8556,122.172339,Cloud to Ground,-33377,0,7
2026-10-01T21:12:07.791318204Z,9.794854,122.168803,Cloud to Ground,-19203,0,10
2026-10-01T21:12:09.834601242Z,22.900403,113.560463,Cloud to Cloud,-13297,3021,7
2026-10-01T21:12:10.955758750Z,22.648688,113.423322,Cloud to Ground,17060,0,9
2026-10-01T21:12:13.683652683Z,8.225816,132.882657,Cloud to Cloud,-17170,6977,18
2026-10-01T21:12:14.861340509Z,22.975652,116.391983,Cloud to Cloud,6951,11233,6
2026-10-01T21:12:16.069832365Z,22.681065,116.075505,Cloud to Ground,26953,0,7
2026-10-01T21:12:16.384663530Z,22.636214,116.403004,Cloud to Ground,21181,0,10
2026-10-01T21:12:20.348906835Z,22.680714,116.255557,Cloud to Cloud,6679,12251,6
2026-10-01T21:12:20.368968452Z,22.683449,116.23527,Cloud to Cloud,12687,15024,6
2026-10-01T21:12:20.627572881Z,22.680498,116.247645,Cloud to Cloud,13821,3001,7
2026-10-01T21:12:20.359404657Z,22.595303,112.482755,Cloud to Cloud,4713,7076,7
2026-10-01T21:12:20.091715081Z,22.670098,112.599466,Cloud to Cloud,6742,4331,6
2026-10-01T21:12:20.278658399Z,22.606741,112.588007,Cloud to Ground,9825,0,7
2026-10-01T21:12:21.389712727Z,6.725197,118.130747,Cloud to Ground,-24141,0,7
2026-10-01T21:12:21.340178155Z,6.77269,118.164623,Cloud to Cloud,-22986,3003,10
2026-10-01T21:12:21.308040336Z,6.648493,118.090139,Cloud to Ground,35348,0,12
2026-10-01T21:12:24.308821311Z,22.840583,113.293868,Cloud to Ground,-18075,0,7
2026-10-01T21:12:25.499595000Z,22.712,116.3255,Cloud to Ground,-252,0,5
2026-10-01T21:12:26.912421000Z,6.7287,118.0875,Cloud to Ground,46952,0,6
2026-10-01T21:12:30.955377797Z,6.67426,118.055152,Cloud to Ground,48067,0,13
2026-10-01T21:12:30.019678869Z,9.033131,124.108094,Cloud to Ground,22391,0,13
2026-10-01T21:12:31.260156135Z,22.953533,113.589098,Cloud to Ground,-16181,0,7
2026-10-01T21:12:31.744795399Z,22.736823,113.474154,Cloud to Cloud,13067,3003,10
2026-10-01T21:12:31.820511833Z,22.73113,113.501322,Cloud to Cloud,13637,3088,10
2026-10-01T21:12:31.712302133Z,22.758243,113.442315,Cloud to Cloud,13709,3288,7
2026-10-01T21:12:32.270414401Z,22.755086,116.204238,Cloud to Ground,9635,0,7
2026-10-01T21:12:31.795087428Z,22.685012,116.251003,Cloud to Ground,15611,0,6
2026-10-01T21:12:33.657033897Z,6.64375,118.074502,Cloud to Ground,33627,0,11
2026-10-01T21:12:34.118465952Z,6.798328,118.114106,Cloud to Cloud,10100,7899,7
2026-10-01T21:12:34.736586505Z,22.929516,113.70243,Cloud to Ground,-12095,0,9
2026-10-01T21:12:34.712554546Z,22.932162,114.038485,Cloud to Ground,-22213,0,13
2026-10-01T21:12:34.722082671Z,22.97151,114.110131,Cloud to Cloud,-12345,5440,7
2026-10-01T21:12:35.149494258Z,22.884528,114.008303,Cloud to Cloud,11752,3009,7
2026-10-01T21:12:36.692157202Z,22.771776,113.96346,Cloud to Cloud,-15925,7730,10
2026-10-01T21:12:37.847693734Z,12.631102,119.668773,Cloud to Cloud,-22861,17216,14
2026-10-01T21:12:37.923575916Z,12.609476,119.702725,Cloud to Cloud,-16358,3002,9
2026-10-01T21:12:37.816762162Z,12.541385,119.730575,Cloud to Cloud,16020,12987,7
2026-10-01T21:12:37.925068819Z,12.575113,119.511075,Cloud to Cloud,-7091,5947,6
2026-10-01T21:12:38.723591257Z,22.713413,113.611383,Cloud to Ground,44361,0,9
2026-10-01T21:12:38.906799000Z,22.8691,113.6016,Cloud to Ground,-33184,0,7
2026-10-01T21:12:38.451252484Z,22.872034,113.615008,Cloud to Ground,33347,0,15
2026-10-01T21:12:38.698910000Z,22.9124,116.3049,Cloud to Ground,-37654,0,6
2026-10-01T21:12:38.625816000Z,22.7964,116.2129,Cloud to Ground,-42731,0,8
2026-10-01T21:12:39.604475748Z,22.464945,115.999561,Cloud to Ground,-41620,0,14
2026-10-01T21:12:39.342199895Z,22.673176,116.181841,Cloud to Ground,44198,0,10
2026-10-01T21:12:41.382937628Z,22.993004,112.797442,Cloud to Cloud,12298,5749,7
2026-10-01T21:12:41.168503115Z,22.935763,113.780408,Cloud to Cloud,-20449,3012,8
2026-10-01T21:12:41.167590127Z,22.926594,113.862076,Cloud to Ground,16183,0,8
2026-10-01T21:12:45.290862733Z,22.730585,113.640058,Cloud to Cloud,-17024,6125,9
2026-10-01T21:12:46.790179667Z,6.689355,118.112765,Cloud to Ground,-23473,0,19
2026-10-01T21:12:46.929550175Z,6.760811,118.229002,Cloud to Ground,-34465,0,8
2026-10-01T21:12:47.380260000Z,8.6297,122.0552,Cloud to Ground,-23778,0,5
2026-10-01T21:12:48.943105000Z,8.7673,122.4966,Cloud to Ground,-42376,0,5
2026-10-01T21:12:49.099921948Z,8.751275,122.552087,Cloud to Ground,-31103,0,11
2026-10-01T21:12:48.897313463Z,8.761709,122.614498,Cloud to Cloud,-29094,16904,12
2026-10-01T21:12:48.891929118Z,8.763567,122.585271,Cloud to Ground,-21789,0,9
2026-10-01T21:12:48.929420929Z,8.755176,122.620455,Cloud to Cloud,-17998,14420,16
2026-10-01T21:12:48.991174465Z,8.752097,122.671226,Cloud to Ground,19838,0,11
2026-10-01T21:12:49.616379143Z,10.435743,124.229352,Cloud to Ground,-36209,0,12
2026-10-01T21:12:49.652702000Z,10.4629,124.2982,Cloud to Ground,22188,0,5
2026-10-01T21:12:50.225028717Z,6.634996,118.002722,Cloud to Cloud,10647,7884,8
2026-10-01T21:12:50.510591658Z,22.772113,113.439306,Cloud to Ground,-18880,0,7
2026-10-01T21:12:50.645408010Z,22.861883,113.601903,Cloud to Cloud,-13215,3355,8
2026-10-01T21:12:51.240687127Z,22.98728,113.656725,Cloud to Cloud,-13781,3006,7
2026-10-01T21:12:52.093072161Z,22.922184,113.153852,Cloud to Cloud,17359,19239,10
2026-10-01T21:12:52.472246601Z,22.917372,113.273532,Cloud to Cloud,-8631,6083,7
2026-10-01T21:12:53.740636000Z,8.9159,122.3791,Cloud to Ground,-51616,0,6
2026-10-01T21:12:55.757166448Z,9.021279,121.878479,Cloud to Ground,-31480,0,15
2026-10-01T21:12:57.299094956Z,22.658242,112.635644,Cloud to Ground,15132,0,11
2026-10-01T21:12:57.272385063Z,22.587866,112.780892,Cloud to Ground,-31093,0,8
2026-10-01T21:12:57.604699862Z,22.596395,112.769005,Cloud to Ground,-26488,0,7
2026-10-01T21:12:58.437866169Z,8.721344,126.676467,Cloud to Ground,52841,0,10
2026-10-01T21:12:58.520589000Z,8.885,126.5238,Cloud to Ground,57749,0,6
2026-10-01T21:13:00.548628850Z,22.92931,113.695113,Cloud to Ground,11240,0,7
2026-10-01T21:13:01.674958559Z,22.97617,113.898284,Cloud to Ground,-10678,0,9
2026-10-01T21:13:01.716349608Z,22.660982,113.684684,Cloud to Ground,-65733,0,11
2026-10-01T21:13:01.649441000Z,22.7011,113.6695,Cloud to Ground,29096,0,6
2026-10-01T21:13:02.394740424Z,22.988537,113.874,Cloud to Cloud,-9635,3008,6
2026-10-01T21:13:02.282928616Z,22.946287,113.553965,Cloud to Cloud,-12854,3221,7
2026-10-01T21:13:02.989890135Z,22.777129,113.110303,Cloud to Cloud,-13893,19511,8
2026-10-01T21:13:03.515959496Z,9.199506,124.146895,Cloud to Ground,-20725,0,18
2026-10-01T21:13:03.864635281Z,9.031758,124.136938,Cloud to Cloud,-20284,6186,22
2026-10-01T21:13:03.643077000Z,9.064,124.0041,Cloud to Ground,-18838,0,7
2026-10-01T21:13:03.526079605Z,22.710992,116.254299,Cloud to Cloud,19392,18443,6
2026-10-01T21:13:04.934828311Z,22.754474,113.619839,Cloud to Ground,43950,0,9
2026-10-01T21:13:04.865140000Z,22.8726,113.7492,Cloud to Ground,-61598,0,5
2026-10-01T21:13:05.510768933Z,22.871385,113.912534,Cloud to Cloud,-17166,6534,6
2026-10-01T21:13:05.035455886Z,22.890762,113.380066,Cloud to Cloud,14162,3012,9
2026-10-01T21:13:07.057322917Z,6.715437,118.199888,Cloud to Ground,-37189,0,9
2026-10-01T21:13:07.223986066Z,6.812718,118.078484,Cloud to Ground,11247,0,7
2026-10-01T21:13:06.875527996Z,6.757643,118.137393,Cloud to Ground,60304,0,9
2026-10-01T21:13:06.255397059Z,8.174081,133.567056,Cloud to Ground,-56155,0,17
2026-10-01T21:13:06.802314000Z,10.3673,124.2839,Cloud to Ground,-34155,0,5
2026-10-01T21:13:06.959323000Z,8.7303,124.1797,Cloud to Ground,1927,0,8
2026-10-01T21:13:09.773245712Z,22.691624,112.442493,Cloud to Ground,18240,0,11
2026-10-01T21:13:10.703614686Z,22.758064,113.22294,Cloud to Ground,-13123,0,8
2026-10-01T21:13:13.795699283Z,22.666414,112.781286,Cloud to Ground,-16705,0,14
2026-10-01T21:13:13.867786300Z,22.691764,112.557848,Cloud to Cloud,-10002,3426,7
2026-10-01T21:13:17.569301556Z,22.869763,113.517602,Cloud to Ground,-18187,0,7
2026-10-01T21:13:17.564509596Z,22.985154,113.439144,Cloud to Ground,18667,0,14
2026-10-01T21:13:17.570914154Z,22.973902,113.285168,Cloud to Cloud,16938,5188,10
2026-10-01T21:13:16.940093602Z,22.956987,113.330537,Cloud to Ground,19626,0,8
2026-10-01T21:13:17.225688620Z,22.986834,113.211573,Cloud to Ground,39552,0,12
2026-10-01T21:13:18.125120518Z,22.998904,113.602676,Cloud to Ground,12527,0,10
2026-10-01T21:13:20.676187484Z,6.671965,118.057586,Cloud to Ground,36847,0,8
2026-10-01T21:13:20.728080475Z,6.834514,118.09119,Cloud to Cloud,11055,6176,6
2026-10-01T21:13:22.480756510Z,22.63418,113.928502,Cloud to Cloud,-19384,7448,8
2026-10-01T21:13:25.731105193Z,22.672513,116.152931,Cloud to Ground,-6988,0,7
2026-10-01T21:13:25.332834517Z,22.691826,116.237089,Cloud to Ground,20502,0,7
2026-10-01T21:13:27.767033150Z,22.92045,113.717539,Cloud to Ground,62496,0,9
2026-10-01T21:13:27.599410491Z,22.904429,113.909665,Cloud to Ground,-62642,0,13
2026-10-01T21:13:27.981888663Z,22.936963,113.909093,Cloud to Ground,25797,0,11
2026-10-01T21:13:28.069487098Z,22.92464,113.927397,Cloud to Ground,37055,0,13
2026-10-01T21:13:27.807177674Z,22.916975,113.934241,Cloud to Ground,46573,0,16
2026-10-01T21:13:27.910287090Z,22.912557,113.935061,Cloud to Ground,82217,0,10
2026-10-01T21:13:28.062335000Z,9.0645,124.0457,Cloud to Ground,-62416,0,5
2026-10-01T21:13:31.656031310Z,9.821899,122.155186,Cloud to Ground,-50077,0,10
2026-10-01T21:13:31.569497374Z,9.778296,122.07227,Cloud to Ground,-132038,0,18
2026-10-01T21:13:33.867557224Z,13.372598,119.439506,Cloud to Ground,35356,0,7
2026-10-01T21:13:35.836382609Z,22.929745,113.673287,Cloud to Ground,6448,0,13
2026-10-01T21:13:35.731051830Z,22.806592,113.744706,Cloud to Cloud,-9279,4383,9
2026-10-01T21:13:36.916393313Z,22.649069,112.736087,Cloud to Ground,-26943,0,13
2026-10-01T21:13:36.954995052Z,22.651913,112.490813,Cloud to Ground,17654,0,13
2026-10-01T21:13:36.355515534Z,12.220054,120.185433,Cloud to Ground,30668,0,10
2026-10-01T21:13:36.627930000Z,12.3045,119.9903,Cloud to Ground,-42964,0,13
2026-10-01T21:13:36.654332000Z,12.2958,119.825,Cloud to Ground,-23994,0,5
2026-10-01T21:13:37.606023000Z,11.2852,119.6905,Cloud to Ground,-33142,0,8
2026-10-01T21:13:37.549469000Z,11.2488,119.5322,Cloud to Ground,-48152,0,5
2026-10-01T21:13:38.849416214Z,6.693402,118.108046,Cloud to Ground,-28142,0,13
2026-10-01T21:13:38.911195705Z,6.64562,118.047342,Cloud to Ground,7704,0,6
2026-10-01T21:13:38.969396762Z,6.651143,118.056646,Cloud to Ground,22975,0,8
2026-10-01T21:13:38.641999049Z,6.654793,118.064778,Cloud to Ground,32549,0,9
2026-10-01T21:13:38.564015845Z,22.601741,113.419202,Cloud to Ground,6179,0,7
2026-10-01T21:13:38.828843000Z,11.1941,121.6081,Cloud to Ground,-66053,0,8
2026-10-01T21:13:40.374074743Z,22.959838,113.125448,Cloud to Cloud,11817,3168,11
2026-10-01T21:13:40.189026808Z,22.963053,113.123746,Cloud to Cloud,19874,16528,12
2026-10-01T21:13:43.293657412Z,22.785152,113.240111,Cloud to Ground,13571,0,10
2026-10-01T21:13:47.686105712Z,6.755663,118.187564,Cloud to Ground,42028,0,8
2026-10-01T21:13:47.245589605Z,22.715634,116.188022,Cloud to Cloud,-14297,13737,12
2026-10-01T21:13:49.651483819Z,22.902249,113.936673,Cloud to Cloud,11775,3342,8
2026-10-01T21:13:52.864905083Z,22.832606,113.372889,Cloud to Ground,36895,0,11
2026-10-01T21:13:53.086965000Z,22.8464,113.5575,Cloud to Ground,-11041,0,9
2026-10-01T21:13:53.405363965Z,22.800478,113.502255,Cloud to Cloud,16366,3954,8
2026-10-01T21:13:52.757317796Z,22.781041,113.593858,Cloud to Ground,16412,0,8
2026-10-01T21:13:52.570176292Z,22.717155,113.664592,Cloud to Ground,51832,0,8
2026-10-01T21:13:52.492505583Z,22.746105,113.644314,Cloud to Ground,67452,0,11
2026-10-01T21:13:55.439324013Z,22.815176,113.228671,Cloud to Cloud,12552,3022,6
2026-10-01T21:13:56.963402336Z,22.811202,114.069606,Cloud to Ground,21778,0,8
2026-10-01T21:13:57.368666158Z,22.681229,112.411802,Cloud to Ground,14713,0,7
2026-10-01T21:13:57.636934000Z,10.4529,124.0537,Cloud to Ground,-51514,0,5
2026-10-01T21:14:00.976903000Z,8.9271,122.3585,Cloud to Ground,-59477,0,5
2026-10-01T21:14:01.069781000Z,8.9339,122.3895,Cloud to Ground,-43354,0,8
2026-10-01T21:14:01.204300351Z,22.988326,113.121926,Cloud to Ground,10727,0,8
2026-10-01T21:14:01.322834395Z,22.958478,112.982489,Cloud to Cloud,9652,3272,7
2026-10-01T21:14:02.547650320Z,8.217022,132.865075,Cloud to Ground,-47604,0,20
2026-10-01T21:14:05.598394492Z,22.88958,116.449845,Cloud to Ground,-62254,0,7
2026-10-01T21:14:05.638953241Z,22.877001,116.516881,Cloud to Ground,-26671,0,8
2026-10-01T21:14:05.677338179Z,22.692466,113.820412,Cloud to Ground,-10579,0,7
2026-10-01T21:14:05.149776000Z,11.3806,121.5733,Cloud to Ground,-41793,0,5
2026-10-01T21:14:06.510933574Z,22.850888,116.500834,Cloud to Ground,-16272,0,6
2026-10-01T21:14:06.041520601Z,22.992528,113.45813,Cloud to Ground,54957,0,7
2026-10-01T21:14:07.546976000Z,6.6921,118.0763,Cloud to Ground,337,0,5
2026-10-01T21:14:10.455884518Z,22.833265,111.072493,Cloud to Cloud,-16839,14500,8
2026-10-01T21:14:10.500071203Z,22.837229,111.047834,Cloud to Ground,21393,0,7
2026-10-01T21:14:11.182279334Z,22.698075,116.238269,Cloud to Ground,-78766,0,15
2026-10-01T21:14:10.895155111Z,22.687567,116.184626,Cloud to Ground,-44069,0,6
2026-10-01T21:14:11.248719188Z,22.69976,116.217681,Cloud to Ground,-32756,0,7
2026-10-01T21:14:11.310362106Z,22.704429,116.24281,Cloud to Ground,-15821,0,7
2026-10-01T21:14:11.054618495Z,22.757754,116.333292,Cloud to Ground,-20663,0,9
2026-10-01T21:14:11.497634503Z,22.556015,112.667052,Cloud to Ground,14713,0,7
2026-10-01T21:14:11.947049873Z,22.897864,113.726025,Cloud to Ground,11018,0,10
2026-10-01T21:14:13.297298676Z,22.627657,112.794157,Cloud to Cloud,-13067,5878,8
2026-10-01T21:14:14.994612426Z,22.483011,115.987019,Cloud to Ground,12627,0,6
2026-10-01T21:14:15.913720841Z,12.605066,119.69981,Cloud to Ground,-20357,0,8
2026-10-01T21:14:15.837124000Z,12.5933,119.5082,Cloud to Ground,-22687,0,7
2026-10-01T21:14:16.754976958Z,6.647648,118.00144,Cloud to Cloud,13653,15721,8
2026-10-01T21:14:16.824904037Z,6.711774,118.041717,Cloud to Cloud,19366,3216,7
2026-10-01T21:14:21.270322398Z,22.981648,113.402206,Cloud to Ground,-16367,0,7
2026-10-01T21:14:26.180194649Z,22.631257,113.476796,Cloud to Cloud,17067,6784,9
2026-10-01T21:14:26.884490000Z,22.8476,113.644,Cloud to Ground,-32951,0,5
2026-10-01T21:14:26.768099823Z,22.741836,113.618143,Cloud to Ground,22031,0,7
2026-10-01T21:14:26.783048264Z,22.817043,113.594761,Cloud to Ground,38192,0,14
2026-10-01T21:14:26.668950397Z,22.815542,113.539882,Cloud to Ground,57287,0,8
2026-10-01T21:14:27.657610288Z,6.701112,118.108231,Cloud to Ground,-26926,0,11
2026-10-01T21:14:27.532987133Z,6.786644,118.22684,Cloud to Cloud,-38839,3060,15
2026-10-01T21:14:27.936826650Z,22.942062,113.290084,Cloud to Cloud,23647,3023,8
2026-10-01T21:14:28.062544244Z,6.850587,118.131237,Cloud to Ground,36728,0,6
2026-10-01T21:14:29.503298231Z,22.808809,113.354982,Cloud to Cloud,-9330,3021,12
2026-10-01T21:14:29.187586751Z,22.939717,113.944864,Cloud to Cloud,-9286,3023,10
2026-10-01T21:14:33.241512077Z,6.046418,126.764032,Cloud to Ground,-17625,0,26
2026-10-01T21:14:33.525190666Z,13.875502,119.95454,Cloud to Cloud,20859,3003,7
2026-10-01T21:14:35.395094469Z,22.940535,113.157148,Cloud to Ground,19119,0,13
2026-10-01T21:14:35.425637819Z,22.815961,113.274828,Cloud to Ground,37132,0,9
2026-10-01T21:14:39.725742001Z,6.671922,117.937092,Cloud to Cloud,-11433,14732,9
2026-10-01T21:14:40.739952241Z,22.60628,112.785041,Cloud to Ground,-24822,0,8
2026-10-01T21:14:41.046566470Z,22.791307,113.216484,Cloud to Ground,12918,0,10
2026-10-01T21:14:42.745975274Z,22.63237,112.488235,Cloud to Ground,9796,0,8
2026-10-01T21:14:42.672895178Z,22.663322,112.566067,Cloud to Cloud,12357,6427,8
2026-10-01T21:14:42.698403005Z,22.638618,112.525985,Cloud to Ground,13876,0,8
2026-10-01T21:14:43.056313587Z,6.707716,118.233063,Cloud to Ground,-28630,0,8
2026-10-01T21:14:45.715920447Z,22.807817,113.613576,Cloud to Cloud,18466,3013,8
2026-10-01T21:14:45.620492564Z,22.755658,113.594857,Cloud to Ground,29935,0,9
2026-10-01T21:14:45.583480749Z,22.870925,113.426401,Cloud to Ground,-14952,0,10
2026-10-01T21:14:45.557804800Z,22.877737,113.371261,Cloud to Ground,47052,0,8
2026-10-01T21:14:45.686288017Z,22.840597,113.373269,Cloud to Ground,54359,0,8
2026-10-01T21:14:47.676475007Z,9.047752,124.055257,Cloud to Ground,-28943,0,12
2026-10-01T21:14:47.740314000Z,9.0745,124.005,Cloud to Ground,-22024,0,7
2026-10-01T21:14:47.797383000Z,9.0927,123.9897,Cloud to Ground,-16907,0,7
2026-10-01T21:14:48.177527126Z,9.038959,124.070122,Cloud to Ground,-16608,0,15
2026-10-01T21:14:51.668715824Z,22.974036,113.923552,Cloud to Cloud,-11106,3059,11
2026-10-01T21:14:52.034591691Z,22.883506,113.935289,Cloud to Cloud,5346,3010,9
2026-10-01T21:14:51.646034494Z,22.894583,113.912454,Cloud to Ground,42890,0,11
2026-10-01T21:14:52.757040000Z,22.6601,116.2692,Cloud to Ground,-45370,0,6
2026-10-01T21:14:52.622417309Z,22.713725,116.23183,Cloud to Ground,-17246,0,10
2026-10-01T21:14:52.841320000Z,13.8628,119.8991,Cloud to Ground,-27378,0,7
2026-10-01T21:14:52.566525000Z,22.7715,116.3361,Cloud to Ground,-26635,0,5
2026-10-01T21:14:53.502916281Z,22.673852,116.286825,Cloud to Ground,-17829,0,7
2026-10-01T21:14:53.589224681Z,22.670744,116.294089,Cloud to Ground,-16590,0,7
2026-10-01T21:14:54.646913022Z,6.757363,118.15518,Cloud to Cloud,21591,11146,6
2026-10-01T21:14:54.736743532Z,6.837157,118.104249,Cloud to Ground,51116,0,8
2026-10-01T21:14:55.025687963Z,6.659079,118.060588,Cloud to Ground,18450,0,6
2026-10-01T21:14:55.602868797Z,6.656418,118.019443,Cloud to Ground,18700,0,6
2026-10-01T21:14:54.851069949Z,6.62252,118.02834,Cloud to Ground,28756,0,10
2026-10-01T21:14:54.982359127Z,6.657212,118.073159,Cloud to Ground,32440,0,11
2026-10-01T21:14:54.632445186Z,6.662917,118.147532,Cloud to Ground,87064,0,10
2026-10-01T21:14:55.581301242Z,6.805583,118.084466,Cloud to Ground,25924,0,7
2026-10-01T21:14:55.552446945Z,12.727069,120.106502,Cloud to Ground,-42954,0,8
2026-10-01T21:14:55.550771709Z,12.723496,120.188279,Cloud to Ground,-10999,0,10
2026-10-01T21:14:55.165566000Z,6.7184,117.9068,Cloud to Ground,48538,0,5
2026-10-01T21:14:57.625115691Z,22.651586,114.012494,Cloud to Cloud,17428,3209,7
2026-10-01T21:14:59.133911349Z,12.670432,119.73322,Cloud to Cloud,-14212,3013,7
2026-10-01T21:14:59.145614000Z,12.6216,119.7354,Cloud to Ground,-6799,0,5
2026-10-01T21:14:59.833194347Z,22.841415,116.189109,Cloud to Cloud,-6193,12449,5
2026-10-01T21:15:00.151957363Z,22.985741,116.556107,Cloud to Cloud,-14755,17439,7
2026-10-01T21:14:59.773806000Z,22.9612,116.4092,Cloud to Ground,-32993,0,10
2026-10-01T21:15:00.336218766Z,22.910014,116.427011,Cloud to Cloud,9537,11400,7
2026-10-01T21:15:01.293386535Z,22.771152,113.191185,Cloud to Cloud,8349,6272,7
2026-10-01T21:15:04.718525467Z,6.625386,118.124707,Cloud to Cloud,23159,17340,9
2026-10-01T21:15:04.360174000Z,22.8978,116.5447,Cloud to Ground,-10208,0,8
2026-10-01T21:15:05.875399832Z,22.97795,113.049963,Cloud to Cloud,14578,3003,10
2026-10-01T21:15:06.030733288Z,22.967066,113.18888,Cloud to Cloud,-16451,19708,7
2026-10-01T21:15:06.640281124Z,22.884155,113.616461,Cloud to Ground,-47808,0,8
2026-10-01T21:15:07.510865966Z,6.764392,118.184507,Cloud to Cloud,21437,15168,8
2026-10-01T21:15:07.652704088Z,8.145869,130.298066,Cloud to Ground,15348,0,9
2026-10-01T21:15:07.321088794Z,22.996518,113.406902,Cloud to Ground,27242,0,7
2026-10-01T21:15:07.439850494Z,22.841433,113.213987,Cloud to Cloud,-26307,3225,8
2026-10-01T21:15:07.835699000Z,13.8536,119.7228,Cloud to Ground,-20959,0,5
2026-10-01T21:15:07.702680000Z,11.3325,121.6505,Cloud to Ground,-68922,0,12
2026-10-01T21:15:08.029244274Z,8.138792,130.538048,Cloud to Ground,17280,0,11
2026-10-01T21:15:08.171767169Z,13.89899,120.032494,Cloud to Ground,-24152,0,10
2026-10-01T21:15:10.938348344Z,6.673591,117.992153,Cloud to Cloud,-24401,17958,6
2026-10-01T21:15:11.281804775Z,9.759946,122.083092,Cloud to Ground,-82156,0,20
2026-10-01T21:15:14.153094587Z,9.743286,122.165221,Cloud to Cloud,10382,17420,5
2026-10-01T21:15:14.150691551Z,9.741567,122.152095,Cloud to Cloud,34227,4017,11
2026-10-01T21:15:14.151525927Z,9.716496,122.14578,Cloud to Cloud,41669,7417,8
2026-10-01T21:15:14.683825215Z,8.19803,133.651048,Cloud to Ground,-67140,0,18
2026-10-01T21:15:14.789760214Z,8.151286,133.449124,Cloud to Ground,-42885,0,11
2026-10-01T21:15:14.915178669Z,8.06414,133.54101,Cloud to Ground,-27354,0,23
2026-10-01T21:15:14.836195099Z,8.098966,133.52587,Cloud to Ground,-26577,0,22
2026-10-01T21:15:15.020657492Z,8.050539,133.484377,Cloud to Cloud,-19471,19117,19
2026-10-01T21:15:15.023570216Z,8.043531,133.596512,Cloud to Ground,-18531,0,18
2026-10-01T21:15:14.746660745Z,8.052505,133.730615,Cloud to Cloud,-26507,3261,18
2026-10-01T21:15:14.680093452Z,8.0797,133.691241,Cloud to Ground,-24300,0,16
2026-10-01T21:15:15.288618825Z,8.024331,133.712916,Cloud to Cloud,8802,6667,8
2026-10-01T21:15:14.880414459Z,8.099001,133.679755,Cloud to Ground,17820,0,17
2026-10-01T21:15:14.756733609Z,22.707141,112.681326,Cloud to Cloud,-20940,7103,9
2026-10-01T21:15:16.100076606Z,22.839018,116.424299,Cloud to Ground,-27791,0,8
2026-10-01T21:15:16.589149495Z,22.647722,113.527129,Cloud to Cloud,-18323,3176,7
2026-10-01T21:15:16.964720229Z,22.646928,112.584042,Cloud to Cloud,12968,3004,7
2026-10-01T21:15:17.005973502Z,6.63331,118.072853,Cloud to Ground,26806,0,8
2026-10-01T21:15:17.241806180Z,22.596071,112.685428,Cloud to Ground,21279,0,9
2026-10-01T21:15:17.223012293Z,22.646674,112.698917,Cloud to Ground,29377,0,13
2026-10-01T21:15:17.023589283Z,22.750449,112.611015,Cloud to Cloud,10927,18486,7
2026-10-01T21:15:19.059317000Z,9.0976,123.9831,Cloud to Ground,-38291,0,7
2026-10-01T21:15:20.513866820Z,6.035862,126.686389,Cloud to Ground,14862,0,9
2026-10-01T21:15:21.193717401Z,22.801324,113.707896,Cloud to Ground,-20062,0,7
2026-10-01T21:15:21.228167516Z,22.819214,113.607836,Cloud to Ground,-16326,0,6
2026-10-01T21:15:21.271707115Z,22.828995,113.403229,Cloud to Cloud,15696,3014,8
2026-10-01T21:15:21.123062000Z,22.8938,113.719,Cloud to Ground,-30463,0,10
2026-10-01T21:15:21.698500000Z,8.8554,122.3807,Cloud to Ground,-271095,0,10
2026-10-01T21:15:22.196669771Z,22.959434,113.247897,Cloud to Cloud,-10591,5760,11
2026-10-01T21:15:22.388110769Z,22.985709,113.509304,Cloud to Cloud,-12097,3116,9
2026-10-01T21:15:22.152878000Z,10.4152,124.2205,Cloud to Ground,-40769,0,6
2026-10-01T21:15:23.650399317Z,22.796958,114.008915,Cloud to Cloud,-16438,3027,8
2026-10-01T21:15:24.862108000Z,22.8526,111.2012,Cloud to Ground,23237,0,9
2026-10-01T21:15:25.346100187Z,22.832799,111.054549,Cloud to Cloud,-18559,3947,12
2026-10-01T21:15:27.124050391Z,22.669589,113.384405,Cloud to Cloud,-10581,18390,7
2026-10-01T21:15:29.507719601Z,8.746831,124.126442,Cloud to Ground,-72561,0,8
2026-10-01T21:15:29.044531093Z,22.56127,113.771707,Cloud to Cloud,7587,3019,7
2026-10-01T21:15:29.043288697Z,22.571152,113.237842,Cloud to Ground,-11617,0,7
2026-10-01T21:15:30.482604353Z,6.676035,117.926434,Cloud to Cloud,9637,10524,10
2026-10-01T21:15:30.875462738Z,22.763953,113.454803,Cloud to Cloud,14851,3182,9
2026-10-01T21:15:31.146896077Z,6.669191,118.112888,Cloud to Ground,-37021,0,10
2026-10-01T21:15:35.917755729Z,22.77271,113.311813,Cloud to Ground,21300,0,8
2026-10-01T21:15:36.776456801Z,22.973869,113.591012,Cloud to Cloud,-16989,3040,11
2026-10-01T21:15:36.573580115Z,22.903829,113.627134,Cloud to Cloud,13363,3210,11
2026-10-01T21:15:36.826515257Z,22.912776,113.225605,Cloud to Ground,17337,0,8
2026-10-01T21:15:39.245661509Z,22.658896,112.726127,Cloud to Cloud,-7891,16092,10
2026-10-01T21:15:39.606464724Z,22.661242,112.72744,Cloud to Cloud,13319,7849,8
2026-10-01T21:15:39.149489621Z,22.621073,112.695534,Cloud to Ground,17419,0,12
2026-10-01T21:15:39.705383622Z,22.672273,112.528891,Cloud to Ground,-8768,0,7
2026-10-01T21:15:39.189531002Z,22.655433,112.460167,Cloud to Ground,16642,0,7
2026-10-01T21:15:40.834021771Z,22.70111,116.277781,Cloud to Cloud,12886,19943,7
2026-10-01T21:15:40.508592401Z,22.919689,113.569374,Cloud to Cloud,11290,3057,8
2026-10-01T21:15:41.662293022Z,13.852605,119.90834,Cloud to Ground,24309,0,8
2026-10-01T21:15:42.184520000Z,8.7688,122.6344,Cloud to Ground,-68721,0,6
2026-10-01T21:15:42.319040000Z,8.7806,122.5457,Cloud to Ground,-28902,0,6
2026-10-01T21:15:45.912742336Z,1.548439,120.855044,Cloud to Cloud,8371,7658,9
2026-10-01T21:15:46.534976195Z,22.738338,113.438408,Cloud to Cloud,16416,19395,7
2026-10-01T21:15:46.197163000Z,6.6629,118.0358,Cloud to Ground,21319,0,5
2026-10-01T21:15:47.621653163Z,8.93244,126.451056,Cloud to Ground,-71441,0,16
2026-10-01T21:15:47.660612000Z,8.8878,126.5299,Cloud to Ground,374,0,6
2026-10-01T21:15:47.904194315Z,12.510734,119.692829,Cloud to Ground,39134,0,10
2026-10-01T21:15:47.276785000Z,8.7825,121.8556,Cloud to Ground,-32983,0,7
2026-10-01T21:15:50.558360482Z,22.759357,113.19513,Cloud to Ground,21169,0,12
2026-10-01T21:15:51.689032000Z,11.3773,121.6583,Cloud to Ground,-70292,0,6
2026-10-01T21:15:52.419308562Z,8.670689,122.004802,Cloud to Ground,-24830,0,17
2026-10-01T21:15:52.236992000Z,8.7972,122.0347,Cloud to Ground,-47561,0,7
2026-10-01T21:15:54.419316582Z,22.826413,113.472053,Cloud to Ground,-11346,0,7
2026-10-01T21:15:54.492949708Z,22.815605,113.391561,Cloud to Ground,56323,0,14
2026-10-01T21:15:54.387614980Z,22.884924,113.518214,Cloud to Ground,109119,0,7
2026-10-01T21:15:54.076240899Z,22.78297,113.23567,Cloud to Ground,12600,0,11
2026-10-01T21:15:54.205351201Z,22.786519,113.22209,Cloud to Ground,20295,0,9
2026-10-01T21:15:54.341045570Z,22.784903,113.236422,Cloud to Ground,26155,0,7
2026-10-01T21:15:54.492631000Z,22.4722,112.4683,Cloud to Ground,167831,0,5
2026-10-01T21:15:57.629805698Z,22.988046,113.959985,Cloud to Ground,11676,0,12
2026-10-01T21:15:57.341496631Z,22.93416,114.051219,Cloud to Cloud,-21668,7607,13
2026-10-01T21:15:57.085226686Z,22.899156,113.902045,Cloud to Cloud,12189,3428,7
2026-10-01T21:15:57.020346992Z,22.94377,113.737541,Cloud to Cloud,11320,5708,10
2026-10-01T21:15:57.420309635Z,22.744124,113.477268,Cloud to Cloud,-18264,3003,7
2026-10-01T21:16:00.214483499Z,22.761375,113.259744,Cloud to Cloud,-13249,3653,8
2026-10-01T21:16:00.428161390Z,13.870908,119.931689,Cloud to Cloud,-6176,10485,9
2026-10-01T21:16:00.336879479Z,13.86244,119.947188,Cloud to Cloud,-5723,3072,8
2026-10-01T21:16:00.627865538Z,22.779444,113.145047,Cloud to Cloud,11292,3209,9
2026-10-01T21:16:02.550893884Z,22.731666,111.256894,Cloud to Ground,39747,0,12
2026-10-01T21:16:02.517262336Z,22.748771,111.300663,Cloud to Ground,41429,0,12
2026-10-01T21:16:02.633356860Z,22.75063,111.318092,Cloud to Ground,84571,0,18
2026-10-01T21:16:02.497667672Z,22.744149,111.139489,Cloud to Cloud,-18598,3577,11
2026-10-01T21:16:05.618381079Z,22.946031,116.546699,Cloud to Cloud,8736,10497,5
2026-10-01T21:16:05.619040933Z,22.947691,116.55145,Cloud to Cloud,10985,10215,5
2026-10-01T21:16:07.880175354Z,13.871887,119.920298,Cloud to Cloud,20837,3001,6
2026-10-01T21:16:12.676279315Z,22.782536,113.225241,Cloud to Cloud,14011,3015,10
2026-10-01T21:16:12.378428170Z,22.594252,112.740851,Cloud to Ground,-18095,0,7
2026-10-01T21:16:12.031293853Z,22.631558,112.464105,Cloud to Cloud,10046,3143,11
2026-10-01T21:16:14.026500403Z,22.825778,113.626253,Cloud to Ground,-53573,0,14
2026-10-01T21:16:14.097054812Z,22.839978,113.616756,Cloud to Ground,-36380,0,7
2026-10-01T21:16:14.810741088Z,22.707985,113.615513,Cloud to Ground,28719,0,15
2026-10-01T21:16:14.232329000Z,22.9328,113.5229,Cloud to Ground,31708,0,6
2026-10-01T21:16:14.153073000Z,22.9337,113.7396,Cloud to Ground,-24680,0,7
2026-10-01T21:16:16.814930752Z,6.673159,118.15947,Cloud to Cloud,-54712,3000,9
2026-10-01T21:16:17.295078345Z,6.660614,118.114283,Cloud to Ground,-24907,0,10
2026-10-01T21:16:16.969044227Z,6.628663,118.087853,Cloud to Ground,34806,0,12
2026-10-01T21:16:16.730902168Z,22.669562,113.467387,Cloud to Cloud,-12252,5273,12
2026-10-01T21:16:16.580981819Z,22.649901,113.348809,Cloud to Cloud,-9777,18525,8
2026-10-01T21:16:18.498576000Z,9.084,124.0963,Cloud to Ground,-25583,0,6
2026-10-01T21:16:18.695682000Z,9.059,124.0642,Cloud to Ground,-24848,0,6
2026-10-01T21:16:19.816382126Z,22.528086,116.421574,Cloud to Ground,-30702,0,14
2026-10-01T21:16:21.306443886Z,22.662343,113.413485,Cloud to Cloud,-10565,6746,7
2026-10-01T21:16:21.172846451Z,22.884539,113.681361,Cloud to Ground,24696,0,9
2026-10-01T21:16:21.246763000Z,22.9016,113.9094,Cloud to Ground,-16436,0,12
2026-10-01T21:16:23.069664000Z,8.8083,122.6401,Cloud to Ground,-87595,0,8
2026-10-01T21:16:22.734599000Z,8.7543,122.585,Cloud to Ground,-68504,0,12
2026-10-01T21:16:22.837123263Z,8.746475,122.598278,Cloud to Ground,-51984,0,16
2026-10-01T21:16:22.916061154Z,8.751503,122.547068,Cloud to Ground,-45742,0,14
2026-10-01T21:16:23.579650549Z,8.715771,122.542566,Cloud to Ground,-44990,0,8
2026-10-01T21:16:22.953718884Z,8.744384,122.604955,Cloud to Ground,-37694,0,12
2026-10-01T21:16:22.870234940Z,8.769397,122.610148,Cloud to Ground,-27862,0,23
2026-10-01T21:16:23.781087000Z,8.752,122.4902,Cloud to Ground,-24220,0,7
2026-10-01T21:16:23.151308000Z,8.9945,122.425,Cloud to Ground,17053,0,6
2026-10-01T21:16:24.529813893Z,8.077721,133.522617,Cloud to Ground,-30407,0,26
2026-10-01T21:16:24.429797978Z,8.047186,133.707435,Cloud to Ground,-117468,0,18
2026-10-01T21:16:24.577822809Z,8.087654,133.628198,Cloud to Ground,-40459,0,18
2026-10-01T21:16:24.474324408Z,8.088983,133.657392,Cloud to Ground,-29505,0,22
2026-10-01T21:16:24.453331057Z,8.071771,133.646005,Cloud to Ground,-21920,0,16
2026-10-01T21:16:24.423363187Z,8.076506,133.670426,Cloud to Ground,-14655,0,9
2026-10-01T21:16:26.749952894Z,22.948921,113.247927,Cloud to Ground,21991,0,10
2026-10-01T21:16:26.844858768Z,22.937232,113.081199,Cloud to Ground,42909,0,16
2026-10-01T21:16:26.219502347Z,22.998986,113.915102,Cloud to Cloud,-8135,12505,7
2026-10-01T21:16:26.782785309Z,22.787323,113.256569,Cloud to Cloud,28469,3023,8
2026-10-01T21:16:27.728919395Z,22.804238,113.393444,Cloud to Cloud,9994,7415,11
2026-10-01T21:16:28.615800933Z,9.774661,122.081487,Cloud to Ground,-106392,0,18
2026-10-01T21:16:28.644553402Z,9.774727,122.046274,Cloud to Ground,-25703,0,13
2026-10-01T21:16:29.589968432Z,22.653705,116.222707,Cloud to Ground,-54615,0,11
2026-10-01T21:16:29.744078708Z,22.687411,116.269566,Cloud to Cloud,11936,13399,5
2026-10-01T21:16:29.775884000Z,22.699,115.9882,Cloud to Ground,-15514,0,5
2026-10-01T21:16:30.908946971Z,22.783561,112.754678,Cloud to Cloud,-10104,3867,6
2026-10-01T21:16:35.452075623Z,22.714197,113.617186,Cloud to Cloud,21796,18441,8
2026-10-01T21:16:39.403566393Z,22.76515,113.258581,Cloud to Cloud,10307,3064,9
2026-10-01T21:16:40.751261499Z,22.656981,112.320055,Cloud to Cloud,-12249,4702,7
2026-10-01T21:16:40.495585212Z,22.639534,112.435075,Cloud to Cloud,12864,3066,9
2026-10-01T21:16:40.472259332Z,22.642679,112.695011,Cloud to Ground,-27616,0,15
2026-10-01T21:16:41.727382373Z,6.611419,118.193059,Cloud to Cloud,-10998,6000,10
2026-10-01T21:16:41.333220934Z,22.657639,111.045864,Cloud to Ground,37412,0,11
2026-10-01T21:16:41.628685283Z,22.651755,111.165314,Cloud to Ground,23556,0,14
2026-10-01T21:16:41.504109516Z,22.570495,111.252125,Cloud to Ground,12702,0,8
2026-10-01T21:16:46.529617915Z,22.790375,113.425585,Cloud to Ground,-15761,0,9
2026-10-01T21:16:47.934790000Z,13.903,119.7568,Cloud to Ground,-53931,0,6
2026-10-01T21:16:48.087859077Z,13.853009,119.936338,Cloud to Ground,-38271,0,12
2026-10-01T21:16:48.703560100Z,11.247513,121.789604,Cloud to Cloud,-59540,3012,12
2026-10-01T21:16:48.761395000Z,11.2637,121.5037,Cloud to Ground,-54353,0,8
2026-10-01T21:16:49.869182000Z,8.6182,122.2588,Cloud to Ground,-16021,0,8
2026-10-01T21:16:50.616654539Z,9.167083,124.081609,Cloud to Ground,-24470,0,10
2026-10-01T21:16:50.573107990Z,9.068466,124.144351,Cloud to Cloud,-16669,7843,16
2026-10-01T21:16:50.525456920Z,9.36529,123.942736,Cloud to Ground,-48417,0,10
2026-10-01T21:16:50.722622000Z,9.0913,124.0074,Cloud to Ground,-31026,0,6
2026-10-01T21:16:50.663198000Z,9.1101,123.9835,Cloud to Ground,-31005,0,7
2026-10-01T21:16:50.279753310Z,22.681326,113.42608,Cloud to Cloud,-13547,3013,8
2026-10-01T21:16:50.697884594Z,22.906575,113.490297,Cloud to Cloud,-9188,3327,7
2026-10-01T21:16:52.018372000Z,8.6252,122.1111,Cloud to Ground,-31265,0,11
2026-10-01T21:16:51.999619869Z,8.599689,122.172209,Cloud to Ground,24844,0,17
2026-10-01T21:16:52.485353472Z,8.528467,122.299137,Cloud to Ground,-62089,0,9
2026-10-01T21:16:52.680368000Z,8.5339,122.0783,Cloud to Ground,411,0,11
2026-10-01T21:16:53.523878957Z,22.865578,113.300146,Cloud to Ground,18099,0,8
2026-10-01T21:16:54.952967209Z,12.576619,119.603105,Cloud to Ground,-102796,0,7
2026-10-01T21:16:54.995062457Z,12.586145,119.596476,Cloud to Ground,-17158,0,7
2026-10-01T21:16:56.907477932Z,22.91379,113.259666,Cloud to Cloud,-14782,7185,7
2026-10-01T21:16:56.804242562Z,22.944859,113.23034,Cloud to Ground,17087,0,7
2026-10-01T21:16:58.957981432Z,22.811361,113.281244,Cloud to Ground,22852,0,10
2026-10-01T21:16:58.245087698Z,22.770584,113.463267,Cloud to Cloud,-14042,18814,7
2026-10-01T21:16:58.932502126Z,22.744172,113.420967,Cloud to Cloud,19639,3003,7
2026-10-01T21:16:58.876016627Z,22.73637,113.416913,Cloud to Ground,21461,0,10
2026-10-01T21:16:58.921070008Z,22.834878,113.935622,Cloud to Cloud,-13252,3013,7
2026-10-01T21:16:59.199088528Z,6.67486,118.0652,Cloud to Ground,24171,0,13
2026-10-01T21:16:59.913263607Z,22.696264,111.372698,Cloud to Cloud,12556,5902,8
2026-10-01T21:17:00.157068982Z,22.686862,111.380037,Cloud to Cloud,16448,6335,7
2026-10-01T21:16:59.558167368Z,22.687427,111.376788,Cloud to Cloud,17200,3580,8
2026-10-01T21:16:59.345140138Z,22.749579,111.401352,Cloud to Cloud,20219,15339,15
2026-10-01T21:16:59.519869587Z,22.754953,111.292552,Cloud to Ground,27987,0,14
2026-10-01T21:16:59.402669536Z,22.755991,111.306761,Cloud to Ground,63819,0,14
2026-10-01T21:16:59.376275254Z,22.631276,113.517496,Cloud to Ground,21162,0,7
2026-10-01T21:16:59.602076067Z,22.747343,111.174798,Cloud to Ground,13298,0,8
2026-10-01T21:16:59.767635862Z,22.742698,111.118316,Cloud to Ground,16613,0,9
2026-10-01T21:17:00.064679122Z,22.747713,111.186685,Cloud to Ground,19128,0,10
2026-10-01T21:17:01.005208014Z,6.685698,117.863343,Cloud to Cloud,-10688,14531,7
2026-10-01T21:17:02.007103796Z,13.894749,120.023023,Cloud to Ground,20814,0,10
2026-10-01T21:17:02.800087115Z,22.776721,113.054313,Cloud to Ground,11222,0,9
2026-10-01T21:17:02.785824384Z,22.65343,113.320747,Cloud to Cloud,-10294,3013,7
2026-10-01T21:17:04.097674756Z,8.81335,122.512691,Cloud to Ground,-46389,0,12
2026-10-01T21:17:04.469457000Z,8.6734,122.5191,Cloud to Ground,-41868,0,5
2026-10-01T21:17:05.762104348Z,6.664308,117.933965,Cloud to Ground,22355,0,14
2026-10-01T21:17:05.427308403Z,6.686316,118.114457,Cloud to Ground,-51833,0,20
2026-10-01T21:17:05.505116909Z,6.679011,118.105038,Cloud to Ground,-27072,0,20
2026-10-01T21:17:05.628346486Z,6.656687,118.07244,Cloud to Ground,29138,0,8
2026-10-01T21:17:05.448033398Z,8.918075,122.288904,Cloud to Ground,-59201,0,10
2026-10-01T21:17:05.565140322Z,6.816481,118.094545,Cloud to Ground,57135,0,7
2026-10-01T21:17:05.480380375Z,6.753088,118.22901,Cloud to Ground,-31720,0,9
2026-10-01T21:17:05.420072609Z,22.98659,113.226997,Cloud to Ground,32110,0,12
2026-10-01T21:17:05.775748303Z,22.663178,113.648876,Cloud to Ground,-17864,0,12
2026-10-01T21:17:06.650075000Z,12.3816,119.904,Cloud to Ground,-31154,0,6
2026-10-01T21:17:09.000987835Z,11.229838,119.820999,Cloud to Cloud,-38773,5739,9
2026-10-01T21:17:12.159815016Z,13.766187,120.073012,Cloud to Cloud,36521,12547,8
2026-10-01T21:17:17.885629665Z,22.577865,114.260717,Cloud to Ground,20381,0,16
2026-10-01T21:17:17.811010550Z,22.645418,113.319049,Cloud to Ground,14897,0,11
2026-10-01T21:17:17.802178226Z,22.672562,113.436921,Cloud to Ground,15308,0,10
2026-10-01T21:17:17.915613720Z,22.978334,113.75286,Cloud to Ground,-10707,0,9
2026-10-01T21:17:17.618982367Z,22.95377,113.711592,Cloud to Ground,9191,0,7
2026-10-01T21:17:19.631601000Z,6.1345,126.8246,Cloud to Ground,30184,0,7
2026-10-01T21:17:21.536119267Z,22.774729,113.543486,Cloud to Cloud,-17414,3039,11
2026-10-01T21:17:22.049487000Z,22.7736,113.3733,Cloud to Ground,-37496,0,6
2026-10-01T21:17:22.304098886Z,22.7285,113.457332,Cloud to Cloud,12703,16759,6
2026-10-01T21:17:21.995418239Z,22.767932,113.42619,Cloud to Ground,14429,0,7
2026-10-01T21:17:22.122271318Z,22.696417,113.426154,Cloud to Ground,16726,0,7
2026-10-01T21:17:23.861414842Z,22.664931,112.37731,Cloud to Cloud,10710,4681,7
2026-10-01T21:17:24.869111067Z,11.349374,121.657614,Cloud to Ground,-42542,0,10
2026-10-01T21:17:25.612782893Z,8.518575,122.145507,Cloud to Ground,-16420,0,17
2026-10-01T21:17:25.481733333Z,8.652883,122.010108,Cloud to Ground,-44004,0,26
2026-10-01T21:17:25.600030930Z,8.324338,126.817523,Cloud to Ground,-14289,0,10
2026-10-01T21:17:25.381289322Z,22.982355,116.090589,Cloud to Ground,18665,0,11
2026-10-01T21:17:27.341716000Z,9.1438,123.9101,Cloud to Ground,-8934,0,7
2026-10-01T21:17:28.284061759Z,22.643904,112.366986,Cloud to Cloud,-12399,7207,7
2026-10-01T21:17:29.993583374Z,22.807181,113.609039,Cloud to Cloud,-13457,3010,6
2026-10-01T21:17:29.908915000Z,13.8963,119.949,Cloud to Ground,-22610,0,6
2026-10-01T21:17:30.099464409Z,13.897078,120.026513,Cloud to Ground,-13162,0,10
2026-10-01T21:17:35.156113000Z,8.913,121.6961,Cloud to Ground,43537,0,5
2026-10-01T21:17:38.086145600Z,22.782834,113.268291,Cloud to Cloud,14341,5079,10
2026-10-01T21:17:38.543758728Z,22.6212,113.624749,Cloud to Ground,18451,0,7
2026-10-01T21:17:38.729514694Z,22.73154,113.412575,Cloud to Cloud,-24115,3004,11
2026-10-01T21:17:38.966458000Z,8.777,122.4714,Cloud to Ground,-98179,0,6
2026-10-01T21:17:40.152229164Z,6.742076,118.234156,Cloud to Ground,-39212,0,8
2026-10-01T21:17:40.091458565Z,6.695844,118.228112,Cloud to Ground,-34241,0,9
2026-10-01T21:17:40.443918671Z,6.669297,118.119695,Cloud to Ground,53035,0,18
2026-10-01T21:17:40.177552962Z,6.861659,118.137055,Cloud to Ground,26375,0,7
2026-10-01T21:17:40.292042395Z,7.049062,118.182183,Cloud to Ground,82754,0,7
2026-10-01T21:17:45.670378312Z,8.070408,133.665883,Cloud to Ground,-18881,0,20
2026-10-01T21:17:45.633457862Z,8.065779,133.758638,Cloud to Ground,-61663,0,20
2026-10-01T21:17:45.607376676Z,22.928706,113.492087,Cloud to Ground,43672,0,10
2026-10-01T21:17:45.413428980Z,22.828694,113.348535,Cloud to Ground,-25767,0,7
2026-10-01T21:17:45.788753042Z,22.79952,113.381491,Cloud to Cloud,-13945,3084,11
2026-10-01T21:17:45.503264965Z,22.747672,113.587554,Cloud to Ground,32896,0,8
2026-10-01T21:17:46.112038598Z,22.699132,113.598968,Cloud to Ground,43420,0,9
2026-10-01T21:17:46.161279077Z,22.782873,113.48364,Cloud to Ground,16829,0,8
2026-10-01T21:17:47.437391818Z,8.894215,124.26832,Cloud to Cloud,-51454,5279,7
2026-10-01T21:17:47.403398312Z,8.716774,124.278947,Cloud to Ground,78176,0,25
2026-10-01T21:17:47.536260000Z,8.767,124.1229,Cloud to Ground,31101,0,5
2026-10-01T21:17:48.046141813Z,22.901625,116.586805,Cloud to Ground,-22141,0,12
2026-10-01T21:17:49.244252362Z,8.621959,122.33963,Cloud to Ground,-33997,0,9
2026-10-01T21:17:51.487292393Z,22.657813,113.354524,Cloud to Cloud,-11578,3112,9
2026-10-01T21:17:52.837795000Z,8.8107,122.6403,Cloud to Ground,-39847,0,5
2026-10-01T21:17:52.750604899Z,8.819346,122.703043,Cloud to Ground,-39448,0,7
2026-10-01T21:17:52.097674829Z,22.978589,113.668719,Cloud to Ground,-11437,0,8
2026-10-01T21:17:53.381506000Z,8.7893,122.5277,Cloud to Ground,-31315,0,5
2026-10-01T21:17:55.369749185Z,13.86835,119.958667,Cloud to Ground,-31745,0,9
2026-10-01T21:17:56.546681565Z,22.672872,116.238276,Cloud to Ground,33284,0,7
2026-10-01T21:17:56.000064222Z,22.686655,113.467964,Cloud to Ground,14299,0,6
2026-10-01T21:17:59.459938836Z,22.978291,113.911609,Cloud to Cloud,-11542,5852,8
2026-10-01T21:17:59.882858166Z,22.526326,113.266897,Cloud to Cloud,8880,7499,8
2026-10-01T21:17:59.733995423Z,22.842017,113.876403,Cloud to Ground,-18561,0,8
2026-10-01T21:17:59.570802249Z,22.794189,113.936731,Cloud to Ground,14561,0,7
2026-10-01T21:18:00.955904765Z,12.519627,119.687646,Cloud to Cloud,25216,13718,9
2026-10-01T21:18:00.957776862Z,12.598442,119.620742,Cloud to Ground,-45321,0,8
2026-10-01T21:18:00.959111099Z,12.590689,119.617704,Cloud to Ground,-26919,0,11
2026-10-01T21:18:01.457299824Z,10.087966,126.261029,Cloud to Ground,33393,0,21
2026-10-01T21:18:01.126094140Z,22.607036,112.610037,Cloud to Cloud,-21974,3373,8
2026-10-01T21:18:01.043966000Z,8.9068,126.488,Cloud to Ground,29610,0,6
2026-10-01T21:18:02.113334163Z,22.891444,113.344458,Cloud to Cloud,6730,6215,8
2026-10-01T21:18:02.080380210Z,22.798893,113.457139,Cloud to Ground,-21576,0,7
2026-10-01T21:18:02.342336731Z,22.816144,113.417173,Cloud to Ground,32700,0,15
2026-10-01T21:18:05.717627778Z,22.885204,113.625685,Cloud to Ground,72141,0,7
2026-10-01T21:18:05.603472203Z,22.99879,113.593838,Cloud to Ground,-46164,0,8
2026-10-01T21:18:06.057886531Z,22.959095,113.541447,Cloud to Ground,16535,0,7
2026-10-01T21:18:07.779296419Z,13.861768,119.925121,Cloud to Ground,55201,0,9
2026-10-01T21:18:11.959969983Z,22.957516,113.115738,Cloud to Cloud,13817,15621,12
2026-10-01T21:18:13.616843000Z,11.3536,121.5916,Cloud to Ground,-43097,0,6
2026-10-01T21:18:13.685622000Z,11.3804,121.6065,Cloud to Ground,-28181,0,9
2026-10-01T21:18:13.829211631Z,11.334326,121.666457,Cloud to Ground,-24505,0,10
2026-10-01T21:18:15.961579474Z,22.807803,113.44482,Cloud to Ground,29880,0,13
2026-10-01T21:18:15.496750589Z,22.672659,112.478564,Cloud to Cloud,9584,5673,7
2026-10-01T21:18:15.689051799Z,22.73183,113.076649,Cloud to Cloud,-14971,3060,7
2026-10-01T21:18:17.010716325Z,13.865387,119.930159,Cloud to Ground,-38780,0,11
2026-10-01T21:18:17.043403959Z,13.865126,119.919753,Cloud to Ground,-34263,0,10
2026-10-01T21:18:18.726960574Z,6.709293,118.010356,Cloud to Cloud,-10534,14652,6
2026-10-01T21:18:18.980368035Z,22.949825,113.246524,Cloud to Ground,-12379,0,8
2026-10-01T21:18:19.225080247Z,8.740824,122.592189,Cloud to Ground,-69430,0,17
2026-10-01T21:18:19.022515491Z,22.773111,112.746554,Cloud to Ground,-20430,0,11
2026-10-01T21:18:19.021728929Z,22.785616,112.712172,Cloud to Ground,-16735,0,13
2026-10-01T21:18:19.047273187Z,22.782542,112.683473,Cloud to Ground,39962,0,11
2026-10-01T21:18:20.679518538Z,22.820611,113.64598,Cloud to Ground,11442,0,8
2026-10-01T21:18:20.603176368Z,22.700821,113.462976,Cloud to Ground,31322,0,12
2026-10-01T21:18:20.184780795Z,22.704476,113.46092,Cloud to Ground,54257,0,10
2026-10-01T21:18:20.037370784Z,22.693225,113.609917,Cloud to Ground,-18382,0,7
2026-10-01T21:18:20.264036000Z,22.9591,113.7357,Cloud to Ground,16718,0,5
2026-10-01T21:18:24.916025477Z,22.87588,113.754221,Cloud to Cloud,13630,3004,7
2026-10-01T21:18:25.651739535Z,22.638899,112.526578,Cloud to Ground,-16320,0,9
2026-10-01T21:18:25.674563315Z,22.676956,112.638111,Cloud to Cloud,-14531,6432,10
2026-10-01T21:18:25.161827456Z,22.687792,112.551625,Cloud to Cloud,15329,3027,7
2026-10-01T21:18:25.366175613Z,22.842507,111.055236,Cloud to Ground,17781,0,11
2026-10-01T21:18:26.676945391Z,22.83429,113.167965,Cloud to Cloud,-12199,3017,9
2026-10-01T21:18:27.670658092Z,22.876534,113.939292,Cloud to Ground,14203,0,7
2026-10-01T21:18:28.809559649Z,6.650931,118.122795,Cloud to Ground,18271,0,9
2026-10-01T21:18:28.721137826Z,6.640532,118.058962,Cloud to Ground,19451,0,10
2026-10-01T21:18:28.767903945Z,6.606805,117.89962,Cloud to Ground,20554,0,11
2026-10-01T21:18:28.885565292Z,6.806973,118.083764,Cloud to Ground,45325,0,8
2026-10-01T21:18:29.667690507Z,22.811255,113.659787,Cloud to Cloud,-11534,7155,11
2026-10-01T21:18:29.534418112Z,13.849676,120.169127,Cloud to Ground,9528,0,7
2026-10-01T21:18:29.387210349Z,22.465191,115.964508,Cloud to Cloud,10634,15672,5
2026-10-01T21:18:30.335304000Z,8.7869,122.5282,Cloud to Ground,2217,0,6
2026-10-01T21:18:32.645638318Z,6.62396,118.009615,Cloud to Cloud,8635,10780,7
2026-10-01T21:18:32.532146248Z,6.627842,118.095106,Cloud to Ground,10921,0,9
2026-10-01T21:18:32.630738663Z,6.629449,118.104598,Cloud to Ground,62557,0,7
2026-10-01T21:18:32.400128779Z,22.887212,114.02779,Cloud to Ground,28204,0,7
2026-10-01T21:18:36.197685186Z,22.968209,112.852874,Cloud to Cloud,13673,3633,8
2026-10-01T21:18:36.179488864Z,22.951103,112.905895,Cloud to Cloud,15119,6545,8
2026-10-01T21:18:36.095786932Z,22.755811,113.955659,Cloud to Ground,-12361,0,7
2026-10-01T21:18:37.518979902Z,13.902918,120.014823,Cloud to Ground,21144,0,10
2026-10-01T21:18:37.018974805Z,10.445135,124.263849,Cloud to Ground,44514,0,23
2026-10-01T21:18:37.430744064Z,22.669477,112.555169,Cloud to Cloud,17961,3729,7
2026-10-01T21:18:38.069001683Z,22.598348,112.737958,Cloud to Cloud,-16086,7586,9
2026-10-01T21:18:39.239309214Z,13.888224,119.900641,Cloud to Cloud,7826,12220,6
2026-10-01T21:18:40.981389953Z,22.701395,113.449264,Cloud to Ground,17054,0,9
2026-10-01T21:18:40.778729717Z,22.696669,113.411037,Cloud to Ground,47166,0,8
2026-10-01T21:18:40.688936197Z,22.701151,113.436649,Cloud to Ground,58871,0,8
2026-10-01T21:18:40.197399276Z,22.972574,113.396938,Cloud to Cloud,-15264,12557,11
2026-10-01T21:18:40.923481000Z,22.9425,113.7087,Cloud to Ground,14667,0,5
2026-10-01T21:18:40.660805294Z,22.933208,113.015422,Cloud to Ground,11387,0,8
2026-10-01T21:18:40.547813319Z,13.857914,119.926511,Cloud to Ground,22848,0,8
2026-10-01T21:18:42.972756098Z,22.801913,113.14092,Cloud to Cloud,-10421,3590,6
2026-10-01T21:18:45.953753978Z,22.755724,113.545437,Cloud to Cloud,14857,3027,7
2026-10-01T21:18:46.574756902Z,22.943723,116.464522,Cloud to Ground,15897,0,9
2026-10-01T21:18:46.015915000Z,13.8889,120.0231,Cloud to Ground,-45740,0,5
2026-10-01T21:18:46.078750000Z,13.8369,119.9067,Cloud to Ground,-41452,0,8
2026-10-01T21:18:48.673344069Z,9.870103,122.136279,Cloud to Ground,-36359,0,15
2026-10-01T21:18:48.584318461Z,22.639853,112.327535,Cloud to Ground,-11717,0,8
2026-10-01T21:18:48.536237000Z,9.7406,122.1003,Cloud to Ground,-56854,0,11
2026-10-01T21:18:50.472616808Z,8.749807,122.563905,Cloud to Ground,-33306,0,11
2026-10-01T21:18:52.593637254Z,22.956543,112.849381,Cloud to Cloud,12549,14033,9
2026-10-01T21:18:54.360996598Z,8.036012,133.560557,Cloud to Ground,-30853,0,7
2026-10-01T21:18:54.272898712Z,8.049938,133.430256,Cloud to Cloud,-24148,4004,16
2026-10-01T21:18:54.200596383Z,8.216284,133.677364,Cloud to Cloud,-42016,3001,13
2026-10-01T21:18:54.281967605Z,8.29016,133.694862,Cloud to Ground,-26041,0,19
2026-10-01T21:18:55.798449081Z,22.666027,116.244705,Cloud to Ground,-30410,0,10
2026-10-01T21:18:56.122702533Z,22.653892,112.579073,Cloud to Cloud,-23851,7381,12
2026-10-01T21:18:56.470715347Z,22.64674,112.556116,Cloud to Ground,-10117,0,7
2026-10-01T21:18:56.312284083Z,22.607455,112.718928,Cloud to Ground,12200,0,6
2026-10-01T21:18:58.748551233Z,22.759159,113.603469,Cloud to Cloud,-15524,7301,8
2026-10-01T21:18:58.862557031Z,22.663111,113.52839,Cloud to Cloud,18880,4593,7
2026-10-01T21:18:58.007902887Z,13.852331,120.04762,Cloud to Ground,-16595,0,7
2026-10-01T21:18:58.058160000Z,13.9114,119.9101,Cloud to Ground,-21499,0,5
2026-10-01T21:19:00.248207731Z,22.990276,113.652292,Cloud to Ground,-36216,0,9
2026-10-01T21:19:00.300439640Z,22.964974,113.639218,Cloud to Ground,22234,0,7
2026-10-01T21:19:01.136192737Z,13.86759,119.941449,Cloud to Ground,46616,0,8
2026-10-01T21:19:02.333349776Z,22.731246,112.763913,Cloud to Ground,14930,0,10
2026-10-01T21:19:02.780922350Z,11.479039,121.697774,Cloud to Ground,-20017,0,7
2026-10-01T21:19:02.594585000Z,11.3512,121.6099,Cloud to Ground,-71431,0,6
2026-10-01T21:19:02.703440000Z,11.325,121.6205,Cloud to Ground,-23116,0,6
2026-10-01T21:19:02.908175000Z,11.365,121.6156,Cloud to Ground,-20024,0,5
2026-10-01T21:19:03.351256826Z,22.620564,112.467936,Cloud to Ground,-10809,0,10
2026-10-01T21:19:06.499241759Z,22.68095,113.236588,Cloud to Cloud,-13214,4786,8
2026-10-01T21:19:07.893850468Z,13.887141,119.912265,Cloud to Ground,16731,0,10
2026-10-01T21:19:08.474319087Z,22.942009,113.907338,Cloud to Ground,37849,0,15
2026-10-01T21:19:09.055002038Z,6.694539,118.043381,Cloud to Ground,29193,0,7
2026-10-01T21:19:11.379590508Z,8.850755,122.705232,Cloud to Ground,-56908,0,8
2026-10-01T21:19:11.443076937Z,8.849805,122.691115,Cloud to Ground,-17354,0,15
2026-10-01T21:19:12.272684000Z,10.5127,124.3837,Cloud to Ground,-14839,0,6
2026-10-01T21:19:14.668388693Z,22.929298,113.914536,Cloud to Ground,13629,0,14
2026-10-01T21:19:17.265933001Z,22.939469,113.101565,Cloud to Ground,15776,0,11
2026-10-01T21:19:18.358799406Z,22.897333,113.665729,Cloud to Ground,44325,0,9
2026-10-01T21:19:18.500365173Z,22.796882,113.401057,Cloud to Ground,51490,0,10
2026-10-01T21:19:18.381622489Z,22.855498,113.377653,Cloud to Ground,72052,0,13
2026-10-01T21:19:18.295620123Z,22.933354,113.234862,Cloud to Ground,-15275,0,7
2026-10-01T21:19:20.531451701Z,13.874313,119.90615,Cloud to Cloud,5335,19622,5
2026-10-01T21:19:21.109172322Z,22.701772,113.435978,Cloud to Cloud,8516,7389,8
2026-10-01T21:19:21.213173451Z,22.681931,112.42743,Cloud to Cloud,9815,7624,7
2026-10-01T21:19:22.338961116Z,22.696005,113.457618,Cloud to Ground,33711,0,10
2026-10-01T21:19:26.743944945Z,22.867779,113.579436,Cloud to Cloud,-19680,7898,7
2026-10-01T21:19:26.515889335Z,22.778148,113.114293,Cloud to Ground,19397,0,10
2026-10-01T21:19:26.104363106Z,22.732875,111.188575,Cloud to Cloud,-8355,14851,9
2026-10-01T21:19:26.793607000Z,8.9218,121.7295,Cloud to Ground,31778,0,5
2026-10-01T21:19:28.899556280Z,22.665495,113.202004,Cloud to Cloud,-29623,14339,12
2026-10-01T21:19:28.839994000Z,9.0562,122.3961,Cloud to Ground,-37550,0,5
2026-10-01T21:19:30.270550413Z,22.615786,112.499093,Cloud to Cloud,12138,3001,11
2026-10-01T21:19:30.024517660Z,22.994052,112.940717,Cloud to Cloud,14579,3318,12
2026-10-01T21:19:30.405815444Z,22.88375,113.285867,Cloud to Cloud,13603,3580,15
2026-10-01T21:19:33.630890275Z,22.990889,114.174899,Cloud to Ground,-13423,0,12
2026-10-01T21:19:33.644285138Z,22.906141,114.170116,Cloud to Cloud,11130,19479,7
2026-10-01T21:19:33.630106622Z,22.974898,114.033243,Cloud to Ground,15535,0,10
2026-10-01T21:19:35.988785523Z,8.729187,121.945481,Cloud to Ground,-99652,0,18
2026-10-01T21:19:36.626192685Z,8.014006,133.286185,Cloud to Ground,-50804,0,17
2026-10-01T21:19:36.833887624Z,13.865126,119.941812,Cloud to Cloud,-34223,18221,6
2026-10-01T21:19:36.033995000Z,8.7563,121.6765,Cloud to Ground,-50943,0,5
2026-10-01T21:19:37.200187241Z,13.858431,120.043796,Cloud to Cloud,-21161,11735,7
2026-10-01T21:19:40.253134956Z,22.628763,112.435172,Cloud to Ground,-9183,0,7
2026-10-01T21:19:40.746670482Z,22.801501,113.284676,Cloud to Cloud,10336,5835,12
2026-10-01T21:19:40.950557687Z,22.966197,113.663465,Cloud to Ground,46304,0,10
2026-10-01T21:19:47.589496412Z,13.901927,120.040586,Cloud to Ground,-63469,0,8
2026-10-01T21:19:48.793208686Z,22.831533,113.600711,Cloud to Cloud,-21807,4759,15
2026-10-01T21:19:48.621882431Z,22.786478,113.505589,Cloud to Ground,-21014,0,8
2026-10-01T21:19:48.654896201Z,22.72527,113.556139,Cloud to Ground,-17922,0,8
2026-10-01T21:19:52.950484294Z,22.777455,113.41658,Cloud to Ground,13733,0,13
2026-10-01T21:19:55.385444510Z,22.740292,111.242112,Cloud to Ground,29668,0,9
2026-10-01T21:19:55.992635164Z,22.740111,111.294016,Cloud to Ground,33880,0,12
2026-10-01T21:19:55.923229175Z,22.748395,111.159055,Cloud to Ground,43019,0,13
2026-10-01T21:19:55.721468238Z,22.667143,112.896657,Cloud to Cloud,-13576,19766,8
2026-10-01T21:19:56.993190879Z,22.805993,113.20353,Cloud to Ground,16656,0,6
2026-10-01T21:19:56.946608739Z,22.732984,113.442707,Cloud to Cloud,-14617,5641,6
2026-10-01T21:19:57.509976923Z,22.954545,113.438595,Cloud to Cloud,17099,3008,7
2026-10-01T21:19:57.208437866Z,22.89297,113.435305,Cloud to Ground,65163,0,9
2026-10-01T21:19:57.531076000Z,22.6929,116.0753,Cloud to Ground,20314,0,7
2026-10-01T21:19:59.647822000Z,8.7448,122.5414,Cloud to Ground,-111320,0,6
2026-10-01T21:20:02.027549431Z,22.643301,112.436514,Cloud to Cloud,-13463,3089,10
2026-10-01T21:20:02.084687952Z,22.66145,112.485725,Cloud to Ground,35005,0,7
2026-10-01T21:20:02.096411618Z,22.580652,112.729851,Cloud to Cloud,-16263,3008,8
2026-10-01T21:20:02.473982108Z,22.75908,113.923833,Cloud to Ground,12590,0,6
2026-10-01T21:20:03.081951755Z,22.801145,113.449662,Cloud to Cloud,11053,7123,15
2026-10-01T21:20:03.060473950Z,22.816889,113.211482,Cloud to Ground,18574,0,12
2026-10-01T21:20:06.466807478Z,22.977053,116.406779,Cloud to Cloud,14357,10847,5
2026-10-01T21:20:09.992257233Z,8.814478,124.023642,Cloud to Ground,71543,0,7
2026-10-01T21:20:09.126414239Z,6.486728,118.156355,Cloud to Cloud,-28542,7589,11
2026-10-01T21:20:10.314407697Z,9.112039,124.110839,Cloud to Ground,-32253,0,12
2026-10-01T21:20:10.488865000Z,9.0715,123.9572,Cloud to Ground,-48243,0,5
2026-10-01T21:20:10.676006432Z,22.837985,113.871977,Cloud to Cloud,14391,5956,13
2026-10-01T21:20:10.812386938Z,22.703123,113.974076,Cloud to Ground,42981,0,7
2026-10-01T21:20:11.118410489Z,22.963719,113.841892,Cloud to Cloud,-13738,3004,7
2026-10-01T21:20:12.274978333Z,8.719231,121.932939,Cloud to Ground,-48043,0,14
2026-10-01T21:20:12.906126173Z,22.642069,112.993652,Cloud to Cloud,-13756,6897,7
2026-10-01T21:20:13.469513286Z,12.6502,119.706124,Cloud to Ground,-17776,0,8
2026-10-01T21:20:13.400022000Z,12.6363,119.5268,Cloud to Ground,-46314,0,8
2026-10-01T21:20:13.319452588Z,12.658429,119.59352,Cloud to Ground,250884,0,7
2026-10-01T21:20:14.864743352Z,22.657643,113.202773,Cloud to Ground,-11843,0,7
2026-10-01T21:20:16.702765844Z,22.69224,112.693705,Cloud to Ground,-17052,0,8
2026-10-01T21:20:18.081062570Z,22.911181,113.956851,Cloud to Cloud,-11311,3000,7
2026-10-01T21:20:20.998343181Z,22.869836,116.480189,Cloud to Ground,-11458,0,6
2026-10-01T21:20:20.668015568Z,22.878926,113.442478,Cloud to Ground,-14500,0,11
2026-10-01T21:20:20.688214560Z,22.879344,113.446964,Cloud to Ground,43742,0,10
2026-10-01T21:20:20.767120350Z,22.861439,113.674645,Cloud to Ground,22992,0,12
2026-10-01T21:20:20.744341945Z,22.864798,113.668186,Cloud to Ground,34707,0,8
2026-10-01T21:20:21.964317014Z,13.878853,119.878058,Cloud to Ground,39828,0,8
2026-10-01T21:20:22.403807809Z,22.682504,113.412983,Cloud to Ground,-13952,0,7
2026-10-01T21:20:22.577553236Z,22.798326,113.430537,Cloud to Cloud,25054,7269,7
2026-10-01T21:20:24.656852421Z,6.761083,118.194637,Cloud to Ground,-38126,0,14
2026-10-01T21:20:24.703501000Z,6.6658,118.1096,Cloud to Ground,-23130,0,5
2026-10-01T21:20:24.496752088Z,6.640634,118.126761,Cloud to Ground,18794,0,11
2026-10-01T21:20:24.419852191Z,6.643425,118.103649,Cloud to Ground,37129,0,9
2026-10-01T21:20:28.764894629Z,11.204742,119.749998,Cloud to Ground,-84576,0,10
2026-10-01T21:20:28.760176474Z,11.189823,119.787595,Cloud to Cloud,-66549,3012,9
2026-10-01T21:20:28.789382000Z,11.2385,119.6218,Cloud to Ground,-24989,0,5
2026-10-01T21:20:33.651003848Z,12.390923,119.392289,Cloud to Ground,-9404,0,9
2026-10-01T21:20:35.436942896Z,22.650602,113.603765,Cloud to Cloud,13332,3478,10
2026-10-01T21:20:37.540647301Z,22.8172,113.958628,Cloud to Cloud,6619,11418,12
2026-10-01T21:20:37.673909118Z,22.815201,113.266069,Cloud to Ground,10290,0,12
2026-10-01T21:20:38.481426656Z,22.63019,113.548933,Cloud to Ground,27121,0,17
2026-10-01T21:20:40.080810746Z,13.841127,119.937893,Cloud to Ground,-143868,0,10
2026-10-01T21:20:40.046295159Z,13.848052,119.930883,Cloud to Ground,-90887,0,10
2026-10-01T21:20:40.133226329Z,13.853209,119.933237,Cloud to Ground,-35037,0,10
2026-10-01T21:20:43.999048353Z,22.93487,113.328008,Cloud to Cloud,-14474,7451,7
2026-10-01T21:20:44.116977982Z,22.856728,113.945446,Cloud to Ground,-25571,0,16
2026-10-01T21:20:43.617366778Z,22.887811,114.021501,Cloud to Ground,51205,0,8
2026-10-01T21:20:43.871083531Z,22.93421,113.228927,Cloud to Cloud,-23492,7986,11
2026-10-01T21:20:45.434620646Z,8.742881,122.585653,Cloud to Ground,-38816,0,13
2026-10-01T21:20:45.353614668Z,8.751122,122.573693,Cloud to Ground,-29390,0,12
2026-10-01T21:20:45.057103693Z,22.971321,116.432847,Cloud to Cloud,18797,11214,5
2026-10-01T21:20:46.044056000Z,22.9888,113.6676,Cloud to Ground,-24631,0,8
2026-10-01T21:20:45.813581363Z,22.912481,113.687228,Cloud to Ground,47845,0,8
2026-10-01T21:20:46.147061445Z,6.122431,126.721682,Cloud to Cloud,12573,3116,12
2026-10-01T21:20:47.007815701Z,22.932276,114.007074,Cloud to Ground,-9077,0,11
2026-10-01T21:20:48.598552445Z,12.726334,120.165771,Cloud to Cloud,-22813,10926,9
2026-10-01T21:20:49.784248000Z,8.7136,121.912,Cloud to Ground,-46552,0,5
2026-10-01T21:20:49.847480000Z,8.8234,121.9204,Cloud to Ground,-23593,0,5
2026-10-01T21:20:50.464853477Z,22.712886,113.757087,Cloud to Ground,-9443,0,7
2026-10-01T21:20:50.596776643Z,22.80034,113.937919,Cloud to Ground,-40081,0,7
2026-10-01T21:20:50.295754588Z,22.795117,113.970989,Cloud to Ground,-33931,0,13
2026-10-01T21:20:50.225803787Z,22.823261,113.97617,Cloud to Ground,20236,0,12
2026-10-01T21:20:50.671608691Z,22.953799,113.921896,Cloud to Cloud,11421,8775,9
2026-10-01T21:20:50.941375313Z,22.951969,113.920718,Cloud to Ground,18726,0,7
2026-10-01T21:20:50.239678370Z,22.69439,113.569402,Cloud to Ground,65887,0,7
2026-10-01T21:20:50.848082607Z,22.748681,113.429624,Cloud to Ground,14582,0,7
2026-10-01T21:20:50.909744221Z,22.756338,113.407877,Cloud to Cloud,21826,3009,8
2026-10-01T21:20:57.666422273Z,13.882573,119.888006,Cloud to Cloud,11641,15217,6
2026-10-01T21:20:58.351233195Z,22.725157,113.465865,Cloud to Cloud,13917,7407,8
2026-10-01T21:20:59.261177550Z,11.203332,121.705247,Cloud to Cloud,-16508,6052,7
2026-10-01T21:21:00.000867728Z,22.672492,113.561398,Cloud to Cloud,-13290,3039,8
2026-10-01T21:21:02.125045932Z,22.804943,113.034658,Cloud to Cloud,-15358,6980,7
2026-10-01T21:21:04.364310912Z,22.684694,113.71917,Cloud to Cloud,-12059,5803,6
2026-10-01T21:21:04.489630140Z,22.838705,113.437111,Cloud to Cloud,-19558,3097,7
2026-10-01T21:21:05.610655438Z,22.911641,113.769465,Cloud to Ground,13364,0,9
2026-10-01T21:21:05.627412906Z,22.723289,113.347988,Cloud to Ground,-12205,0,8
2026-10-01T21:21:07.345916237Z,22.909958,116.439928,Cloud to Ground,12329,0,7
2026-10-01T21:21:08.549448873Z,22.74553,113.420378,Cloud to Cloud,-15066,3133,7
2026-10-01T21:21:09.839585677Z,8.886013,127.069242,Cloud to Ground,-39509,0,25
2026-10-01T21:21:09.744000139Z,8.905663,127.109347,Cloud to Cloud,-29377,3766,27
2026-10-01T21:21:09.751387149Z,8.914453,127.139977,Cloud to Ground,57313,0,30
2026-10-01T21:21:10.052466546Z,22.663029,113.318953,Cloud to Ground,-13173,0,7
2026-10-01T21:21:10.811718000Z,8.8704,121.6606,Cloud to Ground,-27104,0,9
2026-10-01T21:21:10.880061000Z,8.9022,121.6464,Cloud to Ground,-15195,0,5
2026-10-01T21:21:13.674223127Z,22.828858,111.174531,Cloud to Ground,-14352,0,10
2026-10-01T21:21:15.485649016Z,22.800332,113.386561,Cloud to Ground,-44027,0,7
2026-10-01T21:21:15.337770633Z,22.814527,113.405847,Cloud to Ground,11432,0,8
2026-10-01T21:21:15.191815788Z,22.77291,113.270002,Cloud to Ground,43121,0,8
2026-10-01T21:21:16.568481603Z,22.75473,113.070987,Cloud to Ground,14479,0,7
2026-10-01T21:21:16.037256000Z,11.3682,121.659,Cloud to Ground,-110665,0,5
2026-10-01T21:21:16.323601815Z,11.362117,121.658441,Cloud to Ground,-60721,0,12
2026-10-01T21:21:16.397715000Z,11.3207,121.7084,Cloud to Ground,-26209,0,5
2026-10-01T21:21:17.621171744Z,22.664511,112.703683,Cloud to Ground,24281,0,10
2026-10-01T21:21:20.240700945Z,22.844132,113.843122,Cloud to Cloud,-11234,3608,7
2026-10-01T21:21:24.176415806Z,22.950749,113.012527,Cloud to Ground,17979,0,11
2026-10-01T21:21:24.584336266Z,22.637494,112.727849,Cloud to Cloud,-23928,18374,14
2026-10-01T21:21:24.777606236Z,22.773225,113.357012,Cloud to Cloud,8717,5010,11
2026-10-01T21:21:26.016950246Z,13.882686,119.884644,Cloud to Ground,28569,0,7
2026-10-01T21:21:31.253773384Z,8.747479,122.596339,Cloud to Ground,-77372,0,20
2026-10-01T21:21:31.299488000Z,8.7458,122.5792,Cloud to Ground,-69513,0,10
2026-10-01T21:21:31.057313555Z,8.744946,122.618563,Cloud to Ground,-62392,0,18
2026-10-01T21:21:31.513016000Z,8.7734,122.5268,Cloud to Ground,-38384,0,6
2026-10-01T21:21:31.334888000Z,8.6948,122.508,Cloud to Ground,-38030,0,5
2026-10-01T21:21:31.215774000Z,8.7032,122.4497,Cloud to Ground,-37871,0,7
2026-10-01T21:21:31.138942808Z,22.892982,116.467384,Cloud to Ground,46893,0,8
2026-10-01T21:21:33.785688431Z,12.590051,119.528507,Cloud to Ground,-36478,0,6
2026-10-01T21:21:36.978599473Z,22.955941,113.921477,Cloud to Ground,4311,0,10
2026-10-01T21:21:37.052639810Z,22.806837,113.740304,Cloud to Ground,21003,0,7
2026-10-01T21:21:36.844006666Z,22.833891,113.731035,Cloud to Ground,40956,0,13
2026-10-01T21:21:36.913664000Z,22.9066,114.0297,Cloud to Ground,-11330,0,8
2026-10-01T21:21:42.099368120Z,22.636483,112.575166,Cloud to Ground,20846,0,12
2026-10-01T21:21:42.129624723Z,22.898001,112.955025,Cloud to Cloud,11180,3018,7
2026-10-01T21:21:43.323129860Z,22.982174,113.79654,Cloud to Cloud,16463,3011,7
2026-10-01T21:21:44.845786570Z,22.668762,113.220123,Cloud to Ground,-9952,0,7
2026-10-01T21:21:45.947465707Z,13.494801,119.396579,Cloud to Ground,-59165,0,8
2026-10-01T21:21:45.037778000Z,9.0742,123.9359,Cloud to Ground,-21842,0,6
2026-10-01T21:21:46.445891014Z,22.811965,113.372513,Cloud to Ground,-13389,0,10
2026-10-01T21:21:46.368244903Z,22.761865,113.356769,Cloud to Ground,17728,0,7
2026-10-01T21:21:48.623366369Z,6.482569,114.074427,Cloud to Ground,31250,0,11
2026-10-01T21:21:50.787791692Z,22.732867,114.02531,Cloud to Cloud,2521,18020,13
2026-10-01T21:21:50.344202425Z,22.708683,112.702691,Cloud to Cloud,12445,3503,8
2026-10-01T21:21:51.047232773Z,22.930536,113.689186,Cloud to Cloud,-16279,14631,11
2026-10-01T21:21:53.055583648Z,22.751402,111.271576,Cloud to Ground,-49377,0,16
2026-10-01T21:21:54.464697788Z,6.646562,118.139578,Cloud to Ground,-19205,0,11
2026-10-01T21:21:54.410714259Z,6.63404,118.146948,Cloud to Ground,196980,0,18
2026-10-01T21:21:54.442079000Z,6.6515,118.0224,Cloud to Ground,479,0,6
2026-10-01T21:21:56.743708552Z,8.327404,126.840526,Cloud to Ground,-44495,0,14
2026-10-01T21:21:56.749022554Z,22.876704,114.266695,Cloud to Ground,35434,0,7
2026-10-01T21:21:56.520954895Z,22.964663,113.673451,Cloud to Cloud,-32883,3034,13
2026-10-01T21:21:56.738104377Z,22.960271,113.989196,Cloud to Ground,-38346,0,7
2026-10-01T21:21:56.440181047Z,22.820278,113.64045,Cloud to Ground,24272,0,7
2026-10-01T21:21:56.405587396Z,22.745645,113.670091,Cloud to Ground,39736,0,10
2026-10-01T21:21:57.886518598Z,22.345613,115.978278,Cloud to Cloud,12169,16244,6
2026-10-01T21:21:58.877463213Z,12.720349,120.112872,Cloud to Cloud,6094,17034,5
2026-10-01T21:21:59.634097241Z,22.701366,112.624638,Cloud to Ground,-25856,0,11
2026-10-01T21:21:59.683059168Z,22.694495,112.739226,Cloud to Cloud,-22000,14308,14
2026-10-01T21:21:59.584611884Z,22.85208,113.673204,Cloud to Ground,28021,0,9
2026-10-01T21:22:04.016688656Z,22.821473,113.244483,Cloud to Cloud,16131,15700,13
2026-10-01T21:22:03.929593801Z,22.800913,113.378746,Cloud to Ground,22503,0,8
2026-10-01T21:22:03.999672774Z,22.816189,113.293605,Cloud to Ground,25185,0,8
2026-10-01T21:22:04.428006711Z,22.941449,112.961962,Cloud to Cloud,10275,7113,8
2026-10-01T21:22:05.337548695Z,13.894186,119.883467,Cloud to Ground,32572,0,10
2026-10-01T21:22:06.466864000Z,10.4715,124.2125,Cloud to Ground,-12654,0,5
2026-10-01T21:22:07.116710000Z,9.0819,123.7777,Cloud to Ground,-52936,0,5
2026-10-01T21:22:09.160258893Z,22.835767,113.485363,Cloud to Cloud,-15228,6926,12
2026-10-01T21:22:10.363172257Z,22.736494,113.504047,Cloud to Cloud,-15475,3022,12
2026-10-01T21:22:10.144863355Z,22.753286,113.916471,Cloud to Cloud,14224,4929,7
2026-10-01T21:22:11.765363408Z,22.656282,111.162221,Cloud to Ground,40956,0,17
2026-10-01T21:22:12.298083156Z,22.638438,111.049668,Cloud to Cloud,12422,3005,6
2026-10-01T21:22:11.898424904Z,22.643154,111.038377,Cloud to Ground,13476,0,11
2026-10-01T21:22:11.806626990Z,22.643204,111.011655,Cloud to Ground,14009,0,9
2026-10-01T21:22:12.045254735Z,6.657405,118.05309,Cloud to Ground,61160,0,11
2026-10-01T21:22:12.300036854Z,22.844954,113.317794,Cloud to Cloud,-13778,3001,8
2026-10-01T21:22:12.155668388Z,22.579391,111.260324,Cloud to Ground,18278,0,10
2026-10-01T21:22:16.228561144Z,22.925076,113.0285,Cloud to Ground,26704,0,8
2026-10-01T21:22:16.727815995Z,22.942116,113.223312,Cloud to Ground,-19012,0,10
2026-10-01T21:22:16.525568317Z,22.937999,113.195253,Cloud to Ground,22123,0,8
2026-10-01T21:22:16.782732761Z,22.879709,113.211809,Cloud to Cloud,25929,3023,8
2026-10-01T21:22:16.806211224Z,22.908748,113.326163,Cloud to Cloud,18123,7516,10
2026-10-01T21:22:16.593662391Z,22.84731,113.926225,Cloud to Cloud,-21398,6021,7
2026-10-01T21:22:16.892984000Z,22.5637,116.28,Cloud to Ground,-29658,0,5
2026-10-01T21:22:17.491220931Z,22.64415,113.188838,Cloud to Ground,-24141,0,12
2026-10-01T21:22:17.496274051Z,22.588227,113.2329,Cloud to Ground,16159,0,8
2026-10-01T21:22:18.908003110Z,22.981439,113.279338,Cloud to Ground,24170,0,7
2026-10-01T21:22:19.318148612Z,8.638593,122.03298,Cloud to Ground,-35211,0,20
2026-10-01T21:22:21.743250486Z,22.633097,113.656737,Cloud to Ground,-15711,0,7
2026-10-01T21:22:22.159239302Z,22.63491,113.662552,Cloud to Cloud,12779,3013,8
2026-10-01T21:22:22.083218582Z,22.762406,113.627977,Cloud to Ground,17874,0,8
2026-10-01T21:22:23.292167720Z,22.975994,116.56589,Cloud to Cloud,12417,10300,6
2026-10-01T21:22:23.165415000Z,8.7535,122.4193,Cloud to Ground,-31178,0,5
2026-10-01T21:22:23.232286000Z,8.7959,122.4308,Cloud to Ground,-23122,0,6
2026-10-01T21:22:23.101489000Z,8.7711,122.55,Cloud to Ground,-137318,0,8
2026-10-01T21:22:25.267395780Z,13.879065,119.876905,Cloud to Ground,29932,0,7
2026-10-01T21:22:25.946229715Z,22.64877,112.537386,Cloud to Ground,-14271,0,8
2026-10-01T21:22:26.866244520Z,6.622702,118.111757,Cloud to Ground,75318,0,14
2026-10-01T21:22:27.282515884Z,22.902977,113.679005,Cloud to Cloud,9871,3002,8
2026-10-01T21:22:27.904050524Z,22.917368,113.916494,Cloud to Ground,-26131,0,7
2026-10-01T21:22:27.536750120Z,22.90228,114.045209,Cloud to Ground,-7672,0,7
2026-10-01T21:22:27.429756845Z,22.860191,113.95603,Cloud to Cloud,16324,3007,7
2026-10-01T21:22:27.843687843Z,22.852387,113.958707,Cloud to Ground,17135,0,7
2026-10-01T21:22:27.751935720Z,22.84674,113.956909,Cloud to Cloud,18140,3346,6
2026-10-01T21:22:27.383928250Z,22.92851,113.961819,Cloud to Ground,35174,0,14
2026-10-01T21:22:29.953472000Z,22.9943,113.6517,Cloud to Ground,-44753,0,7
2026-10-01T21:22:30.107234740Z,22.979517,113.665661,Cloud to Ground,-22431,0,14
2026-10-01T21:22:31.609002050Z,22.745853,111.113239,Cloud to Ground,38440,0,9
2026-10-01T21:22:31.166572477Z,12.410282,119.357487,Cloud to Ground,-26462,0,7
2026-10-01T21:22:32.960455078Z,13.766178,120.006797,Cloud to Ground,22804,0,10
2026-10-01T21:22:32.895221296Z,22.726404,113.964138,Cloud to Ground,-24682,0,12
2026-10-01T21:22:32.606954793Z,22.777022,113.977031,Cloud to Cloud,-21893,4111,8
2026-10-01T21:22:32.531330803Z,22.947859,113.672338,Cloud to Cloud,9195,3042,7
2026-10-01T21:22:34.049117802Z,6.043694,126.682342,Cloud to Ground,-27223,0,14
2026-10-01T21:22:34.161318672Z,6.032146,126.700588,Cloud to Ground,-15580,0,20
2026-10-01T21:22:33.990042793Z,6.027521,126.726606,Cloud to Ground,41567,0,28
2026-10-01T21:22:33.998940752Z,22.645764,113.947585,Cloud to Ground,34701,0,9
2026-10-01T21:22:34.047206661Z,6.144827,126.727026,Cloud to Ground,-13026,0,11
2026-10-01T21:22:34.061679187Z,22.715165,113.485121,Cloud to Ground,-24046,0,8
2026-10-01T21:22:34.272917173Z,22.839008,113.312106,Cloud to Ground,12250,0,9
2026-10-01T21:22:35.246916913Z,12.509261,119.681892,Cloud to Ground,25664,0,7
2026-10-01T21:22:35.238112000Z,12.6079,119.6103,Cloud to Ground,-19238,0,8
2026-10-01T21:22:36.561257692Z,22.675492,113.330249,Cloud to Cloud,-14338,19056,11
2026-10-01T21:22:36.553877375Z,22.630216,113.41054,Cloud to Ground,-13466,0,7
2026-10-01T21:22:38.567999977Z,22.607261,113.397308,Cloud to Cloud,-13343,3024,8
2026-10-01T21:22:42.012308801Z,22.729237,113.47886,Cloud to Cloud,-20481,3044,8
2026-10-01T21:22:42.039598043Z,22.667852,113.465898,Cloud to Ground,-14552,0,8
2026-10-01T21:22:42.058127000Z,22.7989,113.4999,Cloud to Ground,-5293,0,6
2026-10-01T21:22:43.382683591Z,22.887012,113.919471,Cloud to Cloud,-12454,3022,7
2026-10-01T21:22:44.120860990Z,8.829617,126.644482,Cloud to Ground,-34613,0,24
2026-10-01T21:22:44.092612000Z,8.8362,126.5433,Cloud to Ground,101574,0,19
2026-10-01T21:22:45.957298640Z,22.921759,116.538587,Cloud to Cloud,13298,10494,6
2026-10-01T21:22:46.759491986Z,22.796994,113.43099,Cloud to Cloud,-13775,5805,13
2026-10-01T21:22:49.260369969Z,8.294525,126.915993,Cloud to Ground,-23198,0,16
2026-10-01T21:22:49.309975377Z,8.318137,126.843885,Cloud to Ground,-14447,0,21
2026-10-01T21:22:49.143329551Z,22.76994,113.988881,Cloud to Ground,-21396,0,6
2026-10-01T21:22:49.191391565Z,22.781172,113.955164,Cloud to Ground,-19002,0,7
2026-10-01T21:22:49.288552745Z,22.776721,113.969264,Cloud to Ground,-17236,0,7
2026-10-01T21:22:49.710269487Z,22.784351,113.923584,Cloud to Ground,-13669,0,6
2026-10-01T21:22:50.462714339Z,22.969775,113.143578,Cloud to Ground,18303,0,7
2026-10-01T21:22:51.160106839Z,22.64214,112.520133,Cloud to Ground,22191,0,7
2026-10-01T21:22:51.256764870Z,22.645685,112.501323,Cloud to Cloud,25533,3016,16
2026-10-01T21:22:51.146849000Z,22.7061,112.7283,Cloud to Ground,-24411,0,6
2026-10-01T21:22:55.902994980Z,8.117799,133.617703,Cloud to Ground,20545,0,23
2026-10-01T21:22:55.914205756Z,8.104771,133.501026,Cloud to Cloud,-12746,5852,10
2026-10-01T21:22:56.812439491Z,8.136018,133.688217,Cloud to Ground,-24998,0,16
2026-10-01T21:22:56.670497722Z,8.129791,133.740254,Cloud to Ground,25647,0,19
2026-10-01T21:22:56.051800538Z,22.731272,113.753329,Cloud to Ground,14605,0,8
2026-10-01T21:22:56.409999718Z,22.638842,113.42957,Cloud to Ground,-9844,0,6
2026-10-01T21:22:56.186266777Z,22.750596,113.338537,Cloud to Cloud,14080,3002,7
2026-10-01T21:22:58.992956652Z,22.642485,113.569732,Cloud to Cloud,-11022,3000,7
2026-10-01T21:22:59.007433393Z,22.775498,113.660968,Cloud to Cloud,-18532,7161,9
2026-10-01T21:23:02.333073000Z,9.1245,124.0426,Cloud to Ground,-32775,0,7
2026-10-01T21:23:02.410795000Z,9.1309,123.8164,Cloud to Ground,-42031,0,5
2026-10-01T21:23:03.263402280Z,22.884972,113.695816,Cloud to Ground,40678,0,8
2026-10-01T21:23:03.139288795Z,22.990616,113.642162,Cloud to Ground,-46631,0,12
2026-10-01T21:23:03.349767626Z,22.831168,113.799571,Cloud to Cloud,-28628,6950,14
2026-10-01T21:23:03.183299000Z,13.8552,119.745,Cloud to Ground,-23565,0,5
2026-10-01T21:23:06.660024675Z,22.97195,113.573153,Cloud to Ground,-15264,0,10
2026-10-01T21:23:07.205703735Z,22.999581,113.195958,Cloud to Cloud,-8446,7299,10
2026-10-01T21:23:08.484134759Z,22.893343,116.473716,Cloud to Cloud,13272,10840,5
2026-10-01T21:23:10.842279411Z,22.801833,113.285726,Cloud to Ground,26923,0,8
2026-10-01T21:23:10.876459619Z,22.910513,113.398101,Cloud to Cloud,9013,16540,7
2026-10-01T21:23:10.183906154Z,22.630523,112.74661,Cloud to Ground,-33084,0,15
2026-10-01T21:23:09.696486268Z,22.593171,112.729898,Cloud to Ground,-21847,0,7
2026-10-01T21:23:09.806980735Z,22.618685,112.744798,Cloud to Cloud,-15228,3009,11
2026-10-01T21:23:13.411223624Z,22.930922,113.435676,Cloud to Ground,-14802,0,8
2026-10-01T21:23:13.502998522Z,22.806417,113.642807,Cloud to Ground,27458,0,9
2026-10-01T21:23:13.829614139Z,13.892797,119.902033,Cloud to Ground,23803,0,9
2026-10-01T21:23:14.311716115Z,22.838086,113.540798,Cloud to Ground,32946,0,8
2026-10-01T21:23:17.745721958Z,6.625438,118.07309,Cloud to Ground,60576,0,16
2026-10-01T21:23:17.702639000Z,6.6959,118.0854,Cloud to Ground,91727,0,6
2026-10-01T21:23:18.253974105Z,6.779125,118.206054,Cloud to Ground,-36345,0,8
2026-10-01T21:23:17.831888182Z,6.756917,118.250753,Cloud to Ground,-16455,0,8
2026-10-01T21:23:20.893981088Z,8.68755,124.179418,Cloud to Ground,-35052,0,11
2026-10-01T21:23:21.020898686Z,8.687049,124.186682,Cloud to Ground,-32307,0,16
2026-10-01T21:23:20.872237712Z,8.702454,124.199697,Cloud to Ground,-19407,0,19
2026-10-01T21:23:20.693509000Z,8.6802,124.1281,Cloud to Ground,434,0,7
2026-10-01T21:23:21.545225704Z,22.931387,113.310528,Cloud to Ground,35639,0,14
2026-10-01T21:23:21.832605979Z,22.806323,113.315331,Cloud to Ground,31691,0,10
2026-10-01T21:23:25.528079309Z,8.72283,122.162476,Cloud to Ground,-28135,0,10
2026-10-01T21:23:26.990011216Z,22.642975,112.553407,Cloud to Cloud,14167,4952,8
2026-10-01T21:23:26.673883697Z,12.396826,119.283496,Cloud to Ground,-30748,0,10
2026-10-01T21:23:26.952802352Z,22.687548,113.525896,Cloud to Cloud,-14769,6991,8
2026-10-01T21:23:27.856483225Z,22.65872,116.126456,Cloud to Cloud,13586,13650,5
2026-10-01T21:23:27.494453330Z,22.709762,112.658032,Cloud to Cloud,-11875,13716,7
2026-10-01T21:23:27.370372842Z,22.624631,112.682394,Cloud to Ground,27944,0,14
2026-10-01T21:23:27.416319064Z,22.753938,111.131595,Cloud to Cloud,7949,7331,8
2026-10-01T21:23:28.038082541Z,22.765236,113.972052,Cloud to Ground,-18253,0,8
2026-10-01T21:23:29.088091839Z,13.886998,119.992837,Cloud to Cloud,-25785,6151,8
2026-10-01T21:23:30.122114196Z,22.794277,113.58048,Cloud to Ground,-11372,0,6
2026-10-01T21:23:30.309924185Z,22.818117,113.462772,Cloud to Ground,-9940,0,6
2026-10-01T21:23:34.471500950Z,6.646188,118.102122,Cloud to Ground,-13820,0,8
2026-10-01T21:23:34.567849281Z,6.659506,118.034849,Cloud to Ground,15956,0,8
2026-10-01T21:23:35.115188000Z,22.9416,113.7286,Cloud to Ground,-43608,0,7
2026-10-01T21:23:34.513350050Z,22.945254,113.697738,Cloud to Cloud,-9540,3063,8
2026-10-01T21:23:34.217866114Z,22.966951,116.555968,Cloud to Cloud,6174,9426,5
2026-10-01T21:23:34.238423723Z,22.955256,116.510467,Cloud to Cloud,12644,12226,6
2026-10-01T21:23:39.722283261Z,22.874241,113.349363,Cloud to Cloud,9023,4309,7
2026-10-01T21:23:40.643536492Z,13.832944,119.936179,Cloud to Ground,31327,0,10
2026-10-01T21:23:40.533052299Z,22.593254,112.690054,Cloud to Cloud,-23205,3013,10
2026-10-01T21:23:40.595833297Z,22.610288,112.676692,Cloud to Cloud,-7656,4677,7
2026-10-01T21:23:40.559124224Z,22.665556,112.684008,Cloud to Cloud,-3418,6103,7
2026-10-01T21:23:40.259260000Z,9.0393,124.0804,Cloud to Ground,-48341,0,5
2026-10-01T21:23:41.019055184Z,13.85724,120.050176,Cloud to Ground,-35706,0,8
2026-10-01T21:23:42.818641769Z,8.203461,130.318706,Cloud to Cloud,-14254,16407,18
2026-10-01T21:23:42.787203453Z,8.205093,130.508532,Cloud to Ground,-37439,0,16
2026-10-01T21:23:42.817896799Z,8.10647,130.50394,Cloud to Ground,-28634,0,18
2026-10-01T21:23:42.441049687Z,8.133174,130.548924,Cloud to Ground,22027,0,15
2026-10-01T21:23:45.565009553Z,22.976202,116.500667,Cloud to Cloud,6595,10859,5
2026-10-01T21:23:45.799628535Z,22.954108,116.461899,Cloud to Ground,8806,0,7
2026-10-01T21:23:45.554454221Z,22.970794,116.496039,Cloud to Cloud,9907,10703,5
2026-10-01T21:23:46.029230634Z,22.961602,116.581987,Cloud to Ground,24992,0,6
2026-10-01T21:23:47.244992298Z,9.195048,124.075099,Cloud to Ground,-22516,0,16
2026-10-01T21:23:49.689907326Z,22.860654,113.254725,Cloud to Ground,-19818,0,10
2026-10-01T21:23:50.416479310Z,22.716096,112.645773,Cloud to Ground,40925,0,8
2026-10-01T21:23:51.265459907Z,22.784477,113.978354,Cloud to Ground,-51929,0,18
2026-10-01T21:23:51.468350751Z,22.789086,113.981043,Cloud to Cloud,-49085,3009,17
2026-10-01T21:23:51.358356992Z,22.830357,113.967437,Cloud to Ground,18594,0,12
2026-10-01T21:23:51.294229081Z,22.771932,113.960043,Cloud to Ground,22184,0,8
2026-10-01T21:23:54.161672791Z,8.282446,126.796224,Cloud to Ground,-27998,0,13
2026-10-01T21:23:53.823670976Z,22.907084,113.44817,Cloud to Cloud,-15158,3252,7
2026-10-01T21:23:54.500215790Z,22.901535,113.356393,Cloud to Ground,12954,0,10
2026-10-01T21:23:57.271531742Z,6.784411,118.270889,Cloud to Ground,-20640,0,8
2026-10-01T21:23:57.656438536Z,22.691444,114.01705,Cloud to Cloud,-13701,11061,7
2026-10-01T21:23:59.314681855Z,22.711412,112.723583,Cloud to Cloud,-6426,7986,8
2026-10-01T21:23:59.874653313Z,22.707395,113.529845,Cloud to Ground,14659,0,7
2026-10-01T21:23:59.967619000Z,9.048,122.2945,Cloud to Ground,42188,0,5
2026-10-01T21:24:03.791163585Z,11.264133,121.7161,Cloud to Cloud,-37157,18540,9
2026-10-01T21:24:05.520961948Z,22.915098,113.189891,Cloud to Ground,17001,0,7
2026-10-01T21:24:06.147601079Z,9.105426,124.005457,Cloud to Ground,34225,0,15
2026-10-01T21:24:06.724221509Z,22.995876,116.356423,Cloud to Ground,36365,0,7
2026-10-01T21:24:07.045233843Z,22.939207,113.065573,Cloud to Ground,-9995,0,7
2026-10-01T21:24:08.625341000Z,22.7857,113.4495,Cloud to Ground,-19302,0,5
2026-10-01T21:24:08.567252000Z,22.7795,113.3012,Cloud to Ground,91208,0,8
2026-10-01T21:24:09.999804041Z,13.920911,119.931487,Cloud to Cloud,14445,4436,8
2026-10-01T21:24:09.179003475Z,22.762559,113.164305,Cloud to Cloud,11147,5193,8
2026-10-01T21:24:09.131609741Z,22.768718,113.157782,Cloud to Ground,40257,0,9
2026-10-01T21:24:09.312237165Z,22.913082,113.064137,Cloud to Ground,33532,0,8
2026-10-01T21:24:09.379495507Z,22.740074,113.575646,Cloud to Cloud,-19474,3086,10
2026-10-01T21:24:09.981885219Z,22.782303,113.960143,Cloud to Ground,-45114,0,14
2026-10-01T21:24:11.180555474Z,9.130902,121.710557,Cloud to Ground,-60698,0,10
2026-10-01T21:24:11.208125659Z,9.245613,121.747098,Cloud to Ground,-55665,0,7
2026-10-01T21:24:11.367478000Z,9.2277,121.5429,Cloud to Ground,20375,0,8
2026-10-01T21:24:12.576402423Z,11.212139,121.751154,Cloud to Cloud,24223,5692,8
2026-10-01T21:24:12.951383302Z,22.77159,113.949187,Cloud to Ground,-12666,0,15
2026-10-01T21:24:12.942199000Z,8.6051,122.0293,Cloud to Ground,817,0,6
2026-10-01T21:24:13.103398242Z,8.760586,122.165654,Cloud to Ground,-39294,0,13
2026-10-01T21:24:15.849416000Z,9.1185,123.9359,Cloud to Ground,-26928,0,7
2026-10-01T21:24:18.616015533Z,8.807065,124.115647,Cloud to Ground,-19615,0,19
2026-10-01T21:24:18.694881710Z,8.805461,124.106507,Cloud to Ground,-16632,0,11
2026-10-01T21:24:18.531276000Z,8.9665,124.176,Cloud to Ground,-34008,0,5
2026-10-01T21:24:19.955343629Z,6.671807,118.107505,Cloud to Ground,-55667,0,9
2026-10-01T21:24:20.144512000Z,6.6203,118.0681,Cloud to Ground,9976,0,5
2026-10-01T21:24:20.039206602Z,6.835999,118.081388,Cloud to Ground,84943,0,8
2026-10-01T21:24:21.440355295Z,22.938349,113.420419,Cloud to Ground,-10088,0,7
2026-10-01T21:24:22.970360515Z,22.611314,111.239382,Cloud to Cloud,-17823,4697,8
2026-10-01T21:24:22.972247220Z,22.73484,111.251607,Cloud to Cloud,-20356,5705,6
2026-10-01T21:24:22.342357024Z,12.366972,119.72104,Cloud to Ground,-25195,0,11
2026-10-01T21:24:22.618202422Z,12.378171,119.728527,Cloud to Ground,-20733,0,9
2026-10-01T21:24:22.867320014Z,12.352352,119.73126,Cloud to Ground,-13504,0,8
2026-10-01T21:24:22.735711855Z,12.359829,119.730531,Cloud to Ground,-11694,0,6
2026-10-01T21:24:23.680120593Z,13.872776,120.044456,Cloud to Ground,37043,0,8
2026-10-01T21:24:24.630701514Z,22.679237,113.426491,Cloud to Cloud,-11037,3005,7
2026-10-01T21:24:24.650059019Z,22.66481,113.547271,Cloud to Cloud,-10638,3028,12
2026-10-01T21:24:25.272493922Z,12.376817,119.289057,Cloud to Ground,-19513,0,10
2026-10-01T21:24:25.341600634Z,12.381991,119.290257,Cloud to Ground,-17982,0,10
2026-10-01T21:24:25.127264000Z,12.3829,119.0823,Cloud to Ground,-53680,0,6
2026-10-01T21:24:26.728699915Z,22.846367,113.422915,Cloud to Ground,6219,0,8
2026-10-01T21:24:26.761051466Z,22.902555,113.587999,Cloud to Ground,-12920,0,8
2026-10-01T21:24:27.765357621Z,22.697773,113.437449,Cloud to Cloud,-14971,5918,10
2026-10-01T21:24:31.826237896Z,22.57078,112.73049,Cloud to Ground,-18777,0,6
2026-10-01T21:24:31.051824381Z,22.649764,112.562825,Cloud to Ground,31234,0,7
2026-10-01T21:24:31.333457042Z,22.65533,112.3545,Cloud to Cloud,11966,5577,7
2026-10-01T21:24:31.377248732Z,22.650528,112.409706,Cloud to Cloud,12483,3248,9
2026-10-01T21:24:33.836469241Z,8.123036,133.576067,Cloud to Ground,-12464,0,25
2026-10-01T21:24:33.836011183Z,8.174109,133.646863,Cloud to Cloud,-12242,3021,19
2026-10-01T21:24:35.006887585Z,9.024061,121.871388,Cloud to Ground,-42210,0,12
2026-10-01T21:24:35.626646429Z,22.542552,116.356871,Cloud to Ground,-62582,0,15
2026-10-01T21:24:36.504286814Z,22.66861,113.848571,Cloud to Cloud,-9543,13667,7
2026-10-01T21:24:38.305442125Z,22.821113,113.977246,Cloud to Ground,27407,0,10
2026-10-01T21:24:37.751792221Z,22.827423,113.964182,Cloud to Ground,41168,0,16
2026-10-01T21:24:38.193129096Z,22.731332,113.420325,Cloud to Ground,37802,0,8
2026-10-01T21:24:40.334107000Z,12.6073,119.5688,Cloud to Ground,-74724,0,19
2026-10-01T21:24:42.834721142Z,22.7567,113.498358,Cloud to Cloud,-12086,5654,8
2026-10-01T21:24:42.710735335Z,22.55976,112.742604,Cloud to Cloud,-15022,3761,8
2026-10-01T21:24:46.460279337Z,22.915471,113.211452,Cloud to Ground,-26364,0,7
2026-10-01T21:24:46.636624301Z,22.708312,113.344018,Cloud to Cloud,-16250,3066,12
2026-10-01T21:24:47.450493865Z,6.662993,118.082625,Cloud to Cloud,-26267,15726,10
2026-10-01T21:24:48.393190442Z,8.721805,122.573177,Cloud to Ground,29824,0,17
2026-10-01T21:24:47.866982000Z,8.8027,122.479,Cloud to Ground,-122406,0,8
2026-10-01T21:24:48.046209395Z,8.756197,122.471183,Cloud to Ground,-44393,0,21
2026-10-01T21:24:47.900340000Z,8.7766,122.3928,Cloud to Ground,-39767,0,5
2026-10-01T21:24:47.921534000Z,8.7867,122.3946,Cloud to Ground,-38970,0,6
2026-10-01T21:24:48.009095271Z,8.78077,122.482392,Cloud to Ground,-35056,0,12
2026-10-01T21:24:47.912967814Z,8.762811,122.489064,Cloud to Ground,-25774,0,13
2026-10-01T21:24:48.625420223Z,22.749335,114.035742,Cloud to Ground,-22679,0,8
2026-10-01T21:24:48.131284000Z,8.634,121.993,Cloud to Ground,-16257,0,6
2026-10-01T21:24:48.949667000Z,8.7495,121.8488,Cloud to Ground,21812,0,7
2026-10-01T21:24:50.640236020Z,22.997782,114.414048,Cloud to Cloud,-13074,19899,11
2026-10-01T21:24:53.377152000Z,22.8657,113.9036,Cloud to Ground,-42986,0,7
2026-10-01T21:24:52.956810279Z,22.847717,113.885222,Cloud to Ground,-39016,0,7
2026-10-01T21:24:53.125284555Z,22.844965,113.921798,Cloud to Ground,-25780,0,8
2026-10-01T21:24:52.853088233Z,22.783491,113.953959,Cloud to Ground,-16706,0,7
2026-10-01T21:24:53.440822331Z,22.844602,113.917942,Cloud to Ground,-12603,0,7
2026-10-01T21:24:53.114883623Z,22.901684,113.931516,Cloud to Ground,-6965,0,7
2026-10-01T21:24:53.062729115Z,22.682249,113.973534,Cloud to Ground,46776,0,9
2026-10-01T21:24:54.345274813Z,22.973066,113.127117,Cloud to Ground,11153,0,9
2026-10-01T21:24:56.879390554Z,22.917264,113.794863,Cloud to Ground,37584,0,10
2026-10-01T21:24:56.140250818Z,22.639314,112.500376,Cloud to Ground,-10341,0,7
2026-10-01T21:24:57.850165781Z,22.653976,113.226534,Cloud to Cloud,-14267,3009,7
2026-10-01T21:24:57.841153629Z,22.634399,113.27422,Cloud to Cloud,-13521,4014,9
2026-10-01T21:25:00.046342199Z,13.870416,120.055453,Cloud to Ground,23382,0,9
2026-10-01T21:25:00.290145382Z,22.758335,111.113835,Cloud to Ground,19459,0,9
2026-10-01T21:25:00.263452900Z,22.680864,111.403649,Cloud to Cloud,-8177,7034,7
2026-10-01T21:25:00.938811707Z,22.779199,113.563305,Cloud to Ground,-16580,0,6
2026-10-01T21:25:01.956740135Z,13.360905,119.493955,Cloud to Cloud,18156,14573,8
2026-10-01T21:25:01.359559079Z,22.941357,113.517989,Cloud to Ground,14219,0,10
2026-10-01T21:25:01.362704603Z,22.880787,113.846059,Cloud to Cloud,-17742,16728,11
2026-10-01T21:25:03.662994868Z,22.623858,113.193499,Cloud to Cloud,-9189,3116,7
2026-10-01T21:25:04.919142279Z,22.782177,113.643913,Cloud to Ground,41051,0,7
2026-10-01T21:25:05.688452418Z,6.657847,118.159907,Cloud to Ground,-42670,0,8
2026-10-01T21:25:05.740704392Z,6.654117,118.240626,Cloud to Ground,-20915,0,14
2026-10-01T21:25:06.007559049Z,6.674928,118.087102,Cloud to Ground,-20361,0,16
2026-10-01T21:25:05.723873802Z,6.768556,118.188709,Cloud to Ground,-36200,0,15
2026-10-01T21:25:05.770090564Z,6.786835,118.199033,Cloud to Ground,-23098,0,13
2026-10-01T21:25:05.066009595Z,22.876747,113.675491,Cloud to Ground,-18272,0,6
2026-10-01T21:25:06.259288351Z,22.827779,113.415703,Cloud to Ground,23395,0,7
2026-10-01T21:25:08.847857117Z,22.953126,116.365335,Cloud to Cloud,-10206,7019,7
2026-10-01T21:25:08.688385513Z,22.985864,116.442212,Cloud to Cloud,11328,3061,6
2026-10-01T21:25:10.292453361Z,22.792626,113.319688,Cloud to Ground,36669,0,8
2026-10-01T21:25:10.493901000Z,22.9206,113.2956,Cloud to Ground,-28663,0,9
2026-10-01T21:25:10.144350972Z,22.934861,113.037025,Cloud to Ground,-15435,0,10
2026-10-01T21:25:12.250928523Z,9.131704,124.034027,Cloud to Ground,-27497,0,14
2026-10-01T21:25:13.928923813Z,10.053557,126.279952,Cloud to Ground,12751,0,8
2026-10-01T21:25:18.103442833Z,22.794834,113.395055,Cloud to Cloud,-21355,5591,7
2026-10-01T21:25:18.892201141Z,22.76382,113.943431,Cloud to Ground,-35161,0,8
2026-10-01T21:25:18.732900434Z,22.79084,113.980616,Cloud to Ground,-30470,0,8
2026-10-01T21:25:18.671612164Z,22.782917,113.985455,Cloud to Ground,-28971,0,7
2026-10-01T21:25:19.415408000Z,22.7733,113.9188,Cloud to Ground,-25946,0,8
2026-10-01T21:25:18.995785531Z,22.77847,114.059486,Cloud to Ground,-4781,0,5
2026-10-01T21:25:18.885902746Z,22.748648,114.074794,Cloud to Ground,8167,0,8
2026-10-01T21:25:19.614740656Z,22.720126,113.968692,Cloud to Cloud,9922,14204,7
2026-10-01T21:25:18.617182774Z,22.677964,113.952178,Cloud to Cloud,21010,7977,7
2026-10-01T21:25:18.594143852Z,22.798206,113.958997,Cloud to Ground,23555,0,9
2026-10-01T21:25:19.925798642Z,22.698222,113.967233,Cloud to Ground,27524,0,9
2026-10-01T21:25:18.091059909Z,13.831655,119.939294,Cloud to Cloud,-22546,8601,7
2026-10-01T21:25:20.931739312Z,22.613587,113.614941,Cloud to Cloud,8642,3006,7
2026-10-01T21:25:20.571306513Z,22.683182,116.187581,Cloud to Ground,9098,0,6
2026-10-01T21:25:21.119301769Z,22.873559,113.330056,Cloud to Cloud,-21554,3002,6
2026-10-01T21:25:23.657057223Z,22.743405,113.962257,Cloud to Cloud,-15910,3002,7
2026-10-01T21:25:23.649999081Z,22.815864,113.814862,Cloud to Ground,13345,0,10
2026-10-01T21:25:24.813339595Z,8.688995,124.22706,Cloud to Ground,-18665,0,10
2026-10-01T21:25:26.740435894Z,6.026256,126.675082,Cloud to Ground,-27669,0,13
2026-10-01T21:25:26.389862865Z,22.627028,112.752992,Cloud to Cloud,-15587,4982,6
2026-10-01T21:25:29.617226097Z,22.876635,113.327934,Cloud to Cloud,-30588,7449,8
2026-10-01T21:25:29.684115688Z,22.707098,113.376931,Cloud to Ground,22271,0,8
2026-10-01T21:25:31.498544761Z,22.812713,113.553148,Cloud to Cloud,12377,18516,8
2026-10-01T21:25:31.833470842Z,22.626883,113.552956,Cloud to Cloud,-10777,19344,13
2026-10-01T21:25:32.747500144Z,22.930823,113.010116,Cloud to Cloud,9085,6824,7
2026-10-01T21:25:32.201498502Z,22.721133,113.40222,Cloud to Cloud,10942,6986,7
2026-10-01T21:25:33.543285688Z,9.247022,121.745879,Cloud to Ground,-44957,0,8
2026-10-01T21:25:33.661914084Z,9.273268,121.736306,Cloud to Ground,-30406,0,8
2026-10-01T21:25:33.493511000Z,9.1935,121.6253,Cloud to Ground,-74933,0,11
2026-10-01T21:25:35.839178184Z,13.902692,119.904631,Cloud to Cloud,-8601,8741,5
2026-10-01T21:25:35.204294086Z,13.897747,119.89239,Cloud to Ground,29040,0,7
2026-10-01T21:25:35.385996792Z,22.878096,113.117066,Cloud to Cloud,-11413,6544,8
2026-10-01T21:25:37.320104966Z,22.766052,116.263222,Cloud to Ground,-14336,0,7
2026-10-01T21:25:37.228222434Z,22.858383,116.470055,Cloud to Cloud,11874,12344,6
2026-10-01T21:25:40.768098733Z,12.384563,119.313426,Cloud to Ground,-42763,0,11
2026-10-01T21:25:40.157059557Z,22.698174,113.238147,Cloud to Cloud,-3434,3065,6
2026-10-01T21:25:41.844855554Z,10.376071,124.323752,Cloud to Cloud,-48995,3119,19
2026-10-01T21:25:41.906406000Z,10.3876,124.3978,Cloud to Ground,-26837,0,6
2026-10-01T21:25:41.724829382Z,22.788923,114.040343,Cloud to Ground,-11012,0,6
2026-10-01T21:25:41.797874492Z,22.758755,113.630617,Cloud to Ground,37953,0,7
2026-10-01T21:25:43.185327297Z,22.922676,113.180721,Cloud to Cloud,-14819,3989,7
2026-10-01T21:25:48.596194141Z,22.677838,111.28975,Cloud to Cloud,-26005,3228,7
2026-10-01T21:25:48.387242981Z,22.742885,111.111626,Cloud to Ground,6276,0,8
2026-10-01T21:25:48.389042953Z,22.741612,111.07445,Cloud to Cloud,15467,6312,9
2026-10-01T21:25:51.437487449Z,22.995221,113.740723,Cloud to Ground,-21073,0,9
2026-10-01T21:25:53.666049776Z,22.763953,113.614083,Cloud to Ground,11490,0,8
2026-10-01T21:25:53.261724503Z,22.623379,113.630732,Cloud to Cloud,35497,6943,8
2026-10-01T21:25:54.139254889Z,13.840719,119.943054,Cloud to Ground,32016,0,9
2026-10-01T21:25:54.740313490Z,22.678552,113.528182,Cloud to Cloud,16949,19613,8
2026-10-01T21:25:55.941545478Z,22.617897,113.562198,Cloud to Cloud,-11142,14548,10
2026-10-01T21:25:55.300317887Z,22.91716,113.259202,Cloud to Cloud,14217,3009,7
2026-10-01T21:25:56.467572508Z,22.753662,113.419329,Cloud to Ground,14469,0,7
2026-10-01T21:25:56.582989136Z,22.859123,113.280551,Cloud to Ground,11362,0,7
2026-10-01T21:25:56.410359254Z,22.777121,113.306856,Cloud to Cloud,14837,9131,11
2026-10-01T21:25:56.459891520Z,22.776675,113.299289,Cloud to Ground,15064,0,11
2026-10-01T21:25:56.428237428Z,22.798948,113.302982,Cloud to Cloud,15246,3601,13
2026-10-01T21:25:56.690257600Z,22.818471,113.219773,Cloud to Cloud,15266,3822,8
2026-10-01T21:25:56.496288105Z,22.813952,113.221651,Cloud to Ground,19301,0,7
2026-10-01T21:25:58.873463403Z,6.759673,118.106236,Cloud to Ground,-39697,0,15
2026-10-01T21:26:02.220258495Z,22.582582,116.338635,Cloud to Ground,11962,0,7
2026-10-01T21:26:02.050562625Z,22.917651,116.466918,Cloud to Cloud,-12034,11098,7
2026-10-01T21:26:01.855316215Z,22.983538,116.51191,Cloud to Cloud,7104,10426,6
2026-10-01T21:26:01.816597808Z,22.987166,116.505953,Cloud to Cloud,8108,10142,6
2026-10-01T21:26:02.237623177Z,22.917262,116.401114,Cloud to Cloud,10815,12912,6
2026-10-01T21:26:03.175281432Z,8.784255,122.479426,Cloud to Ground,-38764,0,13
2026-10-01T21:26:03.703059227Z,22.796833,113.611373,Cloud to Ground,29370,0,8
2026-10-01T21:26:03.100721000Z,8.7568,122.2382,Cloud to Ground,-39865,0,6
2026-10-01T21:26:05.446151288Z,22.657605,113.213981,Cloud to Cloud,9830,7387,6
2026-10-01T21:26:07.301862503Z,11.216745,121.703395,Cloud to Cloud,-53176,3027,12
2026-10-01T21:26:07.310369000Z,11.3824,121.6818,Cloud to Ground,-55495,0,5
2026-10-01T21:26:08.138189047Z,9.019211,121.854869,Cloud to Ground,-15962,0,10
2026-10-01T21:26:10.499043000Z,22.986,113.3787,Cloud to Ground,-29936,0,5
2026-10-01T21:26:10.094743532Z,22.905188,113.06505,Cloud to Ground,24503,0,8
2026-10-01T21:26:10.132182183Z,22.836944,113.219631,Cloud to Ground,29921,0,7
2026-10-01T21:26:13.240447865Z,22.772714,113.963303,Cloud to Ground,-49632,0,13
2026-10-01T21:26:13.138986014Z,22.793925,113.948074,Cloud to Ground,15350,0,10
2026-10-01T21:26:13.809162038Z,22.864063,113.677566,Cloud to Ground,-15435,0,10
2026-10-01T21:26:13.897271819Z,12.372322,119.70487,Cloud to Ground,-31207,0,7
2026-10-01T21:26:14.235413695Z,22.955742,113.702198,Cloud to Cloud,15478,15228,10
2026-10-01T21:26:14.226953607Z,22.972091,113.606795,Cloud to Ground,18313,0,9
2026-10-01T21:26:15.071401000Z,12.6327,119.5785,Cloud to Ground,-15388,0,6
2026-10-01T21:26:16.250279603Z,22.82103,113.439961,Cloud to Ground,19044,0,8
2026-10-01T21:26:16.524735179Z,22.936318,113.218603,Cloud to Cloud,-17120,3650,6
2026-10-01T21:26:16.356845631Z,22.96614,113.294503,Cloud to Cloud,-14453,5102,11
2026-10-01T21:26:17.432200543Z,22.657477,116.326351,Cloud to Cloud,11425,12176,5
2026-10-01T21:26:17.438614000Z,22.7702,116.4304,Cloud to Ground,-18710,0,5
2026-10-01T21:26:17.453452680Z,22.730007,116.464561,Cloud to Ground,13156,0,8
2026-10-01T21:26:19.140615054Z,22.899354,113.592518,Cloud to Ground,20542,0,16
2026-10-01T21:26:19.508107974Z,22.906402,113.487288,Cloud to Ground,18136,0,13
2026-10-01T21:26:19.340148558Z,22.907204,113.441115,Cloud to Ground,20388,0,8
2026-10-01T21:26:20.831165935Z,22.718382,113.673043,Cloud to Ground,-13907,0,7
2026-10-01T21:26:20.955921859Z,22.81194,113.224651,Cloud to Ground,-10698,0,7
2026-10-01T21:26:21.964195050Z,22.960129,114.377088,Cloud to Ground,13483,0,7
2026-10-01T21:26:21.422881988Z,22.964567,112.890331,Cloud to Cloud,16306,3005,8
2026-10-01T21:26:21.169580910Z,22.756108,111.196712,Cloud to Cloud,-4687,3025,7
2026-10-01T21:26:23.823579831Z,9.959863,126.313588,Cloud to Ground,15098,0,8
2026-10-01T21:26:23.821365584Z,10.046166,126.235077,Cloud to Ground,13795,0,11
2026-10-01T21:26:24.423052961Z,22.930025,116.510628,Cloud to Cloud,9374,19287,5
2026-10-01T21:26:24.405221521Z,22.913397,116.467054,Cloud to Ground,56586,0,7
2026-10-01T21:26:25.426404581Z,22.765748,113.284022,Cloud to Cloud,-16246,6166,10
2026-10-01T21:26:27.592562000Z,22.824,113.6396,Cloud to Ground,-27003,0,5
2026-10-01T21:26:30.306007327Z,22.814095,113.982264,Cloud to Ground,-13114,0,7
2026-10-01T21:26:30.155379487Z,22.923257,113.185597,Cloud to Cloud,14145,6890,7
2026-10-01T21:26:31.706354681Z,22.627019,112.289699,Cloud to Cloud,12812,11647,8
2026-10-01T21:26:31.610351218Z,22.591549,112.536055,Cloud to Cloud,11341,3450,7
2026-10-01T21:26:32.006447653Z,22.839859,113.549627,Cloud to Cloud,-8714,7002,10
2026-10-01T21:26:32.502871000Z,22.9474,116.5238,Cloud to Ground,-36906,0,5
2026-10-01T21:26:32.300509000Z,22.9063,116.495,Cloud to Ground,-29731,0,8
2026-10-01T21:26:32.552412382Z,22.907407,116.442225,Cloud to Cloud,-10896,10438,6
2026-10-01T21:26:33.413626556Z,22.604463,112.508345,Cloud to Cloud,-11713,5954,7
2026-10-01T21:26:33.340988639Z,22.618571,112.595079,Cloud to Ground,13505,0,8
2026-10-01T21:26:33.176602000Z,10.4386,124.2587,Cloud to Ground,-22074,0,7
2026-10-01T21:26:33.253958000Z,10.4553,124.2889,Cloud to Ground,-19950,0,6
2026-10-01T21:26:34.454129353Z,22.553186,116.356576,Cloud to Ground,-75895,0,16
2026-10-01T21:26:33.947602533Z,22.558512,116.343213,Cloud to Ground,-63169,0,14
2026-10-01T21:26:33.908225955Z,22.550049,116.35031,Cloud to Ground,-57602,0,11
2026-10-01T21:26:33.984710990Z,22.536261,116.35936,Cloud to Ground,-51715,0,12
2026-10-01T21:26:34.336657018Z,22.551551,116.351345,Cloud to Ground,-21439,0,10
2026-10-01T21:26:36.141723000Z,8.7747,121.7518,Cloud to Ground,14017,0,5
2026-10-01T21:26:37.355316434Z,13.388708,119.50861,Cloud to Cloud,-31338,6986,7
2026-10-01T21:26:37.359780741Z,13.365096,119.467298,Cloud to Cloud,17825,18311,7
2026-10-01T21:26:37.524695855Z,22.69451,113.560751,Cloud to Ground,17603,0,7
2026-10-01T21:26:38.207703891Z,8.741608,122.54987,Cloud to Ground,-84262,0,20
2026-10-01T21:26:38.720293177Z,8.722865,122.547767,Cloud to Ground,-33962,0,9
2026-10-01T21:26:39.274251000Z,8.8523,122.3102,Cloud to Ground,-22929,0,6
2026-10-01T21:26:40.855643113Z,22.963787,113.031885,Cloud to Ground,-5011,0,6
2026-10-01T21:26:41.575340123Z,22.910315,113.29083,Cloud to Cloud,-25384,7994,15
2026-10-01T21:26:43.421984919Z,12.272809,119.28058,Cloud to Ground,20331,0,10
2026-10-01T21:26:44.880060838Z,22.90515,113.726966,Cloud to Ground,-19574,0,8
2026-10-01T21:26:45.077907060Z,22.962592,113.910882,Cloud to Cloud,-12449,7873,10
2026-10-01T21:26:47.710702984Z,6.604222,118.15508,Cloud to Ground,-50193,0,10
2026-10-01T21:26:47.537088000Z,6.6701,118.2776,Cloud to Ground,-37463,0,5
2026-10-01T21:26:48.453125512Z,22.748333,113.952318,Cloud to Ground,20022,0,7
2026-10-01T21:26:48.825278000Z,9.1079,123.9555,Cloud to Ground,-39110,0,6
2026-10-01T21:26:51.225851737Z,22.908352,113.779247,Cloud to Ground,56495,0,11
2026-10-01T21:26:52.818953658Z,8.124838,132.820515,Cloud to Ground,-17529,0,19
2026-10-01T21:26:52.668448243Z,8.104743,132.850806,Cloud to Ground,27532,0,19
2026-10-01T21:26:53.283805272Z,22.929967,116.529445,Cloud to Cloud,-7845,3005,5
2026-10-01T21:26:53.259159000Z,22.857,113.3772,Cloud to Ground,-39766,0,5
2026-10-01T21:26:54.569198000Z,22.7788,113.6618,Cloud to Ground,-54940,0,5
2026-10-01T21:26:55.525654391Z,8.827035,126.499565,Cloud to Ground,29847,0,14
2026-10-01T21:26:55.526906000Z,8.8095,126.5405,Cloud to Ground,62232,0,5
2026-10-01T21:26:55.572903946Z,22.638465,112.437165,Cloud to Ground,10163,0,7
2026-10-01T21:26:55.147736124Z,22.629621,113.520309,Cloud to Cloud,-17673,6625,14
2026-10-01T21:26:55.620417562Z,22.704195,112.673291,Cloud to Cloud,14615,3106,6
2026-10-01T21:26:55.005596797Z,22.754386,111.119555,Cloud to Ground,-23853,0,10
2026-10-01T21:27:00.470564174Z,22.90748,113.46484,Cloud to Cloud,-16102,3013,8
2026-10-01T21:27:00.451261736Z,22.931661,113.275347,Cloud to Ground,14473,0,7
2026-10-01T21:27:00.792878253Z,13.856996,119.925926,Cloud to Cloud,4173,7291,5
2026-10-01T21:27:03.674543711Z,9.283736,121.588374,Cloud to Ground,-74693,0,14
2026-10-01T21:27:03.841922246Z,9.245017,121.734311,Cloud to Ground,-59971,0,10
2026-10-01T21:27:03.797168000Z,9.217,121.5122,Cloud to Ground,-48735,0,5
2026-10-01T21:27:04.594904939Z,11.411091,121.664537,Cloud to Ground,-59429,0,8
2026-10-01T21:27:06.697315201Z,22.985876,113.294089,Cloud to Cloud,-5349,4356,7
2026-10-01T21:27:08.877593019Z,22.758213,113.25944,Cloud to Cloud,12516,4047,7
2026-10-01T21:27:08.825064870Z,22.773919,113.302482,Cloud to Ground,15999,0,10
2026-10-01T21:27:08.946973022Z,22.766568,113.480917,Cloud to Ground,14185,0,14
2026-10-01T21:27:11.652037528Z,22.742228,113.959874,Cloud to Ground,-11198,0,8
2026-10-01T21:27:11.266375180Z,22.835593,110.566961,Cloud to Ground,-6863,0,9
2026-10-01T21:27:13.200015248Z,13.85671,119.938497,Cloud to Ground,-38302,0,9
2026-10-01T21:27:13.259614362Z,13.847996,119.947495,Cloud to Ground,-16055,0,6
2026-10-01T21:27:13.226528521Z,13.894319,120.036478,Cloud to Ground,-43016,0,7
2026-10-01T21:27:13.391034285Z,13.827152,120.042962,Cloud to Ground,-37077,0,8
2026-10-01T21:27:13.424613530Z,13.885637,120.034547,Cloud to Ground,-31836,0,7
2026-10-01T21:27:13.285770805Z,13.885301,120.03993,Cloud to Ground,-15230,0,10
2026-10-01T21:27:14.070910229Z,22.768547,113.474619,Cloud to Ground,-34887,0,8
2026-10-01T21:27:17.629682897Z,22.833977,113.921439,Cloud to Ground,-16140,0,7
2026-10-01T21:27:20.223672506Z,22.637927,113.769254,Cloud to Cloud,-12732,16236,11
2026-10-01T21:27:21.160107650Z,22.697492,113.398708,Cloud to Ground,14319,0,7
2026-10-01T21:27:24.052866547Z,10.409221,124.389042,Cloud to Ground,18927,0,10
2026-10-01T21:27:24.412637065Z,22.953353,116.337892,Cloud to Cloud,-15155,11750,5
2026-10-01T21:27:25.767107831Z,22.726087,113.42835,Cloud to Ground,-15582,0,6
2026-10-01T21:27:25.966607647Z,22.622578,112.493895,Cloud to Cloud,-6318,14230,7
2026-10-01T21:27:27.472579369Z,12.362255,119.227436,Cloud to Cloud,5939,15838,5
2026-10-01T21:27:27.461014726Z,12.282116,119.296474,Cloud to Ground,76488,0,13
2026-10-01T21:27:27.383964190Z,22.882821,113.913828,Cloud to Cloud,-27744,6077,6
2026-10-01T21:27:31.895894277Z,9.752888,123.871821,Cloud to Ground,-51416,0,21
2026-10-01T21:27:31.766829046Z,9.495886,123.822631,Cloud to Ground,-30854,0,12
2026-10-01T21:27:31.797638000Z,9.0673,123.9571,Cloud to Ground,-38384,0,6
2026-10-01T21:27:32.870905662Z,22.667289,113.422151,Cloud to Cloud,-11389,3036,7
2026-10-01T21:27:35.582382560Z,22.761471,113.104939,Cloud to Ground,10313,0,8
2026-10-01T21:27:36.657835484Z,8.960163,121.79367,Cloud to Ground,-21746,0,18
2026-10-01T21:27:36.053043896Z,22.90616,113.035611,Cloud to Ground,26993,0,8
2026-10-01T21:27:36.877972068Z,22.851723,116.610507,Cloud to Ground,30252,0,6
2026-10-01T21:27:37.959646700Z,22.645486,113.656372,Cloud to Ground,15395,0,8
2026-10-01T21:27:37.715142000Z,8.7867,122.4685,Cloud to Ground,-34511,0,5
2026-10-01T21:27:38.222567615Z,9.119162,124.120011,Cloud to Cloud,-18383,13888,8
2026-10-01T21:27:39.736469992Z,22.888366,114.087544,Cloud to Ground,-22074,0,7
2026-10-01T21:27:39.635690471Z,22.972576,113.637751,Cloud to Cloud,3012,7442,6
2026-10-01T21:27:39.254900374Z,22.912758,113.572535,Cloud to Ground,44104,0,10
2026-10-01T21:27:40.965002546Z,22.735016,112.963284,Cloud to Ground,-22354,0,9
2026-10-01T21:27:40.246320780Z,22.622687,112.680783,Cloud to Ground,-31873,0,15
2026-10-01T21:27:40.390601245Z,22.746495,113.365886,Cloud to Ground,17952,0,8
2026-10-01T21:27:40.441413893Z,22.713968,113.307913,Cloud to Ground,32646,0,10
2026-10-01T21:27:40.475431495Z,22.689458,113.446632,Cloud to Cloud,16368,3004,7
2026-10-01T21:27:40.296415899Z,22.669959,113.471741,Cloud to Ground,33558,0,8
2026-10-01T21:27:40.818512000Z,22.8524,113.7244,Cloud to Ground,687,0,6
2026-10-01T21:27:41.509406038Z,22.767302,113.310478,Cloud to Ground,19838,0,10
2026-10-01T21:27:41.201768879Z,22.960714,114.073876,Cloud to Ground,-15273,0,9
2026-10-01T21:27:41.063270899Z,22.673542,113.930269,Cloud to Ground,-20919,0,8
2026-10-01T21:27:45.232012535Z,22.999444,116.604357,Cloud to Cloud,7934,10253,6
2026-10-01T21:27:45.540415000Z,6.6115,118.2135,Cloud to Ground,-33518,0,5
2026-10-01T21:27:46.298835688Z,22.979718,113.384025,Cloud to Cloud,-13173,7814,7
2026-10-01T21:27:48.726255000Z,13.4779,119.464,Cloud to Ground,9697,0,5
2026-10-01T21:27:49.606139137Z,22.740414,113.654322,Cloud to Cloud,-23524,5437,8
2026-10-01T21:27:49.181562194Z,22.904381,113.655097,Cloud to Cloud,-13389,6027,8
2026-10-01T21:27:51.672605923Z,13.752837,120.011743,Cloud to Ground,39664,0,10
2026-10-01T21:27:51.622777651Z,13.968092,119.981077,Cloud to Cloud,23386,18047,8
2026-10-01T21:27:53.071068545Z,8.642573,122.055355,Cloud to Ground,-26790,0,16
2026-10-01T21:27:54.679245195Z,12.724995,120.090592,Cloud to Ground,-43968,0,9
2026-10-01T21:27:55.083595063Z,10.081755,126.106681,Cloud to Cloud,-11197,19918,12
2026-10-01T21:27:55.100045565Z,10.166957,126.250018,Cloud to Cloud,-14984,12829,7
2026-10-01T21:27:57.958921759Z,8.920084,124.04419,Cloud to Ground,36871,0,20
2026-10-01T21:27:57.657683216Z,22.67459,112.636104,Cloud to Cloud,17428,7633,7
2026-10-01T21:27:56.965499639Z,22.603311,116.336382,Cloud to Ground,30828,0,13
2026-10-01T21:27:57.476737346Z,22.596907,116.336307,Cloud to Ground,36438,0,12
2026-10-01T21:27:58.268489295Z,22.655702,111.260961,Cloud to Ground,-13546,0,7
2026-10-01T21:27:59.836777555Z,22.737847,113.595275,Cloud to Cloud,-14726,3028,10
2026-10-01T21:28:00.359221471Z,22.682189,112.558915,Cloud to Ground,42785,0,7
2026-10-01T21:28:00.962723000Z,9.1131,123.933,Cloud to Ground,-35776,0,7
2026-10-01T21:28:02.603179145Z,12.377847,119.245449,Cloud to Ground,-49983,0,11
2026-10-01T21:28:05.820094678Z,22.665856,113.452323,Cloud to Cloud,-24516,3040,9
2026-10-01T21:28:06.081603356Z,22.973812,113.282475,Cloud to Ground,-27348,0,7
2026-10-01T21:28:06.174454661Z,22.954765,113.277083,Cloud to Ground,-20403,0,12
2026-10-01T21:28:08.578124706Z,22.600867,113.374666,Cloud to Ground,-13164,0,7
2026-10-01T21:28:11.812089772Z,22.956444,113.255071,Cloud to Cloud,-10010,3001,7
2026-10-01T21:28:15.326795308Z,22.627557,113.418338,Cloud to Ground,-12660,0,7
2026-10-01T21:28:15.457369038Z,22.661633,113.414168,Cloud to Ground,26854,0,8
2026-10-01T21:28:16.255578381Z,22.583631,112.818124,Cloud to Ground,12808,0,7
2026-10-01T21:28:17.450763993Z,22.793337,113.923166,Cloud to Cloud,17678,3002,12
2026-10-01T21:28:18.322272012Z,13.828481,120.04519,Cloud to Cloud,-6896,19865,10
2026-10-01T21:28:19.680144840Z,22.766661,113.616225,Cloud to Ground,-24919,0,8
2026-10-01T21:28:19.587836499Z,22.845317,110.406691,Cloud to Cloud,20822,3801,13
2026-10-01T21:28:20.590066282Z,22.784357,113.525958,Cloud to Ground,-8361,0,6
2026-10-01T21:28:20.211947273Z,11.371479,121.786017,Cloud to Cloud,19997,12029,7
2026-10-01T21:28:22.054039497Z,22.917374,113.025557,Cloud to Ground,18394,0,7
2026-10-01T21:28:22.224018115Z,22.918522,113.245646,Cloud to Ground,32214,0,12
2026-10-01T21:28:22.650704666Z,22.926542,113.363505,Cloud to Ground,-13035,0,7
2026-10-01T21:28:23.279090000Z,22.8839,116.45,Cloud to Ground,-146890,0,14
2026-10-01T21:28:23.405216777Z,22.88375,116.479279,Cloud to Ground,-55341,0,7
2026-10-01T21:28:23.506809875Z,22.858174,116.513185,Cloud to Ground,-40347,0,14
2026-10-01T21:28:23.175472000Z,10.455,124.2426,Cloud to Ground,-51331,0,13
2026-10-01T21:28:24.182507868Z,22.630228,112.697003,Cloud to Cloud,-20160,6348,6
2026-10-01T21:28:24.601131304Z,22.98649,113.507142,Cloud to Ground,16333,0,10
2026-10-01T21:28:28.242939662Z,22.688026,113.326569,Cloud to Cloud,9691,7297,6
2026-10-01T21:28:28.452209340Z,22.762729,116.41431,Cloud to Ground,16837,0,7
2026-10-01T21:28:28.462143495Z,22.701388,116.277682,Cloud to Cloud,15605,12818,5
2026-10-01T21:28:28.963746000Z,13.4615,119.3622,Cloud to Ground,-16560,0,5
2026-10-01T21:28:29.396945070Z,22.784474,114.049832,Cloud to Cloud,-15140,15194,9
2026-10-01T21:28:29.133374806Z,22.595484,113.274584,Cloud to Cloud,-13610,7163,8
2026-10-01T21:28:29.894294664Z,22.88265,113.427436,Cloud to Cloud,-11969,14058,6
2026-10-01T21:28:33.772335721Z,22.795745,113.529621,Cloud to Ground,16701,0,8
2026-10-01T21:28:35.018363570Z,22.673053,112.518421,Cloud to Cloud,-8994,3010,7
2026-10-01T21:28:36.739824845Z,22.845905,113.608482,Cloud to Cloud,-15435,3012,7
2026-10-01T21:28:39.823947902Z,22.918926,113.281594,Cloud to Cloud,-17538,7162,8
2026-10-01T21:28:39.036701576Z,13.755918,120.001558,Cloud to Cloud,-18545,17439,6
2026-10-01T21:28:39.073996569Z,13.869025,120.019112,Cloud to Ground,-18020,0,6
2026-10-01T21:28:40.148220436Z,22.89679,113.876305,Cloud to Cloud,-41088,4056,15
2026-10-01T21:28:40.122868409Z,22.909141,113.788823,Cloud to Ground,54918,0,11
2026-10-01T21:28:39.327878514Z,22.768342,114.038385,Cloud to Ground,-37694,0,8
2026-10-01T21:28:39.237214230Z,22.774159,113.97919,Cloud to Ground,-36545,0,7
2026-10-01T21:28:39.473303000Z,22.8249,114.045,Cloud to Ground,-18841,0,5
2026-10-01T21:28:39.793417961Z,22.796874,113.9709,Cloud to Ground,12793,0,10
2026-10-01T21:28:40.026175647Z,22.807317,113.955274,Cloud to Ground,60461,0,11
2026-10-01T21:28:42.764212085Z,22.772023,113.457689,Cloud to Ground,-10724,0,8
2026-10-01T21:28:42.812752000Z,8.7717,122.4359,Cloud to Ground,26604,0,6
2026-10-01T21:28:43.089926076Z,8.784558,122.575102,Cloud to Ground,29349,0,12
2026-10-01T21:28:43.102064212Z,9.095148,124.026572,Cloud to Ground,-16885,0,15
2026-10-01T21:28:43.077553160Z,9.204565,124.143509,Cloud to Ground,-26866,0,14
2026-10-01T21:28:43.176622396Z,9.530973,123.77888,Cloud to Ground,-66724,0,12
2026-10-01T21:28:43.042322000Z,9.1247,123.8856,Cloud to Ground,-77382,0,5
2026-10-01T21:28:43.120846000Z,9.0639,123.8525,Cloud to Ground,-21434,0,5
2026-10-01T21:28:44.388809540Z,22.635939,112.490636,Cloud to Cloud,34507,6937,12
2026-10-01T21:28:45.417573648Z,22.921416,113.296143,Cloud to Ground,19799,0,10
2026-10-01T21:28:45.345945082Z,22.91256,113.298872,Cloud to Ground,27061,0,10
2026-10-01T21:28:45.496481820Z,22.918194,113.048024,Cloud to Ground,23097,0,10
2026-10-01T21:28:45.909555754Z,22.926703,113.044711,Cloud to Ground,28801,0,9
2026-10-01T21:28:48.870250819Z,12.84556,120.216489,Cloud to Cloud,-17454,16103,13
2026-10-01T21:28:49.006455778Z,22.795436,113.590221,Cloud to Cloud,-25104,3030,8
2026-10-01T21:28:50.692931464Z,22.692247,111.397965,Cloud to Cloud,-11346,3719,7
2026-10-01T21:28:50.648835852Z,22.743529,111.126772,Cloud to Cloud,-13787,13825,8
2026-10-01T21:28:50.685438984Z,22.731654,111.152314,Cloud to Cloud,7466,13034,8
2026-10-01T21:28:50.651807417Z,22.724771,111.139669,Cloud to Ground,29314,0,16
2026-10-01T21:28:53.248687523Z,22.803991,113.149842,Cloud to Ground,-12772,0,7
2026-10-01T21:28:55.875329000Z,22.9441,116.4871,Cloud to Ground,-69497,0,14
2026-10-01T21:28:55.950467000Z,22.9204,116.4993,Cloud to Ground,-26259,0,8
2026-10-01T21:28:55.873102291Z,22.942258,116.558028,Cloud to Cloud,12796,10565,5
2026-10-01T21:28:56.287544208Z,22.927365,116.512348,Cloud to Ground,23616,0,8
2026-10-01T21:28:57.103235060Z,22.680876,112.573609,Cloud to Ground,-35932,0,8
2026-10-01T21:28:57.661844773Z,22.688055,112.71397,Cloud to Cloud,-23998,6245,14
2026-10-01T21:28:59.404634645Z,8.71034,121.9414,Cloud to Cloud,47286,4340,13
2026-10-01T21:28:59.474240000Z,8.9469,121.7169,Cloud to Ground,-27263,0,6
2026-10-01T21:29:03.168217695Z,22.568504,116.351573,Cloud to Ground,-41853,0,13
2026-10-01T21:29:03.507274478Z,22.538633,116.340262,Cloud to Cloud,-10750,13927,9
2026-10-01T21:29:03.172434537Z,22.541572,116.367329,Cloud to Ground,7404,0,5
2026-10-01T21:29:03.181753639Z,22.569763,116.384094,Cloud to Cloud,12059,12971,6
2026-10-01T21:29:04.514311482Z,22.809276,113.366843,Cloud to Cloud,-16322,3619,9
2026-10-01T21:29:05.605526731Z,13.851348,119.919083,Cloud to Ground,30976,0,9
2026-10-01T21:29:06.134262590Z,22.936497,113.198692,Cloud to Cloud,-23804,7094,7
2026-10-01T21:29:06.650817599Z,22.531735,113.542604,Cloud to Cloud,-10719,3004,8
2026-10-01T21:29:08.259710567Z,22.847594,116.624645,Cloud to Cloud,10307,9292,7
2026-10-01T21:29:08.342421805Z,22.86766,116.651586,Cloud to Cloud,12100,10093,5
2026-10-01T21:29:12.329110641Z,22.645267,113.294454,Cloud to Cloud,-11874,4102,10
2026-10-01T21:29:12.541996470Z,22.99486,113.197144,Cloud to Ground,13182,0,11
2026-10-01T21:29:13.144977111Z,22.771354,113.281942,Cloud to Ground,38201,0,10
2026-10-01T21:29:13.698503495Z,22.819304,113.99523,Cloud to Ground,-20773,0,7
2026-10-01T21:29:13.290291099Z,22.739429,113.625808,Cloud to Ground,-52043,0,9
2026-10-01T21:29:13.980155631Z,22.73987,113.604865,Cloud to Ground,-16133,0,7
2026-10-01T21:29:13.545114928Z,22.739915,113.411453,Cloud to Ground,39520,0,8
2026-10-01T21:29:14.558900412Z,8.721485,122.646766,Cloud to Ground,21171,0,8
2026-10-01T21:29:17.529944214Z,22.763966,113.409808,Cloud to Cloud,-14803,18622,8
2026-10-01T21:29:17.463275561Z,22.697247,113.446406,Cloud to Cloud,-12500,7216,7
2026-10-01T21:29:18.348635674Z,22.831646,113.301979,Cloud to Ground,-8452,0,8
2026-10-01T21:29:19.733883814Z,13.899151,119.972735,Cloud to Cloud,-5435,17151,7
2026-10-01T21:29:18.969108727Z,22.922988,113.741446,Cloud to Cloud,19600,5356,7
2026-10-01T21:29:19.068102201Z,22.903351,113.7338,Cloud to Ground,33164,0,8
2026-10-01T21:29:21.480406884Z,22.611169,113.56988,Cloud to Cloud,8348,3955,8
2026-10-01T21:29:22.801802657Z,8.482394,122.167097,Cloud to Cloud,51809,17893,10
2026-10-01T21:29:25.856988695Z,22.747469,113.688875,Cloud to Cloud,-15713,3029,12
2026-10-01T21:29:26.472494942Z,22.62883,113.322144,Cloud to Ground,-12563,0,7
2026-10-01T21:29:26.857706041Z,22.856275,113.714875,Cloud to Cloud,-12920,3927,7
2026-10-01T21:29:25.907445813Z,22.661707,113.58229,Cloud to Cloud,-17754,11835,8
2026-10-01T21:29:25.515500240Z,22.664058,113.540117,Cloud to Cloud,10553,3000,8
2026-10-01T21:29:25.879602028Z,22.695267,113.54543,Cloud to Ground,16958,0,8
2026-10-01T21:29:26.383532213Z,22.662273,113.557133,Cloud to Ground,32902,0,7
2026-10-01T21:29:27.950190168Z,22.656873,113.339839,Cloud to Ground,21086,0,10
2026-10-01T21:29:27.832268000Z,10.3297,124.1758,Cloud to Ground,28602,0,7
2026-10-01T21:29:27.791655000Z,10.4521,124.2561,Cloud to Ground,-79189,0,9
2026-10-01T21:29:27.890805000Z,10.4361,124.1733,Cloud to Ground,-48184,0,6
2026-10-01T21:29:28.575294790Z,22.578973,112.504713,Cloud to Ground,-5459,0,6
2026-10-01T21:29:28.027459000Z,10.5349,124.3259,Cloud to Ground,-21060,0,5
2026-10-01T21:29:33.469366779Z,22.527856,114.110154,Cloud to Ground,-27908,0,15
2026-10-01T21:29:33.150947151Z,22.744139,113.976444,Cloud to Ground,24763,0,11
2026-10-01T21:29:33.441616320Z,22.806395,113.655456,Cloud to Ground,-27169,0,7
2026-10-01T21:29:34.176888143Z,22.644868,113.309617,Cloud to Cloud,-13598,5760,12
2026-10-01T21:29:34.466756921Z,22.587475,113.580436,Cloud to Ground,23238,0,10
2026-10-01T21:29:35.451652651Z,22.633409,112.64402,Cloud to Cloud,-14517,6717,11
2026-10-01T21:29:37.392595078Z,12.300077,119.290867,Cloud to Ground,12415,0,6
2026-10-01T21:29:37.656004334Z,12.421999,119.310074,Cloud to Ground,-53714,0,10
2026-10-01T21:29:37.571377652Z,12.41199,119.315274,Cloud to Ground,-27988,0,12
2026-10-01T21:29:37.489458176Z,12.396259,119.326883,Cloud to Ground,-21351,0,11
2026-10-01T21:29:37.418950055Z,12.413532,119.336528,Cloud to Ground,-18366,0,9
2026-10-01T21:29:37.369330350Z,12.37665,119.225358,Cloud to Ground,-26644,0,8
2026-10-01T21:29:38.901917049Z,9.088381,124.043722,Cloud to Ground,25556,0,12
2026-10-01T21:29:39.561528516Z,13.839646,119.93895,Cloud to Ground,-63060,0,12
2026-10-01T21:29:39.690697937Z,13.933851,119.994033,Cloud to Ground,-37222,0,12
2026-10-01T21:29:39.650405000Z,13.864,119.8073,Cloud to Ground,-36125,0,6
2026-10-01T21:29:40.305350127Z,22.916418,113.089682,Cloud to Ground,30548,0,9
2026-10-01T21:29:40.929251487Z,22.828414,113.409739,Cloud to Ground,-16159,0,7
2026-10-01T21:29:40.872743040Z,22.754687,111.204433,Cloud to Cloud,-17069,5545,8
2026-10-01T21:29:41.546126253Z,8.701999,122.132265,Cloud to Ground,-51022,0,10
2026-10-01T21:29:41.932549000Z,8.6061,122.1475,Cloud to Ground,438,0,7
2026-10-01T21:29:41.198692215Z,22.916723,113.084869,Cloud to Ground,45852,0,8
2026-10-01T21:29:43.530534454Z,22.72308,113.396939,Cloud to Cloud,-18860,3047,9
2026-10-01T21:29:43.087464588Z,22.70777,113.620429,Cloud to Ground,-12942,0,7
2026-10-01T21:30:27.828670626Z,9.106204,124.033043,Cloud to Ground,19180,0,12
2026-10-01T21:30:27.066443861Z,8.671345,121.956407,Cloud to Cloud,-31038,8669,9
2026-10-01T21:30:28.194692010Z,22.781328,113.296612,Cloud to Ground,13444,0,9
2026-10-01T21:30:28.197726954Z,22.680375,113.241188,Cloud to Cloud,18558,3012,7
2026-10-01T21:30:28.355656752Z,11.089252,121.76475,Cloud to Cloud,15656,6554,9
2026-10-01T21:30:29.618211749Z,6.675647,118.056541,Cloud to Cloud,8514,3346,7
2026-10-01T21:30:30.699533922Z,8.894347,124.20002,Cloud to Ground,-29219,0,16
2026-10-01T21:30:30.856202628Z,8.8649,124.19215,Cloud to Ground,-21320,0,22
2026-10-01T21:30:30.602068789Z,8.915507,124.131038,Cloud to Ground,24941,0,14
2026-10-01T21:30:30.561843000Z,8.8141,124.1296,Cloud to Ground,26416,0,9
2026-10-01T21:30:31.232468468Z,22.94839,113.994585,Cloud to Ground,-18812,0,7
2026-10-01T21:30:32.447051536Z,22.929193,113.184394,Cloud to Ground,17612,0,6
2026-10-01T21:30:33.490699153Z,22.915645,113.769952,Cloud to Ground,46834,0,9
2026-10-01T21:30:35.359775430Z,22.8945,114.214786,Cloud to Ground,42701,0,19
2026-10-01T21:30:37.263438606Z,22.875551,116.4525,Cloud to Ground,10884,0,7
2026-10-01T21:30:37.274580958Z,22.941751,116.531272,Cloud to Cloud,11232,18030,8
2026-10-01T21:30:38.569867404Z,22.918466,113.121257,Cloud to Ground,-12300,0,10
2026-10-01T21:30:40.743715000Z,13.9044,119.9298,Cloud to Ground,-23259,0,5
2026-10-01T21:30:40.815488513Z,13.857667,120.024298,Cloud to Ground,-19653,0,7
2026-10-01T21:30:40.792096496Z,13.913406,119.99135,Cloud to Ground,-17560,0,16
2026-10-01T21:30:40.060392982Z,22.638049,112.632284,Cloud to Cloud,-16818,7769,12
2026-10-01T21:30:42.024162417Z,22.844801,113.302854,Cloud to Cloud,18377,4922,8
2026-10-01T21:30:41.821861459Z,22.788691,113.296475,Cloud to Ground,29053,0,10
2026-10-01T21:30:42.231269764Z,22.922678,113.20899,Cloud to Cloud,14169,3095,9
2026-10-01T21:30:44.360857126Z,22.873161,113.676587,Cloud to Cloud,-36867,3015,8
2026-10-01T21:30:44.296742332Z,22.870734,113.68827,Cloud to Ground,-29954,0,8
2026-10-01T21:30:44.464881316Z,22.904569,113.469288,Cloud to Cloud,9230,18440,8
2026-10-01T21:30:45.105989316Z,22.773214,113.683712,Cloud to Ground,17183,0,7
2026-10-01T21:30:47.229845145Z,22.676737,113.968498,Cloud to Cloud,-10467,15177,10
2026-10-01T21:30:48.325144336Z,22.652945,116.214909,Cloud to Cloud,14488,13881,6
2026-10-01T21:30:48.388569296Z,22.656693,116.227424,Cloud to Ground,60349,0,7
2026-10-01T21:30:49.209242691Z,12.781973,120.269534,Cloud to Ground,24530,0,7
2026-10-01T21:30:50.410835700Z,22.649833,113.565577,Cloud to Cloud,-6789,15584,6
2026-10-01T21:30:51.152642000Z,8.6341,124.1152,Cloud to Ground,485,0,5
2026-10-01T21:30:53.436480292Z,22.665441,113.266475,Cloud to Cloud,-13518,4735,9
2026-10-01T21:30:54.891696283Z,12.412962,119.311716,Cloud to Ground,-31679,0,10
2026-10-01T21:30:54.834405558Z,12.40192,119.31463,Cloud to Ground,-25758,0,11
2026-10-01T21:30:54.807370206Z,12.317931,119.284501,Cloud to Cloud,-24038,3784,6
2026-10-01T21:30:55.108601336Z,22.972467,113.203479,Cloud to Cloud,-12664,7179,7
2026-10-01T21:30:56.925985000Z,22.9611,116.5986,Cloud to Ground,-35239,0,5
2026-10-01T21:30:57.114315176Z,22.775381,113.974685,Cloud to Ground,-16170,0,7
2026-10-01T21:30:57.711457619Z,22.766535,114.086467,Cloud to Ground,-6515,0,8
2026-10-01T21:30:57.002006025Z,22.85542,116.537167,Cloud to Ground,-34799,0,14
2026-10-01T21:31:01.063154967Z,9.667734,122.093058,Cloud to Ground,26124,0,13
2026-10-01T21:31:01.062292020Z,9.658644,122.101426,Cloud to Ground,54402,0,8
2026-10-01T21:31:02.045554839Z,22.964403,116.370611,Cloud to Cloud,13112,12090,6
2026-10-01T21:31:02.361795032Z,22.968004,116.378444,Cloud to Cloud,16542,11383,7
2026-10-01T21:31:05.795804282Z,22.93528,113.288028,Cloud to Ground,-33899,0,7
2026-10-01T21:31:05.649023991Z,22.947304,113.3102,Cloud to Ground,33825,0,9
2026-10-01T21:31:05.841848412Z,22.963489,113.030365,Cloud to Ground,29836,0,10
2026-10-01T21:31:07.898563589Z,22.660951,112.459981,Cloud to Cloud,11419,4036,10
2026-10-01T21:31:07.136680000Z,22.9956,113.8141,Cloud to Ground,-31262,0,6
2026-10-01T21:31:08.874869528Z,22.77247,113.422583,Cloud to Cloud,-10043,3184,7
2026-10-01T21:31:09.625074483Z,22.791388,113.476533,Cloud to Cloud,-18957,6172,7
2026-10-01T21:31:10.735259811Z,22.751859,114.034442,Cloud to Ground,20928,0,10
2026-10-01T21:31:10.852787750Z,22.795559,113.670833,Cloud to Ground,-18492,0,7
2026-10-01T21:31:10.845018637Z,13.463711,119.536874,Cloud to Ground,54005,0,6
2026-10-01T21:31:11.085626465Z,22.738147,113.521085,Cloud to Cloud,-12521,6073,10
2026-10-01T21:31:14.711052018Z,8.778225,121.895988,Cloud to Ground,-28383,0,23
2026-10-01T21:31:14.932776106Z,8.869224,121.991788,Cloud to Ground,-16526,0,7
2026-10-01T21:31:13.958510000Z,8.8547,122.4722,Cloud to Ground,-71709,0,7
2026-10-01T21:31:14.053034742Z,8.848319,122.442428,Cloud to Ground,-56059,0,17
2026-10-01T21:31:13.979836211Z,8.931093,122.52006,Cloud to Ground,-54615,0,16
2026-10-01T21:31:14.043109657Z,8.921558,122.532114,Cloud to Ground,-20710,0,11
2026-10-01T21:31:14.260338816Z,22.747862,111.264834,Cloud to Ground,-30812,0,7
2026-10-01T21:31:15.113073658Z,22.821389,110.456168,Cloud to Ground,-19371,0,8
2026-10-01T21:31:15.159060662Z,22.84008,110.579772,Cloud to Ground,10829,0,12
2026-10-01T21:31:15.300385634Z,22.856839,110.546353,Cloud to Ground,14069,0,8
2026-10-01T21:31:15.261396930Z,22.846124,110.572377,Cloud to Cloud,14290,3810,12
2026-10-01T21:31:15.188928763Z,22.839537,110.580799,Cloud to Ground,17545,0,12
2026-10-01T21:31:16.606920217Z,8.837133,124.141475,Cloud to Ground,18491,0,10
2026-10-01T21:31:17.158332939Z,22.633681,112.47705,Cloud to Cloud,14588,5868,12
2026-10-01T21:31:18.933537691Z,22.739669,113.224744,Cloud to Ground,-3775,0,6
2026-10-01T21:31:19.469588534Z,22.682242,113.312203,Cloud to Cloud,-15562,3027,7
2026-10-01T21:31:19.455782289Z,22.614325,113.564011,Cloud to Ground,-33793,0,8
2026-10-01T21:31:20.944137030Z,22.856431,110.828192,Cloud to Cloud,-14409,4781,7
2026-10-01T21:31:20.953266463Z,22.880025,110.732041,Cloud to Ground,-13822,0,6
2026-10-01T21:31:21.644669244Z,22.680965,113.257928,Cloud to Cloud,-15735,7171,13
2026-10-01T21:31:21.919331149Z,10.411109,124.302046,Cloud to Ground,14817,0,14
2026-10-01T21:31:22.637862295Z,22.807674,113.745209,Cloud to Ground,73364,0,8
2026-10-01T21:31:22.974300000Z,22.598,116.3561,Cloud to Ground,-98707,0,5
2026-10-01T21:31:22.852483000Z,22.799,113.9263,Cloud to Ground,-18034,0,7
2026-10-01T21:31:23.483890146Z,22.78068,113.939977,Cloud to Ground,-13491,0,6
2026-10-01T21:31:22.753896000Z,22.8758,113.9741,Cloud to Ground,474,0,6
2026-10-01T21:31:22.896062908Z,22.749103,113.973579,Cloud to Cloud,16538,4620,7
2026-10-01T21:31:23.340884271Z,22.797013,113.899173,Cloud to Cloud,23933,5922,10
2026-10-01T21:31:24.620536310Z,6.672864,118.207591,Cloud to Ground,-19245,0,8
2026-10-01T21:31:25.027306167Z,22.65348,113.366157,Cloud to Cloud,-20283,3015,11
2026-10-01T21:31:25.030139296Z,22.649378,113.606148,Cloud to Cloud,-14053,19197,13
2026-10-01T21:31:26.270682141Z,13.895939,119.955928,Cloud to Ground,-40197,0,10
2026-10-01T21:31:26.538791748Z,22.915811,113.711777,Cloud to Cloud,16575,3015,8
2026-10-01T21:31:29.643861935Z,22.520342,112.69765,Cloud to Cloud,-10868,7961,7
2026-10-01T21:31:30.427397007Z,8.740935,122.041668,Cloud to Ground,-74672,0,18
2026-10-01T21:31:30.565523770Z,8.625103,122.05493,Cloud to Ground,-42723,0,26
2026-10-01T21:31:30.423926800Z,8.616848,122.122261,Cloud to Ground,-29838,0,20
2026-10-01T21:31:30.512426730Z,8.640439,122.068997,Cloud to Ground,-27883,0,15
2026-10-01T21:31:30.645193036Z,8.618747,122.095797,Cloud to Ground,-24661,0,7
2026-10-01T21:31:30.904131797Z,22.90027,113.776323,Cloud to Ground,41374,0,9
2026-10-01T21:31:31.006661225Z,22.914871,113.780637,Cloud to Ground,48945,0,7
2026-10-01T21:31:33.227675805Z,22.871645,116.455018,Cloud to Cloud,8464,3374,5
2026-10-01T21:31:33.309377435Z,22.867871,116.460267,Cloud to Ground,8741,0,7
2026-10-01T21:31:33.345995460Z,22.868493,116.464198,Cloud to Ground,10486,0,7
2026-10-01T21:31:33.121373050Z,22.871361,116.453467,Cloud to Cloud,10791,11685,5
2026-10-01T21:31:33.110289115Z,22.866361,116.465461,Cloud to Cloud,10974,11021,7
2026-10-01T21:31:33.332834158Z,22.859914,116.465035,Cloud to Cloud,11912,11898,6
2026-10-01T21:31:33.319243716Z,22.873782,116.458229,Cloud to Ground,13122,0,6
2026-10-01T21:31:33.175782757Z,22.621718,113.571301,Cloud to Ground,-14678,0,7
2026-10-01T21:31:35.847385720Z,22.73617,113.196534,Cloud to Ground,10360,0,10
2026-10-01T21:31:36.026059903Z,22.690525,112.984004,Cloud to Cloud,10057,10597,7
2026-10-01T21:31:38.763124904Z,13.467135,119.551155,Cloud to Ground,-30853,0,7
2026-10-01T21:31:38.996120000Z,8.9727,123.902,Cloud to Ground,16625,0,5
2026-10-01T21:31:39.058242280Z,8.999042,124.067668,Cloud to Ground,-18638,0,11
2026-10-01T21:31:39.838645730Z,22.681417,112.702178,Cloud to Ground,16266,0,12
2026-10-01T21:31:39.835747292Z,22.656594,112.594154,Cloud to Ground,32979,0,14
2026-10-01T21:31:42.992857132Z,22.694233,113.495309,Cloud to Ground,-13112,0,7
2026-10-01T21:31:45.997610297Z,22.636288,113.745948,Cloud to Cloud,-6621,7523,7
2026-10-01T21:31:46.802728575Z,22.948117,113.317891,Cloud to Ground,41039,0,8
2026-10-01T21:31:46.809190301Z,22.960327,113.207831,Cloud to Ground,14271,0,7
2026-10-01T21:31:47.617547010Z,22.883396,113.69,Cloud to Ground,11128,0,7
2026-10-01T21:31:48.568010845Z,8.945112,121.789324,Cloud to Ground,-40152,0,20
2026-10-01T21:31:48.628736732Z,9.034878,121.861807,Cloud to Ground,-16969,0,12
2026-10-01T21:31:48.535169529Z,8.676108,121.936023,Cloud to Cloud,-41576,18776,16
2026-10-01T21:31:53.703261673Z,22.871654,113.389259,Cloud to Ground,10133,0,8
2026-10-01T21:31:53.239575661Z,22.955478,113.294714,Cloud to Ground,26726,0,11
2026-10-01T21:31:53.058696473Z,22.927052,113.33968,Cloud to Ground,70992,0,10
2026-10-01T21:31:53.240285724Z,22.993119,113.027446,Cloud to Cloud,-13067,7303,8
2026-10-01T21:31:53.193415742Z,13.460817,119.440867,Cloud to Ground,19335,0,8
2026-10-01T21:31:54.469452760Z,22.615173,113.563037,Cloud to Cloud,-18089,3046,6
2026-10-01T21:31:57.928078555Z,22.660887,112.449311,Cloud to Ground,13776,0,8
2026-10-01T21:31:58.368132002Z,9.726561,122.05601,Cloud to Ground,-59008,0,10
2026-10-01T21:32:03.715043877Z,22.852736,116.420848,Cloud to Ground,-11358,0,7
2026-10-01T21:32:03.513780773Z,22.835386,116.514698,Cloud to Cloud,13434,10996,5
2026-10-01T21:32:03.605394641Z,22.875811,116.452724,Cloud to Ground,15155,0,6
2026-10-01T21:32:05.281354551Z,22.682202,116.835451,Cloud to Cloud,-33928,8831,12
2026-10-01T21:32:05.290033004Z,22.834715,116.658158,Cloud to Ground,-69692,0,18
2026-10-01T21:32:05.550219640Z,22.848419,116.653761,Cloud to Ground,-16488,0,8
2026-10-01T21:32:05.473732804Z,22.712445,112.568213,Cloud to Cloud,-13007,3027,10
2026-10-01T21:32:07.913760406Z,13.860883,120.053758,Cloud to Ground,17196,0,8
2026-10-01T21:32:07.616428574Z,22.883967,113.911154,Cloud to Ground,-34864,0,10
2026-10-01T21:32:07.964981553Z,22.932061,113.621031,Cloud to Ground,19957,0,7
2026-10-01T21:32:07.646369652Z,22.941165,114.280229,Cloud to Ground,-11816,0,7
2026-10-01T21:32:08.738865310Z,22.511374,113.518202,Cloud to Cloud,-17535,15034,7
2026-10-01T21:32:08.189834190Z,13.880582,119.910426,Cloud to Cloud,-6474,5123,5
2026-10-01T21:32:10.375337699Z,22.7809,113.362845,Cloud to Ground,17771,0,10
2026-10-01T21:32:11.541753557Z,22.801534,113.930898,Cloud to Ground,-39370,0,13
2026-10-01T21:32:11.350883263Z,22.798277,114.025587,Cloud to Ground,-12698,0,7
2026-10-01T21:32:13.994294496Z,9.06048,123.949205,Cloud to Ground,22853,0,5
2026-10-01T21:32:13.982513469Z,8.770199,121.884696,Cloud to Ground,14012,0,10
2026-10-01T21:32:13.834758347Z,22.677432,113.594614,Cloud to Cloud,-13614,6018,7
2026-10-01T21:32:15.373119177Z,22.822099,110.456934,Cloud to Cloud,18149,9485,8
2026-10-01T21:32:19.644841525Z,22.651648,113.190949,Cloud to Cloud,-16765,4361,7
2026-10-01T21:32:20.370828000Z,22.9092,113.0765,Cloud to Ground,816,0,7
2026-10-01T21:32:20.604583224Z,22.909547,113.171459,Cloud to Cloud,30728,4310,8
2026-10-01T21:32:20.112949034Z,22.923048,113.217675,Cloud to Ground,34145,0,14
2026-10-01T21:32:21.996219867Z,13.829645,119.840755,Cloud to Cloud,5770,3003,5
2026-10-01T21:32:24.045846614Z,22.581286,112.76079,Cloud to Cloud,-14502,3001,13
2026-10-01T21:32:25.905619012Z,22.763504,113.296773,Cloud to Cloud,12988,5066,7
2026-10-01T21:32:26.771791876Z,13.431734,119.574783,Cloud to Ground,-41719,0,6
2026-10-01T21:32:26.177396855Z,22.744252,113.701717,Cloud to Cloud,-17171,3661,8
2026-10-01T21:32:27.244970008Z,8.626789,122.05566,Cloud to Ground,-79398,0,8
2026-10-01T21:32:27.240622150Z,8.601668,122.121552,Cloud to Ground,-23559,0,23
2026-10-01T21:32:28.572007836Z,22.76486,116.379156,Cloud to Cloud,-14736,4108,6
2026-10-01T21:32:28.492325354Z,22.835788,116.61664,Cloud to Cloud,6981,11090,7
2026-10-01T21:32:28.530982009Z,22.694696,111.287284,Cloud to Ground,-86489,0,8
2026-10-01T21:32:28.819953206Z,22.663226,111.331916,Cloud to Ground,-24814,0,6
2026-10-01T21:32:28.716624433Z,22.797153,113.561193,Cloud to Cloud,-9711,6090,10
2026-10-01T21:32:29.883723582Z,22.891336,113.980439,Cloud to Ground,24151,0,7
2026-10-01T21:32:30.831385736Z,22.741254,113.361369,Cloud to Ground,27323,0,7
2026-10-01T21:32:30.082738177Z,22.855805,114.206472,Cloud to Ground,23412,0,8
2026-10-01T21:32:30.726452490Z,22.59935,112.621704,Cloud to Ground,-20740,0,8
2026-10-01T21:32:31.488404375Z,22.626859,112.621241,Cloud to Ground,23601,0,8
2026-10-01T21:32:30.914765333Z,22.615855,112.628228,Cloud to Ground,59665,0,17
2026-10-01T21:32:31.710040067Z,22.520324,112.660691,Cloud to Ground,59323,0,8
2026-10-01T21:32:31.283306061Z,22.715421,113.493408,Cloud to Cloud,17869,4310,6
2026-10-01T21:32:32.426634770Z,22.698097,116.64837,Cloud to Ground,19952,0,10
2026-10-01T21:32:33.662934049Z,22.688274,113.371568,Cloud to Ground,10954,0,8
2026-10-01T21:32:38.687269064Z,22.663382,113.446919,Cloud to Ground,35209,0,13
2026-10-01T21:32:39.392048206Z,22.938693,116.558981,Cloud to Cloud,12191,10655,5
2026-10-01T21:32:39.385198348Z,22.94082,116.558615,Cloud to Cloud,13518,10796,5
2026-10-01T21:32:39.370886655Z,22.935145,116.528724,Cloud to Cloud,15759,18124,5
2026-10-01T21:32:39.364761169Z,22.931518,116.477226,Cloud to Ground,18255,0,7
2026-10-01T21:32:41.993310239Z,22.975023,116.391568,Cloud to Cloud,-12170,11115,5
2026-10-01T21:32:42.494852839Z,22.895214,113.906586,Cloud to Ground,-23591,0,12
2026-10-01T21:32:42.704997848Z,22.90463,113.853904,Cloud to Ground,-15023,0,7
2026-10-01T21:32:42.791937473Z,15.219436,122.130836,Cloud to Cloud,5935,3004,6
2026-10-01T21:32:42.790773880Z,15.218728,122.136899,Cloud to Ground,18586,0,11
2026-10-01T21:32:43.406380362Z,8.852811,122.593807,Cloud to Ground,-57327,0,11
2026-10-01T21:32:43.917454000Z,8.7693,122.6482,Cloud to Ground,-80497,0,5
2026-10-01T21:32:43.399934824Z,8.727136,122.67237,Cloud to Cloud,-12130,18698,11
2026-10-01T21:32:44.471397207Z,8.859466,122.723106,Cloud to Ground,-12688,0,9
2026-10-01T21:32:46.974869900Z,8.867776,124.129395,Cloud to Ground,-12809,0,9
2026-10-01T21:32:47.476253765Z,9.166438,123.959785,Cloud to Ground,21631,0,13
2026-10-01T21:32:47.933491800Z,8.858752,122.562714,Cloud to Ground,41115,0,7
2026-10-01T21:32:47.669658297Z,22.817146,113.622172,Cloud to Ground,13048,0,10
2026-10-01T21:32:47.972963841Z,22.899988,114.237283,Cloud to Ground,-18398,0,8
2026-10-01T21:32:48.283727281Z,22.701365,113.669887,Cloud to Ground,-11411,0,6
2026-10-01T21:32:47.656926752Z,22.670924,113.569661,Cloud to Ground,15303,0,7
2026-10-01T21:32:47.841694007Z,22.672824,113.581589,Cloud to Ground,49276,0,12
2026-10-01T21:32:51.629754692Z,22.631162,112.650195,Cloud to Ground,40371,0,7
2026-10-01T21:32:53.842693191Z,22.919599,113.179885,Cloud to Cloud,-6069,3163,8
2026-10-01T21:32:54.380538379Z,22.979644,113.881892,Cloud to Cloud,-16105,14274,8
2026-10-01T21:32:54.097036573Z,22.92777,113.954192,Cloud to Cloud,-10622,3484,7
2026-10-01T21:32:56.982862494Z,22.610717,113.533248,Cloud to Ground,-9338,0,8
2026-10-01T21:32:56.121009000Z,22.968,116.5812,Cloud to Ground,-122524,0,8
2026-10-01T21:32:56.193295070Z,22.936773,116.597731,Cloud to Ground,-12578,0,5
2026-10-01T21:32:56.235746114Z,22.950527,116.608745,Cloud to Ground,-11857,0,5
2026-10-01T21:32:57.354917899Z,22.781812,113.49002,Cloud to Ground,15569,0,7
2026-10-01T21:32:58.930080798Z,22.648295,113.975406,Cloud to Ground,23385,0,10
2026-10-01T21:32:58.733262000Z,9.6894,121.8899,Cloud to Ground,-26456,0,5
2026-10-01T21:32:58.514356000Z,9.7158,122.0448,Cloud to Ground,-59368,0,9
2026-10-01T21:32:59.411160226Z,22.660336,113.53213,Cloud to Ground,-28653,0,9
2026-10-01T21:32:59.136014643Z,22.789803,113.945053,Cloud to Ground,-32685,0,10
2026-10-01T21:33:00.067646914Z,13.479236,119.538766,Cloud to Ground,15954,0,10
2026-10-01T21:33:01.112823212Z,22.927931,116.441201,Cloud to Ground,29584,0,8
2026-10-01T21:33:04.077510290Z,22.574402,112.67915,Cloud to Ground,-18243,0,7
2026-10-01T21:33:04.243241150Z,22.554562,113.43985,Cloud to Cloud,-16931,7282,8
2026-10-01T21:33:04.250025026Z,22.88623,113.418025,Cloud to Cloud,5498,3018,6
2026-10-01T21:33:04.335279921Z,22.581369,113.32613,Cloud to Cloud,-18521,3417,7
2026-10-01T21:33:05.039312534Z,22.629695,112.356525,Cloud to Ground,11159,0,9
2026-10-01T21:33:06.993610906Z,22.685439,113.748139,Cloud to Ground,-33850,0,7
2026-10-01T21:33:06.783807886Z,22.653314,113.727175,Cloud to Ground,-15366,0,7
2026-10-01T21:33:06.081397000Z,9.1164,123.9579,Cloud to Ground,3722,0,5
2026-10-01T21:33:07.851466030Z,22.705875,113.468456,Cloud to Cloud,-12822,4173,7
2026-10-01T21:33:11.917231982Z,13.830019,120.036657,Cloud to Ground,-21895,0,8
2026-10-01T21:33:11.806438231Z,13.752935,119.989615,Cloud to Cloud,-19102,3005,7
2026-10-01T21:33:11.887784497Z,22.645818,112.511493,Cloud to Cloud,-7955,3984,6
2026-10-01T21:33:12.010615342Z,8.118702,132.929584,Cloud to Ground,24331,0,20
2026-10-01T21:33:12.009299000Z,8.1029,132.8457,Cloud to Ground,28125,0,6
2026-10-01T21:33:12.273096256Z,13.919997,119.97476,Cloud to Ground,-14943,0,13
2026-10-01T21:33:12.056005139Z,13.837768,119.928464,Cloud to Ground,-44113,0,8
2026-10-01T21:33:11.816014043Z,13.826384,119.926848,Cloud to Ground,-41818,0,11
2026-10-01T21:33:11.872959447Z,13.808398,119.900496,Cloud to Ground,-32629,0,7
2026-10-01T21:33:12.314514420Z,22.817736,113.514712,Cloud to Ground,-7196,0,6
2026-10-01T21:33:14.281101608Z,13.474693,119.535111,Cloud to Ground,-45409,0,7
2026-10-01T21:33:14.240569013Z,13.492871,119.559151,Cloud to Ground,-21627,0,8
2026-10-01T21:33:14.213008154Z,13.390416,119.535491,Cloud to Cloud,-15558,15807,8
2026-10-01T21:33:16.190840000Z,22.9614,113.9149,Cloud to Ground,-29774,0,7
2026-10-01T21:33:16.129904867Z,22.956316,113.861008,Cloud to Ground,63019,0,10
2026-10-01T21:33:17.718827911Z,22.920991,113.896125,Cloud to Cloud,-29445,3700,12
2026-10-01T21:33:17.559195375Z,22.990348,113.42555,Cloud to Cloud,-12010,3017,7
2026-10-01T21:33:18.448379017Z,22.913364,113.319912,Cloud to Ground,-19899,0,10
2026-10-01T21:33:19.175792430Z,22.863454,116.642336,Cloud to Cloud,9857,9959,7
2026-10-01T21:33:19.193833933Z,22.85958,116.641429,Cloud to Cloud,10898,10663,5
2026-10-01T21:33:19.246873740Z,22.829957,116.641575,Cloud to Cloud,14207,10367,6
2026-10-01T21:33:19.169007553Z,22.847693,116.732471,Cloud to Ground,19207,0,7
2026-10-01T21:33:20.748290531Z,22.748237,113.414724,Cloud to Cloud,-14102,3060,7
2026-10-01T21:33:20.835149278Z,22.80864,113.551812,Cloud to Cloud,-19406,7809,9
2026-10-01T21:33:21.314925092Z,9.315106,123.972682,Cloud to Ground,-24913,0,12
2026-10-01T21:33:21.392994553Z,9.091569,124.073877,Cloud to Ground,-58016,0,20
2026-10-01T21:33:21.721579415Z,8.69082,122.592631,Cloud to Ground,33788,0,14
2026-10-01T21:33:21.722621959Z,8.694092,122.586349,Cloud to Ground,37774,0,19
2026-10-01T21:33:21.298518114Z,22.688904,113.240164,Cloud to Ground,22659,0,9
2026-10-01T21:33:21.521711000Z,22.8722,112.8287,Cloud to Ground,19265,0,6
2026-10-01T21:33:22.933213758Z,22.648635,112.471154,Cloud to Ground,9928,0,8
2026-10-01T21:33:22.830162000Z,8.8434,124.0417,Cloud to Ground,21131,0,6
2026-10-01T21:33:23.014965960Z,8.827661,124.146508,Cloud to Ground,-14874,0,19
2026-10-01T21:33:23.577819000Z,22.5604,116.4616,Cloud to Ground,-75668,0,7
2026-10-01T21:33:24.511570347Z,22.953005,116.564548,Cloud to Cloud,-17585,10036,6
2026-10-01T21:33:24.104861614Z,22.898397,116.573492,Cloud to Cloud,11172,10702,5
2026-10-01T21:33:24.197717629Z,22.854391,116.447909,Cloud to Cloud,11213,11467,5
2026-10-01T21:33:24.342998237Z,12.282974,120.039603,Cloud to Ground,-74750,0,11
2026-10-01T21:33:24.430934296Z,22.868797,113.168485,Cloud to Ground,-23655,0,10
2026-10-01T21:33:25.305067499Z,13.448361,119.567388,Cloud to Ground,39041,0,6
2026-10-01T21:33:27.746619457Z,22.673157,113.655733,Cloud to Ground,-11733,0,7
2026-10-01T21:33:28.622651209Z,22.914493,113.456429,Cloud to Ground,28313,0,10
2026-10-01T21:33:29.172629643Z,22.963885,113.323449,Cloud to Ground,-35366,0,10
2026-10-01T21:33:29.043126998Z,22.980254,113.066713,Cloud to Ground,-19373,0,12
2026-10-01T21:33:29.028561204Z,22.9241,113.222967,Cloud to Ground,-10437,0,7
2026-10-01T21:33:31.158344853Z,8.615489,122.059569,Cloud to Cloud,-64268,18786,15
2026-10-01T21:33:31.200687982Z,8.625844,122.08032,Cloud to Ground,-23185,0,10
2026-10-01T21:33:31.924139000Z,12.3734,119.1742,Cloud to Ground,-158978,0,12
2026-10-01T21:33:32.078388000Z,12.3672,119.1266,Cloud to Ground,-32101,0,8
2026-10-01T21:33:32.153136000Z,12.3626,119.167,Cloud to Ground,-30348,0,5
2026-10-01T21:33:32.317937000Z,10.4694,124.2414,Cloud to Ground,-20425,0,5
2026-10-01T21:33:33.462210113Z,22.719678,113.678996,Cloud to Cloud,-13508,3096,7
2026-10-01T21:33:34.064118212Z,22.974152,116.561187,Cloud to Ground,-40513,0,13
2026-10-01T21:33:34.091483838Z,22.985899,116.589593,Cloud to Ground,-12223,0,6
2026-10-01T21:33:34.753634431Z,16.391332,123.008892,Cloud to Ground,-22974,0,18
2026-10-01T21:33:34.688936189Z,16.287275,123.02081,Cloud to Ground,-67406,0,11
2026-10-01T21:33:34.786876765Z,16.297001,123.019477,Cloud to Ground,-19921,0,8
2026-10-01T21:33:38.869301324Z,22.823038,113.927091,Cloud to Ground,-18253,0,7
2026-10-01T21:33:40.978605813Z,22.887312,113.714582,Cloud to Ground,-42011,0,8
2026-10-01T21:33:41.452658282Z,22.875321,113.718713,Cloud to Ground,-23052,0,7
2026-10-01T21:33:41.810747824Z,22.582575,112.432863,Cloud to Ground,-8751,0,7
2026-10-01T21:33:43.921474877Z,13.579967,119.479353,Cloud to Ground,-17630,0,9
2026-10-01T21:33:43.677407313Z,13.564011,119.491992,Cloud to Cloud,18870,5667,6
2026-10-01T21:33:43.795957064Z,13.468041,119.53955,Cloud to Ground,-36297,0,6
2026-10-01T21:33:44.009593158Z,13.466628,119.535816,Cloud to Ground,-29925,0,8
2026-10-01T21:33:43.654317000Z,13.4798,119.2887,Cloud to Ground,-35915,0,5
2026-10-01T21:33:45.851649246Z,22.844899,110.423287,Cloud to Cloud,-10461,18792,8
2026-10-01T21:33:45.814769440Z,22.847744,110.576985,Cloud to Ground,29758,0,9
2026-10-01T21:33:45.922020917Z,22.832743,110.562355,Cloud to Ground,35967,0,14
2026-10-01T21:33:45.563284220Z,22.830926,110.593497,Cloud to Ground,82742,0,16
2026-10-01T21:33:49.932827407Z,22.77822,113.478548,Cloud to Ground,13865,0,11
2026-10-01T21:33:50.962929378Z,22.923869,113.899718,Cloud to Ground,-58071,0,13
2026-10-01T21:33:51.034269756Z,22.917405,113.902756,Cloud to Ground,-17559,0,10
2026-10-01T21:33:50.991265136Z,22.917262,113.92258,Cloud to Ground,-14035,0,6
2026-10-01T21:33:50.110804327Z,22.877534,113.092073,Cloud to Cloud,-20982,18949,7
2026-10-01T21:33:50.058559877Z,22.819008,113.181632,Cloud to Cloud,-14243,3046,6
2026-10-01T21:33:51.453437337Z,22.878627,116.472879,Cloud to Cloud,10390,10893,5
2026-10-01T21:33:55.121001506Z,12.782786,120.297845,Cloud to Cloud,13933,10682,8
2026-10-01T21:33:56.779930776Z,22.713258,113.237586,Cloud to Cloud,9078,4814,6
2026-10-01T21:33:57.272390726Z,13.44168,119.57052,Cloud to Cloud,8590,19602,8
2026-10-01T21:33:58.764111376Z,22.765356,113.663724,Cloud to Cloud,-7983,3888,6
2026-10-01T21:33:59.685200177Z,12.729632,120.058039,Cloud to Cloud,3265,5348,5
2026-10-01T21:34:00.314456878Z,8.853812,127.122626,Cloud to Ground,22583,0,10
2026-10-01T21:34:00.332170556Z,8.849241,126.97845,Cloud to Cloud,11886,16130,10
2026-10-01T21:34:00.327564380Z,8.867713,126.975115,Cloud to Ground,12794,0,12
2026-10-01T21:34:00.315053000Z,22.8394,116.4228,Cloud to Ground,-114515,0,5
2026-10-01T21:34:01.744942603Z,22.808368,113.407799,Cloud to Ground,-19341,0,9
2026-10-01T21:34:02.035634656Z,22.902103,113.084786,Cloud to Cloud,13027,3014,7
2026-10-01T21:34:02.016044320Z,22.751342,113.241394,Cloud to Ground,19536,0,12
2026-10-01T21:34:03.309456876Z,22.784018,113.486162,Cloud to Ground,23362,0,9
2026-10-01T21:34:03.584139003Z,22.44539,113.68202,Cloud to Cloud,-12308,3027,8
2026-10-01T21:34:03.965437610Z,22.550116,116.367573,Cloud to Cloud,-141697,18390,9
2026-10-01T21:34:06.765745452Z,22.579486,112.724686,Cloud to Ground,15893,0,7
2026-10-01T21:34:06.184132165Z,13.825691,120.044704,Cloud to Ground,21553,0,10
2026-10-01T21:34:08.418350087Z,8.983977,124.184186,Cloud to Ground,-17339,0,11
2026-10-01T21:34:08.368535593Z,8.951433,124.075919,Cloud to Ground,-28636,0,14
2026-10-01T21:34:08.076063220Z,22.904108,113.287206,Cloud to Ground,7532,0,11
2026-10-01T21:34:09.741479821Z,6.645617,118.110462,Cloud to Cloud,21405,4035,10
2026-10-01T21:34:12.772103566Z,22.662323,113.502499,Cloud to Cloud,15203,3007,7
2026-10-01T21:34:13.150123329Z,8.83809,122.738517,Cloud to Ground,39476,0,8
2026-10-01T21:34:13.456301375Z,22.761118,111.111764,Cloud to Cloud,13875,13756,7
2026-10-01T21:34:13.028775549Z,22.701193,111.271993,Cloud to Cloud,-17449,3531,7
2026-10-01T21:34:13.265464503Z,22.785165,111.364816,Cloud to Ground,20455,0,10
2026-10-01T21:34:13.045642064Z,22.74509,111.321567,Cloud to Ground,23112,0,9
2026-10-01T21:34:13.137677416Z,22.764047,111.31277,Cloud to Ground,24708,0,17
2026-10-01T21:34:13.395243677Z,22.717694,111.317259,Cloud to Ground,68947,0,14
2026-10-01T21:34:13.009644518Z,22.555134,112.598544,Cloud to Cloud,-29414,4273,14
2026-10-01T21:34:14.552456985Z,9.090324,123.971862,Cloud to Ground,13867,0,12
2026-10-01T21:34:14.734095942Z,22.688844,113.315391,Cloud to Ground,-25143,0,10
2026-10-01T21:34:14.965850130Z,22.951035,113.334342,Cloud to Ground,-44079,0,8
2026-10-01T21:34:14.823738487Z,22.957467,113.434347,Cloud to Ground,-33414,0,7
2026-10-01T21:34:15.037707381Z,22.96895,113.110806,Cloud to Cloud,9124,3092,7
2026-10-01T21:34:14.883456364Z,22.985948,113.037947,Cloud to Ground,28778,0,13
2026-10-01T21:34:14.558292627Z,22.94937,116.545597,Cloud to Ground,-26973,0,6
2026-10-01T21:34:14.995993654Z,22.94696,116.562367,Cloud to Ground,-25728,0,6
2026-10-01T21:34:14.329495658Z,22.955231,116.557551,Cloud to Ground,-10015,0,5
2026-10-01T21:34:14.346167961Z,22.956183,116.568647,Cloud to Cloud,14792,10754,5
2026-10-01T21:34:15.198766381Z,22.62145,112.345323,Cloud to Cloud,-10428,6226,7
2026-10-01T21:34:16.618641567Z,22.889865,113.612064,Cloud to Ground,-17865,0,7
2026-10-01T21:34:17.690740617Z,22.658418,116.300135,Cloud to Cloud,8708,14427,5
2026-10-01T21:34:17.381217203Z,22.652797,116.299048,Cloud to Ground,27436,0,7
2026-10-01T21:34:19.068943930Z,22.567956,113.521491,Cloud to Ground,11471,0,6
2026-10-01T21:34:22.555549713Z,22.817474,110.606714,Cloud to Ground,26142,0,13
2026-10-01T21:34:22.461769886Z,22.82826,110.4628,Cloud to Ground,18977,0,7
2026-10-01T21:34:23.926281281Z,22.698483,113.416155,Cloud to Cloud,-9789,3037,9
2026-10-01T21:34:24.679702994Z,22.576802,112.552995,Cloud to Cloud,-13630,6069,8
2026-10-01T21:34:24.622241105Z,22.544652,112.658273,Cloud to Cloud,-11793,8081,7
2026-10-01T21:34:24.543244709Z,22.628517,113.655689,Cloud to Cloud,3761,16915,7
2026-10-01T21:34:25.816977871Z,8.640856,122.668165,Cloud to Ground,31820,0,7
2026-10-01T21:34:26.773429000Z,8.9431,122.1106,Cloud to Ground,-52626,0,5
2026-10-01T21:34:27.324642997Z,8.614883,122.100765,Cloud to Ground,-15342,0,13
2026-10-01T21:34:29.694926549Z,22.889004,116.535634,Cloud to Ground,14456,0,7
2026-10-01T21:34:29.606663639Z,22.619306,113.588051,Cloud to Cloud,23261,3432,6
2026-10-01T21:34:30.227896000Z,22.5145,116.4018,Cloud to Ground,-42897,0,5
2026-10-01T21:34:30.126460051Z,22.545303,116.375036,Cloud to Ground,-29291,0,12
2026-10-01T21:34:30.170282000Z,22.5435,116.3635,Cloud to Ground,-27148,0,8
2026-10-01T21:34:30.502524871Z,22.539201,116.406402,Cloud to Ground,-18257,0,9
2026-10-01T21:34:31.633797667Z,22.633426,113.467339,Cloud to Ground,37451,0,7
2026-10-01T21:34:32.558188949Z,13.816738,120.028633,Cloud to Ground,-25415,0,7
2026-10-01T21:34:32.810648473Z,13.809462,120.050456,Cloud to Ground,-12506,0,8
2026-10-01T21:34:33.400245000Z,9.7074,121.9125,Cloud to Ground,-81048,0,13
2026-10-01T21:34:36.554596292Z,9.47414,123.800053,Cloud to Ground,-60830,0,12
2026-10-01T21:34:36.651739103Z,9.039912,123.995315,Cloud to Ground,-19564,0,10
2026-10-01T21:34:37.643711074Z,8.871608,121.96751,Cloud to Ground,-33620,0,7
2026-10-01T21:34:37.674893385Z,8.777343,121.875859,Cloud to Ground,-17149,0,14
2026-10-01T21:34:38.199706499Z,22.627684,113.745572,Cloud to Cloud,-18017,6032,8
2026-10-01T21:34:40.461472359Z,22.990153,114.04352,Cloud to Ground,6127,0,8
2026-10-01T21:34:41.430776781Z,22.74197,113.468956,Cloud to Cloud,-15666,4640,7
2026-10-01T21:34:44.481736038Z,22.605224,112.413259,Cloud to Ground,-16787,0,10
2026-10-01T21:34:45.574034936Z,22.989962,116.596487,Cloud to Ground,9906,0,6
2026-10-01T21:34:45.780853000Z,22.8638,116.6285,Cloud to Ground,-94742,0,7
2026-10-01T21:34:46.025830894Z,22.9633,113.423929,Cloud to Ground,-11135,0,8
2026-10-01T21:34:50.635550639Z,22.691257,113.961693,Cloud to Ground,-13912,0,7
2026-10-01T21:34:51.432785199Z,22.836241,116.635587,Cloud to Cloud,10475,10391,5
2026-10-01T21:34:56.652611170Z,22.715164,113.328568,Cloud to Ground,3176,0,6
2026-10-01T21:34:56.148382100Z,22.60771,113.595873,Cloud to Ground,21163,0,7
2026-10-01T21:34:56.238429997Z,22.929467,113.015901,Cloud to Ground,11581,0,11
2026-10-01T21:34:59.540345757Z,8.705501,122.58651,Cloud to Cloud,-20413,14670,7
2026-10-01T21:34:59.492072744Z,8.72643,122.446758,Cloud to Ground,-48484,0,19
2026-10-01T21:34:59.422022692Z,8.815473,122.373047,Cloud to Ground,-49880,0,9
2026-10-01T21:34:59.535147650Z,8.83503,122.435581,Cloud to Ground,-40063,0,12
2026-10-01T21:34:59.637928966Z,8.817664,122.443452,Cloud to Ground,-17395,0,10
2026-10-01T21:34:59.578034999Z,9.084761,123.950242,Cloud to Ground,26868,0,14
2026-10-01T21:35:02.849681525Z,8.708126,122.136321,Cloud to Ground,-61756,0,15
2026-10-01T21:35:02.924603586Z,8.692869,122.118929,Cloud to Ground,-19197,0,14
2026-10-01T21:35:03.170074756Z,8.614054,122.046846,Cloud to Ground,-17705,0,16
2026-10-01T21:35:03.074651294Z,22.76914,111.260523,Cloud to Ground,16331,0,10
2026-10-01T21:35:03.004141194Z,22.723158,111.299911,Cloud to Ground,25405,0,8
2026-10-01T21:35:05.418780739Z,8.660222,124.21772,Cloud to Ground,-16197,0,15
2026-10-01T21:35:05.378476506Z,8.655006,124.063051,Cloud to Ground,-52609,0,15
2026-10-01T21:35:06.545766000Z,22.9473,116.5619,Cloud to Ground,-31612,0,5
2026-10-01T21:35:06.392343457Z,22.967286,116.551221,Cloud to Ground,-25728,0,11
2026-10-01T21:35:07.414593072Z,22.951528,116.578188,Cloud to Ground,-47412,0,7
2026-10-01T21:35:09.923510006Z,22.9006,113.726256,Cloud to Ground,-28745,0,11
2026-10-01T21:35:10.283065009Z,22.800163,113.729796,Cloud to Ground,22424,0,9
2026-10-01T21:35:11.214480709Z,22.794248,113.725169,Cloud to Ground,30861,0,9
2026-10-01T21:35:14.057562150Z,22.946938,116.549404,Cloud to Ground,-29425,0,7
2026-10-01T21:35:14.123482299Z,22.94962,116.562104,Cloud to Ground,-20394,0,7
2026-10-01T21:35:14.777402305Z,22.766399,114.06241,Cloud to Cloud,-15304,16777,7
2026-10-01T21:35:14.787291573Z,22.739979,113.96224,Cloud to Cloud,-10961,3936,11
2026-10-01T21:35:14.621442000Z,22.984,113.7039,Cloud to Ground,15264,0,7
