timestamp,latitude,longitude,type,amplitude_ka,height_m,num_sensors
2026-10-07T23:01:47.896995836Z,3.255507,118.276483,Cloud to Ground,-11332,0,15
2026-10-07T23:01:48.457202078Z,3.223337,118.282603,Cloud to Ground,-10992,0,20
2026-10-07T23:01:59.667334749Z,16.945779,116.060485,Cloud to Cloud,-8087,11792,7
2026-10-07T23:01:59.677809000Z,17.1352,115.9393,Cloud to Ground,-27348,0,5
2026-10-07T23:02:00.690934284Z,9.458888,114.494225,Cloud to Ground,9538,0,9
2026-10-07T23:02:00.658538827Z,9.464604,114.543794,Cloud to Ground,12301,0,13
2026-10-07T23:02:03.091183560Z,2.864616,120.417694,Cloud to Ground,12834,0,12
2026-10-07T23:02:08.799981385Z,1.750249,118.693519,Cloud to Cloud,-13809,3397,18
2026-10-07T23:02:08.731308847Z,1.748739,118.699525,Cloud to Ground,-13234,0,22
2026-10-07T23:02:08.208603019Z,1.737831,118.693896,Cloud to Ground,14178,0,13
2026-10-07T23:02:08.173375083Z,1.742766,118.702429,Cloud to Ground,24040,0,19
2026-10-07T23:02:08.035861550Z,1.731716,118.704023,Cloud to Ground,29744,0,17
2026-10-07T23:02:07.977645448Z,1.734164,118.698303,Cloud to Ground,66194,0,22
2026-10-07T23:02:07.097764629Z,5.641069,126.950044,Cloud to Ground,-21683,0,11
2026-10-07T23:02:07.052804534Z,5.769029,127.089757,Cloud to Ground,-77169,0,20
2026-10-07T23:02:07.070697315Z,5.74864,127.085013,Cloud to Ground,-26740,0,15
2026-10-07T23:02:07.145046561Z,5.735212,127.046572,Cloud to Ground,-12665,0,8
2026-10-07T23:02:07.063291095Z,5.773182,127.074545,Cloud to Cloud,14286,9513,13
2026-10-07T23:02:07.147194616Z,5.659255,127.108165,Cloud to Cloud,-13207,13443,15
2026-10-07T23:02:07.612705190Z,9.494519,132.104622,Cloud to Ground,22766,0,20
2026-10-07T23:02:16.043691420Z,5.835487,119.568323,Cloud to Ground,-71085,0,15
2026-10-07T23:02:16.087918790Z,5.838609,119.553161,Cloud to Cloud,-8975,3017,15
2026-10-07T23:02:16.073902000Z,5.8608,119.5147,Cloud to Ground,19384,0,5
2026-10-07T23:02:16.554093432Z,14.102838,124.967434,Cloud to Ground,-65591,0,13
2026-10-07T23:02:16.545346556Z,14.052614,124.89583,Cloud to Cloud,-14799,4391,11
2026-10-07T23:02:16.610977251Z,14.120618,124.992243,Cloud to Ground,-12482,0,7
2026-10-07T23:02:21.811025601Z,9.859291,134.084524,Cloud to Cloud,-13633,3426,16
2026-10-07T23:02:21.745114323Z,9.884909,133.959546,Cloud to Ground,-26159,0,35
2026-10-07T23:02:34.557522492Z,16.070886,116.767965,Cloud to Cloud,-4552,13991,8
2026-10-07T23:02:34.258315398Z,16.052477,116.755382,Cloud to Cloud,9268,4310,11
2026-10-07T23:02:57.492006442Z,19.403759,112.555708,Cloud to Ground,-54901,0,10
2026-10-07T23:02:57.486580516Z,19.402522,112.546116,Cloud to Cloud,-9874,3005,9
2026-10-07T23:02:57.582747597Z,19.396437,112.529137,Cloud to Ground,-5992,0,6
2026-10-07T23:02:57.508848808Z,19.409385,112.567131,Cloud to Ground,-5230,0,7
2026-10-07T23:03:07.068432782Z,2.685727,118.753087,Cloud to Cloud,-20982,6164,12
2026-10-07T23:03:07.238693993Z,9.430044,114.524964,Cloud to Ground,-54863,0,10
2026-10-07T23:03:07.365981303Z,9.439677,114.541941,Cloud to Ground,-34982,0,11
2026-10-07T23:03:07.388219158Z,9.501401,114.532487,Cloud to Ground,-23390,0,10
2026-10-07T23:03:07.809650241Z,9.436996,114.540399,Cloud to Ground,-21839,0,10
2026-10-07T23:03:07.428572916Z,9.445068,114.532107,Cloud to Ground,13894,0,11
2026-10-07T23:03:12.211195639Z,16.40303,117.644701,Cloud to Cloud,-15724,14215,14
2026-10-07T23:03:12.208698983Z,16.403859,117.641269,Cloud to Cloud,4427,5528,9
2026-10-07T23:03:12.209603028Z,16.40097,117.640871,Cloud to Cloud,23885,18104,15
2026-10-07T23:03:17.798938610Z,5.924908,119.538317,Cloud to Ground,-23284,0,19
2026-10-07T23:03:17.943165332Z,5.832692,119.582934,Cloud to Ground,-10271,0,21
2026-10-07T23:03:17.872004000Z,5.8589,119.5207,Cloud to Ground,-1624,0,5
2026-10-07T23:03:19.295453784Z,1.857143,118.826431,Cloud to Cloud,-24725,14847,15
2026-10-07T23:03:19.294778032Z,1.841386,118.788786,Cloud to Ground,21342,0,15
2026-10-07T23:03:19.480518575Z,1.818637,118.835773,Cloud to Ground,41904,0,16
2026-10-07T23:03:19.300795238Z,1.971494,118.791534,Cloud to Cloud,-8468,15432,8
2026-10-07T23:03:20.423084080Z,7.318148,115.849172,Cloud to Cloud,37539,4852,9
2026-10-07T23:03:33.973025078Z,16.392678,117.788933,Cloud to Ground,-6973,0,9
2026-10-07T23:03:36.522672878Z,14.347549,123.044512,Cloud to Cloud,-5449,3514,7
2026-10-07T23:03:36.677305108Z,14.314539,123.042292,Cloud to Cloud,-4933,5946,7
2026-10-07T23:03:36.514451867Z,14.312246,123.042125,Cloud to Cloud,4742,6939,5
2026-10-07T23:03:36.489498330Z,14.316698,123.046842,Cloud to Cloud,9100,19201,9
2026-10-07T23:03:44.717350706Z,1.78765,118.679071,Cloud to Ground,-14746,0,17
2026-10-07T23:03:44.791274859Z,1.787921,118.666991,Cloud to Ground,-12898,0,25
2026-10-07T23:04:03.596134645Z,16.405016,117.703598,Cloud to Ground,-13165,0,14
2026-10-07T23:04:07.410124086Z,3.230423,118.260843,Cloud to Ground,16066,0,17
2026-10-07T23:04:08.312200443Z,2.779307,118.719619,Cloud to Ground,103065,0,17
2026-10-07T23:04:08.396186398Z,2.623012,118.75884,Cloud to Ground,-13588,0,16
2026-10-07T23:04:08.486554331Z,2.525398,118.777686,Cloud to Cloud,-12784,6815,19
2026-10-07T23:04:08.533274271Z,2.576962,118.730239,Cloud to Ground,-9000,0,21
2026-10-07T23:04:11.879749032Z,2.937211,120.422508,Cloud to Ground,-18419,0,13
2026-10-07T23:04:11.899524058Z,11.111278,110.793989,Cloud to Ground,-18270,0,12
2026-10-07T23:04:11.871765826Z,11.126476,110.855745,Cloud to Cloud,-10578,8002,6
2026-10-07T23:04:11.890393860Z,16.156832,116.780409,Cloud to Cloud,-15646,3007,8
2026-10-07T23:04:11.864405753Z,16.157717,116.781663,Cloud to Cloud,4790,3030,6
2026-10-07T23:04:11.523509158Z,16.171502,116.810022,Cloud to Cloud,15334,18086,8
2026-10-07T23:04:11.478219472Z,16.241743,116.83509,Cloud to Ground,24590,0,8
2026-10-07T23:04:12.411047049Z,16.135143,116.97473,Cloud to Cloud,-12276,18933,14
2026-10-07T23:04:12.359758435Z,16.153325,116.979964,Cloud to Cloud,-7675,6195,11
2026-10-07T23:04:18.662292759Z,7.054909,116.288366,Cloud to Ground,-29835,0,14
2026-10-07T23:04:18.645641399Z,7.028351,116.401743,Cloud to Ground,-18618,0,9
2026-10-07T23:04:18.754260055Z,7.06179,116.395898,Cloud to Cloud,19474,3068,9
2026-10-07T23:04:23.444192928Z,7.344709,115.852325,Cloud to Ground,25074,0,15
2026-10-07T23:04:27.187250416Z,15.802937,122.183969,Cloud to Cloud,5392,3001,10
2026-10-07T23:04:27.189245405Z,15.727956,122.225794,Cloud to Cloud,13927,11573,9
2026-10-07T23:04:30.707498246Z,1.963087,110.412389,Cloud to Ground,-14085,0,10
2026-10-07T23:04:30.711637789Z,1.985675,110.415129,Cloud to Ground,6972,0,7
2026-10-07T23:04:30.481836000Z,1.9506,110.4901,Cloud to Ground,18011,0,5
2026-10-07T23:04:36.589071270Z,2.735924,119.163599,Cloud to Cloud,-14728,15287,15
2026-10-07T23:04:36.580218034Z,2.742254,119.177495,Cloud to Cloud,-8239,3094,14
2026-10-07T23:04:36.844584014Z,1.737325,118.751811,Cloud to Ground,36082,0,13
2026-10-07T23:04:36.646185223Z,1.869923,118.66614,Cloud to Ground,-9315,0,7
2026-10-07T23:04:38.016003860Z,1.704456,118.666221,Cloud to Ground,47173,0,16
2026-10-07T23:04:38.075040779Z,1.809413,118.66257,Cloud to Ground,-8244,0,10
2026-10-07T23:04:51.043800827Z,5.669871,127.126866,Cloud to Ground,-101292,0,22
2026-10-07T23:04:51.073613445Z,5.766881,127.074497,Cloud to Ground,-63857,0,27
2026-10-07T23:04:51.285703155Z,5.680497,127.116844,Cloud to Ground,-28485,0,16
2026-10-07T23:04:51.100523615Z,5.670203,127.103724,Cloud to Cloud,-20208,3831,22
2026-10-07T23:04:51.321961934Z,5.673847,127.105887,Cloud to Cloud,-16254,3105,19
2026-10-07T23:04:51.411379739Z,5.67738,127.067393,Cloud to Ground,-12847,0,13
2026-10-07T23:04:55.931246037Z,17.699467,112.557617,Cloud to Ground,12169,0,9
2026-10-07T23:04:55.916472930Z,17.598962,112.643627,Cloud to Ground,-19847,0,9
2026-10-07T23:04:55.948081339Z,17.586096,112.65175,Cloud to Cloud,-12700,18883,8
2026-10-07T23:04:55.924285889Z,17.584898,112.635616,Cloud to Cloud,-10528,8170,10
2026-10-07T23:04:55.918232073Z,17.556164,112.504285,Cloud to Ground,15698,0,7
2026-10-07T23:04:56.883038573Z,12.004356,121.708507,Cloud to Cloud,4436,3160,6
2026-10-07T23:05:02.377685936Z,14.188589,122.745646,Cloud to Cloud,-8247,18332,10
2026-10-07T23:05:02.379995461Z,14.195126,122.745581,Cloud to Cloud,4685,4872,6
2026-10-07T23:05:02.383399598Z,14.197321,122.752526,Cloud to Cloud,5093,4036,7
2026-10-07T23:05:02.389212293Z,14.200056,122.747466,Cloud to Cloud,5224,15424,6
2026-10-07T23:05:02.379262768Z,14.198603,122.743134,Cloud to Cloud,7230,18727,8
2026-10-07T23:05:10.962295605Z,5.688575,127.077055,Cloud to Cloud,-5026,11844,5
2026-10-07T23:05:12.527568427Z,16.39853,117.71958,Cloud to Ground,-15933,0,14
2026-10-07T23:05:12.691974729Z,16.404198,117.725656,Cloud to Ground,-8738,0,11
2026-10-07T23:05:14.735811600Z,15.271953,114.851634,Cloud to Ground,-15595,0,9
2026-10-07T23:05:14.736747602Z,15.263049,114.855926,Cloud to Cloud,-15478,4908,9
2026-10-07T23:05:16.073222410Z,1.90218,118.834714,Cloud to Ground,-12653,0,14
2026-10-07T23:05:16.887077482Z,1.840364,118.789357,Cloud to Ground,10339,0,12
2026-10-07T23:05:16.499906439Z,1.831592,118.781741,Cloud to Ground,11916,0,14
2026-10-07T23:05:16.919714487Z,1.830634,118.830341,Cloud to Ground,12049,0,10
2026-10-07T23:05:16.765746976Z,1.83929,118.787159,Cloud to Ground,37108,0,14
2026-10-07T23:05:16.469757974Z,1.832813,118.768155,Cloud to Ground,69924,0,12
2026-10-07T23:05:16.682013657Z,1.869923,118.547997,Cloud to Ground,-8663,0,9
2026-10-07T23:05:18.062976703Z,19.521169,112.73738,Cloud to Ground,-15861,0,7
2026-10-07T23:05:18.066434136Z,19.377181,112.55603,Cloud to Ground,-93685,0,11
2026-10-07T23:05:26.548088000Z,7.0829,116.2974,Cloud to Ground,-11632,0,6
2026-10-07T23:05:26.457070890Z,6.994428,116.394035,Cloud to Cloud,-13911,15128,9
2026-10-07T23:05:26.653447000Z,7.0067,116.4752,Cloud to Ground,24275,0,5
2026-10-07T23:05:30.124485309Z,5.876303,126.766364,Cloud to Cloud,15108,16031,16
2026-10-07T23:05:30.055541347Z,5.851131,126.88003,Cloud to Ground,15608,0,14
2026-10-07T23:05:34.265260114Z,16.174167,116.861089,Cloud to Cloud,10949,16623,9
2026-10-07T23:05:35.021993846Z,14.099007,124.955504,Cloud to Ground,-43468,0,10
2026-10-07T23:05:35.336004516Z,14.100471,124.962001,Cloud to Ground,-13022,0,9
2026-10-07T23:05:35.082100701Z,14.1068,124.924205,Cloud to Ground,-9871,0,6
2026-10-07T23:05:35.054375446Z,14.097625,124.940462,Cloud to Cloud,5411,4465,8
2026-10-07T23:05:35.063211475Z,14.092856,124.946221,Cloud to Cloud,7488,6994,11
2026-10-07T23:05:39.675238851Z,11.975527,121.723601,Cloud to Cloud,-4067,18901,5
2026-10-07T23:05:39.680543162Z,12.015231,121.719725,Cloud to Cloud,3230,11700,5
2026-10-07T23:05:43.496295488Z,15.962311,122.414037,Cloud to Cloud,11504,16121,11
2026-10-07T23:05:46.128392666Z,2.728544,119.178477,Cloud to Cloud,-10135,16303,13
2026-10-07T23:05:51.356629062Z,2.589949,118.789834,Cloud to Ground,20952,0,20
2026-10-07T23:05:53.768527652Z,1.755209,119.031986,Cloud to Ground,10603,0,12
2026-10-07T23:05:53.770200211Z,1.762522,119.031976,Cloud to Ground,16727,0,20
2026-10-07T23:05:59.369379000Z,1.8149,118.6481,Cloud to Ground,-13841,0,5
2026-10-07T23:06:03.161047777Z,3.797659,119.515392,Cloud to Cloud,-15529,3073,18
2026-10-07T23:06:03.306208536Z,3.802818,119.530102,Cloud to Cloud,-15061,6333,11
2026-10-07T23:06:03.170633561Z,3.71652,119.54119,Cloud to Ground,12535,0,11
2026-10-07T23:06:06.531850000Z,17.2825,112.5623,Cloud to Ground,-94500,0,6
2026-10-07T23:06:06.553229046Z,17.308992,112.570372,Cloud to Ground,-22973,0,11
2026-10-07T23:06:06.555366641Z,17.311052,112.567564,Cloud to Cloud,5487,5647,8
2026-10-07T23:06:09.593453112Z,2.016125,110.415473,Cloud to Ground,-17096,0,12
2026-10-07T23:06:09.059996029Z,14.245392,125.16109,Cloud to Ground,-64837,0,11
2026-10-07T23:06:09.136224988Z,14.249548,125.155078,Cloud to Ground,-14612,0,9
2026-10-07T23:06:09.050380686Z,14.191894,125.196783,Cloud to Cloud,-10850,7389,7
2026-10-07T23:06:13.546453978Z,9.840347,132.250133,Cloud to Ground,-32582,0,15
2026-10-07T23:06:13.548034366Z,9.906226,132.194791,Cloud to Ground,-13110,0,14
2026-10-07T23:06:13.619904086Z,9.909357,132.085438,Cloud to Ground,-11842,0,10
2026-10-07T23:06:13.549890441Z,9.893536,132.125888,Cloud to Cloud,-9434,16355,12
2026-10-07T23:06:13.547360225Z,9.852742,132.151253,Cloud to Cloud,-8304,5102,19
2026-10-07T23:06:13.545699301Z,9.81932,132.146312,Cloud to Cloud,14714,18804,14
2026-10-07T23:06:15.423101141Z,10.04112,110.094324,Cloud to Ground,8600,0,7
2026-10-07T23:06:15.421282124Z,10.058801,110.205207,Cloud to Cloud,23443,4517,8
2026-10-07T23:06:22.068693954Z,16.156928,116.798271,Cloud to Cloud,16722,9193,14
2026-10-07T23:06:22.087991648Z,16.161567,116.798296,Cloud to Ground,23374,0,12
2026-10-07T23:06:25.424966818Z,16.376866,117.738983,Cloud to Ground,-26855,0,10
2026-10-07T23:06:25.447477345Z,16.380519,117.723971,Cloud to Ground,-7389,0,10
2026-10-07T23:06:25.613151882Z,16.367035,117.673709,Cloud to Cloud,-3751,18153,7
2026-10-07T23:06:25.602077182Z,16.363664,117.644877,Cloud to Cloud,3096,4134,6
2026-10-07T23:06:26.208766367Z,5.699644,127.22822,Cloud to Ground,-22834,0,16
2026-10-07T23:06:26.443532763Z,5.685265,127.193019,Cloud to Cloud,-15484,17874,20
2026-10-07T23:06:26.481295796Z,5.735203,126.952465,Cloud to Ground,-11674,0,8
2026-10-07T23:06:45.739918912Z,3.303586,118.241368,Cloud to Ground,-24028,0,21
2026-10-07T23:06:45.737867322Z,3.233588,118.285435,Cloud to Ground,29552,0,26
2026-10-07T23:06:47.965460803Z,5.725081,126.949253,Cloud to Ground,16692,0,11
2026-10-07T23:06:47.257461610Z,4.992039,114.29858,Cloud to Ground,-10419,0,9
2026-10-07T23:06:47.282252733Z,5.063972,114.290668,Cloud to Ground,28659,0,10
2026-10-07T23:06:47.367855283Z,5.013494,114.176359,Cloud to Cloud,-12229,4494,24
2026-10-07T23:06:47.331529095Z,5.004356,114.191747,Cloud to Cloud,-11646,7931,14
2026-10-07T23:06:47.325790323Z,4.982849,114.19004,Cloud to Ground,-9964,0,8
2026-10-07T23:06:47.479338000Z,5.0002,114.1567,Cloud to Ground,25202,0,5
2026-10-07T23:06:47.698547624Z,4.914401,114.169811,Cloud to Ground,26067,0,8
2026-10-07T23:06:48.887332665Z,5.8331,126.887775,Cloud to Cloud,-10606,8047,8
2026-10-07T23:06:58.704051540Z,2.653417,119.263271,Cloud to Ground,10082,0,9
2026-10-07T23:07:03.563062148Z,14.302293,123.02728,Cloud to Cloud,4862,6832,7
2026-10-07T23:07:03.557927739Z,14.299297,123.017422,Cloud to Cloud,12312,3277,11
2026-10-07T23:07:04.555275448Z,5.041598,114.29978,Cloud to Cloud,-10889,13472,18
2026-10-07T23:07:06.184797759Z,1.779998,118.640569,Cloud to Ground,-20477,0,29
2026-10-07T23:07:06.900789763Z,1.793941,118.650149,Cloud to Ground,-19689,0,22
2026-10-07T23:07:07.057143914Z,1.810094,118.796496,Cloud to Cloud,-15261,3028,14
2026-10-07T23:07:06.196515368Z,1.854088,118.73426,Cloud to Ground,-11964,0,12
2026-10-07T23:07:06.901741296Z,1.846422,118.588181,Cloud to Ground,19124,0,12
2026-10-07T23:07:06.586283828Z,1.768551,118.736749,Cloud to Ground,25787,0,16
2026-10-07T23:07:06.895520134Z,1.801256,118.800096,Cloud to Ground,34424,0,22
2026-10-07T23:07:06.675142456Z,1.758256,118.721105,Cloud to Ground,36908,0,16
2026-10-07T23:07:06.157612093Z,1.767984,118.730254,Cloud to Ground,43895,0,20
2026-10-07T23:07:10.683078606Z,2.561738,118.780454,Cloud to Ground,39683,0,18
2026-10-07T23:07:10.532129098Z,2.608136,118.860361,Cloud to Ground,-178090,0,28
2026-10-07T23:07:10.526499846Z,1.887665,118.994136,Cloud to Ground,-30556,0,16
2026-10-07T23:07:13.707950445Z,5.993685,119.627049,Cloud to Ground,14011,0,8
2026-10-07T23:07:14.683448072Z,16.05361,116.76403,Cloud to Cloud,-4612,10446,7
2026-10-07T23:07:16.519473998Z,9.450989,114.450363,Cloud to Ground,-19562,0,12
2026-10-07T23:07:16.554232733Z,9.483318,114.542676,Cloud to Cloud,-15612,16661,10
2026-10-07T23:07:16.523720584Z,9.456777,114.548831,Cloud to Ground,159038,0,15
2026-10-07T23:07:21.180171433Z,3.8029,119.512123,Cloud to Ground,-25622,0,15
2026-10-07T23:07:23.253965770Z,19.378641,112.542706,Cloud to Ground,-24766,0,13
2026-10-07T23:07:23.336319155Z,19.398736,112.500321,Cloud to Cloud,-21067,5103,11
2026-10-07T23:07:23.144938000Z,19.4177,112.523,Cloud to Ground,70049,0,11
2026-10-07T23:07:26.700020254Z,2.729885,119.183453,Cloud to Ground,-31638,0,21
2026-10-07T23:07:26.916656445Z,2.669794,119.241355,Cloud to Ground,-16581,0,22
2026-10-07T23:07:26.780975481Z,2.665679,119.236191,Cloud to Ground,-12512,0,16
2026-10-07T23:07:26.998532305Z,2.767384,119.219895,Cloud to Cloud,-12080,6437,17
2026-10-07T23:07:26.836948940Z,2.769556,119.192047,Cloud to Ground,-9415,0,22
2026-10-07T23:07:27.038906198Z,2.760373,119.223192,Cloud to Cloud,-8215,9662,12
2026-10-07T23:07:26.876442319Z,2.664989,119.224302,Cloud to Ground,16158,0,16
2026-10-07T23:07:26.960184000Z,2.658173,119.226589,Cloud to Ground,16913,0,19
2026-10-07T23:07:36.613804115Z,16.396369,117.7319,Cloud to Ground,-35200,0,17
2026-10-07T23:07:36.653487417Z,16.400185,117.736379,Cloud to Ground,-8097,0,12
2026-10-07T23:07:38.296791337Z,15.968304,122.40698,Cloud to Cloud,9104,11383,11
2026-10-07T23:07:42.858740422Z,4.997928,114.166185,Cloud to Cloud,-21588,3466,21
2026-10-07T23:07:45.691577424Z,2.734808,119.208547,Cloud to Cloud,-10143,17850,10
2026-10-07T23:07:45.472343718Z,2.674911,119.19398,Cloud to Ground,21680,0,22
2026-10-07T23:07:59.554710631Z,14.18624,123.145014,Cloud to Ground,28049,0,10
2026-10-07T23:07:59.552613261Z,14.285556,123.235634,Cloud to Ground,12303,0,8
2026-10-07T23:08:07.239435439Z,1.747321,118.762139,Cloud to Ground,20424,0,21
2026-10-07T23:08:07.984490311Z,4.968272,114.193563,Cloud to Cloud,14926,3078,9
2026-10-07T23:08:09.295790940Z,16.160562,116.720547,Cloud to Ground,-10609,0,7
2026-10-07T23:08:09.199151580Z,16.172014,116.802422,Cloud to Cloud,2679,8002,6
2026-10-07T23:08:12.656046377Z,4.974346,114.218456,Cloud to Ground,20410,0,22
2026-10-07T23:08:16.452391853Z,4.980859,114.183894,Cloud to Ground,25895,0,10
2026-10-07T23:08:16.165549118Z,9.508504,114.476969,Cloud to Ground,-38925,0,13
2026-10-07T23:08:16.163849622Z,9.582734,114.460976,Cloud to Cloud,-17240,5672,12
2026-10-07T23:08:19.691552936Z,12.011733,121.729595,Cloud to Cloud,-2615,6834,6
2026-10-07T23:08:19.663894710Z,12.024098,121.794498,Cloud to Cloud,4880,4515,7
2026-10-07T23:08:24.647503097Z,4.952697,114.287115,Cloud to Cloud,-9209,18740,8
2026-10-07T23:08:29.964956742Z,2.66421,119.234014,Cloud to Ground,-57944,0,22
2026-10-07T23:08:30.189708672Z,2.69785,119.218667,Cloud to Cloud,-17696,3023,14
2026-10-07T23:08:30.137004869Z,2.663278,119.202431,Cloud to Cloud,-13309,15067,20
2026-10-07T23:08:30.213000450Z,2.741436,119.254516,Cloud to Ground,-12539,0,11
2026-10-07T23:08:30.279035885Z,2.676401,119.223015,Cloud to Ground,-11325,0,14
2026-10-07T23:08:30.093496320Z,2.669918,119.228977,Cloud to Cloud,-11044,3029,23
2026-10-07T23:08:30.022822707Z,2.673124,119.221889,Cloud to Ground,-10636,0,16
2026-10-07T23:08:29.950071527Z,2.666385,119.206992,Cloud to Ground,-8784,0,8
2026-10-07T23:08:31.553135410Z,16.087219,116.765148,Cloud to Cloud,-3527,15979,7
2026-10-07T23:08:33.362927341Z,3.039765,120.363617,Cloud to Ground,9766,0,10
2026-10-07T23:08:35.454859167Z,16.378102,117.731823,Cloud to Ground,-38559,0,13
2026-10-07T23:08:35.531319461Z,16.400186,117.714742,Cloud to Ground,-21985,0,15
2026-10-07T23:08:35.639128544Z,16.385951,117.719698,Cloud to Ground,-11673,0,11
2026-10-07T23:08:39.492987271Z,1.757263,119.007326,Cloud to Ground,8750,0,10
2026-10-07T23:08:48.773608870Z,9.007723,133.808914,Cloud to Cloud,-8900,19744,12
2026-10-07T23:08:51.162562528Z,1.904554,110.444448,Cloud to Ground,-30999,0,18
2026-10-07T23:08:51.044651426Z,1.958626,110.491642,Cloud to Ground,21513,0,11
2026-10-07T23:08:51.326659000Z,1.9452,110.4312,Cloud to Ground,53740,0,5
2026-10-07T23:08:51.352640000Z,1.9776,110.104,Cloud to Ground,15429,0,5
2026-10-07T23:08:53.911494297Z,2.740245,119.174315,Cloud to Ground,-7967,0,7
2026-10-07T23:08:53.908158207Z,2.669801,119.200638,Cloud to Ground,19408,0,20
2026-10-07T23:08:56.560060581Z,1.765691,118.766206,Cloud to Ground,-12894,0,11
2026-10-07T23:09:00.978983075Z,16.269752,118.218757,Cloud to Cloud,-4082,11010,6
2026-10-07T23:09:01.473150211Z,5.702029,127.066034,Cloud to Ground,-18525,0,26
2026-10-07T23:09:01.979475907Z,5.68359,127.142354,Cloud to Cloud,-15523,3701,26
2026-10-07T23:09:01.331985840Z,5.643898,127.16519,Cloud to Ground,93419,0,21
2026-10-07T23:09:04.233992679Z,4.967969,114.304382,Cloud to Ground,-9487,0,7
2026-10-07T23:09:04.336639774Z,3.128283,118.847286,Cloud to Ground,-9319,0,11
2026-10-07T23:09:04.611965916Z,3.083452,118.898986,Cloud to Ground,16487,0,16
2026-10-07T23:09:07.551533804Z,2.62171,118.8274,Cloud to Ground,-24663,0,24
2026-10-07T23:09:07.501382901Z,2.582708,118.785493,Cloud to Ground,-17858,0,22
2026-10-07T23:09:07.479610357Z,2.592,118.79457,Cloud to Ground,-16294,0,11
2026-10-07T23:09:07.480843910Z,2.681345,118.780358,Cloud to Ground,14296,0,12
2026-10-07T23:09:07.795476151Z,5.056089,114.259399,Cloud to Ground,-13340,0,12
2026-10-07T23:09:07.593105240Z,17.331675,112.571679,Cloud to Cloud,-6571,13266,8
2026-10-07T23:09:09.431590493Z,2.781233,119.20012,Cloud to Ground,-25673,0,10
2026-10-07T23:09:09.563976519Z,2.660827,119.222257,Cloud to Ground,-20329,0,20
2026-10-07T23:09:09.869548040Z,2.743474,119.187379,Cloud to Ground,-11554,0,20
2026-10-07T23:09:09.801946903Z,2.770462,119.211964,Cloud to Ground,-9720,0,13
2026-10-07T23:09:10.016775880Z,2.867092,120.413906,Cloud to Cloud,-12750,4098,12
2026-10-07T23:09:14.482051290Z,12.01153,121.732051,Cloud to Ground,-17199,0,9
2026-10-07T23:09:14.489227792Z,12.002512,121.727299,Cloud to Cloud,-8882,4118,8
2026-10-07T23:09:14.478690290Z,12.011924,121.751677,Cloud to Cloud,-7297,19117,7
2026-10-07T23:09:18.996047311Z,19.369349,112.524124,Cloud to Cloud,-11425,6587,9
2026-10-07T23:09:18.993851798Z,19.376635,112.529343,Cloud to Cloud,-10747,18328,10
2026-10-07T23:09:22.751847650Z,4.987653,114.288211,Cloud to Cloud,-7737,18734,7
2026-10-07T23:09:23.518360435Z,15.967,122.405775,Cloud to Cloud,5047,18452,8
2026-10-07T23:09:23.519834109Z,16.584415,122.205924,Cloud to Cloud,-9047,10156,10
2026-10-07T23:09:26.569719870Z,14.276572,118.178204,Cloud to Cloud,15969,4406,11
2026-10-07T23:09:27.880823775Z,4.965124,114.301653,Cloud to Ground,23271,0,9
2026-10-07T23:09:32.118568751Z,5.711866,127.018714,Cloud to Cloud,-7108,13840,6
2026-10-07T23:09:33.409634676Z,3.099924,118.81193,Cloud to Ground,12671,0,13
2026-10-07T23:09:34.991978842Z,16.138573,116.806362,Cloud to Ground,-16944,0,12
2026-10-07T23:09:34.993328536Z,16.149568,116.809545,Cloud to Cloud,-7401,3026,7
2026-10-07T23:09:34.989854552Z,16.147508,116.802747,Cloud to Cloud,12433,3770,7
2026-10-07T23:09:35.042750650Z,16.234101,116.704248,Cloud to Cloud,12064,15209,10
2026-10-07T23:09:37.354988677Z,4.945382,114.179488,Cloud to Cloud,19803,5049,7
2026-10-07T23:09:38.817571079Z,3.284536,118.260535,Cloud to Ground,25218,0,28
2026-10-07T23:09:39.488752030Z,5.012773,114.216827,Cloud to Ground,-15611,0,14
2026-10-07T23:09:39.417873000Z,4.9958,114.2671,Cloud to Ground,14735,0,6
2026-10-07T23:09:39.543846184Z,5.012659,114.323935,Cloud to Ground,36444,0,10
2026-10-07T23:09:39.443925128Z,16.377543,117.721628,Cloud to Ground,-28033,0,12
2026-10-07T23:09:39.326221696Z,16.383549,117.726723,Cloud to Ground,-22212,0,11
2026-10-07T23:09:39.499563047Z,16.385305,117.718853,Cloud to Ground,-5052,0,8
2026-10-07T23:09:40.562244722Z,1.753949,118.748939,Cloud to Ground,11200,0,13
2026-10-07T23:09:40.560832584Z,1.763744,118.763939,Cloud to Ground,15332,0,13
2026-10-07T23:09:40.998110544Z,1.863604,118.744241,Cloud to Ground,-17229,0,13
2026-10-07T23:09:40.564712067Z,1.848624,118.727588,Cloud to Cloud,-7156,4035,11
2026-10-07T23:09:50.174298423Z,5.026482,114.242558,Cloud to Ground,15528,0,14
2026-10-07T23:09:51.291996442Z,2.646498,119.182688,Cloud to Cloud,-8969,11095,13
2026-10-07T23:09:52.364880477Z,14.26319,123.067609,Cloud to Cloud,10133,5989,8
2026-10-07T23:09:52.329727748Z,14.285228,123.030139,Cloud to Cloud,12497,8752,10
2026-10-07T23:09:52.328810608Z,14.287936,122.989448,Cloud to Cloud,15617,7782,10
2026-10-07T23:09:55.164359000Z,4.983,114.1832,Cloud to Ground,-15464,0,5
2026-10-07T23:09:56.404087891Z,1.751932,118.777184,Cloud to Ground,-7819,0,13
2026-10-07T23:09:59.111352140Z,9.433482,114.441185,Cloud to Cloud,-39813,3058,10
2026-10-07T23:09:59.176320133Z,9.51232,114.529932,Cloud to Ground,-27138,0,20
2026-10-07T23:09:59.206489000Z,9.3916,114.5036,Cloud to Ground,22599,0,5
2026-10-07T23:09:59.116490967Z,9.439393,114.503351,Cloud to Ground,184408,0,11
2026-10-07T23:10:05.397369355Z,1.808538,118.741267,Cloud to Ground,-43612,0,24
2026-10-07T23:10:05.255871000Z,1.8551,118.6066,Cloud to Ground,-12426,0,5
2026-10-07T23:10:11.378708915Z,2.721945,119.179289,Cloud to Cloud,-7707,5016,9
2026-10-07T23:10:12.481822452Z,5.702778,127.093975,Cloud to Cloud,6054,3307,7
2026-10-07T23:10:15.060121608Z,5.012643,114.230238,Cloud to Ground,-15647,0,26
2026-10-07T23:10:21.049562668Z,2.635318,119.178054,Cloud to Ground,-23029,0,22
2026-10-07T23:10:22.113431949Z,17.149643,115.116541,Cloud to Ground,-28349,0,16
2026-10-07T23:10:22.138104955Z,17.126057,115.09035,Cloud to Ground,-5572,0,7
2026-10-07T23:10:23.719045052Z,3.791315,119.587978,Cloud to Ground,-15009,0,17
2026-10-07T23:10:23.633351281Z,3.821926,119.571744,Cloud to Cloud,-10918,4830,10
2026-10-07T23:10:23.638010772Z,3.789666,119.524989,Cloud to Cloud,-8794,3305,10
2026-10-07T23:10:23.606150826Z,3.713084,119.555023,Cloud to Ground,25166,0,12
2026-10-07T23:10:25.017220850Z,4.955142,114.307247,Cloud to Cloud,-16284,17880,13
2026-10-07T23:10:43.895003352Z,4.988473,114.185469,Cloud to Ground,18334,0,16
2026-10-07T23:10:44.708131586Z,2.640121,119.207661,Cloud to Ground,-66408,0,30
2026-10-07T23:10:44.730325274Z,2.643542,119.180732,Cloud to Ground,-23083,0,15
2026-10-07T23:10:44.764514544Z,2.628616,119.18513,Cloud to Ground,13225,0,14
2026-10-07T23:10:44.814697135Z,2.630879,119.18976,Cloud to Ground,26769,0,21
2026-10-07T23:10:46.440038796Z,16.385488,117.731394,Cloud to Ground,-44586,0,15
2026-10-07T23:10:46.332262749Z,16.389752,117.731473,Cloud to Ground,-35249,0,14
2026-10-07T23:10:46.474930915Z,16.382107,117.729689,Cloud to Ground,-15730,0,11
2026-10-07T23:10:46.296599018Z,16.381968,117.731905,Cloud to Ground,-12895,0,11
2026-10-07T23:10:46.505563430Z,16.39218,117.734211,Cloud to Cloud,-11011,14227,11
2026-10-07T23:10:46.264690000Z,16.4087,117.7055,Cloud to Ground,71385,0,7
2026-10-07T23:10:47.333583752Z,2.576434,118.785372,Cloud to Ground,-13070,0,12
2026-10-07T23:10:47.337240006Z,2.656506,118.791425,Cloud to Ground,-9275,0,7
2026-10-07T23:10:47.443937043Z,2.593477,118.867224,Cloud to Ground,42187,0,17
2026-10-07T23:10:47.334564440Z,2.589429,118.809137,Cloud to Ground,55947,0,25
2026-10-07T23:10:48.799947777Z,3.130541,120.338257,Cloud to Cloud,-11568,4769,10
2026-10-07T23:10:50.348467110Z,9.669346,114.407061,Cloud to Ground,-21622,0,16
2026-10-07T23:10:50.375956871Z,9.339269,114.386063,Cloud to Cloud,-8078,3031,7
2026-10-07T23:10:50.278729755Z,9.40669,114.55368,Cloud to Cloud,-47515,14157,13
2026-10-07T23:10:50.337867008Z,9.496374,114.501447,Cloud to Ground,-26370,0,25
2026-10-07T23:10:50.394789981Z,9.458186,114.53112,Cloud to Ground,42213,0,9
2026-10-07T23:10:50.604039710Z,9.412944,114.451422,Cloud to Ground,15116,0,13
2026-10-07T23:10:52.681095967Z,4.967906,114.165576,Cloud to Ground,15878,0,12
2026-10-07T23:11:00.188836255Z,16.149344,116.802351,Cloud to Ground,-36560,0,14
2026-10-07T23:11:00.260128504Z,16.137374,116.795495,Cloud to Ground,-24055,0,13
2026-10-07T23:11:00.631742142Z,16.131804,116.788179,Cloud to Ground,-19819,0,14
2026-10-07T23:11:00.320412617Z,16.215982,116.778458,Cloud to Cloud,-17904,3717,14
2026-10-07T23:11:00.573412690Z,16.133272,116.786934,Cloud to Ground,-13566,0,12
2026-10-07T23:11:04.906158683Z,2.648566,119.174548,Cloud to Cloud,-24323,12895,20
2026-10-07T23:11:04.865507585Z,2.624391,119.202545,Cloud to Ground,71340,0,22
2026-10-07T23:11:05.905112531Z,5.661263,127.138685,Cloud to Cloud,-16935,3001,14
2026-10-07T23:11:05.606834650Z,5.688716,127.075832,Cloud to Cloud,11313,5019,8
2026-10-07T23:11:22.591971688Z,2.644091,119.177274,Cloud to Cloud,-9868,4660,13
2026-10-07T23:11:22.561102980Z,2.734665,119.146648,Cloud to Ground,-27053,0,13
2026-10-07T23:11:22.289452262Z,5.016598,114.288999,Cloud to Cloud,-11579,14069,18
2026-10-07T23:11:23.064569782Z,5.015269,114.2275,Cloud to Ground,24251,0,17
2026-10-07T23:11:25.726444390Z,1.880386,118.69277,Cloud to Cloud,9704,3232,16
2026-10-07T23:11:25.579242830Z,1.765649,118.76951,Cloud to Ground,-16943,0,15
2026-10-07T23:11:25.435546016Z,1.804877,118.80859,Cloud to Cloud,-12859,6518,11
2026-10-07T23:11:25.577559994Z,1.756457,118.759002,Cloud to Ground,14358,0,11
2026-10-07T23:11:25.436077760Z,1.776758,118.755096,Cloud to Ground,25258,0,18
2026-10-07T23:11:25.575434393Z,1.699522,118.80022,Cloud to Ground,43191,0,15
2026-10-07T23:11:25.725574681Z,1.703139,118.803026,Cloud to Ground,52334,0,16
2026-10-07T23:11:27.847659401Z,11.997627,121.702453,Cloud to Cloud,6841,7615,6
2026-10-07T23:11:27.813313118Z,12.007007,121.710638,Cloud to Cloud,8798,17852,6
2026-10-07T23:11:29.130838816Z,1.779002,119.023468,Cloud to Ground,28934,0,22
2026-10-07T23:11:32.085663195Z,9.387098,114.536532,Cloud to Ground,-26258,0,13
2026-10-07T23:11:32.071010946Z,9.379895,114.524031,Cloud to Ground,-16374,0,8
2026-10-07T23:11:32.159125000Z,9.4231,114.4261,Cloud to Ground,15016,0,6
2026-10-07T23:11:32.337270000Z,9.4383,114.4752,Cloud to Ground,20209,0,7
2026-10-07T23:11:36.209562012Z,5.037689,114.259836,Cloud to Ground,-11543,0,16
2026-10-07T23:11:35.926452204Z,4.969373,114.281801,Cloud to Cloud,-9623,3013,7
2026-10-07T23:11:39.526658074Z,3.274892,118.270581,Cloud to Ground,-45785,0,25
2026-10-07T23:11:39.525600461Z,3.280214,118.281157,Cloud to Ground,28031,0,21
2026-10-07T23:11:48.540671532Z,10.015185,132.662141,Cloud to Cloud,-9368,5167,14
2026-10-07T23:11:52.154092651Z,16.389694,117.786262,Cloud to Ground,-20281,0,15
2026-10-07T23:11:53.869365093Z,2.760336,119.180474,Cloud to Ground,-17906,0,20
2026-10-07T23:11:53.799595064Z,2.665469,119.2338,Cloud to Cloud,-13271,4133,16
2026-10-07T23:11:53.750170372Z,2.658078,119.232726,Cloud to Cloud,22907,16648,18
2026-10-07T23:11:55.639438298Z,5.004084,114.230897,Cloud to Ground,10616,0,10
2026-10-07T23:12:08.328977445Z,5.033335,114.306738,Cloud to Cloud,7999,11330,10
2026-10-07T23:12:08.380632443Z,1.851073,118.746519,Cloud to Ground,-12766,0,14
2026-10-07T23:12:11.715672321Z,9.44271,114.523492,Cloud to Ground,-59489,0,10
2026-10-07T23:12:15.016119103Z,2.654447,119.176756,Cloud to Cloud,-21279,3271,23
2026-10-07T23:12:14.934201427Z,2.630853,119.216943,Cloud to Cloud,-10685,3059,23
2026-10-07T23:12:14.898862181Z,2.645068,119.193514,Cloud to Ground,106056,0,14
2026-10-07T23:12:18.603672930Z,1.752723,119.211693,Cloud to Cloud,-15191,3145,22
2026-10-07T23:12:18.533551035Z,1.727965,119.15704,Cloud to Ground,-14385,0,16
2026-10-07T23:12:18.542304193Z,1.749423,119.162067,Cloud to Ground,70088,0,16
2026-10-07T23:12:21.076730764Z,16.143828,116.787766,Cloud to Ground,10032,0,10
2026-10-07T23:12:27.694863479Z,16.363152,117.744135,Cloud to Cloud,7165,6087,12
2026-10-07T23:12:27.692826822Z,16.361397,117.7442,Cloud to Cloud,8816,5412,9
2026-10-07T23:12:28.417398917Z,11.978951,121.705768,Cloud to Cloud,-6995,19201,8
2026-10-07T23:12:28.375933929Z,11.922062,121.744647,Cloud to Cloud,8480,17954,6
2026-10-07T23:12:31.332026880Z,1.893312,110.565476,Cloud to Ground,-16166,0,24
2026-10-07T23:12:31.237322936Z,1.964434,110.426812,Cloud to Ground,33159,0,8
2026-10-07T23:12:32.333375000Z,15.1968,110.0432,Cloud to Ground,-52012,0,5
2026-10-07T23:12:35.326987488Z,2.763773,119.210452,Cloud to Ground,-14749,0,10
2026-10-07T23:12:35.231782192Z,2.66111,119.248446,Cloud to Ground,25353,0,15
2026-10-07T23:12:35.129568968Z,2.66012,119.24131,Cloud to Ground,28514,0,23
2026-10-07T23:12:40.044321078Z,9.391862,114.538682,Cloud to Cloud,-54616,3068,12
2026-10-07T23:12:40.086766197Z,9.479777,114.494974,Cloud to Ground,-33962,0,12
2026-10-07T23:12:40.315984448Z,9.492679,114.521099,Cloud to Ground,-22960,0,9
2026-10-07T23:12:40.033744421Z,9.327379,114.461444,Cloud to Ground,-20976,0,8
2026-10-07T23:12:40.173591708Z,9.358042,114.419479,Cloud to Cloud,-9962,14079,8
2026-10-07T23:12:40.264198000Z,9.4236,114.4783,Cloud to Ground,23644,0,8
2026-10-07T23:12:40.278910098Z,4.965969,114.165687,Cloud to Ground,18440,0,16
2026-10-07T23:12:43.052591443Z,5.717471,127.114873,Cloud to Ground,13274,0,10
2026-10-07T23:12:43.059136244Z,5.642754,127.132016,Cloud to Ground,16896,0,21
2026-10-07T23:12:43.050381234Z,5.648199,127.131614,Cloud to Ground,19948,0,17
2026-10-07T23:12:46.308356893Z,7.064375,116.40994,Cloud to Ground,-130196,0,14
2026-10-07T23:12:46.423273678Z,7.060611,116.413381,Cloud to Ground,-70375,0,14
2026-10-07T23:12:49.421891517Z,1.817318,118.798869,Cloud to Ground,12780,0,13
2026-10-07T23:12:49.066655073Z,1.936098,118.892742,Cloud to Cloud,-16154,7059,20
2026-10-07T23:12:49.075784056Z,1.919204,118.891013,Cloud to Ground,-9866,0,15
2026-10-07T23:12:49.885926415Z,9.877367,132.333602,Cloud to Ground,13315,0,11
2026-10-07T23:12:52.959462168Z,16.377756,117.786817,Cloud to Ground,-10644,0,11
2026-10-07T23:12:52.865288638Z,16.389959,117.785407,Cloud to Ground,-10295,0,12
2026-10-07T23:12:53.285964050Z,16.341902,117.747627,Cloud to Cloud,13920,16571,7
2026-10-07T23:12:53.794820960Z,7.08646,116.291273,Cloud to Cloud,-10638,18612,15
2026-10-07T23:12:53.770321913Z,7.070356,116.415103,Cloud to Ground,-27686,0,12
2026-10-07T23:12:55.871696161Z,5.869584,126.882399,Cloud to Ground,-68949,0,10
2026-10-07T23:12:56.486974805Z,1.77335,119.055161,Cloud to Ground,34732,0,24
2026-10-07T23:13:00.338312698Z,2.665869,119.210227,Cloud to Cloud,-7547,6904,11
2026-10-07T23:13:06.344756668Z,4.920251,114.286486,Cloud to Cloud,-13186,7891,8
2026-10-07T23:13:07.781144149Z,16.33323,117.738589,Cloud to Cloud,-5382,15215,6
2026-10-07T23:13:07.784524566Z,16.334734,117.771641,Cloud to Cloud,-3780,12411,7
2026-10-07T23:13:11.710665739Z,16.146714,116.799673,Cloud to Cloud,-40346,16040,14
2026-10-07T23:13:11.759882354Z,16.175368,116.782505,Cloud to Ground,-24848,0,10
2026-10-07T23:13:11.911977982Z,16.161304,116.792746,Cloud to Ground,-17989,0,12
2026-10-07T23:13:11.810451600Z,16.154474,116.793433,Cloud to Cloud,-10702,8687,9
2026-10-07T23:13:10.669054872Z,19.394723,112.55986,Cloud to Cloud,-45194,3198,16
2026-10-07T23:13:11.284756762Z,19.362343,112.531152,Cloud to Ground,-10987,0,7
2026-10-07T23:13:10.857452836Z,19.394977,112.61666,Cloud to Cloud,-10350,15474,11
2026-10-07T23:13:10.875342082Z,19.408663,112.542654,Cloud to Cloud,-7788,4675,6
2026-10-07T23:13:10.677275747Z,19.393579,112.529352,Cloud to Ground,-5988,0,6
2026-10-07T23:13:10.949514791Z,19.406033,112.553625,Cloud to Cloud,11323,7387,7
2026-10-07T23:13:10.908682123Z,19.404338,112.551861,Cloud to Cloud,13914,7944,8
2026-10-07T23:13:10.667720000Z,19.441,112.4695,Cloud to Ground,13976,0,5
2026-10-07T23:13:14.425283278Z,3.711202,119.558289,Cloud to Ground,8477,0,8
2026-10-07T23:13:14.337964150Z,1.78345,119.100587,Cloud to Ground,25750,0,10
2026-10-07T23:13:15.208921427Z,1.804697,118.784199,Cloud to Cloud,-10949,13366,13
2026-10-07T23:13:24.664688684Z,2.772576,119.181528,Cloud to Cloud,-35039,4074,12
2026-10-07T23:13:24.628563240Z,2.75083,119.162613,Cloud to Ground,-28124,0,16
2026-10-07T23:13:24.594022163Z,2.730167,119.148274,Cloud to Ground,76872,0,10
2026-10-07T23:13:24.747146698Z,2.650138,119.192592,Cloud to Ground,23158,0,13
2026-10-07T23:13:27.022907027Z,16.147474,118.29741,Cloud to Cloud,-16267,3008,10
2026-10-07T23:13:29.476327000Z,5.9676,119.6469,Cloud to Ground,-11939,0,5
2026-10-07T23:13:29.447520487Z,5.955916,119.692333,Cloud to Ground,34839,0,13
2026-10-07T23:13:30.872394232Z,5.666521,127.031968,Cloud to Ground,-20331,0,22
2026-10-07T23:13:31.247344949Z,5.684322,127.039809,Cloud to Ground,-10403,0,15
2026-10-07T23:13:30.519358106Z,5.646324,127.034262,Cloud to Cloud,13027,8883,13
2026-10-07T23:13:33.989344792Z,5.088574,126.381296,Cloud to Ground,13071,0,14
2026-10-07T23:13:35.361135893Z,3.272012,118.270069,Cloud to Ground,30921,0,15
2026-10-07T23:13:35.364090416Z,3.367733,118.240052,Cloud to Ground,-13101,0,14
2026-10-07T23:13:36.100208586Z,2.644732,119.082281,Cloud to Ground,17314,0,21
2026-10-07T23:13:36.733211000Z,2.6231,119.1785,Cloud to Ground,-8272,0,5
2026-10-07T23:13:36.156404990Z,3.121042,120.332129,Cloud to Cloud,-9982,6871,8
2026-10-07T23:13:36.154093754Z,3.045894,120.356878,Cloud to Ground,13319,0,9
2026-10-07T23:13:36.172274361Z,3.088233,120.312479,Cloud to Cloud,15022,17774,8
2026-10-07T23:13:38.685428282Z,4.986001,114.175268,Cloud to Cloud,16564,7190,8
2026-10-07T23:13:43.353978119Z,9.406477,114.541199,Cloud to Ground,-99541,0,16
2026-10-07T23:13:43.488192320Z,9.407405,114.532298,Cloud to Ground,-29031,0,11
2026-10-07T23:13:43.437703149Z,9.420037,114.514199,Cloud to Cloud,-24341,3139,10
2026-10-07T23:13:43.540516047Z,9.482198,114.513462,Cloud to Ground,-22943,0,11
2026-10-07T23:13:43.342633884Z,9.370502,114.448386,Cloud to Cloud,-10918,5738,9
2026-10-07T23:13:43.567491860Z,9.351923,114.438972,Cloud to Ground,14388,0,8
2026-10-07T23:13:43.433309796Z,9.466261,114.526416,Cloud to Ground,18658,0,8
2026-10-07T23:13:45.436399545Z,4.947219,114.279084,Cloud to Ground,-10080,0,9
2026-10-07T23:13:49.597427886Z,2.688628,119.108307,Cloud to Ground,-44530,0,30
2026-10-07T23:13:49.969071043Z,2.765911,119.18083,Cloud to Ground,-12479,0,9
2026-10-07T23:13:49.659630368Z,2.762239,119.19611,Cloud to Ground,-9010,0,18
2026-10-07T23:13:49.625198147Z,2.667528,119.196754,Cloud to Ground,10835,0,13
2026-10-07T23:13:50.874689189Z,2.668769,119.187261,Cloud to Ground,9876,0,10
2026-10-07T23:13:51.372015344Z,2.762538,119.118493,Cloud to Cloud,14253,4152,14
2026-10-07T23:13:51.674696705Z,3.066456,118.875605,Cloud to Ground,-12006,0,8
2026-10-07T23:13:51.730908136Z,3.059299,118.838188,Cloud to Cloud,-11715,7522,15
2026-10-07T23:13:51.692264205Z,3.072397,118.887032,Cloud to Ground,38340,0,18
2026-10-07T23:13:59.811480407Z,1.833,119.042426,Cloud to Ground,-18545,0,16
2026-10-07T23:13:59.648096000Z,1.7167,119.0964,Cloud to Ground,-13594,0,6
2026-10-07T23:13:59.381466760Z,1.722909,119.118897,Cloud to Ground,-12747,0,17
2026-10-07T23:13:59.700198791Z,16.308384,117.528341,Cloud to Cloud,-3808,7796,7
2026-10-07T23:13:59.321065591Z,16.394085,117.833649,Cloud to Cloud,10661,16583,12
2026-10-07T23:14:03.219401670Z,9.409331,114.536729,Cloud to Ground,19399,0,12
2026-10-07T23:14:11.287541193Z,1.788666,118.774162,Cloud to Ground,-14747,0,18
2026-10-07T23:14:11.035378730Z,1.778771,118.768588,Cloud to Cloud,-12224,3053,13
2026-10-07T23:14:11.034211536Z,1.784206,118.78182,Cloud to Ground,-10041,0,11
2026-10-07T23:14:11.291543685Z,1.8791,118.749579,Cloud to Ground,-9217,0,7
2026-10-07T23:14:13.387455395Z,2.704726,119.152405,Cloud to Ground,21005,0,7
2026-10-07T23:14:15.002744975Z,2.649485,119.189947,Cloud to Ground,18213,0,15
2026-10-07T23:14:15.071128629Z,2.660627,119.181794,Cloud to Ground,20423,0,20
2026-10-07T23:14:14.959764692Z,2.650527,119.187992,Cloud to Ground,29007,0,22
2026-10-07T23:14:18.529549237Z,2.815961,119.345,Cloud to Ground,-11024,0,11
2026-10-07T23:14:19.181768272Z,5.024289,114.27573,Cloud to Ground,-21896,0,18
2026-10-07T23:14:19.132031186Z,5.019943,114.272239,Cloud to Ground,-15488,0,13
2026-10-07T23:14:19.568024191Z,5.037464,114.293868,Cloud to Ground,-15259,0,15
2026-10-07T23:14:18.923410000Z,4.953547,114.32359,Cloud to Ground,-14028,0,11
2026-10-07T23:14:19.095819563Z,5.025483,114.278445,Cloud to Ground,-12726,0,12
2026-10-07T23:14:18.848895956Z,4.916944,114.318038,Cloud to Ground,-11777,0,7
2026-10-07T23:14:18.927637957Z,5.032381,114.296233,Cloud to Cloud,-8420,18522,11
2026-10-07T23:14:18.924208000Z,4.9004,114.26,Cloud to Ground,21307,0,7
2026-10-07T23:14:19.391386000Z,4.9797,114.3111,Cloud to Ground,22249,0,5
2026-10-07T23:14:18.969951423Z,4.960938,114.330373,Cloud to Ground,23989,0,12
2026-10-07T23:14:19.010499085Z,5.043846,114.328707,Cloud to Ground,24502,0,8
2026-10-07T23:14:19.053721812Z,4.958965,114.328202,Cloud to Ground,27896,0,22
2026-10-07T23:14:18.881463000Z,4.9743,114.2104,Cloud to Ground,31600,0,5
2026-10-07T23:14:23.702462772Z,9.906797,110.092418,Cloud to Cloud,7167,15906,6
2026-10-07T23:14:23.705657479Z,9.867438,110.086885,Cloud to Cloud,10343,19709,9
2026-10-07T23:14:23.704456053Z,9.868889,110.09043,Cloud to Cloud,11606,17886,8
2026-10-07T23:14:23.703456679Z,9.918691,110.102955,Cloud to Ground,13753,0,11
2026-10-07T23:14:23.701736474Z,9.94204,110.119489,Cloud to Ground,18598,0,6
2026-10-07T23:14:26.298375612Z,16.133501,116.805778,Cloud to Ground,-111324,0,13
2026-10-07T23:14:26.322839632Z,16.141698,116.774701,Cloud to Ground,-44547,0,16
2026-10-07T23:14:26.650243556Z,16.178889,116.775397,Cloud to Ground,-42328,0,14
2026-10-07T23:14:26.752006318Z,16.179137,116.775352,Cloud to Ground,-24910,0,15
2026-10-07T23:14:26.752590575Z,16.129904,116.747426,Cloud to Ground,9878,0,9
2026-10-07T23:14:34.155168803Z,2.638165,119.25,Cloud to Ground,-17808,0,18
2026-10-07T23:14:38.060961422Z,2.766234,119.14446,Cloud to Cloud,14118,14697,7
2026-10-07T23:14:40.229079447Z,2.747903,119.155129,Cloud to Ground,-13470,0,18
2026-10-07T23:14:40.263259710Z,2.751558,119.18529,Cloud to Cloud,8586,18028,9
2026-10-07T23:14:44.001069945Z,1.783052,119.100754,Cloud to Ground,16084,0,10
2026-10-07T23:14:46.212564147Z,4.973023,114.192017,Cloud to Ground,24029,0,20
2026-10-07T23:14:48.358363570Z,2.760745,119.144178,Cloud to Ground,13006,0,8
2026-10-07T23:14:53.641199741Z,9.483278,126.668754,Cloud to Ground,-49112,0,20
2026-10-07T23:14:53.473964016Z,9.445735,126.696025,Cloud to Ground,25279,0,11
2026-10-07T23:14:54.943694775Z,3.101357,120.325722,Cloud to Cloud,-22710,4898,12
2026-10-07T23:14:54.945577718Z,3.014074,120.305098,Cloud to Cloud,14551,12100,12
2026-10-07T23:14:57.148199934Z,2.000051,110.35564,Cloud to Ground,-29247,0,11
2026-10-07T23:14:57.441698483Z,1.971795,110.400087,Cloud to Ground,-19179,0,9
2026-10-07T23:14:57.083936178Z,1.992148,110.515024,Cloud to Ground,-66780,0,33
2026-10-07T23:14:57.200604232Z,2.053363,110.472896,Cloud to Ground,-27699,0,18
2026-10-07T23:14:57.107842737Z,2.063756,110.464728,Cloud to Ground,-9782,0,8
2026-10-07T23:14:58.484207000Z,12.9641,118.9783,Cloud to Ground,-35311,0,7
2026-10-07T23:14:58.540048826Z,12.932211,119.046094,Cloud to Ground,-14750,0,8
2026-10-07T23:14:58.699467516Z,12.926722,119.045393,Cloud to Ground,-8437,0,7
2026-10-07T23:14:59.062249182Z,4.974973,114.138756,Cloud to Ground,-10935,0,9
2026-10-07T23:15:00.104130719Z,2.7572,119.177971,Cloud to Ground,-30951,0,13
2026-10-07T23:15:00.109981681Z,2.65359,119.20354,Cloud to Ground,-11000,0,7
2026-10-07T23:15:00.124620727Z,2.657252,119.196308,Cloud to Cloud,-9343,5031,12
2026-10-07T23:15:00.227633475Z,2.663794,119.218411,Cloud to Ground,14719,0,18
2026-10-07T23:15:00.277300204Z,2.669417,119.225823,Cloud to Ground,36777,0,18
2026-10-07T23:15:00.181542014Z,2.669317,119.225292,Cloud to Ground,42334,0,30
2026-10-07T23:15:03.752259851Z,9.461976,123.838414,Cloud to Ground,-15619,0,10
2026-10-07T23:15:03.749718101Z,9.396808,123.875283,Cloud to Cloud,21181,15828,10
2026-10-07T23:15:04.664814098Z,5.637355,127.153612,Cloud to Cloud,-9680,13139,8
2026-10-07T23:15:08.863444787Z,1.871433,118.790893,Cloud to Ground,-29378,0,23
2026-10-07T23:15:08.923588067Z,1.889839,118.749046,Cloud to Ground,-12145,0,13
2026-10-07T23:15:09.058693535Z,1.808011,118.828727,Cloud to Ground,-11740,0,10
2026-10-07T23:15:08.351334170Z,16.392362,117.744495,Cloud to Ground,-54648,0,12
2026-10-07T23:15:08.389359635Z,16.391848,117.74455,Cloud to Ground,-40010,0,13
2026-10-07T23:15:08.437170913Z,16.393159,117.763455,Cloud to Ground,-24960,0,14
2026-10-07T23:15:08.509892394Z,16.376145,117.706407,Cloud to Cloud,-18546,3000,7
2026-10-07T23:15:08.517442778Z,16.33755,117.737302,Cloud to Ground,-8439,0,6
2026-10-07T23:15:09.297139141Z,9.395021,114.533852,Cloud to Cloud,-19631,4963,10
2026-10-07T23:15:10.763363116Z,2.655503,119.161899,Cloud to Cloud,-11318,10262,17
2026-10-07T23:15:10.515225388Z,2.730141,119.152219,Cloud to Cloud,-10041,3350,8
2026-10-07T23:15:10.566933949Z,2.739818,119.169022,Cloud to Cloud,-8639,17959,14
2026-10-07T23:15:15.957163391Z,2.697454,119.349005,Cloud to Ground,14989,0,22
2026-10-07T23:15:16.391142847Z,3.214122,118.273735,Cloud to Ground,23280,0,26
2026-10-07T23:15:16.070282000Z,2.7274,119.2023,Cloud to Ground,13636,0,5
2026-10-07T23:15:20.713955471Z,2.709139,119.135646,Cloud to Ground,11903,0,7
2026-10-07T23:15:22.352012807Z,2.658465,119.19842,Cloud to Ground,12476,0,13
2026-10-07T23:15:22.303291788Z,2.667263,119.205436,Cloud to Ground,27829,0,23
2026-10-07T23:15:22.247910075Z,2.661089,119.210305,Cloud to Ground,31057,0,20
2026-10-07T23:15:31.537642521Z,2.725646,119.142444,Cloud to Ground,-10151,0,10
2026-10-07T23:15:31.665611887Z,2.750655,119.181354,Cloud to Cloud,-9355,3532,17
2026-10-07T23:15:42.539477214Z,3.851025,119.589556,Cloud to Ground,-11010,0,10
2026-10-07T23:15:42.929765306Z,2.711265,119.229695,Cloud to Ground,-16388,0,15
2026-10-07T23:15:43.050788001Z,2.765299,119.155239,Cloud to Cloud,9345,9465,14
2026-10-07T23:15:50.409120393Z,9.972287,116.192775,Cloud to Ground,-71961,0,12
2026-10-07T23:15:50.446479982Z,9.990782,116.182652,Cloud to Cloud,-14595,4089,11
2026-10-07T23:15:51.193559302Z,2.621841,119.152713,Cloud to Cloud,-23883,3616,26
2026-10-07T23:15:52.490966043Z,5.126816,114.23069,Cloud to Cloud,-16573,3121,12
2026-10-07T23:15:52.368785421Z,4.943327,114.326388,Cloud to Ground,26139,0,13
2026-10-07T23:15:52.430534664Z,4.951825,114.319814,Cloud to Ground,41609,0,12
2026-10-07T23:15:52.446496570Z,4.971504,114.208751,Cloud to Cloud,-10358,7275,16
2026-10-07T23:15:58.000959567Z,16.340892,117.735486,Cloud to Cloud,-5012,17420,8
2026-10-07T23:15:57.925921317Z,16.347606,117.732991,Cloud to Cloud,7515,3120,11
2026-10-07T23:16:00.960019707Z,2.02546,110.109046,Cloud to Ground,-16941,0,19
2026-10-07T23:16:02.624549124Z,2.656087,119.197429,Cloud to Ground,23272,0,21
2026-10-07T23:16:03.389732269Z,6.022506,119.671954,Cloud to Ground,-17690,0,26
2026-10-07T23:16:05.674830546Z,15.21768,110.039896,Cloud to Cloud,-18254,3158,11
2026-10-07T23:16:15.809395577Z,1.792236,118.777434,Cloud to Ground,-9448,0,10
2026-10-07T23:16:15.805093330Z,1.810491,118.794745,Cloud to Ground,62001,0,18
2026-10-07T23:16:15.005510379Z,4.964945,114.27507,Cloud to Ground,11147,0,9
2026-10-07T23:16:20.921098495Z,2.551226,118.778928,Cloud to Ground,-23108,0,22
2026-10-07T23:16:21.019801809Z,3.043758,110.478497,Cloud to Ground,-39354,0,8
2026-10-07T23:16:21.050208872Z,3.02564,110.461375,Cloud to Ground,-12052,0,14
2026-10-07T23:16:22.917603879Z,2.64329,119.15376,Cloud to Ground,17622,0,21
2026-10-07T23:16:26.226308774Z,2.832929,110.153118,Cloud to Ground,10212,0,9
2026-10-07T23:16:29.555818382Z,9.291182,114.414884,Cloud to Cloud,-12175,11412,11
2026-10-07T23:16:29.111642937Z,9.376593,114.506123,Cloud to Ground,-9579,0,7
2026-10-07T23:16:29.397982168Z,9.403477,114.538591,Cloud to Cloud,-7504,3130,7
2026-10-07T23:16:29.554365834Z,9.420854,114.495347,Cloud to Cloud,17957,5688,8
2026-10-07T23:16:29.490161771Z,3.280701,118.275175,Cloud to Ground,-11935,0,16
2026-10-07T23:16:30.348870793Z,16.348526,117.780982,Cloud to Ground,-22180,0,13
2026-10-07T23:16:30.629623164Z,16.355996,117.777894,Cloud to Ground,-18400,0,15
2026-10-07T23:16:30.891395420Z,16.357004,117.78182,Cloud to Ground,-14044,0,15
2026-10-07T23:16:30.444584986Z,16.37012,117.813952,Cloud to Ground,-12972,0,11
2026-10-07T23:16:30.760893422Z,16.355695,117.78287,Cloud to Cloud,-12352,18342,9
2026-10-07T23:16:33.798326075Z,6.921647,116.448277,Cloud to Ground,-40958,0,12
2026-10-07T23:16:33.435819510Z,7.004812,116.458603,Cloud to Cloud,-12733,12733,7
2026-10-07T23:16:33.489333372Z,7.035213,116.418122,Cloud to Ground,41946,0,10
2026-10-07T23:16:37.574441370Z,3.070992,118.883458,Cloud to Ground,-13334,0,18
2026-10-07T23:16:37.589269934Z,3.047889,118.815181,Cloud to Ground,29496,0,9
2026-10-07T23:16:42.951603253Z,2.781218,119.129591,Cloud to Ground,9628,0,11
2026-10-07T23:16:42.482786439Z,17.443397,112.462973,Cloud to Cloud,3553,3035,7
2026-10-07T23:16:42.474212760Z,17.379688,112.523846,Cloud to Ground,26662,0,8
2026-10-07T23:16:44.457026793Z,17.138449,115.087731,Cloud to Ground,-44787,0,9
2026-10-07T23:16:47.528896000Z,4.9776,114.3,Cloud to Ground,-14554,0,7
2026-10-07T23:16:47.242758337Z,4.953774,114.296102,Cloud to Ground,10350,0,12
2026-10-07T23:16:49.688772306Z,12.925558,119.043111,Cloud to Ground,-39943,0,13
2026-10-07T23:16:49.813341611Z,12.928676,119.033792,Cloud to Ground,-18544,0,9
2026-10-07T23:16:50.180144252Z,12.925676,119.036728,Cloud to Ground,-14036,0,8
2026-10-07T23:16:49.882236154Z,12.928717,119.035596,Cloud to Ground,-9914,0,9
2026-10-07T23:16:50.123675703Z,12.925912,119.035092,Cloud to Ground,-7598,0,6
2026-10-07T23:16:50.017444963Z,12.92489,119.03345,Cloud to Ground,-6387,0,6
2026-10-07T23:16:57.222996991Z,16.125539,116.705619,Cloud to Ground,-8578,0,8
2026-10-07T23:16:57.285797693Z,16.165023,116.775948,Cloud to Cloud,7551,3028,5
2026-10-07T23:16:56.867397314Z,16.147737,116.789224,Cloud to Cloud,9541,6705,11
2026-10-07T23:16:57.225946743Z,16.153414,116.783821,Cloud to Cloud,10328,15093,10
2026-10-07T23:16:56.868039647Z,16.152055,116.789624,Cloud to Cloud,13326,3008,12
2026-10-07T23:16:56.864722994Z,16.148454,116.782718,Cloud to Cloud,18754,3000,12
2026-10-07T23:16:56.865789000Z,16.2005,116.7767,Cloud to Ground,80006,0,5
2026-10-07T23:16:58.620086447Z,5.340607,127.120159,Cloud to Ground,-27972,0,18
2026-10-07T23:16:59.420241772Z,5.869455,127.065789,Cloud to Ground,-63997,0,18
2026-10-07T23:16:58.622741789Z,5.866734,126.914559,Cloud to Ground,-35916,0,16
2026-10-07T23:16:58.623515081Z,5.886204,126.898878,Cloud to Cloud,-33708,18185,25
2026-10-07T23:16:59.560286771Z,5.778935,127.155714,Cloud to Ground,-30104,0,23
2026-10-07T23:16:59.443091019Z,5.812492,127.044564,Cloud to Ground,-30100,0,30
2026-10-07T23:16:59.697992724Z,5.876963,127.13357,Cloud to Ground,-11875,0,9
2026-10-07T23:16:59.201047219Z,5.812875,127.099373,Cloud to Cloud,-9797,14885,16
2026-10-07T23:16:59.199374000Z,5.8178,126.9874,Cloud to Ground,-2811,0,5
2026-10-07T23:16:58.635180305Z,5.825932,127.059436,Cloud to Ground,18302,0,13
2026-10-07T23:17:00.909541005Z,2.644439,119.175977,Cloud to Ground,-12389,0,11
2026-10-07T23:17:06.419563684Z,1.754599,118.77346,Cloud to Ground,-16862,0,19
2026-10-07T23:17:06.422820323Z,1.835372,118.760107,Cloud to Ground,-8834,0,10
2026-10-07T23:17:08.192757517Z,9.494971,126.66365,Cloud to Cloud,7100,19219,7
2026-10-07T23:17:11.535165766Z,9.383649,114.517403,Cloud to Ground,-5490,0,7
2026-10-07T23:17:14.169101000Z,6.055698,119.687909,Cloud to Ground,-21705,0,12
2026-10-07T23:17:14.219426032Z,6.029983,119.668088,Cloud to Ground,-20163,0,20
2026-10-07T23:17:14.675229048Z,6.021628,119.661907,Cloud to Cloud,-10870,13849,16
2026-10-07T23:17:16.754550000Z,2.0167,110.5352,Cloud to Ground,-11592,0,9
2026-10-07T23:17:23.069727591Z,3.363488,118.261668,Cloud to Cloud,-8233,18764,7
2026-10-07T23:17:23.055376408Z,3.358369,118.293482,Cloud to Ground,10862,0,8
2026-10-07T23:17:34.453177399Z,9.395856,114.545234,Cloud to Ground,-11519,0,9
2026-10-07T23:17:34.140124878Z,9.416995,114.425526,Cloud to Cloud,-16516,14477,11
2026-10-07T23:17:36.883623695Z,2.883924,110.083337,Cloud to Ground,-16426,0,8
2026-10-07T23:17:38.993974431Z,9.470138,126.681006,Cloud to Ground,23959,0,10
2026-10-07T23:17:44.692490773Z,3.026168,120.346674,Cloud to Ground,10858,0,8
2026-10-07T23:17:49.597076660Z,4.967672,114.278789,Cloud to Cloud,-9784,3080,6
2026-10-07T23:17:50.129461618Z,16.390271,117.749076,Cloud to Ground,-22900,0,16
2026-10-07T23:17:50.155519548Z,16.385295,117.77697,Cloud to Ground,-18380,0,14
2026-10-07T23:17:50.485417034Z,16.394614,117.775441,Cloud to Ground,-16267,0,8
2026-10-07T23:17:50.076981000Z,16.4392,117.8829,Cloud to Ground,57935,0,5
2026-10-07T23:18:02.901100015Z,2.680416,119.221059,Cloud to Ground,-54252,0,14
2026-10-07T23:18:02.928954575Z,2.678801,119.20992,Cloud to Cloud,-20493,3060,17
2026-10-07T23:18:02.893966006Z,2.678311,119.219423,Cloud to Ground,-17330,0,12
2026-10-07T23:18:02.936675576Z,2.663592,119.209495,Cloud to Ground,-11989,0,14
2026-10-07T23:18:02.924696252Z,9.970581,132.736997,Cloud to Ground,18966,0,11
2026-10-07T23:18:02.926754478Z,10.043255,132.676662,Cloud to Ground,-16300,0,14
2026-10-07T23:18:05.225596655Z,1.805787,118.842663,Cloud to Ground,-16929,0,16
2026-10-07T23:18:05.060031403Z,1.795785,118.862802,Cloud to Ground,-11830,0,13
2026-10-07T23:18:04.612629266Z,1.79854,118.78421,Cloud to Ground,16661,0,12
2026-10-07T23:18:04.611934109Z,1.817386,118.798609,Cloud to Ground,35706,0,20
2026-10-07T23:18:05.255879819Z,1.830978,118.637443,Cloud to Ground,-28075,0,20
2026-10-07T23:18:05.224737957Z,1.960463,118.925217,Cloud to Ground,41647,0,24
2026-10-07T23:18:05.257381355Z,1.70268,119.124322,Cloud to Ground,-10728,0,23
2026-10-07T23:18:07.533013877Z,19.380788,112.541997,Cloud to Cloud,4821,3029,6
2026-10-07T23:18:07.528556535Z,19.373179,112.546862,Cloud to Cloud,11029,19162,7
2026-10-07T23:18:07.531318755Z,19.384885,112.538681,Cloud to Cloud,12622,3291,6
2026-10-07T23:18:07.987773226Z,19.402194,112.416511,Cloud to Ground,-67619,0,11
2026-10-07T23:18:08.022669000Z,19.4363,112.378,Cloud to Ground,-5445,0,7
2026-10-07T23:18:12.666927045Z,9.506735,126.730899,Cloud to Ground,-12365,0,7
2026-10-07T23:18:19.661784371Z,5.949086,119.747117,Cloud to Cloud,-12112,5438,14
2026-10-07T23:18:19.481265000Z,5.9859,119.6726,Cloud to Ground,24517,0,6
2026-10-07T23:18:21.587270215Z,19.414587,112.479991,Cloud to Cloud,-10739,3869,7
2026-10-07T23:18:22.666157326Z,1.937579,110.31289,Cloud to Ground,13412,0,10
2026-10-07T23:18:22.332687000Z,1.9828,110.2761,Cloud to Ground,25802,0,5
2026-10-07T23:18:29.589935275Z,9.250981,114.482182,Cloud to Cloud,-10474,3004,10
2026-10-07T23:18:29.600769504Z,9.36228,114.547014,Cloud to Ground,-32981,0,12
2026-10-07T23:18:30.270062475Z,9.362613,114.532234,Cloud to Ground,-9972,0,7
2026-10-07T23:18:29.773097000Z,9.433,114.5905,Cloud to Ground,18916,0,6
2026-10-07T23:18:30.663758152Z,9.464366,114.47924,Cloud to Cloud,-5469,10162,7
2026-10-07T23:18:31.426908210Z,16.160482,116.767093,Cloud to Ground,-72032,0,12
2026-10-07T23:18:31.471270583Z,16.193661,116.764566,Cloud to Ground,-29220,0,13
2026-10-07T23:18:31.516178467Z,16.151011,116.775991,Cloud to Cloud,-13888,10781,12
2026-10-07T23:18:31.459743373Z,16.12542,116.670417,Cloud to Cloud,9138,4973,8
2026-10-07T23:18:32.447824662Z,4.96628,114.274806,Cloud to Cloud,-9489,4345,6
2026-10-07T23:18:54.169590000Z,9.4908,126.7317,Cloud to Ground,-12082,0,7
2026-10-07T23:18:54.352201669Z,9.452577,126.802092,Cloud to Ground,-9168,0,7
2026-10-07T23:18:54.131342204Z,5.023777,114.241093,Cloud to Ground,-9186,0,13
2026-10-07T23:18:55.410277454Z,14.633903,123.751184,Cloud to Ground,-55268,0,15
2026-10-07T23:18:55.480108270Z,14.667181,123.770606,Cloud to Ground,-34002,0,14
2026-10-07T23:18:55.480744584Z,14.651491,123.733117,Cloud to Cloud,-12864,16546,8
2026-10-07T23:18:58.788618457Z,16.355588,117.770411,Cloud to Ground,13361,0,10
2026-10-07T23:19:06.507180402Z,2.056692,110.183752,Cloud to Ground,-21596,0,14
2026-10-07T23:19:06.829818114Z,2.084282,110.241852,Cloud to Ground,-11388,0,6
2026-10-07T23:19:06.808755833Z,2.101894,110.273679,Cloud to Cloud,-9667,17816,12
2026-10-07T23:19:09.523803222Z,1.780865,118.829794,Cloud to Ground,-19132,0,16
2026-10-07T23:19:12.212409936Z,5.015448,114.270957,Cloud to Ground,-12158,0,13
2026-10-07T23:19:12.324072301Z,4.980243,114.313757,Cloud to Ground,21845,0,14
2026-10-07T23:19:22.080454252Z,3.822018,119.574982,Cloud to Cloud,-10835,9600,9
2026-10-07T23:19:28.077680984Z,3.284508,118.287312,Cloud to Ground,-20148,0,22
2026-10-07T23:19:27.808896767Z,3.277072,118.278211,Cloud to Ground,13109,0,13
2026-10-07T23:19:33.667306448Z,16.253737,116.704962,Cloud to Ground,14546,0,8
2026-10-07T23:19:33.818106376Z,16.125669,116.694391,Cloud to Cloud,-4052,10724,5
2026-10-07T23:19:33.664160824Z,16.172801,116.777192,Cloud to Cloud,12039,17271,12
2026-10-07T23:19:40.820980527Z,9.257422,133.354289,Cloud to Ground,19906,0,16
2026-10-07T23:19:51.144021262Z,15.73899,122.215068,Cloud to Cloud,3763,15914,8
2026-10-07T23:19:51.082311840Z,15.783737,122.224296,Cloud to Cloud,4651,17216,5
2026-10-07T23:19:51.101065833Z,15.761212,122.211546,Cloud to Cloud,5509,3473,8
2026-10-07T23:19:51.076361316Z,15.774308,122.202535,Cloud to Cloud,7664,19719,11
2026-10-07T23:19:51.077201785Z,15.76786,122.226725,Cloud to Cloud,11665,8714,9
2026-10-07T23:19:51.074999836Z,15.771698,122.200688,Cloud to Ground,18171,0,13
2026-10-07T23:20:00.245923059Z,5.780404,127.054373,Cloud to Ground,-17150,0,14
2026-10-07T23:19:59.703852266Z,5.842739,127.057435,Cloud to Ground,-13902,0,9
2026-10-07T23:19:59.478961263Z,5.754801,127.077559,Cloud to Ground,37109,0,30
2026-10-07T23:20:09.032833286Z,8.074776,110.119379,Cloud to Ground,-47638,0,11
2026-10-07T23:20:09.019291799Z,8.09166,110.130076,Cloud to Ground,-18211,0,8
2026-10-07T23:20:09.284395245Z,17.603801,112.676222,Cloud to Cloud,-17377,7803,7
2026-10-07T23:20:09.282589197Z,17.591945,112.673117,Cloud to Cloud,-15393,16615,7
2026-10-07T23:20:08.756178822Z,17.591347,112.619398,Cloud to Cloud,-9799,3075,10
2026-10-07T23:20:08.837047605Z,17.561285,112.577727,Cloud to Cloud,-7589,4422,7
2026-10-07T23:20:11.519870198Z,5.886317,119.732675,Cloud to Ground,-11190,0,20
2026-10-07T23:20:14.392408632Z,2.055052,110.225227,Cloud to Ground,-16270,0,12
2026-10-07T23:20:17.961779592Z,9.516684,126.658047,Cloud to Cloud,-6242,19666,12
2026-10-07T23:20:18.306129000Z,9.4904,126.7289,Cloud to Ground,-3921,0,5
2026-10-07T23:20:19.570732516Z,11.819739,120.100979,Cloud to Ground,-28540,0,11
2026-10-07T23:20:21.729706728Z,15.251597,121.955908,Cloud to Cloud,-6271,4983,11
2026-10-07T23:20:25.045692214Z,1.801899,118.816219,Cloud to Ground,-7693,0,12
2026-10-07T23:20:25.022103685Z,1.768412,118.83793,Cloud to Ground,36098,0,15
2026-10-07T23:20:36.388024526Z,16.360793,117.748389,Cloud to Ground,-167647,0,14
2026-10-07T23:20:36.455503369Z,16.355722,117.763099,Cloud to Ground,-30585,0,14
2026-10-07T23:20:36.384140220Z,16.302767,117.773076,Cloud to Ground,-11657,0,11
2026-10-07T23:20:36.385059170Z,16.352655,117.750157,Cloud to Cloud,-10718,4621,13
2026-10-07T23:20:36.424446090Z,16.341186,117.748355,Cloud to Cloud,-10479,3008,8
2026-10-07T23:20:38.520666337Z,17.062454,115.90049,Cloud to Ground,-23677,0,13
2026-10-07T23:20:38.619059066Z,17.074006,115.896778,Cloud to Ground,-17387,0,11
2026-10-07T23:20:38.496765113Z,17.059117,115.901148,Cloud to Ground,-5548,0,8
2026-10-07T23:20:38.577315421Z,17.059842,115.887098,Cloud to Cloud,4754,7236,7
2026-10-07T23:20:39.129231000Z,19.3889,112.5362,Cloud to Ground,-33758,0,5
2026-10-07T23:20:40.915882575Z,9.503794,126.570954,Cloud to Ground,37374,0,7
2026-10-07T23:20:41.445760404Z,2.747097,119.971622,Cloud to Cloud,-16979,8022,20
2026-10-07T23:20:42.822422408Z,1.812956,118.743302,Cloud to Ground,-9449,0,20
2026-10-07T23:20:42.099943979Z,16.019113,116.622072,Cloud to Cloud,13572,3168,7
2026-10-07T23:20:42.099068132Z,16.043346,116.714994,Cloud to Cloud,21289,18847,12
2026-10-07T23:20:49.307293010Z,1.965987,110.280753,Cloud to Ground,-46872,0,9
2026-10-07T23:20:49.113675957Z,10.274466,110.195301,Cloud to Ground,-24957,0,11
2026-10-07T23:20:48.991928427Z,10.308943,110.216861,Cloud to Cloud,-16788,6626,10
2026-10-07T23:20:49.062599382Z,10.302212,110.203562,Cloud to Cloud,-11358,5166,10
2026-10-07T23:20:49.971871624Z,1.783823,119.018811,Cloud to Ground,12572,0,15
2026-10-07T23:20:50.038069109Z,1.812375,119.077591,Cloud to Ground,27533,0,15
2026-10-07T23:20:51.918969694Z,12.888046,119.056033,Cloud to Ground,-10665,0,9
2026-10-07T23:20:51.784273119Z,12.887856,119.030753,Cloud to Ground,15042,0,6
2026-10-07T23:20:57.904184760Z,4.989798,114.187573,Cloud to Ground,-29280,0,10
2026-10-07T23:20:57.963770407Z,5.025841,114.276397,Cloud to Ground,-19938,0,18
2026-10-07T23:20:58.001203767Z,4.979034,114.277303,Cloud to Ground,-11636,0,6
2026-10-07T23:20:58.226063326Z,5.011226,114.30721,Cloud to Cloud,6493,6088,6
2026-10-07T23:20:57.838828195Z,4.940102,114.32293,Cloud to Ground,38418,0,21
2026-10-07T23:21:11.524977000Z,8.0703,110.1887,Cloud to Ground,-100979,0,5
2026-10-07T23:21:13.653565011Z,5.984556,119.687506,Cloud to Cloud,-20958,13419,13
2026-10-07T23:21:13.891111524Z,5.989307,119.693086,Cloud to Ground,-20180,0,22
2026-10-07T23:21:13.811535052Z,5.994346,119.71936,Cloud to Ground,-18702,0,13
2026-10-07T23:21:13.801086393Z,5.968919,119.675846,Cloud to Cloud,-16374,15567,15
2026-10-07T23:21:18.853326000Z,1.9771,110.1807,Cloud to Ground,-23703,0,8
2026-10-07T23:21:20.010221322Z,16.366127,117.736242,Cloud to Ground,-58834,0,12
2026-10-07T23:21:20.067305578Z,16.348538,117.739197,Cloud to Ground,-35399,0,15
2026-10-07T23:21:20.116688016Z,16.366665,117.74294,Cloud to Ground,-24742,0,14
2026-10-07T23:21:22.810235689Z,1.900356,118.692143,Cloud to Ground,-127397,0,22
2026-10-07T23:21:22.841934014Z,1.807096,118.732191,Cloud to Ground,-31536,0,23
2026-10-07T23:21:22.230740175Z,1.877029,118.759333,Cloud to Ground,-16348,0,11
2026-10-07T23:21:22.232788230Z,1.856916,118.77551,Cloud to Ground,-10678,0,11
2026-10-07T23:21:22.900685411Z,1.786826,118.729159,Cloud to Ground,26637,0,11
2026-10-07T23:21:24.930207857Z,2.652343,119.306621,Cloud to Ground,-58160,0,19
2026-10-07T23:21:24.921879293Z,2.665181,119.31816,Cloud to Cloud,-13515,13502,18
2026-10-07T23:21:24.586988638Z,2.742196,119.193205,Cloud to Ground,-10796,0,15
2026-10-07T23:21:24.551091957Z,2.675149,119.21336,Cloud to Ground,16906,0,11
2026-10-07T23:21:24.628390884Z,2.64754,119.291085,Cloud to Ground,46848,0,19
2026-10-07T23:21:24.931226993Z,2.669546,119.103535,Cloud to Cloud,-11510,17506,8
2026-10-07T23:21:26.545577865Z,9.39369,114.518414,Cloud to Cloud,-15303,6136,11
2026-10-07T23:21:26.507977697Z,9.408078,114.540071,Cloud to Ground,36925,0,14
2026-10-07T23:21:26.366819426Z,9.405916,114.515277,Cloud to Ground,70702,0,12
2026-10-07T23:21:27.931340993Z,9.487999,126.681088,Cloud to Cloud,7077,18623,7
2026-10-07T23:21:27.628429622Z,9.468671,126.696098,Cloud to Cloud,12628,4915,9
2026-10-07T23:21:30.897498609Z,17.501244,112.630963,Cloud to Cloud,-9262,16964,8
2026-10-07T23:21:30.899869733Z,17.488076,112.635359,Cloud to Cloud,-6466,13691,7
2026-10-07T23:21:33.463964309Z,3.346834,118.259001,Cloud to Ground,-13276,0,9
2026-10-07T23:21:33.463275044Z,3.355923,118.284753,Cloud to Ground,-9472,0,8
2026-10-07T23:21:38.055674341Z,11.957258,121.688754,Cloud to Cloud,4176,4270,5
2026-10-07T23:21:38.064530374Z,11.9639,121.682809,Cloud to Cloud,6217,5744,7
2026-10-07T23:21:40.286143544Z,5.776289,127.075965,Cloud to Ground,-120501,0,22
2026-10-07T23:21:39.661290780Z,5.762333,126.992936,Cloud to Cloud,7387,6685,7
2026-10-07T23:21:40.249527490Z,10.368686,110.178874,Cloud to Ground,-50593,0,7
2026-10-07T23:21:45.066390919Z,19.386075,112.460758,Cloud to Cloud,-6591,8797,9
2026-10-07T23:21:53.561015829Z,14.656266,123.761989,Cloud to Ground,-131505,0,11
2026-10-07T23:21:53.621226268Z,14.663379,123.782215,Cloud to Ground,-15895,0,7
2026-10-07T23:21:53.657010925Z,14.661111,123.780196,Cloud to Ground,-14470,0,11
2026-10-07T23:21:53.581369411Z,14.610628,123.708862,Cloud to Cloud,-6200,15205,7
2026-10-07T23:22:07.417927541Z,16.357155,117.738576,Cloud to Cloud,-57353,3637,14
2026-10-07T23:22:07.518737165Z,16.373062,117.738296,Cloud to Ground,-21880,0,12
2026-10-07T23:22:07.617277999Z,16.370232,117.704872,Cloud to Ground,-18066,0,12
2026-10-07T23:22:07.557186322Z,16.36581,117.720532,Cloud to Ground,-10267,0,10
2026-10-07T23:22:11.541215674Z,5.990902,119.711229,Cloud to Ground,-19976,0,16
2026-10-07T23:22:12.513756378Z,8.052349,110.153808,Cloud to Ground,-39943,0,10
2026-10-07T23:22:12.668324557Z,8.112401,110.098276,Cloud to Ground,-36813,0,19
2026-10-07T23:22:12.778169000Z,8.0628,110.1396,Cloud to Ground,-29988,0,6
2026-10-07T23:22:12.877757738Z,8.108809,110.081709,Cloud to Ground,-14795,0,10
2026-10-07T23:22:16.037767686Z,1.823862,118.905404,Cloud to Ground,11751,0,8
2026-10-07T23:22:20.930618438Z,17.072925,115.908968,Cloud to Ground,-24921,0,12
2026-10-07T23:22:23.265957916Z,10.163849,110.122881,Cloud to Cloud,-9541,16134,7
2026-10-07T23:22:23.216151752Z,10.270172,110.189128,Cloud to Ground,-57267,0,21
2026-10-07T23:22:23.297665989Z,10.288684,110.213656,Cloud to Ground,-21628,0,9
2026-10-07T23:22:25.810018470Z,5.646861,126.672636,Cloud to Ground,-17501,0,24
2026-10-07T23:22:25.691573004Z,9.491281,126.704296,Cloud to Cloud,9684,9473,10
2026-10-07T23:22:25.146071000Z,16.1904,116.7861,Cloud to Ground,-32529,0,8
2026-10-07T23:22:25.143802410Z,16.181354,116.771788,Cloud to Cloud,8206,5864,7
2026-10-07T23:22:25.144995958Z,16.178946,116.773145,Cloud to Cloud,15922,6298,10
2026-10-07T23:22:34.726674536Z,1.973664,110.163289,Cloud to Ground,-57190,0,18
2026-10-07T23:22:35.026012817Z,1.956082,110.120662,Cloud to Ground,-20143,0,15
2026-10-07T23:22:34.748227710Z,2.025339,110.105042,Cloud to Ground,21427,0,8
2026-10-07T23:22:37.350668743Z,9.203664,114.452332,Cloud to Cloud,4868,15504,6
2026-10-07T23:22:47.804237694Z,15.770872,122.234787,Cloud to Ground,-27239,0,14
2026-10-07T23:22:47.870920986Z,15.737908,122.192906,Cloud to Cloud,-3769,7504,6
2026-10-07T23:22:47.806441884Z,15.669686,122.229376,Cloud to Cloud,11578,7256,8
2026-10-07T23:22:53.112152678Z,16.33885,118.220734,Cloud to Cloud,-3768,19955,7
2026-10-07T23:22:53.113906640Z,16.326748,118.217845,Cloud to Cloud,-3394,3481,6
2026-10-07T23:22:53.146747881Z,16.32946,118.201686,Cloud to Cloud,6146,7642,6
2026-10-07T23:22:53.110979392Z,16.26293,118.276415,Cloud to Cloud,29098,6287,8
2026-10-07T23:22:53.933062010Z,16.365788,117.75585,Cloud to Ground,-35749,0,16
2026-10-07T23:22:53.974065606Z,16.374454,117.735929,Cloud to Ground,-29926,0,12
2026-10-07T23:22:54.077785015Z,16.364235,117.739287,Cloud to Ground,-16780,0,12
2026-10-07T23:22:54.142683268Z,16.366731,117.760451,Cloud to Ground,-16678,0,13
2026-10-07T23:22:54.363912091Z,16.366459,117.763772,Cloud to Ground,-13344,0,9
2026-10-07T23:22:54.439634371Z,16.368892,117.761918,Cloud to Ground,-7602,0,9
2026-10-07T23:22:57.484294272Z,2.941949,110.132035,Cloud to Ground,-13340,0,12
2026-10-07T23:23:00.675555881Z,14.576486,123.794499,Cloud to Cloud,14889,18897,9
2026-10-07T23:23:10.404525082Z,9.314179,114.438349,Cloud to Cloud,7228,3056,7
2026-10-07T23:23:10.396737957Z,16.169252,116.780592,Cloud to Cloud,-19428,3010,12
2026-10-07T23:23:10.397936929Z,16.174588,116.7768,Cloud to Cloud,-10258,3061,8
2026-10-07T23:23:16.268405807Z,5.782809,127.169283,Cloud to Ground,-48072,0,29
2026-10-07T23:23:15.657717612Z,5.798132,127.125579,Cloud to Ground,-14250,0,12
2026-10-07T23:23:15.354176126Z,5.81724,127.065765,Cloud to Cloud,-10441,18118,12
2026-10-07T23:23:19.160856226Z,10.217124,110.221642,Cloud to Ground,-14164,0,7
2026-10-07T23:23:19.151334482Z,10.237806,110.12222,Cloud to Ground,-9147,0,5
2026-10-07T23:23:19.047677383Z,10.283923,110.095915,Cloud to Cloud,12492,14412,8
2026-10-07T23:23:19.046470000Z,10.2424,110.1339,Cloud to Ground,21908,0,7
2026-10-07T23:23:21.374207444Z,2.041548,110.189542,Cloud to Ground,-28498,0,17
2026-10-07T23:23:21.516939241Z,2.026634,110.174313,Cloud to Ground,-20076,0,16
2026-10-07T23:23:31.542855769Z,6.005422,119.683275,Cloud to Cloud,-33769,3273,23
2026-10-07T23:23:32.738294126Z,5.644366,126.778184,Cloud to Ground,9528,0,10
2026-10-07T23:23:38.791282000Z,10.3026,110.1462,Cloud to Ground,13298,0,8
2026-10-07T23:23:43.752770842Z,17.025802,115.958773,Cloud to Ground,-8062,0,10
2026-10-07T23:23:47.417077103Z,16.171457,116.768383,Cloud to Cloud,-27723,3001,13
2026-10-07T23:23:47.473093358Z,16.165274,116.768571,Cloud to Ground,-23539,0,11
2026-10-07T23:23:47.550383981Z,16.167151,116.764498,Cloud to Ground,-23478,0,9
2026-10-07T23:23:47.576099636Z,16.17397,116.768257,Cloud to Cloud,-19044,5415,7
2026-10-07T23:23:47.403243616Z,16.194566,116.797531,Cloud to Cloud,-11452,18364,8
2026-10-07T23:23:47.502810369Z,16.172214,116.767475,Cloud to Cloud,-10489,8899,9
2026-10-07T23:23:47.847289586Z,9.478269,126.677961,Cloud to Ground,12251,0,8
2026-10-07T23:23:48.033335552Z,9.497115,126.714013,Cloud to Ground,14015,0,8
2026-10-07T23:23:51.343583947Z,10.200528,110.124039,Cloud to Ground,-24333,0,10
2026-10-07T23:23:51.380056000Z,10.1253,110.2834,Cloud to Ground,8354,0,8
2026-10-07T23:23:52.902839228Z,2.680034,119.222935,Cloud to Ground,25868,0,14
2026-10-07T23:23:53.307688860Z,2.5838,119.211558,Cloud to Ground,14805,0,20
2026-10-07T23:23:53.187253463Z,2.592129,119.121497,Cloud to Ground,-94666,0,32
2026-10-07T23:23:54.374326072Z,2.764565,119.977778,Cloud to Ground,-7563,0,11
2026-10-07T23:23:54.768515035Z,2.716125,120.003664,Cloud to Ground,26463,0,20
2026-10-07T23:23:54.745294284Z,2.720308,120.005741,Cloud to Ground,60011,0,25
2026-10-07T23:23:56.000143052Z,17.073151,115.901408,Cloud to Ground,-22460,0,13
2026-10-07T23:24:00.506627615Z,11.956509,121.703772,Cloud to Cloud,7114,3886,5
2026-10-07T23:24:00.492773910Z,11.897223,121.72383,Cloud to Cloud,15245,3073,6
2026-10-07T23:24:03.135788555Z,1.795701,118.867892,Cloud to Ground,-15229,0,15
2026-10-07T23:24:03.132354731Z,1.797703,119.015559,Cloud to Ground,-10934,0,9
2026-10-07T23:24:03.299731957Z,1.843653,119.075376,Cloud to Ground,-10880,0,17
2026-10-07T23:24:04.512836190Z,14.649383,123.742099,Cloud to Cloud,9148,19798,11
2026-10-07T23:24:05.571696720Z,9.36512,114.437661,Cloud to Cloud,-7348,6431,6
2026-10-07T23:24:05.357366889Z,9.373039,114.405469,Cloud to Ground,13055,0,11
2026-10-07T23:24:07.029638030Z,9.453234,126.709689,Cloud to Ground,20218,0,12
2026-10-07T23:24:07.870148925Z,3.357882,118.260369,Cloud to Ground,-11378,0,10
2026-10-07T23:24:10.804738317Z,9.496719,126.771093,Cloud to Ground,-6818,0,11
2026-10-07T23:24:10.536000788Z,9.526334,126.792465,Cloud to Ground,13997,0,16
2026-10-07T23:24:10.873668073Z,9.459616,126.807559,Cloud to Ground,21799,0,13
2026-10-07T23:24:23.404191905Z,9.56209,126.787959,Cloud to Ground,14247,0,7
2026-10-07T23:24:24.371909054Z,9.564582,114.267715,Cloud to Ground,15608,0,14
2026-10-07T23:24:25.139110453Z,8.402126,111.056809,Cloud to Ground,-35067,0,20
2026-10-07T23:24:25.116351908Z,8.381539,111.107372,Cloud to Ground,-18342,0,10
2026-10-07T23:24:26.433431442Z,8.110637,110.15221,Cloud to Ground,-58600,0,11
2026-10-07T23:24:26.995832410Z,19.349823,112.370995,Cloud to Cloud,-11712,7310,9
2026-10-07T23:24:28.060272034Z,15.1749,121.974632,Cloud to Cloud,13625,9334,12
2026-10-07T23:24:28.059635431Z,15.19624,121.973553,Cloud to Ground,22166,0,8
2026-10-07T23:24:30.936633915Z,15.751741,122.195336,Cloud to Cloud,-11698,13326,8
2026-10-07T23:24:30.940800416Z,15.758041,122.188835,Cloud to Cloud,9083,8339,6
2026-10-07T23:24:38.971583482Z,9.539233,126.782937,Cloud to Ground,18422,0,14
2026-10-07T23:24:40.338990172Z,16.187359,116.767852,Cloud to Cloud,4434,3079,10
2026-10-07T23:24:40.327749939Z,16.181444,116.763323,Cloud to Cloud,14900,19660,11
2026-10-07T23:24:40.342645765Z,16.267926,116.676391,Cloud to Ground,16325,0,7
2026-10-07T23:24:40.333008346Z,16.051987,116.884253,Cloud to Ground,19929,0,9
2026-10-07T23:24:46.819476176Z,9.501387,126.683213,Cloud to Ground,-12487,0,14
2026-10-07T23:24:46.315922908Z,9.526087,126.720337,Cloud to Ground,13312,0,14
2026-10-07T23:24:46.729614227Z,1.888996,118.797706,Cloud to Ground,-11257,0,10
2026-10-07T23:24:46.734448836Z,1.889668,118.795862,Cloud to Cloud,-10778,3322,10
2026-10-07T23:24:47.947382377Z,5.986312,119.683213,Cloud to Ground,-23854,0,28
2026-10-07T23:24:47.717564547Z,1.794909,118.672653,Cloud to Ground,-20976,0,23
2026-10-07T23:24:47.740328945Z,1.847621,118.630873,Cloud to Ground,12175,0,17
2026-10-07T23:24:47.295447276Z,1.797145,118.928625,Cloud to Cloud,-11857,3494,11
2026-10-07T23:24:46.730397554Z,1.797395,118.824129,Cloud to Ground,-10218,0,10
2026-10-07T23:24:47.293754187Z,1.786425,118.891596,Cloud to Ground,10995,0,18
2026-10-07T23:24:47.470546909Z,1.779612,118.88188,Cloud to Ground,20555,0,13
2026-10-07T23:24:47.214873617Z,1.79067,118.898289,Cloud to Ground,64703,0,18
2026-10-07T23:24:48.215092814Z,5.964355,119.791683,Cloud to Ground,13540,0,8
2026-10-07T23:24:59.091210792Z,16.419342,117.964653,Cloud to Ground,-8927,0,8
2026-10-07T23:25:01.897166737Z,17.024016,115.875071,Cloud to Ground,-16157,0,8
2026-10-07T23:25:04.825740949Z,16.29887,117.739462,Cloud to Ground,-271846,0,15
2026-10-07T23:25:06.117898991Z,16.345884,117.736788,Cloud to Ground,-26984,0,12
2026-10-07T23:25:06.175767819Z,16.360632,117.735259,Cloud to Ground,-21752,0,12
2026-10-07T23:25:07.802845999Z,2.057288,110.203486,Cloud to Ground,-10003,0,7
2026-10-07T23:25:17.061832981Z,2.7651,119.99412,Cloud to Ground,11648,0,10
2026-10-07T23:25:17.064164411Z,2.759539,119.972005,Cloud to Ground,14094,0,17
2026-10-07T23:25:18.000502637Z,10.17735,110.149547,Cloud to Ground,8425,0,8
2026-10-07T23:25:17.838137657Z,10.153158,110.141116,Cloud to Ground,13094,0,6
2026-10-07T23:25:17.829558950Z,10.224422,110.149314,Cloud to Ground,19527,0,10
2026-10-07T23:25:17.890732819Z,10.168639,110.108052,Cloud to Ground,24036,0,11
2026-10-07T23:25:21.328864146Z,9.481185,126.815697,Cloud to Ground,31294,0,11
2026-10-07T23:25:28.979992787Z,1.860074,118.903063,Cloud to Ground,-13493,0,13
2026-10-07T23:25:47.189700601Z,6.025145,119.707402,Cloud to Ground,-12218,0,7
2026-10-07T23:25:46.983348645Z,6.008073,119.682194,Cloud to Ground,-11706,0,14
2026-10-07T23:25:48.325662014Z,3.07324,118.79926,Cloud to Ground,-26425,0,29
2026-10-07T23:25:48.396489684Z,3.048895,118.881422,Cloud to Ground,25783,0,22
2026-10-07T23:25:48.287827220Z,3.065751,118.909808,Cloud to Ground,32884,0,27
2026-10-07T23:25:50.019413889Z,9.533034,126.760416,Cloud to Cloud,-12086,18737,17
2026-10-07T23:25:49.591015857Z,9.479749,126.828935,Cloud to Ground,15448,0,7
2026-10-07T23:25:50.711372229Z,3.385276,118.246019,Cloud to Ground,-10636,0,13
2026-10-07T23:25:57.396686326Z,17.596853,112.56863,Cloud to Cloud,-7366,7645,7
2026-10-07T23:25:57.457102524Z,17.612802,112.606891,Cloud to Cloud,4835,19008,8
2026-10-07T23:25:57.386523827Z,17.585951,112.584787,Cloud to Cloud,8165,10002,8
2026-10-07T23:25:57.387604219Z,17.589297,112.581522,Cloud to Cloud,11390,3133,7
2026-10-07T23:25:57.393864083Z,17.594075,112.571631,Cloud to Cloud,14272,4110,6
2026-10-07T23:25:59.295210411Z,8.038922,110.038251,Cloud to Cloud,-94533,13319,11
2026-10-07T23:25:59.401615399Z,8.05968,110.027965,Cloud to Ground,-20809,0,10
2026-10-07T23:25:59.545559140Z,8.068175,110.022826,Cloud to Ground,-20469,0,11
2026-10-07T23:25:59.249587334Z,9.354414,114.401443,Cloud to Ground,-25470,0,9
2026-10-07T23:25:59.222798090Z,9.370055,114.473304,Cloud to Cloud,-18688,10211,12
2026-10-07T23:25:59.257689306Z,9.375405,114.516657,Cloud to Cloud,-12021,13141,10
2026-10-07T23:25:59.179994844Z,9.397233,114.504901,Cloud to Ground,95816,0,9
2026-10-07T23:26:07.287280487Z,9.467024,126.730473,Cloud to Ground,-9385,0,5
2026-10-07T23:26:07.143504364Z,9.44798,126.63655,Cloud to Cloud,6484,17496,8
2026-10-07T23:26:07.110928135Z,9.367114,126.768177,Cloud to Cloud,6339,7641,7
2026-10-07T23:26:07.637609102Z,1.991227,110.05951,Cloud to Ground,-39009,0,26
2026-10-07T23:26:07.663200532Z,1.977565,110.076755,Cloud to Ground,-16186,0,15
2026-10-07T23:26:07.639590325Z,2.046582,110.162607,Cloud to Ground,-14070,0,14
2026-10-07T23:26:07.684396550Z,1.964512,110.161016,Cloud to Ground,-10976,0,14
2026-10-07T23:26:09.571421782Z,2.763544,119.972194,Cloud to Ground,15335,0,16
2026-10-07T23:26:10.430553860Z,17.064429,115.897903,Cloud to Ground,-22807,0,15
2026-10-07T23:26:10.451034147Z,17.062991,115.895576,Cloud to Ground,-8186,0,10
2026-10-07T23:26:11.075512862Z,9.466045,126.672092,Cloud to Ground,16834,0,14
2026-10-07T23:26:13.389905787Z,16.178033,116.779359,Cloud to Ground,-75567,0,11
2026-10-07T23:26:13.478107605Z,16.16796,116.770895,Cloud to Cloud,-16943,5777,12
2026-10-07T23:26:13.416807269Z,16.163919,116.769302,Cloud to Ground,-11461,0,12
2026-10-07T23:26:13.384320776Z,16.17963,116.74945,Cloud to Ground,-11043,0,8
2026-10-07T23:26:14.047593475Z,16.175177,116.765816,Cloud to Cloud,-5045,16817,6
2026-10-07T23:26:13.451320316Z,16.144158,116.768647,Cloud to Ground,10857,0,14
2026-10-07T23:26:13.407946800Z,16.179012,116.768744,Cloud to Cloud,13233,16409,10
2026-10-07T23:26:13.428518121Z,16.171717,116.752819,Cloud to Cloud,13321,19411,6
2026-10-07T23:26:13.480507688Z,16.177072,116.752392,Cloud to Cloud,14542,3024,12
2026-10-07T23:26:16.333511223Z,5.662033,126.716985,Cloud to Ground,-10789,0,7
2026-10-07T23:26:16.335971000Z,5.6872,126.7348,Cloud to Ground,-8193,0,5
2026-10-07T23:26:16.332861639Z,5.658039,126.757992,Cloud to Ground,19961,0,11
2026-10-07T23:26:28.273765593Z,6.041426,119.727911,Cloud to Ground,-17977,0,18
2026-10-07T23:26:27.869430843Z,5.997237,119.678718,Cloud to Ground,-15436,0,10
2026-10-07T23:26:27.982341252Z,5.97859,119.666986,Cloud to Ground,-11872,0,13
2026-10-07T23:26:28.108663619Z,6.023091,119.718467,Cloud to Ground,-10822,0,15
2026-10-07T23:26:29.833596893Z,10.241884,110.157427,Cloud to Ground,8654,0,6
2026-10-07T23:26:32.081290051Z,15.809843,122.173221,Cloud to Cloud,10845,4542,12
2026-10-07T23:26:32.081986242Z,15.822287,122.165497,Cloud to Cloud,12031,19953,7
2026-10-07T23:26:32.844111464Z,16.446487,117.942551,Cloud to Ground,-13196,0,11
2026-10-07T23:26:33.608607126Z,3.317858,118.289432,Cloud to Ground,9779,0,9
2026-10-07T23:26:39.532437542Z,19.342714,112.42108,Cloud to Ground,-41622,0,20
2026-10-07T23:26:41.008404451Z,2.832028,110.146198,Cloud to Ground,-42379,0,21
2026-10-07T23:26:41.016875383Z,2.904335,110.116584,Cloud to Ground,-39639,0,11
2026-10-07T23:26:41.178278743Z,2.883228,110.096011,Cloud to Ground,-14533,0,16
2026-10-07T23:26:41.197112359Z,2.8629,110.034931,Cloud to Ground,-10271,0,10
2026-10-07T23:26:41.056335879Z,2.845771,110.174321,Cloud to Cloud,15801,5651,9
2026-10-07T23:26:40.979551868Z,9.509816,126.725679,Cloud to Cloud,9749,19707,9
2026-10-07T23:26:41.263626864Z,9.497601,126.695473,Cloud to Cloud,10027,10089,7
2026-10-07T23:26:42.987652325Z,8.799806,134.109867,Cloud to Ground,24452,0,19
2026-10-07T23:26:47.366204175Z,16.299262,118.190654,Cloud to Cloud,3304,13463,7
2026-10-07T23:26:47.372754581Z,16.292206,118.199524,Cloud to Cloud,5760,3862,8
2026-10-07T23:26:49.052217182Z,14.108188,124.904391,Cloud to Ground,-106743,0,8
2026-10-07T23:26:49.138001959Z,14.142609,124.899764,Cloud to Ground,-33762,0,10
2026-10-07T23:26:49.242313838Z,14.111037,124.921144,Cloud to Ground,-23260,0,11
2026-10-07T23:26:49.071924358Z,14.110992,124.910152,Cloud to Cloud,9838,3022,8
2026-10-07T23:26:50.916160045Z,2.04538,110.134458,Cloud to Ground,-14608,0,10
2026-10-07T23:26:50.902575457Z,2.045413,110.143623,Cloud to Cloud,-12877,6822,12
2026-10-07T23:26:56.592813541Z,10.250345,110.206982,Cloud to Ground,-20899,0,13
2026-10-07T23:26:56.817234455Z,10.226826,110.11276,Cloud to Cloud,-9642,16258,6
2026-10-07T23:26:56.613271238Z,10.222197,110.111062,Cloud to Cloud,7751,9916,7
2026-10-07T23:26:56.695515335Z,10.23314,110.102365,Cloud to Ground,8899,0,6
2026-10-07T23:26:56.610227990Z,10.254785,110.069668,Cloud to Ground,9230,0,11
2026-10-07T23:26:56.594218159Z,10.208373,110.101251,Cloud to Ground,16241,0,12
2026-10-07T23:27:02.386155092Z,10.289302,110.064864,Cloud to Ground,-23650,0,7
2026-10-07T23:27:02.298339133Z,10.164186,110.235615,Cloud to Ground,-35120,0,10
2026-10-07T23:27:02.174916630Z,10.193755,110.091158,Cloud to Ground,-35912,0,15
2026-10-07T23:27:02.113165173Z,10.187827,110.117996,Cloud to Ground,-24799,0,11
2026-10-07T23:27:02.502777608Z,14.634483,123.737949,Cloud to Ground,-85861,0,15
2026-10-07T23:27:02.624359310Z,14.657062,123.756502,Cloud to Ground,-18981,0,7
2026-10-07T23:27:02.593007727Z,14.660946,123.753367,Cloud to Ground,-16930,0,13
2026-10-07T23:27:02.524908372Z,14.652497,123.748942,Cloud to Cloud,-11724,7540,9
2026-10-07T23:27:02.589587421Z,14.660583,123.752919,Cloud to Ground,-9394,0,7
2026-10-07T23:27:05.794835913Z,2.856031,117.836705,Cloud to Ground,-28757,0,24
2026-10-07T23:27:06.241861954Z,2.841825,117.811318,Cloud to Ground,14663,0,16
2026-10-07T23:27:06.404266274Z,2.844817,117.805307,Cloud to Ground,15531,0,14
2026-10-07T23:27:05.802162352Z,2.839774,117.83928,Cloud to Ground,64695,0,23
2026-10-07T23:27:05.736040624Z,9.465773,126.704222,Cloud to Cloud,13572,19997,13
2026-10-07T23:27:06.399352588Z,2.7375,119.986284,Cloud to Ground,-33034,0,28
2026-10-07T23:27:05.747106527Z,2.762167,119.989529,Cloud to Ground,-29500,0,25
2026-10-07T23:27:05.757903214Z,2.835389,119.97045,Cloud to Ground,-29058,0,31
2026-10-07T23:27:05.799262160Z,2.742407,119.994363,Cloud to Ground,-28788,0,18
2026-10-07T23:27:06.495770510Z,2.735826,119.988449,Cloud to Ground,-26653,0,27
2026-10-07T23:27:05.819101379Z,2.741611,120.00653,Cloud to Ground,-11709,0,14
2026-10-07T23:27:05.747618933Z,2.742556,119.983844,Cloud to Ground,-10787,0,12
2026-10-07T23:27:11.126728170Z,17.379706,112.464626,Cloud to Ground,7622,0,10
2026-10-07T23:27:12.057227610Z,5.809162,127.059123,Cloud to Cloud,-8913,3002,10
2026-10-07T23:27:12.105857606Z,5.773613,127.056959,Cloud to Cloud,8860,6629,8
2026-10-07T23:27:12.059151891Z,5.793412,127.069921,Cloud to Ground,67600,0,35
2026-10-07T23:27:12.232473351Z,5.087024,114.266121,Cloud to Ground,-20916,0,15
2026-10-07T23:27:12.253552965Z,5.002964,114.287044,Cloud to Ground,-9526,0,13
2026-10-07T23:27:12.378141528Z,4.986997,114.375621,Cloud to Ground,36062,0,14
2026-10-07T23:27:13.588742885Z,1.96382,110.17993,Cloud to Ground,-65574,0,32
2026-10-07T23:27:13.435786783Z,1.981841,110.084472,Cloud to Ground,-52418,0,33
2026-10-07T23:27:13.467546665Z,1.969829,110.072853,Cloud to Ground,-26491,0,13
2026-10-07T23:27:13.495865697Z,1.974745,110.081417,Cloud to Ground,-25234,0,17
2026-10-07T23:27:13.537269161Z,1.958927,110.15022,Cloud to Ground,-17655,0,15
2026-10-07T23:27:13.424086398Z,1.976515,110.174264,Cloud to Ground,-15507,0,14
2026-10-07T23:27:13.514730002Z,2.001616,110.178015,Cloud to Ground,12191,0,6
2026-10-07T23:27:13.907413416Z,17.043057,115.899855,Cloud to Ground,-24881,0,13
2026-10-07T23:27:14.001974660Z,17.050993,115.889093,Cloud to Ground,-7321,0,7
2026-10-07T23:27:20.240496530Z,8.032433,110.142356,Cloud to Ground,-30871,0,13
2026-10-07T23:27:20.265296597Z,8.028157,110.142716,Cloud to Ground,-22173,0,18
2026-10-07T23:27:20.286999556Z,8.03956,110.001945,Cloud to Ground,-13758,0,15
2026-10-07T23:27:24.276119106Z,5.92734,119.727243,Cloud to Ground,-43807,0,9
2026-10-07T23:27:24.135655925Z,5.999427,119.684916,Cloud to Cloud,-29083,16564,20
2026-10-07T23:27:24.502170645Z,5.905192,119.754069,Cloud to Ground,-25600,0,17
2026-10-07T23:27:24.656057466Z,5.916943,119.722426,Cloud to Ground,-15628,0,15
2026-10-07T23:27:24.595893000Z,5.9198,119.7141,Cloud to Ground,-1487,0,5
2026-10-07T23:27:36.984266455Z,15.140621,110.119714,Cloud to Ground,-58051,0,13
2026-10-07T23:27:37.037754376Z,15.114953,110.036973,Cloud to Ground,-8741,0,10
2026-10-07T23:27:36.972392988Z,15.13469,110.04729,Cloud to Ground,-8130,0,7
2026-10-07T23:27:37.089830000Z,15.1396,110.1082,Cloud to Ground,16478,0,5
2026-10-07T23:27:39.976903646Z,10.252668,110.175392,Cloud to Ground,14822,0,8
2026-10-07T23:27:43.861299772Z,12.636825,124.263056,Cloud to Ground,4254,0,8
2026-10-07T23:27:43.837106308Z,12.64773,124.294362,Cloud to Cloud,11820,13396,5
2026-10-07T23:27:44.471784167Z,5.516394,126.759487,Cloud to Ground,-9371,0,22
2026-10-07T23:27:47.033689209Z,7.707544,115.016547,Cloud to Ground,104454,0,16
2026-10-07T23:27:49.388052264Z,2.136879,110.089655,Cloud to Ground,-30933,0,22
2026-10-07T23:27:49.871786750Z,2.029593,110.130558,Cloud to Ground,-28575,0,12
2026-10-07T23:27:49.497017503Z,1.988136,110.178301,Cloud to Ground,-25429,0,25
2026-10-07T23:27:49.807818213Z,2.041912,110.141658,Cloud to Ground,-17736,0,10
2026-10-07T23:27:49.553464588Z,1.99202,110.082156,Cloud to Ground,-13914,0,23
2026-10-07T23:27:49.727981268Z,1.974476,110.003573,Cloud to Ground,-11654,0,7
2026-10-07T23:27:49.927343000Z,2.0045,110.0699,Cloud to Ground,15153,0,5
2026-10-07T23:27:49.437690448Z,1.981886,110.17891,Cloud to Ground,18817,0,8
2026-10-07T23:27:51.442668578Z,6.155332,119.598498,Cloud to Cloud,-12286,14548,16
2026-10-07T23:27:53.867626710Z,9.350493,114.358614,Cloud to Ground,15057,0,12
2026-10-07T23:28:02.814463483Z,9.499806,126.825802,Cloud to Ground,16580,0,9
2026-10-07T23:28:09.325269593Z,9.619781,114.313729,Cloud to Ground,-30032,0,18
2026-10-07T23:28:13.308365224Z,16.1789,116.761449,Cloud to Cloud,10687,15018,8
2026-10-07T23:28:13.313114000Z,16.1707,116.7396,Cloud to Ground,102311,0,5
2026-10-07T23:28:20.422374254Z,9.275218,114.558312,Cloud to Cloud,-10511,7661,10
2026-10-07T23:28:20.444907596Z,9.409243,114.459661,Cloud to Ground,-24417,0,10
2026-10-07T23:28:20.563795877Z,9.367985,114.528025,Cloud to Ground,-18816,0,11
2026-10-07T23:28:20.508063000Z,9.4302,114.4111,Cloud to Ground,13383,0,7
2026-10-07T23:28:26.245353734Z,10.318991,110.185577,Cloud to Ground,-12770,0,8
2026-10-07T23:28:27.538647088Z,17.596809,112.575025,Cloud to Ground,-13919,0,11
2026-10-07T23:28:27.559089672Z,17.617572,112.58007,Cloud to Ground,-10815,0,9
2026-10-07T23:28:29.324784924Z,1.82322,118.858274,Cloud to Ground,-57769,0,20
2026-10-07T23:28:29.765547123Z,1.808947,118.759716,Cloud to Ground,-14994,0,18
2026-10-07T23:28:29.770526082Z,1.760505,118.790405,Cloud to Ground,-14731,0,14
2026-10-07T23:28:29.347008475Z,1.886547,118.881348,Cloud to Ground,-10572,0,11
2026-10-07T23:28:29.847687662Z,1.778938,118.716877,Cloud to Ground,14216,0,11
2026-10-07T23:28:29.371449000Z,1.7626,118.7663,Cloud to Ground,19766,0,6
2026-10-07T23:28:29.764150820Z,1.787225,118.849399,Cloud to Ground,55855,0,20
2026-10-07T23:28:39.576045235Z,1.981448,110.042803,Cloud to Ground,-31005,0,10
2026-10-07T23:28:39.450478561Z,1.981299,110.186104,Cloud to Ground,-129849,0,26
2026-10-07T23:28:39.632617132Z,2.039725,110.138234,Cloud to Ground,-20196,0,14
2026-10-07T23:28:39.520000035Z,1.973969,110.169081,Cloud to Ground,16696,0,10
2026-10-07T23:28:39.495172091Z,14.326801,121.602212,Cloud to Cloud,-18473,3005,8
2026-10-07T23:28:39.539752902Z,14.367674,121.603101,Cloud to Ground,40773,0,11
2026-10-07T23:28:48.801680399Z,11.88175,121.696597,Cloud to Cloud,3214,17511,7
2026-10-07T23:28:50.401618039Z,16.266672,117.743928,Cloud to Cloud,11772,3013,7
2026-10-07T23:28:50.405183123Z,16.213417,117.686096,Cloud to Ground,21408,0,7
2026-10-07T23:28:50.400965078Z,16.257861,117.780741,Cloud to Cloud,113248,10315,9
2026-10-07T23:28:50.511967383Z,16.378885,117.704242,Cloud to Ground,-4546,0,5
2026-10-07T23:28:50.408683429Z,16.355776,117.711603,Cloud to Cloud,3947,11684,7
2026-10-07T23:28:50.508471406Z,16.376725,117.724245,Cloud to Cloud,7626,11557,6
2026-10-07T23:28:53.215132282Z,15.744199,122.189977,Cloud to Cloud,3829,19519,6
2026-10-07T23:28:53.352458000Z,15.7686,122.27,Cloud to Ground,10457,0,5
2026-10-07T23:28:54.261653168Z,14.315362,122.461426,Cloud to Cloud,4686,4218,8
2026-10-07T23:28:54.256762723Z,14.246104,122.515437,Cloud to Cloud,17044,3007,11
2026-10-07T23:28:55.882673193Z,7.705327,115.022558,Cloud to Cloud,-48636,16675,8
2026-10-07T23:28:55.902800275Z,7.660135,114.992133,Cloud to Cloud,6616,7015,8
2026-10-07T23:28:55.890110709Z,7.711729,115.053312,Cloud to Ground,89277,0,11
2026-10-07T23:29:01.875514554Z,8.782179,133.986587,Cloud to Cloud,-12097,3188,12
2026-10-07T23:29:04.191138641Z,10.206231,110.141179,Cloud to Ground,31637,0,11
2026-10-07T23:29:08.196406386Z,2.846389,110.156218,Cloud to Ground,-27769,0,9
2026-10-07T23:29:08.215656888Z,2.826484,110.054248,Cloud to Ground,-23098,0,10
2026-10-07T23:29:08.401596684Z,2.836707,110.023171,Cloud to Ground,-16981,0,12
2026-10-07T23:29:10.098629556Z,1.989533,110.567559,Cloud to Ground,-52145,0,9
2026-10-07T23:29:10.121878796Z,2.024339,110.494553,Cloud to Ground,-13792,0,17
2026-10-07T23:29:11.431578761Z,2.844625,119.97934,Cloud to Ground,-31913,0,15
2026-10-07T23:29:11.310778453Z,2.750991,119.970685,Cloud to Ground,-10165,0,11
2026-10-07T23:29:11.697183158Z,10.189981,110.10631,Cloud to Ground,6256,0,6
2026-10-07T23:29:16.570064491Z,9.437075,126.739649,Cloud to Ground,-11535,0,10
2026-10-07T23:29:18.332111034Z,16.182072,116.753648,Cloud to Ground,-102027,0,16
2026-10-07T23:29:20.097676970Z,17.058503,115.879478,Cloud to Ground,-11025,0,14
2026-10-07T23:29:20.121462303Z,17.04313,115.891819,Cloud to Cloud,-9873,3117,12
2026-10-07T23:29:20.083244242Z,17.049699,115.881694,Cloud to Cloud,7868,3262,9
2026-10-07T23:29:29.849783270Z,2.05389,110.107638,Cloud to Ground,28074,0,10
2026-10-07T23:29:30.950325531Z,5.99662,119.696446,Cloud to Ground,-25659,0,18
2026-10-07T23:29:31.213381279Z,5.933438,119.649267,Cloud to Ground,-13935,0,24
2026-10-07T23:29:37.526259254Z,14.701422,123.659344,Cloud to Ground,-19955,0,22
2026-10-07T23:29:37.319676447Z,14.630528,123.723694,Cloud to Ground,-165579,0,13
2026-10-07T23:29:37.352469697Z,14.630781,123.718646,Cloud to Ground,-60060,0,11
2026-10-07T23:29:37.459624532Z,14.642138,123.741195,Cloud to Ground,-28825,0,11
2026-10-07T23:29:37.549999000Z,14.631488,123.728402,Cloud to Ground,-12778,0,8
2026-10-07T23:30:31.860146000Z,12.6792,124.2638,Cloud to Ground,-14661,0,5
2026-10-07T23:30:42.271579011Z,8.791626,134.007228,Cloud to Cloud,-18882,3030,32
2026-10-07T23:30:42.889786472Z,10.168921,110.091468,Cloud to Ground,-39024,0,11
2026-10-07T23:30:42.945961362Z,10.233886,110.12223,Cloud to Ground,-20944,0,11
2026-10-07T23:30:42.990114723Z,10.124566,110.105679,Cloud to Ground,-13968,0,6
2026-10-07T23:30:42.807933000Z,10.1947,110.2411,Cloud to Ground,25783,0,7
2026-10-07T23:30:46.873518676Z,10.181701,110.134871,Cloud to Ground,19556,0,13
2026-10-07T23:30:47.483428861Z,16.338478,117.703958,Cloud to Ground,-36635,0,16
2026-10-07T23:30:47.484528672Z,16.257908,117.746164,Cloud to Ground,10253,0,11
2026-10-07T23:30:47.486072375Z,16.350346,117.711559,Cloud to Ground,13257,0,9
2026-10-07T23:31:00.689221810Z,1.678936,119.202045,Cloud to Ground,-9101,0,12
2026-10-07T23:31:00.685608430Z,1.674555,119.236963,Cloud to Ground,18690,0,16
2026-10-07T23:31:03.606458237Z,5.753789,126.90335,Cloud to Cloud,-8602,19967,22
2026-10-07T23:31:06.728818471Z,8.151908,110.046541,Cloud to Ground,12021,0,7
2026-10-07T23:31:06.725995262Z,8.004124,110.078629,Cloud to Ground,14051,0,6
2026-10-07T23:31:06.736579631Z,2.048879,110.101172,Cloud to Ground,-10067,0,11
2026-10-07T23:31:06.815638205Z,2.036924,110.21907,Cloud to Ground,-15105,0,9
2026-10-07T23:31:06.461970785Z,1.847393,110.018962,Cloud to Ground,-101779,0,13
2026-10-07T23:31:06.435104234Z,1.929181,110.115483,Cloud to Ground,10622,0,8
2026-10-07T23:31:06.735691000Z,1.8545,110.0881,Cloud to Ground,29747,0,5
2026-10-07T23:31:06.534095952Z,1.884798,110.142006,Cloud to Ground,55011,0,8
2026-10-07T23:31:06.319093498Z,14.112695,124.911811,Cloud to Cloud,-7395,6993,11
2026-10-07T23:31:06.320644446Z,14.036857,124.914652,Cloud to Cloud,17105,8564,12
2026-10-07T23:31:09.707834652Z,9.469896,126.632344,Cloud to Cloud,7939,17163,6
2026-10-07T23:31:09.907072252Z,9.457712,126.774087,Cloud to Cloud,-11693,3211,16
2026-10-07T23:31:18.903896135Z,17.563335,112.482079,Cloud to Cloud,9503,3052,7
2026-10-07T23:31:19.530566035Z,17.662032,112.412753,Cloud to Ground,-93871,0,14
2026-10-07T23:31:23.711706124Z,7.687029,115.036966,Cloud to Ground,-64199,0,12
2026-10-07T23:31:23.782854084Z,7.703867,115.053364,Cloud to Ground,-36764,0,14
2026-10-07T23:31:23.840626607Z,7.794541,115.029044,Cloud to Ground,23952,0,12
2026-10-07T23:31:23.965359260Z,7.727936,115.025546,Cloud to Ground,28005,0,11
2026-10-07T23:31:25.636465426Z,1.777387,118.971843,Cloud to Ground,-11672,0,12
2026-10-07T23:31:25.708722718Z,1.782519,118.945417,Cloud to Ground,10422,0,6
2026-10-07T23:31:29.829387046Z,10.201232,110.131137,Cloud to Ground,29210,0,11
2026-10-07T23:31:30.325145917Z,10.196469,110.228435,Cloud to Ground,-13043,0,6
2026-10-07T23:31:37.837493623Z,10.214474,110.094583,Cloud to Cloud,-11883,6657,10
2026-10-07T23:31:37.840711773Z,10.228324,110.090079,Cloud to Cloud,-7525,11389,10
2026-10-07T23:31:38.008504000Z,10.2746,110.185,Cloud to Ground,24132,0,5
2026-10-07T23:31:40.601416371Z,2.907106,119.940468,Cloud to Cloud,-11084,16359,10
2026-10-07T23:31:40.390582000Z,2.761,119.938,Cloud to Ground,12377,0,6
2026-10-07T23:31:43.974450121Z,2.649559,120.013846,Cloud to Cloud,-8716,13918,14
2026-10-07T23:31:43.960810895Z,2.654685,120.024597,Cloud to Ground,18178,0,18
2026-10-07T23:31:50.544632029Z,19.694405,131.083595,Cloud to Ground,-67915,0,21
2026-10-07T23:31:50.588225226Z,19.60782,131.10568,Cloud to Ground,-16735,0,8
2026-10-07T23:31:50.588839510Z,19.694883,131.079458,Cloud to Ground,-11654,0,11
2026-10-07T23:31:50.538854427Z,19.683672,131.115995,Cloud to Cloud,-9159,7662,13
2026-10-07T23:31:50.724974652Z,19.682571,131.126043,Cloud to Ground,8844,0,16
2026-10-07T23:31:50.667011746Z,19.779338,131.044402,Cloud to Ground,-25967,0,24
2026-10-07T23:31:51.875841575Z,1.956687,110.082355,Cloud to Ground,-79807,0,32
2026-10-07T23:31:52.178344344Z,1.979721,110.188264,Cloud to Ground,-35401,0,14
2026-10-07T23:31:51.869017960Z,1.974694,110.167503,Cloud to Cloud,-30238,6100,16
2026-10-07T23:31:51.995638797Z,1.983349,110.195758,Cloud to Ground,-26479,0,22
2026-10-07T23:31:51.952011144Z,1.986118,110.178138,Cloud to Ground,-21101,0,26
2026-10-07T23:31:52.300565045Z,1.978796,110.184297,Cloud to Cloud,-20189,15511,18
2026-10-07T23:31:51.937476547Z,1.981932,110.14821,Cloud to Ground,-19721,0,16
2026-10-07T23:31:52.301293629Z,2.047519,110.118866,Cloud to Ground,-17666,0,14
2026-10-07T23:31:52.040137243Z,1.98119,110.136419,Cloud to Cloud,-14375,5443,13
2026-10-07T23:31:53.049353376Z,9.623715,114.349756,Cloud to Ground,-5417,0,8
2026-10-07T23:32:00.838421130Z,9.480579,126.683453,Cloud to Cloud,4725,14191,6
2026-10-07T23:32:02.429879680Z,16.210839,118.228748,Cloud to Cloud,-26252,9744,13
2026-10-07T23:32:02.430681775Z,16.202235,118.217267,Cloud to Ground,16634,0,12
2026-10-07T23:32:04.000425701Z,9.61392,114.309507,Cloud to Ground,8871,0,7
2026-10-07T23:32:03.995009556Z,9.592058,114.286878,Cloud to Ground,21351,0,7
2026-10-07T23:32:11.761236411Z,19.336945,112.373336,Cloud to Ground,-26374,0,9
2026-10-07T23:32:16.335638628Z,7.639728,114.899199,Cloud to Ground,-14232,0,7
2026-10-07T23:32:16.324796415Z,7.782455,115.086149,Cloud to Ground,-32988,0,22
2026-10-07T23:32:22.169152546Z,1.945879,110.156925,Cloud to Ground,-43818,0,14
2026-10-07T23:32:22.348813368Z,2.048378,110.202147,Cloud to Ground,-18270,0,18
2026-10-07T23:32:22.267071549Z,1.983452,110.1634,Cloud to Ground,-14100,0,12
2026-10-07T23:32:23.007502729Z,2.027996,110.215808,Cloud to Ground,-12893,0,12
2026-10-07T23:32:22.238101945Z,1.970289,110.105147,Cloud to Cloud,-11929,3040,13
2026-10-07T23:32:25.202740973Z,16.417264,117.927719,Cloud to Ground,-30300,0,12
2026-10-07T23:32:25.222544339Z,16.415061,117.928743,Cloud to Cloud,-16022,4753,14
2026-10-07T23:32:26.883273635Z,8.12025,110.269865,Cloud to Ground,32239,0,8
2026-10-07T23:32:26.884126421Z,8.119262,110.091789,Cloud to Ground,-15113,0,18
2026-10-07T23:32:26.675483000Z,8.0708,110.1107,Cloud to Ground,-10748,0,6
2026-10-07T23:32:26.988359637Z,14.572748,123.748649,Cloud to Cloud,8438,4782,12
2026-10-07T23:32:26.971324190Z,14.654715,123.668998,Cloud to Ground,-47327,0,14
2026-10-07T23:32:27.036368247Z,14.649256,123.649779,Cloud to Ground,-22408,0,24
2026-10-07T23:32:27.934531784Z,8.76666,134.027433,Cloud to Cloud,-11545,5562,23
2026-10-07T23:32:27.939428853Z,8.809549,133.963583,Cloud to Cloud,-10645,3697,17
2026-10-07T23:32:28.123539597Z,8.93379,134.033337,Cloud to Cloud,9432,3018,11
2026-10-07T23:32:32.420346973Z,7.205225,116.536588,Cloud to Ground,-18087,0,9
2026-10-07T23:32:32.414034113Z,7.240557,116.527826,Cloud to Cloud,-9917,8889,8
2026-10-07T23:32:32.519507135Z,14.138316,122.691085,Cloud to Cloud,5788,3366,6
2026-10-07T23:32:32.520565439Z,14.144729,122.717885,Cloud to Cloud,16158,4794,8
2026-10-07T23:32:34.653073113Z,10.19015,110.230653,Cloud to Ground,-19582,0,7
2026-10-07T23:32:37.372065440Z,1.734374,119.104006,Cloud to Ground,-7673,0,10
2026-10-07T23:32:37.055869687Z,1.787574,119.114269,Cloud to Ground,27307,0,18
2026-10-07T23:32:43.809008908Z,9.443356,126.759571,Cloud to Ground,24100,0,8
2026-10-07T23:32:48.976106108Z,10.206771,110.226446,Cloud to Ground,-51977,0,11
2026-10-07T23:32:49.042253000Z,10.2153,110.1386,Cloud to Ground,6464,0,6
2026-10-07T23:32:55.594383570Z,14.102556,124.896299,Cloud to Ground,-19298,0,14
2026-10-07T23:32:55.596002671Z,14.041979,124.906139,Cloud to Cloud,12888,17723,9
2026-10-07T23:32:55.593887201Z,14.050631,124.850611,Cloud to Cloud,17813,3034,15
2026-10-07T23:32:56.008442138Z,16.236912,117.731698,Cloud to Cloud,14343,19489,11
2026-10-07T23:32:56.002990341Z,16.237399,117.755772,Cloud to Cloud,24264,3003,16
2026-10-07T23:32:56.009817848Z,16.323076,117.685847,Cloud to Cloud,-8433,3007,10
2026-10-07T23:32:59.278154913Z,7.644981,115.102946,Cloud to Ground,39298,0,8
2026-10-07T23:33:02.134452000Z,5.9681,127.0041,Cloud to Ground,-10083,0,6
2026-10-07T23:33:18.670285998Z,7.66565,114.936663,Cloud to Cloud,7127,3025,7
2026-10-07T23:33:19.662954916Z,17.671056,112.448472,Cloud to Cloud,-6724,5105,7
2026-10-07T23:33:19.546080588Z,17.653906,112.421826,Cloud to Ground,4393,0,6
2026-10-07T23:33:19.505051046Z,17.649331,112.533595,Cloud to Cloud,4519,13610,6
2026-10-07T23:33:19.485720861Z,17.599203,112.497979,Cloud to Cloud,10011,7838,8
2026-10-07T23:33:19.463219714Z,17.529224,112.544637,Cloud to Ground,14350,0,7
2026-10-07T23:33:21.510708493Z,9.439408,126.754642,Cloud to Ground,13811,0,11
2026-10-07T23:33:27.792314114Z,15.492606,121.745434,Cloud to Ground,-32420,0,9
2026-10-07T23:33:27.870598758Z,15.487139,121.770677,Cloud to Ground,-11339,0,11
2026-10-07T23:33:27.941813799Z,15.47745,121.772653,Cloud to Ground,-5897,0,6
2026-10-07T23:33:27.747105000Z,15.4955,121.7433,Cloud to Ground,-368,0,8
2026-10-07T23:33:30.709417295Z,0.337838,114.843472,Cloud to Ground,-21008,0,16
2026-10-07T23:33:30.686773787Z,0.320986,114.82608,Cloud to Ground,-17456,0,14
2026-10-07T23:33:31.386627748Z,16.216307,116.777549,Cloud to Ground,-114744,0,13
2026-10-07T23:33:31.407057709Z,16.222756,116.780036,Cloud to Ground,-40989,0,12
2026-10-07T23:33:31.416519988Z,16.24389,116.786103,Cloud to Cloud,-23652,3032,13
2026-10-07T23:33:31.376056306Z,16.200474,116.787562,Cloud to Ground,-14734,0,8
2026-10-07T23:33:35.651082417Z,3.303134,118.682722,Cloud to Cloud,-14484,3675,12
2026-10-07T23:33:37.341630341Z,9.730848,112.055846,Cloud to Ground,32875,0,9
2026-10-07T23:33:37.545382825Z,9.739276,112.174118,Cloud to Ground,-24162,0,8
2026-10-07T23:33:37.389104645Z,9.74991,112.160861,Cloud to Ground,-15268,0,10
2026-10-07T23:33:46.532481560Z,10.16795,110.122083,Cloud to Ground,34191,0,10
2026-10-07T23:33:47.113237607Z,5.476885,126.908854,Cloud to Ground,29918,0,21
2026-10-07T23:33:46.896437000Z,8.0399,110.0577,Cloud to Ground,-75292,0,9
2026-10-07T23:33:46.828494000Z,8.049,110.1261,Cloud to Ground,-50286,0,5
2026-10-07T23:33:47.172943595Z,8.048474,110.005216,Cloud to Ground,-21202,0,12
2026-10-07T23:33:46.806570160Z,8.095896,110.120238,Cloud to Ground,-9943,0,5
2026-10-07T23:33:48.880488022Z,1.980967,110.14737,Cloud to Ground,-44545,0,31
2026-10-07T23:33:49.126297026Z,1.955927,110.248968,Cloud to Ground,-42480,0,25
2026-10-07T23:33:48.933566742Z,1.941487,110.300752,Cloud to Cloud,-18194,3431,16
2026-10-07T23:33:48.613648191Z,2.010965,110.229851,Cloud to Ground,-13398,0,9
2026-10-07T23:33:48.591186086Z,2.04366,110.242168,Cloud to Ground,-11552,0,6
2026-10-07T23:33:48.592919000Z,1.9315,110.3824,Cloud to Ground,18915,0,6
2026-10-07T23:33:51.174163424Z,9.573637,114.253058,Cloud to Ground,-20736,0,7
2026-10-07T23:33:51.015934748Z,9.360523,114.546761,Cloud to Ground,-66102,0,10
2026-10-07T23:33:51.061447541Z,9.454975,114.500439,Cloud to Ground,-65039,0,23
2026-10-07T23:33:51.009943556Z,9.369243,114.440837,Cloud to Ground,-37732,0,9
2026-10-07T23:33:51.111104384Z,9.370973,114.550578,Cloud to Ground,-31676,0,14
2026-10-07T23:33:51.147360581Z,9.373756,114.553748,Cloud to Ground,-28343,0,10
2026-10-07T23:33:51.257150764Z,9.393593,114.537527,Cloud to Ground,10651,0,7
2026-10-07T23:33:51.223998126Z,9.387115,114.525767,Cloud to Ground,32242,0,14
2026-10-07T23:33:51.003953378Z,1.808242,118.952062,Cloud to Ground,35784,0,21
2026-10-07T23:33:55.773671086Z,10.258637,110.089988,Cloud to Ground,-16831,0,8
2026-10-07T23:33:55.896165146Z,10.274346,110.08214,Cloud to Ground,-16474,0,12
2026-10-07T23:33:55.940844000Z,10.3363,110.1322,Cloud to Ground,9721,0,6
2026-10-07T23:33:55.823408000Z,10.3275,110.0941,Cloud to Ground,12964,0,7
2026-10-07T23:33:56.417810000Z,10.3402,110.1608,Cloud to Ground,15080,0,6
2026-10-07T23:33:56.011878000Z,10.2996,110.0925,Cloud to Ground,19969,0,6
2026-10-07T23:33:56.419410849Z,10.167258,110.125127,Cloud to Ground,-16548,0,8
2026-10-07T23:33:56.420412184Z,10.243679,110.191984,Cloud to Ground,7764,0,7
2026-10-07T23:34:01.443421894Z,5.893638,119.75978,Cloud to Ground,-45716,0,15
2026-10-07T23:34:01.515541240Z,5.907304,119.743476,Cloud to Ground,-10274,0,10
2026-10-07T23:34:05.257896000Z,5.626,126.6807,Cloud to Ground,-8825,0,5
2026-10-07T23:34:05.072179540Z,5.604904,126.638163,Cloud to Ground,35603,0,8
2026-10-07T23:34:08.416784871Z,7.624453,115.017421,Cloud to Cloud,-10089,4458,8
2026-10-07T23:34:10.785461343Z,10.232538,110.126675,Cloud to Cloud,6240,15489,8
2026-10-07T23:34:11.695549300Z,6.633072,113.456274,Cloud to Ground,-35111,0,18
2026-10-07T23:34:11.831500925Z,6.617362,113.442007,Cloud to Cloud,-26569,8529,12
2026-10-07T23:34:11.900318102Z,6.647922,113.46009,Cloud to Cloud,20702,19725,7
2026-10-07T23:34:11.701476244Z,6.669733,113.476057,Cloud to Ground,123125,0,11
2026-10-07T23:34:13.813548012Z,7.20964,116.523571,Cloud to Cloud,-38636,17613,23
2026-10-07T23:34:13.959402000Z,7.1853,116.4159,Cloud to Ground,40006,0,6
2026-10-07T23:34:14.160751565Z,7.143775,116.605782,Cloud to Ground,81823,0,25
2026-10-07T23:34:19.711960752Z,9.630308,114.280868,Cloud to Ground,-23970,0,8
2026-10-07T23:34:19.646980004Z,9.648543,114.373279,Cloud to Cloud,-52586,3227,13
2026-10-07T23:34:19.677022983Z,9.640245,114.388042,Cloud to Ground,22386,0,10
2026-10-07T23:34:22.776367339Z,7.604814,115.036927,Cloud to Cloud,-8848,5692,8
2026-10-07T23:34:22.821974410Z,7.693621,115.037728,Cloud to Cloud,14471,3000,9
2026-10-07T23:34:22.140949747Z,16.416747,117.926642,Cloud to Ground,-40245,0,11
2026-10-07T23:34:22.160451235Z,16.428493,117.931148,Cloud to Cloud,-14554,6361,7
2026-10-07T23:34:22.232008200Z,16.439237,118.010609,Cloud to Cloud,-7228,3262,7
2026-10-07T23:34:28.845287736Z,9.471004,126.664429,Cloud to Ground,15817,0,13
2026-10-07T23:34:31.845349335Z,10.199014,110.219193,Cloud to Ground,-13942,0,11
2026-10-07T23:34:31.763214677Z,10.180144,110.110366,Cloud to Ground,-31446,0,19
2026-10-07T23:34:31.948395948Z,10.268029,110.153276,Cloud to Ground,-17606,0,5
2026-10-07T23:34:32.223316591Z,10.152894,110.12817,Cloud to Cloud,-10785,14919,10
2026-10-07T23:34:32.220597450Z,10.302717,110.157924,Cloud to Ground,-9991,0,5
2026-10-07T23:34:32.071372791Z,10.155302,110.123172,Cloud to Ground,10739,0,7
2026-10-07T23:34:31.643944000Z,10.2177,110.0994,Cloud to Ground,31592,0,9
2026-10-07T23:34:40.330573352Z,3.344036,118.750252,Cloud to Ground,15076,0,9
2026-10-07T23:34:40.412310079Z,3.344324,118.652165,Cloud to Cloud,-11961,3125,14
2026-10-07T23:34:40.333843955Z,3.275662,118.67062,Cloud to Cloud,12621,3919,14
2026-10-07T23:34:41.748587864Z,17.427636,112.589573,Cloud to Cloud,-6824,7863,8
2026-10-07T23:34:44.459142369Z,6.457547,114.779538,Cloud to Ground,-66975,0,25
2026-10-07T23:34:44.468434291Z,6.455911,114.764288,Cloud to Ground,50495,0,20
2026-10-07T23:34:53.936944933Z,10.195961,110.129092,Cloud to Ground,46423,0,7
2026-10-07T23:34:55.558224729Z,2.739781,120.022219,Cloud to Ground,19226,0,14
2026-10-07T23:34:55.730114198Z,14.144408,122.713476,Cloud to Cloud,9187,19085,7
2026-10-07T23:34:55.731426820Z,14.198268,122.662928,Cloud to Ground,45349,0,20
2026-10-07T23:34:59.353199255Z,1.998996,110.18986,Cloud to Ground,-34601,0,24
2026-10-07T23:34:59.588634208Z,1.985747,110.180577,Cloud to Ground,-33910,0,27
2026-10-07T23:34:59.418131462Z,2.028167,110.119409,Cloud to Ground,-33105,0,26
2026-10-07T23:35:00.042425576Z,2.00449,110.025918,Cloud to Ground,-21536,0,14
2026-10-07T23:34:59.321454726Z,1.973298,110.176891,Cloud to Ground,-20990,0,8
2026-10-07T23:34:59.460159960Z,2.001284,110.074262,Cloud to Cloud,-19004,3008,12
2026-10-07T23:34:59.291310385Z,1.980186,110.185989,Cloud to Ground,-17367,0,11
2026-10-07T23:34:59.586619639Z,1.975163,110.192421,Cloud to Ground,-10849,0,14
2026-10-07T23:34:59.303359312Z,2.045754,110.218185,Cloud to Ground,46065,0,8
2026-10-07T23:35:00.842834275Z,16.305534,117.64754,Cloud to Cloud,4419,17104,7
2026-10-07T23:35:00.837246293Z,16.299734,117.623471,Cloud to Ground,12704,0,11
2026-10-07T23:35:06.590439814Z,9.587408,114.294117,Cloud to Cloud,-7793,19890,7
2026-10-07T23:35:06.611027131Z,9.643183,114.385057,Cloud to Cloud,-27972,7347,13
2026-10-07T23:35:06.652766000Z,9.6817,114.3691,Cloud to Ground,17515,0,5
2026-10-07T23:35:06.901890416Z,9.676402,114.353623,Cloud to Ground,20174,0,11
2026-10-07T23:35:11.461555745Z,17.618447,112.480808,Cloud to Cloud,9376,19163,7
2026-10-07T23:35:11.493325808Z,17.668715,112.577887,Cloud to Cloud,-7482,4677,7
2026-10-07T23:35:12.660632778Z,16.214252,116.774777,Cloud to Ground,-103672,0,15
2026-10-07T23:35:12.656376373Z,16.209917,116.769137,Cloud to Ground,-20957,0,15
2026-10-07T23:35:16.954054408Z,14.559271,123.724139,Cloud to Ground,-38004,0,10
2026-10-07T23:35:17.100721344Z,14.635247,123.647249,Cloud to Ground,-23734,0,20
2026-10-07T23:35:17.119988709Z,14.575984,123.715102,Cloud to Ground,-19924,0,14
2026-10-07T23:35:17.022564338Z,14.623537,123.648369,Cloud to Ground,-19396,0,14
2026-10-07T23:35:17.058344656Z,14.581312,123.718103,Cloud to Ground,-13485,0,11
2026-10-07T23:35:16.973343150Z,14.566353,123.72696,Cloud to Ground,19281,0,9
2026-10-07T23:35:17.079482458Z,7.688861,115.048365,Cloud to Cloud,-7374,3031,8
2026-10-07T23:35:17.015699338Z,7.676943,115.036644,Cloud to Cloud,8595,13159,8
2026-10-07T23:35:17.157490455Z,7.626816,114.941706,Cloud to Cloud,9150,5886,9
2026-10-07T23:35:19.572834816Z,9.42375,126.691222,Cloud to Cloud,-9896,14708,12
2026-10-07T23:35:19.790857560Z,9.450293,126.689723,Cloud to Cloud,7372,14445,7
2026-10-07T23:35:19.519043109Z,9.422936,126.728191,Cloud to Ground,14567,0,18
2026-10-07T23:35:19.171333472Z,9.418529,126.700824,Cloud to Ground,24240,0,14
2026-10-07T23:35:19.714787745Z,9.540893,126.787494,Cloud to Cloud,-10175,3044,14
2026-10-07T23:35:21.436621456Z,10.221984,110.152717,Cloud to Ground,24264,0,10
2026-10-07T23:35:28.689524757Z,1.63629,119.228048,Cloud to Ground,-12194,0,14
2026-10-07T23:35:29.085385440Z,7.152784,116.6051,Cloud to Ground,-39288,0,13
2026-10-07T23:35:28.915299910Z,7.157292,116.602013,Cloud to Ground,-34227,0,10
2026-10-07T23:35:32.819213054Z,9.700767,116.162847,Cloud to Ground,-27253,0,10
2026-10-07T23:35:32.889171776Z,9.726476,116.273479,Cloud to Cloud,-20534,3002,8
2026-10-07T23:35:32.925513717Z,9.746365,116.274811,Cloud to Ground,-19173,0,9
2026-10-07T23:35:32.961823000Z,9.788,116.2072,Cloud to Ground,20400,0,6
2026-10-07T23:35:32.827443000Z,9.7411,116.2818,Cloud to Ground,22769,0,5
2026-10-07T23:35:38.627548324Z,9.684377,116.293001,Cloud to Cloud,-25090,3030,14
2026-10-07T23:35:38.810371697Z,9.720094,116.360619,Cloud to Cloud,-10310,10354,10
2026-10-07T23:35:38.614124429Z,9.713531,116.295445,Cloud to Cloud,7006,3018,7
2026-10-07T23:35:38.650736405Z,1.761974,118.982427,Cloud to Ground,-26857,0,19
2026-10-07T23:35:39.102154100Z,1.775694,118.951978,Cloud to Ground,-10656,0,9
2026-10-07T23:35:39.065457645Z,1.769871,118.960359,Cloud to Ground,17140,0,23
2026-10-07T23:35:39.076436435Z,1.744363,118.967387,Cloud to Ground,26119,0,20
2026-10-07T23:35:39.144958489Z,1.790528,118.820304,Cloud to Cloud,11543,3025,12
2026-10-07T23:35:39.068953819Z,1.864535,118.930228,Cloud to Cloud,-11718,3849,14
2026-10-07T23:35:41.616998278Z,7.660304,115.029424,Cloud to Ground,30900,0,18
2026-10-07T23:35:45.357141938Z,10.165058,110.195767,Cloud to Ground,24768,0,7
2026-10-07T23:36:02.760071424Z,10.329804,110.18837,Cloud to Ground,-14703,0,7
2026-10-07T23:36:03.151872745Z,10.247824,110.099636,Cloud to Ground,7137,0,6
2026-10-07T23:36:03.143695176Z,10.262078,110.113988,Cloud to Ground,7669,0,8
2026-10-07T23:36:04.522561899Z,5.196873,114.571528,Cloud to Cloud,-17551,3015,11
2026-10-07T23:36:04.522021585Z,5.244805,114.549367,Cloud to Ground,-12080,0,15
2026-10-07T23:36:04.731421737Z,5.104671,114.707659,Cloud to Ground,21002,0,13
2026-10-07T23:36:04.729353402Z,5.076914,114.714906,Cloud to Ground,26536,0,17
2026-10-07T23:36:05.329701302Z,9.489827,126.676608,Cloud to Cloud,-8343,19150,8
2026-10-07T23:36:05.237728000Z,9.4688,126.7232,Cloud to Ground,-5087,0,5
2026-10-07T23:36:08.675408962Z,3.279042,118.687297,Cloud to Cloud,-20368,15144,13
2026-10-07T23:36:08.678650653Z,3.354731,118.672615,Cloud to Cloud,8599,3171,13
2026-10-07T23:36:08.673702405Z,3.34291,118.668347,Cloud to Cloud,9573,19259,9
2026-10-07T23:36:09.131267395Z,14.351983,122.418778,Cloud to Ground,-32276,0,12
2026-10-07T23:36:09.209692230Z,14.367968,122.414732,Cloud to Ground,-30130,0,13
2026-10-07T23:36:11.212975564Z,6.515201,114.774604,Cloud to Ground,32481,0,12
2026-10-07T23:36:15.730206798Z,7.738112,115.04199,Cloud to Cloud,-8900,16317,14
2026-10-07T23:36:16.326403814Z,7.730168,115.004337,Cloud to Cloud,5854,6203,8
2026-10-07T23:36:16.716084462Z,10.226467,110.138504,Cloud to Ground,16021,0,7
2026-10-07T23:36:19.772310069Z,10.267678,110.225305,Cloud to Ground,-6401,0,6
2026-10-07T23:36:19.773629131Z,10.201048,110.115113,Cloud to Ground,9624,0,8
2026-10-07T23:36:19.632283541Z,10.236242,110.107921,Cloud to Ground,14670,0,8
2026-10-07T23:36:19.503937195Z,10.357841,110.193303,Cloud to Ground,-13975,0,14
2026-10-07T23:36:19.725035304Z,10.191949,110.278653,Cloud to Ground,-33181,0,10
2026-10-07T23:36:22.197643308Z,2.802401,120.06882,Cloud to Ground,23644,0,10
2026-10-07T23:36:23.236060154Z,9.416197,126.716189,Cloud to Ground,23883,0,14
2026-10-07T23:36:23.519638109Z,9.445665,126.867766,Cloud to Cloud,6212,9750,5
2026-10-07T23:36:25.160772101Z,1.875953,110.228653,Cloud to Ground,-53049,0,30
2026-10-07T23:36:24.601079608Z,2.034609,110.2192,Cloud to Cloud,-36424,3387,14
2026-10-07T23:36:24.599590808Z,1.956603,110.262984,Cloud to Ground,10438,0,13
2026-10-07T23:36:25.031004953Z,1.95413,110.213505,Cloud to Ground,21817,0,12
2026-10-07T23:36:27.817432047Z,13.064018,118.578679,Cloud to Ground,-10544,0,11
2026-10-07T23:36:29.916216103Z,10.259077,110.145935,Cloud to Ground,-11695,0,8
2026-10-07T23:36:29.917376246Z,10.309143,110.184959,Cloud to Cloud,-8250,3067,8
2026-10-07T23:36:29.487602418Z,10.304587,110.176281,Cloud to Ground,8249,0,7
2026-10-07T23:36:32.284441222Z,13.807745,124.259594,Cloud to Ground,-23006,0,14
2026-10-07T23:36:32.286620616Z,13.745923,124.31736,Cloud to Cloud,6387,7230,10
2026-10-07T23:36:33.891872346Z,2.336504,110.391806,Cloud to Ground,-35815,0,8
2026-10-07T23:36:33.818668715Z,2.400761,110.523287,Cloud to Cloud,-46239,3930,17
2026-10-07T23:36:33.824703596Z,2.471524,110.529917,Cloud to Ground,-13978,0,15
2026-10-07T23:36:33.836648390Z,2.373794,110.52241,Cloud to Ground,-13880,0,11
2026-10-07T23:36:34.581630392Z,7.66259,115.061553,Cloud to Cloud,-7909,15766,7
2026-10-07T23:36:42.370838674Z,9.586583,114.249738,Cloud to Cloud,13545,3073,8
2026-10-07T23:36:42.352883480Z,9.631504,114.348436,Cloud to Ground,-52526,0,19
2026-10-07T23:36:42.310571370Z,9.627585,114.346193,Cloud to Cloud,-44415,3013,13
2026-10-07T23:36:42.361756697Z,9.65331,114.334392,Cloud to Cloud,13816,4438,6
2026-10-07T23:36:42.401069295Z,10.222265,110.099715,Cloud to Ground,-34591,0,15
2026-10-07T23:36:42.514444572Z,10.249759,110.247595,Cloud to Cloud,-15028,14582,9
2026-10-07T23:36:42.580975865Z,10.242024,110.253046,Cloud to Ground,10253,0,7
2026-10-07T23:36:42.427912725Z,10.239913,110.211662,Cloud to Ground,12890,0,7
2026-10-07T23:36:45.727889305Z,16.216882,116.776727,Cloud to Cloud,-75636,3010,10
2026-10-07T23:36:45.752193608Z,16.226852,116.77794,Cloud to Ground,-25274,0,12
2026-10-07T23:36:45.723001665Z,16.223352,116.776218,Cloud to Cloud,-19388,3003,15
2026-10-07T23:36:45.750150700Z,16.22466,116.763596,Cloud to Cloud,-9914,3012,8
2026-10-07T23:36:45.857474626Z,16.175589,116.702437,Cloud to Cloud,7795,19700,6
2026-10-07T23:36:45.831520561Z,16.181851,116.725898,Cloud to Cloud,13493,3287,8
2026-10-07T23:36:46.120968716Z,9.433282,126.722686,Cloud to Ground,20633,0,7
2026-10-07T23:36:50.432278296Z,19.670304,131.037627,Cloud to Ground,-65991,0,14
2026-10-07T23:36:50.486022433Z,19.748312,131.055785,Cloud to Ground,-24569,0,22
2026-10-07T23:36:50.427851577Z,19.76736,131.049094,Cloud to Ground,-19570,0,15
2026-10-07T23:36:50.508195228Z,19.66607,131.083238,Cloud to Ground,-10215,0,12
2026-10-07T23:36:50.576831320Z,19.65769,131.119421,Cloud to Cloud,12524,8121,6
2026-10-07T23:36:53.028317363Z,0.259318,114.913062,Cloud to Ground,7880,0,12
2026-10-07T23:37:01.641609892Z,9.714893,116.251823,Cloud to Ground,-64175,0,15
2026-10-07T23:37:01.750086020Z,9.759018,116.278476,Cloud to Ground,-18062,0,9
2026-10-07T23:37:03.248368014Z,15.53353,121.697057,Cloud to Ground,-35559,0,25
2026-10-07T23:37:03.308266603Z,15.469874,121.760592,Cloud to Ground,-28972,0,12
2026-10-07T23:37:03.278483679Z,15.470585,121.761215,Cloud to Ground,-25616,0,7
2026-10-07T23:37:03.236662340Z,15.46563,121.75,Cloud to Cloud,-10719,4920,10
2026-10-07T23:37:06.193590430Z,9.478801,126.647403,Cloud to Ground,-9777,0,12
2026-10-07T23:37:06.308829030Z,9.510854,126.626542,Cloud to Ground,-7046,0,12
2026-10-07T23:37:09.754508501Z,1.914672,110.300624,Cloud to Ground,-18121,0,16
2026-10-07T23:37:10.055961852Z,10.230499,110.157975,Cloud to Ground,8147,0,8
2026-10-07T23:37:11.287528888Z,7.62181,114.92571,Cloud to Cloud,10112,7423,9
2026-10-07T23:37:17.762524775Z,1.843271,118.954245,Cloud to Ground,-9913,0,12
2026-10-07T23:37:17.731754913Z,1.766613,119.006598,Cloud to Cloud,-15705,4608,11
2026-10-07T23:37:17.770701811Z,1.754533,118.993788,Cloud to Ground,-9042,0,7
2026-10-07T23:37:17.753036451Z,1.8096,119.04692,Cloud to Cloud,13794,3338,14
2026-10-07T23:37:21.940783836Z,9.424255,126.704686,Cloud to Cloud,8650,18449,8
2026-10-07T23:37:21.685493298Z,9.401723,126.690967,Cloud to Cloud,10180,18047,7
2026-10-07T23:37:21.461711850Z,9.426265,126.715638,Cloud to Ground,13214,0,10
2026-10-07T23:37:22.687808200Z,7.672996,115.037777,Cloud to Ground,-30644,0,11
2026-10-07T23:37:22.780029881Z,7.671956,114.938155,Cloud to Ground,-15322,0,18
2026-10-07T23:37:22.927639710Z,7.758026,115.046135,Cloud to Ground,12329,0,7
2026-10-07T23:37:22.882363000Z,7.7206,114.9989,Cloud to Ground,23064,0,5
2026-10-07T23:37:22.757345157Z,7.751905,115.055036,Cloud to Cloud,33785,3022,8
2026-10-07T23:37:23.050036081Z,7.704496,115.022136,Cloud to Ground,50708,0,9
2026-10-07T23:37:30.258084415Z,10.223464,110.151565,Cloud to Ground,-44183,0,8
2026-10-07T23:37:30.173166696Z,10.194161,110.117575,Cloud to Ground,-33780,0,8
2026-10-07T23:37:30.299196485Z,10.25194,110.152933,Cloud to Ground,-20113,0,18
2026-10-07T23:37:30.274206075Z,10.207306,110.230723,Cloud to Ground,-11543,0,5
2026-10-07T23:37:30.720432000Z,10.235,110.2095,Cloud to Ground,22528,0,8
2026-10-07T23:37:30.120561883Z,10.211454,110.193731,Cloud to Ground,63010,0,8
2026-10-07T23:37:31.592949057Z,15.546947,121.797535,Cloud to Cloud,-5128,19049,7
2026-10-07T23:37:34.362787880Z,9.433546,126.719282,Cloud to Cloud,-7441,4565,13
2026-10-07T23:37:33.797311156Z,9.440145,126.673662,Cloud to Cloud,10151,7086,8
2026-10-07T23:37:37.477169312Z,1.691676,119.055073,Cloud to Ground,-11041,0,11
2026-10-07T23:37:38.461107797Z,3.263352,118.672164,Cloud to Ground,11353,0,10
2026-10-07T23:37:38.423598240Z,3.280249,118.677025,Cloud to Ground,30611,0,14
2026-10-07T23:37:39.553576313Z,16.178897,116.75547,Cloud to Cloud,-3100,3365,7
2026-10-07T23:37:47.290207722Z,9.441741,126.651745,Cloud to Ground,-11478,0,10
2026-10-07T23:37:48.878870608Z,1.651739,119.210458,Cloud to Ground,-15623,0,13
2026-10-07T23:37:49.886713899Z,14.341673,122.360526,Cloud to Ground,-68654,0,12
2026-10-07T23:37:49.928436662Z,14.345636,122.369655,Cloud to Ground,-13022,0,10
2026-10-07T23:37:49.873100857Z,14.274973,122.42555,Cloud to Cloud,-12976,8503,13
2026-10-07T23:37:49.872393187Z,14.326688,122.387856,Cloud to Cloud,-10237,15252,6
2026-10-07T23:37:50.816333839Z,1.996283,110.227219,Cloud to Ground,-14374,0,9
2026-10-07T23:37:50.816945689Z,2.002051,110.216215,Cloud to Ground,-9602,0,8
2026-10-07T23:37:50.143281287Z,10.369139,110.363534,Cloud to Cloud,-17175,4528,8
2026-10-07T23:37:52.278734011Z,16.314152,117.712218,Cloud to Cloud,-3767,5702,7
2026-10-07T23:37:59.989598906Z,9.453457,126.751848,Cloud to Ground,-19357,0,14
2026-10-07T23:38:01.442065519Z,9.465767,126.687572,Cloud to Cloud,-5486,19380,7
2026-10-07T23:38:01.466391770Z,9.431032,126.725847,Cloud to Cloud,6090,16161,7
2026-10-07T23:38:03.901571800Z,7.678375,115.0386,Cloud to Cloud,7115,17434,10
2026-10-07T23:38:04.315934280Z,7.648951,114.991934,Cloud to Cloud,8524,6616,8
2026-10-07T23:38:03.868308000Z,7.6728,114.9993,Cloud to Ground,22259,0,5
2026-10-07T23:38:03.798300000Z,7.6637,115.0417,Cloud to Ground,30273,0,6
2026-10-07T23:38:03.719128997Z,7.677405,115.027708,Cloud to Ground,58567,0,11
2026-10-07T23:38:03.976448872Z,10.193089,110.132851,Cloud to Cloud,-7245,17876,6
2026-10-07T23:38:04.024960820Z,10.175519,110.075537,Cloud to Cloud,-7054,17799,7
2026-10-07T23:38:04.180269127Z,10.221981,110.11465,Cloud to Cloud,8930,3003,8
2026-10-07T23:38:05.744573089Z,5.680667,127.032619,Cloud to Ground,-38262,0,13
2026-10-07T23:38:05.931000295Z,5.712942,126.975524,Cloud to Ground,-27152,0,12
2026-10-07T23:38:06.053028083Z,5.638849,127.040505,Cloud to Ground,-13001,0,16
2026-10-07T23:38:05.417475000Z,5.708,127.026,Cloud to Ground,15948,0,5
2026-10-07T23:38:14.774735297Z,9.380193,126.732994,Cloud to Cloud,6308,18515,8
2026-10-07T23:38:14.635557861Z,9.378593,126.726845,Cloud to Cloud,6613,3174,6
2026-10-07T23:38:14.729417680Z,9.324907,126.827227,Cloud to Ground,18632,0,10
2026-10-07T23:38:17.860342975Z,10.184528,110.124238,Cloud to Cloud,6901,5917,8
2026-10-07T23:38:21.479345494Z,5.658956,126.776377,Cloud to Ground,-10258,0,10
2026-10-07T23:38:21.919717921Z,9.633285,114.385725,Cloud to Cloud,-88082,3023,16
2026-10-07T23:38:21.916764965Z,9.561293,114.290203,Cloud to Cloud,-11320,6029,11
2026-10-07T23:38:21.915141935Z,9.64341,114.368287,Cloud to Cloud,-8910,7567,8
2026-10-07T23:38:22.160612932Z,9.632877,114.296105,Cloud to Ground,18082,0,9
2026-10-07T23:38:22.159958099Z,9.656968,114.362812,Cloud to Ground,37090,0,13
2026-10-07T23:38:22.045606097Z,9.651586,114.342897,Cloud to Ground,65441,0,13
2026-10-07T23:38:31.643075716Z,7.635031,114.918322,Cloud to Ground,79270,0,8
2026-10-07T23:38:32.287072339Z,7.665143,115.041712,Cloud to Cloud,-8142,13785,6
2026-10-07T23:38:32.059483065Z,7.659,115.016369,Cloud to Ground,17447,0,11
2026-10-07T23:38:31.699261400Z,7.702106,115.02877,Cloud to Ground,24636,0,13
2026-10-07T23:38:41.725065953Z,9.688236,116.25,Cloud to Ground,-69549,0,8
2026-10-07T23:38:41.794754792Z,9.735428,116.287978,Cloud to Ground,-29841,0,8
2026-10-07T23:38:42.025094000Z,9.7398,116.227,Cloud to Ground,14330,0,5
2026-10-07T23:38:41.847635685Z,9.750793,116.27324,Cloud to Cloud,15635,19812,10
2026-10-07T23:38:41.809571600Z,9.742934,116.265159,Cloud to Ground,21519,0,8
2026-10-07T23:38:41.826571174Z,9.74485,116.291983,Cloud to Cloud,22644,16607,8
2026-10-07T23:38:41.387558907Z,1.803336,118.820389,Cloud to Ground,-20804,0,7
2026-10-07T23:38:41.568956000Z,1.7745,118.8976,Cloud to Ground,12024,0,5
2026-10-07T23:38:41.639061836Z,1.745363,118.960359,Cloud to Ground,28497,0,21
2026-10-07T23:38:41.428554651Z,1.72427,118.949329,Cloud to Ground,28900,0,15
2026-10-07T23:38:41.518817240Z,1.744474,118.956386,Cloud to Ground,30121,0,16
2026-10-07T23:38:41.529526081Z,1.730935,118.934157,Cloud to Ground,32978,0,15
2026-10-07T23:38:41.465598279Z,1.737625,118.949777,Cloud to Ground,42213,0,22
2026-10-07T23:38:41.391083884Z,1.730891,118.978901,Cloud to Ground,109923,0,34
2026-10-07T23:38:47.772620954Z,8.210506,110.388181,Cloud to Ground,19634,0,12
2026-10-07T23:38:47.220920427Z,19.681707,130.921007,Cloud to Cloud,14567,3562,9
2026-10-07T23:38:47.189991656Z,19.656286,131.068873,Cloud to Ground,-69333,0,18
2026-10-07T23:38:47.233715670Z,19.642647,131.015511,Cloud to Ground,-13457,0,7
2026-10-07T23:38:47.197494299Z,19.654767,131.079903,Cloud to Ground,-10991,0,11
2026-10-07T23:38:47.182939675Z,19.653307,131.071086,Cloud to Ground,-9833,0,15
2026-10-07T23:38:47.247438140Z,19.665443,131.071217,Cloud to Ground,21682,0,14
2026-10-07T23:38:47.574477270Z,19.592076,130.88106,Cloud to Ground,-11830,0,12
2026-10-07T23:38:49.992529439Z,9.725534,116.31193,Cloud to Ground,-25591,0,12
2026-10-07T23:38:49.436427283Z,0.252355,114.843795,Cloud to Cloud,-9602,3141,10
2026-10-07T23:38:49.436016614Z,0.245567,114.856136,Cloud to Ground,8641,0,8
2026-10-07T23:38:49.395015370Z,15.469715,121.731874,Cloud to Cloud,-5424,16203,6
2026-10-07T23:38:50.530270680Z,7.734993,115.007138,Cloud to Ground,-24304,0,13
2026-10-07T23:38:50.580112153Z,7.637247,115.064323,Cloud to Ground,-21586,0,8
2026-10-07T23:38:50.730125266Z,7.741362,115.015439,Cloud to Ground,-18921,0,15
2026-10-07T23:38:50.639776941Z,7.763172,115.04073,Cloud to Ground,-14888,0,18
2026-10-07T23:38:50.477670843Z,7.71525,115.050581,Cloud to Ground,46647,0,10
2026-10-07T23:38:50.840272387Z,2.788284,120.061885,Cloud to Cloud,11839,14864,8
2026-10-07T23:38:50.842450839Z,2.792008,119.965219,Cloud to Cloud,-10612,9124,16
2026-10-07T23:38:50.844476000Z,2.7132,119.9871,Cloud to Ground,17346,0,5
2026-10-07T23:38:53.824705986Z,16.131244,116.659236,Cloud to Cloud,3989,16941,6
2026-10-07T23:38:53.830630682Z,16.166953,116.751691,Cloud to Cloud,7975,4086,5
2026-10-07T23:38:53.869237529Z,16.175603,116.757438,Cloud to Cloud,9070,16701,10
2026-10-07T23:38:53.827949062Z,16.18392,116.759839,Cloud to Ground,15429,0,10
2026-10-07T23:38:53.825643567Z,16.182204,116.758521,Cloud to Ground,23257,0,11
2026-10-07T23:38:54.276509129Z,1.906715,110.385131,Cloud to Ground,-40322,0,18
2026-10-07T23:38:54.152995043Z,1.886459,110.498129,Cloud to Ground,-18396,0,17
2026-10-07T23:38:54.179354770Z,1.887288,110.494352,Cloud to Ground,34830,0,21
2026-10-07T23:38:54.523219111Z,10.165018,110.113178,Cloud to Ground,-17393,0,8
2026-10-07T23:38:54.347622330Z,10.146256,110.040909,Cloud to Cloud,-12566,4082,7
2026-10-07T23:38:54.428958580Z,10.173516,110.130161,Cloud to Ground,7459,0,5
2026-10-07T23:38:54.336402006Z,10.217418,110.244746,Cloud to Ground,-25082,0,11
2026-10-07T23:38:54.456821451Z,10.246211,110.248691,Cloud to Ground,-18515,0,11
2026-10-07T23:38:54.401369561Z,10.225135,110.24275,Cloud to Ground,-15734,0,9
2026-10-07T23:38:54.489488735Z,10.228986,110.250037,Cloud to Ground,-13353,0,7
2026-10-07T23:39:00.653007204Z,9.465563,126.636837,Cloud to Ground,14376,0,12
2026-10-07T23:39:06.797546635Z,10.191694,110.207653,Cloud to Ground,-16105,0,8
2026-10-07T23:39:06.788133549Z,10.20247,110.122403,Cloud to Ground,14620,0,11
2026-10-07T23:39:06.842323987Z,10.205579,110.155439,Cloud to Ground,19300,0,10
2026-10-07T23:39:08.111969517Z,5.204258,114.480565,Cloud to Ground,-16636,0,7
2026-10-07T23:39:08.116574499Z,5.29396,114.478026,Cloud to Ground,-14528,0,18
2026-10-07T23:39:09.209341128Z,7.650053,115.049171,Cloud to Ground,-39671,0,14
2026-10-07T23:39:09.054012778Z,7.634477,115.045402,Cloud to Ground,-37121,0,11
2026-10-07T23:39:09.208272595Z,7.654757,115.060955,Cloud to Ground,-22405,0,16
2026-10-07T23:39:11.432867000Z,9.3923,126.6564,Cloud to Ground,-4478,0,6
2026-10-07T23:39:12.857023656Z,9.392231,126.708465,Cloud to Ground,21790,0,16
2026-10-07T23:39:19.688834301Z,13.054935,118.553476,Cloud to Ground,-34708,0,10
2026-10-07T23:39:19.670068243Z,12.977309,118.606946,Cloud to Cloud,-22038,5029,10
2026-10-07T23:39:22.655748669Z,9.519569,126.681342,Cloud to Cloud,-6726,19108,7
2026-10-07T23:39:25.168073270Z,2.77043,119.99319,Cloud to Cloud,-14372,14136,16
2026-10-07T23:39:25.396374000Z,2.8778,119.9853,Cloud to Ground,44165,0,5
2026-10-07T23:39:28.202133880Z,10.228978,110.163826,Cloud to Cloud,-17796,3025,9
2026-10-07T23:39:27.714710308Z,10.233092,110.16713,Cloud to Ground,6080,0,7
2026-10-07T23:39:28.376269423Z,9.431766,126.711603,Cloud to Ground,21594,0,26
2026-10-07T23:39:28.434638676Z,7.687597,115.055126,Cloud to Cloud,-14727,11358,8
2026-10-07T23:39:28.212181544Z,7.634434,115.049174,Cloud to Cloud,21855,9799,13
2026-10-07T23:39:30.380360312Z,5.751858,126.993541,Cloud to Cloud,11594,14027,9
2026-10-07T23:39:30.562181054Z,8.75965,134.174244,Cloud to Cloud,15883,8271,15
2026-10-07T23:39:34.473784385Z,16.238772,118.166197,Cloud to Cloud,-4572,17399,7
2026-10-07T23:39:34.683589105Z,16.247508,118.161163,Cloud to Cloud,11054,3000,7
2026-10-07T23:39:35.363061042Z,7.717195,115.000322,Cloud to Ground,-21281,0,10
2026-10-07T23:39:35.403993925Z,7.695604,115.039995,Cloud to Ground,19849,0,9
2026-10-07T23:39:35.503579000Z,7.7119,115.0509,Cloud to Ground,25057,0,5
2026-10-07T23:39:35.460366482Z,2.835036,117.898761,Cloud to Ground,46063,0,22
2026-10-07T23:39:37.192048832Z,9.463986,126.719887,Cloud to Ground,15021,0,23
2026-10-07T23:39:46.375107721Z,3.272787,118.652283,Cloud to Cloud,12826,19628,8
2026-10-07T23:39:46.376894104Z,3.25644,118.661965,Cloud to Ground,16282,0,7
2026-10-07T23:39:46.377390445Z,3.260498,118.669646,Cloud to Ground,19805,0,9
2026-10-07T23:39:46.089800582Z,10.25828,110.237604,Cloud to Ground,-26816,0,11
2026-10-07T23:39:46.136355747Z,10.175858,110.086597,Cloud to Cloud,-7698,10119,6
2026-10-07T23:39:54.630004625Z,10.263343,110.261178,Cloud to Cloud,-6126,17388,8
2026-10-07T23:39:54.204910346Z,10.230181,110.164757,Cloud to Ground,10809,0,8
2026-10-07T23:39:55.490827879Z,1.74942,118.989065,Cloud to Ground,-10089,0,13
2026-10-07T23:39:55.486932050Z,1.738546,118.981799,Cloud to Ground,14657,0,12
2026-10-07T23:39:55.071846271Z,10.126765,110.322355,Cloud to Ground,-8669,0,5
2026-10-07T23:39:56.538545215Z,7.129682,116.618068,Cloud to Ground,-60406,0,13
2026-10-07T23:39:56.756159502Z,7.142025,116.566343,Cloud to Ground,-41036,0,10
2026-10-07T23:39:56.571839998Z,7.185196,116.564453,Cloud to Cloud,-18579,4742,11
2026-10-07T23:39:57.096361759Z,7.15936,116.602643,Cloud to Cloud,-15767,3008,10
2026-10-07T23:39:56.887841339Z,7.225735,116.58479,Cloud to Ground,43628,0,16
2026-10-07T23:39:56.639874204Z,9.425224,126.631326,Cloud to Ground,17164,0,14
2026-10-07T23:39:56.074502055Z,1.755662,119.088634,Cloud to Ground,-14617,0,16
2026-10-07T23:39:58.949856995Z,9.737958,116.298189,Cloud to Ground,-74277,0,8
2026-10-07T23:39:59.100799682Z,9.745897,116.295912,Cloud to Cloud,-24955,3068,12
2026-10-07T23:39:59.041827193Z,9.744385,116.295787,Cloud to Ground,-21425,0,10
2026-10-07T23:39:58.980486980Z,9.740612,116.250976,Cloud to Cloud,-13613,7418,11
2026-10-07T23:39:59.417903000Z,9.7378,116.2069,Cloud to Ground,22045,0,10
2026-10-07T23:40:01.076337090Z,9.436299,126.680954,Cloud to Ground,21930,0,7
2026-10-07T23:40:02.700965536Z,5.896056,126.99407,Cloud to Cloud,-9818,17512,27
2026-10-07T23:40:02.682307766Z,6.290567,127.069112,Cloud to Ground,32019,0,19
2026-10-07T23:40:03.895778789Z,1.904006,110.287491,Cloud to Ground,-12431,0,12
2026-10-07T23:40:03.780983625Z,1.899532,110.476882,Cloud to Ground,14370,0,14
2026-10-07T23:40:03.713354692Z,1.918609,110.508253,Cloud to Ground,17991,0,7
2026-10-07T23:40:04.415959054Z,7.623486,115.053356,Cloud to Cloud,-34319,3064,9
2026-10-07T23:40:04.453376287Z,7.685652,115.041001,Cloud to Cloud,-8191,7022,10
2026-10-07T23:40:04.214674429Z,7.718197,115.045107,Cloud to Ground,120448,0,14
2026-10-07T23:40:04.421293248Z,7.638688,114.96132,Cloud to Cloud,-15539,19414,12
2026-10-07T23:40:05.534446246Z,9.627132,114.397854,Cloud to Ground,-93776,0,14
2026-10-07T23:40:07.593396006Z,1.970534,110.190234,Cloud to Ground,-52925,0,15
2026-10-07T23:40:07.714496178Z,1.994478,110.189881,Cloud to Ground,-43869,0,21
2026-10-07T23:40:07.764239443Z,1.985581,110.149629,Cloud to Ground,-41612,0,25
2026-10-07T23:40:07.669230578Z,2.017123,110.076622,Cloud to Ground,-20386,0,7
2026-10-07T23:40:07.807724419Z,2.001806,110.2267,Cloud to Ground,-16121,0,18
2026-10-07T23:40:07.957604615Z,2.004971,110.154701,Cloud to Ground,12303,0,5
2026-10-07T23:40:07.651842649Z,2.050358,110.165789,Cloud to Ground,15427,0,10
2026-10-07T23:40:07.636624905Z,2.032388,110.154366,Cloud to Ground,20693,0,10
2026-10-07T23:40:07.598716769Z,2.217344,110.381076,Cloud to Ground,64534,0,12
2026-10-07T23:40:16.705217860Z,10.263636,110.249619,Cloud to Ground,-24752,0,9
2026-10-07T23:40:17.426499600Z,10.224986,110.103182,Cloud to Ground,-22486,0,9
2026-10-07T23:40:16.728505068Z,10.250805,110.170963,Cloud to Cloud,-16658,5955,8
2026-10-07T23:40:17.430548459Z,10.151538,110.093127,Cloud to Cloud,-9755,6193,9
2026-10-07T23:40:16.783893000Z,10.3156,110.1583,Cloud to Ground,36689,0,8
2026-10-07T23:40:17.108584264Z,10.307728,110.226371,Cloud to Ground,41144,0,9
2026-10-07T23:40:22.518531683Z,7.711911,114.133906,Cloud to Cloud,-10830,3055,8
2026-10-07T23:40:22.522109311Z,7.701481,114.141902,Cloud to Cloud,-7566,3147,5
2026-10-07T23:40:22.302417247Z,2.780457,119.976771,Cloud to Cloud,11706,11650,10
2026-10-07T23:40:32.910520128Z,9.497759,126.672212,Cloud to Cloud,-13022,12984,11
2026-10-07T23:40:33.337052471Z,9.49843,126.588457,Cloud to Cloud,-9804,16627,10
2026-10-07T23:40:32.812755000Z,9.459,126.7597,Cloud to Ground,20853,0,6
2026-10-07T23:40:34.373915407Z,10.206375,110.124761,Cloud to Ground,-28712,0,8
2026-10-07T23:40:34.435381341Z,10.194997,110.128599,Cloud to Ground,-18857,0,6
2026-10-07T23:40:34.537583750Z,10.322325,110.158246,Cloud to Ground,-27053,0,5
2026-10-07T23:40:34.231871477Z,10.265111,110.25,Cloud to Ground,-15670,0,10
2026-10-07T23:40:34.197421749Z,10.248904,110.241057,Cloud to Ground,6353,0,6
2026-10-07T23:40:34.794508430Z,10.302328,110.270526,Cloud to Ground,8462,0,6
2026-10-07T23:40:34.610377376Z,10.278865,110.220155,Cloud to Ground,12315,0,9
2026-10-07T23:40:34.536856180Z,10.284701,110.248925,Cloud to Ground,20490,0,9
2026-10-07T23:40:34.172156286Z,10.262292,110.234082,Cloud to Ground,59209,0,8
2026-10-07T23:40:38.547696494Z,2.694835,119.486233,Cloud to Ground,-23837,0,20
2026-10-07T23:40:42.602836910Z,15.394714,121.800715,Cloud to Cloud,10789,5529,11
2026-10-07T23:40:42.607406913Z,15.487215,121.755503,Cloud to Cloud,-31784,16108,13
2026-10-07T23:40:42.568393088Z,15.492219,121.769435,Cloud to Cloud,7680,14094,11
2026-10-07T23:40:50.922233029Z,9.454424,126.670599,Cloud to Cloud,10374,10280,8
2026-10-07T23:40:51.186850000Z,9.4339,126.8155,Cloud to Ground,12489,0,6
2026-10-07T23:40:56.051288637Z,10.269842,110.258223,Cloud to Ground,-6632,0,9
2026-10-07T23:40:56.027356800Z,10.226312,110.15423,Cloud to Cloud,6006,3079,5
2026-10-07T23:40:56.020504088Z,10.223167,110.134255,Cloud to Ground,15624,0,12
2026-10-07T23:40:56.037679634Z,10.219617,110.148104,Cloud to Ground,17927,0,11
2026-10-07T23:40:59.869558858Z,9.63488,114.312672,Cloud to Ground,-35669,0,11
2026-10-07T23:40:59.941965930Z,9.660782,114.35056,Cloud to Cloud,13868,7300,10
2026-10-07T23:41:00.007348648Z,9.665217,114.344402,Cloud to Ground,19026,0,11
2026-10-07T23:40:59.973286884Z,9.677689,114.365808,Cloud to Ground,19977,0,9
2026-10-07T23:40:59.928406000Z,9.6567,114.3154,Cloud to Ground,27910,0,5
2026-10-07T23:40:59.875690029Z,9.670977,114.372186,Cloud to Ground,119580,0,12
2026-10-07T23:41:00.368007099Z,3.329544,118.631592,Cloud to Ground,-33657,0,20
2026-10-07T23:41:00.663252204Z,3.321299,118.633074,Cloud to Ground,-19873,0,16
2026-10-07T23:41:00.358030468Z,3.308595,118.650779,Cloud to Cloud,-19216,3040,24
2026-10-07T23:41:04.065330392Z,16.427729,117.873585,Cloud to Ground,-48551,0,20
2026-10-07T23:41:04.184699846Z,16.436671,117.8663,Cloud to Ground,-39432,0,13
2026-10-07T23:41:08.112990554Z,1.894035,110.313225,Cloud to Ground,-17113,0,14
2026-10-07T23:41:08.067876790Z,1.887079,110.497503,Cloud to Ground,16781,0,13
2026-10-07T23:41:08.239257000Z,2.1469,110.3073,Cloud to Ground,-6692,0,5
2026-10-07T23:41:09.168029685Z,14.35201,118.929,Cloud to Ground,-16630,0,12
2026-10-07T23:41:09.140813374Z,14.369952,118.931373,Cloud to Cloud,11278,9149,8
2026-10-07T23:41:10.195663562Z,10.250912,110.211353,Cloud to Ground,-20984,0,11
2026-10-07T23:41:10.048687509Z,10.257714,110.217023,Cloud to Ground,-6912,0,7
2026-10-07T23:41:09.825948708Z,10.226783,110.153356,Cloud to Cloud,6385,16829,8
2026-10-07T23:41:09.907865885Z,10.240282,110.168943,Cloud to Cloud,8257,13551,8
2026-10-07T23:41:10.235112994Z,10.213146,110.140551,Cloud to Cloud,8663,10432,10
2026-10-07T23:41:14.786654324Z,9.44666,126.618561,Cloud to Ground,21759,0,17
2026-10-07T23:41:16.190044047Z,7.651193,115.05791,Cloud to Ground,-121511,0,13
2026-10-07T23:41:16.185874061Z,7.788229,115.188672,Cloud to Ground,-21914,0,18
2026-10-07T23:41:17.689332351Z,9.40727,126.711527,Cloud to Ground,26618,0,17
2026-10-07T23:41:19.222776459Z,9.707827,116.294835,Cloud to Ground,-87790,0,16
2026-10-07T23:41:19.262073795Z,9.728996,116.293516,Cloud to Ground,-24154,0,11
2026-10-07T23:41:19.218834949Z,9.755083,116.245645,Cloud to Ground,-21675,0,7
2026-10-07T23:41:19.255593796Z,9.793452,116.293467,Cloud to Cloud,-20253,11481,10
2026-10-07T23:41:19.345214929Z,9.71134,116.280344,Cloud to Ground,-12121,0,8
2026-10-07T23:41:19.233813848Z,9.754321,116.25537,Cloud to Cloud,-8448,3697,7
2026-10-07T23:41:19.298475000Z,9.7904,116.2723,Cloud to Ground,23650,0,6
2026-10-07T23:41:25.696794571Z,5.625186,126.759416,Cloud to Ground,14170,0,10
2026-10-07T23:41:27.532859901Z,13.061812,118.544944,Cloud to Ground,-22051,0,10
2026-10-07T23:41:27.478184313Z,13.053822,118.557224,Cloud to Ground,6781,0,7
2026-10-07T23:41:28.254887793Z,1.92064,110.274433,Cloud to Ground,-17552,0,24
2026-10-07T23:41:28.260942375Z,1.996797,110.227139,Cloud to Ground,-13402,0,9
2026-10-07T23:41:28.337508578Z,10.390067,110.109167,Cloud to Ground,20111,0,6
2026-10-07T23:41:28.335007541Z,10.20164,110.122115,Cloud to Ground,-26165,0,7
2026-10-07T23:41:28.465656351Z,10.161625,110.127302,Cloud to Ground,-25174,0,9
2026-10-07T23:41:28.131314707Z,10.20113,110.167574,Cloud to Ground,13550,0,7
2026-10-07T23:41:28.015945654Z,10.215723,110.29032,Cloud to Ground,-23501,0,7
2026-10-07T23:41:28.245515500Z,10.190483,110.284582,Cloud to Ground,-21465,0,7
2026-10-07T23:41:30.204649504Z,9.557024,126.615484,Cloud to Ground,15738,0,14
2026-10-07T23:41:35.005258441Z,17.494314,112.456627,Cloud to Cloud,-18405,11883,11
2026-10-07T23:41:34.951869642Z,17.592344,112.535338,Cloud to Cloud,-9586,5376,7
2026-10-07T23:41:34.950821252Z,17.577225,112.440387,Cloud to Cloud,-9565,15828,8
2026-10-07T23:41:34.904936476Z,17.530784,112.563416,Cloud to Ground,-9408,0,8
2026-10-07T23:41:35.097401071Z,17.46067,112.437283,Cloud to Cloud,12072,4663,10
2026-10-07T23:41:34.898560529Z,17.56851,112.465143,Cloud to Ground,36161,0,17
2026-10-07T23:41:35.493116000Z,17.3516,112.621,Cloud to Ground,-15084,0,5
2026-10-07T23:41:36.657759511Z,7.655059,115.031338,Cloud to Cloud,12948,16328,9
2026-10-07T23:41:38.720081578Z,7.787663,115.256227,Cloud to Ground,-38655,0,12
2026-10-07T23:41:38.711307690Z,7.650702,115.052454,Cloud to Cloud,-12761,13916,16
2026-10-07T23:41:38.760077802Z,7.6746,115.060394,Cloud to Ground,29836,0,13
2026-10-07T23:41:38.101862828Z,5.752754,126.916687,Cloud to Ground,-26446,0,17
2026-10-07T23:41:38.110536352Z,5.713184,127.020601,Cloud to Ground,13413,0,12
2026-10-07T23:41:38.100414626Z,5.712945,127.010103,Cloud to Ground,14687,0,11
2026-10-07T23:41:38.664428000Z,10.2847,110.3862,Cloud to Ground,20285,0,5
2026-10-07T23:41:38.792867730Z,10.23023,110.2515,Cloud to Ground,15040,0,9
2026-10-07T23:41:39.224377000Z,10.2433,110.1954,Cloud to Ground,17846,0,8
2026-10-07T23:41:38.568799323Z,10.155521,110.14901,Cloud to Ground,-27393,0,7
2026-10-07T23:41:42.289004000Z,15.1532,110.0625,Cloud to Ground,-41750,0,8
2026-10-07T23:41:42.228859531Z,15.192938,110.092676,Cloud to Ground,-29570,0,10
2026-10-07T23:41:49.132444457Z,7.662965,114.138543,Cloud to Ground,107118,0,15
2026-10-07T23:41:49.116477221Z,7.665927,114.046733,Cloud to Cloud,-9913,11197,7
2026-10-07T23:41:50.037222471Z,3.982356,119.604887,Cloud to Ground,-10339,0,19
2026-10-07T23:41:51.471812727Z,16.314838,118.226986,Cloud to Ground,-6124,0,8
2026-10-07T23:41:56.030066743Z,15.523576,121.692762,Cloud to Cloud,2447,16155,7
2026-10-07T23:41:55.996843439Z,15.485951,121.768964,Cloud to Cloud,5902,19027,6
2026-10-07T23:41:55.997862000Z,15.5579,121.7213,Cloud to Ground,17244,0,5
2026-10-07T23:41:57.934979597Z,5.208297,114.647416,Cloud to Ground,-55739,0,13
2026-10-07T23:41:57.935409945Z,5.194944,114.649094,Cloud to Ground,-36189,0,10
2026-10-07T23:41:57.943907440Z,5.225498,114.694852,Cloud to Ground,77809,0,21
2026-10-07T23:41:57.447463012Z,9.443111,126.764342,Cloud to Ground,24312,0,7
2026-10-07T23:41:57.732703490Z,9.505111,126.670307,Cloud to Cloud,-10869,10263,10
2026-10-07T23:41:59.112698531Z,10.21509,110.16995,Cloud to Cloud,8853,11677,7
2026-10-07T23:41:59.091594431Z,10.221418,110.169847,Cloud to Cloud,10507,10186,10
2026-10-07T23:41:59.618048730Z,10.220212,110.122005,Cloud to Cloud,11267,19168,9
2026-10-07T23:41:59.073473600Z,10.244745,110.172068,Cloud to Ground,14810,0,14
2026-10-07T23:41:59.424165505Z,10.18882,110.127772,Cloud to Ground,16006,0,12
2026-10-07T23:42:00.248131687Z,16.239283,116.744243,Cloud to Ground,-69087,0,14
2026-10-07T23:42:01.795235126Z,9.656693,114.361203,Cloud to Cloud,-43490,7196,11
2026-10-07T23:42:02.481330220Z,9.647104,114.37088,Cloud to Ground,-20105,0,9
2026-10-07T23:42:01.747476697Z,9.638247,114.341875,Cloud to Ground,-19733,0,8
2026-10-07T23:42:01.747910475Z,9.617638,114.28209,Cloud to Cloud,-18451,11009,9
2026-10-07T23:42:01.841901094Z,9.628846,114.345018,Cloud to Cloud,-17052,3445,11
2026-10-07T23:42:02.482096436Z,9.564632,114.348303,Cloud to Ground,-9199,0,11
2026-10-07T23:42:02.085942001Z,9.620031,114.373823,Cloud to Cloud,-6978,3047,6
2026-10-07T23:42:01.898239002Z,9.686264,114.363692,Cloud to Ground,21842,0,10
2026-10-07T23:42:01.754326454Z,9.679596,114.361075,Cloud to Ground,108381,0,15
2026-10-07T23:42:03.151765227Z,2.833371,117.906141,Cloud to Cloud,-16296,3767,16
2026-10-07T23:42:03.150694003Z,2.904558,117.885903,Cloud to Ground,-9830,0,14
