timestamp,latitude,longitude,type,amplitude_ka,height_m,num_sensors
2026-09-21T09:01:01.294671130Z,22.48593,111.474349,Cloud to Cloud,-16096,15960,6
2026-09-21T09:01:01.687615987Z,13.114554,121.247835,Cloud to Ground,26018,0,9
2026-09-21T09:01:01.121768410Z,12.997308,123.93891,Cloud to Cloud,18865,17079,7
2026-09-21T09:01:03.224829830Z,2.914516,113.103283,Cloud to Ground,-25581,0,11
2026-09-21T09:01:03.230481889Z,2.934608,113.120181,Cloud to Ground,91313,0,17
2026-09-21T09:01:03.652242473Z,8.101754,133.554388,Cloud to Ground,18016,0,16
2026-09-21T09:01:03.408801167Z,8.088953,133.404606,Cloud to Ground,-42278,0,33
2026-09-21T09:01:03.463433000Z,8.097,133.4327,Cloud to Ground,-24815,0,7
2026-09-21T09:01:03.543320789Z,8.12874,133.404316,Cloud to Ground,-15543,0,25
2026-09-21T09:01:03.536612373Z,10.083232,124.35665,Cloud to Ground,25597,0,12
2026-09-21T09:01:03.436985768Z,10.082799,124.360096,Cloud to Ground,29504,0,7
2026-09-21T09:01:03.382949943Z,10.021355,124.432366,Cloud to Ground,-50206,0,9
2026-09-21T09:01:03.552727525Z,10.004019,124.422879,Cloud to Ground,-26378,0,8
2026-09-21T09:01:03.465322942Z,10.013915,124.428692,Cloud to Ground,-25462,0,11
2026-09-21T09:01:03.759287651Z,13.983543,121.555811,Cloud to Cloud,12455,11396,8
2026-09-21T09:01:03.284091316Z,14.021591,121.570772,Cloud to Cloud,15116,19208,9
2026-09-21T09:01:03.861284831Z,13.908155,121.59417,Cloud to Cloud,15752,15353,8
2026-09-21T09:01:04.562695611Z,5.399894,116.244845,Cloud to Ground,-33685,0,21
2026-09-21T09:01:04.294111114Z,15.664397,121.247135,Cloud to Ground,-19684,0,12
2026-09-21T09:01:05.195521794Z,15.718206,121.294967,Cloud to Cloud,11339,17280,7
2026-09-21T09:01:06.131765226Z,1.614522,110.011635,Cloud to Ground,-12579,0,8
2026-09-21T09:01:06.129690866Z,0.598204,110.617356,Cloud to Ground,-14055,0,9
2026-09-21T09:01:06.394148346Z,15.712664,121.314684,Cloud to Cloud,7444,6660,6
2026-09-21T09:01:06.360095631Z,15.652365,121.230002,Cloud to Ground,-11708,0,13
2026-09-21T09:01:06.439758150Z,15.674484,121.214322,Cloud to Cloud,7558,19619,7
2026-09-21T09:01:07.678652170Z,12.96593,123.79962,Cloud to Ground,-16497,0,9
2026-09-21T09:01:08.756789343Z,15.878809,121.306806,Cloud to Cloud,8137,13915,10
2026-09-21T09:01:09.275490275Z,2.107378,115.99105,Cloud to Ground,30222,0,14
2026-09-21T09:01:09.340891000Z,1.9392,116.0489,Cloud to Ground,-16551,0,5
2026-09-21T09:01:09.974721314Z,1.724956,114.213284,Cloud to Ground,-18157,0,7
2026-09-21T09:01:09.772452000Z,10.5354,122.8821,Cloud to Ground,-92195,0,6
2026-09-21T09:01:09.846769048Z,10.597919,122.842091,Cloud to Ground,-18597,0,19
2026-09-21T09:01:09.900106000Z,10.5164,122.8032,Cloud to Ground,-17086,0,5
2026-09-21T09:01:09.377601911Z,14.022609,121.64979,Cloud to Ground,-14654,0,11
2026-09-21T09:01:09.466038000Z,14.0752,121.466,Cloud to Ground,-26918,0,5
2026-09-21T09:01:10.086068763Z,22.277534,111.625858,Cloud to Cloud,20389,3012,9
2026-09-21T09:01:10.015416691Z,22.238002,111.64019,Cloud to Ground,32216,0,12
2026-09-21T09:01:12.593531743Z,22.193537,120.027852,Cloud to Cloud,5854,3837,5
2026-09-21T09:01:12.347169115Z,22.203187,120.059058,Cloud to Cloud,5988,5962,5
2026-09-21T09:01:12.335718566Z,22.203856,120.049603,Cloud to Ground,22168,0,7
2026-09-21T09:01:15.783116867Z,13.862805,121.408035,Cloud to Ground,-10793,0,8
2026-09-21T09:01:15.515489178Z,13.873892,121.41829,Cloud to Ground,-8624,0,9
2026-09-21T09:01:16.061244347Z,13.868486,121.415672,Cloud to Ground,-7336,0,9
2026-09-21T09:01:15.889196854Z,13.867781,121.414594,Cloud to Ground,-6313,0,6
2026-09-21T09:01:15.314478000Z,9.9721,124.4231,Cloud to Ground,-13696,0,5
2026-09-21T09:01:16.052584301Z,7.537052,125.67898,Cloud to Ground,-13419,0,13
2026-09-21T09:01:15.687349069Z,7.476881,125.643124,Cloud to Cloud,-12432,12483,16
2026-09-21T09:01:16.291748775Z,1.914385,113.783474,Cloud to Ground,-14503,0,10
2026-09-21T09:01:19.058171711Z,15.677265,121.220021,Cloud to Cloud,9037,4077,7
2026-09-21T09:01:19.922252834Z,14.12979,121.358442,Cloud to Ground,-20411,0,9
2026-09-21T09:01:19.850396996Z,14.124995,121.361631,Cloud to Ground,-13746,0,10
2026-09-21T09:01:20.307547168Z,9.826669,126.458423,Cloud to Ground,-30835,0,18
2026-09-21T09:01:20.098806917Z,10.06516,124.319038,Cloud to Cloud,6225,17487,5
2026-09-21T09:01:20.507635544Z,22.474428,111.435533,Cloud to Ground,-17166,0,7
2026-09-21T09:01:21.765394000Z,9.9947,124.365,Cloud to Ground,-38461,0,6
2026-09-21T09:01:21.944366913Z,9.990219,124.413691,Cloud to Ground,-19081,0,6
2026-09-21T09:01:22.081534379Z,9.993229,124.413526,Cloud to Ground,-14083,0,6
2026-09-21T09:01:21.368539000Z,9.7914,127.2497,Cloud to Ground,-134563,0,5
2026-09-21T09:01:21.365688000Z,9.7329,127.1893,Cloud to Ground,21497,0,5
2026-09-21T09:01:22.366356249Z,22.998387,113.852643,Cloud to Ground,-17984,0,7
2026-09-21T09:01:22.395065048Z,22.984292,113.706835,Cloud to Ground,-19884,0,7
2026-09-21T09:01:23.513518182Z,3.350222,115.109625,Cloud to Cloud,-24325,11857,15
2026-09-21T09:01:23.661378844Z,3.360887,115.123256,Cloud to Cloud,-12930,3050,19
2026-09-21T09:01:23.686595043Z,3.363715,115.121557,Cloud to Ground,15440,0,9
2026-09-21T09:01:23.619229278Z,3.368072,115.121295,Cloud to Cloud,23434,5432,14
2026-09-21T09:01:23.542803747Z,3.37243,115.131451,Cloud to Ground,43902,0,22
2026-09-21T09:01:23.481877079Z,3.370173,115.130109,Cloud to Ground,58181,0,29
2026-09-21T09:01:23.934969591Z,3.367596,115.118841,Cloud to Ground,62639,0,31
2026-09-21T09:01:23.578165118Z,3.365794,115.121821,Cloud to Ground,65303,0,29
2026-09-21T09:01:24.717242000Z,10.0749,124.3289,Cloud to Ground,-19156,0,5
2026-09-21T09:01:25.207560738Z,10.286086,126.189365,Cloud to Ground,20589,0,7
2026-09-21T09:01:26.568010335Z,15.654168,121.211393,Cloud to Cloud,16889,15442,11
2026-09-21T09:01:26.161123831Z,12.970046,123.953672,Cloud to Cloud,12868,4352,8
2026-09-21T09:01:26.622560821Z,12.951077,123.977872,Cloud to Ground,26389,0,10
2026-09-21T09:01:27.330876374Z,9.977983,124.329108,Cloud to Cloud,25815,10769,7
2026-09-21T09:01:28.922651095Z,22.362305,111.977694,Cloud to Cloud,-18083,12352,7
2026-09-21T09:01:28.862104291Z,22.483156,111.888411,Cloud to Ground,26338,0,8
2026-09-21T09:01:29.706484580Z,2.920431,113.407125,Cloud to Cloud,-17814,17983,13
2026-09-21T09:01:30.096364142Z,15.666409,121.206434,Cloud to Cloud,-7661,18366,6
2026-09-21T09:01:30.251512400Z,15.688586,121.19276,Cloud to Cloud,10749,5738,8
2026-09-21T09:01:31.946231976Z,14.693607,121.460998,Cloud to Cloud,17909,3652,7
2026-09-21T09:01:31.315121687Z,14.000646,121.608004,Cloud to Cloud,4555,18498,6
2026-09-21T09:01:31.494974230Z,13.974801,121.603762,Cloud to Cloud,5101,5048,6
2026-09-21T09:01:31.089274500Z,21.886434,111.426383,Cloud to Ground,108052,0,18
2026-09-21T09:01:32.225922075Z,10.656646,124.107336,Cloud to Ground,21055,0,7
2026-09-21T09:01:32.289033943Z,15.699207,121.22729,Cloud to Cloud,-13915,4341,12
2026-09-21T09:01:32.426659668Z,15.709422,121.275045,Cloud to Cloud,-8147,7152,6
2026-09-21T09:01:32.352570639Z,15.702182,121.229852,Cloud to Cloud,-3754,3184,6
2026-09-21T09:01:34.188519000Z,9.8457,126.371,Cloud to Ground,-19744,0,5
2026-09-21T09:01:34.351074000Z,9.713,126.4317,Cloud to Ground,-12644,0,7
2026-09-21T09:01:35.223393000Z,15.7792,121.1747,Cloud to Ground,-30544,0,10
2026-09-21T09:01:35.339518139Z,15.730411,121.233154,Cloud to Ground,-19101,0,8
2026-09-21T09:01:36.727396596Z,15.690876,121.155195,Cloud to Ground,9440,0,8
2026-09-21T09:01:36.646848153Z,17.608727,120.966318,Cloud to Cloud,14224,19384,7
2026-09-21T09:01:36.637164026Z,17.607991,120.980661,Cloud to Ground,18200,0,7
2026-09-21T09:01:38.974280949Z,2.171527,115.929446,Cloud to Ground,-12838,0,14
2026-09-21T09:01:38.944556461Z,15.686554,121.233116,Cloud to Cloud,7973,13104,10
2026-09-21T09:01:39.455063892Z,10.009692,124.439457,Cloud to Cloud,-7231,19739,5
2026-09-21T09:01:39.841672811Z,10.132732,124.328221,Cloud to Ground,-15815,0,7
2026-09-21T09:01:39.260399795Z,10.142074,124.384204,Cloud to Ground,-14951,0,8
2026-09-21T09:01:39.709607122Z,12.970719,124.011485,Cloud to Cloud,14963,3164,10
2026-09-21T09:01:40.913091520Z,22.343487,111.586083,Cloud to Cloud,-14510,5832,6
2026-09-21T09:01:40.771272038Z,22.472718,111.436915,Cloud to Cloud,-38422,3009,11
2026-09-21T09:01:40.223396679Z,13.343574,122.767904,Cloud to Cloud,25830,3151,14
2026-09-21T09:01:42.198455374Z,10.373814,129.334006,Cloud to Cloud,-12667,3034,21
2026-09-21T09:01:42.197076301Z,10.284838,129.25187,Cloud to Ground,9233,0,7
2026-09-21T09:01:43.055451818Z,4.213327,114.816316,Cloud to Cloud,-27688,3117,7
2026-09-21T09:01:44.168816669Z,7.500049,125.612567,Cloud to Ground,-15833,0,16
2026-09-21T09:01:44.233642000Z,7.5486,125.6924,Cloud to Ground,-30110,0,5
2026-09-21T09:01:44.945035962Z,22.402441,111.527205,Cloud to Cloud,-19812,4010,7
2026-09-21T09:01:45.669085106Z,8.105024,133.563425,Cloud to Ground,12342,0,15
2026-09-21T09:01:45.527857598Z,8.100426,133.392399,Cloud to Ground,-51161,0,29
2026-09-21T09:01:45.607414149Z,8.1057,133.402706,Cloud to Ground,-44753,0,27
2026-09-21T09:01:45.568122510Z,8.101714,133.425129,Cloud to Ground,-22841,0,22
2026-09-21T09:01:46.074298107Z,15.725253,121.254884,Cloud to Cloud,5510,18747,9
2026-09-21T09:01:45.970675816Z,15.725568,121.251219,Cloud to Cloud,6154,18925,5
2026-09-21T09:01:46.093871540Z,15.729921,121.25822,Cloud to Cloud,6841,18346,7
2026-09-21T09:01:45.909417264Z,15.650048,121.286435,Cloud to Cloud,13956,12031,10
2026-09-21T09:01:45.844892000Z,14.2603,121.6999,Cloud to Ground,-58258,0,5
2026-09-21T09:01:45.042372043Z,10.160857,124.416273,Cloud to Cloud,-10710,3001,8
2026-09-21T09:01:46.038115260Z,14.025603,121.63357,Cloud to Ground,-18359,0,11
2026-09-21T09:01:45.992903400Z,14.026867,121.6376,Cloud to Ground,-11852,0,6
2026-09-21T09:01:45.881757652Z,14.018767,121.638755,Cloud to Cloud,8674,17172,8
2026-09-21T09:01:45.866351960Z,13.96193,121.675792,Cloud to Cloud,18070,16152,7
2026-09-21T09:01:47.524732192Z,22.275289,120.049194,Cloud to Cloud,-4562,3006,5
2026-09-21T09:01:47.067503899Z,22.227968,120.087424,Cloud to Cloud,5105,15660,6
2026-09-21T09:01:47.333525397Z,22.230762,120.083194,Cloud to Cloud,5993,10451,6
2026-09-21T09:01:47.481302920Z,22.248349,120.061751,Cloud to Ground,16692,0,9
2026-09-21T09:01:47.002134321Z,22.250022,120.074968,Cloud to Ground,36827,0,9
2026-09-21T09:01:49.305906765Z,2.950686,113.127964,Cloud to Ground,27153,0,9
2026-09-21T09:01:50.839602529Z,15.669591,121.223116,Cloud to Cloud,6116,10012,10
2026-09-21T09:01:50.757130766Z,15.675021,121.232482,Cloud to Ground,8810,0,9
2026-09-21T09:01:50.861266178Z,15.59082,121.254725,Cloud to Cloud,10388,17426,7
2026-09-21T09:01:50.804640178Z,15.762278,121.252557,Cloud to Cloud,11207,17601,12
2026-09-21T09:01:52.847120498Z,14.964866,121.405487,Cloud to Ground,11979,0,9
2026-09-21T09:01:52.092486208Z,22.953954,113.723131,Cloud to Ground,22075,0,8
2026-09-21T09:01:52.722588438Z,10.062257,124.407597,Cloud to Cloud,4334,14562,5
2026-09-21T09:01:54.959443452Z,15.69986,121.218155,Cloud to Cloud,-5174,17221,8
2026-09-21T09:01:54.834846378Z,15.725614,121.281826,Cloud to Cloud,5993,19111,6
2026-09-21T09:01:54.597844000Z,13.9259,121.632,Cloud to Ground,-26942,0,7
2026-09-21T09:01:54.672350873Z,13.900545,121.674897,Cloud to Cloud,-21394,14768,12
2026-09-21T09:01:54.671496801Z,13.91084,121.651308,Cloud to Ground,-17041,0,9
2026-09-21T09:01:55.469996002Z,5.158256,116.479646,Cloud to Ground,22140,0,16
2026-09-21T09:01:55.671915585Z,3.041556,112.860419,Cloud to Ground,-43376,0,16
2026-09-21T09:01:55.797176257Z,1.742458,113.995556,Cloud to Ground,47130,0,17
2026-09-21T09:01:55.543021897Z,22.466298,111.489543,Cloud to Cloud,-18592,6875,10
2026-09-21T09:01:55.552179062Z,13.01459,123.962777,Cloud to Ground,-20647,0,9
2026-09-21T09:01:56.096959123Z,12.996943,123.979795,Cloud to Ground,-20075,0,7
2026-09-21T09:01:55.475375000Z,12.9121,124.0139,Cloud to Ground,-18334,0,5
2026-09-21T09:01:56.106581757Z,12.971889,123.982747,Cloud to Cloud,-13668,13857,8
2026-09-21T09:01:55.316963000Z,13.0566,123.8641,Cloud to Ground,-45011,0,7
2026-09-21T09:01:55.414214000Z,13.0236,123.854,Cloud to Ground,-42314,0,11
2026-09-21T09:01:56.459894757Z,9.941812,124.448678,Cloud to Cloud,35084,12681,8
2026-09-21T09:01:56.875051707Z,12.887351,123.827268,Cloud to Cloud,19208,6934,11
2026-09-21T09:01:56.739385080Z,14.040039,121.638018,Cloud to Cloud,6531,19301,6
2026-09-21T09:01:56.710058108Z,15.666847,121.211862,Cloud to Cloud,6798,4041,5
2026-09-21T09:01:57.430048967Z,8.091663,134.411749,Cloud to Ground,17325,0,10
2026-09-21T09:01:59.373401039Z,8.143221,125.441148,Cloud to Ground,-195844,0,35
2026-09-21T09:01:59.492436201Z,8.252388,125.39878,Cloud to Ground,-40377,0,14
2026-09-21T09:01:59.483956171Z,8.171608,125.410082,Cloud to Cloud,15106,6410,8
2026-09-21T09:01:59.098720510Z,2.242123,110.254023,Cloud to Ground,-17371,0,13
2026-09-21T09:01:59.444418068Z,15.62935,121.232528,Cloud to Cloud,-16239,15409,9
2026-09-21T09:01:59.658552390Z,15.558751,121.276654,Cloud to Cloud,16808,3014,10
2026-09-21T09:02:00.770317132Z,15.723719,121.226819,Cloud to Ground,-45042,0,7
2026-09-21T09:02:00.689928212Z,15.728429,121.2316,Cloud to Ground,-21660,0,12
2026-09-21T09:02:01.139427340Z,15.72172,121.23517,Cloud to Ground,-15380,0,10
2026-09-21T09:02:01.140793180Z,15.702912,121.21909,Cloud to Cloud,-14202,7853,10
2026-09-21T09:02:01.370706505Z,15.72378,121.229143,Cloud to Ground,-12492,0,12
2026-09-21T09:02:01.312489981Z,15.724668,121.226684,Cloud to Ground,-9465,0,5
2026-09-21T09:02:01.639089839Z,15.720351,121.226789,Cloud to Cloud,-9249,4490,8
2026-09-21T09:02:00.789730026Z,15.719725,121.223306,Cloud to Cloud,-7812,15265,5
2026-09-21T09:02:01.231156031Z,15.722439,121.237642,Cloud to Ground,-6365,0,9
2026-09-21T09:02:02.030013803Z,22.534361,111.411125,Cloud to Cloud,-27087,6095,8
2026-09-21T09:02:04.157898801Z,15.84608,121.198581,Cloud to Ground,-8560,0,8
2026-09-21T09:02:06.467428703Z,13.036021,123.932724,Cloud to Cloud,5581,13506,6
2026-09-21T09:02:08.272518354Z,4.042002,114.832661,Cloud to Ground,-10972,0,10
2026-09-21T09:02:08.271096998Z,4.164545,114.851545,Cloud to Ground,19869,0,11
2026-09-21T09:02:07.743185707Z,4.174099,114.868779,Cloud to Ground,23049,0,11
2026-09-21T09:02:07.812625916Z,4.113121,114.88354,Cloud to Ground,28458,0,16
2026-09-21T09:02:07.700454203Z,4.183554,114.870345,Cloud to Ground,72390,0,28
2026-09-21T09:02:07.669093489Z,15.052021,111.95901,Cloud to Ground,22224,0,8
2026-09-21T09:02:08.977717000Z,7.8212,123.6559,Cloud to Ground,-18040,0,6
2026-09-21T09:02:09.409764709Z,5.082926,115.461995,Cloud to Ground,-41478,0,11
2026-09-21T09:02:08.987649828Z,5.161977,115.485283,Cloud to Ground,-19174,0,14
2026-09-21T09:02:09.469360953Z,5.154278,115.45829,Cloud to Cloud,16435,18113,11
2026-09-21T09:02:09.900646369Z,22.233747,110.635218,Cloud to Ground,-17978,0,9
2026-09-21T09:02:10.749611630Z,1.913596,114.184296,Cloud to Ground,-11896,0,10
2026-09-21T09:02:11.372027605Z,7.943182,126.25021,Cloud to Ground,-20814,0,11
2026-09-21T09:02:12.932590366Z,22.607672,111.242557,Cloud to Ground,-48731,0,7
2026-09-21T09:02:12.987250327Z,22.536063,111.299719,Cloud to Ground,-31035,0,9
2026-09-21T09:02:12.781092336Z,22.581497,111.250632,Cloud to Cloud,-19589,6760,6
2026-09-21T09:02:12.844855032Z,22.548473,111.287821,Cloud to Ground,16377,0,7
2026-09-21T09:02:12.806573000Z,22.5835,111.2695,Cloud to Ground,118909,0,5
2026-09-21T09:02:12.806977096Z,22.745993,112.417299,Cloud to Cloud,-40461,13652,8
2026-09-21T09:02:12.471034298Z,10.121688,124.276966,Cloud to Ground,-16951,0,8
2026-09-21T09:02:12.157790046Z,10.025143,124.429433,Cloud to Ground,-8379,0,7
2026-09-21T09:02:12.016334461Z,10.013439,124.413498,Cloud to Cloud,-5551,6551,6
2026-09-21T09:02:13.989879588Z,8.275036,134.467783,Cloud to Ground,-30116,0,15
2026-09-21T09:02:14.115046986Z,8.35152,134.668844,Cloud to Ground,-21785,0,23
2026-09-21T09:02:14.019656550Z,8.245361,134.643455,Cloud to Ground,-17094,0,12
2026-09-21T09:02:14.188536492Z,8.24336,134.607299,Cloud to Ground,-13329,0,18
2026-09-21T09:02:14.073031004Z,8.204729,134.681888,Cloud to Ground,11449,0,8
2026-09-21T09:02:14.052548923Z,8.243383,134.718422,Cloud to Ground,15948,0,17
2026-09-21T09:02:14.780026019Z,22.425638,111.50194,Cloud to Ground,48832,0,5
2026-09-21T09:02:15.061055098Z,8.290712,134.62133,Cloud to Ground,-20411,0,34
2026-09-21T09:02:15.136710069Z,8.268947,134.628469,Cloud to Ground,-16779,0,16
2026-09-21T09:02:15.237258070Z,8.284846,134.768518,Cloud to Ground,-16827,0,15
2026-09-21T09:02:15.171787689Z,8.271483,134.729686,Cloud to Ground,-14299,0,20
2026-09-21T09:02:15.564813680Z,15.689194,121.21415,Cloud to Cloud,-8892,17386,7
2026-09-21T09:02:16.849581414Z,10.073624,124.389145,Cloud to Ground,-14887,0,8
2026-09-21T09:02:17.276443329Z,14.117441,121.359736,Cloud to Ground,-21849,0,10
2026-09-21T09:02:17.324492118Z,14.115621,121.354333,Cloud to Ground,-21428,0,9
2026-09-21T09:02:17.403341732Z,14.109556,121.334641,Cloud to Cloud,-6946,14435,8
2026-09-21T09:02:17.173716479Z,14.297835,121.204828,Cloud to Ground,-41883,0,19
2026-09-21T09:02:17.660335072Z,22.483013,111.318518,Cloud to Cloud,-17606,3532,7
2026-09-21T09:02:19.726737405Z,9.94916,124.432877,Cloud to Ground,-29467,0,8
2026-09-21T09:02:19.955273000Z,10.0877,124.2859,Cloud to Ground,-31743,0,8
2026-09-21T09:02:19.785748865Z,10.054879,124.358171,Cloud to Ground,-24433,0,7
2026-09-21T09:02:20.665227451Z,10.065211,124.369113,Cloud to Ground,-26293,0,9
2026-09-21T09:02:21.052817560Z,10.059103,124.365588,Cloud to Ground,-18886,0,6
2026-09-21T09:02:20.513180810Z,15.64581,121.236928,Cloud to Cloud,9783,18799,7
2026-09-21T09:02:22.224286998Z,14.027526,121.648366,Cloud to Cloud,-3768,14672,5
2026-09-21T09:02:22.929608999Z,15.780745,121.1953,Cloud to Cloud,4765,18227,5
2026-09-21T09:02:22.693654626Z,15.817315,121.206764,Cloud to Cloud,5969,11103,5
2026-09-21T09:02:23.722226343Z,22.31978,112.018609,Cloud to Ground,-76648,0,16
2026-09-21T09:02:23.994209746Z,22.350407,111.922367,Cloud to Ground,-25938,0,10
2026-09-21T09:02:23.771248948Z,22.326059,112.005655,Cloud to Cloud,-25410,7436,10
2026-09-21T09:02:23.919862820Z,22.385434,112.048119,Cloud to Ground,28074,0,11
2026-09-21T09:02:24.189547529Z,22.439566,111.522114,Cloud to Cloud,-14510,4505,7
2026-09-21T09:02:24.376995284Z,22.416901,111.666445,Cloud to Cloud,-14828,3003,7
2026-09-21T09:02:24.668202883Z,14.919846,121.201055,Cloud to Cloud,12509,18926,9
2026-09-21T09:02:25.819909208Z,10.334194,126.211008,Cloud to Ground,-33637,0,25
2026-09-21T09:02:25.651993185Z,10.317423,126.372636,Cloud to Ground,-74478,0,10
2026-09-21T09:02:25.744081517Z,10.327373,126.343614,Cloud to Ground,-50059,0,11
2026-09-21T09:02:25.883265213Z,10.390849,126.284281,Cloud to Ground,-16811,0,17
2026-09-21T09:02:25.941564491Z,10.240952,126.172369,Cloud to Ground,-15421,0,9
2026-09-21T09:02:25.559493904Z,13.039566,124.026377,Cloud to Ground,-29221,0,11
2026-09-21T09:02:25.196812358Z,16.204183,120.792227,Cloud to Ground,-72066,0,11
2026-09-21T09:02:25.192471582Z,16.18917,120.811244,Cloud to Cloud,-21299,11833,14
2026-09-21T09:02:26.392922684Z,1.71169,114.217898,Cloud to Ground,-13407,0,8
2026-09-21T09:02:26.394157592Z,1.716032,114.20697,Cloud to Cloud,-9622,3565,7
2026-09-21T09:02:28.353573804Z,15.732696,121.279328,Cloud to Cloud,-2495,15340,6
2026-09-21T09:02:29.612368956Z,14.950326,121.386597,Cloud to Cloud,3886,14157,6
2026-09-21T09:02:29.582957662Z,14.929783,121.37228,Cloud to Cloud,4343,12404,5
2026-09-21T09:02:30.407229032Z,22.495454,111.428794,Cloud to Ground,28648,0,10
2026-09-21T09:02:31.973163559Z,15.862583,121.1741,Cloud to Cloud,7055,19894,5
2026-09-21T09:02:32.112261905Z,1.789069,114.176008,Cloud to Ground,15048,0,8
2026-09-21T09:02:32.362953803Z,2.097954,115.970881,Cloud to Ground,12913,0,10
2026-09-21T09:02:32.249097664Z,2.105736,115.970722,Cloud to Ground,35039,0,17
2026-09-21T09:02:32.495733994Z,10.338955,124.229673,Cloud to Ground,22973,0,8
2026-09-21T09:02:32.920589000Z,10.7188,124.0303,Cloud to Ground,14061,0,10
2026-09-21T09:02:32.685497545Z,22.248428,120.084062,Cloud to Cloud,13463,13081,7
2026-09-21T09:02:33.397521691Z,15.689104,121.256185,Cloud to Cloud,18693,18511,11
2026-09-21T09:02:33.220746654Z,10.045311,124.382548,Cloud to Ground,-16046,0,8
2026-09-21T09:02:33.251683484Z,14.045164,121.617502,Cloud to Ground,-65214,0,10
2026-09-21T09:02:33.365962000Z,14.0611,121.5288,Cloud to Ground,-13251,0,5
2026-09-21T09:02:33.594106920Z,14.028348,121.596276,Cloud to Ground,-11612,0,8
2026-09-21T09:02:34.311287482Z,4.532781,115.193054,Cloud to Ground,-26579,0,26
2026-09-21T09:02:34.662182547Z,4.535891,115.173202,Cloud to Cloud,11386,17807,9
2026-09-21T09:02:34.288474228Z,4.612716,115.150387,Cloud to Ground,15811,0,12
2026-09-21T09:02:34.361001319Z,4.53208,115.192705,Cloud to Ground,35395,0,13
2026-09-21T09:02:34.314584249Z,4.537086,115.184287,Cloud to Ground,36400,0,16
2026-09-21T09:02:34.265084670Z,4.532901,115.19562,Cloud to Ground,205919,0,27
2026-09-21T09:02:35.251691759Z,22.11784,120.005907,Cloud to Ground,-71108,0,11
2026-09-21T09:02:35.133031080Z,22.611958,111.214362,Cloud to Ground,-29632,0,6
2026-09-21T09:02:35.168700000Z,22.6636,111.0581,Cloud to Ground,78355,0,5
2026-09-21T09:02:36.883498928Z,15.674519,121.184924,Cloud to Ground,-8892,0,7
2026-09-21T09:02:36.578734529Z,15.654599,121.198676,Cloud to Ground,-7944,0,7
2026-09-21T09:02:36.215986874Z,13.124008,123.855963,Cloud to Ground,-23767,0,12
2026-09-21T09:02:36.912846197Z,10.128688,124.323018,Cloud to Cloud,-17060,13321,11
2026-09-21T09:02:37.295423940Z,22.557569,111.538416,Cloud to Cloud,46893,3030,13
2026-09-21T09:02:37.166520000Z,9.6645,126.4357,Cloud to Ground,-18301,0,5
2026-09-21T09:02:38.851718772Z,13.017974,123.979674,Cloud to Cloud,11169,19093,5
2026-09-21T09:02:38.239939115Z,13.887716,121.668917,Cloud to Ground,-32288,0,9
2026-09-21T09:02:38.168557186Z,13.888462,121.671669,Cloud to Ground,-16943,0,8
2026-09-21T09:02:38.779005251Z,16.044464,120.859126,Cloud to Ground,14653,0,9
2026-09-21T09:02:39.967915938Z,9.783287,127.185278,Cloud to Ground,-82439,0,24
2026-09-21T09:02:40.465511541Z,9.726907,127.10871,Cloud to Ground,-67902,0,20
2026-09-21T09:02:40.530665659Z,9.708949,127.06685,Cloud to Ground,-29731,0,12
2026-09-21T09:02:39.962232080Z,9.68473,127.142658,Cloud to Ground,-28675,0,16
2026-09-21T09:02:40.768196560Z,17.647862,121.10437,Cloud to Ground,31415,0,8
2026-09-21T09:02:40.789237872Z,17.641209,120.940053,Cloud to Ground,-19457,0,10
2026-09-21T09:02:40.311913436Z,14.016835,121.658041,Cloud to Cloud,4726,16678,5
2026-09-21T09:02:41.955582116Z,14.858633,120.040448,Cloud to Ground,-16050,0,12
2026-09-21T09:02:41.956150961Z,14.795098,120.093925,Cloud to Cloud,15536,9605,7
2026-09-21T09:02:42.836752407Z,4.913945,111.514122,Cloud to Ground,20474,0,14
2026-09-21T09:02:42.771799208Z,4.934198,111.481643,Cloud to Ground,33424,0,9
2026-09-21T09:02:42.584399087Z,15.739578,121.250316,Cloud to Ground,-18032,0,11
2026-09-21T09:02:42.939247712Z,15.741766,121.248672,Cloud to Ground,-14994,0,10
2026-09-21T09:02:42.151110086Z,15.741383,121.248103,Cloud to Ground,-12728,0,10
2026-09-21T09:02:42.322884283Z,15.740899,121.268448,Cloud to Ground,-12697,0,8
2026-09-21T09:02:42.728762139Z,15.741549,121.253259,Cloud to Ground,-8917,0,9
2026-09-21T09:02:42.513942873Z,15.742879,121.246877,Cloud to Ground,-6243,0,8
2026-09-21T09:02:42.670531347Z,15.741589,121.25267,Cloud to Cloud,-5773,12942,6
2026-09-21T09:02:42.058952805Z,21.952466,111.369572,Cloud to Cloud,-17760,7652,6
2026-09-21T09:02:43.092661927Z,5.097055,111.719447,Cloud to Ground,34119,0,8
2026-09-21T09:02:43.104264303Z,5.032762,111.702711,Cloud to Ground,34621,0,9
2026-09-21T09:02:43.048640000Z,5.0476,111.7739,Cloud to Ground,61726,0,6
2026-09-21T09:02:44.932131326Z,13.979344,121.656738,Cloud to Cloud,17021,19621,7
2026-09-21T09:02:45.686189369Z,7.433392,125.721757,Cloud to Ground,-51072,0,11
2026-09-21T09:02:45.971514261Z,7.384879,125.747309,Cloud to Ground,-44807,0,9
2026-09-21T09:02:45.324036170Z,1.783686,114.152753,Cloud to Ground,-12433,0,16
2026-09-21T09:02:46.102394000Z,7.4451,125.5877,Cloud to Ground,-48424,0,5
2026-09-21T09:02:46.256470539Z,7.48287,125.609755,Cloud to Ground,-12463,0,16
2026-09-21T09:02:48.313316453Z,16.014971,121.279746,Cloud to Cloud,10069,14501,7
2026-09-21T09:02:48.310106826Z,15.833209,121.304955,Cloud to Cloud,23314,10831,9
2026-09-21T09:02:49.123354034Z,5.620397,115.981327,Cloud to Cloud,-37600,3011,11
2026-09-21T09:02:49.122426062Z,5.583523,115.993308,Cloud to Ground,15165,0,8
2026-09-21T09:02:49.121337356Z,5.586377,115.983166,Cloud to Ground,50986,0,23
2026-09-21T09:02:51.382745024Z,13.124668,123.598466,Cloud to Cloud,12991,7266,10
2026-09-21T09:02:51.383267135Z,13.127843,123.603456,Cloud to Cloud,16021,6770,7
2026-09-21T09:02:51.615133966Z,13.083374,123.537924,Cloud to Ground,32740,0,7
2026-09-21T09:02:51.873353393Z,13.180745,123.683838,Cloud to Ground,-11891,0,8
2026-09-21T09:02:51.994174352Z,13.182355,123.684638,Cloud to Ground,-9965,0,7
2026-09-21T09:02:52.144033615Z,13.18208,123.68505,Cloud to Ground,-6414,0,6
2026-09-21T09:02:53.366715106Z,8.138856,124.658096,Cloud to Ground,37571,0,16
2026-09-21T09:02:53.551985679Z,9.818534,126.258244,Cloud to Ground,-16942,0,12
2026-09-21T09:02:53.525076162Z,15.702738,121.21222,Cloud to Cloud,-4135,15195,7
2026-09-21T09:02:53.383230059Z,15.70694,121.238445,Cloud to Cloud,-4002,9553,7
2026-09-21T09:02:55.159366216Z,1.823497,114.085957,Cloud to Ground,-24163,0,16
2026-09-21T09:02:55.202744000Z,1.9739,114.0582,Cloud to Ground,5877,0,5
2026-09-21T09:02:55.724384606Z,12.974477,124.022364,Cloud to Cloud,11705,11104,7
2026-09-21T09:02:55.717777214Z,12.977806,124.02128,Cloud to Cloud,12653,11525,6
2026-09-21T09:02:55.686201746Z,12.98226,124.036533,Cloud to Cloud,15045,18331,7
2026-09-21T09:02:55.369554434Z,14.123879,121.380174,Cloud to Cloud,-8826,6908,6
2026-09-21T09:02:55.534519310Z,14.133882,121.36836,Cloud to Cloud,-5913,3016,8
2026-09-21T09:02:56.599530638Z,13.914758,121.685953,Cloud to Ground,-27638,0,10
2026-09-21T09:02:56.674336511Z,13.888266,121.658178,Cloud to Ground,-13582,0,10
2026-09-21T09:02:56.771195570Z,13.895377,121.668266,Cloud to Ground,-11619,0,8
2026-09-21T09:02:56.602455740Z,13.896245,121.651737,Cloud to Ground,-5798,0,5
2026-09-21T09:02:56.565983707Z,13.907688,121.66188,Cloud to Cloud,-3432,18431,5
2026-09-21T09:02:56.769543390Z,13.919999,121.642859,Cloud to Cloud,8363,3877,7
2026-09-21T09:02:57.457512912Z,15.744018,121.250936,Cloud to Cloud,10572,7870,6
2026-09-21T09:02:58.974709440Z,10.020237,124.421279,Cloud to Ground,-34591,0,9
2026-09-21T09:02:59.056198481Z,10.018815,124.416261,Cloud to Ground,-34532,0,11
2026-09-21T09:02:58.823844609Z,10.019921,124.426776,Cloud to Ground,-28494,0,10
2026-09-21T09:02:59.447350548Z,10.021096,124.420449,Cloud to Ground,-24103,0,9
2026-09-21T09:02:58.898755609Z,10.037365,124.367092,Cloud to Ground,-23470,0,7
2026-09-21T09:02:58.723942973Z,10.002095,124.426621,Cloud to Ground,23060,0,9
2026-09-21T09:02:58.735281000Z,10.0131,124.2446,Cloud to Ground,-34288,0,11
2026-09-21T09:02:59.928451413Z,14.010423,121.594944,Cloud to Cloud,16865,13124,7
2026-09-21T09:02:59.484329970Z,13.972894,121.608062,Cloud to Ground,32415,0,9
2026-09-21T09:03:00.563510628Z,1.768962,114.147784,Cloud to Ground,27943,0,8
2026-09-21T09:03:00.837495942Z,1.769323,114.147847,Cloud to Ground,39591,0,19
2026-09-21T09:03:00.579064520Z,22.90229,110.681723,Cloud to Cloud,-18524,3425,7
2026-09-21T09:03:00.467321901Z,22.920114,110.660942,Cloud to Ground,27982,0,9
2026-09-21T09:03:03.574135476Z,5.755988,117.094455,Cloud to Ground,-13908,0,10
2026-09-21T09:03:03.501134221Z,22.263615,120.057644,Cloud to Cloud,-7014,3151,6
2026-09-21T09:03:03.502323715Z,22.254107,120.079627,Cloud to Cloud,-6456,3071,5
2026-09-21T09:03:03.398678037Z,22.290624,120.046471,Cloud to Cloud,-5972,3000,6
2026-09-21T09:03:03.224125928Z,22.237661,120.086521,Cloud to Cloud,-5432,4438,5
2026-09-21T09:03:02.916159501Z,22.184881,120.059206,Cloud to Cloud,7248,4058,7
2026-09-21T09:03:03.094684911Z,22.215004,120.060709,Cloud to Cloud,8976,7015,5
2026-09-21T09:03:02.925661843Z,22.172342,120.057161,Cloud to Cloud,11963,10416,9
2026-09-21T09:03:02.919273863Z,22.183789,120.057588,Cloud to Cloud,12306,13644,7
2026-09-21T09:03:03.004878601Z,22.178063,120.049559,Cloud to Ground,22889,0,7
2026-09-21T09:03:03.690313417Z,22.520902,111.374494,Cloud to Ground,20059,0,6
2026-09-21T09:03:03.580779754Z,22.47307,111.468334,Cloud to Ground,31830,0,8
2026-09-21T09:03:04.086052995Z,17.503403,120.918407,Cloud to Ground,-72873,0,18
2026-09-21T09:03:04.428852504Z,15.688481,121.264557,Cloud to Ground,-11789,0,13
2026-09-21T09:03:04.290163215Z,15.675163,121.199632,Cloud to Ground,-11571,0,13
2026-09-21T09:03:04.174293446Z,22.072386,111.803188,Cloud to Cloud,-27267,3014,7
2026-09-21T09:03:05.338339123Z,6.174534,117.288943,Cloud to Cloud,36103,17303,13
2026-09-21T09:03:06.300955344Z,6.550262,125.11398,Cloud to Ground,-61899,0,25
2026-09-21T09:03:06.351810964Z,6.551829,125.134728,Cloud to Ground,-15060,0,19
2026-09-21T09:03:06.409408600Z,6.471978,125.039746,Cloud to Ground,-18374,0,15
2026-09-21T09:03:06.163962957Z,0.961981,113.697418,Cloud to Ground,25860,0,8
2026-09-21T09:03:07.739911952Z,15.568867,121.249999,Cloud to Cloud,15331,3000,9
2026-09-21T09:03:07.359035328Z,22.45599,111.244383,Cloud to Cloud,-15265,3017,7
2026-09-21T09:03:08.278197645Z,10.180892,124.349158,Cloud to Cloud,-9093,3007,8
2026-09-21T09:03:08.852204600Z,15.640419,121.307727,Cloud to Ground,41213,0,9
2026-09-21T09:03:08.658748278Z,14.927648,121.372471,Cloud to Cloud,-12494,4733,10
2026-09-21T09:03:08.880906159Z,15.731031,121.278622,Cloud to Cloud,-13020,7369,8
2026-09-21T09:03:09.659977000Z,10.039,124.2814,Cloud to Ground,-2856,0,5
2026-09-21T09:03:10.848371271Z,9.777287,127.726601,Cloud to Ground,-69662,0,36
2026-09-21T09:03:10.980758143Z,9.762099,127.686022,Cloud to Ground,-27061,0,17
2026-09-21T09:03:10.899388788Z,9.741484,127.715867,Cloud to Ground,-13895,0,17
2026-09-21T09:03:10.841221176Z,9.659997,127.848683,Cloud to Cloud,-29714,6635,7
2026-09-21T09:03:10.933621220Z,9.742515,127.862089,Cloud to Ground,-19358,0,7
2026-09-21T09:03:10.880236382Z,22.478813,111.435357,Cloud to Cloud,-28092,3113,7
2026-09-21T09:03:10.304579861Z,22.586578,111.234862,Cloud to Cloud,22785,3007,8
2026-09-21T09:03:10.819604967Z,13.03913,124.026843,Cloud to Ground,-22378,0,11
2026-09-21T09:03:10.673498371Z,13.041411,124.038384,Cloud to Ground,-18976,0,8
2026-09-21T09:03:10.857340000Z,7.502,125.5582,Cloud to Ground,-32323,0,6
2026-09-21T09:03:11.143067541Z,15.682252,121.265536,Cloud to Ground,-10611,0,12
2026-09-21T09:03:11.969469215Z,22.354433,111.970569,Cloud to Cloud,-29299,6229,8
2026-09-21T09:03:11.672609884Z,22.309927,112.052961,Cloud to Cloud,-27576,17997,7
2026-09-21T09:03:12.460713629Z,0.642991,113.394387,Cloud to Ground,-19403,0,16
2026-09-21T09:03:12.149201210Z,5.242349,116.232459,Cloud to Ground,32245,0,10
2026-09-21T09:03:11.663878000Z,5.2288,116.2285,Cloud to Ground,46857,0,7
2026-09-21T09:03:12.537122000Z,15.2843,110.7127,Cloud to Ground,-35935,0,9
2026-09-21T09:03:12.656528108Z,15.212366,110.70524,Cloud to Cloud,-15021,10699,7
2026-09-21T09:03:13.106549933Z,3.128,112.842282,Cloud to Ground,-30249,0,12
2026-09-21T09:03:14.142729541Z,15.677227,121.231318,Cloud to Cloud,-7120,19559,5
2026-09-21T09:03:15.500447449Z,15.787846,121.224838,Cloud to Cloud,-8308,17301,7
2026-09-21T09:03:16.974686031Z,1.770912,114.202332,Cloud to Ground,15205,0,11
2026-09-21T09:03:16.457576000Z,10.5071,122.7787,Cloud to Ground,-17614,0,7
2026-09-21T09:03:16.412408000Z,10.4903,122.8696,Cloud to Ground,-33546,0,10
2026-09-21T09:03:16.599176000Z,10.5311,122.9162,Cloud to Ground,-27911,0,9
2026-09-21T09:03:16.528276000Z,10.4801,122.9238,Cloud to Ground,-26463,0,6
2026-09-21T09:03:16.300847717Z,10.567009,122.849079,Cloud to Ground,-23319,0,22
2026-09-21T09:03:16.255502252Z,10.497019,122.932568,Cloud to Ground,-21168,0,8
2026-09-21T09:03:17.837718000Z,17.6139,120.9365,Cloud to Ground,-20802,0,5
2026-09-21T09:03:18.694624187Z,13.927629,121.653805,Cloud to Ground,-7385,0,6
2026-09-21T09:03:18.057928380Z,14.031198,121.646806,Cloud to Ground,-46950,0,10
2026-09-21T09:03:18.303695744Z,14.038433,121.646871,Cloud to Ground,-36887,0,8
2026-09-21T09:03:18.352444768Z,14.112773,121.584931,Cloud to Ground,-17878,0,17
2026-09-21T09:03:18.400718960Z,14.090438,121.558608,Cloud to Ground,-12932,0,11
2026-09-21T09:03:18.442864066Z,14.034582,121.641412,Cloud to Ground,-6873,0,5
2026-09-21T09:03:19.128237701Z,14.034624,121.642398,Cloud to Ground,-6813,0,6
2026-09-21T09:03:18.848339941Z,14.031066,121.638943,Cloud to Ground,-6227,0,5
2026-09-21T09:03:18.202177000Z,14.0557,121.5633,Cloud to Ground,5508,0,5
2026-09-21T09:03:18.156219212Z,22.495801,111.40879,Cloud to Ground,-39726,0,7
2026-09-21T09:03:19.121317535Z,1.621857,114.053896,Cloud to Cloud,-13073,7427,11
2026-09-21T09:03:19.149359354Z,15.734685,121.235191,Cloud to Ground,-25718,0,11
2026-09-21T09:03:19.017827403Z,15.735317,121.243665,Cloud to Ground,-12084,0,8
2026-09-21T09:03:19.359665411Z,15.646311,121.288883,Cloud to Ground,26589,0,11
2026-09-21T09:03:20.880351298Z,8.117382,133.601874,Cloud to Ground,-33948,0,19
2026-09-21T09:03:20.474113060Z,8.117538,133.566315,Cloud to Ground,-30649,0,17
2026-09-21T09:03:20.712922833Z,8.116074,133.561637,Cloud to Ground,12903,0,13
2026-09-21T09:03:20.481058179Z,8.137006,133.388557,Cloud to Ground,-71099,0,24
2026-09-21T09:03:20.639456991Z,8.180631,133.46076,Cloud to Ground,-31551,0,21
2026-09-21T09:03:20.937445447Z,8.090618,133.373681,Cloud to Ground,-19174,0,18
2026-09-21T09:03:20.755363028Z,8.140111,133.337399,Cloud to Ground,-18464,0,12
2026-09-21T09:03:20.675679000Z,8.1326,133.4649,Cloud to Ground,-8983,0,7
2026-09-21T09:03:21.169288796Z,2.896238,113.08106,Cloud to Ground,-85306,0,15
2026-09-21T09:03:21.415057225Z,2.916475,113.129491,Cloud to Ground,11240,0,9
2026-09-21T09:03:21.168851000Z,2.0386,112.4184,Cloud to Ground,43197,0,5
2026-09-21T09:03:22.464893980Z,9.809373,126.414638,Cloud to Ground,-12572,0,6
2026-09-21T09:03:22.833766619Z,10.018894,124.294159,Cloud to Ground,27080,0,12
2026-09-21T09:03:23.790792457Z,15.633771,121.227569,Cloud to Cloud,6411,3857,6
2026-09-21T09:03:23.934508826Z,15.634008,121.234618,Cloud to Cloud,8560,9786,8
2026-09-21T09:03:24.442310000Z,10.0681,124.1683,Cloud to Ground,2718,0,5
2026-09-21T09:03:25.276081810Z,15.659905,121.187848,Cloud to Ground,-38760,0,9
2026-09-21T09:03:25.542092768Z,15.658463,121.182652,Cloud to Ground,-36202,0,10
2026-09-21T09:03:25.359338026Z,15.672796,121.221875,Cloud to Ground,-21397,0,10
2026-09-21T09:03:25.665146109Z,15.656728,121.180353,Cloud to Ground,-14623,0,11
2026-09-21T09:03:26.890933201Z,14.936828,111.986294,Cloud to Ground,13286,0,8
2026-09-21T09:03:26.875161253Z,14.947911,111.976351,Cloud to Ground,38027,0,12
2026-09-21T09:03:27.238814367Z,2.770421,114.518318,Cloud to Cloud,-16795,13616,20
2026-09-21T09:03:27.705543452Z,22.985813,113.673312,Cloud to Cloud,-18503,18914,8
2026-09-21T09:03:27.609248303Z,15.679218,121.229979,Cloud to Cloud,-11147,18157,8
2026-09-21T09:03:27.138008425Z,15.717208,121.265934,Cloud to Cloud,10406,17774,9
2026-09-21T09:03:28.616950793Z,22.961908,110.641803,Cloud to Cloud,-13001,7013,6
2026-09-21T09:03:30.927114212Z,22.493358,111.299091,Cloud to Ground,34259,0,12
2026-09-21T09:03:31.637839280Z,9.81705,126.262254,Cloud to Ground,-16281,0,17
2026-09-21T09:03:31.697669652Z,15.647116,121.206609,Cloud to Cloud,-8158,5895,13
2026-09-21T09:03:31.682286006Z,15.899199,121.225148,Cloud to Cloud,-14919,4001,9
2026-09-21T09:03:32.645466359Z,10.035827,124.394799,Cloud to Ground,-12417,0,7
2026-09-21T09:03:33.923315349Z,15.707334,121.413001,Cloud to Ground,44960,0,14
2026-09-21T09:03:34.178631251Z,22.516059,111.408779,Cloud to Cloud,12464,3116,9
2026-09-21T09:03:35.143878397Z,14.12153,121.36942,Cloud to Ground,-16018,0,8
2026-09-21T09:03:35.177656059Z,14.120702,121.349837,Cloud to Ground,-10281,0,9
2026-09-21T09:03:35.474960032Z,16.028918,120.829789,Cloud to Ground,-30454,0,11
2026-09-21T09:03:35.497541594Z,16.027372,120.824632,Cloud to Cloud,-8328,7767,9
2026-09-21T09:03:35.553786264Z,16.040762,120.844664,Cloud to Ground,33455,0,8
2026-09-21T09:03:36.519847351Z,15.701801,121.239075,Cloud to Ground,-29108,0,9
2026-09-21T09:03:36.218104751Z,15.701969,121.249278,Cloud to Ground,-20236,0,10
2026-09-21T09:03:36.365934667Z,15.704575,121.252833,Cloud to Ground,-12658,0,8
2026-09-21T09:03:36.689107823Z,15.705378,121.24746,Cloud to Ground,-12297,0,10
2026-09-21T09:03:36.467299919Z,15.702948,121.254555,Cloud to Ground,-11778,0,7
2026-09-21T09:03:36.587945645Z,15.704082,121.256068,Cloud to Ground,-5834,0,5
2026-09-21T09:03:35.906170485Z,15.690006,121.194555,Cloud to Cloud,7498,19643,9
2026-09-21T09:03:37.220314067Z,13.328057,122.745826,Cloud to Cloud,14816,4062,9
2026-09-21T09:03:38.582132653Z,4.896039,111.537148,Cloud to Ground,35176,0,12
2026-09-21T09:03:38.788083584Z,4.943878,111.367826,Cloud to Ground,-29352,0,21
2026-09-21T09:03:38.528668608Z,4.945809,111.429988,Cloud to Ground,-25015,0,12
2026-09-21T09:03:38.672381724Z,4.924432,111.398034,Cloud to Ground,-22276,0,16
2026-09-21T09:03:38.142917091Z,7.532758,125.68324,Cloud to Ground,-34790,0,23
2026-09-21T09:03:37.920483427Z,7.513556,125.625489,Cloud to Ground,-29342,0,7
2026-09-21T09:03:38.621091000Z,7.4733,125.6162,Cloud to Ground,-27633,0,5
2026-09-21T09:03:37.967254864Z,7.4461,125.682556,Cloud to Ground,-19825,0,16
2026-09-21T09:03:38.207304672Z,7.509485,125.627516,Cloud to Ground,-14182,0,8
2026-09-21T09:03:38.484158478Z,7.536405,125.688653,Cloud to Ground,-10888,0,10
2026-09-21T09:03:37.984293809Z,7.525115,125.65687,Cloud to Ground,-9589,0,7
2026-09-21T09:03:38.036042482Z,7.428134,125.677189,Cloud to Ground,16401,0,9
2026-09-21T09:03:38.303834129Z,2.090781,115.979679,Cloud to Cloud,35395,5004,14
2026-09-21T09:03:38.452248961Z,2.091034,115.998165,Cloud to Ground,41625,0,20
2026-09-21T09:03:38.465913410Z,16.024543,121.160058,Cloud to Cloud,17231,3932,9
2026-09-21T09:03:38.685550370Z,15.670832,121.251883,Cloud to Cloud,7734,11438,6
2026-09-21T09:03:39.432218181Z,22.575779,111.535817,Cloud to Ground,29918,0,12
2026-09-21T09:03:40.194311009Z,15.698897,121.288977,Cloud to Cloud,2112,19218,5
2026-09-21T09:03:42.067803116Z,15.489859,120.984918,Cloud to Cloud,-20821,18127,7
2026-09-21T09:03:42.782036203Z,13.20579,121.475079,Cloud to Cloud,8455,19317,7
2026-09-21T09:03:42.211826646Z,17.555587,120.927041,Cloud to Cloud,8504,17514,5
2026-09-21T09:03:42.161554000Z,10.1032,124.2866,Cloud to Ground,-35730,0,8
2026-09-21T09:03:43.564698068Z,15.653599,121.230714,Cloud to Cloud,-10844,3297,7
2026-09-21T09:03:43.179022000Z,10.0916,124.4185,Cloud to Ground,-9296,0,7
2026-09-21T09:03:44.995252203Z,7.711644,123.869543,Cloud to Ground,-26750,0,17
2026-09-21T09:03:44.926258744Z,7.805577,123.831646,Cloud to Ground,-38542,0,14
2026-09-21T09:03:44.753352364Z,7.844358,123.787442,Cloud to Ground,-19767,0,14
2026-09-21T09:03:45.425129766Z,7.796889,123.827373,Cloud to Ground,-19494,0,16
2026-09-21T09:03:44.460371666Z,15.688541,121.146367,Cloud to Cloud,9096,3025,7
2026-09-21T09:03:44.903877732Z,14.85595,121.312768,Cloud to Ground,-63742,0,11
2026-09-21T09:03:45.469532892Z,7.767032,123.709631,Cloud to Ground,16389,0,16
2026-09-21T09:03:45.470363948Z,7.786151,123.711752,Cloud to Ground,22381,0,15
2026-09-21T09:03:45.535660995Z,7.782239,123.700476,Cloud to Ground,85716,0,22
2026-09-21T09:03:45.415187307Z,15.739282,121.249666,Cloud to Ground,-25314,0,11
2026-09-21T09:03:45.547338218Z,15.740628,121.25399,Cloud to Ground,-13000,0,9
2026-09-21T09:03:45.817165640Z,17.489814,120.909727,Cloud to Cloud,7839,6048,5
2026-09-21T09:03:45.813204894Z,17.490786,120.931524,Cloud to Cloud,25859,8586,7
2026-09-21T09:03:45.344696000Z,10.0939,124.2885,Cloud to Ground,6345,0,5
2026-09-21T09:03:47.249978706Z,15.630594,121.232842,Cloud to Cloud,5207,3995,9
2026-09-21T09:03:48.527778758Z,17.683607,120.810293,Cloud to Ground,-82473,0,14
2026-09-21T09:03:48.472273208Z,17.662359,120.836164,Cloud to Cloud,9518,3000,6
2026-09-21T09:03:48.487654125Z,17.690917,120.832439,Cloud to Cloud,11718,4868,5
2026-09-21T09:03:50.938900853Z,10.656194,124.134588,Cloud to Ground,45896,0,18
2026-09-21T09:03:51.276699224Z,4.130028,114.866191,Cloud to Ground,-20641,0,13
2026-09-21T09:03:51.816668807Z,1.772894,114.144806,Cloud to Ground,15671,0,17
2026-09-21T09:03:52.758688721Z,15.68073,121.266638,Cloud to Cloud,4027,16090,7
2026-09-21T09:03:53.073241517Z,22.461435,111.425249,Cloud to Cloud,-15582,3169,8
2026-09-21T09:03:54.767263129Z,22.49072,111.44231,Cloud to Cloud,27471,3018,14
2026-09-21T09:03:55.498198247Z,5.130566,116.363871,Cloud to Ground,65589,0,10
2026-09-21T09:03:55.144613082Z,22.307764,120.106489,Cloud to Cloud,-6458,3001,6
2026-09-21T09:03:55.048309848Z,22.164065,120.039558,Cloud to Cloud,-5727,3740,7
2026-09-21T09:03:55.047770366Z,22.168424,120.028803,Cloud to Cloud,-5308,3893,6
2026-09-21T09:03:55.018456644Z,22.209836,120.068121,Cloud to Cloud,-4404,3258,5
2026-09-21T09:03:55.010253101Z,22.197428,120.080593,Cloud to Cloud,5381,10885,6
2026-09-21T09:03:54.914174429Z,22.264478,120.083108,Cloud to Cloud,5387,16806,5
2026-09-21T09:03:54.789693032Z,22.199977,120.076343,Cloud to Cloud,5487,12349,6
2026-09-21T09:03:54.791278993Z,22.195319,120.086501,Cloud to Cloud,5568,13149,5
2026-09-21T09:03:55.032733140Z,22.185691,120.078588,Cloud to Cloud,6642,10255,6
2026-09-21T09:03:56.940150107Z,9.836945,126.456633,Cloud to Ground,-40384,0,9
2026-09-21T09:03:57.026905609Z,9.831506,126.446213,Cloud to Ground,-12462,0,6
2026-09-21T09:03:58.471420123Z,5.029479,111.617892,Cloud to Ground,-32882,0,17
2026-09-21T09:03:58.885255900Z,10.30881,126.354654,Cloud to Ground,-17832,0,8
2026-09-21T09:03:58.649279150Z,10.307459,126.136929,Cloud to Ground,-142368,0,14
2026-09-21T09:03:58.785611077Z,10.281472,126.177617,Cloud to Ground,-41761,0,15
2026-09-21T09:03:58.731709843Z,12.895975,124.069682,Cloud to Cloud,25286,6008,8
2026-09-21T09:03:59.548772771Z,8.08932,134.347892,Cloud to Ground,-13192,0,24
2026-09-21T09:03:59.951973619Z,15.64989,121.271138,Cloud to Cloud,16733,7114,14
2026-09-21T09:04:01.763042667Z,15.697787,121.182103,Cloud to Cloud,-4206,13712,7
2026-09-21T09:04:01.438208970Z,10.104622,124.308239,Cloud to Cloud,-15603,19410,10
2026-09-21T09:04:02.542424993Z,1.880824,113.894656,Cloud to Ground,14647,0,8
2026-09-21T09:04:03.898264598Z,13.045402,124.038434,Cloud to Ground,-13348,0,8
2026-09-21T09:04:04.428463848Z,9.815091,126.23222,Cloud to Ground,31763,0,7
2026-09-21T09:04:04.182542834Z,22.420775,112.153751,Cloud to Cloud,-16418,3041,7
2026-09-21T09:04:04.261158647Z,22.257963,111.653242,Cloud to Cloud,-18383,7121,6
2026-09-21T09:04:04.452855949Z,22.294019,111.588877,Cloud to Cloud,25340,11125,9
2026-09-21T09:04:04.195855000Z,22.2672,111.6923,Cloud to Ground,81774,0,6
2026-09-21T09:04:04.405089638Z,15.670197,121.180363,Cloud to Cloud,-9190,7948,6
2026-09-21T09:04:05.583605906Z,15.743034,121.254982,Cloud to Cloud,8605,19320,9
2026-09-21T09:04:05.476895985Z,22.286215,112.039592,Cloud to Cloud,-62182,3005,9
2026-09-21T09:04:05.462173299Z,22.317752,111.996178,Cloud to Cloud,-23091,3011,8
2026-09-21T09:04:05.959574759Z,22.374054,111.964748,Cloud to Ground,-17254,0,7
2026-09-21T09:04:05.930458728Z,22.326041,112.006968,Cloud to Ground,-17241,0,7
2026-09-21T09:04:05.837620525Z,22.329731,111.943802,Cloud to Cloud,16582,3030,8
2026-09-21T09:04:05.602325880Z,22.298446,112.000592,Cloud to Ground,21953,0,8
2026-09-21T09:04:05.497519311Z,22.336079,111.989734,Cloud to Ground,22271,0,10
2026-09-21T09:04:05.510227616Z,22.297291,112.001994,Cloud to Ground,43530,0,11
2026-09-21T09:04:06.167089161Z,22.512435,111.448225,Cloud to Cloud,-34228,10140,12
2026-09-21T09:04:08.905568754Z,9.931775,124.349891,Cloud to Cloud,7936,14843,6
2026-09-21T09:04:08.601291520Z,15.672826,121.225048,Cloud to Cloud,3601,18138,6
2026-09-21T09:04:08.148128224Z,15.642448,121.286573,Cloud to Cloud,5984,11026,6
2026-09-21T09:04:09.660346715Z,9.851371,126.331753,Cloud to Ground,-19157,0,28
2026-09-21T09:04:09.461516600Z,22.566439,111.500587,Cloud to Cloud,-19810,9089,8
2026-09-21T09:04:10.187251957Z,13.988294,121.619037,Cloud to Cloud,6052,17925,5
2026-09-21T09:04:10.179631576Z,13.99958,121.632092,Cloud to Ground,28992,0,10
2026-09-21T09:04:12.110909248Z,4.153946,114.82675,Cloud to Ground,-11722,0,17
2026-09-21T09:04:11.557916128Z,4.14194,114.85414,Cloud to Cloud,9539,6929,11
2026-09-21T09:04:12.005254481Z,4.144115,114.8479,Cloud to Cloud,17230,7499,8
2026-09-21T09:04:11.929816445Z,4.136973,114.846941,Cloud to Ground,19940,0,6
2026-09-21T09:04:12.677051586Z,4.152186,114.859825,Cloud to Cloud,20770,3104,13
2026-09-21T09:04:11.606773259Z,4.177167,114.837548,Cloud to Ground,26777,0,12
2026-09-21T09:04:11.875922000Z,4.1748,114.8157,Cloud to Ground,74744,0,9
2026-09-21T09:04:12.121018131Z,15.651787,121.265853,Cloud to Cloud,8258,19831,8
2026-09-21T09:04:14.101389014Z,15.666003,121.225161,Cloud to Ground,-15002,0,12
2026-09-21T09:04:13.958517577Z,15.644348,121.221021,Cloud to Ground,-14882,0,9
2026-09-21T09:04:14.195335232Z,15.674961,121.24797,Cloud to Cloud,-8022,13959,9
2026-09-21T09:04:13.897098212Z,15.589081,121.251002,Cloud to Cloud,10830,18723,10
2026-09-21T09:04:13.914967247Z,15.689704,121.299692,Cloud to Cloud,14717,12562,9
2026-09-21T09:04:13.854036870Z,15.689196,121.306757,Cloud to Ground,17725,0,9
2026-09-21T09:04:13.472132212Z,22.438856,111.4089,Cloud to Ground,-24835,0,7
2026-09-21T09:04:13.518788465Z,22.478534,111.419144,Cloud to Cloud,-20195,5205,7
2026-09-21T09:04:13.131697879Z,22.585746,110.678438,Cloud to Cloud,-44564,6492,11
2026-09-21T09:04:13.129901479Z,22.628238,110.678386,Cloud to Cloud,-31151,5720,8
2026-09-21T09:04:13.494632769Z,22.568356,111.209212,Cloud to Cloud,-11162,5251,8
2026-09-21T09:04:13.631267916Z,22.517933,111.553117,Cloud to Ground,23570,0,7
2026-09-21T09:04:13.306977942Z,14.035783,121.663332,Cloud to Cloud,4835,18935,5
2026-09-21T09:04:16.745915631Z,13.027849,123.945149,Cloud to Ground,-28909,0,10
2026-09-21T09:04:17.508818335Z,10.068258,124.342517,Cloud to Ground,-27659,0,15
2026-09-21T09:04:17.973487533Z,9.973455,124.442007,Cloud to Ground,-30568,0,7
2026-09-21T09:04:18.417657670Z,10.027433,124.41405,Cloud to Ground,-28340,0,10
2026-09-21T09:04:17.874991000Z,9.9304,124.441,Cloud to Ground,-27816,0,6
2026-09-21T09:04:17.808340092Z,10.002736,124.420649,Cloud to Ground,-18947,0,6
2026-09-21T09:04:20.461123706Z,15.627742,121.224145,Cloud to Cloud,-13096,6310,7
2026-09-21T09:04:20.366845083Z,10.633678,124.147447,Cloud to Ground,-12035,0,7
2026-09-21T09:04:20.173535324Z,10.660483,124.129822,Cloud to Ground,-11231,0,6
2026-09-21T09:04:22.158232232Z,4.406782,114.844716,Cloud to Ground,14623,0,16
2026-09-21T09:04:22.150749360Z,4.40891,114.865567,Cloud to Ground,84086,0,31
2026-09-21T09:04:22.935879150Z,15.643419,121.2326,Cloud to Cloud,22336,5413,10
2026-09-21T09:04:22.393622663Z,17.612311,121.043613,Cloud to Cloud,9295,5772,12
2026-09-21T09:04:23.106647445Z,7.408015,125.78462,Cloud to Ground,-44605,0,12
2026-09-21T09:04:23.220029394Z,7.495684,125.610509,Cloud to Ground,-27698,0,15
2026-09-21T09:04:23.166988279Z,7.512759,125.657496,Cloud to Ground,-14741,0,11
2026-09-21T09:04:23.656056068Z,7.470444,125.570037,Cloud to Ground,-13387,0,14
2026-09-21T09:04:23.308301061Z,2.891049,113.217081,Cloud to Ground,35973,0,21
2026-09-21T09:04:24.497645445Z,2.689254,114.531801,Cloud to Ground,21987,0,22
2026-09-21T09:04:24.765800183Z,22.82581,113.816834,Cloud to Cloud,-13773,17951,7
2026-09-21T09:04:24.376912193Z,13.899413,121.636933,Cloud to Ground,-17299,0,11
2026-09-21T09:04:24.233575000Z,13.9378,121.6204,Cloud to Ground,-15770,0,6
2026-09-21T09:04:24.301882859Z,13.901884,121.638948,Cloud to Ground,-14406,0,10
2026-09-21T09:04:25.683590916Z,15.671619,121.236042,Cloud to Cloud,-7079,10387,6
2026-09-21T09:04:26.820049616Z,15.686054,121.193831,Cloud to Cloud,-5322,5020,7
2026-09-21T09:04:26.249893013Z,12.925752,123.925534,Cloud to Ground,26827,0,12
2026-09-21T09:04:26.866795000Z,5.2666,115.5367,Cloud to Ground,29381,0,5
2026-09-21T09:04:27.956819523Z,1.806549,114.079152,Cloud to Ground,-15573,0,8
2026-09-21T09:04:28.447941128Z,1.833142,114.124393,Cloud to Ground,-15084,0,14
2026-09-21T09:04:28.004973070Z,1.742639,114.149655,Cloud to Ground,-22710,0,9
2026-09-21T09:04:27.978352087Z,1.733342,114.140329,Cloud to Ground,-18644,0,10
2026-09-21T09:04:28.330620784Z,22.46116,111.43601,Cloud to Cloud,-13384,5533,7
2026-09-21T09:04:29.729252245Z,22.575896,111.261005,Cloud to Ground,73440,0,18
2026-09-21T09:04:29.000948759Z,15.690686,121.287822,Cloud to Cloud,-7367,9228,6
2026-09-21T09:04:29.341397000Z,10.1205,124.2736,Cloud to Ground,-20992,0,8
2026-09-21T09:04:30.945375563Z,15.691113,121.335077,Cloud to Cloud,-5294,7824,8
2026-09-21T09:04:31.059136465Z,9.832754,126.305226,Cloud to Ground,-35272,0,26
2026-09-21T09:04:31.142828843Z,9.850521,126.283839,Cloud to Ground,-16474,0,16
2026-09-21T09:04:32.619556722Z,13.970198,121.598116,Cloud to Ground,-7618,0,7
2026-09-21T09:04:32.952293000Z,15.1058,121.2666,Cloud to Ground,-37884,0,7
2026-09-21T09:04:33.162889783Z,16.017271,120.836489,Cloud to Ground,-40655,0,8
2026-09-21T09:04:33.193028035Z,16.02086,120.856763,Cloud to Ground,-10049,0,8
2026-09-21T09:04:34.754321790Z,1.886107,114.083991,Cloud to Ground,32976,0,15
2026-09-21T09:04:35.503216651Z,10.017145,124.393207,Cloud to Cloud,4390,5447,5
2026-09-21T09:04:35.359988404Z,15.683802,121.276038,Cloud to Cloud,11595,6110,7
2026-09-21T09:04:37.373366499Z,22.889252,110.703781,Cloud to Cloud,-21198,3184,8
2026-09-21T09:04:37.639431368Z,14.633065,121.370064,Cloud to Ground,-14654,0,11
2026-09-21T09:04:37.545605398Z,14.634335,121.345441,Cloud to Ground,-8735,0,9
2026-09-21T09:04:37.003953000Z,16.7621,121.1412,Cloud to Ground,-23182,0,7
2026-09-21T09:04:38.686975440Z,13.618416,122.598384,Cloud to Cloud,-4972,3000,7
2026-09-21T09:04:38.618982269Z,13.608917,122.576718,Cloud to Cloud,4180,17055,5
2026-09-21T09:04:38.615038062Z,13.608692,122.585157,Cloud to Cloud,6948,4565,7
2026-09-21T09:04:38.638161655Z,13.613029,122.582255,Cloud to Cloud,12236,13676,10
2026-09-21T09:04:38.613413392Z,13.546664,122.63029,Cloud to Cloud,21199,12250,10
2026-09-21T09:04:38.094134713Z,15.723877,121.183881,Cloud to Cloud,5419,18911,5
2026-09-21T09:04:39.174810698Z,8.292189,132.824232,Cloud to Ground,40298,0,23
2026-09-21T09:04:39.775278765Z,15.534741,121.310634,Cloud to Cloud,-2760,4205,8
2026-09-21T09:04:39.418829063Z,15.682945,121.261225,Cloud to Cloud,-15251,19472,10
2026-09-21T09:04:39.438325156Z,15.688499,121.235783,Cloud to Cloud,-2841,5596,6
2026-09-21T09:04:39.351247244Z,15.61763,121.245425,Cloud to Cloud,15856,14601,16
2026-09-21T09:04:39.479176591Z,15.612623,121.259055,Cloud to Cloud,17694,17460,8
2026-09-21T09:04:39.493554598Z,14.025616,121.6352,Cloud to Ground,6499,0,12
2026-09-21T09:04:40.647799385Z,13.272933,123.766644,Cloud to Ground,35006,0,10
2026-09-21T09:04:40.390964000Z,13.0768,123.9345,Cloud to Ground,-22109,0,9
2026-09-21T09:04:40.312788000Z,13.0462,123.8703,Cloud to Ground,-18101,0,8
2026-09-21T09:04:41.777739095Z,9.872978,124.525724,Cloud to Cloud,-9576,13352,9
2026-09-21T09:04:41.905668657Z,15.699578,121.247119,Cloud to Ground,-22686,0,11
2026-09-21T09:04:42.841462857Z,15.69778,121.238598,Cloud to Ground,-18411,0,13
2026-09-21T09:04:42.021932882Z,15.696488,121.240599,Cloud to Ground,-18325,0,11
2026-09-21T09:04:42.185471582Z,15.69883,121.242054,Cloud to Ground,-14464,0,10
2026-09-21T09:04:41.929956189Z,15.700835,121.247276,Cloud to Ground,-12176,0,14
2026-09-21T09:04:42.132255805Z,15.708595,121.246767,Cloud to Cloud,7310,16521,9
2026-09-21T09:04:43.387327010Z,5.146634,115.425786,Cloud to Cloud,-24520,18150,19
2026-09-21T09:04:44.734759942Z,9.824015,126.25,Cloud to Ground,17236,0,7
2026-09-21T09:04:44.974510084Z,1.894476,113.923339,Cloud to Ground,-45624,0,22
2026-09-21T09:04:44.958835569Z,1.884014,113.91784,Cloud to Ground,-16970,0,8
2026-09-21T09:04:45.295500314Z,1.889066,113.889006,Cloud to Ground,-10539,0,17
2026-09-21T09:04:45.027115025Z,1.891432,113.935965,Cloud to Ground,35308,0,12
2026-09-21T09:04:45.976431309Z,10.150779,124.367705,Cloud to Ground,20669,0,9
2026-09-21T09:04:46.672758620Z,15.724239,121.261744,Cloud to Cloud,-12132,10712,12
2026-09-21T09:04:46.882166937Z,16.326397,120.465775,Cloud to Cloud,9769,5202,10
2026-09-21T09:04:47.872423949Z,22.555332,111.263062,Cloud to Ground,14515,0,7
2026-09-21T09:04:47.796537624Z,22.526366,111.443947,Cloud to Ground,-19590,0,10
2026-09-21T09:04:47.675956325Z,22.512183,111.448581,Cloud to Ground,-17374,0,7
2026-09-21T09:04:47.497610476Z,22.509384,111.449603,Cloud to Ground,-15381,0,7
2026-09-21T09:04:47.342913700Z,22.468767,111.430175,Cloud to Ground,-15025,0,6
2026-09-21T09:04:47.556774085Z,22.470477,111.47438,Cloud to Ground,24033,0,8
2026-09-21T09:04:47.250486389Z,22.458497,111.561706,Cloud to Ground,27055,0,7
2026-09-21T09:04:47.447787534Z,22.512891,111.430107,Cloud to Ground,51160,0,11
2026-09-21T09:04:46.720609718Z,12.998654,124.031965,Cloud to Cloud,3971,16925,5
2026-09-21T09:04:47.230497191Z,12.962989,123.948342,Cloud to Cloud,12214,3221,7
2026-09-21T09:04:48.664013160Z,12.963528,123.776878,Cloud to Cloud,5726,7890,5
2026-09-21T09:04:48.667410504Z,12.880246,123.771466,Cloud to Cloud,18221,3367,9
2026-09-21T09:04:49.097258404Z,9.808332,126.272572,Cloud to Ground,15102,0,8
2026-09-21T09:04:49.762714731Z,10.116796,124.355573,Cloud to Ground,-16498,0,7
2026-09-21T09:04:49.646909000Z,10.1745,124.1645,Cloud to Ground,-47377,0,6
2026-09-21T09:04:50.323832488Z,22.230633,111.671271,Cloud to Cloud,-16297,3016,7
2026-09-21T09:04:50.897945512Z,15.724354,121.243213,Cloud to Cloud,5943,12910,6
2026-09-21T09:04:51.953191168Z,9.811543,126.41902,Cloud to Ground,27581,0,6
2026-09-21T09:04:52.377552951Z,17.51419,120.841762,Cloud to Ground,-61253,0,15
2026-09-21T09:04:52.492414598Z,17.511641,120.837193,Cloud to Ground,-22446,0,10
2026-09-21T09:04:52.703096566Z,17.510314,120.837329,Cloud to Ground,-15640,0,7
2026-09-21T09:04:52.479645419Z,15.644271,121.243413,Cloud to Cloud,-3842,3636,7
2026-09-21T09:04:53.984066061Z,1.023862,113.86057,Cloud to Ground,22943,0,15
2026-09-21T09:04:53.845312260Z,22.325083,111.990693,Cloud to Cloud,12597,8234,6
2026-09-21T09:04:54.576986798Z,9.835644,126.282199,Cloud to Ground,-29094,0,16
2026-09-21T09:04:54.350194997Z,9.83595,126.45402,Cloud to Ground,-42955,0,9
2026-09-21T09:04:54.415274473Z,9.836544,126.461562,Cloud to Ground,-20605,0,9
2026-09-21T09:04:54.476369617Z,9.914991,126.381785,Cloud to Ground,-22651,0,22
2026-09-21T09:04:54.667701782Z,22.533385,111.378543,Cloud to Cloud,35463,5928,10
2026-09-21T09:04:55.682131813Z,9.754769,127.13622,Cloud to Ground,-44427,0,10
2026-09-21T09:04:56.369862400Z,2.937011,113.383143,Cloud to Ground,-24987,0,16
2026-09-21T09:04:56.366454648Z,2.94197,113.409915,Cloud to Ground,-15905,0,16
2026-09-21T09:04:56.282273044Z,15.066836,111.979052,Cloud to Ground,61062,0,11
2026-09-21T09:04:56.644750733Z,14.939988,121.364327,Cloud to Ground,-24501,0,10
2026-09-21T09:04:56.576195313Z,14.938925,121.363576,Cloud to Ground,-21305,0,12
2026-09-21T09:04:56.602298319Z,14.936473,121.35591,Cloud to Ground,-18581,0,9
2026-09-21T09:04:56.724231598Z,14.938525,121.361044,Cloud to Ground,-13750,0,9
2026-09-21T09:04:56.773626240Z,14.93547,121.36001,Cloud to Ground,-13188,0,8
2026-09-21T09:04:56.677778000Z,14.9468,121.2858,Cloud to Ground,-1677,0,6
2026-09-21T09:04:56.473572790Z,22.4815,111.438858,Cloud to Ground,-18779,0,7
2026-09-21T09:04:56.401804000Z,10.1216,124.2489,Cloud to Ground,10389,0,6
2026-09-21T09:04:57.549413705Z,13.660303,122.422181,Cloud to Ground,-15175,0,10
2026-09-21T09:04:58.439742146Z,7.489061,125.335352,Cloud to Ground,-20906,0,18
2026-09-21T09:04:58.582071885Z,7.499231,125.316053,Cloud to Ground,-13485,0,9
2026-09-21T09:04:58.597340601Z,10.001785,124.428518,Cloud to Ground,-34106,0,11
2026-09-21T09:04:58.039512000Z,10.0595,124.2219,Cloud to Ground,-9995,0,5
2026-09-21T09:04:59.546096120Z,9.999756,124.425284,Cloud to Ground,-30944,0,8
2026-09-21T09:04:59.994047853Z,10.252807,129.240448,Cloud to Cloud,24206,3371,7
2026-09-21T09:04:59.169177069Z,15.667062,121.173964,Cloud to Cloud,-9983,16338,6
2026-09-21T09:05:00.037228978Z,22.240618,120.106211,Cloud to Cloud,-10874,12417,7
2026-09-21T09:04:59.877862706Z,22.227791,120.08929,Cloud to Cloud,-6913,5819,5
2026-09-21T09:04:59.715600034Z,22.186066,120.052526,Cloud to Cloud,6493,13550,6
2026-09-21T09:04:59.717125249Z,22.182088,120.048431,Cloud to Cloud,6913,6003,6
2026-09-21T09:04:59.712164478Z,22.203766,120.055362,Cloud to Cloud,8091,10529,7
2026-09-21T09:05:00.036176756Z,22.171626,120.07485,Cloud to Cloud,8449,7130,6
2026-09-21T09:04:59.711011508Z,22.187922,120.05064,Cloud to Cloud,9324,3705,7
2026-09-21T09:04:59.735486127Z,22.196652,120.05442,Cloud to Cloud,11888,9968,8
2026-09-21T09:05:00.053118914Z,22.20506,120.049879,Cloud to Cloud,11939,19358,8
2026-09-21T09:05:01.866669921Z,1.94622,114.00307,Cloud to Ground,20684,0,14
2026-09-21T09:05:02.447565914Z,21.884183,111.403794,Cloud to Cloud,-25013,7610,7
2026-09-21T09:05:02.055290952Z,13.884468,121.665748,Cloud to Ground,-72914,0,10
2026-09-21T09:05:03.531327337Z,9.709569,127.192366,Cloud to Cloud,-19142,3113,7
2026-09-21T09:05:03.072383068Z,9.721926,127.163883,Cloud to Cloud,23740,18380,15
2026-09-21T09:05:03.481642844Z,15.682202,121.180344,Cloud to Cloud,7130,18810,7
2026-09-21T09:05:04.900314630Z,16.149783,120.534585,Cloud to Cloud,31553,7201,8
2026-09-21T09:05:04.917764889Z,16.23517,120.480504,Cloud to Cloud,-13112,3762,7
2026-09-21T09:05:04.902424000Z,16.2179,120.4655,Cloud to Ground,16908,0,6
2026-09-21T09:05:05.930298867Z,15.70412,121.292494,Cloud to Cloud,-5033,4031,7
2026-09-21T09:05:05.208897000Z,9.9893,124.3932,Cloud to Ground,16575,0,5
2026-09-21T09:05:06.528664360Z,8.122395,133.371148,Cloud to Ground,-150267,0,20
2026-09-21T09:05:06.645792094Z,8.111165,133.497037,Cloud to Ground,-42223,0,26
2026-09-21T09:05:06.523006268Z,8.116275,133.569298,Cloud to Ground,-32682,0,27
2026-09-21T09:05:06.703539628Z,8.134201,133.409285,Cloud to Ground,-18490,0,31
2026-09-21T09:05:06.702984613Z,8.113855,133.42263,Cloud to Ground,-18015,0,30
2026-09-21T09:05:06.302946618Z,14.086504,121.588909,Cloud to Ground,-22227,0,11
2026-09-21T09:05:06.481558482Z,14.002317,121.604652,Cloud to Cloud,19771,6123,7
2026-09-21T09:05:07.459555054Z,13.0291,123.971707,Cloud to Ground,-45660,0,10
2026-09-21T09:05:07.536227787Z,13.043905,123.980887,Cloud to Ground,-39638,0,10
2026-09-21T09:05:07.493806000Z,13.0514,123.9604,Cloud to Ground,-35884,0,7
2026-09-21T09:05:07.567630000Z,12.9422,124.0549,Cloud to Ground,-22586,0,5
2026-09-21T09:05:07.675487373Z,12.958116,123.98956,Cloud to Cloud,-13857,6295,8
2026-09-21T09:05:07.443798794Z,22.552831,111.271998,Cloud to Ground,15764,0,9
2026-09-21T09:05:08.259193706Z,1.882389,113.914131,Cloud to Ground,-13390,0,9
2026-09-21T09:05:09.022640416Z,7.602858,126.254801,Cloud to Ground,33950,0,15
2026-09-21T09:05:09.711772382Z,2.034727,112.752043,Cloud to Cloud,-15930,3078,15
2026-09-21T09:05:09.913182482Z,14.764628,120.159621,Cloud to Cloud,52335,12541,7
2026-09-21T09:05:09.552246714Z,17.643196,120.854744,Cloud to Cloud,-16364,4360,11
2026-09-21T09:05:10.649620823Z,22.646594,111.453007,Cloud to Cloud,12105,4241,6
2026-09-21T09:05:11.228929010Z,4.080526,114.947778,Cloud to Ground,-16527,0,17
2026-09-21T09:05:11.425117247Z,4.029689,114.97058,Cloud to Cloud,-15317,10358,12
2026-09-21T09:05:11.479424959Z,4.106262,114.95031,Cloud to Cloud,18092,7259,7
2026-09-21T09:05:11.969986874Z,15.642995,121.277808,Cloud to Cloud,3186,19926,5
2026-09-21T09:05:13.628481513Z,4.165108,114.925741,Cloud to Ground,-38106,0,24
2026-09-21T09:05:13.625043453Z,4.227619,114.900372,Cloud to Cloud,-14328,17346,10
2026-09-21T09:05:13.634346070Z,4.161006,114.878501,Cloud to Ground,-14318,0,11
2026-09-21T09:05:13.044605689Z,9.993812,124.339508,Cloud to Cloud,-5591,8270,5
2026-09-21T09:05:14.633248908Z,2.897811,114.604367,Cloud to Ground,-16938,0,16
2026-09-21T09:05:14.711986921Z,2.896437,114.594143,Cloud to Ground,-13685,0,16
2026-09-21T09:05:14.927129565Z,2.846584,114.688437,Cloud to Ground,31007,0,16
2026-09-21T09:05:14.640451553Z,2.850597,114.653393,Cloud to Ground,60954,0,25
2026-09-21T09:05:14.335400992Z,4.042641,114.751948,Cloud to Cloud,-9760,6590,8
2026-09-21T09:05:14.104027588Z,9.803351,126.455052,Cloud to Ground,24290,0,7
2026-09-21T09:05:15.345914722Z,22.520135,111.869218,Cloud to Ground,-23327,0,10
2026-09-21T09:05:15.410244801Z,22.346182,112.006064,Cloud to Ground,-22406,0,9
2026-09-21T09:05:15.287000698Z,22.396454,111.943361,Cloud to Cloud,-19436,3072,6
2026-09-21T09:05:15.054732499Z,15.69684,121.249998,Cloud to Cloud,-17924,7842,9
2026-09-21T09:05:16.320728105Z,4.973883,111.49414,Cloud to Ground,-35076,0,15
2026-09-21T09:05:16.212977579Z,4.942451,111.454194,Cloud to Ground,-18213,0,12
2026-09-21T09:05:16.420093916Z,4.897635,111.545297,Cloud to Ground,37450,0,20
2026-09-21T09:05:16.047195350Z,4.907551,111.534694,Cloud to Ground,50328,0,21
2026-09-21T09:05:16.353425649Z,4.889685,111.549424,Cloud to Ground,50867,0,15
2026-09-21T09:05:16.113488036Z,9.830717,126.315064,Cloud to Ground,-39837,0,21
2026-09-21T09:05:16.410278560Z,9.835102,126.270557,Cloud to Ground,-12588,0,16
2026-09-21T09:05:17.282577426Z,15.677186,121.215641,Cloud to Ground,-20905,0,9
2026-09-21T09:05:19.376166270Z,15.700758,121.275779,Cloud to Cloud,-9085,10939,6
2026-09-21T09:05:19.306236009Z,10.129798,124.369903,Cloud to Ground,-23050,0,10
2026-09-21T09:05:19.695570000Z,10.1704,124.2559,Cloud to Ground,-18821,0,10
2026-09-21T09:05:21.374088570Z,16.045569,120.829181,Cloud to Cloud,10510,18325,8
2026-09-21T09:05:21.330034937Z,15.69997,121.273852,Cloud to Cloud,-11795,3007,7
2026-09-21T09:05:21.287894885Z,15.236989,112.768077,Cloud to Ground,-28825,0,10
2026-09-21T09:05:22.066436503Z,2.950532,113.152712,Cloud to Ground,13322,0,8
2026-09-21T09:05:22.068548000Z,3.2527,112.821,Cloud to Ground,-6846,0,7
2026-09-21T09:05:22.901010158Z,12.938191,124.006425,Cloud to Ground,17624,0,9
2026-09-21T09:05:23.366572458Z,22.908257,110.674013,Cloud to Cloud,14616,3009,6
2026-09-21T09:05:24.619612239Z,9.691202,127.095305,Cloud to Cloud,12706,4406,6
2026-09-21T09:05:24.498694129Z,9.646971,127.106267,Cloud to Cloud,16812,3089,7
2026-09-21T09:05:24.552981255Z,13.73228,121.747555,Cloud to Cloud,-5094,4027,7
2026-09-21T09:05:24.250665282Z,13.921652,121.669849,Cloud to Cloud,6246,10860,6
2026-09-21T09:05:24.327394307Z,13.917076,121.668287,Cloud to Cloud,6387,12016,9
2026-09-21T09:05:24.471986217Z,13.912265,121.662913,Cloud to Cloud,9116,13751,10
2026-09-21T09:05:25.912590587Z,1.765463,114.147939,Cloud to Ground,10310,0,10
2026-09-21T09:05:26.127829882Z,14.947185,121.389681,Cloud to Cloud,4387,9829,5
2026-09-21T09:05:26.076632959Z,14.945527,121.377398,Cloud to Cloud,7184,12146,8
2026-09-21T09:05:25.908052545Z,14.945451,121.367974,Cloud to Ground,16822,0,9
2026-09-21T09:05:26.303632207Z,3.088346,115.225537,Cloud to Ground,-82289,0,15
2026-09-21T09:05:26.296514418Z,3.081798,115.215443,Cloud to Ground,-30280,0,13
2026-09-21T09:05:26.129484017Z,10.148756,124.332055,Cloud to Ground,-23855,0,11
2026-09-21T09:05:26.476417253Z,13.216725,121.492848,Cloud to Ground,-47148,0,10
2026-09-21T09:05:26.512443607Z,13.220836,121.491395,Cloud to Ground,-14944,0,9
2026-09-21T09:05:27.979175216Z,22.595483,111.211147,Cloud to Cloud,-31907,7673,8
2026-09-21T09:05:28.057545427Z,22.589148,111.233355,Cloud to Cloud,15723,3661,6
2026-09-21T09:05:27.971383320Z,22.534535,111.282407,Cloud to Cloud,18708,3031,7
2026-09-21T09:05:28.154006737Z,22.604132,111.222325,Cloud to Ground,19255,0,7
2026-09-21T09:05:28.109392114Z,22.548127,111.266244,Cloud to Ground,45663,0,8
2026-09-21T09:05:27.911943834Z,22.582266,111.246717,Cloud to Ground,127243,0,16
2026-09-21T09:05:27.943077000Z,14.0337,121.5116,Cloud to Ground,-33721,0,6
2026-09-21T09:05:27.978490781Z,13.996609,121.620163,Cloud to Ground,-10877,0,8
2026-09-21T09:05:28.005560459Z,14.012177,121.587823,Cloud to Cloud,-9248,11406,6
2026-09-21T09:05:28.523552846Z,14.042459,121.564626,Cloud to Cloud,5666,15474,6
2026-09-21T09:05:27.329034000Z,1.6962,114.2044,Cloud to Ground,20858,0,5
2026-09-21T09:05:28.014846560Z,22.263451,111.647171,Cloud to Cloud,-12536,17011,6
2026-09-21T09:05:28.829322979Z,15.705975,121.242254,Cloud to Ground,-59430,0,10
2026-09-21T09:05:28.919433000Z,15.7197,121.1536,Cloud to Ground,-26268,0,6
2026-09-21T09:05:28.969021476Z,15.707631,121.246321,Cloud to Ground,-16529,0,11
2026-09-21T09:05:29.273910483Z,15.592397,121.282086,Cloud to Cloud,12192,10522,7
2026-09-21T09:05:30.931102280Z,15.735427,121.218531,Cloud to Cloud,15089,7300,12
2026-09-21T09:05:31.988145173Z,9.745834,127.872264,Cloud to Ground,108628,0,28
2026-09-21T09:05:32.097785726Z,9.74335,127.751001,Cloud to Ground,-12847,0,14
2026-09-21T09:05:31.979983143Z,9.799218,127.772496,Cloud to Ground,19772,0,16
2026-09-21T09:05:31.008707449Z,15.842785,121.228792,Cloud to Cloud,-2790,11311,6
2026-09-21T09:05:31.390579797Z,17.48558,120.91259,Cloud to Cloud,15220,16037,8
2026-09-21T09:05:32.043947312Z,9.55177,127.921295,Cloud to Cloud,-24078,17156,10
2026-09-21T09:05:32.866108359Z,9.797593,126.242915,Cloud to Ground,16530,0,8
2026-09-21T09:05:32.380233898Z,15.605938,121.197383,Cloud to Cloud,-14257,5115,7
2026-09-21T09:05:32.439431263Z,15.676264,121.204304,Cloud to Cloud,-9871,18597,8
2026-09-21T09:05:32.370971989Z,15.654624,121.21025,Cloud to Cloud,-5363,3020,7
2026-09-21T09:05:32.706838293Z,15.669036,121.203048,Cloud to Cloud,-3381,5313,8
2026-09-21T09:05:33.414344272Z,1.778541,114.105124,Cloud to Ground,-12175,0,8
2026-09-21T09:05:33.273516490Z,13.981064,121.629354,Cloud to Cloud,-3764,6528,5
2026-09-21T09:05:33.198673584Z,15.860432,121.07862,Cloud to Cloud,17491,6903,8
2026-09-21T09:05:35.114907111Z,15.705648,121.258089,Cloud to Cloud,-10761,19144,13
2026-09-21T09:05:35.133509926Z,15.629134,121.260485,Cloud to Cloud,7199,9673,6
2026-09-21T09:05:36.364612380Z,8.221235,133.073391,Cloud to Ground,-29366,0,27
2026-09-21T09:05:36.499324400Z,8.288915,133.113131,Cloud to Ground,-25891,0,21
2026-09-21T09:05:36.419082106Z,8.236433,133.052245,Cloud to Ground,-16464,0,20
2026-09-21T09:05:36.444716240Z,8.246087,133.078831,Cloud to Ground,-9455,0,25
2026-09-21T09:05:36.389200939Z,8.318484,133.170928,Cloud to Ground,15150,0,17
2026-09-21T09:05:36.848889300Z,15.667369,121.237916,Cloud to Cloud,5030,18475,9
2026-09-21T09:05:37.635574123Z,8.25,133.069701,Cloud to Ground,-12994,0,17
2026-09-21T09:05:38.922265047Z,9.80538,126.340111,Cloud to Ground,34237,0,13
2026-09-21T09:05:38.722205214Z,15.587751,121.298976,Cloud to Cloud,-10996,16162,7
2026-09-21T09:05:38.746125376Z,15.6812,121.306531,Cloud to Cloud,-8296,12951,8
2026-09-21T09:05:39.095085573Z,15.685242,121.301722,Cloud to Cloud,-4715,18054,10
2026-09-21T09:05:38.856206131Z,15.693177,121.292431,Cloud to Cloud,2846,19912,5
2026-09-21T09:05:39.488827272Z,12.943357,123.950286,Cloud to Cloud,10990,10479,7
2026-09-21T09:05:40.438425043Z,8.134249,134.479233,Cloud to Ground,29595,0,10
2026-09-21T09:05:41.482546457Z,15.774582,121.262548,Cloud to Ground,-4176,0,9
2026-09-21T09:05:41.203337000Z,8.1923,134.3001,Cloud to Ground,30855,0,13
2026-09-21T09:05:42.626359398Z,10.116503,124.3438,Cloud to Ground,16791,0,9
2026-09-21T09:05:42.670066616Z,10.04297,124.391861,Cloud to Cloud,32592,3050,10
2026-09-21T09:05:43.482731223Z,13.790234,121.763267,Cloud to Cloud,15170,5157,7
2026-09-21T09:05:43.681807811Z,15.658657,121.225755,Cloud to Cloud,-7406,6986,7
2026-09-21T09:05:45.222330200Z,22.416101,112.080111,Cloud to Ground,-20108,0,8
2026-09-21T09:05:45.238528259Z,22.502827,111.38376,Cloud to Cloud,-15815,14489,7
2026-09-21T09:05:45.462450198Z,15.847025,121.073727,Cloud to Cloud,-24653,3814,12
2026-09-21T09:05:46.535733674Z,2.136147,114.363148,Cloud to Ground,-14542,0,14
2026-09-21T09:05:46.170813193Z,1.826079,113.889757,Cloud to Ground,-15723,0,10
2026-09-21T09:05:47.823638385Z,15.586264,121.304227,Cloud to Cloud,-10908,18731,7
2026-09-21T09:05:47.701381180Z,15.661276,121.232628,Cloud to Cloud,-10235,19307,12
2026-09-21T09:05:47.774681990Z,15.671979,121.239818,Cloud to Cloud,9309,11474,10
2026-09-21T09:05:47.204894000Z,13.0537,123.9467,Cloud to Ground,-30589,0,7
2026-09-21T09:05:48.658661548Z,13.657951,122.438343,Cloud to Ground,-24212,0,9
2026-09-21T09:05:48.816495703Z,13.652339,122.438391,Cloud to Cloud,-5264,14311,6
2026-09-21T09:05:50.706726253Z,15.668165,121.225435,Cloud to Cloud,-5051,13874,5
2026-09-21T09:05:51.622285906Z,15.047703,110.887002,Cloud to Ground,34028,0,11
2026-09-21T09:05:51.548846531Z,15.025132,110.787739,Cloud to Ground,32150,0,7
2026-09-21T09:05:51.537954613Z,15.009114,110.791455,Cloud to Ground,34906,0,11
2026-09-21T09:05:51.540274494Z,15.007925,110.795989,Cloud to Ground,37831,0,8
2026-09-21T09:05:52.659719341Z,9.799349,126.460425,Cloud to Ground,24281,0,10
2026-09-21T09:05:52.215307891Z,9.877657,126.396638,Cloud to Ground,-13254,0,22
2026-09-21T09:05:52.146689110Z,9.831192,126.251851,Cloud to Ground,-23501,0,14
2026-09-21T09:05:52.057197172Z,17.581033,120.949196,Cloud to Cloud,20889,14916,8
2026-09-21T09:05:53.764262287Z,9.68176,127.129008,Cloud to Ground,-16947,0,12
2026-09-21T09:05:53.888866632Z,22.578194,111.898342,Cloud to Ground,-19917,0,7
2026-09-21T09:05:53.314414269Z,22.378267,110.645082,Cloud to Cloud,-31103,3033,9
2026-09-21T09:05:53.354171851Z,22.407157,110.623558,Cloud to Ground,32515,0,9
2026-09-21T09:05:53.698835000Z,9.7791,127.2469,Cloud to Ground,-131329,0,8
2026-09-21T09:05:54.002525322Z,2.706127,114.506287,Cloud to Cloud,10508,11667,13
2026-09-21T09:05:54.467827072Z,9.943312,124.31223,Cloud to Ground,-37374,0,10
2026-09-21T09:05:54.560370546Z,9.915996,124.387291,Cloud to Ground,-35066,0,17
2026-09-21T09:05:54.397816281Z,10.010348,124.241901,Cloud to Ground,-63316,0,22
2026-09-21T09:05:54.802117000Z,10.1163,124.3638,Cloud to Ground,-25203,0,5
2026-09-21T09:05:54.661455000Z,10.1509,124.353,Cloud to Ground,-25115,0,6
2026-09-21T09:05:55.173795829Z,1.762482,113.819267,Cloud to Ground,13955,0,16
2026-09-21T09:05:55.184941126Z,15.674052,121.206905,Cloud to Ground,-24425,0,11
2026-09-21T09:05:55.047798210Z,15.674689,121.178488,Cloud to Ground,-16363,0,8
2026-09-21T09:05:55.073981037Z,15.676478,121.211973,Cloud to Ground,-11482,0,6
2026-09-21T09:05:54.990422422Z,15.672581,121.213014,Cloud to Ground,-11022,0,7
2026-09-21T09:05:55.392899328Z,15.67579,121.208913,Cloud to Ground,-8801,0,7
2026-09-21T09:05:54.507391254Z,15.631259,121.237906,Cloud to Cloud,-5657,13670,8
2026-09-21T09:05:55.838489146Z,22.556827,111.225672,Cloud to Ground,35568,0,7
2026-09-21T09:05:55.671734321Z,15.877992,121.285034,Cloud to Cloud,14039,8871,6
2026-09-21T09:05:56.075987085Z,9.808848,126.267995,Cloud to Ground,15161,0,12
2026-09-21T09:05:57.524367184Z,8.240061,133.00059,Cloud to Ground,-16488,0,11
2026-09-21T09:05:57.633928780Z,8.220863,133.010994,Cloud to Ground,-12859,0,9
2026-09-21T09:05:57.182978494Z,14.045745,121.653411,Cloud to Ground,16684,0,11
2026-09-21T09:05:57.981152535Z,15.684336,121.194027,Cloud to Cloud,-9549,3675,10
2026-09-21T09:05:59.002466000Z,7.4935,125.596,Cloud to Ground,-35794,0,10
2026-09-21T09:05:58.830017958Z,7.478779,125.658275,Cloud to Ground,-33447,0,8
2026-09-21T09:05:58.947908000Z,7.4835,125.6144,Cloud to Ground,-29647,0,7
2026-09-21T09:05:58.873108176Z,7.550506,125.609145,Cloud to Ground,-18526,0,24
2026-09-21T09:05:58.954920528Z,15.662313,121.230393,Cloud to Cloud,-11220,3579,10
2026-09-21T09:05:58.962106913Z,15.647059,121.241367,Cloud to Cloud,-1955,5119,5
2026-09-21T09:05:59.124346027Z,7.388697,125.732948,Cloud to Ground,-25014,0,8
2026-09-21T09:05:59.008480114Z,5.313456,116.210506,Cloud to Ground,-57622,0,32
2026-09-21T09:05:59.933853458Z,1.721819,114.14564,Cloud to Ground,31285,0,10
2026-09-21T09:06:00.189143534Z,1.883339,112.795471,Cloud to Ground,38158,0,19
2026-09-21T09:06:01.743439889Z,22.276472,111.621275,Cloud to Ground,-22199,0,6
2026-09-21T09:06:01.675766126Z,22.241653,111.65593,Cloud to Cloud,-20279,3035,8
2026-09-21T09:06:00.842425399Z,15.827953,121.196896,Cloud to Cloud,-17793,10442,11
2026-09-21T09:06:00.767956567Z,15.710137,121.266261,Cloud to Cloud,-13333,12696,12
2026-09-21T09:06:01.004443764Z,15.714924,121.258239,Cloud to Ground,-12866,0,11
2026-09-21T09:06:00.760639591Z,15.77546,121.235563,Cloud to Cloud,9338,19337,6
2026-09-21T09:06:01.952774000Z,10.0859,124.3312,Cloud to Ground,-17934,0,8
2026-09-21T09:06:02.536968000Z,10.0792,124.2411,Cloud to Ground,-8541,0,5
2026-09-21T09:06:02.807402406Z,2.907727,113.061538,Cloud to Ground,16337,0,8
2026-09-21T09:06:02.676431276Z,2.852178,113.108051,Cloud to Ground,24372,0,12
2026-09-21T09:06:02.643044075Z,2.84821,113.104226,Cloud to Ground,83280,0,26
2026-09-21T09:06:02.576947298Z,2.85441,113.110206,Cloud to Ground,180007,0,20
2026-09-21T09:06:02.993590346Z,22.29112,120.064368,Cloud to Cloud,-17358,19881,8
2026-09-21T09:06:03.105348830Z,22.202627,120.045536,Cloud to Cloud,-7561,9937,5
2026-09-21T09:06:02.888642415Z,22.182663,120.059738,Cloud to Cloud,-6065,3922,6
2026-09-21T09:06:03.167696214Z,22.270426,120.047127,Cloud to Cloud,5748,4332,6
2026-09-21T09:06:02.755524630Z,22.167189,120.07346,Cloud to Cloud,6161,10426,5
2026-09-21T09:06:03.011876496Z,22.210375,120.057107,Cloud to Cloud,11446,7189,7
2026-09-21T09:06:02.747511342Z,22.186517,120.070646,Cloud to Ground,16432,0,8
2026-09-21T09:06:02.030407309Z,15.72161,121.267203,Cloud to Cloud,-10351,6598,9
2026-09-21T09:06:02.194302443Z,15.664322,121.217175,Cloud to Cloud,6997,18069,5
2026-09-21T09:06:02.134164536Z,15.665365,121.223207,Cloud to Cloud,9304,18939,7
2026-09-21T09:06:03.976619261Z,10.278519,126.351456,Cloud to Cloud,-17607,10975,8
2026-09-21T09:06:03.978514977Z,10.369373,126.254687,Cloud to Ground,-61542,0,13
2026-09-21T09:06:04.176637561Z,9.804952,126.46759,Cloud to Ground,-27157,0,8
2026-09-21T09:06:04.294586972Z,13.839235,121.706385,Cloud to Cloud,-18121,4438,7
2026-09-21T09:06:04.438301161Z,13.893988,121.690976,Cloud to Ground,-15628,0,8
2026-09-21T09:06:04.361305727Z,13.897751,121.649573,Cloud to Ground,-12677,0,9
2026-09-21T09:06:06.255670990Z,15.696328,121.231126,Cloud to Cloud,-3631,12429,8
2026-09-21T09:06:06.224640675Z,15.68932,121.215715,Cloud to Cloud,4319,10881,6
2026-09-21T09:06:07.659114697Z,1.675035,113.145238,Cloud to Ground,-10135,0,9
2026-09-21T09:06:07.370160802Z,15.691649,121.260568,Cloud to Cloud,-13058,6751,6
2026-09-21T09:06:07.698863961Z,15.793736,121.285997,Cloud to Ground,-10662,0,7
2026-09-21T09:06:07.741387574Z,15.700572,121.279563,Cloud to Cloud,4561,18474,6
2026-09-21T09:06:07.721870809Z,15.704646,121.289806,Cloud to Cloud,5231,18943,8
2026-09-21T09:06:07.191142245Z,22.597686,111.472822,Cloud to Ground,26446,0,8
2026-09-21T09:06:08.904219946Z,14.9357,121.363191,Cloud to Ground,-28888,0,11
2026-09-21T09:06:08.689558631Z,14.93022,121.37592,Cloud to Ground,-25168,0,10
2026-09-21T09:06:08.609176082Z,14.953385,121.370881,Cloud to Ground,-15333,0,10
2026-09-21T09:06:08.635278333Z,14.93627,121.374774,Cloud to Ground,-10856,0,11
2026-09-21T09:06:08.647009061Z,16.019623,120.863641,Cloud to Cloud,-13066,6902,8
2026-09-21T09:06:08.523010351Z,16.038665,120.838129,Cloud to Cloud,15369,19323,11
2026-09-21T09:06:09.975453662Z,4.080247,114.932685,Cloud to Ground,19630,0,9
2026-09-21T09:06:09.493462271Z,22.47046,111.417766,Cloud to Ground,77809,0,17
2026-09-21T09:06:10.878943337Z,12.973903,124.033136,Cloud to Cloud,12765,11353,9
2026-09-21T09:06:11.321597000Z,22.6386,111.2264,Cloud to Ground,43521,0,5
2026-09-21T09:06:12.482144968Z,5.218117,116.646069,Cloud to Ground,-16159,0,20
2026-09-21T09:06:12.613725385Z,3.381831,115.06774,Cloud to Cloud,-23605,19473,8
2026-09-21T09:06:12.894531528Z,8.216342,133.026165,Cloud to Ground,-34382,0,20
2026-09-21T09:06:12.748473458Z,8.21385,133.064984,Cloud to Ground,-12043,0,25
2026-09-21T09:06:13.408415332Z,5.346753,116.867085,Cloud to Ground,37169,0,13
2026-09-21T09:06:13.409091880Z,5.44369,116.831705,Cloud to Ground,26555,0,9
2026-09-21T09:06:13.945753424Z,15.608283,121.182071,Cloud to Ground,-11358,0,7
2026-09-21T09:06:14.818836938Z,15.692886,121.429382,Cloud to Cloud,15273,8088,7
2026-09-21T09:06:15.128113653Z,4.141498,114.824324,Cloud to Cloud,-10648,3016,10
2026-09-21T09:06:15.143078587Z,4.131182,114.923408,Cloud to Ground,-12460,0,14
2026-09-21T09:06:15.762782073Z,15.667934,121.259077,Cloud to Cloud,-7773,14913,12
2026-09-21T09:06:17.643321113Z,3.043958,112.784867,Cloud to Ground,38620,0,8
2026-09-21T09:06:17.857378239Z,15.683761,121.23645,Cloud to Cloud,-12929,11681,6
2026-09-21T09:06:18.436008187Z,22.32359,112.013315,Cloud to Cloud,-80217,3021,13
2026-09-21T09:06:18.481252430Z,22.352652,111.961768,Cloud to Cloud,-13828,7048,10
2026-09-21T09:06:18.533802691Z,22.325991,111.992311,Cloud to Ground,95296,0,18
2026-09-21T09:06:19.084189630Z,7.436058,125.583013,Cloud to Cloud,15925,3088,7
2026-09-21T09:06:19.911776533Z,15.851359,121.273952,Cloud to Ground,-37136,0,7
2026-09-21T09:06:19.048835261Z,10.542378,124.172522,Cloud to Ground,-57667,0,23
2026-09-21T09:06:19.106637365Z,10.574245,124.205047,Cloud to Ground,-26247,0,9
2026-09-21T09:06:19.952031768Z,10.003682,124.414737,Cloud to Ground,-22172,0,7
2026-09-21T09:06:19.126697313Z,15.693514,121.297356,Cloud to Ground,-6847,0,8
2026-09-21T09:06:20.735560000Z,14.0432,121.6021,Cloud to Ground,-54824,0,7
2026-09-21T09:06:20.816674452Z,14.019727,121.63332,Cloud to Ground,-31680,0,7
2026-09-21T09:06:20.832601051Z,14.006956,121.633209,Cloud to Ground,-20424,0,10
2026-09-21T09:06:20.759469586Z,13.949616,121.692061,Cloud to Cloud,-18003,9962,8
2026-09-21T09:06:20.796305000Z,14.0438,121.5437,Cloud to Ground,-8404,0,7
2026-09-21T09:06:20.792825055Z,15.662775,121.205869,Cloud to Cloud,-6238,18896,5
2026-09-21T09:06:21.189899574Z,22.417914,110.576247,Cloud to Ground,-18376,0,5
2026-09-21T09:06:22.993074967Z,2.102315,115.971884,Cloud to Ground,18373,0,18
2026-09-21T09:06:23.815845645Z,9.82145,126.215945,Cloud to Cloud,7469,16650,7
2026-09-21T09:06:23.509969887Z,8.267427,132.99681,Cloud to Ground,-18773,0,11
2026-09-21T09:06:24.091684327Z,8.240004,133.046754,Cloud to Ground,-12637,0,11
2026-09-21T09:06:23.545531203Z,15.686763,121.232339,Cloud to Ground,-18039,0,10
2026-09-21T09:06:23.425097342Z,15.698267,121.268326,Cloud to Ground,9676,0,12
2026-09-21T09:06:25.554435777Z,22.542282,111.360017,Cloud to Ground,-22246,0,7
2026-09-21T09:06:26.828556254Z,2.844087,113.467981,Cloud to Ground,18707,0,12
2026-09-21T09:06:26.770755413Z,2.874745,113.506649,Cloud to Ground,59118,0,12
2026-09-21T09:06:26.715362000Z,13.0264,123.7551,Cloud to Ground,13307,0,7
2026-09-21T09:06:27.258545683Z,7.847136,126.12821,Cloud to Ground,-38320,0,11
2026-09-21T09:06:27.846109775Z,15.604912,121.243404,Cloud to Cloud,2113,3002,7
2026-09-21T09:06:27.124928428Z,16.257009,120.481287,Cloud to Cloud,13472,3012,6
2026-09-21T09:06:27.105530270Z,12.943514,123.922599,Cloud to Cloud,18363,14199,8
2026-09-21T09:06:28.578933495Z,1.813883,114.074145,Cloud to Ground,-13170,0,11
2026-09-21T09:06:28.400885000Z,14.6356,121.2582,Cloud to Ground,-24651,0,6
2026-09-21T09:06:28.737019393Z,14.620476,121.349864,Cloud to Ground,-21788,0,12
2026-09-21T09:06:28.558023942Z,14.618465,121.350422,Cloud to Ground,-14171,0,10
2026-09-21T09:06:28.595522052Z,14.617774,121.322739,Cloud to Cloud,-9236,5232,7
2026-09-21T09:06:28.483854144Z,14.613165,121.347413,Cloud to Cloud,-5675,16701,7
2026-09-21T09:06:29.604057055Z,22.655097,111.185456,Cloud to Ground,-10678,0,5
2026-09-21T09:06:29.505130993Z,22.583143,111.240975,Cloud to Cloud,10936,7491,5
2026-09-21T09:06:29.605697274Z,22.568251,111.267918,Cloud to Ground,33077,0,10
2026-09-21T09:06:29.499681081Z,22.582762,111.244021,Cloud to Ground,53277,0,13
2026-09-21T09:06:30.771145820Z,2.254553,117.441309,Cloud to Ground,-15764,0,12
2026-09-21T09:06:30.771718053Z,2.253776,117.463787,Cloud to Ground,10791,0,9
2026-09-21T09:06:30.893753184Z,2.181261,117.461375,Cloud to Ground,25315,0,13
2026-09-21T09:06:30.636956030Z,15.638241,121.329713,Cloud to Cloud,12467,17620,7
2026-09-21T09:06:31.711456245Z,15.666419,121.258505,Cloud to Cloud,7624,19103,11
2026-09-21T09:06:32.545361424Z,22.583787,111.534774,Cloud to Ground,-12487,0,7
2026-09-21T09:06:33.721869767Z,9.930742,124.322656,Cloud to Cloud,19759,17636,6
2026-09-21T09:06:33.013188827Z,14.141307,121.352992,Cloud to Cloud,4477,18244,5
2026-09-21T09:06:33.563917974Z,13.864559,121.670873,Cloud to Cloud,-13509,17799,7
2026-09-21T09:06:33.301843312Z,13.904131,121.651235,Cloud to Cloud,3829,17023,5
2026-09-21T09:06:33.314187818Z,13.91342,121.650302,Cloud to Cloud,4791,12473,5
2026-09-21T09:06:34.067801684Z,16.069318,120.874289,Cloud to Cloud,-7333,16131,8
2026-09-21T09:06:34.977484400Z,15.59492,121.298244,Cloud to Cloud,21582,18594,10
2026-09-21T09:06:34.229554000Z,10.0804,124.4597,Cloud to Ground,-15116,0,5
2026-09-21T09:06:35.086466650Z,1.960569,114.079533,Cloud to Ground,-12305,0,8
2026-09-21T09:06:36.051190082Z,22.562661,111.512623,Cloud to Cloud,23004,3009,7
2026-09-21T09:06:36.467763442Z,15.676112,121.275979,Cloud to Cloud,4925,19018,5
2026-09-21T09:06:37.352277941Z,8.198662,133.093751,Cloud to Ground,14412,0,7
2026-09-21T09:06:38.402899462Z,15.604369,121.280189,Cloud to Cloud,-9560,8967,7
2026-09-21T09:06:38.402219781Z,15.698914,121.232794,Cloud to Ground,-17489,0,13
2026-09-21T09:06:38.090917639Z,15.717003,121.232736,Cloud to Ground,-17040,0,12
2026-09-21T09:06:38.281728812Z,15.741797,121.240425,Cloud to Ground,-15077,0,11
2026-09-21T09:06:38.156235104Z,15.694844,121.243575,Cloud to Ground,-12904,0,12
2026-09-21T09:06:38.535648201Z,15.699347,121.239938,Cloud to Ground,-10529,0,12
2026-09-21T09:06:38.284403174Z,15.716748,121.26153,Cloud to Ground,-9037,0,7
2026-09-21T09:06:38.127160328Z,22.401011,112.103229,Cloud to Cloud,11938,10506,7
2026-09-21T09:06:39.784875351Z,1.80446,114.090713,Cloud to Ground,-11521,0,11
2026-09-21T09:06:39.676140096Z,15.678856,121.190236,Cloud to Cloud,-8216,17995,6
2026-09-21T09:06:39.720177233Z,15.67935,121.208024,Cloud to Cloud,-3655,19967,7
2026-09-21T09:06:39.818105417Z,15.596941,121.231825,Cloud to Cloud,2251,19567,6
2026-09-21T09:06:39.602604482Z,15.651642,121.098358,Cloud to Cloud,-6385,7733,8
2026-09-21T09:06:39.648435000Z,17.613771,120.961804,Cloud to Cloud,10002,11008,8
2026-09-21T09:06:40.670413657Z,15.708489,121.253348,Cloud to Ground,-11431,0,8
2026-09-21T09:06:41.649468610Z,9.813922,126.253451,Cloud to Cloud,10530,17630,7
2026-09-21T09:06:41.478743193Z,8.203424,133.529613,Cloud to Cloud,-10605,3113,19
2026-09-21T09:06:41.484223314Z,8.113447,133.360274,Cloud to Ground,-157156,0,23
2026-09-21T09:06:41.849790390Z,8.106457,133.417287,Cloud to Ground,-21117,0,32
2026-09-21T09:06:41.909446110Z,8.085124,133.424958,Cloud to Cloud,21629,9427,12
2026-09-21T09:06:41.336858526Z,12.939227,124.012829,Cloud to Cloud,14291,15804,7
2026-09-21T09:06:42.261798820Z,7.49012,125.539704,Cloud to Cloud,-10611,19296,12
2026-09-21T09:06:42.672662500Z,14.019264,121.569771,Cloud to Cloud,-18086,4625,7
2026-09-21T09:06:42.626927081Z,14.016838,121.617232,Cloud to Cloud,-13359,5594,9
2026-09-21T09:06:43.401718505Z,22.620157,111.189491,Cloud to Cloud,15968,7195,7
2026-09-21T09:06:43.651417104Z,22.576269,111.196025,Cloud to Cloud,17729,9470,6
2026-09-21T09:06:44.087821454Z,13.473552,122.67042,Cloud to Ground,-20045,0,14
2026-09-21T09:06:44.066878800Z,15.679844,121.225069,Cloud to Cloud,8142,18783,6
2026-09-21T09:06:44.835087710Z,22.601445,111.539605,Cloud to Ground,29169,0,7
2026-09-21T09:06:44.840618063Z,22.448909,111.409923,Cloud to Cloud,-25589,7318,7
2026-09-21T09:06:45.131168948Z,9.819368,126.448916,Cloud to Ground,-48899,0,8
2026-09-21T09:06:45.193720718Z,9.848472,126.280855,Cloud to Ground,-32401,0,17
2026-09-21T09:06:45.191929664Z,10.013206,124.432556,Cloud to Ground,-19022,0,6
2026-09-21T09:06:45.137569165Z,10.083679,124.361574,Cloud to Ground,-31384,0,25
2026-09-21T09:06:45.727925000Z,10.0341,124.2895,Cloud to Ground,-19728,0,5
2026-09-21T09:06:46.590863000Z,7.5896,126.1983,Cloud to Ground,-1683,0,7
2026-09-21T09:06:47.047774933Z,12.969553,123.799212,Cloud to Ground,19211,0,12
2026-09-21T09:06:49.675306084Z,5.248862,116.539015,Cloud to Ground,-15797,0,27
2026-09-21T09:06:49.716269012Z,5.226448,116.654575,Cloud to Cloud,8736,3451,7
2026-09-21T09:06:49.482131806Z,5.220324,116.639331,Cloud to Ground,47550,0,14
2026-09-21T09:06:51.924027248Z,7.402442,125.966488,Cloud to Ground,-23536,0,11
2026-09-21T09:06:51.761738383Z,15.710665,121.299753,Cloud to Cloud,-14931,15907,7
2026-09-21T09:06:52.566921655Z,8.26048,124.465068,Cloud to Ground,-17538,0,8
2026-09-21T09:06:53.303589005Z,15.583106,121.250937,Cloud to Cloud,10309,17137,8
2026-09-21T09:06:53.467540016Z,15.581878,121.26215,Cloud to Cloud,17055,6171,6
2026-09-21T09:06:53.093502254Z,15.658769,121.19973,Cloud to Cloud,-12005,19858,8
2026-09-21T09:06:53.213149197Z,13.011229,124.100378,Cloud to Cloud,11499,3001,8
2026-09-21T09:06:53.632506459Z,22.490867,111.404399,Cloud to Cloud,-14377,4246,5
2026-09-21T09:06:54.668910053Z,10.152057,124.325711,Cloud to Ground,45441,0,9
2026-09-21T09:06:54.179537688Z,10.491509,122.87261,Cloud to Ground,-15304,0,8
2026-09-21T09:06:54.842862097Z,22.237258,111.644306,Cloud to Ground,-22491,0,7
2026-09-21T09:06:54.622983000Z,8.2899,133.3512,Cloud to Ground,16513,0,6
2026-09-21T09:06:56.420328883Z,15.6745,121.212723,Cloud to Cloud,-3033,17537,6
2026-09-21T09:06:56.170424058Z,15.670043,121.236732,Cloud to Cloud,6438,7640,6
2026-09-21T09:06:57.305833669Z,22.457592,110.580944,Cloud to Ground,-13314,0,5
2026-09-21T09:06:57.852666650Z,22.593475,111.476239,Cloud to Cloud,24645,14569,10
2026-09-21T09:06:58.399726572Z,15.723302,121.214496,Cloud to Ground,-25229,0,9
2026-09-21T09:06:58.359780884Z,15.723059,121.222438,Cloud to Ground,-19246,0,10
2026-09-21T09:06:58.540340475Z,15.676081,121.238639,Cloud to Ground,-12716,0,9
2026-09-21T09:06:58.624631662Z,15.656328,121.322631,Cloud to Cloud,-12713,9871,8
2026-09-21T09:06:58.422383222Z,15.726065,121.21998,Cloud to Ground,-10582,0,10
2026-09-21T09:06:58.679534270Z,15.672405,121.245222,Cloud to Ground,-9249,0,8
2026-09-21T09:06:58.623461812Z,15.674478,121.230296,Cloud to Ground,-7862,0,9
2026-09-21T09:06:59.164661960Z,9.846584,126.425855,Cloud to Ground,36597,0,7
2026-09-21T09:06:59.940782159Z,22.421626,111.417815,Cloud to Ground,-18599,0,8
2026-09-21T09:07:00.044165324Z,15.676952,121.292232,Cloud to Cloud,-8146,19452,14
2026-09-21T09:06:59.691688262Z,15.711586,121.31961,Cloud to Cloud,6816,18910,9
2026-09-21T09:06:59.761468481Z,15.712985,121.316999,Cloud to Cloud,12482,17416,9
2026-09-21T09:07:02.238399945Z,15.673945,121.249999,Cloud to Cloud,-4848,5618,8
2026-09-21T09:07:02.258447897Z,22.551302,111.378229,Cloud to Cloud,14308,3022,9
2026-09-21T09:07:03.118719992Z,9.818645,126.431377,Cloud to Ground,37543,0,12
2026-09-21T09:07:02.748095479Z,4.207525,114.862147,Cloud to Cloud,-23159,4674,10
2026-09-21T09:07:02.796728754Z,4.215454,114.838529,Cloud to Cloud,-19338,9059,7
2026-09-21T09:07:03.732005948Z,4.149533,114.805193,Cloud to Ground,10693,0,10
2026-09-21T09:07:03.190644714Z,4.152311,114.807878,Cloud to Ground,19101,0,12
2026-09-21T09:07:03.280313242Z,15.724837,121.255913,Cloud to Cloud,6592,19351,9
2026-09-21T09:07:04.979994046Z,22.518112,111.555864,Cloud to Ground,37657,0,9
2026-09-21T09:07:05.698173781Z,1.797393,114.089501,Cloud to Ground,-15095,0,13
2026-09-21T09:07:06.203760342Z,8.096278,134.548953,Cloud to Ground,-13570,0,12
2026-09-21T09:07:06.740980416Z,22.624405,111.206012,Cloud to Ground,96400,0,9
2026-09-21T09:07:06.867670092Z,22.528639,111.906632,Cloud to Ground,-18278,0,9
2026-09-21T09:07:07.957178219Z,15.625253,121.194798,Cloud to Cloud,3317,10914,7
2026-09-21T09:07:07.611420653Z,15.677392,121.281404,Cloud to Cloud,2872,19955,5
2026-09-21T09:07:07.589745440Z,15.673893,121.290484,Cloud to Cloud,5414,7166,9
2026-09-21T09:07:07.583546000Z,8.1343,133.4752,Cloud to Ground,7604,0,5
2026-09-21T09:07:09.157114467Z,15.720449,121.295246,Cloud to Cloud,-9120,6678,7
2026-09-21T09:07:10.818460381Z,8.249166,132.995958,Cloud to Ground,-21099,0,12
2026-09-21T09:07:10.364178333Z,14.007525,121.641223,Cloud to Cloud,5518,8808,5
2026-09-21T09:07:10.560987447Z,13.861705,121.711091,Cloud to Ground,20209,0,10
2026-09-21T09:07:10.787287999Z,22.151121,111.898141,Cloud to Cloud,-19122,3004,8
2026-09-21T09:07:10.829568027Z,22.133565,111.946559,Cloud to Ground,55560,0,12
2026-09-21T09:07:10.532001034Z,10.344595,129.491052,Cloud to Cloud,-26755,10169,8
2026-09-21T09:07:11.385973512Z,8.250117,133.195282,Cloud to Ground,15284,0,8
2026-09-21T09:07:10.901415866Z,8.321999,133.17229,Cloud to Cloud,21211,5072,7
2026-09-21T09:07:11.130885421Z,15.656885,121.249693,Cloud to Cloud,-4768,13638,6
2026-09-21T09:07:11.005464818Z,15.655931,121.233227,Cloud to Cloud,-4630,6204,7
2026-09-21T09:07:11.084003564Z,15.662473,121.239895,Cloud to Cloud,3367,5348,8
2026-09-21T09:07:11.340492649Z,15.590113,121.266997,Cloud to Cloud,4748,8254,6
2026-09-21T09:07:11.258245159Z,15.661166,121.2511,Cloud to Cloud,6067,19191,6
2026-09-21T09:07:12.389587357Z,1.763346,114.195579,Cloud to Ground,-25768,0,7
2026-09-21T09:07:13.200997514Z,15.67901,121.241669,Cloud to Ground,-27229,0,8
2026-09-21T09:07:13.266833157Z,15.684747,121.257879,Cloud to Ground,-24011,0,12
2026-09-21T09:07:13.527883853Z,15.686181,121.261194,Cloud to Ground,-18366,0,11
2026-09-21T09:07:13.429162561Z,15.683144,121.260161,Cloud to Ground,-18337,0,13
2026-09-21T09:07:13.118138418Z,15.693505,121.337347,Cloud to Cloud,-17600,8882,8
2026-09-21T09:07:13.348753484Z,15.68096,121.25979,Cloud to Ground,-14838,0,13
2026-09-21T09:07:12.283154071Z,15.769545,121.261988,Cloud to Ground,-12708,0,11
2026-09-21T09:07:13.589818493Z,15.687959,121.265559,Cloud to Ground,-9438,0,11
2026-09-21T09:07:12.485917090Z,15.768489,121.272308,Cloud to Cloud,-5279,19503,9
2026-09-21T09:07:13.159052955Z,15.743059,121.241449,Cloud to Cloud,12419,3027,6
2026-09-21T09:07:14.051908468Z,10.178973,124.124023,Cloud to Ground,-26556,0,8
2026-09-21T09:07:14.161409000Z,10.1501,124.1406,Cloud to Ground,3044,0,7
2026-09-21T09:07:15.841804414Z,2.694781,114.563422,Cloud to Ground,-15347,0,7
2026-09-21T09:07:15.814997600Z,2.672258,114.470498,Cloud to Ground,-23109,0,19
2026-09-21T09:07:15.765062620Z,6.48278,125.252418,Cloud to Ground,9275,0,11
2026-09-21T09:07:15.741751230Z,6.489395,125.272631,Cloud to Ground,36590,0,17
2026-09-21T09:07:15.346883364Z,22.230014,120.089054,Cloud to Cloud,15359,4091,6
2026-09-21T09:07:16.217703000Z,15.7602,121.0328,Cloud to Ground,-9235,0,6
2026-09-21T09:07:19.669149030Z,13.891898,121.647312,Cloud to Ground,-27317,0,7
2026-09-21T09:07:19.770308642Z,13.898608,121.67519,Cloud to Ground,-13288,0,10
2026-09-21T09:07:19.314409000Z,10.3412,126.316,Cloud to Ground,671,0,6
2026-09-21T09:07:19.312581508Z,10.305222,126.350826,Cloud to Ground,24043,0,10
2026-09-21T09:07:20.933661080Z,15.715778,121.30411,Cloud to Cloud,-5056,12135,10
2026-09-21T09:07:21.033853714Z,9.665708,127.238643,Cloud to Ground,-112163,0,10
2026-09-21T09:07:21.537187048Z,9.743178,127.12437,Cloud to Ground,-47523,0,12
2026-09-21T09:07:21.336964000Z,9.7395,127.1606,Cloud to Ground,-28883,0,8
2026-09-21T09:07:21.101225245Z,22.909257,110.670032,Cloud to Ground,-22457,0,7
2026-09-21T09:07:21.076965880Z,22.909649,110.661162,Cloud to Cloud,-22303,3033,6
2026-09-21T09:07:21.080549403Z,22.8812,110.688714,Cloud to Ground,-16748,0,7
2026-09-21T09:07:23.249649205Z,5.139555,116.608214,Cloud to Ground,-29412,0,26
2026-09-21T09:07:23.271210064Z,5.195768,116.659927,Cloud to Ground,-19179,0,7
2026-09-21T09:07:23.097774625Z,4.106795,114.944477,Cloud to Ground,-36816,0,21
2026-09-21T09:07:23.147932863Z,22.518196,111.282381,Cloud to Cloud,-29038,6374,7
2026-09-21T09:07:23.052567854Z,22.557117,111.242371,Cloud to Ground,52129,0,16
2026-09-21T09:07:24.355016695Z,15.7372,121.207135,Cloud to Ground,-28858,0,13
2026-09-21T09:07:24.137476916Z,15.744302,121.214686,Cloud to Ground,-19050,0,10
2026-09-21T09:07:24.270853457Z,15.794604,121.23349,Cloud to Cloud,-13211,19926,9
2026-09-21T09:07:24.093961909Z,15.739552,121.218206,Cloud to Ground,-12958,0,14
2026-09-21T09:07:24.118930052Z,15.745803,121.229568,Cloud to Ground,-10428,0,9
2026-09-21T09:07:24.355559361Z,15.71496,121.248761,Cloud to Cloud,24120,11613,8
2026-09-21T09:07:25.698378859Z,15.708654,121.269576,Cloud to Cloud,-5582,10395,8
2026-09-21T09:07:26.733315873Z,8.22031,133.014307,Cloud to Ground,-17133,0,23
2026-09-21T09:07:26.790882505Z,8.261788,132.995618,Cloud to Ground,-11145,0,23
2026-09-21T09:07:26.905221663Z,8.219629,133.188255,Cloud to Ground,10556,0,9
2026-09-21T09:07:26.004119660Z,22.459643,111.470549,Cloud to Ground,-19209,0,7
2026-09-21T09:07:27.000033428Z,13.264302,123.710134,Cloud to Cloud,7589,3862,8
2026-09-21T09:07:26.843183048Z,13.262615,123.759608,Cloud to Cloud,10343,16822,7
2026-09-21T09:07:26.844351194Z,13.185009,123.744677,Cloud to Cloud,14201,3205,9
2026-09-21T09:07:26.887568412Z,13.248837,123.773871,Cloud to Ground,43919,0,14
2026-09-21T09:07:27.971496809Z,17.931698,120.71746,Cloud to Cloud,8130,5476,7
2026-09-21T09:07:28.636418736Z,1.750562,114.120819,Cloud to Ground,-15160,0,10
2026-09-21T09:07:30.116919073Z,9.978593,124.249845,Cloud to Ground,-17126,0,12
2026-09-21T09:07:30.376158328Z,9.986838,124.416285,Cloud to Ground,-27827,0,11
2026-09-21T09:07:30.052770558Z,10.001109,124.423682,Cloud to Ground,-24646,0,10
2026-09-21T09:07:30.206506122Z,9.992456,124.424353,Cloud to Ground,-24451,0,8
2026-09-21T09:07:30.402949393Z,9.705776,126.479105,Cloud to Cloud,-28053,17731,8
2026-09-21T09:07:30.532676990Z,9.821963,126.471827,Cloud to Ground,-15919,0,5
2026-09-21T09:07:30.484558330Z,9.835849,126.335102,Cloud to Ground,-37506,0,28
2026-09-21T09:07:30.433126393Z,9.811579,126.326654,Cloud to Ground,-25978,0,16
2026-09-21T09:07:30.427103304Z,9.795596,126.349216,Cloud to Ground,-15410,0,8
2026-09-21T09:07:30.247082144Z,1.954154,113.866768,Cloud to Ground,-13354,0,12
2026-09-21T09:07:30.998204423Z,15.730785,121.291166,Cloud to Ground,-12230,0,9
2026-09-21T09:07:31.038900745Z,15.733923,121.292751,Cloud to Cloud,5388,3299,7
2026-09-21T09:07:31.288918158Z,15.738892,121.317477,Cloud to Cloud,12781,17046,8
2026-09-21T09:07:31.009788285Z,15.65571,121.332859,Cloud to Cloud,18414,19745,9
2026-09-21T09:07:30.734308576Z,13.943499,121.651756,Cloud to Ground,24709,0,8
2026-09-21T09:07:31.959035487Z,9.812248,126.452808,Cloud to Ground,36647,0,8
2026-09-21T09:07:33.623724621Z,2.192396,115.963091,Cloud to Ground,-39814,0,21
2026-09-21T09:07:33.581564190Z,2.229179,115.863461,Cloud to Cloud,-10827,10470,19
2026-09-21T09:07:33.824900119Z,22.551885,111.533806,Cloud to Ground,34661,0,9
2026-09-21T09:07:33.378742456Z,22.356601,110.67311,Cloud to Ground,-18808,0,6
2026-09-21T09:07:34.070566388Z,22.256555,111.656328,Cloud to Ground,23658,0,10
2026-09-21T09:07:36.893415189Z,10.0636,124.382196,Cloud to Cloud,-5658,9729,5
2026-09-21T09:07:38.919994848Z,8.23999,133.046296,Cloud to Ground,-13825,0,15
2026-09-21T09:07:38.617992513Z,10.461836,122.926378,Cloud to Cloud,8635,18819,6
2026-09-21T09:07:39.986010981Z,15.667695,121.257119,Cloud to Ground,-14517,0,13
2026-09-21T09:07:39.651856752Z,22.597476,111.52185,Cloud to Ground,-15117,0,6
2026-09-21T09:07:40.129453642Z,4.310972,114.770807,Cloud to Ground,-23256,0,15
2026-09-21T09:07:40.523814556Z,4.172486,114.824467,Cloud to Cloud,-13569,3820,18
2026-09-21T09:07:40.595735019Z,4.168054,114.882501,Cloud to Cloud,23943,3203,13
2026-09-21T09:07:40.178129996Z,4.153542,114.912207,Cloud to Cloud,30353,17768,14
2026-09-21T09:07:40.864642580Z,22.482717,111.39354,Cloud to Cloud,-28736,3003,11
2026-09-21T09:07:40.855890799Z,22.473573,111.385539,Cloud to Ground,-24557,0,7
2026-09-21T09:07:40.892921200Z,22.525793,111.36344,Cloud to Cloud,-18511,14194,7
2026-09-21T09:07:41.249901610Z,15.498158,121.04729,Cloud to Cloud,-2669,14737,7
2026-09-21T09:07:42.063232946Z,1.093341,113.651214,Cloud to Ground,-28217,0,22
2026-09-21T09:07:42.995072262Z,14.089676,121.673969,Cloud to Cloud,4628,19914,5
2026-09-21T09:07:43.876033383Z,13.027604,123.979139,Cloud to Ground,-31946,0,12
2026-09-21T09:07:43.651694187Z,13.029391,123.978525,Cloud to Ground,-29979,0,8
2026-09-21T09:07:43.582088894Z,13.014009,123.962336,Cloud to Ground,-29961,0,10
2026-09-21T09:07:44.058636668Z,13.026826,123.972507,Cloud to Ground,-28555,0,7
2026-09-21T09:07:44.172874802Z,13.03185,123.985338,Cloud to Ground,-24400,0,7
2026-09-21T09:07:44.542717536Z,13.034743,123.982393,Cloud to Ground,-18409,0,7
2026-09-21T09:07:44.416722223Z,13.028197,123.976298,Cloud to Ground,-9545,0,6
2026-09-21T09:07:43.598205307Z,12.996348,123.966405,Cloud to Ground,-8274,0,6
2026-09-21T09:07:43.773147601Z,12.998,123.962742,Cloud to Ground,-7074,0,5
2026-09-21T09:07:44.063159225Z,13.045841,123.955989,Cloud to Ground,-7028,0,7
2026-09-21T09:07:44.380220202Z,13.029747,123.978255,Cloud to Ground,-6885,0,5
2026-09-21T09:07:43.775020959Z,13.009343,123.972583,Cloud to Ground,-5908,0,5
2026-09-21T09:07:43.771992000Z,13.0488,123.7775,Cloud to Ground,-28253,0,5
2026-09-21T09:07:44.166193732Z,15.591947,121.280813,Cloud to Cloud,14669,3004,7
2026-09-21T09:07:44.298824155Z,12.898228,123.866451,Cloud to Cloud,-13907,3983,8
2026-09-21T09:07:46.372533908Z,15.691659,121.17948,Cloud to Cloud,-2508,15017,6
2026-09-21T09:07:47.324936493Z,22.446581,111.639618,Cloud to Cloud,-21786,4978,7
2026-09-21T09:07:48.718011858Z,3.872706,114.906981,Cloud to Ground,63642,0,23
2026-09-21T09:07:48.094334996Z,13.948781,121.6662,Cloud to Cloud,-26637,4304,11
2026-09-21T09:07:48.198393399Z,14.016479,121.582516,Cloud to Ground,-15593,0,8
2026-09-21T09:07:48.127824907Z,14.016638,121.638068,Cloud to Ground,-11482,0,10
2026-09-21T09:07:48.795307014Z,15.710903,121.23995,Cloud to Ground,-8906,0,8
2026-09-21T09:07:48.796425284Z,15.714459,121.309774,Cloud to Cloud,20338,9494,9
2026-09-21T09:07:50.766885057Z,8.084041,133.402537,Cloud to Ground,-54825,0,25
2026-09-21T09:07:51.175376150Z,8.088272,133.479878,Cloud to Ground,-30430,0,18
2026-09-21T09:07:50.757035119Z,8.098528,133.553107,Cloud to Ground,-23975,0,16
2026-09-21T09:07:51.483939700Z,8.066783,133.392151,Cloud to Ground,-18233,0,14
2026-09-21T09:07:51.264050390Z,8.082006,133.375854,Cloud to Ground,-17722,0,19
2026-09-21T09:07:50.775467830Z,8.078116,133.410573,Cloud to Ground,-17610,0,15
2026-09-21T09:07:51.300912959Z,8.081696,133.385519,Cloud to Ground,-14222,0,18
2026-09-21T09:07:50.757462692Z,8.102075,133.572065,Cloud to Cloud,-9824,5893,22
2026-09-21T09:07:51.516463297Z,15.684735,121.2052,Cloud to Cloud,-5196,4264,6
2026-09-21T09:07:52.864596977Z,15.064717,111.964993,Cloud to Ground,29699,0,14
2026-09-21T09:07:52.865870106Z,15.071212,112.068895,Cloud to Cloud,13410,6553,9
2026-09-21T09:07:53.295703294Z,9.953369,124.428303,Cloud to Ground,-25000,0,6
2026-09-21T09:07:55.513873906Z,10.220317,124.309257,Cloud to Cloud,-9643,14476,7
2026-09-21T09:07:57.012967894Z,2.912981,114.571186,Cloud to Ground,-14358,0,19
2026-09-21T09:07:57.851704597Z,4.225459,114.848921,Cloud to Cloud,-8885,5816,16
2026-09-21T09:07:57.848279857Z,4.144115,114.822455,Cloud to Cloud,17141,15526,11
2026-09-21T09:07:58.020768017Z,22.509009,111.585906,Cloud to Cloud,20439,16223,8
2026-09-21T09:07:58.151096305Z,22.557041,111.540142,Cloud to Cloud,21487,3005,8
2026-09-21T09:07:59.886159583Z,22.674166,111.331889,Cloud to Cloud,16353,3767,7
2026-09-21T09:08:00.005045652Z,22.614984,111.190183,Cloud to Ground,36417,0,10
2026-09-21T09:07:59.954600728Z,22.516017,111.262345,Cloud to Ground,39026,0,8
2026-09-21T09:07:59.818081169Z,22.57954,111.249138,Cloud to Ground,61120,0,16
2026-09-21T09:07:59.500799429Z,15.690675,121.251757,Cloud to Ground,-13489,0,9
2026-09-21T09:07:58.916189258Z,15.691947,121.252233,Cloud to Ground,-13052,0,9
2026-09-21T09:07:59.234493604Z,15.669498,121.206113,Cloud to Ground,-8327,0,8
2026-09-21T09:07:59.363834149Z,15.689406,121.258174,Cloud to Cloud,-6043,14889,5
2026-09-21T09:08:00.682248442Z,8.290429,134.731384,Cloud to Ground,-13522,0,14
2026-09-21T09:08:00.616378121Z,8.301821,134.565517,Cloud to Ground,-20225,0,32
2026-09-21T09:08:00.665041165Z,8.384261,134.64183,Cloud to Ground,-17919,0,21
2026-09-21T09:08:00.235367672Z,8.309046,134.594034,Cloud to Ground,-12454,0,17
2026-09-21T09:08:00.238771850Z,8.225881,134.511417,Cloud to Cloud,-20215,6639,11
2026-09-21T09:08:00.602956123Z,15.654039,121.226101,Cloud to Cloud,-4181,18406,8
2026-09-21T09:08:00.567019172Z,15.674745,121.215207,Cloud to Cloud,10199,18368,9
2026-09-21T09:08:02.233022705Z,9.811259,126.430919,Cloud to Ground,23170,0,8
2026-09-21T09:08:02.456052499Z,22.182893,111.976193,Cloud to Cloud,-15767,11807,10
2026-09-21T09:08:03.776579619Z,22.981373,110.823468,Cloud to Ground,-28458,0,10
2026-09-21T09:08:03.633736239Z,16.033919,120.860748,Cloud to Cloud,-6403,14360,7
2026-09-21T09:08:04.085699835Z,10.218392,124.342884,Cloud to Ground,-40710,0,8
2026-09-21T09:08:04.310234862Z,10.215803,124.341071,Cloud to Ground,-17725,0,6
2026-09-21T09:08:04.259930000Z,10.2468,124.1428,Cloud to Ground,-36352,0,7
2026-09-21T09:08:04.482726000Z,10.2782,124.1285,Cloud to Ground,-20139,0,5
2026-09-21T09:08:05.986640119Z,22.215146,120.066455,Cloud to Cloud,-6106,5309,6
2026-09-21T09:08:05.765763331Z,22.241041,120.072267,Cloud to Ground,57243,0,15
2026-09-21T09:08:05.254987517Z,15.696825,121.224994,Cloud to Cloud,12607,17846,7
2026-09-21T09:08:06.790662461Z,12.981324,123.973817,Cloud to Ground,-35411,0,7
2026-09-21T09:08:07.500069539Z,8.234649,133.068525,Cloud to Ground,-26204,0,24
2026-09-21T09:08:07.746615472Z,15.703958,121.293318,Cloud to Cloud,-10798,5967,7
2026-09-21T09:08:08.962810026Z,2.109146,115.965272,Cloud to Ground,-33014,0,12
2026-09-21T09:08:09.067091649Z,2.081139,115.953391,Cloud to Ground,32354,0,22
2026-09-21T09:08:08.982310514Z,2.104618,115.958041,Cloud to Ground,56061,0,27
2026-09-21T09:08:09.742326207Z,8.251011,132.975679,Cloud to Ground,-24282,0,36
2026-09-21T09:08:09.869869317Z,8.316588,133.032745,Cloud to Ground,-11809,0,10
2026-09-21T09:08:09.858136839Z,14.005763,121.640935,Cloud to Cloud,5779,16688,5
2026-09-21T09:08:09.815037022Z,13.995818,121.641146,Cloud to Cloud,11649,17811,9
2026-09-21T09:08:09.088991771Z,15.589782,121.27588,Cloud to Cloud,12537,10734,10
2026-09-21T09:08:10.046131589Z,9.819433,126.485703,Cloud to Ground,-16251,0,8
2026-09-21T09:08:10.021197999Z,9.80806,126.285759,Cloud to Ground,-25845,0,14
2026-09-21T09:08:10.319698489Z,9.82226,126.329829,Cloud to Ground,-11841,0,15
2026-09-21T09:08:10.700962570Z,15.64773,121.220566,Cloud to Cloud,-4668,4325,6
2026-09-21T09:08:10.066578341Z,15.709776,121.18496,Cloud to Cloud,8100,19127,6
2026-09-21T09:08:11.311598845Z,15.733289,121.375442,Cloud to Cloud,12255,8712,13
2026-09-21T09:08:11.365140573Z,22.530624,111.428007,Cloud to Ground,28928,0,12
2026-09-21T09:08:12.115873626Z,13.845164,121.692534,Cloud to Cloud,14518,15446,9
2026-09-21T09:08:12.117387412Z,13.895204,121.648502,Cloud to Ground,28585,0,13
2026-09-21T09:08:14.782758917Z,5.240687,116.676912,Cloud to Ground,13952,0,11
2026-09-21T09:08:14.318409529Z,10.017481,124.423863,Cloud to Ground,-38423,0,11
2026-09-21T09:08:14.701942083Z,10.019454,124.452599,Cloud to Ground,-34956,0,8
2026-09-21T09:08:14.429968145Z,10.000644,124.421613,Cloud to Ground,-30159,0,10
2026-09-21T09:08:14.532337000Z,10.0549,124.3024,Cloud to Ground,-13440,0,9
2026-09-21T09:08:14.353705638Z,15.698374,121.279031,Cloud to Cloud,-16030,8258,6
2026-09-21T09:08:14.524334444Z,15.717307,121.270944,Cloud to Cloud,-13278,3016,6
2026-09-21T09:08:14.318906220Z,22.211736,111.650739,Cloud to Ground,69580,0,8
2026-09-21T09:08:14.195680744Z,22.241365,111.643576,Cloud to Ground,81245,0,16
2026-09-21T09:08:16.134671616Z,15.61626,121.334268,Cloud to Cloud,16025,7985,7
2026-09-21T09:08:16.762166441Z,22.512309,111.425967,Cloud to Ground,-16250,0,6
2026-09-21T09:08:16.822491873Z,22.537934,111.368179,Cloud to Ground,31371,0,8
2026-09-21T09:08:17.639794724Z,5.721132,117.099985,Cloud to Ground,-32512,0,17
2026-09-21T09:08:17.155702705Z,1.764853,114.147784,Cloud to Ground,-37906,0,12
2026-09-21T09:08:18.341162533Z,15.657419,121.247327,Cloud to Cloud,-7660,3519,8
2026-09-21T09:08:18.371289903Z,15.669461,121.238089,Cloud to Cloud,2215,16018,6
2026-09-21T09:08:17.862661184Z,15.583208,121.280979,Cloud to Cloud,18022,5898,7
2026-09-21T09:08:19.033255290Z,22.531311,111.231562,Cloud to Cloud,17033,5315,6
2026-09-21T09:08:19.390061511Z,15.709705,121.279897,Cloud to Cloud,-9546,18535,14
2026-09-21T09:08:21.397658143Z,1.172287,113.775979,Cloud to Cloud,-8934,5475,16
2026-09-21T09:08:21.014590346Z,1.505743,110.089707,Cloud to Ground,33467,0,12
2026-09-21T09:08:21.137783839Z,14.008496,121.59601,Cloud to Ground,-10921,0,9
2026-09-21T09:08:22.976260069Z,5.818844,115.961584,Cloud to Cloud,-22293,13964,13
2026-09-21T09:08:22.191933387Z,13.039632,124.037199,Cloud to Cloud,-5693,5533,5
2026-09-21T09:08:22.165535360Z,13.016271,124.04942,Cloud to Cloud,8882,17711,8
2026-09-21T09:08:22.009735003Z,15.710054,121.223699,Cloud to Cloud,-12157,5528,11
2026-09-21T09:08:21.865908914Z,15.69827,121.193023,Cloud to Cloud,6563,3005,7
2026-09-21T09:08:23.521809921Z,15.718168,121.289353,Cloud to Cloud,6423,17725,5
2026-09-21T09:08:24.840191146Z,1.614791,114.178773,Cloud to Ground,36072,0,20
2026-09-21T09:08:24.385796691Z,16.121467,121.05067,Cloud to Ground,-79603,0,16
2026-09-21T09:08:24.487388364Z,16.120564,121.04794,Cloud to Ground,-42400,0,13
2026-09-21T09:08:24.376954138Z,16.047427,121.089677,Cloud to Cloud,-23144,12215,14
2026-09-21T09:08:24.872093890Z,16.106671,121.036763,Cloud to Cloud,-6846,17889,10
2026-09-21T09:08:24.877421230Z,22.905072,110.780572,Cloud to Cloud,-18046,3005,7
2026-09-21T09:08:24.875631500Z,22.990609,110.700813,Cloud to Cloud,17352,7902,6
2026-09-21T09:08:24.669546685Z,17.651152,120.867015,Cloud to Cloud,10835,12790,6
2026-09-21T09:08:25.828099267Z,15.75068,121.21796,Cloud to Cloud,4416,6440,6
2026-09-21T09:08:26.238208236Z,22.516832,111.532782,Cloud to Ground,45656,0,11
2026-09-21T09:08:27.941036642Z,15.193576,112.686584,Cloud to Cloud,-99127,5694,8
2026-09-21T09:08:27.949557683Z,15.222057,112.759972,Cloud to Ground,-41032,0,9
2026-09-21T09:08:28.024102450Z,15.243016,112.653712,Cloud to Ground,-24122,0,7
2026-09-21T09:08:27.941907215Z,15.210576,112.729914,Cloud to Ground,-23237,0,8
2026-09-21T09:08:27.587547701Z,15.637598,121.229288,Cloud to Ground,-20169,0,7
2026-09-21T09:08:27.559331730Z,15.653957,121.285791,Cloud to Cloud,-13022,4566,7
2026-09-21T09:08:27.666397520Z,15.671916,121.235672,Cloud to Ground,-12704,0,13
2026-09-21T09:08:27.486950055Z,15.611252,121.281887,Cloud to Cloud,-8397,12141,6
2026-09-21T09:08:27.859465844Z,22.390939,110.652129,Cloud to Cloud,20691,3001,7
2026-09-21T09:08:28.990152796Z,13.428815,122.764799,Cloud to Ground,-24521,0,8
2026-09-21T09:08:28.992965774Z,13.438534,122.722148,Cloud to Ground,-7792,0,6
2026-09-21T09:08:28.099865623Z,22.543891,111.540998,Cloud to Cloud,-16356,19995,8
2026-09-21T09:08:29.498646625Z,22.301856,111.610946,Cloud to Cloud,-12717,17820,6
2026-09-21T09:08:29.495191215Z,22.243125,111.665171,Cloud to Ground,18635,0,7
2026-09-21T09:08:31.248417948Z,8.214547,133.054109,Cloud to Ground,-29155,0,24
2026-09-21T09:08:33.724001546Z,22.543031,111.54645,Cloud to Cloud,-15421,15072,7
2026-09-21T09:08:34.785027315Z,14.022738,121.64876,Cloud to Cloud,-8317,17012,8
2026-09-21T09:08:34.835044549Z,14.022287,121.638127,Cloud to Cloud,4736,19694,5
2026-09-21T09:08:34.701280161Z,15.617385,121.265523,Cloud to Cloud,18368,6389,9
2026-09-21T09:08:34.596479735Z,15.702786,121.221338,Cloud to Cloud,-4649,7097,6
2026-09-21T09:08:34.666685336Z,15.699462,121.202557,Cloud to Cloud,-2599,6176,7
2026-09-21T09:08:35.532673821Z,9.879468,127.19578,Cloud to Ground,-24524,0,16
2026-09-21T09:08:35.274503488Z,9.767558,127.24993,Cloud to Ground,-55851,0,8
2026-09-21T09:08:35.391401963Z,9.81841,127.004621,Cloud to Ground,-65678,0,12
2026-09-21T09:08:35.603433475Z,9.769494,127.093523,Cloud to Ground,-30027,0,14
2026-09-21T09:08:35.351933416Z,9.781633,127.100167,Cloud to Ground,-28151,0,33
2026-09-21T09:08:35.535608267Z,9.754577,127.110153,Cloud to Ground,-14836,0,8
2026-09-21T09:08:35.604372736Z,9.804433,127.141896,Cloud to Cloud,-11707,19741,17
2026-09-21T09:08:35.285064904Z,9.773629,127.072295,Cloud to Cloud,7504,12418,7
2026-09-21T09:08:36.190897711Z,15.579762,121.302702,Cloud to Cloud,22053,15579,10
2026-09-21T09:08:36.232872147Z,15.663331,121.248684,Cloud to Cloud,-14563,18535,13
2026-09-21T09:08:37.311517510Z,15.711228,121.298127,Cloud to Cloud,-6012,6803,8
2026-09-21T09:08:37.283530385Z,15.619047,121.364452,Cloud to Cloud,14390,3143,7
2026-09-21T09:08:38.882740922Z,22.832419,113.979937,Cloud to Cloud,-18080,18520,7
2026-09-21T09:08:39.493973469Z,15.64044,121.19595,Cloud to Cloud,-5969,4563,7
2026-09-21T09:08:39.898576681Z,15.70819,121.252355,Cloud to Cloud,-4233,3011,8
2026-09-21T09:08:39.826057844Z,15.696972,121.249872,Cloud to Cloud,7500,18753,8
2026-09-21T09:08:39.866662854Z,15.710971,121.255874,Cloud to Cloud,10033,14629,9
2026-09-21T09:08:39.850372230Z,15.708001,121.249702,Cloud to Cloud,11145,19017,13
2026-09-21T09:08:39.501047881Z,22.501336,111.352018,Cloud to Ground,21733,0,7
2026-09-21T09:08:40.844698500Z,16.134233,120.559548,Cloud to Cloud,34610,19661,8
2026-09-21T09:08:40.825948000Z,16.2331,120.3857,Cloud to Ground,-34319,0,7
2026-09-21T09:08:40.192963828Z,15.028095,110.759963,Cloud to Ground,23549,0,9
2026-09-21T09:08:40.258718145Z,15.049157,110.880275,Cloud to Ground,70632,0,8
2026-09-21T09:08:40.453976703Z,15.116361,110.789154,Cloud to Cloud,-15279,16780,6
2026-09-21T09:08:41.636286260Z,9.942353,124.348374,Cloud to Ground,-23439,0,9
2026-09-21T09:08:41.214753723Z,16.026982,120.837294,Cloud to Ground,-24257,0,14
2026-09-21T09:08:41.264873941Z,16.018588,120.838884,Cloud to Ground,-21112,0,12
2026-09-21T09:08:41.754398653Z,15.674157,121.208358,Cloud to Cloud,-16526,15632,8
2026-09-21T09:08:42.762824514Z,7.782081,123.802248,Cloud to Ground,-53703,0,10
2026-09-21T09:08:43.083921101Z,7.798349,123.807056,Cloud to Ground,-34869,0,8
2026-09-21T09:08:43.161481885Z,7.878175,123.752289,Cloud to Ground,-27050,0,24
2026-09-21T09:08:43.237099144Z,7.876259,123.752498,Cloud to Ground,-26718,0,11
2026-09-21T09:08:42.879250822Z,7.790449,123.756512,Cloud to Ground,-17634,0,14
2026-09-21T09:08:42.829879958Z,7.865743,123.775939,Cloud to Ground,-11017,0,12
2026-09-21T09:08:42.146567202Z,7.881512,123.707994,Cloud to Ground,14482,0,15
2026-09-21T09:08:44.897611021Z,14.789399,121.394382,Cloud to Cloud,16158,6549,8
2026-09-21T09:08:45.935084953Z,8.20653,133.044474,Cloud to Ground,-23107,0,18
2026-09-21T09:08:45.901323190Z,15.663549,121.265285,Cloud to Cloud,3948,4855,5
2026-09-21T09:08:45.851504620Z,15.587512,121.306928,Cloud to Cloud,24496,3004,9
2026-09-21T09:08:46.302957665Z,15.773657,121.272192,Cloud to Cloud,4501,5092,5
2026-09-21T09:08:46.423186714Z,15.772497,121.273951,Cloud to Cloud,7605,17388,7
2026-09-21T09:08:46.924890260Z,10.026287,124.388442,Cloud to Cloud,15442,18032,6
2026-09-21T09:08:47.797321171Z,15.722387,121.164205,Cloud to Cloud,3280,6221,6
2026-09-21T09:08:47.824131376Z,15.719773,121.164514,Cloud to Cloud,5112,6825,7
2026-09-21T09:08:47.360181076Z,15.707372,121.281114,Cloud to Cloud,-8359,10092,8
2026-09-21T09:08:47.482023100Z,13.626337,122.437388,Cloud to Cloud,-7330,10199,8
2026-09-21T09:08:48.616725737Z,22.256113,120.140669,Cloud to Cloud,-4444,18838,7
2026-09-21T09:08:48.557482737Z,22.238111,120.08622,Cloud to Cloud,4605,8320,6
2026-09-21T09:08:48.549652784Z,22.235696,120.093954,Cloud to Cloud,5172,3725,6
2026-09-21T09:08:48.558444621Z,22.24364,120.094083,Cloud to Cloud,6025,13251,7
2026-09-21T09:08:48.544253145Z,22.22917,120.092732,Cloud to Cloud,7294,9225,7
2026-09-21T09:08:48.542448528Z,22.229576,120.096323,Cloud to Ground,29143,0,12
2026-09-21T09:08:49.524648493Z,8.184626,132.93358,Cloud to Ground,-29208,0,13
2026-09-21T09:08:49.244254534Z,8.304717,133.042511,Cloud to Cloud,-27906,6930,21
2026-09-21T09:08:49.422606883Z,8.217803,132.957624,Cloud to Ground,-11242,0,20
2026-09-21T09:08:49.311228155Z,8.25754,132.977991,Cloud to Ground,-10339,0,16
2026-09-21T09:08:51.998766153Z,4.151351,114.900377,Cloud to Ground,13783,0,11
2026-09-21T09:08:51.470166699Z,4.136401,114.846397,Cloud to Ground,14281,0,9
2026-09-21T09:08:51.673784979Z,4.151361,114.933527,Cloud to Ground,69532,0,21
2026-09-21T09:08:51.412708976Z,15.690175,121.255022,Cloud to Ground,-26977,0,10
2026-09-21T09:08:51.503130151Z,15.709664,121.24125,Cloud to Ground,-18392,0,8
2026-09-21T09:08:51.661388690Z,15.680679,121.255264,Cloud to Ground,-15054,0,11
2026-09-21T09:08:51.395645445Z,15.602628,121.295603,Cloud to Cloud,-14434,13638,6
2026-09-21T09:08:51.547751697Z,15.679497,121.261625,Cloud to Ground,-12757,0,8
2026-09-21T09:08:51.606718752Z,15.681024,121.252063,Cloud to Ground,-12063,0,7
2026-09-21T09:08:51.392190335Z,15.575665,121.328927,Cloud to Cloud,-8647,14318,6
2026-09-21T09:08:50.785078135Z,15.748644,121.184353,Cloud to Cloud,-6363,18985,6
2026-09-21T09:08:51.890924524Z,14.015965,121.632084,Cloud to Ground,-46129,0,12
2026-09-21T09:08:52.103865875Z,14.030077,121.639762,Cloud to Ground,-17844,0,10
2026-09-21T09:08:52.010282758Z,14.020041,121.640414,Cloud to Ground,-16756,0,8
2026-09-21T09:08:51.872331692Z,14.014456,121.625495,Cloud to Cloud,-6214,19068,5
2026-09-21T09:08:52.566066525Z,14.089181,121.65313,Cloud to Cloud,5523,16892,5
2026-09-21T09:08:51.070710882Z,10.143948,124.328067,Cloud to Ground,-24136,0,7
2026-09-21T09:08:52.090754707Z,2.243707,117.442622,Cloud to Ground,15835,0,24
2026-09-21T09:08:53.062950641Z,8.126156,133.423704,Cloud to Ground,12423,0,7
2026-09-21T09:08:53.794855589Z,13.642853,122.434768,Cloud to Ground,-27103,0,10
2026-09-21T09:08:53.909985110Z,13.642163,122.435066,Cloud to Ground,-15413,0,8
2026-09-21T09:08:53.695861933Z,13.604792,122.439484,Cloud to Ground,-11951,0,8
2026-09-21T09:08:53.301863000Z,10.2606,126.1752,Cloud to Ground,9022,0,5
2026-09-21T09:08:54.633845875Z,5.340632,116.182849,Cloud to Ground,20393,0,12
2026-09-21T09:08:54.534114368Z,15.750545,121.224163,Cloud to Cloud,4317,15448,5
2026-09-21T09:08:55.334424020Z,22.55458,111.256477,Cloud to Ground,21059,0,9
2026-09-21T09:08:56.068343617Z,9.833201,126.435514,Cloud to Ground,34319,0,8
2026-09-21T09:08:56.472227818Z,17.485582,121.082195,Cloud to Cloud,-12906,11147,11
2026-09-21T09:08:56.161472000Z,17.6524,120.7872,Cloud to Ground,10577,0,6
2026-09-21T09:08:56.719277000Z,10.1961,124.2451,Cloud to Ground,-23524,0,11
2026-09-21T09:08:57.581917338Z,2.868315,114.652694,Cloud to Cloud,8440,14092,9
2026-09-21T09:08:57.716229048Z,2.828678,114.696485,Cloud to Ground,100788,0,28
2026-09-21T09:08:57.887402150Z,9.806782,126.321637,Cloud to Ground,13099,0,8
2026-09-21T09:08:57.866275432Z,2.894183,116.143437,Cloud to Ground,-21201,0,16
2026-09-21T09:08:57.927540966Z,10.055116,124.388836,Cloud to Cloud,41163,3942,7
2026-09-21T09:08:59.091047687Z,10.103039,124.358264,Cloud to Ground,-13859,0,6
2026-09-21T09:08:59.416291732Z,16.096689,120.804799,Cloud to Cloud,11582,13557,7
2026-09-21T09:09:00.303956179Z,17.476813,120.903056,Cloud to Cloud,8532,19483,8
2026-09-21T09:09:00.280239800Z,17.470391,120.882313,Cloud to Cloud,15694,3078,7
2026-09-21T09:09:00.406000927Z,22.433236,111.386624,Cloud to Ground,-44069,0,14
2026-09-21T09:09:00.392881277Z,22.48491,111.367476,Cloud to Cloud,-31202,3008,9
2026-09-21T09:09:00.406500742Z,22.451657,111.392133,Cloud to Cloud,-30619,15722,9
2026-09-21T09:09:00.661459751Z,15.653212,121.187998,Cloud to Ground,7791,0,7
2026-09-21T09:09:01.282797172Z,8.098815,133.57443,Cloud to Ground,-28220,0,23
2026-09-21T09:09:01.216857921Z,8.075252,133.406216,Cloud to Ground,-105506,0,15
2026-09-21T09:09:01.303616432Z,8.163369,133.403346,Cloud to Ground,-15467,0,18
2026-09-21T09:09:01.210477198Z,8.163923,133.48911,Cloud to Ground,24730,0,11
2026-09-21T09:09:02.035762876Z,8.222877,133.044116,Cloud to Ground,-21003,0,20
2026-09-21T09:09:02.140199647Z,8.216361,133.018525,Cloud to Ground,-17336,0,7
2026-09-21T09:09:02.334716594Z,22.906566,110.700995,Cloud to Cloud,-18676,3585,8
2026-09-21T09:09:02.353576745Z,22.95599,110.633074,Cloud to Cloud,-18581,6842,7
2026-09-21T09:09:03.173016214Z,15.806669,120.946751,Cloud to Cloud,-11330,7109,8
2026-09-21T09:09:04.275806340Z,8.142804,134.291985,Cloud to Ground,-69969,0,30
2026-09-21T09:09:04.336774232Z,8.163882,134.329675,Cloud to Ground,-16277,0,27
2026-09-21T09:09:04.306047613Z,8.168429,134.326083,Cloud to Ground,-16016,0,10
2026-09-21T09:09:04.359592489Z,8.143792,134.462212,Cloud to Ground,-9508,0,11
2026-09-21T09:09:04.469802621Z,15.654148,121.29713,Cloud to Cloud,17406,4546,12
2026-09-21T09:09:05.504643168Z,2.023555,112.805206,Cloud to Ground,11342,0,9
2026-09-21T09:09:05.624590644Z,2.00896,112.832368,Cloud to Ground,13988,0,10
2026-09-21T09:09:05.647257452Z,15.6917,121.214875,Cloud to Cloud,6869,3400,7
2026-09-21T09:09:06.624542146Z,9.98872,124.434171,Cloud to Ground,-12666,0,5
2026-09-21T09:09:06.715127818Z,9.991155,124.433379,Cloud to Ground,-7528,0,6
2026-09-21T09:09:06.683390621Z,9.986866,124.331849,Cloud to Cloud,24666,14703,8
2026-09-21T09:09:06.200013845Z,10.078879,124.391233,Cloud to Ground,-11751,0,6
2026-09-21T09:09:06.964267547Z,15.699449,121.260086,Cloud to Ground,-13736,0,6
2026-09-21T09:09:06.543430000Z,7.4024,125.3587,Cloud to Ground,-40138,0,6
2026-09-21T09:09:06.543060000Z,6.5757,124.7868,Cloud to Ground,-97140,0,5
2026-09-21T09:09:07.185285311Z,9.87518,124.433951,Cloud to Ground,-25231,0,8
2026-09-21T09:09:07.508231564Z,22.567695,111.540267,Cloud to Cloud,-24400,3039,8
2026-09-21T09:09:07.393658534Z,22.471729,111.620261,Cloud to Cloud,-17926,3034,6
2026-09-21T09:09:07.780666353Z,13.622319,122.420233,Cloud to Ground,-5884,0,5
2026-09-21T09:09:07.692860574Z,13.631441,122.434883,Cloud to Cloud,11613,17189,5
2026-09-21T09:09:07.634533379Z,13.88978,121.656827,Cloud to Cloud,-8741,17741,6
2026-09-21T09:09:08.124185827Z,22.184398,110.76074,Cloud to Ground,27624,0,8
2026-09-21T09:09:08.276337243Z,15.722937,121.216269,Cloud to Cloud,3129,17897,5
2026-09-21T09:09:09.732536144Z,15.702182,121.247338,Cloud to Ground,-26422,0,13
2026-09-21T09:09:09.903312028Z,14.607887,121.333069,Cloud to Ground,-39130,0,15
2026-09-21T09:09:09.830624295Z,14.613964,121.344058,Cloud to Ground,-31102,0,7
2026-09-21T09:09:09.795404961Z,14.614332,121.338948,Cloud to Ground,-12254,0,9
2026-09-21T09:09:10.115408764Z,14.6142,121.340965,Cloud to Ground,-11976,0,10
2026-09-21T09:09:10.640478602Z,5.226014,116.650253,Cloud to Ground,-12655,0,8
2026-09-21T09:09:10.639641133Z,5.216758,116.628079,Cloud to Ground,36496,0,21
2026-09-21T09:09:10.769357732Z,5.20961,116.650934,Cloud to Ground,52881,0,15
2026-09-21T09:09:10.808963536Z,22.196068,111.950677,Cloud to Ground,-57158,0,10
2026-09-21T09:09:11.307934134Z,15.713396,121.2733,Cloud to Cloud,5262,19643,6
2026-09-21T09:09:11.942882893Z,15.55473,121.254263,Cloud to Cloud,9162,15181,7
2026-09-21T09:09:12.515728388Z,13.626438,122.426859,Cloud to Cloud,15290,19790,7
2026-09-21T09:09:12.980607815Z,15.655841,121.233184,Cloud to Cloud,-9236,7714,10
2026-09-21T09:09:14.827928898Z,14.938475,121.359875,Cloud to Cloud,6179,8971,7
2026-09-21T09:09:14.787984797Z,14.935471,121.355382,Cloud to Cloud,9163,16134,7
2026-09-21T09:09:14.654991064Z,22.256072,111.653297,Cloud to Ground,20360,0,8
2026-09-21T09:09:14.700558007Z,22.349083,111.584292,Cloud to Cloud,-16871,19168,6
2026-09-21T09:09:15.174337742Z,5.01235,116.764655,Cloud to Cloud,-12668,7867,19
2026-09-21T09:09:15.317161000Z,5.1497,116.5832,Cloud to Ground,49887,0,8
2026-09-21T09:09:15.916665067Z,15.575434,121.250546,Cloud to Cloud,9690,7824,6
2026-09-21T09:09:16.750251814Z,15.008465,111.887936,Cloud to Cloud,17077,10310,6
2026-09-21T09:09:16.738478181Z,15.094007,112.050964,Cloud to Cloud,21585,16685,5
2026-09-21T09:09:18.203379333Z,12.986268,124.036962,Cloud to Ground,-34396,0,7
2026-09-21T09:09:18.228219431Z,13.005239,123.998976,Cloud to Ground,-32112,0,7
2026-09-21T09:09:18.305784000Z,13.0206,123.9745,Cloud to Ground,-24974,0,7
2026-09-21T09:09:18.923553165Z,13.032368,124.021799,Cloud to Ground,-6132,0,5
2026-09-21T09:09:18.130980000Z,13.0273,123.8481,Cloud to Ground,-16872,0,6
2026-09-21T09:09:20.023238768Z,2.602058,114.530875,Cloud to Cloud,8254,3010,9
2026-09-21T09:09:20.423613010Z,2.606977,114.5431,Cloud to Cloud,10579,3218,10
2026-09-21T09:09:20.373726178Z,2.606746,114.549501,Cloud to Ground,27075,0,10
2026-09-21T09:09:20.141183342Z,2.603437,114.539631,Cloud to Ground,31598,0,17
2026-09-21T09:09:20.653707292Z,5.322908,116.613721,Cloud to Cloud,-23226,19472,10
2026-09-21T09:09:20.142156111Z,22.447542,111.384468,Cloud to Cloud,-19432,3332,6
2026-09-21T09:09:20.525895078Z,15.631654,121.27051,Cloud to Cloud,-7110,9923,6
2026-09-21T09:09:20.734815267Z,15.678201,121.272995,Cloud to Cloud,7138,19029,7
2026-09-21T09:09:20.815326897Z,15.675861,121.265493,Cloud to Cloud,9017,19886,6
2026-09-21T09:09:21.170916752Z,8.21213,133.033695,Cloud to Ground,-22142,0,33
2026-09-21T09:09:21.416238630Z,8.202496,133.067014,Cloud to Ground,-19160,0,29
2026-09-21T09:09:21.272576074Z,8.203099,133.220271,Cloud to Ground,22115,0,15
2026-09-21T09:09:22.016934251Z,9.871153,126.381472,Cloud to Ground,-26446,0,20
2026-09-21T09:09:22.077269955Z,9.865561,126.387431,Cloud to Ground,-23558,0,10
2026-09-21T09:09:22.255810022Z,9.827904,126.302032,Cloud to Cloud,-17566,10341,18
2026-09-21T09:09:22.478087640Z,22.676184,111.317037,Cloud to Ground,38946,0,9
2026-09-21T09:09:22.827541887Z,22.563916,111.264501,Cloud to Ground,-15896,0,7
2026-09-21T09:09:22.871212142Z,22.543441,111.271053,Cloud to Ground,-15866,0,7
2026-09-21T09:09:22.598645000Z,22.5428,111.2202,Cloud to Ground,94346,0,7
2026-09-21T09:09:22.231288138Z,15.679459,121.248576,Cloud to Cloud,-16892,11103,8
2026-09-21T09:09:22.737325497Z,15.626826,121.298354,Cloud to Cloud,7978,5471,6
2026-09-21T09:09:22.266964739Z,15.663316,121.20825,Cloud to Cloud,9250,18869,7
2026-09-21T09:09:25.442352603Z,15.259727,110.699361,Cloud to Cloud,-47717,12065,9
2026-09-21T09:09:26.739980958Z,10.088137,124.37545,Cloud to Ground,-16129,0,8
2026-09-21T09:09:27.056215000Z,10.1031,124.2769,Cloud to Ground,-12712,0,5
2026-09-21T09:09:27.027309843Z,10.09902,124.347565,Cloud to Ground,-10945,0,6
2026-09-21T09:09:27.737650231Z,2.287635,117.426153,Cloud to Ground,10827,0,7
2026-09-21T09:09:27.941760728Z,1.830236,113.903217,Cloud to Ground,16977,0,7
2026-09-21T09:09:27.504635223Z,22.571806,111.536551,Cloud to Cloud,-22705,3009,8
2026-09-21T09:09:27.241678359Z,22.559965,111.531106,Cloud to Ground,74512,0,17
2026-09-21T09:09:27.277546738Z,15.679056,121.214003,Cloud to Cloud,7630,5358,6
2026-09-21T09:09:28.577777576Z,13.631724,122.434662,Cloud to Cloud,4205,18224,5
2026-09-21T09:09:28.342209761Z,13.60884,122.423274,Cloud to Cloud,5187,18243,6
2026-09-21T09:09:28.575480895Z,13.624297,122.431376,Cloud to Cloud,10641,17942,8
2026-09-21T09:09:29.978813676Z,4.007507,114.78065,Cloud to Cloud,-20835,3098,14
2026-09-21T09:09:29.305167301Z,15.709538,121.252369,Cloud to Cloud,-7654,6988,7
2026-09-21T09:09:28.867076595Z,15.684649,121.304867,Cloud to Cloud,-3439,4336,7
2026-09-21T09:09:29.809806302Z,15.772094,121.257283,Cloud to Cloud,9930,12492,9
2026-09-21T09:09:30.257736033Z,1.808993,114.081689,Cloud to Ground,-11554,0,13
2026-09-21T09:09:30.274163062Z,1.770076,114.142408,Cloud to Ground,15832,0,10
2026-09-21T09:09:30.829727265Z,6.445997,125.212785,Cloud to Ground,-40306,0,13
2026-09-21T09:09:32.984550970Z,15.612764,121.278392,Cloud to Cloud,2016,18504,6
2026-09-21T09:09:32.079011000Z,10.0484,124.2325,Cloud to Ground,-25516,0,7
2026-09-21T09:09:34.797340683Z,8.213994,133.04059,Cloud to Ground,-12813,0,23
2026-09-21T09:09:34.682446693Z,8.23114,133.045242,Cloud to Ground,12130,0,9
2026-09-21T09:09:34.195490528Z,15.670569,121.217353,Cloud to Ground,-18490,0,10
2026-09-21T09:09:34.124349431Z,15.670415,121.235464,Cloud to Ground,-12116,0,10
2026-09-21T09:09:35.710517761Z,8.224509,133.034146,Cloud to Ground,-17259,0,23
2026-09-21T09:09:35.464441594Z,22.323224,111.571193,Cloud to Cloud,37198,5982,9
2026-09-21T09:09:35.337948000Z,8.3922,133.3709,Cloud to Ground,15677,0,5
2026-09-21T09:09:36.736116809Z,22.217269,120.096243,Cloud to Cloud,8768,3688,7
2026-09-21T09:09:36.738498051Z,22.214319,120.084709,Cloud to Cloud,15671,6383,8
2026-09-21T09:09:36.734679371Z,22.28215,120.092256,Cloud to Ground,63170,0,7
2026-09-21T09:09:39.573366786Z,3.092297,115.189186,Cloud to Cloud,13682,12788,7
2026-09-21T09:09:39.847187038Z,3.096431,115.189025,Cloud to Ground,62751,0,20
2026-09-21T09:09:39.516577982Z,3.107976,115.206686,Cloud to Ground,80226,0,16
2026-09-21T09:09:39.897082405Z,15.714872,121.254813,Cloud to Cloud,-16416,19371,9
2026-09-21T09:09:40.222416083Z,13.601059,122.443571,Cloud to Ground,-13928,0,8
2026-09-21T09:09:40.341916164Z,13.6099,122.420222,Cloud to Ground,-6602,0,8
2026-09-21T09:09:40.931720928Z,22.514007,111.319875,Cloud to Cloud,20310,7503,5
2026-09-21T09:09:41.358855646Z,5.306372,116.58233,Cloud to Ground,-32688,0,21
2026-09-21T09:09:41.287858014Z,5.337572,116.650929,Cloud to Cloud,-22299,18055,8
2026-09-21T09:09:41.277047542Z,5.257566,116.518489,Cloud to Cloud,-19884,7175,11
2026-09-21T09:09:41.277748627Z,5.287913,116.582233,Cloud to Ground,-15299,0,15
2026-09-21T09:09:41.234150000Z,5.2293,116.6139,Cloud to Ground,55292,0,5
2026-09-21T09:09:41.684093683Z,0.98328,113.829946,Cloud to Ground,15651,0,10
2026-09-21T09:09:41.638483486Z,5.196687,111.788077,Cloud to Ground,29519,0,14
2026-09-21T09:09:41.915225288Z,14.89819,121.380239,Cloud to Cloud,-14479,6759,6
2026-09-21T09:09:41.884920517Z,14.923316,121.384974,Cloud to Cloud,6934,12162,7
2026-09-21T09:09:41.727318929Z,15.585146,121.332745,Cloud to Cloud,33073,18595,8
2026-09-21T09:09:42.452188679Z,5.306974,116.622014,Cloud to Ground,-22984,0,12
2026-09-21T09:09:43.256211286Z,22.507871,111.576273,Cloud to Cloud,-19221,3999,9
2026-09-21T09:09:43.792188768Z,16.184618,120.731717,Cloud to Ground,-78073,0,11
2026-09-21T09:09:43.881587565Z,16.178387,120.7383,Cloud to Ground,-34059,0,10
2026-09-21T09:09:43.914668534Z,16.180067,120.735457,Cloud to Ground,-11103,0,11
2026-09-21T09:09:43.879281689Z,16.189655,120.747224,Cloud to Cloud,12778,5638,6
2026-09-21T09:09:43.673524000Z,17.4972,120.8801,Cloud to Ground,-27996,0,5
2026-09-21T09:09:44.388893357Z,17.471062,120.914867,Cloud to Cloud,7938,6077,6
2026-09-21T09:09:43.870718419Z,17.528879,120.93852,Cloud to Cloud,8396,9866,6
2026-09-21T09:09:43.686640378Z,17.543163,121.013333,Cloud to Cloud,14144,5993,7
2026-09-21T09:09:43.776443207Z,15.580022,120.918067,Cloud to Cloud,-13993,15004,7
2026-09-21T09:09:44.925736713Z,15.654116,121.210388,Cloud to Ground,-32218,0,13
2026-09-21T09:09:44.769432827Z,15.661858,121.212506,Cloud to Ground,-17988,0,12
2026-09-21T09:09:44.858650840Z,15.659797,121.221414,Cloud to Ground,-13583,0,13
2026-09-21T09:09:45.453866208Z,15.662416,121.217651,Cloud to Ground,-12977,0,10
2026-09-21T09:09:45.009368043Z,15.662433,121.219715,Cloud to Ground,-7799,0,6
2026-09-21T09:09:45.373838117Z,15.662984,121.221091,Cloud to Ground,-7398,0,6
2026-09-21T09:09:44.830563621Z,15.66016,121.221704,Cloud to Ground,-7259,0,7
2026-09-21T09:09:46.174075169Z,2.97977,113.185593,Cloud to Ground,28304,0,13
2026-09-21T09:09:45.860031424Z,2.971635,113.174053,Cloud to Ground,51786,0,16
2026-09-21T09:09:45.708633962Z,2.972298,113.168068,Cloud to Ground,59094,0,24
2026-09-21T09:09:45.051725832Z,9.812459,126.210585,Cloud to Ground,18422,0,7
2026-09-21T09:09:45.459678021Z,14.008572,121.600693,Cloud to Cloud,7501,18466,6
2026-09-21T09:09:45.432010628Z,15.582045,121.270891,Cloud to Ground,42434,0,7
2026-09-21T09:09:46.417952930Z,13.642769,122.493982,Cloud to Ground,-7198,0,7
2026-09-21T09:09:47.462488119Z,10.478153,122.856998,Cloud to Ground,-11439,0,6
2026-09-21T09:09:48.462069214Z,13.628034,122.419184,Cloud to Cloud,-6389,7866,7
2026-09-21T09:09:48.938111763Z,15.720292,121.270632,Cloud to Cloud,-7844,4476,8
2026-09-21T09:09:48.917122621Z,15.723117,121.278401,Cloud to Cloud,-6492,7669,9
2026-09-21T09:09:49.190555765Z,15.726365,121.27363,Cloud to Cloud,-4255,14389,7
2026-09-21T09:09:48.450867063Z,15.676369,121.226024,Cloud to Cloud,7009,19007,7
2026-09-21T09:09:48.403678368Z,15.676167,121.218284,Cloud to Cloud,8771,19890,10
2026-09-21T09:09:49.676048751Z,1.737978,114.157631,Cloud to Ground,17517,0,10
2026-09-21T09:09:49.947377203Z,12.959139,124.04404,Cloud to Cloud,13643,17775,10
2026-09-21T09:09:49.882364113Z,12.959739,124.066376,Cloud to Ground,21520,0,10
2026-09-21T09:09:51.431946279Z,1.671149,113.129903,Cloud to Ground,29872,0,15
2026-09-21T09:09:51.209914696Z,15.691399,121.303642,Cloud to Cloud,-5212,18880,8
2026-09-21T09:09:51.407883770Z,15.637828,121.293068,Cloud to Cloud,7893,18375,13
2026-09-21T09:09:52.395531582Z,22.384179,111.959743,Cloud to Cloud,-18063,8912,9
2026-09-21T09:09:52.405131578Z,22.363453,111.963915,Cloud to Cloud,13948,3023,7
2026-09-21T09:09:52.391989872Z,22.309055,112.002634,Cloud to Cloud,16338,11195,6
2026-09-21T09:09:52.390449789Z,22.293653,111.975815,Cloud to Ground,47446,0,11
2026-09-21T09:09:52.603179175Z,22.404644,111.955548,Cloud to Cloud,49364,3002,7
2026-09-21T09:09:53.384485178Z,5.250345,116.567852,Cloud to Ground,-16664,0,18
2026-09-21T09:09:53.512986792Z,5.216159,116.522879,Cloud to Ground,-13855,0,20
2026-09-21T09:09:53.628165320Z,5.176623,116.628499,Cloud to Cloud,-10722,8006,22
2026-09-21T09:09:53.543315275Z,5.227806,116.598022,Cloud to Ground,23058,0,10
2026-09-21T09:09:53.924080463Z,15.714099,121.271121,Cloud to Cloud,-23106,17996,11
2026-09-21T09:09:53.729811000Z,9.9277,124.2665,Cloud to Ground,-21832,0,5
2026-09-21T09:09:56.999338458Z,4.979225,111.48864,Cloud to Ground,15215,0,7
2026-09-21T09:09:56.988864455Z,4.922107,111.527179,Cloud to Ground,28292,0,6
2026-09-21T09:09:56.847109563Z,4.939263,111.496412,Cloud to Ground,29363,0,9
2026-09-21T09:09:56.903559034Z,4.962562,111.504922,Cloud to Ground,37252,0,11
2026-09-21T09:09:56.764180718Z,4.960376,111.493782,Cloud to Ground,42508,0,7
2026-09-21T09:09:56.922527218Z,4.959825,111.496504,Cloud to Ground,49961,0,12
2026-09-21T09:09:56.475280824Z,1.532469,110.082569,Cloud to Ground,33366,0,14
2026-09-21T09:09:56.992454949Z,22.034994,112.439205,Cloud to Cloud,-19644,7862,8
2026-09-21T09:09:56.991702080Z,22.012941,112.450244,Cloud to Cloud,-18738,7855,8
2026-09-21T09:09:57.206836636Z,9.819017,126.316037,Cloud to Ground,17011,0,8
2026-09-21T09:09:59.267005609Z,8.223364,133.038781,Cloud to Ground,-21592,0,25
2026-09-21T09:09:59.351438379Z,8.228373,133.06896,Cloud to Ground,-18465,0,25
2026-09-21T09:09:59.311577746Z,8.228705,133.069066,Cloud to Ground,-14265,0,28
2026-09-21T09:09:59.464463906Z,8.22437,133.242943,Cloud to Ground,-36099,0,14
2026-09-21T09:09:59.463462012Z,8.228355,133.196757,Cloud to Ground,-9040,0,15
2026-09-21T09:10:00.292334161Z,2.224482,116.013975,Cloud to Ground,20883,0,8
2026-09-21T09:10:00.109301911Z,2.098618,116.011573,Cloud to Ground,-36388,0,18
2026-09-21T09:10:00.084761404Z,2.101409,115.94717,Cloud to Ground,-22418,0,8
2026-09-21T09:10:00.180279681Z,2.09954,115.963333,Cloud to Ground,32570,0,18
2026-09-21T09:10:01.008014986Z,15.765758,121.228577,Cloud to Ground,-9460,0,8
2026-09-21T09:10:01.037897534Z,15.772127,121.27696,Cloud to Cloud,-6574,3715,6
2026-09-21T09:10:01.160651635Z,15.753902,121.206178,Cloud to Cloud,6388,6062,7
2026-09-21T09:10:00.938053735Z,15.767818,121.24649,Cloud to Ground,6475,0,9
2026-09-21T09:10:00.899257211Z,15.764398,121.218168,Cloud to Ground,8884,0,8
2026-09-21T09:10:01.061110437Z,15.759154,121.224841,Cloud to Cloud,9930,3859,8
2026-09-21T09:10:01.238244341Z,15.765244,121.247005,Cloud to Cloud,18563,3367,11
2026-09-21T09:10:02.429288264Z,13.399644,122.722425,Cloud to Ground,-12373,0,8
2026-09-21T09:10:02.490594827Z,13.007397,124.016177,Cloud to Cloud,4106,19212,5
2026-09-21T09:10:04.466584621Z,9.778608,124.417654,Cloud to Cloud,4566,13773,7
2026-09-21T09:10:04.525221265Z,10.126735,124.322739,Cloud to Cloud,-25191,15735,11
2026-09-21T09:10:05.598885829Z,5.27362,116.122327,Cloud to Ground,-15207,0,16
2026-09-21T09:10:05.527226220Z,1.843012,114.06275,Cloud to Ground,20632,0,9
2026-09-21T09:10:05.835435078Z,1.892102,114.067306,Cloud to Ground,43713,0,17
2026-09-21T09:10:05.604926807Z,1.873474,114.046289,Cloud to Ground,44899,0,11
2026-09-21T09:10:05.392701294Z,15.724675,121.340046,Cloud to Ground,37248,0,9
2026-09-21T09:10:05.364354252Z,15.670476,121.258177,Cloud to Ground,-21281,0,9
2026-09-21T09:10:05.608797293Z,15.681609,121.257123,Cloud to Ground,-18187,0,11
2026-09-21T09:10:05.523432285Z,15.705462,121.222309,Cloud to Ground,-16956,0,14
2026-09-21T09:10:06.385895435Z,15.637158,121.212028,Cloud to Ground,-15164,0,6
2026-09-21T09:10:06.235179622Z,15.637429,121.208524,Cloud to Ground,-11204,0,8
2026-09-21T09:10:05.581793094Z,22.453447,111.36691,Cloud to Cloud,-17224,8910,8
2026-09-21T09:10:05.285696099Z,17.598333,120.939405,Cloud to Cloud,8647,11496,6
2026-09-21T09:10:06.135863131Z,7.413514,125.000992,Cloud to Ground,-103601,0,10
2026-09-21T09:10:06.161534042Z,7.418021,124.9822,Cloud to Ground,-39589,0,18
2026-09-21T09:10:06.183143204Z,7.481973,124.956335,Cloud to Ground,-19779,0,14
2026-09-21T09:10:06.962427501Z,15.210528,112.764137,Cloud to Cloud,-34760,3368,9
2026-09-21T09:10:07.334656767Z,15.244657,112.72116,Cloud to Ground,14520,0,7
2026-09-21T09:10:07.226486844Z,15.233647,112.761234,Cloud to Ground,20936,0,8
2026-09-21T09:10:09.598134183Z,8.236272,133.170615,Cloud to Ground,13264,0,11
2026-09-21T09:10:08.987854207Z,8.232052,133.138153,Cloud to Ground,37977,0,28
2026-09-21T09:10:09.371546018Z,8.238365,132.980307,Cloud to Ground,-16355,0,12
2026-09-21T09:10:09.107462967Z,8.238465,133.010065,Cloud to Ground,-14303,0,29
2026-09-21T09:10:09.238840911Z,8.247736,133.009391,Cloud to Ground,-10998,0,28
2026-09-21T09:10:10.589311665Z,15.689018,121.237677,Cloud to Cloud,3301,18851,5
2026-09-21T09:10:10.553365912Z,15.690518,121.240345,Cloud to Cloud,11012,19543,11
2026-09-21T09:10:11.981392920Z,16.46109,120.446693,Cloud to Cloud,-4024,14505,8
2026-09-21T09:10:11.790890886Z,13.632022,122.421166,Cloud to Ground,-16819,0,9
2026-09-21T09:10:11.570054750Z,13.638038,122.427826,Cloud to Ground,-13677,0,8
2026-09-21T09:10:11.279984974Z,22.361755,110.666559,Cloud to Ground,-21832,0,8
2026-09-21T09:10:12.783408919Z,15.606139,121.242035,Cloud to Cloud,-2119,19690,5
2026-09-21T09:10:12.228481103Z,15.714677,121.312883,Cloud to Cloud,-2427,11850,6
2026-09-21T09:10:12.261594266Z,15.696349,121.287163,Cloud to Cloud,-2076,3855,6
2026-09-21T09:10:13.238733218Z,9.823473,126.31707,Cloud to Ground,-36252,0,19
2026-09-21T09:10:13.154414032Z,9.818038,126.316625,Cloud to Ground,-22379,0,20
2026-09-21T09:10:13.290421411Z,9.818601,126.300232,Cloud to Ground,-21072,0,13
2026-09-21T09:10:13.378130987Z,9.81145,126.316581,Cloud to Ground,-13734,0,14
2026-09-21T09:10:13.182652639Z,9.794733,126.320288,Cloud to Ground,-12627,0,9
2026-09-21T09:10:14.178253344Z,5.209855,116.64749,Cloud to Ground,16914,0,9
2026-09-21T09:10:14.147436244Z,5.29669,116.602764,Cloud to Ground,-31833,0,20
2026-09-21T09:10:14.741079839Z,15.70791,121.241712,Cloud to Cloud,7271,18877,6
2026-09-21T09:10:14.876863970Z,15.714172,121.257129,Cloud to Cloud,12571,17692,7
2026-09-21T09:10:14.720623546Z,15.704559,121.227449,Cloud to Ground,12833,0,12
2026-09-21T09:10:14.762021059Z,15.708953,121.240811,Cloud to Cloud,14742,7323,5
2026-09-21T09:10:14.286066372Z,22.546729,111.55937,Cloud to Cloud,-25272,3008,10
2026-09-21T09:10:14.394824882Z,22.55519,111.501598,Cloud to Cloud,25462,3011,9
2026-09-21T09:10:15.057419519Z,1.098995,113.654493,Cloud to Ground,-44732,0,28
2026-09-21T09:10:15.137350447Z,13.624437,122.424068,Cloud to Cloud,5527,6384,6
2026-09-21T09:10:16.515491996Z,8.174525,132.997029,Cloud to Cloud,12026,7237,9
2026-09-21T09:10:16.255478958Z,13.401564,122.713216,Cloud to Ground,-19339,0,13
2026-09-21T09:10:16.381663411Z,13.406144,122.723331,Cloud to Ground,-12943,0,8
2026-09-21T09:10:16.326466326Z,13.408017,122.722868,Cloud to Ground,-11569,0,10
2026-09-21T09:10:17.077681620Z,15.609299,121.263742,Cloud to Cloud,14475,9951,9
2026-09-21T09:10:18.944925987Z,10.09453,124.366142,Cloud to Ground,-16719,0,7
2026-09-21T09:10:19.873833946Z,7.397598,125.675669,Cloud to Ground,13394,0,10
2026-09-21T09:10:19.405010340Z,17.487742,120.92798,Cloud to Cloud,16510,3027,9
2026-09-21T09:10:19.390124000Z,17.5253,120.957,Cloud to Ground,30037,0,6
2026-09-21T09:10:20.345805216Z,10.088694,124.354419,Cloud to Cloud,-18433,6559,7
2026-09-21T09:10:22.418162486Z,15.682041,121.226963,Cloud to Ground,-10356,0,8
2026-09-21T09:10:21.971546093Z,15.692558,121.200862,Cloud to Cloud,-6906,18826,6
2026-09-21T09:10:22.254458874Z,15.685404,121.210259,Cloud to Cloud,3388,19063,5
2026-09-21T09:10:22.229108792Z,15.687918,121.18185,Cloud to Cloud,5396,18093,7
2026-09-21T09:10:22.158412282Z,15.676018,121.180491,Cloud to Cloud,8618,4855,6
2026-09-21T09:10:22.469768877Z,15.6005,121.131554,Cloud to Ground,22323,0,10
2026-09-21T09:10:22.759139548Z,13.619964,122.448076,Cloud to Ground,-11042,0,8
2026-09-21T09:10:23.045544025Z,9.78887,126.935084,Cloud to Ground,-40441,0,11
2026-09-21T09:10:23.884422893Z,12.338376,112.61235,Cloud to Ground,-53525,0,10
2026-09-21T09:10:23.877770096Z,12.347197,112.555617,Cloud to Cloud,-50032,16953,16
2026-09-21T09:10:24.024256187Z,12.347969,112.606045,Cloud to Ground,-31100,0,6
2026-09-21T09:10:23.977113915Z,12.350308,112.575592,Cloud to Ground,29013,0,7
2026-09-21T09:10:23.864362236Z,15.702051,121.256466,Cloud to Ground,-31061,0,10
2026-09-21T09:10:24.100274076Z,15.704716,121.247493,Cloud to Ground,-22767,0,9
2026-09-21T09:10:24.205056807Z,15.702049,121.255893,Cloud to Ground,-13273,0,12
2026-09-21T09:10:23.904797219Z,15.702683,121.255625,Cloud to Ground,-5439,0,5
2026-09-21T09:10:25.751319461Z,22.614294,111.468315,Cloud to Cloud,19553,3026,6
2026-09-21T09:10:25.611512582Z,22.2527,111.653192,Cloud to Cloud,-19194,3527,6
2026-09-21T09:10:25.585031233Z,22.214896,111.662835,Cloud to Ground,-18777,0,7
2026-09-21T09:10:25.703180454Z,17.407801,121.118582,Cloud to Cloud,-19548,4628,16
2026-09-21T09:10:25.713506756Z,17.480578,120.897629,Cloud to Ground,-25777,0,12
2026-09-21T09:10:25.765183337Z,17.458915,120.912868,Cloud to Ground,-24800,0,10
2026-09-21T09:10:25.843399729Z,17.458269,120.909702,Cloud to Ground,-22977,0,10
2026-09-21T09:10:25.944118735Z,17.493033,120.913652,Cloud to Cloud,11971,4602,7
2026-09-21T09:10:25.943501000Z,17.4814,120.7807,Cloud to Ground,-39356,0,6
2026-09-21T09:10:26.413011405Z,15.673639,121.158889,Cloud to Cloud,-8186,3730,8
2026-09-21T09:10:26.548582166Z,15.686419,121.205928,Cloud to Cloud,6169,7438,8
2026-09-21T09:10:27.810675557Z,13.626629,122.426746,Cloud to Cloud,5241,18041,7
2026-09-21T09:10:27.014132277Z,12.952522,124.010791,Cloud to Cloud,12316,15353,7
2026-09-21T09:10:28.936766343Z,15.7508,121.234208,Cloud to Cloud,-13627,18415,11
2026-09-21T09:10:28.128257000Z,10.345,126.2832,Cloud to Ground,-16705,0,7
2026-09-21T09:10:29.214278421Z,14.056977,121.664698,Cloud to Cloud,-5395,19747,6
2026-09-21T09:10:29.190902834Z,14.072166,121.667409,Cloud to Cloud,6074,16982,6
2026-09-21T09:10:29.664259463Z,22.223188,120.109161,Cloud to Ground,-76996,0,20
2026-09-21T09:10:29.778911908Z,22.229706,120.091786,Cloud to Ground,-10855,0,5
2026-09-21T09:10:29.560628281Z,14.854337,121.357112,Cloud to Cloud,8713,19964,9
2026-09-21T09:10:29.601061418Z,14.824426,121.32261,Cloud to Cloud,16003,11145,10
2026-09-21T09:10:31.369145364Z,8.253286,132.982541,Cloud to Ground,-21762,0,12
2026-09-21T09:10:31.430873898Z,8.220932,133.05763,Cloud to Ground,-18207,0,30
2026-09-21T09:10:31.612704711Z,8.23238,133.046191,Cloud to Ground,-16371,0,28
2026-09-21T09:10:31.526886345Z,8.240778,133.062365,Cloud to Ground,-10815,0,27
2026-09-21T09:10:31.285671386Z,22.226565,110.690488,Cloud to Ground,18794,0,7
2026-09-21T09:10:31.827259346Z,15.705924,121.284258,Cloud to Ground,-11926,0,12
2026-09-21T09:10:33.313478154Z,5.652754,117.114914,Cloud to Cloud,-52431,5679,11
2026-09-21T09:10:33.324597562Z,5.715986,117.070871,Cloud to Ground,-40176,0,12
2026-09-21T09:10:33.354457225Z,5.690715,117.105047,Cloud to Cloud,-26439,8827,8
2026-09-21T09:10:33.368487485Z,5.739701,117.121906,Cloud to Ground,-20765,0,10
2026-09-21T09:10:33.170380740Z,9.671679,127.2644,Cloud to Ground,-90129,0,12
2026-09-21T09:10:33.162903772Z,9.666803,127.255476,Cloud to Ground,-29206,0,16
2026-09-21T09:10:33.133080272Z,15.631019,121.24095,Cloud to Cloud,-12582,18619,9
2026-09-21T09:10:36.115083998Z,15.732314,121.293918,Cloud to Cloud,-6330,7529,9
2026-09-21T09:10:35.447518885Z,15.698377,121.328038,Cloud to Cloud,-4121,19639,6
2026-09-21T09:10:35.402439637Z,15.628504,121.376261,Cloud to Cloud,15695,7643,10
2026-09-21T09:10:36.833214876Z,3.080415,112.859544,Cloud to Ground,30782,0,12
2026-09-21T09:10:36.836099954Z,3.077184,112.888359,Cloud to Ground,43809,0,18
2026-09-21T09:10:36.211423731Z,15.608083,121.2502,Cloud to Cloud,-10867,8198,10
2026-09-21T09:10:35.904449832Z,15.660089,121.179661,Cloud to Cloud,6435,18807,8
2026-09-21T09:10:36.164934593Z,15.678665,121.215608,Cloud to Cloud,6659,4245,10
2026-09-21T09:10:37.984995017Z,5.21311,116.648529,Cloud to Ground,-18395,0,6
2026-09-21T09:10:37.934587233Z,1.715725,114.091767,Cloud to Ground,-30693,0,11
2026-09-21T09:10:37.848959111Z,15.727103,121.246442,Cloud to Ground,-15125,0,11
2026-09-21T09:10:37.971896412Z,15.732379,121.248157,Cloud to Ground,-13337,0,12
2026-09-21T09:10:38.144196697Z,15.730989,121.251186,Cloud to Ground,-12713,0,12
2026-09-21T09:10:38.231246715Z,15.732984,121.254223,Cloud to Ground,-11855,0,12
2026-09-21T09:10:37.899100394Z,15.731964,121.253353,Cloud to Ground,-6736,0,6
2026-09-21T09:10:38.512100676Z,13.644442,122.467303,Cloud to Ground,18003,0,10
2026-09-21T09:10:39.215176568Z,22.184899,111.901753,Cloud to Cloud,-43196,12873,15
2026-09-21T09:10:39.415247770Z,22.172049,111.93531,Cloud to Ground,-21345,0,8
2026-09-21T09:10:39.338632721Z,22.168647,111.938007,Cloud to Ground,-19276,0,7
2026-09-21T09:10:39.848438438Z,13.947156,121.70774,Cloud to Cloud,5468,3009,7
2026-09-21T09:10:40.912073137Z,15.692813,121.275822,Cloud to Cloud,-4780,11380,7
2026-09-21T09:10:41.474588878Z,22.455473,111.435571,Cloud to Cloud,13212,6105,6
2026-09-21T09:10:42.630739564Z,15.672755,121.234902,Cloud to Cloud,5712,19171,6
2026-09-21T09:10:44.145273800Z,8.204289,132.932593,Cloud to Ground,-13301,0,13
2026-09-21T09:10:43.992919209Z,8.240334,132.97724,Cloud to Ground,-8689,0,16
2026-09-21T09:10:44.867605100Z,15.671128,121.285628,Cloud to Cloud,-10664,19824,7
2026-09-21T09:10:45.083558687Z,10.166384,124.373457,Cloud to Ground,29524,0,11
2026-09-21T09:10:46.976463480Z,15.687715,121.251291,Cloud to Ground,-6003,0,10
2026-09-21T09:10:47.517901722Z,15.709307,121.209383,Cloud to Cloud,-4938,11847,8
2026-09-21T09:10:47.540379101Z,15.675674,121.217174,Cloud to Cloud,-3141,10104,6
2026-09-21T09:10:47.605254253Z,15.682496,121.21515,Cloud to Cloud,7248,3042,8
2026-09-21T09:10:48.385212268Z,13.028682,124.02013,Cloud to Cloud,6441,14916,6
2026-09-21T09:10:48.622637458Z,10.080018,124.344808,Cloud to Cloud,-8531,3080,7
2026-09-21T09:10:49.478136004Z,15.694788,121.259462,Cloud to Cloud,4978,19900,5
2026-09-21T09:10:49.798105262Z,22.948614,110.659997,Cloud to Cloud,-23892,3915,6
