timestamp,latitude,longitude,type,amplitude_ka,height_m,num_sensors
2026-10-02T09:02:07.638594624Z,12.937515,120.631013,Cloud to Ground,-20045,0,9
2026-10-02T09:02:07.754142502Z,12.938044,120.631003,Cloud to Ground,-18137,0,10
2026-10-02T09:02:07.690404471Z,12.938769,120.631439,Cloud to Ground,-13907,0,10
2026-10-02T09:02:07.640329823Z,12.925681,120.598725,Cloud to Ground,-7915,0,6
2026-10-02T09:02:06.519572834Z,15.509152,120.807964,Cloud to Cloud,-13432,15528,10
2026-10-02T09:02:07.287865576Z,15.505203,120.884336,Cloud to Cloud,-9659,4706,8
2026-10-02T09:02:07.142242426Z,15.508999,120.883595,Cloud to Cloud,-9656,7260,8
2026-10-02T09:02:07.124647974Z,15.505992,120.885962,Cloud to Cloud,-7517,16771,7
2026-10-02T09:02:06.405719209Z,15.557969,120.789204,Cloud to Cloud,3858,19739,7
2026-10-02T09:02:06.379683817Z,15.583156,120.769536,Cloud to Cloud,10547,16090,9
2026-10-02T09:02:07.234609938Z,15.524093,120.842789,Cloud to Cloud,14745,6367,9
2026-10-02T09:02:09.655233953Z,3.95943,116.078746,Cloud to Cloud,14384,5537,7
2026-10-02T09:02:10.821915936Z,15.585293,120.971376,Cloud to Cloud,4508,18028,8
2026-10-02T09:02:12.996910841Z,15.502729,120.897566,Cloud to Cloud,3308,17307,5
2026-10-02T09:02:12.979258290Z,15.495876,120.870798,Cloud to Ground,13568,0,10
2026-10-02T09:02:12.701978494Z,21.886846,111.639235,Cloud to Cloud,8473,15489,7
2026-10-02T09:02:14.830626000Z,22.6284,113.9677,Cloud to Ground,25849,0,6
2026-10-02T09:02:15.796801664Z,15.541281,120.89577,Cloud to Cloud,-14719,19289,9
2026-10-02T09:02:15.144123642Z,15.519353,120.850944,Cloud to Cloud,-6002,16048,6
2026-10-02T09:02:15.038653272Z,15.504581,120.862711,Cloud to Cloud,-5746,18108,7
2026-10-02T09:02:15.078992946Z,15.512151,120.823984,Cloud to Cloud,8401,16946,7
2026-10-02T09:02:15.628208191Z,15.542402,120.917753,Cloud to Ground,13834,0,12
2026-10-02T09:02:16.118331955Z,15.687968,121.044139,Cloud to Cloud,-2653,13684,9
2026-10-02T09:02:16.152166370Z,15.686641,121.042331,Cloud to Cloud,12231,19953,10
2026-10-02T09:02:17.473216543Z,15.5136,120.88526,Cloud to Cloud,9511,15635,9
2026-10-02T09:02:17.496844811Z,15.430814,120.949091,Cloud to Cloud,11442,6054,6
2026-10-02T09:02:19.578752286Z,15.499721,120.858518,Cloud to Ground,-24954,0,11
2026-10-02T09:02:20.355367641Z,15.509685,120.877989,Cloud to Ground,-13381,0,10
2026-10-02T09:02:19.649592969Z,15.499521,120.84576,Cloud to Ground,-11054,0,6
2026-10-02T09:02:19.673485916Z,15.501053,120.853827,Cloud to Ground,-7292,0,8
2026-10-02T09:02:20.026851840Z,13.253778,120.625641,Cloud to Cloud,9504,13046,8
2026-10-02T09:02:20.594156528Z,22.633543,114.126061,Cloud to Ground,-10014,0,7
2026-10-02T09:02:21.805736816Z,6.502526,125.481145,Cloud to Cloud,14956,9549,6
2026-10-02T09:02:22.362786460Z,4.865292,118.166944,Cloud to Ground,-29406,0,20
2026-10-02T09:02:22.698015511Z,4.791088,118.190061,Cloud to Ground,-22511,0,21
2026-10-02T09:02:22.871102205Z,4.786209,118.213236,Cloud to Ground,-16769,0,24
2026-10-02T09:02:22.966712253Z,4.795831,118.213713,Cloud to Cloud,-11174,3974,22
2026-10-02T09:02:22.144926380Z,22.672151,114.062885,Cloud to Ground,12458,0,7
2026-10-02T09:02:22.863306167Z,16.284225,121.132061,Cloud to Cloud,-2322,3772,5
2026-10-02T09:02:22.206006859Z,21.61777,110.040008,Cloud to Cloud,9481,8116,6
2026-10-02T09:02:24.784406246Z,15.569913,120.911932,Cloud to Ground,-34986,0,8
2026-10-02T09:02:24.703353168Z,15.570843,120.937981,Cloud to Ground,-16289,0,11
2026-10-02T09:02:25.311643473Z,15.577066,120.934346,Cloud to Ground,-13503,0,7
2026-10-02T09:02:25.038325974Z,15.571416,120.929086,Cloud to Ground,-7361,0,10
2026-10-02T09:02:24.159175291Z,15.557519,120.821085,Cloud to Cloud,2263,4022,7
2026-10-02T09:02:25.218662619Z,15.615064,120.925976,Cloud to Cloud,6357,17154,9
2026-10-02T09:02:25.010122000Z,15.607,120.7449,Cloud to Ground,-23414,0,6
2026-10-02T09:02:26.935124685Z,15.554875,120.937302,Cloud to Cloud,-5923,15834,6
2026-10-02T09:02:26.972226034Z,15.562214,120.939226,Cloud to Cloud,3623,19903,5
2026-10-02T09:02:29.564413822Z,15.476459,120.936977,Cloud to Cloud,13233,19108,8
2026-10-02T09:02:29.759057953Z,15.4922,120.843419,Cloud to Ground,18419,0,12
2026-10-02T09:02:31.341614625Z,13.014718,120.80218,Cloud to Ground,14806,0,7
2026-10-02T09:02:31.414512917Z,12.942779,120.558413,Cloud to Cloud,-4860,13126,6
2026-10-02T09:02:32.833914989Z,5.188104,118.256681,Cloud to Ground,20410,0,20
2026-10-02T09:02:32.238716101Z,15.603558,120.933614,Cloud to Cloud,-5529,16535,7
2026-10-02T09:02:33.124817932Z,15.458732,120.823571,Cloud to Cloud,-7217,3005,6
2026-10-02T09:02:33.246334958Z,15.483694,120.875498,Cloud to Cloud,-4786,6191,7
2026-10-02T09:02:34.472062822Z,13.255445,120.65069,Cloud to Ground,-45655,0,7
2026-10-02T09:02:34.648646102Z,15.529259,120.889953,Cloud to Cloud,-5089,15141,6
2026-10-02T09:02:35.151735862Z,21.678958,110.114197,Cloud to Ground,-14268,0,8
2026-10-02T09:02:35.138868110Z,21.715501,110.087851,Cloud to Cloud,11916,5839,6
2026-10-02T09:02:36.522625522Z,1.349444,117.916046,Cloud to Cloud,-9625,17877,12
2026-10-02T09:02:36.447120801Z,15.278733,120.843267,Cloud to Cloud,-15772,4676,7
2026-10-02T09:02:37.795324134Z,5.224304,118.230476,Cloud to Ground,20894,0,16
2026-10-02T09:02:37.812340308Z,22.066841,112.074411,Cloud to Cloud,-17455,4304,6
2026-10-02T09:02:37.848847252Z,15.629474,120.923722,Cloud to Cloud,5176,10605,8
2026-10-02T09:02:37.312887467Z,15.524245,120.850808,Cloud to Cloud,7769,19716,8
2026-10-02T09:02:38.098634456Z,22.025038,110.030921,Cloud to Ground,-7160,0,7
2026-10-02T09:02:38.168502830Z,15.540125,120.850069,Cloud to Cloud,4905,3045,8
2026-10-02T09:02:39.277796391Z,21.593703,110.009164,Cloud to Ground,26464,0,12
2026-10-02T09:02:39.319585534Z,15.47927,121.08923,Cloud to Cloud,9337,3335,7
2026-10-02T09:02:39.222489497Z,15.544672,120.910529,Cloud to Cloud,11270,4623,7
2026-10-02T09:02:43.713647380Z,6.158577,117.168115,Cloud to Cloud,20862,3011,8
2026-10-02T09:02:43.360426912Z,15.491874,120.893443,Cloud to Cloud,-3060,9926,7
2026-10-02T09:02:44.082233935Z,21.553964,110.075221,Cloud to Cloud,-10572,3008,7
2026-10-02T09:02:45.977927128Z,6.562369,125.473614,Cloud to Ground,5362,0,6
2026-10-02T09:02:46.538331661Z,15.504354,120.906823,Cloud to Ground,-15404,0,10
2026-10-02T09:02:46.377088413Z,15.455783,120.887335,Cloud to Ground,-6350,0,6
2026-10-02T09:02:46.700445353Z,22.814005,114.268044,Cloud to Ground,11239,0,10
2026-10-02T09:02:46.625466692Z,21.570075,110.177822,Cloud to Cloud,-13611,3023,7
2026-10-02T09:02:46.690409534Z,21.625383,110.02489,Cloud to Cloud,3256,14781,7
2026-10-02T09:02:46.152292581Z,13.260703,120.643384,Cloud to Cloud,4413,6220,6
2026-10-02T09:02:46.193649701Z,13.262577,120.676278,Cloud to Cloud,4452,7986,7
2026-10-02T09:02:47.613417342Z,11.520999,111.568363,Cloud to Ground,22331,0,8
2026-10-02T09:02:47.590296164Z,11.553436,111.482516,Cloud to Cloud,-14431,9146,11
2026-10-02T09:02:47.559178662Z,11.52542,111.454301,Cloud to Ground,99991,0,11
2026-10-02T09:02:47.364360853Z,22.636667,114.10229,Cloud to Ground,-36694,0,9
2026-10-02T09:02:47.513341751Z,22.636782,114.097293,Cloud to Ground,-32894,0,13
2026-10-02T09:02:49.875847342Z,21.552302,110.139619,Cloud to Cloud,-21006,4176,5
2026-10-02T09:02:50.272469044Z,3.921458,116.174686,Cloud to Ground,14918,0,12
2026-10-02T09:02:49.929187000Z,3.9355,116.1124,Cloud to Ground,77977,0,9
2026-10-02T09:02:50.589696505Z,22.78457,125.268044,Cloud to Ground,15461,0,12
2026-10-02T09:02:50.586680828Z,22.857477,125.249747,Cloud to Ground,22322,0,10
2026-10-02T09:02:50.590477847Z,22.87848,125.194419,Cloud to Ground,23053,0,9
2026-10-02T09:02:50.587990797Z,22.874849,125.212368,Cloud to Ground,55598,0,9
2026-10-02T09:02:50.587416747Z,22.809474,125.385891,Cloud to Ground,11875,0,7
2026-10-02T09:02:50.445223436Z,15.515644,120.866526,Cloud to Ground,-18881,0,9
2026-10-02T09:02:51.642680845Z,5.3509,118.210345,Cloud to Cloud,-8648,18814,17
2026-10-02T09:02:51.003029831Z,21.634758,110.072749,Cloud to Cloud,14453,19850,9
2026-10-02T09:02:52.967587718Z,15.429041,121.066944,Cloud to Ground,-14365,0,10
2026-10-02T09:02:52.745532636Z,15.505684,120.873508,Cloud to Ground,-19729,0,9
2026-10-02T09:02:52.807056196Z,15.504607,120.877336,Cloud to Ground,-13087,0,10
2026-10-02T09:02:52.497348230Z,15.556302,120.915003,Cloud to Cloud,-10896,18361,8
2026-10-02T09:02:52.367308265Z,15.60936,120.919529,Cloud to Cloud,-8100,18313,6
2026-10-02T09:02:52.603692202Z,15.607144,120.93494,Cloud to Cloud,-2749,3534,7
2026-10-02T09:02:52.899567000Z,15.5117,120.9151,Cloud to Ground,345,0,13
2026-10-02T09:02:52.771718000Z,15.5056,120.7599,Cloud to Ground,-17355,0,5
2026-10-02T09:02:53.675788311Z,13.255228,120.62122,Cloud to Ground,-35221,0,11
2026-10-02T09:02:53.753628072Z,13.254534,120.621282,Cloud to Ground,-32952,0,11
2026-10-02T09:02:53.791340195Z,13.25555,120.616897,Cloud to Ground,-7414,0,6
2026-10-02T09:02:53.829763879Z,13.254341,120.619202,Cloud to Ground,-7413,0,6
2026-10-02T09:02:54.551409999Z,15.49829,120.947998,Cloud to Cloud,-7439,18706,7
2026-10-02T09:02:55.205864732Z,12.949404,120.648152,Cloud to Ground,-22074,0,9
2026-10-02T09:02:55.365369779Z,12.943878,120.65495,Cloud to Ground,-16050,0,9
2026-10-02T09:02:56.887234977Z,22.965208,124.857149,Cloud to Cloud,13065,6665,9
2026-10-02T09:02:56.883869622Z,22.989071,124.966053,Cloud to Ground,33633,0,8
2026-10-02T09:02:57.493474818Z,15.492703,120.887338,Cloud to Cloud,3769,13247,5
2026-10-02T09:02:58.556957434Z,7.521761,126.029534,Cloud to Ground,-91956,0,12
2026-10-02T09:02:58.640265577Z,7.555674,125.919288,Cloud to Ground,-11389,0,19
2026-10-02T09:02:58.645291000Z,7.5524,125.9463,Cloud to Ground,-7654,0,6
2026-10-02T09:02:58.572568291Z,7.521765,126.037143,Cloud to Ground,23812,0,8
2026-10-02T09:02:58.677351523Z,22.695028,114.193308,Cloud to Ground,-22590,0,5
2026-10-02T09:02:58.995532059Z,22.66617,114.10264,Cloud to Ground,-10760,0,7
2026-10-02T09:02:59.386307000Z,13.276,120.6144,Cloud to Ground,-7666,0,6
2026-10-02T09:03:00.059584601Z,15.519351,120.901312,Cloud to Cloud,-8496,16590,7
2026-10-02T09:03:00.145480057Z,22.233348,110.038661,Cloud to Cloud,-1597,16159,6
2026-10-02T09:03:01.479293899Z,11.793178,111.461474,Cloud to Ground,37256,0,24
2026-10-02T09:03:01.321104904Z,11.515709,111.552541,Cloud to Ground,-27118,0,11
2026-10-02T09:03:01.354104153Z,11.473299,111.467385,Cloud to Cloud,-26505,16663,5
2026-10-02T09:03:01.374198084Z,11.511647,111.544672,Cloud to Ground,7584,0,6
2026-10-02T09:03:01.398654715Z,11.474169,111.473207,Cloud to Ground,24418,0,8
2026-10-02T09:03:01.926465954Z,15.484012,120.896421,Cloud to Cloud,-9008,15839,6
2026-10-02T09:03:02.196519445Z,15.406166,120.904316,Cloud to Cloud,1580,3018,7
2026-10-02T09:03:03.517022000Z,15.585,120.8852,Cloud to Ground,-24555,0,7
2026-10-02T09:03:03.347151519Z,15.568032,120.945816,Cloud to Ground,-18309,0,10
2026-10-02T09:03:04.269914012Z,15.568808,120.95252,Cloud to Ground,-16023,0,10
2026-10-02T09:03:03.755435070Z,15.570839,120.950262,Cloud to Ground,-15467,0,11
2026-10-02T09:03:03.404471877Z,15.568779,120.95001,Cloud to Ground,-13247,0,11
2026-10-02T09:03:03.624537424Z,15.567156,120.950745,Cloud to Ground,-12782,0,10
2026-10-02T09:03:03.944481775Z,15.567255,120.954833,Cloud to Ground,-9421,0,8
2026-10-02T09:03:04.575048381Z,15.570503,120.944257,Cloud to Ground,-8005,0,8
2026-10-02T09:03:03.965377548Z,15.570488,120.950946,Cloud to Ground,-7678,0,6
2026-10-02T09:03:03.887122473Z,15.568584,120.960256,Cloud to Ground,-7200,0,7
2026-10-02T09:03:04.145007047Z,15.568341,120.959096,Cloud to Ground,-6812,0,6
2026-10-02T09:03:05.261056475Z,4.795578,117.400388,Cloud to Ground,13427,0,18
2026-10-02T09:03:05.622981592Z,15.518669,120.916182,Cloud to Cloud,-2767,8310,5
2026-10-02T09:03:05.809047384Z,15.573941,120.901622,Cloud to Cloud,5680,8360,6
2026-10-02T09:03:05.684114087Z,15.491743,120.826821,Cloud to Cloud,-4686,5619,7
2026-10-02T09:03:06.914333914Z,22.705445,114.073107,Cloud to Ground,-20598,0,8
2026-10-02T09:03:07.383625853Z,13.259769,120.574714,Cloud to Cloud,5321,6283,6
2026-10-02T09:03:07.556864259Z,15.525877,120.937493,Cloud to Cloud,-5898,16718,5
2026-10-02T09:03:09.593346000Z,7.4313,125.5405,Cloud to Ground,-30599,0,5
2026-10-02T09:03:10.843663928Z,15.526294,120.802397,Cloud to Cloud,-4276,19133,7
2026-10-02T09:03:11.933044613Z,22.659626,113.920388,Cloud to Ground,28567,0,12
2026-10-02T09:03:11.685629586Z,21.68487,110.168077,Cloud to Cloud,-11030,16904,8
2026-10-02T09:03:12.075512486Z,15.58127,120.854357,Cloud to Cloud,-10230,19952,6
2026-10-02T09:03:13.327122274Z,15.528161,120.932692,Cloud to Cloud,-7109,3002,9
2026-10-02T09:03:13.454691834Z,15.54302,120.908578,Cloud to Cloud,-5712,19044,9
2026-10-02T09:03:13.557108005Z,15.477896,120.938974,Cloud to Cloud,7930,6024,11
2026-10-02T09:03:15.781767100Z,13.912948,117.853072,Cloud to Ground,-9614,0,8
2026-10-02T09:03:17.145399594Z,21.62534,110.153474,Cloud to Cloud,12676,3818,5
2026-10-02T09:03:17.018287649Z,21.589722,110.005165,Cloud to Cloud,11711,17644,7
2026-10-02T09:03:18.518194098Z,15.496438,120.905847,Cloud to Cloud,4339,3223,6
2026-10-02T09:03:19.936951807Z,15.61053,120.885249,Cloud to Cloud,4698,15926,6
2026-10-02T09:03:20.153448435Z,15.600546,120.847365,Cloud to Cloud,6937,19062,8
2026-10-02T09:03:20.066053937Z,15.617703,120.944285,Cloud to Cloud,11824,3008,5
2026-10-02T09:03:20.812641095Z,13.257202,120.637449,Cloud to Ground,-35062,0,11
2026-10-02T09:03:20.749502683Z,13.257931,120.637908,Cloud to Ground,-27693,0,12
2026-10-02T09:03:20.788154361Z,13.256339,120.644938,Cloud to Cloud,-6196,10951,6
2026-10-02T09:03:20.389948315Z,22.707798,114.139691,Cloud to Cloud,-11443,3030,7
2026-10-02T09:03:23.757681722Z,0.610322,110.36989,Cloud to Ground,14565,0,16
2026-10-02T09:03:23.520867937Z,0.615394,110.366204,Cloud to Ground,48092,0,22
2026-10-02T09:03:23.389209086Z,22.095378,110.010167,Cloud to Cloud,-11755,5623,11
2026-10-02T09:03:24.461636908Z,22.669104,114.087151,Cloud to Ground,-11063,0,8
2026-10-02T09:03:24.279409952Z,15.41844,120.821154,Cloud to Ground,47058,0,11
2026-10-02T09:03:24.486804298Z,15.414775,120.964888,Cloud to Ground,-11018,0,9
2026-10-02T09:03:26.942271904Z,8.055028,126.489172,Cloud to Ground,-14096,0,16
2026-10-02T09:03:26.307006586Z,12.95613,120.623873,Cloud to Cloud,4806,15758,5
2026-10-02T09:03:28.035102908Z,15.500003,120.851055,Cloud to Ground,-24974,0,9
2026-10-02T09:03:28.030135546Z,15.517402,120.862337,Cloud to Cloud,-13402,19876,7
2026-10-02T09:03:28.144615697Z,15.499228,120.872683,Cloud to Ground,-12139,0,7
2026-10-02T09:03:28.064212976Z,15.502297,120.8484,Cloud to Ground,-9627,0,9
2026-10-02T09:03:28.563539000Z,15.4646,120.7274,Cloud to Ground,-30190,0,9
2026-10-02T09:03:29.576652743Z,6.488547,125.5005,Cloud to Ground,-30012,0,19
2026-10-02T09:03:29.957824529Z,15.588391,120.915932,Cloud to Cloud,-15899,17100,11
2026-10-02T09:03:30.346530748Z,15.472742,120.839841,Cloud to Cloud,-9873,3002,6
2026-10-02T09:03:31.329175204Z,16.81041,121.136518,Cloud to Cloud,17981,8011,9
2026-10-02T09:03:32.370761000Z,11.5204,111.5067,Cloud to Ground,66012,0,18
2026-10-02T09:03:32.674611000Z,17.3633,120.8894,Cloud to Ground,-24621,0,6
2026-10-02T09:03:33.711807859Z,3.941279,116.09534,Cloud to Ground,11480,0,13
2026-10-02T09:03:33.615087700Z,22.008064,110.059809,Cloud to Cloud,-5492,15655,6
2026-10-02T09:03:33.403286817Z,15.511504,120.863673,Cloud to Cloud,7304,19674,9
2026-10-02T09:03:35.666408122Z,1.264692,118.004111,Cloud to Ground,9873,0,9
2026-10-02T09:03:35.301765000Z,12.8593,120.7811,Cloud to Ground,-51334,0,6
2026-10-02T09:03:35.330605000Z,12.8671,120.7265,Cloud to Ground,-22485,0,6
2026-10-02T09:03:35.512140903Z,12.845478,120.794667,Cloud to Cloud,5554,8361,5
2026-10-02T09:03:36.191665787Z,15.638449,120.831469,Cloud to Ground,-11538,0,12
2026-10-02T09:03:38.622224913Z,5.198308,118.172211,Cloud to Ground,15608,0,18
2026-10-02T09:03:38.179404591Z,15.503136,120.911624,Cloud to Cloud,-13374,11992,10
2026-10-02T09:03:38.353301505Z,15.494434,120.916617,Cloud to Ground,-6494,0,10
2026-10-02T09:03:38.193196959Z,15.49978,120.900232,Cloud to Cloud,9055,17516,11
2026-10-02T09:03:38.003834725Z,22.390327,114.494392,Cloud to Cloud,-9367,5888,8
2026-10-02T09:03:38.101442825Z,21.941026,111.793603,Cloud to Cloud,-8320,3233,6
2026-10-02T09:03:38.120258000Z,6.357,125.0373,Cloud to Ground,11188,0,6
2026-10-02T09:03:40.817904295Z,15.437032,120.777888,Cloud to Cloud,-7167,3004,8
2026-10-02T09:03:41.954233992Z,5.2442,118.283874,Cloud to Ground,-24170,0,22
2026-10-02T09:03:41.381678490Z,15.416418,120.912361,Cloud to Cloud,13784,3003,9
2026-10-02T09:03:43.880289305Z,13.192306,120.678599,Cloud to Cloud,-5088,19662,8
2026-10-02T09:03:43.883994000Z,13.2158,120.4555,Cloud to Ground,-21607,0,5
2026-10-02T09:03:44.038636211Z,13.251496,120.60293,Cloud to Ground,-12264,0,9
2026-10-02T09:03:43.937414311Z,13.252624,120.604276,Cloud to Ground,-8071,0,6
2026-10-02T09:03:44.041084903Z,13.269491,120.615445,Cloud to Cloud,-5321,4463,5
2026-10-02T09:03:45.303463697Z,6.51586,125.489034,Cloud to Ground,-31175,0,20
2026-10-02T09:03:45.283793385Z,6.511799,125.517945,Cloud to Ground,-23968,0,11
2026-10-02T09:03:45.384952454Z,6.505585,125.41131,Cloud to Ground,-15292,0,10
2026-10-02T09:03:45.580328000Z,6.5376,125.5385,Cloud to Ground,-12430,0,10
2026-10-02T09:03:45.216435227Z,15.500103,120.848235,Cloud to Ground,-41116,0,10
2026-10-02T09:03:45.511710720Z,15.503853,120.84435,Cloud to Ground,-11336,0,6
2026-10-02T09:03:46.096527835Z,15.518602,120.800282,Cloud to Cloud,7967,4475,9
2026-10-02T09:03:45.327033000Z,15.6504,120.9019,Cloud to Ground,33924,0,5
2026-10-02T09:03:46.577559083Z,21.583881,110.036657,Cloud to Cloud,-12294,16340,6
2026-10-02T09:03:49.986792862Z,4.910641,118.233027,Cloud to Cloud,13878,3022,7
2026-10-02T09:03:49.246053461Z,15.565642,120.96371,Cloud to Cloud,4676,15460,5
2026-10-02T09:03:49.157163171Z,21.901797,111.923568,Cloud to Cloud,-14077,17229,7
2026-10-02T09:03:50.026023943Z,4.800791,118.228957,Cloud to Ground,-12349,0,28
2026-10-02T09:03:50.295776000Z,4.8258,118.1374,Cloud to Ground,34721,0,5
2026-10-02T09:03:50.722754358Z,3.854275,116.10964,Cloud to Ground,-18402,0,20
2026-10-02T09:03:50.448644823Z,3.884611,116.078737,Cloud to Ground,-14679,0,15
2026-10-02T09:03:50.784604149Z,12.943607,120.638328,Cloud to Ground,-24236,0,11
2026-10-02T09:03:50.759982583Z,12.880174,120.691911,Cloud to Cloud,-7236,5025,8
2026-10-02T09:03:53.535990933Z,22.127708,111.615525,Cloud to Cloud,-14845,4857,8
2026-10-02T09:03:54.417696847Z,22.930535,125.104706,Cloud to Cloud,11538,18133,7
2026-10-02T09:03:54.089006179Z,15.537336,120.873847,Cloud to Ground,-16169,0,8
2026-10-02T09:03:54.001941595Z,15.534509,120.886006,Cloud to Ground,-9414,0,7
2026-10-02T09:03:54.167360429Z,21.679009,110.091111,Cloud to Ground,-14371,0,9
2026-10-02T09:03:57.137638953Z,7.867014,126.554775,Cloud to Ground,19892,0,15
2026-10-02T09:03:57.207426904Z,15.57488,120.924891,Cloud to Ground,-14310,0,9
2026-10-02T09:03:57.085985212Z,15.44627,120.942202,Cloud to Cloud,-12010,3077,5
2026-10-02T09:03:57.150560898Z,15.551846,120.926895,Cloud to Ground,-10691,0,9
2026-10-02T09:03:56.802956093Z,15.501781,120.879794,Cloud to Cloud,-7690,5157,8
2026-10-02T09:03:57.938537761Z,15.443448,120.828691,Cloud to Ground,-19222,0,9
2026-10-02T09:03:58.069944192Z,15.46398,120.834158,Cloud to Ground,-10576,0,9
2026-10-02T09:03:57.345839000Z,15.3479,120.7574,Cloud to Ground,1688,0,5
2026-10-02T09:03:57.137232926Z,22.746284,114.223246,Cloud to Cloud,13774,6580,7
2026-10-02T09:03:58.062361857Z,10.561644,125.047083,Cloud to Ground,-15692,0,10
2026-10-02T09:03:59.572379814Z,15.519495,120.943979,Cloud to Cloud,-4354,10560,5
2026-10-02T09:04:00.040520935Z,11.572111,111.489188,Cloud to Ground,8790,0,7
2026-10-02T09:04:00.039668774Z,11.523723,111.48933,Cloud to Ground,15896,0,7
2026-10-02T09:04:00.038357621Z,11.561442,111.468436,Cloud to Ground,21074,0,7
2026-10-02T09:04:01.199818953Z,15.50776,120.90434,Cloud to Cloud,-7934,3012,7
2026-10-02T09:04:01.264720000Z,21.6732,110.1918,Cloud to Ground,-80759,0,6
2026-10-02T09:04:02.246250207Z,15.501198,120.858739,Cloud to Ground,-33692,0,12
2026-10-02T09:04:02.314128149Z,15.500968,120.857137,Cloud to Ground,-20975,0,10
2026-10-02T09:04:02.430451721Z,15.503589,120.860056,Cloud to Ground,-11365,0,10
2026-10-02T09:04:02.465514231Z,15.500484,120.850057,Cloud to Ground,-10832,0,10
2026-10-02T09:04:02.491452216Z,15.500642,120.864738,Cloud to Ground,-5424,0,5
2026-10-02T09:04:02.685526825Z,22.615608,114.113467,Cloud to Ground,39909,0,10
2026-10-02T09:04:03.979829800Z,13.250071,120.635101,Cloud to Ground,-21747,0,8
2026-10-02T09:04:03.929727493Z,13.245502,120.608591,Cloud to Ground,-20745,0,8
2026-10-02T09:04:04.089459518Z,13.252143,120.642048,Cloud to Ground,-13186,0,7
2026-10-02T09:04:04.082915564Z,13.247494,120.627546,Cloud to Ground,-6998,0,6
2026-10-02T09:04:04.023371126Z,13.247312,120.62582,Cloud to Ground,-6990,0,6
2026-10-02T09:04:03.518459888Z,22.573165,114.102335,Cloud to Ground,16845,0,7
2026-10-02T09:04:06.095948439Z,15.606773,120.920254,Cloud to Ground,-11467,0,7
2026-10-02T09:04:06.730643000Z,12.8273,120.6813,Cloud to Ground,9258,0,6
2026-10-02T09:04:07.513903957Z,5.254807,118.283329,Cloud to Ground,13013,0,12
2026-10-02T09:04:07.388747533Z,13.881883,120.915908,Cloud to Cloud,4837,16657,6
2026-10-02T09:04:07.145794412Z,13.863722,120.879292,Cloud to Cloud,8463,17485,8
2026-10-02T09:04:08.026544320Z,21.645372,110.061593,Cloud to Ground,-8535,0,7
2026-10-02T09:04:07.802690312Z,21.686618,110.09173,Cloud to Cloud,-3068,18918,5
2026-10-02T09:04:08.981493711Z,15.42557,120.801372,Cloud to Cloud,6082,3308,7
2026-10-02T09:04:09.721768718Z,15.503387,120.966571,Cloud to Cloud,-6299,3005,6
2026-10-02T09:04:09.978075049Z,15.562789,120.970845,Cloud to Cloud,-3975,19698,6
2026-10-02T09:04:11.281385394Z,15.375435,120.965097,Cloud to Cloud,-14217,12843,8
2026-10-02T09:04:11.618026584Z,15.505394,120.880131,Cloud to Cloud,-5747,3000,8
2026-10-02T09:04:12.335066910Z,15.521035,120.969463,Cloud to Cloud,-3454,14115,6
2026-10-02T09:04:12.243894448Z,15.528554,120.954036,Cloud to Cloud,2119,11364,5
2026-10-02T09:04:11.457510102Z,15.513108,120.892159,Cloud to Cloud,5297,19235,6
2026-10-02T09:04:11.656187399Z,15.508008,120.861839,Cloud to Cloud,11106,5087,9
2026-10-02T09:04:11.570324086Z,21.898147,111.664129,Cloud to Cloud,-11793,3054,7
2026-10-02T09:04:11.644312008Z,21.892928,111.547601,Cloud to Ground,22201,0,12
2026-10-02T09:04:13.824757826Z,5.213025,118.248577,Cloud to Cloud,-12091,7959,14
2026-10-02T09:04:13.773193000Z,5.2438,118.1854,Cloud to Ground,8891,0,7
2026-10-02T09:04:13.622230173Z,15.512804,120.796465,Cloud to Cloud,-8697,19193,10
2026-10-02T09:04:13.746671009Z,15.511442,120.780756,Cloud to Cloud,10814,5453,8
2026-10-02T09:04:14.273162044Z,15.635251,120.904192,Cloud to Cloud,-1712,10674,7
2026-10-02T09:04:14.866324110Z,15.506247,120.892093,Cloud to Ground,-7198,0,5
2026-10-02T09:04:14.846463000Z,15.6822,121.231,Cloud to Ground,-7448,0,5
2026-10-02T09:04:14.294521158Z,13.424374,120.659369,Cloud to Cloud,-19697,3088,7
2026-10-02T09:04:15.377974187Z,7.934397,126.603332,Cloud to Cloud,9547,19151,16
2026-10-02T09:04:16.867265140Z,12.960058,120.632334,Cloud to Cloud,4972,17325,6
2026-10-02T09:04:17.945611363Z,0.539458,110.393608,Cloud to Ground,36508,0,22
2026-10-02T09:04:16.686398677Z,15.513679,120.904292,Cloud to Cloud,3960,17329,5
2026-10-02T09:04:17.238122831Z,15.460516,120.916576,Cloud to Cloud,4892,13962,5
2026-10-02T09:04:18.705575123Z,15.538933,120.911099,Cloud to Cloud,6869,16073,5
2026-10-02T09:04:19.277702925Z,22.585989,114.197036,Cloud to Cloud,-8296,3000,6
2026-10-02T09:04:20.297882230Z,15.486034,120.847153,Cloud to Cloud,-2624,18067,6
2026-10-02T09:04:21.462582989Z,6.46952,125.503425,Cloud to Ground,-25298,0,18
2026-10-02T09:04:21.317805071Z,6.55107,125.458961,Cloud to Ground,-20381,0,14
2026-10-02T09:04:21.370188000Z,6.5226,125.523,Cloud to Ground,-6445,0,6
2026-10-02T09:04:21.810789535Z,15.586016,120.948221,Cloud to Cloud,5310,17815,5
2026-10-02T09:04:22.536378162Z,13.20012,120.654302,Cloud to Cloud,8064,14990,7
2026-10-02T09:04:23.768987061Z,6.252568,125.119783,Cloud to Ground,13955,0,12
2026-10-02T09:04:23.257671180Z,22.752543,114.03271,Cloud to Ground,-11465,0,7
2026-10-02T09:04:24.294611000Z,7.9767,126.42,Cloud to Ground,-126858,0,11
2026-10-02T09:04:24.620541049Z,7.953585,126.441414,Cloud to Ground,-21836,0,12
2026-10-02T09:04:24.356132831Z,7.972529,126.287265,Cloud to Ground,-19909,0,20
2026-10-02T09:04:24.301471935Z,7.968035,126.393193,Cloud to Ground,-14732,0,10
2026-10-02T09:04:24.304271072Z,7.975626,126.333474,Cloud to Cloud,16873,6359,18
2026-10-02T09:04:25.296059363Z,15.51101,120.886562,Cloud to Cloud,-12315,14084,9
2026-10-02T09:04:26.858544633Z,15.528771,120.791211,Cloud to Cloud,-7381,19801,10
2026-10-02T09:04:27.386893022Z,4.834144,118.081415,Cloud to Ground,16018,0,18
2026-10-02T09:04:27.682059680Z,22.76314,114.387606,Cloud to Ground,-10577,0,7
2026-10-02T09:04:27.838953169Z,22.761536,114.397878,Cloud to Ground,-9621,0,7
2026-10-02T09:04:27.836251690Z,22.673216,114.066985,Cloud to Ground,-9144,0,8
2026-10-02T09:04:27.800050376Z,15.520786,120.874252,Cloud to Cloud,-9049,19104,9
2026-10-02T09:04:28.959818733Z,13.260067,120.603289,Cloud to Ground,-21010,0,10
2026-10-02T09:04:28.894742296Z,13.234026,120.635148,Cloud to Ground,-16714,0,10
2026-10-02T09:04:29.052262155Z,13.259269,120.597848,Cloud to Ground,-8829,0,5
2026-10-02T09:04:29.592350518Z,15.571817,120.906081,Cloud to Ground,-14809,0,13
2026-10-02T09:04:29.287433306Z,15.492469,120.897288,Cloud to Cloud,-8728,16077,7
2026-10-02T09:04:30.620439917Z,15.579707,120.818682,Cloud to Cloud,8748,17610,10
2026-10-02T09:04:30.901602715Z,15.44905,120.886187,Cloud to Ground,-24760,0,7
2026-10-02T09:04:30.840953754Z,15.51032,120.889361,Cloud to Ground,-18376,0,8
2026-10-02T09:04:31.014142873Z,15.507439,120.894043,Cloud to Ground,-7103,0,6
2026-10-02T09:04:30.623876404Z,15.525388,120.904754,Cloud to Cloud,-6572,16094,11
2026-10-02T09:04:31.093007956Z,15.511818,120.894774,Cloud to Ground,-6567,0,7
2026-10-02T09:04:31.147844684Z,15.512117,120.895995,Cloud to Ground,-6159,0,5
2026-10-02T09:04:30.497799260Z,22.880964,125.571184,Cloud to Cloud,-6626,10216,5
2026-10-02T09:04:30.509872176Z,22.829175,125.609941,Cloud to Cloud,6932,11004,5
2026-10-02T09:04:31.543856760Z,11.523181,111.547322,Cloud to Ground,-10677,0,9
2026-10-02T09:04:31.961374358Z,15.615241,120.910751,Cloud to Cloud,-3788,5749,7
2026-10-02T09:04:31.169993836Z,21.839772,112.359525,Cloud to Cloud,-13865,3014,8
2026-10-02T09:04:31.254679984Z,22.331922,110.030737,Cloud to Cloud,15174,18072,10
2026-10-02T09:04:32.837008692Z,21.576482,110.074372,Cloud to Ground,12142,0,8
2026-10-02T09:04:34.123277674Z,15.512393,120.911055,Cloud to Cloud,-4979,3938,8
2026-10-02T09:04:33.659259062Z,15.509163,120.842179,Cloud to Cloud,4214,16569,7
2026-10-02T09:04:33.688517684Z,15.437124,120.883414,Cloud to Cloud,6869,17570,7
2026-10-02T09:04:33.105632827Z,22.053713,111.820667,Cloud to Cloud,16012,7641,6
2026-10-02T09:04:35.654569432Z,15.48353,120.91101,Cloud to Cloud,-7043,7453,7
2026-10-02T09:04:37.579080340Z,5.251396,118.328611,Cloud to Ground,-7259,0,12
2026-10-02T09:04:37.370114316Z,15.485733,120.783784,Cloud to Cloud,-9566,4568,8
2026-10-02T09:04:39.020873714Z,15.533927,120.916521,Cloud to Cloud,-6041,4645,7
2026-10-02T09:04:39.062684075Z,15.584741,121.009967,Cloud to Cloud,-5727,15696,8
2026-10-02T09:04:38.998203540Z,15.540838,120.98109,Cloud to Cloud,-5333,5630,6
2026-10-02T09:04:39.884481435Z,11.515203,111.54728,Cloud to Ground,-40585,0,11
2026-10-02T09:04:40.171830919Z,11.546616,111.540909,Cloud to Ground,6144,0,5
2026-10-02T09:04:40.122532325Z,11.547106,111.513949,Cloud to Ground,12781,0,7
2026-10-02T09:04:40.251873471Z,11.54611,111.546341,Cloud to Ground,19376,0,8
2026-10-02T09:04:40.035781201Z,11.51647,111.470007,Cloud to Ground,28222,0,11
2026-10-02T09:04:40.056285853Z,11.536105,111.572517,Cloud to Ground,35948,0,9
2026-10-02T09:04:40.666133584Z,15.406615,120.933282,Cloud to Cloud,6936,5025,6
2026-10-02T09:04:41.362880396Z,15.509858,120.963997,Cloud to Cloud,11606,11451,6
2026-10-02T09:04:40.764703885Z,15.469372,120.911913,Cloud to Cloud,13696,16179,11
2026-10-02T09:04:41.029462874Z,4.641493,116.252281,Cloud to Ground,-18836,0,20
2026-10-02T09:04:40.918326284Z,4.619924,116.253155,Cloud to Ground,-15198,0,20
2026-10-02T09:04:41.728046472Z,6.534785,125.386561,Cloud to Ground,-50400,0,11
2026-10-02T09:04:41.772433731Z,6.584484,125.316612,Cloud to Cloud,-9861,12184,9
2026-10-02T09:04:41.721650634Z,6.501749,125.274125,Cloud to Cloud,-11104,17585,8
2026-10-02T09:04:41.541232000Z,7.3055,125.4743,Cloud to Ground,-31409,0,8
2026-10-02T09:04:43.737924384Z,7.917381,126.698228,Cloud to Ground,-27186,0,10
2026-10-02T09:04:43.903313000Z,7.9118,126.591,Cloud to Ground,-27675,0,6
2026-10-02T09:04:43.978974309Z,7.993365,126.628307,Cloud to Ground,-23302,0,15
2026-10-02T09:04:43.805085782Z,7.98562,126.618146,Cloud to Ground,-14543,0,14
2026-10-02T09:04:43.868647780Z,7.936636,126.546809,Cloud to Ground,-13183,0,18
2026-10-02T09:04:43.713153166Z,5.245057,118.254073,Cloud to Ground,12991,0,16
2026-10-02T09:04:44.876346020Z,13.291362,120.642777,Cloud to Cloud,-5550,14841,7
2026-10-02T09:04:44.225457528Z,22.934283,114.541255,Cloud to Ground,-12209,0,7
2026-10-02T09:04:44.480682497Z,21.653261,110.119444,Cloud to Cloud,-25184,19914,10
2026-10-02T09:04:44.510624424Z,21.65699,110.135691,Cloud to Cloud,-10930,3135,7
2026-10-02T09:04:45.591888094Z,15.494619,120.821701,Cloud to Cloud,-15940,19058,13
2026-10-02T09:04:45.692265755Z,15.499604,120.828834,Cloud to Cloud,-12897,17838,9
2026-10-02T09:04:47.020302755Z,15.522916,120.871043,Cloud to Cloud,-7229,5968,9
2026-10-02T09:04:47.046982150Z,15.523812,120.929613,Cloud to Cloud,-6516,13143,11
2026-10-02T09:04:46.999433274Z,15.524898,120.920204,Cloud to Cloud,-3622,18536,7
2026-10-02T09:04:48.066240379Z,15.500335,120.849544,Cloud to Ground,-45326,0,11
2026-10-02T09:04:47.951467245Z,15.502199,120.847955,Cloud to Ground,-26927,0,11
2026-10-02T09:04:48.178192479Z,15.50345,120.84695,Cloud to Ground,-16489,0,10
2026-10-02T09:04:48.200979153Z,15.502408,120.843416,Cloud to Ground,-14593,0,10
2026-10-02T09:04:48.251064093Z,15.502158,120.845631,Cloud to Ground,-13030,0,11
2026-10-02T09:04:48.285263267Z,15.499807,120.853436,Cloud to Ground,-11237,0,7
2026-10-02T09:04:48.220789414Z,15.498323,120.862791,Cloud to Ground,-8921,0,8
2026-10-02T09:04:48.670526518Z,15.477438,120.888999,Cloud to Cloud,-8574,10798,9
2026-10-02T09:04:48.634400724Z,16.127796,121.174739,Cloud to Cloud,13131,13230,9
2026-10-02T09:04:50.719741099Z,0.597308,110.23421,Cloud to Cloud,-12638,5524,16
2026-10-02T09:04:50.377790465Z,11.536987,111.561498,Cloud to Ground,-15840,0,6
2026-10-02T09:04:51.239573490Z,15.404007,120.843749,Cloud to Cloud,-15897,4104,7
2026-10-02T09:04:51.162836345Z,15.427021,120.928728,Cloud to Cloud,-4210,3001,6
2026-10-02T09:04:51.418778506Z,15.563201,120.869315,Cloud to Cloud,4847,18825,7
2026-10-02T09:04:52.290730537Z,22.65495,114.105941,Cloud to Cloud,-8038,3004,7
2026-10-02T09:04:52.643900090Z,15.429274,120.951318,Cloud to Cloud,3472,18883,6
2026-10-02T09:04:53.575418739Z,12.748462,120.831924,Cloud to Cloud,10363,16465,8
2026-10-02T09:04:53.903582448Z,15.622129,120.879452,Cloud to Cloud,9401,15052,8
2026-10-02T09:04:53.879286716Z,15.628712,120.885725,Cloud to Cloud,9578,7560,8
2026-10-02T09:04:54.702795590Z,6.449735,125.531159,Cloud to Cloud,6981,16976,6
2026-10-02T09:04:55.135021813Z,22.808803,114.37983,Cloud to Ground,18671,0,8
2026-10-02T09:04:55.910554510Z,21.69771,110.111067,Cloud to Cloud,-14537,3847,9
2026-10-02T09:04:55.985568390Z,15.582486,120.97072,Cloud to Cloud,-3925,14130,6
2026-10-02T09:04:56.111239563Z,15.460997,121.004111,Cloud to Cloud,4649,6771,7
2026-10-02T09:04:56.260452514Z,15.48357,120.98285,Cloud to Cloud,4800,6118,8
2026-10-02T09:04:57.058104833Z,15.577091,120.869712,Cloud to Cloud,-5057,3173,8
2026-10-02T09:04:56.878170031Z,15.579944,120.88055,Cloud to Cloud,5226,19647,6
2026-10-02T09:04:56.909773506Z,15.582909,120.86172,Cloud to Cloud,6316,19850,10
2026-10-02T09:04:56.620335155Z,22.049343,110.06282,Cloud to Cloud,-12609,3035,8
2026-10-02T09:04:57.784019470Z,22.261092,111.692731,Cloud to Ground,26200,0,6
2026-10-02T09:04:57.214567449Z,16.911599,121.623374,Cloud to Cloud,9267,5413,8
2026-10-02T09:04:58.483957249Z,13.26064,120.609841,Cloud to Cloud,4637,17521,7
2026-10-02T09:05:00.176176883Z,5.334244,118.227111,Cloud to Cloud,35974,3031,7
2026-10-02T09:05:00.025369077Z,15.502969,120.916615,Cloud to Cloud,-8216,18206,11
2026-10-02T09:04:59.809009903Z,15.458706,120.906201,Cloud to Cloud,-5264,6510,6
2026-10-02T09:05:01.549795896Z,21.496653,110.012045,Cloud to Cloud,18396,3027,6
2026-10-02T09:05:01.732257844Z,21.585635,110.046213,Cloud to Cloud,-12765,3371,7
2026-10-02T09:05:02.012564869Z,4.636205,117.504531,Cloud to Cloud,-29700,3013,11
2026-10-02T09:05:02.107247802Z,4.619678,117.466499,Cloud to Cloud,12942,3578,16
2026-10-02T09:05:02.182469686Z,4.713882,117.468359,Cloud to Ground,29240,0,7
2026-10-02T09:05:02.819323295Z,22.007542,110.018962,Cloud to Cloud,-4268,19601,6
2026-10-02T09:05:03.158572124Z,15.507684,120.850361,Cloud to Ground,-64899,0,10
2026-10-02T09:05:03.537596862Z,15.507748,120.846053,Cloud to Ground,-20623,0,12
2026-10-02T09:05:03.320867717Z,15.510393,120.849569,Cloud to Ground,-14863,0,10
2026-10-02T09:05:03.463341467Z,15.510031,120.848891,Cloud to Ground,-14091,0,10
2026-10-02T09:05:03.210781984Z,15.509637,120.850562,Cloud to Ground,-14066,0,10
2026-10-02T09:05:03.376871265Z,15.510284,120.848535,Cloud to Ground,-12849,0,10
2026-10-02T09:05:03.257961794Z,15.50856,120.853288,Cloud to Ground,-11902,0,10
2026-10-02T09:05:03.588282797Z,15.509772,120.856317,Cloud to Ground,-8183,0,6
2026-10-02T09:05:03.699255824Z,15.512107,120.855646,Cloud to Ground,-7921,0,8
2026-10-02T09:05:03.724528258Z,15.509441,120.857442,Cloud to Ground,-6829,0,5
2026-10-02T09:05:03.276744791Z,15.509534,120.856927,Cloud to Ground,-5865,0,5
2026-10-02T09:05:03.426683491Z,22.301205,110.191908,Cloud to Cloud,-22625,3219,7
2026-10-02T09:05:04.937838774Z,5.230205,118.229503,Cloud to Cloud,19952,5941,20
2026-10-02T09:05:04.779379274Z,22.090259,110.006931,Cloud to Ground,-24498,0,7
2026-10-02T09:05:06.458262836Z,15.592306,120.943404,Cloud to Cloud,-5225,3725,6
2026-10-02T09:05:06.503857753Z,15.58665,120.934271,Cloud to Cloud,4972,6971,6
2026-10-02T09:05:06.398398676Z,15.598754,120.96528,Cloud to Ground,5977,0,8
2026-10-02T09:05:06.265456892Z,15.594608,120.931344,Cloud to Cloud,7967,3221,12
2026-10-02T09:05:06.226905342Z,15.511054,120.872488,Cloud to Cloud,-9572,16856,7
2026-10-02T09:05:06.369381350Z,15.46894,120.912754,Cloud to Cloud,4185,3734,9
2026-10-02T09:05:06.289231349Z,16.184793,120.787903,Cloud to Cloud,-14890,10954,7
2026-10-02T09:05:07.286923980Z,22.127424,111.629243,Cloud to Cloud,-15827,3007,8
2026-10-02T09:05:07.310837973Z,22.073588,111.667808,Cloud to Ground,17312,0,9
2026-10-02T09:05:09.094103447Z,15.494334,120.845019,Cloud to Cloud,-9141,3014,6
2026-10-02T09:05:10.655298537Z,22.678458,114.001594,Cloud to Cloud,-9053,3028,7
2026-10-02T09:05:10.987308183Z,11.534377,111.545273,Cloud to Ground,8616,0,6
2026-10-02T09:05:11.765490244Z,15.516734,120.828363,Cloud to Cloud,5396,4526,8
2026-10-02T09:05:11.284684947Z,15.524869,120.950995,Cloud to Cloud,-9877,14748,10
2026-10-02T09:05:12.881576400Z,13.201639,120.728475,Cloud to Cloud,-10852,3062,7
2026-10-02T09:05:12.823775413Z,13.26597,120.625092,Cloud to Ground,-53511,0,11
2026-10-02T09:05:12.971002000Z,13.3261,120.5966,Cloud to Ground,-29159,0,9
2026-10-02T09:05:13.086433223Z,13.262483,120.615207,Cloud to Ground,-17644,0,9
2026-10-02T09:05:13.140148145Z,13.261632,120.612742,Cloud to Ground,-7831,0,6
2026-10-02T09:05:12.920023728Z,13.262328,120.62001,Cloud to Ground,-7696,0,5
2026-10-02T09:05:13.267202777Z,13.261024,120.615865,Cloud to Ground,-6988,0,6
2026-10-02T09:05:13.878297479Z,6.582879,125.458336,Cloud to Ground,-43199,0,16
2026-10-02T09:05:13.725497000Z,6.5293,125.4885,Cloud to Ground,-7055,0,5
2026-10-02T09:05:15.346153675Z,15.518587,120.87622,Cloud to Cloud,-3958,12690,5
2026-10-02T09:05:17.832145009Z,15.496484,120.846889,Cloud to Ground,-29957,0,11
2026-10-02T09:05:17.289050053Z,15.493354,120.846378,Cloud to Ground,-28462,0,10
2026-10-02T09:05:18.562598676Z,15.476281,120.895289,Cloud to Cloud,-4720,16624,7
2026-10-02T09:05:19.864357208Z,21.636198,110.08145,Cloud to Cloud,16576,6822,7
2026-10-02T09:05:19.517550928Z,22.696798,114.0761,Cloud to Ground,-34121,0,8
2026-10-02T09:05:20.335502198Z,21.508945,110.007399,Cloud to Cloud,-16519,18726,5
2026-10-02T09:05:21.968852630Z,15.56578,120.954928,Cloud to Cloud,-3443,5301,6
2026-10-02T09:05:22.855761501Z,5.172836,118.183209,Cloud to Cloud,17402,16304,10
2026-10-02T09:05:22.861695790Z,7.87701,126.519175,Cloud to Cloud,-15963,18947,12
2026-10-02T09:05:22.836156234Z,7.999471,126.637796,Cloud to Ground,-49566,0,22
2026-10-02T09:05:22.962135197Z,7.97383,126.59765,Cloud to Ground,-13888,0,7
2026-10-02T09:05:22.557269527Z,15.286584,120.76029,Cloud to Cloud,7394,3013,6
2026-10-02T09:05:22.881564083Z,21.511196,110.094649,Cloud to Ground,-7012,0,7
2026-10-02T09:05:23.644859574Z,11.525457,111.547117,Cloud to Ground,20479,0,6
2026-10-02T09:05:23.637351480Z,13.253852,120.623923,Cloud to Cloud,-17235,5305,7
2026-10-02T09:05:23.620792000Z,13.2607,120.5464,Cloud to Ground,-14037,0,6
2026-10-02T09:05:23.631189626Z,22.670342,114.068402,Cloud to Cloud,-11865,5703,8
2026-10-02T09:05:24.375681452Z,15.580113,120.919838,Cloud to Cloud,-13144,6469,10
2026-10-02T09:05:24.596984732Z,15.527375,120.919064,Cloud to Cloud,5277,18198,5
2026-10-02T09:05:26.688481226Z,12.932613,120.633878,Cloud to Ground,-21021,0,10
2026-10-02T09:05:26.611823300Z,12.932689,120.637522,Cloud to Ground,-17743,0,8
2026-10-02T09:05:27.062391970Z,21.68869,110.104943,Cloud to Cloud,10851,12250,10
2026-10-02T09:05:27.722270403Z,21.999329,112.052226,Cloud to Ground,30499,0,7
2026-10-02T09:05:27.956428614Z,21.911353,111.58249,Cloud to Ground,-10006,0,7
2026-10-02T09:05:27.727664734Z,15.587979,120.839021,Cloud to Cloud,-5942,3017,8
2026-10-02T09:05:28.742330412Z,7.795231,126.167503,Cloud to Cloud,11352,5008,11
2026-10-02T09:05:28.821808000Z,7.8131,126.1456,Cloud to Ground,13499,0,12
2026-10-02T09:05:28.790997000Z,7.5029,126.0335,Cloud to Ground,12162,0,6
2026-10-02T09:05:29.206924681Z,22.700272,125.2424,Cloud to Cloud,15223,9405,10
2026-10-02T09:05:29.197355072Z,22.792234,125.369883,Cloud to Cloud,6546,8752,6
2026-10-02T09:05:29.192207677Z,22.770916,125.399419,Cloud to Cloud,10826,8859,6
2026-10-02T09:05:29.188923069Z,22.794489,125.374416,Cloud to Ground,15261,0,11
2026-10-02T09:05:29.513668556Z,15.571535,120.879519,Cloud to Cloud,2229,16467,5
2026-10-02T09:05:29.633714224Z,15.42127,120.871987,Cloud to Ground,26885,0,8
2026-10-02T09:05:30.950232745Z,13.243104,120.635546,Cloud to Ground,-9930,0,8
2026-10-02T09:05:31.012420731Z,13.25514,120.631596,Cloud to Ground,-9478,0,9
2026-10-02T09:05:31.131238760Z,13.262631,120.658903,Cloud to Cloud,-4477,11143,5
2026-10-02T09:05:31.167654164Z,13.257895,120.639923,Cloud to Cloud,-4289,11199,5
2026-10-02T09:05:31.413284809Z,15.495757,120.909642,Cloud to Cloud,-2801,12230,6
2026-10-02T09:05:32.223072809Z,11.50564,111.538534,Cloud to Ground,18122,0,12
2026-10-02T09:05:32.133558512Z,11.50908,111.481353,Cloud to Ground,116048,0,10
2026-10-02T09:05:32.867341852Z,21.659026,110.176856,Cloud to Ground,-9176,0,8
2026-10-02T09:05:32.913747667Z,21.595311,110.224908,Cloud to Ground,15338,0,7
2026-10-02T09:05:33.772452661Z,5.202316,118.301703,Cloud to Ground,-12239,0,22
2026-10-02T09:05:33.976244181Z,5.326079,118.25537,Cloud to Ground,45735,0,7
2026-10-02T09:05:33.923798723Z,15.596065,120.892102,Cloud to Cloud,-7172,14126,9
2026-10-02T09:05:33.025556904Z,15.506449,120.88871,Cloud to Ground,-32132,0,12
2026-10-02T09:05:33.114768989Z,15.491526,120.864198,Cloud to Ground,-26393,0,12
2026-10-02T09:05:33.503032943Z,15.495025,120.848297,Cloud to Cloud,11431,4833,7
2026-10-02T09:05:35.404389413Z,15.682009,121.188141,Cloud to Cloud,8584,17866,8
2026-10-02T09:05:35.165000053Z,15.514297,120.919014,Cloud to Cloud,-6069,3076,8
2026-10-02T09:05:35.377528062Z,15.686786,121.083579,Cloud to Cloud,12354,3085,5
2026-10-02T09:05:35.704002393Z,15.394407,120.998433,Cloud to Cloud,12054,5216,10
2026-10-02T09:05:36.755847423Z,12.820428,120.755096,Cloud to Cloud,4256,3007,5
2026-10-02T09:05:37.148309647Z,4.768273,117.416484,Cloud to Ground,-11653,0,14
2026-10-02T09:05:37.698994450Z,15.491309,120.858214,Cloud to Ground,-12895,0,9
2026-10-02T09:05:37.464932739Z,15.5013,120.852192,Cloud to Cloud,-12768,18860,11
2026-10-02T09:05:37.435705534Z,15.503453,120.873372,Cloud to Cloud,-11856,15632,11
2026-10-02T09:05:37.772636175Z,15.50393,120.869597,Cloud to Ground,-8820,0,8
2026-10-02T09:05:37.538104798Z,15.426983,120.899228,Cloud to Ground,19723,0,16
2026-10-02T09:05:37.509116591Z,15.421997,120.875954,Cloud to Cloud,22390,7732,11
2026-10-02T09:05:37.930328569Z,21.900703,111.640328,Cloud to Cloud,-15588,3005,8
2026-10-02T09:05:38.076077289Z,5.209765,118.1611,Cloud to Cloud,-21956,4526,20
2026-10-02T09:05:38.141218718Z,5.183089,118.17352,Cloud to Cloud,-13398,14738,20
2026-10-02T09:05:38.254806391Z,5.155318,118.095658,Cloud to Ground,29455,0,10
2026-10-02T09:05:40.023394519Z,13.263063,120.607895,Cloud to Ground,-22696,0,10
2026-10-02T09:05:40.084949937Z,13.261431,120.595322,Cloud to Ground,-14093,0,9
2026-10-02T09:05:40.194775467Z,13.278907,120.606138,Cloud to Ground,-11094,0,7
2026-10-02T09:05:41.503799585Z,15.520669,120.910424,Cloud to Cloud,-13748,15676,9
2026-10-02T09:05:43.310583078Z,15.716964,121.141679,Cloud to Cloud,10882,18358,11
2026-10-02T09:05:43.657829062Z,22.690756,113.848383,Cloud to Cloud,-9558,3019,5
2026-10-02T09:05:44.840095000Z,8.0133,126.4828,Cloud to Ground,11142,0,7
2026-10-02T09:05:45.996432186Z,15.341742,120.904069,Cloud to Cloud,-13745,4542,8
2026-10-02T09:05:46.267332000Z,15.5779,120.8809,Cloud to Ground,-7806,0,5
2026-10-02T09:05:45.951645873Z,15.581076,120.946099,Cloud to Cloud,-5159,9893,9
2026-10-02T09:05:47.347101000Z,4.7987,118.1259,Cloud to Ground,31642,0,6
2026-10-02T09:05:48.201368600Z,22.785923,114.036024,Cloud to Ground,-12780,0,7
2026-10-02T09:05:48.598636471Z,21.699217,110.022777,Cloud to Cloud,-15402,17515,9
2026-10-02T09:05:48.916094688Z,15.507241,121.000377,Cloud to Ground,-19751,0,10
2026-10-02T09:05:49.213475929Z,1.247845,117.994895,Cloud to Cloud,-11682,5619,13
2026-10-02T09:05:49.914269195Z,22.26472,110.168173,Cloud to Ground,-27166,0,14
2026-10-02T09:05:49.917975678Z,22.327726,110.123368,Cloud to Cloud,-3152,18719,5
2026-10-02T09:05:50.913660264Z,22.641081,114.081821,Cloud to Ground,-9245,0,7
2026-10-02T09:05:51.151866945Z,22.613913,114.120671,Cloud to Ground,-8321,0,7
2026-10-02T09:05:51.152487879Z,22.581922,114.090419,Cloud to Ground,5024,0,9
2026-10-02T09:05:51.414031010Z,15.521122,120.904128,Cloud to Cloud,-5082,12394,6
2026-10-02T09:05:53.830627204Z,4.642509,117.491142,Cloud to Ground,-37571,0,16
2026-10-02T09:05:55.178873837Z,0.476352,110.426078,Cloud to Ground,11391,0,14
2026-10-02T09:05:55.077288121Z,0.488479,110.433378,Cloud to Ground,32413,0,13
2026-10-02T09:05:55.810962703Z,21.660737,110.132978,Cloud to Cloud,-14525,3849,7
2026-10-02T09:05:55.825259869Z,21.641404,110.043118,Cloud to Cloud,11805,3060,8
2026-10-02T09:05:55.618796089Z,15.562844,120.782832,Cloud to Ground,-14186,0,10
2026-10-02T09:05:55.650466668Z,15.588198,120.853837,Cloud to Cloud,10463,6610,10
2026-10-02T09:05:55.803221357Z,22.894618,114.71512,Cloud to Cloud,-10016,4686,6
2026-10-02T09:05:56.272451413Z,6.455056,125.548619,Cloud to Ground,-17989,0,15
2026-10-02T09:05:57.376838306Z,21.686239,110.054049,Cloud to Cloud,-13474,5330,10
2026-10-02T09:05:57.916027074Z,21.637218,110.086072,Cloud to Cloud,11298,15623,8
2026-10-02T09:05:57.401746617Z,21.779555,110.076826,Cloud to Cloud,-8580,16943,6
2026-10-02T09:05:57.848003755Z,11.531002,111.537262,Cloud to Ground,13023,0,9
2026-10-02T09:05:57.628151183Z,15.576253,120.763292,Cloud to Cloud,15755,16998,9
2026-10-02T09:05:59.506153615Z,15.504465,120.888524,Cloud to Ground,-16130,0,9
2026-10-02T09:05:59.562849768Z,15.503543,120.898656,Cloud to Ground,-13010,0,9
2026-10-02T09:05:59.650091285Z,15.502766,120.89892,Cloud to Ground,-12045,0,9
2026-10-02T09:05:59.310912137Z,15.509872,120.913725,Cloud to Ground,-11900,0,10
2026-10-02T09:05:59.877230649Z,15.50222,120.902081,Cloud to Ground,-11204,0,8
2026-10-02T09:06:00.246389733Z,15.503946,120.897761,Cloud to Ground,-7941,0,9
2026-10-02T09:05:59.944751385Z,15.503563,120.902103,Cloud to Cloud,-7062,16411,5
2026-10-02T09:05:59.084640050Z,15.530248,120.872245,Cloud to Cloud,-4923,7874,7
2026-10-02T09:06:01.097945890Z,11.509652,111.558497,Cloud to Cloud,-6807,3000,8
2026-10-02T09:06:02.709985487Z,7.712782,126.198935,Cloud to Ground,-11813,0,9
2026-10-02T09:06:02.208451540Z,15.503954,120.867041,Cloud to Cloud,5218,18791,6
2026-10-02T09:06:03.631692502Z,22.731756,114.556145,Cloud to Ground,14821,0,10
2026-10-02T09:06:03.995686133Z,15.469267,120.95113,Cloud to Cloud,12567,16470,7
2026-10-02T09:06:03.938928665Z,15.566164,120.938355,Cloud to Ground,-17988,0,11
2026-10-02T09:06:03.511647273Z,15.62772,120.907424,Cloud to Cloud,3914,3114,7
2026-10-02T09:06:04.780527354Z,6.464071,125.528565,Cloud to Ground,-17078,0,13
2026-10-02T09:06:04.812010000Z,6.4629,125.4354,Cloud to Ground,-11912,0,6
2026-10-02T09:06:04.879875000Z,6.4842,125.5085,Cloud to Ground,-8256,0,8
2026-10-02T09:06:04.269861779Z,13.251182,120.630687,Cloud to Ground,-74857,0,11
2026-10-02T09:06:04.529080000Z,13.2705,120.5558,Cloud to Ground,-48144,0,15
2026-10-02T09:06:04.381139198Z,13.263896,120.603965,Cloud to Ground,-9025,0,6
2026-10-02T09:06:04.335894000Z,13.2744,120.5044,Cloud to Ground,23134,0,5
2026-10-02T09:06:05.157591318Z,15.599677,120.948222,Cloud to Cloud,27443,3000,6
2026-10-02T09:06:06.939123582Z,22.992174,124.973953,Cloud to Ground,16236,0,7
2026-10-02T09:06:07.308832328Z,22.994669,124.966939,Cloud to Cloud,16873,6372,6
2026-10-02T09:06:07.811995867Z,12.748292,120.819086,Cloud to Cloud,-29151,16453,7
2026-10-02T09:06:07.816607396Z,12.74565,120.823084,Cloud to Cloud,-18647,18110,6
2026-10-02T09:06:07.834638696Z,12.818221,120.779565,Cloud to Ground,-7199,0,6
2026-10-02T09:06:07.047453714Z,22.659399,114.132325,Cloud to Ground,-11155,0,6
2026-10-02T09:06:07.335766925Z,22.733753,113.798522,Cloud to Cloud,-11852,3109,7
2026-10-02T09:06:09.439378000Z,8.2928,124.4608,Cloud to Ground,-13045,0,5
2026-10-02T09:06:10.245680898Z,15.53158,120.879537,Cloud to Cloud,-8045,17712,9
2026-10-02T09:06:11.715844144Z,1.234832,113.972062,Cloud to Ground,46425,0,15
2026-10-02T09:06:11.106893772Z,17.340763,120.964675,Cloud to Cloud,-9374,7384,7
2026-10-02T09:06:11.080007235Z,17.359779,121.031225,Cloud to Cloud,11626,5796,8
2026-10-02T09:06:11.645550946Z,15.507344,121.023347,Cloud to Ground,-21920,0,10
2026-10-02T09:06:12.123069997Z,15.592721,120.821591,Cloud to Cloud,12629,5365,10
2026-10-02T09:06:11.937511922Z,15.490132,120.885922,Cloud to Cloud,-3482,4637,7
2026-10-02T09:06:12.144402674Z,15.483203,120.901983,Cloud to Cloud,6157,7676,6
2026-10-02T09:06:12.143673752Z,21.612824,110.002691,Cloud to Cloud,-17062,12868,7
2026-10-02T09:06:13.531775064Z,3.887593,115.838283,Cloud to Ground,10438,0,12
2026-10-02T09:06:13.963495000Z,3.8272,115.8747,Cloud to Ground,47379,0,5
2026-10-02T09:06:13.107270308Z,15.616653,121.106673,Cloud to Ground,-28467,0,12
2026-10-02T09:06:13.368146238Z,15.574644,120.915559,Cloud to Ground,-19418,0,10
2026-10-02T09:06:13.212729084Z,15.568038,120.914991,Cloud to Ground,-18925,0,9
2026-10-02T09:06:13.425804478Z,15.573737,120.912022,Cloud to Ground,-16935,0,8
2026-10-02T09:06:13.139743276Z,15.574309,120.911742,Cloud to Ground,-15206,0,10
2026-10-02T09:06:13.037363944Z,15.575813,120.924522,Cloud to Ground,-14784,0,11
2026-10-02T09:06:13.654475420Z,15.572994,120.912548,Cloud to Ground,-11112,0,9
2026-10-02T09:06:13.426481900Z,15.579425,120.918852,Cloud to Cloud,10290,14972,8
2026-10-02T09:06:14.394100561Z,21.608463,110.057515,Cloud to Cloud,-31480,3011,5
2026-10-02T09:06:14.407829583Z,15.669453,121.10022,Cloud to Cloud,10283,17762,10
2026-10-02T09:06:14.834575823Z,15.396636,120.991481,Cloud to Cloud,-10694,16461,9
2026-10-02T09:06:14.908688893Z,15.416302,121.017693,Cloud to Ground,-8188,0,9
2026-10-02T09:06:14.864919061Z,15.41173,120.985852,Cloud to Ground,-8155,0,7
2026-10-02T09:06:14.858725756Z,11.519705,111.548896,Cloud to Ground,23600,0,6
2026-10-02T09:06:14.293655152Z,22.648751,114.123736,Cloud to Cloud,-11284,3024,7
2026-10-02T09:06:14.594237000Z,5.2284,118.2687,Cloud to Ground,31876,0,6
2026-10-02T09:06:15.953641605Z,21.810119,111.564097,Cloud to Cloud,-21923,3022,7
2026-10-02T09:06:15.372073228Z,13.936439,118.12676,Cloud to Cloud,8784,6084,7
2026-10-02T09:06:15.254212051Z,12.951031,120.632439,Cloud to Cloud,5497,18002,5
2026-10-02T09:06:16.998996379Z,15.571534,120.915862,Cloud to Cloud,4419,4908,5
2026-10-02T09:06:18.566964554Z,15.493532,120.947065,Cloud to Cloud,-3403,5196,6
2026-10-02T09:06:18.673212467Z,15.591568,120.948738,Cloud to Cloud,2628,19999,5
2026-10-02T09:06:19.042753662Z,15.670347,121.178149,Cloud to Cloud,5346,13027,9
2026-10-02T09:06:22.712481998Z,15.494813,120.880714,Cloud to Ground,-12033,0,10
2026-10-02T09:06:22.915013118Z,15.476148,120.914813,Cloud to Cloud,-3012,10921,7
2026-10-02T09:06:25.035356526Z,15.585489,120.901228,Cloud to Cloud,-9826,11154,9
2026-10-02T09:06:25.072515521Z,15.573854,120.921224,Cloud to Cloud,-5313,17304,8
2026-10-02T09:06:24.881472928Z,15.574902,120.911057,Cloud to Cloud,6280,16141,7
2026-10-02T09:06:25.325381000Z,13.2856,120.5627,Cloud to Ground,-32289,0,9
2026-10-02T09:06:25.709614473Z,13.255799,120.639642,Cloud to Cloud,-4769,3691,6
2026-10-02T09:06:25.307349907Z,13.248159,120.645102,Cloud to Cloud,4232,14338,5
2026-10-02T09:06:25.100937784Z,21.64687,110.052026,Cloud to Ground,10246,0,7
2026-10-02T09:06:26.569946344Z,22.739838,114.561232,Cloud to Ground,-10448,0,7
2026-10-02T09:06:27.876339410Z,4.674863,117.399807,Cloud to Cloud,-12676,3074,24
2026-10-02T09:06:27.172737756Z,22.627197,114.111174,Cloud to Ground,-10086,0,10
2026-10-02T09:06:26.667035523Z,22.636285,114.109504,Cloud to Ground,-8139,0,7
2026-10-02T09:06:26.825960134Z,22.669684,114.085856,Cloud to Ground,-6804,0,8
2026-10-02T09:06:27.848970809Z,22.328023,112.70389,Cloud to Cloud,-19376,14508,6
2026-10-02T09:06:28.563992296Z,15.516172,120.849829,Cloud to Ground,-17541,0,11
2026-10-02T09:06:28.159899399Z,15.532135,120.925552,Cloud to Cloud,-5435,6734,8
2026-10-02T09:06:28.060365464Z,15.466753,120.980318,Cloud to Cloud,9623,8746,8
2026-10-02T09:06:30.145936254Z,15.497719,120.90677,Cloud to Cloud,-3640,9495,9
2026-10-02T09:06:30.150269166Z,15.480259,120.928229,Cloud to Cloud,2336,17101,8
2026-10-02T09:06:31.520036749Z,15.410225,120.896042,Cloud to Cloud,9286,17907,8
2026-10-02T09:06:31.444458838Z,15.72362,121.14815,Cloud to Cloud,7341,19373,8
2026-10-02T09:06:31.289248344Z,15.495961,120.847437,Cloud to Ground,-24625,0,8
2026-10-02T09:06:31.629981876Z,15.511928,120.866847,Cloud to Cloud,5344,7288,8
2026-10-02T09:06:31.669533970Z,15.50479,120.83581,Cloud to Cloud,8031,4186,9
2026-10-02T09:06:31.611830469Z,15.49909,120.820946,Cloud to Ground,9867,0,11
2026-10-02T09:06:33.587298965Z,15.602888,120.814654,Cloud to Cloud,-11467,4990,7
2026-10-02T09:06:33.145847184Z,15.514365,120.963414,Cloud to Cloud,2806,3055,5
2026-10-02T09:06:33.656038929Z,21.609528,110.040262,Cloud to Cloud,-13481,5173,9
2026-10-02T09:06:36.168366697Z,15.565876,120.869445,Cloud to Ground,-25621,0,11
2026-10-02T09:06:36.156579481Z,15.481104,120.925608,Cloud to Ground,-5876,0,9
2026-10-02T09:06:36.265220861Z,15.518187,120.917269,Cloud to Cloud,-2829,19231,5
2026-10-02T09:06:36.359616764Z,15.543112,120.890092,Cloud to Ground,23638,0,10
2026-10-02T09:06:37.227312600Z,15.563671,120.928497,Cloud to Cloud,-5603,10860,7
2026-10-02T09:06:37.478773268Z,15.489047,120.843339,Cloud to Cloud,5919,5199,8
2026-10-02T09:06:37.955629707Z,15.517745,121.015161,Cloud to Ground,-9838,0,9
2026-10-02T09:06:38.004790063Z,15.519811,121.011152,Cloud to Ground,-9010,0,7
2026-10-02T09:06:37.547571653Z,15.47699,120.992502,Cloud to Cloud,7658,17563,7
2026-10-02T09:06:37.385087823Z,15.47635,120.990747,Cloud to Cloud,15073,3033,9
2026-10-02T09:06:37.484020824Z,11.536439,111.535904,Cloud to Ground,29577,0,9
2026-10-02T09:06:38.695784256Z,7.536942,125.92291,Cloud to Ground,23628,0,11
2026-10-02T09:06:38.926904000Z,7.4888,126.0942,Cloud to Ground,-30605,0,13
2026-10-02T09:06:39.179619759Z,5.294077,118.088949,Cloud to Cloud,-16935,7577,17
2026-10-02T09:06:39.027796471Z,13.25812,120.618035,Cloud to Ground,-23619,0,9
2026-10-02T09:06:39.054374087Z,13.240501,120.577931,Cloud to Ground,-19389,0,10
2026-10-02T09:06:39.194918829Z,13.254113,120.615009,Cloud to Ground,-18741,0,9
2026-10-02T09:06:39.514467428Z,15.50247,120.86787,Cloud to Cloud,-4737,3008,7
2026-10-02T09:06:40.975806421Z,5.223286,118.271553,Cloud to Ground,-22304,0,19
2026-10-02T09:06:40.876286269Z,5.223613,118.261564,Cloud to Ground,-21385,0,23
2026-10-02T09:06:40.911125441Z,21.629632,110.139672,Cloud to Cloud,-13650,6174,7
2026-10-02T09:06:41.786099401Z,7.99835,126.554301,Cloud to Ground,11435,0,15
2026-10-02T09:06:41.613274741Z,15.623072,120.865767,Cloud to Cloud,5285,4771,7
2026-10-02T09:06:44.504128105Z,6.442052,125.52874,Cloud to Ground,19276,0,10
2026-10-02T09:06:43.972758519Z,6.402236,125.450274,Cloud to Ground,29302,0,7
2026-10-02T09:06:44.533831284Z,6.186068,117.287102,Cloud to Ground,-32816,0,10
2026-10-02T09:06:45.041432511Z,6.181146,117.29313,Cloud to Ground,-19023,0,14
2026-10-02T09:06:44.635502000Z,6.1058,117.094,Cloud to Ground,33113,0,8
2026-10-02T09:06:44.153522227Z,15.576449,120.890631,Cloud to Cloud,2968,3001,5
2026-10-02T09:06:44.574396809Z,15.610959,121.020052,Cloud to Cloud,25521,3251,8
2026-10-02T09:06:44.320185283Z,15.488588,120.913647,Cloud to Cloud,2460,18288,6
2026-10-02T09:06:45.276002159Z,22.685636,114.123095,Cloud to Ground,-9344,0,7
2026-10-02T09:06:47.770861572Z,6.581735,125.334793,Cloud to Cloud,-12124,3172,7
2026-10-02T09:06:47.585074325Z,6.587166,125.326607,Cloud to Cloud,7539,10239,8
2026-10-02T09:06:47.037519370Z,15.435032,120.980372,Cloud to Cloud,6953,3005,8
2026-10-02T09:06:47.113450988Z,15.475637,120.852622,Cloud to Cloud,-10740,18506,8
2026-10-02T09:06:46.964718294Z,15.507645,120.915982,Cloud to Cloud,-7071,19169,10
2026-10-02T09:06:46.797790354Z,15.505466,120.881842,Cloud to Cloud,-5820,4801,6
2026-10-02T09:06:47.145219917Z,15.519192,120.856651,Cloud to Cloud,5739,9853,7
2026-10-02T09:06:46.873081631Z,15.44834,120.880997,Cloud to Cloud,6831,3575,6
2026-10-02T09:06:47.912618000Z,15.4934,120.7641,Cloud to Ground,-23403,0,7
2026-10-02T09:06:48.163389957Z,15.580832,120.843806,Cloud to Ground,-14829,0,14
2026-10-02T09:06:48.800835992Z,21.855291,111.669492,Cloud to Ground,12122,0,7
2026-10-02T09:06:49.960627881Z,22.757635,114.032877,Cloud to Ground,-20970,0,10
2026-10-02T09:06:50.758674633Z,15.505382,120.902483,Cloud to Cloud,3065,5807,7
2026-10-02T09:06:51.629221234Z,11.536551,111.546634,Cloud to Ground,16158,0,11
2026-10-02T09:06:51.228100330Z,21.644396,110.125461,Cloud to Ground,22004,0,10
2026-10-02T09:06:52.959698223Z,15.516136,120.848293,Cloud to Ground,-18241,0,9
2026-10-02T09:06:52.611064779Z,15.514856,120.853384,Cloud to Ground,-13145,0,8
2026-10-02T09:06:52.827519791Z,15.517023,120.848465,Cloud to Ground,-10433,0,10
2026-10-02T09:06:52.661383601Z,15.509252,120.836724,Cloud to Ground,-6068,0,5
2026-10-02T09:06:52.612774792Z,15.503634,120.843462,Cloud to Ground,-5977,0,7
2026-10-02T09:06:52.737339214Z,15.40285,120.873505,Cloud to Cloud,-13438,6807,7
2026-10-02T09:06:52.390280201Z,15.3629,120.708561,Cloud to Cloud,14924,19624,9
2026-10-02T09:06:53.674881982Z,22.657721,114.108924,Cloud to Ground,-27646,0,12
2026-10-02T09:06:54.400053463Z,21.725685,110.090852,Cloud to Cloud,-12683,12923,7
2026-10-02T09:06:55.468246699Z,15.505259,120.930519,Cloud to Cloud,-1807,4808,5
2026-10-02T09:06:56.826335179Z,1.391817,117.8799,Cloud to Ground,-8779,0,16
2026-10-02T09:06:56.359976178Z,15.455152,120.957174,Cloud to Cloud,8136,15028,6
2026-10-02T09:06:56.237395000Z,7.7948,126.449,Cloud to Ground,-5836,0,6
2026-10-02T09:06:57.839480254Z,4.159424,116.132045,Cloud to Cloud,-19959,3385,16
2026-10-02T09:06:57.169340436Z,15.57366,120.904196,Cloud to Cloud,-14036,6142,11
2026-10-02T09:06:56.782532647Z,15.581532,120.890731,Cloud to Cloud,4020,18527,5
2026-10-02T09:06:58.417540099Z,15.628239,121.099345,Cloud to Cloud,-17404,7968,7
2026-10-02T09:06:58.278937139Z,15.733009,121.139455,Cloud to Cloud,-5622,17407,5
2026-10-02T09:06:59.732106133Z,12.870152,120.667625,Cloud to Cloud,13436,13609,7
2026-10-02T09:06:59.079055775Z,21.612247,110.120201,Cloud to Ground,58830,0,12
2026-10-02T09:07:00.514542260Z,7.775454,126.294803,Cloud to Ground,26166,0,14
2026-10-02T09:07:00.055155242Z,15.524932,120.871533,Cloud to Ground,-22732,0,9
2026-10-02T09:07:00.580337079Z,15.526177,120.863672,Cloud to Ground,-15219,0,11
2026-10-02T09:07:00.851988452Z,15.529022,120.865624,Cloud to Ground,-12730,0,9
2026-10-02T09:07:00.373902206Z,15.526446,120.869713,Cloud to Ground,-12179,0,8
2026-10-02T09:07:00.078603938Z,15.529024,120.866515,Cloud to Ground,-8090,0,6
2026-10-02T09:07:00.678837911Z,15.526381,120.870415,Cloud to Ground,-6332,0,6
2026-10-02T09:07:00.424887360Z,15.524452,120.884747,Cloud to Ground,-6227,0,5
2026-10-02T09:07:01.182875717Z,4.468658,117.480919,Cloud to Cloud,-14969,8659,21
2026-10-02T09:07:01.357065659Z,4.458511,117.452159,Cloud to Ground,22659,0,11
2026-10-02T09:07:01.795208378Z,6.541099,125.463678,Cloud to Ground,-44860,0,14
2026-10-02T09:07:02.026138000Z,6.4774,125.4105,Cloud to Ground,-18990,0,6
2026-10-02T09:07:01.982701000Z,6.3914,125.3826,Cloud to Ground,-6182,0,6
2026-10-02T09:07:02.086441238Z,6.470387,125.538452,Cloud to Ground,-15009,0,9
2026-10-02T09:07:01.784455215Z,6.452722,125.512531,Cloud to Ground,-10718,0,9
2026-10-02T09:07:02.665968504Z,15.505728,120.895827,Cloud to Cloud,-2818,12758,5
2026-10-02T09:07:04.552453860Z,15.470828,120.918149,Cloud to Cloud,6454,12134,5
2026-10-02T09:07:04.593909544Z,15.536655,120.879963,Cloud to Cloud,6637,4134,6
2026-10-02T09:07:04.243943125Z,15.507877,120.846573,Cloud to Cloud,12020,19288,10
2026-10-02T09:07:06.731000110Z,4.950194,118.17696,Cloud to Ground,72084,0,8
2026-10-02T09:07:07.797731306Z,5.247771,118.218106,Cloud to Ground,16502,0,20
2026-10-02T09:07:07.702772004Z,5.243297,118.223079,Cloud to Ground,27581,0,16
2026-10-02T09:07:07.469848779Z,15.473107,120.84678,Cloud to Cloud,-16921,19859,9
2026-10-02T09:07:07.316127028Z,15.503854,120.863497,Cloud to Ground,-10342,0,8
2026-10-02T09:07:07.635005026Z,15.4871,120.850667,Cloud to Cloud,12255,9209,9
2026-10-02T09:07:07.558640082Z,15.489843,120.847853,Cloud to Cloud,12799,17726,8
2026-10-02T09:07:08.344661675Z,14.572855,120.811576,Cloud to Ground,-12557,0,10
2026-10-02T09:07:09.400376307Z,15.431562,120.76167,Cloud to Cloud,-12775,3018,7
2026-10-02T09:07:09.322049616Z,15.516003,120.789664,Cloud to Cloud,3908,17757,5
2026-10-02T09:07:10.203334000Z,12.9374,120.5996,Cloud to Ground,-14421,0,6
2026-10-02T09:07:10.230524709Z,12.924233,120.632713,Cloud to Ground,-12201,0,7
2026-10-02T09:07:10.667164000Z,10.5228,124.9604,Cloud to Ground,10367,0,10
2026-10-02T09:07:10.655797665Z,10.515099,124.92051,Cloud to Ground,39464,0,18
2026-10-02T09:07:11.132509835Z,15.494203,120.847109,Cloud to Cloud,-16620,16774,7
2026-10-02T09:07:11.510411510Z,15.620786,120.792217,Cloud to Cloud,-10664,8285,8
2026-10-02T09:07:12.155896288Z,16.918839,121.637507,Cloud to Cloud,8045,5735,10
2026-10-02T09:07:12.952478715Z,15.549359,120.821272,Cloud to Cloud,-4396,19719,5
2026-10-02T09:07:13.469569541Z,15.563067,120.925431,Cloud to Cloud,4540,16937,6
2026-10-02T09:07:13.260335924Z,21.866121,111.784478,Cloud to Cloud,-11434,15835,6
2026-10-02T09:07:13.784491868Z,22.659106,114.131257,Cloud to Ground,-33345,0,9
2026-10-02T09:07:13.803831806Z,22.672999,114.241806,Cloud to Ground,-9007,0,6
2026-10-02T09:07:13.202544306Z,22.228995,111.58818,Cloud to Cloud,-4201,10361,6
2026-10-02T09:07:14.530150423Z,21.693579,110.018191,Cloud to Cloud,2507,6159,5
2026-10-02T09:07:14.195696822Z,21.651147,110.075272,Cloud to Cloud,13101,6408,10
2026-10-02T09:07:15.378452196Z,11.504747,111.572915,Cloud to Ground,20809,0,6
2026-10-02T09:07:16.204031849Z,22.720274,114.254135,Cloud to Ground,16484,0,7
2026-10-02T09:07:16.952356817Z,21.55822,110.182973,Cloud to Cloud,18010,4692,6
2026-10-02T09:07:17.191915470Z,16.198886,121.219331,Cloud to Cloud,7743,19984,8
2026-10-02T09:07:18.371566398Z,7.291665,125.484113,Cloud to Ground,-21111,0,15
2026-10-02T09:07:18.563363345Z,15.50951,120.899764,Cloud to Ground,-20024,0,10
2026-10-02T09:07:18.449466923Z,15.509213,120.897341,Cloud to Ground,-19587,0,9
2026-10-02T09:07:18.959335318Z,15.577472,120.967145,Cloud to Ground,-19358,0,12
2026-10-02T09:07:18.864451079Z,15.572022,120.948225,Cloud to Ground,-14899,0,10
2026-10-02T09:07:19.160092405Z,15.580771,120.958855,Cloud to Ground,-14715,0,10
2026-10-02T09:07:18.519681520Z,15.509471,120.90125,Cloud to Ground,-13309,0,9
2026-10-02T09:07:19.064058034Z,15.5781,120.955221,Cloud to Ground,-12972,0,8
2026-10-02T09:07:19.501241577Z,15.517431,120.93038,Cloud to Cloud,3300,4480,6
2026-10-02T09:07:20.522076506Z,14.589661,120.829049,Cloud to Cloud,5701,12851,7
2026-10-02T09:07:20.636350985Z,15.489919,120.939468,Cloud to Cloud,-4816,15633,8
2026-10-02T09:07:21.698034633Z,6.546818,125.294338,Cloud to Ground,-23103,0,20
2026-10-02T09:07:21.177152781Z,6.4701,125.338723,Cloud to Cloud,-22475,6504,15
2026-10-02T09:07:21.473660648Z,22.407772,112.59482,Cloud to Cloud,-22522,16521,6
2026-10-02T09:07:21.381845139Z,15.414855,120.675132,Cloud to Cloud,6180,6970,11
2026-10-02T09:07:21.469961095Z,22.684287,114.03874,Cloud to Cloud,-15907,3033,10
2026-10-02T09:07:23.635513927Z,11.505517,111.486317,Cloud to Ground,146976,0,10
2026-10-02T09:07:24.065654394Z,21.645534,110.084333,Cloud to Cloud,16329,6015,9
2026-10-02T09:07:24.793016772Z,15.471351,120.948757,Cloud to Cloud,-9181,7654,8
2026-10-02T09:07:25.461098676Z,15.588983,120.925293,Cloud to Cloud,-3021,19828,7
2026-10-02T09:07:26.275422320Z,15.538081,120.951446,Cloud to Cloud,4135,3003,8
2026-10-02T09:07:26.109178288Z,15.523064,120.904059,Cloud to Cloud,4836,8859,5
2026-10-02T09:07:26.429571938Z,21.592974,110.064681,Cloud to Cloud,10032,16708,6
2026-10-02T09:07:27.361812494Z,13.188967,120.70548,Cloud to Cloud,9589,7084,8
2026-10-02T09:07:27.636610515Z,13.260816,120.592523,Cloud to Cloud,4823,7900,5
2026-10-02T09:07:27.734705546Z,13.262867,120.603915,Cloud to Cloud,5086,19081,6
2026-10-02T09:07:27.625018649Z,11.510666,111.548594,Cloud to Ground,-8286,0,6
2026-10-02T09:07:27.185643866Z,16.83444,121.119696,Cloud to Ground,-12279,0,10
2026-10-02T09:07:26.765807075Z,16.813444,121.111079,Cloud to Cloud,5170,5017,7
2026-10-02T09:07:27.523956114Z,15.503004,120.876213,Cloud to Cloud,4611,13693,7
2026-10-02T09:07:28.933972294Z,15.719746,121.14237,Cloud to Cloud,14158,19772,11
2026-10-02T09:07:29.243070896Z,15.565363,120.949922,Cloud to Cloud,-12222,19048,9
2026-10-02T09:07:29.092023986Z,15.573537,120.898437,Cloud to Cloud,-3074,3011,7
2026-10-02T09:07:30.740117272Z,15.498613,120.857643,Cloud to Cloud,-8442,9366,11
2026-10-02T09:07:31.315261089Z,15.520795,121.058266,Cloud to Ground,-12398,0,11
2026-10-02T09:07:31.442533783Z,15.519097,121.068142,Cloud to Ground,-8489,0,12
2026-10-02T09:07:31.210770224Z,15.432335,121.080287,Cloud to Cloud,-5561,3719,9
2026-10-02T09:07:32.122156257Z,5.260018,118.263513,Cloud to Cloud,10999,14998,16
2026-10-02T09:07:33.718458018Z,21.699346,110.183349,Cloud to Cloud,15457,18664,6
2026-10-02T09:07:33.421840360Z,14.574437,120.777123,Cloud to Ground,-8806,0,9
2026-10-02T09:07:33.247701872Z,15.489742,120.856951,Cloud to Ground,-25599,0,8
2026-10-02T09:07:33.784444398Z,15.495304,120.856234,Cloud to Ground,-16363,0,9
2026-10-02T09:07:33.377497805Z,15.492114,120.853334,Cloud to Ground,-13526,0,10
2026-10-02T09:07:33.270350868Z,15.494887,120.853693,Cloud to Ground,-7179,0,7
2026-10-02T09:07:33.571934417Z,15.493877,120.867345,Cloud to Ground,-6366,0,5
2026-10-02T09:07:34.345491759Z,21.557791,110.029496,Cloud to Cloud,-8586,14478,6
2026-10-02T09:07:35.505158221Z,12.949897,120.585066,Cloud to Cloud,4134,19279,6
2026-10-02T09:07:35.465347413Z,15.499245,120.852214,Cloud to Cloud,4386,7537,7
2026-10-02T09:07:35.363305475Z,15.486945,120.856153,Cloud to Cloud,5150,13665,6
2026-10-02T09:07:35.420118666Z,15.490458,120.827948,Cloud to Cloud,7633,3976,7
2026-10-02T09:07:35.362367799Z,15.429648,120.927038,Cloud to Cloud,8116,18164,7
2026-10-02T09:07:36.124622460Z,15.599887,120.913505,Cloud to Cloud,5290,19410,6
2026-10-02T09:07:37.992625233Z,15.393262,120.972435,Cloud to Ground,-10832,0,10
2026-10-02T09:07:37.858956543Z,15.401482,120.986116,Cloud to Ground,-10798,0,10
2026-10-02T09:07:37.954505741Z,15.441287,120.986296,Cloud to Ground,-9613,0,10
2026-10-02T09:07:37.890538502Z,15.39032,120.974961,Cloud to Ground,-7164,0,8
2026-10-02T09:07:37.311267642Z,21.665014,110.175768,Cloud to Cloud,-17546,3448,7
2026-10-02T09:07:38.042451044Z,15.676216,121.093978,Cloud to Ground,-63164,0,13
2026-10-02T09:07:38.107486587Z,15.676343,121.095328,Cloud to Ground,-35420,0,11
2026-10-02T09:07:38.327554567Z,15.676277,121.098308,Cloud to Ground,-25802,0,7
2026-10-02T09:07:38.175584743Z,15.676377,121.102609,Cloud to Ground,-16805,0,10
2026-10-02T09:07:38.088834436Z,15.682124,121.097004,Cloud to Ground,9011,0,8
2026-10-02T09:07:39.838711609Z,15.493575,120.851475,Cloud to Cloud,9280,3050,6
2026-10-02T09:07:39.884686271Z,15.503655,120.880221,Cloud to Cloud,9440,18874,8
2026-10-02T09:07:40.813362115Z,15.633972,120.881966,Cloud to Cloud,-7770,8182,6
2026-10-02T09:07:40.719479597Z,21.902772,111.695646,Cloud to Cloud,-10871,3004,6
2026-10-02T09:07:41.687601016Z,21.868005,111.677556,Cloud to Cloud,-13222,15431,7
2026-10-02T09:07:41.088494536Z,15.505269,120.950016,Cloud to Ground,-6296,0,7
2026-10-02T09:07:43.449835092Z,22.627814,114.086921,Cloud to Ground,-40419,0,15
2026-10-02T09:07:43.347298140Z,22.629897,114.086664,Cloud to Ground,-11782,0,9
2026-10-02T09:07:43.000102141Z,15.54092,120.941424,Cloud to Cloud,-8629,16497,7
2026-10-02T09:07:42.868716823Z,15.538738,120.85457,Cloud to Cloud,-4955,5315,8
2026-10-02T09:07:45.410993243Z,4.1127,116.055178,Cloud to Ground,-14010,0,16
2026-10-02T09:07:45.642738183Z,3.938985,116.148562,Cloud to Ground,-16861,0,17
2026-10-02T09:07:45.883753328Z,15.423698,120.948899,Cloud to Cloud,14233,3860,12
2026-10-02T09:07:45.857347156Z,21.922369,111.623688,Cloud to Cloud,-13358,16577,7
2026-10-02T09:07:46.585146551Z,15.467933,120.901222,Cloud to Cloud,-3424,18835,6
2026-10-02T09:07:46.104093703Z,15.514223,120.870919,Cloud to Cloud,13764,18731,7
2026-10-02T09:07:46.555064045Z,21.602,110.054698,Cloud to Cloud,-14060,3649,7
2026-10-02T09:07:47.177548302Z,14.85156,119.459672,Cloud to Ground,-22671,0,11
2026-10-02T09:07:47.154261548Z,14.790701,119.521308,Cloud to Cloud,-14445,3363,7
2026-10-02T09:07:48.795442869Z,15.547405,120.845941,Cloud to Cloud,11311,5864,9
2026-10-02T09:07:50.409440910Z,0.491498,110.457436,Cloud to Ground,32209,0,20
2026-10-02T09:07:50.201032775Z,15.512022,120.881783,Cloud to Ground,-28590,0,10
2026-10-02T09:07:51.873779697Z,21.635627,110.087934,Cloud to Cloud,11767,3098,6
2026-10-02T09:07:51.780908329Z,21.60659,110.124241,Cloud to Ground,36250,0,11
2026-10-02T09:07:51.372620890Z,22.897335,125.245842,Cloud to Cloud,8440,7742,6
2026-10-02T09:07:51.423923872Z,22.992436,124.955266,Cloud to Cloud,7622,6577,7
2026-10-02T09:07:51.395228550Z,22.984502,124.963328,Cloud to Cloud,9353,6868,7
2026-10-02T09:07:51.375802439Z,22.98015,124.966386,Cloud to Cloud,11477,6109,6
2026-10-02T09:07:51.371242217Z,22.99154,124.953566,Cloud to Cloud,16891,6335,6
2026-10-02T09:07:51.209999345Z,15.479856,120.879415,Cloud to Cloud,-4002,18188,6
2026-10-02T09:07:52.338021408Z,22.436351,114.112979,Cloud to Ground,-18882,0,12
2026-10-02T09:07:52.339425000Z,22.5821,114.1483,Cloud to Ground,5186,0,6
2026-10-02T09:07:53.795467558Z,21.603593,110.052452,Cloud to Ground,50484,0,15
2026-10-02T09:07:53.046115561Z,15.507219,120.894191,Cloud to Ground,-11236,0,11
2026-10-02T09:07:53.975936000Z,8.0506,126.5503,Cloud to Ground,-20712,0,6
2026-10-02T09:07:53.974226333Z,8.055642,126.509302,Cloud to Ground,12132,0,9
2026-10-02T09:07:54.358210246Z,12.930967,120.652716,Cloud to Ground,-98415,0,10
2026-10-02T09:07:54.503708000Z,12.9575,120.5616,Cloud to Ground,-25637,0,9
2026-10-02T09:07:54.351735107Z,12.940769,120.634591,Cloud to Cloud,-7057,5427,5
2026-10-02T09:07:55.800079699Z,5.229183,118.227705,Cloud to Cloud,-8755,3573,10
2026-10-02T09:07:55.177638109Z,15.49069,120.933838,Cloud to Cloud,-3740,17989,8
2026-10-02T09:07:55.430865778Z,22.699127,113.609034,Cloud to Cloud,12840,4910,6
2026-10-02T09:07:57.108199043Z,15.51405,120.867177,Cloud to Cloud,-9023,3469,11
2026-10-02T09:07:57.167486699Z,15.516833,120.824775,Cloud to Cloud,4573,16704,6
2026-10-02T09:07:56.463439044Z,15.584765,120.915478,Cloud to Ground,12246,0,10
2026-10-02T09:07:57.311161551Z,15.419199,120.910642,Cloud to Cloud,6258,14861,8
2026-10-02T09:07:57.870102947Z,15.523105,121.028799,Cloud to Ground,-9471,0,9
2026-10-02T09:07:59.712629685Z,13.887628,117.990735,Cloud to Ground,-40920,0,8
2026-10-02T09:07:59.737642984Z,13.971484,117.97508,Cloud to Ground,-19511,0,9
2026-10-02T09:08:00.067263404Z,11.546676,111.65233,Cloud to Ground,-10570,0,7
2026-10-02T09:08:03.303329322Z,22.719544,114.633983,Cloud to Ground,-9644,0,7
2026-10-02T09:08:03.387479420Z,22.674087,114.11204,Cloud to Ground,-11879,0,8
2026-10-02T09:08:03.479016193Z,22.62285,114.072879,Cloud to Cloud,16559,3030,7
2026-10-02T09:08:03.838356787Z,15.519577,120.863989,Cloud to Ground,-34076,0,12
2026-10-02T09:08:03.751476513Z,15.513902,120.86098,Cloud to Ground,-33770,0,9
2026-10-02T09:08:04.426542262Z,15.521462,120.859176,Cloud to Ground,-12957,0,10
2026-10-02T09:08:04.228215098Z,15.519732,120.86996,Cloud to Ground,-6032,0,5
2026-10-02T09:08:03.861517533Z,15.521425,120.870035,Cloud to Ground,-5922,0,6
2026-10-02T09:08:04.832814000Z,3.8757,116.0964,Cloud to Ground,-12821,0,5
2026-10-02T09:08:05.819958841Z,1.195904,113.947926,Cloud to Ground,-16607,0,19
2026-10-02T09:08:05.649202187Z,1.181647,113.969958,Cloud to Cloud,-14304,6317,14
2026-10-02T09:08:05.540289000Z,1.1934,113.9617,Cloud to Ground,21415,0,6
2026-10-02T09:08:05.443044147Z,15.628813,120.873007,Cloud to Cloud,-9392,19999,7
2026-10-02T09:08:06.654045458Z,5.240028,118.153254,Cloud to Cloud,-18859,19628,11
2026-10-02T09:08:06.318039582Z,21.865775,111.673664,Cloud to Ground,19646,0,7
2026-10-02T09:08:06.733009051Z,22.642736,114.131759,Cloud to Ground,9037,0,7
2026-10-02T09:08:07.075903107Z,15.610618,120.834442,Cloud to Ground,-16322,0,7
2026-10-02T09:08:08.273404000Z,6.4643,125.4682,Cloud to Ground,21553,0,10
2026-10-02T09:08:09.396524184Z,22.658079,114.138006,Cloud to Ground,-15437,0,10
2026-10-02T09:08:09.563422481Z,22.628972,114.129369,Cloud to Cloud,14311,3971,7
2026-10-02T09:08:09.962733569Z,15.557418,120.903757,Cloud to Cloud,-8628,11141,10
2026-10-02T09:08:09.849825248Z,15.595942,120.962043,Cloud to Cloud,-6257,6633,8
2026-10-02T09:08:09.163886764Z,15.534036,120.809486,Cloud to Cloud,7957,4049,12
2026-10-02T09:08:10.858162346Z,15.426932,120.929634,Cloud to Cloud,4368,3675,6
2026-10-02T09:08:10.893610114Z,15.40557,120.954988,Cloud to Cloud,4963,6547,7
2026-10-02T09:08:11.388151428Z,13.179525,120.610653,Cloud to Ground,-23628,0,10
2026-10-02T09:08:11.485271965Z,13.157675,120.549864,Cloud to Ground,-14873,0,7
2026-10-02T09:08:11.388864073Z,13.162682,120.58272,Cloud to Ground,-13182,0,9
2026-10-02T09:08:11.544111726Z,13.178598,120.604566,Cloud to Cloud,-5112,13172,6
2026-10-02T09:08:11.390149073Z,13.189536,120.63334,Cloud to Cloud,-4122,12660,5
2026-10-02T09:08:11.381684732Z,14.592079,120.823108,Cloud to Ground,-4676,0,5
2026-10-02T09:08:11.029540625Z,21.611195,110.061057,Cloud to Cloud,-14273,3000,8
2026-10-02T09:08:12.846952758Z,15.541969,120.901143,Cloud to Ground,-14369,0,10
2026-10-02T09:08:12.615190053Z,15.486658,120.928974,Cloud to Cloud,4789,11256,5
2026-10-02T09:08:12.689571431Z,11.502721,111.547964,Cloud to Ground,17225,0,12
2026-10-02T09:08:13.468914574Z,15.414491,120.863998,Cloud to Cloud,9701,7208,6
2026-10-02T09:08:14.004659219Z,1.329294,113.839667,Cloud to Cloud,-8480,3022,12
2026-10-02T09:08:15.548875237Z,22.672716,114.24851,Cloud to Ground,-14981,0,7
2026-10-02T09:08:14.782157000Z,22.7113,114.1648,Cloud to Ground,-24985,0,5
2026-10-02T09:08:15.110058118Z,22.648215,114.132641,Cloud to Ground,-14257,0,7
2026-10-02T09:08:15.206121000Z,22.7305,113.9118,Cloud to Ground,30303,0,5
2026-10-02T09:08:15.446427503Z,15.443115,120.92151,Cloud to Cloud,5106,11542,7
2026-10-02T09:08:16.360291731Z,15.403669,120.952523,Cloud to Cloud,1492,13342,7
2026-10-02T09:08:16.989818039Z,22.308129,110.291695,Cloud to Cloud,-13879,7272,9
2026-10-02T09:08:16.577879577Z,22.257789,110.150666,Cloud to Cloud,-10633,4822,7
2026-10-02T09:08:17.818333595Z,16.129161,121.184952,Cloud to Cloud,11318,3012,7
2026-10-02T09:08:18.758036701Z,5.380705,118.236399,Cloud to Ground,36084,0,10
2026-10-02T09:08:18.595535880Z,5.200128,118.272312,Cloud to Ground,-18734,0,21
2026-10-02T09:08:17.971304710Z,5.261072,118.284429,Cloud to Ground,10543,0,11
2026-10-02T09:08:18.420323000Z,5.2045,118.2013,Cloud to Ground,34099,0,5
2026-10-02T09:08:18.385051698Z,15.577814,120.945577,Cloud to Cloud,-11581,3001,5
2026-10-02T09:08:18.332463719Z,15.575235,120.918774,Cloud to Cloud,-4389,11235,7
2026-10-02T09:08:20.359024287Z,22.792681,114.60533,Cloud to Ground,13084,0,12
2026-10-02T09:08:20.800499381Z,22.470593,112.64988,Cloud to Cloud,18425,3075,6
2026-10-02T09:08:22.850793924Z,15.530886,120.873394,Cloud to Ground,-30292,0,6
2026-10-02T09:08:22.755097993Z,15.530661,120.869885,Cloud to Ground,-27952,0,12
2026-10-02T09:08:23.195781424Z,15.523728,120.875654,Cloud to Ground,-10267,0,8
2026-10-02T09:08:23.261974078Z,15.523323,120.875832,Cloud to Ground,-5903,0,5
2026-10-02T09:08:24.631281568Z,21.600008,110.092263,Cloud to Ground,-9515,0,6
2026-10-02T09:08:24.572321712Z,21.655715,110.091144,Cloud to Cloud,8461,19986,6
2026-10-02T09:08:24.352384787Z,15.546628,120.922354,Cloud to Cloud,-4155,16059,6
2026-10-02T09:08:24.612136667Z,15.534368,120.942446,Cloud to Cloud,-2252,11022,6
2026-10-02T09:08:25.256275702Z,22.06654,112.050958,Cloud to Cloud,-11905,19597,7
2026-10-02T09:08:26.634980189Z,15.582035,120.895653,Cloud to Cloud,-6522,16469,9
2026-10-02T09:08:26.682873870Z,15.582187,120.891185,Cloud to Cloud,-4996,15517,6
2026-10-02T09:08:26.830221474Z,15.582721,120.886107,Cloud to Cloud,-3700,6267,7
2026-10-02T09:08:27.368004540Z,5.218779,118.324549,Cloud to Cloud,10795,4848,13
2026-10-02T09:08:27.757939744Z,11.465017,111.423281,Cloud to Ground,-26068,0,7
2026-10-02T09:08:27.757505476Z,11.516993,111.458791,Cloud to Cloud,-14523,3121,7
2026-10-02T09:08:27.799610689Z,11.520399,111.54427,Cloud to Ground,10966,0,7
2026-10-02T09:08:27.857649643Z,11.512206,111.549996,Cloud to Ground,15919,0,7
2026-10-02T09:08:27.766593471Z,11.536109,111.52032,Cloud to Ground,136056,0,14
2026-10-02T09:08:29.402272994Z,4.794047,118.192809,Cloud to Ground,-23182,0,23
2026-10-02T09:08:30.245563712Z,16.728007,120.995081,Cloud to Cloud,16286,13791,8
2026-10-02T09:08:30.114206166Z,15.619659,120.843809,Cloud to Ground,10972,0,10
2026-10-02T09:08:30.112076991Z,15.591589,120.864389,Cloud to Ground,11518,0,8
2026-10-02T09:08:31.934547470Z,15.510613,120.831774,Cloud to Ground,-4876,0,5
2026-10-02T09:08:32.041019531Z,5.32063,118.299094,Cloud to Cloud,6988,18728,8
2026-10-02T09:08:32.285516511Z,15.503685,121.043395,Cloud to Ground,-18267,0,10
2026-10-02T09:08:32.441805017Z,15.502391,121.033997,Cloud to Ground,-11762,0,10
2026-10-02T09:08:32.396403062Z,15.502714,121.036737,Cloud to Ground,-6464,0,6
2026-10-02T09:08:32.475054331Z,15.502198,121.038106,Cloud to Ground,-5987,0,6
2026-10-02T09:08:32.796456781Z,15.516873,120.930403,Cloud to Cloud,-3244,19507,6
2026-10-02T09:08:32.866603391Z,15.516424,120.903232,Cloud to Cloud,3235,9161,7
2026-10-02T09:08:32.578430122Z,15.515746,120.994001,Cloud to Cloud,4978,19411,8
2026-10-02T09:08:32.985173784Z,22.11594,110.009714,Cloud to Ground,-20863,0,7
2026-10-02T09:08:33.012357555Z,22.122299,110.000482,Cloud to Ground,21612,0,6
2026-10-02T09:08:34.839088742Z,14.563908,120.806954,Cloud to Ground,-5558,0,6
2026-10-02T09:08:35.471833332Z,6.496746,125.471093,Cloud to Ground,17026,0,7
2026-10-02T09:08:35.544793362Z,15.579805,120.815813,Cloud to Ground,-12964,0,7
2026-10-02T09:08:37.108248190Z,5.284133,118.278062,Cloud to Cloud,7751,5352,8
2026-10-02T09:08:37.212249044Z,5.289929,118.26811,Cloud to Cloud,10262,16654,11
2026-10-02T09:08:37.213206614Z,22.694071,114.49099,Cloud to Ground,15834,0,7
2026-10-02T09:08:37.850841112Z,21.912372,111.511005,Cloud to Cloud,9169,3225,6
2026-10-02T09:08:38.179754129Z,12.859583,120.696952,Cloud to Cloud,6410,12867,7
2026-10-02T09:08:38.173275137Z,12.936753,120.627034,Cloud to Cloud,10713,10830,6
2026-10-02T09:08:38.189125153Z,12.939068,120.627169,Cloud to Ground,13146,0,8
2026-10-02T09:08:38.185788000Z,12.9318,120.5408,Cloud to Ground,19032,0,11
2026-10-02T09:08:40.035580000Z,21.6359,110.0223,Cloud to Ground,-51114,0,9
2026-10-02T09:08:39.778679882Z,21.644226,110.070161,Cloud to Cloud,3526,15230,6
2026-10-02T09:08:40.070023913Z,7.406903,125.531624,Cloud to Ground,-10442,0,10
2026-10-02T09:08:42.807551631Z,15.528621,120.937418,Cloud to Cloud,-4429,17932,7
2026-10-02T09:08:42.786626287Z,15.555089,120.934899,Cloud to Cloud,1950,14995,5
2026-10-02T09:08:43.599179307Z,11.526247,111.575049,Cloud to Ground,-21958,0,7
2026-10-02T09:08:44.055766754Z,7.850996,126.572618,Cloud to Ground,-76307,0,15
2026-10-02T09:08:44.455159624Z,21.594916,110.165909,Cloud to Cloud,-19430,3036,8
2026-10-02T09:08:44.979009697Z,21.664879,110.006644,Cloud to Cloud,7367,4074,7
2026-10-02T09:08:44.339282069Z,22.684546,114.293774,Cloud to Cloud,10900,16848,6
2026-10-02T09:08:45.942731728Z,6.209083,117.272068,Cloud to Cloud,-35500,5168,20
2026-10-02T09:08:46.282930962Z,6.210145,117.259843,Cloud to Ground,40914,0,8
2026-10-02T09:08:45.593733000Z,6.1616,117.2219,Cloud to Ground,46192,0,7
2026-10-02T09:08:45.770936218Z,6.164643,117.274162,Cloud to Ground,114588,0,7
2026-10-02T09:08:45.594281526Z,4.985315,118.02998,Cloud to Cloud,16118,11942,23
2026-10-02T09:08:45.975685792Z,22.00685,110.050524,Cloud to Cloud,-9985,3032,8
2026-10-02T09:08:46.242219989Z,1.234201,118.025247,Cloud to Ground,16148,0,13
2026-10-02T09:08:47.600698992Z,7.708535,126.183463,Cloud to Cloud,-32805,6070,10
2026-10-02T09:08:48.221706047Z,15.402099,120.958418,Cloud to Cloud,2703,4389,7
2026-10-02T09:08:48.199566905Z,15.509699,120.90914,Cloud to Cloud,9280,19464,12
2026-10-02T09:08:50.203789280Z,15.560684,120.919207,Cloud to Cloud,-5064,10909,7
2026-10-02T09:08:51.532516436Z,15.538256,120.858406,Cloud to Ground,-18635,0,9
2026-10-02T09:08:50.934249283Z,15.506181,120.913327,Cloud to Cloud,6290,13196,5
2026-10-02T09:08:51.000629004Z,15.502587,120.880074,Cloud to Cloud,9428,7281,9
2026-10-02T09:08:50.917432778Z,15.507745,120.905461,Cloud to Cloud,9922,14420,6
2026-10-02T09:08:53.684387490Z,15.569115,120.923241,Cloud to Ground,-16765,0,10
2026-10-02T09:08:53.607279711Z,15.570383,120.958864,Cloud to Ground,-13825,0,11
2026-10-02T09:08:53.918291580Z,21.602147,110.154315,Cloud to Cloud,30833,7346,6
2026-10-02T09:08:55.010901662Z,22.678775,114.114114,Cloud to Ground,-29804,0,14
2026-10-02T09:08:55.398776334Z,22.610647,114.082449,Cloud to Ground,-15147,0,7
2026-10-02T09:08:54.763548107Z,22.674622,114.130598,Cloud to Ground,-12309,0,10
2026-10-02T09:08:54.707470243Z,22.695282,114.10923,Cloud to Ground,-12190,0,8
2026-10-02T09:08:55.632832025Z,22.599473,114.117489,Cloud to Ground,8706,0,7
2026-10-02T09:08:54.898513804Z,22.658671,114.092789,Cloud to Ground,37648,0,13
2026-10-02T09:08:56.780351020Z,15.523637,120.886838,Cloud to Cloud,-10903,19405,10
2026-10-02T09:08:57.553436000Z,4.0467,116.1298,Cloud to Ground,29105,0,5
2026-10-02T09:08:58.357134747Z,5.334244,118.215146,Cloud to Ground,-9198,0,19
2026-10-02T09:08:58.274745271Z,5.219951,118.245366,Cloud to Ground,-15197,0,13
2026-10-02T09:08:58.177707034Z,5.222335,118.256301,Cloud to Cloud,-13454,4703,14
2026-10-02T09:08:58.146055515Z,5.182156,118.252534,Cloud to Cloud,-11675,4946,22
2026-10-02T09:08:58.976459045Z,22.690583,114.091746,Cloud to Ground,-12388,0,8
2026-10-02T09:08:59.338456338Z,15.573803,120.892309,Cloud to Cloud,-10985,3861,7
2026-10-02T09:08:59.632813151Z,15.52328,120.903488,Cloud to Cloud,-7674,10290,6
2026-10-02T09:08:59.635337184Z,15.542268,120.930309,Cloud to Cloud,-7028,5480,6
2026-10-02T09:08:59.612309231Z,15.557722,120.904995,Cloud to Cloud,-6338,3925,7
2026-10-02T09:09:01.209195339Z,1.195603,113.999334,Cloud to Ground,16847,0,16
2026-10-02T09:09:01.995211199Z,15.496,120.879001,Cloud to Ground,-21213,0,10
2026-10-02T09:09:02.148277425Z,15.495636,120.869714,Cloud to Ground,-15651,0,11
2026-10-02T09:09:02.236074997Z,15.496168,120.866171,Cloud to Ground,-15471,0,11
2026-10-02T09:09:02.347764520Z,15.497347,120.875963,Cloud to Ground,-14612,0,9
2026-10-02T09:09:02.090465354Z,15.49683,120.879809,Cloud to Ground,-14007,0,7
2026-10-02T09:09:02.091085370Z,15.446888,120.896749,Cloud to Cloud,-10852,9257,9
2026-10-02T09:09:02.280339820Z,15.497449,120.878094,Cloud to Ground,-6815,0,5
2026-10-02T09:09:03.638020985Z,22.127054,111.590046,Cloud to Cloud,-7090,14185,6
2026-10-02T09:09:03.886119779Z,21.9062,111.603242,Cloud to Cloud,-10116,3121,6
2026-10-02T09:09:05.140301527Z,22.67,114.129818,Cloud to Ground,9935,0,5
2026-10-02T09:09:05.083322447Z,22.713635,114.396024,Cloud to Ground,10050,0,7
2026-10-02T09:09:05.104100709Z,22.724625,114.334025,Cloud to Ground,11858,0,7
2026-10-02T09:09:05.355498361Z,11.522092,111.546592,Cloud to Ground,11162,0,10
2026-10-02T09:09:07.283257225Z,15.529983,120.873221,Cloud to Cloud,-7693,6291,6
2026-10-02T09:09:07.613713000Z,12.9602,120.554,Cloud to Ground,-33740,0,14
2026-10-02T09:09:07.730838000Z,12.9335,120.5439,Cloud to Ground,-17185,0,5
2026-10-02T09:09:07.639864476Z,12.931682,120.629614,Cloud to Ground,11421,0,6
2026-10-02T09:09:09.936223318Z,22.58272,114.100143,Cloud to Ground,-15020,0,6
2026-10-02T09:09:09.020712436Z,15.566236,120.809923,Cloud to Cloud,12731,3700,7
2026-10-02T09:09:09.855930998Z,21.644985,110.051825,Cloud to Cloud,6789,6356,6
2026-10-02T09:09:11.188105878Z,14.577225,120.835474,Cloud to Ground,-12633,0,11
2026-10-02T09:09:11.102315412Z,22.245987,110.075877,Cloud to Cloud,14683,6160,12
2026-10-02T09:09:11.230130340Z,21.578952,110.04944,Cloud to Cloud,-15036,7251,8
2026-10-02T09:09:12.002469353Z,22.645585,125.106434,Cloud to Ground,8478,0,16
2026-10-02T09:09:12.010716119Z,22.694696,125.200256,Cloud to Cloud,11132,8693,8
2026-10-02T09:09:12.007352112Z,22.726588,125.077032,Cloud to Cloud,12025,7863,8
2026-10-02T09:09:12.005019581Z,22.704726,124.992742,Cloud to Cloud,14459,15302,10
2026-10-02T09:09:12.032810971Z,22.674103,125.13869,Cloud to Ground,16058,0,8
2026-10-02T09:09:12.003658964Z,22.718975,125.076446,Cloud to Ground,36630,0,13
2026-10-02T09:09:12.447472112Z,22.77128,114.582408,Cloud to Ground,-11226,0,7
2026-10-02T09:09:12.316364818Z,22.815562,114.761378,Cloud to Ground,9364,0,7
2026-10-02T09:09:12.215649910Z,11.512027,111.581795,Cloud to Ground,10433,0,5
2026-10-02T09:09:15.009219853Z,15.56215,120.818681,Cloud to Cloud,-5348,15582,6
2026-10-02T09:09:15.230886741Z,15.505507,120.880511,Cloud to Cloud,-4008,15212,8
2026-10-02T09:09:16.811352050Z,6.453619,125.505259,Cloud to Cloud,-6340,16434,6
2026-10-02T09:09:16.798312959Z,14.570963,120.788037,Cloud to Cloud,-4981,3001,6
2026-10-02T09:09:16.252293877Z,21.83401,111.671955,Cloud to Cloud,-3895,15603,5
2026-10-02T09:09:16.306552371Z,22.821599,114.844692,Cloud to Cloud,10490,18841,6
2026-10-02T09:09:17.009990330Z,15.560413,120.936638,Cloud to Cloud,-4784,3005,7
2026-10-02T09:09:18.980895362Z,4.67179,117.39632,Cloud to Ground,-12951,0,11
2026-10-02T09:09:18.199192821Z,15.538438,120.925456,Cloud to Cloud,-5993,18717,7
2026-10-02T09:09:19.513364417Z,15.494544,120.930175,Cloud to Cloud,-3073,10599,5
2026-10-02T09:09:19.599167426Z,15.489986,120.811497,Cloud to Cloud,5959,19439,8
2026-10-02T09:09:19.631200876Z,15.488449,120.808492,Cloud to Cloud,10042,3879,10
2026-10-02T09:09:20.900823593Z,6.516679,125.462519,Cloud to Ground,-6756,0,7
2026-10-02T09:09:20.249900360Z,15.414536,120.988327,Cloud to Ground,-22234,0,9
2026-10-02T09:09:20.292099094Z,15.418344,120.984116,Cloud to Ground,-13451,0,11
2026-10-02T09:09:20.169153384Z,15.409497,120.961857,Cloud to Ground,-13440,0,10
2026-10-02T09:09:20.061874724Z,15.415423,120.984539,Cloud to Ground,-9991,0,8
2026-10-02T09:09:21.600624503Z,5.259955,118.305007,Cloud to Cloud,13321,15929,14
2026-10-02T09:09:21.661017725Z,15.551248,120.893408,Cloud to Cloud,-14356,6552,10
2026-10-02T09:09:21.084622535Z,21.690215,110.12839,Cloud to Cloud,17371,14290,7
2026-10-02T09:09:22.873163704Z,22.665391,114.078362,Cloud to Cloud,-6520,3780,6
2026-10-02T09:09:22.626388000Z,5.2366,118.1763,Cloud to Ground,5013,0,10
2026-10-02T09:09:23.060657920Z,13.256075,120.621464,Cloud to Cloud,4284,7251,6
2026-10-02T09:09:23.055853721Z,13.277922,120.720302,Cloud to Cloud,10403,10995,7
2026-10-02T09:09:23.092883895Z,15.514192,120.846712,Cloud to Cloud,6711,5048,11
2026-10-02T09:09:24.977846638Z,21.90945,111.685781,Cloud to Cloud,-11086,5994,8
2026-10-02T09:09:25.072428857Z,22.92336,124.88132,Cloud to Ground,14153,0,10
2026-10-02T09:09:25.063611659Z,22.973929,124.97721,Cloud to Ground,56322,0,7
2026-10-02T09:09:25.538061820Z,22.70625,113.950304,Cloud to Ground,11777,0,12
2026-10-02T09:09:25.042570439Z,21.931315,111.538592,Cloud to Cloud,14110,3005,8
2026-10-02T09:09:26.500393401Z,15.512058,120.884949,Cloud to Ground,-26538,0,10
2026-10-02T09:09:26.572921448Z,15.513922,120.879688,Cloud to Ground,-22695,0,10
2026-10-02T09:09:26.428551804Z,15.513645,120.887935,Cloud to Ground,-19701,0,11
2026-10-02T09:09:26.653121779Z,15.513109,120.884624,Cloud to Ground,-17296,0,8
2026-10-02T09:09:26.334451311Z,15.511467,120.876296,Cloud to Ground,-14797,0,9
2026-10-02T09:09:27.349871058Z,15.511937,120.881269,Cloud to Ground,-13619,0,9
2026-10-02T09:09:27.070348327Z,15.510805,120.880056,Cloud to Ground,-9505,0,8
2026-10-02T09:09:27.610798508Z,15.513185,120.88614,Cloud to Ground,-6220,0,5
2026-10-02T09:09:27.285525429Z,15.512223,120.892357,Cloud to Ground,-6114,0,6
2026-10-02T09:09:26.698811290Z,11.503996,111.537397,Cloud to Ground,-9922,0,6
2026-10-02T09:09:26.162598593Z,21.701195,110.169799,Cloud to Ground,-12577,0,6
2026-10-02T09:09:26.005111450Z,22.686922,114.085593,Cloud to Ground,-11144,0,9
2026-10-02T09:09:25.801665000Z,22.7118,114.0945,Cloud to Ground,11222,0,9
2026-10-02T09:09:27.054768000Z,22.0016,111.7063,Cloud to Ground,-6326,0,7
2026-10-02T09:09:28.336889057Z,5.213902,118.24808,Cloud to Ground,-26966,0,20
2026-10-02T09:09:28.213307455Z,5.201922,118.264853,Cloud to Ground,-14170,0,17
2026-10-02T09:09:28.156538000Z,5.2044,118.2808,Cloud to Ground,18283,0,6
2026-10-02T09:09:30.943551718Z,15.583324,120.953635,Cloud to Ground,25370,0,11
2026-10-02T09:09:31.411076240Z,5.222139,118.271432,Cloud to Ground,24089,0,15
2026-10-02T09:09:31.694212796Z,11.467192,111.496082,Cloud to Ground,-21217,0,6
2026-10-02T09:09:31.324066501Z,11.527321,111.538867,Cloud to Ground,9699,0,6
2026-10-02T09:09:31.330401698Z,11.557509,111.510886,Cloud to Ground,116088,0,7
2026-10-02T09:09:32.251547271Z,21.657526,110.082503,Cloud to Cloud,-11638,5954,6
2026-10-02T09:09:33.639233052Z,15.507351,120.859597,Cloud to Cloud,7210,11122,7
2026-10-02T09:09:33.689359000Z,22.7099,114.1245,Cloud to Ground,254,0,8
2026-10-02T09:09:34.552719409Z,6.359158,117.220574,Cloud to Ground,-47153,0,23
2026-10-02T09:09:34.551519836Z,6.189293,117.201308,Cloud to Ground,-20696,0,8
2026-10-02T09:09:35.457109533Z,22.635158,114.071737,Cloud to Ground,-16409,0,11
2026-10-02T09:09:35.400360173Z,22.657784,113.952965,Cloud to Cloud,-11084,3004,8
2026-10-02T09:09:35.662569043Z,15.545931,120.821238,Cloud to Cloud,-16527,10674,7
2026-10-02T09:09:35.182438965Z,15.51359,120.87152,Cloud to Cloud,-11361,5800,5
2026-10-02T09:09:36.573549624Z,15.496273,120.872719,Cloud to Ground,-11648,0,8
2026-10-02T09:09:36.777748633Z,15.497449,120.862844,Cloud to Ground,-9258,0,8
2026-10-02T09:09:36.848351257Z,15.497438,120.860876,Cloud to Ground,-8010,0,8
2026-10-02T09:09:38.808404550Z,15.510694,120.946876,Cloud to Cloud,-8302,10512,6
2026-10-02T09:09:39.626457064Z,15.678891,121.104372,Cloud to Cloud,4727,19507,5
2026-10-02T09:09:40.279842397Z,15.478115,120.838648,Cloud to Cloud,6212,18682,11
2026-10-02T09:09:40.435096945Z,15.485443,120.822679,Cloud to Cloud,6269,12557,6
2026-10-02T09:09:40.327797121Z,15.404507,120.889036,Cloud to Cloud,7731,19066,12
2026-10-02T09:09:40.076360390Z,22.064756,111.73895,Cloud to Cloud,6330,8916,6
2026-10-02T09:09:41.287574249Z,21.626819,110.041399,Cloud to Cloud,2505,16296,5
2026-10-02T09:09:44.368507162Z,15.484675,120.895054,Cloud to Ground,-10532,0,8
2026-10-02T09:09:44.389486792Z,15.478228,120.90818,Cloud to Cloud,-4799,13315,9
2026-10-02T09:09:44.943064636Z,15.42529,121.014401,Cloud to Ground,-14529,0,10
2026-10-02T09:09:44.663327974Z,15.536199,120.981152,Cloud to Cloud,-5886,16228,7
2026-10-02T09:09:44.516928344Z,21.575269,110.107365,Cloud to Cloud,-11854,3049,7
2026-10-02T09:09:45.578937153Z,16.666962,121.058392,Cloud to Cloud,29387,14159,14
2026-10-02T09:09:45.613839006Z,15.51625,120.867455,Cloud to Cloud,-6056,4796,11
2026-10-02T09:09:47.736086691Z,5.342133,118.242473,Cloud to Cloud,36837,6557,7
2026-10-02T09:09:47.799662554Z,5.343302,118.230767,Cloud to Ground,60881,0,10
2026-10-02T09:09:47.675811391Z,5.209448,118.240844,Cloud to Ground,-19055,0,30
2026-10-02T09:09:48.326334952Z,15.48908,120.86383,Cloud to Ground,-10446,0,9
2026-10-02T09:09:48.218015506Z,15.483801,120.853691,Cloud to Cloud,-4828,10234,9
2026-10-02T09:09:49.297309387Z,5.308936,118.14225,Cloud to Cloud,-13959,5653,12
2026-10-02T09:09:50.393370121Z,15.469746,120.898437,Cloud to Cloud,-9261,5735,9
2026-10-02T09:09:50.794890000Z,14.6277,120.7989,Cloud to Ground,-16409,0,6
2026-10-02T09:09:50.826895687Z,14.602046,120.826111,Cloud to Ground,-8354,0,6
2026-10-02T09:09:51.901072039Z,7.93001,126.740621,Cloud to Ground,42535,0,18
2026-10-02T09:09:52.541338056Z,21.905026,111.659791,Cloud to Cloud,-16789,18618,7
2026-10-02T09:09:54.689563705Z,5.367697,118.083376,Cloud to Cloud,-14741,4930,21
2026-10-02T09:09:54.932820048Z,5.319921,118.229319,Cloud to Cloud,5965,17832,8
2026-10-02T09:09:54.632940254Z,11.504197,111.581345,Cloud to Ground,11380,0,7
2026-10-02T09:09:55.067839388Z,12.821689,120.804144,Cloud to Ground,-32911,0,11
2026-10-02T09:09:55.068425736Z,12.824614,120.807134,Cloud to Cloud,-13590,18341,7
2026-10-02T09:09:55.076914629Z,12.815932,120.791834,Cloud to Cloud,-5672,16752,6
2026-10-02T09:09:56.170966050Z,22.755303,114.039552,Cloud to Cloud,-13921,16147,8
2026-10-02T09:09:57.021336224Z,15.505026,120.920056,Cloud to Cloud,-7592,12588,9
2026-10-02T09:09:57.933884830Z,11.52534,111.589392,Cloud to Ground,8219,0,6
2026-10-02T09:09:58.666387831Z,15.538782,120.859129,Cloud to Ground,-15898,0,10
2026-10-02T09:09:58.549805971Z,15.536284,120.859221,Cloud to Ground,-13948,0,11
2026-10-02T09:09:58.476624796Z,15.52123,120.904628,Cloud to Ground,-10859,0,11
2026-10-02T09:09:59.126256589Z,22.759805,114.241446,Cloud to Ground,21577,0,8
2026-10-02T09:09:59.622076891Z,21.885686,111.665924,Cloud to Cloud,5181,14197,5
2026-10-02T09:10:02.055607589Z,15.443255,121.075507,Cloud to Cloud,-12373,3197,7
2026-10-02T09:10:03.116297545Z,22.646908,114.099996,Cloud to Ground,-12011,0,7
2026-10-02T09:10:04.221659807Z,15.568675,120.900313,Cloud to Cloud,-2728,3123,5
2026-10-02T09:10:04.156002497Z,15.535291,120.944259,Cloud to Cloud,4130,15972,5
2026-10-02T09:10:05.010630468Z,22.762163,114.67209,Cloud to Cloud,-11636,6509,7
2026-10-02T09:10:05.446763598Z,22.729909,114.076155,Cloud to Ground,-10940,0,5
2026-10-02T09:10:09.753080453Z,22.630159,114.025888,Cloud to Ground,-17979,0,7
2026-10-02T09:10:09.379848646Z,22.815103,114.35672,Cloud to Cloud,12637,6180,7
2026-10-02T09:10:10.328525477Z,15.401645,120.937127,Cloud to Cloud,9706,7441,10
2026-10-02T09:10:10.032032912Z,15.601465,120.872447,Cloud to Cloud,-5181,5070,10
2026-10-02T09:10:10.388068578Z,15.628154,120.855553,Cloud to Cloud,10268,12143,8
2026-10-02T09:10:11.396150036Z,15.56283,120.956427,Cloud to Cloud,-5667,18078,5
2026-10-02T09:10:11.465573513Z,15.560404,120.938572,Cloud to Cloud,-5620,5267,6
2026-10-02T09:10:11.889604053Z,15.575859,121.036155,Cloud to Ground,-4488,0,5
2026-10-02T09:10:11.276389324Z,15.562094,120.9563,Cloud to Cloud,-2959,5388,5
2026-10-02T09:10:12.418390095Z,15.505359,120.873565,Cloud to Cloud,-13770,17556,8
2026-10-02T09:10:12.331958826Z,15.496373,120.862666,Cloud to Cloud,-8772,17558,8
2026-10-02T09:10:12.493966942Z,16.140823,121.25704,Cloud to Cloud,13867,10050,11
2026-10-02T09:10:13.929187574Z,7.968608,126.631823,Cloud to Cloud,7228,17921,8
2026-10-02T09:10:13.368951114Z,22.600532,114.075541,Cloud to Cloud,-5910,6509,5
2026-10-02T09:10:14.155107440Z,7.877274,126.582437,Cloud to Cloud,-9753,8363,10
2026-10-02T09:10:14.538156665Z,21.670068,110.050411,Cloud to Cloud,13996,3060,12
2026-10-02T09:10:14.141867787Z,21.716896,110.04785,Cloud to Ground,17415,0,11
2026-10-02T09:10:14.925296842Z,15.507058,120.945171,Cloud to Cloud,-4299,3916,7
2026-10-02T09:10:15.093922685Z,15.504751,120.935156,Cloud to Cloud,4294,10043,8
2026-10-02T09:10:15.479697918Z,5.33156,118.223292,Cloud to Ground,-10612,0,9
2026-10-02T09:10:15.451731543Z,5.331394,118.327491,Cloud to Cloud,-15910,14092,11
2026-10-02T09:10:15.399019000Z,5.2161,118.2374,Cloud to Ground,25633,0,14
2026-10-02T09:10:16.130021548Z,22.096963,110.017735,Cloud to Cloud,-9002,5491,8
2026-10-02T09:10:17.823558458Z,15.489965,120.855997,Cloud to Cloud,6380,3005,8
2026-10-02T09:10:17.868006358Z,15.489651,120.833489,Cloud to Cloud,8105,19537,8
2026-10-02T09:10:18.416267179Z,21.747369,110.098281,Cloud to Cloud,11027,11484,10
2026-10-02T09:10:19.403077055Z,15.530022,120.864619,Cloud to Ground,-29746,0,9
2026-10-02T09:10:18.905012448Z,15.574884,120.939978,Cloud to Cloud,-4242,12791,9
2026-10-02T09:10:22.209465710Z,12.931828,120.630673,Cloud to Ground,-114900,0,10
2026-10-02T09:10:22.242771240Z,12.929893,120.623243,Cloud to Ground,-26495,0,9
2026-10-02T09:10:22.271456024Z,12.931486,120.629962,Cloud to Ground,-17171,0,7
2026-10-02T09:10:22.302128000Z,12.9505,120.5708,Cloud to Ground,-16360,0,7
2026-10-02T09:10:22.294464793Z,12.930644,120.627091,Cloud to Ground,-13824,0,6
2026-10-02T09:10:22.473164198Z,12.935794,120.665443,Cloud to Ground,-11485,0,7
2026-10-02T09:10:23.020169568Z,15.502313,120.884955,Cloud to Ground,14321,0,10
2026-10-02T09:10:24.045920952Z,4.154009,116.203896,Cloud to Ground,-21795,0,12
2026-10-02T09:10:25.626923417Z,15.510784,120.812086,Cloud to Ground,-6029,0,10
2026-10-02T09:10:25.540982359Z,15.527001,120.849589,Cloud to Cloud,2435,13658,6
2026-10-02T09:10:25.729289528Z,15.518952,120.798473,Cloud to Cloud,3691,13672,5
2026-10-02T09:10:26.063712996Z,15.424967,120.99363,Cloud to Cloud,-5906,12053,9
2026-10-02T09:10:26.867065256Z,15.588425,120.795585,Cloud to Cloud,4462,5096,8
2026-10-02T09:10:26.915368302Z,15.596759,120.803527,Cloud to Cloud,6009,19575,8
2026-10-02T09:10:26.706231824Z,21.644659,110.093083,Cloud to Cloud,5000,18694,7
2026-10-02T09:10:27.626087298Z,5.221042,118.219221,Cloud to Cloud,11324,3012,14
2026-10-02T09:10:27.108725314Z,7.401287,125.506748,Cloud to Cloud,8184,8686,7
2026-10-02T09:10:27.090588710Z,7.40821,125.587039,Cloud to Ground,20249,0,13
2026-10-02T09:10:27.351237773Z,15.501879,120.881203,Cloud to Cloud,-7513,4839,10
2026-10-02T09:10:27.656004838Z,15.533756,120.89656,Cloud to Cloud,-4231,16181,8
2026-10-02T09:10:27.531356866Z,15.402601,120.917588,Cloud to Cloud,6775,6690,6
2026-10-02T09:10:28.444713336Z,15.468321,120.902955,Cloud to Cloud,-2679,4956,6
2026-10-02T09:10:29.867184261Z,15.530378,120.867042,Cloud to Ground,-29790,0,9
2026-10-02T09:10:30.025003587Z,15.573694,120.957712,Cloud to Ground,-28522,0,13
2026-10-02T09:10:29.958683427Z,15.566844,120.961071,Cloud to Ground,-21719,0,10
2026-10-02T09:10:30.730008170Z,15.571398,120.944946,Cloud to Ground,-14815,0,9
2026-10-02T09:10:30.274033507Z,15.532213,120.853975,Cloud to Ground,-14791,0,10
2026-10-02T09:10:30.463362437Z,15.570953,120.945069,Cloud to Ground,-14354,0,5
2026-10-02T09:10:30.151827087Z,15.573322,120.944781,Cloud to Ground,-11231,0,9
2026-10-02T09:10:30.328019612Z,15.574308,120.947712,Cloud to Ground,-9831,0,10
2026-10-02T09:10:30.835980347Z,15.569788,120.963541,Cloud to Ground,-9482,0,7
2026-10-02T09:10:30.398780441Z,15.570446,120.959201,Cloud to Ground,-9345,0,8
2026-10-02T09:10:29.895057934Z,15.529709,120.868424,Cloud to Ground,-8477,0,6
2026-10-02T09:10:30.194144157Z,15.572529,120.951567,Cloud to Ground,-8118,0,7
2026-10-02T09:10:30.503671922Z,15.572863,120.937497,Cloud to Ground,-7650,0,9
2026-10-02T09:10:29.059897435Z,16.733078,121.134576,Cloud to Cloud,14423,10739,12
2026-10-02T09:10:29.065066983Z,16.826057,121.101976,Cloud to Cloud,-6821,6409,6
2026-10-02T09:10:29.348748649Z,16.83135,121.10399,Cloud to Cloud,9361,9471,8
2026-10-02T09:10:29.591782000Z,5.2081,118.1614,Cloud to Ground,12925,0,6
2026-10-02T09:10:32.563926125Z,13.21246,120.608395,Cloud to Ground,-25235,0,11
2026-10-02T09:10:32.654430270Z,13.213039,120.602648,Cloud to Ground,-17276,0,9
2026-10-02T09:10:32.703673035Z,15.531357,120.877508,Cloud to Cloud,11752,6862,7
2026-10-02T09:10:33.433596312Z,14.560898,120.822063,Cloud to Ground,-9707,0,9
2026-10-02T09:10:33.877559312Z,22.660707,114.08565,Cloud to Ground,-10621,0,12
2026-10-02T09:10:34.204519968Z,15.488184,120.889493,Cloud to Cloud,-6425,7878,12
2026-10-02T09:10:34.028053680Z,11.537652,111.547407,Cloud to Ground,21611,0,8
2026-10-02T09:10:36.733658246Z,21.496817,110.005222,Cloud to Cloud,-16495,11037,7
2026-10-02T09:10:37.859887088Z,22.619979,114.12991,Cloud to Ground,-20484,0,7
2026-10-02T09:10:37.324298607Z,22.612136,114.106335,Cloud to Ground,-15301,0,7
2026-10-02T09:10:37.532073474Z,22.609349,114.108405,Cloud to Ground,-11186,0,7
2026-10-02T09:10:37.962158715Z,22.621362,114.102086,Cloud to Ground,-10868,0,8
2026-10-02T09:10:37.555767807Z,22.624671,114.085631,Cloud to Ground,-7365,0,7
2026-10-02T09:10:38.086973013Z,22.642154,114.226314,Cloud to Ground,-19142,0,6
2026-10-02T09:10:39.774610517Z,5.240721,118.250521,Cloud to Ground,17497,0,17
2026-10-02T09:10:39.772013072Z,15.507347,120.888983,Cloud to Cloud,-9068,6184,10
2026-10-02T09:10:39.845290899Z,15.430571,120.906274,Cloud to Cloud,9313,4228,11
2026-10-02T09:10:41.655043007Z,15.481161,120.880584,Cloud to Cloud,-3625,14405,5
2026-10-02T09:10:42.580239200Z,22.773156,114.645692,Cloud to Cloud,16525,12870,9
2026-10-02T09:10:42.650835753Z,15.398237,121.007869,Cloud to Ground,-12809,0,11
2026-10-02T09:10:44.857534719Z,15.542718,120.934735,Cloud to Cloud,-3931,18624,6
2026-10-02T09:10:46.940252063Z,15.589619,121.064735,Cloud to Cloud,-3907,19352,6
2026-10-02T09:10:47.789797580Z,6.006568,117.167149,Cloud to Ground,-24965,0,23
2026-10-02T09:10:48.231178000Z,5.9838,117.1744,Cloud to Ground,24777,0,6
2026-10-02T09:10:47.259198391Z,22.633219,114.092283,Cloud to Ground,-15730,0,11
2026-10-02T09:10:47.441632007Z,22.637699,114.08828,Cloud to Ground,-6010,0,6
2026-10-02T09:10:48.555505608Z,6.139066,117.097968,Cloud to Ground,-9957,0,16
2026-10-02T09:10:48.528299537Z,22.905661,125.176273,Cloud to Cloud,-10278,8477,7
2026-10-02T09:10:48.089260787Z,22.977882,124.971809,Cloud to Cloud,8769,6527,5
2026-10-02T09:10:47.835942082Z,22.940539,124.87206,Cloud to Ground,21471,0,10
2026-10-02T09:10:47.832586224Z,22.968938,124.986253,Cloud to Ground,23849,0,7
2026-10-02T09:10:48.524493262Z,22.986487,124.907818,Cloud to Ground,50029,0,11
2026-10-02T09:10:48.218066943Z,22.786704,114.621635,Cloud to Ground,-19969,0,7
2026-10-02T09:10:48.429276415Z,15.583522,120.884491,Cloud to Cloud,-8369,18994,8
2026-10-02T09:10:49.182670043Z,21.549725,110.020295,Cloud to Cloud,9876,3005,7
2026-10-02T09:10:50.425234639Z,0.486856,110.441105,Cloud to Ground,12984,0,12
2026-10-02T09:10:51.233075437Z,7.704475,126.294348,Cloud to Ground,-107181,0,10
2026-10-02T09:10:51.316954000Z,7.7763,126.2333,Cloud to Ground,-34209,0,6
2026-10-02T09:10:51.378613000Z,7.7076,126.2023,Cloud to Ground,-24544,0,8
2026-10-02T09:10:51.035579807Z,7.773964,126.292015,Cloud to Ground,-10822,0,13
2026-10-02T09:10:50.707426000Z,7.778,126.2168,Cloud to Ground,790,0,7
2026-10-02T09:10:51.831219462Z,21.655662,110.039782,Cloud to Cloud,11258,13242,6
2026-10-02T09:10:52.862895171Z,11.497186,111.589008,Cloud to Ground,-12037,0,9
2026-10-02T09:10:53.515589871Z,15.529357,120.861059,Cloud to Cloud,-10515,19996,10
2026-10-02T09:10:53.107863934Z,15.519196,120.86545,Cloud to Cloud,-4795,13572,7
2026-10-02T09:10:54.842343427Z,15.618197,120.941369,Cloud to Cloud,2356,3016,6
2026-10-02T09:10:55.491023442Z,6.497893,125.527508,Cloud to Cloud,7945,18841,7
2026-10-02T09:10:55.481308831Z,15.536411,121.055154,Cloud to Ground,-22020,0,8
2026-10-02T09:10:56.844198029Z,22.634643,114.156488,Cloud to Ground,14225,0,7
2026-10-02T09:10:59.484052000Z,14.6128,120.7873,Cloud to Ground,-18107,0,7
2026-10-02T09:10:59.526985174Z,14.593913,120.808632,Cloud to Ground,-10394,0,11
2026-10-02T09:10:59.568647495Z,14.593826,120.815958,Cloud to Ground,-7745,0,9
2026-10-02T09:11:02.119633451Z,1.107741,113.896383,Cloud to Cloud,-9582,3043,14
2026-10-02T09:11:03.508732614Z,13.262074,120.597909,Cloud to Ground,-9061,0,7
2026-10-02T09:11:03.440687813Z,13.256032,120.641849,Cloud to Cloud,4744,3299,6
2026-10-02T09:11:04.148375825Z,15.492735,120.92613,Cloud to Cloud,6012,19525,10
2026-10-02T09:11:05.578389749Z,15.593539,120.999622,Cloud to Ground,-35713,0,8
2026-10-02T09:11:05.734010784Z,15.378784,120.9756,Cloud to Ground,-26851,0,12
2026-10-02T09:11:05.683902661Z,15.387376,120.989401,Cloud to Ground,-10459,0,10
2026-10-02T09:11:05.655938000Z,15.3884,120.8497,Cloud to Ground,-27715,0,5
2026-10-02T09:11:07.865754926Z,11.507323,111.542244,Cloud to Ground,-37314,0,9
2026-10-02T09:11:08.150887000Z,11.5226,111.5126,Cloud to Ground,27188,0,6
2026-10-02T09:11:07.994368523Z,11.5186,111.526357,Cloud to Ground,110068,0,12
2026-10-02T09:11:08.282699908Z,6.539999,125.500143,Cloud to Ground,-10400,0,14
2026-10-02T09:11:08.260403000Z,6.4794,125.467,Cloud to Ground,-6307,0,6
2026-10-02T09:11:08.511047358Z,7.849457,126.577639,Cloud to Ground,-118245,0,9
2026-10-02T09:11:08.749624650Z,7.919383,126.534025,Cloud to Ground,-19906,0,15
2026-10-02T09:11:08.588430112Z,7.92445,126.551902,Cloud to Ground,-17861,0,14
2026-10-02T09:11:08.628538548Z,7.884835,126.459497,Cloud to Ground,-16247,0,15
2026-10-02T09:11:08.747746387Z,7.855511,126.431553,Cloud to Cloud,-8692,14292,8
