timestamp,latitude,longitude,type,amplitude_ka,height_m,num_sensors
2026-10-05T15:01:06.353795002Z,20.69307,116.331838,Cloud to Ground,-48748,0,12
2026-10-05T15:01:06.544221708Z,20.695263,116.228268,Cloud to Ground,-20757,0,7
2026-10-05T15:01:06.908269000Z,7.4871,127.2922,Cloud to Ground,-11983,0,11
2026-10-05T15:01:07.517330818Z,7.639838,127.021567,Cloud to Ground,-27802,0,18
2026-10-05T15:01:07.574910206Z,7.529944,127.065509,Cloud to Cloud,-12786,4816,15
2026-10-05T15:01:07.506821000Z,7.5404,127.0105,Cloud to Ground,24960,0,8
2026-10-05T15:01:08.875375895Z,2.968096,117.603807,Cloud to Ground,-19271,0,15
2026-10-05T15:01:09.353689544Z,2.572723,113.123609,Cloud to Ground,15878,0,8
2026-10-05T15:01:09.531681000Z,16.0826,122.3832,Cloud to Ground,40812,0,8
2026-10-05T15:01:09.978072000Z,2.5214,113.2961,Cloud to Ground,68541,0,6
2026-10-05T15:01:13.340345619Z,7.605923,120.53558,Cloud to Ground,-105128,0,8
2026-10-05T15:01:13.393431540Z,7.730465,120.547341,Cloud to Ground,-17736,0,15
2026-10-05T15:01:13.652522248Z,15.657683,121.979305,Cloud to Ground,-48118,0,6
2026-10-05T15:01:13.684959296Z,15.658757,121.97831,Cloud to Ground,-7712,0,6
2026-10-05T15:01:13.118712569Z,10.08667,126.8901,Cloud to Cloud,10382,7658,12
2026-10-05T15:01:14.245600174Z,2.415259,116.074821,Cloud to Cloud,-18037,17864,20
2026-10-05T15:01:17.845941211Z,2.735962,116.447235,Cloud to Ground,-24975,0,14
2026-10-05T15:01:17.122612045Z,12.65421,122.504542,Cloud to Cloud,-4239,3381,7
2026-10-05T15:01:18.949210095Z,11.369536,126.036546,Cloud to Ground,-92249,0,8
2026-10-05T15:01:19.056264000Z,11.3366,125.9769,Cloud to Ground,-24660,0,5
2026-10-05T15:01:18.080651000Z,12.5702,122.5734,Cloud to Ground,-8578,0,8
2026-10-05T15:01:19.553654055Z,8.582471,128.231093,Cloud to Ground,-48528,0,10
2026-10-05T15:01:19.967351398Z,8.577244,128.168717,Cloud to Ground,-23330,0,11
2026-10-05T15:01:19.860920000Z,8.575,128.1656,Cloud to Ground,-17224,0,7
2026-10-05T15:01:19.601753698Z,8.560432,128.215076,Cloud to Ground,-16661,0,8
2026-10-05T15:01:19.628899000Z,8.6629,128.1178,Cloud to Ground,-11299,0,5
2026-10-05T15:01:21.028494949Z,8.249993,121.107252,Cloud to Ground,-54519,0,11
2026-10-05T15:01:23.570139330Z,9.195147,115.09055,Cloud to Ground,13891,0,9
2026-10-05T15:01:23.350699149Z,12.358332,122.870752,Cloud to Cloud,35981,3008,7
2026-10-05T15:01:23.156616000Z,12.42,122.6187,Cloud to Ground,-21467,0,6
2026-10-05T15:01:23.199332000Z,12.4673,122.8089,Cloud to Ground,-17007,0,9
2026-10-05T15:01:24.716611792Z,8.755623,124.457394,Cloud to Ground,-27484,0,8
2026-10-05T15:01:25.523364505Z,5.958375,118.816093,Cloud to Ground,51499,0,12
2026-10-05T15:01:25.470560897Z,5.986957,118.988439,Cloud to Ground,-25651,0,11
2026-10-05T15:01:25.311002979Z,2.870294,116.803662,Cloud to Cloud,-19574,19009,11
2026-10-05T15:01:26.368187625Z,1.99819,117.407699,Cloud to Ground,7514,0,11
2026-10-05T15:01:27.442136797Z,2.040077,116.606188,Cloud to Ground,20825,0,16
2026-10-05T15:01:27.651129000Z,1.9425,116.6416,Cloud to Ground,9971,0,6
2026-10-05T15:01:28.464304442Z,6.480408,126.591827,Cloud to Ground,-42274,0,10
2026-10-05T15:01:29.272541992Z,2.95831,117.616136,Cloud to Ground,18533,0,16
2026-10-05T15:01:29.401932152Z,2.962448,117.66567,Cloud to Ground,28527,0,12
2026-10-05T15:01:29.701799632Z,13.220621,122.364203,Cloud to Ground,-13252,0,8
2026-10-05T15:01:29.757201495Z,13.218507,122.36157,Cloud to Ground,-12613,0,6
2026-10-05T15:01:29.349158564Z,13.273408,122.468268,Cloud to Cloud,-44679,10502,10
2026-10-05T15:01:29.860031340Z,7.037413,111.241397,Cloud to Ground,-44851,0,11
2026-10-05T15:01:29.844307189Z,7.119407,111.267669,Cloud to Ground,-19554,0,9
2026-10-05T15:01:30.006932608Z,7.047973,111.194851,Cloud to Ground,39585,0,8
2026-10-05T15:01:29.936048245Z,7.121915,111.278118,Cloud to Ground,51777,0,12
2026-10-05T15:01:30.076533853Z,7.083288,111.19513,Cloud to Ground,57755,0,7
2026-10-05T15:01:30.102865695Z,17.463298,110.52651,Cloud to Ground,46214,0,13
2026-10-05T15:01:30.134747243Z,17.474016,110.546527,Cloud to Ground,46261,0,12
2026-10-05T15:01:30.182619815Z,17.477824,110.545486,Cloud to Ground,48428,0,12
2026-10-05T15:01:30.018036358Z,17.470522,110.549879,Cloud to Ground,58369,0,13
2026-10-05T15:01:30.054002000Z,17.5706,110.7174,Cloud to Ground,62766,0,6
2026-10-05T15:01:30.342140000Z,12.3035,122.3119,Cloud to Ground,10653,0,6
2026-10-05T15:01:31.316315000Z,6.6214,126.5989,Cloud to Ground,3562,0,5
2026-10-05T15:01:31.562294000Z,6.8526,127.0487,Cloud to Ground,9432,0,7
2026-10-05T15:01:36.020009275Z,2.059529,117.37618,Cloud to Ground,8706,0,11
2026-10-05T15:01:36.310415236Z,3.02508,117.711581,Cloud to Ground,7956,0,9
2026-10-05T15:01:36.449362526Z,3.039671,117.704946,Cloud to Ground,11344,0,11
2026-10-05T15:01:36.253452637Z,3.033642,117.69186,Cloud to Ground,11544,0,14
2026-10-05T15:01:35.995374276Z,3.020269,117.713459,Cloud to Ground,14140,0,13
2026-10-05T15:01:36.501685890Z,3.040124,117.670488,Cloud to Ground,28181,0,14
2026-10-05T15:01:36.901995666Z,17.498374,110.549583,Cloud to Ground,39027,0,13
2026-10-05T15:01:36.816212694Z,17.490357,110.811594,Cloud to Ground,20443,0,8
2026-10-05T15:01:37.285624353Z,21.885585,120.208351,Cloud to Cloud,5596,8481,8
2026-10-05T15:01:37.287659533Z,21.884832,120.205729,Cloud to Cloud,5990,19561,7
2026-10-05T15:01:37.954485000Z,7.8669,120.7803,Cloud to Ground,2036,0,8
2026-10-05T15:01:38.469859543Z,7.909591,120.639981,Cloud to Cloud,-22775,4436,20
2026-10-05T15:01:38.004689000Z,10.1126,127.1122,Cloud to Ground,-22159,0,8
2026-10-05T15:01:41.387563085Z,15.249745,120.702422,Cloud to Cloud,-13788,4358,8
2026-10-05T15:01:41.754538910Z,12.440455,122.804059,Cloud to Ground,-13512,0,7
2026-10-05T15:01:41.943826876Z,12.441086,122.804273,Cloud to Ground,-11388,0,7
2026-10-05T15:01:41.378023176Z,12.444983,122.805508,Cloud to Cloud,-6465,13120,5
2026-10-05T15:01:41.590270000Z,12.5442,122.7115,Cloud to Ground,-19640,0,7
2026-10-05T15:01:41.439996000Z,12.4712,122.7049,Cloud to Ground,-18018,0,5
2026-10-05T15:01:42.165486399Z,15.594123,121.038531,Cloud to Cloud,17580,17579,7
2026-10-05T15:01:42.273094514Z,15.691069,121.091078,Cloud to Ground,38257,0,10
2026-10-05T15:01:42.486446296Z,15.453695,119.5234,Cloud to Cloud,9595,3105,10
2026-10-05T15:01:43.634369015Z,15.77394,119.681999,Cloud to Cloud,16345,3013,9
2026-10-05T15:01:46.078213045Z,1.946292,115.75943,Cloud to Ground,-12269,0,13
2026-10-05T15:01:47.801075244Z,14.801754,120.883753,Cloud to Ground,-86107,0,15
2026-10-05T15:01:47.840416643Z,14.70573,120.884274,Cloud to Ground,-69910,0,14
2026-10-05T15:01:47.831861004Z,14.708475,120.864211,Cloud to Ground,-37424,0,12
2026-10-05T15:01:47.794814273Z,14.736872,120.879165,Cloud to Ground,-23159,0,13
2026-10-05T15:01:47.906259000Z,14.745,120.8263,Cloud to Ground,-14693,0,8
2026-10-05T15:01:48.175510103Z,15.227507,121.270761,Cloud to Ground,29344,0,9
2026-10-05T15:01:47.836469484Z,15.216736,121.273002,Cloud to Cloud,30044,11476,11
2026-10-05T15:01:50.403419477Z,12.441699,122.813043,Cloud to Cloud,3433,6806,5
2026-10-05T15:01:51.807084173Z,10.041399,127.036237,Cloud to Ground,-31850,0,9
2026-10-05T15:01:51.860406839Z,10.039221,127.054986,Cloud to Ground,-28265,0,7
2026-10-05T15:01:51.945534781Z,10.04055,127.033368,Cloud to Ground,-25502,0,7
2026-10-05T15:01:51.979929000Z,10.0505,126.9853,Cloud to Ground,-20659,0,7
2026-10-05T15:01:51.335704311Z,21.353811,120.104013,Cloud to Cloud,5985,7643,8
2026-10-05T15:01:51.214088846Z,21.345881,120.122194,Cloud to Cloud,7369,17224,8
2026-10-05T15:01:52.606639723Z,9.715985,127.285434,Cloud to Ground,-47470,0,9
2026-10-05T15:01:52.525983371Z,18.055702,112.256117,Cloud to Ground,21021,0,9
2026-10-05T15:01:52.528399835Z,18.050986,112.177183,Cloud to Ground,39416,0,14
2026-10-05T15:01:52.191763206Z,15.730578,129.011204,Cloud to Ground,197302,0,12
2026-10-05T15:01:52.284677367Z,13.4038,122.362441,Cloud to Ground,-45046,0,8
2026-10-05T15:01:53.898141916Z,2.640846,116.575801,Cloud to Ground,15159,0,10
2026-10-05T15:01:54.291687157Z,8.542882,128.098851,Cloud to Cloud,12852,6442,10
2026-10-05T15:01:54.246609289Z,12.786239,122.574958,Cloud to Ground,-33516,0,13
2026-10-05T15:01:54.584762244Z,12.741618,122.633357,Cloud to Ground,-12330,0,6
2026-10-05T15:01:54.511519030Z,12.757879,122.69282,Cloud to Cloud,39797,15825,10
2026-10-05T15:01:54.927718104Z,10.268584,126.309999,Cloud to Ground,-42550,0,9
2026-10-05T15:01:54.858588000Z,10.2786,126.25,Cloud to Ground,-24650,0,11
2026-10-05T15:01:54.981615000Z,10.314,126.3583,Cloud to Ground,-17442,0,7
2026-10-05T15:01:55.769867981Z,2.135721,114.19304,Cloud to Ground,12584,0,10
2026-10-05T15:01:56.249243093Z,2.148491,114.14898,Cloud to Ground,32801,0,12
2026-10-05T15:01:56.052335430Z,12.442509,122.778143,Cloud to Ground,-22535,0,10
2026-10-05T15:01:59.101915732Z,2.676507,116.850646,Cloud to Ground,-11731,0,18
2026-10-05T15:01:59.266914333Z,2.728738,116.463544,Cloud to Ground,22482,0,20
2026-10-05T15:01:59.945067460Z,11.265031,124.438709,Cloud to Ground,-12165,0,8
2026-10-05T15:02:00.185957615Z,2.739296,116.543647,Cloud to Ground,37834,0,15
2026-10-05T15:02:00.859031522Z,2.833405,117.350251,Cloud to Ground,11243,0,8
2026-10-05T15:02:00.817003959Z,2.833631,117.367549,Cloud to Ground,34424,0,19
2026-10-05T15:02:00.491484126Z,2.831919,117.369219,Cloud to Ground,50178,0,22
2026-10-05T15:02:00.262380000Z,11.4988,123.5807,Cloud to Ground,-34741,0,6
2026-10-05T15:02:00.211475000Z,11.5514,123.67,Cloud to Ground,-42648,0,7
2026-10-05T15:02:00.008876000Z,11.2972,124.2721,Cloud to Ground,-34449,0,6
2026-10-05T15:01:59.900801000Z,11.2634,124.3103,Cloud to Ground,-24757,0,7
2026-10-05T15:02:03.387096413Z,1.991416,115.800656,Cloud to Ground,-28661,0,16
2026-10-05T15:02:03.769067983Z,19.994481,110.395896,Cloud to Ground,-17765,0,8
2026-10-05T15:02:04.817195937Z,10.444282,122.745836,Cloud to Cloud,4895,19003,5
2026-10-05T15:02:04.287727000Z,10.4011,122.6039,Cloud to Ground,-95297,0,13
2026-10-05T15:02:06.049822000Z,10.0047,128.9159,Cloud to Ground,-46150,0,5
2026-10-05T15:02:06.150419607Z,9.987738,128.919147,Cloud to Ground,-23199,0,10
2026-10-05T15:02:07.449186642Z,2.246407,114.467783,Cloud to Cloud,-27715,5287,12
2026-10-05T15:02:08.582030896Z,2.946395,116.695934,Cloud to Cloud,-12662,4966,20
2026-10-05T15:02:08.582699096Z,2.818171,116.700131,Cloud to Ground,-15863,0,11
2026-10-05T15:02:08.254417665Z,2.84756,116.735762,Cloud to Ground,39567,0,23
2026-10-05T15:02:07.951821000Z,12.4347,122.721,Cloud to Ground,-28964,0,7
2026-10-05T15:02:08.043292135Z,12.444284,122.771709,Cloud to Ground,-10686,0,8
2026-10-05T15:02:08.199639510Z,12.441542,122.772561,Cloud to Ground,-8715,0,6
2026-10-05T15:02:08.241581955Z,12.440522,122.772944,Cloud to Ground,-7092,0,6
2026-10-05T15:02:08.096324000Z,12.4377,122.6241,Cloud to Ground,-20102,0,7
2026-10-05T15:02:10.104438255Z,2.641432,116.578294,Cloud to Ground,-11180,0,13
2026-10-05T15:02:11.124230355Z,2.678736,116.844757,Cloud to Ground,8933,0,14
2026-10-05T15:02:13.733431501Z,22.139905,120.111872,Cloud to Cloud,-3520,13251,8
2026-10-05T15:02:13.705236043Z,15.302095,121.220703,Cloud to Cloud,5659,8621,7
2026-10-05T15:02:15.807161838Z,8.562495,128.213172,Cloud to Ground,-39725,0,11
2026-10-05T15:02:15.832544408Z,8.536855,128.170087,Cloud to Ground,-16382,0,11
2026-10-05T15:02:15.273967611Z,12.44556,122.753786,Cloud to Cloud,10289,19829,5
2026-10-05T15:02:15.271239903Z,12.465495,122.758039,Cloud to Cloud,12546,19455,6
2026-10-05T15:02:15.557771482Z,10.61544,127.68453,Cloud to Cloud,18431,5214,10
2026-10-05T15:02:15.556977277Z,10.625248,127.696584,Cloud to Ground,30109,0,15
2026-10-05T15:02:15.059765000Z,10.0978,127.0795,Cloud to Ground,-37074,0,9
2026-10-05T15:02:15.132192841Z,10.052962,127.042465,Cloud to Ground,11321,0,5
2026-10-05T15:02:15.153655000Z,13.2893,122.2783,Cloud to Ground,-39155,0,6
2026-10-05T15:02:16.667800451Z,22.95765,122.332077,Cloud to Cloud,-4884,7836,8
2026-10-05T15:02:16.337142814Z,22.804852,122.326181,Cloud to Cloud,-13468,3035,9
2026-10-05T15:02:16.517927042Z,22.856639,122.337373,Cloud to Cloud,3260,15343,6
2026-10-05T15:02:16.512850080Z,22.848682,122.37439,Cloud to Cloud,5118,3014,8
2026-10-05T15:02:17.395469972Z,22.888312,122.177642,Cloud to Ground,-55534,0,9
2026-10-05T15:02:17.424458000Z,22.958,122.1423,Cloud to Ground,-35539,0,10
2026-10-05T15:02:17.073901522Z,22.815043,122.114772,Cloud to Ground,-20456,0,11
2026-10-05T15:02:17.057664000Z,22.8426,122.1092,Cloud to Ground,-20442,0,10
2026-10-05T15:02:17.065005130Z,22.804151,122.124987,Cloud to Cloud,-17317,8487,8
2026-10-05T15:02:17.058474479Z,22.809403,122.140359,Cloud to Cloud,-12260,11105,16
2026-10-05T15:02:16.699250479Z,22.913744,122.22365,Cloud to Cloud,-4615,5357,7
2026-10-05T15:02:17.093423991Z,22.774212,122.077591,Cloud to Cloud,4862,14218,7
2026-10-05T15:02:17.062098830Z,22.796383,122.129892,Cloud to Cloud,6569,4000,6
2026-10-05T15:02:17.796649000Z,15.156,120.4917,Cloud to Ground,-19057,0,7
2026-10-05T15:02:18.642613376Z,2.96257,117.633489,Cloud to Ground,23092,0,11
2026-10-05T15:02:18.317175569Z,10.369776,134.413594,Cloud to Ground,-34566,0,22
2026-10-05T15:02:18.272150512Z,10.331281,134.502478,Cloud to Ground,-31167,0,13
2026-10-05T15:02:18.682775000Z,10.3625,134.4376,Cloud to Ground,-18387,0,7
2026-10-05T15:02:18.000443000Z,15.2094,120.7135,Cloud to Ground,-12629,0,7
2026-10-05T15:02:19.086697096Z,12.441653,122.78809,Cloud to Cloud,-5677,14581,6
2026-10-05T15:02:20.653335451Z,21.9766,120.176009,Cloud to Ground,14841,0,8
2026-10-05T15:02:21.594815159Z,3.123576,117.704611,Cloud to Ground,12017,0,10
2026-10-05T15:02:26.049720527Z,12.569431,122.741543,Cloud to Ground,-23821,0,18
2026-10-05T15:02:26.916106096Z,17.458304,110.628525,Cloud to Ground,-17209,0,7
2026-10-05T15:02:26.881730983Z,17.490543,110.635404,Cloud to Ground,29776,0,15
2026-10-05T15:02:27.709092447Z,7.034452,111.185405,Cloud to Ground,-16724,0,7
2026-10-05T15:02:28.129543000Z,7.0861,111.2435,Cloud to Ground,40522,0,9
2026-10-05T15:02:28.083239000Z,7.0678,111.2844,Cloud to Ground,58777,0,16
2026-10-05T15:02:27.721978000Z,7.0167,111.1393,Cloud to Ground,98217,0,7
2026-10-05T15:02:30.722822231Z,2.542035,113.102242,Cloud to Ground,-7223,0,7
2026-10-05T15:02:31.449801050Z,2.539734,116.627738,Cloud to Ground,26687,0,21
2026-10-05T15:02:31.053227975Z,6.812355,127.243923,Cloud to Ground,-41903,0,14
2026-10-05T15:02:32.189406738Z,6.789488,127.19146,Cloud to Cloud,-40500,5113,24
2026-10-05T15:02:31.560780974Z,6.793111,127.234401,Cloud to Ground,-16401,0,9
2026-10-05T15:02:31.110994000Z,6.7833,127.1377,Cloud to Ground,-16663,0,7
2026-10-05T15:02:31.235241160Z,6.307399,126.491493,Cloud to Ground,-60466,0,8
2026-10-05T15:02:31.312373000Z,6.1848,126.3412,Cloud to Ground,-8740,0,5
2026-10-05T15:02:31.669629334Z,15.644436,121.963526,Cloud to Cloud,-8938,16231,8
2026-10-05T15:02:31.777565000Z,7.6117,120.3242,Cloud to Ground,10051,0,5
2026-10-05T15:02:32.415740400Z,15.82029,119.752259,Cloud to Ground,-21824,0,7
2026-10-05T15:02:33.932337333Z,15.375903,121.267655,Cloud to Cloud,-16547,3425,7
2026-10-05T15:02:34.617366745Z,10.448163,129.40762,Cloud to Ground,-24302,0,8
2026-10-05T15:02:34.674522120Z,10.474368,129.407005,Cloud to Ground,-21587,0,7
2026-10-05T15:02:35.744513949Z,12.286726,122.412822,Cloud to Cloud,5132,19679,5
2026-10-05T15:02:35.743979991Z,12.286989,122.41166,Cloud to Cloud,5733,19084,6
2026-10-05T15:02:36.985101048Z,9.981964,127.203078,Cloud to Ground,-22278,0,6
2026-10-05T15:02:37.101038665Z,9.946423,127.176249,Cloud to Ground,-18829,0,15
2026-10-05T15:02:36.347327000Z,2.6913,114.4704,Cloud to Ground,909,0,5
2026-10-05T15:02:36.367362523Z,2.649096,114.561316,Cloud to Cloud,11865,3072,9
2026-10-05T15:02:36.343236004Z,2.707051,114.503317,Cloud to Ground,32209,0,20
2026-10-05T15:02:36.210103282Z,20.729087,116.239736,Cloud to Ground,-29186,0,11
2026-10-05T15:02:36.316972000Z,20.7822,116.2272,Cloud to Ground,-26586,0,9
2026-10-05T15:02:36.256214000Z,20.7147,116.1905,Cloud to Ground,-12310,0,12
2026-10-05T15:02:36.951007000Z,20.7438,116.2324,Cloud to Ground,-9154,0,12
2026-10-05T15:02:36.795770000Z,11.6959,123.5744,Cloud to Ground,-9607,0,5
2026-10-05T15:02:36.681257000Z,20.8824,116.4981,Cloud to Ground,-21812,0,5
2026-10-05T15:02:37.997262359Z,18.058419,114.618347,Cloud to Cloud,-21192,7842,8
2026-10-05T15:02:37.998538864Z,18.076241,114.607796,Cloud to Cloud,-16291,7747,8
2026-10-05T15:02:37.996439917Z,18.048114,114.606181,Cloud to Ground,21557,0,10
2026-10-05T15:02:37.435703864Z,10.144869,127.001958,Cloud to Ground,-35416,0,18
2026-10-05T15:02:37.742904000Z,10.0061,127.0005,Cloud to Ground,-30893,0,9
2026-10-05T15:02:37.463505000Z,10.0297,126.9928,Cloud to Ground,-23363,0,8
2026-10-05T15:02:37.814265994Z,10.001751,127.057172,Cloud to Ground,-20974,0,18
2026-10-05T15:02:37.525482000Z,10.1005,127.2144,Cloud to Ground,-24288,0,6
2026-10-05T15:02:38.950539681Z,13.272519,122.367848,Cloud to Ground,-12929,0,7
2026-10-05T15:02:38.864966000Z,13.2951,122.2015,Cloud to Ground,-34654,0,12
2026-10-05T15:02:39.000958560Z,11.377244,126.02212,Cloud to Ground,-35808,0,8
2026-10-05T15:02:39.395092615Z,11.349569,126.041956,Cloud to Ground,-27165,0,10
2026-10-05T15:02:39.167290944Z,11.354428,126.033053,Cloud to Ground,-19096,0,7
2026-10-05T15:02:39.078523449Z,11.373981,126.031056,Cloud to Ground,-11875,0,6
2026-10-05T15:02:39.051158635Z,11.373689,126.030073,Cloud to Ground,-11601,0,5
2026-10-05T15:02:39.450183420Z,11.349971,126.04139,Cloud to Ground,-8015,0,5
2026-10-05T15:02:40.697526042Z,7.833254,130.944131,Cloud to Ground,-29376,0,24
2026-10-05T15:02:40.540187693Z,7.844317,131.069111,Cloud to Ground,-53970,0,13
2026-10-05T15:02:41.126488247Z,17.486069,110.595728,Cloud to Ground,12294,0,8
2026-10-05T15:02:40.988367743Z,17.486331,110.561426,Cloud to Ground,15512,0,7
2026-10-05T15:02:41.867885007Z,14.831596,120.798942,Cloud to Ground,-32110,0,11
2026-10-05T15:02:41.412203534Z,15.73927,121.842309,Cloud to Ground,-18034,0,8
2026-10-05T15:02:41.416763436Z,15.364875,121.96026,Cloud to Cloud,7477,4366,6
2026-10-05T15:02:42.446617871Z,11.490082,123.677115,Cloud to Cloud,7725,13910,5
2026-10-05T15:02:43.291791537Z,1.976958,115.712936,Cloud to Ground,12422,0,14
2026-10-05T15:02:43.464971640Z,2.867159,116.569465,Cloud to Ground,22422,0,14
2026-10-05T15:02:43.465648000Z,2.889,116.521,Cloud to Ground,23684,0,5
2026-10-05T15:02:45.796211531Z,15.78745,119.652134,Cloud to Cloud,18669,3445,8
2026-10-05T15:02:46.056290804Z,15.672234,121.952927,Cloud to Ground,22474,0,10
2026-10-05T15:02:46.005490279Z,14.501592,123.19083,Cloud to Ground,-8340,0,7
2026-10-05T15:02:51.923913412Z,2.863162,117.354876,Cloud to Ground,21643,0,13
2026-10-05T15:02:51.719020857Z,12.456402,129.476607,Cloud to Cloud,-21722,3023,9
2026-10-05T15:02:52.266413910Z,6.894761,110.46333,Cloud to Ground,-14429,0,19
2026-10-05T15:02:52.937965563Z,15.683878,121.963673,Cloud to Ground,-41906,0,11
2026-10-05T15:02:53.109491381Z,15.684928,121.962101,Cloud to Ground,-22467,0,11
2026-10-05T15:02:53.026228806Z,15.717005,122.080586,Cloud to Ground,-22152,0,8
2026-10-05T15:02:53.061008720Z,15.68585,121.967269,Cloud to Ground,-19495,0,11
2026-10-05T15:02:53.259068000Z,15.7386,122.0196,Cloud to Ground,33840,0,5
2026-10-05T15:02:52.997359000Z,15.502,121.8953,Cloud to Ground,-24443,0,5
2026-10-05T15:02:53.359162811Z,3.056099,117.706837,Cloud to Ground,24798,0,16
2026-10-05T15:02:55.869752209Z,2.750902,116.538918,Cloud to Cloud,-12988,17647,10
2026-10-05T15:02:55.866322818Z,2.741822,116.543079,Cloud to Cloud,-12172,3091,13
2026-10-05T15:02:55.861220000Z,2.8382,116.4189,Cloud to Ground,2728,0,5
2026-10-05T15:02:56.788303552Z,2.754837,116.84078,Cloud to Ground,13039,0,10
2026-10-05T15:02:56.394853000Z,12.4698,122.8488,Cloud to Ground,9281,0,7
2026-10-05T15:02:58.199343450Z,8.555903,128.243897,Cloud to Ground,-51454,0,9
2026-10-05T15:02:58.391226157Z,8.556684,128.185516,Cloud to Ground,-15345,0,10
2026-10-05T15:02:58.132028025Z,10.313847,127.591069,Cloud to Ground,-29008,0,14
2026-10-05T15:02:58.177350408Z,10.368265,127.609573,Cloud to Ground,-17793,0,9
2026-10-05T15:03:00.522059075Z,12.445249,122.746085,Cloud to Cloud,5008,19129,5
2026-10-05T15:03:01.863824345Z,12.464618,122.752153,Cloud to Cloud,5851,17703,5
2026-10-05T15:03:02.414353589Z,10.075708,127.460037,Cloud to Ground,-23114,0,19
2026-10-05T15:03:02.473157486Z,10.189887,127.404566,Cloud to Ground,-17891,0,13
2026-10-05T15:03:02.341955489Z,15.455575,119.524272,Cloud to Ground,-28468,0,18
2026-10-05T15:03:02.192394949Z,15.287644,119.495148,Cloud to Cloud,11995,18630,10
2026-10-05T15:03:03.795099159Z,10.200357,126.198978,Cloud to Cloud,10488,17453,12
2026-10-05T15:03:04.761548442Z,13.304892,122.503106,Cloud to Ground,-29116,0,7
2026-10-05T15:03:04.723801000Z,6.7794,127.2342,Cloud to Ground,-22047,0,5
2026-10-05T15:03:05.171617498Z,11.758581,125.921835,Cloud to Ground,-65889,0,16
2026-10-05T15:03:05.267989259Z,11.779176,125.953629,Cloud to Ground,-42593,0,6
2026-10-05T15:03:05.232438373Z,11.786005,125.958444,Cloud to Ground,-22467,0,8
2026-10-05T15:03:05.281154098Z,11.778274,125.943054,Cloud to Ground,-17117,0,6
2026-10-05T15:03:05.263369809Z,11.489983,123.686774,Cloud to Ground,-43875,0,9
2026-10-05T15:03:05.294889000Z,11.5242,123.5444,Cloud to Ground,-7499,0,6
2026-10-05T15:03:06.301514846Z,12.768127,122.745332,Cloud to Ground,-47315,0,11
2026-10-05T15:03:06.393828221Z,12.726986,122.663685,Cloud to Ground,-10001,0,7
2026-10-05T15:03:06.069894000Z,17.5217,110.6431,Cloud to Ground,74176,0,8
2026-10-05T15:03:07.408429123Z,12.724907,122.66442,Cloud to Ground,-9552,0,7
2026-10-05T15:03:07.343410897Z,10.052954,127.050533,Cloud to Ground,-37181,0,9
2026-10-05T15:03:08.255011000Z,9.7456,127.1202,Cloud to Ground,12119,0,5
2026-10-05T15:03:09.881556000Z,12.4937,122.7619,Cloud to Ground,-27057,0,9
2026-10-05T15:03:09.901206926Z,3.088172,117.684559,Cloud to Ground,14185,0,8
2026-10-05T15:03:09.951046156Z,3.088523,117.689465,Cloud to Ground,23330,0,11
2026-10-05T15:03:10.079007000Z,3.1322,117.6639,Cloud to Ground,27772,0,6
2026-10-05T15:03:10.005334158Z,3.112503,117.678623,Cloud to Ground,29685,0,15
2026-10-05T15:03:10.262028551Z,3.18372,117.679735,Cloud to Ground,62823,0,27
2026-10-05T15:03:12.940314556Z,2.57462,113.151393,Cloud to Cloud,9896,3018,7
2026-10-05T15:03:14.282348129Z,10.337841,122.749999,Cloud to Ground,-30224,0,8
2026-10-05T15:03:14.411045663Z,10.36404,122.682226,Cloud to Ground,-17599,0,6
2026-10-05T15:03:14.301508690Z,10.346522,122.663441,Cloud to Ground,-15462,0,9
2026-10-05T15:03:14.372078161Z,10.366741,122.679549,Cloud to Ground,-14393,0,6
2026-10-05T15:03:14.314651000Z,10.3611,122.5688,Cloud to Ground,-16291,0,6
2026-10-05T15:03:15.183876064Z,2.363646,116.087861,Cloud to Ground,13081,0,12
2026-10-05T15:03:15.183309175Z,2.367338,116.079247,Cloud to Ground,15652,0,15
2026-10-05T15:03:15.889988708Z,15.488629,120.899702,Cloud to Ground,31876,0,14
2026-10-05T15:03:16.281722979Z,15.685976,121.933253,Cloud to Cloud,12600,5341,10
2026-10-05T15:03:15.813522439Z,15.688299,121.929975,Cloud to Ground,43233,0,11
2026-10-05T15:03:16.866793516Z,15.04315,120.689361,Cloud to Cloud,8367,3819,9
2026-10-05T15:03:17.337005236Z,21.34477,120.127436,Cloud to Cloud,-33920,4810,11
2026-10-05T15:03:20.117258384Z,12.438046,122.818068,Cloud to Cloud,-5118,19837,5
2026-10-05T15:03:20.368721805Z,12.463373,122.761327,Cloud to Cloud,4690,17293,5
2026-10-05T15:03:21.760817478Z,2.708781,114.491539,Cloud to Ground,16099,0,10
2026-10-05T15:03:21.759264419Z,2.69917,114.421625,Cloud to Ground,16696,0,11
2026-10-05T15:03:22.601958875Z,2.857095,116.772485,Cloud to Ground,-10480,0,13
2026-10-05T15:03:22.147092013Z,2.176656,116.511372,Cloud to Cloud,-8678,3405,20
2026-10-05T15:03:24.341084238Z,11.367703,126.044425,Cloud to Ground,-15635,0,7
2026-10-05T15:03:27.670483672Z,2.209414,114.507229,Cloud to Cloud,21566,18075,18
2026-10-05T15:03:27.751158873Z,15.688052,121.915587,Cloud to Ground,-49679,0,12
2026-10-05T15:03:27.546494557Z,15.699846,121.968192,Cloud to Ground,-28322,0,12
2026-10-05T15:03:27.548192949Z,15.679582,121.927419,Cloud to Ground,-11076,0,5
2026-10-05T15:03:28.784792926Z,7.666532,127.201261,Cloud to Ground,-12979,0,12
2026-10-05T15:03:28.547298000Z,8.7895,124.375,Cloud to Ground,15185,0,9
2026-10-05T15:03:29.427842180Z,1.979963,117.464431,Cloud to Ground,14785,0,14
2026-10-05T15:03:29.768722102Z,12.460466,122.787005,Cloud to Cloud,8284,19806,6
2026-10-05T15:03:30.064790446Z,15.847102,119.686407,Cloud to Cloud,18143,15641,14
2026-10-05T15:03:32.010180764Z,2.615216,116.358199,Cloud to Ground,-9701,0,9
2026-10-05T15:03:32.710910057Z,10.055525,127.032876,Cloud to Cloud,-8918,6153,7
2026-10-05T15:03:33.672506807Z,8.508208,128.036244,Cloud to Cloud,-20564,6731,7
2026-10-05T15:03:33.973939682Z,2.692688,116.856565,Cloud to Ground,17275,0,8
2026-10-05T15:03:33.920998052Z,2.688129,116.855823,Cloud to Ground,20549,0,15
2026-10-05T15:03:33.591791772Z,8.571653,128.259799,Cloud to Ground,-70091,0,13
2026-10-05T15:03:33.680981000Z,8.1909,127.9678,Cloud to Ground,-28310,0,6
2026-10-05T15:03:35.441434136Z,14.789619,120.836293,Cloud to Cloud,-16323,3002,8
2026-10-05T15:03:35.211157740Z,14.72087,120.819106,Cloud to Cloud,7481,18633,6
2026-10-05T15:03:36.001703771Z,2.933513,117.465119,Cloud to Ground,17184,0,18
2026-10-05T15:03:38.247857177Z,2.149622,116.625711,Cloud to Ground,21371,0,16
2026-10-05T15:03:38.861463135Z,15.729056,122.089557,Cloud to Ground,81936,0,7
2026-10-05T15:03:38.429985000Z,13.1401,122.2945,Cloud to Ground,-36696,0,5
2026-10-05T15:03:39.844462451Z,2.672287,116.246001,Cloud to Cloud,-74732,3095,17
2026-10-05T15:03:39.706714876Z,2.319269,113.037957,Cloud to Cloud,-13099,3082,19
2026-10-05T15:03:39.165601980Z,2.656734,116.577242,Cloud to Ground,-9019,0,8
2026-10-05T15:03:40.012149214Z,2.926716,116.039001,Cloud to Ground,-18537,0,16
2026-10-05T15:03:40.865951252Z,6.867224,127.036474,Cloud to Ground,-16849,0,10
2026-10-05T15:03:40.737831998Z,6.953328,127.200264,Cloud to Ground,-25004,0,10
2026-10-05T15:03:40.706093363Z,15.782727,119.775952,Cloud to Cloud,-6883,11489,13
2026-10-05T15:03:40.714761567Z,15.871112,119.584379,Cloud to Ground,-56094,0,10
2026-10-05T15:03:41.277523447Z,6.437764,119.367076,Cloud to Cloud,-136715,3009,19
2026-10-05T15:03:41.275249427Z,6.269268,119.508922,Cloud to Cloud,50284,18971,9
2026-10-05T15:03:41.091045650Z,15.666515,121.034885,Cloud to Cloud,16394,7134,11
2026-10-05T15:03:42.356006594Z,21.410449,115.299219,Cloud to Ground,-20518,0,7
2026-10-05T15:03:42.181036000Z,21.271,115.3578,Cloud to Ground,-58811,0,6
2026-10-05T15:03:43.121254301Z,12.44038,122.804234,Cloud to Cloud,4618,14659,5
2026-10-05T15:03:43.047716420Z,12.44105,122.803602,Cloud to Cloud,4726,19881,5
2026-10-05T15:03:43.151761177Z,12.440459,122.804299,Cloud to Cloud,5212,14324,5
2026-10-05T15:03:43.022050326Z,12.441091,122.802409,Cloud to Cloud,5976,4732,5
2026-10-05T15:03:42.680076687Z,12.445689,122.803972,Cloud to Cloud,7932,14302,5
2026-10-05T15:03:44.378060276Z,11.774118,123.54687,Cloud to Ground,-30500,0,9
2026-10-05T15:03:44.564250248Z,11.711209,123.610239,Cloud to Ground,-23344,0,9
2026-10-05T15:03:44.300737126Z,11.499164,123.667095,Cloud to Ground,-59090,0,7
2026-10-05T15:03:44.317588000Z,11.4374,123.6338,Cloud to Ground,-13870,0,5
2026-10-05T15:03:44.551234000Z,15.6699,121.9463,Cloud to Ground,270,0,6
2026-10-05T15:03:46.587350201Z,2.581337,113.277403,Cloud to Ground,-39244,0,15
2026-10-05T15:03:46.586647560Z,2.557103,113.329347,Cloud to Ground,-22689,0,12
2026-10-05T15:03:47.164806103Z,10.10183,127.158796,Cloud to Ground,-14814,0,18
2026-10-05T15:03:47.053232302Z,10.102427,127.163098,Cloud to Cloud,14306,12444,20
2026-10-05T15:03:47.033493767Z,9.963678,127.229076,Cloud to Ground,-58944,0,9
2026-10-05T15:03:47.113604000Z,9.969,127.1674,Cloud to Ground,-27064,0,9
2026-10-05T15:03:47.502642396Z,7.594301,120.501267,Cloud to Ground,-20724,0,7
2026-10-05T15:03:48.881110898Z,9.714644,127.28944,Cloud to Ground,-62980,0,10
2026-10-05T15:03:48.918272000Z,9.7688,127.3375,Cloud to Ground,-32291,0,9
2026-10-05T15:03:48.998272000Z,9.755,127.2159,Cloud to Ground,-25826,0,8
2026-10-05T15:03:48.886775903Z,9.703162,127.284048,Cloud to Ground,-23600,0,17
2026-10-05T15:03:49.047398000Z,9.6982,127.2185,Cloud to Ground,-17051,0,7
2026-10-05T15:03:49.152764388Z,15.15636,120.736797,Cloud to Cloud,-3137,3067,7
2026-10-05T15:03:50.958309204Z,7.084554,111.460434,Cloud to Ground,40385,0,7
2026-10-05T15:03:50.021872001Z,2.845141,116.651556,Cloud to Ground,-16770,0,11
2026-10-05T15:03:51.038370841Z,6.230241,126.554226,Cloud to Ground,-15540,0,10
2026-10-05T15:03:51.200971250Z,6.338445,126.452071,Cloud to Ground,-37317,0,22
2026-10-05T15:03:51.115793919Z,2.088635,115.660492,Cloud to Ground,-17184,0,13
2026-10-05T15:03:52.965154153Z,10.245779,126.206016,Cloud to Cloud,16608,13461,10
2026-10-05T15:03:52.268481381Z,12.442506,122.816015,Cloud to Cloud,-4533,12689,5
2026-10-05T15:03:52.491890759Z,17.460083,110.612207,Cloud to Ground,-9351,0,5
2026-10-05T15:03:52.548384850Z,17.476783,110.545945,Cloud to Ground,28523,0,14
2026-10-05T15:03:52.516702846Z,17.45615,110.656558,Cloud to Ground,41558,0,8
2026-10-05T15:03:55.884720968Z,15.404037,119.738496,Cloud to Ground,-29669,0,14
2026-10-05T15:03:56.323885392Z,3.297493,117.849412,Cloud to Ground,30164,0,15
2026-10-05T15:03:56.548664409Z,12.364597,122.865514,Cloud to Ground,13721,0,10
2026-10-05T15:03:57.272671669Z,15.670615,121.958738,Cloud to Ground,32903,0,12
2026-10-05T15:03:57.847137342Z,12.74278,122.63906,Cloud to Cloud,5922,6830,6
2026-10-05T15:03:57.489205000Z,12.2602,122.4522,Cloud to Ground,11233,0,5
2026-10-05T15:03:58.997090000Z,14.9734,120.7767,Cloud to Ground,-32015,0,6
2026-10-05T15:03:59.783453444Z,8.550288,128.228993,Cloud to Ground,-70473,0,10
2026-10-05T15:03:59.166912691Z,10.759031,127.860112,Cloud to Cloud,-10039,4828,9
2026-10-05T15:03:59.780792794Z,12.393449,122.826285,Cloud to Cloud,12724,5479,9
2026-10-05T15:04:00.043086687Z,8.561266,128.094248,Cloud to Ground,-23034,0,22
2026-10-05T15:04:00.001138062Z,15.706408,121.96538,Cloud to Ground,-44095,0,13
2026-10-05T15:04:00.363653837Z,15.704251,121.964569,Cloud to Ground,-39584,0,14
2026-10-05T15:04:00.664000856Z,15.709059,121.959771,Cloud to Ground,-8317,0,8
2026-10-05T15:04:02.532952324Z,18.137978,112.301901,Cloud to Ground,49336,0,14
2026-10-05T15:04:02.241326382Z,18.11265,112.196861,Cloud to Ground,47151,0,12
2026-10-05T15:04:04.640076041Z,2.24223,116.613833,Cloud to Ground,-10508,0,7
2026-10-05T15:04:05.926063709Z,11.318474,126.042151,Cloud to Cloud,-32983,5426,8
2026-10-05T15:04:05.990190534Z,11.376762,126.032533,Cloud to Ground,-26132,0,9
2026-10-05T15:04:06.279991000Z,11.3645,126.0156,Cloud to Ground,-23072,0,9
2026-10-05T15:04:06.064337594Z,11.367951,126.025169,Cloud to Ground,-5312,0,5
2026-10-05T15:04:06.087017111Z,15.701333,121.982729,Cloud to Ground,38134,0,9
2026-10-05T15:04:07.325050249Z,10.048912,126.93846,Cloud to Cloud,14122,9419,10
2026-10-05T15:04:07.057949887Z,10.049329,126.930773,Cloud to Cloud,14194,11799,7
2026-10-05T15:04:07.061202243Z,11.489176,123.667261,Cloud to Cloud,5716,15329,5
2026-10-05T15:04:07.812448482Z,15.687547,121.913033,Cloud to Cloud,-5174,3004,5
2026-10-05T15:04:13.356043812Z,2.652039,116.544363,Cloud to Ground,-16534,0,11
2026-10-05T15:04:13.434150616Z,2.625614,116.562241,Cloud to Ground,21446,0,12
2026-10-05T15:04:13.369615973Z,2.626812,116.57726,Cloud to Ground,58045,0,27
2026-10-05T15:04:13.279751928Z,2.154006,114.231428,Cloud to Ground,11390,0,8
2026-10-05T15:04:14.155424000Z,22.8448,122.3173,Cloud to Ground,-37879,0,7
2026-10-05T15:04:14.416219911Z,22.797671,122.297528,Cloud to Cloud,-2938,11297,8
2026-10-05T15:04:14.159733973Z,22.788545,122.205817,Cloud to Cloud,7353,3774,12
2026-10-05T15:04:14.506469817Z,22.844895,122.328929,Cloud to Cloud,8055,13463,7
2026-10-05T15:04:15.656888445Z,7.062067,111.247663,Cloud to Ground,-170762,0,9
2026-10-05T15:04:17.038845670Z,11.112473,126.232403,Cloud to Ground,-43479,0,11
2026-10-05T15:04:17.084725258Z,11.127605,126.228391,Cloud to Ground,-19549,0,7
2026-10-05T15:04:17.232912750Z,11.155769,126.206533,Cloud to Cloud,-7546,6753,8
2026-10-05T15:04:17.025142464Z,11.092032,126.104569,Cloud to Cloud,-26444,17518,10
2026-10-05T15:04:18.803458428Z,12.440293,122.807047,Cloud to Cloud,4703,5688,5
2026-10-05T15:04:18.480140596Z,12.436128,122.817765,Cloud to Cloud,4951,5975,5
2026-10-05T15:04:18.460872246Z,12.440268,122.809159,Cloud to Cloud,7026,18201,5
2026-10-05T15:04:19.109693698Z,6.776913,127.248202,Cloud to Ground,-23707,0,11
2026-10-05T15:04:22.833041617Z,11.787982,123.575337,Cloud to Cloud,36200,15809,8
2026-10-05T15:04:22.520122354Z,10.445766,122.516464,Cloud to Cloud,4107,18669,5
2026-10-05T15:04:23.993580958Z,8.479152,128.244609,Cloud to Ground,-39473,0,7
2026-10-05T15:04:23.052443678Z,6.266509,119.261688,Cloud to Cloud,-46086,10537,27
2026-10-05T15:04:23.257669000Z,5.9487,119.149,Cloud to Ground,-30181,0,6
2026-10-05T15:04:24.210100528Z,8.614725,128.221967,Cloud to Ground,-26536,0,19
2026-10-05T15:04:24.425514237Z,14.503173,123.16793,Cloud to Ground,-65164,0,11
2026-10-05T15:04:24.476709885Z,14.505898,123.171533,Cloud to Ground,-22037,0,8
2026-10-05T15:04:24.493520859Z,14.498846,123.167496,Cloud to Ground,-12841,0,7
2026-10-05T15:04:26.635216630Z,17.458484,110.670381,Cloud to Ground,-25481,0,12
2026-10-05T15:04:26.613227484Z,17.472498,110.553142,Cloud to Cloud,-20821,19106,12
2026-10-05T15:04:26.875220212Z,17.453657,110.709856,Cloud to Cloud,17670,18501,8
2026-10-05T15:04:26.670158172Z,17.450293,110.632328,Cloud to Ground,18814,0,7
2026-10-05T15:04:26.651516932Z,17.473123,110.548256,Cloud to Ground,34550,0,12
2026-10-05T15:04:26.668085286Z,17.458292,110.532088,Cloud to Ground,46247,0,12
2026-10-05T15:04:27.374369000Z,15.4547,119.4809,Cloud to Ground,17209,0,11
2026-10-05T15:04:28.400747406Z,1.606772,115.371707,Cloud to Ground,13480,0,9
2026-10-05T15:04:28.658278481Z,1.646799,115.493954,Cloud to Ground,62829,0,22
2026-10-05T15:04:28.108281321Z,15.288375,121.343587,Cloud to Cloud,-12262,3011,8
2026-10-05T15:04:29.053497920Z,6.422092,126.51837,Cloud to Ground,10973,0,14
2026-10-05T15:04:29.774538530Z,20.693527,116.235968,Cloud to Cloud,-22035,3623,11
2026-10-05T15:04:29.851784523Z,20.666291,116.252156,Cloud to Ground,-18595,0,10
2026-10-05T15:04:29.670659706Z,15.689329,121.954763,Cloud to Ground,-40648,0,13
2026-10-05T15:04:30.910039139Z,6.936847,110.594202,Cloud to Ground,-14157,0,10
2026-10-05T15:04:30.346065484Z,2.786531,116.783625,Cloud to Ground,36929,0,17
2026-10-05T15:04:32.438308498Z,2.719822,116.549142,Cloud to Ground,-7971,0,10
2026-10-05T15:04:32.437872245Z,2.722679,116.447914,Cloud to Ground,-10948,0,9
2026-10-05T15:04:33.811304956Z,4.360298,122.051797,Cloud to Ground,-22564,0,12
2026-10-05T15:04:34.225844955Z,11.49927,123.687414,Cloud to Ground,-7169,0,5
2026-10-05T15:04:34.571886399Z,10.57868,122.63079,Cloud to Cloud,-22237,4419,15
2026-10-05T15:04:35.429092163Z,12.488195,122.885776,Cloud to Ground,-42065,0,7
2026-10-05T15:04:35.382911000Z,12.4539,122.6853,Cloud to Ground,-26296,0,8
2026-10-05T15:04:35.245648000Z,10.4164,122.6577,Cloud to Ground,-27306,0,5
2026-10-05T15:04:36.998376000Z,21.5632,115.2393,Cloud to Ground,-495476,0,5
2026-10-05T15:04:37.176477983Z,2.720398,116.934214,Cloud to Cloud,9112,3001,18
2026-10-05T15:04:37.334567463Z,12.461086,122.754378,Cloud to Ground,22142,0,8
2026-10-05T15:04:39.648531154Z,2.901189,116.97604,Cloud to Ground,-25626,0,14
2026-10-05T15:04:40.926271596Z,13.284459,122.381097,Cloud to Ground,-43848,0,8
2026-10-05T15:04:41.053878106Z,13.285255,122.422325,Cloud to Ground,-26462,0,8
2026-10-05T15:04:40.952670575Z,13.25563,122.366887,Cloud to Cloud,7691,14504,8
2026-10-05T15:04:41.481326961Z,15.701291,121.974586,Cloud to Ground,38387,0,11
2026-10-05T15:04:42.803483940Z,8.87029,124.407611,Cloud to Ground,-34538,0,14
2026-10-05T15:04:42.850153000Z,8.7999,124.3988,Cloud to Ground,-27462,0,8
2026-10-05T15:04:42.551191823Z,10.153821,126.979823,Cloud to Ground,-25739,0,22
2026-10-05T15:04:42.509402000Z,10.0392,126.9517,Cloud to Ground,-22304,0,6
2026-10-05T15:04:42.474828173Z,10.051127,127.055544,Cloud to Ground,-35049,0,10
2026-10-05T15:04:42.644432000Z,10.0703,127.0445,Cloud to Ground,-25412,0,7
2026-10-05T15:04:42.643295926Z,10.034764,127.061777,Cloud to Ground,-16556,0,7
2026-10-05T15:04:42.831870000Z,10.2134,127.0937,Cloud to Ground,-18278,0,7
2026-10-05T15:04:44.764540081Z,10.063816,128.837716,Cloud to Ground,-35952,0,20
2026-10-05T15:04:44.798949528Z,9.934224,128.924834,Cloud to Cloud,-17523,5723,12
2026-10-05T15:04:44.963282000Z,9.9823,128.908,Cloud to Ground,-14365,0,11
2026-10-05T15:04:44.820034000Z,9.98,128.8452,Cloud to Ground,-6909,0,12
2026-10-05T15:04:44.635992658Z,22.909359,121.995488,Cloud to Cloud,-5163,14106,8
2026-10-05T15:04:44.092699597Z,22.731957,122.059789,Cloud to Cloud,5345,3502,9
2026-10-05T15:04:44.106066025Z,22.748626,122.078511,Cloud to Cloud,5794,15492,7
2026-10-05T15:04:44.094606196Z,22.73639,122.057683,Cloud to Cloud,14204,3462,9
2026-10-05T15:04:44.087984681Z,22.748615,122.086077,Cloud to Ground,23545,0,8
2026-10-05T15:04:44.320054827Z,12.471817,122.755542,Cloud to Ground,9557,0,5
2026-10-05T15:04:45.848863838Z,2.73004,116.437501,Cloud to Ground,31991,0,21
2026-10-05T15:04:46.738401471Z,2.722787,116.378803,Cloud to Ground,9551,0,9
2026-10-05T15:04:46.738971928Z,2.726043,116.373356,Cloud to Ground,29557,0,19
2026-10-05T15:04:46.591600763Z,12.447255,122.771038,Cloud to Cloud,4847,5055,5
2026-10-05T15:04:46.480975454Z,12.447597,122.769451,Cloud to Cloud,7491,15083,5
2026-10-05T15:04:48.861361502Z,6.802215,127.161248,Cloud to Cloud,-23138,19274,23
2026-10-05T15:04:48.100102131Z,15.682394,121.957095,Cloud to Ground,-60357,0,14
2026-10-05T15:04:50.192520000Z,6.6186,133.2133,Cloud to Ground,-11080,0,6
2026-10-05T15:04:50.191579188Z,6.560225,133.24792,Cloud to Ground,16851,0,17
2026-10-05T15:04:50.480464359Z,11.562809,123.679272,Cloud to Cloud,7850,14091,5
2026-10-05T15:04:52.385612546Z,10.258937,126.337366,Cloud to Ground,-34324,0,8
2026-10-05T15:04:52.455592335Z,10.288195,126.270878,Cloud to Ground,-24475,0,8
2026-10-05T15:04:52.577166000Z,10.3099,126.1627,Cloud to Ground,-32180,0,13
2026-10-05T15:04:52.446595527Z,11.764731,123.58979,Cloud to Cloud,38167,3046,7
2026-10-05T15:04:52.427432738Z,15.671014,121.950911,Cloud to Ground,19370,0,10
2026-10-05T15:04:54.935515341Z,2.032484,115.777898,Cloud to Ground,-34071,0,16
2026-10-05T15:04:54.748927000Z,7.8637,130.2771,Cloud to Ground,-24926,0,5
2026-10-05T15:04:54.570799000Z,7.8009,130.3242,Cloud to Ground,-20284,0,13
2026-10-05T15:04:54.574542368Z,7.845954,130.292675,Cloud to Ground,-19076,0,25
2026-10-05T15:04:54.001539025Z,15.701151,121.960099,Cloud to Ground,26633,0,9
2026-10-05T15:04:57.715846722Z,15.67044,119.75462,Cloud to Cloud,13961,3013,9
2026-10-05T15:04:59.795206588Z,6.809849,110.505891,Cloud to Ground,-53906,0,10
2026-10-05T15:04:59.669384737Z,6.810953,110.445967,Cloud to Ground,-40767,0,10
2026-10-05T15:04:59.640334877Z,6.816909,110.457313,Cloud to Ground,-28306,0,19
2026-10-05T15:04:59.599487280Z,6.809844,110.446869,Cloud to Ground,-17486,0,18
2026-10-05T15:04:59.083768232Z,11.564665,124.201692,Cloud to Ground,22405,0,14
2026-10-05T15:05:01.906530840Z,12.443072,122.798894,Cloud to Ground,-13770,0,6
2026-10-05T15:05:01.456399092Z,12.56473,122.731529,Cloud to Ground,-20880,0,14
2026-10-05T15:05:01.550932403Z,12.564929,122.73976,Cloud to Ground,-19563,0,20
2026-10-05T15:05:01.623812473Z,12.494189,122.924021,Cloud to Ground,-54853,0,7
2026-10-05T15:05:01.494055094Z,12.44773,122.984542,Cloud to Ground,-41629,0,8
2026-10-05T15:05:02.518673921Z,15.72681,121.81254,Cloud to Ground,15485,0,11
2026-10-05T15:05:03.021046741Z,2.718424,116.415612,Cloud to Ground,35960,0,14
2026-10-05T15:05:04.168240236Z,17.477841,110.587731,Cloud to Cloud,-29693,16267,12
2026-10-05T15:05:04.187122945Z,17.487936,110.664301,Cloud to Ground,-29385,0,12
2026-10-05T15:05:04.205590813Z,17.460506,110.630543,Cloud to Ground,18499,0,9
2026-10-05T15:05:04.308800000Z,17.519,110.6345,Cloud to Ground,44037,0,6
2026-10-05T15:05:04.236542015Z,17.477014,110.564468,Cloud to Ground,83216,0,13
2026-10-05T15:05:06.225611566Z,15.688603,121.97456,Cloud to Ground,-103140,0,12
2026-10-05T15:05:06.480593571Z,15.688566,121.957605,Cloud to Ground,-25112,0,11
2026-10-05T15:05:06.939000653Z,15.68845,121.958419,Cloud to Ground,-14651,0,11
2026-10-05T15:05:06.575945307Z,15.68627,121.958747,Cloud to Ground,-9148,0,6
2026-10-05T15:05:06.335610058Z,15.701036,121.916763,Cloud to Ground,-6775,0,7
2026-10-05T15:05:07.234888230Z,11.372432,126.015617,Cloud to Ground,-42741,0,12
2026-10-05T15:05:11.305963653Z,3.095739,117.73582,Cloud to Ground,40943,0,13
2026-10-05T15:05:11.428740299Z,15.690874,121.974494,Cloud to Ground,29459,0,13
2026-10-05T15:05:11.421788393Z,15.662973,120.990265,Cloud to Ground,29039,0,10
2026-10-05T15:05:13.671523393Z,9.953382,127.081266,Cloud to Ground,-18467,0,11
2026-10-05T15:05:13.811332243Z,9.987814,127.047647,Cloud to Cloud,8728,7055,8
2026-10-05T15:05:13.547436276Z,2.56442,113.273286,Cloud to Ground,-17419,0,14
2026-10-05T15:05:13.559748845Z,2.648164,113.2485,Cloud to Ground,-17057,0,22
2026-10-05T15:05:13.616278246Z,18.051143,114.688983,Cloud to Cloud,-65012,3149,15
2026-10-05T15:05:13.615771148Z,18.037268,114.596921,Cloud to Ground,16514,0,11
2026-10-05T15:05:14.554492157Z,2.675181,114.526987,Cloud to Ground,-24369,0,24
2026-10-05T15:05:14.694633411Z,15.281902,120.651157,Cloud to Ground,-36560,0,7
2026-10-05T15:05:14.725970504Z,15.144285,120.63595,Cloud to Ground,-20829,0,10
2026-10-05T15:05:14.788958691Z,15.127061,120.655599,Cloud to Ground,-13883,0,10
2026-10-05T15:05:14.806046340Z,11.735093,124.041992,Cloud to Ground,40091,0,9
2026-10-05T15:05:14.987402000Z,11.3037,124.2909,Cloud to Ground,-33331,0,5
2026-10-05T15:05:15.653273037Z,7.285849,127.218759,Cloud to Cloud,12644,6513,14
2026-10-05T15:05:15.271899192Z,2.294358,114.312966,Cloud to Ground,63764,0,22
2026-10-05T15:05:15.364445923Z,10.473431,129.281334,Cloud to Cloud,22534,16176,11
2026-10-05T15:05:15.074404000Z,11.2348,124.3909,Cloud to Ground,-39540,0,9
2026-10-05T15:05:15.569705000Z,10.0927,126.9905,Cloud to Ground,11591,0,5
2026-10-05T15:05:15.602113000Z,10.0275,126.9918,Cloud to Ground,12290,0,5
2026-10-05T15:05:17.470613406Z,6.908974,111.476128,Cloud to Ground,70875,0,18
2026-10-05T15:05:18.740601000Z,6.8229,127.1797,Cloud to Ground,-10295,0,5
2026-10-05T15:05:19.517727538Z,2.582607,113.10922,Cloud to Ground,16073,0,11
2026-10-05T15:05:19.514366504Z,2.570904,113.115533,Cloud to Ground,24575,0,17
2026-10-05T15:05:20.380899785Z,15.875855,119.589723,Cloud to Ground,-104999,0,12
2026-10-05T15:05:20.483014546Z,15.877121,119.582131,Cloud to Ground,-44117,0,9
2026-10-05T15:05:20.482134249Z,15.949281,119.530714,Cloud to Cloud,-26098,13209,20
2026-10-05T15:05:20.814813194Z,15.872848,119.567362,Cloud to Ground,-15609,0,6
2026-10-05T15:05:20.557563418Z,15.874233,119.568685,Cloud to Ground,-10787,0,7
2026-10-05T15:05:20.896370830Z,15.872668,119.558801,Cloud to Ground,-9938,0,5
2026-10-05T15:05:20.376849158Z,15.868139,119.559311,Cloud to Cloud,29315,3057,9
2026-10-05T15:05:21.241489147Z,10.384188,122.67705,Cloud to Ground,-50622,0,9
2026-10-05T15:05:21.294099128Z,10.510558,122.657451,Cloud to Ground,-20308,0,18
2026-10-05T15:05:21.854485000Z,10.4889,122.5991,Cloud to Ground,-18846,0,5
2026-10-05T15:05:23.534408648Z,2.97178,117.299275,Cloud to Ground,6261,0,5
2026-10-05T15:05:23.700928184Z,15.701867,121.916534,Cloud to Ground,-56324,0,12
2026-10-05T15:05:23.579365932Z,15.810911,121.848473,Cloud to Ground,-33540,0,24
2026-10-05T15:05:23.153898599Z,11.503352,123.770919,Cloud to Ground,-84326,0,16
2026-10-05T15:05:24.986568251Z,2.740187,116.965429,Cloud to Cloud,-9685,6811,13
2026-10-05T15:05:24.691476715Z,2.743173,116.892249,Cloud to Ground,43038,0,25
2026-10-05T15:05:24.514220235Z,15.43205,120.401085,Cloud to Ground,-32200,0,10
2026-10-05T15:05:27.081810000Z,13.288,122.2194,Cloud to Ground,-41998,0,11
2026-10-05T15:05:27.130275000Z,13.2619,122.5799,Cloud to Ground,13463,0,6
2026-10-05T15:05:27.131284000Z,13.2861,122.3302,Cloud to Ground,-14809,0,5
2026-10-05T15:05:29.927256573Z,2.905436,117.009919,Cloud to Ground,-32255,0,26
2026-10-05T15:05:30.446094558Z,2.763611,116.790704,Cloud to Ground,-11426,0,10
2026-10-05T15:05:31.992721733Z,2.677612,116.552627,Cloud to Ground,-36891,0,30
2026-10-05T15:05:32.064916998Z,2.763464,116.545823,Cloud to Ground,-17667,0,12
2026-10-05T15:05:32.074569648Z,2.75761,116.518043,Cloud to Ground,25447,0,19
2026-10-05T15:05:31.882061726Z,2.625876,116.578798,Cloud to Ground,99432,0,27
2026-10-05T15:05:32.793485545Z,15.69002,121.971131,Cloud to Ground,29248,0,10
2026-10-05T15:05:33.488866603Z,2.740735,116.504288,Cloud to Ground,-14355,0,12
2026-10-05T15:05:33.603662263Z,2.85677,116.471354,Cloud to Ground,-17777,0,18
2026-10-05T15:05:34.169573047Z,6.750814,127.234866,Cloud to Ground,-18372,0,19
2026-10-05T15:05:35.712940049Z,12.351476,122.792322,Cloud to Cloud,6958,17534,8
2026-10-05T15:05:35.322264000Z,12.4887,122.7727,Cloud to Ground,-21569,0,8
2026-10-05T15:05:35.417780443Z,12.444596,122.787793,Cloud to Cloud,4365,17921,5
2026-10-05T15:05:37.221078875Z,3.295409,117.836095,Cloud to Ground,16547,0,12
2026-10-05T15:05:38.518330700Z,2.531509,113.096694,Cloud to Ground,14887,0,8
2026-10-05T15:05:38.563526107Z,2.226442,116.614233,Cloud to Ground,-10879,0,16
2026-10-05T15:05:38.562215771Z,2.145545,116.598785,Cloud to Ground,14714,0,8
2026-10-05T15:05:38.098648356Z,21.897471,120.210819,Cloud to Cloud,-2277,19542,5
2026-10-05T15:05:38.038461651Z,21.889062,120.162129,Cloud to Cloud,3630,5402,7
2026-10-05T15:05:39.431373464Z,15.867978,119.570253,Cloud to Cloud,-11575,3001,8
2026-10-05T15:05:39.501077363Z,15.86273,119.553071,Cloud to Ground,-8328,0,8
2026-10-05T15:05:40.548574632Z,15.671705,121.943516,Cloud to Ground,14917,0,10
2026-10-05T15:05:40.086229077Z,10.044029,127.032023,Cloud to Ground,-54220,0,10
2026-10-05T15:05:40.138015000Z,10.0297,126.9929,Cloud to Ground,-42063,0,8
2026-10-05T15:05:40.994337000Z,10.0813,126.9051,Cloud to Ground,6352,0,8
2026-10-05T15:05:42.150575000Z,8.532,128.1311,Cloud to Ground,-4332,0,7
2026-10-05T15:05:42.121587000Z,8.5384,128.1213,Cloud to Ground,-288,0,7
2026-10-05T15:05:43.368891774Z,17.456397,110.67939,Cloud to Ground,-33350,0,10
2026-10-05T15:05:43.477626000Z,17.4913,110.6127,Cloud to Ground,38803,0,5
2026-10-05T15:05:43.396313689Z,17.456556,110.543604,Cloud to Ground,41119,0,13
2026-10-05T15:05:43.504701728Z,17.445027,110.662962,Cloud to Ground,46883,0,7
2026-10-05T15:05:43.021979696Z,15.710358,121.953167,Cloud to Ground,-63189,0,13
2026-10-05T15:05:43.189328124Z,15.70998,121.956227,Cloud to Ground,-50674,0,10
2026-10-05T15:05:43.081011436Z,15.708328,121.94883,Cloud to Ground,-46780,0,11
2026-10-05T15:05:43.041009700Z,15.707339,121.99842,Cloud to Cloud,-15390,10268,15
2026-10-05T15:05:43.620359943Z,10.004008,127.296093,Cloud to Ground,-41644,0,10
2026-10-05T15:05:43.303225000Z,9.9934,127.1631,Cloud to Ground,-31133,0,6
2026-10-05T15:05:43.710130000Z,10.1654,127.5534,Cloud to Ground,-16042,0,5
2026-10-05T15:05:45.875701469Z,12.429967,122.848306,Cloud to Ground,-18311,0,7
2026-10-05T15:05:45.906981862Z,12.443184,122.77232,Cloud to Ground,-17711,0,9
2026-10-05T15:05:46.904195031Z,2.076569,115.581583,Cloud to Ground,40189,0,17
2026-10-05T15:05:46.319717496Z,20.74551,116.286258,Cloud to Ground,11904,0,9
2026-10-05T15:05:48.647505650Z,20.316681,110.511017,Cloud to Ground,14178,0,7
2026-10-05T15:05:48.633324214Z,20.326653,110.432797,Cloud to Cloud,29371,6056,13
2026-10-05T15:05:48.335915000Z,10.2529,126.2187,Cloud to Ground,14873,0,6
2026-10-05T15:05:49.316844933Z,7.89137,126.913952,Cloud to Ground,-20204,0,8
2026-10-05T15:05:49.573504733Z,6.311074,126.434375,Cloud to Cloud,12545,6403,8
2026-10-05T15:05:49.472107966Z,6.605937,127.200155,Cloud to Cloud,-27365,7795,14
2026-10-05T15:05:49.316285000Z,6.595,126.8105,Cloud to Ground,67742,0,5
2026-10-05T15:05:49.431341335Z,2.839639,116.771663,Cloud to Cloud,9179,3265,9
2026-10-05T15:05:51.162532987Z,6.908686,126.998546,Cloud to Cloud,15160,5799,7
2026-10-05T15:05:52.730436623Z,15.706973,121.975564,Cloud to Ground,14185,0,9
2026-10-05T15:05:53.258644106Z,2.660813,114.424861,Cloud to Cloud,-14271,6633,18
2026-10-05T15:05:54.330295195Z,2.698165,116.933001,Cloud to Cloud,15332,3009,14
2026-10-05T15:05:56.490709057Z,15.563823,122.065512,Cloud to Cloud,-3329,12455,8
2026-10-05T15:05:56.688265380Z,15.38082,121.962438,Cloud to Cloud,18539,19348,8
2026-10-05T15:05:56.737264364Z,15.685736,121.929473,Cloud to Ground,-19487,0,10
2026-10-05T15:05:56.712884107Z,15.685576,121.92684,Cloud to Ground,-15049,0,10
2026-10-05T15:05:56.095410000Z,15.7449,121.9363,Cloud to Ground,31647,0,5
2026-10-05T15:05:57.637900000Z,12.5044,122.8637,Cloud to Ground,-12512,0,8
2026-10-05T15:05:58.154227569Z,11.361038,126.020822,Cloud to Ground,-20890,0,9
2026-10-05T15:05:58.211102000Z,11.3695,125.8859,Cloud to Ground,-17648,0,7
2026-10-05T15:06:00.541844759Z,2.705006,116.432884,Cloud to Ground,-13315,0,10
2026-10-05T15:06:00.694400950Z,11.480554,123.690245,Cloud to Cloud,-3208,15630,5
2026-10-05T15:06:00.710566877Z,11.472503,123.69909,Cloud to Cloud,3409,19932,5
2026-10-05T15:06:00.921342137Z,12.448349,122.806665,Cloud to Cloud,3452,15405,5
2026-10-05T15:06:00.977552150Z,12.447024,122.819982,Cloud to Cloud,4003,19993,5
2026-10-05T15:06:00.978815877Z,12.444323,122.823396,Cloud to Cloud,4229,3095,5
2026-10-05T15:06:01.054545240Z,10.007068,127.986158,Cloud to Ground,-28446,0,8
2026-10-05T15:06:01.271187129Z,10.013011,127.983969,Cloud to Ground,-26386,0,7
2026-10-05T15:06:01.075708000Z,10.0125,127.874,Cloud to Ground,-39843,0,9
2026-10-05T15:06:03.978930238Z,15.77601,121.967698,Cloud to Ground,26987,0,8
2026-10-05T15:06:04.204699000Z,12.6921,122.6587,Cloud to Ground,13472,0,5
2026-10-05T15:06:05.460562904Z,9.911954,128.563278,Cloud to Cloud,-22511,17888,14
2026-10-05T15:06:05.436122900Z,9.97593,128.909126,Cloud to Ground,-56693,0,8
2026-10-05T15:06:06.097979542Z,2.996328,117.60093,Cloud to Ground,-14855,0,15
2026-10-05T15:06:06.206705075Z,2.835725,117.317086,Cloud to Ground,-13113,0,14
2026-10-05T15:06:06.118077836Z,2.837612,117.333264,Cloud to Ground,-13107,0,16
2026-10-05T15:06:06.943589748Z,12.370372,122.830463,Cloud to Cloud,7734,4957,7
2026-10-05T15:06:06.113285140Z,15.150211,120.63329,Cloud to Cloud,-7155,4828,7
2026-10-05T15:06:06.116874929Z,15.043161,120.688493,Cloud to Cloud,12799,9444,10
2026-10-05T15:06:07.670216384Z,2.645594,116.591502,Cloud to Ground,76154,0,29
2026-10-05T15:06:10.165783807Z,1.964482,116.618685,Cloud to Ground,15617,0,19
2026-10-05T15:06:10.071530334Z,1.966462,116.602439,Cloud to Ground,71326,0,15
2026-10-05T15:06:10.888724669Z,15.660598,121.953876,Cloud to Cloud,-14029,12120,10
2026-10-05T15:06:11.133198231Z,22.127187,120.156245,Cloud to Cloud,9585,5652,10
2026-10-05T15:06:11.631901251Z,12.445234,122.783139,Cloud to Cloud,3544,14851,5
2026-10-05T15:06:12.606850000Z,8.6369,128.0564,Cloud to Ground,-25609,0,5
2026-10-05T15:06:12.444357613Z,8.554042,128.269675,Cloud to Ground,-63251,0,11
2026-10-05T15:06:12.498611239Z,8.544228,128.21509,Cloud to Ground,-32761,0,12
2026-10-05T15:06:12.518316041Z,8.55251,128.188393,Cloud to Ground,-21984,0,18
2026-10-05T15:06:12.485092192Z,8.562698,128.234347,Cloud to Ground,-9659,0,19
2026-10-05T15:06:13.527046322Z,10.440265,122.623826,Cloud to Cloud,4748,19378,5
2026-10-05T15:06:15.992250429Z,6.811955,110.480526,Cloud to Cloud,-16315,16990,8
2026-10-05T15:06:15.984202252Z,6.793673,110.45643,Cloud to Ground,-15774,0,8
2026-10-05T15:06:20.914086000Z,15.3071,121.8295,Cloud to Ground,-23722,0,5
2026-10-05T15:06:20.987291000Z,15.7212,122.0694,Cloud to Ground,14786,0,6
2026-10-05T15:06:21.821252613Z,6.239446,119.200258,Cloud to Ground,288511,0,9
2026-10-05T15:06:23.550023923Z,10.007756,127.310915,Cloud to Ground,-44207,0,10
2026-10-05T15:06:23.788932000Z,10.0135,127.1863,Cloud to Ground,-42958,0,8
2026-10-05T15:06:23.953247365Z,9.993155,127.237834,Cloud to Ground,-22866,0,13
2026-10-05T15:06:23.123192000Z,15.8952,119.6661,Cloud to Ground,-8707,0,7
2026-10-05T15:06:23.117021498Z,15.822031,119.617845,Cloud to Ground,16250,0,15
2026-10-05T15:06:23.613262716Z,12.356364,122.835848,Cloud to Ground,-25031,0,8
2026-10-05T15:06:23.572388038Z,12.42578,122.772374,Cloud to Ground,-48730,0,8
2026-10-05T15:06:23.625886002Z,12.451962,122.795108,Cloud to Ground,-34854,0,6
2026-10-05T15:06:24.137372854Z,12.442699,122.800199,Cloud to Ground,-9177,0,6
2026-10-05T15:06:23.471153420Z,15.691423,119.700047,Cloud to Ground,-22630,0,8
2026-10-05T15:06:24.356666119Z,17.470785,110.496466,Cloud to Cloud,-25174,17485,9
2026-10-05T15:06:24.317012831Z,17.452671,110.525836,Cloud to Ground,-19262,0,11
2026-10-05T15:06:24.717194816Z,17.468929,110.524327,Cloud to Ground,17135,0,8
2026-10-05T15:06:24.590833767Z,17.474659,110.567533,Cloud to Ground,47439,0,11
2026-10-05T15:06:24.332360000Z,17.5653,110.8122,Cloud to Ground,136338,0,5
2026-10-05T15:06:24.038742000Z,10.6529,127.6156,Cloud to Ground,-25825,0,6
2026-10-05T15:06:24.706250000Z,2.9572,116.6445,Cloud to Ground,14508,0,5
2026-10-05T15:06:24.705802000Z,2.0516,115.829,Cloud to Ground,18651,0,8
2026-10-05T15:06:28.624918153Z,9.317255,115.447287,Cloud to Ground,40115,0,12
2026-10-05T15:06:29.299073026Z,2.273007,116.514506,Cloud to Ground,18953,0,22
2026-10-05T15:06:30.241990752Z,15.710664,121.984556,Cloud to Ground,26194,0,10
2026-10-05T15:06:31.275989050Z,9.640682,127.277466,Cloud to Ground,-41602,0,8
2026-10-05T15:06:31.562979357Z,9.633678,127.315523,Cloud to Ground,-26048,0,8
2026-10-05T15:06:31.083083589Z,9.671975,127.272986,Cloud to Ground,-22769,0,7
2026-10-05T15:06:31.622939139Z,2.959309,117.659982,Cloud to Ground,-25522,0,14
2026-10-05T15:06:31.863640719Z,3.001906,117.638996,Cloud to Ground,14903,0,12
2026-10-05T15:06:31.581177045Z,6.792595,127.212262,Cloud to Cloud,-31342,3164,17
2026-10-05T15:06:31.481838921Z,6.789529,127.297784,Cloud to Ground,-24241,0,13
2026-10-05T15:06:31.525762873Z,6.785524,127.239781,Cloud to Ground,-14376,0,10
2026-10-05T15:06:33.570770649Z,22.792245,122.309294,Cloud to Ground,-38781,0,10
2026-10-05T15:06:33.684060752Z,22.841158,122.261897,Cloud to Cloud,-5229,3006,6
2026-10-05T15:06:33.599372671Z,22.794405,122.320145,Cloud to Ground,22143,0,8
2026-10-05T15:06:34.804068112Z,2.780548,116.792466,Cloud to Ground,16461,0,16
2026-10-05T15:06:34.481220738Z,2.24556,116.332104,Cloud to Ground,-23105,0,16
2026-10-05T15:06:34.495453334Z,2.243296,116.345034,Cloud to Ground,9137,0,10
2026-10-05T15:06:34.229422501Z,22.879148,122.360331,Cloud to Cloud,-3437,15595,5
2026-10-05T15:06:34.001975150Z,22.822314,122.122091,Cloud to Cloud,-12523,3030,9
2026-10-05T15:06:35.044638043Z,15.690898,121.915566,Cloud to Ground,-43154,0,13
2026-10-05T15:06:36.461640973Z,2.854928,116.991487,Cloud to Cloud,-13346,7105,19
2026-10-05T15:06:36.403057780Z,2.9047,116.997586,Cloud to Ground,59622,0,21
2026-10-05T15:06:36.459927332Z,20.718327,116.197068,Cloud to Cloud,6357,19947,6
2026-10-05T15:06:37.287430829Z,16.005902,119.634662,Cloud to Cloud,-15376,10577,7
2026-10-05T15:06:37.178810565Z,15.444376,119.636881,Cloud to Cloud,4756,3001,7
2026-10-05T15:06:39.326245786Z,9.317806,114.093179,Cloud to Ground,-16584,0,8
2026-10-05T15:06:39.220447734Z,9.376715,114.140003,Cloud to Cloud,-13400,4288,10
2026-10-05T15:06:39.181374515Z,9.300632,114.076758,Cloud to Cloud,-12570,5834,7
2026-10-05T15:06:39.179155836Z,9.32899,114.111386,Cloud to Ground,36069,0,11
2026-10-05T15:06:39.635394496Z,22.726857,122.084467,Cloud to Cloud,3196,3021,7
2026-10-05T15:06:39.534518689Z,22.763101,122.151141,Cloud to Cloud,3443,5962,7
2026-10-05T15:06:39.633195857Z,22.735777,122.089239,Cloud to Cloud,3700,3591,5
2026-10-05T15:06:39.652485403Z,22.742588,122.048839,Cloud to Cloud,4096,10508,8
2026-10-05T15:06:39.422393571Z,22.752304,122.162566,Cloud to Cloud,4123,3497,7
2026-10-05T15:06:39.447285830Z,22.772118,122.188095,Cloud to Cloud,4758,3131,6
2026-10-05T15:06:39.464419215Z,22.76123,122.146881,Cloud to Cloud,5155,3538,8
2026-10-05T15:06:39.414193026Z,22.752293,122.147024,Cloud to Cloud,5436,18683,10
2026-10-05T15:06:39.412534132Z,22.7626,122.134293,Cloud to Ground,8092,0,8
2026-10-05T15:06:40.055783734Z,10.038813,127.470291,Cloud to Cloud,-14017,5734,10
2026-10-05T15:06:40.216117881Z,10.087106,127.626265,Cloud to Ground,-17970,0,14
2026-10-05T15:06:40.095839841Z,10.185988,127.600844,Cloud to Ground,-19583,0,17
2026-10-05T15:06:41.431309000Z,8.5833,128.2131,Cloud to Ground,-7956,0,9
2026-10-05T15:06:41.381755147Z,8.582304,128.249374,Cloud to Ground,16626,0,21
2026-10-05T15:06:44.127232125Z,2.11862,114.156556,Cloud to Cloud,-13686,5324,10
2026-10-05T15:06:45.217077701Z,2.68747,114.515793,Cloud to Ground,23863,0,8
2026-10-05T15:06:46.424591000Z,11.6619,123.6712,Cloud to Ground,-26650,0,9
2026-10-05T15:06:47.521735710Z,12.443722,122.776399,Cloud to Cloud,6582,14365,5
2026-10-05T15:06:49.913243769Z,10.068007,127.033208,Cloud to Cloud,-17319,3007,8
2026-10-05T15:06:50.685084152Z,9.940406,127.908935,Cloud to Ground,-18832,0,14
2026-10-05T15:06:50.509075239Z,2.759592,116.872715,Cloud to Ground,8936,0,10
2026-10-05T15:06:52.351364443Z,15.702357,120.958759,Cloud to Ground,31417,0,10
2026-10-05T15:06:52.748190839Z,15.684086,121.934743,Cloud to Cloud,-13710,5873,12
2026-10-05T15:06:52.189817000Z,15.7737,120.8965,Cloud to Ground,-46759,0,11
2026-10-05T15:06:53.297762927Z,11.108476,126.280226,Cloud to Ground,-66785,0,12
2026-10-05T15:06:53.366843424Z,11.113789,126.236818,Cloud to Ground,-39779,0,8
2026-10-05T15:06:53.336739000Z,11.0228,126.2783,Cloud to Ground,-38707,0,7
2026-10-05T15:06:53.395701000Z,11.1424,126.1465,Cloud to Ground,-24201,0,7
2026-10-05T15:06:54.211466336Z,2.126266,116.613209,Cloud to Ground,11510,0,12
2026-10-05T15:06:55.994745179Z,21.450065,115.417505,Cloud to Cloud,3036,3032,5
2026-10-05T15:06:55.994114516Z,21.470795,115.441464,Cloud to Ground,9813,0,6
2026-10-05T15:06:55.990268950Z,21.471069,115.453058,Cloud to Ground,15589,0,6
2026-10-05T15:06:56.731832000Z,2.6931,113.2917,Cloud to Ground,89506,0,6
2026-10-05T15:06:57.342172790Z,2.531995,113.120852,Cloud to Ground,50383,0,15
2026-10-05T15:06:58.650006000Z,20.7602,116.153,Cloud to Ground,-18026,0,5
2026-10-05T15:06:59.007893000Z,20.701,116.1104,Cloud to Ground,-14353,0,7
2026-10-05T15:06:59.287980649Z,20.766393,116.263363,Cloud to Ground,14844,0,9
2026-10-05T15:06:59.127238751Z,12.430808,122.822092,Cloud to Cloud,-4152,8773,5
2026-10-05T15:07:00.985783778Z,10.255248,126.292176,Cloud to Ground,-66257,0,13
2026-10-05T15:07:01.024662118Z,10.172555,126.319128,Cloud to Ground,29758,0,10
2026-10-05T15:07:00.661288000Z,13.2699,122.2805,Cloud to Ground,-57952,0,8
2026-10-05T15:07:00.797136388Z,13.273017,122.349545,Cloud to Ground,-15090,0,8
2026-10-05T15:07:00.789912324Z,13.271261,122.350425,Cloud to Ground,-14205,0,9
2026-10-05T15:07:01.184106865Z,9.907081,127.216441,Cloud to Ground,-36615,0,8
2026-10-05T15:07:02.226241946Z,2.861618,117.33917,Cloud to Ground,-9327,0,22
2026-10-05T15:07:01.921727880Z,2.873556,117.402382,Cloud to Ground,13609,0,10
2026-10-05T15:07:01.920431681Z,15.673748,121.927309,Cloud to Ground,-23909,0,10
2026-10-05T15:07:02.543823031Z,15.674496,121.923872,Cloud to Ground,-18064,0,9
2026-10-05T15:07:02.363717052Z,15.67462,121.925825,Cloud to Ground,-10303,0,6
2026-10-05T15:07:01.833262685Z,15.704877,121.975766,Cloud to Ground,37606,0,13
2026-10-05T15:07:02.093484000Z,15.6929,122.0105,Cloud to Ground,50826,0,5
2026-10-05T15:07:01.969464193Z,19.969342,110.28296,Cloud to Cloud,14799,6494,8
2026-10-05T15:07:05.902034051Z,15.949972,119.578864,Cloud to Ground,-12860,0,9
2026-10-05T15:07:06.198977387Z,22.820406,121.936095,Cloud to Cloud,-4361,13583,8
2026-10-05T15:07:05.969889875Z,22.826353,121.919353,Cloud to Cloud,4178,3005,7
2026-10-05T15:07:06.283497132Z,22.812389,121.92266,Cloud to Cloud,4388,12987,8
2026-10-05T15:07:05.975884254Z,22.810449,121.913372,Cloud to Cloud,7403,3562,7
2026-10-05T15:07:06.126979777Z,22.882798,122.039035,Cloud to Cloud,2492,3044,6
2026-10-05T15:07:06.116334901Z,22.870664,122.034412,Cloud to Cloud,2624,5150,8
2026-10-05T15:07:10.488566804Z,6.569398,133.243413,Cloud to Ground,7576,0,7
2026-10-05T15:07:13.372710269Z,8.627683,127.9184,Cloud to Ground,-25975,0,20
2026-10-05T15:07:13.337097740Z,8.651483,128.110195,Cloud to Ground,-54018,0,10
2026-10-05T15:07:13.258709628Z,2.715053,116.500316,Cloud to Ground,12059,0,10
2026-10-05T15:07:13.390085303Z,8.51114,128.287513,Cloud to Ground,-36056,0,16
2026-10-05T15:07:13.092091000Z,12.4472,122.6555,Cloud to Ground,20099,0,12
2026-10-05T15:07:14.040148088Z,15.719024,121.982236,Cloud to Ground,22148,0,9
2026-10-05T15:07:15.266243000Z,10.0325,126.9865,Cloud to Ground,-37107,0,7
2026-10-05T15:07:15.226908131Z,10.035038,127.074532,Cloud to Ground,-27452,0,7
2026-10-05T15:07:15.701610000Z,9.9978,127.0369,Cloud to Ground,-27291,0,11
2026-10-05T15:07:15.331113895Z,10.03759,127.058288,Cloud to Ground,-21275,0,5
2026-10-05T15:07:15.283964000Z,15.903,119.8738,Cloud to Ground,102687,0,6
2026-10-05T15:07:15.118831000Z,15.4071,119.3964,Cloud to Ground,-159488,0,16
2026-10-05T15:07:16.593658185Z,14.493451,123.139394,Cloud to Ground,-78573,0,11
2026-10-05T15:07:16.818126979Z,14.499813,123.165798,Cloud to Ground,-38809,0,10
2026-10-05T15:07:16.667586805Z,14.497857,123.148982,Cloud to Ground,-27568,0,11
2026-10-05T15:07:16.720100092Z,14.49927,123.152495,Cloud to Ground,-22067,0,10
2026-10-05T15:07:16.141368608Z,17.444137,110.577468,Cloud to Ground,-23676,0,6
2026-10-05T15:07:16.400301133Z,17.464864,110.612786,Cloud to Ground,20970,0,6
2026-10-05T15:07:16.376251136Z,20.212006,120.664621,Cloud to Ground,-24375,0,12
2026-10-05T15:07:16.470451885Z,20.200988,120.69884,Cloud to Ground,-13102,0,7
2026-10-05T15:07:16.377423082Z,20.232149,120.691658,Cloud to Cloud,-5454,19029,7
2026-10-05T15:07:17.330371676Z,9.981452,127.243882,Cloud to Ground,-23188,0,15
2026-10-05T15:07:17.420105311Z,6.31084,126.47879,Cloud to Cloud,5981,13600,7
2026-10-05T15:07:17.964960317Z,21.99747,120.159303,Cloud to Cloud,2621,19517,5
2026-10-05T15:07:18.992962004Z,15.810983,119.686068,Cloud to Ground,-71655,0,10
2026-10-05T15:07:19.021502000Z,15.8416,119.6179,Cloud to Ground,-28300,0,8
2026-10-05T15:07:19.134466000Z,15.8939,119.7093,Cloud to Ground,61290,0,13
2026-10-05T15:07:18.983972704Z,15.699101,119.723302,Cloud to Cloud,-31120,13952,11
2026-10-05T15:07:18.746335243Z,12.706874,122.647108,Cloud to Ground,-21518,0,9
2026-10-05T15:07:18.267385213Z,12.825206,122.579488,Cloud to Ground,-21458,0,17
2026-10-05T15:07:18.299956572Z,12.706368,122.647381,Cloud to Ground,-16461,0,6
2026-10-05T15:07:18.216098858Z,12.723646,122.657086,Cloud to Ground,-9194,0,6
2026-10-05T15:07:18.433776589Z,12.778814,122.601833,Cloud to Ground,-8482,0,6
2026-10-05T15:07:18.408692444Z,12.793637,122.601802,Cloud to Ground,-7917,0,6
2026-10-05T15:07:18.195538000Z,12.7133,122.4735,Cloud to Ground,-33319,0,6
2026-10-05T15:07:18.775023968Z,15.675808,121.944783,Cloud to Ground,-52117,0,11
2026-10-05T15:07:18.927385868Z,15.681522,121.933959,Cloud to Ground,-11100,0,7
2026-10-05T15:07:18.872643346Z,15.680323,121.945534,Cloud to Ground,-10892,0,6
2026-10-05T15:07:19.463538780Z,15.676289,121.940983,Cloud to Ground,-9837,0,6
2026-10-05T15:07:19.005652833Z,15.622644,121.97044,Cloud to Ground,13825,0,7
2026-10-05T15:07:18.808401944Z,15.676024,121.936704,Cloud to Cloud,17875,4891,12
2026-10-05T15:07:19.795183460Z,15.716792,122.023907,Cloud to Cloud,20144,4334,10
2026-10-05T15:07:20.058015017Z,1.96529,116.624822,Cloud to Ground,47399,0,26
2026-10-05T15:07:19.898913671Z,1.967129,116.62497,Cloud to Ground,49703,0,26
2026-10-05T15:07:20.164433615Z,15.665426,121.930717,Cloud to Cloud,15192,7073,12
2026-10-05T15:07:20.033105327Z,10.310425,122.655667,Cloud to Cloud,24767,12074,8
2026-10-05T15:07:21.258094309Z,15.757661,119.585919,Cloud to Cloud,14220,13372,7
2026-10-05T15:07:21.802463249Z,15.856305,119.665679,Cloud to Cloud,-13456,11527,12
2026-10-05T15:07:21.499850000Z,2.7302,116.8419,Cloud to Ground,21801,0,7
2026-10-05T15:07:23.093177343Z,12.438001,122.78938,Cloud to Cloud,4743,17980,5
2026-10-05T15:07:23.939701029Z,20.704806,116.386291,Cloud to Cloud,-9208,3014,9
2026-10-05T15:07:26.128578452Z,2.897785,117.606073,Cloud to Ground,10880,0,8
2026-10-05T15:07:25.991756625Z,2.901089,117.616986,Cloud to Ground,56920,0,9
2026-10-05T15:07:26.318294183Z,2.7988,114.493348,Cloud to Ground,-18005,0,16
2026-10-05T15:07:26.315846990Z,2.686563,114.519807,Cloud to Ground,17278,0,17
2026-10-05T15:07:26.768195807Z,2.234146,114.43987,Cloud to Ground,15777,0,18
2026-10-05T15:07:27.449931566Z,2.651773,116.593373,Cloud to Ground,-19547,0,16
2026-10-05T15:07:27.480919913Z,2.638768,116.575222,Cloud to Ground,-11859,0,11
2026-10-05T15:07:27.514936926Z,2.640506,116.607794,Cloud to Ground,19968,0,17
2026-10-05T15:07:27.460012809Z,2.669312,116.596659,Cloud to Ground,83707,0,28
2026-10-05T15:07:28.831135581Z,2.663276,116.381122,Cloud to Ground,148704,0,16
2026-10-05T15:07:29.752204695Z,2.261588,113.038162,Cloud to Ground,26219,0,15
2026-10-05T15:07:29.373288902Z,10.005042,127.623613,Cloud to Ground,-19641,0,13
2026-10-05T15:07:29.413526641Z,10.003163,127.624064,Cloud to Ground,-19438,0,14
2026-10-05T15:07:29.058002000Z,10.0397,127.3097,Cloud to Ground,-22151,0,8
2026-10-05T15:07:29.210107000Z,15.4522,121.9485,Cloud to Ground,-3856,0,5
2026-10-05T15:07:30.510336374Z,11.358642,126.04157,Cloud to Cloud,7204,19902,5
2026-10-05T15:07:32.113933769Z,11.593779,123.682377,Cloud to Cloud,4333,19716,5
2026-10-05T15:07:33.011777837Z,22.824414,122.23408,Cloud to Cloud,3807,16080,8
2026-10-05T15:07:32.573023557Z,22.765164,122.294951,Cloud to Cloud,3909,8906,6
2026-10-05T15:07:32.656645353Z,22.7742,122.306877,Cloud to Cloud,4101,10159,6
2026-10-05T15:07:32.310776513Z,22.76417,122.293918,Cloud to Cloud,4303,12129,5
2026-10-05T15:07:32.907518329Z,22.756422,122.296323,Cloud to Cloud,5085,13866,8
2026-10-05T15:07:32.650235419Z,22.774755,122.296373,Cloud to Cloud,10656,9346,8
2026-10-05T15:07:33.135634000Z,11.4544,123.5553,Cloud to Ground,-42153,0,9
2026-10-05T15:07:33.536044000Z,11.4921,123.5828,Cloud to Ground,-21907,0,5
2026-10-05T15:07:34.201825597Z,4.344192,121.937508,Cloud to Cloud,10166,7520,8
2026-10-05T15:07:36.562520035Z,2.665709,113.272297,Cloud to Ground,-7853,0,20
2026-10-05T15:07:36.670265580Z,2.559183,113.212922,Cloud to Ground,-10953,0,9
2026-10-05T15:07:36.566856031Z,2.563575,113.28675,Cloud to Ground,10453,0,7
2026-10-05T15:07:38.378630420Z,2.865864,117.6546,Cloud to Ground,17510,0,12
2026-10-05T15:07:38.526535378Z,15.565018,121.91149,Cloud to Cloud,12529,3002,12
2026-10-05T15:07:38.502479582Z,15.69633,121.930039,Cloud to Ground,-49880,0,13
2026-10-05T15:07:38.703028551Z,15.679335,121.941121,Cloud to Ground,-25860,0,11
2026-10-05T15:07:38.637637199Z,15.67702,121.942334,Cloud to Ground,-22529,0,13
2026-10-05T15:07:38.899587382Z,15.681015,121.936293,Cloud to Ground,-18304,0,7
2026-10-05T15:07:39.153986434Z,15.677939,121.942952,Cloud to Ground,-16999,0,11
2026-10-05T15:07:38.530847520Z,15.69601,121.933305,Cloud to Ground,-14988,0,11
2026-10-05T15:07:39.042281476Z,15.680903,121.941611,Cloud to Ground,-11186,0,10
2026-10-05T15:07:38.955837726Z,15.677632,121.941457,Cloud to Ground,-8491,0,8
2026-10-05T15:07:39.744817427Z,4.383703,122.0541,Cloud to Ground,23871,0,11
2026-10-05T15:07:42.625379882Z,2.706482,116.86436,Cloud to Ground,-11063,0,10
2026-10-05T15:07:42.877660427Z,2.250427,116.33993,Cloud to Ground,-31557,0,15
2026-10-05T15:07:42.888523000Z,2.2355,116.291,Cloud to Ground,14686,0,5
2026-10-05T15:07:43.792531392Z,6.889141,127.054507,Cloud to Cloud,6659,13812,6
2026-10-05T15:07:44.406547377Z,15.750342,121.797674,Cloud to Ground,17971,0,13
2026-10-05T15:07:44.403705000Z,15.9651,122.1589,Cloud to Ground,40228,0,6
2026-10-05T15:07:44.140367788Z,15.685789,121.951253,Cloud to Ground,-18015,0,10
2026-10-05T15:07:43.659443874Z,15.683282,121.932406,Cloud to Cloud,10771,4016,8
2026-10-05T15:07:46.807354598Z,12.779119,122.600454,Cloud to Ground,-15577,0,7
2026-10-05T15:07:46.058902000Z,12.4298,122.8466,Cloud to Ground,-72344,0,5
2026-10-05T15:07:46.534821000Z,12.4232,122.8567,Cloud to Ground,-18453,0,5
2026-10-05T15:07:46.536207673Z,12.383313,122.913964,Cloud to Cloud,-17137,11839,7
2026-10-05T15:07:47.101462482Z,6.817919,110.408114,Cloud to Cloud,-50779,3062,18
2026-10-05T15:07:47.784864068Z,6.863974,110.452116,Cloud to Ground,-37424,0,13
2026-10-05T15:07:47.895592991Z,6.834008,110.458245,Cloud to Ground,-28501,0,11
2026-10-05T15:07:47.110567000Z,6.8165,110.4256,Cloud to Ground,99873,0,7
2026-10-05T15:07:47.070733708Z,15.138461,120.65973,Cloud to Ground,-22961,0,12
2026-10-05T15:07:47.654320580Z,15.167666,120.730913,Cloud to Ground,-16590,0,9
2026-10-05T15:07:47.223841190Z,15.13182,120.612916,Cloud to Ground,-12041,0,5
2026-10-05T15:07:47.002568000Z,15.1907,120.3878,Cloud to Ground,-27988,0,6
2026-10-05T15:07:49.726324853Z,16.047257,118.252525,Cloud to Cloud,-12534,19202,11
2026-10-05T15:07:52.190194454Z,2.833787,116.419053,Cloud to Cloud,-9317,3429,21
2026-10-05T15:07:53.704127338Z,10.271899,127.610014,Cloud to Cloud,9668,6558,7
2026-10-05T15:07:53.693222726Z,10.280134,127.605588,Cloud to Ground,28868,0,11
2026-10-05T15:07:53.830571755Z,10.353783,122.691793,Cloud to Cloud,4981,17621,5
2026-10-05T15:07:54.743399000Z,11.4578,123.7182,Cloud to Ground,-42294,0,7
2026-10-05T15:07:54.799074000Z,11.4992,123.6592,Cloud to Ground,-24563,0,6
2026-10-05T15:07:55.101985014Z,11.457627,123.665439,Cloud to Ground,-20470,0,10
2026-10-05T15:07:55.517367752Z,10.703312,127.722333,Cloud to Cloud,-25010,19471,21
2026-10-05T15:07:55.598245885Z,10.837216,127.737363,Cloud to Ground,-26237,0,17
2026-10-05T15:07:55.532781648Z,10.735209,127.813807,Cloud to Ground,-47721,0,10
2026-10-05T15:07:55.715215000Z,10.7133,127.8206,Cloud to Ground,-21106,0,6
2026-10-05T15:07:56.845342643Z,2.857298,117.347522,Cloud to Ground,-10947,0,16
2026-10-05T15:07:57.372157000Z,10.4601,122.6273,Cloud to Ground,-79782,0,12
2026-10-05T15:07:58.083454000Z,10.4298,122.5312,Cloud to Ground,-28555,0,7
2026-10-05T15:07:58.155811000Z,10.4514,122.506,Cloud to Ground,-18718,0,8
2026-10-05T15:07:57.439700000Z,10.4129,122.518,Cloud to Ground,-16065,0,6
2026-10-05T15:08:00.556136463Z,15.721423,121.979148,Cloud to Ground,27997,0,10
2026-10-05T15:08:01.340423301Z,9.976819,127.245116,Cloud to Ground,-48675,0,12
2026-10-05T15:08:01.527557775Z,9.983366,127.252909,Cloud to Ground,-29875,0,10
2026-10-05T15:08:01.621622000Z,10.0129,127.1929,Cloud to Ground,-25088,0,5
2026-10-05T15:08:01.430138000Z,10.0102,127.2533,Cloud to Ground,-24718,0,8
2026-10-05T15:08:01.685513474Z,9.931653,127.286904,Cloud to Ground,-23520,0,8
2026-10-05T15:08:01.553561706Z,9.952952,127.228859,Cloud to Ground,-22246,0,9
2026-10-05T15:08:02.225502088Z,8.785244,124.457881,Cloud to Ground,-54056,0,8
2026-10-05T15:08:02.168116890Z,8.792403,124.463679,Cloud to Ground,-29775,0,8
2026-10-05T15:08:02.102236433Z,8.797806,124.428833,Cloud to Ground,56665,0,16
2026-10-05T15:08:02.396963443Z,15.297387,119.798103,Cloud to Cloud,21485,6613,9
2026-10-05T15:08:05.382956014Z,12.445397,122.792459,Cloud to Cloud,8761,19423,9
2026-10-05T15:08:06.139835075Z,15.686607,121.938123,Cloud to Ground,-75341,0,12
2026-10-05T15:08:06.233366643Z,15.692949,121.949769,Cloud to Ground,-35403,0,12
2026-10-05T15:08:06.309519892Z,15.69351,121.951229,Cloud to Ground,-32459,0,10
2026-10-05T15:08:06.200554478Z,15.687909,121.943497,Cloud to Ground,-22472,0,15
2026-10-05T15:08:06.618201069Z,15.698095,121.942284,Cloud to Ground,-15053,0,8
2026-10-05T15:08:06.538915884Z,15.697284,121.951638,Cloud to Ground,-11475,0,7
2026-10-05T15:08:06.166705098Z,15.693856,121.921286,Cloud to Ground,24250,0,10
2026-10-05T15:08:07.729332246Z,2.903908,117.577616,Cloud to Ground,34736,0,11
2026-10-05T15:08:08.498269792Z,15.780742,119.745485,Cloud to Cloud,-16632,17046,12
2026-10-05T15:08:08.506578549Z,15.779213,119.74461,Cloud to Cloud,-8832,7504,11
2026-10-05T15:08:08.824057471Z,17.467464,110.573434,Cloud to Cloud,-12994,4821,7
2026-10-05T15:08:08.825692370Z,17.49163,110.590871,Cloud to Cloud,-12447,3243,8
2026-10-05T15:08:08.199972355Z,15.683617,119.796646,Cloud to Cloud,19429,3009,9
2026-10-05T15:08:10.626479000Z,11.5001,123.6197,Cloud to Ground,-25486,0,9
2026-10-05T15:08:10.580904000Z,11.4037,123.5935,Cloud to Ground,-23817,0,5
2026-10-05T15:08:10.523473000Z,11.5716,123.8268,Cloud to Ground,-9886,0,6
2026-10-05T15:08:11.845135900Z,15.186559,121.251277,Cloud to Cloud,14032,16009,8
2026-10-05T15:08:15.390486877Z,2.725029,116.461384,Cloud to Ground,-9536,0,10
2026-10-05T15:08:16.967829899Z,9.983105,127.242037,Cloud to Ground,-23101,0,17
2026-10-05T15:08:16.907393555Z,10.020088,127.986842,Cloud to Ground,-23632,0,10
2026-10-05T15:08:16.100422542Z,8.435194,128.177433,Cloud to Cloud,14671,16986,7
2026-10-05T15:08:16.802348000Z,7.7094,127.5947,Cloud to Ground,25098,0,9
2026-10-05T15:08:18.143605993Z,12.436903,122.791927,Cloud to Cloud,4855,7775,5
2026-10-05T15:08:21.189458185Z,14.795562,120.855556,Cloud to Ground,-18445,0,9
2026-10-05T15:08:21.244564000Z,11.6114,123.6465,Cloud to Ground,-20739,0,6
2026-10-05T15:08:22.299694458Z,15.567139,121.006173,Cloud to Cloud,14835,7616,11
2026-10-05T15:08:22.897157834Z,10.261867,126.328597,Cloud to Ground,-54756,0,12
2026-10-05T15:08:22.676378051Z,15.768559,120.899472,Cloud to Ground,-14194,0,7
2026-10-05T15:08:24.852617771Z,3.073234,117.707944,Cloud to Ground,24116,0,14
2026-10-05T15:08:24.772850258Z,3.075119,117.710998,Cloud to Ground,24379,0,12
2026-10-05T15:08:24.562307441Z,3.074292,117.714338,Cloud to Ground,62179,0,13
2026-10-05T15:08:24.693762612Z,3.072884,117.736466,Cloud to Ground,82934,0,19
2026-10-05T15:08:24.553949276Z,11.461269,123.706055,Cloud to Ground,-15194,0,5
2026-10-05T15:08:24.640230000Z,11.5662,123.7204,Cloud to Ground,-28624,0,5
2026-10-05T15:08:25.077163895Z,2.701951,116.480932,Cloud to Ground,31871,0,14
2026-10-05T15:08:30.157250090Z,12.72773,122.628539,Cloud to Cloud,3654,4688,5
2026-10-05T15:08:30.018283049Z,12.70919,122.612253,Cloud to Ground,18471,0,8
2026-10-05T15:08:31.557555872Z,1.94516,115.833048,Cloud to Ground,79580,0,25
2026-10-05T15:08:32.459748019Z,15.910991,119.685974,Cloud to Ground,-51760,0,8
2026-10-05T15:08:32.300419000Z,15.9208,119.5695,Cloud to Ground,-50813,0,9
2026-10-05T15:08:32.383012327Z,15.879794,119.565905,Cloud to Ground,-16936,0,9
2026-10-05T15:08:32.620499229Z,15.882902,119.570154,Cloud to Ground,-12994,0,10
2026-10-05T15:08:32.516953000Z,15.9398,119.5609,Cloud to Ground,94574,0,10
2026-10-05T15:08:32.343671174Z,15.718098,119.586927,Cloud to Cloud,-18838,5288,12
2026-10-05T15:08:34.227544817Z,2.039197,115.884229,Cloud to Ground,8942,0,10
2026-10-05T15:08:35.677902177Z,10.448303,129.196967,Cloud to Ground,29208,0,9
2026-10-05T15:08:35.241240007Z,15.67259,121.926334,Cloud to Ground,-99160,0,11
2026-10-05T15:08:35.306855048Z,15.675984,121.930517,Cloud to Ground,-12549,0,10
2026-10-05T15:08:35.303866592Z,15.656053,121.939339,Cloud to Cloud,16759,11110,8
2026-10-05T15:08:37.454068225Z,2.031152,117.410901,Cloud to Ground,17158,0,15
2026-10-05T15:08:37.293177936Z,10.695779,127.855479,Cloud to Ground,-32878,0,9
2026-10-05T15:08:37.414915000Z,10.7326,127.8213,Cloud to Ground,-26977,0,10
2026-10-05T15:08:37.371428000Z,10.6918,127.7588,Cloud to Ground,-21953,0,6
2026-10-05T15:08:39.409531402Z,7.453006,127.424473,Cloud to Cloud,9916,13859,9
2026-10-05T15:08:39.059245000Z,13.3002,122.3241,Cloud to Ground,-23194,0,10
2026-10-05T15:08:39.029943000Z,13.2617,122.2871,Cloud to Ground,13195,0,5
2026-10-05T15:08:40.552162000Z,8.1462,128.1526,Cloud to Ground,11776,0,5
2026-10-05T15:08:40.768435000Z,8.0516,128.1075,Cloud to Ground,-12035,0,7
2026-10-05T15:08:42.654011000Z,2.8361,114.5978,Cloud to Ground,39334,0,5
2026-10-05T15:08:42.272215000Z,6.3337,119.5563,Cloud to Ground,-226038,0,6
2026-10-05T15:08:43.867927000Z,12.8389,122.5813,Cloud to Ground,-25628,0,6
2026-10-05T15:08:43.993573837Z,12.81018,122.620039,Cloud to Ground,-16465,0,10
2026-10-05T15:08:44.152847161Z,12.806442,122.618156,Cloud to Ground,-15024,0,8
2026-10-05T15:08:44.571598513Z,12.809216,122.620354,Cloud to Ground,-14767,0,8
2026-10-05T15:08:44.226899856Z,12.805604,122.619355,Cloud to Ground,-11324,0,7
2026-10-05T15:08:43.206055087Z,14.811785,120.870913,Cloud to Cloud,14885,11916,12
2026-10-05T15:08:44.634892510Z,17.414519,110.642459,Cloud to Cloud,-29043,17932,9
2026-10-05T15:08:44.650668000Z,17.509,110.6209,Cloud to Ground,100656,0,12
2026-10-05T15:08:44.004047871Z,11.459796,123.709478,Cloud to Cloud,6659,14935,5
2026-10-05T15:08:45.633496680Z,2.584676,113.132792,Cloud to Cloud,10136,4091,11
2026-10-05T15:08:45.029693310Z,15.450678,119.72957,Cloud to Ground,27162,0,10
2026-10-05T15:08:45.260687079Z,15.292322,119.711694,Cloud to Cloud,17713,3534,9
2026-10-05T15:08:45.675250100Z,19.941835,110.358387,Cloud to Cloud,17848,7211,10
2026-10-05T15:08:45.569563000Z,6.1978,126.6236,Cloud to Ground,-13383,0,9
2026-10-05T15:08:47.507465222Z,2.724111,116.949391,Cloud to Ground,25543,0,16
2026-10-05T15:08:47.792534332Z,21.391527,115.256966,Cloud to Ground,19242,0,11
2026-10-05T15:08:48.845420460Z,4.390098,122.621852,Cloud to Ground,25333,0,20
2026-10-05T15:08:48.679832510Z,4.356552,122.773247,Cloud to Ground,-27204,0,13
2026-10-05T15:08:49.551220438Z,7.546673,120.563068,Cloud to Ground,-39626,0,15
2026-10-05T15:08:49.196807236Z,17.435627,110.507645,Cloud to Ground,22055,0,10
2026-10-05T15:08:49.254688000Z,17.4717,110.6278,Cloud to Ground,93084,0,9
2026-10-05T15:08:49.171849785Z,17.456962,110.552508,Cloud to Ground,101696,0,11
2026-10-05T15:08:49.500652944Z,17.460155,110.614441,Cloud to Ground,132551,0,11
2026-10-05T15:08:49.406136107Z,10.729279,127.597374,Cloud to Ground,29994,0,10
2026-10-05T15:08:49.152308000Z,10.695,127.7378,Cloud to Ground,13517,0,5
2026-10-05T15:08:49.605301000Z,20.7493,116.2103,Cloud to Ground,-535,0,6
2026-10-05T15:08:50.337938514Z,15.683903,121.962252,Cloud to Ground,-15545,0,7
2026-10-05T15:08:51.337592926Z,2.019115,116.655808,Cloud to Ground,-14954,0,11
2026-10-05T15:08:52.607265487Z,11.569063,123.698581,Cloud to Cloud,-16248,18117,9
2026-10-05T15:08:55.980253000Z,10.0046,127.8242,Cloud to Ground,-23420,0,5
2026-10-05T15:08:58.859814928Z,10.00153,127.308297,Cloud to Ground,-34397,0,11
2026-10-05T15:08:59.457825000Z,9.9998,127.2306,Cloud to Ground,-33788,0,10
2026-10-05T15:09:00.304450361Z,7.091294,111.349845,Cloud to Ground,-23195,0,20
2026-10-05T15:09:01.112095092Z,7.148129,111.31959,Cloud to Ground,-20373,0,13
2026-10-05T15:09:00.043761086Z,7.131742,111.381576,Cloud to Ground,-18333,0,10
2026-10-05T15:09:00.308255701Z,7.100316,111.361343,Cloud to Ground,-12771,0,7
2026-10-05T15:09:00.625146389Z,7.11467,111.384843,Cloud to Ground,15927,0,6
2026-10-05T15:09:00.529476952Z,7.106116,111.373712,Cloud to Ground,42336,0,7
2026-10-05T15:09:00.219545449Z,7.101022,111.380492,Cloud to Ground,81958,0,13
2026-10-05T15:08:59.985840678Z,7.12877,111.398419,Cloud to Ground,87513,0,7
2026-10-05T15:08:59.693117629Z,7.228934,111.335738,Cloud to Ground,-108162,0,16
2026-10-05T15:09:00.372135000Z,7.2174,111.321,Cloud to Ground,59408,0,5
2026-10-05T15:08:58.913755459Z,2.962588,117.601508,Cloud to Ground,11880,0,11
2026-10-05T15:08:59.206603261Z,2.957922,117.620734,Cloud to Ground,14187,0,14
2026-10-05T15:08:59.022980296Z,2.960807,117.597411,Cloud to Ground,17456,0,12
2026-10-05T15:08:59.144139262Z,2.961663,117.606831,Cloud to Ground,24878,0,15
2026-10-05T15:09:01.646477582Z,2.386353,116.105256,Cloud to Ground,-71532,0,19
2026-10-05T15:09:01.484983668Z,2.385409,116.063239,Cloud to Cloud,15963,5433,11
2026-10-05T15:09:01.225031000Z,15.8842,122.2829,Cloud to Ground,26255,0,5
2026-10-05T15:09:02.348558604Z,12.402138,122.817292,Cloud to Ground,-4581,0,5
2026-10-05T15:09:02.052752110Z,15.676556,121.982302,Cloud to Ground,-14290,0,10
2026-10-05T15:09:03.157151426Z,2.01718,116.629444,Cloud to Ground,19785,0,12
2026-10-05T15:09:04.771328470Z,12.705955,122.666439,Cloud to Ground,-11579,0,5
2026-10-05T15:09:04.377352000Z,12.3527,122.4748,Cloud to Ground,-19995,0,6
2026-10-05T15:09:05.839506920Z,10.060931,128.870952,Cloud to Ground,-82634,0,12
2026-10-05T15:09:05.251293149Z,11.702956,123.613642,Cloud to Ground,-28428,0,8
2026-10-05T15:09:05.027215523Z,11.528722,123.647291,Cloud to Ground,-72858,0,8
2026-10-05T15:09:05.333549362Z,11.583066,123.629791,Cloud to Ground,-29078,0,14
2026-10-05T15:09:07.901421413Z,15.417928,119.530144,Cloud to Cloud,-17162,4772,7
2026-10-05T15:09:08.922281512Z,7.041117,127.104116,Cloud to Ground,-43791,0,10
2026-10-05T15:09:08.473040714Z,11.569543,123.671491,Cloud to Cloud,4878,17428,6
2026-10-05T15:09:09.884062000Z,11.8201,125.8239,Cloud to Ground,11506,0,9
2026-10-05T15:09:09.082008000Z,6.8362,127.2181,Cloud to Ground,-14007,0,5
2026-10-05T15:09:12.338154092Z,2.939066,117.024976,Cloud to Ground,15770,0,14
2026-10-05T15:09:13.005925476Z,2.628749,113.260478,Cloud to Ground,15971,0,11
2026-10-05T15:09:13.033407000Z,14.7721,120.7292,Cloud to Ground,11821,0,8
2026-10-05T15:09:15.144650518Z,2.257663,116.283336,Cloud to Ground,-9795,0,19
2026-10-05T15:09:16.235188342Z,2.715051,116.97925,Cloud to Ground,15536,0,13
2026-10-05T15:09:16.396141586Z,22.873561,122.166429,Cloud to Ground,-64865,0,17
2026-10-05T15:09:16.418422722Z,22.87451,122.170729,Cloud to Ground,-25303,0,8
2026-10-05T15:09:15.654915432Z,22.892282,122.0387,Cloud to Cloud,2335,8281,7
2026-10-05T15:09:15.842881158Z,22.878931,122.038328,Cloud to Cloud,3027,10707,9
2026-10-05T15:09:15.654314747Z,22.890455,122.036895,Cloud to Cloud,3075,8661,8
2026-10-05T15:09:15.976133039Z,22.877697,122.101602,Cloud to Cloud,3289,3131,7
2026-10-05T15:09:16.069027648Z,22.841177,122.112666,Cloud to Cloud,4188,14528,9
2026-10-05T15:09:15.656510487Z,22.831193,122.141077,Cloud to Cloud,4218,4262,6
2026-10-05T15:09:16.249463111Z,22.821518,122.102606,Cloud to Cloud,4294,10672,9
2026-10-05T15:09:15.671192368Z,22.881288,121.99688,Cloud to Cloud,4692,3186,6
2026-10-05T15:09:16.162636975Z,22.734019,122.114634,Cloud to Cloud,6835,3001,8
2026-10-05T15:09:16.058362816Z,22.853467,121.964573,Cloud to Cloud,7375,3042,13
2026-10-05T15:09:16.074330608Z,22.843369,122.117774,Cloud to Ground,10737,0,8
2026-10-05T15:09:16.555412467Z,22.784868,122.162528,Cloud to Cloud,14152,15436,10
2026-10-05T15:09:16.554096746Z,22.809101,122.303622,Cloud to Cloud,-17267,4238,14
2026-10-05T15:09:16.552938378Z,22.81456,122.320338,Cloud to Cloud,6936,14810,7
2026-10-05T15:09:16.538326578Z,22.820151,122.324775,Cloud to Cloud,6976,6351,7
2026-10-05T15:09:16.549827833Z,22.822485,122.33004,Cloud to Cloud,7963,13584,6
2026-10-05T15:09:16.848210000Z,7.7498,130.3488,Cloud to Ground,-53048,0,7
2026-10-05T15:09:17.516422777Z,2.449165,118.092694,Cloud to Ground,16229,0,15
2026-10-05T15:09:17.402465030Z,2.448335,118.100749,Cloud to Ground,18196,0,16
2026-10-05T15:09:17.608041313Z,2.457247,118.07131,Cloud to Ground,35155,0,15
2026-10-05T15:09:17.276164984Z,2.922174,117.638913,Cloud to Ground,18283,0,12
2026-10-05T15:09:18.243308606Z,11.566692,123.671685,Cloud to Cloud,5678,19794,5
2026-10-05T15:09:18.285231698Z,11.56486,123.668283,Cloud to Cloud,6103,19871,5
2026-10-05T15:09:20.904788000Z,9.9284,127.9471,Cloud to Ground,-39499,0,7
2026-10-05T15:09:20.652074693Z,9.997699,127.995139,Cloud to Ground,26239,0,11
2026-10-05T15:09:21.719909582Z,9.987289,127.302798,Cloud to Ground,-47076,0,9
2026-10-05T15:09:21.272236238Z,14.493536,123.176482,Cloud to Ground,-87177,0,13
2026-10-05T15:09:21.339951234Z,14.498847,123.177183,Cloud to Ground,-28328,0,11
2026-10-05T15:09:21.415361007Z,14.498929,123.17471,Cloud to Ground,-16324,0,7
2026-10-05T15:09:21.433738453Z,14.494451,123.171792,Cloud to Ground,-8778,0,6
2026-10-05T15:09:22.051009197Z,10.010472,127.186086,Cloud to Ground,-30181,0,25
2026-10-05T15:09:22.352353004Z,12.355774,122.865551,Cloud to Cloud,13061,16105,10
2026-10-05T15:09:22.290040086Z,12.440021,122.790101,Cloud to Cloud,7053,17341,5
2026-10-05T15:09:22.365269334Z,12.437488,122.79191,Cloud to Cloud,7746,12881,5
2026-10-05T15:09:23.884526090Z,5.798615,118.758746,Cloud to Ground,32854,0,21
2026-10-05T15:09:23.887278208Z,5.794147,118.724306,Cloud to Ground,36072,0,29
2026-10-05T15:09:23.674660326Z,11.365279,126.061887,Cloud to Ground,-82195,0,9
2026-10-05T15:09:23.046498338Z,11.287012,126.092971,Cloud to Ground,-66378,0,13
2026-10-05T15:09:23.580583032Z,11.360079,126.048963,Cloud to Ground,-44347,0,7
2026-10-05T15:09:23.531665951Z,11.360513,126.048486,Cloud to Ground,-23102,0,7
2026-10-05T15:09:23.974181494Z,11.326717,126.041183,Cloud to Ground,-17068,0,5
2026-10-05T15:09:24.465836000Z,14.8044,120.8544,Cloud to Ground,-38986,0,6
2026-10-05T15:09:24.231549121Z,14.784695,120.862138,Cloud to Ground,-37804,0,10
2026-10-05T15:09:24.292498619Z,14.877603,120.839485,Cloud to Ground,-15829,0,7
2026-10-05T15:09:25.520732393Z,9.849766,127.213164,Cloud to Ground,-22016,0,18
2026-10-05T15:09:25.545685000Z,10.041,126.9867,Cloud to Ground,-42721,0,12
2026-10-05T15:09:25.130667632Z,15.298875,121.214135,Cloud to Cloud,-31354,6236,9
2026-10-05T15:09:25.931363669Z,11.584402,123.626411,Cloud to Ground,-24487,0,13
2026-10-05T15:09:25.791015281Z,11.71544,123.596758,Cloud to Ground,-76320,0,7
2026-10-05T15:09:25.842523000Z,11.5669,123.8278,Cloud to Ground,-71888,0,6
2026-10-05T15:09:26.680629508Z,10.47534,129.522715,Cloud to Cloud,22903,18245,22
2026-10-05T15:09:27.914635596Z,12.608132,122.771012,Cloud to Ground,-34175,0,14
2026-10-05T15:09:28.178178000Z,11.581,123.6427,Cloud to Ground,-19028,0,7
2026-10-05T15:09:29.518094623Z,2.017177,115.80608,Cloud to Cloud,13809,8855,20
2026-10-05T15:09:29.057054000Z,6.8538,127.3752,Cloud to Ground,-7291,0,8
2026-10-05T15:09:29.544338000Z,10.3979,126.5604,Cloud to Ground,28445,0,8
2026-10-05T15:09:32.197777316Z,9.946612,128.930408,Cloud to Ground,-23734,0,7
2026-10-05T15:09:32.305536659Z,9.934968,128.991566,Cloud to Ground,-22828,0,8
2026-10-05T15:09:32.142843322Z,3.12525,117.678497,Cloud to Ground,14355,0,11
2026-10-05T15:09:32.306314677Z,2.773723,114.43254,Cloud to Cloud,-11823,3149,23
2026-10-05T15:09:32.988783831Z,12.813266,122.539099,Cloud to Ground,-35957,0,13
2026-10-05T15:09:33.601558428Z,12.810272,122.678659,Cloud to Ground,-19684,0,12
2026-10-05T15:09:33.532972836Z,12.778846,122.595551,Cloud to Ground,-10833,0,6
2026-10-05T15:09:33.418638087Z,12.782759,122.595088,Cloud to Ground,-5751,0,5
2026-10-05T15:09:35.480877864Z,2.555982,113.078994,Cloud to Ground,23213,0,15
2026-10-05T15:09:35.433205581Z,2.55028,113.060503,Cloud to Ground,30017,0,16
2026-10-05T15:09:35.100477000Z,17.5122,110.6681,Cloud to Ground,111463,0,5
2026-10-05T15:09:36.423493724Z,3.065464,117.582347,Cloud to Ground,22142,0,16
2026-10-05T15:09:36.531501677Z,2.950793,117.624411,Cloud to Ground,8723,0,10
2026-10-05T15:09:36.004903674Z,2.957977,117.647676,Cloud to Ground,12878,0,13
2026-10-05T15:09:36.327029298Z,2.956968,117.59518,Cloud to Ground,15585,0,9
2026-10-05T15:09:36.135494870Z,15.287918,119.537295,Cloud to Cloud,9657,6119,9
2026-10-05T15:09:36.094448885Z,15.290909,119.573665,Cloud to Cloud,13641,3000,7
2026-10-05T15:09:36.092931832Z,15.269625,119.504494,Cloud to Cloud,30740,9467,16
2026-10-05T15:09:37.812680679Z,8.564,128.236907,Cloud to Ground,-37746,0,8
2026-10-05T15:09:37.612387447Z,8.690077,128.15285,Cloud to Ground,-38321,0,24
2026-10-05T15:09:37.675301843Z,8.658565,128.129103,Cloud to Ground,-17543,0,13
2026-10-05T15:09:37.710909475Z,8.607128,127.950901,Cloud to Ground,-36058,0,14
2026-10-05T15:09:37.633324432Z,8.559509,128.07068,Cloud to Ground,-16648,0,12
2026-10-05T15:09:39.142933246Z,21.360489,115.288359,Cloud to Ground,-81806,0,13
2026-10-05T15:09:40.700090000Z,11.135,126.2291,Cloud to Ground,15849,0,5
2026-10-05T15:09:41.021845321Z,2.075115,115.585751,Cloud to Ground,11791,0,16
2026-10-05T15:09:40.797469000Z,2.0457,115.5643,Cloud to Ground,24145,0,5
2026-10-05T15:09:42.618170217Z,6.161197,119.288549,Cloud to Ground,-57210,0,9
2026-10-05T15:09:42.682281000Z,6.141,119.2864,Cloud to Ground,-57169,0,7
2026-10-05T15:09:42.681489060Z,6.168229,119.289406,Cloud to Cloud,-45363,6422,8
2026-10-05T15:09:42.741732239Z,6.132008,119.213644,Cloud to Cloud,-34732,15196,29
2026-10-05T15:09:43.282087240Z,6.132341,119.163131,Cloud to Ground,37820,0,12
2026-10-05T15:09:43.122355854Z,6.122192,119.182109,Cloud to Ground,75801,0,15
2026-10-05T15:09:42.530464897Z,6.155026,119.282418,Cloud to Ground,219235,0,23
2026-10-05T15:09:42.531058000Z,7.5928,120.2633,Cloud to Ground,2441,0,6
2026-10-05T15:09:43.540793242Z,2.728154,116.891063,Cloud to Ground,-23098,0,13
2026-10-05T15:09:43.664079951Z,2.722993,116.873655,Cloud to Ground,23038,0,13
2026-10-05T15:09:43.640744397Z,2.705879,116.909142,Cloud to Ground,27455,0,16
2026-10-05T15:09:43.611944513Z,2.721005,116.880353,Cloud to Ground,28896,0,14
2026-10-05T15:09:43.850312349Z,2.721538,116.899003,Cloud to Cloud,44136,9244,22
2026-10-05T15:09:43.914634427Z,2.723593,116.877952,Cloud to Ground,54997,0,16
2026-10-05T15:09:43.553949619Z,2.723403,116.869855,Cloud to Ground,57384,0,12
2026-10-05T15:09:43.985493000Z,11.5058,123.5915,Cloud to Ground,-26433,0,9
2026-10-05T15:09:44.046489000Z,11.4768,123.723,Cloud to Ground,-46421,0,8
2026-10-05T15:09:43.933342000Z,11.5445,123.7541,Cloud to Ground,-34192,0,5
2026-10-05T15:09:44.915962000Z,12.4429,122.6878,Cloud to Ground,-17255,0,9
2026-10-05T15:09:45.109350447Z,15.782073,119.796661,Cloud to Ground,-17395,0,9
2026-10-05T15:09:45.112654796Z,15.769501,119.693968,Cloud to Cloud,-12732,7629,7
2026-10-05T15:09:45.710303973Z,13.62713,121.052342,Cloud to Ground,-58217,0,9
2026-10-05T15:09:47.421466792Z,15.663215,121.922991,Cloud to Ground,-65047,0,11
2026-10-05T15:09:48.127695827Z,15.672314,121.943269,Cloud to Ground,-30689,0,10
2026-10-05T15:09:48.021750111Z,15.669287,121.933789,Cloud to Ground,-22276,0,10
2026-10-05T15:09:47.565748844Z,15.670332,121.935317,Cloud to Ground,-20578,0,9
2026-10-05T15:09:47.667613000Z,15.0672,121.6899,Cloud to Ground,-51142,0,5
2026-10-05T15:09:47.471596000Z,22.1332,120.0543,Cloud to Ground,407,0,6
2026-10-05T15:09:47.487968041Z,22.139257,120.122358,Cloud to Cloud,6247,9748,6
2026-10-05T15:09:49.101277825Z,8.789374,124.366762,Cloud to Ground,25131,0,8
2026-10-05T15:09:49.519260080Z,15.171202,120.77735,Cloud to Ground,58332,0,12
2026-10-05T15:09:49.242697321Z,15.15012,120.631439,Cloud to Ground,-17709,0,9
2026-10-05T15:09:49.115816427Z,15.140039,120.659363,Cloud to Ground,-16992,0,11
2026-10-05T15:09:49.188663035Z,15.141694,120.667951,Cloud to Ground,-16203,0,7
2026-10-05T15:09:50.281942601Z,4.374328,122.003323,Cloud to Ground,29295,0,13
2026-10-05T15:09:50.582128366Z,10.255684,126.328787,Cloud to Ground,-25340,0,6
2026-10-05T15:09:50.540506150Z,10.250581,126.315858,Cloud to Ground,-20510,0,6
2026-10-05T15:09:50.662532247Z,10.222147,126.327147,Cloud to Ground,-18468,0,23
2026-10-05T15:09:50.765860000Z,10.0301,127.2183,Cloud to Ground,-24579,0,10
2026-10-05T15:09:54.188414355Z,11.57581,123.688057,Cloud to Ground,-11639,0,7
2026-10-05T15:09:55.397493607Z,15.756066,121.967719,Cloud to Ground,17385,0,10
2026-10-05T15:09:55.787954000Z,21.3896,120.0197,Cloud to Ground,-330,0,12
2026-10-05T15:09:55.819983883Z,21.34596,120.087348,Cloud to Cloud,4756,17971,6
2026-10-05T15:09:57.981952000Z,8.5872,128.219,Cloud to Ground,7431,0,9
2026-10-05T15:09:59.599351603Z,2.726205,116.846014,Cloud to Cloud,10686,3020,8
2026-10-05T15:10:00.574699061Z,2.735733,116.476225,Cloud to Ground,13933,0,7
2026-10-05T15:10:00.558515657Z,2.731491,116.4704,Cloud to Ground,22338,0,22
2026-10-05T15:10:00.546633690Z,15.793456,122.153386,Cloud to Cloud,14135,3000,8
2026-10-05T15:10:00.531729000Z,2.628,116.2268,Cloud to Ground,-3264,0,6
2026-10-05T15:10:02.011781041Z,2.639615,116.211219,Cloud to Ground,20992,0,13
2026-10-05T15:10:01.995168351Z,2.637265,116.203353,Cloud to Ground,75373,0,14
2026-10-05T15:10:00.977109946Z,2.62333,116.357525,Cloud to Ground,13140,0,9
2026-10-05T15:10:01.572158318Z,2.589119,116.367283,Cloud to Ground,19659,0,19
2026-10-05T15:10:02.609153298Z,2.809675,116.725727,Cloud to Ground,-9842,0,8
2026-10-05T15:10:03.861842142Z,2.391876,114.133543,Cloud to Ground,-29655,0,28
2026-10-05T15:10:03.687477357Z,2.269311,114.191439,Cloud to Ground,11661,0,11
2026-10-05T15:10:04.746261169Z,12.43338,122.802532,Cloud to Ground,-13209,0,6
2026-10-05T15:10:04.718189000Z,12.4193,122.6612,Cloud to Ground,-42417,0,5
2026-10-05T15:10:07.590126510Z,7.050312,111.420707,Cloud to Ground,-48376,0,12
2026-10-05T15:10:07.255477267Z,7.042569,111.498317,Cloud to Ground,-35475,0,9
2026-10-05T15:10:07.833606676Z,7.03865,111.443282,Cloud to Ground,-18796,0,16
2026-10-05T15:10:07.835361540Z,7.061421,111.357564,Cloud to Ground,30824,0,8
2026-10-05T15:10:08.102493277Z,7.066908,111.484476,Cloud to Ground,31009,0,7
2026-10-05T15:10:07.294194107Z,7.059963,111.481643,Cloud to Ground,33777,0,6
2026-10-05T15:10:07.117323671Z,7.028032,111.444568,Cloud to Ground,144879,0,15
2026-10-05T15:10:07.134586397Z,8.424105,128.333718,Cloud to Ground,-15986,0,7
2026-10-05T15:10:08.114435764Z,7.181593,111.656252,Cloud to Ground,23725,0,9
2026-10-05T15:10:09.014306933Z,2.53477,113.245974,Cloud to Ground,116515,0,15
2026-10-05T15:10:11.568656726Z,7.013232,127.082594,Cloud to Ground,-82504,0,8
2026-10-05T15:10:11.594459738Z,6.839964,127.050213,Cloud to Cloud,-15040,16351,15
2026-10-05T15:10:11.561294179Z,6.871183,127.004695,Cloud to Cloud,-12147,7948,15
2026-10-05T15:10:11.176370714Z,8.450029,128.206785,Cloud to Ground,49412,0,20
2026-10-05T15:10:11.723857260Z,10.815689,127.750724,Cloud to Cloud,17418,5668,8
2026-10-05T15:10:12.937550529Z,20.626626,116.251288,Cloud to Cloud,-15219,6790,15
2026-10-05T15:10:13.910972044Z,15.633336,121.015884,Cloud to Cloud,19462,3598,8
2026-10-05T15:10:14.064402085Z,5.965165,119.26882,Cloud to Ground,-15734,0,17
2026-10-05T15:10:14.069089931Z,6.274497,119.487878,Cloud to Ground,112350,0,15
2026-10-05T15:10:15.058656830Z,2.633332,116.538817,Cloud to Ground,27309,0,21
2026-10-05T15:10:15.068194507Z,2.725207,116.535913,Cloud to Ground,-16552,0,16
2026-10-05T15:10:15.863114044Z,10.023325,127.607553,Cloud to Ground,-31997,0,11
2026-10-05T15:10:16.629867201Z,10.449337,122.532257,Cloud to Ground,-17496,0,7
2026-10-05T15:10:16.842537103Z,10.419232,122.530686,Cloud to Cloud,16103,5564,7
2026-10-05T15:10:17.903132449Z,2.042833,116.577332,Cloud to Ground,26851,0,17
2026-10-05T15:10:17.851398961Z,2.027186,116.646656,Cloud to Ground,53138,0,23
2026-10-05T15:10:17.882953043Z,2.043024,116.583281,Cloud to Ground,72160,0,20
2026-10-05T15:10:17.962236288Z,2.834407,117.376884,Cloud to Cloud,13834,6112,21
2026-10-05T15:10:17.560828308Z,2.753837,116.883685,Cloud to Ground,21537,0,15
2026-10-05T15:10:17.223662248Z,10.017921,127.317254,Cloud to Ground,-30547,0,9
2026-10-05T15:10:18.672560982Z,15.676132,121.93886,Cloud to Ground,-67142,0,10
2026-10-05T15:10:18.718810369Z,15.68103,121.943894,Cloud to Ground,-65632,0,13
2026-10-05T15:10:18.992972332Z,15.714556,122.025047,Cloud to Cloud,-31646,7942,12
2026-10-05T15:10:18.718013425Z,15.682575,121.946482,Cloud to Ground,-28253,0,10
2026-10-05T15:10:18.802361408Z,15.669247,121.956857,Cloud to Ground,-27680,0,9
2026-10-05T15:10:19.064483691Z,15.685953,121.942103,Cloud to Ground,14874,0,14
2026-10-05T15:10:18.050653599Z,10.144064,127.26099,Cloud to Ground,-16316,0,10
2026-10-05T15:10:19.495919686Z,2.978896,117.57869,Cloud to Ground,-15485,0,24
2026-10-05T15:10:19.642360896Z,2.982099,117.596913,Cloud to Ground,12469,0,12
2026-10-05T15:10:19.418176960Z,2.981903,117.608319,Cloud to Ground,13909,0,10
2026-10-05T15:10:19.578325425Z,2.978522,117.605582,Cloud to Ground,22383,0,15
2026-10-05T15:10:19.984357463Z,4.474684,121.805978,Cloud to Ground,-19220,0,12
2026-10-05T15:10:20.238531214Z,4.559795,121.843106,Cloud to Ground,-12616,0,20
2026-10-05T15:10:20.004228769Z,2.500257,116.078854,Cloud to Ground,-36135,0,9
2026-10-05T15:10:20.081560349Z,21.96587,120.160857,Cloud to Cloud,3550,4089,7
2026-10-05T15:10:20.102078931Z,21.884369,120.187973,Cloud to Cloud,5790,15526,8
2026-10-05T15:10:22.734311986Z,15.803205,119.601639,Cloud to Cloud,11912,6541,7
2026-10-05T15:10:27.807321662Z,2.247281,116.3501,Cloud to Ground,-18581,0,15
2026-10-05T15:10:27.903444765Z,2.255189,116.370332,Cloud to Ground,20616,0,16
2026-10-05T15:10:28.523716365Z,14.837949,120.964171,Cloud to Ground,-15935,0,12
2026-10-05T15:10:28.459838000Z,14.8314,120.8647,Cloud to Ground,-19239,0,6
2026-10-05T15:10:29.180659934Z,10.006513,127.977672,Cloud to Ground,-26102,0,6
2026-10-05T15:10:28.933760000Z,9.9805,127.8625,Cloud to Ground,-50614,0,5
2026-10-05T15:10:29.484692457Z,10.054115,127.827913,Cloud to Ground,-16224,0,7
2026-10-05T15:10:30.331469122Z,2.885949,117.050898,Cloud to Ground,19515,0,23
2026-10-05T15:10:30.162977057Z,2.932302,117.003853,Cloud to Ground,27006,0,21
2026-10-05T15:10:30.344921774Z,11.441782,123.686147,Cloud to Ground,-14353,0,5
2026-10-05T15:10:30.125135696Z,11.6468,123.669656,Cloud to Ground,-24687,0,7
2026-10-05T15:10:32.601416450Z,19.956571,110.259151,Cloud to Ground,38928,0,12
2026-10-05T15:10:32.551133000Z,10.8609,127.8895,Cloud to Ground,-12058,0,5
2026-10-05T15:10:33.515040471Z,7.589509,130.357352,Cloud to Ground,43074,0,12
2026-10-05T15:10:33.220430829Z,11.297379,126.159509,Cloud to Ground,-27375,0,8
2026-10-05T15:10:33.335113385Z,11.295508,126.161509,Cloud to Ground,-17621,0,10
2026-10-05T15:10:36.545567634Z,15.870201,119.538682,Cloud to Ground,5923,0,7
2026-10-05T15:10:36.132684445Z,21.948989,121.217046,Cloud to Cloud,8231,17699,8
2026-10-05T15:10:36.174267132Z,21.944976,121.218892,Cloud to Ground,22437,0,9
2026-10-05T15:10:38.961682654Z,11.572136,123.693575,Cloud to Ground,-16001,0,8
2026-10-05T15:10:38.456422613Z,15.776616,119.677647,Cloud to Cloud,12854,3008,9
2026-10-05T15:10:39.755381806Z,2.566484,113.137023,Cloud to Ground,20650,0,16
2026-10-05T15:10:39.254861995Z,2.568777,113.119225,Cloud to Ground,22294,0,13
2026-10-05T15:10:39.060132185Z,2.562017,113.141389,Cloud to Ground,32787,0,18
2026-10-05T15:10:40.115116000Z,12.2558,122.4511,Cloud to Ground,-17591,0,7
2026-10-05T15:10:41.127725669Z,12.817183,122.608086,Cloud to Ground,-15064,0,12
2026-10-05T15:10:41.169212698Z,12.708347,122.658962,Cloud to Ground,-15658,0,9
2026-10-05T15:10:40.465588266Z,12.706949,122.660929,Cloud to Ground,-11181,0,8
2026-10-05T15:10:40.805320235Z,12.707838,122.663193,Cloud to Ground,-8902,0,7
2026-10-05T15:10:40.601502377Z,12.705545,122.660457,Cloud to Ground,-8119,0,8
2026-10-05T15:10:40.720039692Z,12.710155,122.661068,Cloud to Ground,-6994,0,6
2026-10-05T15:10:43.683005920Z,15.018712,121.533406,Cloud to Cloud,11661,9436,7
2026-10-05T15:10:43.774291454Z,14.29741,121.115338,Cloud to Ground,-14807,0,7
2026-10-05T15:10:43.447827197Z,14.295415,121.126826,Cloud to Cloud,-4513,7643,6
2026-10-05T15:10:43.683986000Z,15.2014,121.3876,Cloud to Ground,-9437,0,6
2026-10-05T15:10:43.480616000Z,14.2853,120.9732,Cloud to Ground,-14560,0,5
2026-10-05T15:10:45.406277994Z,12.489232,122.868777,Cloud to Ground,-26173,0,7
2026-10-05T15:10:45.466535032Z,12.438158,122.795333,Cloud to Ground,-16699,0,8
2026-10-05T15:10:45.533247722Z,12.43878,122.796471,Cloud to Ground,-12649,0,7
2026-10-05T15:10:45.703271517Z,12.445007,122.845153,Cloud to Ground,-7256,0,6
2026-10-05T15:10:45.772867530Z,12.785694,122.575019,Cloud to Cloud,6743,5753,7
2026-10-05T15:10:46.210618886Z,2.672434,116.934906,Cloud to Ground,17056,0,15
2026-10-05T15:10:47.765845096Z,2.767437,116.944566,Cloud to Ground,19407,0,15
2026-10-05T15:10:47.929796850Z,11.390895,124.245871,Cloud to Ground,-22849,0,11
2026-10-05T15:10:48.782033783Z,10.012796,127.301622,Cloud to Ground,-38616,0,10
2026-10-05T15:10:50.348937251Z,2.680637,116.603523,Cloud to Cloud,-12269,7221,21
2026-10-05T15:10:50.131395026Z,2.867768,116.561086,Cloud to Ground,-10854,0,9
2026-10-05T15:10:52.923630095Z,4.373847,122.090305,Cloud to Ground,29458,0,11
2026-10-05T15:10:52.059743000Z,10.0558,126.9691,Cloud to Ground,26450,0,7
2026-10-05T15:10:53.564900763Z,10.247377,126.337333,Cloud to Cloud,7596,19360,5
2026-10-05T15:10:57.235665181Z,14.688182,120.868759,Cloud to Cloud,9382,3124,7
2026-10-05T15:10:59.622661917Z,10.008067,127.281874,Cloud to Ground,25170,0,7
2026-10-05T15:10:59.753094474Z,13.244922,122.316833,Cloud to Cloud,-4304,10917,5
2026-10-05T15:10:59.606760676Z,17.434215,110.512114,Cloud to Cloud,-31496,7817,13
2026-10-05T15:10:59.612796807Z,17.468924,110.648223,Cloud to Ground,27720,0,9
2026-10-05T15:10:59.773801700Z,17.459104,110.511858,Cloud to Ground,37761,0,11
2026-10-05T15:10:59.678661693Z,17.455714,110.601832,Cloud to Ground,38506,0,16
2026-10-05T15:10:59.683949833Z,17.440448,110.630031,Cloud to Ground,38774,0,14
2026-10-05T15:11:00.060188729Z,17.449159,110.598302,Cloud to Ground,46033,0,11
2026-10-05T15:10:59.715404216Z,17.436669,110.600814,Cloud to Ground,51868,0,9
2026-10-05T15:10:59.745023119Z,17.461605,110.515842,Cloud to Ground,73454,0,12
2026-10-05T15:11:00.484474406Z,10.701879,127.944431,Cloud to Ground,53349,0,8
2026-10-05T15:11:00.508367000Z,10.7142,127.8447,Cloud to Ground,-28769,0,10
2026-10-05T15:11:00.558509000Z,10.717,127.8029,Cloud to Ground,-28424,0,7
2026-10-05T15:11:00.332213000Z,20.8044,116.1264,Cloud to Ground,-9890,0,6
2026-10-05T15:11:00.345524676Z,20.742585,116.18553,Cloud to Ground,16894,0,9
2026-10-05T15:11:01.258897871Z,8.579725,128.216282,Cloud to Ground,-102519,0,12
2026-10-05T15:11:01.292121968Z,8.562918,128.092653,Cloud to Cloud,-19976,7266,19
2026-10-05T15:11:01.423294613Z,8.538808,128.115064,Cloud to Ground,-19125,0,21
2026-10-05T15:11:01.359442267Z,8.536906,128.014307,Cloud to Ground,-15885,0,12
2026-10-05T15:11:01.305523000Z,8.5647,128.1752,Cloud to Ground,-11021,0,8
2026-10-05T15:11:01.411817000Z,8.4422,127.9674,Cloud to Ground,23009,0,5
2026-10-05T15:11:01.333470988Z,2.528711,113.243278,Cloud to Ground,36961,0,14
2026-10-05T15:11:01.064621000Z,20.9469,116.2217,Cloud to Ground,-47899,0,8
2026-10-05T15:11:02.445852979Z,15.493247,120.561523,Cloud to Ground,-18689,0,12
2026-10-05T15:11:04.681931349Z,10.008911,127.296884,Cloud to Ground,-25155,0,7
2026-10-05T15:11:04.622854038Z,15.886988,119.581867,Cloud to Cloud,25088,3000,7
2026-10-05T15:11:05.026657633Z,2.844858,117.378777,Cloud to Ground,19110,0,19
2026-10-05T15:11:06.966143000Z,8.1278,128.152,Cloud to Ground,33879,0,6
2026-10-05T15:11:07.429715862Z,12.352061,122.838137,Cloud to Cloud,8250,7134,13
2026-10-05T15:11:07.683749229Z,11.583115,123.646847,Cloud to Ground,-34042,0,9
2026-10-05T15:11:07.750926000Z,11.5369,123.7316,Cloud to Ground,-31192,0,7
2026-10-05T15:11:08.052549000Z,11.5293,123.6993,Cloud to Ground,-12240,0,7
2026-10-05T15:11:07.938193287Z,11.465113,123.689596,Cloud to Ground,-6795,0,5
2026-10-05T15:11:07.976133498Z,2.747137,116.437549,Cloud to Ground,-17520,0,13
2026-10-05T15:11:08.383809016Z,2.72923,116.489888,Cloud to Ground,-15630,0,18
2026-10-05T15:11:08.297788070Z,2.728502,116.457166,Cloud to Ground,-8702,0,20
2026-10-05T15:11:07.499749438Z,2.691266,116.520873,Cloud to Cloud,13479,4258,18
2026-10-05T15:11:07.983511199Z,2.727456,116.486238,Cloud to Ground,16523,0,10
2026-10-05T15:11:08.480240082Z,2.782034,116.515109,Cloud to Ground,17688,0,16
2026-10-05T15:11:08.628440740Z,2.780505,116.475451,Cloud to Ground,25175,0,16
2026-10-05T15:11:09.912859931Z,15.690048,121.93328,Cloud to Ground,-21290,0,10
2026-10-05T15:11:09.816521734Z,15.694538,121.949913,Cloud to Ground,-13631,0,10
2026-10-05T15:11:09.757187000Z,15.5028,122.007,Cloud to Ground,33156,0,6
2026-10-05T15:11:10.684100256Z,15.705298,121.915631,Cloud to Ground,-10695,0,7
2026-10-05T15:11:10.926921705Z,2.818269,117.561469,Cloud to Ground,16063,0,10
2026-10-05T15:11:11.033248280Z,2.852861,117.520532,Cloud to Ground,19396,0,13
2026-10-05T15:11:11.071072772Z,2.109686,114.199019,Cloud to Cloud,-13082,3044,15
2026-10-05T15:11:12.340821134Z,7.246306,111.422826,Cloud to Ground,-73307,0,20
2026-10-05T15:11:12.412744477Z,7.081544,111.39843,Cloud to Ground,-44979,0,8
2026-10-05T15:11:12.336348363Z,7.095987,111.382044,Cloud to Ground,-30110,0,8
2026-10-05T15:11:12.278680893Z,2.753878,116.868193,Cloud to Ground,27556,0,12
2026-10-05T15:11:12.245559858Z,2.140445,115.734307,Cloud to Ground,-15870,0,18
2026-10-05T15:11:13.857495485Z,21.496746,115.297935,Cloud to Ground,-26626,0,13
2026-10-05T15:11:15.485141899Z,22.726495,122.155036,Cloud to Cloud,4957,10249,6
2026-10-05T15:11:15.020682940Z,22.740168,122.115649,Cloud to Cloud,5853,17711,7
2026-10-05T15:11:15.046274147Z,22.740756,122.140513,Cloud to Cloud,7753,3952,10
2026-10-05T15:11:15.028613078Z,22.718572,122.158142,Cloud to Ground,14552,0,9
2026-10-05T15:11:18.318413000Z,10.1592,127.3932,Cloud to Ground,-32993,0,6
2026-10-05T15:11:19.691021000Z,6.9383,127.331,Cloud to Ground,-17414,0,6
2026-10-05T15:11:21.350694000Z,3.0539,116.9475,Cloud to Ground,-5477,0,6
2026-10-05T15:11:22.244475147Z,15.702783,120.998554,Cloud to Cloud,11162,5768,13
2026-10-05T15:11:22.351752420Z,15.639947,121.033533,Cloud to Ground,68658,0,8
2026-10-05T15:11:22.771251000Z,11.7973,125.8704,Cloud to Ground,-108829,0,12
2026-10-05T15:11:22.897845000Z,11.8564,125.8863,Cloud to Ground,15301,0,8
2026-10-05T15:11:23.192561942Z,11.798437,126.020911,Cloud to Ground,-7923,0,5
2026-10-05T15:11:23.414408000Z,12.9264,123.9874,Cloud to Ground,-46140,0,11
2026-10-05T15:11:25.142254000Z,11.9246,123.8619,Cloud to Ground,-25721,0,7
2026-10-05T15:11:25.490565870Z,11.855671,123.824369,Cloud to Ground,-23079,0,8
2026-10-05T15:11:25.202204889Z,11.854201,123.827003,Cloud to Ground,-16257,0,7
2026-10-05T15:11:25.349815000Z,11.9007,123.8834,Cloud to Ground,-13254,0,6
2026-10-05T15:11:25.718252700Z,10.252357,126.354646,Cloud to Ground,-29730,0,8
2026-10-05T15:11:25.653320423Z,10.247427,126.273561,Cloud to Ground,-20150,0,8
2026-10-05T15:11:29.783466204Z,2.138998,116.568533,Cloud to Ground,18755,0,12
2026-10-05T15:11:29.301732865Z,13.242332,122.325553,Cloud to Ground,-4621,0,6
2026-10-05T15:11:30.229592831Z,12.299358,122.773107,Cloud to Cloud,25313,7733,8
2026-10-05T15:11:30.255410676Z,12.450055,122.801133,Cloud to Cloud,4725,19288,5
2026-10-05T15:11:30.198555037Z,12.447613,122.778028,Cloud to Cloud,7575,19691,5
2026-10-05T15:11:31.409619002Z,4.462136,121.850941,Cloud to Ground,-17090,0,18
2026-10-05T15:11:31.633870442Z,4.38564,121.830785,Cloud to Ground,-16289,0,24
2026-10-05T15:11:31.591199000Z,20.7312,116.2382,Cloud to Ground,35673,0,7
2026-10-05T15:11:32.693516612Z,10.127994,127.258722,Cloud to Ground,-36117,0,16
2026-10-05T15:11:32.047227000Z,6.4927,119.5725,Cloud to Ground,-17010,0,7
2026-10-05T15:11:32.005324374Z,6.50568,119.606602,Cloud to Ground,-16348,0,16
2026-10-05T15:11:33.044422729Z,7.675444,130.482354,Cloud to Ground,-25502,0,17
2026-10-05T15:11:32.536346534Z,7.685789,130.512961,Cloud to Ground,-18792,0,14
2026-10-05T15:11:32.926986000Z,7.7467,130.562,Cloud to Ground,-17744,0,5
2026-10-05T15:11:33.558335818Z,13.238163,122.316512,Cloud to Cloud,-8173,4151,7
2026-10-05T15:11:33.293820000Z,2.9734,116.5709,Cloud to Ground,-12165,0,6
2026-10-05T15:11:34.756827000Z,7.5619,127.2783,Cloud to Ground,-10057,0,9
2026-10-05T15:11:35.360991539Z,5.81907,110.960016,Cloud to Ground,26857,0,14
2026-10-05T15:11:35.148076686Z,15.671104,121.922196,Cloud to Ground,-83581,0,9
2026-10-05T15:11:35.330775739Z,15.670862,121.936712,Cloud to Ground,-42732,0,12
2026-10-05T15:11:35.542522648Z,15.650122,121.955301,Cloud to Ground,-35526,0,12
2026-10-05T15:11:35.283145268Z,15.673818,121.935954,Cloud to Ground,-29519,0,6
2026-10-05T15:11:35.175435000Z,14.7611,120.7608,Cloud to Ground,-41508,0,10
2026-10-05T15:11:35.055907468Z,14.775673,120.845309,Cloud to Ground,-21630,0,9
2026-10-05T15:11:36.813012385Z,15.467487,120.405209,Cloud to Ground,-13725,0,7
2026-10-05T15:11:37.307429000Z,2.7255,116.4032,Cloud to Ground,19521,0,7
2026-10-05T15:11:38.787123142Z,19.965408,110.302838,Cloud to Cloud,14468,3011,7
2026-10-05T15:11:39.179071153Z,14.715985,120.947881,Cloud to Cloud,-22629,5757,10
2026-10-05T15:11:39.202135244Z,14.822141,120.894758,Cloud to Ground,-12840,0,10
2026-10-05T15:11:39.888892000Z,15.1972,120.6459,Cloud to Ground,-12606,0,11
2026-10-05T15:11:41.803665000Z,11.407,124.1886,Cloud to Ground,72120,0,10
2026-10-05T15:11:44.068966178Z,13.283282,122.334137,Cloud to Ground,-6199,0,6
2026-10-05T15:11:49.652723193Z,12.443657,122.78851,Cloud to Cloud,4020,17196,5
2026-10-05T15:11:49.116304182Z,13.153178,122.366117,Cloud to Cloud,7429,5076,7
2026-10-05T15:11:50.780052470Z,2.582986,113.115566,Cloud to Cloud,-23672,19598,16
2026-10-05T15:11:50.715915043Z,2.530064,113.120651,Cloud to Ground,37860,0,14
2026-10-05T15:11:50.632583242Z,2.562021,113.17425,Cloud to Ground,83811,0,33
2026-10-05T15:11:52.318830000Z,11.8408,123.7732,Cloud to Ground,-11920,0,5
2026-10-05T15:11:53.224913532Z,3.110962,117.715021,Cloud to Ground,14161,0,14
2026-10-05T15:11:54.721378368Z,10.037212,127.153186,Cloud to Cloud,13555,6477,12
2026-10-05T15:11:54.198873316Z,11.552243,123.672613,Cloud to Cloud,4322,19703,5
2026-10-05T15:11:56.854628313Z,2.764548,116.801458,Cloud to Ground,53480,0,26
2026-10-05T15:11:56.518937198Z,2.635691,114.51465,Cloud to Ground,16423,0,13
2026-10-05T15:11:56.568602046Z,17.614263,110.493011,Cloud to Ground,-20874,0,16
2026-10-05T15:11:56.435138787Z,17.433991,110.659921,Cloud to Cloud,-26642,3054,12
2026-10-05T15:11:56.421999637Z,17.441025,110.602115,Cloud to Ground,-16726,0,8
2026-10-05T15:11:56.522198169Z,17.425899,110.59837,Cloud to Ground,14963,0,7
2026-10-05T15:11:56.484028000Z,17.4809,110.5518,Cloud to Ground,44568,0,8
2026-10-05T15:11:57.808186208Z,2.732302,116.445153,Cloud to Ground,-13006,0,7
2026-10-05T15:11:57.830618076Z,2.72131,116.484698,Cloud to Ground,-10833,0,8
2026-10-05T15:11:59.901605332Z,10.010445,127.986523,Cloud to Ground,-52990,0,11
2026-10-05T15:11:59.727181928Z,10.745898,127.832103,Cloud to Ground,-66437,0,12
2026-10-05T15:11:59.590917000Z,10.7918,127.7908,Cloud to Ground,12624,0,10
2026-10-05T15:12:01.704022422Z,2.032261,116.623324,Cloud to Cloud,-11588,18534,13
2026-10-05T15:12:01.705510889Z,1.969532,116.599866,Cloud to Ground,32563,0,18
2026-10-05T15:12:01.597470415Z,1.964636,116.633574,Cloud to Ground,59008,0,21
2026-10-05T15:12:01.078580431Z,15.315676,119.77041,Cloud to Cloud,12468,4546,6
2026-10-05T15:12:03.264359798Z,8.231595,121.065909,Cloud to Ground,-51377,0,10
2026-10-05T15:12:03.310937618Z,8.246453,121.045956,Cloud to Ground,-40746,0,7
2026-10-05T15:12:03.295319287Z,8.232889,121.032785,Cloud to Ground,-22708,0,15
2026-10-05T15:12:03.331660970Z,8.244631,121.069416,Cloud to Ground,14958,0,12
2026-10-05T15:12:03.279351465Z,1.985204,115.703312,Cloud to Ground,17136,0,18
2026-10-05T15:12:03.993538717Z,11.551493,123.683125,Cloud to Ground,-19389,0,7
2026-10-05T15:12:03.194309000Z,12.4271,122.6165,Cloud to Ground,-35604,0,6
2026-10-05T15:12:04.102542285Z,9.976704,127.310623,Cloud to Ground,-25194,0,9
2026-10-05T15:12:03.645148219Z,9.97601,127.303122,Cloud to Ground,-23487,0,8
2026-10-05T15:12:04.058467000Z,11.5484,123.5792,Cloud to Ground,-16697,0,5
2026-10-05T15:12:05.912390561Z,15.6676,121.913266,Cloud to Ground,-100840,0,16
2026-10-05T15:12:06.604928145Z,15.715367,121.924172,Cloud to Ground,-31160,0,10
2026-10-05T15:12:06.003929262Z,15.680166,121.93144,Cloud to Ground,-12325,0,8
2026-10-05T15:12:06.397903940Z,15.714442,121.924356,Cloud to Ground,-11180,0,6
2026-10-05T15:12:05.922473013Z,15.655928,121.907436,Cloud to Cloud,6543,5722,8
2026-10-05T15:12:05.945817000Z,15.7502,122.1446,Cloud to Ground,28303,0,6
2026-10-05T15:12:05.982282000Z,15.8255,122.0544,Cloud to Ground,20719,0,5
2026-10-05T15:12:06.362209000Z,15.7883,122.0282,Cloud to Ground,59201,0,5
2026-10-05T15:12:07.112904113Z,6.140094,119.274966,Cloud to Ground,417579,0,18
2026-10-05T15:12:07.111261738Z,5.847444,118.934566,Cloud to Ground,-66948,0,20
2026-10-05T15:12:08.569995863Z,15.458118,120.416584,Cloud to Ground,-15790,0,7
2026-10-05T15:12:09.996335478Z,10.486384,129.369702,Cloud to Ground,-57464,0,20
2026-10-05T15:12:09.498979681Z,10.509123,129.507929,Cloud to Ground,12488,0,12
2026-10-05T15:12:09.099200829Z,11.502529,123.801527,Cloud to Ground,-43011,0,7
2026-10-05T15:12:13.136920915Z,2.103297,116.660405,Cloud to Ground,9132,0,9
2026-10-05T15:12:12.911973927Z,2.131301,116.645422,Cloud to Ground,22294,0,18
2026-10-05T15:12:12.386478721Z,15.900766,119.578795,Cloud to Ground,-39345,0,8
2026-10-05T15:12:12.545395257Z,15.879547,119.573995,Cloud to Ground,-31137,0,10
2026-10-05T15:12:12.596338012Z,15.877206,119.563211,Cloud to Ground,-10844,0,8
2026-10-05T15:12:12.962248592Z,14.696743,120.884504,Cloud to Ground,11104,0,7
2026-10-05T15:12:13.869880365Z,21.943736,121.222641,Cloud to Cloud,4367,12715,7
2026-10-05T15:12:13.425013149Z,10.001982,127.391979,Cloud to Ground,-15087,0,6
2026-10-05T15:12:14.958644736Z,8.547356,128.100916,Cloud to Ground,-27124,0,24
2026-10-05T15:12:14.971923859Z,8.556703,128.127278,Cloud to Ground,-18019,0,19
2026-10-05T15:12:14.866333000Z,8.4742,128.104,Cloud to Ground,722,0,7
2026-10-05T15:12:14.926220243Z,8.482361,128.261971,Cloud to Ground,-20117,0,7
2026-10-05T15:12:14.816597848Z,2.915152,116.99022,Cloud to Ground,14791,0,10
2026-10-05T15:12:15.078761659Z,2.966824,117.060796,Cloud to Ground,69175,0,29
2026-10-05T15:12:15.059371000Z,11.9012,125.9299,Cloud to Ground,-13011,0,5
2026-10-05T15:12:16.023141414Z,2.524108,113.24222,Cloud to Ground,96741,0,19
2026-10-05T15:12:16.596282000Z,6.8602,127.2258,Cloud to Ground,-14757,0,10
2026-10-05T15:12:17.605918131Z,4.404306,121.860307,Cloud to Ground,14933,0,10
2026-10-05T15:12:17.604956347Z,4.387958,121.867272,Cloud to Ground,19861,0,8
2026-10-05T15:12:21.604954006Z,2.270365,116.519178,Cloud to Ground,24685,0,18
2026-10-05T15:12:21.410995949Z,17.203021,110.501497,Cloud to Ground,-23583,0,11
2026-10-05T15:12:21.901771906Z,17.205966,110.45238,Cloud to Ground,15258,0,7
2026-10-05T15:12:23.957214101Z,17.436517,110.537775,Cloud to Ground,14842,0,9
2026-10-05T15:12:23.891114265Z,17.426233,110.57727,Cloud to Ground,15360,0,7
2026-10-05T15:12:23.925821460Z,17.435733,110.52435,Cloud to Ground,19522,0,10
2026-10-05T15:12:23.766750577Z,17.431806,110.486767,Cloud to Ground,30733,0,9
2026-10-05T15:12:23.820724110Z,17.448568,110.518042,Cloud to Ground,51756,0,12
2026-10-05T15:12:23.508732794Z,17.449718,110.541613,Cloud to Ground,68292,0,8
2026-10-05T15:12:24.718300632Z,9.874349,127.335234,Cloud to Cloud,-21570,4093,10
2026-10-05T15:12:24.863800869Z,9.984227,127.27566,Cloud to Ground,-29067,0,7
2026-10-05T15:12:25.309125370Z,9.98916,127.262886,Cloud to Ground,-23499,0,8
2026-10-05T15:12:24.143799000Z,6.8443,127.3209,Cloud to Ground,-20776,0,9
2026-10-05T15:12:28.419112278Z,8.190885,128.449211,Cloud to Ground,-47324,0,13
2026-10-05T15:12:28.458422269Z,8.189117,128.441942,Cloud to Ground,-40852,0,13
2026-10-05T15:12:28.732939229Z,8.184347,128.429973,Cloud to Ground,35191,0,12
2026-10-05T15:12:28.708995217Z,6.876152,127.293544,Cloud to Cloud,9190,19321,7
2026-10-05T15:12:29.329230357Z,22.324545,121.984184,Cloud to Ground,19874,0,8
2026-10-05T15:12:29.733253000Z,14.7008,121.0983,Cloud to Ground,-21079,0,6
2026-10-05T15:12:30.918097179Z,6.943838,127.39202,Cloud to Ground,-19930,0,14
2026-10-05T15:12:30.965878000Z,6.825,127.347,Cloud to Ground,-8625,0,5
2026-10-05T15:12:30.548440828Z,11.560009,123.68598,Cloud to Cloud,4815,19724,5
2026-10-05T15:12:31.571463295Z,20.682676,116.071124,Cloud to Ground,-57677,0,8
2026-10-05T15:12:31.202470000Z,20.7652,116.3844,Cloud to Ground,-16894,0,7
2026-10-05T15:12:32.689063949Z,2.927315,117.624799,Cloud to Ground,-24786,0,30
2026-10-05T15:12:32.248127366Z,10.063145,127.078884,Cloud to Ground,-30725,0,11
2026-10-05T15:12:32.093388174Z,10.063621,127.055022,Cloud to Ground,-26758,0,9
2026-10-05T15:12:32.012270000Z,10.0419,127.0541,Cloud to Ground,-25946,0,6
2026-10-05T15:12:34.779808000Z,10.0172,127.2431,Cloud to Ground,-17744,0,6
2026-10-05T15:12:35.830480792Z,2.022871,117.419408,Cloud to Ground,58541,0,26
2026-10-05T15:12:37.728567609Z,15.645195,121.944176,Cloud to Ground,-71186,0,15
2026-10-05T15:12:37.581342522Z,15.644255,121.942667,Cloud to Ground,-39258,0,12
2026-10-05T15:12:37.625247129Z,15.781685,122.048801,Cloud to Cloud,16206,3026,8
2026-10-05T15:12:39.755062686Z,1.720242,115.454465,Cloud to Ground,17496,0,16
2026-10-05T15:12:39.753703049Z,1.712327,115.407199,Cloud to Ground,23757,0,10
2026-10-05T15:12:41.562461222Z,5.806391,110.967507,Cloud to Ground,-25024,0,16
2026-10-05T15:12:41.563135727Z,5.803292,111.011368,Cloud to Ground,-23967,0,16
2026-10-05T15:12:41.583207000Z,5.7939,110.9648,Cloud to Ground,37651,0,5
2026-10-05T15:12:41.415481161Z,15.280576,121.223548,Cloud to Ground,-13059,0,8
2026-10-05T15:12:41.470269216Z,15.28769,121.239341,Cloud to Ground,-10702,0,9
2026-10-05T15:12:41.510580496Z,15.288466,121.239259,Cloud to Ground,-10504,0,9
2026-10-05T15:12:41.305359468Z,10.007841,127.981829,Cloud to Ground,-50586,0,7
2026-10-05T15:12:41.338547262Z,10.012763,127.935675,Cloud to Ground,-30504,0,6
2026-10-05T15:12:41.546861041Z,12.591755,122.697674,Cloud to Cloud,6809,4893,8
2026-10-05T15:12:43.362828292Z,12.481658,122.894446,Cloud to Ground,-35317,0,8
2026-10-05T15:12:43.282644152Z,12.479885,122.889109,Cloud to Ground,-31434,0,10
2026-10-05T15:12:43.234854000Z,12.349,122.6908,Cloud to Ground,-20811,0,5
2026-10-05T15:12:43.781530000Z,6.8595,127.3376,Cloud to Ground,-11621,0,5
2026-10-05T15:12:44.112167219Z,2.7004,116.976449,Cloud to Ground,-11045,0,25
2026-10-05T15:12:44.339047000Z,6.8027,127.2498,Cloud to Ground,-10388,0,5
2026-10-05T15:12:48.267382661Z,13.166042,122.373371,Cloud to Cloud,-19081,4339,7
2026-10-05T15:12:48.313784953Z,13.265314,122.348352,Cloud to Ground,-32542,0,7
2026-10-05T15:12:48.394323798Z,13.259953,122.343947,Cloud to Ground,-7627,0,6
2026-10-05T15:12:48.894524473Z,17.476318,110.621398,Cloud to Ground,-27271,0,10
2026-10-05T15:12:48.958721453Z,17.465081,110.542618,Cloud to Ground,19529,0,10
2026-10-05T15:12:50.371295169Z,13.161858,122.351662,Cloud to Cloud,12598,5808,8
2026-10-05T15:12:50.617224000Z,10.128,127.6636,Cloud to Ground,-18023,0,7
2026-10-05T15:12:51.398661995Z,2.823149,117.544042,Cloud to Ground,-27484,0,12
2026-10-05T15:12:51.431332854Z,2.819038,117.449056,Cloud to Cloud,-9492,17276,13
2026-10-05T15:12:51.532545773Z,2.822286,117.544701,Cloud to Ground,17570,0,10
2026-10-05T15:12:51.589368104Z,2.820886,117.517121,Cloud to Ground,18512,0,12
2026-10-05T15:12:51.413014950Z,2.829795,117.55575,Cloud to Ground,56845,0,24
2026-10-05T15:12:52.096160087Z,2.775686,116.984727,Cloud to Ground,17612,0,16
2026-10-05T15:12:53.736090408Z,6.803219,127.300937,Cloud to Ground,-19954,0,14
2026-10-05T15:12:53.439941000Z,6.8304,127.2964,Cloud to Ground,-12848,0,7
2026-10-05T15:12:53.935832266Z,2.67386,113.117564,Cloud to Cloud,-28061,9256,25
2026-10-05T15:12:53.956111330Z,2.562618,113.097757,Cloud to Ground,-17658,0,13
2026-10-05T15:12:53.499591607Z,15.668655,121.933767,Cloud to Ground,-57905,0,12
2026-10-05T15:12:54.628758136Z,2.059698,116.570373,Cloud to Ground,18268,0,15
2026-10-05T15:12:54.617336884Z,10.098944,127.276903,Cloud to Ground,-19472,0,21
2026-10-05T15:12:55.242335990Z,2.781972,116.460793,Cloud to Ground,-18426,0,14
2026-10-05T15:12:55.990266966Z,14.321568,121.212899,Cloud to Ground,-18783,0,10
2026-10-05T15:12:57.259804760Z,9.99148,127.277167,Cloud to Ground,-36226,0,21
2026-10-05T15:12:57.969144789Z,10.089311,127.200959,Cloud to Ground,-15065,0,11
2026-10-05T15:12:57.374464000Z,9.9772,127.1857,Cloud to Ground,-24362,0,14
2026-10-05T15:12:57.694286000Z,9.9602,127.1695,Cloud to Ground,-16541,0,6
2026-10-05T15:12:59.480544659Z,2.938147,117.654509,Cloud to Ground,13274,0,12
2026-10-05T15:12:59.357953173Z,2.938312,117.613484,Cloud to Ground,36419,0,13
2026-10-05T15:13:00.239632054Z,6.223444,126.394883,Cloud to Cloud,11709,5647,7
2026-10-05T15:13:00.805767880Z,4.382747,121.862236,Cloud to Ground,9569,0,9
2026-10-05T15:13:00.809130646Z,4.385615,121.856084,Cloud to Ground,17147,0,9
2026-10-05T15:13:00.807396882Z,4.387122,121.855976,Cloud to Ground,20208,0,17
2026-10-05T15:13:02.519008658Z,11.433756,123.683596,Cloud to Ground,-50292,0,8
2026-10-05T15:13:02.614717000Z,11.4556,123.5525,Cloud to Ground,-35406,0,7
2026-10-05T15:13:03.103217820Z,9.943943,128.996784,Cloud to Ground,-39096,0,13
2026-10-05T15:13:03.184233000Z,9.9204,128.8311,Cloud to Ground,328,0,9
2026-10-05T15:13:03.665975574Z,6.62342,119.785183,Cloud to Ground,-37415,0,12
2026-10-05T15:13:03.706085358Z,6.521535,119.406375,Cloud to Ground,32685,0,22
2026-10-05T15:13:03.986381172Z,15.447364,120.444434,Cloud to Ground,-53600,0,7
2026-10-05T15:13:04.181950401Z,15.4485,120.433397,Cloud to Ground,-29313,0,9
2026-10-05T15:13:04.569409679Z,15.92801,119.617571,Cloud to Ground,-15058,0,10
2026-10-05T15:13:04.994835421Z,15.928819,119.616648,Cloud to Ground,-7169,0,6
2026-10-05T15:13:05.196925179Z,15.940695,119.655768,Cloud to Ground,14543,0,13
2026-10-05T15:13:04.639607000Z,16.0785,119.7587,Cloud to Ground,36660,0,9
2026-10-05T15:13:04.084764928Z,15.471956,120.558061,Cloud to Ground,-24298,0,15
2026-10-05T15:13:04.046171000Z,15.5639,120.6297,Cloud to Ground,41926,0,5
2026-10-05T15:13:04.952918000Z,10.4691,122.6492,Cloud to Ground,-41219,0,5
2026-10-05T15:13:04.526053000Z,10.4431,122.5523,Cloud to Ground,-19412,0,9
2026-10-05T15:13:06.080857718Z,13.158414,122.350025,Cloud to Cloud,14685,3082,8
2026-10-05T15:13:07.339443241Z,8.260525,121.152958,Cloud to Cloud,-26622,19028,12
2026-10-05T15:13:07.083874735Z,15.95263,119.627397,Cloud to Cloud,-18855,9717,13
2026-10-05T15:13:08.458456124Z,13.218208,122.42111,Cloud to Ground,-9608,0,7
2026-10-05T15:13:10.999333413Z,11.839318,123.84095,Cloud to Cloud,6991,7813,5
2026-10-05T15:13:11.870087984Z,10.020705,127.675732,Cloud to Ground,-14680,0,14
2026-10-05T15:13:11.969709142Z,11.215363,124.426221,Cloud to Ground,-24805,0,8
2026-10-05T15:13:13.742418606Z,7.137057,111.013123,Cloud to Cloud,-30469,3811,21
2026-10-05T15:13:13.988824000Z,22.8273,122.2635,Cloud to Ground,-74897,0,11
2026-10-05T15:13:14.036088540Z,22.785024,122.359947,Cloud to Cloud,-6177,19603,6
2026-10-05T15:13:13.996387029Z,22.78375,122.320664,Cloud to Cloud,3601,12766,8
2026-10-05T15:13:13.987453281Z,22.77478,122.314226,Cloud to Cloud,5655,8204,7
2026-10-05T15:13:13.995125202Z,22.779398,122.31637,Cloud to Cloud,6546,4981,8
2026-10-05T15:13:13.396625353Z,13.148261,122.441621,Cloud to Cloud,3249,5622,7
2026-10-05T15:13:14.427922958Z,6.837055,127.08101,Cloud to Ground,-18480,0,13
2026-10-05T15:13:14.838809279Z,6.788154,127.213503,Cloud to Ground,-49091,0,24
2026-10-05T15:13:14.788251389Z,22.696436,122.046453,Cloud to Cloud,-7102,13712,7
2026-10-05T15:13:14.690706338Z,22.742861,122.171095,Cloud to Cloud,-12332,3295,8
2026-10-05T15:13:14.682542760Z,22.809358,122.165905,Cloud to Cloud,6941,3511,7
2026-10-05T15:13:14.708385326Z,22.798418,122.191663,Cloud to Cloud,7397,10201,8
2026-10-05T15:13:14.671562715Z,22.800201,122.128438,Cloud to Ground,13054,0,9
2026-10-05T15:13:14.904790377Z,15.783142,119.656954,Cloud to Ground,-29147,0,15
2026-10-05T15:13:14.903443974Z,15.686637,119.734111,Cloud to Cloud,45762,9148,11
2026-10-05T15:13:15.414769345Z,2.507215,113.293435,Cloud to Ground,15463,0,12
2026-10-05T15:13:15.080861427Z,15.658767,121.950611,Cloud to Ground,-15200,0,8
2026-10-05T15:13:15.382455251Z,15.672885,121.93039,Cloud to Cloud,6174,12658,6
2026-10-05T15:13:15.068870898Z,15.682783,121.935286,Cloud to Ground,41648,0,12
2026-10-05T15:13:15.641944416Z,12.433982,122.790176,Cloud to Cloud,15475,4325,6
2026-10-05T15:13:16.176025000Z,12.3429,122.8031,Cloud to Ground,12532,0,5
2026-10-05T15:13:18.766706108Z,2.692534,116.926654,Cloud to Ground,15345,0,7
2026-10-05T15:13:18.913490255Z,14.287447,121.121748,Cloud to Cloud,-8418,19316,13
2026-10-05T15:13:19.318018000Z,8.5691,128.1082,Cloud to Ground,2367,0,5
2026-10-05T15:13:19.331823000Z,8.6003,128.1709,Cloud to Ground,9107,0,7
2026-10-05T15:13:19.811906000Z,9.9988,127.2666,Cloud to Ground,-23821,0,6
2026-10-05T15:13:20.212994695Z,2.032316,117.406446,Cloud to Ground,23871,0,19
2026-10-05T15:13:20.222247000Z,9.8558,127.2115,Cloud to Ground,-42306,0,5
2026-10-05T15:13:20.583173000Z,10.8173,127.9566,Cloud to Ground,10765,0,5
2026-10-05T15:13:21.266545177Z,8.212681,128.331336,Cloud to Ground,19824,0,8
2026-10-05T15:13:21.213940000Z,8.2427,128.4659,Cloud to Ground,-6834,0,6
2026-10-05T15:13:21.452634479Z,11.569348,123.743138,Cloud to Cloud,-22259,6712,12
2026-10-05T15:13:22.891648377Z,11.41975,123.759201,Cloud to Cloud,12289,18997,6
2026-10-05T15:13:22.073592000Z,6.8409,127.0988,Cloud to Ground,32141,0,5
2026-10-05T15:13:23.255087644Z,21.873717,120.160033,Cloud to Cloud,2740,4861,6
2026-10-05T15:13:23.316687696Z,21.90667,120.175455,Cloud to Cloud,5969,17217,8
2026-10-05T15:13:23.257834505Z,21.873442,120.161742,Cloud to Cloud,6499,12227,7
2026-10-05T15:13:23.266573323Z,21.872376,120.156181,Cloud to Cloud,6656,3308,6
2026-10-05T15:13:24.889694100Z,17.462471,110.530166,Cloud to Cloud,-22262,7134,7
2026-10-05T15:13:24.931428030Z,17.436533,110.578157,Cloud to Ground,-21156,0,7
2026-10-05T15:13:24.952457506Z,17.447805,110.471418,Cloud to Ground,54972,0,8
2026-10-05T15:13:24.902060788Z,17.463818,110.531716,Cloud to Ground,115172,0,14
2026-10-05T15:13:25.973692790Z,5.711892,123.599638,Cloud to Ground,-52503,0,9
2026-10-05T15:13:26.011455868Z,5.681271,123.533385,Cloud to Ground,-30899,0,20
2026-10-05T15:13:25.685185839Z,13.247843,122.32486,Cloud to Cloud,5034,3964,5
2026-10-05T15:13:25.621916581Z,15.889905,119.634031,Cloud to Ground,-5367,0,9
2026-10-05T15:13:26.422964780Z,5.685477,123.802873,Cloud to Ground,-51974,0,10
2026-10-05T15:13:26.273981307Z,5.634722,123.777875,Cloud to Ground,-30095,0,8
2026-10-05T15:13:26.441381253Z,5.582016,123.685393,Cloud to Cloud,-13787,3242,14
2026-10-05T15:13:27.590016734Z,15.7293,122.025903,Cloud to Ground,-13576,0,10
2026-10-05T15:13:27.706168972Z,15.662121,121.92622,Cloud to Ground,-14511,0,10
2026-10-05T15:13:28.783506340Z,10.014687,127.403114,Cloud to Ground,-28052,0,7
2026-10-05T15:13:28.888308805Z,10.021411,127.402124,Cloud to Ground,-24448,0,6
2026-10-05T15:13:28.423216000Z,14.569,120.9891,Cloud to Ground,-13580,0,6
2026-10-05T15:13:29.710389870Z,9.928331,128.828646,Cloud to Ground,-71537,0,10
2026-10-05T15:13:29.722506731Z,9.910055,128.8331,Cloud to Cloud,-11526,3604,11
2026-10-05T15:13:29.732287052Z,4.345897,122.754569,Cloud to Ground,-30192,0,23
2026-10-05T15:13:30.465455347Z,1.899233,115.750202,Cloud to Cloud,-14023,6033,18
2026-10-05T15:13:30.154098850Z,1.962501,115.739811,Cloud to Ground,15195,0,13
2026-10-05T15:13:30.047988133Z,1.976085,115.68361,Cloud to Ground,15915,0,16
2026-10-05T15:13:30.464965248Z,1.962603,115.718207,Cloud to Ground,17923,0,15
2026-10-05T15:13:30.090269343Z,1.978061,115.685984,Cloud to Ground,21167,0,17
2026-10-05T15:13:30.018135096Z,1.964658,115.711688,Cloud to Ground,26038,0,23
2026-10-05T15:13:30.274110579Z,1.964489,115.719877,Cloud to Ground,61341,0,17
2026-10-05T15:13:31.548290778Z,6.954596,110.44987,Cloud to Cloud,-15369,6887,14
2026-10-05T15:13:31.250277726Z,6.839321,110.589109,Cloud to Cloud,-15769,12658,8
2026-10-05T15:13:31.244232104Z,6.851715,110.556412,Cloud to Ground,38736,0,10
2026-10-05T15:13:33.380475135Z,2.125547,116.562891,Cloud to Ground,-20272,0,11
2026-10-05T15:13:33.541876000Z,7.6931,130.3357,Cloud to Ground,-12109,0,6
2026-10-05T15:13:33.224734000Z,7.6577,130.2841,Cloud to Ground,-1067,0,7
2026-10-05T15:13:33.228211250Z,7.707499,130.219966,Cloud to Ground,18136,0,9
2026-10-05T15:13:33.820027214Z,12.805505,122.600392,Cloud to Ground,-7622,0,6
2026-10-05T15:13:34.433947157Z,12.80507,122.600971,Cloud to Ground,-7542,0,6
2026-10-05T15:13:33.243873806Z,21.948247,121.225225,Cloud to Cloud,-5005,15621,8
2026-10-05T15:13:32.978918318Z,21.960355,121.230214,Cloud to Cloud,-3827,19606,7
2026-10-05T15:13:32.819348060Z,21.936432,121.217276,Cloud to Cloud,2824,14359,6
2026-10-05T15:13:34.545808226Z,2.721108,116.524847,Cloud to Ground,11540,0,8
2026-10-05T15:13:34.544238215Z,2.737386,116.530938,Cloud to Ground,34876,0,25
2026-10-05T15:13:34.506144837Z,13.290922,122.45459,Cloud to Ground,-42614,0,10
2026-10-05T15:13:34.650478000Z,13.3283,122.3135,Cloud to Ground,-19567,0,8
2026-10-05T15:13:34.665426823Z,13.257974,122.334284,Cloud to Ground,-10472,0,8
2026-10-05T15:13:35.262872761Z,7.476713,127.367243,Cloud to Cloud,16204,19245,15
2026-10-05T15:13:35.258982454Z,21.368692,115.343448,Cloud to Ground,-30772,0,7
2026-10-05T15:13:35.495021180Z,21.416865,115.393298,Cloud to Ground,-8586,0,6
2026-10-05T15:13:35.003288000Z,10.8261,127.8373,Cloud to Ground,-19809,0,7
2026-10-05T15:13:35.088867256Z,10.829307,127.831898,Cloud to Ground,-19465,0,11
2026-10-05T15:13:36.707501000Z,7.5477,120.5319,Cloud to Ground,-150678,0,5
2026-10-05T15:13:36.792657385Z,7.507986,120.485497,Cloud to Ground,-57656,0,22
2026-10-05T15:13:36.337754698Z,10.003152,127.138234,Cloud to Cloud,9482,4613,8
2026-10-05T15:13:37.902345154Z,6.220009,126.198404,Cloud to Cloud,20390,3011,11
2026-10-05T15:13:37.826059000Z,16.1254,119.944,Cloud to Ground,24852,0,5
2026-10-05T15:13:38.329880000Z,12.493,122.7258,Cloud to Ground,-24903,0,8
2026-10-05T15:13:38.516223000Z,12.4282,122.803,Cloud to Ground,-44067,0,5
2026-10-05T15:13:38.265828394Z,12.450974,122.825087,Cloud to Ground,-34100,0,7
2026-10-05T15:13:38.393267553Z,12.417504,122.823495,Cloud to Ground,-20141,0,8
2026-10-05T15:13:38.608633246Z,12.419314,122.824044,Cloud to Ground,-9874,0,6
2026-10-05T15:13:38.059333324Z,15.857418,119.659565,Cloud to Ground,-51499,0,9
2026-10-05T15:13:37.884539242Z,15.925475,119.689466,Cloud to Ground,-23048,0,12
2026-10-05T15:13:39.841383687Z,9.993886,127.7094,Cloud to Ground,-12352,0,10
2026-10-05T15:13:39.638174790Z,9.986662,127.963883,Cloud to Ground,-22279,0,7
2026-10-05T15:13:39.590809044Z,10.106941,127.917544,Cloud to Ground,-39458,0,30
2026-10-05T15:13:39.684813903Z,10.101818,127.98123,Cloud to Ground,-34542,0,18
2026-10-05T15:13:39.909057683Z,14.147783,121.19718,Cloud to Ground,-21951,0,9
2026-10-05T15:13:40.067126000Z,14.0139,121.0163,Cloud to Ground,-32592,0,7
2026-10-05T15:13:43.525184625Z,11.567753,123.682185,Cloud to Cloud,4083,19872,5
2026-10-05T15:13:45.505269824Z,4.481865,122.079608,Cloud to Ground,-13381,0,12
2026-10-05T15:13:45.486208748Z,4.381456,122.233412,Cloud to Ground,-53771,0,14
2026-10-05T15:13:45.552283167Z,4.365788,122.047905,Cloud to Ground,-18200,0,22
2026-10-05T15:13:46.780520642Z,22.785058,122.339404,Cloud to Cloud,-4140,19235,6
2026-10-05T15:13:46.576918229Z,22.777819,122.305055,Cloud to Cloud,4297,3082,7
2026-10-05T15:13:46.811495528Z,22.758089,122.316024,Cloud to Cloud,6303,3046,9
2026-10-05T15:13:46.243622654Z,22.73445,122.310558,Cloud to Cloud,9574,16053,9
2026-10-05T15:13:46.924479425Z,10.075487,127.924233,Cloud to Ground,14491,0,11
2026-10-05T15:13:47.639187725Z,6.807174,127.302035,Cloud to Ground,-23065,0,18
2026-10-05T15:13:47.646065921Z,10.147601,127.581104,Cloud to Ground,-12733,0,18
2026-10-05T15:13:47.397873223Z,10.0316,127.627747,Cloud to Ground,-23835,0,6
2026-10-05T15:13:47.288821000Z,10.1006,127.7017,Cloud to Ground,19463,0,6
2026-10-05T15:13:47.875169528Z,11.427157,123.683029,Cloud to Ground,-36155,0,12
2026-10-05T15:13:47.553038000Z,6.7137,127.2088,Cloud to Ground,5739,0,5
2026-10-05T15:13:48.196442000Z,11.6872,123.7331,Cloud to Ground,-15307,0,5
2026-10-05T15:13:48.283945000Z,11.4499,123.5705,Cloud to Ground,-40040,0,5
2026-10-05T15:13:49.436064072Z,9.956995,127.071895,Cloud to Ground,-28295,0,20
2026-10-05T15:13:49.232421249Z,2.880219,117.479707,Cloud to Ground,9363,0,7
2026-10-05T15:13:51.512042522Z,15.822986,119.661048,Cloud to Cloud,8087,7534,7
2026-10-05T15:13:52.278837177Z,8.158211,128.630196,Cloud to Ground,-29807,0,13
2026-10-05T15:13:52.462243241Z,8.001396,128.554195,Cloud to Ground,-15209,0,15
2026-10-05T15:13:52.408916473Z,8.034614,128.643328,Cloud to Ground,-18311,0,17
2026-10-05T15:13:52.374075000Z,8.0435,128.7133,Cloud to Ground,-8272,0,9
2026-10-05T15:13:52.953241135Z,10.047941,127.218092,Cloud to Ground,15733,0,8
2026-10-05T15:13:52.054415650Z,17.430464,110.616657,Cloud to Ground,-20989,0,8
2026-10-05T15:13:52.128016081Z,17.439713,110.583409,Cloud to Ground,-20072,0,10
2026-10-05T15:13:52.076310274Z,17.425257,110.548985,Cloud to Ground,79931,0,12
2026-10-05T15:13:52.199486000Z,17.4255,110.4212,Cloud to Ground,73884,0,5
2026-10-05T15:13:53.976216462Z,3.02885,116.969385,Cloud to Cloud,-16836,7673,28
2026-10-05T15:13:54.559524380Z,15.735549,120.930043,Cloud to Ground,19739,0,9
2026-10-05T15:13:56.890521000Z,10.8242,127.7769,Cloud to Ground,-21469,0,9
2026-10-05T15:13:59.675080156Z,2.711094,116.962797,Cloud to Cloud,9958,7267,10
2026-10-05T15:13:59.985245899Z,20.588633,116.174767,Cloud to Ground,-45771,0,7
2026-10-05T15:13:59.668309332Z,20.646979,116.23826,Cloud to Ground,-37102,0,15
2026-10-05T15:13:59.742544959Z,20.635171,116.227201,Cloud to Ground,-29367,0,9
2026-10-05T15:13:59.908683000Z,20.713,116.0609,Cloud to Ground,-12604,0,5
2026-10-05T15:13:59.780900000Z,20.7531,116.1996,Cloud to Ground,-8072,0,5
2026-10-05T15:13:59.670261000Z,20.6884,116.1432,Cloud to Ground,21428,0,5
2026-10-05T15:14:00.988382077Z,2.031601,117.401381,Cloud to Ground,19483,0,12
2026-10-05T15:14:00.445019139Z,3.002662,117.62524,Cloud to Ground,-16805,0,13
2026-10-05T15:14:00.364354393Z,2.970096,117.639113,Cloud to Ground,13580,0,14
2026-10-05T15:14:00.311002429Z,2.944608,117.59053,Cloud to Ground,42460,0,15
2026-10-05T15:14:00.302168295Z,13.285735,122.442124,Cloud to Ground,-53413,0,7
2026-10-05T15:14:01.118444816Z,2.274657,116.488071,Cloud to Ground,26874,0,22
2026-10-05T15:14:02.217856652Z,1.683342,115.401217,Cloud to Ground,-14391,0,11
2026-10-05T15:14:02.787467305Z,11.242864,124.460633,Cloud to Cloud,-4839,18644,5
2026-10-05T15:14:04.295834362Z,5.660556,123.544331,Cloud to Ground,-12800,0,16
2026-10-05T15:14:04.171939000Z,7.6662,130.3936,Cloud to Ground,-9946,0,6
2026-10-05T15:14:04.616077000Z,15.627,121.8909,Cloud to Ground,-67680,0,9
2026-10-05T15:14:05.098974671Z,6.775372,127.263165,Cloud to Ground,-39598,0,25
2026-10-05T15:14:05.200505000Z,6.8389,127.4093,Cloud to Ground,-7879,0,6
2026-10-05T15:14:05.784950643Z,6.514865,133.074937,Cloud to Cloud,9422,5419,6
2026-10-05T15:14:05.594448003Z,15.648026,121.92185,Cloud to Ground,-32713,0,12
2026-10-05T15:14:05.445369781Z,15.657276,121.924657,Cloud to Ground,-23394,0,8
2026-10-05T15:14:06.076580906Z,15.63682,121.91671,Cloud to Ground,-20316,0,7
2026-10-05T15:14:05.493013000Z,15.6837,121.8708,Cloud to Ground,-13630,0,5
2026-10-05T15:14:05.392827845Z,15.770396,121.827654,Cloud to Ground,-21125,0,9
2026-10-05T15:14:06.034948502Z,8.146368,128.422431,Cloud to Ground,-40093,0,14
2026-10-05T15:14:06.081585466Z,8.14779,128.398228,Cloud to Ground,-30874,0,10
2026-10-05T15:14:06.178060682Z,8.127667,128.192052,Cloud to Ground,-14487,0,18
2026-10-05T15:14:06.230408000Z,8.1449,128.252,Cloud to Ground,21475,0,6
2026-10-05T15:14:06.230700480Z,12.451833,122.788609,Cloud to Ground,-18754,0,8
2026-10-05T15:14:06.871072899Z,12.436092,122.766838,Cloud to Ground,-9627,0,6
2026-10-05T15:14:06.444786927Z,22.321005,121.987757,Cloud to Cloud,6776,4225,8
2026-10-05T15:14:06.332495938Z,22.33944,121.969511,Cloud to Ground,16462,0,7
2026-10-05T15:14:07.969723260Z,9.965538,127.253898,Cloud to Ground,-19435,0,16
2026-10-05T15:14:07.932830877Z,10.101095,127.210048,Cloud to Ground,-18046,0,23
2026-10-05T15:14:08.067894960Z,10.170422,127.264587,Cloud to Ground,-17294,0,12
2026-10-05T15:14:08.864369210Z,8.266301,121.150656,Cloud to Ground,-25531,0,12
2026-10-05T15:14:08.819729000Z,8.2673,120.9051,Cloud to Ground,-35223,0,7
2026-10-05T15:14:08.797015812Z,9.993499,127.231072,Cloud to Ground,-23491,0,8
2026-10-05T15:14:09.965656303Z,2.590386,113.108398,Cloud to Ground,16378,0,7
2026-10-05T15:14:10.100883852Z,14.713352,120.887015,Cloud to Cloud,28242,3359,8
2026-10-05T15:14:12.152562586Z,15.301657,119.730753,Cloud to Cloud,19147,3009,10
2026-10-05T15:14:13.978138446Z,15.458202,120.433721,Cloud to Cloud,-7682,19884,12
2026-10-05T15:14:14.915490746Z,15.926706,119.606,Cloud to Cloud,8125,3072,9
2026-10-05T15:14:15.989914370Z,6.825025,127.306624,Cloud to Ground,-15053,0,9
2026-10-05T15:14:17.729458951Z,10.049743,127.979239,Cloud to Ground,18595,0,7
2026-10-05T15:14:19.816724621Z,1.970975,115.755685,Cloud to Cloud,11526,3290,6
2026-10-05T15:14:19.625074998Z,13.255194,122.332265,Cloud to Ground,-12663,0,7
2026-10-05T15:14:20.859078855Z,6.876798,127.204219,Cloud to Ground,28177,0,8
2026-10-05T15:14:20.756872035Z,15.972583,119.628049,Cloud to Cloud,16037,3913,6
2026-10-05T15:14:21.132237556Z,2.711473,117.024247,Cloud to Ground,17989,0,12
2026-10-05T15:14:23.033413161Z,2.660069,116.411415,Cloud to Ground,-9853,0,13
2026-10-05T15:14:23.351968025Z,22.828526,121.925732,Cloud to Cloud,3316,13368,7
2026-10-05T15:14:24.049797475Z,2.758876,116.060973,Cloud to Ground,-49620,0,16
2026-10-05T15:14:24.902529358Z,6.796306,127.234663,Cloud to Ground,-39502,0,27
2026-10-05T15:14:25.061110582Z,6.79169,127.264527,Cloud to Ground,-27986,0,22
2026-10-05T15:14:24.980908000Z,6.8234,127.2755,Cloud to Ground,-13871,0,7
2026-10-05T15:14:24.060689072Z,9.301354,114.168419,Cloud to Ground,-49553,0,14
2026-10-05T15:14:24.057887583Z,9.309423,114.123371,Cloud to Ground,-25031,0,13
2026-10-05T15:14:24.057346750Z,9.289238,114.084014,Cloud to Ground,-22382,0,8
2026-10-05T15:14:24.131551764Z,9.334513,114.098147,Cloud to Ground,-15363,0,8
2026-10-05T15:14:24.098751132Z,9.265277,114.108836,Cloud to Cloud,22364,4830,10
2026-10-05T15:14:24.291176310Z,9.358019,114.113595,Cloud to Ground,22950,0,9
2026-10-05T15:14:24.559716064Z,9.324576,114.09454,Cloud to Ground,49155,0,13
2026-10-05T15:14:24.344610587Z,9.36839,114.152048,Cloud to Ground,49620,0,9
2026-10-05T15:14:24.173017319Z,9.326214,114.153266,Cloud to Ground,55532,0,8
2026-10-05T15:14:24.064934063Z,9.341088,114.127447,Cloud to Ground,178712,0,11
2026-10-05T15:14:24.269496986Z,9.207356,114.038406,Cloud to Ground,12632,0,6
2026-10-05T15:14:24.134527533Z,9.246391,113.990332,Cloud to Ground,42673,0,8
2026-10-05T15:14:24.329622306Z,10.016012,127.393517,Cloud to Ground,-56921,0,9
2026-10-05T15:14:23.956754980Z,10.015611,127.400571,Cloud to Ground,-42002,0,8
2026-10-05T15:14:26.540427247Z,15.408202,120.425358,Cloud to Cloud,3388,6287,6
2026-10-05T15:14:28.594825537Z,13.235863,122.447924,Cloud to Cloud,-98810,3009,7
2026-10-05T15:14:28.780827869Z,13.217802,122.317198,Cloud to Ground,-7836,0,7
2026-10-05T15:14:28.722898570Z,13.253191,122.316628,Cloud to Ground,-5864,0,6
2026-10-05T15:14:29.826292000Z,15.4498,120.371,Cloud to Ground,-20840,0,7
2026-10-05T15:14:30.907161010Z,4.389322,121.861779,Cloud to Cloud,24327,3874,25
2026-10-05T15:14:31.803733000Z,16.0938,119.9468,Cloud to Ground,99923,0,7
2026-10-05T15:14:32.253142166Z,2.728313,116.935561,Cloud to Ground,10989,0,11
2026-10-05T15:14:33.738799480Z,12.819093,122.617179,Cloud to Ground,-24809,0,7
2026-10-05T15:14:33.386486323Z,12.817656,122.59608,Cloud to Ground,-8549,0,7
2026-10-05T15:14:33.862812716Z,12.815427,122.596554,Cloud to Ground,-7207,0,5
2026-10-05T15:14:33.355967000Z,12.8172,122.5038,Cloud to Ground,-51176,0,6
2026-10-05T15:14:34.977045300Z,4.038332,122.817745,Cloud to Ground,-29672,0,28
2026-10-05T15:14:34.982317389Z,4.342952,122.737567,Cloud to Ground,-57797,0,16
2026-10-05T15:14:35.095611374Z,4.328186,122.653886,Cloud to Ground,-35495,0,17
2026-10-05T15:14:34.599884090Z,6.588095,119.752684,Cloud to Cloud,-14997,3041,7
2026-10-05T15:14:34.043493167Z,1.968252,115.7284,Cloud to Ground,10767,0,10
2026-10-05T15:14:35.824275481Z,2.450055,118.0775,Cloud to Ground,15468,0,18
2026-10-05T15:14:35.162612000Z,4.366,122.8741,Cloud to Ground,27242,0,5
2026-10-05T15:14:36.717982000Z,6.805,127.2487,Cloud to Ground,-12942,0,7
2026-10-05T15:14:36.295304000Z,6.8683,127.4027,Cloud to Ground,-3200,0,6
2026-10-05T15:14:37.145809300Z,5.890313,118.856654,Cloud to Ground,-18051,0,9
2026-10-05T15:14:37.042681000Z,10.0897,127.6397,Cloud to Ground,14582,0,8
2026-10-05T15:14:38.900216683Z,17.475586,110.70565,Cloud to Cloud,-25302,3387,13
2026-10-05T15:14:38.902855015Z,17.450951,110.552009,Cloud to Ground,17471,0,12
2026-10-05T15:14:38.904302061Z,17.43471,110.599514,Cloud to Ground,58526,0,9
2026-10-05T15:14:39.944667000Z,11.7072,122.4859,Cloud to Ground,-30635,0,7
2026-10-05T15:14:39.792257000Z,11.6626,122.4912,Cloud to Ground,-19745,0,6
2026-10-05T15:14:40.383941809Z,15.671059,121.994851,Cloud to Cloud,16307,3053,13
2026-10-05T15:14:40.921823018Z,12.428322,122.780964,Cloud to Cloud,6202,19988,6
2026-10-05T15:14:41.853608644Z,2.632019,116.569914,Cloud to Ground,20923,0,14
2026-10-05T15:14:42.989941845Z,2.118706,114.222688,Cloud to Ground,10904,0,6
2026-10-05T15:14:42.990573124Z,2.140707,114.221498,Cloud to Ground,22377,0,17
2026-10-05T15:14:42.940648637Z,2.099998,114.276778,Cloud to Ground,41775,0,21
2026-10-05T15:14:42.456100747Z,16.512642,121.09147,Cloud to Cloud,-12909,9273,12
2026-10-05T15:14:42.458290580Z,16.436599,120.983482,Cloud to Cloud,-21619,10179,8
2026-10-05T15:14:42.749995916Z,10.873945,127.834492,Cloud to Ground,-20611,0,18
2026-10-05T15:14:42.875633127Z,15.8983,119.608322,Cloud to Ground,-43223,0,7
2026-10-05T15:14:43.661091261Z,14.32394,121.252592,Cloud to Ground,-41717,0,8
2026-10-05T15:14:43.622429000Z,14.3614,121.138,Cloud to Ground,-24385,0,6
2026-10-05T15:14:43.684169476Z,14.29777,121.135994,Cloud to Ground,-14252,0,8
2026-10-05T15:14:43.702924796Z,15.945382,119.688547,Cloud to Ground,17712,0,11
2026-10-05T15:14:43.847567312Z,15.931043,119.628145,Cloud to Ground,28553,0,7
2026-10-05T15:14:43.180871000Z,16.0739,119.6664,Cloud to Ground,89985,0,10
2026-10-05T15:14:43.505760000Z,21.3287,115.285,Cloud to Ground,-44145,0,7
2026-10-05T15:14:43.786447000Z,21.3915,115.2789,Cloud to Ground,-14184,0,6
2026-10-05T15:14:43.655858000Z,21.3883,115.1985,Cloud to Ground,595,0,6
2026-10-05T15:14:44.211585000Z,6.8149,127.2963,Cloud to Ground,-12302,0,6
2026-10-05T15:14:46.441450026Z,2.742704,116.998015,Cloud to Ground,9209,0,9
2026-10-05T15:14:47.250657836Z,10.08017,127.878992,Cloud to Ground,-22483,0,15
2026-10-05T15:14:47.141922204Z,9.995118,127.980035,Cloud to Ground,-81723,0,11
2026-10-05T15:14:47.284208291Z,9.982987,127.938865,Cloud to Ground,-35471,0,29
2026-10-05T15:14:47.198562461Z,10.011716,127.948849,Cloud to Ground,-29711,0,9
2026-10-05T15:14:48.605346051Z,15.384795,119.475372,Cloud to Cloud,8257,6145,9
2026-10-05T15:14:49.963448540Z,10.02633,127.569387,Cloud to Ground,29000,0,19
2026-10-05T15:14:49.610458449Z,9.991196,127.300495,Cloud to Ground,-81453,0,10
2026-10-05T15:14:49.215109104Z,10.02188,127.39461,Cloud to Ground,-47172,0,11
2026-10-05T15:14:49.036214378Z,10.017822,127.41077,Cloud to Ground,-37459,0,12
2026-10-05T15:14:49.661654777Z,9.981579,127.323065,Cloud to Ground,-35211,0,9
2026-10-05T15:14:49.780490000Z,9.9684,127.247,Cloud to Ground,-27662,0,9
2026-10-05T15:14:49.718032000Z,9.9807,127.2276,Cloud to Ground,-24593,0,8
2026-10-05T15:14:49.075157496Z,10.020006,127.40086,Cloud to Ground,-20767,0,9
2026-10-05T15:14:50.252077969Z,2.81266,117.322884,Cloud to Ground,11198,0,10
2026-10-05T15:14:51.159296228Z,12.464743,122.882121,Cloud to Cloud,-25160,7478,7
2026-10-05T15:14:51.095084025Z,12.476883,122.870836,Cloud to Ground,-24882,0,7
2026-10-05T15:14:51.216347280Z,12.478025,122.861221,Cloud to Ground,-13874,0,7
2026-10-05T15:14:51.910667567Z,10.005494,126.997746,Cloud to Ground,-13466,0,6
2026-10-05T15:14:52.402551114Z,15.801759,119.799191,Cloud to Cloud,-13421,3425,9
2026-10-05T15:14:52.167478232Z,21.923253,120.139081,Cloud to Cloud,5309,14348,6
2026-10-05T15:14:53.495648552Z,2.004387,115.834852,Cloud to Ground,99468,0,23
2026-10-05T15:14:53.685886000Z,3.1041,116.603,Cloud to Ground,21582,0,6
2026-10-05T15:14:54.622694407Z,2.615683,113.253171,Cloud to Ground,13803,0,13
2026-10-05T15:14:54.621827089Z,2.617515,113.284033,Cloud to Ground,13964,0,13
2026-10-05T15:14:54.178939568Z,6.831631,127.191327,Cloud to Cloud,7452,19572,12
2026-10-05T15:14:55.226497968Z,2.963598,116.937234,Cloud to Ground,11164,0,11
2026-10-05T15:14:54.907589457Z,2.890685,116.913305,Cloud to Cloud,13827,3518,14
2026-10-05T15:14:57.002986526Z,15.662627,121.904068,Cloud to Ground,-31234,0,10
2026-10-05T15:14:57.036130816Z,15.663992,121.912613,Cloud to Ground,-23157,0,7
2026-10-05T15:14:57.436042587Z,15.666389,121.922658,Cloud to Ground,-15365,0,10
2026-10-05T15:14:57.062179843Z,15.666779,121.918178,Cloud to Ground,-15043,0,10
2026-10-05T15:14:57.077691465Z,13.214651,122.40418,Cloud to Ground,-16001,0,9
2026-10-05T15:14:56.830163579Z,13.217403,122.408457,Cloud to Ground,-13185,0,8
2026-10-05T15:14:56.291721841Z,13.252447,122.321122,Cloud to Cloud,4271,10225,5
2026-10-05T15:14:56.092161466Z,13.23859,122.292548,Cloud to Cloud,4543,3045,6
2026-10-05T15:14:56.200924994Z,13.25347,122.332665,Cloud to Cloud,6342,7342,6
2026-10-05T15:14:57.798250335Z,13.261345,122.339625,Cloud to Ground,-15877,0,9
2026-10-05T15:14:59.178854482Z,17.440139,110.539973,Cloud to Ground,29840,0,13
2026-10-05T15:14:59.177772913Z,17.444622,110.571643,Cloud to Ground,32729,0,11
2026-10-05T15:14:59.119156344Z,17.423554,110.469486,Cloud to Ground,40289,0,10
2026-10-05T15:14:59.244350731Z,17.404401,110.500484,Cloud to Ground,44636,0,7
2026-10-05T15:14:59.623002935Z,17.412199,110.471044,Cloud to Ground,56046,0,11
2026-10-05T15:15:02.921718427Z,15.9287,119.692249,Cloud to Ground,-25610,0,9
2026-10-05T15:15:03.900198680Z,7.052537,111.271647,Cloud to Cloud,-67197,12382,14
2026-10-05T15:15:03.903486000Z,7.0591,111.3559,Cloud to Ground,125682,0,7
2026-10-05T15:15:03.744353924Z,2.677327,114.504517,Cloud to Ground,33231,0,13
2026-10-05T15:15:04.859336789Z,6.820686,127.289907,Cloud to Ground,-15570,0,18
2026-10-05T15:15:03.815981000Z,13.2797,122.3912,Cloud to Ground,-26987,0,9
2026-10-05T15:15:04.050136375Z,13.257758,122.32366,Cloud to Ground,-9217,0,7
2026-10-05T15:15:04.950168812Z,15.311126,121.319864,Cloud to Ground,-37858,0,13
2026-10-05T15:15:05.187608077Z,1.704439,115.389475,Cloud to Ground,23310,0,17
2026-10-05T15:15:05.053611802Z,15.112135,121.194425,Cloud to Ground,-50365,0,7
2026-10-05T15:15:05.162889099Z,10.799246,127.740491,Cloud to Cloud,8143,10358,11
2026-10-05T15:15:05.103771344Z,10.798247,127.750215,Cloud to Cloud,9985,5100,13
2026-10-05T15:15:06.508139462Z,2.714535,116.893181,Cloud to Cloud,8877,15682,10
2026-10-05T15:15:06.049922000Z,10.4294,122.602,Cloud to Ground,-31649,0,10
2026-10-05T15:15:06.000952000Z,10.4266,122.6049,Cloud to Ground,-31621,0,9
2026-10-05T15:15:06.194806000Z,10.434,122.5235,Cloud to Ground,-25534,0,5
2026-10-05T15:15:08.566721372Z,2.905089,117.60439,Cloud to Ground,7679,0,7
2026-10-05T15:15:08.535939372Z,2.912754,117.617934,Cloud to Cloud,9516,4131,10
2026-10-05T15:15:08.735468398Z,2.909905,117.604695,Cloud to Ground,11187,0,8
2026-10-05T15:15:08.633740103Z,2.915306,117.634472,Cloud to Ground,12598,0,11
2026-10-05T15:15:08.362020880Z,2.910351,117.594057,Cloud to Ground,13347,0,10
2026-10-05T15:15:08.186733511Z,2.913227,117.614558,Cloud to Ground,19121,0,13
2026-10-05T15:15:08.286621538Z,2.971612,117.595205,Cloud to Ground,24799,0,14
2026-10-05T15:15:08.153082635Z,2.947471,117.642161,Cloud to Ground,51135,0,28
2026-10-05T15:15:08.977300777Z,10.137584,127.582473,Cloud to Cloud,-14184,12970,19
2026-10-05T15:15:09.019109111Z,10.015143,127.281628,Cloud to Cloud,-9796,3064,10
2026-10-05T15:15:08.951913510Z,9.99643,127.286302,Cloud to Cloud,13035,10584,11
2026-10-05T15:15:09.364732000Z,10.058,127.2907,Cloud to Ground,26056,0,8
2026-10-05T15:15:09.871585539Z,4.288184,121.722539,Cloud to Cloud,18176,16208,11
2026-10-05T15:15:09.769611571Z,4.388246,122.237571,Cloud to Ground,-35695,0,11
2026-10-05T15:15:09.853718254Z,4.5178,122.078496,Cloud to Ground,-12179,0,8
2026-10-05T15:15:10.241484679Z,4.518484,122.079115,Cloud to Ground,-9926,0,7
2026-10-05T15:15:09.728261126Z,6.517422,119.502785,Cloud to Ground,35799,0,17
2026-10-05T15:15:09.001439335Z,6.836842,127.345524,Cloud to Ground,-14175,0,22
2026-10-05T15:15:09.064690519Z,10.016707,127.654306,Cloud to Ground,-22590,0,7
2026-10-05T15:15:09.964569534Z,15.912891,110.415721,Cloud to Ground,40355,0,12
2026-10-05T15:15:09.745011827Z,15.900737,119.687188,Cloud to Ground,14132,0,10
2026-10-05T15:15:09.473636148Z,15.100932,121.657662,Cloud to Cloud,25720,7729,9
2026-10-05T15:15:10.175652004Z,2.041616,116.624935,Cloud to Ground,26256,0,19
2026-10-05T15:15:10.174026000Z,2.0383,116.5838,Cloud to Ground,27866,0,9
2026-10-05T15:15:10.708772281Z,2.059062,116.689197,Cloud to Ground,35279,0,16
2026-10-05T15:15:10.072781451Z,4.344498,122.024048,Cloud to Ground,-35301,0,20
2026-10-05T15:15:10.147967198Z,4.310901,121.974414,Cloud to Cloud,10463,19253,7
2026-10-05T15:15:11.969598429Z,7.001501,127.090517,Cloud to Ground,-34532,0,13
2026-10-05T15:15:11.897932253Z,6.874495,127.153674,Cloud to Ground,-108441,0,11
2026-10-05T15:15:11.765840096Z,2.666251,117.015942,Cloud to Ground,15506,0,12
2026-10-05T15:15:11.907589209Z,13.152379,122.334533,Cloud to Cloud,-27557,6444,7
2026-10-05T15:15:11.843390000Z,13.2806,122.3168,Cloud to Ground,-24577,0,8
2026-10-05T15:15:11.922445242Z,13.220581,122.315056,Cloud to Ground,-20390,0,9
2026-10-05T15:15:11.844332005Z,15.769831,121.732135,Cloud to Cloud,-2098,13338,7
2026-10-05T15:15:12.031282316Z,6.874914,126.969905,Cloud to Ground,-21331,0,11
2026-10-05T15:15:12.981788000Z,15.6112,120.4494,Cloud to Ground,-25939,0,7
2026-10-05T15:15:12.877890699Z,15.463567,120.440646,Cloud to Cloud,-13858,4007,7
2026-10-05T15:15:13.034150184Z,15.501352,120.41883,Cloud to Ground,-6732,0,7
2026-10-05T15:15:15.253068016Z,2.571016,113.109536,Cloud to Ground,-48637,0,26
2026-10-05T15:15:15.331352455Z,2.565565,113.10985,Cloud to Ground,50243,0,25
2026-10-05T15:15:15.246564710Z,2.565583,113.101948,Cloud to Ground,89660,0,14
2026-10-05T15:15:15.061261041Z,10.019842,127.290932,Cloud to Cloud,7566,17133,5
2026-10-05T15:15:15.053225576Z,10.016049,127.147432,Cloud to Cloud,6761,18241,6
2026-10-05T15:15:16.646176085Z,12.360562,122.811737,Cloud to Ground,-19515,0,7
2026-10-05T15:15:16.682374452Z,12.447591,122.766562,Cloud to Ground,-17845,0,8
2026-10-05T15:15:17.196287091Z,12.413728,122.784073,Cloud to Ground,-10765,0,7
2026-10-05T15:15:16.861043386Z,12.429722,122.837568,Cloud to Ground,-10642,0,6
2026-10-05T15:15:16.978330586Z,12.414701,122.783286,Cloud to Ground,-9567,0,6
2026-10-05T15:15:18.044973000Z,15.731,121.9746,Cloud to Ground,-10752,0,5
2026-10-05T15:15:19.152878262Z,13.251105,122.321082,Cloud to Cloud,3766,19827,5
2026-10-05T15:15:20.210541103Z,14.312727,121.208364,Cloud to Ground,-37054,0,12
2026-10-05T15:15:20.129482000Z,14.3101,121.0753,Cloud to Ground,-21173,0,8
2026-10-05T15:15:20.270804045Z,14.287129,121.111581,Cloud to Ground,-7055,0,6
2026-10-05T15:15:20.373439660Z,14.286507,121.100315,Cloud to Ground,-5304,0,6
2026-10-05T15:15:21.997036965Z,11.375503,126.145007,Cloud to Cloud,-10990,3303,11
2026-10-05T15:15:22.914033761Z,5.684771,123.552221,Cloud to Ground,-20349,0,23
2026-10-05T15:15:22.893623352Z,5.699701,123.744558,Cloud to Ground,-29065,0,14
2026-10-05T15:15:22.947299000Z,5.6006,123.6709,Cloud to Ground,-6340,0,5
2026-10-05T15:15:22.946391478Z,5.615826,123.612289,Cloud to Ground,19081,0,18
2026-10-05T15:15:23.376749302Z,6.900002,127.25511,Cloud to Ground,-23710,0,24
2026-10-05T15:15:23.296963000Z,10.7667,127.8641,Cloud to Ground,-45472,0,10
2026-10-05T15:15:23.184837003Z,10.803331,127.892631,Cloud to Ground,-20596,0,8
2026-10-05T15:15:24.752298000Z,2.709303,116.99299,Cloud to Ground,18833,0,14
2026-10-05T15:15:24.509423298Z,15.816102,119.668511,Cloud to Ground,20820,0,10
2026-10-05T15:15:24.277271481Z,15.925018,119.593569,Cloud to Ground,-9363,0,6
2026-10-05T15:15:23.755992000Z,15.9625,119.5614,Cloud to Ground,-8707,0,7
2026-10-05T15:15:23.780950183Z,15.929751,119.565335,Cloud to Ground,-5780,0,6
2026-10-05T15:15:24.467618788Z,15.893618,119.619683,Cloud to Ground,31828,0,7
2026-10-05T15:15:24.969101708Z,22.944137,122.096075,Cloud to Cloud,-3686,9713,6
2026-10-05T15:15:24.840543266Z,22.778652,122.05897,Cloud to Cloud,6438,11273,6
2026-10-05T15:15:25.171109411Z,22.802768,122.218271,Cloud to Cloud,-4822,4901,8
2026-10-05T15:15:24.779617801Z,22.801935,122.170289,Cloud to Cloud,4904,3019,10
2026-10-05T15:15:24.829155167Z,22.748169,122.160987,Cloud to Cloud,6568,3000,9
2026-10-05T15:15:24.694664834Z,22.735195,122.187634,Cloud to Cloud,7391,13378,10
2026-10-05T15:15:24.813842091Z,13.247291,122.384771,Cloud to Ground,-12398,0,9
2026-10-05T15:15:24.878808549Z,10.284271,126.242032,Cloud to Ground,-31223,0,11
2026-10-05T15:15:25.111244145Z,8.26205,128.318736,Cloud to Ground,-58591,0,16
2026-10-05T15:15:25.196694000Z,8.2693,128.4243,Cloud to Ground,-14260,0,6
2026-10-05T15:15:26.881688498Z,1.980568,115.697595,Cloud to Ground,15991,0,11
2026-10-05T15:15:26.801243796Z,1.980902,115.708627,Cloud to Ground,18943,0,15
2026-10-05T15:15:27.032403029Z,1.990136,115.692811,Cloud to Ground,19895,0,16
2026-10-05T15:15:26.846698305Z,1.978025,115.711291,Cloud to Ground,45755,0,16
2026-10-05T15:15:26.745674120Z,1.979738,115.712847,Cloud to Ground,78697,0,24
2026-10-05T15:15:26.076421075Z,2.877499,117.045862,Cloud to Ground,17219,0,8
2026-10-05T15:15:27.653594940Z,15.653773,121.929939,Cloud to Ground,-9857,0,6
2026-10-05T15:15:27.410906778Z,15.715329,122.051968,Cloud to Ground,-25593,0,7
2026-10-05T15:15:26.867586000Z,15.7327,122.0012,Cloud to Ground,23765,0,5
2026-10-05T15:15:27.496333000Z,15.7495,120.9352,Cloud to Ground,-9228,0,7
2026-10-05T15:15:27.696671908Z,15.702682,120.918486,Cloud to Ground,26984,0,8
2026-10-05T15:15:28.704947478Z,15.950559,119.594134,Cloud to Cloud,25498,14861,11
2026-10-05T15:15:29.999391063Z,12.675203,122.642252,Cloud to Ground,-38067,0,9
2026-10-05T15:15:29.724525794Z,12.423983,122.783449,Cloud to Cloud,7092,19893,5
2026-10-05T15:15:29.739608780Z,15.296442,119.595159,Cloud to Cloud,17721,6882,10
2026-10-05T15:15:30.000598000Z,12.6912,122.464,Cloud to Ground,11452,0,5
2026-10-05T15:15:32.633486429Z,9.898047,128.675584,Cloud to Cloud,10040,13802,10
2026-10-05T15:15:32.912465859Z,20.637611,116.22838,Cloud to Cloud,-49645,19514,19
2026-10-05T15:15:32.850598052Z,10.012239,127.403046,Cloud to Ground,-31922,0,10
2026-10-05T15:15:33.294225323Z,9.979318,127.359935,Cloud to Ground,-18707,0,15
2026-10-05T15:15:33.589238146Z,2.98504,116.688259,Cloud to Ground,-24190,0,28
2026-10-05T15:15:34.022007915Z,10.012214,127.387112,Cloud to Ground,-24922,0,8
2026-10-05T15:15:34.405133000Z,6.8392,127.155,Cloud to Ground,10198,0,6
2026-10-05T15:15:35.706797078Z,11.786871,125.928262,Cloud to Ground,-98428,0,7
2026-10-05T15:15:35.100562722Z,13.319888,120.379587,Cloud to Ground,-79829,0,9
2026-10-05T15:15:36.717942000Z,11.6352,123.6946,Cloud to Ground,-19789,0,5
2026-10-05T15:15:36.889819000Z,6.8221,127.2481,Cloud to Ground,-18046,0,7
2026-10-05T15:15:37.198862000Z,6.8109,127.2516,Cloud to Ground,-16247,0,5
2026-10-05T15:15:38.886875483Z,7.255277,127.380422,Cloud to Ground,-46881,0,12
2026-10-05T15:15:38.084411960Z,2.657644,113.080642,Cloud to Ground,-19322,0,19
2026-10-05T15:15:38.079222576Z,2.68109,113.038882,Cloud to Ground,-16236,0,21
2026-10-05T15:15:38.097840408Z,2.568574,113.105122,Cloud to Ground,-13517,0,16
2026-10-05T15:15:38.479757190Z,2.570782,113.107469,Cloud to Ground,-12457,0,10
2026-10-05T15:15:38.095659996Z,2.571181,113.125797,Cloud to Cloud,13339,7939,14
2026-10-05T15:15:39.205112210Z,2.39731,113.011814,Cloud to Ground,24645,0,22
2026-10-05T15:15:39.180147000Z,2.6672,112.8699,Cloud to Ground,97704,0,5
2026-10-05T15:15:39.377900298Z,1.692746,115.413486,Cloud to Ground,-11043,0,12
2026-10-05T15:15:39.761336690Z,13.203731,122.319638,Cloud to Ground,-24911,0,9
2026-10-05T15:15:40.537552897Z,2.195782,116.410604,Cloud to Ground,18020,0,13
2026-10-05T15:15:40.999986183Z,15.108256,119.554422,Cloud to Cloud,-16823,7424,8
2026-10-05T15:15:40.962037878Z,15.492761,120.561709,Cloud to Ground,-18090,0,8
2026-10-05T15:15:40.847579334Z,15.458082,120.5413,Cloud to Ground,-14126,0,12
2026-10-05T15:15:41.503399163Z,10.104756,127.066989,Cloud to Ground,-24851,0,16
2026-10-05T15:15:41.168735200Z,15.456616,120.442377,Cloud to Ground,-13897,0,9
2026-10-05T15:15:41.252814432Z,15.452879,120.4426,Cloud to Ground,-5934,0,6
2026-10-05T15:15:42.289317000Z,6.8288,127.2366,Cloud to Ground,36766,0,7
2026-10-05T15:15:44.645545011Z,2.001962,117.458908,Cloud to Ground,12001,0,8
2026-10-05T15:15:44.178000437Z,2.748751,116.449408,Cloud to Cloud,8979,7250,7
2026-10-05T15:15:44.670596854Z,2.757102,116.465404,Cloud to Ground,13602,0,14
2026-10-05T15:15:44.097947380Z,10.039093,127.990673,Cloud to Ground,19305,0,9
2026-10-05T15:15:45.352084530Z,13.081449,122.485706,Cloud to Ground,-47116,0,10
2026-10-05T15:15:45.790718135Z,12.828405,122.584821,Cloud to Ground,-14920,0,9
2026-10-05T15:15:45.859124982Z,12.829211,122.58685,Cloud to Ground,-11086,0,8
2026-10-05T15:15:45.682598382Z,12.827578,122.584738,Cloud to Ground,-8598,0,6
2026-10-05T15:15:45.980475763Z,12.827066,122.583937,Cloud to Ground,-7533,0,6
2026-10-05T15:15:46.074228248Z,12.827343,122.584344,Cloud to Ground,-7157,0,6
2026-10-05T15:15:45.293414000Z,12.939,122.5927,Cloud to Ground,-17600,0,8
2026-10-05T15:15:45.185770101Z,12.559495,122.743742,Cloud to Ground,-31211,0,25
2026-10-05T15:15:45.217938563Z,12.339909,122.854275,Cloud to Cloud,-11394,7403,11
2026-10-05T15:15:45.285723391Z,12.479856,122.855873,Cloud to Ground,-48249,0,9
2026-10-05T15:15:45.523502741Z,12.435996,122.773649,Cloud to Ground,-13067,0,6
2026-10-05T15:15:45.528511402Z,12.432593,122.780661,Cloud to Ground,-7497,0,6
2026-10-05T15:15:46.975309836Z,2.451054,118.092145,Cloud to Ground,46595,0,15
2026-10-05T15:15:46.225511211Z,12.587805,122.68679,Cloud to Cloud,-5587,7779,7
2026-10-05T15:15:46.725630000Z,6.9456,127.3359,Cloud to Ground,48958,0,5
2026-10-05T15:15:47.919396384Z,4.438151,122.700518,Cloud to Ground,32689,0,22
2026-10-05T15:15:47.916437814Z,4.340935,122.723085,Cloud to Ground,35074,0,10
2026-10-05T15:15:48.779917834Z,17.446547,110.572551,Cloud to Ground,-14056,0,8
2026-10-05T15:15:49.006882598Z,17.39764,110.618014,Cloud to Ground,15772,0,8
2026-10-05T15:15:49.150485202Z,17.416459,110.513461,Cloud to Ground,17571,0,7
2026-10-05T15:15:48.608500285Z,17.458588,110.593978,Cloud to Ground,47410,0,7
2026-10-05T15:15:48.667623983Z,17.445648,110.482021,Cloud to Ground,57398,0,10
2026-10-05T15:15:48.666072917Z,17.438993,110.551457,Cloud to Ground,61672,0,14
2026-10-05T15:15:48.533009535Z,17.4492,110.574529,Cloud to Ground,213987,0,11
2026-10-05T15:15:49.037702097Z,2.261898,116.621422,Cloud to Cloud,-12442,3616,14
2026-10-05T15:15:49.666708796Z,12.845415,122.556596,Cloud to Ground,-4520,0,8
2026-10-05T15:15:49.695995000Z,10.0565,127.3891,Cloud to Ground,-25764,0,6
2026-10-05T15:15:49.596576000Z,10.0773,127.581,Cloud to Ground,-37446,0,7
2026-10-05T15:15:50.910586000Z,6.7379,127.2282,Cloud to Ground,-26542,0,7
2026-10-05T15:15:52.808805510Z,15.881222,119.583355,Cloud to Ground,-65763,0,14
2026-10-05T15:15:52.499045708Z,15.92758,119.689797,Cloud to Ground,-39667,0,12
2026-10-05T15:15:52.562323193Z,15.892845,119.620414,Cloud to Ground,-24900,0,8
2026-10-05T15:15:52.811229954Z,15.890701,119.566884,Cloud to Ground,-18392,0,11
2026-10-05T15:15:52.817153294Z,15.544743,121.971849,Cloud to Cloud,-15312,15645,8
2026-10-05T15:15:53.296820258Z,2.630629,116.575821,Cloud to Ground,22895,0,14
2026-10-05T15:15:53.813812000Z,9.9749,127.1932,Cloud to Ground,-29777,0,6
2026-10-05T15:15:53.791726788Z,9.941431,127.123997,Cloud to Cloud,-23770,19641,11
2026-10-05T15:15:54.289979012Z,9.923988,127.223475,Cloud to Cloud,9871,5502,7
2026-10-05T15:15:53.022323084Z,15.651426,121.930535,Cloud to Ground,-48321,0,14
2026-10-05T15:15:52.835955074Z,15.777391,121.930964,Cloud to Ground,-48084,0,8
2026-10-05T15:15:52.726834331Z,15.697083,121.921999,Cloud to Ground,-47826,0,10
2026-10-05T15:15:52.905593714Z,15.652195,121.929489,Cloud to Ground,-25419,0,9
2026-10-05T15:15:52.800754868Z,15.667201,121.914106,Cloud to Cloud,6201,19426,5
2026-10-05T15:15:54.979350873Z,2.255673,116.489672,Cloud to Ground,38177,0,22
2026-10-05T15:15:56.644799702Z,11.420841,123.953128,Cloud to Ground,-94105,0,7
2026-10-05T15:15:56.843920906Z,11.430424,123.945237,Cloud to Ground,-56994,0,7
2026-10-05T15:15:57.793401450Z,8.736809,128.07866,Cloud to Ground,-30864,0,13
2026-10-05T15:15:57.671225568Z,8.567879,128.193712,Cloud to Ground,-147272,0,10
2026-10-05T15:15:57.741195782Z,8.535832,128.236878,Cloud to Ground,-29612,0,9
2026-10-05T15:15:57.698443901Z,8.547124,128.250421,Cloud to Ground,-22054,0,13
2026-10-05T15:15:57.743742556Z,8.559804,128.245915,Cloud to Cloud,-18621,3524,14
2026-10-05T15:15:58.484972931Z,9.275056,114.123641,Cloud to Ground,-41121,0,11
2026-10-05T15:15:58.649224939Z,9.274248,114.13513,Cloud to Ground,-21348,0,9
2026-10-05T15:15:58.605568354Z,9.295356,114.167817,Cloud to Cloud,20205,7987,7
2026-10-05T15:15:58.647919356Z,9.273828,114.132322,Cloud to Ground,34869,0,9
2026-10-05T15:15:59.312940673Z,9.280339,114.125699,Cloud to Ground,50848,0,9
2026-10-05T15:15:59.179037086Z,9.275598,114.116969,Cloud to Ground,79446,0,8
2026-10-05T15:15:58.614455121Z,9.296031,114.184244,Cloud to Ground,84009,0,11
2026-10-05T15:15:58.489046000Z,9.2906,114.0786,Cloud to Ground,417743,0,5
2026-10-05T15:15:59.902159508Z,16.630848,121.764571,Cloud to Ground,-17760,0,7
2026-10-05T15:16:01.892828231Z,1.986934,115.740159,Cloud to Ground,18768,0,12
2026-10-05T15:16:02.292515173Z,2.081752,115.645253,Cloud to Ground,-22948,0,17
2026-10-05T15:16:02.270092616Z,2.10927,115.694523,Cloud to Ground,-13891,0,13
2026-10-05T15:16:02.293114988Z,2.073164,115.643413,Cloud to Ground,-9377,0,10
2026-10-05T15:16:02.544138196Z,2.082876,115.637294,Cloud to Cloud,11143,3407,11
2026-10-05T15:16:02.897067781Z,4.379227,122.09356,Cloud to Ground,17798,0,13
2026-10-05T15:16:02.981703127Z,10.796752,127.672945,Cloud to Ground,-24665,0,7
2026-10-05T15:16:02.844182000Z,6.4709,119.664,Cloud to Ground,25102,0,6
2026-10-05T15:16:03.279199610Z,9.973711,127.983134,Cloud to Ground,-40026,0,9
2026-10-05T15:16:03.434451681Z,10.085138,127.891239,Cloud to Ground,-45320,0,13
2026-10-05T15:16:03.361405203Z,10.063052,127.860081,Cloud to Cloud,-15661,3031,18
2026-10-05T15:16:03.206277764Z,2.841787,117.038763,Cloud to Ground,-7907,0,19
2026-10-05T15:16:04.624751637Z,15.544358,120.340356,Cloud to Ground,-12431,0,9
2026-10-05T15:16:05.792933193Z,2.696419,114.481365,Cloud to Ground,16884,0,17
2026-10-05T15:16:05.785056420Z,22.797165,121.925392,Cloud to Cloud,2484,5748,6
2026-10-05T15:16:06.778631000Z,10.0243,126.9493,Cloud to Ground,-37843,0,7
2026-10-05T15:16:06.656281723Z,10.005478,126.976584,Cloud to Ground,-21574,0,6
2026-10-05T15:16:09.837592980Z,12.432119,122.779642,Cloud to Cloud,2716,14432,5
2026-10-05T15:16:09.472973339Z,12.433182,122.774371,Cloud to Cloud,3709,3873,5
2026-10-05T15:16:09.570018966Z,12.430791,122.777063,Cloud to Cloud,6171,5950,5
2026-10-05T15:16:09.610257528Z,10.075463,127.308411,Cloud to Ground,25735,0,8
2026-10-05T15:16:11.629173332Z,14.343012,121.21833,Cloud to Ground,-45639,0,10
2026-10-05T15:16:11.629929212Z,14.316865,121.205962,Cloud to Ground,-15005,0,10
2026-10-05T15:16:11.746905000Z,14.3332,121.0734,Cloud to Ground,-9319,0,7
2026-10-05T15:16:12.139847151Z,10.03576,127.203138,Cloud to Cloud,10758,13220,10
2026-10-05T15:16:12.110300769Z,20.6108,116.24904,Cloud to Ground,-32262,0,11
2026-10-05T15:16:13.532212702Z,2.722032,116.942337,Cloud to Ground,11382,0,16
2026-10-05T15:16:13.304238000Z,6.8214,127.4817,Cloud to Ground,-17153,0,8
2026-10-05T15:16:13.414191000Z,6.8069,127.2755,Cloud to Ground,-8129,0,5
2026-10-05T15:16:14.047129506Z,4.824445,123.564892,Cloud to Ground,-35330,0,14
2026-10-05T15:16:14.147790604Z,4.957118,123.543156,Cloud to Ground,-19205,0,13
2026-10-05T15:16:14.125730263Z,4.986675,123.502295,Cloud to Ground,-8708,0,7
2026-10-05T15:16:14.095531696Z,4.815148,123.473492,Cloud to Cloud,-25344,15180,12
2026-10-05T15:16:14.133756000Z,4.8427,123.4075,Cloud to Ground,-17728,0,5
2026-10-05T15:16:14.908257019Z,15.658877,121.900739,Cloud to Ground,-47283,0,12
2026-10-05T15:16:15.083323012Z,15.656136,121.925444,Cloud to Ground,-26879,0,11
2026-10-05T15:16:15.124261511Z,15.584759,121.944828,Cloud to Ground,-14578,0,7
2026-10-05T15:16:14.984040000Z,15.7181,121.8971,Cloud to Ground,43964,0,8
2026-10-05T15:16:15.102551165Z,2.761075,116.970025,Cloud to Ground,11069,0,12
2026-10-05T15:16:15.195917394Z,2.756507,116.954027,Cloud to Ground,12636,0,9
2026-10-05T15:16:15.038028259Z,2.729567,116.99012,Cloud to Ground,14019,0,12
2026-10-05T15:16:15.166132000Z,14.1276,121.2825,Cloud to Ground,-31978,0,5
2026-10-05T15:16:15.166942000Z,16.181,122.2062,Cloud to Ground,41418,0,7
2026-10-05T15:16:17.809865870Z,1.707663,115.359024,Cloud to Cloud,9455,18078,12
2026-10-05T15:16:19.420790527Z,2.224608,116.601158,Cloud to Cloud,-14812,3636,17
2026-10-05T15:16:19.845977367Z,13.221637,122.326725,Cloud to Ground,-10839,0,8
2026-10-05T15:16:19.602601000Z,13.2789,122.208,Cloud to Ground,-28266,0,7
2026-10-05T15:16:20.899731211Z,7.703765,130.537347,Cloud to Cloud,11171,8295,9
2026-10-05T15:16:20.900967138Z,7.693975,130.503166,Cloud to Ground,18028,0,11
2026-10-05T15:16:22.434845305Z,5.641222,123.543407,Cloud to Cloud,-36420,3487,24
2026-10-05T15:16:22.411121056Z,5.784547,123.562574,Cloud to Ground,-20557,0,14
2026-10-05T15:16:22.003155711Z,13.231619,122.378845,Cloud to Cloud,-3856,18786,5
2026-10-05T15:16:23.607550516Z,6.784213,127.079739,Cloud to Ground,24106,0,8
2026-10-05T15:16:23.192637845Z,5.816171,123.550183,Cloud to Ground,-16194,0,12
2026-10-05T15:16:24.068942000Z,10.0585,127.3792,Cloud to Ground,-30697,0,7
2026-10-05T15:16:23.548698123Z,10.015863,127.407976,Cloud to Ground,-30087,0,8
2026-10-05T15:16:24.524160000Z,10.0138,127.3688,Cloud to Ground,-25989,0,9
2026-10-05T15:16:23.746005517Z,10.015257,127.380005,Cloud to Ground,-21338,0,7
2026-10-05T15:16:24.410584399Z,12.432223,122.773681,Cloud to Ground,-14673,0,7
2026-10-05T15:16:24.564260792Z,12.435973,122.769544,Cloud to Ground,-13315,0,7
2026-10-05T15:16:24.644237802Z,12.423147,122.774975,Cloud to Ground,-11497,0,6
2026-10-05T15:16:24.385780664Z,12.433667,122.763012,Cloud to Ground,-8627,0,7
2026-10-05T15:16:25.006182671Z,12.422336,122.776231,Cloud to Ground,-7041,0,6
2026-10-05T15:16:24.887325585Z,12.422467,122.77606,Cloud to Ground,-6868,0,6
2026-10-05T15:16:24.692845964Z,12.423355,122.777077,Cloud to Ground,-6367,0,6
2026-10-05T15:16:24.397778257Z,13.245065,122.316361,Cloud to Cloud,10988,5488,8
2026-10-05T15:16:26.586443989Z,6.945261,127.297485,Cloud to Ground,-17088,0,11
2026-10-05T15:16:26.576925732Z,6.853244,127.25416,Cloud to Cloud,-8807,13861,9
2026-10-05T15:16:26.506309958Z,10.515469,129.481899,Cloud to Ground,19815,0,14
2026-10-05T15:16:27.614972466Z,2.210664,114.468149,Cloud to Ground,24272,0,14
2026-10-05T15:16:27.556599000Z,21.4114,115.221,Cloud to Ground,-202475,0,10
2026-10-05T15:16:28.374561587Z,6.832296,127.186843,Cloud to Ground,17900,0,12
2026-10-05T15:16:29.231911620Z,15.927671,119.696247,Cloud to Ground,-29099,0,9
2026-10-05T15:16:29.636287102Z,15.926111,119.711554,Cloud to Ground,-20685,0,11
2026-10-05T15:16:29.598089952Z,15.931002,119.716269,Cloud to Ground,-12978,0,10
2026-10-05T15:16:29.157122407Z,16.10954,120.092778,Cloud to Cloud,-14483,6872,12
2026-10-05T15:16:29.530500273Z,15.890144,119.592943,Cloud to Ground,-29893,0,11
2026-10-05T15:16:29.787797143Z,15.89013,119.580283,Cloud to Ground,-19607,0,10
2026-10-05T15:16:29.136594437Z,15.840671,119.641577,Cloud to Cloud,-13027,19231,8
2026-10-05T15:16:29.261641880Z,15.892275,119.578,Cloud to Ground,-10597,0,10
2026-10-05T15:16:30.974533370Z,6.566314,133.019449,Cloud to Ground,14224,0,7
2026-10-05T15:16:31.900504000Z,10.1089,127.4397,Cloud to Ground,-10345,0,7
2026-10-05T15:16:31.783696528Z,9.975944,127.109781,Cloud to Ground,-33787,0,9
2026-10-05T15:16:32.012974000Z,10.0234,127.1522,Cloud to Ground,-21546,0,10
2026-10-05T15:16:33.096548785Z,15.485722,120.571989,Cloud to Ground,-19080,0,12
2026-10-05T15:16:34.638767829Z,11.398543,123.813133,Cloud to Cloud,5154,14373,5
2026-10-05T15:16:35.552076471Z,10.13416,127.59769,Cloud to Ground,-22954,0,13
2026-10-05T15:16:35.506532000Z,10.1109,127.903,Cloud to Ground,-24106,0,5
2026-10-05T15:16:35.728703817Z,9.994408,127.602002,Cloud to Ground,-18418,0,20
2026-10-05T15:16:35.648894000Z,10.0597,127.539,Cloud to Ground,-14767,0,6
2026-10-05T15:16:36.628743015Z,6.908432,127.299359,Cloud to Ground,-27078,0,11
2026-10-05T15:16:36.354063531Z,6.82509,127.228466,Cloud to Cloud,10021,5040,7
2026-10-05T15:16:37.693379179Z,2.718713,116.952446,Cloud to Ground,10053,0,10
2026-10-05T15:16:37.223375000Z,14.3227,121.0517,Cloud to Ground,-10460,0,7
2026-10-05T15:16:37.367545796Z,14.282982,121.114976,Cloud to Cloud,4798,12866,5
2026-10-05T15:16:37.986980000Z,13.3441,122.3375,Cloud to Ground,-18221,0,5
2026-10-05T15:16:38.079186827Z,13.247248,122.330381,Cloud to Ground,-45179,0,10
2026-10-05T15:16:38.005908362Z,13.247816,122.325938,Cloud to Ground,-5205,0,6
2026-10-05T15:16:39.141118000Z,11.4862,123.6547,Cloud to Ground,-22892,0,7
2026-10-05T15:16:39.677302249Z,11.447396,123.700049,Cloud to Ground,-13970,0,6
2026-10-05T15:16:39.269744000Z,20.9291,117.1983,Cloud to Ground,-47078,0,10
2026-10-05T15:16:40.734344049Z,9.995158,127.281242,Cloud to Ground,-30858,0,7
2026-10-05T15:16:40.687987000Z,9.9762,127.1197,Cloud to Ground,-24483,0,5
2026-10-05T15:16:40.416934539Z,17.629763,110.440251,Cloud to Ground,-25308,0,7
2026-10-05T15:16:40.342120789Z,17.443482,110.532233,Cloud to Cloud,-32969,3336,17
2026-10-05T15:16:40.514687446Z,17.447274,110.559071,Cloud to Ground,34166,0,13
2026-10-05T15:16:40.473573000Z,17.4715,110.6368,Cloud to Ground,64334,0,7
2026-10-05T15:16:40.646978104Z,17.432448,110.516641,Cloud to Ground,77736,0,12
2026-10-05T15:16:40.353988122Z,17.427107,110.500123,Cloud to Ground,145425,0,9
2026-10-05T15:16:40.955878349Z,15.381203,121.202632,Cloud to Cloud,-18370,3008,7
2026-10-05T15:16:41.866969130Z,9.903348,128.666899,Cloud to Cloud,18971,15019,8
2026-10-05T15:16:41.312195763Z,15.231489,121.34278,Cloud to Ground,-30758,0,8
2026-10-05T15:16:41.459672342Z,15.213717,121.363443,Cloud to Ground,-18687,0,10
2026-10-05T15:16:41.263998238Z,15.187497,121.252523,Cloud to Ground,-24372,0,10
2026-10-05T15:16:41.053092682Z,15.188107,121.244084,Cloud to Cloud,8924,6653,7
2026-10-05T15:16:41.384341000Z,14.9248,120.8453,Cloud to Ground,-9998,0,6
2026-10-05T15:16:42.918516656Z,3.07988,117.675262,Cloud to Ground,-9295,0,10
2026-10-05T15:16:42.994502619Z,13.261725,122.298138,Cloud to Ground,-26712,0,8
2026-10-05T15:16:42.585140045Z,11.348507,125.947222,Cloud to Ground,-29368,0,8
2026-10-05T15:16:42.634779705Z,11.348658,125.951081,Cloud to Ground,-8998,0,5
2026-10-05T15:16:43.197691669Z,3.19382,117.822152,Cloud to Ground,44315,0,19
2026-10-05T15:16:43.078125908Z,3.195865,117.773114,Cloud to Ground,49015,0,12
2026-10-05T15:16:43.292648668Z,14.730179,120.936607,Cloud to Cloud,-9641,3000,11
2026-10-05T15:16:43.882110487Z,14.715261,120.858182,Cloud to Cloud,7795,19958,8
2026-10-05T15:16:44.416459123Z,2.389165,116.099159,Cloud to Ground,-60450,0,16
2026-10-05T15:16:45.995659956Z,10.012104,127.406247,Cloud to Ground,-39401,0,9
2026-10-05T15:16:46.061730000Z,10.0167,127.4618,Cloud to Ground,-35990,0,7
2026-10-05T15:16:46.229115592Z,2.711302,116.937854,Cloud to Ground,-11432,0,8
2026-10-05T15:16:46.416217078Z,4.856329,123.560391,Cloud to Ground,28656,0,18
2026-10-05T15:16:46.262032872Z,2.555674,113.102999,Cloud to Ground,-38807,0,21
2026-10-05T15:16:46.311825418Z,2.551086,113.103483,Cloud to Ground,25581,0,16
2026-10-05T15:16:46.378276775Z,2.550177,113.097354,Cloud to Ground,29964,0,19
2026-10-05T15:16:46.347537274Z,2.546068,113.117161,Cloud to Ground,31818,0,22
2026-10-05T15:16:46.272662283Z,2.569146,113.146531,Cloud to Ground,91083,0,22
2026-10-05T15:16:47.706942251Z,13.34362,122.371291,Cloud to Ground,-13828,0,13
2026-10-05T15:16:48.090344129Z,2.809002,116.58572,Cloud to Ground,15916,0,12
2026-10-05T15:16:48.066869959Z,2.815311,116.6221,Cloud to Ground,99108,0,32
2026-10-05T15:16:49.782121117Z,20.875297,116.459586,Cloud to Ground,-66660,0,12
2026-10-05T15:16:50.341524287Z,15.764931,119.668947,Cloud to Ground,-43994,0,18
2026-10-05T15:16:50.340762234Z,15.776544,119.665298,Cloud to Cloud,-8804,12867,6
2026-10-05T15:16:50.935953145Z,19.934402,110.345209,Cloud to Ground,-17357,0,8
2026-10-05T15:16:50.936605374Z,19.915559,110.343934,Cloud to Cloud,11208,3976,11
2026-10-05T15:16:50.043608000Z,6.8795,127.4613,Cloud to Ground,-10421,0,7
2026-10-05T15:16:50.623460000Z,20.8774,116.3808,Cloud to Ground,-13206,0,8
2026-10-05T15:16:51.258782639Z,2.890415,117.610613,Cloud to Ground,15329,0,10
2026-10-05T15:16:51.409599817Z,6.979278,127.096175,Cloud to Ground,-80654,0,13
2026-10-05T15:16:51.471884000Z,6.9094,127.1816,Cloud to Ground,-11420,0,8
2026-10-05T15:16:51.390768604Z,10.785729,127.707784,Cloud to Cloud,9679,15542,9
2026-10-05T15:16:55.511744150Z,9.96118,127.993275,Cloud to Ground,-30652,0,8
2026-10-05T15:16:55.679675829Z,9.928888,127.987299,Cloud to Ground,-20657,0,12
2026-10-05T15:16:55.593345406Z,9.947988,127.947977,Cloud to Ground,-19336,0,18
2026-10-05T15:16:55.234355386Z,1.718855,115.404396,Cloud to Ground,53359,0,27
2026-10-05T15:16:55.755850104Z,15.648967,121.89803,Cloud to Ground,-77528,0,13
2026-10-05T15:16:56.073446277Z,15.643206,121.903368,Cloud to Ground,-39660,0,10
2026-10-05T15:16:55.982728355Z,15.64643,121.90718,Cloud to Ground,-33980,0,11
2026-10-05T15:16:56.411354988Z,15.646953,121.905713,Cloud to Ground,-14359,0,9
2026-10-05T15:16:55.896345000Z,15.6728,121.7925,Cloud to Ground,-19519,0,7
2026-10-05T15:16:55.742042689Z,15.233753,120.387915,Cloud to Ground,-41918,0,7
2026-10-05T15:16:55.790955410Z,15.383303,120.508684,Cloud to Cloud,14670,4683,10
2026-10-05T15:16:55.795836000Z,15.3446,120.2439,Cloud to Ground,-19757,0,5
2026-10-05T15:16:56.044554784Z,15.451659,120.434005,Cloud to Ground,-19097,0,7
2026-10-05T15:16:56.541194342Z,15.423785,119.534288,Cloud to Ground,-25246,0,8
2026-10-05T15:16:56.888666316Z,15.414152,119.500984,Cloud to Ground,-17623,0,8
2026-10-05T15:16:56.626628620Z,15.415125,119.523025,Cloud to Ground,-12861,0,6
2026-10-05T15:16:56.593982000Z,15.4844,119.7935,Cloud to Ground,47166,0,5
2026-10-05T15:16:56.490951000Z,15.6439,119.9091,Cloud to Ground,78121,0,5
2026-10-05T15:16:57.366622342Z,2.187325,116.432787,Cloud to Ground,16805,0,14
2026-10-05T15:16:57.308498588Z,2.200827,116.405269,Cloud to Ground,17983,0,11
2026-10-05T15:16:58.463999126Z,2.673942,116.965114,Cloud to Cloud,9095,11995,8
2026-10-05T15:16:58.753466271Z,13.264208,120.431422,Cloud to Ground,-26662,0,9
2026-10-05T15:16:58.723856983Z,13.262299,122.316797,Cloud to Cloud,-12308,18930,9
2026-10-05T15:16:58.711280368Z,13.256468,122.31635,Cloud to Cloud,11440,17059,9
2026-10-05T15:17:01.329394000Z,2.0077,115.6511,Cloud to Ground,15695,0,5
2026-10-05T15:17:01.324381262Z,1.989908,115.700224,Cloud to Ground,16414,0,13
2026-10-05T15:17:01.325586000Z,2.0483,115.7011,Cloud to Ground,26574,0,11
2026-10-05T15:17:01.124552819Z,2.934309,117.008896,Cloud to Ground,23327,0,17
2026-10-05T15:17:02.762867840Z,2.399142,118.072162,Cloud to Ground,21704,0,14
2026-10-05T15:17:02.666535091Z,13.263119,122.300712,Cloud to Cloud,6377,5667,6
2026-10-05T15:17:03.744663503Z,10.019368,127.35598,Cloud to Cloud,-23194,3295,22
2026-10-05T15:17:03.407063000Z,6.6793,127.1962,Cloud to Ground,2656,0,5
2026-10-05T15:17:03.232320000Z,6.766,127.3524,Cloud to Ground,-25370,0,5
2026-10-05T15:17:03.303447000Z,6.7519,127.3549,Cloud to Ground,-18235,0,6
2026-10-05T15:17:04.624495774Z,13.215649,122.421395,Cloud to Cloud,-4367,5479,6
2026-10-05T15:17:05.338884570Z,1.994724,117.440754,Cloud to Ground,30763,0,20
2026-10-05T15:17:05.417844720Z,2.03642,117.43659,Cloud to Ground,33505,0,17
2026-10-05T15:17:05.160017720Z,6.839515,127.204508,Cloud to Cloud,7713,3000,7
2026-10-05T15:17:05.398903989Z,6.857734,127.213847,Cloud to Ground,20716,0,8
2026-10-05T15:17:05.811685166Z,13.252564,122.263639,Cloud to Ground,-10414,0,8
2026-10-05T15:17:06.616434000Z,21.9924,121.1675,Cloud to Ground,-36286,0,10
2026-10-05T15:17:06.629083044Z,21.935275,121.207423,Cloud to Cloud,-5008,9394,6
2026-10-05T15:17:06.653251870Z,21.918339,121.170034,Cloud to Cloud,-4326,17390,7
2026-10-05T15:17:06.670624588Z,21.946757,121.231598,Cloud to Cloud,-4055,8139,6
2026-10-05T15:17:06.619917560Z,21.938977,121.205509,Cloud to Cloud,2944,3064,7
2026-10-05T15:17:06.715012393Z,21.924124,121.188259,Cloud to Cloud,3986,19006,9
2026-10-05T15:17:07.737856491Z,11.395317,123.819612,Cloud to Cloud,5064,15936,5
2026-10-05T15:17:07.734748825Z,11.394659,123.819197,Cloud to Cloud,6549,16059,5
2026-10-05T15:17:08.006153963Z,11.497036,123.659049,Cloud to Cloud,6299,19743,6
2026-10-05T15:17:09.096106150Z,5.819781,118.781038,Cloud to Ground,26211,0,14
2026-10-05T15:17:09.096899356Z,5.813805,118.781405,Cloud to Ground,28564,0,18
2026-10-05T15:17:09.355036125Z,12.9012,122.681992,Cloud to Ground,54400,0,10
2026-10-05T15:17:10.386849092Z,2.753131,116.971015,Cloud to Ground,24202,0,11
2026-10-05T15:17:10.404108000Z,4.4337,122.1334,Cloud to Ground,42783,0,6
2026-10-05T15:17:11.669874453Z,2.802602,116.416922,Cloud to Ground,-10395,0,17
2026-10-05T15:17:11.312868000Z,13.2776,122.3674,Cloud to Ground,-25591,0,6
2026-10-05T15:17:11.780878611Z,13.221273,122.325074,Cloud to Ground,-8435,0,7
2026-10-05T15:17:12.394995953Z,2.638414,116.384208,Cloud to Ground,39882,0,28
2026-10-05T15:17:12.397825000Z,2.7661,116.2579,Cloud to Ground,-9655,0,5
2026-10-05T15:17:12.969596609Z,13.219738,122.394064,Cloud to Ground,-12958,0,6
2026-10-05T15:17:13.402270723Z,10.003048,127.35923,Cloud to Ground,-29275,0,9
2026-10-05T15:17:13.484789138Z,9.966257,127.326558,Cloud to Ground,-22240,0,17
2026-10-05T15:17:13.433900042Z,10.155687,127.340346,Cloud to Ground,-14554,0,18
2026-10-05T15:17:13.867042982Z,2.112842,116.644825,Cloud to Ground,-10220,0,10
2026-10-05T15:17:13.681796600Z,13.233991,122.274191,Cloud to Cloud,8691,4112,6
2026-10-05T15:17:14.753768479Z,4.84229,123.466681,Cloud to Cloud,-30092,3882,23
2026-10-05T15:17:15.933983939Z,2.242191,116.3919,Cloud to Ground,13304,0,8
2026-10-05T15:17:15.935066186Z,2.255358,116.385625,Cloud to Ground,48234,0,30
2026-10-05T15:17:15.884471677Z,11.030533,126.268513,Cloud to Ground,-32391,0,10
2026-10-05T15:17:15.433000034Z,11.070004,126.332959,Cloud to Ground,17051,0,8
2026-10-05T15:17:15.883752317Z,11.039519,126.095052,Cloud to Cloud,16370,15128,13
2026-10-05T15:17:16.846561883Z,2.936866,117.61741,Cloud to Ground,12715,0,13
2026-10-05T15:17:17.226816713Z,2.940946,117.592296,Cloud to Ground,12863,0,9
2026-10-05T15:17:16.894388873Z,2.933686,117.61064,Cloud to Ground,15113,0,11
2026-10-05T15:17:19.405532236Z,17.415895,110.349622,Cloud to Ground,18884,0,11
2026-10-05T15:17:18.954200873Z,17.439397,110.658348,Cloud to Ground,-40339,0,12
2026-10-05T15:17:18.934254200Z,17.445705,110.523413,Cloud to Cloud,-29833,3104,14
2026-10-05T15:17:19.386133928Z,17.430528,110.494267,Cloud to Ground,14245,0,6
2026-10-05T15:17:19.555948187Z,17.450554,110.55893,Cloud to Ground,15242,0,7
2026-10-05T15:17:19.443120208Z,17.444787,110.56955,Cloud to Ground,15628,0,7
2026-10-05T15:17:19.053957925Z,17.46658,110.604188,Cloud to Ground,43538,0,15
2026-10-05T15:17:19.022299370Z,17.446905,110.518732,Cloud to Ground,57656,0,11
2026-10-05T15:17:19.506252073Z,22.729052,122.221039,Cloud to Cloud,-8379,6001,8
2026-10-05T15:17:19.220875155Z,22.729259,122.201277,Cloud to Cloud,5710,18096,8
2026-10-05T15:17:19.214544788Z,22.739458,122.187717,Cloud to Cloud,6973,16277,9
2026-10-05T15:17:19.212731053Z,22.742426,122.191304,Cloud to Ground,20587,0,9
2026-10-05T15:17:19.951111028Z,13.252966,122.380486,Cloud to Cloud,5195,18327,5
2026-10-05T15:17:20.829673879Z,10.797638,127.72844,Cloud to Ground,23474,0,9
2026-10-05T15:17:20.435517791Z,10.003755,127.356211,Cloud to Ground,-38385,0,6
2026-10-05T15:17:20.346384000Z,10.0196,127.3369,Cloud to Ground,-28754,0,8
2026-10-05T15:17:20.787928392Z,15.426772,120.449381,Cloud to Ground,23545,0,9
2026-10-05T15:17:20.483623000Z,6.8387,127.109,Cloud to Ground,-15937,0,14
2026-10-05T15:17:20.580582000Z,6.8197,127.0657,Cloud to Ground,-12804,0,5
2026-10-05T15:17:21.907278520Z,12.296246,122.820049,Cloud to Cloud,-10706,6283,7
2026-10-05T15:17:21.491343000Z,12.4302,122.746,Cloud to Ground,-40551,0,10
2026-10-05T15:17:21.554023523Z,12.464518,122.828561,Cloud to Ground,-24978,0,7
2026-10-05T15:17:21.517696000Z,12.3851,122.7511,Cloud to Ground,-23465,0,5
2026-10-05T15:17:21.567659903Z,12.429617,122.785908,Cloud to Ground,-5488,0,6
2026-10-05T15:17:22.890326712Z,8.546647,128.223451,Cloud to Ground,-18476,0,13
2026-10-05T15:17:22.556084080Z,6.764959,127.26059,Cloud to Ground,-26904,0,25
2026-10-05T15:17:22.153519553Z,8.569509,128.263118,Cloud to Ground,-25550,0,9
2026-10-05T15:17:22.053221000Z,8.5953,128.3603,Cloud to Ground,130782,0,7
2026-10-05T15:17:23.893601230Z,7.771146,130.37739,Cloud to Ground,-31681,0,19
2026-10-05T15:17:23.668658338Z,7.680038,130.199733,Cloud to Cloud,-24404,14266,16
2026-10-05T15:17:23.753356000Z,7.8534,130.5605,Cloud to Ground,23028,0,10
2026-10-05T15:17:23.402199000Z,21.4064,115.22,Cloud to Ground,-51521,0,11
2026-10-05T15:17:23.464923000Z,21.5294,115.386,Cloud to Ground,-13155,0,5
2026-10-05T15:17:24.086313000Z,2.424,112.907,Cloud to Ground,27810,0,10
2026-10-05T15:17:25.615642318Z,9.251453,114.154522,Cloud to Ground,-44810,0,8
2026-10-05T15:17:25.545488719Z,9.234904,114.093826,Cloud to Ground,-13720,0,7
2026-10-05T15:17:25.859158085Z,9.299269,114.151741,Cloud to Cloud,31911,6164,8
2026-10-05T15:17:25.699235605Z,9.253626,114.092105,Cloud to Ground,41019,0,12
2026-10-05T15:17:25.773133112Z,9.252846,114.091891,Cloud to Ground,49603,0,13
2026-10-05T15:17:25.562635120Z,9.253218,114.111,Cloud to Ground,57444,0,14
2026-10-05T15:17:25.736112017Z,9.296633,114.143726,Cloud to Ground,60268,0,10
2026-10-05T15:17:25.819515505Z,9.273056,114.110913,Cloud to Ground,70876,0,8
2026-10-05T15:17:25.519947726Z,9.254691,114.174418,Cloud to Ground,94525,0,15
2026-10-05T15:17:25.588897364Z,9.212131,114.050663,Cloud to Ground,99930,0,8
2026-10-05T15:17:25.672503576Z,9.282274,114.120561,Cloud to Ground,157176,0,9
2026-10-05T15:17:27.255321788Z,13.137049,122.448744,Cloud to Cloud,19913,3001,7
2026-10-05T15:17:27.663625000Z,9.9684,127.4045,Cloud to Ground,-25349,0,9
2026-10-05T15:17:29.862704605Z,13.28028,122.444117,Cloud to Ground,-33383,0,9
2026-10-05T15:17:30.758224894Z,2.597437,113.14076,Cloud to Cloud,-15975,4098,15
2026-10-05T15:17:30.756078027Z,2.560485,113.119344,Cloud to Cloud,-10066,3371,17
2026-10-05T15:17:30.754381079Z,2.553647,113.155911,Cloud to Ground,29539,0,21
2026-10-05T15:17:31.524822941Z,15.050317,120.948965,Cloud to Cloud,-9324,18004,8
2026-10-05T15:17:31.652990841Z,14.337446,121.22643,Cloud to Ground,-17152,0,11
2026-10-05T15:17:31.785466000Z,14.3241,121.0527,Cloud to Ground,-9991,0,7
2026-10-05T15:17:31.870944867Z,14.307003,121.139033,Cloud to Ground,-7804,0,6
2026-10-05T15:17:31.488851432Z,15.242174,119.572741,Cloud to Cloud,24773,14991,11
2026-10-05T15:17:32.859576000Z,9.9476,127.0832,Cloud to Ground,-29804,0,6
2026-10-05T15:17:32.451120832Z,9.969321,127.085953,Cloud to Ground,-16019,0,5
2026-10-05T15:17:32.296455719Z,1.934341,115.736806,Cloud to Ground,40348,0,19
2026-10-05T15:17:32.883577000Z,4.3492,122.6691,Cloud to Ground,20736,0,12
2026-10-05T15:17:32.881144057Z,4.343284,122.714899,Cloud to Ground,28467,0,9
2026-10-05T15:17:33.642693234Z,15.853194,119.59575,Cloud to Cloud,-16098,3005,11
2026-10-05T15:17:33.567861883Z,15.929198,119.559934,Cloud to Cloud,-12993,18542,7
2026-10-05T15:17:33.192082137Z,15.747529,122.018425,Cloud to Cloud,-6670,15603,8
2026-10-05T15:17:33.234146182Z,15.661982,121.94071,Cloud to Cloud,20076,3132,7
2026-10-05T15:17:33.012669280Z,10.812516,127.865641,Cloud to Ground,15533,0,9
2026-10-05T15:17:36.279740238Z,8.905508,124.418364,Cloud to Ground,-31242,0,17
2026-10-05T15:17:36.471717000Z,8.7904,124.4858,Cloud to Ground,11694,0,5
2026-10-05T15:17:36.707315000Z,8.8187,124.382,Cloud to Ground,351,0,5
2026-10-05T15:17:36.336366000Z,8.7703,124.361,Cloud to Ground,22403,0,5
2026-10-05T15:17:37.964079753Z,5.679306,123.745753,Cloud to Ground,-10009,0,8
2026-10-05T15:17:37.395649069Z,20.523006,116.20386,Cloud to Cloud,-14678,3011,10
2026-10-05T15:17:38.476024045Z,2.605269,116.099889,Cloud to Ground,36056,0,30
2026-10-05T15:17:38.312595000Z,10.7588,127.9026,Cloud to Ground,-26102,0,10
2026-10-05T15:17:39.551196961Z,2.120557,114.215272,Cloud to Ground,13368,0,13
2026-10-05T15:17:39.552513421Z,2.217127,114.188946,Cloud to Ground,-16934,0,18
2026-10-05T15:17:39.097332614Z,2.846886,117.404082,Cloud to Ground,10676,0,7
2026-10-05T15:17:42.181858106Z,10.008581,127.435737,Cloud to Ground,-39926,0,8
2026-10-05T15:17:42.283078000Z,10.0025,127.3536,Cloud to Ground,-24848,0,9
2026-10-05T15:17:42.836986632Z,14.781978,120.835848,Cloud to Cloud,-9285,13060,7
2026-10-05T15:17:42.929008000Z,6.8409,127.1922,Cloud to Ground,16855,0,8
2026-10-05T15:17:43.158687392Z,5.826879,110.97216,Cloud to Ground,-22179,0,16
2026-10-05T15:17:43.357774601Z,12.434953,122.781857,Cloud to Cloud,5422,6390,5
2026-10-05T15:17:43.968947007Z,15.249675,121.869411,Cloud to Ground,-16470,0,9
2026-10-05T15:17:45.001874367Z,2.369458,115.916164,Cloud to Ground,14534,0,11
2026-10-05T15:17:45.365939149Z,13.259464,122.312345,Cloud to Ground,-4772,0,7
2026-10-05T15:17:46.554517164Z,15.307053,120.474869,Cloud to Cloud,3983,3090,7
2026-10-05T15:17:46.545782116Z,15.366045,120.408266,Cloud to Cloud,14996,3771,8
2026-10-05T15:17:46.531187757Z,15.329862,120.419586,Cloud to Cloud,31061,4213,7
2026-10-05T15:17:47.024477319Z,3.296397,117.576152,Cloud to Cloud,-8029,3023,14
2026-10-05T15:17:47.288528884Z,2.764858,116.998003,Cloud to Ground,-21225,0,17
2026-10-05T15:17:47.285370029Z,2.735682,116.988959,Cloud to Ground,-12271,0,16
2026-10-05T15:17:47.172032632Z,2.733668,116.980297,Cloud to Ground,23682,0,17
2026-10-05T15:17:47.626454722Z,6.858113,127.398329,Cloud to Ground,8859,0,7
2026-10-05T15:17:48.043537296Z,6.833592,127.300709,Cloud to Cloud,-11999,9205,9
2026-10-05T15:17:49.365523292Z,12.825809,122.54122,Cloud to Cloud,-4277,6203,6
2026-10-05T15:17:49.084248701Z,12.846937,122.557761,Cloud to Cloud,4756,3507,6
2026-10-05T15:17:49.007907726Z,13.197748,122.333304,Cloud to Ground,37380,0,7
2026-10-05T15:17:51.006242987Z,2.877265,117.560242,Cloud to Ground,19039,0,8
2026-10-05T15:17:50.931931727Z,2.882985,117.612766,Cloud to Ground,33680,0,18
2026-10-05T15:17:51.813940507Z,15.501127,120.57196,Cloud to Ground,-66372,0,8
2026-10-05T15:17:51.710949359Z,15.504387,120.57035,Cloud to Ground,-32688,0,11
2026-10-05T15:17:51.741457378Z,15.470123,120.461274,Cloud to Ground,-17834,0,9
2026-10-05T15:17:51.755347240Z,15.500951,120.515326,Cloud to Cloud,19535,19980,10
2026-10-05T15:17:52.506404767Z,6.850423,127.256424,Cloud to Ground,17857,0,10
2026-10-05T15:17:52.335033204Z,2.144321,116.760112,Cloud to Cloud,-8592,6143,18
2026-10-05T15:17:52.120623246Z,2.267145,116.390279,Cloud to Ground,-13413,0,21
2026-10-05T15:17:52.159989939Z,2.19829,116.421481,Cloud to Ground,38122,0,18
2026-10-05T15:17:52.093302568Z,2.198741,116.426689,Cloud to Ground,49902,0,19
2026-10-05T15:17:52.372476585Z,2.298957,116.295839,Cloud to Ground,-11433,0,14
2026-10-05T15:17:53.405804300Z,11.782941,125.913362,Cloud to Ground,-98842,0,12
2026-10-05T15:17:53.501620219Z,11.761852,125.917146,Cloud to Ground,-42975,0,11
2026-10-05T15:17:53.469228777Z,15.992949,119.728527,Cloud to Ground,-24287,0,7
2026-10-05T15:17:53.443129109Z,15.931456,119.595597,Cloud to Ground,-79653,0,16
2026-10-05T15:17:53.794115511Z,13.149946,122.432337,Cloud to Cloud,21547,10919,7
2026-10-05T15:17:54.098413726Z,6.772667,127.247809,Cloud to Ground,-23729,0,14
2026-10-05T15:17:54.172630874Z,6.770638,127.301538,Cloud to Ground,-11613,0,18
2026-10-05T15:17:54.606969000Z,9.9881,127.3497,Cloud to Ground,-32121,0,6
2026-10-05T15:17:56.550524497Z,9.920598,127.084642,Cloud to Cloud,-12022,10391,6
2026-10-05T15:17:56.524333645Z,9.978673,127.254349,Cloud to Ground,-47491,0,9
2026-10-05T15:17:56.895929249Z,10.034525,127.228875,Cloud to Cloud,17544,12176,7
2026-10-05T15:17:57.227572785Z,9.959717,127.944125,Cloud to Ground,-26449,0,7
2026-10-05T15:17:57.469244919Z,9.979425,127.896,Cloud to Cloud,-20735,5124,27
2026-10-05T15:17:57.305638807Z,10.06615,127.883366,Cloud to Ground,-20487,0,17
2026-10-05T15:17:58.296937771Z,9.999041,127.236471,Cloud to Cloud,19615,8535,10
2026-10-05T15:18:00.543282917Z,22.859535,122.185711,Cloud to Ground,10234,0,8
2026-10-05T15:18:00.593722073Z,22.778847,122.285991,Cloud to Cloud,3237,12243,5
2026-10-05T15:18:00.558836646Z,22.751005,122.322733,Cloud to Cloud,4604,6437,6
2026-10-05T15:18:00.546098066Z,22.741786,122.318364,Cloud to Cloud,6697,10477,7
2026-10-05T15:18:00.582382315Z,22.756148,122.3087,Cloud to Cloud,7300,3501,10
2026-10-05T15:18:00.546584778Z,22.744627,122.315212,Cloud to Cloud,7586,10631,8
2026-10-05T15:18:00.633585754Z,22.748607,122.320068,Cloud to Cloud,7896,3065,10
2026-10-05T15:18:00.158817525Z,10.211613,126.196672,Cloud to Ground,-19777,0,13
2026-10-05T15:18:00.038473522Z,10.253295,126.311224,Cloud to Ground,-61616,0,16
2026-10-05T15:18:00.112217825Z,10.169995,126.329822,Cloud to Cloud,-40470,5333,27
2026-10-05T15:18:00.660098000Z,17.4625,110.6243,Cloud to Ground,16912,0,9
2026-10-05T15:18:00.766699777Z,17.489214,110.60427,Cloud to Ground,30944,0,10
2026-10-05T15:18:00.531848365Z,17.426006,110.518005,Cloud to Ground,36029,0,10
2026-10-05T15:18:00.583467018Z,17.43718,110.559698,Cloud to Ground,36374,0,7
2026-10-05T15:18:00.456430154Z,17.448483,110.542934,Cloud to Ground,94841,0,9
2026-10-05T15:18:00.347505000Z,4.8919,123.6337,Cloud to Ground,-36494,0,6
2026-10-05T15:18:01.385670000Z,6.7877,127.232,Cloud to Ground,-5528,0,5
2026-10-05T15:18:01.891891207Z,6.863788,127.183505,Cloud to Ground,36899,0,12
2026-10-05T15:18:02.649887513Z,2.732179,116.877529,Cloud to Cloud,7883,16531,7
2026-10-05T15:18:02.383949445Z,2.722831,116.900006,Cloud to Ground,17314,0,16
2026-10-05T15:18:02.628630903Z,2.693071,114.495789,Cloud to Cloud,9676,3033,10
2026-10-05T15:18:03.163538496Z,13.264316,122.271832,Cloud to Ground,25203,0,11
2026-10-05T15:18:04.821760946Z,2.724445,116.406844,Cloud to Ground,31642,0,15
2026-10-05T15:18:04.821011000Z,6.6208,119.6792,Cloud to Ground,22356,0,5
2026-10-05T15:18:05.010293000Z,6.554,119.7405,Cloud to Ground,-24228,0,6
2026-10-05T15:18:04.812300183Z,6.519015,119.708604,Cloud to Ground,36458,0,14
2026-10-05T15:18:05.505811281Z,2.56418,113.169701,Cloud to Cloud,9083,5818,7
2026-10-05T15:18:05.421627042Z,2.590522,113.043352,Cloud to Cloud,9296,3071,8
2026-10-05T15:18:05.296609126Z,2.540686,113.089671,Cloud to Ground,17496,0,10
2026-10-05T15:18:04.837275851Z,2.546795,113.122171,Cloud to Ground,19891,0,20
2026-10-05T15:18:04.786797872Z,2.553408,113.114172,Cloud to Ground,35073,0,26
2026-10-05T15:18:04.753405449Z,2.547139,113.125795,Cloud to Ground,130315,0,29
2026-10-05T15:18:04.503312634Z,2.158197,116.286615,Cloud to Ground,14255,0,15
2026-10-05T15:18:04.502315401Z,2.172361,116.291811,Cloud to Ground,28973,0,8
2026-10-05T15:18:05.509561680Z,2.716426,113.296335,Cloud to Ground,-11870,0,10
2026-10-05T15:18:05.899376000Z,10.1904,127.9845,Cloud to Ground,-13345,0,5
2026-10-05T15:18:06.033693000Z,10.0273,127.6243,Cloud to Ground,-24785,0,7
2026-10-05T15:18:07.260808144Z,9.318951,114.143033,Cloud to Cloud,-11656,3653,10
2026-10-05T15:18:07.229390052Z,9.302165,114.134891,Cloud to Cloud,-9130,18441,8
2026-10-05T15:18:07.476597798Z,9.345211,114.127353,Cloud to Cloud,9576,6976,7
2026-10-05T15:18:07.399914875Z,22.786573,121.860349,Cloud to Cloud,-3440,3008,6
2026-10-05T15:18:07.388547056Z,22.779679,121.884709,Cloud to Cloud,2883,5011,6
2026-10-05T15:18:09.111738916Z,20.645148,116.242862,Cloud to Ground,-44575,0,9
2026-10-05T15:18:09.564842008Z,20.645602,116.235762,Cloud to Ground,-24037,0,8
2026-10-05T15:18:09.038291856Z,20.606409,116.248582,Cloud to Cloud,-23062,5294,10
2026-10-05T15:18:09.640665000Z,20.6864,116.2084,Cloud to Ground,-10731,0,7
2026-10-05T15:18:09.489083070Z,13.246715,122.333911,Cloud to Ground,-20378,0,7
2026-10-05T15:18:09.595747247Z,13.253815,122.299748,Cloud to Cloud,-5330,7845,5
2026-10-05T15:18:10.309280912Z,6.895734,127.160359,Cloud to Ground,25175,0,13
2026-10-05T15:18:11.930448313Z,4.39775,122.226841,Cloud to Ground,-59236,0,11
2026-10-05T15:18:11.993866936Z,4.284612,122.066694,Cloud to Ground,-29004,0,6
2026-10-05T15:18:12.018005578Z,4.38017,122.068205,Cloud to Cloud,-19185,3066,20
2026-10-05T15:18:11.919696976Z,4.33725,122.127717,Cloud to Ground,-15686,0,10
2026-10-05T15:18:11.953231709Z,4.362873,122.108061,Cloud to Ground,-14084,0,16
2026-10-05T15:18:12.073209855Z,4.318794,121.988187,Cloud to Cloud,13159,19127,7
2026-10-05T15:18:12.232258936Z,2.724786,116.990317,Cloud to Ground,-17732,0,20
2026-10-05T15:18:13.349608818Z,15.937675,119.7332,Cloud to Cloud,-32899,4162,8
2026-10-05T15:18:13.243757024Z,15.959085,119.671509,Cloud to Ground,14109,0,12
2026-10-05T15:18:15.596121945Z,12.751629,122.706197,Cloud to Ground,-37859,0,8
2026-10-05T15:18:15.627180411Z,12.694834,122.640836,Cloud to Ground,-14880,0,7
2026-10-05T15:18:15.646381688Z,12.695621,122.640613,Cloud to Ground,-9244,0,7
2026-10-05T15:18:15.542354000Z,12.7268,122.5629,Cloud to Ground,18422,0,5
2026-10-05T15:18:15.742757000Z,2.6823,116.507,Cloud to Ground,-10008,0,6
2026-10-05T15:18:16.158774658Z,6.781114,127.333406,Cloud to Ground,-38062,0,22
2026-10-05T15:18:16.200615000Z,6.7974,127.2723,Cloud to Ground,-18150,0,5
2026-10-05T15:18:18.144742985Z,13.232221,122.330414,Cloud to Ground,-6134,0,5
2026-10-05T15:18:18.633743553Z,15.537507,121.90107,Cloud to Ground,-14766,0,12
2026-10-05T15:18:18.585500931Z,15.642528,121.913528,Cloud to Ground,-86538,0,16
2026-10-05T15:18:18.646326077Z,15.641278,121.925484,Cloud to Ground,-42235,0,8
2026-10-05T15:18:19.049988304Z,15.665502,121.931239,Cloud to Ground,-12737,0,8
2026-10-05T15:18:19.050602117Z,15.674298,121.936802,Cloud to Ground,-11233,0,11
2026-10-05T15:18:18.684004548Z,15.645202,121.933535,Cloud to Ground,-10293,0,9
2026-10-05T15:18:18.672991491Z,15.648305,121.934776,Cloud to Ground,-8614,0,7
2026-10-05T15:18:19.335291261Z,15.664353,121.932504,Cloud to Ground,-8233,0,7
2026-10-05T15:18:20.713822920Z,4.86785,123.468866,Cloud to Ground,-60232,0,15
2026-10-05T15:18:20.604259323Z,4.87527,123.475046,Cloud to Ground,-45200,0,28
2026-10-05T15:18:20.490983395Z,7.218491,111.425829,Cloud to Ground,-104414,0,20
2026-10-05T15:18:20.541089559Z,7.061341,111.376535,Cloud to Ground,-33903,0,18
2026-10-05T15:18:20.486226611Z,7.085908,111.459081,Cloud to Ground,31240,0,8
2026-10-05T15:18:20.628179184Z,10.003395,127.266784,Cloud to Cloud,-16955,3885,10
2026-10-05T15:18:20.587245000Z,10.1166,127.6426,Cloud to Ground,-14767,0,5
2026-10-05T15:18:21.246525965Z,9.976606,127.376717,Cloud to Ground,-20008,0,5
2026-10-05T15:18:21.510938667Z,7.06539,111.259332,Cloud to Cloud,-21108,3173,12
2026-10-05T15:18:21.504418707Z,7.067335,111.288818,Cloud to Cloud,13292,17983,6
2026-10-05T15:18:22.493150414Z,15.938581,119.567542,Cloud to Cloud,12017,19843,10
2026-10-05T15:18:23.371972433Z,15.514202,120.5117,Cloud to Ground,-5424,0,6
2026-10-05T15:18:25.286348866Z,21.341333,115.461028,Cloud to Ground,-26085,0,16
2026-10-05T15:18:29.656878251Z,8.159082,128.317263,Cloud to Cloud,-13250,14066,11
2026-10-05T15:18:29.707441000Z,8.1904,128.3033,Cloud to Ground,67260,0,5
2026-10-05T15:18:29.661330646Z,8.146907,128.420774,Cloud to Ground,-120458,0,14
2026-10-05T15:18:29.740413000Z,8.1581,128.4296,Cloud to Ground,667,0,8
2026-10-05T15:18:29.798865051Z,2.015521,115.807808,Cloud to Ground,30738,0,16
2026-10-05T15:18:29.133454680Z,2.079788,115.74192,Cloud to Cloud,-16561,3962,19
2026-10-05T15:18:30.784998365Z,6.8441,127.298014,Cloud to Ground,-30428,0,7
2026-10-05T15:18:30.928195610Z,6.91049,127.25578,Cloud to Ground,-15892,0,7
2026-10-05T15:18:30.203847233Z,13.214527,122.375352,Cloud to Ground,-5361,0,7
2026-10-05T15:18:30.825875438Z,10.10193,127.368407,Cloud to Ground,-16115,0,17
2026-10-05T15:18:31.697137502Z,7.70906,130.372736,Cloud to Ground,29954,0,7
2026-10-05T15:18:31.695364831Z,7.643344,130.321509,Cloud to Cloud,32981,3768,7
2026-10-05T15:18:31.050053994Z,14.717895,120.878684,Cloud to Cloud,-11851,3551,11
2026-10-05T15:18:31.082977000Z,6.7409,127.2408,Cloud to Ground,-18576,0,7
2026-10-05T15:18:32.315042577Z,15.82388,119.634081,Cloud to Cloud,11833,8687,7
2026-10-05T15:18:33.260138797Z,13.256048,122.258921,Cloud to Cloud,5064,18752,5
2026-10-05T15:18:35.070403998Z,2.801675,116.784987,Cloud to Ground,-8758,0,10
2026-10-05T15:18:34.605864262Z,2.803687,116.7947,Cloud to Ground,25891,0,13
2026-10-05T15:18:34.992955848Z,13.257275,122.395969,Cloud to Ground,-7841,0,7
2026-10-05T15:18:35.104135406Z,13.256792,122.394568,Cloud to Ground,-6588,0,6
2026-10-05T15:18:35.277336501Z,13.256115,122.394789,Cloud to Ground,-5885,0,6
2026-10-05T15:18:35.118567677Z,2.940025,116.615726,Cloud to Cloud,-11974,3013,13
2026-10-05T15:18:36.644166440Z,15.676278,120.982959,Cloud to Ground,29959,0,10
2026-10-05T15:18:38.164407078Z,2.244252,116.36178,Cloud to Ground,10926,0,7
2026-10-05T15:18:40.777553304Z,2.019154,117.389902,Cloud to Cloud,-11655,3005,13
2026-10-05T15:18:40.815740338Z,2.017826,117.404767,Cloud to Cloud,7748,5569,9
2026-10-05T15:18:40.811896547Z,2.004248,117.401243,Cloud to Ground,8684,0,8
2026-10-05T15:18:40.529794334Z,2.757803,116.42188,Cloud to Cloud,10490,4972,8
2026-10-05T15:18:40.450948877Z,2.750038,116.473922,Cloud to Ground,22007,0,16
2026-10-05T15:18:43.877001814Z,15.253743,121.856379,Cloud to Ground,-19316,0,10
2026-10-05T15:18:43.746680165Z,15.252953,121.892666,Cloud to Ground,-16487,0,8
2026-10-05T15:18:43.385979482Z,10.061968,127.398838,Cloud to Ground,36947,0,7
2026-10-05T15:18:43.729285000Z,6.7514,127.2538,Cloud to Ground,-20374,0,7
2026-10-05T15:18:44.641384006Z,12.870773,122.571908,Cloud to Ground,41080,0,7
2026-10-05T15:18:44.928420000Z,11.4946,123.7439,Cloud to Ground,-17884,0,5
2026-10-05T15:18:45.535255762Z,2.038649,117.442643,Cloud to Ground,24070,0,16
2026-10-05T15:18:45.001478320Z,11.40198,123.787526,Cloud to Ground,-17235,0,8
2026-10-05T15:18:45.054051690Z,11.405876,123.775675,Cloud to Ground,-14941,0,6
2026-10-05T15:18:45.304508584Z,11.405916,123.775865,Cloud to Ground,-5082,0,5
2026-10-05T15:18:46.060283454Z,2.190373,116.364424,Cloud to Ground,23270,0,16
2026-10-05T15:18:46.717270000Z,10.4801,122.6459,Cloud to Ground,-22942,0,9
2026-10-05T15:18:47.184743492Z,5.549838,124.067774,Cloud to Cloud,-45169,4506,23
2026-10-05T15:18:47.139362000Z,5.6183,124.326,Cloud to Ground,-12994,0,6
2026-10-05T15:18:47.234253000Z,5.6081,124.2859,Cloud to Ground,-10228,0,9
2026-10-05T15:18:47.505973974Z,21.916347,121.158737,Cloud to Cloud,4947,5959,6
2026-10-05T15:18:48.409177358Z,13.294472,122.446961,Cloud to Ground,-32446,0,9
2026-10-05T15:18:48.523838510Z,12.80136,122.597861,Cloud to Ground,-25535,0,8
2026-10-05T15:18:48.492869414Z,12.80228,122.594957,Cloud to Ground,-12784,0,7
2026-10-05T15:18:49.226653171Z,6.934724,127.224974,Cloud to Ground,21375,0,15
2026-10-05T15:18:49.104436994Z,14.498675,123.222073,Cloud to Ground,43073,0,10
2026-10-05T15:18:50.433764141Z,2.932389,116.985232,Cloud to Ground,-14719,0,13
2026-10-05T15:18:51.798243000Z,2.7336,116.9566,Cloud to Ground,-15417,0,8
2026-10-05T15:18:51.575884000Z,12.4215,122.7856,Cloud to Ground,-76445,0,9
2026-10-05T15:18:51.698957000Z,12.4323,122.7339,Cloud to Ground,-31652,0,10
2026-10-05T15:18:55.140608766Z,9.289553,114.138218,Cloud to Cloud,21541,8909,8
2026-10-05T15:18:55.092840128Z,9.294533,114.151119,Cloud to Ground,63558,0,9
2026-10-05T15:18:55.026107156Z,9.298055,114.152562,Cloud to Ground,83048,0,10
2026-10-05T15:18:54.525731330Z,9.315363,114.149895,Cloud to Ground,93871,0,10
2026-10-05T15:18:54.468072689Z,9.27558,114.114269,Cloud to Ground,112625,0,9
2026-10-05T15:18:54.310344557Z,9.298265,114.17052,Cloud to Ground,256343,0,14
2026-10-05T15:18:54.768075161Z,9.995514,127.381567,Cloud to Ground,-31480,0,8
2026-10-05T15:18:54.587752000Z,9.938,127.2886,Cloud to Ground,-45925,0,11
2026-10-05T15:18:54.838546360Z,6.786045,127.243854,Cloud to Cloud,24459,3028,10
2026-10-05T15:18:56.536322853Z,4.369603,122.013927,Cloud to Ground,-57337,0,20
2026-10-05T15:18:56.595872285Z,4.401748,122.049438,Cloud to Ground,-49642,0,15
2026-10-05T15:18:56.968008583Z,7.402263,127.405109,Cloud to Ground,45815,0,15
2026-10-05T15:18:56.414798183Z,2.320972,113.100279,Cloud to Ground,-26263,0,18
2026-10-05T15:18:56.434751812Z,2.315809,113.087464,Cloud to Ground,44778,0,24
2026-10-05T15:18:56.978894476Z,15.774749,119.665485,Cloud to Ground,-27375,0,8
2026-10-05T15:18:56.978311265Z,15.687074,119.771714,Cloud to Cloud,38077,17288,7
2026-10-05T15:18:57.316829000Z,6.8012,127.1872,Cloud to Ground,12443,0,7
2026-10-05T15:18:58.788823000Z,8.5857,128.2396,Cloud to Ground,-320,0,5
2026-10-05T15:18:59.696979330Z,13.291641,122.362444,Cloud to Ground,42830,0,7
2026-10-05T15:19:01.840954932Z,2.84113,116.478356,Cloud to Cloud,-27608,4961,30
2026-10-05T15:19:01.800099360Z,2.852831,116.488085,Cloud to Ground,36199,0,13
2026-10-05T15:19:01.369547735Z,10.843998,127.698331,Cloud to Cloud,-8653,3121,20
2026-10-05T15:19:01.377126148Z,10.799345,127.855762,Cloud to Cloud,-14256,6594,7
2026-10-05T15:19:01.017876000Z,2.7065,114.5561,Cloud to Ground,12860,0,7
2026-10-05T15:19:03.687370104Z,19.897673,110.338132,Cloud to Cloud,-15233,4823,11
2026-10-05T15:19:04.962026030Z,13.268807,122.31487,Cloud to Cloud,8076,7218,7
2026-10-05T15:19:07.347270000Z,10.0006,127.3448,Cloud to Ground,-38080,0,8
2026-10-05T15:19:07.228873622Z,9.999223,127.374279,Cloud to Ground,-26116,0,8
2026-10-05T15:19:08.019638386Z,2.401681,116.422653,Cloud to Ground,-13681,0,12
2026-10-05T15:19:08.428230000Z,14.335,121.0194,Cloud to Ground,-9708,0,9
2026-10-05T15:19:09.825320307Z,2.73329,116.9362,Cloud to Ground,-16829,0,19
2026-10-05T15:19:09.843710728Z,2.727974,116.968051,Cloud to Ground,-15388,0,16
2026-10-05T15:19:09.665062811Z,6.786594,127.336669,Cloud to Ground,-26761,0,27
2026-10-05T15:19:09.548864000Z,6.7615,127.3188,Cloud to Ground,-25458,0,7
2026-10-05T15:19:09.862361000Z,6.7835,127.3105,Cloud to Ground,-21835,0,6
2026-10-05T15:19:09.486568817Z,13.252673,122.394386,Cloud to Ground,-11087,0,5
2026-10-05T15:19:09.698227684Z,13.252802,122.394789,Cloud to Ground,-6734,0,6
2026-10-05T15:19:09.525097378Z,13.253243,122.39507,Cloud to Ground,-6050,0,6
2026-10-05T15:19:09.446718385Z,13.252436,122.394567,Cloud to Ground,-5574,0,5
2026-10-05T15:19:09.207061924Z,15.970061,119.589091,Cloud to Cloud,-6645,13165,8
2026-10-05T15:19:10.463221969Z,2.051403,116.685629,Cloud to Ground,41579,0,22
2026-10-05T15:19:10.954944785Z,13.152431,122.386025,Cloud to Cloud,-18797,15708,10
2026-10-05T15:19:11.994406919Z,13.26119,122.257724,Cloud to Cloud,10008,5528,8
2026-10-05T15:19:11.021843589Z,13.243266,122.333626,Cloud to Ground,-10253,0,8
2026-10-05T15:19:11.070809652Z,13.274551,122.453188,Cloud to Ground,-37875,0,10
2026-10-05T15:19:11.808786312Z,15.972335,119.567708,Cloud to Cloud,17256,3010,12
2026-10-05T15:19:11.679543080Z,22.803487,121.937189,Cloud to Cloud,-4293,12668,10
2026-10-05T15:19:12.714858103Z,2.857984,117.021612,Cloud to Ground,-11279,0,7
2026-10-05T15:19:12.783057716Z,8.495535,128.245281,Cloud to Cloud,15619,13363,8
2026-10-05T15:19:13.770020136Z,4.884253,123.508197,Cloud to Ground,-28792,0,20
2026-10-05T15:19:13.300118511Z,4.847556,123.549874,Cloud to Ground,-10616,0,17
2026-10-05T15:19:13.643598898Z,4.849736,123.557729,Cloud to Ground,12691,0,11
2026-10-05T15:19:13.812163035Z,4.847488,123.554434,Cloud to Ground,13426,0,11
2026-10-05T15:19:13.298904000Z,4.905,123.7314,Cloud to Ground,57164,0,8
2026-10-05T15:19:13.063289000Z,8.3721,128.2643,Cloud to Ground,-9041,0,7
2026-10-05T15:19:15.275063054Z,10.003568,127.384434,Cloud to Ground,-26290,0,6
2026-10-05T15:19:15.187564958Z,9.999245,127.373107,Cloud to Ground,-19452,0,21
2026-10-05T15:19:15.321243263Z,9.975256,127.377688,Cloud to Ground,-16774,0,13
2026-10-05T15:19:15.739307271Z,10.019058,127.669131,Cloud to Ground,-41277,0,9
2026-10-05T15:19:15.767765319Z,9.985588,127.644161,Cloud to Ground,-16505,0,17
2026-10-05T15:19:15.767136000Z,10.0107,127.59,Cloud to Ground,8870,0,6
2026-10-05T15:19:15.083939016Z,11.086745,126.053981,Cloud to Cloud,6660,19861,5
2026-10-05T15:19:16.288636456Z,1.938132,115.727315,Cloud to Ground,18958,0,9
2026-10-05T15:19:16.154038776Z,1.942075,115.730499,Cloud to Ground,20165,0,16
2026-10-05T15:19:16.262142676Z,1.939796,115.752935,Cloud to Ground,47086,0,26
2026-10-05T15:19:16.880919000Z,6.8678,127.1079,Cloud to Ground,-12967,0,7
2026-10-05T15:19:16.810203000Z,6.9185,127.1993,Cloud to Ground,-41223,0,8
2026-10-05T15:19:17.385433027Z,2.913684,117.621852,Cloud to Ground,31878,0,15
2026-10-05T15:19:19.859495946Z,17.444132,110.536647,Cloud to Ground,-19280,0,10
2026-10-05T15:19:20.391463352Z,17.456598,110.543305,Cloud to Ground,-17638,0,9
2026-10-05T15:19:20.303283032Z,17.458676,110.553234,Cloud to Ground,-16565,0,11
2026-10-05T15:19:20.390420011Z,17.444004,110.591067,Cloud to Ground,40024,0,10
2026-10-05T15:19:20.302208000Z,17.4738,110.6027,Cloud to Ground,41576,0,5
2026-10-05T15:19:20.056220145Z,17.430344,110.541565,Cloud to Ground,56757,0,14
2026-10-05T15:19:19.996996440Z,17.441808,110.613803,Cloud to Ground,57770,0,8
2026-10-05T15:19:20.125249493Z,17.430407,110.480372,Cloud to Ground,78598,0,8
2026-10-05T15:19:19.866851821Z,17.427453,110.518376,Cloud to Ground,190934,0,13
2026-10-05T15:19:19.788247030Z,13.18854,122.338077,Cloud to Cloud,10739,7160,8
2026-10-05T15:19:20.966208660Z,10.025053,127.337629,Cloud to Cloud,9511,17646,7
2026-10-05T15:19:21.048155000Z,2.6921,114.5335,Cloud to Ground,24278,0,7
2026-10-05T15:19:22.711215225Z,11.322445,126.162809,Cloud to Cloud,-18641,3646,7
2026-10-05T15:19:22.353000559Z,15.704048,121.885991,Cloud to Ground,-81940,0,10
2026-10-05T15:19:24.945474574Z,14.809236,120.863599,Cloud to Ground,-15917,0,11
2026-10-05T15:19:25.070165555Z,13.253687,122.37829,Cloud to Cloud,9806,6271,5
2026-10-05T15:19:26.831184000Z,9.9659,127.0745,Cloud to Ground,-87453,0,5
2026-10-05T15:19:27.393013457Z,9.995072,127.140282,Cloud to Ground,-15259,0,6
2026-10-05T15:19:27.425754121Z,15.7874,119.640267,Cloud to Ground,-29603,0,10
2026-10-05T15:19:27.447855551Z,16.065076,119.603827,Cloud to Ground,-50193,0,26
2026-10-05T15:19:27.501742395Z,15.960124,119.718724,Cloud to Cloud,-24057,17470,11
2026-10-05T15:19:27.478231985Z,15.474788,119.485224,Cloud to Cloud,-20210,14207,8
2026-10-05T15:19:27.854279000Z,6.6988,127.3248,Cloud to Ground,15816,0,5
2026-10-05T15:19:28.065188961Z,15.907546,119.571253,Cloud to Ground,-20280,0,11
2026-10-05T15:19:27.637628549Z,15.903356,119.565114,Cloud to Ground,-10238,0,8
2026-10-05T15:19:29.108366157Z,6.827918,127.364526,Cloud to Ground,-26127,0,10
2026-10-05T15:19:29.400952713Z,6.807751,127.349159,Cloud to Ground,-20938,0,10
2026-10-05T15:19:30.702001556Z,2.701079,116.955916,Cloud to Ground,-18903,0,16
2026-10-05T15:19:30.746920661Z,2.719687,117.025807,Cloud to Ground,31698,0,22
2026-10-05T15:19:30.482099705Z,15.516483,120.506891,Cloud to Ground,-19403,0,8
2026-10-05T15:19:30.412932811Z,15.488977,120.363482,Cloud to Ground,-23700,0,9
2026-10-05T15:19:30.832459031Z,13.249922,122.385477,Cloud to Ground,-6253,0,5
2026-10-05T15:19:30.780992774Z,13.275765,122.487447,Cloud to Ground,-33582,0,11
2026-10-05T15:19:31.378611142Z,6.477703,119.795943,Cloud to Ground,-27562,0,10
2026-10-05T15:19:31.379989000Z,6.5344,119.5027,Cloud to Ground,12285,0,5
2026-10-05T15:19:31.768464000Z,10.377,122.5239,Cloud to Ground,-22126,0,6
2026-10-05T15:19:32.798229053Z,2.75408,117.470116,Cloud to Ground,-28926,0,9
2026-10-05T15:19:32.576566258Z,2.82916,117.558314,Cloud to Ground,14221,0,10
2026-10-05T15:19:33.958254420Z,10.695072,127.895125,Cloud to Cloud,28951,10259,8
2026-10-05T15:19:34.821993925Z,2.005853,115.761828,Cloud to Ground,-19293,0,21
2026-10-05T15:19:34.887576900Z,11.485192,123.65,Cloud to Cloud,7556,18695,6
2026-10-05T15:19:36.766809130Z,8.043647,128.677298,Cloud to Ground,-28274,0,10
2026-10-05T15:19:36.888499513Z,8.037762,128.714709,Cloud to Ground,-18739,0,10
2026-10-05T15:19:36.863281000Z,8.0297,128.761,Cloud to Ground,-8841,0,6
2026-10-05T15:19:37.206004000Z,8.0639,128.645,Cloud to Ground,-8403,0,10
2026-10-05T15:19:36.505542612Z,6.772495,127.358816,Cloud to Ground,-28872,0,8
2026-10-05T15:19:38.592902126Z,15.715554,121.92104,Cloud to Ground,-42690,0,12
2026-10-05T15:19:38.510093000Z,15.6532,121.8535,Cloud to Ground,-59914,0,18
2026-10-05T15:19:38.780172000Z,4.2601,122.604,Cloud to Ground,-22503,0,5
2026-10-05T15:19:39.202691096Z,10.775149,127.682977,Cloud to Ground,-20271,0,13
2026-10-05T15:19:39.285802000Z,10.795,127.7343,Cloud to Ground,-17212,0,5
2026-10-05T15:19:39.549847000Z,10.7822,127.883,Cloud to Ground,-22449,0,8
2026-10-05T15:19:39.147393212Z,15.627703,121.946596,Cloud to Ground,-21254,0,7
2026-10-05T15:19:38.892512469Z,15.615003,122.021604,Cloud to Cloud,-15875,15503,9
2026-10-05T15:19:40.590186000Z,15.4447,119.4341,Cloud to Ground,-7014,0,7
2026-10-05T15:19:42.756781728Z,6.882771,127.19227,Cloud to Ground,14893,0,11
2026-10-05T15:19:42.539024327Z,9.970907,127.979212,Cloud to Ground,-54215,0,12
2026-10-05T15:19:43.439893000Z,9.9757,127.2816,Cloud to Ground,-38492,0,6
2026-10-05T15:19:43.525073239Z,9.998009,127.381595,Cloud to Ground,-19210,0,10
2026-10-05T15:19:43.694908804Z,9.969844,127.350233,Cloud to Ground,-15077,0,16
2026-10-05T15:19:43.899148277Z,2.7664,117.518833,Cloud to Ground,45193,0,15
2026-10-05T15:19:44.896518937Z,12.813171,122.589398,Cloud to Ground,-6630,0,6
2026-10-05T15:19:44.901397705Z,13.250277,122.403117,Cloud to Cloud,6914,6445,6
2026-10-05T15:19:44.246610484Z,10.030613,127.055449,Cloud to Cloud,-10122,14111,7
2026-10-05T15:19:45.496312831Z,21.92391,120.163011,Cloud to Cloud,-2615,19809,5
2026-10-05T15:19:45.454994000Z,21.9238,120.1727,Cloud to Ground,338,0,14
2026-10-05T15:19:45.468822046Z,21.878317,120.169285,Cloud to Cloud,3880,17534,5
2026-10-05T15:19:47.763530578Z,9.908928,128.900831,Cloud to Ground,-38375,0,10
2026-10-05T15:19:47.844166223Z,9.956623,128.868679,Cloud to Cloud,-8374,3014,7
2026-10-05T15:19:47.540259524Z,2.724029,116.892104,Cloud to Ground,26893,0,11
2026-10-05T15:19:47.855907795Z,15.971627,119.588939,Cloud to Ground,47282,0,12
2026-10-05T15:19:48.751576081Z,6.875805,127.225775,Cloud to Ground,-35762,0,11
2026-10-05T15:19:48.845156000Z,6.8762,127.1161,Cloud to Ground,-14373,0,10
2026-10-05T15:19:48.882196000Z,6.8515,127.1374,Cloud to Ground,-9904,0,5
2026-10-05T15:19:49.027802000Z,6.807,127.1966,Cloud to Ground,-8894,0,8
2026-10-05T15:19:48.622832000Z,13.2583,122.3784,Cloud to Ground,-31283,0,6
2026-10-05T15:19:49.476637430Z,2.472248,118.07713,Cloud to Ground,11480,0,8
2026-10-05T15:19:49.478686827Z,2.47093,118.07565,Cloud to Ground,14227,0,14
2026-10-05T15:19:49.669716201Z,2.499227,118.095612,Cloud to Ground,32194,0,17
2026-10-05T15:19:49.094365692Z,15.552052,120.465668,Cloud to Ground,-19652,0,10
2026-10-05T15:19:50.998529467Z,7.56171,120.600182,Cloud to Ground,-113943,0,28
2026-10-05T15:19:50.209901000Z,16.1451,119.6172,Cloud to Ground,19160,0,5
2026-10-05T15:19:51.428958186Z,10.256553,129.302364,Cloud to Ground,30276,0,9
2026-10-05T15:19:51.823422189Z,15.234294,121.875891,Cloud to Ground,-21406,0,11
2026-10-05T15:19:53.714308982Z,1.741383,114.3248,Cloud to Ground,18720,0,15
2026-10-05T15:19:53.491932745Z,2.600308,116.177863,Cloud to Ground,-48853,0,28
2026-10-05T15:19:53.534014073Z,2.600758,116.135091,Cloud to Ground,-10331,0,13
2026-10-05T15:19:53.565308445Z,2.62737,116.075952,Cloud to Ground,12771,0,11
2026-10-05T15:19:53.558208436Z,13.242474,122.376594,Cloud to Ground,-7123,0,6
2026-10-05T15:19:54.749266327Z,22.829999,122.060257,Cloud to Cloud,-5914,12878,7
2026-10-05T15:19:54.733993627Z,22.832803,122.054126,Cloud to Cloud,-3732,7212,7
2026-10-05T15:19:54.752918358Z,22.84141,122.055603,Cloud to Cloud,4424,5889,6
2026-10-05T15:19:54.714597875Z,22.722995,122.04823,Cloud to Cloud,-11616,4678,14
2026-10-05T15:19:55.000733465Z,22.688944,122.12791,Cloud to Ground,-7824,0,8
2026-10-05T15:19:55.144123344Z,22.655455,122.123081,Cloud to Cloud,7213,13159,7
2026-10-05T15:19:54.676198144Z,22.748078,122.174351,Cloud to Ground,11889,0,9
2026-10-05T15:19:54.735193099Z,22.722611,122.019309,Cloud to Ground,12105,0,9
2026-10-05T15:19:54.677279838Z,22.739686,122.187088,Cloud to Ground,12285,0,8
2026-10-05T15:19:54.792455102Z,13.236755,122.353299,Cloud to Ground,-35685,0,10
2026-10-05T15:19:54.876726780Z,13.235479,122.347642,Cloud to Ground,-35067,0,10
2026-10-05T15:19:54.963598000Z,13.1056,122.2949,Cloud to Ground,-19279,0,5
2026-10-05T15:19:55.090218452Z,22.76266,122.324289,Cloud to Cloud,11086,3255,7
2026-10-05T15:19:55.941261000Z,9.9026,127.3112,Cloud to Ground,-19820,0,8
2026-10-05T15:19:56.479034000Z,20.6756,116.154,Cloud to Ground,-158330,0,12
2026-10-05T15:19:57.770491750Z,8.129755,128.702467,Cloud to Cloud,11732,3003,7
2026-10-05T15:19:57.648816382Z,1.715361,115.424098,Cloud to Ground,161990,0,16
2026-10-05T15:19:57.479759865Z,6.563727,133.037987,Cloud to Ground,14847,0,7
2026-10-05T15:19:57.336353973Z,11.337522,125.990331,Cloud to Ground,-59030,0,8
2026-10-05T15:19:57.382358004Z,11.322813,126.017145,Cloud to Ground,-16565,0,7
2026-10-05T15:19:58.307189860Z,10.831134,126.072073,Cloud to Ground,28435,0,10
2026-10-05T15:19:58.868437386Z,15.470822,120.413774,Cloud to Ground,-14341,0,8
2026-10-05T15:19:58.743182000Z,15.5369,120.4469,Cloud to Ground,16802,0,8
2026-10-05T15:19:58.651098000Z,10.5073,122.6683,Cloud to Ground,-34174,0,7
2026-10-05T15:19:58.422229000Z,10.47,122.4948,Cloud to Ground,-102653,0,8
2026-10-05T15:19:58.755357000Z,10.4301,122.4511,Cloud to Ground,-25986,0,5
2026-10-05T15:19:59.284842961Z,12.418064,122.80493,Cloud to Cloud,7232,3443,6
2026-10-05T15:19:59.436803000Z,10.4912,122.5823,Cloud to Ground,-30045,0,12
2026-10-05T15:19:59.565482776Z,10.455516,122.59178,Cloud to Ground,-11834,0,6
2026-10-05T15:19:59.179992732Z,15.376711,120.494837,Cloud to Ground,17650,0,7
2026-10-05T15:19:59.201318000Z,1.722,115.3515,Cloud to Ground,3165,0,6
2026-10-05T15:19:59.205054000Z,1.697,115.2978,Cloud to Ground,26246,0,6
2026-10-05T15:19:59.713208000Z,21.3575,115.2683,Cloud to Ground,-667,0,14
2026-10-05T15:19:59.469810000Z,20.7846,116.2619,Cloud to Ground,-40596,0,6
2026-10-05T15:20:00.792843049Z,10.12658,127.6247,Cloud to Ground,-23347,0,24
2026-10-05T15:20:00.617447000Z,9.9688,127.6122,Cloud to Ground,-50512,0,11
2026-10-05T15:20:00.523990077Z,10.007837,127.611523,Cloud to Ground,-30419,0,7
2026-10-05T15:20:00.690428076Z,10.001321,127.674404,Cloud to Ground,-21358,0,6
2026-10-05T15:20:01.016897497Z,13.287938,122.464248,Cloud to Ground,30176,0,10
2026-10-05T15:20:03.366929650Z,9.277369,114.112868,Cloud to Ground,-23144,0,11
2026-10-05T15:20:04.453015162Z,9.253394,114.123142,Cloud to Cloud,-23025,5542,8
2026-10-05T15:20:04.447938107Z,9.285474,114.168556,Cloud to Cloud,-10256,5315,7
2026-10-05T15:20:04.449686589Z,9.265716,114.100791,Cloud to Ground,10905,0,5
2026-10-05T15:20:03.824834774Z,9.309568,114.129583,Cloud to Ground,33828,0,9
2026-10-05T15:20:04.166701523Z,9.321749,114.156673,Cloud to Ground,65914,0,9
2026-10-05T15:20:03.785510790Z,9.319549,114.152265,Cloud to Ground,71735,0,7
2026-10-05T15:20:03.680331346Z,9.322288,114.139385,Cloud to Ground,137346,0,9
2026-10-05T15:20:03.374001754Z,9.323591,114.153206,Cloud to Ground,248669,0,13
2026-10-05T15:20:03.877372874Z,15.632475,121.005284,Cloud to Ground,-11333,0,7
2026-10-05T15:20:04.753353326Z,2.151031,116.29553,Cloud to Ground,-23019,0,17
2026-10-05T15:20:05.649087999Z,8.187236,128.39533,Cloud to Ground,-65916,0,18
2026-10-05T15:20:05.264889566Z,6.944626,127.261459,Cloud to Ground,-58403,0,8
2026-10-05T15:20:05.544354154Z,6.764665,127.238922,Cloud to Ground,-30748,0,20
2026-10-05T15:20:05.642855822Z,8.384921,128.181484,Cloud to Cloud,-29112,7922,18
2026-10-05T15:20:05.984268695Z,13.217355,122.336948,Cloud to Ground,-12553,0,6
2026-10-05T15:20:05.908186072Z,13.215242,122.328067,Cloud to Ground,-12462,0,8
2026-10-05T15:20:05.882924779Z,13.21517,122.327355,Cloud to Ground,-8688,0,5
2026-10-05T15:20:05.857278485Z,13.368304,122.338151,Cloud to Ground,-69655,0,7
2026-10-05T15:20:06.849045847Z,8.546575,128.253916,Cloud to Ground,-26004,0,7
2026-10-05T15:20:06.802877477Z,8.676711,128.125328,Cloud to Ground,-85158,0,7
2026-10-05T15:20:06.964207386Z,16.755194,121.822766,Cloud to Cloud,19041,3000,10
2026-10-05T15:20:06.939040974Z,16.867313,121.757053,Cloud to Ground,-30484,0,18
2026-10-05T15:20:06.573560806Z,10.795821,127.729402,Cloud to Cloud,14938,3501,13
2026-10-05T15:20:08.908598575Z,9.947371,126.977044,Cloud to Ground,17586,0,7
2026-10-05T15:20:08.939725510Z,10.051626,126.960455,Cloud to Ground,24754,0,14
2026-10-05T15:20:08.815559674Z,10.717065,127.790308,Cloud to Cloud,8806,3810,14
2026-10-05T15:20:08.153653068Z,15.971622,119.576361,Cloud to Cloud,11881,3009,7
2026-10-05T15:20:09.451321142Z,4.374258,122.210991,Cloud to Ground,-41043,0,17
2026-10-05T15:20:09.565304810Z,4.529335,122.184136,Cloud to Ground,-15949,0,9
2026-10-05T15:20:09.420065597Z,4.473991,122.092781,Cloud to Ground,-29961,0,12
2026-10-05T15:20:09.500061172Z,4.527523,122.075627,Cloud to Ground,-11665,0,10
2026-10-05T15:20:09.384461942Z,4.381047,122.090727,Cloud to Ground,-66357,0,7
2026-10-05T15:20:09.387993838Z,4.338067,122.02273,Cloud to Cloud,-9025,19756,11
2026-10-05T15:20:11.887773569Z,3.133443,117.669543,Cloud to Ground,19376,0,17
2026-10-05T15:20:11.868919100Z,5.572418,124.08109,Cloud to Cloud,-21815,3233,19
2026-10-05T15:20:11.626341754Z,10.40986,129.224966,Cloud to Ground,23544,0,12
2026-10-05T15:20:11.101039000Z,17.5896,110.6662,Cloud to Ground,83284,0,9
2026-10-05T15:20:12.408059092Z,11.684545,123.647267,Cloud to Ground,-51547,0,11
2026-10-05T15:20:14.210635390Z,6.927398,127.262938,Cloud to Ground,12862,0,12
2026-10-05T15:20:15.593577896Z,6.243519,126.60065,Cloud to Ground,-42065,0,15
2026-10-05T15:20:15.708711977Z,6.334585,126.48369,Cloud to Ground,-19886,0,14
2026-10-05T15:20:15.372653524Z,6.330134,126.560871,Cloud to Cloud,-10909,3013,9
2026-10-05T15:20:15.397366470Z,5.61921,123.621565,Cloud to Ground,12195,0,7
2026-10-05T15:20:16.045069767Z,1.974349,117.422873,Cloud to Cloud,-8681,3535,15
2026-10-05T15:20:16.041948618Z,2.098546,117.355603,Cloud to Cloud,-12038,14149,16
2026-10-05T15:20:17.185466949Z,3.169797,118.061291,Cloud to Cloud,12472,3386,10
2026-10-05T15:20:17.200911667Z,3.116735,118.037225,Cloud to Ground,22028,0,13
2026-10-05T15:20:17.050044030Z,3.123522,118.076566,Cloud to Ground,23438,0,17
2026-10-05T15:20:17.444377750Z,6.893326,127.205304,Cloud to Ground,48972,0,9
2026-10-05T15:20:17.085413930Z,15.613327,121.93718,Cloud to Ground,-73022,0,16
2026-10-05T15:20:17.206050218Z,15.642564,121.926742,Cloud to Ground,-35966,0,11
2026-10-05T15:20:17.743774983Z,15.608289,121.959577,Cloud to Ground,-15318,0,9
2026-10-05T15:20:17.132575398Z,15.54333,121.991614,Cloud to Cloud,-14897,9428,13
2026-10-05T15:20:17.411627086Z,16.481552,121.847489,Cloud to Cloud,16843,18144,14
2026-10-05T15:20:18.991023122Z,2.76614,116.982298,Cloud to Ground,-17896,0,9
2026-10-05T15:20:18.813795993Z,2.730105,116.963071,Cloud to Ground,15137,0,8
2026-10-05T15:20:18.868657922Z,2.717463,116.991813,Cloud to Ground,16353,0,11
2026-10-05T15:20:18.990119789Z,2.711479,116.995845,Cloud to Ground,19047,0,16
2026-10-05T15:20:18.928058808Z,15.452618,120.395877,Cloud to Ground,-15108,0,8
2026-10-05T15:20:18.811498731Z,15.454077,120.404349,Cloud to Ground,-14457,0,9
2026-10-05T15:20:20.289258000Z,12.8386,122.4723,Cloud to Ground,-37373,0,8
2026-10-05T15:20:21.797464763Z,10.004667,127.445555,Cloud to Ground,-31122,0,7
2026-10-05T15:20:21.923359000Z,9.9896,127.3962,Cloud to Ground,-29980,0,6
2026-10-05T15:20:21.719616000Z,10.0219,127.4085,Cloud to Ground,-28320,0,7
2026-10-05T15:20:22.045538525Z,10.005102,127.458905,Cloud to Ground,-22202,0,7
2026-10-05T15:20:22.834205728Z,9.974134,127.40528,Cloud to Ground,-19727,0,14
2026-10-05T15:20:22.502124000Z,9.9942,127.3202,Cloud to Ground,-18556,0,5
2026-10-05T15:20:21.873234137Z,9.996423,127.45717,Cloud to Ground,22080,0,10
2026-10-05T15:20:21.984604338Z,10.001036,127.453211,Cloud to Ground,27247,0,10
2026-10-05T15:20:21.600027644Z,14.190949,121.144859,Cloud to Ground,-34748,0,9
2026-10-05T15:20:21.041872766Z,14.335511,121.267308,Cloud to Ground,-37324,0,10
2026-10-05T15:20:21.173983031Z,14.330098,121.263146,Cloud to Ground,-33698,0,8
2026-10-05T15:20:21.762277579Z,2.065028,116.639546,Cloud to Ground,22810,0,14
2026-10-05T15:20:22.289117345Z,2.072767,116.636805,Cloud to Ground,67798,0,16
2026-10-05T15:20:22.416768607Z,10.093682,127.342732,Cloud to Ground,-16357,0,13
2026-10-05T15:20:23.966623041Z,6.642153,133.029718,Cloud to Ground,-12918,0,11
2026-10-05T15:20:24.991791595Z,2.227472,116.357,Cloud to Ground,-14046,0,11
2026-10-05T15:20:24.612858965Z,2.219455,116.362123,Cloud to Ground,10744,0,8
2026-10-05T15:20:24.193118209Z,6.602654,132.92446,Cloud to Ground,-23225,0,15
2026-10-05T15:20:24.677224411Z,10.02347,127.515769,Cloud to Cloud,6206,17766,7
2026-10-05T15:20:25.476451116Z,2.946858,117.564197,Cloud to Ground,-31289,0,24
2026-10-05T15:20:25.589453038Z,2.905838,117.652653,Cloud to Ground,11372,0,13
2026-10-05T15:20:26.788972050Z,6.903934,127.28115,Cloud to Ground,-21415,0,12
2026-10-05T15:20:26.288289615Z,13.222138,122.344499,Cloud to Ground,-6345,0,8
2026-10-05T15:20:28.269841991Z,2.204175,116.422476,Cloud to Ground,-13180,0,12
2026-10-05T15:20:30.892633378Z,5.015316,123.511173,Cloud to Ground,-45278,0,19
2026-10-05T15:20:30.946735507Z,4.648469,123.556299,Cloud to Ground,-19366,0,16
2026-10-05T15:20:31.021969253Z,4.828488,123.525482,Cloud to Ground,-16656,0,12
2026-10-05T15:20:31.809611860Z,9.999202,127.447421,Cloud to Ground,-20223,0,8
2026-10-05T15:20:32.443524903Z,6.981846,127.147353,Cloud to Ground,-19891,0,16
2026-10-05T15:20:32.052458217Z,13.262261,122.281033,Cloud to Ground,23938,0,10
2026-10-05T15:20:33.773366257Z,4.526693,122.038547,Cloud to Ground,-16226,0,16
2026-10-05T15:20:34.630607943Z,2.858571,116.444942,Cloud to Ground,-13800,0,12
2026-10-05T15:20:37.656411166Z,2.216014,114.528509,Cloud to Cloud,11481,6400,7
2026-10-05T15:20:37.710625573Z,15.100975,122.261372,Cloud to Ground,-14679,0,10
2026-10-05T15:20:37.740681263Z,13.268615,122.244899,Cloud to Ground,25825,0,8
2026-10-05T15:20:37.817680204Z,13.243849,122.368122,Cloud to Ground,-6011,0,6
2026-10-05T15:20:37.321102652Z,15.871512,119.584368,Cloud to Ground,6909,0,11
2026-10-05T15:20:37.578265000Z,11.3835,123.7211,Cloud to Ground,-59270,0,5
2026-10-05T15:20:38.489026676Z,9.994909,127.402423,Cloud to Ground,-53071,0,8
2026-10-05T15:20:38.321067000Z,10.0074,127.4151,Cloud to Ground,-18803,0,5
2026-10-05T15:20:39.544597849Z,14.276564,121.146062,Cloud to Ground,-18995,0,12
2026-10-05T15:20:39.584787522Z,14.280721,121.126392,Cloud to Ground,-15270,0,10
2026-10-05T15:20:39.312324010Z,14.299555,121.109354,Cloud to Cloud,16956,8104,8
2026-10-05T15:20:39.436373242Z,12.493489,122.759241,Cloud to Cloud,-22352,17415,22
2026-10-05T15:20:40.605122247Z,20.179665,120.696393,Cloud to Ground,-9062,0,5
2026-10-05T15:20:40.479949509Z,20.20216,120.66337,Cloud to Cloud,4855,17942,6
2026-10-05T15:20:40.475904643Z,20.187834,120.667594,Cloud to Cloud,12863,17687,7
2026-10-05T15:20:40.976622000Z,11.7759,126.1014,Cloud to Ground,-56729,0,5
2026-10-05T15:20:41.527599546Z,1.989185,117.435726,Cloud to Ground,-14894,0,11
2026-10-05T15:20:41.522450329Z,1.99556,117.426316,Cloud to Ground,14235,0,8
2026-10-05T15:20:42.992074543Z,4.328742,121.964512,Cloud to Cloud,16970,5181,8
2026-10-05T15:20:45.345636000Z,21.4543,115.2249,Cloud to Ground,-24176,0,10
2026-10-05T15:20:45.374745940Z,21.404329,115.266566,Cloud to Ground,14048,0,8
2026-10-05T15:20:46.821071130Z,11.488835,123.67871,Cloud to Cloud,4968,13454,5
2026-10-05T15:20:46.615401550Z,11.35641,123.830049,Cloud to Ground,-13847,0,7
2026-10-05T15:20:47.671971687Z,9.907604,128.857676,Cloud to Ground,-38840,0,16
2026-10-05T15:20:47.163657783Z,15.256903,121.854236,Cloud to Ground,-28799,0,10
2026-10-05T15:20:47.243080756Z,15.220507,121.876045,Cloud to Ground,-17612,0,7
2026-10-05T15:20:48.940729068Z,15.956643,119.656662,Cloud to Cloud,-17758,13829,11
2026-10-05T15:20:49.881433483Z,13.268127,122.448448,Cloud to Ground,-37127,0,10
2026-10-05T15:20:49.915944315Z,13.232046,122.342688,Cloud to Ground,-5805,0,6
2026-10-05T15:20:49.901981775Z,12.843385,122.53974,Cloud to Cloud,13700,5054,8
2026-10-05T15:20:50.624818148Z,14.819203,120.818425,Cloud to Cloud,6029,3357,8
2026-10-05T15:20:50.315027968Z,10.010609,127.247484,Cloud to Cloud,6368,12879,6
2026-10-05T15:20:51.723196887Z,2.717236,116.466237,Cloud to Ground,-13529,0,12
2026-10-05T15:20:51.519500917Z,2.745688,116.444856,Cloud to Ground,11691,0,9
2026-10-05T15:20:52.703722627Z,2.652189,114.567446,Cloud to Cloud,9652,12104,9
2026-10-05T15:20:52.919860566Z,2.662934,114.532487,Cloud to Ground,13625,0,13
2026-10-05T15:20:53.321074053Z,3.110582,117.856968,Cloud to Ground,-18363,0,16
2026-10-05T15:20:55.145077037Z,2.145282,116.634695,Cloud to Ground,-26938,0,12
2026-10-05T15:20:55.145893085Z,2.170906,116.67859,Cloud to Ground,-15687,0,12
2026-10-05T15:20:55.358713775Z,2.899244,117.663253,Cloud to Ground,18880,0,13
2026-10-05T15:20:55.427014341Z,2.915344,117.608803,Cloud to Ground,25219,0,14
2026-10-05T15:20:57.536750601Z,9.983527,127.309377,Cloud to Ground,-67839,0,9
2026-10-05T15:20:57.853972382Z,9.985214,127.300578,Cloud to Ground,-57569,0,10
2026-10-05T15:20:57.614056988Z,9.984941,127.313757,Cloud to Ground,-21719,0,9
2026-10-05T15:20:57.520740000Z,10.0026,127.2727,Cloud to Ground,-19297,0,5
2026-10-05T15:20:57.617903663Z,4.359812,122.795086,Cloud to Cloud,16570,17522,14
2026-10-05T15:20:57.049942779Z,15.399833,119.70522,Cloud to Ground,-28208,0,18
2026-10-05T15:20:57.897703385Z,17.206775,110.45129,Cloud to Ground,-15436,0,7
2026-10-05T15:20:57.850452000Z,17.2562,110.4377,Cloud to Ground,45703,0,5
2026-10-05T15:20:57.428103000Z,6.8726,127.1811,Cloud to Ground,-11437,0,6
2026-10-05T15:20:58.327202186Z,2.815878,116.922601,Cloud to Cloud,-10438,3249,27
2026-10-05T15:20:58.248696139Z,2.722436,116.935271,Cloud to Ground,13924,0,11
2026-10-05T15:20:58.786484148Z,2.748821,116.964159,Cloud to Ground,22119,0,16
2026-10-05T15:20:58.674214243Z,12.861346,122.604313,Cloud to Ground,-26889,0,10
2026-10-05T15:20:59.544472716Z,14.628588,123.170743,Cloud to Ground,-32106,0,13
2026-10-05T15:20:59.519973033Z,14.544099,123.205825,Cloud to Cloud,-22683,3036,11
