timestamp,latitude,longitude,type,amplitude_ka,height_m,num_sensors
2026-09-16T11:00:48.603343499Z,10.576041,131.995146,Cloud to Cloud,-14098,11396,16
2026-09-16T11:00:48.883485323Z,14.897458,120.562495,Cloud to Ground,-34300,0,11
2026-09-16T11:00:48.562258107Z,16.283195,121.512123,Cloud to Cloud,12546,18920,10
2026-09-16T11:00:51.068842585Z,14.237726,120.279376,Cloud to Ground,19043,0,8
2026-09-16T11:00:51.828518752Z,14.796583,120.563982,Cloud to Ground,24129,0,10
2026-09-16T11:00:52.863700377Z,15.872178,121.567109,Cloud to Ground,-70627,0,14
2026-09-16T11:00:53.003821323Z,15.867951,121.522711,Cloud to Ground,-31523,0,10
2026-09-16T11:00:53.526192714Z,15.896104,121.629468,Cloud to Ground,-25241,0,7
2026-09-16T11:00:52.898284210Z,15.872864,121.568041,Cloud to Ground,-18607,0,12
2026-09-16T11:00:53.040642068Z,15.871153,121.560078,Cloud to Ground,-13254,0,11
2026-09-16T11:00:52.922251000Z,16.2625,121.8524,Cloud to Ground,50306,0,7
2026-09-16T11:00:52.169751006Z,14.723384,120.659323,Cloud to Ground,17241,0,8
2026-09-16T11:00:53.315992313Z,13.950838,120.044755,Cloud to Ground,-20800,0,9
2026-09-16T11:00:53.505387573Z,13.90646,119.939308,Cloud to Ground,-8042,0,8
2026-09-16T11:00:53.551049566Z,13.905046,119.940104,Cloud to Ground,-6733,0,7
2026-09-16T11:00:54.240729162Z,14.573869,120.262571,Cloud to Ground,-51328,0,10
2026-09-16T11:00:54.360524811Z,11.298504,125.697625,Cloud to Ground,-33969,0,8
2026-09-16T11:00:55.836759042Z,15.794822,119.461871,Cloud to Ground,-13570,0,6
2026-09-16T11:00:55.788753879Z,15.811345,119.572745,Cloud to Ground,-19682,0,12
2026-09-16T11:00:55.766649763Z,14.760494,120.671736,Cloud to Ground,22958,0,8
2026-09-16T11:00:55.681540000Z,15.5353,121.2289,Cloud to Ground,-28248,0,5
2026-09-16T11:00:57.896417304Z,14.531402,120.6827,Cloud to Ground,-42720,0,11
2026-09-16T11:00:57.801088000Z,14.542,120.5992,Cloud to Ground,-29970,0,8
2026-09-16T11:00:57.931053576Z,11.175776,121.612865,Cloud to Cloud,16849,7609,9
2026-09-16T11:00:58.222628402Z,9.989623,130.460308,Cloud to Ground,20999,0,15
2026-09-16T11:00:59.984555045Z,14.329014,120.187857,Cloud to Cloud,9853,18509,8
2026-09-16T11:00:59.716532000Z,3.5609,116.1563,Cloud to Ground,-8949,0,6
2026-09-16T11:00:59.818047000Z,11.6424,124.3843,Cloud to Ground,20482,0,13
2026-09-16T11:01:00.396240988Z,9.837524,132.045676,Cloud to Ground,-58596,0,32
2026-09-16T11:01:00.418363292Z,14.766712,120.60109,Cloud to Cloud,-17961,18465,6
2026-09-16T11:01:00.246938398Z,14.760728,120.639052,Cloud to Cloud,10786,3002,5
2026-09-16T11:01:00.380069000Z,14.7838,120.3815,Cloud to Ground,-25386,0,8
2026-09-16T11:01:01.817410855Z,14.81043,120.556996,Cloud to Ground,42674,0,9
2026-09-16T11:01:01.809992806Z,14.836833,120.672551,Cloud to Ground,34870,0,11
2026-09-16T11:01:02.658402232Z,10.606948,132.038498,Cloud to Cloud,13117,17886,5
2026-09-16T11:01:02.391573354Z,22.199106,110.850634,Cloud to Cloud,15606,6316,8
2026-09-16T11:01:02.389421378Z,22.164693,111.047171,Cloud to Cloud,-27233,18316,7
2026-09-16T11:01:02.965210837Z,14.830792,120.625884,Cloud to Ground,47054,0,12
2026-09-16T11:01:02.964878000Z,14.2566,119.8127,Cloud to Ground,58590,0,6
2026-09-16T11:01:03.732428060Z,14.777934,120.625296,Cloud to Cloud,-13044,16806,7
2026-09-16T11:01:04.300580140Z,14.76211,120.632723,Cloud to Cloud,11054,18479,6
2026-09-16T11:01:04.135421282Z,14.342226,120.204539,Cloud to Ground,-5979,0,6
2026-09-16T11:01:04.118321168Z,14.380548,120.296597,Cloud to Ground,-37150,0,10
2026-09-16T11:01:04.226454000Z,14.4112,120.053,Cloud to Ground,-16637,0,5
2026-09-16T11:01:05.840013208Z,14.279491,120.215754,Cloud to Cloud,-15786,18735,8
2026-09-16T11:01:05.743316704Z,14.311977,120.184199,Cloud to Cloud,-6851,16795,8
2026-09-16T11:01:05.376903197Z,14.722179,120.711603,Cloud to Cloud,14974,3010,9
2026-09-16T11:01:05.339867113Z,14.716866,120.736829,Cloud to Ground,21268,0,9
2026-09-16T11:01:06.191741385Z,14.78347,120.649853,Cloud to Ground,-13648,0,7
2026-09-16T11:01:06.364063335Z,14.804958,120.644792,Cloud to Cloud,-12758,15360,9
2026-09-16T11:01:05.758832497Z,14.846185,120.626472,Cloud to Ground,-11675,0,7
2026-09-16T11:01:05.171935420Z,14.806933,120.666006,Cloud to Cloud,-9017,19895,8
2026-09-16T11:01:05.356886549Z,14.801263,120.656587,Cloud to Ground,9223,0,9
2026-09-16T11:01:05.747539354Z,14.799167,120.649945,Cloud to Ground,17604,0,8
2026-09-16T11:01:05.866820006Z,15.986957,121.531659,Cloud to Ground,9511,0,12
2026-09-16T11:01:06.199405415Z,10.650791,131.949148,Cloud to Ground,-38282,0,12
2026-09-16T11:01:06.303915028Z,10.39095,132.097747,Cloud to Cloud,-23125,12811,9
2026-09-16T11:01:06.460727698Z,10.560884,131.998653,Cloud to Ground,-25229,0,17
2026-09-16T11:01:07.114075991Z,10.565635,132.067624,Cloud to Ground,24481,0,13
2026-09-16T11:01:06.054399351Z,14.526498,120.582095,Cloud to Cloud,-8198,13171,7
2026-09-16T11:01:06.635179024Z,14.370493,120.249553,Cloud to Cloud,-22165,3010,8
2026-09-16T11:01:06.053460809Z,14.936547,120.594006,Cloud to Ground,-14786,0,8
2026-09-16T11:01:06.221890512Z,14.958653,120.601825,Cloud to Cloud,16996,3001,9
2026-09-16T11:01:06.374390225Z,15.018824,120.475364,Cloud to Cloud,32587,6404,7
2026-09-16T11:01:07.646504332Z,10.841273,125.633459,Cloud to Ground,33461,0,8
2026-09-16T11:01:07.288883103Z,14.836626,120.664985,Cloud to Ground,21023,0,10
2026-09-16T11:01:08.807096666Z,9.638409,129.559956,Cloud to Cloud,-22696,3027,8
2026-09-16T11:01:08.469853000Z,14.8543,120.4109,Cloud to Ground,-4293,0,7
2026-09-16T11:01:09.352168172Z,14.750293,120.645365,Cloud to Ground,-22605,0,10
2026-09-16T11:01:09.626105483Z,14.761876,120.661058,Cloud to Cloud,-5349,14703,8
2026-09-16T11:01:09.817439822Z,14.777177,120.64044,Cloud to Ground,-5332,0,6
2026-09-16T11:01:09.897148213Z,14.689256,120.74384,Cloud to Cloud,9024,10191,12
2026-09-16T11:01:09.855265765Z,14.681075,120.690313,Cloud to Ground,9841,0,9
2026-09-16T11:01:09.788171529Z,14.704195,120.69966,Cloud to Cloud,10273,14156,10
2026-09-16T11:01:09.954172187Z,14.796133,120.663178,Cloud to Cloud,12083,10733,10
2026-09-16T11:01:11.811150678Z,14.840778,120.654651,Cloud to Ground,16645,0,6
2026-09-16T11:01:11.564010841Z,16.225897,121.716851,Cloud to Cloud,7649,3006,7
2026-09-16T11:01:11.151478361Z,11.098807,125.438979,Cloud to Cloud,22092,19037,10
2026-09-16T11:01:13.089894748Z,14.686374,120.697678,Cloud to Cloud,-17497,3369,8
2026-09-16T11:01:14.616282442Z,14.819272,120.664017,Cloud to Cloud,8944,17733,8
2026-09-16T11:01:13.294169351Z,14.726762,120.673257,Cloud to Cloud,11226,6666,9
2026-09-16T11:01:14.409576514Z,14.770013,120.670596,Cloud to Ground,12760,0,11
2026-09-16T11:01:13.325450840Z,14.721176,120.67074,Cloud to Ground,18072,0,12
2026-09-16T11:01:13.150928933Z,14.723628,120.664712,Cloud to Cloud,18903,15074,8
2026-09-16T11:01:15.054306845Z,14.835061,120.645921,Cloud to Ground,24986,0,10
2026-09-16T11:01:13.730332515Z,14.742583,120.656453,Cloud to Ground,34845,0,10
2026-09-16T11:01:15.750818625Z,14.599403,120.772683,Cloud to Cloud,19111,7053,10
2026-09-16T11:01:15.004668125Z,15.673019,121.359033,Cloud to Cloud,11169,19728,8
2026-09-16T11:01:15.189247206Z,15.770323,121.376559,Cloud to Ground,27690,0,10
2026-09-16T11:01:15.002893000Z,15.8524,121.285,Cloud to Ground,30614,0,5
2026-09-16T11:01:15.143868205Z,11.586104,125.560947,Cloud to Ground,-34975,0,10
2026-09-16T11:01:15.136673028Z,11.511549,125.531341,Cloud to Cloud,-20555,17168,13
2026-09-16T11:01:16.040343647Z,15.271871,120.552162,Cloud to Cloud,-21444,19490,7
2026-09-16T11:01:16.391011056Z,15.391107,120.659647,Cloud to Cloud,-28047,6954,10
2026-09-16T11:01:17.678686025Z,14.549411,120.611745,Cloud to Ground,-21839,0,7
2026-09-16T11:01:17.449014752Z,14.537461,120.355997,Cloud to Cloud,-52753,10476,10
2026-09-16T11:01:17.448046852Z,14.341659,120.534912,Cloud to Cloud,14237,19970,7
2026-09-16T11:01:17.760324229Z,14.659773,120.690296,Cloud to Cloud,10920,14313,11
2026-09-16T11:01:17.895272109Z,14.658014,120.679308,Cloud to Ground,18649,0,12
2026-09-16T11:01:17.558994000Z,14.812,120.463,Cloud to Ground,-16422,0,8
2026-09-16T11:01:18.411734125Z,14.820269,120.643275,Cloud to Cloud,9358,3397,7
2026-09-16T11:01:18.906272912Z,14.776231,120.680657,Cloud to Ground,15226,0,10
2026-09-16T11:01:18.147457737Z,4.4574,116.339168,Cloud to Ground,-25726,0,21
2026-09-16T11:01:19.825954768Z,5.674188,118.952818,Cloud to Ground,21206,0,16
2026-09-16T11:01:19.226805657Z,15.597181,120.675865,Cloud to Cloud,-22566,17697,7
2026-09-16T11:01:19.845608258Z,14.580979,120.264008,Cloud to Ground,33575,0,12
2026-09-16T11:01:19.028811214Z,15.172754,120.702753,Cloud to Cloud,6273,8201,6
2026-09-16T11:01:19.226339000Z,14.4114,120.483,Cloud to Ground,-2823,0,5
2026-09-16T11:01:20.126029102Z,14.96536,120.414129,Cloud to Ground,20684,0,7
2026-09-16T11:01:21.383811395Z,15.238107,120.567677,Cloud to Cloud,10784,10333,7
2026-09-16T11:01:21.106690693Z,15.245375,120.577794,Cloud to Cloud,13408,4106,9
2026-09-16T11:01:20.947511201Z,14.760086,120.57641,Cloud to Ground,-42439,0,7
2026-09-16T11:01:21.310493980Z,14.786676,120.639645,Cloud to Ground,-38610,0,9
2026-09-16T11:01:20.921702981Z,14.78761,120.639709,Cloud to Ground,-36918,0,11
2026-09-16T11:01:21.654954625Z,14.823058,120.75,Cloud to Ground,-27781,0,9
2026-09-16T11:01:21.368086573Z,14.788084,120.640456,Cloud to Ground,-19446,0,8
2026-09-16T11:01:21.809257605Z,14.799026,120.721434,Cloud to Ground,-14507,0,8
2026-09-16T11:01:21.164819000Z,14.8429,120.5911,Cloud to Ground,-12524,0,8
2026-09-16T11:01:21.472816713Z,14.758092,120.677968,Cloud to Ground,49279,0,9
2026-09-16T11:01:21.038787000Z,14.8641,120.4348,Cloud to Ground,14112,0,8
2026-09-16T11:01:22.922622056Z,14.561049,119.935905,Cloud to Ground,-30812,0,16
2026-09-16T11:01:22.994193744Z,14.331574,120.023597,Cloud to Ground,-12110,0,6
2026-09-16T11:01:23.244435645Z,14.282554,120.053912,Cloud to Ground,-10561,0,6
2026-09-16T11:01:23.078604631Z,14.412409,119.983452,Cloud to Cloud,18241,3109,6
2026-09-16T11:01:23.141959357Z,14.367224,120.117413,Cloud to Ground,-15262,0,8
2026-09-16T11:01:24.151762420Z,0.797848,111.51904,Cloud to Ground,-138331,0,22
2026-09-16T11:01:24.288743140Z,0.832709,111.480077,Cloud to Ground,-30018,0,20
2026-09-16T11:01:24.087841869Z,11.068649,133.683153,Cloud to Ground,27934,0,9
2026-09-16T11:01:24.750614836Z,14.700274,120.715643,Cloud to Cloud,15450,10895,7
2026-09-16T11:01:24.458360731Z,14.773301,120.602097,Cloud to Ground,-20757,0,11
2026-09-16T11:01:24.249075000Z,0.2985,111.2192,Cloud to Ground,84091,0,6
2026-09-16T11:01:25.365887347Z,14.336471,120.181237,Cloud to Ground,-30084,0,8
2026-09-16T11:01:25.594709995Z,14.3461,120.215269,Cloud to Ground,-29341,0,5
2026-09-16T11:01:25.503336948Z,14.376073,120.300988,Cloud to Ground,-23984,0,8
2026-09-16T11:01:25.729131819Z,14.368547,120.278697,Cloud to Ground,-22441,0,10
2026-09-16T11:01:25.406575835Z,14.347393,120.213423,Cloud to Ground,-20184,0,5
2026-09-16T11:01:25.316904300Z,14.348729,120.227317,Cloud to Ground,-19917,0,7
2026-09-16T11:01:25.439031321Z,14.364245,120.279252,Cloud to Ground,-17448,0,10
2026-09-16T11:01:25.468620102Z,14.367368,120.279586,Cloud to Ground,-17410,0,10
2026-09-16T11:01:25.247834755Z,14.251668,120.267433,Cloud to Cloud,-16623,9914,10
2026-09-16T11:01:25.794780739Z,14.295351,120.241481,Cloud to Ground,24888,0,8
2026-09-16T11:01:25.232276000Z,14.3809,119.9195,Cloud to Ground,-20806,0,9
2026-09-16T11:01:26.144886654Z,10.570263,130.133242,Cloud to Ground,-22318,0,11
2026-09-16T11:01:26.262963000Z,10.6188,130.191,Cloud to Ground,421,0,5
2026-09-16T11:01:26.542053226Z,14.796708,120.768725,Cloud to Ground,20237,0,8
2026-09-16T11:01:26.288128129Z,14.779554,120.578823,Cloud to Cloud,-15558,18057,15
2026-09-16T11:01:27.162752255Z,10.507259,130.253083,Cloud to Ground,-16071,0,13
2026-09-16T11:01:26.638664176Z,10.507186,130.25552,Cloud to Ground,-15314,0,11
2026-09-16T11:01:28.034102265Z,14.771931,120.604412,Cloud to Cloud,-7924,15813,6
2026-09-16T11:01:28.081507818Z,14.78702,120.630419,Cloud to Cloud,-7817,5703,8
2026-09-16T11:01:28.626820396Z,14.770664,120.635513,Cloud to Cloud,13292,6637,7
2026-09-16T11:01:27.429504021Z,14.845384,120.67058,Cloud to Ground,22274,0,9
2026-09-16T11:01:28.307693481Z,15.384894,120.80728,Cloud to Cloud,12826,5752,7
2026-09-16T11:01:29.293398359Z,11.159944,125.530206,Cloud to Ground,-21677,0,10
2026-09-16T11:01:29.509818902Z,14.71268,120.558822,Cloud to Ground,-12330,0,9
2026-09-16T11:01:30.115639320Z,13.262128,123.979753,Cloud to Ground,-39942,0,8
2026-09-16T11:01:30.518795247Z,14.773106,120.660423,Cloud to Cloud,-21593,7751,9
2026-09-16T11:01:30.263962676Z,14.167448,123.240986,Cloud to Cloud,13956,9729,8
2026-09-16T11:01:31.037086617Z,14.45096,120.744871,Cloud to Cloud,19064,3011,7
2026-09-16T11:01:31.508750624Z,14.820997,120.625125,Cloud to Cloud,-13230,7901,6
2026-09-16T11:01:31.628994325Z,14.792479,120.591404,Cloud to Cloud,-10947,5069,10
2026-09-16T11:01:31.602196000Z,14.9641,120.6809,Cloud to Ground,13346,0,7
2026-09-16T11:01:31.760465000Z,15.0891,120.7477,Cloud to Ground,9219,0,7
2026-09-16T11:01:31.410389914Z,16.130362,120.952116,Cloud to Ground,46685,0,10
2026-09-16T11:01:32.920020244Z,14.84543,120.640422,Cloud to Cloud,18461,9092,6
2026-09-16T11:01:32.852597844Z,15.137801,120.744685,Cloud to Cloud,-44571,19922,11
2026-09-16T11:01:32.880894952Z,15.132678,120.7648,Cloud to Cloud,12370,16671,13
2026-09-16T11:01:33.882367914Z,15.89039,121.43515,Cloud to Cloud,15506,7825,7
2026-09-16T11:01:33.963179085Z,15.866566,121.54686,Cloud to Cloud,17588,5529,7
2026-09-16T11:01:33.407236350Z,13.068391,123.900307,Cloud to Cloud,9238,3793,7
2026-09-16T11:01:34.713352022Z,15.730162,120.633346,Cloud to Cloud,18610,8796,10
2026-09-16T11:01:34.902590132Z,14.75376,120.668073,Cloud to Ground,45006,0,11
2026-09-16T11:01:34.506231363Z,16.343783,121.612695,Cloud to Cloud,12577,11528,8
2026-09-16T11:01:34.517779184Z,16.347453,121.618793,Cloud to Cloud,13346,3003,9
2026-09-16T11:01:34.501903471Z,16.253978,121.637786,Cloud to Cloud,18327,11164,8
2026-09-16T11:01:36.842117499Z,14.358082,120.17646,Cloud to Ground,-41197,0,10
2026-09-16T11:01:36.775382064Z,14.355708,120.181798,Cloud to Ground,-19542,0,5
2026-09-16T11:01:38.055533347Z,15.030893,120.548676,Cloud to Ground,-18034,0,12
2026-09-16T11:01:38.544966761Z,14.849713,120.637088,Cloud to Ground,38525,0,11
2026-09-16T11:01:38.562533589Z,14.796703,120.678972,Cloud to Ground,40350,0,9
2026-09-16T11:01:38.057681707Z,14.928073,120.610956,Cloud to Ground,41495,0,9
2026-09-16T11:01:39.070526300Z,3.370135,116.409474,Cloud to Ground,30977,0,20
2026-09-16T11:01:39.042306484Z,3.347348,116.309614,Cloud to Ground,-26270,0,13
2026-09-16T11:01:39.722833030Z,16.985494,120.162019,Cloud to Ground,-40676,0,9
2026-09-16T11:01:39.826732108Z,16.981368,120.156423,Cloud to Ground,-39768,0,9
2026-09-16T11:01:39.753958016Z,16.976968,120.179808,Cloud to Ground,-30443,0,11
2026-09-16T11:01:39.783697447Z,16.987146,120.150921,Cloud to Ground,-30180,0,8
2026-09-16T11:01:39.860029886Z,16.984671,120.147858,Cloud to Ground,-22584,0,7
2026-09-16T11:01:40.028862817Z,16.379321,121.800233,Cloud to Cloud,18349,15785,9
2026-09-16T11:01:40.446018019Z,14.776158,120.609268,Cloud to Cloud,12720,5551,11
2026-09-16T11:01:40.696889826Z,14.781536,120.594975,Cloud to Ground,13716,0,10
2026-09-16T11:01:40.036823981Z,14.736844,120.641315,Cloud to Ground,25838,0,6
2026-09-16T11:01:40.752038680Z,14.686604,120.620432,Cloud to Ground,38360,0,6
2026-09-16T11:01:41.680702619Z,15.458105,120.679166,Cloud to Cloud,-15643,18702,8
2026-09-16T11:01:41.616505525Z,14.752654,120.586368,Cloud to Ground,33165,0,8
2026-09-16T11:01:42.030566451Z,14.322007,120.275312,Cloud to Cloud,11275,6574,8
2026-09-16T11:01:42.514260906Z,14.680365,119.807159,Cloud to Ground,-155719,0,9
2026-09-16T11:01:42.810314126Z,14.668585,119.842474,Cloud to Ground,18349,0,8
2026-09-16T11:01:43.438667093Z,14.625847,120.635945,Cloud to Ground,22396,0,7
2026-09-16T11:01:43.389112000Z,14.9909,120.6542,Cloud to Ground,-40652,0,7
2026-09-16T11:01:44.037043810Z,14.796923,120.598263,Cloud to Ground,-23373,0,8
2026-09-16T11:01:43.343396942Z,14.806769,120.61889,Cloud to Ground,-23199,0,7
2026-09-16T11:01:43.416873108Z,14.804615,120.621951,Cloud to Ground,-20137,0,10
2026-09-16T11:01:43.457439663Z,14.802731,120.620266,Cloud to Ground,-19861,0,6
2026-09-16T11:01:44.222021778Z,14.801638,120.60988,Cloud to Ground,-12814,0,9
2026-09-16T11:01:43.475686859Z,14.800211,120.615975,Cloud to Ground,-8708,0,5
2026-09-16T11:01:44.290953337Z,14.825789,120.64885,Cloud to Cloud,20390,6615,10
2026-09-16T11:01:43.367357258Z,14.729673,120.617402,Cloud to Cloud,25496,6817,7
2026-09-16T11:01:44.138549341Z,14.888974,120.560857,Cloud to Cloud,9203,18120,7
2026-09-16T11:01:44.681569681Z,16.195793,121.162004,Cloud to Ground,-16194,0,8
2026-09-16T11:01:45.924857168Z,15.416736,120.174915,Cloud to Cloud,12109,10788,10
2026-09-16T11:01:45.150393607Z,14.673649,120.613646,Cloud to Cloud,10989,17065,8
2026-09-16T11:01:45.140027714Z,14.771749,120.632965,Cloud to Ground,-14564,0,7
2026-09-16T11:01:45.866626000Z,15.6513,119.8415,Cloud to Ground,8846,0,6
2026-09-16T11:01:46.944732092Z,14.862792,120.573572,Cloud to Ground,51129,0,11
2026-09-16T11:01:46.006340963Z,15.561935,119.736404,Cloud to Cloud,-18971,18318,7
2026-09-16T11:01:46.370366860Z,14.775481,120.642553,Cloud to Cloud,-18572,3935,9
2026-09-16T11:01:46.019475594Z,14.80115,120.722469,Cloud to Cloud,23384,3000,7
2026-09-16T11:01:46.042891135Z,14.285732,120.623006,Cloud to Cloud,27176,3206,8
2026-09-16T11:01:46.992311250Z,15.645768,120.611054,Cloud to Ground,-20368,0,11
2026-09-16T11:01:47.073593038Z,15.657948,120.593612,Cloud to Ground,-18527,0,11
2026-09-16T11:01:47.315783815Z,15.641201,120.601251,Cloud to Ground,-15432,0,11
2026-09-16T11:01:47.750438798Z,14.320922,120.218259,Cloud to Cloud,-4519,15215,6
2026-09-16T11:01:48.230336699Z,14.716355,120.707393,Cloud to Cloud,-8998,4208,11
2026-09-16T11:01:48.846270460Z,14.678977,120.715535,Cloud to Ground,24761,0,8
2026-09-16T11:01:49.153575812Z,15.236417,119.940453,Cloud to Ground,-24365,0,12
2026-09-16T11:01:49.158923440Z,15.306943,119.950006,Cloud to Ground,-14186,0,7
2026-09-16T11:01:49.464693108Z,14.573299,120.274382,Cloud to Ground,-29316,0,5
2026-09-16T11:01:49.235304000Z,11.8228,124.7927,Cloud to Ground,-15381,0,5
2026-09-16T11:01:50.185977352Z,14.824112,120.669646,Cloud to Ground,16689,0,11
2026-09-16T11:01:51.965592185Z,14.584269,120.789512,Cloud to Ground,-45336,0,8
2026-09-16T11:01:51.868711939Z,14.549886,120.681363,Cloud to Ground,-34190,0,10
2026-09-16T11:01:52.003827110Z,14.588451,120.783887,Cloud to Ground,-30953,0,10
2026-09-16T11:01:52.040188398Z,14.558793,120.706581,Cloud to Ground,-20767,0,9
2026-09-16T11:01:51.966391284Z,14.665135,120.738618,Cloud to Cloud,-19355,7670,10
2026-09-16T11:01:52.126102141Z,14.55155,120.674068,Cloud to Ground,-14838,0,10
2026-09-16T11:01:51.749470521Z,14.697498,120.687537,Cloud to Cloud,12402,8586,11
2026-09-16T11:01:52.253295000Z,14.7135,120.5173,Cloud to Ground,-14620,0,7
2026-09-16T11:01:51.773864490Z,14.770255,120.585189,Cloud to Ground,15958,0,8
2026-09-16T11:01:52.471131835Z,3.359165,116.304091,Cloud to Ground,28918,0,8
2026-09-16T11:01:53.144358132Z,3.348022,116.313679,Cloud to Ground,31358,0,11
2026-09-16T11:01:53.460780648Z,15.63369,120.677195,Cloud to Cloud,-21920,10474,7
2026-09-16T11:01:53.769715436Z,14.323278,120.214858,Cloud to Cloud,-7411,11281,6
2026-09-16T11:01:53.786734642Z,14.856353,120.528422,Cloud to Ground,-45593,0,13
2026-09-16T11:01:53.510799538Z,14.857671,120.527328,Cloud to Ground,-27773,0,11
2026-09-16T11:01:53.994634451Z,14.857144,120.529464,Cloud to Ground,-20911,0,8
2026-09-16T11:01:54.000566535Z,14.814184,120.547528,Cloud to Ground,-14993,0,10
2026-09-16T11:01:54.692627836Z,15.081826,120.613703,Cloud to Cloud,7893,14976,7
2026-09-16T11:01:55.499899690Z,14.29286,120.174249,Cloud to Cloud,19004,10662,8
2026-09-16T11:01:55.278772504Z,11.083165,125.568889,Cloud to Cloud,18485,15409,10
2026-09-16T11:01:56.593439021Z,14.777409,120.696821,Cloud to Cloud,8490,13605,5
2026-09-16T11:01:56.163417657Z,11.088024,125.535045,Cloud to Cloud,-21225,16054,10
2026-09-16T11:01:56.423105000Z,11.7662,125.9961,Cloud to Ground,-33302,0,6
2026-09-16T11:01:57.240407425Z,9.807662,131.990281,Cloud to Cloud,18820,3003,12
2026-09-16T11:01:57.803751202Z,11.025333,125.559345,Cloud to Cloud,29732,18390,10
2026-09-16T11:01:57.140690607Z,14.330207,120.193836,Cloud to Cloud,4922,12180,5
2026-09-16T11:01:58.604545245Z,14.835326,120.701133,Cloud to Cloud,-6963,3000,7
2026-09-16T11:01:59.201021424Z,13.275919,124.154349,Cloud to Ground,-30748,0,13
2026-09-16T11:01:59.203905096Z,13.282066,124.150044,Cloud to Ground,-23323,0,8
2026-09-16T11:01:59.213131093Z,13.258876,124.153485,Cloud to Cloud,12592,4767,7
2026-09-16T11:01:59.790307316Z,14.697051,120.644863,Cloud to Cloud,14726,5166,11
2026-09-16T11:01:59.862763361Z,10.234543,131.911153,Cloud to Ground,-14031,0,11
2026-09-16T11:01:59.867443000Z,10.1921,131.9215,Cloud to Ground,30399,0,10
2026-09-16T11:02:00.080292916Z,15.034725,121.517369,Cloud to Ground,-55275,0,14
2026-09-16T11:02:01.117666180Z,12.579023,125.138682,Cloud to Cloud,18661,9297,7
2026-09-16T11:02:01.815650815Z,14.528182,120.261785,Cloud to Ground,-9220,0,7
2026-09-16T11:02:01.854053606Z,14.494715,120.608775,Cloud to Cloud,36918,3664,7
2026-09-16T11:02:01.908207704Z,14.785983,120.691501,Cloud to Ground,56984,0,10
2026-09-16T11:02:02.725331027Z,14.352628,120.258198,Cloud to Ground,-22552,0,10
2026-09-16T11:02:02.817264825Z,14.361234,120.255527,Cloud to Ground,-8419,0,6
2026-09-16T11:02:02.755759935Z,14.342182,120.300749,Cloud to Cloud,15811,3018,5
2026-09-16T11:02:02.799390000Z,14.4325,120.1545,Cloud to Ground,11241,0,6
2026-09-16T11:02:03.495266639Z,14.867996,120.587089,Cloud to Ground,-18341,0,7
2026-09-16T11:02:03.087668283Z,14.857424,120.670518,Cloud to Ground,30324,0,12
2026-09-16T11:02:03.166974491Z,14.750649,120.647938,Cloud to Ground,-57888,0,8
2026-09-16T11:02:03.377693786Z,14.768481,120.620751,Cloud to Ground,-38251,0,13
2026-09-16T11:02:03.534370282Z,14.752605,120.642459,Cloud to Ground,-14135,0,5
2026-09-16T11:02:03.555928355Z,14.754481,120.636891,Cloud to Ground,-10076,0,8
2026-09-16T11:02:03.125158000Z,14.9069,120.3822,Cloud to Ground,9836,0,7
2026-09-16T11:02:03.607214944Z,15.907727,121.593246,Cloud to Ground,-25526,0,8
2026-09-16T11:02:03.967870171Z,16.265821,121.533161,Cloud to Cloud,17208,7885,8
2026-09-16T11:02:04.887374138Z,5.708633,118.896179,Cloud to Ground,-50593,0,18
2026-09-16T11:02:04.788825608Z,5.585314,118.888472,Cloud to Ground,-44131,0,24
2026-09-16T11:02:04.764195776Z,5.576482,118.967799,Cloud to Ground,-26687,0,14
2026-09-16T11:02:04.906662678Z,5.56908,118.910841,Cloud to Ground,20111,0,11
2026-09-16T11:02:04.748742031Z,5.579042,118.959155,Cloud to Ground,52953,0,30
2026-09-16T11:02:04.823681570Z,5.562345,118.957735,Cloud to Ground,67653,0,15
2026-09-16T11:02:05.314369353Z,5.744233,119.014314,Cloud to Cloud,-27225,6147,12
2026-09-16T11:02:05.947618900Z,14.745789,120.541751,Cloud to Ground,-14936,0,7
2026-09-16T11:02:06.613186733Z,3.360032,116.348417,Cloud to Ground,25834,0,24
2026-09-16T11:02:06.296825760Z,14.337897,120.237659,Cloud to Ground,-26197,0,9
2026-09-16T11:02:06.517038977Z,14.343668,120.233955,Cloud to Cloud,-16370,3008,10
2026-09-16T11:02:06.542279534Z,14.325517,120.20784,Cloud to Cloud,-15639,19862,7
2026-09-16T11:02:06.285735890Z,14.40088,120.191654,Cloud to Cloud,18044,3006,7
2026-09-16T11:02:07.092586885Z,14.721241,120.730291,Cloud to Cloud,9011,18401,7
2026-09-16T11:02:06.830762752Z,14.718666,120.707543,Cloud to Cloud,13805,6068,14
2026-09-16T11:02:06.679031502Z,14.809477,120.667517,Cloud to Ground,-17505,0,9
2026-09-16T11:02:06.815663474Z,14.802724,120.619306,Cloud to Ground,-15896,0,9
2026-09-16T11:02:07.004453668Z,14.789354,120.578031,Cloud to Cloud,-11152,7392,7
2026-09-16T11:02:07.204435540Z,5.311994,115.79501,Cloud to Ground,27739,0,20
2026-09-16T11:02:07.074485629Z,5.312796,115.805099,Cloud to Ground,29917,0,21
2026-09-16T11:02:06.879879263Z,5.317724,115.76294,Cloud to Ground,30178,0,10
2026-09-16T11:02:08.709310885Z,14.817266,120.657352,Cloud to Ground,-16674,0,8
2026-09-16T11:02:10.020486333Z,14.405771,120.185159,Cloud to Ground,-18837,0,7
2026-09-16T11:02:10.728739101Z,14.320503,120.227096,Cloud to Cloud,13820,13176,8
2026-09-16T11:02:10.907605282Z,14.8622,120.725481,Cloud to Ground,21723,0,7
2026-09-16T11:02:11.318678000Z,1.0275,112.0059,Cloud to Ground,32595,0,5
2026-09-16T11:02:12.154192349Z,14.667923,120.634289,Cloud to Ground,9298,0,9
2026-09-16T11:02:12.245513424Z,14.703959,120.664127,Cloud to Ground,13962,0,11
2026-09-16T11:02:13.333027613Z,15.695591,120.500844,Cloud to Ground,40396,0,10
2026-09-16T11:02:13.261139196Z,15.691418,120.51885,Cloud to Ground,53436,0,11
2026-09-16T11:02:13.347253903Z,14.756782,120.671359,Cloud to Ground,31570,0,9
2026-09-16T11:02:14.226229871Z,14.778268,120.657809,Cloud to Cloud,-5937,6371,7
2026-09-16T11:02:13.875846315Z,14.857983,120.643946,Cloud to Ground,29023,0,11
2026-09-16T11:02:13.692380874Z,12.531305,125.206601,Cloud to Cloud,-12997,19105,8
2026-09-16T11:02:14.190311035Z,15.39973,120.199252,Cloud to Cloud,13063,3050,7
2026-09-16T11:02:15.416020174Z,14.741559,120.660105,Cloud to Ground,-41415,0,12
2026-09-16T11:02:15.456946983Z,14.741728,120.657746,Cloud to Ground,-25767,0,11
2026-09-16T11:02:15.527295337Z,14.783624,120.766881,Cloud to Ground,-22028,0,8
2026-09-16T11:02:15.575858214Z,14.784077,120.768185,Cloud to Ground,-21470,0,8
2026-09-16T11:02:16.086667826Z,14.826601,120.714664,Cloud to Cloud,-18424,15949,10
2026-09-16T11:02:15.624423831Z,14.783189,120.766897,Cloud to Ground,-17387,0,8
2026-09-16T11:02:15.472654465Z,14.771001,120.738257,Cloud to Ground,-15722,0,8
2026-09-16T11:02:15.762991861Z,14.741728,120.657696,Cloud to Ground,-12757,0,6
2026-09-16T11:02:15.974225996Z,14.721088,120.737733,Cloud to Cloud,9885,7671,6
2026-09-16T11:02:14.972688426Z,14.7568,120.667834,Cloud to Cloud,11494,5568,8
2026-09-16T11:02:16.549095751Z,14.836696,120.665434,Cloud to Ground,36988,0,12
2026-09-16T11:02:15.023034000Z,5.9008,118.6562,Cloud to Ground,79093,0,14
2026-09-16T11:02:16.228476672Z,0.839027,111.493579,Cloud to Ground,-57073,0,16
2026-09-16T11:02:16.270055842Z,0.806279,111.409981,Cloud to Ground,-27042,0,25
2026-09-16T11:02:16.314525893Z,0.844253,111.515289,Cloud to Ground,29619,0,15
2026-09-16T11:02:16.020079447Z,16.289817,121.219577,Cloud to Ground,-46512,0,13
2026-09-16T11:02:15.944030423Z,16.289861,121.238089,Cloud to Ground,-30539,0,8
2026-09-16T11:02:15.969016497Z,16.295042,121.238646,Cloud to Ground,-23371,0,8
2026-09-16T11:02:16.053138414Z,16.291712,121.217495,Cloud to Ground,-9966,0,8
2026-09-16T11:02:17.763539074Z,11.272364,125.673154,Cloud to Cloud,-14888,15009,8
2026-09-16T11:02:18.717172473Z,10.499846,130.237992,Cloud to Ground,-15406,0,8
2026-09-16T11:02:18.735518000Z,10.607,130.1967,Cloud to Ground,-15501,0,8
2026-09-16T11:02:18.181430410Z,14.635782,120.243864,Cloud to Cloud,16890,4638,7
2026-09-16T11:02:18.730402933Z,15.189173,120.669786,Cloud to Ground,-13041,0,7
2026-09-16T11:02:18.112819767Z,14.573958,120.359966,Cloud to Ground,-41627,0,10
2026-09-16T11:02:18.002924000Z,14.5932,120.3592,Cloud to Ground,-12177,0,5
2026-09-16T11:02:18.704400013Z,14.762365,120.605562,Cloud to Cloud,-13455,6069,11
2026-09-16T11:02:18.634201573Z,14.803001,120.645744,Cloud to Cloud,-11661,19252,6
2026-09-16T11:02:18.603153108Z,14.695436,120.72626,Cloud to Cloud,15439,19015,12
2026-09-16T11:02:19.302584052Z,14.74695,120.693891,Cloud to Ground,51886,0,9
2026-09-16T11:02:20.197509087Z,10.513143,130.295128,Cloud to Ground,-16884,0,13
2026-09-16T11:02:19.817611519Z,10.540019,130.306672,Cloud to Ground,-15489,0,10
2026-09-16T11:02:20.382516760Z,13.117222,123.870137,Cloud to Cloud,13655,18085,8
2026-09-16T11:02:20.960729010Z,14.984169,120.627433,Cloud to Cloud,23523,3000,7
2026-09-16T11:02:20.343846993Z,14.295819,120.185045,Cloud to Ground,38932,0,8
2026-09-16T11:02:21.514625748Z,14.89359,120.682629,Cloud to Cloud,9298,3014,9
2026-09-16T11:02:20.828747460Z,14.83337,120.67787,Cloud to Ground,45778,0,7
2026-09-16T11:02:21.436877816Z,14.741303,120.653602,Cloud to Ground,-66736,0,10
2026-09-16T11:02:21.460128145Z,14.737226,120.627539,Cloud to Ground,-20190,0,9
2026-09-16T11:02:22.062351044Z,14.777589,120.675019,Cloud to Ground,25677,0,10
2026-09-16T11:02:21.483947000Z,14.7977,120.3221,Cloud to Ground,-15494,0,6
2026-09-16T11:02:22.480808562Z,1.10618,111.523884,Cloud to Ground,34863,0,20
2026-09-16T11:02:22.980467030Z,14.754568,120.615364,Cloud to Ground,-10151,0,6
2026-09-16T11:02:24.948010247Z,9.720679,129.192188,Cloud to Ground,44495,0,14
2026-09-16T11:02:24.079532459Z,15.395226,120.773481,Cloud to Cloud,12644,7708,7
2026-09-16T11:02:24.033587584Z,14.50777,120.582833,Cloud to Cloud,24491,6256,7
2026-09-16T11:02:24.749688064Z,14.7868,120.636113,Cloud to Cloud,-13174,7917,7
2026-09-16T11:02:24.717576538Z,14.799113,120.630567,Cloud to Cloud,9365,3742,7
2026-09-16T11:02:25.711430021Z,14.393669,120.594717,Cloud to Cloud,8377,19623,7
2026-09-16T11:02:25.906892408Z,14.874943,120.652672,Cloud to Cloud,11629,17558,9
2026-09-16T11:02:26.931950281Z,2.896671,116.203413,Cloud to Ground,25562,0,15
2026-09-16T11:02:26.721857281Z,2.892417,116.188492,Cloud to Ground,30416,0,23
2026-09-16T11:02:26.860221324Z,14.343503,120.270471,Cloud to Cloud,11768,12023,10
2026-09-16T11:02:26.944469616Z,14.435727,120.263214,Cloud to Ground,-28722,0,9
2026-09-16T11:02:26.909711576Z,14.752778,120.636718,Cloud to Ground,-48789,0,9
2026-09-16T11:02:26.793039299Z,14.748687,120.638879,Cloud to Ground,-42179,0,11
2026-09-16T11:02:27.044659526Z,14.747372,120.630801,Cloud to Ground,-18083,0,7
2026-09-16T11:02:26.828150405Z,14.750871,120.635498,Cloud to Ground,-15493,0,10
2026-09-16T11:02:27.398608699Z,14.752044,120.633973,Cloud to Ground,-15293,0,11
2026-09-16T11:02:27.081644076Z,14.779303,120.739156,Cloud to Ground,-14080,0,9
2026-09-16T11:02:26.901014647Z,14.751226,120.63443,Cloud to Ground,-11801,0,8
2026-09-16T11:02:27.128044370Z,14.74756,120.640899,Cloud to Ground,-9659,0,5
2026-09-16T11:02:27.170404678Z,14.749303,120.63532,Cloud to Ground,-9289,0,10
2026-09-16T11:02:27.440865868Z,14.746707,120.642608,Cloud to Ground,-7868,0,7
2026-09-16T11:02:27.662597344Z,14.746403,120.663989,Cloud to Ground,28479,0,12
2026-09-16T11:02:27.224108755Z,14.843841,120.624876,Cloud to Cloud,15929,3866,7
2026-09-16T11:02:28.869458551Z,15.440922,120.199369,Cloud to Cloud,-12103,3547,9
2026-09-16T11:02:28.964271253Z,15.225862,120.617842,Cloud to Ground,-35924,0,12
2026-09-16T11:02:28.856207049Z,15.224088,120.61121,Cloud to Ground,-19698,0,11
2026-09-16T11:02:28.443702153Z,15.186968,120.579632,Cloud to Ground,-17056,0,10
2026-09-16T11:02:28.402079796Z,15.293733,120.580709,Cloud to Ground,54302,0,14
2026-09-16T11:02:28.923413791Z,15.26573,120.274769,Cloud to Cloud,10745,15211,10
2026-09-16T11:02:29.023709977Z,15.247112,120.718282,Cloud to Ground,-14100,0,8
2026-09-16T11:02:29.222749602Z,14.772582,120.595286,Cloud to Ground,-7348,0,8
2026-09-16T11:02:28.783822872Z,14.765239,120.616478,Cloud to Cloud,5811,19933,6
2026-09-16T11:02:29.078924481Z,14.639968,120.563767,Cloud to Cloud,11916,3948,6
2026-09-16T11:02:29.316860086Z,14.726427,120.737043,Cloud to Cloud,8994,13467,6
2026-09-16T11:02:29.112909892Z,14.878784,120.614688,Cloud to Cloud,26035,7491,7
2026-09-16T11:02:29.670050829Z,15.71982,120.831296,Cloud to Cloud,14625,7492,10
2026-09-16T11:02:30.181610318Z,11.665322,124.3796,Cloud to Ground,-40034,0,7
2026-09-16T11:02:30.810413801Z,14.723407,120.753875,Cloud to Cloud,8609,3528,7
2026-09-16T11:02:32.122540812Z,14.739789,120.608616,Cloud to Ground,-10996,0,8
2026-09-16T11:02:31.748450383Z,14.74597,120.627744,Cloud to Cloud,4975,6249,7
2026-09-16T11:02:32.866233609Z,14.503736,120.267972,Cloud to Ground,28584,0,7
2026-09-16T11:02:33.583166008Z,14.790385,120.622724,Cloud to Ground,15988,0,10
2026-09-16T11:02:33.354248356Z,14.85051,120.645802,Cloud to Cloud,27683,17846,8
2026-09-16T11:02:33.597799195Z,14.346265,120.189444,Cloud to Ground,-28703,0,11
2026-09-16T11:02:32.941003561Z,14.346925,120.187008,Cloud to Ground,-25452,0,10
2026-09-16T11:02:32.889428718Z,14.346054,120.18929,Cloud to Ground,-8343,0,5
2026-09-16T11:02:33.180428371Z,11.190219,125.434332,Cloud to Cloud,-11316,17930,10
2026-09-16T11:02:33.429633000Z,11.219,125.3248,Cloud to Ground,-38675,0,11
2026-09-16T11:02:33.185687000Z,11.3158,125.6059,Cloud to Ground,8098,0,5
2026-09-16T11:02:35.797778393Z,15.286286,120.425394,Cloud to Cloud,12657,5650,9
2026-09-16T11:02:36.976150026Z,3.457103,116.317541,Cloud to Cloud,-29470,8532,22
2026-09-16T11:02:35.896957903Z,14.35692,120.255381,Cloud to Cloud,-7229,4261,8
2026-09-16T11:02:36.274978402Z,14.249092,120.25052,Cloud to Cloud,11879,6939,7
2026-09-16T11:02:36.436534485Z,14.298012,120.195387,Cloud to Ground,50137,0,9
2026-09-16T11:02:36.458150177Z,14.810425,120.57532,Cloud to Cloud,7253,7350,5
2026-09-16T11:02:37.648184872Z,14.89845,120.57671,Cloud to Ground,98067,0,8
2026-09-16T11:02:37.534023859Z,15.714053,120.697102,Cloud to Cloud,-25810,12231,6
2026-09-16T11:02:37.825077523Z,11.26293,125.573879,Cloud to Cloud,-11376,3015,9
2026-09-16T11:02:38.818526815Z,14.543309,120.631054,Cloud to Ground,-25598,0,7
2026-09-16T11:02:38.830240305Z,14.770486,120.693498,Cloud to Cloud,10513,5043,7
2026-09-16T11:02:39.034444533Z,15.751494,120.889379,Cloud to Cloud,17053,17608,7
2026-09-16T11:02:40.714894730Z,2.764631,116.032097,Cloud to Ground,-59002,0,29
2026-09-16T11:02:40.639521704Z,14.560606,120.678842,Cloud to Ground,-45723,0,15
2026-09-16T11:02:40.742608641Z,14.555584,120.673356,Cloud to Ground,-28789,0,6
2026-09-16T11:02:41.187733858Z,14.793536,120.643414,Cloud to Cloud,-12964,15898,10
2026-09-16T11:02:41.417532419Z,16.082363,120.984419,Cloud to Cloud,17265,9499,7
2026-09-16T11:02:41.035991060Z,11.510892,124.557723,Cloud to Ground,-25077,0,10
2026-09-16T11:02:41.346976431Z,14.590999,120.779715,Cloud to Ground,-23047,0,10
2026-09-16T11:02:42.971916008Z,10.634774,131.993922,Cloud to Ground,25865,0,11
2026-09-16T11:02:42.579840108Z,11.666228,124.969369,Cloud to Ground,-29009,0,8
2026-09-16T11:02:42.180774000Z,11.769,124.856,Cloud to Ground,-37461,0,11
2026-09-16T11:02:42.712371473Z,14.588768,120.225405,Cloud to Ground,-14367,0,12
2026-09-16T11:02:42.064609647Z,14.689655,120.609703,Cloud to Ground,13469,0,8
2026-09-16T11:02:43.096967786Z,14.853449,120.581491,Cloud to Ground,-24614,0,11
2026-09-16T11:02:43.580058183Z,14.851396,120.583401,Cloud to Ground,-20898,0,8
2026-09-16T11:02:43.830450838Z,14.855488,120.583484,Cloud to Ground,-15685,0,10
2026-09-16T11:02:43.494912447Z,14.796642,120.598992,Cloud to Cloud,-8468,16308,7
2026-09-16T11:02:42.875510545Z,14.745921,120.67409,Cloud to Ground,25434,0,11
2026-09-16T11:02:44.464707867Z,16.336601,121.44636,Cloud to Ground,-12456,0,13
2026-09-16T11:02:45.320871524Z,16.276407,121.500693,Cloud to Cloud,7327,19160,7
2026-09-16T11:02:44.838347764Z,16.279117,121.495661,Cloud to Cloud,13075,18934,8
2026-09-16T11:02:44.461921414Z,16.229299,121.494053,Cloud to Cloud,30781,4765,11
2026-09-16T11:02:44.801722581Z,14.714261,120.821,Cloud to Cloud,7998,16638,7
2026-09-16T11:02:45.172818456Z,16.427168,121.46572,Cloud to Cloud,13567,3018,8
2026-09-16T11:02:45.865432197Z,16.039721,121.408633,Cloud to Cloud,-14098,7537,8
2026-09-16T11:02:45.484608069Z,15.709867,121.298654,Cloud to Ground,28333,0,9
2026-09-16T11:02:45.304110225Z,14.814882,120.59763,Cloud to Ground,-10777,0,9
2026-09-16T11:02:45.308131771Z,14.782754,120.607834,Cloud to Cloud,-5262,18344,6
2026-09-16T11:02:46.936174662Z,0.114191,111.815247,Cloud to Ground,29375,0,12
2026-09-16T11:02:46.427385723Z,14.705469,120.620715,Cloud to Cloud,-19264,3177,7
2026-09-16T11:02:46.204565698Z,14.751152,120.659155,Cloud to Cloud,13109,16576,8
2026-09-16T11:02:46.145143459Z,12.426681,122.156907,Cloud to Cloud,24679,3037,9
2026-09-16T11:02:46.605402000Z,0.8212,111.3301,Cloud to Ground,-35542,0,5
2026-09-16T11:02:46.966028000Z,0.8427,111.4057,Cloud to Ground,21356,0,6
2026-09-16T11:02:46.885401888Z,0.799406,111.444295,Cloud to Ground,26620,0,13
2026-09-16T11:02:46.857654398Z,0.800496,111.461458,Cloud to Ground,35994,0,18
2026-09-16T11:02:47.622094015Z,0.796949,111.43955,Cloud to Ground,37104,0,18
2026-09-16T11:02:47.767515176Z,14.684576,120.640099,Cloud to Ground,25497,0,7
2026-09-16T11:02:47.575421855Z,14.840535,120.651947,Cloud to Ground,-19712,0,9
2026-09-16T11:02:47.042605478Z,14.506802,120.192606,Cloud to Cloud,19121,10299,7
2026-09-16T11:02:47.417764097Z,14.67113,119.805728,Cloud to Ground,-30448,0,8
2026-09-16T11:02:47.564077570Z,14.697662,119.791907,Cloud to Ground,-13192,0,9
2026-09-16T11:02:47.764197852Z,14.779208,119.794463,Cloud to Cloud,16295,7382,6
2026-09-16T11:02:47.645181000Z,15.1066,120.1261,Cloud to Ground,389,0,5
2026-09-16T11:02:47.531306000Z,14.9604,119.9664,Cloud to Ground,7518,0,5
2026-09-16T11:02:48.990821882Z,14.567975,120.603992,Cloud to Cloud,19548,7229,9
2026-09-16T11:02:48.676602028Z,15.58234,121.496495,Cloud to Ground,-28467,0,9
2026-09-16T11:02:48.458305383Z,15.08012,121.396846,Cloud to Cloud,-26140,3003,7
2026-09-16T11:02:49.733283502Z,9.972012,130.28911,Cloud to Ground,-19965,0,10
2026-09-16T11:02:49.656918698Z,11.575344,125.979197,Cloud to Ground,-22648,0,11
2026-09-16T11:02:49.641667000Z,11.7631,125.9651,Cloud to Ground,-18958,0,7
2026-09-16T11:02:49.601400769Z,14.821349,120.655204,Cloud to Cloud,17347,18637,7
2026-09-16T11:02:50.687881301Z,14.523026,120.24459,Cloud to Ground,-7992,0,8
2026-09-16T11:02:51.216539822Z,14.749322,120.676857,Cloud to Ground,18168,0,6
2026-09-16T11:02:51.365641824Z,14.297201,120.182843,Cloud to Ground,31966,0,10
2026-09-16T11:02:51.952462670Z,14.77742,120.733548,Cloud to Ground,-21621,0,10
2026-09-16T11:02:52.072211580Z,14.744811,120.623164,Cloud to Ground,-16141,0,11
2026-09-16T11:02:52.012929046Z,14.767974,120.664679,Cloud to Cloud,15539,3016,10
2026-09-16T11:02:52.293255646Z,10.612823,131.902554,Cloud to Ground,-31260,0,13
2026-09-16T11:02:52.174860742Z,10.549915,132.006277,Cloud to Ground,-30820,0,11
2026-09-16T11:02:52.213311472Z,10.555601,132.000314,Cloud to Ground,-19162,0,17
2026-09-16T11:02:52.138157595Z,15.670463,120.728856,Cloud to Ground,26980,0,11
2026-09-16T11:02:52.193468516Z,15.566085,120.700248,Cloud to Cloud,14952,17199,10
2026-09-16T11:02:52.138836456Z,15.552733,120.704934,Cloud to Cloud,17696,15634,10
2026-09-16T11:02:53.358915929Z,15.354675,119.806836,Cloud to Cloud,-9896,11697,8
2026-09-16T11:02:54.129658236Z,15.539778,119.770176,Cloud to Cloud,-25306,13269,12
2026-09-16T11:02:54.268675369Z,14.321176,120.179319,Cloud to Ground,24820,0,10
2026-09-16T11:02:54.823247535Z,14.793001,120.639592,Cloud to Ground,-37941,0,11
2026-09-16T11:02:55.384739543Z,14.74525,120.692059,Cloud to Cloud,7829,19742,6
2026-09-16T11:02:55.424063294Z,14.745434,120.697842,Cloud to Cloud,7904,18386,6
2026-09-16T11:02:54.165335780Z,14.77229,120.698057,Cloud to Ground,58613,0,11
2026-09-16T11:02:54.261592000Z,15.5589,119.8812,Cloud to Ground,25312,0,8
2026-09-16T11:02:54.017561881Z,15.358398,121.389166,Cloud to Cloud,-24133,3013,17
2026-09-16T11:02:54.016644891Z,15.353473,121.420912,Cloud to Cloud,-13061,14491,9
2026-09-16T11:02:55.661016579Z,14.330468,120.21935,Cloud to Ground,-48557,0,12
2026-09-16T11:02:55.825009697Z,14.814303,120.626927,Cloud to Ground,-18824,0,10
2026-09-16T11:02:56.464348906Z,14.749949,120.631584,Cloud to Ground,-14467,0,5
2026-09-16T11:02:57.022016859Z,14.733422,120.565083,Cloud to Cloud,-11072,11287,10
2026-09-16T11:02:56.304415402Z,14.843356,120.716076,Cloud to Cloud,8095,16610,8
2026-09-16T11:02:56.333152062Z,14.811115,120.592927,Cloud to Cloud,15335,17255,12
2026-09-16T11:02:55.975887399Z,14.83749,120.681338,Cloud to Ground,41458,0,9
2026-09-16T11:02:57.082766935Z,16.986104,120.153629,Cloud to Ground,-46149,0,12
2026-09-16T11:02:57.172481123Z,17.015347,120.171635,Cloud to Ground,-23331,0,8
2026-09-16T11:02:57.055748321Z,14.855694,120.663208,Cloud to Ground,25669,0,11
2026-09-16T11:02:57.701175693Z,11.301427,121.693043,Cloud to Cloud,-31130,18433,8
2026-09-16T11:02:58.688986355Z,11.300336,121.453949,Cloud to Cloud,8622,15822,7
2026-09-16T11:02:58.145116326Z,14.666804,120.656181,Cloud to Ground,26544,0,7
2026-09-16T11:02:59.094882715Z,10.503906,131.678648,Cloud to Cloud,15722,3260,10
2026-09-16T11:02:59.177088930Z,14.28149,120.200153,Cloud to Cloud,-17386,7066,7
2026-09-16T11:02:59.836430163Z,14.827612,120.697211,Cloud to Ground,48949,0,10
2026-09-16T11:02:59.644040231Z,14.763605,120.581648,Cloud to Ground,-16306,0,6
2026-09-16T11:02:59.630107237Z,14.676446,120.686443,Cloud to Cloud,13701,3070,12
2026-09-16T11:02:59.668058627Z,14.681363,120.640806,Cloud to Cloud,17274,3015,10
2026-09-16T11:03:00.683163835Z,10.554955,130.353811,Cloud to Cloud,22340,6642,7
2026-09-16T11:03:00.795903996Z,14.781482,120.74838,Cloud to Ground,-22181,0,11
2026-09-16T11:03:01.091520523Z,14.752843,120.651266,Cloud to Ground,-20855,0,8
2026-09-16T11:03:01.021768465Z,14.747111,120.646673,Cloud to Ground,-11303,0,8
2026-09-16T11:03:00.907155035Z,14.750824,120.647872,Cloud to Ground,-8264,0,7
2026-09-16T11:03:01.111971012Z,14.748723,120.64086,Cloud to Ground,-6625,0,5
2026-09-16T11:03:01.160336000Z,14.7193,120.5378,Cloud to Ground,-6814,0,5
2026-09-16T11:03:01.543088000Z,14.6189,120.1188,Cloud to Ground,11892,0,5
2026-09-16T11:03:01.622952000Z,14.7401,120.2808,Cloud to Ground,9873,0,7
2026-09-16T11:03:01.781773608Z,14.681459,120.262594,Cloud to Cloud,18483,7279,7
2026-09-16T11:03:02.742387448Z,14.426476,120.655892,Cloud to Cloud,-19864,3001,8
2026-09-16T11:03:03.154858960Z,14.457034,120.673091,Cloud to Cloud,-14900,3005,10
2026-09-16T11:03:02.464796252Z,15.238098,120.754811,Cloud to Ground,-11240,0,7
2026-09-16T11:03:03.293332005Z,14.804552,120.652814,Cloud to Cloud,-11172,6272,7
2026-09-16T11:03:03.187643364Z,14.719768,120.657783,Cloud to Cloud,12702,3002,9
2026-09-16T11:03:05.823313346Z,14.787489,120.616476,Cloud to Cloud,14025,5291,8
2026-09-16T11:03:05.288055114Z,14.822316,120.613497,Cloud to Cloud,26038,17898,7
2026-09-16T11:03:06.896917000Z,15.0965,120.085,Cloud to Ground,34691,0,7
2026-09-16T11:03:07.119298075Z,14.815342,119.937508,Cloud to Ground,-21617,0,10
2026-09-16T11:03:09.102044942Z,14.761837,120.665632,Cloud to Cloud,-9926,5658,7
2026-09-16T11:03:09.305742721Z,14.717755,120.701516,Cloud to Cloud,-4575,16222,5
2026-09-16T11:03:10.218919399Z,11.311631,125.701008,Cloud to Ground,-28203,0,7
2026-09-16T11:03:10.138793000Z,11.173,125.5715,Cloud to Ground,-23010,0,7
2026-09-16T11:03:11.922149267Z,14.844859,120.661182,Cloud to Ground,34348,0,11
2026-09-16T11:03:11.820908606Z,10.827813,125.673202,Cloud to Cloud,11671,3467,6
2026-09-16T11:03:12.627374108Z,10.622554,131.959744,Cloud to Ground,39226,0,15
2026-09-16T11:03:13.128332426Z,14.764706,120.69325,Cloud to Cloud,10073,3015,9
2026-09-16T11:03:12.877720493Z,14.811502,120.702392,Cloud to Ground,36790,0,11
2026-09-16T11:03:13.907108225Z,14.807147,120.725245,Cloud to Cloud,10174,17814,10
2026-09-16T11:03:14.019830919Z,13.122882,123.871852,Cloud to Ground,15217,0,11
2026-09-16T11:03:14.786420665Z,14.733758,120.565584,Cloud to Ground,24772,0,9
2026-09-16T11:03:14.659961138Z,16.282019,121.20706,Cloud to Cloud,-11895,3060,13
2026-09-16T11:03:15.485654669Z,14.429006,120.245078,Cloud to Ground,-5379,0,5
2026-09-16T11:03:17.591358918Z,15.684144,120.79768,Cloud to Cloud,-12895,19800,7
2026-09-16T11:03:18.116963795Z,3.354115,116.319027,Cloud to Ground,32041,0,18
2026-09-16T11:03:18.127826905Z,14.342206,120.201919,Cloud to Ground,-11444,0,9
2026-09-16T11:03:18.348671614Z,14.779893,120.638518,Cloud to Ground,-37950,0,10
2026-09-16T11:03:18.488104312Z,14.794466,120.653483,Cloud to Ground,-24430,0,11
2026-09-16T11:03:17.580085780Z,14.804109,120.609341,Cloud to Cloud,-20503,7244,10
2026-09-16T11:03:16.780347748Z,14.794893,120.597573,Cloud to Ground,-16700,0,7
2026-09-16T11:03:18.095581437Z,14.761851,120.603316,Cloud to Cloud,-15428,13041,10
2026-09-16T11:03:17.014912873Z,14.830557,120.602514,Cloud to Cloud,-11356,15895,5
2026-09-16T11:03:17.065106069Z,14.807041,120.530418,Cloud to Ground,26186,0,12
2026-09-16T11:03:19.237122788Z,14.56757,120.605267,Cloud to Cloud,-11439,3024,7
2026-09-16T11:03:19.259427784Z,14.94841,120.37317,Cloud to Cloud,-29158,3613,7
2026-09-16T11:03:19.935438067Z,14.743491,120.716935,Cloud to Cloud,7237,14201,7
2026-09-16T11:03:20.184650388Z,14.814653,120.602805,Cloud to Cloud,-8804,3722,7
2026-09-16T11:03:19.754967452Z,14.809858,120.578841,Cloud to Cloud,-6586,7123,5
2026-09-16T11:03:20.870984822Z,14.755018,120.66156,Cloud to Ground,20078,0,8
2026-09-16T11:03:19.631283684Z,14.825818,120.663514,Cloud to Ground,21967,0,10
2026-09-16T11:03:19.798162743Z,16.35396,121.609277,Cloud to Cloud,13205,18905,8
2026-09-16T11:03:19.798735433Z,16.245203,121.635009,Cloud to Cloud,12741,3785,8
2026-09-16T11:03:20.202826855Z,10.578687,132.032189,Cloud to Cloud,23334,10714,8
2026-09-16T11:03:20.622550679Z,15.415161,120.880473,Cloud to Cloud,52530,3004,8
2026-09-16T11:03:20.941016793Z,14.287378,120.16715,Cloud to Ground,50013,0,8
2026-09-16T11:03:21.435246057Z,15.717667,121.517568,Cloud to Ground,-15259,0,11
2026-09-16T11:03:21.337839280Z,15.880057,121.505368,Cloud to Ground,-63847,0,13
2026-09-16T11:03:21.277454353Z,15.879267,121.504757,Cloud to Ground,-51022,0,12
2026-09-16T11:03:21.534173035Z,15.878907,121.503003,Cloud to Ground,-42740,0,11
2026-09-16T11:03:21.327955845Z,15.91564,121.544679,Cloud to Ground,-24305,0,13
2026-09-16T11:03:21.461463037Z,15.88178,121.512706,Cloud to Ground,-15966,0,11
2026-09-16T11:03:21.698413367Z,14.781824,120.620049,Cloud to Ground,22287,0,9
2026-09-16T11:03:22.660239850Z,14.762688,120.706268,Cloud to Cloud,21997,3002,11
2026-09-16T11:03:22.253329000Z,11.5292,125.507,Cloud to Ground,-77916,0,5
2026-09-16T11:03:23.754501968Z,14.755356,120.636782,Cloud to Ground,-20535,0,10
2026-09-16T11:03:24.301898125Z,14.751976,120.641502,Cloud to Ground,-18308,0,11
2026-09-16T11:03:23.572894363Z,16.122059,121.033786,Cloud to Cloud,18293,17089,11
2026-09-16T11:03:23.929932137Z,11.177547,125.542773,Cloud to Ground,-25887,0,10
2026-09-16T11:03:23.978493212Z,11.180149,125.518894,Cloud to Ground,-19550,0,6
2026-09-16T11:03:24.945078111Z,14.541852,120.228977,Cloud to Ground,-15625,0,6
2026-09-16T11:03:23.620549021Z,14.865416,120.585108,Cloud to Ground,-36727,0,11
2026-09-16T11:03:24.219140420Z,14.857645,120.658628,Cloud to Cloud,11527,3029,8
2026-09-16T11:03:24.460995551Z,14.840903,120.603929,Cloud to Cloud,15381,3020,7
2026-09-16T11:03:24.170352302Z,14.895016,120.703228,Cloud to Ground,45753,0,10
2026-09-16T11:03:25.217873510Z,14.794133,120.568696,Cloud to Cloud,-14329,10941,11
2026-09-16T11:03:25.322246933Z,15.156663,120.731963,Cloud to Cloud,-6674,8275,8
2026-09-16T11:03:25.068186350Z,14.388176,120.291582,Cloud to Ground,21260,0,8
2026-09-16T11:03:25.752066987Z,15.0651,120.74215,Cloud to Cloud,14022,18713,8
2026-09-16T11:03:26.330080334Z,4.42874,116.423126,Cloud to Ground,19469,0,16
2026-09-16T11:03:27.270777504Z,15.248118,120.285472,Cloud to Cloud,7392,19793,8
2026-09-16T11:03:28.111465434Z,11.232916,133.529494,Cloud to Ground,28616,0,15
2026-09-16T11:03:28.181256303Z,14.545983,120.269282,Cloud to Cloud,-7812,9717,5
2026-09-16T11:03:28.395746000Z,0.7821,111.4411,Cloud to Ground,102758,0,7
2026-09-16T11:03:29.469355149Z,14.766521,120.63,Cloud to Cloud,7030,3017,8
2026-09-16T11:03:30.800276830Z,14.684945,119.798294,Cloud to Ground,-76985,0,11
2026-09-16T11:03:30.931030323Z,14.677383,119.81168,Cloud to Ground,-39173,0,10
2026-09-16T11:03:30.856841403Z,14.674845,119.818934,Cloud to Ground,-23027,0,10
2026-09-16T11:03:30.908871477Z,14.312914,120.206367,Cloud to Ground,-43118,0,6
2026-09-16T11:03:31.179808113Z,14.320396,120.21503,Cloud to Ground,-13589,0,6
2026-09-16T11:03:30.968477442Z,14.319725,120.217763,Cloud to Ground,-13466,0,5
2026-09-16T11:03:31.656121562Z,14.319279,120.215767,Cloud to Ground,-13254,0,7
2026-09-16T11:03:31.517072888Z,14.320707,120.213076,Cloud to Ground,-13042,0,9
2026-09-16T11:03:31.401325202Z,14.319928,120.213327,Cloud to Ground,-12832,0,9
2026-09-16T11:03:31.031099909Z,14.319009,120.221473,Cloud to Ground,-11619,0,5
2026-09-16T11:03:31.105345538Z,14.348633,120.31568,Cloud to Ground,-40039,0,11
2026-09-16T11:03:31.194912000Z,14.8254,120.4361,Cloud to Ground,-19325,0,8
2026-09-16T11:03:31.122339439Z,14.787153,120.669255,Cloud to Ground,-19035,0,11
2026-09-16T11:03:31.461650244Z,14.787485,120.673994,Cloud to Ground,-14129,0,7
2026-09-16T11:03:31.319618188Z,14.785134,120.670492,Cloud to Ground,-13136,0,6
2026-09-16T11:03:31.263090109Z,14.785616,120.668768,Cloud to Ground,-11022,0,7
2026-09-16T11:03:31.053497784Z,14.786297,120.666104,Cloud to Ground,-10276,0,8
2026-09-16T11:03:31.762690710Z,14.787865,120.666939,Cloud to Ground,-9810,0,5
2026-09-16T11:03:31.607017435Z,14.788229,120.666232,Cloud to Ground,-8249,0,5
2026-09-16T11:03:30.981491000Z,14.8471,120.5889,Cloud to Ground,12527,0,8
2026-09-16T11:03:31.508796260Z,14.79965,120.658807,Cloud to Cloud,28409,6320,6
2026-09-16T11:03:32.115413022Z,14.912713,120.742959,Cloud to Ground,27592,0,12
2026-09-16T11:03:32.600422370Z,17.054531,122.296224,Cloud to Ground,-7090,0,8
2026-09-16T11:03:32.660837388Z,14.762745,120.8395,Cloud to Cloud,-15850,7285,7
2026-09-16T11:03:33.965724365Z,16.112545,121.63201,Cloud to Ground,-15267,0,8
2026-09-16T11:03:33.327376010Z,16.160289,121.648856,Cloud to Cloud,31226,5502,8
2026-09-16T11:03:33.960148094Z,16.209971,121.619574,Cloud to Ground,31618,0,9
2026-09-16T11:03:34.468145449Z,14.500609,120.599188,Cloud to Cloud,15895,7729,8
2026-09-16T11:03:34.490511993Z,14.828083,120.595981,Cloud to Cloud,12553,3069,8
2026-09-16T11:03:34.054946254Z,14.361331,120.157424,Cloud to Cloud,-8341,3010,7
2026-09-16T11:03:34.442656851Z,14.291328,120.186032,Cloud to Cloud,10741,16617,8
2026-09-16T11:03:35.973594715Z,14.5966,120.61625,Cloud to Cloud,11246,7095,8
2026-09-16T11:03:35.778367113Z,14.631467,120.345388,Cloud to Ground,-30751,0,7
2026-09-16T11:03:35.938237194Z,14.778189,120.625435,Cloud to Cloud,-13111,16305,6
2026-09-16T11:03:36.604276302Z,14.688824,120.714611,Cloud to Cloud,-10223,4372,9
2026-09-16T11:03:36.635457823Z,14.750866,120.664167,Cloud to Ground,13305,0,7
2026-09-16T11:03:36.224122739Z,14.814813,120.696997,Cloud to Ground,14630,0,10
2026-09-16T11:03:35.238997303Z,14.760345,120.684286,Cloud to Ground,14877,0,11
2026-09-16T11:03:36.585282031Z,14.30123,120.190287,Cloud to Cloud,18234,17615,8
2026-09-16T11:03:37.794472734Z,14.296615,120.181332,Cloud to Cloud,-9136,13558,10
2026-09-16T11:03:37.640983700Z,14.697132,120.741925,Cloud to Cloud,7322,8044,8
2026-09-16T11:03:38.626537501Z,14.730875,120.659458,Cloud to Cloud,-10658,10472,12
2026-09-16T11:03:38.059575909Z,14.795966,120.63649,Cloud to Cloud,-5650,9130,7
2026-09-16T11:03:37.710632329Z,14.806487,120.714008,Cloud to Cloud,20698,5447,11
2026-09-16T11:03:38.271180747Z,15.142463,120.601641,Cloud to Cloud,-6601,19374,6
2026-09-16T11:03:39.623772926Z,5.582839,118.95856,Cloud to Ground,36820,0,17
2026-09-16T11:03:39.603664660Z,5.57212,118.955358,Cloud to Ground,109724,0,16
2026-09-16T11:03:39.562395905Z,5.548287,118.958639,Cloud to Ground,111755,0,25
2026-09-16T11:03:40.945192142Z,16.286357,121.207025,Cloud to Ground,-12247,0,9
2026-09-16T11:03:40.703531377Z,14.819378,120.623666,Cloud to Cloud,10472,8110,8
2026-09-16T11:03:41.982486590Z,14.850174,120.573522,Cloud to Cloud,-8998,16518,7
2026-09-16T11:03:41.249604466Z,14.728468,120.761091,Cloud to Cloud,8760,3494,12
2026-09-16T11:03:42.064716159Z,14.740287,120.563388,Cloud to Ground,-6253,0,6
2026-09-16T11:03:43.980287989Z,14.761174,120.647141,Cloud to Ground,-6757,0,5
2026-09-16T11:03:43.099774733Z,14.825855,120.657565,Cloud to Ground,14230,0,7
2026-09-16T11:03:43.260893689Z,11.685634,125.996776,Cloud to Cloud,15189,15709,11
2026-09-16T11:03:44.789374915Z,14.707106,120.688661,Cloud to Cloud,-14706,3759,7
2026-09-16T11:03:44.109910647Z,15.17933,120.703984,Cloud to Cloud,11569,19896,10
2026-09-16T11:03:45.162546561Z,14.334178,120.191298,Cloud to Ground,66402,0,9
2026-09-16T11:03:45.868256109Z,16.344258,121.734898,Cloud to Cloud,-15006,8836,7
2026-09-16T11:03:46.306967006Z,16.389997,121.710795,Cloud to Cloud,-12378,19940,7
2026-09-16T11:03:46.961613730Z,14.571942,120.25458,Cloud to Cloud,-7787,19113,8
2026-09-16T11:03:46.698015386Z,14.581992,120.24684,Cloud to Ground,53370,0,12
2026-09-16T11:03:47.275501616Z,14.813331,120.606665,Cloud to Ground,-16501,0,11
2026-09-16T11:03:47.757931269Z,14.814563,120.550943,Cloud to Cloud,10231,17817,9
2026-09-16T11:03:48.297001681Z,14.77254,120.634392,Cloud to Cloud,7411,6881,9
2026-09-16T11:03:49.780285782Z,14.70321,120.671996,Cloud to Cloud,14074,4894,7
2026-09-16T11:03:49.465182243Z,14.84542,120.575486,Cloud to Ground,-42875,0,13
2026-09-16T11:03:49.590395047Z,14.802964,120.638521,Cloud to Ground,-12171,0,9
2026-09-16T11:03:49.581858514Z,14.870826,120.541223,Cloud to Ground,-9710,0,8
2026-09-16T11:03:50.960781219Z,14.297547,120.173144,Cloud to Ground,44163,0,8
2026-09-16T11:03:51.874058262Z,5.742023,118.800292,Cloud to Ground,19568,0,12
2026-09-16T11:03:51.777450581Z,5.743871,119.06787,Cloud to Cloud,-81479,16013,17
2026-09-16T11:03:51.806133000Z,5.7797,118.9745,Cloud to Ground,-28391,0,5
2026-09-16T11:03:51.148544304Z,15.834501,121.36824,Cloud to Ground,-76323,0,9
2026-09-16T11:03:51.189810318Z,15.835292,121.38717,Cloud to Ground,-64068,0,14
2026-09-16T11:03:51.421111741Z,15.835121,121.377152,Cloud to Ground,-35763,0,13
2026-09-16T11:03:51.308694894Z,15.834417,121.377909,Cloud to Ground,-27493,0,9
2026-09-16T11:03:51.260124198Z,15.835906,121.383904,Cloud to Ground,-18238,0,11
2026-09-16T11:03:52.234905000Z,14.819824,120.620798,Cloud to Ground,20839,0,6
2026-09-16T11:03:53.078340262Z,14.332664,120.232182,Cloud to Ground,-49387,0,11
2026-09-16T11:03:52.977666703Z,14.428663,120.286403,Cloud to Ground,-47626,0,7
2026-09-16T11:03:53.027207501Z,14.334049,120.230928,Cloud to Ground,-44956,0,11
2026-09-16T11:03:52.991289500Z,14.358048,120.230825,Cloud to Cloud,25210,12183,7
2026-09-16T11:03:53.110457125Z,14.447492,120.285499,Cloud to Ground,33362,0,7
2026-09-16T11:03:52.932544467Z,14.358063,120.232522,Cloud to Ground,140997,0,7
2026-09-16T11:03:54.381311236Z,3.338925,116.331788,Cloud to Ground,-20712,0,20
2026-09-16T11:03:54.117186472Z,14.670126,120.593052,Cloud to Ground,-16639,0,8
2026-09-16T11:03:55.427473401Z,14.86612,120.613492,Cloud to Ground,-36343,0,11
2026-09-16T11:03:54.722736726Z,14.794648,120.633126,Cloud to Ground,-29015,0,10
2026-09-16T11:03:55.445765910Z,14.796619,120.627908,Cloud to Ground,-14594,0,8
2026-09-16T11:03:55.346487728Z,14.796711,120.625165,Cloud to Ground,-11245,0,9
2026-09-16T11:03:55.306465231Z,14.800447,120.623565,Cloud to Ground,-8806,0,9
2026-09-16T11:03:55.128786121Z,14.798267,120.628324,Cloud to Ground,-8642,0,7
2026-09-16T11:03:55.275503209Z,14.917773,120.668185,Cloud to Cloud,7545,5344,7
2026-09-16T11:03:56.924673898Z,14.74135,120.656875,Cloud to Cloud,8105,18221,5
2026-09-16T11:03:56.137267679Z,14.68182,120.624895,Cloud to Cloud,11408,6894,10
2026-09-16T11:03:56.399635261Z,14.674129,120.677747,Cloud to Ground,14379,0,10
2026-09-16T11:03:57.582041174Z,2.928089,113.758644,Cloud to Cloud,-29211,3072,25
2026-09-16T11:03:57.751408077Z,2.928419,113.727047,Cloud to Ground,28415,0,12
2026-09-16T11:03:57.675070369Z,15.067131,120.718492,Cloud to Cloud,6371,6686,7
2026-09-16T11:03:57.146252839Z,15.61796,120.564815,Cloud to Cloud,-14622,19140,7
2026-09-16T11:03:57.949215139Z,14.763718,120.624688,Cloud to Cloud,-15314,5519,9
2026-09-16T11:03:58.052222089Z,3.010746,116.042579,Cloud to Cloud,-17691,3568,22
2026-09-16T11:03:58.998016798Z,14.41787,120.25588,Cloud to Ground,-20600,0,9
2026-09-16T11:03:58.083515611Z,14.722615,119.880154,Cloud to Ground,-10197,0,9
2026-09-16T11:03:58.082378000Z,14.9271,119.981,Cloud to Ground,34723,0,5
2026-09-16T11:03:59.267184350Z,14.312508,120.205351,Cloud to Ground,-10960,0,5
2026-09-16T11:03:59.067819213Z,14.324769,120.295792,Cloud to Ground,-10844,0,9
2026-09-16T11:04:00.095383834Z,15.452124,120.230873,Cloud to Ground,21285,0,7
2026-09-16T11:04:00.128240456Z,14.775047,120.624847,Cloud to Cloud,16777,3003,9
2026-09-16T11:04:01.934328528Z,3.376099,116.187996,Cloud to Ground,16735,0,9
2026-09-16T11:04:01.074293165Z,10.142009,132.785607,Cloud to Ground,-34518,0,10
2026-09-16T11:04:01.007922000Z,10.2039,132.7667,Cloud to Ground,-13345,0,8
2026-09-16T11:04:01.486001749Z,14.779065,120.649394,Cloud to Cloud,-9801,18580,9
2026-09-16T11:04:01.976539455Z,15.670903,120.674435,Cloud to Cloud,10367,18367,8
2026-09-16T11:04:02.933775322Z,11.249251,125.566686,Cloud to Ground,-19693,0,8
2026-09-16T11:04:02.418150371Z,14.366876,120.123095,Cloud to Cloud,-9654,5284,11
2026-09-16T11:04:03.762478129Z,1.286397,112.193002,Cloud to Ground,-45599,0,14
2026-09-16T11:04:04.043447366Z,1.21264,112.151503,Cloud to Ground,-45265,0,13
2026-09-16T11:04:04.214080636Z,1.154221,112.239044,Cloud to Ground,-18394,0,20
2026-09-16T11:04:03.864841932Z,1.129312,112.188658,Cloud to Ground,-18012,0,20
2026-09-16T11:04:03.798549000Z,1.1762,112.2287,Cloud to Ground,28207,0,5
2026-09-16T11:04:03.780997376Z,1.184251,112.255846,Cloud to Ground,29143,0,15
2026-09-16T11:04:03.889676866Z,1.177541,112.248274,Cloud to Ground,29883,0,17
2026-09-16T11:04:03.807896000Z,1.1853,112.2862,Cloud to Ground,36207,0,7
2026-09-16T11:04:04.621753236Z,10.551818,130.172232,Cloud to Ground,-19833,0,13
2026-09-16T11:04:04.567741000Z,10.419,130.2353,Cloud to Ground,28142,0,8
2026-09-16T11:04:04.206163636Z,14.838489,120.671766,Cloud to Cloud,-8928,17834,7
2026-09-16T11:04:05.535943076Z,14.551469,120.274926,Cloud to Ground,17388,0,8
2026-09-16T11:04:05.790753473Z,14.764592,120.604828,Cloud to Ground,-18536,0,11
2026-09-16T11:04:05.875043568Z,14.772847,120.687219,Cloud to Ground,-10318,0,8
2026-09-16T11:04:07.061209592Z,14.848706,120.671747,Cloud to Cloud,16988,11072,10
2026-09-16T11:04:07.486710325Z,14.320406,120.222795,Cloud to Cloud,-13304,15279,11
2026-09-16T11:04:07.579800095Z,14.325841,120.242539,Cloud to Cloud,8876,10013,8
2026-09-16T11:04:07.013364536Z,14.323893,120.183363,Cloud to Ground,31323,0,10
2026-09-16T11:04:07.608614030Z,16.26942,121.394311,Cloud to Cloud,5527,7229,7
2026-09-16T11:04:07.648840258Z,16.315418,121.367766,Cloud to Cloud,10236,17503,7
2026-09-16T11:04:09.725939769Z,14.715107,120.6253,Cloud to Cloud,-16665,3000,9
2026-09-16T11:04:09.649006902Z,14.710808,120.611337,Cloud to Ground,-13869,0,9
2026-09-16T11:04:09.470594388Z,14.735411,120.56293,Cloud to Ground,-11974,0,8
2026-09-16T11:04:09.554638189Z,14.750283,120.57524,Cloud to Cloud,-11790,19632,9
2026-09-16T11:04:09.370442364Z,14.694833,120.612617,Cloud to Cloud,-7956,4794,8
2026-09-16T11:04:09.341012774Z,14.66245,120.674023,Cloud to Cloud,7553,13923,10
2026-09-16T11:04:09.383660203Z,14.738421,120.576217,Cloud to Cloud,10970,3757,6
2026-09-16T11:04:09.659226481Z,14.678934,120.710819,Cloud to Cloud,12295,16614,10
2026-09-16T11:04:09.452831357Z,14.663851,120.654419,Cloud to Cloud,14603,11792,7
2026-09-16T11:04:10.663541900Z,14.866236,120.626221,Cloud to Ground,-17649,0,13
2026-09-16T11:04:10.794128683Z,14.73811,120.611351,Cloud to Ground,-15799,0,9
2026-09-16T11:04:11.002842738Z,14.735588,120.610788,Cloud to Ground,-14972,0,12
2026-09-16T11:04:10.698750730Z,14.732524,120.611816,Cloud to Ground,-13200,0,9
2026-09-16T11:04:10.941518187Z,14.804447,120.572011,Cloud to Ground,16595,0,10
2026-09-16T11:04:10.902898831Z,14.779662,120.67166,Cloud to Ground,38246,0,10
2026-09-16T11:04:11.364889419Z,2.977328,115.913402,Cloud to Ground,-16508,0,21
2026-09-16T11:04:11.942063848Z,14.804646,120.633409,Cloud to Cloud,-11518,18760,8
2026-09-16T11:04:11.873709147Z,14.876405,120.679632,Cloud to Cloud,19014,3940,9
2026-09-16T11:04:12.258029813Z,15.352158,120.225077,Cloud to Cloud,-5930,19404,6
2026-09-16T11:04:12.244448725Z,14.391116,120.253224,Cloud to Ground,-49595,0,9
2026-09-16T11:04:12.359290653Z,14.302043,120.247562,Cloud to Ground,37813,0,9
2026-09-16T11:04:13.897430417Z,14.819602,120.690582,Cloud to Ground,-56937,0,14
2026-09-16T11:04:14.422895949Z,14.792625,120.626194,Cloud to Cloud,-14683,3055,10
2026-09-16T11:04:13.044036000Z,14.3118,120.0565,Cloud to Ground,8607,0,5
2026-09-16T11:04:13.594415543Z,13.923858,119.950312,Cloud to Ground,-17024,0,5
2026-09-16T11:04:13.493664956Z,13.933966,119.952102,Cloud to Ground,-15766,0,8
2026-09-16T11:04:13.395893015Z,13.921638,119.951959,Cloud to Ground,-11078,0,8
2026-09-16T11:04:14.416898591Z,14.576982,120.321884,Cloud to Ground,-27509,0,10
2026-09-16T11:04:14.412454688Z,14.591173,120.330375,Cloud to Cloud,-26960,8028,9
2026-09-16T11:04:14.370296780Z,14.601382,119.942143,Cloud to Cloud,17670,6742,9
2026-09-16T11:04:14.403851813Z,14.51667,119.893344,Cloud to Cloud,19473,18775,9
2026-09-16T11:04:14.326093000Z,14.8985,120.5273,Cloud to Ground,12304,0,6
2026-09-16T11:04:15.222526415Z,11.057372,125.515102,Cloud to Cloud,16781,17325,7
2026-09-16T11:04:17.018590258Z,14.806329,120.708544,Cloud to Ground,24218,0,11
2026-09-16T11:04:17.173039981Z,14.807311,120.65942,Cloud to Cloud,27326,3000,8
2026-09-16T11:04:17.296562639Z,15.337668,119.757083,Cloud to Cloud,21726,13206,9
2026-09-16T11:04:17.298911060Z,15.560533,119.792816,Cloud to Ground,13965,0,9
2026-09-16T11:04:17.331628565Z,11.864958,123.789331,Cloud to Cloud,21187,16245,9
2026-09-16T11:04:17.332948000Z,11.9894,123.6926,Cloud to Ground,13192,0,11
2026-09-16T11:04:18.581178910Z,15.885412,121.533389,Cloud to Cloud,13995,14887,11
2026-09-16T11:04:18.500186445Z,14.836249,120.683007,Cloud to Cloud,19077,18615,6
2026-09-16T11:04:19.525987814Z,9.831679,132.055489,Cloud to Cloud,-11061,12946,8
2026-09-16T11:04:19.303262752Z,15.271468,120.419053,Cloud to Cloud,13266,16563,11
2026-09-16T11:04:19.234724000Z,14.6228,120.567,Cloud to Ground,-18919,0,6
2026-09-16T11:04:19.924310951Z,12.46839,122.184117,Cloud to Cloud,15421,4092,12
2026-09-16T11:04:19.927927122Z,12.457578,122.175982,Cloud to Cloud,30805,4907,9
2026-09-16T11:04:19.169599814Z,14.577451,120.796024,Cloud to Ground,-54243,0,7
2026-09-16T11:04:19.262176763Z,14.568405,120.780686,Cloud to Ground,-13384,0,11
2026-09-16T11:04:20.394252313Z,5.543392,118.844962,Cloud to Cloud,-22983,3022,11
2026-09-16T11:04:20.356859000Z,5.5685,118.9957,Cloud to Ground,-57788,0,9
2026-09-16T11:04:20.967835025Z,14.79826,120.66583,Cloud to Ground,17555,0,10
2026-09-16T11:04:21.717156786Z,14.324821,120.212277,Cloud to Ground,-43507,0,12
2026-09-16T11:04:21.849874216Z,14.322948,120.20718,Cloud to Ground,-15122,0,9
2026-09-16T11:04:21.928983356Z,14.323351,120.210134,Cloud to Ground,-8987,0,5
2026-09-16T11:04:21.899724053Z,14.359769,120.321471,Cloud to Ground,-38450,0,7
2026-09-16T11:04:21.917165012Z,14.825095,120.634382,Cloud to Ground,-27027,0,8
2026-09-16T11:04:22.299722229Z,14.857535,120.727765,Cloud to Ground,-17013,0,7
2026-09-16T11:04:21.888800532Z,14.835244,120.657709,Cloud to Cloud,-11217,3926,8
2026-09-16T11:04:21.873116955Z,14.785063,120.584337,Cloud to Cloud,19564,3103,16
2026-09-16T11:04:21.798188237Z,14.820412,120.642764,Cloud to Ground,169079,0,6
2026-09-16T11:04:23.439111916Z,14.943529,120.497154,Cloud to Ground,-25091,0,8
2026-09-16T11:04:24.134333139Z,15.028967,120.516101,Cloud to Cloud,20248,3064,6
2026-09-16T11:04:24.757686344Z,14.557338,120.253128,Cloud to Ground,-19651,0,5
2026-09-16T11:04:24.811791189Z,14.598671,120.354515,Cloud to Ground,-34233,0,9
2026-09-16T11:04:24.913644420Z,14.604946,120.367226,Cloud to Ground,-23810,0,8
2026-09-16T11:04:25.804874995Z,15.450976,120.202486,Cloud to Cloud,8946,4104,9
2026-09-16T11:04:25.724532159Z,14.7511,120.636842,Cloud to Cloud,7338,6220,6
2026-09-16T11:04:25.398609345Z,14.696103,120.693694,Cloud to Cloud,9649,3000,7
2026-09-16T11:04:26.024357227Z,15.998091,121.088689,Cloud to Cloud,32109,7358,10
2026-09-16T11:04:26.143716829Z,14.355644,120.018306,Cloud to Ground,11392,0,7
2026-09-16T11:04:27.876857793Z,11.219913,121.588886,Cloud to Ground,29683,0,7
2026-09-16T11:04:27.317982142Z,14.759933,120.688912,Cloud to Ground,15007,0,9
2026-09-16T11:04:28.952467474Z,14.839927,120.540774,Cloud to Ground,-13503,0,9
2026-09-16T11:04:28.744926506Z,14.749534,120.582179,Cloud to Cloud,-19981,4042,10
2026-09-16T11:04:29.250588250Z,15.622202,120.587678,Cloud to Ground,-19437,0,6
2026-09-16T11:04:29.079659415Z,14.84055,120.741069,Cloud to Cloud,-2650,12006,7
2026-09-16T11:04:29.849625828Z,14.730401,120.589166,Cloud to Cloud,8390,4800,10
2026-09-16T11:04:30.324808765Z,14.75535,120.70287,Cloud to Cloud,5699,3537,5
2026-09-16T11:04:30.378782079Z,14.739203,120.703155,Cloud to Cloud,8924,3487,10
2026-09-16T11:04:30.392511655Z,14.708682,120.694632,Cloud to Cloud,10682,15227,10
2026-09-16T11:04:30.748082146Z,14.948428,120.766045,Cloud to Cloud,15210,19990,7
2026-09-16T11:04:31.278473546Z,14.341914,120.215203,Cloud to Ground,-31689,0,9
2026-09-16T11:04:31.346200259Z,14.34289,120.208163,Cloud to Ground,-13603,0,8
2026-09-16T11:04:31.489149624Z,14.368896,120.175399,Cloud to Ground,-9932,0,5
2026-09-16T11:04:31.545629103Z,14.343709,120.208173,Cloud to Ground,-7509,0,5
2026-09-16T11:04:31.736125002Z,14.70976,120.717432,Cloud to Cloud,17354,6050,13
2026-09-16T11:04:33.119357766Z,14.309633,120.26482,Cloud to Cloud,-16970,6445,11
2026-09-16T11:04:33.060722342Z,14.316398,120.182352,Cloud to Cloud,6837,18418,7
2026-09-16T11:04:33.980277376Z,14.742698,120.687278,Cloud to Cloud,5951,14304,7
2026-09-16T11:04:33.139188692Z,14.430308,120.224548,Cloud to Cloud,22354,3002,9
2026-09-16T11:04:35.581291214Z,14.578091,120.789201,Cloud to Ground,-26207,0,8
2026-09-16T11:04:35.931640202Z,15.45148,120.642096,Cloud to Cloud,9173,7219,7
2026-09-16T11:04:35.875428638Z,15.424903,120.573844,Cloud to Ground,16268,0,11
2026-09-16T11:04:36.326780430Z,14.740956,120.574353,Cloud to Cloud,-16233,13050,6
2026-09-16T11:04:36.168049156Z,15.390395,120.200519,Cloud to Ground,-14574,0,10
2026-09-16T11:04:36.506153143Z,15.635331,120.605964,Cloud to Ground,-15766,0,9
2026-09-16T11:04:36.981265311Z,14.435364,120.63872,Cloud to Cloud,21777,16602,6
2026-09-16T11:04:36.958179956Z,14.803078,120.660513,Cloud to Cloud,-8435,15457,10
2026-09-16T11:04:36.489429980Z,14.70447,120.683533,Cloud to Cloud,7687,3936,7
2026-09-16T11:04:36.414617750Z,14.774593,120.682956,Cloud to Cloud,17763,3022,9
2026-09-16T11:04:37.797756259Z,14.806382,120.549953,Cloud to Ground,50749,0,7
2026-09-16T11:04:37.872053642Z,14.731463,120.612288,Cloud to Ground,-31234,0,8
2026-09-16T11:04:37.706329399Z,14.729803,120.609916,Cloud to Ground,-19939,0,11
2026-09-16T11:04:37.757694940Z,14.726548,120.599202,Cloud to Ground,-16304,0,8
2026-09-16T11:04:37.718002966Z,14.674934,120.698435,Cloud to Cloud,-14057,4617,10
2026-09-16T11:04:39.186245855Z,13.124321,123.856692,Cloud to Cloud,11033,18702,7
2026-09-16T11:04:39.417018856Z,15.672879,120.705042,Cloud to Ground,-13584,0,8
2026-09-16T11:04:39.044684728Z,14.749949,120.600373,Cloud to Ground,12301,0,9
2026-09-16T11:04:39.501317000Z,11.7545,126.0975,Cloud to Ground,-15543,0,8
2026-09-16T11:04:41.080476386Z,12.402681,123.91305,Cloud to Cloud,16299,19848,11
2026-09-16T11:04:41.302152839Z,14.759761,120.594698,Cloud to Cloud,-7419,18547,7
2026-09-16T11:04:41.005999466Z,14.755585,120.58049,Cloud to Cloud,-6239,17534,9
2026-09-16T11:04:42.475329913Z,15.369442,120.169046,Cloud to Cloud,-8200,12838,7
2026-09-16T11:04:42.744104566Z,14.274049,120.150142,Cloud to Cloud,7853,3030,6
2026-09-16T11:04:42.238591861Z,14.669592,120.662574,Cloud to Cloud,10375,7833,7
2026-09-16T11:04:42.571877341Z,14.774822,120.608453,Cloud to Cloud,-8689,4245,7
2026-09-16T11:04:42.930394370Z,16.34319,121.55875,Cloud to Ground,-99783,0,15
2026-09-16T11:04:42.863017348Z,16.344848,121.543996,Cloud to Ground,-87633,0,13
2026-09-16T11:04:43.130893000Z,14.5055,120.4795,Cloud to Ground,8402,0,5
2026-09-16T11:04:44.557103726Z,14.322064,120.186091,Cloud to Ground,51462,0,8
2026-09-16T11:04:45.551136442Z,14.599598,120.65029,Cloud to Ground,-68564,0,10
2026-09-16T11:04:46.236562774Z,14.737116,120.623607,Cloud to Ground,-73860,0,8
2026-09-16T11:04:46.685913405Z,15.104691,120.517997,Cloud to Cloud,34454,14814,9
2026-09-16T11:04:46.911802435Z,14.394585,120.23557,Cloud to Ground,-44684,0,11
2026-09-16T11:04:46.570573537Z,14.394933,120.245606,Cloud to Ground,-43262,0,10
2026-09-16T11:04:46.811647833Z,14.392602,120.229051,Cloud to Ground,-14727,0,10
2026-09-16T11:04:46.654867228Z,14.42745,120.3385,Cloud to Ground,-40933,0,9
2026-09-16T11:04:46.614452338Z,14.426222,120.338356,Cloud to Ground,-36568,0,9
2026-09-16T11:04:47.062153865Z,10.58784,131.917436,Cloud to Ground,-20371,0,10
2026-09-16T11:04:47.000056051Z,10.543871,132.058038,Cloud to Ground,-74543,0,13
2026-09-16T11:04:47.868111557Z,11.149235,125.44882,Cloud to Cloud,17987,7055,11
2026-09-16T11:04:47.943924406Z,11.034128,125.440489,Cloud to Ground,40177,0,10
2026-09-16T11:04:47.916794796Z,11.018959,125.434426,Cloud to Cloud,48685,18229,10
2026-09-16T11:04:47.012010721Z,14.71279,120.626064,Cloud to Cloud,15515,3011,7
2026-09-16T11:04:48.584484850Z,14.645719,120.620305,Cloud to Cloud,-20750,3031,9
2026-09-16T11:04:48.422443193Z,14.74317,120.570194,Cloud to Cloud,9339,6841,8
2026-09-16T11:04:49.687808142Z,12.498779,125.176392,Cloud to Cloud,17610,7320,7
2026-09-16T11:04:50.392576221Z,14.663957,119.808644,Cloud to Ground,-22506,0,9
2026-09-16T11:04:50.225161825Z,14.751059,120.615253,Cloud to Cloud,-23521,7134,9
2026-09-16T11:04:50.489996969Z,14.822285,120.615664,Cloud to Cloud,16972,5171,8
2026-09-16T11:04:51.635717606Z,14.312097,120.182656,Cloud to Ground,-13690,0,8
2026-09-16T11:04:51.527579561Z,14.312681,120.179424,Cloud to Ground,-11624,0,8
2026-09-16T11:04:51.569478867Z,15.416173,120.201138,Cloud to Ground,49689,0,10
2026-09-16T11:04:51.466157184Z,14.32875,120.267859,Cloud to Ground,-10108,0,9
2026-09-16T11:04:52.837698826Z,14.458619,120.577481,Cloud to Cloud,-26275,15401,7
2026-09-16T11:04:52.688651863Z,14.754435,120.716254,Cloud to Ground,-20913,0,11
2026-09-16T11:04:52.134097358Z,14.724458,120.576942,Cloud to Ground,48881,0,11
2026-09-16T11:04:53.152552019Z,14.869731,120.54501,Cloud to Ground,-50250,0,12
2026-09-16T11:04:53.283582495Z,14.875682,120.542768,Cloud to Ground,-28087,0,11
2026-09-16T11:04:53.430690407Z,14.871286,120.540021,Cloud to Ground,-19757,0,9
2026-09-16T11:04:53.350126873Z,14.867057,120.531161,Cloud to Ground,-13164,0,6
2026-09-16T11:04:53.081736365Z,14.817703,120.616681,Cloud to Ground,51750,0,9
2026-09-16T11:04:53.339081611Z,16.995077,122.383748,Cloud to Ground,-22019,0,11
2026-09-16T11:04:53.159869384Z,16.996698,122.387749,Cloud to Ground,-15043,0,7
2026-09-16T11:04:54.693241631Z,14.808629,120.700046,Cloud to Ground,31386,0,10
2026-09-16T11:04:54.208678422Z,11.332898,124.450225,Cloud to Cloud,20060,19932,10
2026-09-16T11:04:55.442280354Z,14.481792,120.58262,Cloud to Cloud,21895,5109,7
2026-09-16T11:04:56.992739665Z,14.835479,120.610582,Cloud to Cloud,-9646,3965,10
2026-09-16T11:04:56.626284062Z,14.806694,120.5886,Cloud to Ground,40008,0,9
2026-09-16T11:04:56.277651416Z,15.213608,120.652638,Cloud to Cloud,9785,13766,6
2026-09-16T11:04:57.622006102Z,15.144384,120.64165,Cloud to Cloud,21043,19702,8
2026-09-16T11:04:57.826297820Z,14.681157,120.69347,Cloud to Ground,9846,0,11
2026-09-16T11:04:58.630319653Z,14.21353,120.248648,Cloud to Cloud,17269,6829,7
2026-09-16T11:04:57.961002852Z,14.753637,120.629241,Cloud to Cloud,-4886,3515,7
2026-09-16T11:04:58.639396401Z,14.829882,120.613718,Cloud to Cloud,14266,18522,11
2026-09-16T11:04:58.700840334Z,15.717793,120.787564,Cloud to Cloud,-7172,18947,8
2026-09-16T11:04:59.327111957Z,16.287662,121.209148,Cloud to Ground,-9931,0,6
2026-09-16T11:05:00.401839455Z,14.867875,120.617614,Cloud to Cloud,-14813,6311,10
2026-09-16T11:05:00.283515421Z,14.75933,120.576694,Cloud to Ground,-8080,0,7
2026-09-16T11:05:01.909541336Z,14.782022,120.567111,Cloud to Ground,-8507,0,9
2026-09-16T11:05:02.332373506Z,2.923124,116.071177,Cloud to Ground,-76798,0,17
2026-09-16T11:05:02.680543209Z,14.819802,120.585359,Cloud to Cloud,-14635,16539,7
2026-09-16T11:05:02.079313444Z,15.664066,121.36574,Cloud to Ground,-28363,0,11
2026-09-16T11:05:01.900856772Z,15.630037,121.385954,Cloud to Cloud,8810,6216,9
2026-09-16T11:05:04.274717558Z,1.056076,111.972447,Cloud to Ground,32359,0,18
2026-09-16T11:05:04.699091078Z,10.496366,130.197184,Cloud to Ground,-28625,0,17
2026-09-16T11:05:04.681875564Z,14.380358,120.162871,Cloud to Ground,-29612,0,9
2026-09-16T11:05:04.791297000Z,14.4,120.1056,Cloud to Ground,-18939,0,8
2026-09-16T11:05:05.398046155Z,14.875411,120.707776,Cloud to Ground,45370,0,11
2026-09-16T11:05:05.728094713Z,14.753534,120.645772,Cloud to Ground,-28339,0,11
2026-09-16T11:05:05.033075057Z,14.73364,120.66405,Cloud to Cloud,-9944,3110,9
2026-09-16T11:05:06.050802464Z,14.725447,120.604715,Cloud to Cloud,9030,16282,6
2026-09-16T11:05:06.129582917Z,14.699575,120.678913,Cloud to Cloud,25952,7639,12
2026-09-16T11:05:06.386557162Z,14.391398,120.735555,Cloud to Cloud,18988,5217,8
2026-09-16T11:05:06.281671346Z,14.659868,120.253767,Cloud to Cloud,18662,3001,8
2026-09-16T11:05:06.402105302Z,14.561888,120.235893,Cloud to Ground,-20129,0,8
2026-09-16T11:05:06.165182515Z,14.588333,120.351234,Cloud to Ground,-27064,0,10
2026-09-16T11:05:06.021987000Z,14.7541,120.3213,Cloud to Ground,26041,0,6
2026-09-16T11:05:06.087312000Z,14.8495,120.3875,Cloud to Ground,5481,0,8
2026-09-16T11:05:06.423837191Z,11.176513,125.548525,Cloud to Ground,-17205,0,9
2026-09-16T11:05:07.598100640Z,14.307931,120.278613,Cloud to Cloud,7406,3511,9
2026-09-16T11:05:07.924295897Z,14.682108,120.705452,Cloud to Cloud,10108,6711,10
2026-09-16T11:05:07.623381605Z,14.776535,120.750616,Cloud to Cloud,10911,16422,10
2026-09-16T11:05:07.347059037Z,14.735563,120.720268,Cloud to Cloud,13546,8190,8
2026-09-16T11:05:07.377474403Z,14.723912,120.682923,Cloud to Cloud,13690,6780,6
2026-09-16T11:05:08.204432207Z,16.146387,121.692811,Cloud to Ground,-23693,0,13
2026-09-16T11:05:08.912247000Z,14.9365,120.624,Cloud to Ground,31032,0,5
2026-09-16T11:05:09.417692290Z,2.900354,116.073106,Cloud to Ground,-27682,0,23
2026-09-16T11:05:09.323691078Z,2.89817,116.092091,Cloud to Ground,-22017,0,18
2026-09-16T11:05:09.499366965Z,2.884617,116.039449,Cloud to Ground,30895,0,8
2026-09-16T11:05:09.985651652Z,2.922627,116.037983,Cloud to Ground,53580,0,13
2026-09-16T11:05:09.433054625Z,2.897446,116.136377,Cloud to Ground,80091,0,9
2026-09-16T11:05:09.328627075Z,2.894353,116.107295,Cloud to Ground,164501,0,35
2026-09-16T11:05:09.805182381Z,14.832525,119.961444,Cloud to Ground,-21243,0,11
2026-09-16T11:05:09.781437000Z,14.961,119.8796,Cloud to Ground,40262,0,9
2026-09-16T11:05:10.727032316Z,13.09851,123.894571,Cloud to Cloud,30742,15459,9
2026-09-16T11:05:11.463196760Z,15.699691,120.641759,Cloud to Cloud,-13907,9083,7
2026-09-16T11:05:11.579478599Z,15.564937,120.651406,Cloud to Cloud,17374,18982,12
2026-09-16T11:05:12.470449621Z,15.698106,120.510664,Cloud to Ground,18749,0,10
2026-09-16T11:05:12.607675265Z,15.676987,120.428241,Cloud to Cloud,35314,19378,10
2026-09-16T11:05:13.184328520Z,14.653011,120.668117,Cloud to Cloud,8697,13322,8
2026-09-16T11:05:13.812695852Z,15.788551,120.397965,Cloud to Cloud,9192,18358,6
2026-09-16T11:05:14.293335224Z,14.765928,120.581942,Cloud to Ground,-11699,0,10
2026-09-16T11:05:14.492409457Z,14.765018,120.620859,Cloud to Ground,-6845,0,7
2026-09-16T11:05:14.547528966Z,14.761608,120.704077,Cloud to Cloud,6043,4759,9
2026-09-16T11:05:15.322138182Z,14.138352,120.098748,Cloud to Cloud,11170,10918,7
2026-09-16T11:05:15.561008417Z,14.579147,120.236074,Cloud to Ground,18943,0,10
2026-09-16T11:05:16.305920591Z,5.531726,118.930322,Cloud to Ground,-22489,0,13
2026-09-16T11:05:16.188595000Z,5.7236,118.7253,Cloud to Ground,-10697,0,8
2026-09-16T11:05:16.690478223Z,11.185453,125.429686,Cloud to Ground,-18948,0,9
2026-09-16T11:05:16.987143000Z,11.2417,125.1857,Cloud to Ground,-4622,0,6
2026-09-16T11:05:17.281402331Z,14.460228,120.351648,Cloud to Ground,25571,0,8
2026-09-16T11:05:17.135861478Z,14.8161,120.646532,Cloud to Cloud,-8296,11330,7
2026-09-16T11:05:17.062295140Z,14.610968,120.22397,Cloud to Cloud,11425,12358,7
2026-09-16T11:05:17.313046981Z,14.369037,120.325864,Cloud to Ground,-23704,0,8
2026-09-16T11:05:17.875705587Z,15.895823,121.546253,Cloud to Cloud,-21114,12903,8
2026-09-16T11:05:18.494476825Z,0.878655,111.500562,Cloud to Ground,83265,0,18
2026-09-16T11:05:19.042040276Z,3.435424,116.36778,Cloud to Ground,40174,0,15
2026-09-16T11:05:19.053289415Z,11.163738,125.672576,Cloud to Cloud,39665,19718,8
2026-09-16T11:05:19.373224653Z,15.864778,121.409634,Cloud to Ground,-7160,0,6
2026-09-16T11:05:20.484633922Z,3.423989,116.34743,Cloud to Ground,56305,0,25
2026-09-16T11:05:22.473799365Z,14.84557,120.536588,Cloud to Cloud,21647,16069,8
2026-09-16T11:05:22.448748026Z,14.788825,120.623236,Cloud to Ground,-64297,0,9
2026-09-16T11:05:22.515604582Z,14.786527,120.624292,Cloud to Ground,-57769,0,10
2026-09-16T11:05:22.600311490Z,14.784807,120.621368,Cloud to Ground,-42241,0,10
2026-09-16T11:05:23.024639798Z,14.829076,120.734915,Cloud to Ground,-20863,0,8
2026-09-16T11:05:22.717421438Z,14.816968,120.726428,Cloud to Ground,-15762,0,8
2026-09-16T11:05:23.127969254Z,14.826789,120.707345,Cloud to Ground,-13225,0,11
2026-09-16T11:05:22.681504876Z,14.786687,120.61211,Cloud to Ground,-12985,0,9
2026-09-16T11:05:23.469543794Z,14.865643,120.580174,Cloud to Cloud,17894,5870,5
2026-09-16T11:05:24.180061307Z,14.560363,120.673012,Cloud to Cloud,-13548,12529,10
2026-09-16T11:05:24.368578615Z,14.823107,120.724525,Cloud to Cloud,17884,3000,10
2026-09-16T11:05:25.582342888Z,15.181634,120.766686,Cloud to Cloud,-7835,17022,9
2026-09-16T11:05:26.718090075Z,14.803768,120.563662,Cloud to Ground,35967,0,10
2026-09-16T11:05:27.828141511Z,14.353834,120.197771,Cloud to Cloud,7595,11748,6
2026-09-16T11:05:27.769980210Z,14.685772,120.139473,Cloud to Cloud,9498,13206,7
2026-09-16T11:05:27.426849143Z,14.744059,120.591666,Cloud to Cloud,-10422,3004,9
2026-09-16T11:05:27.248804035Z,14.67908,120.694884,Cloud to Ground,13748,0,7
2026-09-16T11:05:28.559911526Z,3.413831,116.335425,Cloud to Ground,-20964,0,13
2026-09-16T11:05:28.048129180Z,3.38111,116.280823,Cloud to Ground,32091,0,15
2026-09-16T11:05:29.928689519Z,14.770497,120.563195,Cloud to Cloud,-14052,17757,10
2026-09-16T11:05:29.821922296Z,14.809121,120.592236,Cloud to Cloud,-6641,5101,8
2026-09-16T11:05:30.651850125Z,15.077757,120.706398,Cloud to Ground,-6334,0,5
2026-09-16T11:05:30.728759754Z,14.638436,120.204123,Cloud to Ground,15975,0,8
2026-09-16T11:05:30.448957437Z,16.254155,121.771349,Cloud to Ground,21087,0,11
2026-09-16T11:05:30.451202912Z,16.248568,121.849842,Cloud to Ground,30166,0,10
2026-09-16T11:05:31.180155349Z,14.675357,120.652461,Cloud to Cloud,8222,12813,8
2026-09-16T11:05:32.159670506Z,14.820806,120.690436,Cloud to Ground,-19135,0,12
2026-09-16T11:05:32.144770189Z,14.699358,120.682615,Cloud to Cloud,11832,18306,12
2026-09-16T11:05:33.976242884Z,14.819201,120.626948,Cloud to Cloud,-8305,11432,6
2026-09-16T11:05:33.316954791Z,14.839462,120.636397,Cloud to Ground,24566,0,11
2026-09-16T11:05:34.757376092Z,11.535792,125.629411,Cloud to Ground,-71177,0,13
2026-09-16T11:05:34.164929739Z,15.40182,120.216239,Cloud to Cloud,-7725,18885,5
2026-09-16T11:05:35.347799455Z,14.287563,120.202365,Cloud to Ground,-97818,0,8
2026-09-16T11:05:35.480968480Z,14.331444,120.284165,Cloud to Ground,-22933,0,10
2026-09-16T11:05:35.452991909Z,14.307075,120.200446,Cloud to Ground,-14298,0,8
2026-09-16T11:05:35.503229831Z,14.306164,120.190103,Cloud to Ground,-12796,0,6
2026-09-16T11:05:37.852550191Z,14.775041,120.70245,Cloud to Ground,-9856,0,10
2026-09-16T11:05:37.199703055Z,14.847601,120.573973,Cloud to Cloud,-14685,9614,7
2026-09-16T11:05:36.759665598Z,14.820413,120.625763,Cloud to Cloud,12679,16010,10
2026-09-16T11:05:38.578912564Z,3.34393,116.322762,Cloud to Ground,-26574,0,21
2026-09-16T11:05:38.540458946Z,3.346882,116.331758,Cloud to Ground,22543,0,12
2026-09-16T11:05:39.593868916Z,16.320951,121.561648,Cloud to Ground,-81892,0,14
2026-09-16T11:05:39.956063513Z,16.309564,121.621614,Cloud to Ground,-10424,0,9
2026-09-16T11:05:39.508618526Z,14.727812,120.610841,Cloud to Ground,-14660,0,11
2026-09-16T11:05:41.120753874Z,4.411604,116.406895,Cloud to Ground,23651,0,12
2026-09-16T11:05:40.762603482Z,4.407773,116.442618,Cloud to Ground,120744,0,26
2026-09-16T11:05:41.189321387Z,14.796775,120.599162,Cloud to Cloud,-13228,4986,6
2026-09-16T11:05:42.770142873Z,15.953241,121.389974,Cloud to Ground,-37588,0,10
2026-09-16T11:05:42.792160829Z,15.84778,121.37591,Cloud to Ground,-12353,0,8
2026-09-16T11:05:41.988200079Z,14.748667,120.614659,Cloud to Cloud,9326,6025,7
2026-09-16T11:05:42.058977265Z,14.676667,120.657391,Cloud to Ground,12008,0,12
2026-09-16T11:05:42.040183490Z,14.759657,120.598328,Cloud to Ground,12769,0,10
2026-09-16T11:05:42.126077884Z,14.79104,120.677761,Cloud to Cloud,13307,4286,7
2026-09-16T11:05:43.591389528Z,14.785557,120.575685,Cloud to Cloud,-12196,4705,9
2026-09-16T11:05:44.823085132Z,14.683508,120.171823,Cloud to Cloud,-8050,10041,10
2026-09-16T11:05:44.852711782Z,14.673777,119.812189,Cloud to Ground,-15088,0,9
2026-09-16T11:05:45.379265939Z,14.428126,120.342091,Cloud to Ground,-22155,0,8
2026-09-16T11:05:45.290827195Z,14.35366,120.263941,Cloud to Ground,-50953,0,11
2026-09-16T11:05:45.445118027Z,14.39488,120.238731,Cloud to Ground,-40643,0,11
2026-09-16T11:05:44.733729351Z,14.338434,120.194885,Cloud to Cloud,5035,11032,5
2026-09-16T11:05:45.814706000Z,14.7701,120.4894,Cloud to Ground,-32322,0,6
2026-09-16T11:05:46.353149047Z,10.163554,132.810587,Cloud to Ground,-20140,0,12
2026-09-16T11:05:46.047257297Z,14.719073,120.622597,Cloud to Cloud,-10408,19315,10
2026-09-16T11:05:46.301307000Z,10.2322,132.6568,Cloud to Ground,5361,0,10
2026-09-16T11:05:47.554631253Z,15.66062,120.676949,Cloud to Ground,18796,0,12
2026-09-16T11:05:48.154437652Z,14.855162,120.665285,Cloud to Ground,31024,0,8
2026-09-16T11:05:50.535198023Z,13.177363,123.762069,Cloud to Cloud,8564,3010,9
2026-09-16T11:05:50.051253381Z,14.334326,120.185826,Cloud to Cloud,-6401,16475,7
2026-09-16T11:05:49.699522320Z,14.314516,120.185104,Cloud to Cloud,5233,7424,5
2026-09-16T11:05:49.958996240Z,14.315361,120.180794,Cloud to Cloud,5750,12763,5
2026-09-16T11:05:52.781427463Z,9.950663,130.871316,Cloud to Ground,-32281,0,15
2026-09-16T11:05:52.084364241Z,14.803003,120.650585,Cloud to Ground,-40172,0,13
2026-09-16T11:05:52.474722049Z,14.772289,120.599124,Cloud to Ground,-33485,0,12
2026-09-16T11:05:52.184188160Z,14.803571,120.654293,Cloud to Ground,-31258,0,10
2026-09-16T11:05:52.592595282Z,14.771756,120.593499,Cloud to Ground,-28520,0,10
2026-09-16T11:05:52.800487386Z,14.770139,120.588428,Cloud to Ground,-26626,0,10
2026-09-16T11:05:52.311952973Z,14.784271,120.593238,Cloud to Ground,-16035,0,8
2026-09-16T11:05:52.181048651Z,14.811643,120.642203,Cloud to Ground,-14524,0,10
2026-09-16T11:05:52.239885536Z,14.8056,120.650815,Cloud to Ground,-14479,0,8
2026-09-16T11:05:52.311547000Z,14.8725,120.6153,Cloud to Ground,12725,0,7
2026-09-16T11:05:52.661542491Z,14.813233,120.659887,Cloud to Cloud,22442,6131,7
2026-09-16T11:05:52.375845105Z,12.399743,123.851005,Cloud to Cloud,13891,8073,8
2026-09-16T11:05:52.115663544Z,14.484916,120.750031,Cloud to Ground,17756,0,8
2026-09-16T11:05:53.290737141Z,10.574467,130.165601,Cloud to Ground,-20898,0,22
2026-09-16T11:05:53.206745289Z,10.570537,130.062315,Cloud to Ground,-37697,0,22
2026-09-16T11:05:53.688995000Z,10.3136,130.2084,Cloud to Ground,-29443,0,5
2026-09-16T11:05:53.716122844Z,14.767927,120.618441,Cloud to Cloud,-8695,6381,9
2026-09-16T11:05:53.580178694Z,14.789042,120.55865,Cloud to Cloud,16436,4715,7
2026-09-16T11:05:53.539403270Z,14.790519,120.626626,Cloud to Ground,73816,0,12
2026-09-16T11:05:53.860134879Z,14.95741,120.643889,Cloud to Ground,-25728,0,8
2026-09-16T11:05:54.574692951Z,14.857196,120.569311,Cloud to Cloud,-13366,18897,6
2026-09-16T11:05:54.970722787Z,14.995256,120.16478,Cloud to Cloud,16143,16873,9
2026-09-16T11:05:54.124826682Z,14.33504,120.184097,Cloud to Ground,-13188,0,8
2026-09-16T11:05:54.421314685Z,14.337456,120.194654,Cloud to Ground,-10061,0,7
2026-09-16T11:05:54.224868904Z,14.353708,120.193804,Cloud to Cloud,-9601,3533,7
2026-09-16T11:05:54.325854355Z,14.35732,120.200506,Cloud to Cloud,17378,11578,7
2026-09-16T11:05:54.482849000Z,10.8368,132.1782,Cloud to Ground,-21483,0,9
2026-09-16T11:05:55.179190796Z,10.547684,130.139356,Cloud to Cloud,-23015,5098,18
2026-09-16T11:05:55.335621838Z,16.30297,121.37304,Cloud to Ground,-20959,0,10
2026-09-16T11:05:55.290703000Z,16.3606,121.2355,Cloud to Ground,-35804,0,11
2026-09-16T11:05:57.321538923Z,16.113989,121.436384,Cloud to Cloud,-27788,15536,15
2026-09-16T11:05:57.521851313Z,15.951305,121.478172,Cloud to Ground,-25929,0,9
2026-09-16T11:05:57.354927224Z,15.950309,121.475804,Cloud to Ground,-18573,0,8
2026-09-16T11:05:57.479027443Z,15.980929,121.588397,Cloud to Ground,-68218,0,9
2026-09-16T11:05:58.431980359Z,14.791944,120.582025,Cloud to Cloud,25018,3000,7
2026-09-16T11:05:58.428344141Z,14.872424,120.56164,Cloud to Ground,28074,0,12
2026-09-16T11:05:58.869525462Z,14.910303,119.997369,Cloud to Cloud,-13305,3328,9
2026-09-16T11:05:58.750336918Z,11.294937,121.379819,Cloud to Cloud,30023,15197,8
2026-09-16T11:05:58.702885416Z,11.316612,121.43735,Cloud to Ground,39360,0,11
2026-09-16T11:05:59.047390726Z,14.540407,120.27258,Cloud to Ground,-50187,0,10
2026-09-16T11:05:59.152876362Z,14.550921,120.267323,Cloud to Ground,-20004,0,7
2026-09-16T11:06:00.552676756Z,14.791391,120.70552,Cloud to Ground,-19959,0,6
2026-09-16T11:06:00.862220499Z,14.711664,120.616208,Cloud to Ground,-19687,0,8
2026-09-16T11:06:00.662478079Z,14.718154,120.627281,Cloud to Ground,-19585,0,12
2026-09-16T11:06:00.904379219Z,14.715831,120.630686,Cloud to Ground,-12408,0,5
2026-09-16T11:06:00.726499404Z,14.712951,120.612423,Cloud to Ground,-11842,0,6
2026-09-16T11:06:00.772307553Z,14.716809,120.62841,Cloud to Ground,-9562,0,8
2026-09-16T11:06:00.985468287Z,14.715328,120.624932,Cloud to Ground,-9387,0,6
2026-09-16T11:06:01.003984058Z,14.729937,120.626213,Cloud to Cloud,17443,3000,6
2026-09-16T11:06:02.074724989Z,14.849964,120.599961,Cloud to Cloud,9569,6259,10
2026-09-16T11:06:02.128053094Z,14.721286,120.593387,Cloud to Ground,24280,0,10
2026-09-16T11:06:02.439512529Z,14.340652,120.200692,Cloud to Cloud,4855,3015,5
2026-09-16T11:06:03.191416338Z,0.740905,111.265153,Cloud to Ground,-84677,0,22
2026-09-16T11:06:03.183800674Z,0.806828,111.523958,Cloud to Ground,-22995,0,12
2026-09-16T11:06:03.410410000Z,0.8317,111.4614,Cloud to Ground,28711,0,6
2026-09-16T11:06:03.518594898Z,0.82655,111.489361,Cloud to Ground,39913,0,23
2026-09-16T11:06:03.331928750Z,0.828225,111.48405,Cloud to Ground,45555,0,17
2026-09-16T11:06:03.269786000Z,0.9963,111.3819,Cloud to Ground,39772,0,5
2026-09-16T11:06:03.236287685Z,10.52576,131.979797,Cloud to Ground,-24983,0,7
2026-09-16T11:06:02.926171379Z,10.498705,132.007787,Cloud to Ground,-22042,0,8
2026-09-16T11:06:03.576468172Z,13.273444,123.999115,Cloud to Ground,-20508,0,8
2026-09-16T11:06:03.534623057Z,15.475812,120.905202,Cloud to Cloud,32723,7952,7
2026-09-16T11:06:04.157615243Z,7.632707,118.320484,Cloud to Ground,63544,0,9
2026-09-16T11:06:04.342438697Z,15.208764,120.649816,Cloud to Cloud,-12672,8038,11
2026-09-16T11:06:04.362969499Z,15.220756,120.664978,Cloud to Cloud,13471,12146,7
2026-09-16T11:06:04.009604310Z,14.883339,120.621511,Cloud to Cloud,15576,13205,8
2026-09-16T11:06:05.298500825Z,14.586965,120.235922,Cloud to Cloud,9863,14553,9
2026-09-16T11:06:05.543069882Z,11.420171,124.450296,Cloud to Ground,-21647,0,11
2026-09-16T11:06:06.639653725Z,14.918946,120.590406,Cloud to Ground,-9996,0,6
2026-09-16T11:06:06.358647805Z,14.687121,120.698342,Cloud to Cloud,7618,14144,7
2026-09-16T11:06:06.327260329Z,14.749181,120.591378,Cloud to Cloud,14413,3013,8
2026-09-16T11:06:06.243404087Z,14.831287,120.620225,Cloud to Cloud,16961,16897,8
2026-09-16T11:06:06.073027817Z,14.795921,120.596935,Cloud to Ground,27818,0,7
2026-09-16T11:06:06.870135000Z,14.5387,120.8254,Cloud to Ground,-40602,0,6
2026-09-16T11:06:07.735639874Z,15.279035,119.810935,Cloud to Ground,-12878,0,10
2026-09-16T11:06:07.485589713Z,15.333356,119.748421,Cloud to Cloud,22615,11335,9
2026-09-16T11:06:09.538678965Z,14.676583,120.733599,Cloud to Cloud,16003,4881,10
2026-09-16T11:06:09.902376211Z,14.383534,120.282097,Cloud to Ground,-42746,0,7
2026-09-16T11:06:10.032458546Z,14.386205,120.277698,Cloud to Ground,-39535,0,7
2026-09-16T11:06:09.843999630Z,14.346635,120.170421,Cloud to Ground,-37784,0,11
2026-09-16T11:06:09.949228997Z,14.344769,120.167283,Cloud to Ground,-21478,0,9
2026-09-16T11:06:10.124096528Z,14.347039,120.173645,Cloud to Ground,-17782,0,9
2026-09-16T11:06:10.167096598Z,14.345242,120.165371,Cloud to Ground,-11200,0,9
2026-09-16T11:06:10.072693958Z,14.343349,120.169364,Cloud to Ground,-8898,0,6
2026-09-16T11:06:09.985380000Z,14.3884,119.982,Cloud to Ground,10572,0,5
2026-09-16T11:06:10.333969306Z,14.775826,120.636601,Cloud to Cloud,12582,3001,9
2026-09-16T11:06:12.047787222Z,14.757855,120.66708,Cloud to Cloud,-12132,4875,10
2026-09-16T11:06:11.379881003Z,14.706824,120.643619,Cloud to Cloud,9654,3000,8
2026-09-16T11:06:11.786127891Z,14.660798,120.618876,Cloud to Cloud,47869,9055,7
2026-09-16T11:06:12.133274402Z,3.388351,116.351204,Cloud to Ground,-46400,0,14
2026-09-16T11:06:12.112740548Z,3.359957,116.344099,Cloud to Ground,-30098,0,13
2026-09-16T11:06:12.602204966Z,14.656451,119.790865,Cloud to Cloud,9267,15737,7
2026-09-16T11:06:12.617337885Z,14.656836,119.784,Cloud to Ground,11932,0,9
2026-09-16T11:06:12.005381531Z,22.1787,110.783388,Cloud to Cloud,-9025,15770,6
2026-09-16T11:06:12.003510651Z,22.204131,110.865853,Cloud to Cloud,11558,18044,7
2026-09-16T11:06:12.203691948Z,22.146741,110.808731,Cloud to Ground,16091,0,10
2026-09-16T11:06:12.080898750Z,22.145873,110.85696,Cloud to Ground,33358,0,10
2026-09-16T11:06:15.031685091Z,14.53524,120.60498,Cloud to Cloud,14543,3032,8
2026-09-16T11:06:15.365455230Z,14.634874,120.654665,Cloud to Cloud,-17585,3124,7
2026-09-16T11:06:15.337500994Z,14.789436,120.705941,Cloud to Cloud,6077,14347,5
2026-09-16T11:06:15.463315459Z,14.712231,120.688006,Cloud to Cloud,9194,6338,7
2026-09-16T11:06:15.222471000Z,14.842,119.8175,Cloud to Ground,9934,0,5
2026-09-16T11:06:16.232879269Z,0.857754,111.473734,Cloud to Ground,20793,0,12
2026-09-16T11:06:16.548659333Z,11.212108,125.561673,Cloud to Ground,-36017,0,8
2026-09-16T11:06:16.399786000Z,11.1566,125.4917,Cloud to Ground,-18768,0,5
2026-09-16T11:06:16.442757270Z,11.203931,125.548821,Cloud to Ground,-16458,0,7
2026-09-16T11:06:16.615476049Z,11.210601,125.560471,Cloud to Ground,-16412,0,7
2026-09-16T11:06:16.082668307Z,14.76734,120.5695,Cloud to Ground,15330,0,10
2026-09-16T11:06:16.242886357Z,14.791767,120.726103,Cloud to Ground,-13506,0,6
2026-09-16T11:06:18.415669807Z,14.641155,120.644896,Cloud to Cloud,39477,6267,8
2026-09-16T11:06:18.582005963Z,14.736437,120.580331,Cloud to Ground,-15956,0,8
2026-09-16T11:06:18.652033190Z,14.739928,120.580568,Cloud to Cloud,-11357,3001,8
2026-09-16T11:06:18.786180469Z,14.731681,120.604611,Cloud to Cloud,-6383,10039,5
2026-09-16T11:06:18.664940123Z,14.390981,120.697949,Cloud to Cloud,15459,3251,8
2026-09-16T11:06:18.472296364Z,16.338107,121.628315,Cloud to Cloud,11921,19560,9
2026-09-16T11:06:19.653891177Z,15.059039,120.631072,Cloud to Ground,-36375,0,10
2026-09-16T11:06:19.526743328Z,14.769379,120.64953,Cloud to Ground,-17263,0,9
2026-09-16T11:06:20.043173195Z,14.734408,120.700918,Cloud to Cloud,13223,5231,7
2026-09-16T11:06:20.764930544Z,14.485691,120.228907,Cloud to Ground,-45098,0,7
2026-09-16T11:06:21.044430981Z,14.358356,120.187333,Cloud to Ground,-34249,0,9
2026-09-16T11:06:21.357901399Z,14.361404,120.194782,Cloud to Ground,-20554,0,9
2026-09-16T11:06:21.187042897Z,14.36699,120.199637,Cloud to Ground,-19609,0,11
2026-09-16T11:06:21.186256454Z,14.360567,120.199943,Cloud to Ground,-18730,0,7
2026-09-16T11:06:20.894709950Z,14.361042,120.192762,Cloud to Ground,-14198,0,9
2026-09-16T11:06:21.241058160Z,14.36192,120.196427,Cloud to Ground,-14125,0,8
2026-09-16T11:06:20.671262036Z,14.367026,120.25,Cloud to Ground,-12157,0,10
2026-09-16T11:06:20.977590600Z,14.367808,120.184235,Cloud to Ground,-10136,0,7
2026-09-16T11:06:20.806174514Z,14.400573,120.25768,Cloud to Ground,54969,0,8
2026-09-16T11:06:23.031118976Z,3.348682,116.303523,Cloud to Ground,-26997,0,12
2026-09-16T11:06:23.080865917Z,3.356137,116.346015,Cloud to Cloud,13812,12325,13
2026-09-16T11:06:23.834631796Z,5.696562,119.188098,Cloud to Cloud,-42616,3021,9
2026-09-16T11:06:23.888143707Z,5.541958,119.147176,Cloud to Cloud,11025,3092,8
2026-09-16T11:06:23.896260939Z,5.538456,119.127884,Cloud to Cloud,15651,19422,10
2026-09-16T11:06:25.433920355Z,14.807435,120.586072,Cloud to Ground,14858,0,10
2026-09-16T11:06:26.027158359Z,14.656624,120.61961,Cloud to Cloud,13768,5146,8
2026-09-16T11:06:25.984771979Z,14.663846,120.645174,Cloud to Ground,16135,0,7
2026-09-16T11:06:25.854729653Z,16.318532,121.77277,Cloud to Cloud,21861,15047,11
2026-09-16T11:06:26.301594343Z,16.428679,121.739478,Cloud to Cloud,-9820,3012,7
2026-09-16T11:06:26.137707054Z,15.838253,121.383423,Cloud to Cloud,-9229,4716,7
2026-09-16T11:06:26.253075737Z,15.851287,121.426054,Cloud to Cloud,-7077,6015,6
2026-09-16T11:06:26.667527509Z,14.711926,119.841413,Cloud to Cloud,-6153,3002,11
2026-09-16T11:06:27.225632131Z,14.801241,120.646064,Cloud to Cloud,-18723,15285,8
2026-09-16T11:06:27.677109311Z,14.320102,120.237161,Cloud to Ground,-23811,0,10
2026-09-16T11:06:27.559021190Z,14.285638,120.138242,Cloud to Ground,-17921,0,9
2026-09-16T11:06:28.456560168Z,14.344526,120.215558,Cloud to Ground,-15283,0,8
2026-09-16T11:06:28.137669781Z,14.314857,120.238353,Cloud to Ground,-13986,0,7
2026-09-16T11:06:28.180827186Z,14.287008,120.13048,Cloud to Ground,-12087,0,9
2026-09-16T11:06:28.113206354Z,14.284134,120.136708,Cloud to Ground,-9973,0,7
2026-09-16T11:06:27.950636050Z,14.326213,120.19142,Cloud to Cloud,18370,19780,7
2026-09-16T11:06:27.562567144Z,13.654683,110.490009,Cloud to Cloud,-24331,19225,6
2026-09-16T11:06:28.948942712Z,14.721709,120.596453,Cloud to Ground,-41854,0,13
2026-09-16T11:06:29.750606496Z,14.482696,120.269959,Cloud to Cloud,9150,4881,8
2026-09-16T11:06:29.254052794Z,14.612738,120.338072,Cloud to Ground,24507,0,9
2026-09-16T11:06:29.114187000Z,14.7941,120.4302,Cloud to Ground,17557,0,7
2026-09-16T11:06:30.233133223Z,10.676853,132.007822,Cloud to Ground,-18580,0,12
2026-09-16T11:06:30.492779555Z,14.759649,120.554062,Cloud to Ground,16488,0,9
2026-09-16T11:06:32.392209860Z,3.333161,116.315464,Cloud to Ground,20041,0,9
2026-09-16T11:06:31.635725774Z,3.33883,116.343766,Cloud to Ground,31103,0,20
2026-09-16T11:06:31.547334020Z,3.31837,116.347671,Cloud to Ground,46174,0,21
2026-09-16T11:06:31.581995786Z,3.313171,116.364369,Cloud to Ground,72863,0,15
2026-09-16T11:06:31.738330097Z,3.340261,116.317868,Cloud to Ground,89465,0,16
2026-09-16T11:06:31.159493861Z,14.356495,120.202783,Cloud to Ground,-42129,0,11
2026-09-16T11:06:31.812256418Z,14.764626,120.525531,Cloud to Ground,12536,0,8
2026-09-16T11:06:31.425752117Z,13.156348,123.727331,Cloud to Cloud,6540,3217,7
2026-09-16T11:06:32.828706822Z,14.904058,120.616501,Cloud to Ground,-12173,0,10
2026-09-16T11:06:32.824430736Z,14.799136,120.563807,Cloud to Ground,-18770,0,7
2026-09-16T11:06:32.803096000Z,3.2057,116.3218,Cloud to Ground,-11742,0,5
2026-09-16T11:06:33.810539938Z,14.803474,120.743518,Cloud to Cloud,7362,3057,7
2026-09-16T11:06:33.967288000Z,14.6186,120.36,Cloud to Ground,-26534,0,5
2026-09-16T11:06:33.968003356Z,16.346826,121.119594,Cloud to Ground,-23914,0,7
2026-09-16T11:06:34.088138433Z,14.594876,120.652071,Cloud to Ground,-57213,0,11
2026-09-16T11:06:35.325416749Z,11.629237,124.937099,Cloud to Cloud,-217470,3976,9
2026-09-16T11:06:36.548483606Z,16.185171,121.591521,Cloud to Cloud,13101,19705,10
2026-09-16T11:06:36.784953044Z,16.187187,121.597214,Cloud to Cloud,13618,12783,9
2026-09-16T11:06:36.492982978Z,16.185362,121.586455,Cloud to Ground,54092,0,12
2026-09-16T11:06:36.818287857Z,14.20256,120.21704,Cloud to Cloud,13206,3000,7
2026-09-16T11:06:38.797704206Z,14.673643,120.587258,Cloud to Ground,-17465,0,11
2026-09-16T11:06:38.899337953Z,14.670608,120.577095,Cloud to Ground,-10970,0,7
2026-09-16T11:06:38.707398069Z,14.737362,120.671243,Cloud to Ground,-29917,0,6
2026-09-16T11:06:38.050570007Z,14.730923,120.599353,Cloud to Ground,-23491,0,9
2026-09-16T11:06:37.885169248Z,14.731183,120.602331,Cloud to Ground,-20060,0,10
2026-09-16T11:06:38.385008251Z,14.746864,120.659221,Cloud to Cloud,-10902,3513,11
2026-09-16T11:06:37.906916589Z,14.751311,120.594446,Cloud to Cloud,6384,9475,7
2026-09-16T11:06:38.892681850Z,14.980792,120.545683,Cloud to Ground,-18705,0,10
2026-09-16T11:06:38.832893817Z,14.972655,120.521506,Cloud to Ground,-17411,0,11
2026-09-16T11:06:39.503849873Z,10.804349,125.661042,Cloud to Cloud,-25604,12195,7
2026-09-16T11:06:39.346981000Z,14.7579,120.3475,Cloud to Ground,-13604,0,5
2026-09-16T11:06:39.093090000Z,14.0947,120.1198,Cloud to Ground,7218,0,5
2026-09-16T11:06:40.548210713Z,5.618703,118.894977,Cloud to Ground,-37833,0,17
2026-09-16T11:06:39.985894316Z,5.651168,118.941499,Cloud to Ground,20354,0,11
2026-09-16T11:06:40.026504164Z,3.349636,116.303935,Cloud to Ground,18923,0,11
2026-09-16T11:06:40.143447298Z,15.646806,120.662788,Cloud to Ground,-20795,0,9
2026-09-16T11:06:40.062259946Z,15.670788,120.694674,Cloud to Ground,-20086,0,8
2026-09-16T11:06:40.127372000Z,14.8812,120.5418,Cloud to Ground,11614,0,9
2026-09-16T11:06:41.016604090Z,14.677411,120.688348,Cloud to Ground,18173,0,8
2026-09-16T11:06:42.823334617Z,14.267203,120.186843,Cloud to Cloud,4850,3338,7
2026-09-16T11:06:43.038376791Z,14.830557,120.597631,Cloud to Ground,-35330,0,11
2026-09-16T11:06:43.121161263Z,14.725569,120.598212,Cloud to Ground,-12752,0,10
2026-09-16T11:06:43.401674448Z,14.723303,120.605086,Cloud to Ground,-5825,0,5
2026-09-16T11:06:43.935496451Z,14.151519,120.111279,Cloud to Cloud,10213,7184,8
2026-09-16T11:06:44.420201077Z,14.747373,120.593199,Cloud to Cloud,-10757,16440,8
2026-09-16T11:06:44.451504818Z,14.669824,120.628838,Cloud to Cloud,14013,6668,7
2026-09-16T11:06:44.002992044Z,14.823771,120.605081,Cloud to Cloud,17318,3073,8
2026-09-16T11:06:44.201904992Z,14.684422,120.731265,Cloud to Cloud,16367,19902,5
2026-09-16T11:06:45.460756890Z,2.904121,116.089473,Cloud to Ground,-80461,0,21
2026-09-16T11:06:45.533862384Z,2.909144,116.080818,Cloud to Ground,-64663,0,21
2026-09-16T11:06:45.504989948Z,2.905354,116.09834,Cloud to Ground,-46053,0,27
2026-09-16T11:06:46.147904040Z,2.914357,116.112254,Cloud to Ground,52427,0,12
2026-09-16T11:06:45.467111056Z,2.896113,116.123703,Cloud to Ground,190690,0,18
2026-09-16T11:06:45.491563000Z,2.7132,116.2447,Cloud to Ground,-32824,0,5
2026-09-16T11:06:47.948079905Z,14.734759,120.534595,Cloud to Cloud,6447,15071,6
2026-09-16T11:06:47.381513829Z,14.835452,120.559602,Cloud to Ground,-11329,0,11
2026-09-16T11:06:47.427929265Z,14.800254,120.764104,Cloud to Cloud,10118,11409,12
2026-09-16T11:06:48.162610854Z,3.338098,116.320197,Cloud to Ground,-33632,0,15
2026-09-16T11:06:48.852917672Z,14.112076,120.117601,Cloud to Ground,7058,0,7
2026-09-16T11:06:48.798731242Z,15.329887,120.498872,Cloud to Ground,16624,0,7
2026-09-16T11:06:48.928167427Z,14.891347,120.612688,Cloud to Cloud,-10964,7624,6
2026-09-16T11:06:48.392332106Z,14.868926,120.64203,Cloud to Ground,4963,0,8
2026-09-16T11:06:48.686579331Z,14.87046,120.628357,Cloud to Ground,9563,0,6
2026-09-16T11:06:49.083293930Z,14.934309,120.705401,Cloud to Ground,21141,0,7
2026-09-16T11:06:49.233529728Z,15.325652,120.703052,Cloud to Cloud,-18908,15427,8
2026-09-16T11:06:49.722181113Z,14.827577,120.58655,Cloud to Ground,-21903,0,9
2026-09-16T11:06:49.452836147Z,14.713981,120.564957,Cloud to Ground,17162,0,9
2026-09-16T11:06:49.680219059Z,14.372931,120.214019,Cloud to Ground,-39908,0,10
2026-09-16T11:06:49.787688529Z,14.373067,120.214429,Cloud to Ground,-33143,0,9
2026-09-16T11:06:49.622687975Z,14.427209,120.291886,Cloud to Ground,-30553,0,8
2026-09-16T11:06:50.072136792Z,14.373529,120.206863,Cloud to Ground,-17359,0,9
2026-09-16T11:06:49.436150415Z,14.373096,120.19842,Cloud to Ground,-16297,0,8
2026-09-16T11:06:49.834415906Z,14.382404,120.296625,Cloud to Ground,-12815,0,8
2026-09-16T11:06:49.510896444Z,14.372951,120.207262,Cloud to Ground,-12740,0,9
2026-09-16T11:06:49.569423689Z,14.373472,120.208778,Cloud to Ground,-11899,0,8
2026-09-16T11:06:49.468794030Z,14.372631,120.202748,Cloud to Ground,-10859,0,8
2026-09-16T11:06:49.712690187Z,14.372774,120.210398,Cloud to Ground,-8792,0,5
2026-09-16T11:06:50.480620264Z,14.726749,120.606573,Cloud to Ground,-46163,0,10
2026-09-16T11:06:50.850385381Z,14.738863,120.715443,Cloud to Ground,-20763,0,6
2026-09-16T11:06:51.089481422Z,14.720109,120.604242,Cloud to Ground,-19331,0,11
2026-09-16T11:06:50.969573384Z,14.8473,120.611438,Cloud to Ground,-17982,0,19
2026-09-16T11:06:50.926655880Z,14.714546,120.617255,Cloud to Ground,-14811,0,6
2026-09-16T11:06:50.797448392Z,14.7193,120.604737,Cloud to Ground,-12095,0,8
2026-09-16T11:06:50.895936804Z,14.738259,120.68412,Cloud to Ground,-9990,0,10
2026-09-16T11:06:51.185604026Z,14.829995,120.642382,Cloud to Cloud,9245,3002,8
2026-09-16T11:06:50.572070426Z,14.69837,120.669384,Cloud to Ground,15155,0,15
2026-09-16T11:06:50.759226566Z,14.756342,120.65247,Cloud to Cloud,19259,8917,8
2026-09-16T11:06:52.571960011Z,11.236864,125.590672,Cloud to Ground,-23991,0,9
2026-09-16T11:06:52.591636108Z,11.16859,125.427381,Cloud to Ground,-21993,0,9
2026-09-16T11:06:52.491652882Z,11.138083,125.430573,Cloud to Ground,-16917,0,7
2026-09-16T11:06:53.024728371Z,14.313101,119.892587,Cloud to Cloud,14868,7962,7
2026-09-16T11:06:53.882317878Z,14.707334,120.6395,Cloud to Ground,25220,0,12
2026-09-16T11:06:53.204215061Z,14.793844,119.985081,Cloud to Cloud,-21036,17752,8
2026-09-16T11:06:53.609375132Z,14.86768,120.615803,Cloud to Cloud,-24709,3386,13
2026-09-16T11:06:53.795956784Z,14.825281,120.605957,Cloud to Cloud,-16057,8438,10
2026-09-16T11:06:54.024149435Z,14.835824,120.7098,Cloud to Cloud,-14202,14668,7
2026-09-16T11:06:54.180590297Z,14.849911,120.65078,Cloud to Cloud,15276,5838,7
2026-09-16T11:06:54.390013899Z,14.897752,120.581028,Cloud to Cloud,19759,3012,10
2026-09-16T11:06:53.702620438Z,12.404098,123.842003,Cloud to Cloud,13245,16702,9
2026-09-16T11:06:54.444343916Z,14.827739,120.455862,Cloud to Ground,14539,0,8
2026-09-16T11:06:55.468408448Z,14.802287,120.71525,Cloud to Ground,-16977,0,8
2026-09-16T11:06:55.520557120Z,14.777735,120.611669,Cloud to Ground,-29069,0,12
2026-09-16T11:06:55.888750254Z,14.778028,120.607623,Cloud to Ground,-21472,0,7
2026-09-16T11:06:55.923882766Z,14.778131,120.61139,Cloud to Ground,-13390,0,9
2026-09-16T11:06:55.652637118Z,14.779249,120.607872,Cloud to Ground,-10030,0,10
2026-09-16T11:06:55.615103658Z,14.775785,120.609615,Cloud to Ground,-7976,0,5
2026-09-16T11:06:55.407784000Z,14.8345,120.3868,Cloud to Ground,13558,0,5
2026-09-16T11:06:57.805652699Z,15.535801,120.858971,Cloud to Cloud,21789,3151,11
2026-09-16T11:06:58.106799969Z,14.751405,120.51555,Cloud to Cloud,7225,12133,6
2026-09-16T11:06:58.976153954Z,14.76444,120.666378,Cloud to Ground,15135,0,8
2026-09-16T11:06:58.630826050Z,15.053437,120.760321,Cloud to Cloud,24124,14713,7
2026-09-16T11:06:59.663870838Z,14.523246,120.59862,Cloud to Cloud,-26387,3424,8
2026-09-16T11:06:59.690754280Z,15.414213,120.195222,Cloud to Ground,-11580,0,6
2026-09-16T11:06:59.733117736Z,15.370599,120.162337,Cloud to Ground,-11246,0,9
2026-09-16T11:07:00.297148003Z,10.548383,130.093835,Cloud to Cloud,-23782,16074,13
2026-09-16T11:07:00.682173973Z,10.579157,130.120653,Cloud to Ground,-21454,0,11
2026-09-16T11:07:01.203496369Z,10.564401,130.10193,Cloud to Ground,-19889,0,10
2026-09-16T11:07:00.329014369Z,10.584046,130.126905,Cloud to Ground,-19820,0,10
2026-09-16T11:07:00.622662875Z,10.609596,130.104407,Cloud to Ground,-16134,0,11
2026-09-16T11:07:00.327384798Z,10.627052,130.112958,Cloud to Cloud,-13276,5691,6
2026-09-16T11:07:00.312737410Z,10.543351,130.138427,Cloud to Cloud,-10164,14683,11
2026-09-16T11:07:00.105106805Z,14.343792,120.270427,Cloud to Ground,-19582,0,9
2026-09-16T11:07:00.309305363Z,14.318651,120.197887,Cloud to Ground,-8886,0,7
2026-09-16T11:07:01.014427212Z,14.860075,120.549132,Cloud to Cloud,13145,3009,6
2026-09-16T11:07:00.507168558Z,14.777985,120.536572,Cloud to Ground,22873,0,10
2026-09-16T11:07:01.846680453Z,10.570406,132.034565,Cloud to Ground,-65688,0,15
2026-09-16T11:07:02.161537635Z,10.553896,132.040697,Cloud to Ground,-28903,0,13
2026-09-16T11:07:02.364163215Z,10.5434,131.994503,Cloud to Ground,-26733,0,10
2026-09-16T11:07:02.276749787Z,10.646519,132.053043,Cloud to Ground,-24982,0,15
2026-09-16T11:07:02.052176102Z,10.602316,131.919851,Cloud to Ground,-22364,0,17
2026-09-16T11:07:02.106015000Z,10.6153,131.9068,Cloud to Ground,-17822,0,7
2026-09-16T11:07:02.494244000Z,10.6062,131.9927,Cloud to Ground,9965,0,8
2026-09-16T11:07:02.496046238Z,10.619913,132.03586,Cloud to Cloud,17533,7580,10
2026-09-16T11:07:01.128964627Z,10.693955,130.142973,Cloud to Ground,-31764,0,21
2026-09-16T11:07:01.095726761Z,14.669027,120.693696,Cloud to Ground,14541,0,11
2026-09-16T11:07:02.761474169Z,2.786371,116.059775,Cloud to Ground,15543,0,12
2026-09-16T11:07:02.652517438Z,2.78452,116.043354,Cloud to Ground,27620,0,12
2026-09-16T11:07:02.830031882Z,2.831955,116.054489,Cloud to Ground,36828,0,18
2026-09-16T11:07:02.472246894Z,2.807692,116.070453,Cloud to Ground,226836,0,32
2026-09-16T11:07:02.275794149Z,10.600186,131.816561,Cloud to Ground,-25551,0,13
2026-09-16T11:07:02.879958807Z,14.82403,120.626692,Cloud to Ground,-26126,0,8
2026-09-16T11:07:03.190017582Z,14.748632,120.63904,Cloud to Ground,-18193,0,10
2026-09-16T11:07:03.072932207Z,14.818704,120.611219,Cloud to Ground,-15082,0,10
2026-09-16T11:07:03.241930423Z,14.79541,120.641781,Cloud to Ground,-14482,0,12
2026-09-16T11:07:03.346722953Z,14.761086,120.720278,Cloud to Ground,-11560,0,8
2026-09-16T11:07:03.294924231Z,14.843197,120.692351,Cloud to Cloud,-9741,3004,7
2026-09-16T11:07:02.843232240Z,14.834973,120.726467,Cloud to Cloud,15683,7749,12
2026-09-16T11:07:02.740394633Z,14.898358,120.657126,Cloud to Cloud,15962,3001,7
2026-09-16T11:07:02.626483829Z,14.745883,120.677207,Cloud to Ground,17604,0,12
2026-09-16T11:07:05.647618514Z,10.4498,131.58881,Cloud to Ground,18712,0,16
2026-09-16T11:07:05.208387818Z,15.685736,121.406574,Cloud to Ground,21512,0,7
2026-09-16T11:07:05.098823211Z,14.770147,120.639802,Cloud to Cloud,7275,17797,7
2026-09-16T11:07:05.607638439Z,14.815924,120.604777,Cloud to Cloud,10411,6366,9
2026-09-16T11:07:06.621453405Z,12.551798,125.197063,Cloud to Cloud,14673,14108,9
2026-09-16T11:07:06.710187721Z,14.907105,120.659016,Cloud to Cloud,10615,8112,9
2026-09-16T11:07:06.716709577Z,14.950146,120.507527,Cloud to Ground,-7874,0,5
2026-09-16T11:07:06.710987771Z,14.968528,120.523332,Cloud to Cloud,2726,5026,7
2026-09-16T11:07:06.060005087Z,14.768077,120.495059,Cloud to Cloud,6713,10619,5
2026-09-16T11:07:06.976705234Z,14.650127,120.630299,Cloud to Ground,-13474,0,9
2026-09-16T11:07:07.326690498Z,3.347175,116.320813,Cloud to Ground,-18143,0,7
2026-09-16T11:07:07.562550255Z,14.746769,120.675371,Cloud to Cloud,9449,4590,7
2026-09-16T11:07:07.168983012Z,14.773458,120.541702,Cloud to Ground,23269,0,11
2026-09-16T11:07:08.900112196Z,14.781066,120.615637,Cloud to Ground,-10297,0,8
2026-09-16T11:07:09.080432404Z,14.782787,120.585192,Cloud to Cloud,-7958,19728,10
2026-09-16T11:07:08.852275533Z,14.777749,120.601798,Cloud to Ground,-6313,0,9
2026-09-16T11:07:10.822288518Z,15.028816,120.516918,Cloud to Ground,-12414,0,7
2026-09-16T11:07:10.774471558Z,14.360905,120.270446,Cloud to Cloud,23032,16833,9
2026-09-16T11:07:10.856846092Z,15.415411,120.177059,Cloud to Ground,35686,0,11
2026-09-16T11:07:10.065877056Z,15.006375,120.54698,Cloud to Ground,-17155,0,5
2026-09-16T11:07:10.187469619Z,15.131137,120.566009,Cloud to Cloud,12245,3079,8
2026-09-16T11:07:11.380223216Z,16.168758,121.118124,Cloud to Ground,-21951,0,11
2026-09-16T11:07:11.305440243Z,16.165732,121.111452,Cloud to Ground,-17732,0,11
2026-09-16T11:07:11.476464927Z,16.170269,121.117984,Cloud to Ground,-12152,0,9
2026-09-16T11:07:11.571336841Z,16.163779,121.095828,Cloud to Ground,-8630,0,8
2026-09-16T11:07:11.032418031Z,14.703259,120.711333,Cloud to Ground,-31657,0,12
2026-09-16T11:07:10.896032408Z,14.728086,120.718986,Cloud to Cloud,10829,19850,6
2026-09-16T11:07:11.454622024Z,14.745978,120.528147,Cloud to Cloud,9170,17772,8
2026-09-16T11:07:12.992776685Z,14.730148,120.597143,Cloud to Ground,-40083,0,11
2026-09-16T11:07:12.962333677Z,14.742354,120.547388,Cloud to Ground,-8888,0,5
2026-09-16T11:07:12.275964494Z,14.790684,120.52039,Cloud to Cloud,19316,14146,8
2026-09-16T11:07:12.795776605Z,14.759085,120.676074,Cloud to Cloud,23693,15420,9
2026-09-16T11:07:13.450729722Z,13.259102,124.02422,Cloud to Cloud,-11778,7846,8
2026-09-16T11:07:13.485814937Z,13.138241,123.990606,Cloud to Cloud,16553,6514,8
2026-09-16T11:07:14.214330976Z,10.661289,131.989638,Cloud to Ground,-15575,0,7
2026-09-16T11:07:14.968185511Z,14.655638,120.647874,Cloud to Ground,21455,0,7
2026-09-16T11:07:15.278819729Z,4.437097,116.389534,Cloud to Ground,58801,0,13
2026-09-16T11:07:15.445360650Z,14.818741,120.599113,Cloud to Ground,-17075,0,10
2026-09-16T11:07:15.351158118Z,14.783296,120.558907,Cloud to Ground,32605,0,8
2026-09-16T11:07:16.133338946Z,3.372685,116.291207,Cloud to Ground,25592,0,14
2026-09-16T11:07:16.165613076Z,15.422254,120.169663,Cloud to Cloud,12138,18980,9
2026-09-16T11:07:16.452748065Z,14.64724,120.684051,Cloud to Cloud,-21922,12546,7
2026-09-16T11:07:17.651449170Z,14.895487,120.719261,Cloud to Ground,23902,0,8
2026-09-16T11:07:17.355014394Z,14.758633,120.620294,Cloud to Ground,-37193,0,14
2026-09-16T11:07:17.892616836Z,14.754552,120.588364,Cloud to Ground,-29422,0,9
2026-09-16T11:07:18.284380184Z,14.783183,120.539599,Cloud to Cloud,22511,16302,7
2026-09-16T11:07:18.992310295Z,14.836629,120.551782,Cloud to Cloud,13224,18498,7
2026-09-16T11:07:18.501444624Z,14.375217,120.21925,Cloud to Cloud,-7951,7836,9
2026-09-16T11:07:19.360488815Z,14.977792,120.426424,Cloud to Cloud,-14083,5603,6
2026-09-16T11:07:18.999724217Z,14.911477,120.443378,Cloud to Cloud,6462,5066,6
2026-09-16T11:07:20.258636122Z,14.756359,120.634512,Cloud to Cloud,14105,6587,8
2026-09-16T11:07:20.727097000Z,14.7714,120.498,Cloud to Ground,10616,0,5
2026-09-16T11:07:21.468948608Z,0.980741,111.368193,Cloud to Ground,-40670,0,28
2026-09-16T11:07:21.315756000Z,0.8157,111.4414,Cloud to Ground,5056,0,6
2026-09-16T11:07:21.462921938Z,0.803172,111.521035,Cloud to Ground,16275,0,10
2026-09-16T11:07:21.740825904Z,0.798395,111.500939,Cloud to Ground,32341,0,12
2026-09-16T11:07:21.579982276Z,0.789458,111.538182,Cloud to Ground,36182,0,23
2026-09-16T11:07:21.532591444Z,0.810512,111.515677,Cloud to Ground,39571,0,25
2026-09-16T11:07:21.688130700Z,0.791812,111.537767,Cloud to Ground,43519,0,18
2026-09-16T11:07:22.036975183Z,0.787866,111.545456,Cloud to Ground,54575,0,25
2026-09-16T11:07:21.635519777Z,0.789804,111.548544,Cloud to Ground,59608,0,19
2026-09-16T11:07:21.905142910Z,14.550655,120.28915,Cloud to Ground,-15551,0,5
2026-09-16T11:07:21.853071000Z,14.7424,120.3517,Cloud to Ground,43697,0,7
2026-09-16T11:07:22.927358376Z,3.348126,116.34602,Cloud to Ground,48355,0,12
2026-09-16T11:07:22.878254991Z,3.347693,116.354085,Cloud to Ground,49122,0,18
2026-09-16T11:07:22.193952137Z,14.738584,120.560698,Cloud to Cloud,8373,16388,5
2026-09-16T11:07:24.637266494Z,14.813948,120.590046,Cloud to Ground,-16281,0,6
2026-09-16T11:07:24.563009843Z,14.304171,120.189494,Cloud to Ground,-36447,0,8
2026-09-16T11:07:25.376841288Z,11.568144,125.56537,Cloud to Ground,-44873,0,8
2026-09-16T11:07:26.059177582Z,14.729178,120.626794,Cloud to Ground,-10627,0,10
2026-09-16T11:07:25.862976258Z,14.748845,120.613102,Cloud to Ground,15937,0,8
2026-09-16T11:07:26.777559364Z,14.681246,120.763002,Cloud to Cloud,-6854,7073,10
2026-09-16T11:07:28.587002857Z,14.80381,120.649892,Cloud to Ground,-10558,0,10
2026-09-16T11:07:28.325847399Z,14.746771,120.63532,Cloud to Cloud,-7019,13791,7
2026-09-16T11:07:28.672854090Z,11.219238,125.606894,Cloud to Ground,-19248,0,7
2026-09-16T11:07:29.480647697Z,14.694557,120.698955,Cloud to Cloud,8215,3135,6
2026-09-16T11:07:30.686075254Z,14.661607,120.594941,Cloud to Ground,-19768,0,11
2026-09-16T11:07:30.793977642Z,14.760958,120.611842,Cloud to Ground,-20420,0,8
2026-09-16T11:07:31.102774599Z,3.329421,116.298332,Cloud to Ground,-26310,0,10
2026-09-16T11:07:32.510697189Z,14.793894,120.631314,Cloud to Ground,-29720,0,10
2026-09-16T11:07:32.764732817Z,14.795647,120.626374,Cloud to Ground,-19693,0,8
2026-09-16T11:07:33.027359814Z,14.84693,120.636155,Cloud to Cloud,-8010,3867,8
2026-09-16T11:07:33.124222455Z,16.342744,121.646047,Cloud to Ground,-16093,0,16
2026-09-16T11:07:34.564042417Z,11.727246,126.059906,Cloud to Cloud,20880,5166,11
2026-09-16T11:07:34.288527059Z,14.750889,120.583148,Cloud to Ground,-11746,0,10
2026-09-16T11:07:35.534959759Z,13.9618,120.041516,Cloud to Cloud,-23284,19990,10
2026-09-16T11:07:35.770858869Z,13.901661,120.039723,Cloud to Ground,-16423,0,7
2026-09-16T11:07:35.900791016Z,14.393575,120.374589,Cloud to Cloud,40833,17667,11
2026-09-16T11:07:35.163159692Z,14.937063,120.741548,Cloud to Cloud,-11519,6440,7
2026-09-16T11:07:35.856748496Z,14.806512,119.946138,Cloud to Ground,-23194,0,9
2026-09-16T11:07:36.641121502Z,5.698228,119.043575,Cloud to Ground,22059,0,13
2026-09-16T11:07:36.179292772Z,14.457803,120.299454,Cloud to Cloud,11883,3823,7
2026-09-16T11:07:36.480088577Z,14.605453,119.75105,Cloud to Cloud,-11973,19829,8
2026-09-16T11:07:36.355816696Z,14.567413,120.268833,Cloud to Ground,-19410,0,10
2026-09-16T11:07:36.201992631Z,14.624397,120.313918,Cloud to Cloud,-15939,6561,8
2026-09-16T11:07:36.509622153Z,14.747161,120.70785,Cloud to Ground,-16643,0,7
2026-09-16T11:07:36.621744856Z,14.758423,120.703611,Cloud to Ground,-16155,0,10
2026-09-16T11:07:36.570875827Z,14.71828,120.616934,Cloud to Ground,-14423,0,8
2026-09-16T11:07:36.702480632Z,14.7174,120.618864,Cloud to Ground,-8412,0,6
2026-09-16T11:07:36.395726343Z,14.842918,120.688242,Cloud to Cloud,14986,3003,11
2026-09-16T11:07:36.109096917Z,14.679793,120.694742,Cloud to Ground,49660,0,10
2026-09-16T11:07:36.017121703Z,14.771868,120.535592,Cloud to Cloud,15623,7352,8
2026-09-16T11:07:37.841257769Z,5.915166,118.870971,Cloud to Ground,-47784,0,14
2026-09-16T11:07:37.625705192Z,14.286898,120.141298,Cloud to Ground,-46929,0,11
2026-09-16T11:07:37.914882700Z,14.193987,120.290085,Cloud to Cloud,11507,3003,8
2026-09-16T11:07:39.458881260Z,14.865137,120.618131,Cloud to Cloud,13775,3783,8
2026-09-16T11:07:39.382028910Z,14.874964,120.63166,Cloud to Cloud,24140,18125,8
2026-09-16T11:07:39.304501856Z,14.710231,120.667863,Cloud to Cloud,6913,17319,7
2026-09-16T11:07:40.515766870Z,14.817255,120.638412,Cloud to Ground,-33674,0,11
2026-09-16T11:07:40.553471349Z,14.81356,120.634663,Cloud to Ground,-10900,0,8
2026-09-16T11:07:42.238415960Z,3.369544,116.378068,Cloud to Ground,15232,0,11
2026-09-16T11:07:41.877184234Z,3.368795,116.356175,Cloud to Ground,15241,0,11
2026-09-16T11:07:41.841086116Z,3.373435,116.377304,Cloud to Ground,61921,0,12
2026-09-16T11:07:41.977345236Z,14.798001,120.520696,Cloud to Ground,30170,0,9
2026-09-16T11:07:41.738280319Z,14.670764,120.670533,Cloud to Cloud,12330,13717,13
2026-09-16T11:07:42.969073262Z,14.694939,120.632179,Cloud to Cloud,24172,7856,9
2026-09-16T11:07:43.480050312Z,14.44023,120.591176,Cloud to Cloud,15742,16402,7
2026-09-16T11:07:43.848168143Z,14.831302,120.532825,Cloud to Ground,-28388,0,12
2026-09-16T11:07:43.679810662Z,14.716143,120.605512,Cloud to Ground,-19225,0,5
2026-09-16T11:07:43.730370682Z,14.719189,120.586904,Cloud to Ground,-12018,0,8
2026-09-16T11:07:43.685340415Z,14.64821,120.538433,Cloud to Cloud,12593,3031,7
2026-09-16T11:07:43.490446509Z,14.794602,120.55518,Cloud to Ground,15530,0,11
2026-09-16T11:07:43.588658411Z,14.897367,119.93451,Cloud to Cloud,6722,3054,7
2026-09-16T11:07:44.443005505Z,10.634536,132.001622,Cloud to Cloud,-34384,18621,8
2026-09-16T11:07:44.456587110Z,14.273028,120.025994,Cloud to Ground,-6304,0,5
2026-09-16T11:07:44.607512189Z,14.191023,120.078884,Cloud to Cloud,18696,6441,8
2026-09-16T11:07:45.160142534Z,14.780334,120.52543,Cloud to Ground,29281,0,9
2026-09-16T11:07:46.950102277Z,14.7387,120.631126,Cloud to Ground,-19606,0,11
2026-09-16T11:07:47.249388808Z,14.766657,120.714172,Cloud to Ground,-18574,0,10
2026-09-16T11:07:47.047522311Z,14.73524,120.610788,Cloud to Ground,-16368,0,9
2026-09-16T11:07:47.520480137Z,14.735772,120.607687,Cloud to Ground,-14518,0,5
2026-09-16T11:07:46.937752386Z,14.70544,120.638368,Cloud to Ground,-12800,0,5
2026-09-16T11:07:47.126197198Z,14.736189,120.609963,Cloud to Ground,-11676,0,5
2026-09-16T11:07:47.214051025Z,14.736997,120.607357,Cloud to Ground,-6968,0,6
2026-09-16T11:07:46.980378286Z,14.792608,120.629213,Cloud to Cloud,9080,5658,8
2026-09-16T11:07:47.093858428Z,14.760647,120.644573,Cloud to Cloud,15295,18452,10
2026-09-16T11:07:46.500007417Z,10.991879,125.45674,Cloud to Cloud,15471,10099,8
2026-09-16T11:07:47.719568080Z,11.136441,125.514519,Cloud to Cloud,11287,16170,8
2026-09-16T11:07:48.667307735Z,14.821284,120.5971,Cloud to Ground,-66818,0,9
2026-09-16T11:07:48.816208496Z,14.764642,120.541106,Cloud to Ground,24374,0,10
2026-09-16T11:07:49.180239003Z,2.855394,116.108067,Cloud to Ground,33796,0,16
2026-09-16T11:07:49.324691767Z,2.900808,116.066932,Cloud to Ground,39975,0,18
2026-09-16T11:07:49.240180050Z,3.024374,116.053377,Cloud to Ground,-41425,0,10
2026-09-16T11:07:49.037686044Z,15.122528,120.725523,Cloud to Ground,16203,0,11
2026-09-16T11:07:50.218648267Z,2.907962,116.104777,Cloud to Ground,45916,0,29
2026-09-16T11:07:50.262341814Z,14.75717,120.604074,Cloud to Ground,-42934,0,10
2026-09-16T11:07:50.566363312Z,14.755209,120.602801,Cloud to Ground,-36841,0,10
2026-09-16T11:07:50.399654503Z,14.753187,120.605112,Cloud to Ground,-32746,0,10
2026-09-16T11:07:50.849964508Z,14.786968,120.708038,Cloud to Ground,-18828,0,8
2026-09-16T11:07:50.311669098Z,14.751486,120.611727,Cloud to Ground,-17742,0,9
2026-09-16T11:07:49.595936067Z,14.819956,120.602876,Cloud to Cloud,-17278,3008,8
2026-09-16T11:07:51.023146623Z,14.722922,120.607335,Cloud to Ground,-13900,0,9
2026-09-16T11:07:51.178076037Z,14.768129,120.663777,Cloud to Cloud,20873,3001,10
2026-09-16T11:07:50.645479000Z,14.8396,120.5018,Cloud to Ground,14375,0,5
2026-09-16T11:07:51.965340987Z,5.546977,118.906911,Cloud to Cloud,16995,3026,13
2026-09-16T11:07:51.904041640Z,5.540473,119.064683,Cloud to Ground,-19712,0,17
2026-09-16T11:07:52.024159297Z,5.538632,119.118913,Cloud to Ground,28844,0,14
2026-09-16T11:07:51.918445895Z,5.517114,119.105194,Cloud to Ground,66507,0,13
2026-09-16T11:07:51.896673065Z,14.752946,120.598259,Cloud to Ground,-28142,0,9
2026-09-16T11:07:52.533299508Z,14.369591,120.201141,Cloud to Ground,-32719,0,11
2026-09-16T11:07:52.308651773Z,14.353571,120.178529,Cloud to Ground,-28622,0,9
2026-09-16T11:07:52.430979782Z,14.368303,120.199175,Cloud to Ground,-22919,0,12
2026-09-16T11:07:52.360391693Z,14.368302,120.199652,Cloud to Ground,-21409,0,10
2026-09-16T11:07:52.754070169Z,14.369954,120.200407,Cloud to Ground,-19709,0,11
2026-09-16T11:07:52.663030936Z,14.36914,120.200157,Cloud to Ground,-14192,0,7
2026-09-16T11:07:52.816155352Z,14.85803,120.640846,Cloud to Cloud,-15111,4566,7
2026-09-16T11:07:53.077274329Z,14.679367,120.621277,Cloud to Ground,15094,0,10
2026-09-16T11:07:53.875157029Z,15.422808,120.366366,Cloud to Cloud,21133,3000,9
2026-09-16T11:07:55.927526121Z,14.671589,120.577048,Cloud to Ground,-14179,0,8
2026-09-16T11:07:56.921477464Z,16.199225,121.294741,Cloud to Cloud,39677,19919,10
2026-09-16T11:07:56.627446259Z,14.773309,120.661297,Cloud to Cloud,-13376,19817,7
2026-09-16T11:07:56.340057237Z,14.464634,120.374619,Cloud to Cloud,-9063,14364,13
2026-09-16T11:07:57.494564520Z,16.993733,120.135334,Cloud to Ground,-118931,0,14
2026-09-16T11:07:57.567558877Z,17.028994,120.142286,Cloud to Ground,-30400,0,7
2026-09-16T11:07:57.592870591Z,17.024022,120.151733,Cloud to Ground,-13635,0,10
2026-09-16T11:07:57.398546320Z,14.719225,120.586007,Cloud to Ground,-18727,0,7
2026-09-16T11:07:58.674871526Z,3.416713,116.35312,Cloud to Ground,41820,0,18
2026-09-16T11:07:58.786679612Z,14.807054,120.634388,Cloud to Cloud,-16197,7644,8
2026-09-16T11:07:59.428745995Z,14.868947,120.630684,Cloud to Cloud,9164,6691,7
2026-09-16T11:07:59.560205133Z,0.78197,111.457964,Cloud to Ground,-29215,0,19
2026-09-16T11:07:59.479160291Z,0.790554,111.470435,Cloud to Ground,20419,0,18
2026-09-16T11:07:59.444535000Z,0.8663,111.3724,Cloud to Ground,54528,0,7
2026-09-16T11:07:59.664446000Z,0.6916,111.5518,Cloud to Ground,97073,0,5
2026-09-16T11:08:00.017517464Z,3.368595,116.480596,Cloud to Ground,40186,0,22
2026-09-16T11:08:00.568635141Z,3.378993,116.305869,Cloud to Ground,26208,0,10
2026-09-16T11:08:00.058865991Z,14.653859,119.812962,Cloud to Ground,-48893,0,12
2026-09-16T11:08:00.101812538Z,14.692039,119.892174,Cloud to Ground,-19151,0,12
2026-09-16T11:08:00.085344781Z,14.667209,119.805567,Cloud to Ground,53923,0,6
2026-09-16T11:08:00.224904000Z,14.4034,120.0982,Cloud to Ground,11229,0,6
2026-09-16T11:08:00.688653023Z,16.33243,121.492085,Cloud to Ground,25159,0,12
2026-09-16T11:08:01.369015170Z,14.557271,120.696862,Cloud to Ground,-36133,0,5
2026-09-16T11:08:01.170287748Z,14.55919,120.683388,Cloud to Ground,-22986,0,11
2026-09-16T11:08:01.693470379Z,14.54946,120.696973,Cloud to Ground,-13089,0,9
2026-09-16T11:08:01.236078000Z,14.558973,120.691527,Cloud to Ground,-12305,0,7
2026-09-16T11:08:01.550725865Z,14.569094,120.790845,Cloud to Ground,-12645,0,11
2026-09-16T11:08:02.574305781Z,14.741505,120.522854,Cloud to Ground,23132,0,7
2026-09-16T11:08:03.230598491Z,15.720282,121.384307,Cloud to Ground,-15223,0,11
2026-09-16T11:08:03.059669239Z,15.699842,121.369464,Cloud to Cloud,-9967,15990,7
2026-09-16T11:08:03.165510407Z,14.803639,120.635428,Cloud to Ground,-22866,0,9
2026-09-16T11:08:03.082620759Z,14.816022,120.67886,Cloud to Ground,-17326,0,10
2026-09-16T11:08:03.894132066Z,14.745756,120.546331,Cloud to Ground,21979,0,11
2026-09-16T11:08:04.387211639Z,12.545332,123.883935,Cloud to Cloud,20869,4823,8
2026-09-16T11:08:05.110021095Z,10.577047,131.984526,Cloud to Ground,23254,0,15
2026-09-16T11:08:05.845486313Z,14.849406,120.59716,Cloud to Ground,-16451,0,8
2026-09-16T11:08:05.947676728Z,14.802302,120.609671,Cloud to Cloud,10920,16423,10
2026-09-16T11:08:05.593597972Z,14.7427,120.573122,Cloud to Ground,12728,0,11
2026-09-16T11:08:06.155014787Z,16.335195,121.579992,Cloud to Cloud,7394,5381,7
2026-09-16T11:08:06.568053892Z,14.842472,120.112754,Cloud to Ground,-20472,0,7
2026-09-16T11:08:06.871753039Z,14.807169,120.610268,Cloud to Ground,-57124,0,11
2026-09-16T11:08:07.003843789Z,14.839015,120.605498,Cloud to Ground,-26632,0,9
2026-09-16T11:08:07.299248494Z,14.730647,120.612342,Cloud to Cloud,10769,11100,9
2026-09-16T11:08:07.195154891Z,14.926028,120.583407,Cloud to Cloud,13556,3005,7
2026-09-16T11:08:06.798617055Z,14.717817,120.59012,Cloud to Cloud,14292,16429,8
2026-09-16T11:08:06.504097000Z,14.5677,119.706,Cloud to Ground,-28487,0,9
2026-09-16T11:08:07.159459368Z,14.869751,120.698611,Cloud to Ground,-27901,0,10
2026-09-16T11:08:07.749097249Z,14.347968,120.277746,Cloud to Cloud,15916,13272,6
2026-09-16T11:08:08.938508631Z,14.743608,120.570401,Cloud to Cloud,-16843,15404,8
2026-09-16T11:08:08.911673782Z,14.758564,120.559855,Cloud to Cloud,-12845,3003,8
2026-09-16T11:08:09.582410917Z,3.379944,116.305943,Cloud to Ground,29074,0,14
2026-09-16T11:08:09.518008648Z,14.839352,120.648347,Cloud to Ground,27363,0,9
2026-09-16T11:08:09.090378099Z,13.281884,124.132168,Cloud to Ground,-71731,0,6
2026-09-16T11:08:10.236590018Z,15.451411,120.238104,Cloud to Cloud,-19444,8541,8
2026-09-16T11:08:10.910669831Z,14.223729,120.281728,Cloud to Cloud,8236,19524,8
2026-09-16T11:08:10.747019415Z,14.286402,120.28875,Cloud to Ground,27325,0,8
2026-09-16T11:08:11.227648636Z,10.522275,130.219847,Cloud to Ground,-109642,0,11
2026-09-16T11:08:11.291227033Z,10.505857,130.33996,Cloud to Ground,-36318,0,15
2026-09-16T11:08:11.288090122Z,10.484966,130.286368,Cloud to Ground,-25211,0,10
2026-09-16T11:08:11.503848448Z,10.508997,130.278812,Cloud to Ground,-20345,0,11
2026-09-16T11:08:11.259946505Z,10.550586,130.364257,Cloud to Cloud,-14370,17120,9
2026-09-16T11:08:11.260483000Z,10.5281,130.2787,Cloud to Ground,284,0,7
2026-09-16T11:08:12.718328857Z,14.727002,120.594532,Cloud to Ground,-29167,0,10
2026-09-16T11:08:12.838673762Z,14.726797,120.589679,Cloud to Ground,-19122,0,12
2026-09-16T11:08:13.132270428Z,14.724288,120.582567,Cloud to Ground,-16625,0,6
2026-09-16T11:08:12.884811447Z,14.730884,120.594299,Cloud to Ground,-15333,0,10
2026-09-16T11:08:12.988925479Z,14.725639,120.589653,Cloud to Ground,-15236,0,8
2026-09-16T11:08:12.941592575Z,14.72801,120.592613,Cloud to Ground,-14986,0,9
2026-09-16T11:08:12.780171252Z,14.728691,120.591401,Cloud to Ground,-11417,0,9
2026-09-16T11:08:13.228907633Z,14.825872,120.598809,Cloud to Cloud,15280,19827,8
2026-09-16T11:08:12.801614362Z,14.752118,120.634436,Cloud to Cloud,17343,7642,10
2026-09-16T11:08:13.361401362Z,11.204763,125.572253,Cloud to Ground,-26878,0,6
2026-09-16T11:08:13.282090000Z,11.267,125.395,Cloud to Ground,-26936,0,11
2026-09-16T11:08:13.601621000Z,14.1507,119.8533,Cloud to Ground,-46135,0,7
2026-09-16T11:08:13.672690000Z,13.727,119.879,Cloud to Ground,-27598,0,6
2026-09-16T11:08:14.540221765Z,14.694284,120.724379,Cloud to Ground,-40190,0,6
2026-09-16T11:08:14.314788324Z,14.673501,120.633439,Cloud to Ground,-24899,0,12
2026-09-16T11:08:14.236140700Z,14.293114,120.136807,Cloud to Ground,-11596,0,9
2026-09-16T11:08:14.026352955Z,14.291394,120.133941,Cloud to Ground,-8562,0,5
2026-09-16T11:08:14.177724496Z,14.29145,120.137865,Cloud to Ground,-7503,0,5
2026-09-16T11:08:14.102826374Z,14.133909,120.158454,Cloud to Ground,51981,0,8
2026-09-16T11:08:16.686952509Z,14.744897,120.776938,Cloud to Cloud,7664,16209,7
2026-09-16T11:08:15.997921658Z,14.774714,120.643062,Cloud to Cloud,13137,5996,9
2026-09-16T11:08:16.452993734Z,14.832891,120.653628,Cloud to Ground,59818,0,12
2026-09-16T11:08:16.675091035Z,14.848371,120.547059,Cloud to Cloud,6042,3071,5
2026-09-16T11:08:16.904238704Z,11.612997,126.013803,Cloud to Cloud,11526,4886,7
2026-09-16T11:08:17.157164867Z,3.333926,116.357285,Cloud to Ground,-19579,0,11
2026-09-16T11:08:18.805654066Z,3.387125,116.40333,Cloud to Ground,-50844,0,19
2026-09-16T11:08:18.959714654Z,3.347718,116.270989,Cloud to Ground,-19434,0,10
2026-09-16T11:08:18.741002478Z,11.22829,133.450081,Cloud to Ground,-60702,0,14
2026-09-16T11:08:18.667851788Z,11.273425,133.436789,Cloud to Ground,-34547,0,13
2026-09-16T11:08:18.660711846Z,11.224209,133.468054,Cloud to Cloud,-21411,3227,17
2026-09-16T11:08:19.097791820Z,14.741159,120.563649,Cloud to Cloud,14224,6075,7
2026-09-16T11:08:19.531753245Z,14.767518,120.528193,Cloud to Ground,20836,0,5
2026-09-16T11:08:19.158080847Z,14.768494,120.537382,Cloud to Ground,24805,0,10
2026-09-16T11:08:20.643739597Z,14.951342,120.559581,Cloud to Cloud,-10612,17916,8
2026-09-16T11:08:20.658451953Z,14.904925,120.52433,Cloud to Cloud,10927,9810,7
2026-09-16T11:08:21.434920918Z,14.801214,120.632342,Cloud to Ground,-29092,0,8
2026-09-16T11:08:21.547063685Z,14.684953,120.603211,Cloud to Ground,-24399,0,11
2026-09-16T11:08:21.150464765Z,14.726804,120.580161,Cloud to Cloud,12663,3570,9
2026-09-16T11:08:21.122139605Z,14.686406,120.575982,Cloud to Cloud,12679,5792,7
2026-09-16T11:08:22.638844505Z,15.647833,120.683672,Cloud to Ground,-79910,0,14
2026-09-16T11:08:22.527958917Z,15.651189,120.67052,Cloud to Ground,-32813,0,9
2026-09-16T11:08:22.802546970Z,15.651128,120.679845,Cloud to Ground,-15968,0,9
2026-09-16T11:08:22.673630691Z,14.746968,120.603469,Cloud to Ground,-36267,0,10
2026-09-16T11:08:22.728586632Z,14.755325,120.603612,Cloud to Ground,-32110,0,10
2026-09-16T11:08:22.903074660Z,14.825692,120.75,Cloud to Ground,-22356,0,10
2026-09-16T11:08:22.837452151Z,14.800067,120.63577,Cloud to Ground,-20890,0,10
2026-09-16T11:08:23.073824623Z,14.843037,120.718178,Cloud to Ground,-16072,0,9
2026-09-16T11:08:23.119913277Z,14.830343,120.629578,Cloud to Cloud,-14805,7514,6
2026-09-16T11:08:23.395181988Z,14.838434,120.722074,Cloud to Ground,-13229,0,8
2026-09-16T11:08:23.370573101Z,14.891704,120.619017,Cloud to Cloud,15026,3092,7
2026-09-16T11:08:22.798156000Z,11.6261,124.9053,Cloud to Ground,-19827,0,5
2026-09-16T11:08:23.898483653Z,14.6568,120.705489,Cloud to Cloud,17536,7724,10
2026-09-16T11:08:25.779028844Z,14.650939,120.621649,Cloud to Cloud,-8783,8014,9
2026-09-16T11:08:25.211414079Z,13.920287,119.953292,Cloud to Ground,-9507,0,8
2026-09-16T11:08:25.418511649Z,13.918859,119.949261,Cloud to Ground,-7732,0,6
2026-09-16T11:08:26.149620442Z,11.292115,125.668428,Cloud to Ground,-52909,0,12
2026-09-16T11:08:26.644082428Z,15.302382,120.199468,Cloud to Cloud,18250,7966,7
2026-09-16T11:08:26.504838355Z,14.75678,120.518315,Cloud to Cloud,14633,14573,10
2026-09-16T11:08:26.699475018Z,14.850082,120.600046,Cloud to Ground,-8964,0,9
2026-09-16T11:08:26.667347356Z,14.761671,120.679603,Cloud to Cloud,9821,3014,6
2026-09-16T11:08:26.966298470Z,14.756569,120.64957,Cloud to Cloud,15685,5561,8
2026-09-16T11:08:26.075047153Z,14.779024,120.640464,Cloud to Ground,22787,0,8
2026-09-16T11:08:26.020897997Z,14.214958,120.038122,Cloud to Cloud,-11204,12918,6
2026-09-16T11:08:27.355063394Z,14.297678,120.268206,Cloud to Cloud,11451,3010,8
2026-09-16T11:08:27.895903024Z,14.81332,120.570569,Cloud to Cloud,-25945,5759,11
2026-09-16T11:08:28.350356413Z,14.880956,120.701563,Cloud to Cloud,19191,3008,10
2026-09-16T11:08:28.956152112Z,14.41053,120.759692,Cloud to Ground,18370,0,7
2026-09-16T11:08:29.687078710Z,15.451883,120.543668,Cloud to Cloud,6739,19562,6
2026-09-16T11:08:30.384773559Z,15.471188,120.446743,Cloud to Cloud,16849,4195,8
2026-09-16T11:08:30.029440213Z,14.76217,120.596123,Cloud to Ground,-78898,0,10
2026-09-16T11:08:30.377321612Z,14.743708,120.564801,Cloud to Cloud,17542,3411,8
2026-09-16T11:08:30.761429994Z,14.846256,120.807156,Cloud to Cloud,-20988,8591,8
2026-09-16T11:08:31.692925725Z,15.604249,121.176737,Cloud to Cloud,8828,4471,7
2026-09-16T11:08:31.903750142Z,14.423518,120.338818,Cloud to Ground,-18525,0,7
2026-09-16T11:08:32.280867777Z,3.34291,116.287457,Cloud to Ground,-21338,0,11
2026-09-16T11:08:32.788501385Z,10.472631,131.700167,Cloud to Cloud,19891,7950,9
2026-09-16T11:08:32.771086113Z,10.448074,131.755371,Cloud to Cloud,21464,14097,9
2026-09-16T11:08:32.278736375Z,14.478005,120.204507,Cloud to Cloud,8861,3133,6
2026-09-16T11:08:33.504995174Z,5.696458,119.043643,Cloud to Ground,63062,0,15
2026-09-16T11:08:33.930317067Z,14.704429,120.66959,Cloud to Cloud,9618,6207,7
2026-09-16T11:08:33.717173012Z,14.473463,120.576038,Cloud to Cloud,14945,3729,7
2026-09-16T11:08:34.096121133Z,17.017139,122.325298,Cloud to Ground,-19493,0,12
2026-09-16T11:08:35.862480294Z,14.680069,120.69198,Cloud to Cloud,3935,3018,6
2026-09-16T11:08:35.717502196Z,14.839642,120.579804,Cloud to Ground,-99323,0,12
2026-09-16T11:08:35.088887000Z,14.7393,120.5901,Cloud to Ground,-36557,0,6
2026-09-16T11:08:35.009328739Z,14.803316,120.639142,Cloud to Ground,-34607,0,12
2026-09-16T11:08:34.766676534Z,14.72812,120.617389,Cloud to Ground,-24417,0,9
2026-09-16T11:08:35.433669077Z,14.79927,120.637906,Cloud to Ground,-13936,0,10
2026-09-16T11:08:35.350595648Z,14.800873,120.643732,Cloud to Ground,-9677,0,6
2026-09-16T11:08:35.087294766Z,14.844677,120.658446,Cloud to Cloud,5160,19804,7
2026-09-16T11:08:34.796809633Z,14.850766,120.693085,Cloud to Cloud,18870,3001,10
2026-09-16T11:08:35.220332617Z,14.824161,120.694293,Cloud to Ground,31727,0,9
2026-09-16T11:08:36.119114882Z,3.500102,116.407136,Cloud to Ground,17661,0,7
2026-09-16T11:08:36.610368190Z,3.373425,116.356495,Cloud to Ground,-20215,0,18
2026-09-16T11:08:36.123717851Z,3.407818,116.381943,Cloud to Ground,-19479,0,18
2026-09-16T11:08:36.172155668Z,3.363509,116.376004,Cloud to Ground,23125,0,14
2026-09-16T11:08:36.807812014Z,3.37099,116.367752,Cloud to Ground,23470,0,7
2026-09-16T11:08:36.075988730Z,3.35544,116.414541,Cloud to Ground,108494,0,17
2026-09-16T11:08:36.699196679Z,15.097042,120.534918,Cloud to Cloud,14933,15077,8
2026-09-16T11:08:36.740124445Z,15.27746,120.543345,Cloud to Cloud,-12810,7774,6
2026-09-16T11:08:36.668500018Z,15.274288,120.440846,Cloud to Cloud,14159,7212,8
2026-09-16T11:08:37.430765243Z,14.759782,120.599557,Cloud to Ground,-44277,0,10
2026-09-16T11:08:37.794046000Z,14.3202,120.0225,Cloud to Ground,-27802,0,6
2026-09-16T11:08:38.655015824Z,14.816922,119.946188,Cloud to Cloud,5681,19842,6
2026-09-16T11:08:38.595892418Z,14.712722,120.016707,Cloud to Cloud,20046,13755,10
2026-09-16T11:08:39.229277554Z,14.79748,120.721192,Cloud to Ground,-36282,0,9
2026-09-16T11:08:39.862024944Z,14.96516,120.596942,Cloud to Ground,-102793,0,10
2026-09-16T11:08:39.914926000Z,14.5705,120.1379,Cloud to Ground,-16716,0,8
2026-09-16T11:08:39.748251818Z,11.33402,121.454264,Cloud to Cloud,37594,3030,11
2026-09-16T11:08:40.651188310Z,3.359591,116.353987,Cloud to Ground,-30370,0,13
2026-09-16T11:08:40.436940110Z,14.553606,120.280363,Cloud to Ground,-8237,0,8
2026-09-16T11:08:40.016470606Z,14.587977,120.397599,Cloud to Ground,-24055,0,7
2026-09-16T11:08:39.987506126Z,14.564151,120.377472,Cloud to Ground,-20722,0,7
2026-09-16T11:08:40.511202447Z,14.675001,120.678029,Cloud to Ground,-30052,0,8
2026-09-16T11:08:40.372073000Z,14.9071,120.5217,Cloud to Ground,-20512,0,6
2026-09-16T11:08:41.728345142Z,14.717062,120.563211,Cloud to Cloud,7086,3007,7
2026-09-16T11:08:41.414319930Z,14.745951,120.556546,Cloud to Cloud,10908,17785,7
2026-09-16T11:08:41.147535092Z,14.720312,120.564281,Cloud to Ground,34808,0,10
2026-09-16T11:08:42.026421998Z,15.863972,121.356192,Cloud to Ground,-99961,0,14
2026-09-16T11:08:42.912073472Z,13.871473,119.938129,Cloud to Cloud,-16416,7744,8
2026-09-16T11:08:43.312614312Z,15.830787,121.358796,Cloud to Cloud,-15315,17060,12
2026-09-16T11:08:43.876256801Z,14.660157,119.781538,Cloud to Cloud,7307,13296,7
2026-09-16T11:08:43.865263027Z,14.654768,119.784123,Cloud to Ground,26199,0,9
2026-09-16T11:08:43.370681803Z,14.800041,120.709729,Cloud to Ground,-21982,0,10
2026-09-16T11:08:44.047152280Z,14.748358,120.693146,Cloud to Cloud,8990,7968,7
2026-09-16T11:08:43.328847155Z,15.720652,121.380588,Cloud to Cloud,4547,19010,6
2026-09-16T11:08:44.505372077Z,4.016717,116.186893,Cloud to Ground,25936,0,14
2026-09-16T11:08:44.366651522Z,15.441209,120.619034,Cloud to Cloud,-21133,18808,8
2026-09-16T11:08:45.673789258Z,14.769818,120.585372,Cloud to Ground,-36373,0,8
2026-09-16T11:08:45.857123369Z,14.79893,120.613248,Cloud to Cloud,5336,14088,6
2026-09-16T11:08:46.136159764Z,14.401699,120.643229,Cloud to Cloud,16720,8242,6
2026-09-16T11:08:46.440096443Z,14.763769,120.710934,Cloud to Cloud,-19162,19176,9
2026-09-16T11:08:46.409929215Z,14.765467,120.708633,Cloud to Cloud,-7647,5617,7
2026-09-16T11:08:46.829416597Z,14.771118,120.620631,Cloud to Cloud,-6331,7571,6
2026-09-16T11:08:47.085807048Z,14.790314,120.544662,Cloud to Cloud,15877,3220,6
2026-09-16T11:08:47.279846664Z,14.638114,120.328914,Cloud to Cloud,15386,6267,9
2026-09-16T11:08:47.228720963Z,14.672644,120.671381,Cloud to Cloud,14741,17336,12
2026-09-16T11:08:47.956113227Z,14.657222,120.591496,Cloud to Ground,-23047,0,12
2026-09-16T11:08:48.298856877Z,14.654656,120.583116,Cloud to Ground,-16028,0,8
2026-09-16T11:08:47.457455581Z,12.463677,122.181572,Cloud to Cloud,18092,11559,9
2026-09-16T11:08:48.709154666Z,14.804396,120.707731,Cloud to Ground,-33771,0,8
2026-09-16T11:08:48.366840467Z,14.678265,120.696292,Cloud to Ground,-16041,0,6
2026-09-16T11:08:48.970420579Z,14.772072,120.606423,Cloud to Ground,-12039,0,9
2026-09-16T11:08:49.070749674Z,14.770178,120.603929,Cloud to Ground,-7220,0,7
2026-09-16T11:08:49.752086702Z,11.213964,125.552985,Cloud to Ground,-14674,0,6
2026-09-16T11:08:50.247439742Z,14.650303,120.607913,Cloud to Cloud,-13724,16244,6
2026-09-16T11:08:49.936761193Z,14.785648,120.611149,Cloud to Cloud,-11889,4434,7
2026-09-16T11:08:50.250699446Z,14.81976,120.599578,Cloud to Ground,16506,0,10
2026-09-16T11:08:51.972838054Z,14.290508,120.136176,Cloud to Ground,-11401,0,5
2026-09-16T11:08:51.718498663Z,14.796132,119.969422,Cloud to Ground,-20150,0,7
2026-09-16T11:08:51.254835294Z,14.937552,120.592163,Cloud to Ground,-21084,0,8
2026-09-16T11:08:51.796834598Z,14.841217,120.077407,Cloud to Ground,-15454,0,10
2026-09-16T11:08:51.528179832Z,14.905125,120.018171,Cloud to Cloud,10248,3225,8
2026-09-16T11:08:51.192387484Z,14.848943,120.550696,Cloud to Cloud,-10900,7763,11
2026-09-16T11:08:51.329456452Z,15.076948,120.805733,Cloud to Ground,-13358,0,9
2026-09-16T11:08:51.700003511Z,11.728493,126.087559,Cloud to Ground,13975,0,9
2026-09-16T11:08:52.138608941Z,14.328528,120.234316,Cloud to Ground,-44819,0,10
2026-09-16T11:08:52.675528086Z,14.918365,120.479733,Cloud to Ground,-9849,0,8
2026-09-16T11:08:53.760327541Z,15.311294,120.570581,Cloud to Cloud,10997,3070,7
2026-09-16T11:08:53.415467000Z,10.5525,130.1176,Cloud to Ground,283,0,6
2026-09-16T11:08:54.992021799Z,3.327612,116.343773,Cloud to Ground,-21148,0,12
2026-09-16T11:08:54.572358498Z,14.760011,120.704043,Cloud to Ground,-25105,0,10
2026-09-16T11:08:54.330736738Z,14.794583,120.711346,Cloud to Cloud,20449,3007,8
2026-09-16T11:08:54.312779764Z,15.349754,120.203588,Cloud to Cloud,-8574,7266,7
2026-09-16T11:08:54.331708816Z,14.728197,120.606024,Cloud to Ground,-45383,0,13
2026-09-16T11:08:54.471109830Z,14.733987,120.603356,Cloud to Ground,-21316,0,9
2026-09-16T11:08:54.579588394Z,14.726296,120.604728,Cloud to Ground,-18165,0,9
2026-09-16T11:08:54.627683818Z,14.726717,120.607225,Cloud to Ground,-13652,0,9
2026-09-16T11:08:54.687914459Z,14.727111,120.60634,Cloud to Ground,-10237,0,7
2026-09-16T11:08:53.650482651Z,14.741714,120.576096,Cloud to Ground,37052,0,8
2026-09-16T11:08:54.260176000Z,14.9813,120.7198,Cloud to Ground,-14602,0,8
2026-09-16T11:08:54.022298291Z,16.166365,121.080851,Cloud to Cloud,-13675,6674,6
2026-09-16T11:08:57.742814131Z,14.672665,120.677631,Cloud to Cloud,6312,16399,5
2026-09-16T11:08:57.145901000Z,14.7899,120.5701,Cloud to Ground,-14661,0,6
2026-09-16T11:08:57.045413982Z,14.725162,120.598383,Cloud to Cloud,18766,5898,8
2026-09-16T11:08:59.068563228Z,3.323494,116.40461,Cloud to Ground,98726,0,15
2026-09-16T11:08:59.104543253Z,3.353361,116.304043,Cloud to Ground,-28674,0,11
2026-09-16T11:08:59.482739754Z,3.37365,116.246649,Cloud to Cloud,12984,3005,10
2026-09-16T11:08:59.440581104Z,3.388975,116.334063,Cloud to Ground,43613,0,14
2026-09-16T11:08:59.296563033Z,14.849693,120.639063,Cloud to Cloud,23103,19615,9
2026-09-16T11:08:59.511077145Z,14.743849,120.698502,Cloud to Cloud,-11725,16934,6
2026-09-16T11:08:59.423595008Z,14.690392,120.703927,Cloud to Cloud,9036,7894,7
2026-09-16T11:08:59.547382341Z,14.678452,119.798379,Cloud to Ground,-20935,0,10
2026-09-16T11:08:59.856953585Z,14.659444,119.785253,Cloud to Ground,-8356,0,8
2026-09-16T11:09:00.488583343Z,11.245805,125.659197,Cloud to Ground,-32362,0,8
2026-09-16T11:09:02.857555186Z,10.521475,130.285467,Cloud to Ground,-15448,0,8
2026-09-16T11:09:02.262247773Z,14.741127,120.608565,Cloud to Ground,-13631,0,11
2026-09-16T11:09:03.365633014Z,14.909503,120.646248,Cloud to Ground,-16768,0,7
2026-09-16T11:09:03.669659704Z,14.86005,120.57176,Cloud to Ground,13386,0,10
2026-09-16T11:09:02.667626079Z,14.853909,120.615506,Cloud to Ground,17041,0,10
2026-09-16T11:09:03.104688541Z,14.354759,120.182675,Cloud to Cloud,8496,3003,5
2026-09-16T11:09:03.566866520Z,14.78924,120.711817,Cloud to Ground,-29537,0,10
2026-09-16T11:09:03.806855212Z,14.769361,120.704124,Cloud to Ground,-25895,0,12
2026-09-16T11:09:03.535223000Z,14.791,120.6888,Cloud to Ground,-16575,0,6
2026-09-16T11:09:03.918302702Z,14.735784,120.600595,Cloud to Ground,-16390,0,10
2026-09-16T11:09:03.989947571Z,14.734389,120.602625,Cloud to Ground,-13719,0,7
2026-09-16T11:09:03.542334801Z,14.761842,120.589978,Cloud to Cloud,16332,3079,10
2026-09-16T11:09:03.357386240Z,14.755408,120.612169,Cloud to Ground,17227,0,9
2026-09-16T11:09:03.862628040Z,14.762246,120.651247,Cloud to Cloud,17326,3002,11
2026-09-16T11:09:03.517369249Z,14.740137,120.552601,Cloud to Ground,54443,0,7
2026-09-16T11:09:03.807314000Z,15.6831,121.5159,Cloud to Ground,30758,0,7
2026-09-16T11:09:04.151533154Z,14.173123,120.25,Cloud to Ground,12714,0,8
2026-09-16T11:09:04.445267602Z,13.935742,120.082149,Cloud to Cloud,17561,3705,7
2026-09-16T11:09:04.298747635Z,15.440617,120.22661,Cloud to Ground,-32110,0,12
2026-09-16T11:09:04.884115386Z,14.470654,120.617995,Cloud to Cloud,31922,3002,7
2026-09-16T11:09:04.902912000Z,11.5116,124.3038,Cloud to Ground,12715,0,12
2026-09-16T11:09:05.183807921Z,11.547291,124.390821,Cloud to Ground,-27191,0,18
2026-09-16T11:09:05.164805000Z,11.5982,124.4165,Cloud to Ground,8465,0,5
2026-09-16T11:09:06.340259157Z,14.783771,120.647264,Cloud to Ground,-17319,0,8
2026-09-16T11:09:06.393406109Z,14.62231,120.592987,Cloud to Cloud,11187,17429,10
2026-09-16T11:09:07.679788293Z,3.39183,116.318448,Cloud to Ground,41422,0,19
2026-09-16T11:09:08.395259145Z,14.803009,120.631247,Cloud to Cloud,-10427,18553,10
2026-09-16T11:09:08.154633987Z,14.730792,120.699417,Cloud to Cloud,8485,8754,7
2026-09-16T11:09:07.922741323Z,14.785272,120.65039,Cloud to Ground,42058,0,10
2026-09-16T11:09:08.109835875Z,14.801662,120.523545,Cloud to Cloud,6905,7619,5
2026-09-16T11:09:07.935523371Z,14.770161,120.515303,Cloud to Ground,43058,0,8
2026-09-16T11:09:08.849309933Z,14.343057,120.242206,Cloud to Cloud,11128,15036,6
2026-09-16T11:09:08.284179581Z,12.53813,123.875096,Cloud to Cloud,27303,5174,8
2026-09-16T11:09:09.772351835Z,15.411253,120.192883,Cloud to Cloud,-13609,10329,8
2026-09-16T11:09:09.794930291Z,14.734289,120.591204,Cloud to Ground,20303,0,10
2026-09-16T11:09:09.216492358Z,14.798946,120.722323,Cloud to Cloud,-13840,4232,8
2026-09-16T11:09:09.102292192Z,11.321888,125.697671,Cloud to Ground,-28712,0,8
2026-09-16T11:09:09.154439048Z,11.332935,125.719475,Cloud to Ground,-21756,0,8
2026-09-16T11:09:09.262545000Z,11.1757,125.5893,Cloud to Ground,-5650,0,8
2026-09-16T11:09:09.453367000Z,11.6202,124.3242,Cloud to Ground,-21882,0,8
2026-09-16T11:09:10.741100265Z,10.303251,133.687283,Cloud to Cloud,13420,16696,12
2026-09-16T11:09:11.762432071Z,5.540966,119.153019,Cloud to Ground,-23080,0,14
2026-09-16T11:09:11.729675521Z,5.512648,119.167428,Cloud to Ground,54899,0,19
2026-09-16T11:09:11.871820546Z,14.747056,120.551339,Cloud to Cloud,-11362,19877,5
2026-09-16T11:09:11.967629550Z,14.756503,120.645686,Cloud to Cloud,29527,3001,8
2026-09-16T11:09:12.631980787Z,14.226317,120.13537,Cloud to Ground,-24880,0,10
2026-09-16T11:09:12.687432391Z,14.227952,120.142501,Cloud to Ground,-19913,0,9
2026-09-16T11:09:12.590206204Z,16.237098,121.664494,Cloud to Ground,-9816,0,7
2026-09-16T11:09:12.546065000Z,14.5659,120.2227,Cloud to Ground,-5371,0,7
2026-09-16T11:09:13.328604575Z,0.807396,111.492406,Cloud to Ground,17772,0,13
2026-09-16T11:09:13.248079979Z,0.789248,111.488539,Cloud to Ground,116363,0,22
2026-09-16T11:09:13.490643463Z,14.609163,120.660247,Cloud to Ground,49690,0,10
2026-09-16T11:09:13.651776015Z,14.719396,120.612044,Cloud to Ground,-33895,0,11
2026-09-16T11:09:13.993750175Z,14.719104,120.612795,Cloud to Ground,-9625,0,7
2026-09-16T11:09:13.704072252Z,14.74336,120.649065,Cloud to Cloud,20494,7342,10
2026-09-16T11:09:14.942907429Z,14.929038,120.589124,Cloud to Cloud,22066,3013,11
2026-09-16T11:09:15.477623354Z,15.020151,120.522438,Cloud to Cloud,11458,3037,6
2026-09-16T11:09:15.451204409Z,15.016162,120.522356,Cloud to Cloud,11604,3005,10
2026-09-16T11:09:16.618891009Z,14.750121,120.604356,Cloud to Ground,-10076,0,8
2026-09-16T11:09:15.990902021Z,14.793944,120.666003,Cloud to Ground,36966,0,7
2026-09-16T11:09:15.117369486Z,15.860222,120.682353,Cloud to Cloud,-27073,4690,7
2026-09-16T11:09:16.656449376Z,15.529188,120.719781,Cloud to Ground,-19532,0,11
2026-09-16T11:09:16.390059110Z,14.62224,120.627231,Cloud to Cloud,7086,4499,5
2026-09-16T11:09:16.049628145Z,14.611524,120.76403,Cloud to Cloud,-7343,6129,7
2026-09-16T11:09:16.134758531Z,12.407288,123.890895,Cloud to Cloud,24679,3335,10
2026-09-16T11:09:17.541809553Z,14.834791,120.568313,Cloud to Ground,-13575,0,10
2026-09-16T11:09:17.850736889Z,14.822511,120.54993,Cloud to Cloud,8109,14271,9
2026-09-16T11:09:18.071673283Z,14.760328,120.674708,Cloud to Cloud,-21381,3000,11
2026-09-16T11:09:19.362230699Z,2.792748,116.12577,Cloud to Ground,143359,0,16
2026-09-16T11:09:19.069532110Z,14.36005,120.227595,Cloud to Cloud,-7454,6418,5
2026-09-16T11:09:19.427177369Z,14.669728,120.595461,Cloud to Ground,-31223,0,10
2026-09-16T11:09:19.283995067Z,14.755428,120.601327,Cloud to Cloud,16907,3030,10
2026-09-16T11:09:19.091857542Z,14.749263,120.600476,Cloud to Ground,18554,0,8
2026-09-16T11:09:19.327807932Z,14.860662,120.576148,Cloud to Cloud,8049,4281,7
2026-09-16T11:09:19.653624290Z,14.692767,120.705369,Cloud to Ground,-24799,0,8
2026-09-16T11:09:19.546445696Z,14.704514,120.708306,Cloud to Ground,-18785,0,10
2026-09-16T11:09:19.269361000Z,3.4817,116.4788,Cloud to Ground,-6909,0,7
2026-09-16T11:09:20.947259319Z,14.298698,120.138125,Cloud to Ground,-14544,0,6
2026-09-16T11:09:20.377343565Z,14.779539,120.681618,Cloud to Ground,23710,0,10
2026-09-16T11:09:20.927117996Z,13.278567,124.13283,Cloud to Ground,-59119,0,10
2026-09-16T11:09:21.899444335Z,6.783698,123.422923,Cloud to Ground,145371,0,21
2026-09-16T11:09:21.197739400Z,14.503231,120.587229,Cloud to Cloud,17312,3134,9
2026-09-16T11:09:21.971438452Z,14.728326,120.720957,Cloud to Cloud,21487,14630,7
2026-09-16T11:09:21.985817736Z,11.157329,125.622872,Cloud to Cloud,18404,19752,10
2026-09-16T11:09:22.816126144Z,14.686541,119.782373,Cloud to Ground,-21654,0,5
2026-09-16T11:09:22.895276298Z,14.681739,119.783748,Cloud to Ground,-15873,0,5
2026-09-16T11:09:22.571033899Z,15.894269,121.326527,Cloud to Ground,-30526,0,7
2026-09-16T11:09:22.911884712Z,16.323,121.481305,Cloud to Cloud,14439,7429,7
2026-09-16T11:09:22.542806829Z,16.184814,121.502865,Cloud to Cloud,11150,6516,11
2026-09-16T11:09:22.609938231Z,16.206582,121.507037,Cloud to Cloud,11832,19056,10
2026-09-16T11:09:24.319228000Z,10.2795,132.863,Cloud to Ground,10448,0,5
2026-09-16T11:09:24.318658401Z,10.206005,132.907459,Cloud to Ground,32038,0,10
2026-09-16T11:09:24.959235602Z,14.560175,120.2668,Cloud to Ground,-62667,0,12
2026-09-16T11:09:24.550166000Z,11.3064,125.3916,Cloud to Ground,-20070,0,5
2026-09-16T11:09:25.311728058Z,10.571557,132.000631,Cloud to Ground,-34734,0,12
2026-09-16T11:09:25.367476141Z,14.593703,120.3713,Cloud to Ground,-33243,0,6
2026-09-16T11:09:25.479688365Z,14.837338,120.614261,Cloud to Ground,-20881,0,12
2026-09-16T11:09:24.592764712Z,14.838109,120.641785,Cloud to Ground,-19776,0,7
2026-09-16T11:09:24.350127832Z,14.863069,120.723473,Cloud to Ground,-18035,0,10
2026-09-16T11:09:24.834667344Z,14.837332,120.621429,Cloud to Ground,-17790,0,6
2026-09-16T11:09:24.931853499Z,14.836674,120.612009,Cloud to Ground,-17668,0,7
2026-09-16T11:09:25.922592227Z,14.687134,120.682795,Cloud to Cloud,14638,14356,13
2026-09-16T11:09:25.903495483Z,14.7824,120.691802,Cloud to Ground,-19413,0,14
2026-09-16T11:09:26.898777120Z,14.765709,120.577067,Cloud to Cloud,11295,3024,8
2026-09-16T11:09:26.269543218Z,14.80729,120.62943,Cloud to Cloud,18694,16323,8
2026-09-16T11:09:25.295547000Z,14.6164,120.1574,Cloud to Ground,-14482,0,5
2026-09-16T11:09:26.057709692Z,10.609568,131.801357,Cloud to Ground,-35069,0,17
2026-09-16T11:09:26.181139608Z,10.535184,132.012287,Cloud to Ground,-25852,0,16
2026-09-16T11:09:26.147197000Z,10.6392,131.9544,Cloud to Ground,-14504,0,9
2026-09-16T11:09:26.406082000Z,10.5264,131.8476,Cloud to Ground,-32685,0,6
2026-09-16T11:09:26.216091000Z,10.4552,131.9626,Cloud to Ground,36151,0,5
2026-09-16T11:09:26.549237131Z,12.594346,124.012834,Cloud to Ground,70330,0,8
2026-09-16T11:09:28.437054591Z,14.762538,120.628236,Cloud to Cloud,-7233,3979,6
2026-09-16T11:09:28.313743962Z,14.692065,120.656208,Cloud to Cloud,9999,7650,9
2026-09-16T11:09:28.503446470Z,14.788655,120.63806,Cloud to Ground,17031,0,7
2026-09-16T11:09:29.079697362Z,14.300166,120.237642,Cloud to Cloud,-15421,3010,10
2026-09-16T11:09:29.671564910Z,14.707994,120.614195,Cloud to Ground,12803,0,9
2026-09-16T11:09:29.456984602Z,14.785092,120.534869,Cloud to Cloud,-10592,15205,8
2026-09-16T11:09:29.225908412Z,14.781084,120.544048,Cloud to Cloud,6046,16818,9
2026-09-16T11:09:30.601881825Z,3.381116,116.356704,Cloud to Ground,-28158,0,13
2026-09-16T11:09:30.696207704Z,14.756716,120.588773,Cloud to Ground,-18357,0,9
2026-09-16T11:09:30.705347664Z,14.807129,120.611389,Cloud to Ground,-14487,0,6
2026-09-16T11:09:30.725284168Z,14.806748,120.615722,Cloud to Ground,-12665,0,7
2026-09-16T11:09:31.390187821Z,15.740772,121.428089,Cloud to Cloud,14800,3006,9
2026-09-16T11:09:31.413535504Z,14.71781,120.598701,Cloud to Cloud,26272,13048,6
2026-09-16T11:09:32.614406238Z,14.379359,120.333934,Cloud to Ground,-34991,0,8
2026-09-16T11:09:32.342891295Z,14.485608,120.233551,Cloud to Ground,-21060,0,22
2026-09-16T11:09:32.689982669Z,14.496968,120.24148,Cloud to Ground,-18847,0,16
2026-09-16T11:09:32.730154877Z,14.684533,120.682341,Cloud to Cloud,10835,18032,12
2026-09-16T11:09:32.736623255Z,14.775757,120.636755,Cloud to Ground,-16178,0,10
2026-09-16T11:09:32.416753653Z,14.749536,120.594593,Cloud to Cloud,-7425,3329,7
2026-09-16T11:09:32.546602792Z,14.744543,120.587915,Cloud to Ground,32324,0,10
2026-09-16T11:09:32.411256233Z,14.355592,120.225517,Cloud to Ground,-17619,0,10
2026-09-16T11:09:32.530539771Z,14.354764,120.23272,Cloud to Ground,-9491,0,6
2026-09-16T11:09:33.408607252Z,13.102662,123.885048,Cloud to Cloud,16243,3039,11
2026-09-16T11:09:33.409936017Z,13.105802,123.889058,Cloud to Cloud,34913,15772,8
2026-09-16T11:09:33.813296736Z,14.422205,120.286843,Cloud to Cloud,-7311,13457,7
2026-09-16T11:09:33.853811609Z,14.320946,120.197842,Cloud to Cloud,-11564,13262,8
2026-09-16T11:09:34.025198769Z,14.28298,120.243049,Cloud to Cloud,11685,8432,8
2026-09-16T11:09:35.438354347Z,10.470037,130.150937,Cloud to Ground,-34641,0,16
2026-09-16T11:09:35.693336304Z,14.645659,120.631067,Cloud to Cloud,12706,7738,7
2026-09-16T11:09:36.358886908Z,14.82813,120.618376,Cloud to Ground,-28848,0,7
2026-09-16T11:09:36.523603357Z,14.858622,120.571501,Cloud to Ground,-15176,0,10
2026-09-16T11:09:35.666452654Z,14.847981,120.611466,Cloud to Ground,-10999,0,9
2026-09-16T11:09:35.643512421Z,14.844904,120.611146,Cloud to Cloud,-7366,17612,10
2026-09-16T11:09:36.303115000Z,10.3921,130.2856,Cloud to Ground,27303,0,5
2026-09-16T11:09:37.725843449Z,3.377808,116.31044,Cloud to Ground,25381,0,23
2026-09-16T11:09:37.172220032Z,15.32173,120.259552,Cloud to Cloud,12457,17148,12
2026-09-16T11:09:38.542995921Z,14.616183,120.752967,Cloud to Ground,-55274,0,8
2026-09-16T11:09:38.780894853Z,14.616024,120.790048,Cloud to Ground,-18818,0,11
2026-09-16T11:09:38.230171017Z,14.956866,120.621119,Cloud to Cloud,-5958,15296,6
2026-09-16T11:09:39.383197732Z,15.195646,120.687391,Cloud to Cloud,-25428,14179,11
2026-09-16T11:09:39.714503237Z,14.75191,120.601113,Cloud to Cloud,7389,14075,6
2026-09-16T11:09:39.808806493Z,14.74933,120.594379,Cloud to Cloud,14426,16050,12
2026-09-16T11:09:39.901723212Z,14.770115,120.586536,Cloud to Cloud,16892,3000,7
2026-09-16T11:09:39.758541618Z,14.772741,120.520935,Cloud to Ground,32506,0,9
2026-09-16T11:09:39.362301000Z,15.5519,121.4181,Cloud to Ground,17918,0,7
2026-09-16T11:09:40.052909733Z,14.887942,120.664002,Cloud to Cloud,9083,12545,7
2026-09-16T11:09:41.560667752Z,16.018605,121.576165,Cloud to Ground,47342,0,7
2026-09-16T11:09:41.104605801Z,14.737576,120.555224,Cloud to Cloud,10428,5026,9
2026-09-16T11:09:41.532437104Z,15.701478,121.503211,Cloud to Cloud,-12175,5936,8
2026-09-16T11:09:42.694168977Z,7.714407,118.321184,Cloud to Ground,-106641,0,12
2026-09-16T11:09:43.264803422Z,14.854035,120.540127,Cloud to Cloud,-13812,6596,6
2026-09-16T11:09:43.218880412Z,14.87026,120.568751,Cloud to Ground,-12102,0,8
2026-09-16T11:09:43.960751425Z,16.248908,121.792933,Cloud to Ground,-46105,0,9
2026-09-16T11:09:44.918862724Z,13.923197,119.952112,Cloud to Ground,-10003,0,5
2026-09-16T11:09:44.993815495Z,13.881246,119.946661,Cloud to Ground,-8718,0,7
2026-09-16T11:09:44.713541228Z,16.238286,121.474385,Cloud to Cloud,11011,9128,9
2026-09-16T11:09:44.123953252Z,16.22247,121.682434,Cloud to Ground,-25628,0,11
2026-09-16T11:09:44.053856326Z,16.287741,121.708235,Cloud to Ground,-23811,0,12
2026-09-16T11:09:44.404805294Z,16.219513,121.673936,Cloud to Ground,-22234,0,9
2026-09-16T11:09:44.692241573Z,16.223114,121.680244,Cloud to Ground,-20162,0,10
2026-09-16T11:09:44.595218838Z,16.210367,121.678178,Cloud to Ground,-15150,0,8
2026-09-16T11:09:45.145290329Z,16.222728,121.683773,Cloud to Ground,-13696,0,11
2026-09-16T11:09:44.617516920Z,16.185694,121.672861,Cloud to Ground,-13198,0,8
2026-09-16T11:09:44.643492521Z,16.22106,121.672725,Cloud to Ground,-9585,0,5
2026-09-16T11:09:44.405695025Z,16.335047,121.760484,Cloud to Ground,-9160,0,7
2026-09-16T11:09:44.462408646Z,16.221619,121.678925,Cloud to Ground,-8853,0,5
2026-09-16T11:09:44.092429401Z,14.567832,120.269871,Cloud to Ground,-9962,0,7
2026-09-16T11:09:45.308685403Z,14.732909,120.593967,Cloud to Ground,-41456,0,9
2026-09-16T11:09:45.342773003Z,14.773726,120.709596,Cloud to Ground,-21023,0,8
2026-09-16T11:09:45.016970837Z,14.72913,120.718941,Cloud to Cloud,55093,3001,7
2026-09-16T11:09:46.019875197Z,3.31204,116.404876,Cloud to Ground,68130,0,17
2026-09-16T11:09:46.318315923Z,15.934689,121.382785,Cloud to Cloud,-16567,13906,10
2026-09-16T11:09:46.119699726Z,15.837157,121.365548,Cloud to Ground,-28964,0,11
2026-09-16T11:09:46.156897468Z,15.838612,121.366061,Cloud to Ground,-13961,0,12
2026-09-16T11:09:47.159039934Z,5.830977,119.078739,Cloud to Cloud,12094,10901,12
2026-09-16T11:09:47.733772363Z,14.275774,120.022066,Cloud to Ground,-40829,0,11
2026-09-16T11:09:47.765714099Z,14.295857,120.141732,Cloud to Ground,-40515,0,12
2026-09-16T11:09:48.652999000Z,14.8198,120.4935,Cloud to Ground,14627,0,6
2026-09-16T11:09:49.643489820Z,11.2395,125.582479,Cloud to Ground,-27403,0,9
2026-09-16T11:09:49.584329530Z,11.23243,125.569036,Cloud to Ground,-14040,0,7
2026-09-16T11:09:49.734389000Z,11.1884,125.4808,Cloud to Ground,-31757,0,7
2026-09-16T11:09:50.754465657Z,14.731018,120.299536,Cloud to Ground,-35514,0,8
2026-09-16T11:09:50.645155000Z,14.3556,119.9364,Cloud to Ground,-52008,0,8
2026-09-16T11:09:50.674595752Z,11.135066,125.522934,Cloud to Ground,-21169,0,9
2026-09-16T11:09:51.138441422Z,14.580998,120.274395,Cloud to Ground,-21786,0,9
2026-09-16T11:09:51.254339978Z,14.603233,120.294523,Cloud to Cloud,17598,10813,6
2026-09-16T11:09:51.078234500Z,14.623436,120.392399,Cloud to Ground,-24756,0,9
2026-09-16T11:09:51.420041906Z,14.629653,120.407964,Cloud to Ground,-23211,0,6
2026-09-16T11:09:52.661284945Z,14.612758,120.585255,Cloud to Ground,-17849,0,10
2026-09-16T11:09:52.453157872Z,14.407074,120.342292,Cloud to Ground,-54804,0,8
2026-09-16T11:09:52.397024359Z,14.412339,120.335682,Cloud to Ground,-48678,0,10
2026-09-16T11:09:52.509021303Z,14.424198,120.330226,Cloud to Ground,-26212,0,8
2026-09-16T11:09:52.828459111Z,14.380512,120.228227,Cloud to Ground,-21388,0,11
2026-09-16T11:09:52.971338155Z,14.38141,120.227247,Cloud to Ground,-16045,0,9
2026-09-16T11:09:52.330505349Z,14.396889,120.240519,Cloud to Cloud,15885,3012,6
2026-09-16T11:09:53.324192455Z,14.726488,120.643854,Cloud to Cloud,15313,3134,9
2026-09-16T11:09:53.398548279Z,14.636503,120.694541,Cloud to Ground,-26289,0,10
2026-09-16T11:09:53.015996058Z,14.642453,120.78304,Cloud to Cloud,14073,3606,7
2026-09-16T11:09:54.910488942Z,14.339678,120.238607,Cloud to Ground,-47695,0,8
2026-09-16T11:09:54.821586239Z,14.330392,120.229604,Cloud to Ground,-37993,0,10
2026-09-16T11:09:54.874934135Z,14.342881,120.233647,Cloud to Ground,-26032,0,7
2026-09-16T11:09:55.330677381Z,14.333467,120.229865,Cloud to Ground,-25952,0,10
2026-09-16T11:09:54.851194587Z,14.322957,120.213482,Cloud to Ground,-17282,0,12
2026-09-16T11:09:55.285781929Z,14.310125,120.224848,Cloud to Ground,-15263,0,7
2026-09-16T11:09:55.077633927Z,14.299911,120.122878,Cloud to Ground,-9663,0,9
2026-09-16T11:09:55.184125586Z,14.763304,120.644161,Cloud to Cloud,9401,7307,8
2026-09-16T11:09:55.111323941Z,14.742965,120.614253,Cloud to Cloud,11778,7182,8
2026-09-16T11:09:56.824826788Z,15.17164,119.805642,Cloud to Ground,-15221,0,9
2026-09-16T11:09:56.890319383Z,14.668185,119.815243,Cloud to Ground,-71816,0,11
2026-09-16T11:09:56.954109805Z,14.671841,119.813995,Cloud to Ground,-23916,0,11
2026-09-16T11:09:56.940337122Z,14.652088,119.786529,Cloud to Ground,-9511,0,6
2026-09-16T11:09:57.005445099Z,14.661143,119.811404,Cloud to Cloud,14734,3154,7
2026-09-16T11:09:57.141881666Z,14.741067,119.908821,Cloud to Ground,-28536,0,7
2026-09-16T11:09:57.415585440Z,14.797631,120.621869,Cloud to Cloud,28917,14527,9
2026-09-16T11:09:59.004214019Z,2.823912,116.021841,Cloud to Ground,-22630,0,21
2026-09-16T11:09:58.662055585Z,2.781304,116.042029,Cloud to Ground,27959,0,12
2026-09-16T11:09:59.379221203Z,2.782761,116.064268,Cloud to Ground,34844,0,12
2026-09-16T11:09:58.676027250Z,2.785762,116.024181,Cloud to Ground,43766,0,11
2026-09-16T11:09:58.629406745Z,2.783035,116.076874,Cloud to Ground,186942,0,18
2026-09-16T11:09:58.098325992Z,2.964427,113.809256,Cloud to Ground,20344,0,14
2026-09-16T11:09:58.246680006Z,3.362389,116.409002,Cloud to Ground,-64363,0,15
2026-09-16T11:09:58.704687923Z,14.750741,120.701554,Cloud to Cloud,-17705,6035,8
2026-09-16T11:09:58.994025147Z,14.567356,120.68879,Cloud to Cloud,13408,7360,6
2026-09-16T11:09:58.759996421Z,14.650295,120.700976,Cloud to Cloud,14680,13840,8
2026-09-16T11:09:58.934886661Z,14.837317,120.024562,Cloud to Ground,-17601,0,7
2026-09-16T11:09:59.025634470Z,14.797359,119.977119,Cloud to Ground,-8448,0,10
2026-09-16T11:09:58.100429000Z,16.3289,121.7035,Cloud to Ground,18182,0,6
2026-09-16T11:09:59.334282702Z,14.416949,120.272841,Cloud to Ground,-25187,0,6
2026-09-16T11:09:59.639164473Z,14.407885,120.260482,Cloud to Ground,-18763,0,9
2026-09-16T11:10:00.137760630Z,10.922779,125.68185,Cloud to Ground,25086,0,9
2026-09-16T11:10:00.566151050Z,14.780938,120.528187,Cloud to Ground,19052,0,10
2026-09-16T11:10:01.624176461Z,14.830614,120.603529,Cloud to Ground,-28852,0,9
2026-09-16T11:10:01.549959553Z,14.834749,120.6174,Cloud to Ground,-14148,0,11
2026-09-16T11:10:01.336892053Z,14.836836,120.629978,Cloud to Ground,-14088,0,9
2026-09-16T11:10:01.041893802Z,14.811939,120.641083,Cloud to Ground,14993,0,9
2026-09-16T11:10:01.282004475Z,14.628881,120.541614,Cloud to Cloud,18944,6783,8
2026-09-16T11:10:02.010174000Z,9.9024,131.9815,Cloud to Ground,13378,0,6
2026-09-16T11:10:03.448366363Z,14.672213,120.647003,Cloud to Cloud,11018,3042,7
2026-09-16T11:10:05.050570758Z,3.378441,116.330251,Cloud to Ground,8910,0,8
2026-09-16T11:10:04.829271930Z,3.404885,116.307013,Cloud to Ground,41015,0,21
2026-09-16T11:10:04.378954857Z,14.751219,120.692671,Cloud to Ground,-29478,0,15
2026-09-16T11:10:04.521139105Z,14.798346,120.671776,Cloud to Ground,-19153,0,6
2026-09-16T11:10:04.727181212Z,14.609491,120.651234,Cloud to Ground,-32919,0,11
2026-09-16T11:10:06.477587032Z,14.770413,120.702112,Cloud to Ground,-13802,0,8
2026-09-16T11:10:06.446035637Z,14.741245,120.67223,Cloud to Ground,23430,0,7
2026-09-16T11:10:07.434361508Z,14.81381,120.645789,Cloud to Cloud,11703,13780,11
2026-09-16T11:10:07.874913000Z,14.825,120.5014,Cloud to Ground,8268,0,7
2026-09-16T11:10:07.376695174Z,14.735053,120.775054,Cloud to Cloud,-17450,15486,10
2026-09-16T11:10:08.652179354Z,14.732441,120.731246,Cloud to Cloud,-7205,8734,9
2026-09-16T11:10:08.271960000Z,10.6623,131.7285,Cloud to Ground,17363,0,5
2026-09-16T11:10:13.205231892Z,14.321944,120.242303,Cloud to Ground,-41954,0,11
2026-09-16T11:10:13.952774705Z,14.280334,120.32271,Cloud to Ground,25300,0,7
2026-09-16T11:10:13.935124561Z,11.331529,121.41783,Cloud to Ground,52016,0,10
2026-09-16T11:10:14.453353361Z,14.26376,120.211252,Cloud to Cloud,13729,6922,9
2026-09-16T11:10:14.042604787Z,14.363836,120.249261,Cloud to Cloud,-11039,4691,8
2026-09-16T11:10:14.946536398Z,15.681908,120.737117,Cloud to Cloud,15429,15591,12
2026-09-16T11:10:15.269477413Z,11.210194,125.589879,Cloud to Ground,-56026,0,17
2026-09-16T11:10:16.217157932Z,14.871805,120.696401,Cloud to Ground,38300,0,9
2026-09-16T11:10:18.887767288Z,14.759819,120.52095,Cloud to Ground,31469,0,8
2026-09-16T11:10:18.508522345Z,14.724038,120.607751,Cloud to Ground,-19685,0,8
2026-09-16T11:10:19.441038516Z,0.883611,111.410411,Cloud to Ground,-57632,0,14
2026-09-16T11:10:19.492693874Z,0.817532,111.501875,Cloud to Cloud,-44270,3213,18
2026-09-16T11:10:19.435667770Z,0.818973,111.52045,Cloud to Ground,-38844,0,12
2026-09-16T11:10:19.520797070Z,0.796951,111.434567,Cloud to Ground,-38570,0,22
2026-09-16T11:10:19.556371382Z,0.829032,111.464563,Cloud to Ground,-20080,0,14
2026-09-16T11:10:20.526837484Z,14.956099,120.677899,Cloud to Ground,-18883,0,16
2026-09-16T11:10:20.494308683Z,14.25259,120.284478,Cloud to Cloud,17216,9629,9
2026-09-16T11:10:20.091672242Z,14.385552,120.278457,Cloud to Ground,-30354,0,10
2026-09-16T11:10:20.295887983Z,14.356354,120.180111,Cloud to Ground,-7769,0,5
2026-09-16T11:10:20.565877072Z,14.357242,120.18256,Cloud to Ground,-7625,0,5
2026-09-16T11:10:20.357094075Z,14.386236,120.178172,Cloud to Cloud,6059,9822,5
2026-09-16T11:10:20.202235770Z,14.595933,120.382664,Cloud to Ground,-67683,0,8
2026-09-16T11:10:20.063596366Z,14.596262,120.379455,Cloud to Ground,-56520,0,7
2026-09-16T11:10:20.127323703Z,14.592507,120.37654,Cloud to Ground,-19104,0,8
2026-09-16T11:10:20.155445107Z,14.356421,120.369102,Cloud to Cloud,-6656,18405,7
2026-09-16T11:10:20.923136789Z,14.834053,120.638385,Cloud to Ground,-16950,0,8
2026-09-16T11:10:21.610981782Z,14.881992,120.686323,Cloud to Ground,-11564,0,12
2026-09-16T11:10:21.106324722Z,14.808472,120.599818,Cloud to Ground,-10291,0,9
2026-09-16T11:10:21.272193599Z,14.898569,120.596418,Cloud to Cloud,10949,13156,7
2026-09-16T11:10:20.807105679Z,14.851604,120.650716,Cloud to Cloud,21803,3704,6
2026-09-16T11:10:20.478802022Z,14.848594,120.771292,Cloud to Ground,-19702,0,11
2026-09-16T11:10:20.600378404Z,14.87725,120.74994,Cloud to Ground,-17599,0,13
2026-09-16T11:10:21.126765004Z,14.678933,120.621408,Cloud to Cloud,-9490,7534,7
2026-09-16T11:10:21.039981802Z,14.738455,120.695624,Cloud to Cloud,-10381,5441,10
2026-09-16T11:10:22.996090452Z,14.197735,120.027321,Cloud to Ground,-14581,0,10
2026-09-16T11:10:22.895079643Z,14.228759,120.129907,Cloud to Ground,-18546,0,11
2026-09-16T11:10:22.055579773Z,14.330675,120.24842,Cloud to Ground,-37163,0,11
2026-09-16T11:10:22.988809067Z,14.818092,120.571225,Cloud to Cloud,-8655,4917,7
2026-09-16T11:10:22.263528553Z,14.482492,120.732998,Cloud to Cloud,8626,4551,7
2026-09-16T11:10:23.040521580Z,14.98823,120.447574,Cloud to Ground,-29730,0,9
2026-09-16T11:10:24.359746916Z,14.899488,120.629442,Cloud to Cloud,-9909,18021,9
2026-09-16T11:10:25.347523280Z,3.327456,116.312836,Cloud to Ground,-25569,0,13
2026-09-16T11:10:25.789540137Z,3.322044,116.325281,Cloud to Ground,33704,0,8
2026-09-16T11:10:25.314892943Z,3.318143,116.371667,Cloud to Ground,143532,0,14
2026-09-16T11:10:25.574440328Z,14.8214,120.621993,Cloud to Ground,51168,0,9
2026-09-16T11:10:25.752293137Z,16.415467,121.173315,Cloud to Cloud,16227,8803,8
2026-09-16T11:10:25.464006695Z,16.280165,121.22713,Cloud to Ground,-17131,0,8
2026-09-16T11:10:25.386798725Z,16.274132,121.181513,Cloud to Ground,-11744,0,8
2026-09-16T11:10:25.430304000Z,15.7364,120.9643,Cloud to Ground,-33523,0,5
2026-09-16T11:10:27.218643184Z,14.810209,120.487257,Cloud to Cloud,-7733,3050,8
2026-09-16T11:10:27.092987591Z,14.8171,120.557244,Cloud to Cloud,-7109,4187,12
2026-09-16T11:10:27.518205920Z,14.761385,120.632394,Cloud to Ground,-32752,0,8
2026-09-16T11:10:27.986668522Z,14.686129,120.625835,Cloud to Cloud,-10566,6676,8
2026-09-16T11:10:28.034043953Z,14.729403,120.608652,Cloud to Cloud,13370,7645,6
2026-09-16T11:10:28.136614021Z,14.822387,120.562577,Cloud to Cloud,17533,16229,11
2026-09-16T11:10:28.067918384Z,14.922683,120.575082,Cloud to Ground,-11366,0,8
2026-09-16T11:10:28.924823888Z,14.696503,119.780048,Cloud to Ground,-48601,0,11
2026-09-16T11:10:29.050356087Z,14.737213,119.886697,Cloud to Ground,-45771,0,10
2026-09-16T11:10:29.127415989Z,14.696638,119.775589,Cloud to Ground,-35828,0,12
2026-09-16T11:10:29.405097930Z,14.693914,119.783601,Cloud to Ground,-25263,0,6
2026-09-16T11:10:29.164174452Z,14.701841,119.876551,Cloud to Ground,-19605,0,7
2026-09-16T11:10:28.992949217Z,14.701448,119.777966,Cloud to Ground,-14956,0,9
2026-09-16T11:10:28.910176348Z,14.76539,119.806411,Cloud to Cloud,-14077,13715,13
2026-09-16T11:10:29.036782577Z,14.677394,119.77282,Cloud to Ground,-9575,0,5
2026-09-16T11:10:28.098832316Z,16.433903,121.743919,Cloud to Cloud,9494,7748,11
2026-09-16T11:10:30.066589000Z,13.2397,123.9235,Cloud to Ground,-114728,0,5
2026-09-16T11:10:30.409989722Z,13.24286,123.983558,Cloud to Ground,-26623,0,8
2026-09-16T11:10:30.346641105Z,13.242236,123.986448,Cloud to Ground,-12175,0,6
2026-09-16T11:10:31.192974726Z,15.796682,121.343821,Cloud to Cloud,-8161,15097,8
2026-09-16T11:10:31.664236050Z,14.315383,120.225463,Cloud to Ground,-56120,0,7
2026-09-16T11:10:32.653018250Z,14.384429,120.22852,Cloud to Ground,-24946,0,8
2026-09-16T11:10:34.434874700Z,3.03589,116.022088,Cloud to Cloud,-30431,5107,15
2026-09-16T11:10:34.802830972Z,14.845075,120.551039,Cloud to Cloud,11239,3007,6
2026-09-16T11:10:34.576276419Z,14.827602,120.705393,Cloud to Cloud,15584,9883,11
2026-09-16T11:10:34.738549305Z,14.718892,120.642774,Cloud to Cloud,9467,6973,7
2026-09-16T11:10:35.397201274Z,15.353257,120.216632,Cloud to Ground,-7585,0,9
2026-09-16T11:10:36.830210820Z,14.665505,120.596641,Cloud to Ground,28650,0,7
2026-09-16T11:10:36.478787180Z,14.667036,120.698023,Cloud to Cloud,8763,18439,9
2026-09-16T11:10:36.031511856Z,11.120677,125.611465,Cloud to Cloud,34054,16876,9
2026-09-16T11:10:36.002337306Z,10.756571,125.634434,Cloud to Ground,67059,0,10
2026-09-16T11:10:37.493608279Z,14.7969,120.705796,Cloud to Cloud,17446,18686,11
2026-09-16T11:10:37.735425836Z,14.907181,120.635836,Cloud to Cloud,-9048,3352,7
2026-09-16T11:10:37.691444000Z,11.5823,124.4491,Cloud to Ground,-17790,0,7
2026-09-16T11:10:38.774383055Z,14.793304,120.656121,Cloud to Cloud,13387,3012,11
2026-09-16T11:10:38.665173433Z,14.679868,120.672593,Cloud to Ground,-11315,0,7
2026-09-16T11:10:38.799508326Z,14.691361,120.671879,Cloud to Ground,-6930,0,7
2026-09-16T11:10:38.827125639Z,14.680984,120.587927,Cloud to Cloud,22724,18957,6
2026-09-16T11:10:38.216845000Z,14.6935,120.2557,Cloud to Ground,12388,0,7
2026-09-16T11:10:38.540695000Z,14.2447,120.3707,Cloud to Ground,-27928,0,6
2026-09-16T11:10:39.815242257Z,14.172692,120.216453,Cloud to Cloud,-24223,19904,9
2026-09-16T11:10:39.661676308Z,14.243327,120.320707,Cloud to Cloud,24659,16925,10
2026-09-16T11:10:39.769664685Z,14.381988,120.244959,Cloud to Cloud,-12688,3006,6
2026-09-16T11:10:39.910440299Z,14.391852,120.239706,Cloud to Ground,35788,0,8
2026-09-16T11:10:40.747414012Z,14.775016,120.673733,Cloud to Cloud,7045,4001,9
2026-09-16T11:10:40.913734849Z,14.841551,120.608016,Cloud to Ground,13448,0,10
2026-09-16T11:10:41.613672118Z,14.735632,120.716504,Cloud to Cloud,7334,14385,7
2026-09-16T11:10:40.808545943Z,14.663374,120.721575,Cloud to Cloud,9870,3027,13
2026-09-16T11:10:40.971274530Z,14.671646,120.735278,Cloud to Cloud,9906,3455,9
2026-09-16T11:10:41.576029738Z,3.364886,116.335008,Cloud to Ground,-32748,0,12
2026-09-16T11:10:41.484516000Z,3.4161,116.3621,Cloud to Ground,9188,0,8
2026-09-16T11:10:41.480885456Z,3.384276,116.39401,Cloud to Ground,21650,0,13
2026-09-16T11:10:41.380238355Z,3.372266,116.41131,Cloud to Ground,119806,0,27
2026-09-16T11:10:41.444536383Z,14.296706,120.128882,Cloud to Ground,-57543,0,13
2026-09-16T11:10:42.457985840Z,14.554196,120.614223,Cloud to Ground,28315,0,7
2026-09-16T11:10:42.867130576Z,14.282398,120.225051,Cloud to Cloud,-9833,5625,10
2026-09-16T11:10:42.526209766Z,14.758362,120.595982,Cloud to Ground,-31662,0,11
2026-09-16T11:10:42.611770528Z,14.752184,120.584048,Cloud to Ground,-18281,0,7
2026-09-16T11:10:43.296656055Z,14.809757,120.636138,Cloud to Cloud,15112,3028,8
2026-09-16T11:10:42.475755728Z,14.82941,120.552449,Cloud to Cloud,19532,3024,6
2026-09-16T11:10:43.327156329Z,14.49972,120.569223,Cloud to Cloud,24833,12219,6
2026-09-16T11:10:44.400399000Z,11.0922,125.4872,Cloud to Ground,-17531,0,6
2026-09-16T11:10:45.330732829Z,9.784813,129.650835,Cloud to Ground,-44912,0,24
2026-09-16T11:10:45.048636393Z,9.756027,129.480638,Cloud to Ground,-20541,0,19
2026-09-16T11:10:45.096939000Z,9.9152,129.6027,Cloud to Ground,9936,0,6
2026-09-16T11:10:45.989735109Z,14.789224,120.610756,Cloud to Cloud,-6204,17482,6
2026-09-16T11:10:45.139907542Z,14.911118,120.574115,Cloud to Cloud,12119,3002,6
2026-09-16T11:10:46.405568190Z,16.201279,121.48495,Cloud to Cloud,-15702,8084,6
2026-09-16T11:10:46.133118118Z,16.181019,121.554827,Cloud to Cloud,15843,5947,8
2026-09-16T11:10:46.897930254Z,14.957392,120.603725,Cloud to Cloud,-12341,3341,10
2026-09-16T11:10:47.093489450Z,14.737494,120.622579,Cloud to Cloud,-16754,9821,10
2026-09-16T11:10:47.117473910Z,14.798643,120.586854,Cloud to Cloud,-9028,6624,7
2026-09-16T11:10:47.012723685Z,14.57709,120.713275,Cloud to Cloud,-12334,6015,9
2026-09-16T11:10:48.403457303Z,14.805216,120.665514,Cloud to Ground,-22622,0,9
2026-09-16T11:10:48.251396626Z,14.8716,120.621331,Cloud to Ground,-20534,0,8
2026-09-16T11:10:48.312826140Z,14.767456,120.637991,Cloud to Cloud,16875,7806,10
2026-09-16T11:10:48.750991681Z,14.38324,120.242192,Cloud to Cloud,-10887,12751,12
2026-09-16T11:10:49.774730755Z,5.745862,119.093821,Cloud to Ground,15594,0,14
2026-09-16T11:10:49.646904902Z,5.730171,118.991546,Cloud to Ground,53819,0,12
2026-09-16T11:10:49.821105700Z,14.792915,120.707507,Cloud to Ground,-46056,0,7
2026-09-16T11:10:50.143550475Z,14.795404,120.698551,Cloud to Ground,-25888,0,10
2026-09-16T11:10:49.613281218Z,14.7703,120.617053,Cloud to Ground,-18998,0,7
2026-09-16T11:10:49.648920651Z,14.797405,120.699795,Cloud to Ground,-16668,0,10
2026-09-16T11:10:49.970204302Z,14.766513,120.602274,Cloud to Ground,-11294,0,6
2026-09-16T11:10:49.701339000Z,14.6751,120.3342,Cloud to Ground,-33675,0,7
2026-09-16T11:10:51.600072291Z,10.621508,130.167379,Cloud to Ground,-40119,0,8
2026-09-16T11:10:51.491682244Z,10.503292,130.379836,Cloud to Ground,-27195,0,11
2026-09-16T11:10:51.501387042Z,10.465179,130.434956,Cloud to Cloud,-16969,3039,7
2026-09-16T11:10:51.170812453Z,14.76527,120.595692,Cloud to Ground,-16380,0,7
2026-09-16T11:10:51.390665874Z,14.760438,120.542125,Cloud to Cloud,6000,3234,5
2026-09-16T11:10:51.077518225Z,14.734528,120.56092,Cloud to Ground,17434,0,8
2026-09-16T11:10:53.011822682Z,3.347782,116.337747,Cloud to Ground,-28356,0,16
2026-09-16T11:10:53.890243910Z,14.672207,120.65741,Cloud to Cloud,15582,12948,10
2026-09-16T11:10:54.643185933Z,10.026492,130.33335,Cloud to Ground,-22272,0,12
2026-09-16T11:10:54.341098160Z,15.384259,120.586368,Cloud to Cloud,-3867,18204,7
2026-09-16T11:10:54.721220972Z,14.673382,119.783965,Cloud to Ground,-53455,0,11
2026-09-16T11:10:54.788765990Z,14.675438,119.78286,Cloud to Ground,-51891,0,12
2026-09-16T11:10:54.841919809Z,14.673526,119.77748,Cloud to Ground,-43912,0,9
2026-09-16T11:10:54.745627068Z,14.668726,119.764102,Cloud to Ground,-21683,0,9
2026-09-16T11:10:54.864129927Z,14.687355,119.778425,Cloud to Cloud,18844,6391,5
2026-09-16T11:10:54.710607831Z,14.616774,120.5873,Cloud to Cloud,19113,7016,7
2026-09-16T11:10:53.881786963Z,14.743096,120.572524,Cloud to Ground,-19851,0,8
2026-09-16T11:10:54.495439545Z,14.81601,120.562413,Cloud to Ground,21258,0,10
2026-09-16T11:10:54.918285452Z,15.849098,119.661783,Cloud to Cloud,21792,14002,12
2026-09-16T11:10:54.264284238Z,15.867548,121.483348,Cloud to Cloud,13674,3021,8
2026-09-16T11:10:56.662209433Z,14.217229,120.15779,Cloud to Ground,-38891,0,9
2026-09-16T11:10:57.382583681Z,15.514793,120.402108,Cloud to Cloud,11325,10635,7
2026-09-16T11:10:57.663465971Z,15.251268,119.861416,Cloud to Cloud,-16512,19294,8
2026-09-16T11:10:57.470345000Z,15.3455,119.763,Cloud to Ground,-13664,0,7
2026-09-16T11:10:59.303797319Z,14.642731,120.245251,Cloud to Ground,13682,0,7
2026-09-16T11:10:59.667777592Z,14.548806,120.278892,Cloud to Ground,-47357,0,8
2026-09-16T11:10:59.224533433Z,14.687198,120.711567,Cloud to Ground,-40470,0,9
2026-09-16T11:10:59.237084689Z,14.872291,120.545393,Cloud to Ground,-12090,0,5
2026-09-16T11:10:59.171092501Z,14.82313,120.635719,Cloud to Ground,-28596,0,10
2026-09-16T11:10:59.268118707Z,14.823866,120.63628,Cloud to Ground,-10870,0,10
2026-09-16T11:10:59.549481437Z,14.797124,120.63414,Cloud to Ground,19724,0,7
2026-09-16T11:11:00.331544568Z,14.724601,120.635964,Cloud to Cloud,12613,19764,10
2026-09-16T11:11:00.491498318Z,14.386478,120.259387,Cloud to Ground,-14133,0,10
2026-09-16T11:11:00.715626047Z,14.360178,120.164691,Cloud to Ground,-6808,0,6
2026-09-16T11:11:00.321417274Z,14.338854,120.202329,Cloud to Ground,27135,0,8
2026-09-16T11:11:00.666297426Z,14.380067,120.168931,Cloud to Ground,45505,0,7
2026-09-16T11:11:01.038123143Z,14.77047,120.602856,Cloud to Cloud,7041,4509,5
2026-09-16T11:11:01.690639652Z,14.77886,120.486617,Cloud to Cloud,8658,15910,5
2026-09-16T11:11:02.769372085Z,14.83747,120.580931,Cloud to Ground,21874,0,6
2026-09-16T11:11:02.626900542Z,14.855708,120.703096,Cloud to Cloud,7184,15802,11
