timestamp,latitude,longitude,type,amplitude_ka,height_m,num_sensors
2026-09-21T08:00:50.746501982Z,17.877065,120.825988,Cloud to Cloud,12362,10117,6
2026-09-21T08:00:52.432597825Z,7.953601,125.957725,Cloud to Cloud,14036,18382,9
2026-09-21T08:00:52.833513734Z,13.915994,121.509933,Cloud to Cloud,3960,19623,5
2026-09-21T08:00:53.048678601Z,2.820243,110.898126,Cloud to Ground,34744,0,14
2026-09-21T08:00:53.055106495Z,2.891622,110.830118,Cloud to Ground,-26871,0,16
2026-09-21T08:00:53.462380308Z,2.888976,112.982292,Cloud to Ground,-19871,0,6
2026-09-21T08:00:53.030900000Z,2.92132,112.8014,Cloud to Cloud,-17446,18527,13
2026-09-21T08:00:53.033065513Z,2.915391,112.815659,Cloud to Ground,-14164,0,17
2026-09-21T08:00:53.030087858Z,2.864816,112.863812,Cloud to Ground,20367,0,13
2026-09-21T08:00:53.449973000Z,2.9176,112.9365,Cloud to Ground,104387,0,6
2026-09-21T08:00:53.676260662Z,13.128902,123.748886,Cloud to Cloud,10080,15099,8
2026-09-21T08:00:54.612134269Z,7.575048,125.375271,Cloud to Cloud,-8650,11530,13
2026-09-21T08:00:55.937645048Z,7.893867,126.073937,Cloud to Ground,16866,0,10
2026-09-21T08:00:56.855442801Z,0.746662,113.653582,Cloud to Cloud,-14876,7524,6
2026-09-21T08:00:56.603369956Z,0.748922,113.632071,Cloud to Cloud,-8793,4313,7
2026-09-21T08:00:56.658302061Z,7.914801,126.124586,Cloud to Ground,15269,0,12
2026-09-21T08:00:57.684281019Z,0.724011,113.612308,Cloud to Ground,-17858,0,7
2026-09-21T08:00:57.435967207Z,7.536049,125.375163,Cloud to Cloud,-12842,19708,10
2026-09-21T08:00:57.610686052Z,7.543118,125.412717,Cloud to Cloud,-11111,16359,17
2026-09-21T08:00:57.487304657Z,7.500067,125.445875,Cloud to Ground,-9965,0,7
2026-09-21T08:00:57.335001345Z,7.511045,125.401691,Cloud to Cloud,-7210,17661,5
2026-09-21T08:00:58.642461799Z,15.540009,120.727899,Cloud to Cloud,-7040,19726,12
2026-09-21T08:00:58.285382691Z,14.593039,110.18817,Cloud to Ground,37065,0,8
2026-09-21T08:00:59.368506246Z,7.927378,125.969686,Cloud to Cloud,9111,7145,11
2026-09-21T08:00:59.301748430Z,1.548549,114.413482,Cloud to Ground,24546,0,17
2026-09-21T08:00:59.180533470Z,1.634398,114.367648,Cloud to Ground,-32608,0,15
2026-09-21T08:00:59.815620165Z,17.941364,120.771365,Cloud to Cloud,9586,16299,6
2026-09-21T08:00:59.855597580Z,17.928772,120.757536,Cloud to Cloud,11108,18735,9
2026-09-21T08:01:00.308984846Z,7.59385,125.426125,Cloud to Ground,-10768,0,10
2026-09-21T08:01:00.605038149Z,15.375095,113.020131,Cloud to Ground,-17119,0,6
2026-09-21T08:01:01.048680776Z,15.377232,113.028903,Cloud to Ground,11160,0,8
2026-09-21T08:01:00.148077031Z,14.59478,110.102056,Cloud to Ground,10139,0,6
2026-09-21T08:01:00.189594623Z,14.560903,110.103892,Cloud to Cloud,18669,10989,7
2026-09-21T08:01:01.332158158Z,6.153502,117.116996,Cloud to Cloud,-14190,3986,10
2026-09-21T08:01:01.725920185Z,7.540558,125.438159,Cloud to Ground,-36045,0,18
2026-09-21T08:01:02.448201975Z,14.564609,110.214412,Cloud to Ground,-30191,0,6
2026-09-21T08:01:02.365816088Z,14.583335,110.186492,Cloud to Cloud,-22462,14998,6
2026-09-21T08:01:02.574705085Z,14.608441,110.085915,Cloud to Ground,-14731,0,12
2026-09-21T08:01:01.982082472Z,14.599102,110.109715,Cloud to Ground,24538,0,7
2026-09-21T08:01:02.149119777Z,13.253073,123.616039,Cloud to Cloud,-5382,15236,5
2026-09-21T08:01:01.917648325Z,13.281881,123.624242,Cloud to Cloud,5297,17185,5
2026-09-21T08:01:03.299888777Z,7.929414,126.134478,Cloud to Ground,-30642,0,12
2026-09-21T08:01:03.443607722Z,7.97385,126.030795,Cloud to Ground,-9114,0,7
2026-09-21T08:01:03.497591926Z,15.486781,120.589548,Cloud to Cloud,-5876,17964,6
2026-09-21T08:01:04.981156139Z,15.707687,119.973721,Cloud to Ground,-26432,0,11
2026-09-21T08:01:05.530430737Z,13.862421,121.523686,Cloud to Cloud,-20727,10834,12
2026-09-21T08:01:08.071291351Z,8.05777,126.044626,Cloud to Ground,-7455,0,9
2026-09-21T08:01:08.285409995Z,0.581819,113.527019,Cloud to Ground,15717,0,11
2026-09-21T08:01:08.138398236Z,22.259679,110.905732,Cloud to Ground,-21055,0,9
2026-09-21T08:01:08.079766208Z,22.31619,110.902375,Cloud to Ground,-14965,0,7
2026-09-21T08:01:08.988414645Z,15.482624,120.605441,Cloud to Cloud,-3663,3137,7
2026-09-21T08:01:09.501755759Z,7.914242,126.066954,Cloud to Ground,19319,0,10
2026-09-21T08:01:09.688752282Z,7.517709,125.616531,Cloud to Ground,21554,0,12
2026-09-21T08:01:09.456881448Z,7.630379,125.341915,Cloud to Ground,32931,0,7
2026-09-21T08:01:09.603098830Z,4.508206,115.06624,Cloud to Ground,-16821,0,14
2026-09-21T08:01:09.012461422Z,13.210645,121.180002,Cloud to Ground,-19495,0,11
2026-09-21T08:01:09.201834782Z,13.152692,121.217796,Cloud to Cloud,-18808,6117,7
2026-09-21T08:01:09.101019466Z,13.229099,121.183833,Cloud to Ground,-17320,0,11
2026-09-21T08:01:09.833149000Z,13.9405,121.3491,Cloud to Ground,-24859,0,5
2026-09-21T08:01:09.115646430Z,15.628379,120.616199,Cloud to Cloud,-13348,4495,7
2026-09-21T08:01:09.122105472Z,22.582014,111.12096,Cloud to Cloud,-21128,14401,8
2026-09-21T08:01:09.569113868Z,22.187774,111.886778,Cloud to Ground,54310,0,12
2026-09-21T08:01:09.446374986Z,22.238429,111.892442,Cloud to Ground,101152,0,19
2026-09-21T08:01:10.231023111Z,7.988464,126.118428,Cloud to Cloud,11482,14881,6
2026-09-21T08:01:10.170637272Z,13.920472,121.514277,Cloud to Ground,-17048,0,9
2026-09-21T08:01:10.499251087Z,13.11755,123.783303,Cloud to Cloud,6857,10842,6
2026-09-21T08:01:10.485802527Z,13.123689,123.789873,Cloud to Ground,37645,0,9
2026-09-21T08:01:11.064673094Z,7.669393,125.275584,Cloud to Cloud,-11372,6191,6
2026-09-21T08:01:11.031842942Z,2.909008,113.025454,Cloud to Ground,-14821,0,16
2026-09-21T08:01:11.663246155Z,13.228942,121.181829,Cloud to Cloud,5969,19529,7
2026-09-21T08:01:12.000886736Z,17.742938,120.828175,Cloud to Cloud,11862,3011,8
2026-09-21T08:01:12.978742741Z,17.946167,120.759564,Cloud to Cloud,8391,3004,6
2026-09-21T08:01:13.083939719Z,17.819813,120.749612,Cloud to Cloud,13366,6252,7
2026-09-21T08:01:13.717734592Z,14.858443,110.879195,Cloud to Ground,-31732,0,9
2026-09-21T08:01:13.698422749Z,14.851572,110.813569,Cloud to Cloud,-25971,3529,10
2026-09-21T08:01:13.684193371Z,22.789949,111.006089,Cloud to Cloud,-21599,6661,7
2026-09-21T08:01:14.815767180Z,14.563098,110.069922,Cloud to Cloud,-8340,5378,5
2026-09-21T08:01:14.842437733Z,14.582439,110.05127,Cloud to Ground,19832,0,8
2026-09-21T08:01:15.007353278Z,15.462277,120.534358,Cloud to Cloud,-16089,19005,6
2026-09-21T08:01:16.426432000Z,13.9384,121.4682,Cloud to Ground,-1096,0,7
2026-09-21T08:01:17.911333804Z,10.30257,126.05961,Cloud to Ground,-42674,0,9
2026-09-21T08:01:17.793818436Z,10.300164,126.029173,Cloud to Ground,-14491,0,10
2026-09-21T08:01:18.424831392Z,16.14197,121.255778,Cloud to Cloud,-6244,5088,7
2026-09-21T08:01:18.216106000Z,16.1817,121.2373,Cloud to Ground,7980,0,5
2026-09-21T08:01:18.197545200Z,16.159159,121.2751,Cloud to Cloud,8139,15641,9
2026-09-21T08:01:18.435910583Z,13.078036,123.79682,Cloud to Cloud,9409,5266,6
2026-09-21T08:01:19.475579000Z,7.514,125.4331,Cloud to Ground,-30321,0,5
2026-09-21T08:01:19.844340824Z,7.521094,125.417698,Cloud to Ground,-21578,0,6
2026-09-21T08:01:19.451286792Z,15.603709,120.441847,Cloud to Cloud,-15685,19528,8
2026-09-21T08:01:19.512368032Z,15.451095,120.647113,Cloud to Cloud,-24365,7037,6
2026-09-21T08:01:19.831189725Z,15.42851,120.640975,Cloud to Ground,-8805,0,8
2026-09-21T08:01:19.693294848Z,15.425868,120.632947,Cloud to Cloud,34297,18825,6
2026-09-21T08:01:20.243537487Z,13.189738,121.123904,Cloud to Cloud,7589,19318,6
2026-09-21T08:01:19.776884778Z,13.203536,121.109849,Cloud to Ground,33201,0,9
2026-09-21T08:01:20.764077648Z,4.115885,114.603286,Cloud to Cloud,-14395,5952,11
2026-09-21T08:01:20.788715098Z,4.096348,114.69628,Cloud to Ground,33691,0,22
2026-09-21T08:01:20.810289464Z,4.055613,114.676514,Cloud to Ground,40525,0,16
2026-09-21T08:01:20.741681537Z,4.091127,114.676074,Cloud to Ground,70373,0,24
2026-09-21T08:01:20.665143879Z,21.763863,111.058151,Cloud to Ground,-39837,0,10
2026-09-21T08:01:20.952091908Z,21.756747,111.058641,Cloud to Cloud,-36056,5716,8
2026-09-21T08:01:20.872552838Z,21.792937,111.039036,Cloud to Ground,-20503,0,7
2026-09-21T08:01:20.530360268Z,22.859935,113.712762,Cloud to Ground,-26101,0,7
2026-09-21T08:01:22.732609801Z,7.579424,133.075454,Cloud to Ground,-115251,0,24
2026-09-21T08:01:22.851721495Z,7.601254,133.062066,Cloud to Ground,33230,0,23
2026-09-21T08:01:23.463423456Z,15.221223,112.103564,Cloud to Ground,-17016,0,8
2026-09-21T08:01:23.433302373Z,15.181974,112.028376,Cloud to Ground,31943,0,6
2026-09-21T08:01:24.720174957Z,3.124164,112.274809,Cloud to Ground,-32094,0,14
2026-09-21T08:01:24.779615321Z,3.079288,112.214068,Cloud to Cloud,-27817,3055,13
2026-09-21T08:01:24.718182552Z,3.118616,112.253747,Cloud to Ground,-25700,0,11
2026-09-21T08:01:24.214642462Z,13.914156,121.50734,Cloud to Ground,-37323,0,9
2026-09-21T08:01:24.304263382Z,13.913705,121.505105,Cloud to Ground,-6644,0,7
2026-09-21T08:01:26.101653978Z,7.932676,126.021107,Cloud to Cloud,-7963,16381,7
2026-09-21T08:01:26.257415319Z,0.655384,113.5252,Cloud to Ground,-30403,0,15
2026-09-21T08:01:26.219795750Z,14.600552,110.192947,Cloud to Cloud,-21428,19580,5
2026-09-21T08:01:26.229086822Z,14.580138,110.168628,Cloud to Cloud,-18543,16161,6
2026-09-21T08:01:27.572462793Z,14.56898,110.16965,Cloud to Ground,47475,0,9
2026-09-21T08:01:27.270176101Z,14.603922,110.206731,Cloud to Ground,222061,0,15
2026-09-21T08:01:28.777026593Z,3.939394,115.081175,Cloud to Ground,12466,0,9
2026-09-21T08:01:28.777884279Z,3.937671,115.086873,Cloud to Ground,58797,0,24
2026-09-21T08:01:28.334206025Z,12.068574,120.323108,Cloud to Ground,-124484,0,14
2026-09-21T08:01:28.374055642Z,12.073403,120.320111,Cloud to Cloud,-7961,4447,6
2026-09-21T08:01:28.960015669Z,12.083168,120.336309,Cloud to Ground,-7017,0,5
2026-09-21T08:01:28.395222439Z,11.986405,120.386919,Cloud to Ground,-18626,0,10
2026-09-21T08:01:29.125355981Z,15.516183,120.781424,Cloud to Cloud,-17430,18187,7
2026-09-21T08:01:29.480505993Z,15.317128,120.250747,Cloud to Cloud,13464,3008,7
2026-09-21T08:01:30.346145372Z,1.658638,114.017889,Cloud to Ground,25003,0,22
2026-09-21T08:01:31.146337710Z,13.124658,123.763958,Cloud to Ground,-34715,0,9
2026-09-21T08:01:31.179208697Z,13.126624,123.766452,Cloud to Cloud,-4785,17232,5
2026-09-21T08:01:32.697315575Z,15.106153,111.845276,Cloud to Ground,-28026,0,9
2026-09-21T08:01:32.695913541Z,15.09216,111.759047,Cloud to Ground,24736,0,8
2026-09-21T08:01:32.908200674Z,13.907452,121.500613,Cloud to Cloud,-7701,18494,7
2026-09-21T08:01:32.852936042Z,14.577869,110.185623,Cloud to Ground,-21188,0,8
2026-09-21T08:01:33.577413828Z,7.983037,125.947011,Cloud to Ground,-14335,0,11
2026-09-21T08:01:33.260546341Z,7.648096,125.412519,Cloud to Cloud,-11875,5770,12
2026-09-21T08:01:33.310333764Z,7.923278,126.132262,Cloud to Ground,-28955,0,7
2026-09-21T08:01:33.214490000Z,7.9511,126.0734,Cloud to Ground,-20690,0,10
2026-09-21T08:01:33.467105695Z,8.007046,126.073688,Cloud to Ground,-14530,0,12
2026-09-21T08:01:33.577939849Z,7.909325,126.122712,Cloud to Ground,-13501,0,12
2026-09-21T08:01:33.812047045Z,14.684313,111.137037,Cloud to Ground,12853,0,7
2026-09-21T08:01:33.839700560Z,14.681427,111.057687,Cloud to Ground,13449,0,6
2026-09-21T08:01:34.096172173Z,14.731243,111.042537,Cloud to Ground,18100,0,6
2026-09-21T08:01:33.816106969Z,14.58331,111.091105,Cloud to Ground,18787,0,7
2026-09-21T08:01:33.813873583Z,14.66049,111.058598,Cloud to Ground,30675,0,7
2026-09-21T08:01:35.262901546Z,7.905063,126.108873,Cloud to Ground,13982,0,14
2026-09-21T08:01:35.901756158Z,13.914146,121.41147,Cloud to Cloud,-12501,10833,10
2026-09-21T08:01:35.414099637Z,15.487678,120.585079,Cloud to Cloud,4893,19007,7
2026-09-21T08:01:36.437285143Z,8.646451,132.368096,Cloud to Ground,-69932,0,19
2026-09-21T08:01:36.581451494Z,8.574552,132.393225,Cloud to Ground,-33500,0,18
2026-09-21T08:01:36.542012824Z,8.57714,132.420596,Cloud to Ground,-23671,0,21
2026-09-21T08:01:36.504613940Z,8.587401,132.303616,Cloud to Ground,-18214,0,33
2026-09-21T08:01:36.648951751Z,8.566723,132.488611,Cloud to Ground,10261,0,13
2026-09-21T08:01:36.089517026Z,16.093038,121.348763,Cloud to Cloud,31711,6285,8
2026-09-21T08:01:36.036973857Z,16.084625,121.351093,Cloud to Ground,49921,0,13
2026-09-21T08:01:38.200393153Z,15.466663,120.568479,Cloud to Ground,-8099,0,7
2026-09-21T08:01:38.100588962Z,22.684587,110.916767,Cloud to Cloud,16848,3004,11
2026-09-21T08:01:38.524163544Z,14.028149,121.528027,Cloud to Ground,-9610,0,10
2026-09-21T08:01:38.053481295Z,14.008384,121.535812,Cloud to Ground,-6996,0,6
2026-09-21T08:01:39.439118258Z,7.888618,125.963356,Cloud to Cloud,-8585,18600,13
2026-09-21T08:01:39.173606000Z,7.5069,125.4127,Cloud to Ground,-9560,0,7
2026-09-21T08:01:41.389611523Z,21.788552,110.891701,Cloud to Cloud,13819,7479,12
2026-09-21T08:01:41.566099256Z,21.782554,111.051383,Cloud to Cloud,15005,4529,7
2026-09-21T08:01:41.564671499Z,21.788307,111.054415,Cloud to Ground,28377,0,12
2026-09-21T08:01:41.493278346Z,21.756708,111.06182,Cloud to Ground,76883,0,13
2026-09-21T08:01:41.173406521Z,13.931696,121.498958,Cloud to Cloud,6533,7776,9
2026-09-21T08:01:42.567401615Z,21.639334,110.860981,Cloud to Ground,-18952,0,7
2026-09-21T08:01:42.664555488Z,21.630742,110.874143,Cloud to Ground,-16057,0,6
2026-09-21T08:01:43.555581336Z,7.572219,125.434397,Cloud to Cloud,4930,18388,7
2026-09-21T08:01:43.895161315Z,8.034086,126.034689,Cloud to Ground,-22038,0,20
2026-09-21T08:01:43.647918683Z,8.034522,126.030995,Cloud to Ground,-21715,0,16
2026-09-21T08:01:43.566065775Z,8.00157,125.982166,Cloud to Ground,-18520,0,27
2026-09-21T08:01:43.612122891Z,7.828075,126.103083,Cloud to Cloud,22838,19342,10
2026-09-21T08:01:43.766928052Z,0.845839,113.588363,Cloud to Cloud,-13932,7811,13
2026-09-21T08:01:43.343212733Z,17.946464,120.741032,Cloud to Ground,-8795,0,7
2026-09-21T08:01:43.522039836Z,17.942999,120.763617,Cloud to Cloud,10376,19705,5
2026-09-21T08:01:43.521427872Z,17.94584,120.767087,Cloud to Cloud,10922,10184,5
2026-09-21T08:01:43.553543343Z,17.932941,120.757029,Cloud to Cloud,17258,19087,11
2026-09-21T08:01:44.397841252Z,10.487815,129.236223,Cloud to Ground,-25828,0,12
2026-09-21T08:01:44.817157150Z,10.566174,129.166487,Cloud to Ground,-43216,0,16
2026-09-21T08:01:44.075226455Z,13.909503,121.4893,Cloud to Ground,-13797,0,7
2026-09-21T08:01:44.308508468Z,13.977416,121.451824,Cloud to Ground,-13344,0,12
2026-09-21T08:01:43.890066165Z,13.907534,121.490171,Cloud to Ground,-13291,0,10
2026-09-21T08:01:44.214510064Z,13.907922,121.486588,Cloud to Ground,-7464,0,6
2026-09-21T08:01:44.456892107Z,13.911223,121.494668,Cloud to Ground,-5181,0,5
2026-09-21T08:01:45.487958697Z,7.869086,125.99484,Cloud to Cloud,12213,5909,17
2026-09-21T08:01:45.725946615Z,14.623292,110.218746,Cloud to Ground,39974,0,8
2026-09-21T08:01:46.311126928Z,0.681086,113.557149,Cloud to Ground,-20889,0,13
2026-09-21T08:01:46.353261199Z,8.317892,134.371116,Cloud to Ground,15295,0,21
2026-09-21T08:01:46.311342000Z,8.3719,134.2825,Cloud to Ground,16701,0,5
2026-09-21T08:01:46.845619440Z,8.283153,134.336344,Cloud to Ground,19374,0,11
2026-09-21T08:01:46.272141108Z,8.314013,134.344135,Cloud to Ground,51303,0,26
2026-09-21T08:01:46.861526315Z,11.5771,125.815849,Cloud to Ground,-75779,0,13
2026-09-21T08:01:46.899979365Z,11.579253,125.819414,Cloud to Ground,-46519,0,10
2026-09-21T08:01:47.249022430Z,11.577212,125.748085,Cloud to Cloud,15423,4229,10
2026-09-21T08:01:46.895844315Z,15.482985,120.593718,Cloud to Cloud,-10658,3007,10
2026-09-21T08:01:47.574098568Z,8.454114,134.88478,Cloud to Ground,-13930,0,14
2026-09-21T08:01:48.094126774Z,18.002079,120.848948,Cloud to Cloud,7634,18832,5
2026-09-21T08:01:48.075143240Z,17.992678,120.829103,Cloud to Cloud,9816,3048,6
2026-09-21T08:01:50.312243959Z,7.574749,125.347446,Cloud to Ground,-9597,0,8
2026-09-21T08:01:50.856742499Z,7.677577,125.389942,Cloud to Ground,-16564,0,18
2026-09-21T08:01:50.234673002Z,14.580341,110.177095,Cloud to Ground,43289,0,7
2026-09-21T08:01:50.786377965Z,13.205899,121.117114,Cloud to Ground,42786,0,9
2026-09-21T08:01:50.212084237Z,13.818533,121.524006,Cloud to Cloud,-20166,15392,5
2026-09-21T08:01:51.035076507Z,7.984026,125.976878,Cloud to Ground,-18616,0,7
2026-09-21T08:01:50.979457120Z,7.946404,126.04141,Cloud to Cloud,-11777,15257,6
2026-09-21T08:01:51.685169590Z,16.367121,120.815897,Cloud to Cloud,4060,16732,6
2026-09-21T08:01:52.689644327Z,15.461701,120.587336,Cloud to Cloud,14736,3645,9
2026-09-21T08:01:52.819370716Z,14.566273,110.124153,Cloud to Ground,-64264,0,6
2026-09-21T08:01:52.862957513Z,14.584445,110.133443,Cloud to Cloud,12383,18197,6
2026-09-21T08:01:52.445717000Z,14.5971,110.1228,Cloud to Ground,53558,0,12
2026-09-21T08:01:52.662017379Z,14.592605,110.115887,Cloud to Ground,117399,0,14
2026-09-21T08:01:53.675796216Z,4.27102,115.219238,Cloud to Ground,-18687,0,10
2026-09-21T08:01:53.995880264Z,17.883176,120.835315,Cloud to Cloud,15941,6704,8
2026-09-21T08:01:53.855314834Z,10.115945,128.553928,Cloud to Cloud,16865,9607,7
2026-09-21T08:01:53.289568000Z,14.5075,110.2393,Cloud to Ground,57234,0,11
2026-09-21T08:01:54.266866061Z,0.730284,121.139606,Cloud to Ground,-11654,0,7
2026-09-21T08:01:54.339098628Z,22.961338,111.929187,Cloud to Cloud,-70298,18322,7
2026-09-21T08:01:54.264959911Z,22.945466,111.951536,Cloud to Cloud,-50086,7331,15
2026-09-21T08:01:54.381052197Z,22.952979,111.948001,Cloud to Ground,14622,0,7
2026-09-21T08:01:54.274168000Z,22.9564,112.0969,Cloud to Ground,61190,0,7
2026-09-21T08:01:54.238381553Z,15.56893,120.781561,Cloud to Cloud,-4402,14793,7
2026-09-21T08:01:54.711134595Z,15.416068,120.641364,Cloud to Cloud,10031,18072,8
2026-09-21T08:01:54.778089151Z,15.405925,120.633958,Cloud to Cloud,16262,3005,8
2026-09-21T08:01:55.648579490Z,7.461406,125.397467,Cloud to Ground,12757,0,12
2026-09-21T08:01:55.177897000Z,13.1499,123.7028,Cloud to Ground,-32180,0,11
2026-09-21T08:01:55.259338855Z,13.120294,123.756379,Cloud to Ground,-29752,0,9
2026-09-21T08:01:55.227876000Z,13.1199,123.7458,Cloud to Ground,-17811,0,5
2026-09-21T08:01:56.295937959Z,14.98288,110.259046,Cloud to Ground,29940,0,8
2026-09-21T08:01:56.296469279Z,15.004576,110.256149,Cloud to Ground,34172,0,7
2026-09-21T08:01:56.448365234Z,13.914363,121.503419,Cloud to Cloud,3992,17980,5
2026-09-21T08:01:56.424691865Z,13.913957,121.501738,Cloud to Cloud,6134,19452,5
2026-09-21T08:01:57.784365760Z,8.386701,134.964007,Cloud to Ground,-27024,0,25
2026-09-21T08:01:58.269130841Z,14.610477,110.147904,Cloud to Ground,-14396,0,7
2026-09-21T08:02:00.484678966Z,2.799463,113.019779,Cloud to Ground,-43391,0,17
2026-09-21T08:02:00.489867070Z,2.819177,112.928065,Cloud to Ground,-30085,0,25
2026-09-21T08:02:00.357719547Z,2.989519,112.838418,Cloud to Ground,-124765,0,30
2026-09-21T08:02:00.453336572Z,2.979249,112.852141,Cloud to Ground,-34633,0,22
2026-09-21T08:02:00.712431044Z,2.941713,112.838781,Cloud to Ground,20094,0,6
2026-09-21T08:02:00.578905852Z,2.942732,112.836666,Cloud to Ground,28831,0,11
2026-09-21T08:02:00.450578464Z,2.961304,112.860938,Cloud to Ground,60726,0,16
2026-09-21T08:02:00.514366007Z,2.953916,112.848402,Cloud to Ground,63482,0,14
2026-09-21T08:02:00.679025555Z,2.945022,112.844605,Cloud to Ground,92211,0,22
2026-09-21T08:02:00.388637408Z,10.278812,125.998395,Cloud to Ground,29474,0,11
2026-09-21T08:02:00.404413939Z,22.838239,110.964945,Cloud to Cloud,16543,5472,6
2026-09-21T08:02:00.638523000Z,7.9183,125.9859,Cloud to Ground,19516,0,5
2026-09-21T08:02:00.288449000Z,7.9292,126.0347,Cloud to Ground,26899,0,6
2026-09-21T08:02:01.043925744Z,13.214042,123.658955,Cloud to Ground,-85542,0,9
2026-09-21T08:02:01.065994117Z,13.259998,123.623708,Cloud to Ground,-14535,0,7
2026-09-21T08:02:01.096452233Z,13.268363,123.615927,Cloud to Ground,-12916,0,7
2026-09-21T08:02:01.592436628Z,13.341794,123.596626,Cloud to Cloud,-10595,17293,8
2026-09-21T08:02:01.394041771Z,13.87708,121.452636,Cloud to Ground,-8654,0,7
2026-09-21T08:02:01.368028366Z,13.85069,121.414469,Cloud to Ground,-7907,0,8
2026-09-21T08:02:01.842988434Z,15.414837,120.644681,Cloud to Cloud,29675,13006,8
2026-09-21T08:02:02.904267764Z,8.038072,126.003353,Cloud to Cloud,12384,7504,9
2026-09-21T08:02:02.545632714Z,13.119814,123.72946,Cloud to Ground,12039,0,7
2026-09-21T08:02:02.564451024Z,13.929064,121.504159,Cloud to Cloud,12289,7550,8
2026-09-21T08:02:03.796063453Z,1.797088,114.513995,Cloud to Ground,53861,0,25
2026-09-21T08:02:04.581462198Z,1.672079,113.944808,Cloud to Ground,11090,0,10
2026-09-21T08:02:04.662119913Z,1.671458,113.974593,Cloud to Ground,35220,0,16
2026-09-21T08:02:04.669923062Z,1.310104,110.075539,Cloud to Ground,32979,0,11
2026-09-21T08:02:04.754362591Z,1.333054,110.054004,Cloud to Ground,35635,0,15
2026-09-21T08:02:04.654194318Z,13.235223,121.135003,Cloud to Ground,-26200,0,12
2026-09-21T08:02:04.631134227Z,13.170741,121.163275,Cloud to Cloud,-15028,14210,7
2026-09-21T08:02:04.349051327Z,21.680248,110.88208,Cloud to Cloud,-17649,7089,5
2026-09-21T08:02:05.840732258Z,3.446472,111.732969,Cloud to Ground,-49593,0,13
2026-09-21T08:02:05.844287931Z,3.493996,111.668429,Cloud to Ground,-16364,0,10
2026-09-21T08:02:05.668273672Z,15.478221,120.60398,Cloud to Cloud,-9495,16686,6
2026-09-21T08:02:05.344547461Z,15.484388,120.548156,Cloud to Ground,23399,0,8
2026-09-21T08:02:07.725879052Z,14.584043,110.191966,Cloud to Ground,46727,0,6
2026-09-21T08:02:08.828604396Z,7.955083,125.892758,Cloud to Cloud,-8980,3860,9
2026-09-21T08:02:08.274207350Z,13.207401,121.216596,Cloud to Ground,-7684,0,6
2026-09-21T08:02:08.407233000Z,13.1316,123.7519,Cloud to Ground,-19446,0,8
2026-09-21T08:02:09.884360425Z,2.859893,113.072831,Cloud to Ground,-20229,0,12
2026-09-21T08:02:09.977413940Z,2.861935,113.068949,Cloud to Ground,-17154,0,10
2026-09-21T08:02:09.643121862Z,1.759347,114.267038,Cloud to Ground,17759,0,11
2026-09-21T08:02:09.432700000Z,13.9367,121.4491,Cloud to Ground,-26173,0,9
2026-09-21T08:02:09.555403987Z,13.898416,121.477438,Cloud to Ground,-6253,0,5
2026-09-21T08:02:09.810212000Z,10.5227,123.946,Cloud to Ground,16826,0,8
2026-09-21T08:02:10.091698621Z,7.914991,126.005551,Cloud to Cloud,9614,11572,11
2026-09-21T08:02:10.117159416Z,7.797215,126.133519,Cloud to Cloud,24604,18683,7
2026-09-21T08:02:10.745068800Z,16.096411,121.306278,Cloud to Cloud,-12615,12706,7
2026-09-21T08:02:10.762440151Z,16.058924,121.284171,Cloud to Cloud,12608,4453,7
2026-09-21T08:02:10.786869287Z,21.654533,110.866492,Cloud to Cloud,-19211,6399,7
2026-09-21T08:02:11.700346910Z,7.619807,125.413284,Cloud to Cloud,8244,9578,8
2026-09-21T08:02:11.319929174Z,7.539658,125.471571,Cloud to Cloud,12045,15059,14
2026-09-21T08:02:11.413648396Z,7.541782,125.457476,Cloud to Ground,19109,0,12
2026-09-21T08:02:11.372716853Z,7.541606,125.463457,Cloud to Ground,38936,0,13
2026-09-21T08:02:12.143289789Z,3.937551,114.705901,Cloud to Ground,-13658,0,14
2026-09-21T08:02:12.147131694Z,3.885592,114.740185,Cloud to Ground,20722,0,9
2026-09-21T08:02:12.592915686Z,7.937496,126.132788,Cloud to Ground,11032,0,15
2026-09-21T08:02:12.803385949Z,14.62034,110.107017,Cloud to Ground,43357,0,19
2026-09-21T08:02:12.364282281Z,15.454771,120.549853,Cloud to Cloud,14787,4708,10
2026-09-21T08:02:13.721491170Z,13.125737,123.780885,Cloud to Cloud,4800,19349,5
2026-09-21T08:02:14.087149793Z,13.861795,121.549896,Cloud to Cloud,-11972,18731,8
2026-09-21T08:02:14.139336742Z,13.78084,121.540791,Cloud to Cloud,-6850,6427,8
2026-09-21T08:02:13.645184340Z,13.926899,121.496041,Cloud to Cloud,5041,18306,6
2026-09-21T08:02:14.443724570Z,13.937484,121.521682,Cloud to Cloud,9448,4563,8
2026-09-21T08:02:14.050928950Z,14.435603,110.226787,Cloud to Ground,24528,0,7
2026-09-21T08:02:14.144941188Z,14.610343,110.171986,Cloud to Cloud,-19131,13545,7
2026-09-21T08:02:14.806792642Z,17.938012,120.742193,Cloud to Cloud,14199,7289,7
2026-09-21T08:02:15.742356288Z,15.495969,120.641288,Cloud to Cloud,5851,18412,9
2026-09-21T08:02:15.519156087Z,21.626288,110.854516,Cloud to Cloud,15490,3926,6
2026-09-21T08:02:16.824250618Z,7.492107,125.443544,Cloud to Ground,13871,0,12
2026-09-21T08:02:16.175528395Z,7.893526,126.121132,Cloud to Ground,16050,0,10
2026-09-21T08:02:16.865428181Z,14.5826,110.183684,Cloud to Ground,11027,0,5
2026-09-21T08:02:17.605609342Z,7.797628,126.174191,Cloud to Cloud,24462,18450,10
2026-09-21T08:02:17.856741749Z,8.483919,132.442261,Cloud to Ground,-8721,0,13
2026-09-21T08:02:17.913310617Z,8.677042,132.411341,Cloud to Ground,22920,0,15
2026-09-21T08:02:17.829144667Z,8.597912,132.317009,Cloud to Ground,-23603,0,22
2026-09-21T08:02:18.422196662Z,8.561456,132.299641,Cloud to Ground,-8935,0,26
2026-09-21T08:02:17.861846000Z,8.5761,132.4558,Cloud to Ground,-9760,0,5
2026-09-21T08:02:16.402454190Z,13.198914,121.124794,Cloud to Cloud,-8551,16216,7
2026-09-21T08:02:17.033226699Z,13.160505,121.149943,Cloud to Ground,-8417,0,9
2026-09-21T08:02:17.036725745Z,13.239051,121.170245,Cloud to Cloud,3882,8672,5
2026-09-21T08:02:16.819417103Z,13.213917,121.115203,Cloud to Cloud,4808,18854,6
2026-09-21T08:02:18.992424820Z,16.031283,110.150347,Cloud to Ground,-11289,0,8
2026-09-21T08:02:18.985714786Z,16.005921,110.055108,Cloud to Ground,9844,0,7
2026-09-21T08:02:18.860844399Z,15.566581,120.84024,Cloud to Cloud,6325,7679,7
2026-09-21T08:02:19.309253368Z,7.585298,125.360836,Cloud to Cloud,-24453,17218,14
2026-09-21T08:02:19.057797181Z,13.24521,121.11883,Cloud to Cloud,-5001,7901,6
2026-09-21T08:02:19.726356844Z,16.187684,121.294782,Cloud to Ground,21702,0,16
2026-09-21T08:02:19.257053671Z,15.412874,120.400226,Cloud to Cloud,12826,3039,10
2026-09-21T08:02:20.041194708Z,17.89464,120.842128,Cloud to Cloud,8129,7749,6
2026-09-21T08:02:20.043002947Z,17.896474,120.843639,Cloud to Cloud,9248,19506,7
2026-09-21T08:02:21.404895644Z,15.388123,113.022988,Cloud to Cloud,-14716,9882,7
2026-09-21T08:02:21.456377561Z,22.279814,111.860811,Cloud to Cloud,-18874,3116,8
2026-09-21T08:02:21.465472740Z,22.213376,111.898009,Cloud to Cloud,-17837,3002,11
2026-09-21T08:02:22.789091192Z,7.934025,125.962671,Cloud to Ground,12217,0,14
2026-09-21T08:02:22.705113781Z,14.643607,110.107975,Cloud to Ground,13021,0,6
2026-09-21T08:02:22.340806018Z,14.638553,110.072519,Cloud to Ground,31829,0,8
2026-09-21T08:02:22.938978957Z,14.816078,111.409179,Cloud to Ground,19618,0,8
2026-09-21T08:02:23.931356757Z,9.931589,124.158027,Cloud to Ground,-69070,0,8
2026-09-21T08:02:24.055091078Z,9.883631,124.206768,Cloud to Ground,-21049,0,7
2026-09-21T08:02:23.978566265Z,22.308936,110.8631,Cloud to Ground,-20829,0,6
2026-09-21T08:02:23.976293833Z,22.29012,110.882484,Cloud to Cloud,-17100,3042,7
2026-09-21T08:02:23.346072582Z,13.114267,123.755689,Cloud to Ground,-60913,0,13
2026-09-21T08:02:23.703310880Z,13.104664,123.735934,Cloud to Ground,-16967,0,6
2026-09-21T08:02:24.209693671Z,4.362146,115.131071,Cloud to Cloud,25237,14694,8
2026-09-21T08:02:24.150424742Z,4.433355,115.136645,Cloud to Ground,46559,0,25
2026-09-21T08:02:24.226909970Z,1.787306,114.527052,Cloud to Ground,18299,0,8
2026-09-21T08:02:24.579862409Z,13.288622,123.630726,Cloud to Ground,18964,0,9
2026-09-21T08:02:24.848284393Z,13.91257,121.50723,Cloud to Ground,-40973,0,10
2026-09-21T08:02:25.757970113Z,7.876611,125.905218,Cloud to Cloud,18005,15901,7
2026-09-21T08:02:26.637649709Z,14.877226,110.879789,Cloud to Ground,-31349,0,10
2026-09-21T08:02:26.621898755Z,14.85475,110.804804,Cloud to Cloud,-28782,3286,8
2026-09-21T08:02:26.959014578Z,22.570357,111.149189,Cloud to Cloud,-48977,4822,14
2026-09-21T08:02:26.963643327Z,22.563824,111.129851,Cloud to Cloud,-16784,4081,7
2026-09-21T08:02:26.960839094Z,22.549139,111.014951,Cloud to Ground,25307,0,8
2026-09-21T08:02:27.873856578Z,15.46825,120.635535,Cloud to Cloud,-10847,19623,12
2026-09-21T08:02:27.867292202Z,15.459143,120.574098,Cloud to Cloud,-7858,19401,6
2026-09-21T08:02:27.258035958Z,14.629495,110.169206,Cloud to Ground,40733,0,8
2026-09-21T08:02:27.615383218Z,13.151109,123.751129,Cloud to Ground,-11573,0,8
2026-09-21T08:02:27.268517527Z,13.131193,123.73584,Cloud to Cloud,33015,15204,10
2026-09-21T08:02:27.672529758Z,8.424424,132.69639,Cloud to Cloud,10861,14733,7
2026-09-21T08:02:28.584723066Z,13.923572,121.518159,Cloud to Cloud,9791,3003,7
2026-09-21T08:02:28.287151000Z,8.5234,132.6992,Cloud to Ground,21175,0,7
2026-09-21T08:02:29.263507816Z,7.561293,125.422537,Cloud to Ground,-8513,0,14
2026-09-21T08:02:29.552701858Z,7.487083,125.459466,Cloud to Ground,17071,0,13
2026-09-21T08:02:29.053310925Z,7.985023,125.955701,Cloud to Ground,-9170,0,14
2026-09-21T08:02:30.661784226Z,7.98829,125.904005,Cloud to Cloud,8598,3907,7
2026-09-21T08:02:30.690230459Z,0.843643,113.629345,Cloud to Ground,-18333,0,11
2026-09-21T08:02:30.418981541Z,0.764998,113.635599,Cloud to Ground,12920,0,10
2026-09-21T08:02:30.493504408Z,22.197204,111.934272,Cloud to Ground,-25974,0,7
2026-09-21T08:02:31.435796637Z,15.467198,120.602767,Cloud to Ground,-14096,0,11
2026-09-21T08:02:31.183288181Z,15.411291,120.624773,Cloud to Cloud,15083,5950,9
2026-09-21T08:02:31.411302776Z,10.583356,123.897093,Cloud to Ground,-25008,0,11
2026-09-21T08:02:31.329585000Z,10.5492,123.9993,Cloud to Ground,-24420,0,5
2026-09-21T08:02:31.259863408Z,10.546665,124.056438,Cloud to Ground,-21470,0,11
2026-09-21T08:02:32.202449104Z,3.623672,115.010611,Cloud to Cloud,-16515,3031,12
2026-09-21T08:02:32.365167266Z,10.465968,124.101191,Cloud to Ground,-22846,0,8
2026-09-21T08:02:32.062309000Z,10.52,123.9768,Cloud to Ground,-21314,0,6
2026-09-21T08:02:34.217095497Z,13.121641,123.772978,Cloud to Cloud,5388,15544,6
2026-09-21T08:02:33.911068160Z,13.115133,123.78797,Cloud to Cloud,5658,19302,5
2026-09-21T08:02:34.075541042Z,14.549803,110.136752,Cloud to Ground,19821,0,7
2026-09-21T08:02:33.273092342Z,14.587114,110.144365,Cloud to Ground,22845,0,8
2026-09-21T08:02:33.774903000Z,14.5443,110.1749,Cloud to Ground,38979,0,10
2026-09-21T08:02:34.931449080Z,7.988553,125.943536,Cloud to Ground,-11094,0,7
2026-09-21T08:02:34.685853682Z,22.434169,111.557888,Cloud to Cloud,-34192,5602,12
2026-09-21T08:02:35.743978514Z,7.572774,125.422442,Cloud to Ground,-12943,0,8
2026-09-21T08:02:35.229064431Z,13.87054,121.508111,Cloud to Cloud,-4614,6569,5
2026-09-21T08:02:36.386813192Z,1.320244,110.075566,Cloud to Ground,28193,0,19
2026-09-21T08:02:36.482529046Z,1.318171,110.077321,Cloud to Ground,61827,0,20
2026-09-21T08:02:36.323385792Z,1.322724,110.083898,Cloud to Ground,87002,0,19
2026-09-21T08:02:37.914564945Z,1.687878,110.151641,Cloud to Ground,-18149,0,8
2026-09-21T08:02:37.484998710Z,15.402384,120.702939,Cloud to Cloud,27201,6146,7
2026-09-21T08:02:38.296486606Z,14.574426,110.199619,Cloud to Ground,-11158,0,8
2026-09-21T08:02:37.650775265Z,14.627898,110.161377,Cloud to Ground,59839,0,6
2026-09-21T08:02:38.310316040Z,5.214908,115.498506,Cloud to Ground,-29478,0,22
2026-09-21T08:02:38.290340190Z,5.199135,115.525305,Cloud to Ground,29275,0,12
2026-09-21T08:02:38.138432225Z,13.243671,121.209563,Cloud to Ground,-20557,0,11
2026-09-21T08:02:38.034944248Z,13.260907,121.219039,Cloud to Ground,-12332,0,8
2026-09-21T08:02:38.806080755Z,21.641156,110.90036,Cloud to Cloud,-23852,3083,8
2026-09-21T08:02:38.986382737Z,21.660693,110.877872,Cloud to Cloud,-20505,3049,8
2026-09-21T08:02:38.247689588Z,14.721222,110.126555,Cloud to Ground,43890,0,8
2026-09-21T08:02:39.012628315Z,7.896318,126.082165,Cloud to Ground,21768,0,13
2026-09-21T08:02:39.647009584Z,14.6021,110.180887,Cloud to Ground,48507,0,5
2026-09-21T08:02:41.847356962Z,9.989439,126.319407,Cloud to Ground,23174,0,8
2026-09-21T08:02:41.325005921Z,22.839835,113.729784,Cloud to Ground,-19898,0,8
2026-09-21T08:02:41.074403000Z,13.1736,123.6453,Cloud to Ground,-38271,0,10
2026-09-21T08:02:41.156063000Z,13.1727,123.7226,Cloud to Ground,-33143,0,12
2026-09-21T08:02:41.107341817Z,13.141603,123.750002,Cloud to Ground,-20422,0,9
2026-09-21T08:02:42.575971009Z,8.002938,126.072469,Cloud to Ground,-21615,0,12
2026-09-21T08:02:42.849491118Z,7.948514,125.981876,Cloud to Ground,-19859,0,11
2026-09-21T08:02:42.636947015Z,7.964501,126.024924,Cloud to Ground,-15275,0,25
2026-09-21T08:02:42.335028171Z,7.588571,133.076972,Cloud to Ground,9289,0,16
2026-09-21T08:02:42.451130589Z,7.591292,133.083125,Cloud to Ground,15819,0,18
2026-09-21T08:02:42.032768139Z,7.604806,132.912924,Cloud to Ground,-23968,0,28
2026-09-21T08:02:42.184951577Z,14.711107,121.494577,Cloud to Cloud,21846,4684,10
2026-09-21T08:02:43.443041515Z,8.59605,132.273161,Cloud to Ground,-15628,0,20
2026-09-21T08:02:43.533538333Z,8.596142,132.325874,Cloud to Ground,-11775,0,24
2026-09-21T08:02:43.809655487Z,8.600926,132.323222,Cloud to Ground,-11513,0,23
2026-09-21T08:02:43.681217541Z,8.587855,132.444543,Cloud to Ground,8192,0,10
2026-09-21T08:02:44.001016011Z,8.587063,132.441662,Cloud to Ground,10851,0,17
2026-09-21T08:02:43.645863000Z,8.617,132.3991,Cloud to Ground,13423,0,7
2026-09-21T08:02:43.500005832Z,8.587739,132.449614,Cloud to Ground,19215,0,14
2026-09-21T08:02:43.903591506Z,8.666801,132.423116,Cloud to Cloud,26943,6061,11
2026-09-21T08:02:43.838265808Z,13.209333,121.111275,Cloud to Ground,17880,0,7
2026-09-21T08:02:43.341166752Z,21.730376,111.076843,Cloud to Ground,-17015,0,5
2026-09-21T08:02:43.529951793Z,21.762361,111.073563,Cloud to Ground,44550,0,8
2026-09-21T08:02:43.360926020Z,21.799283,111.04104,Cloud to Ground,169119,0,20
2026-09-21T08:02:44.446883042Z,7.620576,125.586477,Cloud to Ground,-12451,0,12
2026-09-21T08:02:45.283022194Z,1.238804,110.167641,Cloud to Ground,48307,0,15
2026-09-21T08:02:45.145027537Z,15.455912,120.587817,Cloud to Cloud,-5864,4596,8
2026-09-21T08:02:45.087853930Z,15.4692,120.583973,Cloud to Cloud,14497,3004,10
2026-09-21T08:02:45.970147301Z,15.415871,120.621086,Cloud to Cloud,-12496,11128,7
2026-09-21T08:02:45.915860491Z,15.463805,120.556215,Cloud to Cloud,8575,19022,8
2026-09-21T08:02:45.389659056Z,13.231505,121.125445,Cloud to Cloud,4735,18390,6
2026-09-21T08:02:45.272722815Z,13.438954,123.649553,Cloud to Cloud,11896,19149,10
2026-09-21T08:02:46.546331070Z,7.577563,125.418875,Cloud to Cloud,-8162,16337,10
2026-09-21T08:02:46.533852830Z,22.920616,110.861773,Cloud to Cloud,-16877,4883,7
2026-09-21T08:02:47.955795410Z,14.572948,110.172455,Cloud to Ground,41736,0,7
2026-09-21T08:02:47.876301541Z,14.621443,110.224568,Cloud to Ground,73837,0,6
2026-09-21T08:02:48.569540330Z,7.885241,126.075128,Cloud to Ground,19582,0,12
2026-09-21T08:02:48.496812656Z,8.307947,134.441634,Cloud to Ground,-72740,0,31
2026-09-21T08:02:48.580508963Z,8.306525,134.446138,Cloud to Ground,-16360,0,25
2026-09-21T08:02:48.946143361Z,8.339216,134.376522,Cloud to Ground,-15705,0,17
2026-09-21T08:02:48.606519284Z,8.370031,134.451844,Cloud to Ground,-8873,0,16
2026-09-21T08:02:48.554233086Z,8.3243,134.457967,Cloud to Ground,38396,0,26
2026-09-21T08:02:48.556910612Z,22.8026,113.97893,Cloud to Ground,-46030,0,7
2026-09-21T08:02:48.621317581Z,21.628344,110.781919,Cloud to Ground,24794,0,10
2026-09-21T08:02:48.525459377Z,21.590813,110.911963,Cloud to Ground,29954,0,10
2026-09-21T08:02:49.430313569Z,9.909442,126.549832,Cloud to Ground,-24676,0,8
2026-09-21T08:02:49.946090993Z,13.223002,121.212743,Cloud to Cloud,4666,17743,5
2026-09-21T08:02:49.031809926Z,22.457054,110.82462,Cloud to Ground,16126,0,6
2026-09-21T08:02:50.179084544Z,13.094392,123.792978,Cloud to Ground,20324,0,11
2026-09-21T08:02:52.629584493Z,7.892969,126.080842,Cloud to Ground,16714,0,11
2026-09-21T08:02:52.973983113Z,10.121766,128.718039,Cloud to Ground,-12798,0,25
2026-09-21T08:02:52.917755577Z,10.158433,128.630336,Cloud to Ground,-61048,0,8
2026-09-21T08:02:53.488318216Z,10.186942,128.624709,Cloud to Ground,16376,0,12
2026-09-21T08:02:53.485612461Z,10.129508,128.604164,Cloud to Ground,17339,0,20
2026-09-21T08:02:52.354316664Z,14.633362,110.16127,Cloud to Ground,-37245,0,7
2026-09-21T08:02:53.695972424Z,10.122587,128.497968,Cloud to Ground,-13383,0,7
2026-09-21T08:02:53.683681622Z,10.021021,128.527717,Cloud to Cloud,13967,3005,15
2026-09-21T08:02:54.563321029Z,15.4218,113.021376,Cloud to Cloud,-14155,5695,8
2026-09-21T08:02:54.369541796Z,14.625679,110.180862,Cloud to Ground,-19598,0,6
2026-09-21T08:02:54.107221402Z,15.907695,120.856406,Cloud to Ground,23131,0,9
2026-09-21T08:02:54.263629923Z,13.894824,121.383963,Cloud to Ground,-19688,0,10
2026-09-21T08:02:53.824849789Z,13.899185,121.391282,Cloud to Ground,-12334,0,7
2026-09-21T08:02:53.853121137Z,13.894875,121.384337,Cloud to Ground,-6924,0,5
2026-09-21T08:02:55.359681689Z,17.761174,120.909022,Cloud to Cloud,8409,3060,7
2026-09-21T08:02:55.361334086Z,17.738332,120.800996,Cloud to Cloud,8690,19694,6
2026-09-21T08:02:56.257246834Z,7.596904,125.36771,Cloud to Cloud,-13796,15268,10
2026-09-21T08:02:57.861302457Z,4.254296,114.650759,Cloud to Ground,-37636,0,17
2026-09-21T08:02:57.923126036Z,11.986526,120.36407,Cloud to Cloud,-10650,14881,7
2026-09-21T08:02:57.884056220Z,12.074787,120.324606,Cloud to Ground,-120786,0,11
2026-09-21T08:02:57.924504000Z,12.0658,120.297,Cloud to Ground,-40381,0,8
2026-09-21T08:02:57.738331467Z,15.481624,120.53212,Cloud to Ground,-34456,0,7
2026-09-21T08:02:57.868345000Z,4.2819,114.9239,Cloud to Ground,-70528,0,10
2026-09-21T08:02:58.583144374Z,8.387319,134.95462,Cloud to Ground,-33436,0,23
2026-09-21T08:02:58.237760581Z,11.63092,125.689563,Cloud to Ground,-36186,0,11
2026-09-21T08:02:58.272044714Z,11.663882,125.764518,Cloud to Ground,-20585,0,22
2026-09-21T08:02:58.319719822Z,11.63785,125.758143,Cloud to Ground,-20185,0,16
2026-09-21T08:02:58.609597958Z,14.549336,110.195897,Cloud to Ground,13439,0,5
2026-09-21T08:02:58.173913396Z,14.530578,110.19755,Cloud to Ground,40727,0,8
2026-09-21T08:03:01.369170225Z,15.148224,110.65298,Cloud to Ground,-58479,0,10
2026-09-21T08:03:01.878886000Z,15.233,110.7273,Cloud to Ground,-44587,0,7
2026-09-21T08:03:01.422285161Z,15.137538,110.584179,Cloud to Ground,-31340,0,8
2026-09-21T08:03:01.363069747Z,15.159841,110.582647,Cloud to Ground,-24376,0,7
2026-09-21T08:03:01.877920791Z,15.185019,110.639564,Cloud to Ground,14483,0,7
2026-09-21T08:03:01.881666682Z,15.202861,110.672551,Cloud to Ground,36555,0,8
2026-09-21T08:03:01.406121557Z,15.17506,110.683286,Cloud to Ground,38789,0,7
2026-09-21T08:03:01.886314257Z,15.155021,110.686095,Cloud to Ground,49122,0,6
2026-09-21T08:03:01.031879333Z,13.114524,123.756252,Cloud to Ground,-29725,0,9
2026-09-21T08:03:00.971867000Z,13.1144,123.7653,Cloud to Ground,-25732,0,5
2026-09-21T08:03:00.997984459Z,13.111926,123.764568,Cloud to Ground,-13244,0,5
2026-09-21T08:03:01.216017218Z,13.113415,123.7649,Cloud to Ground,-6349,0,6
2026-09-21T08:03:01.123436000Z,13.1319,123.6324,Cloud to Ground,-15913,0,5
2026-09-21T08:03:02.179829269Z,7.942727,125.97942,Cloud to Cloud,-9982,15987,9
2026-09-21T08:03:02.937408239Z,13.278111,123.632912,Cloud to Ground,30006,0,8
2026-09-21T08:03:02.483683000Z,14.4952,121.5443,Cloud to Ground,-6588,0,8
2026-09-21T08:03:03.411397405Z,7.740533,126.102651,Cloud to Ground,23813,0,10
2026-09-21T08:03:03.489697714Z,4.780829,111.492476,Cloud to Ground,-29157,0,5
2026-09-21T08:03:03.227907177Z,4.830916,111.463148,Cloud to Ground,18680,0,16
2026-09-21T08:03:03.225571105Z,4.763658,111.485014,Cloud to Ground,25542,0,5
2026-09-21T08:03:03.711760006Z,13.242325,121.104482,Cloud to Cloud,8467,19077,7
2026-09-21T08:03:03.063170570Z,13.869105,121.466281,Cloud to Ground,-15050,0,8
2026-09-21T08:03:03.199194140Z,14.621229,110.163245,Cloud to Ground,51688,0,8
2026-09-21T08:03:04.432069156Z,10.326213,125.944269,Cloud to Ground,-51977,0,32
2026-09-21T08:03:04.495573221Z,10.337556,125.860421,Cloud to Ground,-23993,0,14
2026-09-21T08:03:04.626791493Z,10.280546,125.940887,Cloud to Ground,-22214,0,23
2026-09-21T08:03:04.378935833Z,10.300086,126.048846,Cloud to Ground,-99467,0,9
2026-09-21T08:03:04.399224949Z,10.299987,126.067587,Cloud to Ground,11625,0,8
2026-09-21T08:03:04.712509031Z,10.363685,126.069995,Cloud to Ground,27043,0,9
2026-09-21T08:03:05.078975190Z,7.581816,133.076904,Cloud to Ground,12330,0,16
2026-09-21T08:03:06.818570406Z,8.017895,126.002064,Cloud to Ground,-12303,0,10
2026-09-21T08:03:06.066914518Z,7.860604,125.965983,Cloud to Cloud,26925,18815,7
2026-09-21T08:03:06.368492724Z,15.480585,120.586401,Cloud to Cloud,-9961,4481,10
2026-09-21T08:03:07.762556228Z,13.931224,121.528364,Cloud to Cloud,12901,5256,7
2026-09-21T08:03:09.134140342Z,9.700288,123.980743,Cloud to Ground,-34109,0,26
2026-09-21T08:03:09.181835488Z,9.717959,124.043783,Cloud to Ground,-24383,0,13
2026-09-21T08:03:08.987542000Z,9.6086,124.0593,Cloud to Ground,-80180,0,8
2026-09-21T08:03:09.298368515Z,9.623889,124.031232,Cloud to Ground,-52417,0,11
2026-09-21T08:03:09.231934595Z,9.62331,124.035122,Cloud to Ground,-42756,0,11
2026-09-21T08:03:09.087317199Z,9.612005,124.044659,Cloud to Ground,-28108,0,7
2026-09-21T08:03:09.011029000Z,9.6019,123.8301,Cloud to Ground,-22209,0,9
2026-09-21T08:03:09.878842493Z,10.345736,128.854076,Cloud to Ground,-32857,0,15
2026-09-21T08:03:09.541708409Z,13.378562,123.559583,Cloud to Ground,-53122,0,11
2026-09-21T08:03:10.161197000Z,14.6074,110.1496,Cloud to Ground,-22608,0,5
2026-09-21T08:03:11.703059624Z,22.336149,111.609969,Cloud to Cloud,-16804,3044,11
2026-09-21T08:03:11.599533292Z,22.431163,110.859396,Cloud to Cloud,-19917,4236,8
2026-09-21T08:03:11.818432724Z,22.386154,110.909805,Cloud to Ground,49988,0,10
2026-09-21T08:03:11.943733159Z,22.501134,110.854156,Cloud to Ground,73114,0,14
2026-09-21T08:03:11.624667273Z,22.371655,110.896424,Cloud to Ground,75615,0,14
2026-09-21T08:03:11.571370010Z,14.596866,110.169387,Cloud to Ground,-18612,0,8
2026-09-21T08:03:11.647597000Z,14.6329,110.1395,Cloud to Ground,21401,0,7
2026-09-21T08:03:11.706863218Z,13.919177,121.500355,Cloud to Cloud,11926,16225,6
2026-09-21T08:03:12.073814262Z,1.703679,114.345344,Cloud to Ground,-17189,0,10
2026-09-21T08:03:13.267818583Z,7.486734,125.416537,Cloud to Ground,13964,0,13
2026-09-21T08:03:13.328951160Z,7.487586,125.4149,Cloud to Ground,21944,0,11
2026-09-21T08:03:12.895420917Z,7.471799,125.455194,Cloud to Ground,29112,0,20
2026-09-21T08:03:12.223545857Z,22.32093,110.739662,Cloud to Ground,22480,0,6
2026-09-21T08:03:13.133378061Z,7.454817,125.316263,Cloud to Cloud,34374,13390,8
2026-09-21T08:03:14.274325997Z,8.159902,134.141593,Cloud to Ground,-9026,0,16
2026-09-21T08:03:14.992507108Z,15.484351,120.793103,Cloud to Cloud,-14331,7612,8
2026-09-21T08:03:14.806881444Z,15.402366,120.639124,Cloud to Cloud,7850,19923,6
2026-09-21T08:03:14.789075758Z,15.421455,120.634291,Cloud to Cloud,13200,19941,11
2026-09-21T08:03:15.300362078Z,13.137737,123.739132,Cloud to Ground,-38004,0,12
2026-09-21T08:03:15.408915000Z,13.1795,123.7597,Cloud to Ground,-27144,0,7
2026-09-21T08:03:14.648909761Z,13.136593,123.743092,Cloud to Ground,-16335,0,11
2026-09-21T08:03:15.508598125Z,13.138894,123.745095,Cloud to Ground,-11300,0,7
2026-09-21T08:03:15.441618375Z,13.134566,121.167617,Cloud to Cloud,12837,6491,8
2026-09-21T08:03:16.123846218Z,14.909627,110.318221,Cloud to Ground,-74327,0,13
2026-09-21T08:03:16.112804288Z,14.917155,110.262231,Cloud to Cloud,-36032,16504,9
2026-09-21T08:03:16.231839611Z,14.936949,110.282987,Cloud to Cloud,-22198,3067,14
2026-09-21T08:03:16.183546315Z,14.914706,110.245507,Cloud to Ground,23292,0,7
2026-09-21T08:03:16.277177645Z,13.211679,121.126109,Cloud to Ground,-5232,0,5
2026-09-21T08:03:16.879959809Z,22.818184,110.996839,Cloud to Cloud,-19564,3106,8
2026-09-21T08:03:16.335944579Z,12.875948,123.836289,Cloud to Ground,35271,0,7
2026-09-21T08:03:17.269285376Z,22.879642,113.707469,Cloud to Cloud,-22193,6358,8
2026-09-21T08:03:18.711705990Z,22.867169,110.891591,Cloud to Ground,18927,0,10
2026-09-21T08:03:18.331135543Z,14.97616,110.265075,Cloud to Ground,48745,0,8
2026-09-21T08:03:18.540170224Z,13.866767,121.41643,Cloud to Cloud,14623,12322,7
2026-09-21T08:03:19.712384568Z,10.543727,129.17965,Cloud to Cloud,9708,5701,11
2026-09-21T08:03:19.709187000Z,10.0408,128.8727,Cloud to Ground,-32639,0,5
2026-09-21T08:03:19.868957614Z,13.936,121.500428,Cloud to Cloud,12361,18314,8
2026-09-21T08:03:19.695232235Z,15.450341,120.597486,Cloud to Cloud,-15587,16894,10
2026-09-21T08:03:20.252441432Z,13.830498,121.527856,Cloud to Cloud,20829,4575,13
2026-09-21T08:03:20.412175179Z,14.637822,110.151343,Cloud to Ground,71541,0,5
2026-09-21T08:03:20.105105840Z,10.637515,122.909421,Cloud to Ground,-24159,0,8
2026-09-21T08:03:21.760895324Z,3.494168,111.723219,Cloud to Ground,-88581,0,9
2026-09-21T08:03:21.872811019Z,3.496259,111.646014,Cloud to Ground,-16833,0,11
2026-09-21T08:03:21.049835730Z,7.500451,125.386379,Cloud to Ground,-9807,0,7
2026-09-21T08:03:21.152761623Z,14.641625,110.166306,Cloud to Ground,66403,0,5
2026-09-21T08:03:22.436352140Z,7.601957,125.359186,Cloud to Ground,-81545,0,18
2026-09-21T08:03:22.354107597Z,7.590689,125.412321,Cloud to Ground,-31682,0,19
2026-09-21T08:03:22.473319362Z,7.510823,125.427489,Cloud to Ground,-27137,0,17
2026-09-21T08:03:24.335419539Z,13.112716,123.703966,Cloud to Ground,36524,0,14
2026-09-21T08:03:24.456122690Z,17.967463,120.779895,Cloud to Cloud,-19021,13253,7
2026-09-21T08:03:25.309870008Z,2.841828,113.082969,Cloud to Ground,-29379,0,18
2026-09-21T08:03:25.681246105Z,2.85079,113.060986,Cloud to Ground,18846,0,11
2026-09-21T08:03:25.430666338Z,2.859768,113.081073,Cloud to Ground,21026,0,7
2026-09-21T08:03:25.300998178Z,2.854524,113.067352,Cloud to Ground,25886,0,9
2026-09-21T08:03:25.400185396Z,2.854498,113.113236,Cloud to Ground,40832,0,13
2026-09-21T08:03:25.879351737Z,2.857964,113.076634,Cloud to Ground,42882,0,17
2026-09-21T08:03:25.957132666Z,2.857728,113.068555,Cloud to Ground,44620,0,20
2026-09-21T08:03:25.267912386Z,2.858056,113.075142,Cloud to Ground,94684,0,18
2026-09-21T08:03:25.785268427Z,15.453752,120.542807,Cloud to Ground,38034,0,10
2026-09-21T08:03:25.584511397Z,21.633694,110.869418,Cloud to Cloud,-23064,17418,8
2026-09-21T08:03:25.927760678Z,21.799664,110.899072,Cloud to Ground,77456,0,14
2026-09-21T08:03:25.533492732Z,13.902069,121.448108,Cloud to Cloud,5325,8876,7
2026-09-21T08:03:26.241213849Z,2.759661,112.966828,Cloud to Ground,20337,0,8
2026-09-21T08:03:26.135321356Z,0.749997,113.650733,Cloud to Ground,-24581,0,15
2026-09-21T08:03:25.933613136Z,0.779362,113.614502,Cloud to Ground,15663,0,12
2026-09-21T08:03:26.026431234Z,21.810456,111.025903,Cloud to Ground,13972,0,9
2026-09-21T08:03:26.390598004Z,21.813743,111.022815,Cloud to Cloud,24285,5651,7
2026-09-21T08:03:26.445231542Z,21.780242,111.047467,Cloud to Ground,29267,0,6
2026-09-21T08:03:26.051668208Z,21.770869,111.049582,Cloud to Cloud,34365,7514,7
2026-09-21T08:03:26.500143029Z,21.769086,111.063037,Cloud to Ground,36596,0,9
2026-09-21T08:03:27.111493962Z,7.782386,126.137673,Cloud to Cloud,26052,9995,7
2026-09-21T08:03:27.707874702Z,14.581645,110.019854,Cloud to Ground,17410,0,8
2026-09-21T08:03:27.410259254Z,16.196938,121.385126,Cloud to Cloud,12747,5213,7
2026-09-21T08:03:27.615978305Z,16.115659,121.285969,Cloud to Cloud,-11989,4626,8
2026-09-21T08:03:28.744020741Z,7.933307,125.982436,Cloud to Cloud,9839,8994,11
2026-09-21T08:03:28.425598208Z,8.005904,126.067214,Cloud to Cloud,6805,11003,13
2026-09-21T08:03:28.340134888Z,14.510912,110.170411,Cloud to Cloud,-17216,18990,6
2026-09-21T08:03:28.205547141Z,14.545672,110.222119,Cloud to Cloud,-9729,14719,7
2026-09-21T08:03:27.732211328Z,14.577127,110.121977,Cloud to Ground,14797,0,5
2026-09-21T08:03:28.251132882Z,14.549705,110.205854,Cloud to Ground,21549,0,6
2026-09-21T08:03:28.937223586Z,13.915209,121.515742,Cloud to Cloud,3683,19035,5
2026-09-21T08:03:29.837007639Z,14.576545,110.172282,Cloud to Ground,33716,0,8
2026-09-21T08:03:31.053008816Z,1.279622,110.011521,Cloud to Ground,18801,0,9
2026-09-21T08:03:30.902174608Z,1.319857,110.053225,Cloud to Ground,28919,0,14
2026-09-21T08:03:30.821509428Z,1.320003,110.081877,Cloud to Ground,30680,0,18
2026-09-21T08:03:30.796344530Z,1.319377,110.084991,Cloud to Ground,49129,0,20
2026-09-21T08:03:30.740961111Z,1.32757,110.096591,Cloud to Ground,84333,0,18
2026-09-21T08:03:30.301761947Z,8.021984,125.974127,Cloud to Cloud,8613,14629,7
2026-09-21T08:03:30.967073711Z,15.501574,120.759347,Cloud to Cloud,-3109,8236,7
2026-09-21T08:03:30.978881249Z,15.457693,120.798647,Cloud to Cloud,13385,3004,12
2026-09-21T08:03:31.750217633Z,13.243621,123.621415,Cloud to Ground,-48508,0,14
2026-09-21T08:03:31.817405038Z,13.256406,123.639862,Cloud to Ground,-36010,0,13
2026-09-21T08:03:32.092980529Z,13.198604,123.670381,Cloud to Cloud,-19729,4854,7
2026-09-21T08:03:31.881132359Z,13.246711,123.647823,Cloud to Cloud,-15902,3053,7
2026-09-21T08:03:31.882067648Z,13.191196,123.652755,Cloud to Cloud,-15820,18542,6
2026-09-21T08:03:32.092253171Z,13.203221,123.696085,Cloud to Cloud,14631,6281,12
2026-09-21T08:03:31.075274876Z,14.757424,121.425899,Cloud to Cloud,-7140,3635,7
2026-09-21T08:03:32.934850892Z,8.259476,134.329136,Cloud to Ground,-24832,0,21
2026-09-21T08:03:32.731943354Z,8.30592,134.198637,Cloud to Ground,-26454,0,34
2026-09-21T08:03:33.585298188Z,1.660403,113.821326,Cloud to Ground,71114,0,34
2026-09-21T08:03:33.930264928Z,15.415237,120.637131,Cloud to Cloud,16709,5862,9
2026-09-21T08:03:34.158913805Z,8.565343,132.3091,Cloud to Ground,-32172,0,32
2026-09-21T08:03:34.269783073Z,8.54633,132.286274,Cloud to Ground,-17841,0,10
2026-09-21T08:03:34.371816757Z,8.552075,132.311377,Cloud to Cloud,-12896,13874,23
2026-09-21T08:03:34.416334287Z,8.556122,132.425294,Cloud to Ground,-20699,0,20
2026-09-21T08:03:34.246070228Z,8.565349,132.430445,Cloud to Ground,-13369,0,11
2026-09-21T08:03:34.455621870Z,8.561089,132.464218,Cloud to Cloud,12578,10604,15
2026-09-21T08:03:35.153196980Z,3.938369,115.061626,Cloud to Ground,22739,0,21
2026-09-21T08:03:36.509140222Z,12.804631,123.88226,Cloud to Cloud,26297,5717,9
2026-09-21T08:03:36.834000856Z,13.100861,123.753561,Cloud to Ground,-43867,0,14
2026-09-21T08:03:36.988437354Z,13.101555,123.760445,Cloud to Ground,-16864,0,9
2026-09-21T08:03:36.993883920Z,13.10455,123.761415,Cloud to Ground,-9698,0,6
2026-09-21T08:03:36.888694829Z,14.602182,110.100068,Cloud to Ground,79957,0,8
2026-09-21T08:03:36.055079469Z,10.093412,128.480408,Cloud to Ground,-30132,0,8
2026-09-21T08:03:36.012351613Z,10.074342,128.659256,Cloud to Ground,-53547,0,9
2026-09-21T08:03:36.161321330Z,10.109628,128.711408,Cloud to Ground,-31860,0,10
2026-09-21T08:03:36.187213719Z,10.081394,128.583525,Cloud to Ground,-16104,0,11
2026-09-21T08:03:36.098718574Z,10.174301,128.676117,Cloud to Ground,23596,0,10
2026-09-21T08:03:36.257521007Z,21.631245,110.888484,Cloud to Ground,-31621,0,6
2026-09-21T08:03:36.045605975Z,21.676958,110.848741,Cloud to Cloud,18228,5135,6
2026-09-21T08:03:36.337529257Z,21.684644,110.840542,Cloud to Ground,26640,0,7
2026-09-21T08:03:36.956083692Z,13.903182,121.490172,Cloud to Ground,-44479,0,12
2026-09-21T08:03:36.515599119Z,17.983045,120.831927,Cloud to Cloud,14883,6239,6
2026-09-21T08:03:37.474833377Z,7.961486,126.074203,Cloud to Ground,16812,0,13
2026-09-21T08:03:37.520761944Z,7.960124,126.048587,Cloud to Ground,16842,0,11
2026-09-21T08:03:37.092398742Z,22.866373,111.875644,Cloud to Cloud,-14870,6275,12
2026-09-21T08:03:38.220725018Z,4.873186,111.847222,Cloud to Ground,-15368,0,15
2026-09-21T08:03:38.851971402Z,15.482774,120.579341,Cloud to Ground,9020,0,11
2026-09-21T08:03:38.326375061Z,13.133443,123.74886,Cloud to Ground,15293,0,8
2026-09-21T08:03:39.107156497Z,4.406731,115.003281,Cloud to Cloud,25959,15536,14
2026-09-21T08:03:39.656560607Z,13.897669,121.372513,Cloud to Cloud,17886,3036,8
2026-09-21T08:03:40.500235039Z,13.210032,121.124528,Cloud to Cloud,5019,7457,6
2026-09-21T08:03:40.438324817Z,13.141126,121.17315,Cloud to Cloud,18007,6894,8
2026-09-21T08:03:40.284564340Z,13.199342,121.117895,Cloud to Ground,29325,0,8
2026-09-21T08:03:40.425972108Z,14.560702,110.102281,Cloud to Ground,21434,0,10
2026-09-21T08:03:40.656831416Z,14.567993,110.106636,Cloud to Ground,26303,0,8
2026-09-21T08:03:41.267326859Z,22.163474,111.950222,Cloud to Cloud,18176,7311,7
2026-09-21T08:03:41.238393801Z,22.095651,111.993318,Cloud to Ground,29454,0,12
2026-09-21T08:03:42.776671608Z,2.879444,110.824362,Cloud to Ground,-14659,0,16
2026-09-21T08:03:42.773817245Z,2.817575,110.893519,Cloud to Ground,21449,0,8
2026-09-21T08:03:42.379535540Z,17.97194,120.729909,Cloud to Cloud,-19532,13078,8
2026-09-21T08:03:43.242275182Z,13.021541,123.816345,Cloud to Cloud,21159,7825,12
2026-09-21T08:03:43.780698080Z,13.457289,123.655178,Cloud to Cloud,-29817,19479,12
2026-09-21T08:03:44.293996007Z,13.243678,121.226395,Cloud to Ground,-16532,0,9
2026-09-21T08:03:44.205295435Z,13.244422,121.219287,Cloud to Ground,-11102,0,9
2026-09-21T08:03:44.747249658Z,13.90467,121.503633,Cloud to Ground,-29044,0,8
2026-09-21T08:03:44.995870528Z,13.943532,121.507012,Cloud to Cloud,-13913,14757,6
2026-09-21T08:03:45.126926950Z,13.902705,121.514502,Cloud to Cloud,-7205,16807,6
2026-09-21T08:03:45.686031196Z,13.923913,121.500796,Cloud to Cloud,8306,15886,9
2026-09-21T08:03:44.311114267Z,15.564635,120.787348,Cloud to Cloud,-8828,17784,8
2026-09-21T08:03:45.042843006Z,22.252656,110.753334,Cloud to Ground,-20845,0,5
2026-09-21T08:03:46.990472110Z,7.453811,125.442754,Cloud to Cloud,-16513,3026,26
2026-09-21T08:03:46.432716860Z,7.988551,125.982916,Cloud to Cloud,13371,18953,7
2026-09-21T08:03:46.082114022Z,13.054009,123.76426,Cloud to Cloud,10910,16436,8
2026-09-21T08:03:47.686601059Z,7.817847,126.090649,Cloud to Ground,30227,0,7
2026-09-21T08:03:47.357330529Z,11.694749,125.066052,Cloud to Ground,-36071,0,9
2026-09-21T08:03:47.581458955Z,11.692515,125.110475,Cloud to Ground,-28935,0,9
2026-09-21T08:03:47.758428140Z,11.692174,125.11155,Cloud to Ground,-27883,0,10
2026-09-21T08:03:47.675888142Z,11.690384,125.107005,Cloud to Ground,-19952,0,10
2026-09-21T08:03:47.847260133Z,11.690516,125.107267,Cloud to Ground,-12658,0,7
2026-09-21T08:03:48.110414338Z,15.452907,120.538983,Cloud to Ground,22575,0,9
2026-09-21T08:03:48.302642859Z,15.4675,120.546054,Cloud to Ground,67613,0,10
2026-09-21T08:03:49.191524529Z,2.844981,113.07433,Cloud to Ground,21282,0,8
2026-09-21T08:03:49.725119626Z,15.400743,120.639,Cloud to Cloud,25889,13342,12
2026-09-21T08:03:49.587592270Z,14.593656,110.175383,Cloud to Cloud,-24918,15114,5
2026-09-21T08:03:49.466090630Z,14.584286,110.121751,Cloud to Ground,18169,0,9
2026-09-21T08:03:49.450706247Z,14.588395,110.123519,Cloud to Ground,27490,0,7
2026-09-21T08:03:50.420618769Z,14.627345,110.160583,Cloud to Ground,52351,0,6
2026-09-21T08:03:50.388979038Z,22.87971,113.641597,Cloud to Ground,22110,0,12
2026-09-21T08:03:50.389388613Z,22.976304,113.62948,Cloud to Cloud,20357,4535,9
2026-09-21T08:03:51.099050435Z,6.024521,117.082372,Cloud to Ground,27865,0,15
2026-09-21T08:03:51.531147081Z,8.36537,134.894695,Cloud to Ground,-14778,0,16
2026-09-21T08:03:51.998272541Z,15.512078,120.681471,Cloud to Cloud,-5138,19858,8
2026-09-21T08:03:51.678682149Z,13.279889,123.626743,Cloud to Cloud,6729,16209,6
2026-09-21T08:03:51.678043650Z,13.278676,123.627554,Cloud to Cloud,7003,16231,6
2026-09-21T08:03:51.846695966Z,13.066003,123.752695,Cloud to Cloud,9940,3138,10
2026-09-21T08:03:51.231107361Z,13.06258,123.701222,Cloud to Cloud,14776,3001,6
2026-09-21T08:03:52.128896311Z,7.490292,125.437601,Cloud to Cloud,12065,15855,13
2026-09-21T08:03:52.312536199Z,15.572357,113.204565,Cloud to Cloud,-13784,4040,8
2026-09-21T08:03:52.069770563Z,15.402546,112.986377,Cloud to Cloud,-12481,17907,7
2026-09-21T08:03:52.106211972Z,15.35974,112.924267,Cloud to Cloud,16876,4807,10
2026-09-21T08:03:52.061885915Z,15.399607,113.002387,Cloud to Cloud,20974,3172,6
2026-09-21T08:03:52.856910501Z,15.417255,120.650143,Cloud to Cloud,1700,5159,5
2026-09-21T08:03:54.340835656Z,14.969988,111.452053,Cloud to Ground,-23252,0,9
2026-09-21T08:03:53.751789448Z,14.891941,111.389507,Cloud to Ground,14529,0,9
2026-09-21T08:03:54.337573189Z,14.96878,111.396658,Cloud to Ground,20215,0,8
2026-09-21T08:03:53.753992678Z,14.861095,111.36979,Cloud to Ground,30244,0,6
2026-09-21T08:03:53.665837131Z,14.855873,111.32057,Cloud to Ground,36998,0,7
2026-09-21T08:03:53.601335006Z,13.880093,121.368988,Cloud to Ground,-24842,0,6
2026-09-21T08:03:53.724698000Z,13.8793,121.3298,Cloud to Ground,-23185,0,10
2026-09-21T08:03:53.858222133Z,13.900165,121.358798,Cloud to Ground,-9806,0,6
2026-09-21T08:03:54.106123183Z,13.901011,121.357127,Cloud to Ground,-9131,0,7
2026-09-21T08:03:54.232918468Z,13.89943,121.359184,Cloud to Ground,-9116,0,7
2026-09-21T08:03:54.003136911Z,13.897469,121.356786,Cloud to Ground,-7597,0,6
2026-09-21T08:03:54.952840876Z,15.469884,120.544959,Cloud to Cloud,23567,16721,5
2026-09-21T08:03:57.324887231Z,7.510481,125.479541,Cloud to Ground,24938,0,11
2026-09-21T08:03:57.713367758Z,13.120488,123.757561,Cloud to Ground,-37631,0,12
2026-09-21T08:03:57.905207332Z,13.124883,123.765277,Cloud to Ground,-22771,0,8
2026-09-21T08:03:57.820743474Z,13.120791,123.791719,Cloud to Ground,-21044,0,8
2026-09-21T08:03:58.105434741Z,13.122893,123.758532,Cloud to Ground,-9602,0,6
2026-09-21T08:03:57.823138581Z,13.117122,123.750353,Cloud to Cloud,-7050,16138,6
2026-09-21T08:03:58.412725891Z,7.813261,126.110835,Cloud to Cloud,40440,18931,9
2026-09-21T08:03:58.050808395Z,13.891419,121.47813,Cloud to Cloud,-4828,16788,5
2026-09-21T08:03:58.610639199Z,21.666449,110.856383,Cloud to Cloud,-25950,7763,6
2026-09-21T08:03:59.158289967Z,2.259178,112.648433,Cloud to Ground,-34349,0,15
2026-09-21T08:03:59.175502668Z,2.320186,112.618149,Cloud to Ground,-20342,0,12
2026-09-21T08:03:59.677991577Z,15.436885,120.566667,Cloud to Cloud,16093,6335,6
2026-09-21T08:03:59.763832257Z,15.537157,120.735834,Cloud to Ground,-24927,0,9
2026-09-21T08:04:00.203962808Z,15.53533,120.648836,Cloud to Cloud,9494,13638,11
2026-09-21T08:03:59.538616000Z,15.8099,121.2508,Cloud to Ground,22779,0,11
2026-09-21T08:04:00.589033350Z,8.37063,134.847583,Cloud to Ground,59282,0,18
2026-09-21T08:04:01.555237757Z,21.625663,110.88406,Cloud to Cloud,-33711,3675,13
2026-09-21T08:04:00.827678167Z,14.623138,110.153174,Cloud to Ground,-17159,0,6
2026-09-21T08:04:01.329037378Z,14.547932,110.145311,Cloud to Ground,73986,0,7
2026-09-21T08:04:02.326234508Z,7.485432,125.391899,Cloud to Ground,8055,0,11
2026-09-21T08:04:02.247309682Z,10.557624,124.067891,Cloud to Ground,56256,0,17
2026-09-21T08:04:03.174402820Z,7.904178,126.010375,Cloud to Cloud,8003,18635,12
2026-09-21T08:04:03.200783023Z,7.907227,126.052422,Cloud to Ground,20915,0,9
2026-09-21T08:04:03.292985603Z,22.57432,111.122147,Cloud to Cloud,-27551,4625,9
2026-09-21T08:04:03.404248044Z,17.944053,120.748347,Cloud to Cloud,14370,7770,7
2026-09-21T08:04:04.314144763Z,7.556261,125.373077,Cloud to Cloud,7178,19297,7
2026-09-21T08:04:04.821664226Z,8.156588,134.144749,Cloud to Ground,-9202,0,14
2026-09-21T08:04:04.540471589Z,15.336291,110.894693,Cloud to Cloud,-21702,18581,6
2026-09-21T08:04:05.315834476Z,2.841234,113.056975,Cloud to Ground,-12814,0,10
2026-09-21T08:04:05.813406300Z,8.283827,134.330522,Cloud to Ground,-33003,0,20
2026-09-21T08:04:05.680494575Z,8.320806,134.378069,Cloud to Ground,12065,0,10
2026-09-21T08:04:05.737087684Z,8.309906,134.342936,Cloud to Ground,20730,0,12
2026-09-21T08:04:05.670656078Z,8.300568,134.336248,Cloud to Ground,23498,0,22
2026-09-21T08:04:05.587573167Z,8.370664,134.333461,Cloud to Ground,98393,0,14
2026-09-21T08:04:05.976876338Z,15.463814,120.531526,Cloud to Cloud,17355,4977,6
2026-09-21T08:04:05.656623000Z,7.6876,125.8751,Cloud to Ground,-5736,0,5
2026-09-21T08:04:08.337545465Z,4.070522,114.678485,Cloud to Ground,31298,0,14
2026-09-21T08:04:08.128552816Z,4.074935,114.683261,Cloud to Ground,34528,0,18
2026-09-21T08:04:07.798255578Z,4.075557,114.666736,Cloud to Ground,43473,0,22
2026-09-21T08:04:07.828194876Z,4.073487,114.683636,Cloud to Ground,52893,0,21
2026-09-21T08:04:07.902422480Z,7.963469,125.965641,Cloud to Cloud,11206,7209,10
2026-09-21T08:04:07.293723894Z,8.385099,134.455707,Cloud to Cloud,-20237,6185,14
2026-09-21T08:04:07.157756000Z,8.3825,134.4788,Cloud to Ground,9116,0,5
2026-09-21T08:04:07.097602217Z,8.428062,134.470283,Cloud to Cloud,10042,3960,7
2026-09-21T08:04:07.329388186Z,8.371622,134.542588,Cloud to Cloud,11526,6654,18
2026-09-21T08:04:07.698795517Z,15.077299,112.116218,Cloud to Ground,56537,0,8
2026-09-21T08:04:07.723338633Z,14.979171,112.09474,Cloud to Cloud,-24919,11296,7
2026-09-21T08:04:07.707732603Z,14.963146,112.114619,Cloud to Ground,24796,0,6
2026-09-21T08:04:08.456554754Z,14.533011,110.13131,Cloud to Ground,-19454,0,7
2026-09-21T08:04:08.103925520Z,14.582916,110.108322,Cloud to Ground,46691,0,6
2026-09-21T08:04:08.480459000Z,14.5631,110.2325,Cloud to Ground,30374,0,7
2026-09-21T08:04:08.415861231Z,14.565908,110.234623,Cloud to Ground,264249,0,13
2026-09-21T08:04:08.575523889Z,22.046996,112.043359,Cloud to Ground,25921,0,10
2026-09-21T08:04:09.397784176Z,7.942612,125.994018,Cloud to Ground,12776,0,8
2026-09-21T08:04:09.164936428Z,13.907879,121.511308,Cloud to Ground,-19108,0,11
2026-09-21T08:04:09.201940456Z,13.917805,121.526117,Cloud to Ground,-6364,0,5
2026-09-21T08:04:09.150428274Z,13.243107,121.199915,Cloud to Ground,-16159,0,8
2026-09-21T08:04:09.208134026Z,13.236211,121.195441,Cloud to Ground,-14391,0,8
2026-09-21T08:04:09.262696760Z,13.238371,121.196444,Cloud to Ground,-11885,0,7
2026-09-21T08:04:09.178459441Z,13.240619,121.201121,Cloud to Ground,-10905,0,7
2026-09-21T08:04:09.717063306Z,15.48284,120.547855,Cloud to Ground,30109,0,11
2026-09-21T08:04:09.196468257Z,13.107098,123.773289,Cloud to Ground,-34709,0,11
2026-09-21T08:04:09.443828718Z,13.108652,123.783551,Cloud to Ground,-33333,0,9
2026-09-21T08:04:09.280173999Z,13.11386,123.788603,Cloud to Ground,-19617,0,11
2026-09-21T08:04:09.284705806Z,13.118489,123.797393,Cloud to Ground,41222,0,10
2026-09-21T08:04:09.401577991Z,10.273857,125.917766,Cloud to Ground,20282,0,11
2026-09-21T08:04:10.159936517Z,7.613815,125.353068,Cloud to Cloud,-11019,16657,12
2026-09-21T08:04:10.131338874Z,21.689665,110.808997,Cloud to Ground,-21902,0,5
2026-09-21T08:04:10.015699240Z,21.611103,110.796379,Cloud to Cloud,-16659,3105,8
2026-09-21T08:04:11.094869471Z,8.035239,126.024147,Cloud to Ground,25573,0,7
2026-09-21T08:04:11.322652258Z,7.615965,132.913795,Cloud to Ground,-29812,0,30
2026-09-21T08:04:11.355188064Z,7.593438,133.06421,Cloud to Ground,-11061,0,15
2026-09-21T08:04:11.434087361Z,7.633795,133.082134,Cloud to Ground,13925,0,15
2026-09-21T08:04:11.956782412Z,13.267098,121.236598,Cloud to Cloud,15477,14374,8
2026-09-21T08:04:11.724735261Z,13.230069,121.097968,Cloud to Cloud,-13744,15058,7
2026-09-21T08:04:11.454949979Z,13.201022,121.083713,Cloud to Ground,9624,0,7
2026-09-21T08:04:12.042520198Z,7.547889,125.369078,Cloud to Cloud,-10045,8154,11
2026-09-21T08:04:12.450582610Z,8.001937,125.958167,Cloud to Ground,-9690,0,7
2026-09-21T08:04:12.478308698Z,11.395526,125.24217,Cloud to Ground,-24536,0,8
2026-09-21T08:04:13.161443946Z,7.506948,125.38602,Cloud to Cloud,8291,3799,10
2026-09-21T08:04:13.144658407Z,7.859619,126.100974,Cloud to Ground,29559,0,12
2026-09-21T08:04:14.489724573Z,0.694019,113.461849,Cloud to Ground,-14523,0,12
2026-09-21T08:04:15.816232713Z,22.203659,111.890338,Cloud to Ground,40174,0,12
2026-09-21T08:04:15.693697565Z,22.227264,111.739679,Cloud to Cloud,-15187,3037,8
2026-09-21T08:04:15.701990000Z,22.4612,111.3928,Cloud to Ground,-68624,0,5
2026-09-21T08:04:16.376530613Z,8.009687,125.93926,Cloud to Cloud,-7412,11300,15
2026-09-21T08:04:16.506779669Z,16.012917,120.910265,Cloud to Cloud,32652,5182,10
2026-09-21T08:04:16.508706173Z,16.082623,120.816834,Cloud to Cloud,-14213,15618,8
2026-09-21T08:04:16.823868336Z,15.416616,120.665556,Cloud to Cloud,6571,18485,6
2026-09-21T08:04:16.720451356Z,15.396565,120.63134,Cloud to Cloud,11367,6821,5
2026-09-21T08:04:16.805627809Z,15.39904,120.619777,Cloud to Ground,14826,0,14
2026-09-21T08:04:17.643651908Z,7.513357,125.447164,Cloud to Ground,-36000,0,9
2026-09-21T08:04:18.051321365Z,1.751329,114.375469,Cloud to Ground,46112,0,15
2026-09-21T08:04:18.529849208Z,15.326045,112.100983,Cloud to Ground,26510,0,12
2026-09-21T08:04:18.711913428Z,13.109109,123.741402,Cloud to Ground,-45360,0,12
2026-09-21T08:04:18.793605000Z,13.1387,123.6581,Cloud to Ground,-36203,0,7
2026-09-21T08:04:18.749506000Z,13.1352,123.6253,Cloud to Ground,-25995,0,5
2026-09-21T08:04:18.738676387Z,13.109308,123.746905,Cloud to Ground,-15417,0,8
2026-09-21T08:04:19.979505764Z,15.468206,120.593943,Cloud to Ground,-38437,0,9
2026-09-21T08:04:20.134131078Z,15.468814,120.592242,Cloud to Ground,-28639,0,9
2026-09-21T08:04:19.771605103Z,15.470425,120.584586,Cloud to Ground,-10553,0,6
2026-09-21T08:04:20.354528100Z,15.468618,120.586682,Cloud to Ground,-9797,0,7
2026-09-21T08:04:19.752480000Z,15.52,120.3065,Cloud to Ground,-26121,0,5
2026-09-21T08:04:20.643241082Z,13.92602,121.486061,Cloud to Ground,-19454,0,9
2026-09-21T08:04:20.969504177Z,13.924991,121.485754,Cloud to Ground,-8270,0,6
2026-09-21T08:04:20.384535757Z,13.924422,121.484685,Cloud to Ground,-8156,0,6
2026-09-21T08:04:20.080688156Z,13.118953,123.794171,Cloud to Cloud,17856,18718,8
2026-09-21T08:04:21.987916392Z,8.001294,126.156651,Cloud to Ground,19133,0,13
2026-09-21T08:04:21.647557117Z,13.943157,121.581016,Cloud to Ground,-56696,0,11
2026-09-21T08:04:22.141708320Z,8.024188,126.008647,Cloud to Ground,-16184,0,16
2026-09-21T08:04:22.198226945Z,8.036154,126.002793,Cloud to Ground,-13135,0,11
2026-09-21T08:04:22.701720308Z,13.116842,123.783955,Cloud to Ground,-17749,0,10
2026-09-21T08:04:22.463772930Z,13.085607,123.769777,Cloud to Ground,16747,0,7
2026-09-21T08:04:22.501581689Z,15.588859,120.001256,Cloud to Cloud,19126,14731,9
2026-09-21T08:04:22.350083052Z,13.217804,121.213828,Cloud to Cloud,6895,3820,6
2026-09-21T08:04:24.784536569Z,10.143847,128.581714,Cloud to Ground,-44641,0,31
2026-09-21T08:04:24.828825856Z,10.147229,128.515242,Cloud to Ground,-13765,0,11
2026-09-21T08:04:24.766343814Z,10.117235,128.543744,Cloud to Cloud,-8288,18573,8
2026-09-21T08:04:24.815197981Z,10.13918,128.735007,Cloud to Ground,-29679,0,7
2026-09-21T08:04:25.331730000Z,10.1209,128.6986,Cloud to Ground,-9108,0,6
2026-09-21T08:04:24.836428829Z,10.104941,128.700751,Cloud to Cloud,12308,12428,9
2026-09-21T08:04:24.732747235Z,10.075921,128.728119,Cloud to Ground,110518,0,19
2026-09-21T08:04:24.137432889Z,21.794718,110.997177,Cloud to Cloud,23139,4304,6
2026-09-21T08:04:24.864820000Z,10.4637,124.0733,Cloud to Ground,27105,0,5
2026-09-21T08:04:25.593035246Z,2.847671,113.09636,Cloud to Ground,28539,0,11
2026-09-21T08:04:26.027674259Z,2.844012,113.09032,Cloud to Ground,40921,0,19
2026-09-21T08:04:26.081701127Z,2.845521,113.095666,Cloud to Ground,42526,0,16
2026-09-21T08:04:25.561160181Z,2.845383,113.092357,Cloud to Ground,46865,0,14
2026-09-21T08:04:25.701079487Z,2.847381,113.091928,Cloud to Ground,52943,0,19
2026-09-21T08:04:25.749913361Z,2.845652,113.088916,Cloud to Ground,53362,0,18
2026-09-21T08:04:25.638497221Z,2.851553,113.099062,Cloud to Ground,63225,0,17
2026-09-21T08:04:25.516615420Z,2.839693,113.089722,Cloud to Ground,63442,0,20
2026-09-21T08:04:26.432251902Z,7.588384,125.334022,Cloud to Ground,-12933,0,10
2026-09-21T08:04:26.523660350Z,15.501391,120.659598,Cloud to Cloud,9054,3118,8
2026-09-21T08:04:27.654415405Z,1.800339,114.520953,Cloud to Ground,24036,0,13
2026-09-21T08:04:28.075814368Z,1.846642,114.516349,Cloud to Ground,27307,0,13
2026-09-21T08:04:27.724936274Z,1.799686,114.515241,Cloud to Ground,30072,0,17
2026-09-21T08:04:27.774363441Z,0.906007,121.060791,Cloud to Ground,-29928,0,19
2026-09-21T08:04:27.755947000Z,0.8923,121.0573,Cloud to Ground,20712,0,7
2026-09-21T08:04:27.862166171Z,14.849314,110.793519,Cloud to Cloud,-36853,13558,10
2026-09-21T08:04:28.085582374Z,14.864757,110.774443,Cloud to Cloud,-13265,9044,7
2026-09-21T08:04:27.943382988Z,14.877035,110.85345,Cloud to Ground,16360,0,7
2026-09-21T08:04:27.923147874Z,14.885982,110.898297,Cloud to Ground,23445,0,7
2026-09-21T08:04:27.869349696Z,14.859124,110.863758,Cloud to Ground,99673,0,9
2026-09-21T08:04:28.409350940Z,13.274403,123.614737,Cloud to Ground,-13461,0,10
2026-09-21T08:04:28.372188188Z,13.284003,123.628628,Cloud to Cloud,9544,15790,7
2026-09-21T08:04:28.363770501Z,15.465851,120.540241,Cloud to Cloud,14693,17270,8
2026-09-21T08:04:29.528315722Z,15.053648,111.942268,Cloud to Ground,-46146,0,6
2026-09-21T08:04:29.496176636Z,15.025818,111.958675,Cloud to Ground,31287,0,9
2026-09-21T08:04:29.461145875Z,15.009732,111.893895,Cloud to Cloud,58255,15734,8
2026-09-21T08:04:29.389835000Z,14.9904,111.9706,Cloud to Ground,291576,0,7
2026-09-21T08:04:29.380303000Z,13.1469,123.8154,Cloud to Ground,-35390,0,5
2026-09-21T08:04:29.336046075Z,13.110034,123.739007,Cloud to Ground,-27423,0,8
2026-09-21T08:04:29.851620000Z,13.1242,123.7278,Cloud to Ground,-24740,0,7
2026-09-21T08:04:31.239459809Z,7.920544,125.97568,Cloud to Cloud,8519,9704,13
2026-09-21T08:04:31.696656206Z,15.162227,110.613125,Cloud to Ground,43588,0,8
2026-09-21T08:04:31.093651752Z,13.229108,121.211926,Cloud to Ground,-12214,0,8
2026-09-21T08:04:32.622252096Z,13.898012,121.474237,Cloud to Cloud,5623,15847,6
2026-09-21T08:04:32.593308000Z,13.9125,121.3767,Cloud to Ground,-25128,0,6
2026-09-21T08:04:33.971909116Z,7.567895,125.352177,Cloud to Ground,-17100,0,17
2026-09-21T08:04:33.059331478Z,15.436876,120.575021,Cloud to Cloud,15131,3925,8
2026-09-21T08:04:33.009753598Z,13.237038,121.09669,Cloud to Cloud,5153,18806,6
2026-09-21T08:04:34.834968181Z,1.635148,110.242584,Cloud to Ground,32884,0,7
2026-09-21T08:04:34.585094222Z,1.308698,110.077568,Cloud to Ground,-21032,0,12
2026-09-21T08:04:34.587218525Z,1.319157,110.084702,Cloud to Ground,43086,0,17
2026-09-21T08:04:34.035337538Z,22.839699,110.898842,Cloud to Ground,-15963,0,11
2026-09-21T08:04:34.011367238Z,21.613587,110.767948,Cloud to Cloud,-19197,9666,10
2026-09-21T08:04:35.922362593Z,22.426565,110.858021,Cloud to Ground,-25352,0,5
2026-09-21T08:04:35.735800694Z,22.381705,110.897932,Cloud to Cloud,-25166,3016,8
2026-09-21T08:04:35.905658197Z,22.352876,110.907401,Cloud to Ground,-20652,0,7
2026-09-21T08:04:35.899303410Z,22.39664,110.886244,Cloud to Ground,17485,0,7
2026-09-21T08:04:37.754457755Z,7.921157,126.110424,Cloud to Ground,8694,0,14
2026-09-21T08:04:37.073941948Z,14.564266,110.178212,Cloud to Ground,34709,0,8
2026-09-21T08:04:37.685916420Z,14.578489,110.196352,Cloud to Ground,40797,0,6
2026-09-21T08:04:37.964458946Z,13.055444,123.777317,Cloud to Ground,15678,0,7
2026-09-21T08:04:37.481986143Z,15.477516,120.591193,Cloud to Cloud,-13368,19255,6
2026-09-21T08:04:37.507159941Z,15.482052,120.611796,Cloud to Cloud,-13223,14206,9
2026-09-21T08:04:37.345551357Z,15.464235,120.56681,Cloud to Cloud,-11409,18923,10
2026-09-21T08:04:37.191848571Z,13.889946,121.489409,Cloud to Ground,-13106,0,8
2026-09-21T08:04:38.284219897Z,15.44452,120.557909,Cloud to Cloud,9896,13101,6
2026-09-21T08:04:39.593404877Z,16.188924,120.834527,Cloud to Cloud,14125,3188,7
2026-09-21T08:04:40.228712891Z,22.710642,110.885266,Cloud to Cloud,-11623,3047,6
2026-09-21T08:04:40.029050368Z,17.932914,120.734082,Cloud to Cloud,-13022,3724,6
2026-09-21T08:04:41.843623184Z,13.426662,123.512226,Cloud to Ground,-30286,0,7
2026-09-21T08:04:41.997631866Z,13.421025,123.515577,Cloud to Ground,-21397,0,5
2026-09-21T08:04:42.004876554Z,13.494797,123.489676,Cloud to Ground,-15856,0,10
2026-09-21T08:04:42.461640001Z,13.492585,123.486845,Cloud to Ground,-7744,0,6
2026-09-21T08:04:42.085506320Z,14.670979,111.106125,Cloud to Ground,37541,0,10
2026-09-21T08:04:41.929393245Z,14.666126,111.058107,Cloud to Ground,39994,0,6
2026-09-21T08:04:41.924672678Z,14.685108,111.118603,Cloud to Ground,57796,0,13
2026-09-21T08:04:41.897685582Z,15.455635,120.542317,Cloud to Ground,27787,0,10
2026-09-21T08:04:41.356576000Z,10.5979,122.8919,Cloud to Ground,-47353,0,7
2026-09-21T08:04:42.306153690Z,14.5138,110.145238,Cloud to Ground,20993,0,6
2026-09-21T08:04:42.091221568Z,14.761562,111.047355,Cloud to Ground,25639,0,6
2026-09-21T08:04:43.899105619Z,7.496433,125.416585,Cloud to Cloud,-14850,3851,10
2026-09-21T08:04:43.654492948Z,1.755805,113.888912,Cloud to Ground,-15012,0,14
2026-09-21T08:04:43.652184655Z,1.75598,113.885066,Cloud to Ground,-13838,0,13
2026-09-21T08:04:43.651446686Z,13.205524,121.121938,Cloud to Ground,22178,0,11
2026-09-21T08:04:44.678100257Z,13.210185,121.112188,Cloud to Ground,25714,0,9
2026-09-21T08:04:44.336182396Z,15.40642,120.646381,Cloud to Cloud,7958,3651,10
2026-09-21T08:04:44.508290238Z,15.480449,120.589536,Cloud to Cloud,16325,9389,12
2026-09-21T08:04:45.713327578Z,7.95963,126.076872,Cloud to Cloud,5513,7325,7
2026-09-21T08:04:45.826858504Z,10.343197,129.358662,Cloud to Cloud,37685,7233,8
2026-09-21T08:04:45.933037038Z,13.89871,121.404781,Cloud to Ground,-15461,0,9
2026-09-21T08:04:46.260247041Z,13.896642,121.405182,Cloud to Ground,-6616,0,8
2026-09-21T08:04:46.224163360Z,8.021003,125.973204,Cloud to Cloud,-7284,17174,12
2026-09-21T08:04:46.326184456Z,1.74665,114.309651,Cloud to Ground,33630,0,19
2026-09-21T08:04:47.171842044Z,7.48604,125.441696,Cloud to Ground,17421,0,11
2026-09-21T08:04:47.566142030Z,13.898976,121.500834,Cloud to Ground,-15397,0,11
2026-09-21T08:04:47.411443092Z,14.647261,110.155598,Cloud to Ground,41238,0,7
2026-09-21T08:04:47.061049991Z,15.368139,112.946563,Cloud to Ground,23688,0,8
2026-09-21T08:04:47.415023768Z,15.468779,113.090938,Cloud to Cloud,-15271,10135,6
2026-09-21T08:04:47.783942719Z,15.455559,120.539989,Cloud to Cloud,5848,4910,5
2026-09-21T08:04:48.260967744Z,15.442864,120.568267,Cloud to Ground,35196,0,11
2026-09-21T08:04:49.673130692Z,15.407449,120.625274,Cloud to Cloud,7560,4741,12
2026-09-21T08:04:49.877785748Z,15.177347,120.568838,Cloud to Ground,17925,0,7
2026-09-21T08:04:49.183112899Z,14.622872,110.141426,Cloud to Ground,27345,0,10
2026-09-21T08:04:49.683097759Z,14.566721,110.213976,Cloud to Ground,55876,0,6
2026-09-21T08:04:49.188736898Z,21.621619,110.889695,Cloud to Cloud,14722,3650,8
2026-09-21T08:04:50.045314953Z,7.905011,126.090771,Cloud to Ground,27715,0,18
2026-09-21T08:04:50.824318438Z,10.366714,128.843333,Cloud to Cloud,-14096,18473,14
2026-09-21T08:04:50.820696000Z,10.3495,128.9435,Cloud to Ground,14419,0,7
2026-09-21T08:04:50.417162614Z,13.913785,121.489406,Cloud to Cloud,8349,3125,10
2026-09-21T08:04:51.441665348Z,7.912458,126.049938,Cloud to Cloud,-9580,17369,16
2026-09-21T08:04:51.653008000Z,8.026,126.0885,Cloud to Ground,-22008,0,11
2026-09-21T08:04:51.749567944Z,8.032407,125.998861,Cloud to Ground,-8694,0,13
2026-09-21T08:04:52.823855477Z,13.109296,123.75239,Cloud to Ground,-54144,0,12
2026-09-21T08:04:52.977465961Z,13.112105,123.755592,Cloud to Ground,-26144,0,11
2026-09-21T08:04:52.873113893Z,13.108555,123.754292,Cloud to Ground,-22159,0,11
2026-09-21T08:04:52.563380340Z,13.115791,123.782937,Cloud to Cloud,5767,15774,6
2026-09-21T08:04:52.118386722Z,17.965721,120.751119,Cloud to Cloud,13325,15978,6
2026-09-21T08:04:52.689377151Z,13.933481,121.504367,Cloud to Ground,22938,0,10
2026-09-21T08:04:53.187319343Z,7.544695,125.308944,Cloud to Ground,-15024,0,10
2026-09-21T08:04:53.338674744Z,1.612751,113.682785,Cloud to Ground,-28079,0,18
2026-09-21T08:04:53.402984865Z,1.701234,113.768767,Cloud to Ground,-11978,0,12
2026-09-21T08:04:53.796088579Z,13.830748,121.467235,Cloud to Ground,46702,0,10
2026-09-21T08:04:53.718520294Z,13.276839,123.636113,Cloud to Ground,36681,0,8
2026-09-21T08:04:54.767134159Z,2.846495,113.073996,Cloud to Ground,45519,0,16
2026-09-21T08:04:54.008645556Z,15.467446,120.59004,Cloud to Ground,-47024,0,12
2026-09-21T08:04:53.726880186Z,15.469946,120.588648,Cloud to Ground,-38629,0,9
2026-09-21T08:04:53.818173187Z,15.466044,120.589377,Cloud to Ground,-21409,0,11
2026-09-21T08:04:54.287743784Z,15.466587,120.574397,Cloud to Ground,-12943,0,9
2026-09-21T08:04:55.907759324Z,14.57863,110.175826,Cloud to Ground,-36681,0,7
2026-09-21T08:04:55.766692000Z,14.5128,110.1853,Cloud to Ground,-32526,0,5
2026-09-21T08:04:56.762398948Z,8.071216,125.899218,Cloud to Ground,-26243,0,14
2026-09-21T08:04:56.671271489Z,8.075716,125.924142,Cloud to Ground,-24119,0,26
2026-09-21T08:04:56.193744578Z,14.620807,110.261426,Cloud to Ground,-30564,0,8
2026-09-21T08:04:56.811235018Z,4.362955,115.146757,Cloud to Cloud,15726,3449,8
2026-09-21T08:04:57.223941209Z,4.370182,115.154132,Cloud to Ground,29648,0,12
2026-09-21T08:04:57.634711945Z,13.021997,123.796053,Cloud to Cloud,13835,17324,7
2026-09-21T08:04:57.094135147Z,11.694447,125.247033,Cloud to Cloud,-14104,4986,8
2026-09-21T08:04:59.605388292Z,15.454707,120.546662,Cloud to Cloud,9872,4585,8
2026-09-21T08:04:59.394429749Z,17.93813,120.74695,Cloud to Ground,-10335,0,8
2026-09-21T08:04:59.454315368Z,17.938013,120.755137,Cloud to Cloud,-10025,3001,6
2026-09-21T08:04:59.161731660Z,13.158495,121.193478,Cloud to Ground,-22835,0,8
2026-09-21T08:04:59.196147327Z,13.190079,121.135244,Cloud to Ground,-5416,0,7
2026-09-21T08:05:00.458890574Z,2.959538,113.087653,Cloud to Ground,-36325,0,16
2026-09-21T08:05:00.417275365Z,2.861411,113.099341,Cloud to Ground,-62125,0,24
2026-09-21T08:05:00.834706278Z,2.848142,113.073074,Cloud to Ground,12961,0,8
2026-09-21T08:05:01.104120524Z,2.854313,113.097359,Cloud to Ground,15932,0,9
2026-09-21T08:05:01.311998385Z,2.901001,113.122791,Cloud to Ground,30848,0,9
2026-09-21T08:05:00.896712932Z,14.570724,110.10512,Cloud to Ground,-13550,0,7
2026-09-21T08:05:01.085820896Z,7.943893,126.005221,Cloud to Cloud,8114,14259,11
2026-09-21T08:05:01.945459036Z,1.768038,114.286781,Cloud to Ground,24166,0,6
2026-09-21T08:05:01.634309238Z,21.662082,110.864615,Cloud to Cloud,-17402,11709,7
2026-09-21T08:05:01.845565475Z,15.501191,120.65516,Cloud to Cloud,9205,17780,11
2026-09-21T08:05:01.862643954Z,15.482714,120.559001,Cloud to Cloud,6667,17098,7
2026-09-21T08:05:01.819534071Z,15.476415,120.555852,Cloud to Cloud,6880,5513,8
2026-09-21T08:05:01.590313777Z,14.737679,110.137643,Cloud to Ground,33276,0,8
2026-09-21T08:05:02.950576540Z,7.991314,125.977154,Cloud to Cloud,7852,8601,9
2026-09-21T08:05:03.041219960Z,13.125926,123.706205,Cloud to Cloud,11049,4375,7
2026-09-21T08:05:03.968771656Z,21.58731,110.903784,Cloud to Ground,16822,0,8
2026-09-21T08:05:04.519104459Z,7.489408,125.398998,Cloud to Ground,28820,0,15
2026-09-21T08:05:04.513339970Z,13.17211,123.663889,Cloud to Ground,-44547,0,12
2026-09-21T08:05:04.369050983Z,13.916625,121.498278,Cloud to Ground,-28924,0,9
2026-09-21T08:05:04.393488736Z,13.843406,121.533552,Cloud to Cloud,-16060,3006,7
2026-09-21T08:05:04.388909567Z,13.917154,121.493874,Cloud to Ground,-7682,0,5
2026-09-21T08:05:05.265185824Z,4.245637,114.635663,Cloud to Cloud,-16926,3164,16
2026-09-21T08:05:05.912051461Z,8.326597,134.462646,Cloud to Ground,31410,0,26
2026-09-21T08:05:05.847827915Z,8.349113,134.325019,Cloud to Ground,-22813,0,32
2026-09-21T08:05:05.399143678Z,13.129779,123.76892,Cloud to Ground,-19738,0,10
2026-09-21T08:05:04.615789473Z,13.094959,123.744307,Cloud to Ground,-18891,0,8
2026-09-21T08:05:05.218543403Z,13.125591,123.756233,Cloud to Ground,-12649,0,7
2026-09-21T08:05:05.561328389Z,13.129313,123.757924,Cloud to Ground,-11384,0,7
2026-09-21T08:05:05.112757797Z,13.072148,123.801124,Cloud to Ground,23497,0,8
2026-09-21T08:05:05.352796750Z,16.00622,120.912378,Cloud to Cloud,33168,15418,12
2026-09-21T08:05:07.535890306Z,7.988498,126.086917,Cloud to Cloud,-17832,18674,13
2026-09-21T08:05:07.942307160Z,13.324583,123.534996,Cloud to Cloud,-24491,3319,15
2026-09-21T08:05:07.804759355Z,13.338376,123.576212,Cloud to Ground,-13361,0,16
2026-09-21T08:05:07.997527147Z,13.264049,123.62674,Cloud to Ground,-7956,0,6
2026-09-21T08:05:07.726007712Z,15.474255,120.600201,Cloud to Ground,-40929,0,10
2026-09-21T08:05:07.588377000Z,15.4827,120.4789,Cloud to Ground,-21978,0,6
2026-09-21T08:05:08.169385504Z,7.878917,126.113493,Cloud to Cloud,-8421,6244,12
2026-09-21T08:05:08.676456585Z,0.851781,113.592143,Cloud to Ground,-10834,0,7
2026-09-21T08:05:08.325057212Z,13.923048,121.402569,Cloud to Cloud,-6299,3013,7
2026-09-21T08:05:09.122698920Z,15.446168,120.561572,Cloud to Cloud,8289,18302,7
2026-09-21T08:05:09.107908902Z,15.409203,120.642912,Cloud to Cloud,13147,3008,7
2026-09-21T08:05:10.805608561Z,2.837288,113.086641,Cloud to Ground,17533,0,6
2026-09-21T08:05:10.386939088Z,2.851667,113.102081,Cloud to Ground,18390,0,12
2026-09-21T08:05:10.807887664Z,2.85753,113.014657,Cloud to Ground,19423,0,7
2026-09-21T08:05:10.626707219Z,2.84542,113.09776,Cloud to Ground,51328,0,15
2026-09-21T08:05:10.219467738Z,2.837185,113.107083,Cloud to Ground,62883,0,16
2026-09-21T08:05:10.693420484Z,12.915423,123.80858,Cloud to Ground,-26605,0,8
2026-09-21T08:05:11.307938598Z,12.916893,123.799055,Cloud to Ground,-14084,0,6
2026-09-21T08:05:11.089321547Z,12.919927,123.814424,Cloud to Ground,-7743,0,5
2026-09-21T08:05:11.042146901Z,16.146615,121.309145,Cloud to Ground,-50189,0,9
2026-09-21T08:05:11.032983046Z,16.101538,121.334685,Cloud to Ground,-29374,0,8
2026-09-21T08:05:11.032507488Z,16.097207,121.33237,Cloud to Cloud,-26167,5190,11
2026-09-21T08:05:11.062774759Z,16.164514,121.28181,Cloud to Ground,-17447,0,10
2026-09-21T08:05:11.588591950Z,13.105951,123.792205,Cloud to Cloud,9144,4498,6
2026-09-21T08:05:11.767739838Z,22.15533,111.977175,Cloud to Cloud,23660,3000,7
2026-09-21T08:05:11.662125088Z,22.120907,112.007273,Cloud to Ground,75575,0,17
2026-09-21T08:05:12.021107049Z,7.540129,125.351017,Cloud to Ground,-18273,0,17
2026-09-21T08:05:12.052531749Z,7.997261,126.066188,Cloud to Cloud,-12345,3010,18
2026-09-21T08:05:12.335796275Z,10.236002,128.773303,Cloud to Ground,51532,0,19
2026-09-21T08:05:12.149694466Z,10.242144,128.589478,Cloud to Ground,-111031,0,16
2026-09-21T08:05:11.449066303Z,10.122215,128.707883,Cloud to Ground,-87912,0,11
2026-09-21T08:05:12.176614764Z,10.205912,128.583062,Cloud to Ground,-35072,0,10
2026-09-21T08:05:11.545323111Z,10.156881,128.566285,Cloud to Ground,-35029,0,17
2026-09-21T08:05:12.191682966Z,10.213957,128.632501,Cloud to Ground,-23977,0,29
2026-09-21T08:05:11.442993622Z,10.106185,128.634358,Cloud to Cloud,-20514,17175,12
2026-09-21T08:05:11.576571000Z,10.1681,128.6318,Cloud to Ground,-18346,0,5
2026-09-21T08:05:12.323856006Z,10.221967,128.634569,Cloud to Ground,-12631,0,19
2026-09-21T08:05:12.341202406Z,10.254073,128.672032,Cloud to Cloud,10653,3011,9
2026-09-21T08:05:12.070413100Z,21.785298,110.911231,Cloud to Ground,24146,0,13
2026-09-21T08:05:12.659394720Z,15.412262,120.631168,Cloud to Cloud,22547,16066,11
2026-09-21T08:05:13.433260101Z,13.234335,121.093724,Cloud to Ground,41390,0,9
2026-09-21T08:05:14.147020889Z,7.976293,126.046671,Cloud to Ground,-23509,0,10
2026-09-21T08:05:14.270210575Z,15.457173,120.549091,Cloud to Ground,50690,0,9
2026-09-21T08:05:15.563513832Z,9.745896,124.19719,Cloud to Cloud,-8626,18587,5
2026-09-21T08:05:15.232231210Z,9.757951,124.220564,Cloud to Ground,31190,0,12
2026-09-21T08:05:15.288491297Z,8.422263,134.58584,Cloud to Ground,16288,0,18
2026-09-21T08:05:15.548152400Z,8.349288,134.890303,Cloud to Ground,19099,0,19
2026-09-21T08:05:15.501882294Z,8.351391,134.88591,Cloud to Ground,28577,0,22
2026-09-21T08:05:15.434898779Z,8.351966,134.896716,Cloud to Ground,95048,0,26
2026-09-21T08:05:15.258148690Z,22.837293,113.957941,Cloud to Ground,-31674,0,9
2026-09-21T08:05:15.721523917Z,13.119334,123.788904,Cloud to Cloud,6931,16475,5
2026-09-21T08:05:16.236797664Z,7.713227,126.212032,Cloud to Cloud,12363,3057,7
2026-09-21T08:05:16.626044822Z,2.91117,113.046098,Cloud to Ground,-21225,0,13
2026-09-21T08:05:16.560079404Z,2.871859,113.112909,Cloud to Ground,-18616,0,8
2026-09-21T08:05:16.709665767Z,2.850917,113.060637,Cloud to Ground,16347,0,8
2026-09-21T08:05:16.948801242Z,1.832782,114.420887,Cloud to Ground,-14173,0,16
2026-09-21T08:05:16.715105307Z,12.087807,120.356469,Cloud to Cloud,-6964,7508,6
2026-09-21T08:05:17.711116000Z,13.2548,121.1764,Cloud to Ground,-35126,0,8
2026-09-21T08:05:17.800311793Z,13.247951,121.208578,Cloud to Ground,-34235,0,11
2026-09-21T08:05:18.024391375Z,13.248255,121.20629,Cloud to Ground,-11095,0,7
2026-09-21T08:05:17.877755723Z,13.248823,121.205636,Cloud to Ground,-10138,0,6
2026-09-21T08:05:17.838433005Z,13.247344,121.204505,Cloud to Ground,-8713,0,5
2026-09-21T08:05:18.962733654Z,13.09111,123.7545,Cloud to Ground,-25650,0,9
2026-09-21T08:05:19.092943508Z,13.091959,123.7609,Cloud to Ground,-24262,0,9
2026-09-21T08:05:18.991473865Z,13.093617,123.763643,Cloud to Ground,-20607,0,9
2026-09-21T08:05:19.019993707Z,13.092235,123.760619,Cloud to Ground,-18888,0,10
2026-09-21T08:05:19.578199951Z,14.630989,110.152524,Cloud to Ground,53294,0,6
2026-09-21T08:05:19.594035397Z,13.895614,121.515266,Cloud to Cloud,11925,11325,6
2026-09-21T08:05:20.745552394Z,9.986053,124.232867,Cloud to Ground,-41545,0,11
2026-09-21T08:05:21.351067974Z,3.518544,111.743944,Cloud to Ground,-66743,0,14
2026-09-21T08:05:21.580324825Z,3.341051,111.704979,Cloud to Ground,-44852,0,25
2026-09-21T08:05:21.349819334Z,3.401938,111.700873,Cloud to Ground,-27637,0,9
2026-09-21T08:05:21.379049300Z,3.36427,111.712776,Cloud to Ground,-18547,0,12
2026-09-21T08:05:21.024402817Z,17.752504,120.679431,Cloud to Ground,-15243,0,8
2026-09-21T08:05:21.043144284Z,22.410882,110.906676,Cloud to Cloud,-24286,3005,8
2026-09-21T08:05:22.119002702Z,7.600702,125.354383,Cloud to Cloud,-8943,5212,12
2026-09-21T08:05:21.561934320Z,3.221263,111.641979,Cloud to Ground,-26848,0,7
2026-09-21T08:05:22.059478516Z,3.196874,111.644218,Cloud to Ground,31157,0,7
2026-09-21T08:05:22.043093081Z,3.193976,111.634604,Cloud to Ground,216729,0,20
2026-09-21T08:05:22.578188886Z,2.897901,113.112517,Cloud to Ground,26987,0,10
2026-09-21T08:05:22.579566677Z,15.407434,120.622111,Cloud to Cloud,2607,7684,8
2026-09-21T08:05:22.339728841Z,14.565272,110.199035,Cloud to Ground,19646,0,8
2026-09-21T08:05:23.810912910Z,7.617263,124.74959,Cloud to Ground,-74405,0,18
2026-09-21T08:05:23.868222119Z,7.694414,124.706148,Cloud to Ground,-33042,0,15
2026-09-21T08:05:23.844326099Z,7.692905,124.726867,Cloud to Ground,-20863,0,11
2026-09-21T08:05:23.872827943Z,7.690699,124.732111,Cloud to Ground,-16850,0,12
2026-09-21T08:05:23.682504794Z,15.462232,120.597833,Cloud to Cloud,14294,15402,8
2026-09-21T08:05:24.990377560Z,15.455649,120.686281,Cloud to Cloud,-16351,4318,8
2026-09-21T08:05:26.783321007Z,15.45509,120.540914,Cloud to Cloud,4318,14643,6
2026-09-21T08:05:26.512696528Z,13.143413,123.716921,Cloud to Ground,38886,0,7
2026-09-21T08:05:27.445942893Z,9.975729,126.546134,Cloud to Cloud,-10904,17677,7
2026-09-21T08:05:27.575558605Z,14.619889,110.142093,Cloud to Cloud,-10655,18849,5
2026-09-21T08:05:28.109100382Z,8.081157,126.121114,Cloud to Ground,-19234,0,16
2026-09-21T08:05:29.034713282Z,14.565913,110.118121,Cloud to Ground,22275,0,7
2026-09-21T08:05:29.157709434Z,14.585574,110.110454,Cloud to Ground,24422,0,8
2026-09-21T08:05:29.078272237Z,14.586206,110.109591,Cloud to Ground,25746,0,9
2026-09-21T08:05:29.110002096Z,14.57768,110.108172,Cloud to Ground,27312,0,8
2026-09-21T08:05:28.946402366Z,14.572016,110.119772,Cloud to Ground,32834,0,8
2026-09-21T08:05:28.793424439Z,14.714861,121.500085,Cloud to Cloud,14975,13082,8
2026-09-21T08:05:29.627319492Z,17.895254,120.839118,Cloud to Cloud,-21087,5407,17
2026-09-21T08:05:30.507686420Z,22.929223,110.834591,Cloud to Ground,19800,0,6
2026-09-21T08:05:30.068731000Z,8.1512,134.0515,Cloud to Ground,13104,0,7
2026-09-21T08:05:31.293833575Z,8.382767,134.432771,Cloud to Ground,14275,0,8
2026-09-21T08:05:31.173404855Z,8.327387,134.456304,Cloud to Ground,23442,0,20
2026-09-21T08:05:31.384418124Z,8.345866,134.493228,Cloud to Ground,33031,0,21
2026-09-21T08:05:31.957862798Z,8.295247,134.340565,Cloud to Ground,-12064,0,10
2026-09-21T08:05:31.749068596Z,15.556984,120.799296,Cloud to Cloud,-3766,17446,6
2026-09-21T08:05:32.438777612Z,21.619418,110.863303,Cloud to Ground,-12748,0,5
2026-09-21T08:05:33.411124904Z,14.566206,110.211843,Cloud to Ground,54842,0,5
2026-09-21T08:05:33.883812916Z,22.911597,113.695757,Cloud to Cloud,-13049,3005,10
2026-09-21T08:05:33.569181240Z,13.108468,123.783609,Cloud to Ground,-31963,0,12
2026-09-21T08:05:33.902686490Z,13.110996,123.771999,Cloud to Ground,-15256,0,10
2026-09-21T08:05:33.615832927Z,13.12045,123.777679,Cloud to Ground,-5835,0,6
2026-09-21T08:05:33.903203148Z,13.086178,123.828475,Cloud to Cloud,14573,4678,7
2026-09-21T08:05:33.202489575Z,15.476341,120.567124,Cloud to Cloud,3988,7920,5
2026-09-21T08:05:32.964035789Z,15.44005,120.655978,Cloud to Cloud,8461,3095,6
2026-09-21T08:05:33.060807807Z,15.422008,120.665785,Cloud to Cloud,13724,5513,7
2026-09-21T08:05:33.272982939Z,15.42758,120.644257,Cloud to Cloud,15822,17364,7
2026-09-21T08:05:34.695902459Z,9.919584,126.505409,Cloud to Ground,-26652,0,8
2026-09-21T08:05:34.991757397Z,13.233615,121.129236,Cloud to Cloud,-55557,7063,9
2026-09-21T08:05:34.924566389Z,13.23259,121.130156,Cloud to Cloud,16413,19803,8
2026-09-21T08:05:34.979485867Z,22.191626,111.902397,Cloud to Ground,-35297,0,10
2026-09-21T08:05:34.848445106Z,22.201015,111.880338,Cloud to Cloud,-23425,3001,9
2026-09-21T08:05:34.849472545Z,22.265827,111.832952,Cloud to Ground,-16240,0,6
2026-09-21T08:05:35.013883855Z,22.250295,111.841616,Cloud to Ground,27820,0,6
2026-09-21T08:05:35.013399762Z,22.21056,111.887709,Cloud to Ground,36893,0,9
2026-09-21T08:05:34.869517066Z,22.272728,111.832429,Cloud to Ground,90938,0,9
2026-09-21T08:05:35.249473256Z,2.268795,112.630872,Cloud to Ground,-37055,0,13
2026-09-21T08:05:35.248722525Z,2.322522,112.588501,Cloud to Ground,-14480,0,12
2026-09-21T08:05:35.530993239Z,22.583949,110.960318,Cloud to Ground,19695,0,10
2026-09-21T08:05:35.290267285Z,22.305686,111.351602,Cloud to Ground,-26739,0,7
2026-09-21T08:05:35.335044470Z,22.337753,111.316243,Cloud to Cloud,-23284,5128,8
2026-09-21T08:05:35.244313094Z,22.564397,111.150354,Cloud to Ground,-36524,0,9
2026-09-21T08:05:35.609156221Z,22.592512,111.106454,Cloud to Cloud,21781,3020,7
2026-09-21T08:05:35.002171935Z,15.931214,121.187115,Cloud to Ground,-35195,0,7
2026-09-21T08:05:36.287007361Z,2.841174,113.097145,Cloud to Ground,57047,0,14
2026-09-21T08:05:36.055062849Z,15.436245,120.563457,Cloud to Ground,42529,0,10
2026-09-21T08:05:37.192623770Z,13.209551,121.122107,Cloud to Cloud,4573,14703,6
2026-09-21T08:05:38.185486649Z,13.886294,121.483412,Cloud to Ground,-44763,0,10
2026-09-21T08:05:38.047175000Z,13.9086,121.522,Cloud to Ground,-20300,0,6
2026-09-21T08:05:37.943556000Z,13.9135,121.4328,Cloud to Ground,-18433,0,10
2026-09-21T08:05:38.435139708Z,13.886966,121.479982,Cloud to Ground,-12571,0,9
2026-09-21T08:05:38.281708605Z,13.888557,121.482941,Cloud to Ground,-7414,0,6
2026-09-21T08:05:38.555777530Z,13.888234,121.481048,Cloud to Ground,-6368,0,6
2026-09-21T08:05:38.970847815Z,15.44773,120.817149,Cloud to Cloud,-16016,18050,6
2026-09-21T08:05:38.702038192Z,14.58238,110.137823,Cloud to Ground,-16212,0,6
2026-09-21T08:05:38.942380000Z,7.9626,126.1249,Cloud to Ground,-2175,0,5
2026-09-21T08:05:40.840475710Z,21.635006,110.912164,Cloud to Ground,-41708,0,8
2026-09-21T08:05:40.414420573Z,13.127731,123.774588,Cloud to Ground,-18682,0,7
2026-09-21T08:05:41.264803474Z,14.835905,110.796112,Cloud to Cloud,-36018,8650,9
2026-09-21T08:05:41.278004883Z,14.855816,110.861538,Cloud to Ground,-21439,0,9
2026-09-21T08:05:41.293297198Z,14.826363,110.764855,Cloud to Ground,-18375,0,10
2026-09-21T08:05:42.815915565Z,9.938311,124.198341,Cloud to Ground,-15267,0,9
2026-09-21T08:05:42.071360000Z,8.4006,134.8048,Cloud to Ground,-9547,0,5
2026-09-21T08:05:42.050848718Z,8.396963,134.894519,Cloud to Ground,9185,0,10
2026-09-21T08:05:42.423288303Z,14.632208,110.193484,Cloud to Ground,36751,0,8
2026-09-21T08:05:43.194864013Z,7.550036,132.866447,Cloud to Cloud,-28569,3022,17
2026-09-21T08:05:43.337260890Z,7.598219,132.849631,Cloud to Ground,-19045,0,10
2026-09-21T08:05:43.816538683Z,7.551748,132.921858,Cloud to Ground,-14974,0,7
2026-09-21T08:05:43.709710027Z,7.54291,132.931765,Cloud to Ground,-14844,0,8
2026-09-21T08:05:43.539910633Z,7.57375,133.072318,Cloud to Ground,12739,0,12
2026-09-21T08:05:43.388131756Z,10.325047,128.876744,Cloud to Ground,-25426,0,30
2026-09-21T08:05:43.464052618Z,10.350862,128.897029,Cloud to Ground,-18962,0,28
2026-09-21T08:05:43.007575310Z,22.769579,110.825393,Cloud to Ground,-25209,0,10
2026-09-21T08:05:44.537138567Z,2.929398,113.038132,Cloud to Ground,14252,0,11
2026-09-21T08:05:44.957474334Z,2.799082,113.077296,Cloud to Ground,34780,0,5
2026-09-21T08:05:44.684939683Z,2.848447,113.103142,Cloud to Ground,57220,0,18
2026-09-21T08:05:44.472312245Z,2.848053,113.097212,Cloud to Ground,85890,0,24
2026-09-21T08:05:44.627256000Z,15.0973,112.0652,Cloud to Ground,-84435,0,7
2026-09-21T08:05:44.633217841Z,15.051708,112.018021,Cloud to Ground,23847,0,6
2026-09-21T08:05:45.790195276Z,13.166046,121.300679,Cloud to Ground,-23430,0,9
2026-09-21T08:05:45.025473157Z,13.097873,123.759795,Cloud to Ground,-20727,0,9
2026-09-21T08:05:45.973363804Z,13.143344,123.723882,Cloud to Cloud,14134,18723,7
2026-09-21T08:05:45.114530000Z,13.1207,123.6122,Cloud to Ground,-20962,0,5
2026-09-21T08:05:45.873393756Z,22.305595,110.888317,Cloud to Cloud,-23590,3005,7
2026-09-21T08:05:45.886708242Z,22.296717,110.892854,Cloud to Cloud,-23112,11156,6
2026-09-21T08:05:45.870413363Z,22.248186,110.92068,Cloud to Ground,27821,0,7
2026-09-21T08:05:46.114672127Z,7.42272,125.515288,Cloud to Cloud,-20391,4253,8
2026-09-21T08:05:47.886116317Z,3.005898,112.785755,Cloud to Ground,-21989,0,16
2026-09-21T08:05:47.896108117Z,2.975306,112.72767,Cloud to Ground,41259,0,28
2026-09-21T08:05:48.141376621Z,3.000897,112.864796,Cloud to Ground,47989,0,20
2026-09-21T08:05:47.745875802Z,2.957398,112.857092,Cloud to Ground,172825,0,20
2026-09-21T08:05:47.356044003Z,4.795025,111.482954,Cloud to Ground,28382,0,5
2026-09-21T08:05:47.330913881Z,4.827332,111.5045,Cloud to Ground,70425,0,25
2026-09-21T08:05:48.037582036Z,13.916499,121.493877,Cloud to Ground,-9629,0,11
2026-09-21T08:05:48.934958611Z,17.93573,120.73364,Cloud to Cloud,11095,5634,5
2026-09-21T08:05:48.938050819Z,17.943321,120.737905,Cloud to Cloud,12431,19928,7
2026-09-21T08:05:48.972494632Z,17.942905,120.741444,Cloud to Cloud,14157,5450,7
2026-09-21T08:05:49.712804995Z,8.012857,125.919695,Cloud to Cloud,-16290,13558,10
2026-09-21T08:05:49.553644838Z,7.57677,125.348394,Cloud to Cloud,-8790,8246,8
2026-09-21T08:05:49.600515054Z,7.571384,125.366254,Cloud to Cloud,-7134,17347,7
2026-09-21T08:05:50.168900118Z,1.728077,113.832182,Cloud to Ground,-28152,0,26
2026-09-21T08:05:50.251273000Z,9.9646,124.2049,Cloud to Ground,10540,0,5
2026-09-21T08:05:51.935972072Z,7.932387,126.00254,Cloud to Cloud,8478,7961,8
2026-09-21T08:05:50.946040362Z,13.900844,121.424889,Cloud to Cloud,6032,18319,8
2026-09-21T08:05:51.004181012Z,13.830956,121.467019,Cloud to Cloud,15205,15699,10
2026-09-21T08:05:51.700175665Z,15.458748,120.581588,Cloud to Ground,-24054,0,6
2026-09-21T08:05:52.878595317Z,13.239615,121.154037,Cloud to Ground,-24191,0,11
2026-09-21T08:05:52.791504637Z,13.235526,121.137252,Cloud to Ground,-21573,0,12
2026-09-21T08:05:52.829188099Z,13.276773,121.209738,Cloud to Ground,-10942,0,10
2026-09-21T08:05:52.913811860Z,13.238417,121.140697,Cloud to Cloud,-4934,13051,5
2026-09-21T08:05:52.860209775Z,13.268589,121.164956,Cloud to Cloud,19193,18125,7
2026-09-21T08:05:52.636506906Z,14.559077,110.122049,Cloud to Ground,23238,0,7
2026-09-21T08:05:52.486183296Z,15.459866,120.537397,Cloud to Cloud,11381,19923,7
2026-09-21T08:05:53.920589394Z,13.128851,123.749999,Cloud to Cloud,-14819,3037,7
2026-09-21T08:05:53.277608805Z,15.476566,120.815324,Cloud to Cloud,8559,3000,6
2026-09-21T08:05:53.782172000Z,7.8597,126.1052,Cloud to Ground,-14604,0,7
2026-09-21T08:05:54.214650154Z,13.896613,121.410017,Cloud to Ground,-17252,0,11
2026-09-21T08:05:54.100469362Z,13.89512,121.402461,Cloud to Ground,-10344,0,9
2026-09-21T08:05:55.897504686Z,2.868908,113.090976,Cloud to Ground,43954,0,12
2026-09-21T08:05:55.110353578Z,16.349577,120.779043,Cloud to Ground,-14631,0,10
2026-09-21T08:05:55.035668261Z,15.783773,121.342701,Cloud to Ground,-81419,0,15
2026-09-21T08:05:55.025982366Z,15.731259,121.399946,Cloud to Cloud,-23275,19797,8
2026-09-21T08:05:55.214210000Z,15.835,121.3418,Cloud to Ground,30728,0,5
2026-09-21T08:05:56.177486056Z,15.262508,112.049478,Cloud to Cloud,25075,17745,14
2026-09-21T08:05:57.170941013Z,9.643485,124.038298,Cloud to Cloud,-15387,3015,7
2026-09-21T08:05:57.140657380Z,9.652972,124.06238,Cloud to Ground,16992,0,7
2026-09-21T08:05:57.135299338Z,9.590242,124.094248,Cloud to Cloud,24670,3973,9
2026-09-21T08:05:57.642662398Z,16.087932,121.295765,Cloud to Cloud,8909,11241,8
2026-09-21T08:05:57.117541210Z,13.199626,123.682133,Cloud to Cloud,17360,5270,7
2026-09-21T08:05:58.290415691Z,22.5011,111.411241,Cloud to Cloud,-15196,4664,7
2026-09-21T08:05:58.364432494Z,15.521386,120.751657,Cloud to Ground,24110,0,8
2026-09-21T08:05:59.690222844Z,0.61366,113.500391,Cloud to Ground,17503,0,12
2026-09-21T08:05:59.626543000Z,0.613693,113.503488,Cloud to Ground,27203,0,17
2026-09-21T08:05:59.498197917Z,0.62303,113.522173,Cloud to Ground,51889,0,22
2026-09-21T08:05:59.593663770Z,10.155897,128.69865,Cloud to Ground,-133469,0,12
2026-09-21T08:05:59.739644277Z,10.160873,128.611691,Cloud to Ground,-43182,0,33
2026-09-21T08:05:59.761466837Z,10.200032,128.648181,Cloud to Ground,-14527,0,11
2026-09-21T08:05:59.647767721Z,13.185351,123.727959,Cloud to Ground,-28524,0,14
2026-09-21T08:05:59.725026781Z,13.116852,123.774549,Cloud to Ground,-11705,0,7
2026-09-21T08:05:59.310961741Z,14.670831,110.157352,Cloud to Ground,85597,0,5
2026-09-21T08:06:00.170042202Z,1.694756,113.936867,Cloud to Ground,21508,0,9
2026-09-21T08:06:02.659896892Z,4.732399,111.213299,Cloud to Ground,24643,0,7
2026-09-21T08:06:02.822412806Z,4.692972,111.21028,Cloud to Ground,25539,0,9
2026-09-21T08:06:02.537680571Z,1.753314,114.273367,Cloud to Ground,24014,0,13
2026-09-21T08:06:02.061054771Z,0.839634,113.560523,Cloud to Ground,-14639,0,11
2026-09-21T08:06:02.203767500Z,0.766198,113.609514,Cloud to Ground,-13399,0,15
2026-09-21T08:06:02.042160853Z,0.836493,113.57634,Cloud to Ground,-8964,0,11
2026-09-21T08:06:02.128911275Z,0.771446,113.61804,Cloud to Ground,18326,0,6
2026-09-21T08:06:02.239816289Z,0.719134,113.452231,Cloud to Ground,20056,0,7
2026-09-21T08:06:02.935042440Z,15.123311,110.56785,Cloud to Ground,-31145,0,7
2026-09-21T08:06:02.984696123Z,15.146723,110.525186,Cloud to Ground,20581,0,8
2026-09-21T08:06:02.400328768Z,13.886811,121.412349,Cloud to Cloud,3054,3001,5
2026-09-21T08:06:02.312176875Z,15.478054,120.59568,Cloud to Cloud,-8790,6638,13
2026-09-21T08:06:02.416642547Z,15.475813,120.617523,Cloud to Cloud,-5449,11006,7
2026-09-21T08:06:02.210844750Z,22.389098,110.922532,Cloud to Cloud,-16081,18728,7
2026-09-21T08:06:03.641287631Z,4.44996,115.153635,Cloud to Ground,-18392,0,17
2026-09-21T08:06:03.683239193Z,4.437273,115.123712,Cloud to Ground,-17858,0,11
2026-09-21T08:06:03.225013695Z,4.514976,115.145105,Cloud to Cloud,-10843,7851,11
2026-09-21T08:06:03.974461028Z,1.79679,114.493825,Cloud to Ground,-19581,0,15
2026-09-21T08:06:04.026875934Z,1.866528,114.455755,Cloud to Ground,-18433,0,12
2026-09-21T08:06:03.196099580Z,13.225443,121.094281,Cloud to Cloud,13861,19787,8
2026-09-21T08:06:03.297354013Z,15.359842,120.603051,Cloud to Cloud,6513,15957,6
2026-09-21T08:06:03.733963277Z,13.530583,122.633601,Cloud to Ground,-11977,0,10
2026-09-21T08:06:03.450815248Z,14.730495,110.086725,Cloud to Ground,39897,0,9
2026-09-21T08:06:04.089106099Z,7.901091,126.269357,Cloud to Cloud,17004,6518,8
2026-09-21T08:06:04.617815757Z,14.579814,110.130995,Cloud to Cloud,-19411,13105,6
2026-09-21T08:06:04.484551131Z,14.573942,110.077751,Cloud to Ground,14112,0,8
2026-09-21T08:06:04.602177319Z,14.563493,110.085737,Cloud to Ground,23251,0,8
2026-09-21T08:06:04.583089309Z,14.565122,110.088002,Cloud to Ground,29556,0,10
2026-09-21T08:06:05.933974062Z,7.998122,126.060638,Cloud to Ground,-9478,0,7
2026-09-21T08:06:05.660964596Z,8.38422,134.904079,Cloud to Ground,-26399,0,23
2026-09-21T08:06:05.550995778Z,13.241197,121.118204,Cloud to Ground,16759,0,8
2026-09-21T08:06:05.419117256Z,21.785629,111.037139,Cloud to Ground,43150,0,12
2026-09-21T08:06:05.514472012Z,21.757942,110.92195,Cloud to Ground,18389,0,9
2026-09-21T08:06:05.452446452Z,11.559712,125.743568,Cloud to Ground,11544,0,7
2026-09-21T08:06:06.076147984Z,4.044783,114.685285,Cloud to Cloud,-11304,8166,13
2026-09-21T08:06:07.587373137Z,8.052073,125.959678,Cloud to Ground,-13367,0,16
2026-09-21T08:06:07.954447324Z,7.99988,126.099654,Cloud to Ground,-34141,0,6
2026-09-21T08:06:07.174689932Z,8.626846,132.380267,Cloud to Ground,43754,0,29
2026-09-21T08:06:07.137229740Z,15.467356,120.599292,Cloud to Cloud,-18377,5739,14
2026-09-21T08:06:07.066049893Z,15.469522,120.599424,Cloud to Cloud,-13720,18229,7
2026-09-21T08:06:07.694209337Z,13.09455,123.750464,Cloud to Ground,-38204,0,10
2026-09-21T08:06:07.795261000Z,13.1162,123.6623,Cloud to Ground,-35564,0,7
2026-09-21T08:06:07.888802195Z,13.094559,123.752433,Cloud to Ground,-35209,0,10
2026-09-21T08:06:07.753553000Z,13.1307,123.6049,Cloud to Ground,-25593,0,5
2026-09-21T08:06:07.349645710Z,22.962588,111.918797,Cloud to Cloud,-29920,3739,7
2026-09-21T08:06:08.891493231Z,13.219167,121.198578,Cloud to Cloud,-7506,17753,7
2026-09-21T08:06:08.392036301Z,13.912768,121.506884,Cloud to Ground,-19460,0,8
2026-09-21T08:06:08.200856493Z,13.911986,121.505284,Cloud to Ground,-16805,0,10
2026-09-21T08:06:08.262679028Z,13.991664,121.4785,Cloud to Ground,-13650,0,15
2026-09-21T08:06:09.532313420Z,21.608564,110.890645,Cloud to Ground,-18348,0,6
2026-09-21T08:06:09.602744042Z,21.607353,110.89216,Cloud to Ground,-17419,0,6
2026-09-21T08:06:09.738791341Z,21.625052,110.871905,Cloud to Ground,24154,0,7
2026-09-21T08:06:09.038969803Z,17.902541,120.845405,Cloud to Cloud,10760,19419,5
2026-09-21T08:06:09.844443279Z,15.448298,120.539045,Cloud to Ground,15388,0,10
2026-09-21T08:06:09.732085891Z,13.125519,123.783974,Cloud to Ground,-14489,0,7
2026-09-21T08:06:09.539722000Z,3.9462,115.0859,Cloud to Ground,51460,0,7
2026-09-21T08:06:10.431179477Z,7.514648,125.364314,Cloud to Cloud,-17870,6657,9
2026-09-21T08:06:11.538408419Z,7.89789,126.130764,Cloud to Ground,-26004,0,13
2026-09-21T08:06:11.087969766Z,7.93917,126.101127,Cloud to Ground,14924,0,13
2026-09-21T08:06:11.340335218Z,15.414928,120.642992,Cloud to Cloud,12603,6365,9
2026-09-21T08:06:11.599982356Z,14.560166,121.455276,Cloud to Ground,-33528,0,9
2026-09-21T08:06:12.419589319Z,7.652363,126.043598,Cloud to Ground,-39670,0,8
2026-09-21T08:06:12.747013570Z,22.706216,110.893846,Cloud to Cloud,-18332,13958,6
2026-09-21T08:06:12.994026513Z,22.694937,110.906062,Cloud to Ground,-16099,0,5
2026-09-21T08:06:12.253282493Z,13.912024,121.442233,Cloud to Cloud,11633,12165,8
2026-09-21T08:06:12.181949714Z,13.840925,121.485882,Cloud to Cloud,40845,5881,11
2026-09-21T08:06:12.198305151Z,14.770234,121.45905,Cloud to Cloud,-8075,16039,6
2026-09-21T08:06:13.191679360Z,14.525273,110.202117,Cloud to Ground,-20269,0,9
2026-09-21T08:06:13.227438072Z,14.536394,110.236207,Cloud to Ground,23303,0,7
2026-09-21T08:06:12.615906744Z,14.566879,110.127274,Cloud to Ground,47691,0,12
2026-09-21T08:06:12.861303625Z,13.140015,123.737385,Cloud to Cloud,6848,19579,5
2026-09-21T08:06:12.464999041Z,13.145414,123.767527,Cloud to Cloud,10961,5793,7
2026-09-21T08:06:13.972122466Z,15.109237,110.758874,Cloud to Cloud,13814,14894,7
2026-09-21T08:06:13.975192609Z,15.120034,110.752306,Cloud to Ground,19081,0,7
2026-09-21T08:06:13.973225641Z,15.095146,110.762046,Cloud to Ground,28004,0,8
2026-09-21T08:06:13.693469546Z,13.239045,121.137389,Cloud to Cloud,4312,15437,5
2026-09-21T08:06:13.872183306Z,13.239796,121.101208,Cloud to Cloud,8445,7179,6
2026-09-21T08:06:12.942813265Z,15.545176,120.537986,Cloud to Cloud,17456,3301,10
2026-09-21T08:06:13.040132310Z,15.471256,120.591331,Cloud to Cloud,19589,3001,16
2026-09-21T08:06:14.525356274Z,7.494855,125.430659,Cloud to Ground,-25176,0,21
2026-09-21T08:06:14.565207591Z,7.490844,125.418861,Cloud to Ground,-25158,0,24
2026-09-21T08:06:14.453661182Z,7.495603,125.418869,Cloud to Ground,26258,0,7
2026-09-21T08:06:14.394118339Z,7.58101,125.384167,Cloud to Ground,-52616,0,17
2026-09-21T08:06:14.157631102Z,7.578942,125.367623,Cloud to Ground,-24068,0,20
2026-09-21T08:06:15.166381258Z,2.834431,113.086226,Cloud to Ground,24505,0,7
2026-09-21T08:06:15.385903624Z,2.834753,113.088621,Cloud to Ground,26302,0,6
2026-09-21T08:06:15.122337541Z,2.840247,113.101293,Cloud to Ground,37325,0,14
2026-09-21T08:06:14.823283490Z,2.839942,113.100877,Cloud to Ground,48191,0,14
2026-09-21T08:06:14.917744281Z,2.827186,113.092802,Cloud to Ground,49704,0,5
2026-09-21T08:06:14.666265372Z,2.833079,113.098704,Cloud to Ground,64503,0,15
2026-09-21T08:06:14.543882527Z,8.327416,134.476342,Cloud to Ground,18375,0,11
2026-09-21T08:06:14.576782512Z,8.327338,134.457288,Cloud to Ground,30605,0,22
2026-09-21T08:06:14.525850000Z,8.3373,134.4539,Cloud to Ground,49074,0,8
2026-09-21T08:06:14.585518738Z,22.859532,110.748071,Cloud to Ground,15406,0,9
2026-09-21T08:06:15.426636541Z,7.922589,126.116676,Cloud to Ground,28498,0,8
2026-09-21T08:06:16.810475030Z,3.64755,115.047582,Cloud to Ground,-54920,0,7
2026-09-21T08:06:16.811027221Z,3.592671,115.039743,Cloud to Ground,20153,0,17
2026-09-21T08:06:16.676525096Z,15.474367,120.600461,Cloud to Ground,-37901,0,12
2026-09-21T08:06:17.300414858Z,15.475287,120.599368,Cloud to Ground,-20446,0,11
2026-09-21T08:06:17.127589143Z,15.473438,120.597473,Cloud to Ground,-17884,0,11
2026-09-21T08:06:17.152483355Z,15.47357,120.592916,Cloud to Ground,-3888,0,5
2026-09-21T08:06:17.668798680Z,15.467126,120.570989,Cloud to Cloud,9384,5346,6
2026-09-21T08:06:16.565433484Z,22.791956,111.011037,Cloud to Cloud,-15592,17400,7
2026-09-21T08:06:16.447755602Z,22.79181,110.996112,Cloud to Cloud,25359,3089,7
2026-09-21T08:06:17.135489852Z,7.916677,126.117734,Cloud to Ground,16787,0,12
2026-09-21T08:06:18.713672139Z,15.397496,112.955728,Cloud to Cloud,9062,8498,8
2026-09-21T08:06:18.718077064Z,15.386079,112.916196,Cloud to Ground,18650,0,7
2026-09-21T08:06:18.711773194Z,15.386987,112.923685,Cloud to Ground,19847,0,7
2026-09-21T08:06:17.952847539Z,15.08642,110.581138,Cloud to Cloud,-14536,4228,5
2026-09-21T08:06:18.125113754Z,15.14689,110.604632,Cloud to Ground,14834,0,8
2026-09-21T08:06:19.519605506Z,13.937599,121.516586,Cloud to Ground,42381,0,10
2026-09-21T08:06:20.841744136Z,1.659472,113.996415,Cloud to Ground,-24724,0,7
2026-09-21T08:06:20.294449431Z,4.380759,115.090371,Cloud to Cloud,22867,7508,7
2026-09-21T08:06:20.306429719Z,7.862434,126.091575,Cloud to Ground,-23999,0,13
2026-09-21T08:06:21.765662229Z,13.93366,121.515921,Cloud to Cloud,6817,16903,5
2026-09-21T08:06:21.636899116Z,14.627153,110.156416,Cloud to Ground,39174,0,7
2026-09-21T08:06:22.963467907Z,16.283938,120.860677,Cloud to Cloud,11808,15465,8
2026-09-21T08:06:22.731531363Z,15.476958,120.628604,Cloud to Cloud,-2967,16982,7
2026-09-21T08:06:22.812156626Z,15.470022,120.595241,Cloud to Cloud,-2484,13473,5
2026-09-21T08:06:22.580343010Z,13.900163,121.530781,Cloud to Cloud,6063,6514,7
2026-09-21T08:06:22.462511669Z,13.140921,123.877966,Cloud to Ground,-59860,0,12
2026-09-21T08:06:23.335849643Z,7.609044,133.03568,Cloud to Ground,-40324,0,24
2026-09-21T08:06:23.383099058Z,22.420562,110.882066,Cloud to Ground,19633,0,6
2026-09-21T08:06:23.350335810Z,22.407093,110.892269,Cloud to Ground,76595,0,19
2026-09-21T08:06:23.229730291Z,14.579889,110.201655,Cloud to Ground,51795,0,5
2026-09-21T08:06:23.668482236Z,13.178613,123.70048,Cloud to Ground,-34521,0,22
2026-09-21T08:06:24.811607541Z,1.816755,114.476192,Cloud to Ground,32635,0,19
2026-09-21T08:06:24.742405397Z,8.231942,134.070902,Cloud to Ground,-11110,0,12
2026-09-21T08:06:24.286108054Z,8.164524,134.172343,Cloud to Cloud,9299,3039,11
2026-09-21T08:06:24.060617945Z,8.143974,134.150965,Cloud to Ground,12366,0,19
2026-09-21T08:06:24.037324438Z,13.102126,123.766948,Cloud to Ground,-19698,0,6
2026-09-21T08:06:24.095172447Z,13.106023,123.77235,Cloud to Ground,-10156,0,5
2026-09-21T08:06:24.172894049Z,13.10763,123.774408,Cloud to Ground,-8520,0,5
2026-09-21T08:06:25.718134123Z,7.933013,125.953695,Cloud to Cloud,7753,8781,14
2026-09-21T08:06:25.578942566Z,14.997903,110.452268,Cloud to Cloud,-46459,7257,8
2026-09-21T08:06:25.649024095Z,14.925608,110.27394,Cloud to Ground,-24716,0,5
2026-09-21T08:06:25.618844371Z,14.948253,110.285423,Cloud to Ground,86484,0,8
2026-09-21T08:06:25.586256222Z,14.972513,110.328685,Cloud to Ground,158060,0,16
2026-09-21T08:06:25.801212494Z,16.179169,121.276408,Cloud to Cloud,8317,18850,6
2026-09-21T08:06:26.810182728Z,2.840491,113.090475,Cloud to Ground,25156,0,10
2026-09-21T08:06:26.731774314Z,2.843412,113.101896,Cloud to Ground,27225,0,12
2026-09-21T08:06:26.637438859Z,2.849175,113.105153,Cloud to Ground,55585,0,21
2026-09-21T08:06:26.514413814Z,7.917372,125.991695,Cloud to Cloud,9408,19180,8
2026-09-21T08:06:26.008887594Z,13.1488,123.710598,Cloud to Ground,51289,0,12
2026-09-21T08:06:27.140625000Z,9.8705,124.2247,Cloud to Ground,11261,0,5
2026-09-21T08:06:28.923409380Z,15.48668,120.679141,Cloud to Cloud,4430,17705,7
2026-09-21T08:06:28.676050023Z,15.399831,120.651076,Cloud to Cloud,16202,16785,10
2026-09-21T08:06:29.915467507Z,13.313189,123.605152,Cloud to Cloud,12767,17936,7
2026-09-21T08:06:30.185840000Z,13.1747,123.7046,Cloud to Ground,-10540,0,7
2026-09-21T08:06:29.598757064Z,13.150394,123.718505,Cloud to Cloud,11257,16309,7
2026-09-21T08:06:29.120645003Z,21.618408,110.903562,Cloud to Ground,-17694,0,9
2026-09-21T08:06:30.992548388Z,10.302151,129.026523,Cloud to Ground,-42693,0,8
2026-09-21T08:06:30.757617962Z,13.221926,121.219997,Cloud to Ground,-25784,0,11
2026-09-21T08:06:30.577692034Z,13.250327,121.197196,Cloud to Ground,-19334,0,13
2026-09-21T08:06:30.668537515Z,13.220485,121.218216,Cloud to Ground,-15574,0,10
2026-09-21T08:06:30.512355986Z,13.247143,121.201895,Cloud to Ground,-11899,0,9
2026-09-21T08:06:31.342904799Z,7.575182,125.61609,Cloud to Cloud,-13688,3009,15
2026-09-21T08:06:31.202196888Z,15.228352,112.913263,Cloud to Ground,-38290,0,11
2026-09-21T08:06:31.289085000Z,15.2369,112.9213,Cloud to Ground,26056,0,7
2026-09-21T08:06:32.616932396Z,7.847028,126.052961,Cloud to Ground,13989,0,13
2026-09-21T08:06:32.136054055Z,8.007067,125.954949,Cloud to Cloud,-8301,7062,10
2026-09-21T08:06:33.139470000Z,7.9945,126.0715,Cloud to Ground,-36394,0,7
2026-09-21T08:06:32.763982833Z,8.058251,126.091505,Cloud to Ground,-18506,0,27
2026-09-21T08:06:33.200221721Z,8.014763,125.989536,Cloud to Ground,-9938,0,14
2026-09-21T08:06:33.277315366Z,8.016076,125.971249,Cloud to Ground,-8322,0,12
2026-09-21T08:06:32.141688766Z,13.89179,121.485368,Cloud to Ground,-11237,0,10
2026-09-21T08:06:31.416786783Z,13.883054,121.472266,Cloud to Ground,-7331,0,7
2026-09-21T08:06:31.522468156Z,13.888655,121.482481,Cloud to Cloud,12205,3006,8
2026-09-21T08:06:32.487449363Z,14.61432,110.109644,Cloud to Ground,22737,0,5
2026-09-21T08:06:32.693972652Z,14.606117,110.12422,Cloud to Ground,25073,0,6
2026-09-21T08:06:32.077580915Z,14.651287,110.179066,Cloud to Ground,25077,0,9
2026-09-21T08:06:32.887834458Z,14.623735,110.108898,Cloud to Ground,39379,0,5
2026-09-21T08:06:33.996837062Z,15.356896,120.612171,Cloud to Cloud,13873,7508,7
2026-09-21T08:06:33.146674264Z,16.356863,120.825167,Cloud to Ground,-12497,0,7
2026-09-21T08:06:34.770639633Z,8.027931,125.982477,Cloud to Cloud,10233,5603,7
2026-09-21T08:06:34.564681730Z,15.940211,121.151473,Cloud to Ground,-18284,0,11
2026-09-21T08:06:34.060948929Z,15.42193,120.533673,Cloud to Cloud,-14654,4325,7
2026-09-21T08:06:35.116565964Z,7.487124,125.427108,Cloud to Ground,26969,0,10
2026-09-21T08:06:35.941417460Z,8.308349,134.218985,Cloud to Ground,-16474,0,28
2026-09-21T08:06:35.216735906Z,14.832084,110.813892,Cloud to Cloud,-20653,14065,6
2026-09-21T08:06:35.836996587Z,8.291978,134.312555,Cloud to Ground,-39306,0,19
2026-09-21T08:06:36.426151818Z,8.298384,134.317977,Cloud to Ground,-21223,0,24
2026-09-21T08:06:35.975962180Z,8.308063,134.356301,Cloud to Ground,15022,0,14
2026-09-21T08:06:36.452179945Z,8.304927,134.354099,Cloud to Ground,15539,0,14
2026-09-21T08:06:35.874052623Z,8.30473,134.353373,Cloud to Ground,21915,0,18
2026-09-21T08:06:36.203482293Z,8.302003,134.343378,Cloud to Ground,44985,0,25
2026-09-21T08:06:36.840606413Z,21.694428,111.005419,Cloud to Ground,41476,0,7
2026-09-21T08:06:36.316417508Z,15.756825,121.32188,Cloud to Cloud,13184,17812,7
2026-09-21T08:06:36.577399969Z,10.605969,122.910942,Cloud to Ground,-38990,0,12
2026-09-21T08:06:36.436550512Z,10.600475,122.904742,Cloud to Cloud,46102,10289,8
2026-09-21T08:06:37.341176660Z,7.910298,126.033086,Cloud to Cloud,7744,13728,14
2026-09-21T08:06:37.712384897Z,15.295383,120.620584,Cloud to Cloud,-14023,7483,7
2026-09-21T08:06:37.384003188Z,14.577505,110.173144,Cloud to Ground,-40084,0,7
2026-09-21T08:06:36.868505056Z,14.577613,110.118067,Cloud to Ground,23095,0,6
2026-09-21T08:06:37.339120551Z,14.571025,110.116675,Cloud to Ground,39174,0,7
2026-09-21T08:06:38.073981268Z,15.531924,120.657462,Cloud to Cloud,6727,16210,7
2026-09-21T08:06:38.358067000Z,10.3046,126.0179,Cloud to Ground,-42535,0,10
2026-09-21T08:06:38.389458069Z,10.296558,126.071713,Cloud to Ground,-22983,0,6
2026-09-21T08:06:38.443014000Z,10.2993,126.0527,Cloud to Ground,-19131,0,10
2026-09-21T08:06:39.623445360Z,21.591971,110.894193,Cloud to Ground,-38970,0,9
2026-09-21T08:06:40.366639035Z,8.005678,125.950893,Cloud to Cloud,9347,4195,9
2026-09-21T08:06:40.962628179Z,13.14407,123.727348,Cloud to Ground,20019,0,8
2026-09-21T08:06:41.993512166Z,7.622016,125.53542,Cloud to Cloud,-8234,15347,11
2026-09-21T08:06:41.822984089Z,4.155085,114.646734,Cloud to Ground,33318,0,24
2026-09-21T08:06:42.988294653Z,11.580668,125.69762,Cloud to Ground,-20180,0,16
2026-09-21T08:06:43.677968508Z,14.628211,110.136134,Cloud to Ground,33659,0,8
2026-09-21T08:06:43.932019582Z,13.541746,122.618819,Cloud to Ground,-14233,0,10
2026-09-21T08:06:43.038673640Z,11.608859,125.834014,Cloud to Ground,-17074,0,7
2026-09-21T08:06:43.321188459Z,11.563459,125.847452,Cloud to Ground,-16286,0,9
2026-09-21T08:06:43.144959133Z,17.931255,120.729965,Cloud to Cloud,8311,10081,6
2026-09-21T08:06:43.317032839Z,17.85649,120.839322,Cloud to Cloud,-8793,7168,9
2026-09-21T08:06:44.686272621Z,7.82633,126.141907,Cloud to Cloud,10974,15033,10
2026-09-21T08:06:45.083525457Z,1.760636,114.268881,Cloud to Ground,-12098,0,22
2026-09-21T08:06:45.193977226Z,1.743357,114.324055,Cloud to Ground,19607,0,10
2026-09-21T08:06:45.873882535Z,6.193019,117.079963,Cloud to Cloud,-37192,3456,16
2026-09-21T08:06:46.171501584Z,6.124051,117.089873,Cloud to Cloud,-19170,6032,12
2026-09-21T08:06:45.870319652Z,6.11887,117.046414,Cloud to Ground,16542,0,10
2026-09-21T08:06:45.407544403Z,7.933777,125.978202,Cloud to Cloud,-13359,18304,9
2026-09-21T08:06:45.239658183Z,14.642947,110.160514,Cloud to Ground,43682,0,6
2026-09-21T08:06:46.949725071Z,2.850274,113.077816,Cloud to Ground,-11817,0,7
2026-09-21T08:06:46.369678601Z,13.023401,123.767235,Cloud to Cloud,13459,15095,6
2026-09-21T08:06:47.819504369Z,8.021802,125.98598,Cloud to Cloud,5609,13129,7
2026-09-21T08:06:47.970234907Z,13.912218,121.424054,Cloud to Cloud,-3304,8802,5
2026-09-21T08:06:48.038191096Z,9.966093,126.473144,Cloud to Cloud,12379,5583,8
2026-09-21T08:06:48.039998774Z,9.947402,126.45181,Cloud to Ground,26963,0,7
2026-09-21T08:06:48.094728848Z,12.87635,123.824731,Cloud to Cloud,-10149,6313,8
2026-09-21T08:06:48.113051000Z,13.0496,123.8495,Cloud to Ground,-32155,0,6
2026-09-21T08:06:49.593707081Z,9.929339,124.195447,Cloud to Ground,-6143,0,5
2026-09-21T08:06:50.257691625Z,16.022805,110.031177,Cloud to Ground,14359,0,7
2026-09-21T08:06:50.941765348Z,14.551738,110.150075,Cloud to Ground,-17952,0,6
2026-09-21T08:06:51.600260000Z,13.265,121.1751,Cloud to Ground,-51569,0,6
2026-09-21T08:06:51.612236930Z,13.264339,121.099912,Cloud to Ground,-34619,0,13
2026-09-21T08:06:51.695161000Z,13.2095,121.0807,Cloud to Ground,-30270,0,5
2026-09-21T08:06:52.010882000Z,13.2437,121.0832,Cloud to Ground,-27142,0,8
2026-09-21T08:06:51.848017132Z,13.23468,121.130762,Cloud to Ground,-21968,0,8
2026-09-21T08:06:51.912181959Z,13.227513,121.117338,Cloud to Ground,-11289,0,6
2026-09-21T08:06:51.799315796Z,13.223403,121.112592,Cloud to Ground,-9646,0,5
2026-09-21T08:06:52.105306008Z,13.226448,121.116396,Cloud to Ground,-9018,0,6
2026-09-21T08:06:52.416942056Z,13.228944,121.120415,Cloud to Ground,-8945,0,6
2026-09-21T08:06:52.231787648Z,13.227212,121.117886,Cloud to Ground,-8572,0,6
2026-09-21T08:06:51.769663505Z,13.226101,121.112459,Cloud to Ground,-7988,0,5
2026-09-21T08:06:51.703408753Z,13.222326,121.10973,Cloud to Ground,-7702,0,5
2026-09-21T08:06:51.138075454Z,13.24166,121.113078,Cloud to Ground,43538,0,10
2026-09-21T08:06:51.415821950Z,13.253746,123.622742,Cloud to Cloud,10216,7379,7
2026-09-21T08:06:51.591752528Z,13.265129,123.636539,Cloud to Ground,21985,0,11
2026-09-21T08:06:51.821998000Z,13.1037,123.8203,Cloud to Ground,-40232,0,5
2026-09-21T08:06:51.762161225Z,13.114108,123.768873,Cloud to Ground,-34890,0,9
2026-09-21T08:06:51.988452000Z,13.1474,123.6759,Cloud to Ground,-16268,0,6
2026-09-21T08:06:52.103424146Z,13.052063,123.781238,Cloud to Cloud,13096,5314,8
2026-09-21T08:06:51.625577511Z,13.143635,123.720572,Cloud to Ground,51798,0,10
2026-09-21T08:06:51.817250167Z,14.64229,110.971632,Cloud to Ground,30445,0,10
2026-09-21T08:06:52.951253180Z,13.156347,123.746722,Cloud to Cloud,15129,16336,7
2026-09-21T08:06:53.733383778Z,13.131515,123.783751,Cloud to Ground,-23426,0,9
2026-09-21T08:06:53.406482235Z,22.593795,111.043545,Cloud to Ground,10578,0,7
2026-09-21T08:06:54.510880630Z,8.329876,134.474633,Cloud to Ground,9057,0,12
2026-09-21T08:06:54.335580383Z,8.327757,134.468633,Cloud to Ground,18332,0,24
2026-09-21T08:06:54.464276276Z,8.406336,134.42433,Cloud to Ground,24473,0,13
2026-09-21T08:06:54.006853402Z,8.330447,134.454275,Cloud to Ground,30637,0,26
2026-09-21T08:06:55.475864754Z,10.107999,128.700395,Cloud to Ground,-50486,0,17
2026-09-21T08:06:54.745081500Z,10.137339,128.590799,Cloud to Ground,-32838,0,30
2026-09-21T08:06:55.355268000Z,10.1304,128.615,Cloud to Ground,-25129,0,8
2026-09-21T08:06:54.760383001Z,10.134031,128.57925,Cloud to Ground,-16194,0,10
2026-09-21T08:06:55.453485000Z,13.9161,121.56,Cloud to Ground,-23048,0,5
2026-09-21T08:06:55.454026310Z,13.894207,121.498255,Cloud to Ground,-13451,0,9
2026-09-21T08:06:55.271921000Z,13.9222,121.4602,Cloud to Ground,-13032,0,5
2026-09-21T08:06:55.198296672Z,13.903741,121.506529,Cloud to Ground,-9647,0,9
2026-09-21T08:06:55.333617611Z,13.904381,121.511294,Cloud to Ground,-8283,0,7
2026-09-21T08:06:56.465164014Z,8.361763,134.908441,Cloud to Ground,11388,0,7
2026-09-21T08:06:56.410161242Z,8.361505,134.914732,Cloud to Ground,14535,0,9
2026-09-21T08:06:56.006070872Z,8.371434,134.871799,Cloud to Ground,17154,0,15
2026-09-21T08:06:56.667858035Z,15.456834,120.59924,Cloud to Cloud,-13700,9984,12
2026-09-21T08:06:57.077274000Z,7.9909,125.9828,Cloud to Ground,-34440,0,5
2026-09-21T08:06:56.885726000Z,7.9725,126.0593,Cloud to Ground,-33353,0,7
2026-09-21T08:06:56.826461000Z,8.0066,126.0595,Cloud to Ground,-23461,0,5
2026-09-21T08:06:57.079735071Z,8.077369,126.059746,Cloud to Ground,-13044,0,10
2026-09-21T08:06:56.807530310Z,7.987316,125.983389,Cloud to Cloud,-9142,15806,12
2026-09-21T08:06:58.284573642Z,17.927375,120.73123,Cloud to Cloud,13482,3009,7
2026-09-21T08:06:59.286759132Z,9.713252,123.984098,Cloud to Ground,-41533,0,19
2026-09-21T08:06:59.517195000Z,9.644,124.0105,Cloud to Ground,-35262,0,11
2026-09-21T08:06:59.325453521Z,9.635125,124.029683,Cloud to Ground,-27271,0,6
2026-09-21T08:06:59.376417729Z,2.703281,110.5739,Cloud to Ground,-153629,0,27
2026-09-21T08:06:59.395644882Z,2.701812,110.577247,Cloud to Ground,-55400,0,29
2026-09-21T08:06:59.349847587Z,2.677213,110.595238,Cloud to Ground,18116,0,10
2026-09-21T08:07:00.160273883Z,21.686108,110.857011,Cloud to Cloud,-26254,3028,7
2026-09-21T08:07:01.668342728Z,13.235182,121.10741,Cloud to Ground,-11493,0,8
2026-09-21T08:07:01.971201006Z,13.204889,121.151061,Cloud to Cloud,4468,16097,5
2026-09-21T08:07:01.727677750Z,13.254787,121.115762,Cloud to Cloud,6392,5428,5
2026-09-21T08:07:01.105277532Z,10.561387,124.016408,Cloud to Cloud,-6893,18322,5
2026-09-21T08:07:02.386605908Z,7.971926,125.96708,Cloud to Cloud,8338,3019,7
2026-09-21T08:07:02.394671314Z,22.390331,110.933854,Cloud to Cloud,24818,3004,6
2026-09-21T08:07:02.167601689Z,22.404472,110.806961,Cloud to Ground,37247,0,11
2026-09-21T08:07:02.904135477Z,13.096479,123.799247,Cloud to Ground,30680,0,10
2026-09-21T08:07:02.760717233Z,13.573731,122.629466,Cloud to Cloud,5433,16931,6
2026-09-21T08:07:03.624017849Z,7.980617,125.955805,Cloud to Cloud,8811,17332,7
2026-09-21T08:07:03.647957286Z,7.972109,125.931931,Cloud to Cloud,8943,3197,8
2026-09-21T08:07:03.537181366Z,7.944205,126.033263,Cloud to Ground,16829,0,8
2026-09-21T08:07:02.829092535Z,15.782049,121.346255,Cloud to Cloud,-16989,9164,13
2026-09-21T08:07:03.007897672Z,15.781149,121.348506,Cloud to Ground,67004,0,8
2026-09-21T08:07:03.467345922Z,15.424009,120.644011,Cloud to Cloud,16163,14281,8
2026-09-21T08:07:04.960654065Z,8.356015,134.902681,Cloud to Ground,18707,0,16
2026-09-21T08:07:04.341763114Z,8.357022,134.926636,Cloud to Ground,20146,0,15
2026-09-21T08:07:03.796709876Z,15.45604,120.819599,Cloud to Cloud,-22872,11424,8
2026-09-21T08:07:04.335512956Z,15.531369,120.784522,Cloud to Ground,-17051,0,9
2026-09-21T08:07:04.722531405Z,13.888231,121.510554,Cloud to Cloud,-12828,11602,7
2026-09-21T08:07:04.694216265Z,13.156714,123.746271,Cloud to Ground,17070,0,9
2026-09-21T08:07:05.411729266Z,4.83609,111.516753,Cloud to Ground,27846,0,13
2026-09-21T08:07:05.607715619Z,4.805986,111.494836,Cloud to Ground,35878,0,5
2026-09-21T08:07:05.354106228Z,4.836145,111.520257,Cloud to Ground,75115,0,18
2026-09-21T08:07:05.216183424Z,9.932135,124.221928,Cloud to Ground,-19857,0,8
2026-09-21T08:07:05.464337149Z,22.874519,113.72691,Cloud to Ground,-23723,0,7
2026-09-21T08:07:06.309502468Z,1.536154,113.848911,Cloud to Ground,35852,0,18
2026-09-21T08:07:06.112583235Z,1.702404,113.783398,Cloud to Ground,-13366,0,15
2026-09-21T08:07:06.052703961Z,1.662477,113.790471,Cloud to Ground,-10436,0,11
2026-09-21T08:07:07.428066492Z,7.933156,126.005611,Cloud to Ground,-15995,0,11
2026-09-21T08:07:07.739524897Z,0.638633,113.470765,Cloud to Ground,-16824,0,13
2026-09-21T08:07:07.992578868Z,14.85061,111.351065,Cloud to Ground,-32127,0,9
2026-09-21T08:07:07.807921698Z,14.821242,111.288042,Cloud to Ground,23522,0,9
2026-09-21T08:07:07.806021320Z,14.839944,111.293191,Cloud to Ground,38030,0,14
2026-09-21T08:07:07.637206285Z,13.339222,123.629512,Cloud to Cloud,-8621,10129,6
2026-09-21T08:07:07.816149078Z,13.199125,123.640703,Cloud to Cloud,-24712,6528,9
2026-09-21T08:07:07.815587007Z,13.181078,123.634319,Cloud to Cloud,14648,3159,7
2026-09-21T08:07:08.446469885Z,7.986418,125.950172,Cloud to Ground,-10643,0,15
2026-09-21T08:07:08.456166084Z,14.569716,110.201899,Cloud to Ground,48923,0,5
2026-09-21T08:07:08.078293320Z,14.511065,110.092176,Cloud to Ground,-29041,0,6
2026-09-21T08:07:09.494088865Z,7.914626,126.003004,Cloud to Cloud,9444,5136,12
2026-09-21T08:07:10.111462912Z,1.790647,114.520924,Cloud to Ground,-21650,0,18
2026-09-21T08:07:10.206228646Z,1.794646,114.475633,Cloud to Ground,30248,0,16
2026-09-21T08:07:10.043157955Z,1.792577,114.493383,Cloud to Ground,85687,0,24
2026-09-21T08:07:10.843894469Z,15.469345,120.578008,Cloud to Ground,-20191,0,8
2026-09-21T08:07:10.624444563Z,15.477344,120.596593,Cloud to Ground,-14617,0,10
2026-09-21T08:07:10.451921754Z,15.468126,120.681064,Cloud to Cloud,-13486,3008,8
2026-09-21T08:07:10.868567827Z,15.474206,120.581943,Cloud to Ground,-13363,0,7
2026-09-21T08:07:10.988085492Z,15.473826,120.595187,Cloud to Ground,-12922,0,6
2026-09-21T08:07:10.799353518Z,15.475602,120.592164,Cloud to Ground,-12442,0,8
2026-09-21T08:07:10.451086936Z,15.386391,120.582772,Cloud to Cloud,14257,15002,10
2026-09-21T08:07:10.173042675Z,14.691272,121.459451,Cloud to Cloud,-14128,5236,8
2026-09-21T08:07:10.258847000Z,14.8105,121.4916,Cloud to Ground,-8341,0,5
2026-09-21T08:07:10.703257943Z,10.779901,121.273178,Cloud to Ground,-28491,0,10
2026-09-21T08:07:10.590606548Z,10.775213,121.35371,Cloud to Cloud,23847,14973,8
2026-09-21T08:07:11.622630228Z,8.013426,126.053331,Cloud to Ground,27576,0,17
2026-09-21T08:07:11.375145537Z,2.915159,113.022086,Cloud to Ground,-13486,0,10
2026-09-21T08:07:11.342066299Z,2.851073,113.106393,Cloud to Ground,38239,0,11
2026-09-21T08:07:11.422490209Z,2.853163,113.110779,Cloud to Ground,51693,0,16
2026-09-21T08:07:11.158862895Z,13.324712,123.615451,Cloud to Cloud,28260,18044,11
2026-09-21T08:07:11.195993060Z,15.133088,110.504694,Cloud to Ground,28197,0,10
2026-09-21T08:07:11.458669897Z,12.912628,123.859671,Cloud to Ground,-49346,0,9
2026-09-21T08:07:11.484319602Z,12.924232,123.868751,Cloud to Ground,-13187,0,7
2026-09-21T08:07:12.463977718Z,4.413066,115.102917,Cloud to Ground,-25894,0,17
2026-09-21T08:07:12.924715878Z,4.414215,115.040978,Cloud to Ground,-17268,0,8
2026-09-21T08:07:12.117044135Z,4.345024,115.135754,Cloud to Ground,-17219,0,15
2026-09-21T08:07:12.191316400Z,17.929678,120.738741,Cloud to Cloud,16386,4781,6
2026-09-21T08:07:13.785238367Z,8.649371,132.396332,Cloud to Cloud,-53686,5261,19
2026-09-21T08:07:13.866265832Z,8.552401,132.448256,Cloud to Ground,23182,0,9
2026-09-21T08:07:13.827172428Z,8.583839,132.306658,Cloud to Ground,-15312,0,28
2026-09-21T08:07:13.858658344Z,7.692086,133.031042,Cloud to Ground,76111,0,12
2026-09-21T08:07:13.628969852Z,7.581482,132.927581,Cloud to Ground,-33581,0,31
2026-09-21T08:07:13.696327192Z,7.585456,133.034078,Cloud to Ground,-24316,0,17
2026-09-21T08:07:13.762305968Z,7.580069,133.056068,Cloud to Ground,-21888,0,19
2026-09-21T08:07:13.727988898Z,7.584502,133.060717,Cloud to Ground,12193,0,11
2026-09-21T08:07:14.783495389Z,13.931384,121.432381,Cloud to Cloud,-3782,18520,5
2026-09-21T08:07:14.624390803Z,13.898004,121.388005,Cloud to Cloud,5265,3005,6
2026-09-21T08:07:15.687026983Z,2.90066,113.024315,Cloud to Ground,-16794,0,7
2026-09-21T08:07:15.838362766Z,2.886799,113.02328,Cloud to Ground,-16635,0,12
2026-09-21T08:07:15.769546615Z,2.883615,113.002835,Cloud to Ground,-15781,0,14
2026-09-21T08:07:15.863011874Z,2.910791,113.061731,Cloud to Ground,-14924,0,11
2026-09-21T08:07:15.714231617Z,2.902712,113.037881,Cloud to Ground,-12778,0,9
2026-09-21T08:07:15.659105975Z,13.881772,121.491553,Cloud to Cloud,4748,3022,6
2026-09-21T08:07:15.599639576Z,13.226278,121.240438,Cloud to Cloud,-12732,10925,11
2026-09-21T08:07:15.423944794Z,21.675982,110.850812,Cloud to Cloud,-21015,3019,8
2026-09-21T08:07:16.077033494Z,5.141864,115.529115,Cloud to Ground,-52686,0,24
2026-09-21T08:07:16.192034746Z,5.133918,115.550137,Cloud to Ground,21120,0,17
2026-09-21T08:07:16.086841321Z,5.222644,115.532796,Cloud to Ground,99880,0,8
2026-09-21T08:07:16.387698880Z,2.294989,112.541544,Cloud to Ground,-18966,0,8
2026-09-21T08:07:16.389390165Z,2.280846,112.644373,Cloud to Ground,47921,0,17
2026-09-21T08:07:16.866128604Z,8.013531,125.898328,Cloud to Ground,-10889,0,9
2026-09-21T08:07:16.689997604Z,13.346092,123.622793,Cloud to Ground,-11768,0,11
2026-09-21T08:07:16.312858657Z,14.49538,110.186759,Cloud to Ground,18657,0,6
2026-09-21T08:07:16.256303000Z,14.6044,110.4284,Cloud to Ground,-31194,0,8
2026-09-21T08:07:17.819926000Z,0.567903,113.485965,Cloud to Ground,18111,0,9
2026-09-21T08:07:17.010526852Z,8.306662,134.445834,Cloud to Ground,-28029,0,23
2026-09-21T08:07:17.143889264Z,8.314393,134.459775,Cloud to Ground,-16899,0,24
2026-09-21T08:07:17.048425179Z,8.324113,134.482571,Cloud to Ground,15286,0,17
2026-09-21T08:07:17.843745052Z,8.323781,134.478158,Cloud to Ground,15309,0,17
2026-09-21T08:07:17.187397296Z,14.836696,110.782126,Cloud to Cloud,-19851,7103,9
2026-09-21T08:07:17.296094183Z,14.833293,110.792155,Cloud to Ground,21616,0,7
2026-09-21T08:07:17.215338000Z,14.8465,110.8191,Cloud to Ground,52805,0,5
2026-09-21T08:07:18.141898378Z,8.012347,125.992283,Cloud to Ground,-21815,0,8
2026-09-21T08:07:17.678903977Z,7.99311,126.002384,Cloud to Ground,-11342,0,18
2026-09-21T08:07:18.548524808Z,21.633216,110.746995,Cloud to Ground,37029,0,12
2026-09-21T08:07:18.756190751Z,21.618332,110.875966,Cloud to Ground,-32195,0,8
2026-09-21T08:07:18.575327211Z,21.646299,110.856447,Cloud to Ground,-18152,0,6
2026-09-21T08:07:18.633701031Z,21.639923,110.863462,Cloud to Ground,95767,0,18
2026-09-21T08:07:19.920911331Z,13.016659,123.817538,Cloud to Ground,-8101,0,9
2026-09-21T08:07:20.052026492Z,13.005972,123.8494,Cloud to Cloud,16699,3277,8
2026-09-21T08:07:19.779008416Z,13.10072,123.753026,Cloud to Ground,-34228,0,12
2026-09-21T08:07:20.105295000Z,13.0993,123.7247,Cloud to Ground,-33849,0,8
2026-09-21T08:07:19.876727000Z,13.1533,123.7657,Cloud to Ground,-19469,0,8
2026-09-21T08:07:19.984136185Z,13.101919,123.766,Cloud to Ground,-15679,0,8
2026-09-21T08:07:19.806931537Z,13.102704,123.758465,Cloud to Ground,-12181,0,9
2026-09-21T08:07:19.382987693Z,22.641495,111.065727,Cloud to Cloud,17269,6724,8
2026-09-21T08:07:19.428257893Z,22.857449,110.88267,Cloud to Cloud,-14085,3000,6
2026-09-21T08:07:19.285897951Z,22.846776,110.891685,Cloud to Ground,70849,0,14
2026-09-21T08:07:20.542860378Z,0.603748,113.444109,Cloud to Ground,-15072,0,11
2026-09-21T08:07:21.019752215Z,13.252525,121.134148,Cloud to Cloud,-9868,6881,7
2026-09-21T08:07:21.072460679Z,13.189342,121.151563,Cloud to Cloud,3857,16189,7
2026-09-21T08:07:23.266185261Z,7.90288,126.011011,Cloud to Cloud,7269,12531,7
2026-09-21T08:07:22.947380083Z,7.869996,125.998555,Cloud to Cloud,8975,18429,12
2026-09-21T08:07:22.838304805Z,7.90489,126.048739,Cloud to Cloud,9600,16590,11
2026-09-21T08:07:22.699681659Z,13.968635,121.400626,Cloud to Ground,-14278,0,18
2026-09-21T08:07:22.988676361Z,13.887633,121.415105,Cloud to Ground,-13648,0,11
2026-09-21T08:07:22.754256935Z,13.888374,121.415737,Cloud to Ground,-11325,0,11
2026-09-21T08:07:22.894326496Z,13.970233,121.402512,Cloud to Ground,-11045,0,15
2026-09-21T08:07:22.819672986Z,13.923374,121.445215,Cloud to Ground,-6579,0,7
2026-09-21T08:07:23.989061720Z,9.82785,124.215396,Cloud to Ground,-21086,0,13
2026-09-21T08:07:23.604255132Z,2.86556,113.09392,Cloud to Ground,-21978,0,7
2026-09-21T08:07:23.525167000Z,10.236,129.0648,Cloud to Ground,-6745,0,5
2026-09-21T08:07:23.573982897Z,10.192743,129.066333,Cloud to Ground,20735,0,9
2026-09-21T08:07:23.024422435Z,13.160679,123.743229,Cloud to Ground,29312,0,7
2026-09-21T08:07:23.284032403Z,14.576924,110.075977,Cloud to Ground,30197,0,7
2026-09-21T08:07:24.706814758Z,7.933481,126.070378,Cloud to Ground,16618,0,12
2026-09-21T08:07:24.667327987Z,7.931105,126.069709,Cloud to Ground,21115,0,13
2026-09-21T08:07:24.392189372Z,15.119589,112.089377,Cloud to Ground,-18038,0,9
2026-09-21T08:07:24.388815705Z,15.093436,112.01848,Cloud to Ground,24224,0,7
2026-09-21T08:07:24.414715998Z,13.940308,121.584917,Cloud to Cloud,22667,19085,8
2026-09-21T08:07:25.068624672Z,15.536278,120.777455,Cloud to Cloud,-13747,19330,7
2026-09-21T08:07:25.469327036Z,21.648193,110.834845,Cloud to Ground,-24198,0,6
2026-09-21T08:07:26.431848818Z,8.33069,134.407866,Cloud to Ground,12970,0,14
2026-09-21T08:07:26.513600657Z,8.294859,134.231914,Cloud to Cloud,-12162,4619,12
2026-09-21T08:07:26.038635660Z,13.135015,123.785309,Cloud to Ground,-16404,0,8
2026-09-21T08:07:26.010621991Z,15.408487,120.628699,Cloud to Cloud,12423,16382,8
2026-09-21T08:07:26.152989383Z,15.421161,120.637489,Cloud to Cloud,14570,7524,10
2026-09-21T08:07:27.883460750Z,13.606585,122.593967,Cloud to Ground,-15375,0,17
2026-09-21T08:07:27.090467568Z,16.034864,121.302722,Cloud to Cloud,24746,15949,10
2026-09-21T08:07:28.567196935Z,9.842708,124.253475,Cloud to Cloud,16978,14729,7
2026-09-21T08:07:28.562163582Z,2.89996,112.975132,Cloud to Ground,-10214,0,8
2026-09-21T08:07:28.204880887Z,2.856957,113.096192,Cloud to Ground,21017,0,14
2026-09-21T08:07:28.847813872Z,2.846558,113.095033,Cloud to Ground,22666,0,11
2026-09-21T08:07:28.242329725Z,2.844496,113.085132,Cloud to Ground,24183,0,6
2026-09-21T08:07:28.325727339Z,2.8418,113.088092,Cloud to Ground,24757,0,12
2026-09-21T08:07:28.271816953Z,2.847453,113.086625,Cloud to Ground,27050,0,7
2026-09-21T08:07:28.669749509Z,2.850986,113.095889,Cloud to Ground,27519,0,13
2026-09-21T08:07:28.446002889Z,2.844143,113.090158,Cloud to Ground,28114,0,10
2026-09-21T08:07:28.032475000Z,11.5296,125.8736,Cloud to Ground,-31462,0,13
2026-09-21T08:07:28.371086418Z,11.528767,125.893493,Cloud to Ground,-16551,0,9
2026-09-21T08:07:28.371635993Z,11.52479,125.837274,Cloud to Cloud,19746,12335,10
2026-09-21T08:07:28.955701387Z,15.378691,120.634553,Cloud to Cloud,14295,7980,6
2026-09-21T08:07:28.456380923Z,15.462011,120.582429,Cloud to Cloud,4884,19062,7
2026-09-21T08:07:29.478685000Z,8.0105,126.0225,Cloud to Ground,-20547,0,6
2026-09-21T08:07:29.348007408Z,8.063478,126.049531,Cloud to Ground,-17136,0,24
2026-09-21T08:07:29.231199791Z,8.078033,126.08555,Cloud to Ground,-14241,0,19
2026-09-21T08:07:29.413093366Z,8.075347,126.044351,Cloud to Ground,-12403,0,10
2026-09-21T08:07:29.266419643Z,8.003295,125.946307,Cloud to Ground,-10966,0,10
2026-09-21T08:07:30.108743300Z,13.20358,123.63849,Cloud to Ground,28832,0,10
2026-09-21T08:07:31.085056361Z,0.709004,113.677555,Cloud to Ground,16898,0,17
2026-09-21T08:07:31.491635340Z,13.15517,123.72347,Cloud to Ground,46096,0,10
2026-09-21T08:07:32.445321505Z,8.411561,134.802075,Cloud to Ground,-11128,0,27
2026-09-21T08:07:32.478949710Z,8.394401,134.89225,Cloud to Ground,-14694,0,15
2026-09-21T08:07:32.215140268Z,14.852462,120.250974,Cloud to Ground,-45728,0,10
2026-09-21T08:07:32.220802533Z,14.79884,120.337588,Cloud to Cloud,12744,14656,7
2026-09-21T08:07:33.889373066Z,15.459675,120.588779,Cloud to Ground,-22566,0,12
2026-09-21T08:07:33.911713945Z,15.484786,120.5471,Cloud to Cloud,-21568,19533,10
2026-09-21T08:07:33.804418373Z,22.506758,111.208802,Cloud to Cloud,16155,9728,6
2026-09-21T08:07:33.328417546Z,22.497796,110.868866,Cloud to Ground,-21506,0,7
2026-09-21T08:07:33.326997676Z,22.528945,110.815621,Cloud to Ground,7788,0,8
2026-09-21T08:07:33.771453000Z,22.5802,111.1347,Cloud to Ground,83622,0,6
2026-09-21T08:07:33.381838652Z,13.966129,121.471662,Cloud to Ground,-21291,0,13
2026-09-21T08:07:33.595819234Z,13.893574,121.474747,Cloud to Ground,-18087,0,10
2026-09-21T08:07:33.764789664Z,13.911004,121.452487,Cloud to Cloud,21142,3001,7
2026-09-21T08:07:33.704846453Z,13.908442,121.446917,Cloud to Cloud,21533,3003,5
2026-09-21T08:07:33.845472759Z,10.615953,122.92001,Cloud to Ground,-30793,0,12
2026-09-21T08:07:33.621203000Z,10.6517,122.8311,Cloud to Ground,-36897,0,5
2026-09-21T08:07:34.145017672Z,7.950496,125.909391,Cloud to Ground,-8858,0,8
2026-09-21T08:07:35.100119000Z,8.0136,126.1252,Cloud to Ground,-20598,0,7
2026-09-21T08:07:34.547209197Z,8.032342,126.042349,Cloud to Ground,-17760,0,29
2026-09-21T08:07:34.432000146Z,8.041085,126.032925,Cloud to Ground,-15407,0,17
2026-09-21T08:07:34.926765208Z,8.025836,126.037685,Cloud to Ground,-11095,0,14
2026-09-21T08:07:35.057522631Z,6.484354,117.423437,Cloud to Cloud,-18316,17973,16
2026-09-21T08:07:36.507441377Z,15.487291,120.603224,Cloud to Cloud,-12679,14684,12
2026-09-21T08:07:35.912013823Z,15.514431,120.582555,Cloud to Ground,36019,0,10
2026-09-21T08:07:36.409634442Z,3.446932,111.694222,Cloud to Ground,-70359,0,11
2026-09-21T08:07:36.412230409Z,3.489199,111.654237,Cloud to Ground,-17593,0,11
2026-09-21T08:07:36.804914000Z,13.0904,123.7374,Cloud to Ground,-44717,0,5
2026-09-21T08:07:36.872645083Z,13.10439,123.761083,Cloud to Ground,-38212,0,10
2026-09-21T08:07:37.072815000Z,13.149,123.766,Cloud to Ground,-34077,0,6
2026-09-21T08:07:36.809211711Z,13.113785,123.792223,Cloud to Ground,-17525,0,10
2026-09-21T08:07:37.882079016Z,13.159163,123.738588,Cloud to Ground,-41802,0,10
2026-09-21T08:07:38.385417861Z,13.141441,123.731209,Cloud to Cloud,40681,15373,8
2026-09-21T08:07:38.591156997Z,4.552951,111.087186,Cloud to Ground,-20981,0,16
2026-09-21T08:07:38.174052199Z,4.527061,111.299484,Cloud to Ground,-38248,0,6
2026-09-21T08:07:38.162391009Z,4.646475,111.241681,Cloud to Ground,-87991,0,15
2026-09-21T08:07:38.388689105Z,4.650754,111.248432,Cloud to Ground,-54964,0,9
2026-09-21T08:07:38.130157783Z,4.667341,111.220766,Cloud to Ground,-37852,0,10
2026-09-21T08:07:38.178707424Z,4.610514,111.239435,Cloud to Ground,46187,0,17
2026-09-21T08:07:39.174693655Z,6.394742,124.908788,Cloud to Ground,-36523,0,19
2026-09-21T08:07:39.730531295Z,7.904938,125.990311,Cloud to Cloud,-12188,11884,7
2026-09-21T08:07:40.987627944Z,11.679623,125.10891,Cloud to Ground,-90929,0,13
2026-09-21T08:07:41.875520716Z,13.107464,123.817217,Cloud to Ground,-14954,0,10
2026-09-21T08:07:42.510582225Z,15.427062,120.656815,Cloud to Cloud,13406,18365,10
2026-09-21T08:07:43.922300975Z,13.83368,121.453633,Cloud to Cloud,16692,12552,7
2026-09-21T08:07:43.877892587Z,13.914385,121.446764,Cloud to Ground,23175,0,12
2026-09-21T08:07:43.516970151Z,13.923415,121.42228,Cloud to Ground,36160,0,10
2026-09-21T08:07:44.324375462Z,7.523277,125.335437,Cloud to Cloud,-11272,18326,14
2026-09-21T08:07:44.178243716Z,15.40739,120.640856,Cloud to Cloud,-29401,3696,10
2026-09-21T08:07:44.420971419Z,15.462349,120.574969,Cloud to Ground,-16830,0,12
2026-09-21T08:07:44.476593462Z,15.461533,120.576992,Cloud to Ground,-15819,0,10
2026-09-21T08:07:44.807044142Z,15.464057,120.59238,Cloud to Ground,-9100,0,6
2026-09-21T08:07:44.188511000Z,15.4927,120.4351,Cloud to Ground,-31598,0,6
2026-09-21T08:07:44.357623586Z,13.204108,121.115581,Cloud to Cloud,-5575,5274,5
2026-09-21T08:07:45.264448491Z,14.578414,110.059462,Cloud to Ground,-31055,0,11
2026-09-21T08:07:45.178980487Z,14.570706,110.16115,Cloud to Ground,-26224,0,13
2026-09-21T08:07:45.314759705Z,14.564103,110.169062,Cloud to Ground,-20984,0,15
2026-09-21T08:07:45.219249000Z,14.563,110.1026,Cloud to Ground,28355,0,5
2026-09-21T08:07:45.345463754Z,14.580885,110.20761,Cloud to Ground,38042,0,7
2026-09-21T08:07:44.503178879Z,14.654393,110.178515,Cloud to Ground,39127,0,7
2026-09-21T08:07:45.134607000Z,14.5806,110.124,Cloud to Ground,39308,0,5
2026-09-21T08:07:45.035957987Z,14.561331,110.097988,Cloud to Ground,47529,0,7
2026-09-21T08:07:45.094834367Z,14.569187,110.165086,Cloud to Ground,51660,0,8
2026-09-21T08:07:46.416454347Z,3.947789,115.086812,Cloud to Ground,-41785,0,13
2026-09-21T08:07:46.091470268Z,8.323359,134.443087,Cloud to Ground,-31505,0,27
2026-09-21T08:07:46.315458003Z,8.323105,134.483532,Cloud to Ground,8588,0,7
2026-09-21T08:07:46.219920279Z,8.315537,134.473868,Cloud to Ground,12999,0,17
2026-09-21T08:07:46.667027413Z,8.318486,134.481321,Cloud to Ground,13111,0,15
2026-09-21T08:07:46.145041063Z,8.313699,134.482361,Cloud to Ground,14225,0,18
2026-09-21T08:07:46.175812853Z,8.319894,134.486105,Cloud to Ground,15357,0,22
2026-09-21T08:07:46.361215414Z,8.348931,134.460969,Cloud to Ground,17365,0,8
2026-09-21T08:07:46.967462510Z,13.526357,122.612071,Cloud to Ground,-17209,0,10
2026-09-21T08:07:47.364356957Z,2.917176,113.062225,Cloud to Ground,-14737,0,10
2026-09-21T08:07:47.324522925Z,2.856169,113.074777,Cloud to Ground,16208,0,10
2026-09-21T08:07:48.413429454Z,4.415094,115.135223,Cloud to Ground,-12529,0,21
2026-09-21T08:07:48.924480748Z,7.990339,125.872555,Cloud to Ground,-7830,0,10
2026-09-21T08:07:48.600965000Z,7.8489,125.9055,Cloud to Ground,8098,0,5
2026-09-21T08:07:49.406835068Z,22.830122,113.865771,Cloud to Ground,18348,0,12
2026-09-21T08:07:49.718817870Z,22.274942,110.883341,Cloud to Cloud,19995,4806,6
2026-09-21T08:07:49.936447036Z,13.219745,121.146147,Cloud to Ground,-25049,0,10
2026-09-21T08:07:50.105990000Z,13.2362,121.1226,Cloud to Ground,-23995,0,6
2026-09-21T08:07:50.195845327Z,13.216843,121.143718,Cloud to Ground,-21310,0,10
2026-09-21T08:07:49.850796935Z,13.219024,121.145599,Cloud to Ground,-20626,0,12
2026-09-21T08:07:51.233722616Z,6.102279,117.200262,Cloud to Cloud,-29835,3020,24
2026-09-21T08:07:51.146566983Z,6.180825,117.262415,Cloud to Ground,-46455,0,25
2026-09-21T08:07:51.180519952Z,6.187029,117.272422,Cloud to Cloud,25629,3029,9
2026-09-21T08:07:51.131029134Z,6.157707,117.272323,Cloud to Ground,34882,0,21
2026-09-21T08:07:51.463731682Z,7.567005,125.368756,Cloud to Cloud,-17791,17801,9
2026-09-21T08:07:51.560686880Z,8.002591,125.962366,Cloud to Ground,-12736,0,14
2026-09-21T08:07:51.284946706Z,1.385267,110.044743,Cloud to Ground,-13381,0,11
2026-09-21T08:07:51.410642723Z,1.305167,110.037632,Cloud to Ground,22919,0,10
2026-09-21T08:07:51.321036196Z,1.331892,110.078727,Cloud to Ground,39955,0,19
2026-09-21T08:07:51.261666207Z,1.328244,110.077831,Cloud to Ground,125093,0,34
2026-09-21T08:07:51.849702808Z,8.369601,134.962574,Cloud to Ground,-24813,0,22
2026-09-21T08:07:52.290660958Z,8.381048,134.990797,Cloud to Ground,32564,0,21
2026-09-21T08:07:51.813899825Z,8.431673,134.970692,Cloud to Ground,77655,0,13
2026-09-21T08:07:51.649556345Z,13.111453,123.766043,Cloud to Ground,-45823,0,9
2026-09-21T08:07:51.668730396Z,13.114125,123.777062,Cloud to Ground,-19178,0,10
2026-09-21T08:07:52.124031044Z,13.114325,123.776615,Cloud to Ground,-11767,0,7
2026-09-21T08:07:51.160608210Z,21.667163,110.82594,Cloud to Cloud,-18143,7744,7
2026-09-21T08:07:52.393840716Z,3.601315,115.055869,Cloud to Ground,33583,0,22
2026-09-21T08:07:52.392715680Z,3.59824,115.048181,Cloud to Ground,34806,0,12
2026-09-21T08:07:52.749780896Z,2.965753,112.834516,Cloud to Ground,-38123,0,25
2026-09-21T08:07:52.772121840Z,3.012481,112.778934,Cloud to Ground,-19184,0,12
2026-09-21T08:07:53.137676527Z,17.800869,121.040757,Cloud to Ground,19183,0,8
2026-09-21T08:07:54.817505248Z,13.888164,121.496621,Cloud to Cloud,11899,9662,7
2026-09-21T08:07:54.234442598Z,13.138548,123.786307,Cloud to Ground,-27280,0,8
2026-09-21T08:07:55.043945177Z,9.675026,124.237678,Cloud to Cloud,-13331,4050,18
2026-09-21T08:07:55.359828401Z,2.907067,113.0358,Cloud to Cloud,-16017,12378,12
2026-09-21T08:07:55.417303555Z,2.896758,112.997727,Cloud to Ground,-12433,0,8
2026-09-21T08:07:55.409052702Z,2.865452,113.043361,Cloud to Ground,13648,0,14
2026-09-21T08:07:55.427961000Z,7.9596,126.0724,Cloud to Ground,-11546,0,9
2026-09-21T08:07:56.243534590Z,7.999616,125.902261,Cloud to Ground,26268,0,8
2026-09-21T08:07:56.578914113Z,21.774183,110.873632,Cloud to Ground,61302,0,8
2026-09-21T08:07:56.678499046Z,21.771288,111.025368,Cloud to Ground,-31441,0,6
2026-09-21T08:07:56.605151399Z,21.787546,111.019058,Cloud to Ground,17298,0,10
2026-09-21T08:07:57.010063778Z,21.759717,111.028957,Cloud to Ground,22769,0,7
2026-09-21T08:07:56.791964303Z,21.779079,111.01222,Cloud to Ground,123355,0,17
2026-09-21T08:07:58.875043314Z,15.364292,120.674352,Cloud to Cloud,7419,9510,6
2026-09-21T08:07:58.475749130Z,13.259102,121.099636,Cloud to Cloud,-7289,17621,6
2026-09-21T08:07:58.208653361Z,17.957992,120.7264,Cloud to Cloud,8082,10377,5
2026-09-21T08:07:58.641683609Z,14.599668,110.075407,Cloud to Ground,19901,0,6
2026-09-21T08:07:59.328915814Z,7.473317,125.437576,Cloud to Ground,-30581,0,16
2026-09-21T08:07:59.021325438Z,7.493715,125.44944,Cloud to Ground,-25908,0,19
2026-09-21T08:07:59.114554600Z,7.552432,125.372057,Cloud to Ground,-19892,0,8
2026-09-21T08:07:58.993266272Z,7.571206,125.366669,Cloud to Ground,-12906,0,11
2026-09-21T08:08:00.950799785Z,16.303896,120.761227,Cloud to Ground,22538,0,13
2026-09-21T08:08:00.982954221Z,15.788746,121.325003,Cloud to Cloud,19894,6875,11
2026-09-21T08:08:00.082512000Z,10.4132,124.0918,Cloud to Ground,-38340,0,5
2026-09-21T08:08:01.506465052Z,9.89123,124.20971,Cloud to Ground,-35494,0,10
2026-09-21T08:08:02.915260075Z,4.945964,111.896532,Cloud to Ground,-83755,0,16
2026-09-21T08:08:02.910237164Z,15.399882,120.679169,Cloud to Cloud,3016,12203,6
2026-09-21T08:08:03.633217933Z,14.565347,110.121445,Cloud to Ground,23166,0,9
2026-09-21T08:08:05.023352521Z,10.283983,128.807097,Cloud to Ground,-74312,0,18
2026-09-21T08:08:05.090648178Z,10.289921,128.834713,Cloud to Ground,-24695,0,8
2026-09-21T08:08:05.263214148Z,13.09855,123.774272,Cloud to Ground,-53233,0,8
2026-09-21T08:08:04.993535537Z,13.102655,123.773415,Cloud to Ground,-43581,0,9
2026-09-21T08:08:05.153054000Z,13.0869,123.7382,Cloud to Ground,-26890,0,10
2026-09-21T08:08:05.113902581Z,13.097363,123.769672,Cloud to Ground,-22301,0,9
2026-09-21T08:08:05.099729992Z,13.138712,123.791563,Cloud to Ground,-21083,0,7
2026-09-21T08:08:05.222304420Z,13.14267,123.713779,Cloud to Ground,49716,0,7
2026-09-21T08:08:06.303491961Z,7.793419,126.12893,Cloud to Cloud,19898,14008,8
2026-09-21T08:08:06.888955692Z,8.330953,134.474321,Cloud to Ground,12923,0,15
2026-09-21T08:08:07.486484202Z,8.40466,134.431783,Cloud to Ground,16211,0,9
2026-09-21T08:08:07.360174575Z,8.331331,134.487632,Cloud to Ground,16646,0,13
2026-09-21T08:08:07.660909948Z,8.324766,134.471408,Cloud to Ground,20382,0,12
2026-09-21T08:08:06.821267037Z,8.334537,134.477508,Cloud to Ground,22072,0,19
2026-09-21T08:08:07.121703095Z,7.984197,125.977006,Cloud to Ground,-12799,0,8
2026-09-21T08:08:07.457335132Z,7.600348,133.063955,Cloud to Ground,-40243,0,24
2026-09-21T08:08:07.229425571Z,7.595209,133.07139,Cloud to Ground,-31407,0,24
2026-09-21T08:08:07.323183443Z,7.608529,133.080894,Cloud to Ground,8216,0,8
2026-09-21T08:08:07.295862000Z,7.5868,133.0375,Cloud to Ground,11885,0,6
2026-09-21T08:08:07.375985747Z,7.607411,133.085814,Cloud to Ground,15461,0,13
2026-09-21T08:08:07.839471952Z,15.989478,110.133957,Cloud to Ground,-91034,0,15
2026-09-21T08:08:07.982919723Z,15.984564,110.018576,Cloud to Ground,26586,0,10
2026-09-21T08:08:08.943093517Z,2.915787,113.044337,Cloud to Ground,-14636,0,10
2026-09-21T08:08:08.686451497Z,2.994032,113.010089,Cloud to Ground,-11349,0,13
2026-09-21T08:08:08.486923279Z,4.261925,114.678247,Cloud to Ground,25103,0,13
2026-09-21T08:08:08.350169868Z,4.232234,114.664393,Cloud to Cloud,25284,13127,10
2026-09-21T08:08:08.199277378Z,7.852781,125.941256,Cloud to Cloud,11225,3001,13
2026-09-21T08:08:08.049335836Z,21.642012,111.067187,Cloud to Cloud,-16794,3020,6
2026-09-21T08:08:10.044534081Z,9.7313,124.234156,Cloud to Cloud,-7704,8315,5
2026-09-21T08:08:10.594180706Z,13.081911,123.794115,Cloud to Ground,-39291,0,10
2026-09-21T08:08:10.448180859Z,13.020604,123.84445,Cloud to Ground,53275,0,8
2026-09-21T08:08:11.767271837Z,13.548333,122.669244,Cloud to Ground,-13301,0,7
2026-09-21T08:08:12.678286166Z,0.588367,113.502394,Cloud to Ground,-10788,0,13
2026-09-21T08:08:12.660818393Z,13.236484,123.642129,Cloud to Cloud,31550,4178,9
2026-09-21T08:08:12.425578234Z,22.039299,112.052607,Cloud to Cloud,-18690,3000,7
2026-09-21T08:08:14.811598564Z,7.969548,126.013953,Cloud to Ground,-9496,0,15
2026-09-21T08:08:14.741551380Z,7.913468,126.060091,Cloud to Cloud,18883,3651,11
2026-09-21T08:08:14.719386601Z,8.012629,125.926571,Cloud to Cloud,11952,6549,8
2026-09-21T08:08:14.745654743Z,16.299834,120.524451,Cloud to Cloud,-21518,6146,7
2026-09-21T08:08:15.523977455Z,15.280622,111.397203,Cloud to Ground,19201,0,7
2026-09-21T08:08:15.527485000Z,15.2896,111.4867,Cloud to Ground,19592,0,5
2026-09-21T08:08:15.152016626Z,15.457127,120.62263,Cloud to Ground,-15069,0,10
2026-09-21T08:08:15.133139210Z,15.46677,120.657348,Cloud to Cloud,-8016,11817,6
2026-09-21T08:08:14.979763179Z,15.487138,120.624796,Cloud to Cloud,4646,18561,6
2026-09-21T08:08:16.554046719Z,13.152136,121.191341,Cloud to Cloud,13801,3136,12
2026-09-21T08:08:17.425234771Z,14.56782,110.116024,Cloud to Ground,21881,0,5
2026-09-21T08:08:17.017015000Z,13.256669,121.137597,Cloud to Ground,-34593,0,12
2026-09-21T08:08:16.228839000Z,13.2583,121.094,Cloud to Ground,-28962,0,11
2026-09-21T08:08:16.387686000Z,13.2431,121.042,Cloud to Ground,-18052,0,5
2026-09-21T08:08:17.088845898Z,13.253239,121.124589,Cloud to Ground,-7635,0,5
2026-09-21T08:08:16.661995241Z,13.269948,121.098291,Cloud to Cloud,20542,15511,8
2026-09-21T08:08:16.749216701Z,13.269274,121.097307,Cloud to Cloud,22342,17948,7
2026-09-21T08:08:16.668449258Z,13.284155,121.145602,Cloud to Cloud,22922,7058,7
2026-09-21T08:08:17.583305552Z,13.154184,123.715181,Cloud to Ground,42730,0,10
2026-09-21T08:08:18.254921662Z,0.723789,113.584111,Cloud to Ground,7792,0,9
2026-09-21T08:08:18.126490366Z,15.061473,110.487917,Cloud to Cloud,19764,10243,10
2026-09-21T08:08:18.018666859Z,15.11733,110.557399,Cloud to Ground,38678,0,9
2026-09-21T08:08:18.820938438Z,22.571334,111.179283,Cloud to Ground,-25163,0,8
2026-09-21T08:08:19.281561905Z,22.609493,111.143344,Cloud to Cloud,14049,6189,6
2026-09-21T08:08:18.701683377Z,22.576024,111.161238,Cloud to Ground,96461,0,16
2026-09-21T08:08:19.704932858Z,2.870432,113.026926,Cloud to Ground,27090,0,7
2026-09-21T08:08:20.859595000Z,13.8708,121.5131,Cloud to Ground,-31803,0,5
2026-09-21T08:08:20.633490527Z,13.866392,121.480598,Cloud to Ground,-23652,0,9
2026-09-21T08:08:20.566205972Z,13.881722,121.485742,Cloud to Ground,-21703,0,7
2026-09-21T08:08:20.693317255Z,13.863763,121.476487,Cloud to Ground,-8204,0,7
2026-09-21T08:08:20.976797519Z,13.86464,121.477108,Cloud to Ground,-7412,0,5
2026-09-21T08:08:21.156763776Z,13.868269,121.483808,Cloud to Ground,-7320,0,8
2026-09-21T08:08:20.088810058Z,15.467584,120.577183,Cloud to Ground,-23134,0,10
2026-09-21T08:08:20.222227636Z,15.466528,120.579034,Cloud to Ground,-20399,0,12
2026-09-21T08:08:20.324401242Z,15.466496,120.575867,Cloud to Ground,-17434,0,12
2026-09-21T08:08:21.740361813Z,7.531584,125.283714,Cloud to Cloud,-13728,3004,10
2026-09-21T08:08:21.934163655Z,7.928815,126.050545,Cloud to Ground,16155,0,10
2026-09-21T08:08:21.507744551Z,16.053793,121.330763,Cloud to Cloud,13783,10622,9
2026-09-21T08:08:22.150472875Z,13.006127,123.808502,Cloud to Ground,18582,0,10
2026-09-21T08:08:21.902066031Z,13.095382,123.795023,Cloud to Ground,22808,0,14
2026-09-21T08:08:22.833988217Z,7.917518,126.062335,Cloud to Cloud,8564,16114,6
2026-09-21T08:08:22.067907386Z,8.027794,126.02903,Cloud to Ground,-9728,0,13
2026-09-21T08:08:22.670350835Z,17.918234,120.753643,Cloud to Cloud,-15038,15310,9
2026-09-21T08:08:22.434506047Z,21.648773,110.871824,Cloud to Ground,-30741,0,7
2026-09-21T08:08:22.553303687Z,21.638261,110.871757,Cloud to Ground,93052,0,16
2026-09-21T08:08:22.223189711Z,13.523251,122.663531,Cloud to Cloud,16356,3012,10
2026-09-21T08:08:24.158997854Z,22.439792,110.876921,Cloud to Cloud,24187,18939,7
2026-09-21T08:08:24.212009643Z,22.417709,110.894974,Cloud to Cloud,25476,3613,7
2026-09-21T08:08:23.828452262Z,22.456338,110.843235,Cloud to Cloud,25935,17360,9
2026-09-21T08:08:23.931172509Z,22.412115,110.891645,Cloud to Cloud,56046,11853,12
2026-09-21T08:08:24.029154660Z,7.601418,125.369778,Cloud to Cloud,-7015,17175,10
2026-09-21T08:08:24.251142045Z,13.266215,123.65424,Cloud to Cloud,21199,17187,10
2026-09-21T08:08:24.144232659Z,15.458927,120.590961,Cloud to Ground,-14754,0,9
2026-09-21T08:08:24.558629320Z,22.884448,110.86821,Cloud to Cloud,11134,3030,6
2026-09-21T08:08:25.122768677Z,22.971274,111.315921,Cloud to Cloud,-24156,3150,9
2026-09-21T08:08:26.118118090Z,22.471575,111.540004,Cloud to Ground,44661,0,15
2026-09-21T08:08:25.721708081Z,22.431096,111.553529,Cloud to Ground,53369,0,11
2026-09-21T08:08:25.795206114Z,22.486852,111.533893,Cloud to Ground,65654,0,20
2026-09-21T08:08:25.742230257Z,13.465171,123.652862,Cloud to Cloud,9237,4563,5
2026-09-21T08:08:25.500777674Z,13.394607,123.661773,Cloud to Cloud,14155,13365,9
2026-09-21T08:08:25.471036491Z,13.460154,123.646879,Cloud to Ground,20907,0,11
2026-09-21T08:08:27.796348684Z,13.327184,123.604457,Cloud to Cloud,-15630,6802,9
2026-09-21T08:08:27.616202748Z,13.264537,123.644838,Cloud to Cloud,18170,7985,10
2026-09-21T08:08:27.299781177Z,13.195634,121.129804,Cloud to Ground,16219,0,11
2026-09-21T08:08:27.082424000Z,7.6467,126.0588,Cloud to Ground,-11470,0,5
2026-09-21T08:08:28.003825021Z,7.734958,126.251654,Cloud to Cloud,27404,6257,6
2026-09-21T08:08:28.362999814Z,13.101943,123.763182,Cloud to Ground,-43741,0,10
2026-09-21T08:08:28.340473441Z,13.119902,123.740299,Cloud to Ground,16780,0,9
2026-09-21T08:08:28.360452669Z,13.103302,123.760951,Cloud to Ground,43399,0,14
2026-09-21T08:08:28.824650133Z,22.980692,113.69384,Cloud to Cloud,-14741,3025,8
2026-09-21T08:08:28.751807843Z,14.689804,110.105173,Cloud to Ground,33179,0,6
2026-09-21T08:08:29.676598950Z,2.852319,113.096478,Cloud to Ground,11365,0,11
2026-09-21T08:08:29.636009265Z,2.846861,113.086085,Cloud to Ground,32671,0,14
2026-09-21T08:08:29.457652075Z,2.849845,113.095566,Cloud to Ground,44821,0,18
2026-09-21T08:08:29.771755594Z,2.85361,113.097252,Cloud to Ground,49399,0,18
2026-09-21T08:08:29.929168625Z,2.847735,113.097593,Cloud to Ground,50170,0,16
2026-09-21T08:08:29.513332696Z,2.845191,113.091946,Cloud to Ground,69880,0,24
2026-09-21T08:08:29.788834631Z,13.137169,123.728104,Cloud to Ground,13110,0,10
2026-09-21T08:08:29.066925794Z,13.145074,123.797001,Cloud to Ground,-45320,0,8
2026-09-21T08:08:28.726706000Z,13.1335,123.8604,Cloud to Ground,-24074,0,8
2026-09-21T08:08:30.478470954Z,1.791934,114.527924,Cloud to Ground,-25825,0,16
2026-09-21T08:08:30.639978276Z,1.799008,114.511979,Cloud to Ground,50526,0,23
2026-09-21T08:08:30.436998507Z,1.791104,114.503478,Cloud to Ground,116510,0,21
2026-09-21T08:08:30.305539620Z,15.487786,120.551329,Cloud to Cloud,6925,6333,9
2026-09-21T08:08:31.512790753Z,9.92384,124.228681,Cloud to Ground,-21262,0,6
2026-09-21T08:08:31.993554874Z,9.767797,124.228441,Cloud to Cloud,15664,7503,6
2026-09-21T08:08:31.447680080Z,10.555076,123.903553,Cloud to Ground,-20711,0,7
2026-09-21T08:08:31.388546720Z,14.576903,110.075368,Cloud to Ground,-20833,0,10
2026-09-21T08:08:32.497773362Z,4.9139,111.49564,Cloud to Ground,-56655,0,12
2026-09-21T08:08:32.479282426Z,4.804812,111.517428,Cloud to Ground,-13061,0,10
2026-09-21T08:08:32.608544277Z,4.852261,111.557109,Cloud to Ground,44261,0,10
2026-09-21T08:08:32.880279055Z,0.767164,113.637538,Cloud to Ground,-28214,0,17
2026-09-21T08:08:32.622105254Z,15.4773,120.57349,Cloud to Cloud,3855,7535,5
2026-09-21T08:08:33.725681170Z,14.633789,110.127054,Cloud to Cloud,-24000,17285,6
2026-09-21T08:08:33.454045246Z,13.223764,121.084787,Cloud to Cloud,13992,19872,8
2026-09-21T08:08:34.385416582Z,8.054445,126.107923,Cloud to Ground,-11384,0,11
2026-09-21T08:08:34.659227829Z,10.327145,128.879186,Cloud to Ground,-41177,0,34
2026-09-21T08:08:34.782853941Z,10.30468,128.819177,Cloud to Ground,-16013,0,9
2026-09-21T08:08:34.820280755Z,10.306506,128.880936,Cloud to Ground,-10857,0,19
2026-09-21T08:08:35.295366597Z,7.910889,125.961614,Cloud to Cloud,7848,11397,16
2026-09-21T08:08:35.256193560Z,17.928084,120.755141,Cloud to Ground,-54708,0,13
2026-09-21T08:08:34.974306460Z,17.935312,120.752566,Cloud to Ground,-51028,0,13
2026-09-21T08:08:35.039183508Z,17.929724,120.759165,Cloud to Ground,-34249,0,16
2026-09-21T08:08:35.364135104Z,17.929565,120.757628,Cloud to Ground,-32271,0,11
2026-09-21T08:08:34.957985712Z,17.923915,120.76083,Cloud to Cloud,-29833,18697,11
2026-09-21T08:08:35.664451340Z,17.928759,120.757228,Cloud to Ground,-23420,0,9
2026-09-21T08:08:35.690052704Z,17.930241,120.759033,Cloud to Ground,-18772,0,8
2026-09-21T08:08:35.902290427Z,17.887003,120.839698,Cloud to Cloud,15933,18691,9
2026-09-21T08:08:36.582733660Z,15.461553,120.617844,Cloud to Cloud,-5443,18102,6
2026-09-21T08:08:36.654124536Z,14.561493,110.203845,Cloud to Cloud,-24064,13642,5
2026-09-21T08:08:37.821849848Z,15.074479,111.995639,Cloud to Ground,31488,0,6
2026-09-21T08:08:37.803006907Z,15.04297,112.04156,Cloud to Ground,36704,0,6
2026-09-21T08:08:39.305609330Z,14.547066,110.171691,Cloud to Cloud,-41537,8943,5
2026-09-21T08:08:40.082373079Z,14.518972,110.149698,Cloud to Ground,-39463,0,5
2026-09-21T08:08:38.757051187Z,14.561777,110.100908,Cloud to Ground,19444,0,8
2026-09-21T08:08:39.506334996Z,14.544906,110.13102,Cloud to Ground,33348,0,7
2026-09-21T08:08:39.853814470Z,14.531761,110.105481,Cloud to Ground,50064,0,7
2026-09-21T08:08:39.418692000Z,14.538,110.1223,Cloud to Ground,68778,0,10
2026-09-21T08:08:39.405778886Z,14.574982,110.141449,Cloud to Ground,191198,0,16
2026-09-21T08:08:39.269702213Z,13.882738,121.515827,Cloud to Ground,-38317,0,9
2026-09-21T08:08:39.172386000Z,13.9273,121.448,Cloud to Ground,-24269,0,5
2026-09-21T08:08:39.583482819Z,14.605871,110.434048,Cloud to Ground,70542,0,7
2026-09-21T08:08:40.190297551Z,13.524983,122.613815,Cloud to Ground,-16034,0,10
2026-09-21T08:08:40.327392097Z,13.52626,122.61422,Cloud to Ground,-10003,0,7
2026-09-21T08:08:41.095558408Z,13.266321,123.622766,Cloud to Cloud,5207,18986,5
2026-09-21T08:08:40.924186580Z,13.307863,123.624212,Cloud to Cloud,8967,13694,5
2026-09-21T08:08:40.845854941Z,10.3852,126.026998,Cloud to Cloud,16283,18787,11
2026-09-21T08:08:41.446017023Z,13.920447,121.388961,Cloud to Cloud,5482,10682,5
2026-09-21T08:08:41.442172644Z,13.913517,121.3973,Cloud to Ground,14500,0,9
2026-09-21T08:08:42.921388683Z,13.139344,123.792343,Cloud to Cloud,-9088,16968,7
2026-09-21T08:08:44.089754387Z,14.77299,121.426655,Cloud to Ground,-17822,0,10
2026-09-21T08:08:44.012340431Z,14.76037,121.433598,Cloud to Ground,-14836,0,10
2026-09-21T08:08:44.057943848Z,14.845383,121.353097,Cloud to Ground,-17719,0,15
2026-09-21T08:08:45.529061215Z,6.10482,117.262575,Cloud to Ground,-20960,0,16
2026-09-21T08:08:45.304034556Z,1.391971,110.086719,Cloud to Ground,-29437,0,14
2026-09-21T08:08:45.181724840Z,1.683608,113.918091,Cloud to Ground,9417,0,9
2026-09-21T08:08:46.862830927Z,7.849005,126.043586,Cloud to Cloud,8569,16508,11
2026-09-21T08:08:46.903372555Z,15.495627,120.586795,Cloud to Ground,-8513,0,8
2026-09-21T08:08:47.407964299Z,14.948309,111.589552,Cloud to Ground,-12984,0,9
2026-09-21T08:08:47.420555643Z,14.893606,111.488734,Cloud to Ground,25554,0,7
2026-09-21T08:08:47.411245606Z,14.859288,111.490269,Cloud to Ground,31561,0,7
2026-09-21T08:08:47.405196469Z,14.898849,111.510288,Cloud to Ground,31598,0,9
2026-09-21T08:08:47.406340000Z,14.9604,111.4868,Cloud to Ground,68754,0,10
2026-09-21T08:08:48.124052965Z,7.612443,132.941327,Cloud to Ground,-19173,0,34
2026-09-21T08:08:48.194422938Z,7.560892,133.085672,Cloud to Ground,-18782,0,18
2026-09-21T08:08:48.398485829Z,7.55698,133.063238,Cloud to Cloud,-14580,4054,14
2026-09-21T08:08:49.405199601Z,0.661687,113.530388,Cloud to Ground,-15100,0,12
2026-09-21T08:08:49.187889395Z,0.717479,113.690896,Cloud to Ground,-43046,0,23
2026-09-21T08:08:49.224224799Z,21.625958,110.845202,Cloud to Cloud,-14977,4366,9
2026-09-21T08:08:50.462930378Z,8.303323,134.358409,Cloud to Ground,-22395,0,28
2026-09-21T08:08:50.369475824Z,8.306513,134.343695,Cloud to Ground,-18342,0,22
2026-09-21T08:08:50.391513815Z,8.309973,134.337689,Cloud to Cloud,-14574,6412,15
2026-09-21T08:08:50.512947713Z,8.330076,134.385157,Cloud to Ground,11078,0,13
2026-09-21T08:08:50.490894000Z,8.3917,134.2963,Cloud to Ground,16568,0,5
2026-09-21T08:08:50.865056116Z,8.329478,134.381201,Cloud to Ground,17209,0,18
2026-09-21T08:08:50.407931000Z,8.3421,134.3482,Cloud to Ground,20839,0,7
2026-09-21T08:08:50.534079000Z,8.3555,134.3609,Cloud to Ground,25242,0,8
2026-09-21T08:08:50.392714052Z,8.320478,134.360928,Cloud to Ground,30991,0,29
2026-09-21T08:08:50.403448412Z,15.450416,120.591874,Cloud to Cloud,-14562,4257,7
2026-09-21T08:08:50.701955784Z,13.148688,123.730994,Cloud to Cloud,24159,3485,8
2026-09-21T08:08:51.652689985Z,8.543909,132.50179,Cloud to Ground,-45900,0,17
2026-09-21T08:08:51.684198852Z,8.539539,132.508605,Cloud to Ground,-14727,0,13
2026-09-21T08:08:51.897640497Z,8.503459,132.5352,Cloud to Ground,8200,0,10
2026-09-21T08:08:51.073987682Z,13.545078,122.62103,Cloud to Ground,-28473,0,10
2026-09-21T08:08:52.279925209Z,16.063825,120.748437,Cloud to Ground,-16426,0,12
2026-09-21T08:08:53.313577822Z,7.521539,125.314794,Cloud to Cloud,-14430,3196,11
2026-09-21T08:08:54.362808155Z,13.211408,121.116119,Cloud to Ground,-92363,0,15
2026-09-21T08:08:54.406324833Z,13.21487,121.112796,Cloud to Ground,-39354,0,14
2026-09-21T08:08:54.826627000Z,13.2251,121.1554,Cloud to Ground,-26175,0,9
2026-09-21T08:08:54.460955640Z,13.28682,121.204808,Cloud to Cloud,-23733,13106,7
2026-09-21T08:08:55.026770961Z,13.219435,121.113287,Cloud to Ground,-14702,0,10
2026-09-21T08:08:54.827286649Z,13.158735,121.213955,Cloud to Cloud,-10103,19597,9
2026-09-21T08:08:55.026265653Z,13.207568,121.182004,Cloud to Cloud,-7655,19121,7
2026-09-21T08:08:55.180507880Z,15.491614,120.56907,Cloud to Ground,-20663,0,6
2026-09-21T08:08:54.786216746Z,15.482838,120.603706,Cloud to Cloud,-3888,5903,7
2026-09-21T08:08:55.168542762Z,15.467158,120.583222,Cloud to Cloud,18584,10872,6
2026-09-21T08:08:55.266342797Z,13.292686,121.058865,Cloud to Ground,-18562,0,15
2026-09-21T08:08:55.413652616Z,14.236549,121.190457,Cloud to Ground,-13022,0,9
2026-09-21T08:08:55.267890590Z,13.085497,123.796946,Cloud to Ground,-40671,0,11
2026-09-21T08:08:55.352945000Z,13.1104,123.6899,Cloud to Ground,-34626,0,5
2026-09-21T08:08:55.552725000Z,13.1259,123.7718,Cloud to Ground,-28274,0,7
2026-09-21T08:08:56.402326437Z,13.088054,123.799149,Cloud to Ground,-13607,0,7
2026-09-21T08:08:56.255950648Z,13.083276,123.792704,Cloud to Ground,-12409,0,6
2026-09-21T08:08:56.461681618Z,13.085265,123.795197,Cloud to Ground,-12063,0,6
2026-09-21T08:08:55.746304484Z,13.084717,123.794028,Cloud to Ground,-11111,0,6
2026-09-21T08:08:55.638552807Z,13.000076,123.781145,Cloud to Ground,-9615,0,7
2026-09-21T08:08:55.291420233Z,13.007508,123.811277,Cloud to Cloud,-8725,18625,8
2026-09-21T08:08:56.216440828Z,13.086992,123.793545,Cloud to Ground,-8212,0,6
2026-09-21T08:08:55.704120106Z,13.103689,123.781017,Cloud to Cloud,20396,14869,10
2026-09-21T08:08:56.966984571Z,2.848813,113.099934,Cloud to Ground,38566,0,16
2026-09-21T08:08:56.712961925Z,2.845134,113.094973,Cloud to Ground,40284,0,14
2026-09-21T08:08:56.656256810Z,2.846145,113.101126,Cloud to Ground,41811,0,18
2026-09-21T08:08:56.435354768Z,2.848546,113.100223,Cloud to Ground,67359,0,16
2026-09-21T08:08:56.508123429Z,2.848094,113.101012,Cloud to Ground,76147,0,21
2026-09-21T08:08:56.314587924Z,22.742461,110.828429,Cloud to Cloud,-19766,14910,6
2026-09-21T08:08:56.337489330Z,22.712267,110.851108,Cloud to Ground,19399,0,8
2026-09-21T08:08:57.873725678Z,7.512872,125.441382,Cloud to Ground,11670,0,12
2026-09-21T08:08:57.925084370Z,7.998686,125.950831,Cloud to Cloud,7192,17039,6
2026-09-21T08:08:57.904592576Z,13.274296,123.624209,Cloud to Ground,31424,0,10
2026-09-21T08:08:58.772369906Z,8.327232,134.461799,Cloud to Ground,11691,0,8
2026-09-21T08:08:58.958087193Z,13.036034,123.908437,Cloud to Ground,-55051,0,8
2026-09-21T08:08:58.961681371Z,12.933386,123.864211,Cloud to Cloud,-7418,18428,7
2026-09-21T08:08:58.057828984Z,13.19789,123.687046,Cloud to Cloud,28462,16322,13
2026-09-21T08:08:58.264500169Z,14.552922,110.208155,Cloud to Cloud,8154,10246,5
2026-09-21T08:08:59.918609307Z,7.969108,126.036381,Cloud to Cloud,13982,19795,13
2026-09-21T08:08:59.297863474Z,22.216818,111.718927,Cloud to Ground,-19844,0,12
2026-09-21T08:08:59.514603190Z,22.474933,111.55078,Cloud to Ground,-14860,0,6
2026-09-21T08:08:59.518070136Z,22.466,111.536788,Cloud to Cloud,-14414,19394,8
2026-09-21T08:08:59.573257893Z,22.495062,111.528485,Cloud to Ground,18143,0,7
2026-09-21T08:08:59.241110144Z,22.495081,111.52978,Cloud to Ground,91642,0,18
2026-09-21T08:09:00.316097567Z,2.63985,112.942421,Cloud to Ground,-13065,0,11
2026-09-21T08:09:00.314404521Z,2.599927,113.004601,Cloud to Ground,12613,0,10
2026-09-21T08:09:00.703542296Z,15.470442,120.598418,Cloud to Cloud,-9728,12499,6
2026-09-21T08:09:00.955779686Z,13.120465,123.786329,Cloud to Cloud,19925,9738,9
2026-09-21T08:09:01.290773344Z,1.69468,113.822595,Cloud to Ground,-15741,0,11
2026-09-21T08:09:01.744841444Z,1.580037,113.929261,Cloud to Ground,43249,0,15
2026-09-21T08:09:01.108811558Z,8.150916,134.152762,Cloud to Ground,-55726,0,30
2026-09-21T08:09:01.122737360Z,8.141003,134.249999,Cloud to Ground,-32842,0,34
2026-09-21T08:09:01.177139985Z,8.146851,134.134187,Cloud to Ground,10998,0,10
2026-09-21T08:09:01.347950459Z,8.15128,134.165302,Cloud to Ground,11603,0,15
2026-09-21T08:09:01.225723230Z,8.150537,134.1551,Cloud to Ground,12080,0,16
2026-09-21T08:09:01.410811000Z,13.2628,123.4951,Cloud to Ground,-18129,0,6
2026-09-21T08:09:01.382988443Z,13.202812,123.535217,Cloud to Cloud,-14525,6271,10
2026-09-21T08:09:02.992905557Z,7.865098,126.086605,Cloud to Ground,10611,0,16
2026-09-21T08:09:02.920685993Z,8.017031,126.030525,Cloud to Ground,-10209,0,8
2026-09-21T08:09:02.177751891Z,0.710999,113.60533,Cloud to Ground,-15737,0,11
2026-09-21T08:09:03.557890364Z,5.066635,115.532138,Cloud to Cloud,16215,11469,13
2026-09-21T08:09:03.451978564Z,5.068408,115.544066,Cloud to Ground,39264,0,10
2026-09-21T08:09:03.263686510Z,1.663369,110.08728,Cloud to Ground,-22425,0,28
2026-09-21T08:09:03.262577583Z,1.67868,110.095024,Cloud to Ground,-19605,0,19
2026-09-21T08:09:03.215022460Z,13.565453,122.622378,Cloud to Cloud,6117,7720,5
2026-09-21T08:09:03.775429222Z,15.453744,120.80293,Cloud to Cloud,13287,19516,7
2026-09-21T08:09:03.795647240Z,17.937982,120.756185,Cloud to Cloud,12983,3125,8
2026-09-21T08:09:04.022546962Z,9.960149,124.221288,Cloud to Ground,-17860,0,7
2026-09-21T08:09:04.785568364Z,13.899966,121.405988,Cloud to Ground,10152,0,8
2026-09-21T08:09:05.354679623Z,7.482305,125.469017,Cloud to Ground,17552,0,11
2026-09-21T08:09:05.048954575Z,21.678248,110.835813,Cloud to Ground,-24920,0,7
2026-09-21T08:09:04.929302738Z,21.611934,110.897285,Cloud to Cloud,32065,3008,8
2026-09-21T08:09:05.920554659Z,10.686509,122.818138,Cloud to Ground,-24499,0,12
2026-09-21T08:09:05.564599000Z,10.6157,122.8759,Cloud to Ground,-24243,0,5
2026-09-21T08:09:05.638242527Z,10.585367,122.907403,Cloud to Ground,-13408,0,7
2026-09-21T08:09:06.706827498Z,2.853026,113.08261,Cloud to Ground,7271,0,7
2026-09-21T08:09:06.419354395Z,4.473645,115.096474,Cloud to Ground,-13840,0,14
2026-09-21T08:09:06.391366919Z,4.435617,115.171115,Cloud to Ground,23739,0,10
2026-09-21T08:09:06.785795694Z,13.544808,122.62548,Cloud to Ground,-20173,0,7
2026-09-21T08:09:06.936745502Z,13.544547,122.626581,Cloud to Ground,-13560,0,9
2026-09-21T08:09:06.107776381Z,22.467946,110.89027,Cloud to Ground,-15765,0,8
2026-09-21T08:09:06.301797537Z,22.433309,110.88852,Cloud to Cloud,14614,4828,6
2026-09-21T08:09:06.138961606Z,14.852867,110.826937,Cloud to Ground,-29080,0,10
2026-09-21T08:09:07.303742715Z,7.59307,125.386783,Cloud to Cloud,-10602,15682,16
2026-09-21T08:09:07.684440878Z,22.861119,110.86147,Cloud to Ground,20745,0,9
2026-09-21T08:09:07.707434070Z,22.904644,113.709779,Cloud to Cloud,-12346,10922,10
2026-09-21T08:09:07.583261000Z,22.317,111.8421,Cloud to Ground,16390,0,5
2026-09-21T08:09:08.352645042Z,6.048358,117.105934,Cloud to Ground,32212,0,12
2026-09-21T08:09:08.728047612Z,15.484924,120.590578,Cloud to Cloud,-11215,18809,9
2026-09-21T08:09:09.780795311Z,7.967443,125.945527,Cloud to Ground,-10451,0,10
2026-09-21T08:09:09.279879588Z,13.022331,123.7546,Cloud to Ground,-21102,0,8
2026-09-21T08:09:09.075037145Z,13.116559,123.770839,Cloud to Ground,-19074,0,10
2026-09-21T08:09:09.555701967Z,13.23658,121.123731,Cloud to Cloud,-11881,13394,11
2026-09-21T08:09:09.391913160Z,13.592451,122.625608,Cloud to Cloud,-7012,7230,8
2026-09-21T08:09:09.188472000Z,13.1486,123.5681,Cloud to Ground,-27316,0,5
2026-09-21T08:09:10.107571445Z,2.859315,113.062517,Cloud to Ground,-17178,0,8
2026-09-21T08:09:10.025717608Z,0.658736,113.481442,Cloud to Ground,-20714,0,18
2026-09-21T08:09:10.892732840Z,8.370603,134.896696,Cloud to Ground,-19791,0,20
2026-09-21T08:09:10.815293134Z,8.365979,134.896152,Cloud to Ground,-14181,0,16
2026-09-21T08:09:11.032267342Z,8.373116,134.917917,Cloud to Ground,18656,0,18
2026-09-21T08:09:10.725184473Z,8.356849,134.887439,Cloud to Ground,22887,0,10
2026-09-21T08:09:11.123194000Z,8.3423,134.8935,Cloud to Ground,25657,0,5
2026-09-21T08:09:10.641170372Z,8.368908,134.901933,Cloud to Ground,52936,0,29
2026-09-21T08:09:10.530929617Z,14.635356,110.236013,Cloud to Ground,-21625,0,7
2026-09-21T08:09:10.686683058Z,21.634831,110.86811,Cloud to Cloud,-28703,6383,8
2026-09-21T08:09:11.113143216Z,10.12979,128.531459,Cloud to Ground,-202755,0,15
2026-09-21T08:09:13.586524901Z,10.279801,128.844492,Cloud to Cloud,22561,6501,8
2026-09-21T08:09:13.204846545Z,22.553488,111.174354,Cloud to Cloud,16602,17631,7
2026-09-21T08:09:13.221360874Z,22.573379,111.026799,Cloud to Ground,36621,0,12
2026-09-21T08:09:13.551574553Z,13.1201,123.742108,Cloud to Ground,25622,0,9
2026-09-21T08:09:13.711709941Z,13.494655,122.709142,Cloud to Ground,50412,0,12
2026-09-21T08:09:13.887138498Z,13.845562,121.402254,Cloud to Ground,-8900,0,6
2026-09-21T08:09:14.470057313Z,13.923477,121.504004,Cloud to Cloud,7524,8059,9
2026-09-21T08:09:14.591007128Z,13.929639,121.51927,Cloud to Ground,13681,0,7
2026-09-21T08:09:13.974660242Z,13.921795,121.422462,Cloud to Ground,50064,0,10
2026-09-21T08:09:13.855823000Z,13.923,121.2732,Cloud to Ground,-28745,0,5
2026-09-21T08:09:14.522033631Z,7.469301,125.457446,Cloud to Ground,-25197,0,18
2026-09-21T08:09:14.052472495Z,14.078669,121.142638,Cloud to Cloud,-37488,4106,10
2026-09-21T08:09:14.738441000Z,10.5714,123.9814,Cloud to Ground,9207,0,7
2026-09-21T08:09:15.871666040Z,8.011553,125.979943,Cloud to Ground,-21933,0,7
2026-09-21T08:09:15.954902000Z,7.9445,126.0953,Cloud to Ground,-17327,0,5
2026-09-21T08:09:15.548433428Z,2.841919,113.082052,Cloud to Ground,33747,0,13
2026-09-21T08:09:15.228375051Z,10.262039,125.992169,Cloud to Cloud,18407,12308,12
2026-09-21T08:09:15.230272090Z,10.289844,126.081495,Cloud to Ground,-30185,0,7
2026-09-21T08:09:15.735721511Z,14.570033,110.101052,Cloud to Ground,16997,0,5
2026-09-21T08:09:16.279766271Z,14.584063,110.088768,Cloud to Ground,20215,0,5
2026-09-21T08:09:16.070124475Z,14.579652,110.077743,Cloud to Ground,23893,0,8
2026-09-21T08:09:15.320781439Z,14.581186,110.0878,Cloud to Ground,24134,0,6
2026-09-21T08:09:16.166432276Z,8.037134,126.070744,Cloud to Ground,-20813,0,12
2026-09-21T08:09:17.180069034Z,15.473364,120.60864,Cloud to Ground,-42471,0,10
2026-09-21T08:09:17.300727436Z,15.473945,120.60322,Cloud to Ground,-18046,0,12
2026-09-21T08:09:17.690568091Z,15.473896,120.598895,Cloud to Ground,-17808,0,11
2026-09-21T08:09:17.470830224Z,13.228392,121.147411,Cloud to Ground,-14895,0,9
2026-09-21T08:09:17.603431211Z,13.225376,121.144749,Cloud to Ground,-7488,0,6
2026-09-21T08:09:17.231610461Z,21.586883,110.785927,Cloud to Ground,15833,0,10
2026-09-21T08:09:17.270003119Z,21.734109,110.913843,Cloud to Ground,47402,0,7
2026-09-21T08:09:18.359520730Z,18.131401,120.73169,Cloud to Ground,-58760,0,8
2026-09-21T08:09:18.391743503Z,17.810356,120.800087,Cloud to Cloud,-15377,7164,7
2026-09-21T08:09:18.481792769Z,17.935824,120.764129,Cloud to Ground,-45373,0,14
2026-09-21T08:09:18.405381447Z,17.925845,120.746098,Cloud to Ground,-21099,0,9
2026-09-21T08:09:19.576712189Z,7.479575,125.424793,Cloud to Ground,13709,0,10
2026-09-21T08:09:20.138905370Z,7.472281,125.43225,Cloud to Ground,40690,0,18
2026-09-21T08:09:20.455882335Z,7.915016,126.05076,Cloud to Cloud,-13837,16661,7
2026-09-21T08:09:20.732651364Z,7.951871,126.132955,Cloud to Ground,9786,0,12
2026-09-21T08:09:20.698876544Z,7.951802,126.130535,Cloud to Ground,25476,0,14
2026-09-21T08:09:20.524923530Z,1.806651,114.264887,Cloud to Ground,11240,0,11
2026-09-21T08:09:20.283801698Z,13.150243,123.731911,Cloud to Ground,-22006,0,21
2026-09-21T08:09:20.111882056Z,13.148057,123.732489,Cloud to Cloud,-19254,8961,16
2026-09-21T08:09:20.652332563Z,13.077882,123.789101,Cloud to Ground,-9128,0,5
2026-09-21T08:09:20.732633099Z,22.48227,111.520838,Cloud to Ground,-20458,0,8
2026-09-21T08:09:20.762445373Z,22.491682,111.398646,Cloud to Ground,14841,0,13
2026-09-21T08:09:21.819084736Z,13.090955,123.79257,Cloud to Cloud,16124,19627,9
2026-09-21T08:09:21.599121216Z,21.626682,110.865942,Cloud to Ground,-26156,0,7
2026-09-21T08:09:22.649878810Z,11.559716,125.844963,Cloud to Ground,-83290,0,12
2026-09-21T08:09:22.685324572Z,11.59004,125.739374,Cloud to Ground,-13203,0,20
2026-09-21T08:09:23.881115214Z,7.595925,132.894924,Cloud to Ground,-22113,0,10
2026-09-21T08:09:23.801840503Z,7.609711,132.942301,Cloud to Ground,-16295,0,28
2026-09-21T08:09:23.381924823Z,13.146171,123.727848,Cloud to Ground,14920,0,10
2026-09-21T08:09:25.973736379Z,2.475761,113.648181,Cloud to Ground,41781,0,11
2026-09-21T08:09:25.908675507Z,2.481485,113.667869,Cloud to Ground,131656,0,17
2026-09-21T08:09:25.214047336Z,8.339036,134.275604,Cloud to Ground,-32400,0,29
2026-09-21T08:09:25.796200040Z,8.325068,134.439969,Cloud to Ground,13137,0,11
2026-09-21T08:09:25.092377032Z,15.406227,112.982041,Cloud to Ground,100492,0,26
2026-09-21T08:09:26.694748058Z,22.401949,111.672272,Cloud to Cloud,-44605,3033,9
2026-09-21T08:09:27.255930233Z,7.494616,125.433649,Cloud to Cloud,-7250,18651,6
2026-09-21T08:09:29.172625489Z,7.986184,126.170611,Cloud to Ground,20898,0,10
2026-09-21T08:09:29.676500328Z,13.18264,121.172041,Cloud to Cloud,17157,10421,12
2026-09-21T08:09:29.360274603Z,21.616426,110.886681,Cloud to Ground,23958,0,7
2026-09-21T08:09:29.440915157Z,21.612244,110.766438,Cloud to Ground,25702,0,10
2026-09-21T08:09:29.222112416Z,13.551494,122.624993,Cloud to Ground,-22969,0,12
2026-09-21T08:09:29.227987602Z,13.122097,123.773944,Cloud to Ground,13966,0,7
2026-09-21T08:09:30.633459275Z,7.387812,125.435238,Cloud to Cloud,29458,4481,10
2026-09-21T08:09:30.114966141Z,14.57885,110.153821,Cloud to Ground,14309,0,7
2026-09-21T08:09:30.035243586Z,14.575308,110.089974,Cloud to Ground,31316,0,7
2026-09-21T08:09:31.018107946Z,17.923209,120.734589,Cloud to Ground,-8901,0,7
2026-09-21T08:09:30.970516478Z,17.936086,120.766679,Cloud to Cloud,12868,10561,6
2026-09-21T08:09:30.937706841Z,17.920038,120.756998,Cloud to Ground,33737,0,13
2026-09-21T08:09:31.774703095Z,0.896206,121.059975,Cloud to Ground,-24929,0,20
2026-09-21T08:09:31.769041396Z,0.906331,121.055785,Cloud to Ground,34716,0,20
2026-09-21T08:09:31.749418508Z,13.828646,121.447835,Cloud to Cloud,15757,7074,6
2026-09-21T08:09:31.344949168Z,15.412016,113.071886,Cloud to Ground,18780,0,10
2026-09-21T08:09:31.345470501Z,15.418899,113.155357,Cloud to Ground,25033,0,8
2026-09-21T08:09:32.709777234Z,13.146361,123.667749,Cloud to Cloud,28093,4694,8
2026-09-21T08:09:32.711108563Z,13.379014,123.673246,Cloud to Ground,28210,0,9
2026-09-21T08:09:32.433323661Z,15.499317,120.757415,Cloud to Ground,-10906,0,8
2026-09-21T08:09:32.711272000Z,10.0278,124.0845,Cloud to Ground,-21343,0,6
2026-09-21T08:09:33.285590911Z,10.057273,124.160631,Cloud to Ground,-17964,0,11
2026-09-21T08:09:33.198452123Z,15.51085,120.567712,Cloud to Cloud,-13868,4269,7
2026-09-21T08:09:34.065514672Z,1.827901,114.355583,Cloud to Ground,-16589,0,7
2026-09-21T08:09:35.726292704Z,8.332268,134.137308,Cloud to Ground,-22350,0,18
2026-09-21T08:09:35.629546092Z,8.292796,134.374222,Cloud to Ground,10482,0,12
2026-09-21T08:09:35.320616820Z,10.364112,126.051612,Cloud to Ground,27394,0,10
2026-09-21T08:09:35.942703653Z,13.343474,123.62707,Cloud to Ground,22889,0,10
2026-09-21T08:09:35.545504961Z,13.546849,122.625645,Cloud to Cloud,7635,7089,6
2026-09-21T08:09:36.605242894Z,8.030036,125.976286,Cloud to Ground,-16713,0,12
2026-09-21T08:09:36.383943057Z,8.023867,126.027753,Cloud to Ground,-10947,0,7
2026-09-21T08:09:36.521866184Z,7.96813,126.165669,Cloud to Ground,-32589,0,6
2026-09-21T08:09:37.241957450Z,17.735913,120.806023,Cloud to Ground,26087,0,17
2026-09-21T08:09:38.471111494Z,10.616084,122.878149,Cloud to Cloud,-7513,8806,8
2026-09-21T08:09:38.371041000Z,16.0289,110.135,Cloud to Ground,30154,0,5
2026-09-21T08:09:39.663943402Z,15.804702,121.347332,Cloud to Cloud,-4757,6454,6
2026-09-21T08:09:39.390080983Z,15.786849,121.330701,Cloud to Cloud,10428,18943,12
2026-09-21T08:09:39.872103733Z,14.612848,110.192745,Cloud to Cloud,-15478,11985,6
2026-09-21T08:09:40.424248208Z,14.617451,110.332825,Cloud to Ground,-23176,0,6
2026-09-21T08:09:40.756513867Z,15.52314,120.743004,Cloud to Ground,17546,0,13
2026-09-21T08:09:41.366942961Z,7.924023,125.992407,Cloud to Cloud,5744,12288,7
2026-09-21T08:09:41.738696661Z,7.461843,125.402957,Cloud to Ground,8858,0,13
2026-09-21T08:09:41.984315584Z,13.925224,121.473329,Cloud to Cloud,4859,14713,5
2026-09-21T08:09:42.577807273Z,7.822398,126.12992,Cloud to Cloud,23487,16970,8
2026-09-21T08:09:42.944137641Z,22.537544,111.477586,Cloud to Cloud,-28473,6227,8
2026-09-21T08:09:43.128373524Z,22.49356,111.531277,Cloud to Cloud,15018,6681,7
2026-09-21T08:09:43.084779446Z,22.483263,111.50383,Cloud to Cloud,19092,3075,8
2026-09-21T08:09:42.989747171Z,22.510531,111.532351,Cloud to Cloud,22341,6296,12
2026-09-21T08:09:42.869677156Z,22.486593,111.433673,Cloud to Cloud,28833,3003,12
2026-09-21T08:09:43.084092000Z,22.5027,111.5361,Cloud to Ground,87817,0,6
2026-09-21T08:09:42.973072263Z,13.324905,123.611141,Cloud to Ground,-23489,0,12
2026-09-21T08:09:42.974001962Z,13.235897,123.59817,Cloud to Cloud,-19292,18344,7
2026-09-21T08:09:43.061623865Z,13.336847,123.584491,Cloud to Ground,-16044,0,8
2026-09-21T08:09:42.534454640Z,13.823785,121.434601,Cloud to Cloud,17559,7787,13
2026-09-21T08:09:42.329350149Z,13.256246,121.119461,Cloud to Ground,-26236,0,13
2026-09-21T08:09:42.350239604Z,13.252656,121.112808,Cloud to Cloud,18847,13426,7
2026-09-21T08:09:43.739643541Z,8.050156,126.158596,Cloud to Cloud,-17604,13987,12
2026-09-21T08:09:43.079002448Z,21.68457,110.825083,Cloud to Cloud,-18886,3023,7
2026-09-21T08:09:43.100971785Z,13.246585,121.117407,Cloud to Ground,-24448,0,12
2026-09-21T08:09:43.111166239Z,16.038617,121.281118,Cloud to Cloud,12364,10933,8
2026-09-21T08:09:43.108919325Z,16.047707,121.288507,Cloud to Cloud,25166,17637,10
2026-09-21T08:09:44.370999374Z,2.904721,113.025351,Cloud to Ground,-14507,0,8
2026-09-21T08:09:44.170549969Z,15.483245,120.605607,Cloud to Cloud,-13934,18177,11
2026-09-21T08:09:44.235148131Z,15.478977,120.673548,Cloud to Cloud,-4830,18677,8
2026-09-21T08:09:44.702345971Z,14.28452,121.148342,Cloud to Ground,-12874,0,10
2026-09-21T08:09:44.597692000Z,14.2446,121.0315,Cloud to Ground,-17315,0,5
2026-09-21T08:09:45.991025082Z,15.483983,120.85753,Cloud to Cloud,11852,18849,8
2026-09-21T08:09:45.111283000Z,10.7887,121.2429,Cloud to Ground,-22536,0,5
2026-09-21T08:09:46.412733730Z,13.145109,123.752708,Cloud to Ground,-33052,0,18
2026-09-21T08:09:47.421994982Z,7.979244,126.148246,Cloud to Ground,-18092,0,5
2026-09-21T08:09:47.380654000Z,7.9757,126.0769,Cloud to Ground,-14936,0,5
2026-09-21T08:09:47.859775759Z,13.541546,122.626955,Cloud to Ground,-24736,0,11
2026-09-21T08:09:47.876460614Z,10.319268,128.844376,Cloud to Ground,-38293,0,13
2026-09-21T08:09:47.764991829Z,10.369764,128.976634,Cloud to Ground,-57609,0,32
2026-09-21T08:09:48.017091710Z,10.326815,128.991264,Cloud to Ground,17935,0,7
2026-09-21T08:09:47.751498630Z,13.891267,121.479758,Cloud to Ground,-15206,0,8
2026-09-21T08:09:48.249235980Z,13.903004,121.506418,Cloud to Ground,-8161,0,8
2026-09-21T08:09:48.378334385Z,7.477062,125.452344,Cloud to Ground,14865,0,10
2026-09-21T08:09:48.942299102Z,22.528468,111.120868,Cloud to Cloud,12043,3085,6
2026-09-21T08:09:48.235063989Z,22.406934,110.872041,Cloud to Ground,21881,0,6
2026-09-21T08:09:49.773717567Z,2.834167,113.093402,Cloud to Ground,12949,0,12
2026-09-21T08:09:49.519998097Z,2.831641,113.090909,Cloud to Ground,17542,0,8
2026-09-21T08:09:49.374157586Z,2.835836,113.094678,Cloud to Ground,20927,0,10
2026-09-21T08:09:49.881636075Z,2.829227,113.091022,Cloud to Ground,22752,0,12
2026-09-21T08:09:49.703473746Z,2.834248,113.09367,Cloud to Ground,24108,0,13
2026-09-21T08:09:49.828131307Z,2.828971,113.096877,Cloud to Ground,42921,0,13
2026-09-21T08:09:50.148131548Z,6.090601,117.328913,Cloud to Ground,-33965,0,19
2026-09-21T08:09:50.262265862Z,6.079308,117.293807,Cloud to Ground,22791,0,13
2026-09-21T08:09:50.235985722Z,7.475976,125.405189,Cloud to Cloud,-6859,5070,5
2026-09-21T08:09:50.997418773Z,12.04347,120.308198,Cloud to Cloud,8732,19054,6
2026-09-21T08:09:51.113589738Z,3.011976,112.788613,Cloud to Ground,-27121,0,16
2026-09-21T08:09:51.117356631Z,2.981095,112.75752,Cloud to Ground,-16844,0,11
2026-09-21T08:09:51.115800172Z,2.988735,112.791816,Cloud to Ground,-14854,0,8
2026-09-21T08:09:51.713809402Z,15.203265,112.840339,Cloud to Ground,-86835,0,7
2026-09-21T08:09:51.721906069Z,15.209713,112.904938,Cloud to Cloud,-59264,18987,13
2026-09-21T08:09:52.124627080Z,15.233375,112.902164,Cloud to Ground,25673,0,9
2026-09-21T08:09:52.313495196Z,17.938977,120.773079,Cloud to Cloud,23953,7566,7
2026-09-21T08:09:53.332652515Z,13.319405,123.623435,Cloud to Ground,14966,0,10
2026-09-21T08:09:53.662757116Z,14.6299,110.143925,Cloud to Ground,49834,0,5
2026-09-21T08:09:54.809694690Z,8.343085,134.313041,Cloud to Ground,-15366,0,27
2026-09-21T08:09:54.332355000Z,9.9306,124.1669,Cloud to Ground,12560,0,5
2026-09-21T08:09:55.402194753Z,2.66785,110.653047,Cloud to Ground,-61439,0,16
2026-09-21T08:09:55.185370368Z,2.817039,110.668358,Cloud to Ground,-20765,0,19
2026-09-21T08:09:55.257254482Z,8.320725,134.4419,Cloud to Ground,-31945,0,20
2026-09-21T08:09:54.879809523Z,8.323906,134.461258,Cloud to Ground,-18166,0,19
2026-09-21T08:09:54.944888769Z,8.338924,134.477264,Cloud to Ground,11117,0,10
2026-09-21T08:09:55.817530828Z,7.632603,132.795185,Cloud to Ground,-22020,0,18
2026-09-21T08:09:55.196923468Z,15.380875,120.618876,Cloud to Cloud,8365,19971,8
2026-09-21T08:09:55.850453092Z,13.15633,123.781092,Cloud to Cloud,4916,19132,5
2026-09-21T08:09:56.505012024Z,5.193784,115.505416,Cloud to Ground,-31267,0,23
2026-09-21T08:09:56.800180255Z,5.19908,115.520412,Cloud to Cloud,-30700,14521,16
2026-09-21T08:09:56.637237225Z,5.164331,115.525883,Cloud to Ground,16924,0,12
2026-09-21T08:09:56.212688304Z,7.58835,133.059388,Cloud to Ground,-26797,0,26
2026-09-21T08:09:56.497883207Z,13.862209,121.50611,Cloud to Cloud,-9374,19621,6
2026-09-21T08:09:56.009086815Z,13.903507,121.535434,Cloud to Cloud,11393,4131,9
2026-09-21T08:09:57.554810756Z,7.999218,126.002461,Cloud to Ground,-18707,0,28
2026-09-21T08:09:57.615324412Z,8.441369,134.883502,Cloud to Ground,-15804,0,18
2026-09-21T08:09:57.598024222Z,8.358136,134.895942,Cloud to Ground,-10785,0,10
2026-09-21T08:09:57.725685845Z,8.356523,134.919159,Cloud to Ground,12201,0,17
2026-09-21T08:09:57.596938816Z,8.363015,134.933219,Cloud to Ground,118059,0,28
2026-09-21T08:09:57.641495695Z,8.367501,134.782977,Cloud to Ground,-14327,0,34
2026-09-21T08:09:58.498177844Z,13.2458,121.109703,Cloud to Cloud,-20909,3694,9
2026-09-21T08:09:58.908333751Z,13.329605,121.067303,Cloud to Cloud,-20562,4718,17
2026-09-21T08:09:58.812769313Z,13.227657,121.193229,Cloud to Cloud,-9059,13346,8
2026-09-21T08:09:58.526081673Z,13.25802,121.108771,Cloud to Cloud,-8826,5105,12
2026-09-21T08:09:58.077091553Z,13.249812,121.111218,Cloud to Cloud,10373,19420,8
2026-09-21T08:09:58.939462572Z,13.161334,121.157161,Cloud to Cloud,15447,19751,6
2026-09-21T08:09:59.992031508Z,7.94268,126.003387,Cloud to Cloud,-9301,7464,16
2026-09-21T08:09:59.141304150Z,22.47667,111.688712,Cloud to Ground,-19415,0,8
2026-09-21T08:10:00.006283593Z,10.561414,124.074224,Cloud to Cloud,10754,3023,10
2026-09-21T08:09:59.785602149Z,10.539399,124.127514,Cloud to Ground,12933,0,12
2026-09-21T08:09:59.465130991Z,13.154721,123.718497,Cloud to Ground,22069,0,8
2026-09-21T08:09:59.483684771Z,15.93693,121.180908,Cloud to Cloud,15001,15351,9
2026-09-21T08:10:00.608039549Z,14.601377,110.054533,Cloud to Ground,13931,0,5
2026-09-21T08:10:01.540121000Z,9.9558,124.2112,Cloud to Ground,-20527,0,5
2026-09-21T08:10:02.663139309Z,13.277974,123.613006,Cloud to Cloud,-11131,6723,8
2026-09-21T08:10:02.476104907Z,13.296684,123.616023,Cloud to Cloud,-6088,4315,6
2026-09-21T08:10:02.579950338Z,13.23638,123.653087,Cloud to Cloud,17784,6412,9
2026-09-21T08:10:02.420149663Z,13.221262,123.609408,Cloud to Ground,22102,0,8
2026-09-21T08:10:02.427531000Z,13.929,121.3047,Cloud to Ground,-16177,0,7
2026-09-21T08:10:02.112122935Z,13.896607,121.372601,Cloud to Ground,-15263,0,10
2026-09-21T08:10:01.998655978Z,13.898851,121.373368,Cloud to Ground,-13283,0,10
2026-09-21T08:10:02.284287312Z,13.893806,121.37002,Cloud to Ground,-10011,0,8
2026-09-21T08:10:02.197471273Z,13.891352,121.36841,Cloud to Ground,-8497,0,7
2026-09-21T08:10:02.366779331Z,13.893039,121.370055,Cloud to Ground,-7838,0,6
2026-09-21T08:10:01.910073758Z,13.884994,121.398504,Cloud to Ground,-6065,0,6
2026-09-21T08:10:03.116094011Z,22.176091,111.761006,Cloud to Cloud,16836,7750,8
2026-09-21T08:10:04.347438935Z,9.957989,124.250336,Cloud to Ground,38702,0,8
2026-09-21T08:10:04.327411909Z,13.201795,121.132823,Cloud to Cloud,5009,11081,5
2026-09-21T08:10:04.576165967Z,17.942245,120.75931,Cloud to Ground,-15943,0,9
2026-09-21T08:10:04.247346324Z,14.579194,110.126296,Cloud to Ground,34349,0,11
2026-09-21T08:10:04.415030000Z,22.999069,112.222426,Cloud to Cloud,-15939,15317,6
2026-09-21T08:10:05.359970549Z,6.178989,117.225687,Cloud to Ground,31744,0,6
2026-09-21T08:10:05.430984827Z,6.094698,117.241733,Cloud to Ground,56817,0,10
2026-09-21T08:10:05.213563579Z,7.681856,124.738263,Cloud to Ground,-43220,0,18
2026-09-21T08:10:05.181553200Z,7.594712,124.770569,Cloud to Ground,-93999,0,11
2026-09-21T08:10:05.202804796Z,7.52618,124.824484,Cloud to Ground,-53729,0,20
2026-09-21T08:10:05.964495145Z,1.32684,110.097629,Cloud to Ground,-25532,0,12
2026-09-21T08:10:06.319493335Z,1.323478,110.082612,Cloud to Ground,29309,0,13
2026-09-21T08:10:05.985102251Z,1.318392,110.062002,Cloud to Ground,37700,0,12
2026-09-21T08:10:05.932717765Z,1.321349,110.072937,Cloud to Ground,157738,0,22
2026-09-21T08:10:05.287043216Z,13.548556,122.617559,Cloud to Ground,-20553,0,10
2026-09-21T08:10:06.311399913Z,4.8885,111.457172,Cloud to Ground,-18488,0,18
2026-09-21T08:10:06.067631014Z,4.819618,111.518202,Cloud to Ground,-25639,0,22
2026-09-21T08:10:06.354849812Z,4.816858,111.520746,Cloud to Ground,35815,0,15
2026-09-21T08:10:06.011589620Z,4.816564,111.518448,Cloud to Ground,89258,0,17
2026-09-21T08:10:06.444619954Z,22.43426,110.857567,Cloud to Cloud,-7154,6010,6
2026-09-21T08:10:06.965916000Z,13.1112,123.5799,Cloud to Ground,-18514,0,8
2026-09-21T08:10:07.611055100Z,7.589829,125.437383,Cloud to Ground,24882,0,16
2026-09-21T08:10:07.049940126Z,13.084411,123.776967,Cloud to Ground,-26897,0,10
2026-09-21T08:10:07.112623192Z,13.090969,123.784898,Cloud to Ground,-15323,0,8
2026-09-21T08:10:07.073988527Z,13.093419,123.785402,Cloud to Ground,-7727,0,6
2026-09-21T08:10:06.373594370Z,13.151283,123.728391,Cloud to Ground,15167,0,9
2026-09-21T08:10:07.961006806Z,21.483748,110.749072,Cloud to Cloud,-17926,3228,7
2026-09-21T08:10:09.182909707Z,13.918929,121.388389,Cloud to Cloud,-17892,3610,8
2026-09-21T08:10:09.111018294Z,15.132048,110.611143,Cloud to Cloud,-18324,19968,9
2026-09-21T08:10:10.716670268Z,10.354496,126.028205,Cloud to Cloud,11977,7397,10
2026-09-21T08:10:10.488063474Z,13.914719,121.40825,Cloud to Cloud,13073,18586,9
2026-09-21T08:10:10.394323029Z,14.59772,110.112428,Cloud to Ground,25125,0,7
2026-09-21T08:10:11.908924633Z,7.55902,125.431399,Cloud to Cloud,12963,13874,13
2026-09-21T08:10:11.076593500Z,1.606673,113.837185,Cloud to Ground,-26710,0,11
2026-09-21T08:10:12.095764056Z,16.361906,120.864564,Cloud to Cloud,11556,18011,7
2026-09-21T08:10:12.067009676Z,13.205608,121.082232,Cloud to Cloud,4509,12677,5
2026-09-21T08:10:12.773540983Z,15.730074,121.232441,Cloud to Ground,-47199,0,9
2026-09-21T08:10:12.332041132Z,15.765563,121.296734,Cloud to Cloud,12288,5994,11
2026-09-21T08:10:13.986230829Z,4.104701,114.570161,Cloud to Ground,-44035,0,18
2026-09-21T08:10:13.984724739Z,4.186379,114.531942,Cloud to Ground,-44021,0,27
2026-09-21T08:10:13.097184529Z,8.087212,126.085132,Cloud to Cloud,-10646,3000,11
2026-09-21T08:10:13.329555549Z,13.273044,123.674977,Cloud to Ground,-21815,0,7
2026-09-21T08:10:13.652790000Z,10.6051,122.8503,Cloud to Ground,-23426,0,9
2026-09-21T08:10:14.861543236Z,15.219758,112.039285,Cloud to Ground,-10104,0,7
2026-09-21T08:10:14.863591985Z,15.186539,111.963194,Cloud to Ground,27284,0,5
2026-09-21T08:10:15.227398354Z,15.591735,119.97824,Cloud to Cloud,15404,16072,10
2026-09-21T08:10:15.228373091Z,15.59418,119.979262,Cloud to Cloud,15534,19986,9
2026-09-21T08:10:15.103770428Z,13.137111,123.772697,Cloud to Ground,33524,0,8
2026-09-21T08:10:16.039371019Z,13.895827,121.485705,Cloud to Cloud,5839,17482,6
2026-09-21T08:10:15.508613758Z,13.917985,121.501439,Cloud to Cloud,17749,16278,9
2026-09-21T08:10:16.637236540Z,10.096348,128.565343,Cloud to Ground,-13229,0,20
2026-09-21T08:10:16.780572578Z,10.156711,128.584815,Cloud to Cloud,15429,3031,7
2026-09-21T08:10:16.459451075Z,10.566047,129.190561,Cloud to Ground,-19498,0,27
2026-09-21T08:10:16.315358594Z,10.517795,129.185681,Cloud to Cloud,14172,17599,7
2026-09-21T08:10:16.312719093Z,10.594837,129.315097,Cloud to Ground,-23090,0,16
2026-09-21T08:10:16.310611730Z,10.519781,129.332728,Cloud to Ground,52329,0,15
2026-09-21T08:10:16.769714588Z,22.356434,110.837654,Cloud to Cloud,-22513,3018,7
2026-09-21T08:10:17.576272710Z,7.946331,126.024184,Cloud to Cloud,13061,7176,12
2026-09-21T08:10:17.241941889Z,8.310938,134.341457,Cloud to Ground,-21015,0,18
2026-09-21T08:10:17.293041982Z,8.306359,134.36897,Cloud to Ground,12291,0,18
2026-09-21T08:10:17.263740408Z,8.316028,134.365892,Cloud to Ground,14299,0,17
2026-09-21T08:10:17.316441558Z,8.311948,134.356077,Cloud to Ground,17936,0,23
2026-09-21T08:10:17.405363688Z,8.318581,134.374227,Cloud to Ground,19404,0,12
2026-09-21T08:10:17.371067665Z,8.316149,134.351817,Cloud to Ground,19909,0,22
2026-09-21T08:10:17.202481044Z,8.315762,134.359083,Cloud to Ground,44325,0,23
2026-09-21T08:10:17.128464426Z,15.437915,120.521306,Cloud to Cloud,-12687,4621,7
2026-09-21T08:10:17.108903075Z,15.457932,120.559519,Cloud to Cloud,-6116,18606,5
2026-09-21T08:10:16.994604230Z,15.395373,120.657954,Cloud to Cloud,4593,18850,7
2026-09-21T08:10:17.041303285Z,15.393808,120.617411,Cloud to Cloud,17785,19209,8
2026-09-21T08:10:18.488258618Z,9.935158,124.33817,Cloud to Ground,26212,0,14
2026-09-21T08:10:18.665614248Z,13.159373,123.778396,Cloud to Ground,11669,0,5
2026-09-21T08:10:19.984906886Z,13.055152,123.804878,Cloud to Ground,-22059,0,7
2026-09-21T08:10:20.071542757Z,13.01536,123.761847,Cloud to Cloud,-14093,10781,7
2026-09-21T08:10:20.729783154Z,22.875819,110.858162,Cloud to Cloud,14066,7862,7
2026-09-21T08:10:20.085581709Z,22.423364,110.747957,Cloud to Ground,15247,0,10
2026-09-21T08:10:20.344191282Z,15.437253,120.635436,Cloud to Cloud,-24461,17277,7
2026-09-21T08:10:20.647291546Z,14.607669,110.165561,Cloud to Ground,-27986,0,7
2026-09-21T08:10:21.501728276Z,6.268765,117.186807,Cloud to Cloud,-15091,9755,14
2026-09-21T08:10:20.984015946Z,13.915397,121.426075,Cloud to Ground,-9306,0,5
2026-09-21T08:10:21.076658844Z,13.932222,121.485345,Cloud to Cloud,11977,16462,8
2026-09-21T08:10:21.031906848Z,13.845547,121.447659,Cloud to Ground,43001,0,12
2026-09-21T08:10:22.344858137Z,13.151913,121.195737,Cloud to Cloud,-9472,8665,10
2026-09-21T08:10:22.302216647Z,13.246998,121.139265,Cloud to Ground,-64060,0,9
2026-09-21T08:10:22.434863911Z,13.264072,121.1263,Cloud to Ground,-40567,0,10
2026-09-21T08:10:22.434247102Z,13.231046,121.126499,Cloud to Ground,-25248,0,9
2026-09-21T08:10:22.330056000Z,13.24,121.1433,Cloud to Ground,-18681,0,5
2026-09-21T08:10:22.835444303Z,22.508995,110.878303,Cloud to Cloud,-16035,5163,9
2026-09-21T08:10:23.446849051Z,9.968411,124.245607,Cloud to Cloud,12392,17324,5
2026-09-21T08:10:23.052248302Z,7.929997,126.081531,Cloud to Ground,25264,0,11
2026-09-21T08:10:23.743877235Z,15.092477,111.982927,Cloud to Cloud,9573,3009,6
2026-09-21T08:10:23.735953632Z,13.553984,122.615027,Cloud to Ground,-23154,0,11
2026-09-21T08:10:23.458130075Z,22.338101,111.898646,Cloud to Cloud,-20016,3018,11
2026-09-21T08:10:23.493767604Z,22.318694,111.933495,Cloud to Ground,-17222,0,7
2026-09-21T08:10:24.507135345Z,9.953559,124.24796,Cloud to Cloud,13925,19072,5
2026-09-21T08:10:24.392988020Z,15.398488,112.94946,Cloud to Ground,-27188,0,8
2026-09-21T08:10:24.451228312Z,15.406125,112.992842,Cloud to Ground,-19981,0,7
2026-09-21T08:10:24.525334010Z,15.399558,112.860577,Cloud to Ground,-19305,0,7
2026-09-21T08:10:24.378025992Z,15.388547,112.945119,Cloud to Cloud,-15017,6833,7
2026-09-21T08:10:24.428743895Z,15.387598,112.90869,Cloud to Cloud,-10903,10611,6
2026-09-21T08:10:24.553683127Z,15.395641,112.981664,Cloud to Cloud,12767,15243,6
2026-09-21T08:10:24.524626910Z,15.375748,112.893427,Cloud to Ground,18178,0,7
2026-09-21T08:10:25.892883859Z,14.799449,110.80332,Cloud to Cloud,-12071,5575,6
2026-09-21T08:10:25.042949051Z,14.818158,110.794268,Cloud to Ground,12751,0,6
2026-09-21T08:10:25.043795442Z,14.845782,110.76947,Cloud to Ground,19335,0,8
2026-09-21T08:10:25.560906249Z,14.639351,121.45367,Cloud to Cloud,14129,7017,7
2026-09-21T08:10:27.253468414Z,13.591746,122.624436,Cloud to Cloud,-5853,6391,5
2026-09-21T08:10:26.969091569Z,13.514179,122.650192,Cloud to Cloud,15323,12198,6
2026-09-21T08:10:27.932475980Z,2.838492,113.096498,Cloud to Ground,67085,0,19
2026-09-21T08:10:27.645677297Z,1.736238,114.300382,Cloud to Ground,22973,0,10
2026-09-21T08:10:27.779990920Z,13.011541,123.787549,Cloud to Ground,-24450,0,10
2026-09-21T08:10:27.671448191Z,13.014219,123.805921,Cloud to Ground,-14968,0,7
2026-09-21T08:10:27.737171362Z,13.012946,123.794598,Cloud to Ground,-10180,0,7
2026-09-21T08:10:27.464282753Z,13.014482,123.793581,Cloud to Ground,-9004,0,6
2026-09-21T08:10:27.020317703Z,13.305604,123.607742,Cloud to Ground,-62218,0,13
2026-09-21T08:10:27.056772062Z,13.304898,123.608497,Cloud to Ground,-9506,0,6
2026-09-21T08:10:28.471804749Z,7.994287,126.12832,Cloud to Ground,-22334,0,18
2026-09-21T08:10:29.212399382Z,13.150001,123.722694,Cloud to Ground,42053,0,8
2026-09-21T08:10:29.203482742Z,13.886245,121.413556,Cloud to Ground,-15239,0,10
2026-09-21T08:10:29.083337191Z,13.903097,121.404784,Cloud to Ground,-10701,0,9
2026-09-21T08:10:29.297819726Z,13.883404,121.414992,Cloud to Ground,-8913,0,7
2026-09-21T08:10:29.396577841Z,13.888565,121.419491,Cloud to Ground,-6052,0,5
2026-09-21T08:10:29.958816054Z,13.916614,121.450347,Cloud to Cloud,5653,17259,5
2026-09-21T08:10:29.990461890Z,13.865494,121.490146,Cloud to Cloud,18727,16435,9
2026-09-21T08:10:29.043398000Z,13.9333,121.304,Cloud to Ground,-28862,0,9
2026-09-21T08:10:30.439350065Z,21.747627,111.044389,Cloud to Ground,-67704,0,9
2026-09-21T08:10:30.440934853Z,21.746641,111.043833,Cloud to Ground,-67354,0,12
2026-09-21T08:10:30.438733642Z,21.745731,111.037583,Cloud to Ground,38454,0,8
2026-09-21T08:10:31.431153963Z,21.654472,110.874793,Cloud to Cloud,-20858,3067,7
2026-09-21T08:10:31.324809905Z,15.429051,120.630745,Cloud to Cloud,-16395,7540,6
2026-09-21T08:10:33.127547667Z,7.974606,126.137622,Cloud to Ground,-27013,0,21
2026-09-21T08:10:32.973117660Z,8.061292,126.127235,Cloud to Ground,-11327,0,16
2026-09-21T08:10:33.240938834Z,8.023426,126.048444,Cloud to Ground,-9624,0,6
2026-09-21T08:10:33.741722317Z,13.260482,121.127154,Cloud to Cloud,-4577,14095,5
2026-09-21T08:10:33.305515771Z,13.245877,121.106078,Cloud to Ground,22802,0,10
2026-09-21T08:10:33.268962749Z,22.408631,110.912168,Cloud to Cloud,-34692,5389,8
2026-09-21T08:10:33.125339260Z,13.122408,123.792561,Cloud to Cloud,10714,18655,5
2026-09-21T08:10:34.290765410Z,7.480038,125.383903,Cloud to Cloud,10723,18655,10
2026-09-21T08:10:34.561901350Z,14.566832,110.056971,Cloud to Ground,-29333,0,21
2026-09-21T08:10:34.651477819Z,14.532066,110.169944,Cloud to Ground,-13697,0,7
2026-09-21T08:10:34.841627487Z,14.550542,110.122258,Cloud to Ground,23304,0,8
2026-09-21T08:10:34.726248391Z,14.533379,110.038663,Cloud to Ground,28317,0,8
2026-09-21T08:10:34.790023855Z,14.575217,110.152247,Cloud to Ground,35945,0,8
2026-09-21T08:10:34.511929266Z,14.562317,110.073597,Cloud to Ground,51208,0,9
2026-09-21T08:10:35.820525412Z,7.643519,132.797996,Cloud to Ground,-21886,0,23
2026-09-21T08:10:35.690354581Z,10.331651,128.8914,Cloud to Ground,-83390,0,33
2026-09-21T08:10:35.975425098Z,10.256207,128.857778,Cloud to Ground,-21249,0,17
2026-09-21T08:10:35.860129689Z,10.290499,128.925005,Cloud to Cloud,-20163,5837,24
2026-09-21T08:10:36.133370576Z,10.311787,128.849408,Cloud to Ground,-19916,0,12
2026-09-21T08:10:35.911845912Z,10.264272,128.861358,Cloud to Ground,-14656,0,8
2026-09-21T08:10:35.611854717Z,14.567239,110.173961,Cloud to Cloud,25367,18041,5
2026-09-21T08:10:35.442684094Z,14.454694,110.098131,Cloud to Ground,-47939,0,7
2026-09-21T08:10:35.443310828Z,14.399772,110.133202,Cloud to Ground,23436,0,7
2026-09-21T08:10:35.802244426Z,17.914219,120.73704,Cloud to Cloud,7468,10700,5
2026-09-21T08:10:36.199818791Z,7.578677,133.073521,Cloud to Ground,14241,0,15
2026-09-21T08:10:36.531422513Z,13.31009,123.590536,Cloud to Cloud,6363,8117,7
2026-09-21T08:10:36.108473841Z,13.333828,123.628095,Cloud to Ground,27137,0,11
2026-09-21T08:10:37.199357203Z,5.252017,115.533615,Cloud to Cloud,-29157,16901,14
2026-09-21T08:10:37.060782846Z,14.261082,121.167564,Cloud to Ground,-15983,0,10
2026-09-21T08:10:37.304238685Z,14.259547,121.194904,Cloud to Ground,-9730,0,7
2026-09-21T08:10:38.946159934Z,14.100629,121.126214,Cloud to Ground,-89164,0,12
2026-09-21T08:10:39.036923019Z,14.130671,121.14975,Cloud to Ground,-10093,0,8
2026-09-21T08:10:39.002201083Z,14.11872,121.108619,Cloud to Ground,-8809,0,7
2026-09-21T08:10:39.708161439Z,22.439887,110.912599,Cloud to Cloud,-15509,11557,6
2026-09-21T08:10:41.706098222Z,13.120152,123.791881,Cloud to Ground,-64575,0,10
2026-09-21T08:10:41.788151537Z,13.106368,123.791364,Cloud to Ground,-31415,0,15
2026-09-21T08:10:42.266629177Z,13.111746,123.791709,Cloud to Ground,-17352,0,9
2026-09-21T08:10:41.770680069Z,13.127406,123.780622,Cloud to Ground,-12237,0,8
2026-09-21T08:10:42.410993082Z,13.090966,123.825276,Cloud to Ground,23970,0,9
2026-09-21T08:10:41.957711687Z,13.039679,123.849796,Cloud to Cloud,24857,17737,6
2026-09-21T08:10:42.218062080Z,9.958652,124.25197,Cloud to Cloud,13290,17626,5
2026-09-21T08:10:42.154946675Z,9.968593,124.244456,Cloud to Ground,22948,0,8
2026-09-21T08:10:43.658162847Z,6.146906,116.999281,Cloud to Ground,-12527,0,12
2026-09-21T08:10:43.757683422Z,6.131793,117.105314,Cloud to Ground,20201,0,11
2026-09-21T08:10:43.121755043Z,7.918689,126.032142,Cloud to Cloud,11043,19897,10
2026-09-21T08:10:43.905006610Z,8.018745,125.997581,Cloud to Ground,-18846,0,11
2026-09-21T08:10:44.415246890Z,7.948427,126.149195,Cloud to Ground,-11009,0,5
2026-09-21T08:10:44.148966570Z,7.938915,126.139433,Cloud to Cloud,21709,7752,8
2026-09-21T08:10:44.122561000Z,8.151,134.0954,Cloud to Ground,-51026,0,9
2026-09-21T08:10:44.216999833Z,8.15225,134.15673,Cloud to Ground,-16674,0,15
2026-09-21T08:10:44.148988831Z,8.1629,134.164483,Cloud to Ground,-14436,0,19
2026-09-21T08:10:44.115270120Z,8.154109,134.148158,Cloud to Ground,-10539,0,11
2026-09-21T08:10:44.193256725Z,8.149455,134.164056,Cloud to Ground,13475,0,15
2026-09-21T08:10:45.102062171Z,1.30871,110.086202,Cloud to Ground,-35224,0,14
2026-09-21T08:10:45.829364381Z,13.538767,122.580342,Cloud to Ground,-16546,0,10
2026-09-21T08:10:45.737935564Z,15.68356,121.408461,Cloud to Cloud,31304,6918,8
2026-09-21T08:10:45.487214859Z,15.777749,121.323299,Cloud to Ground,29051,0,12
2026-09-21T08:10:46.408225713Z,2.868944,113.053301,Cloud to Ground,48827,0,19
2026-09-21T08:10:46.372685180Z,8.497653,134.885645,Cloud to Ground,-31283,0,22
2026-09-21T08:10:46.420867000Z,8.4047,134.7657,Cloud to Ground,-13257,0,5
2026-09-21T08:10:46.263938743Z,8.363831,134.922605,Cloud to Ground,-8541,0,11
2026-09-21T08:10:46.739929690Z,8.374295,134.93705,Cloud to Ground,17520,0,16
2026-09-21T08:10:46.578335000Z,8.411,134.8413,Cloud to Ground,22992,0,11
2026-09-21T08:10:46.694640891Z,8.459116,134.880542,Cloud to Ground,29513,0,13
2026-09-21T08:10:46.513179660Z,8.372108,134.930972,Cloud to Ground,35438,0,22
2026-09-21T08:10:46.652397611Z,8.393183,134.922056,Cloud to Ground,42548,0,9
2026-09-21T08:10:46.463184125Z,8.438537,134.899671,Cloud to Ground,46147,0,12
2026-09-21T08:10:46.308176736Z,8.37524,134.925799,Cloud to Ground,57893,0,22
2026-09-21T08:10:46.262671811Z,8.373622,134.923219,Cloud to Ground,104851,0,36
2026-09-21T08:10:46.484410852Z,12.909737,123.880102,Cloud to Ground,-9977,0,5
2026-09-21T08:10:48.120694251Z,9.962315,124.255901,Cloud to Cloud,12747,18580,5
2026-09-21T08:10:48.487390389Z,7.853333,126.233483,Cloud to Ground,52669,0,19
2026-09-21T08:10:48.081495790Z,14.623181,110.074672,Cloud to Ground,30716,0,7
2026-09-21T08:10:48.759769197Z,15.365951,110.926156,Cloud to Ground,36844,0,8
2026-09-21T08:10:49.762549142Z,2.326026,112.581116,Cloud to Ground,-13099,0,14
2026-09-21T08:10:50.173230196Z,2.319969,112.579788,Cloud to Ground,12200,0,8
2026-09-21T08:10:49.251939289Z,13.301049,123.597278,Cloud to Ground,-60329,0,12
2026-09-21T08:10:49.334614861Z,13.270857,123.654025,Cloud to Ground,47465,0,9
2026-09-21T08:10:49.797950361Z,13.374698,123.533245,Cloud to Ground,-26248,0,14
2026-09-21T08:10:50.715413721Z,13.076844,123.799034,Cloud to Ground,-31755,0,10
2026-09-21T08:10:50.643098000Z,13.1133,123.7179,Cloud to Ground,-27976,0,9
2026-09-21T08:10:51.070722636Z,13.080091,123.808983,Cloud to Ground,-19882,0,9
2026-09-21T08:10:50.663646556Z,13.077465,123.795765,Cloud to Ground,-8707,0,6
2026-09-21T08:10:51.405882760Z,7.962071,126.075653,Cloud to Ground,-20581,0,6
2026-09-21T08:10:51.158636333Z,7.992493,125.979159,Cloud to Ground,-11516,0,15
2026-09-21T08:10:51.266865007Z,8.013305,126.059184,Cloud to Ground,-11168,0,15
2026-09-21T08:10:51.072739270Z,9.963885,124.253006,Cloud to Cloud,15236,18197,6
2026-09-21T08:10:51.973068713Z,15.467182,120.594878,Cloud to Cloud,-4873,12339,7
2026-09-21T08:10:51.935178265Z,15.557384,120.623269,Cloud to Cloud,-13551,6885,10
2026-09-21T08:10:51.970769010Z,14.100866,121.440508,Cloud to Cloud,35666,6707,8
2026-09-21T08:10:52.134425651Z,8.318548,134.259777,Cloud to Ground,-15328,0,29
2026-09-21T08:10:52.087242342Z,8.313864,134.388533,Cloud to Ground,52249,0,23
2026-09-21T08:10:52.783416350Z,8.367251,134.585379,Cloud to Ground,-12321,0,17
2026-09-21T08:10:52.490322990Z,8.40417,134.410279,Cloud to Ground,-13444,0,19
2026-09-21T08:10:52.561381740Z,13.901277,121.502289,Cloud to Cloud,-5061,3607,5
2026-09-21T08:10:53.626237964Z,2.839213,113.03257,Cloud to Ground,18244,0,10
2026-09-21T08:10:53.408521383Z,13.156335,123.738025,Cloud to Ground,29693,0,10
2026-09-21T08:10:53.369759905Z,12.969404,123.818242,Cloud to Ground,-16034,0,8
2026-09-21T08:10:53.370957992Z,12.992082,123.839969,Cloud to Ground,-5467,0,5
2026-09-21T08:10:54.473022406Z,9.92012,124.229235,Cloud to Ground,-42481,0,9
2026-09-21T08:10:54.668388626Z,9.91989,124.228907,Cloud to Ground,-40931,0,9
2026-09-21T08:10:54.243082160Z,9.911193,124.245083,Cloud to Ground,-27422,0,9
2026-09-21T08:10:54.350899934Z,9.921162,124.228572,Cloud to Ground,-27112,0,9
2026-09-21T08:10:53.981606748Z,9.957713,124.244249,Cloud to Ground,18168,0,6
2026-09-21T08:10:54.239651831Z,5.128043,115.565246,Cloud to Ground,33515,0,8
2026-09-21T08:10:54.120484465Z,5.207716,115.504355,Cloud to Ground,40383,0,8
2026-09-21T08:10:54.069164813Z,5.140822,115.537209,Cloud to Ground,61353,0,26
2026-09-21T08:10:54.377900303Z,8.009647,125.980132,Cloud to Ground,-9884,0,16
2026-09-21T08:10:55.040406869Z,7.920641,126.023783,Cloud to Cloud,9921,9512,11
2026-09-21T08:10:55.996584733Z,10.388552,126.140371,Cloud to Cloud,6284,18315,5
2026-09-21T08:10:55.175206620Z,22.328504,110.560201,Cloud to Ground,17672,0,8
2026-09-21T08:10:55.597496771Z,22.410608,110.691346,Cloud to Ground,17144,0,7
2026-09-21T08:10:55.368925246Z,22.427703,110.849591,Cloud to Ground,-20531,0,6
2026-09-21T08:10:55.367902777Z,22.43716,110.894322,Cloud to Cloud,19466,3000,6
2026-09-21T08:10:55.371359596Z,22.485423,110.857479,Cloud to Cloud,20207,3005,6
2026-09-21T08:10:55.424731487Z,22.41498,110.907053,Cloud to Cloud,21744,3578,8
2026-09-21T08:10:55.066699479Z,22.441437,110.8692,Cloud to Cloud,26525,3022,8
2026-09-21T08:10:55.135905058Z,22.424223,110.904077,Cloud to Ground,52387,0,16
2026-09-21T08:10:56.488529693Z,7.932895,126.049003,Cloud to Ground,10948,0,14
2026-09-21T08:10:56.543521395Z,7.950231,126.055631,Cloud to Cloud,11892,4103,8
2026-09-21T08:10:56.488985714Z,17.935109,120.757294,Cloud to Ground,-151733,0,17
2026-09-21T08:10:56.345277618Z,17.931774,120.749768,Cloud to Ground,-121660,0,15
2026-09-21T08:10:56.403831297Z,17.933923,120.755105,Cloud to Ground,-81453,0,16
2026-09-21T08:10:56.764272784Z,17.934237,120.752461,Cloud to Ground,-38478,0,12
2026-09-21T08:10:56.690935180Z,17.929749,120.749489,Cloud to Ground,-23677,0,7
2026-09-21T08:10:56.643162942Z,17.933297,120.752157,Cloud to Ground,-22204,0,10
2026-09-21T08:10:57.039103024Z,17.933711,120.75364,Cloud to Ground,-21538,0,10
2026-09-21T08:10:56.993171701Z,17.93257,120.750344,Cloud to Ground,-16037,0,8
2026-09-21T08:10:56.920704666Z,17.935731,120.757349,Cloud to Ground,-14754,0,8
2026-09-21T08:10:56.403050302Z,17.923125,120.762733,Cloud to Ground,63439,0,12
2026-09-21T08:10:56.031052113Z,10.370718,125.983632,Cloud to Ground,-10973,0,13
2026-09-21T08:10:57.699340277Z,7.903449,125.926586,Cloud to Cloud,-10474,16070,14
2026-09-21T08:10:58.900235633Z,15.076028,110.554716,Cloud to Ground,26957,0,6
2026-09-21T08:10:58.896160512Z,15.110329,110.521192,Cloud to Ground,31028,0,7
2026-09-21T08:10:58.973926227Z,16.065145,120.754213,Cloud to Cloud,-22038,6428,7
2026-09-21T08:10:59.286402158Z,21.685993,110.823858,Cloud to Cloud,-20091,6416,7
2026-09-21T08:10:59.191509442Z,21.625459,110.848682,Cloud to Cloud,-16391,9206,7
2026-09-21T08:10:59.238320369Z,21.581217,110.759421,Cloud to Ground,20588,0,8
2026-09-21T08:11:00.065865941Z,9.964322,124.242271,Cloud to Ground,19364,0,6
2026-09-21T08:11:00.185160154Z,7.465192,125.453093,Cloud to Ground,29203,0,16
2026-09-21T08:11:00.908556529Z,22.540785,111.46927,Cloud to Cloud,-15641,3029,7
2026-09-21T08:11:01.112040966Z,22.494328,111.486668,Cloud to Ground,16742,0,8
2026-09-21T08:11:00.975054605Z,22.520644,111.519639,Cloud to Ground,33496,0,12
2026-09-21T08:11:01.046560268Z,22.489786,111.493738,Cloud to Ground,48171,0,11
2026-09-21T08:11:00.941104218Z,22.506858,111.533152,Cloud to Ground,81282,0,16
2026-09-21T08:11:00.297569993Z,12.962082,123.866399,Cloud to Ground,-11152,0,11
2026-09-21T08:11:00.774494999Z,13.139151,123.74558,Cloud to Cloud,5470,12516,6
2026-09-21T08:11:00.125453000Z,7.5137,125.2073,Cloud to Ground,7860,0,5
2026-09-21T08:11:01.379385521Z,6.298102,124.98759,Cloud to Ground,-24724,0,11
2026-09-21T08:11:01.103406841Z,7.97971,126.029465,Cloud to Cloud,-14276,19761,10
2026-09-21T08:11:01.485869059Z,14.940563,110.29117,Cloud to Ground,-28524,0,8
2026-09-21T08:11:01.314126617Z,14.98757,110.270523,Cloud to Ground,30900,0,6
2026-09-21T08:11:01.295300152Z,15.00045,110.260521,Cloud to Ground,31381,0,9
2026-09-21T08:11:01.293808000Z,15.0045,110.1908,Cloud to Ground,110373,0,7
2026-09-21T08:11:01.934872855Z,14.545912,110.095843,Cloud to Ground,30430,0,9
2026-09-21T08:11:02.929900187Z,15.503574,120.750634,Cloud to Cloud,-14288,5488,6
2026-09-21T08:11:03.569365894Z,15.458272,113.133361,Cloud to Ground,-14850,0,5
2026-09-21T08:11:03.382616678Z,15.404646,113.08475,Cloud to Cloud,18152,3005,8
2026-09-21T08:11:03.399152814Z,15.399093,113.045845,Cloud to Ground,18697,0,6
2026-09-21T08:11:03.950630666Z,13.250021,121.115388,Cloud to Cloud,8775,19398,6
2026-09-21T08:11:04.918353572Z,9.942771,124.224838,Cloud to Ground,-9547,0,6
2026-09-21T08:11:04.445154302Z,21.61075,110.859212,Cloud to Ground,-16822,0,7
2026-09-21T08:11:05.743873955Z,22.862999,110.883405,Cloud to Cloud,12552,7063,8
