timestamp,latitude,longitude,type,amplitude_ka,height_m,num_sensors
2026-09-23T22:00:51.739932690Z,4.375887,112.529808,Cloud to Cloud,11980,6413,14
2026-09-23T22:00:53.400238175Z,5.403529,114.950626,Cloud to Cloud,-21540,4253,8
2026-09-23T22:00:53.635263024Z,5.459361,114.880517,Cloud to Cloud,-13336,7977,7
2026-09-23T22:00:53.432739465Z,5.392866,114.837918,Cloud to Ground,-10821,0,8
2026-09-23T22:01:03.223315641Z,11.428025,114.299843,Cloud to Ground,19918,0,11
2026-09-23T22:01:04.358357706Z,17.492232,117.873842,Cloud to Ground,-46100,0,16
2026-09-23T22:01:06.886597691Z,5.391821,114.773754,Cloud to Cloud,14127,3017,7
2026-09-23T22:01:10.071949886Z,4.320281,112.771262,Cloud to Cloud,11476,7630,7
2026-09-23T22:01:11.754641376Z,5.40156,114.852267,Cloud to Ground,-41019,0,22
2026-09-23T22:01:11.714735210Z,5.418441,114.864162,Cloud to Cloud,-38890,8248,13
2026-09-23T22:01:12.085901324Z,5.482576,114.840714,Cloud to Ground,-31543,0,18
2026-09-23T22:01:11.891382205Z,5.393655,114.866978,Cloud to Ground,-25786,0,12
2026-09-23T22:01:11.826314208Z,5.396538,114.861995,Cloud to Ground,-23008,0,19
2026-09-23T22:01:13.730695791Z,3.266749,112.003091,Cloud to Ground,-25731,0,8
2026-09-23T22:01:13.253058107Z,17.483704,117.884667,Cloud to Cloud,-10339,3098,6
2026-09-23T22:01:15.251561647Z,5.505469,114.959598,Cloud to Cloud,25737,11602,12
2026-09-23T22:01:15.037737940Z,14.311021,118.230408,Cloud to Ground,-76161,0,11
2026-09-23T22:01:15.085452986Z,14.316475,118.217488,Cloud to Ground,-31492,0,10
2026-09-23T22:01:15.237955492Z,14.307495,118.31054,Cloud to Ground,-31019,0,7
2026-09-23T22:01:15.117219145Z,14.316099,118.213315,Cloud to Ground,-14146,0,8
2026-09-23T22:01:22.513449012Z,5.438832,114.717054,Cloud to Cloud,12739,5392,7
2026-09-23T22:01:22.472107936Z,5.39991,114.836793,Cloud to Ground,-14755,0,11
2026-09-23T22:01:22.504009369Z,5.474165,114.882734,Cloud to Ground,-13299,0,7
2026-09-23T22:01:24.766714164Z,19.191026,120.271332,Cloud to Ground,-57622,0,14
2026-09-23T22:01:24.708253215Z,19.160469,120.269542,Cloud to Ground,-29717,0,15
2026-09-23T22:01:24.697203544Z,19.173518,120.281781,Cloud to Ground,-25845,0,10
2026-09-23T22:01:24.835456961Z,19.176788,120.284567,Cloud to Cloud,-9561,13296,5
2026-09-23T22:01:25.678423805Z,14.6743,118.504009,Cloud to Cloud,-16232,6441,6
2026-09-23T22:01:25.673522977Z,14.604936,118.492485,Cloud to Ground,21581,0,7
2026-09-23T22:01:25.675343513Z,14.715383,118.527618,Cloud to Ground,23005,0,7
2026-09-23T22:01:26.637938622Z,11.079909,113.036968,Cloud to Ground,-12281,0,10
2026-09-23T22:01:26.612966078Z,11.130651,113.208714,Cloud to Ground,-94797,0,13
2026-09-23T22:01:26.664231000Z,11.0478,113.143,Cloud to Ground,-38427,0,7
2026-09-23T22:01:27.988062607Z,5.471786,114.963059,Cloud to Cloud,11273,3042,9
2026-09-23T22:01:34.066722210Z,5.453319,114.896039,Cloud to Cloud,-10557,9776,8
2026-09-23T22:01:41.542502939Z,5.377074,114.92449,Cloud to Cloud,-7964,9023,7
2026-09-23T22:01:45.945927771Z,5.429072,114.808346,Cloud to Ground,11454,0,10
2026-09-23T22:01:46.083839758Z,17.446452,117.944207,Cloud to Ground,-20002,0,8
2026-09-23T22:01:46.223633769Z,17.491054,117.956654,Cloud to Ground,-18136,0,7
2026-09-23T22:01:46.256125088Z,17.52732,117.926438,Cloud to Cloud,12152,17672,6
2026-09-23T22:01:45.713428242Z,17.457381,117.888867,Cloud to Cloud,12583,17265,6
2026-09-23T22:01:45.701532436Z,17.457296,117.890384,Cloud to Cloud,14470,6738,10
2026-09-23T22:01:47.869880004Z,5.416026,114.920155,Cloud to Cloud,-18473,6183,8
2026-09-23T22:01:47.884566249Z,5.401465,114.853041,Cloud to Ground,9711,0,6
2026-09-23T22:01:47.930035010Z,5.402326,114.863234,Cloud to Ground,15659,0,7
2026-09-23T22:01:48.201475720Z,11.076704,113.218081,Cloud to Ground,18617,0,8
2026-09-23T22:01:49.300138957Z,4.245521,112.841878,Cloud to Ground,-14804,0,7
2026-09-23T22:01:51.367922734Z,22.95041,123.240575,Cloud to Cloud,5742,4679,6
2026-09-23T22:01:51.359697763Z,22.937037,123.22812,Cloud to Ground,6433,0,6
2026-09-23T22:01:51.357292974Z,22.944525,123.233704,Cloud to Cloud,7631,8122,8
2026-09-23T22:01:51.364433401Z,22.94505,123.236855,Cloud to Ground,9586,0,7
2026-09-23T22:01:51.358070776Z,22.944179,123.232187,Cloud to Cloud,10111,9924,7
2026-09-23T22:01:51.383011362Z,22.946748,123.225645,Cloud to Cloud,13983,5543,8
2026-09-23T22:01:51.354219597Z,22.945024,123.223471,Cloud to Ground,16119,0,8
2026-09-23T22:01:57.040623258Z,4.134265,112.301786,Cloud to Ground,18435,0,7
2026-09-23T22:01:57.801399925Z,16.184334,119.184232,Cloud to Ground,-38697,0,6
2026-09-23T22:01:59.189138000Z,3.3505,111.9962,Cloud to Ground,-14887,0,6
2026-09-23T22:02:01.964659815Z,5.516584,114.882382,Cloud to Cloud,-12083,3015,8
2026-09-23T22:02:02.637536574Z,4.375784,112.48975,Cloud to Ground,-32618,0,26
2026-09-23T22:02:02.573522695Z,4.382703,112.476391,Cloud to Ground,-26564,0,12
2026-09-23T22:02:03.321391467Z,4.359422,112.624251,Cloud to Ground,-16821,0,12
2026-09-23T22:02:03.234600526Z,4.367015,112.612659,Cloud to Ground,-16101,0,14
2026-09-23T22:02:02.722680000Z,4.3956,112.5536,Cloud to Ground,-15422,0,5
2026-09-23T22:02:02.621792031Z,5.049593,114.554541,Cloud to Cloud,11541,5155,7
2026-09-23T22:02:02.400410369Z,14.322396,118.228199,Cloud to Ground,-61512,0,11
2026-09-23T22:02:03.022246984Z,14.341041,118.240428,Cloud to Ground,-54834,0,10
2026-09-23T22:02:02.862110978Z,14.367613,118.325891,Cloud to Ground,-29547,0,10
2026-09-23T22:02:02.476423364Z,14.404924,118.284853,Cloud to Ground,-25904,0,20
2026-09-23T22:02:02.509405831Z,14.329216,118.244381,Cloud to Ground,-22123,0,9
2026-09-23T22:02:02.567190579Z,14.324165,118.228658,Cloud to Ground,-20304,0,9
2026-09-23T22:02:02.532944125Z,14.325314,118.228318,Cloud to Ground,-20083,0,8
2026-09-23T22:02:02.454476217Z,14.322544,118.219365,Cloud to Ground,-15038,0,9
2026-09-23T22:02:02.745081445Z,14.348963,118.241961,Cloud to Cloud,21736,13984,6
2026-09-23T22:02:02.907154443Z,17.403434,117.94142,Cloud to Ground,-22347,0,7
2026-09-23T22:02:02.786710727Z,17.457307,117.878572,Cloud to Cloud,-16331,4942,8
2026-09-23T22:02:02.686800603Z,17.478897,117.875852,Cloud to Cloud,-15454,4975,13
2026-09-23T22:02:03.499579480Z,4.426701,112.514512,Cloud to Ground,-22222,0,5
2026-09-23T22:02:03.063666704Z,5.188155,114.658269,Cloud to Ground,-58954,0,12
2026-09-23T22:02:02.620619336Z,5.171446,114.677019,Cloud to Ground,-13965,0,6
2026-09-23T22:02:03.138856518Z,5.246228,114.653891,Cloud to Ground,20547,0,14
2026-09-23T22:02:06.275513371Z,11.44785,113.005621,Cloud to Ground,-69024,0,12
2026-09-23T22:02:06.258304808Z,11.437496,112.928124,Cloud to Cloud,-18235,5129,11
2026-09-23T22:02:05.937378803Z,11.495865,112.944352,Cloud to Ground,16803,0,6
2026-09-23T22:02:06.013225165Z,11.532699,112.934256,Cloud to Ground,26257,0,7
2026-09-23T22:02:08.838186933Z,5.486609,114.930159,Cloud to Ground,-35155,0,20
2026-09-23T22:02:09.964463149Z,17.415582,117.918682,Cloud to Ground,-21846,0,11
2026-09-23T22:02:09.017201000Z,5.2014,114.8942,Cloud to Ground,-22008,0,7
2026-09-23T22:02:10.867824893Z,3.417551,112.016174,Cloud to Cloud,-13900,14148,6
2026-09-23T22:02:10.002859489Z,17.424464,118.046448,Cloud to Cloud,-15441,5468,8
2026-09-23T22:02:10.445429525Z,17.508712,117.914565,Cloud to Cloud,-12940,3012,7
2026-09-23T22:02:11.456429873Z,17.663702,119.852159,Cloud to Ground,-78216,0,16
2026-09-23T22:02:11.505667323Z,17.659521,119.850024,Cloud to Ground,-35082,0,12
2026-09-23T22:02:11.954502764Z,17.675742,119.830442,Cloud to Ground,-18633,0,9
2026-09-23T22:02:11.559634000Z,17.689,119.8344,Cloud to Ground,39851,0,7
2026-09-23T22:02:13.656091269Z,5.513125,114.89948,Cloud to Ground,37858,0,10
2026-09-23T22:02:13.556892117Z,5.389848,114.857226,Cloud to Ground,-37312,0,11
2026-09-23T22:02:13.591911486Z,5.434746,114.772303,Cloud to Cloud,-25998,3037,7
2026-09-23T22:02:13.766077164Z,5.428565,114.843498,Cloud to Ground,-24657,0,7
2026-09-23T22:02:13.709026814Z,5.409818,114.859271,Cloud to Ground,-17119,0,15
2026-09-23T22:02:13.267711554Z,17.484362,117.923341,Cloud to Cloud,-14150,3417,12
2026-09-23T22:02:14.931515994Z,4.191978,112.274455,Cloud to Ground,18804,0,23
2026-09-23T22:02:16.874999436Z,14.323775,117.670133,Cloud to Ground,-50476,0,8
2026-09-23T22:02:17.076161915Z,14.356033,117.778524,Cloud to Ground,-41797,0,8
2026-09-23T22:02:17.162198396Z,14.352117,117.771698,Cloud to Ground,-24054,0,6
2026-09-23T22:02:17.264533980Z,14.357287,117.777626,Cloud to Ground,-22365,0,7
2026-09-23T22:02:16.860579011Z,14.24621,117.727073,Cloud to Cloud,-18885,7559,8
2026-09-23T22:02:17.219056940Z,14.323116,117.669103,Cloud to Ground,-17966,0,10
2026-09-23T22:02:16.860109951Z,14.231593,117.746018,Cloud to Cloud,-17884,8705,10
2026-09-23T22:02:16.980217346Z,14.33765,117.771648,Cloud to Ground,-16323,0,12
2026-09-23T22:02:17.010938719Z,14.332686,117.661145,Cloud to Ground,-14413,0,9
2026-09-23T22:02:16.859603525Z,14.310711,117.75093,Cloud to Cloud,15350,6062,10
2026-09-23T22:02:16.916839184Z,14.342332,117.713585,Cloud to Cloud,20019,14050,6
2026-09-23T22:02:17.229793071Z,19.136419,120.153578,Cloud to Cloud,-8437,3000,6
2026-09-23T22:02:16.743096000Z,19.142,120.1292,Cloud to Ground,50144,0,6
2026-09-23T22:02:27.195941831Z,5.423535,114.840248,Cloud to Cloud,-12478,3461,12
2026-09-23T22:02:26.807126702Z,5.47868,114.911138,Cloud to Ground,-12312,0,10
2026-09-23T22:02:28.919272987Z,17.462716,117.872749,Cloud to Cloud,-24755,7874,10
2026-09-23T22:02:28.958855074Z,17.466327,117.865991,Cloud to Ground,-14692,0,10
2026-09-23T22:02:29.375458856Z,17.456466,117.792124,Cloud to Cloud,-11657,14497,9
2026-09-23T22:02:29.256831840Z,17.373087,117.906406,Cloud to Cloud,6012,3049,7
2026-09-23T22:02:32.576391750Z,3.965381,112.371208,Cloud to Ground,-13784,0,5
2026-09-23T22:02:33.487023248Z,17.501942,118.234042,Cloud to Ground,-23252,0,10
2026-09-23T22:02:33.526595773Z,17.511222,118.343665,Cloud to Ground,-18483,0,9
2026-09-23T22:02:34.133024441Z,19.161318,120.280487,Cloud to Ground,-33967,0,10
2026-09-23T22:02:34.238867659Z,19.155598,120.298917,Cloud to Ground,-26993,0,12
2026-09-23T22:02:34.116865556Z,19.170035,120.280673,Cloud to Cloud,-11635,13314,5
2026-09-23T22:02:37.593357000Z,5.412884,114.855851,Cloud to Ground,-19165,0,14
2026-09-23T22:02:37.814547262Z,5.408717,114.853347,Cloud to Ground,-18090,0,18
2026-09-23T22:02:37.943567468Z,5.409556,114.856077,Cloud to Ground,-17613,0,7
2026-09-23T22:02:37.859637345Z,5.399247,114.849946,Cloud to Ground,-15835,0,10
2026-09-23T22:02:37.973650828Z,5.415558,114.870622,Cloud to Ground,-15480,0,10
2026-09-23T22:02:37.528246809Z,5.424595,114.724132,Cloud to Cloud,-38559,3833,16
2026-09-23T22:02:37.917345002Z,17.460379,117.847504,Cloud to Cloud,3646,18876,5
2026-09-23T22:02:37.900136162Z,17.587628,117.871617,Cloud to Cloud,17415,9611,6
2026-09-23T22:02:42.220135620Z,8.35495,110.341101,Cloud to Ground,-32124,0,15
2026-09-23T22:02:42.807067684Z,8.424881,110.322147,Cloud to Ground,-30966,0,12
2026-09-23T22:02:42.677078480Z,8.384086,110.272732,Cloud to Ground,-26071,0,10
2026-09-23T22:02:42.073834032Z,8.333708,110.402524,Cloud to Cloud,13902,13691,5
2026-09-23T22:02:42.601079332Z,18.172608,134.186329,Cloud to Ground,-20492,0,9
2026-09-23T22:02:42.277736000Z,12.8189,122.01,Cloud to Ground,-24080,0,6
2026-09-23T22:02:43.408397458Z,5.251798,114.827658,Cloud to Ground,-17979,0,6
2026-09-23T22:02:44.734653272Z,4.264051,112.784439,Cloud to Ground,-88184,0,17
2026-09-23T22:02:44.940906757Z,4.297295,112.67103,Cloud to Ground,-25591,0,13
2026-09-23T22:02:44.868611000Z,4.3494,112.7019,Cloud to Ground,14441,0,5
2026-09-23T22:02:46.413194818Z,5.48008,114.953279,Cloud to Ground,-18003,0,18
2026-09-23T22:02:46.487849681Z,5.480415,114.954041,Cloud to Ground,-15731,0,21
2026-09-23T22:02:46.646490909Z,5.48793,114.957451,Cloud to Ground,-15161,0,7
2026-09-23T22:02:48.470916412Z,17.48291,117.87498,Cloud to Cloud,14397,6865,8
2026-09-23T22:02:48.213216391Z,17.47496,117.873475,Cloud to Ground,17584,0,9
2026-09-23T22:02:48.463482085Z,17.492049,117.954484,Cloud to Cloud,24777,6225,8
2026-09-23T22:02:49.196368096Z,17.521625,119.759963,Cloud to Ground,-25224,0,7
2026-09-23T22:02:52.744986646Z,5.333279,114.797796,Cloud to Ground,-17086,0,20
2026-09-23T22:02:52.874446811Z,4.342966,112.549938,Cloud to Cloud,-20406,6540,8
2026-09-23T22:02:52.455647000Z,4.351,112.4079,Cloud to Ground,20207,0,5
2026-09-23T22:02:52.512753254Z,9.842393,114.457573,Cloud to Ground,-17365,0,7
2026-09-23T22:02:53.466193555Z,11.077988,113.218458,Cloud to Ground,20109,0,9
2026-09-23T22:02:54.866272825Z,11.497641,114.205643,Cloud to Ground,-32019,0,13
2026-09-23T22:02:54.776800780Z,11.487841,114.207247,Cloud to Ground,-25727,0,11
2026-09-23T22:02:54.962913365Z,11.568133,114.203529,Cloud to Ground,21422,0,5
2026-09-23T22:02:54.956994106Z,11.587091,114.299762,Cloud to Ground,-30959,0,7
2026-09-23T22:02:54.086168438Z,11.489923,114.381742,Cloud to Ground,-12649,0,6
2026-09-23T22:02:55.275632055Z,11.287244,114.303328,Cloud to Cloud,-31078,3016,7
2026-09-23T22:02:56.400951632Z,5.384307,114.939673,Cloud to Cloud,-18723,19836,11
2026-09-23T22:02:59.516085748Z,0.819742,114.233522,Cloud to Ground,19124,0,15
2026-09-23T22:02:59.129965195Z,11.506551,112.788877,Cloud to Ground,-22601,0,8
2026-09-23T22:02:59.075848090Z,11.551711,113.001209,Cloud to Ground,-69135,0,14
2026-09-23T22:02:59.206761861Z,11.55343,113.003229,Cloud to Ground,-34301,0,9
2026-09-23T22:02:59.239904541Z,11.52569,113.04685,Cloud to Ground,-21783,0,8
2026-09-23T22:02:59.113962563Z,11.535945,113.170205,Cloud to Cloud,-21458,3093,7
2026-09-23T22:02:59.066673696Z,11.553255,113.08737,Cloud to Ground,32924,0,11
2026-09-23T22:02:59.425309205Z,11.603671,112.861666,Cloud to Ground,-19607,0,6
2026-09-23T22:03:00.100147548Z,15.925929,113.702535,Cloud to Ground,17246,0,11
2026-09-23T22:03:03.067918013Z,14.607398,118.50803,Cloud to Cloud,13921,17526,7
2026-09-23T22:03:03.095739473Z,14.66056,118.40997,Cloud to Cloud,4888,3000,7
2026-09-23T22:03:03.070942198Z,14.66691,118.419812,Cloud to Cloud,7009,7603,7
2026-09-23T22:03:03.066099433Z,14.669552,118.421279,Cloud to Cloud,11675,6856,10
2026-09-23T22:03:03.069231440Z,14.662088,118.418765,Cloud to Cloud,18588,4137,8
2026-09-23T22:03:06.916206880Z,5.454291,114.988655,Cloud to Ground,-16388,0,19
2026-09-23T22:03:07.029562390Z,5.485548,114.981743,Cloud to Ground,15072,0,10
2026-09-23T22:03:06.234558327Z,20.071582,121.963585,Cloud to Ground,-52374,0,15
2026-09-23T22:03:06.258428178Z,19.990568,121.974768,Cloud to Ground,-21039,0,8
2026-09-23T22:03:06.250089077Z,20.097021,121.961168,Cloud to Cloud,-4305,19640,6
2026-09-23T22:03:07.435307028Z,3.329504,112.024074,Cloud to Ground,-55990,0,11
2026-09-23T22:03:07.464980197Z,3.345971,112.063622,Cloud to Ground,-29161,0,6
2026-09-23T22:03:07.895403458Z,3.345776,112.057797,Cloud to Ground,-24971,0,7
2026-09-23T22:03:07.784268982Z,17.467469,117.867527,Cloud to Cloud,-12634,10812,9
2026-09-23T22:03:08.004314637Z,12.721981,122.276527,Cloud to Ground,21265,0,8
2026-09-23T22:03:08.003403591Z,12.629079,122.220905,Cloud to Ground,29209,0,8
2026-09-23T22:03:09.756374406Z,5.399981,114.84862,Cloud to Cloud,-30138,3357,12
2026-09-23T22:03:09.564070975Z,5.440287,114.91872,Cloud to Ground,-8455,0,12
2026-09-23T22:03:09.667270234Z,5.388174,114.747466,Cloud to Cloud,14222,14037,12
2026-09-23T22:03:09.642385000Z,5.4025,114.7808,Cloud to Ground,18641,0,5
2026-09-23T22:03:10.297595069Z,14.382876,118.284576,Cloud to Ground,-57051,0,14
2026-09-23T22:03:10.330558921Z,14.418134,118.358421,Cloud to Ground,-40020,0,7
2026-09-23T22:03:10.341772291Z,14.412233,118.349877,Cloud to Ground,-27594,0,10
2026-09-23T22:03:10.350750113Z,14.355947,118.349766,Cloud to Cloud,-20270,16619,6
2026-09-23T22:03:11.132539200Z,14.387275,118.357381,Cloud to Ground,-20148,0,7
2026-09-23T22:03:10.949917789Z,14.392296,118.361461,Cloud to Ground,-14609,0,12
2026-09-23T22:03:11.684910402Z,17.649187,119.823391,Cloud to Ground,-35864,0,10
2026-09-23T22:03:11.670532323Z,17.744319,119.852871,Cloud to Cloud,-15727,3002,8
2026-09-23T22:03:11.754535015Z,17.690576,119.824476,Cloud to Cloud,-14701,19243,11
2026-09-23T22:03:11.757924590Z,17.734539,119.901699,Cloud to Cloud,-12357,17488,6
2026-09-23T22:03:12.041990437Z,17.689489,119.927377,Cloud to Cloud,12075,18910,8
2026-09-23T22:03:11.700882902Z,17.664048,119.818953,Cloud to Cloud,15771,6762,6
2026-09-23T22:03:13.356570418Z,5.497238,114.830627,Cloud to Ground,13912,0,12
2026-09-23T22:03:16.500290225Z,17.423356,117.894357,Cloud to Cloud,-12863,3005,10
2026-09-23T22:03:17.036165932Z,19.757347,121.359627,Cloud to Cloud,5397,10776,6
2026-09-23T22:03:17.012152891Z,19.768362,121.365277,Cloud to Cloud,15089,3257,8
2026-09-23T22:03:17.014105582Z,19.720414,121.366203,Cloud to Ground,57532,0,7
2026-09-23T22:03:18.070000846Z,11.448131,114.215104,Cloud to Ground,-15691,0,6
2026-09-23T22:03:20.174367448Z,4.127118,112.194903,Cloud to Ground,-39819,0,32
2026-09-23T22:03:20.275611966Z,4.120235,112.303895,Cloud to Ground,-24735,0,18
2026-09-23T22:03:20.365170662Z,4.129279,112.320397,Cloud to Ground,-20924,0,16
2026-09-23T22:03:20.218686777Z,4.125004,112.306321,Cloud to Ground,-16748,0,19
2026-09-23T22:03:20.683204523Z,4.13628,112.329397,Cloud to Ground,-16255,0,15
2026-09-23T22:03:20.301970532Z,4.132269,112.356539,Cloud to Ground,-16229,0,6
2026-09-23T22:03:20.643788769Z,4.167365,112.258643,Cloud to Ground,-13699,0,5
2026-09-23T22:03:20.530796196Z,4.192785,112.372309,Cloud to Ground,35067,0,10
2026-09-23T22:03:24.677299945Z,5.504018,114.95174,Cloud to Ground,-30314,0,17
2026-09-23T22:03:24.598264368Z,5.50508,114.955501,Cloud to Ground,-14214,0,10
2026-09-23T22:03:24.530952000Z,5.4833,114.8302,Cloud to Ground,-5044,0,5
2026-09-23T22:03:25.785566167Z,5.405872,114.851751,Cloud to Ground,-37571,0,9
2026-09-23T22:03:25.945300425Z,5.411415,114.849932,Cloud to Ground,-22860,0,16
2026-09-23T22:03:26.075197685Z,5.414986,114.847693,Cloud to Ground,-20764,0,18
2026-09-23T22:03:25.848390443Z,5.420543,114.851417,Cloud to Ground,-19737,0,14
2026-09-23T22:03:26.154760325Z,5.427619,114.856765,Cloud to Ground,-17020,0,15
2026-09-23T22:03:25.882833582Z,5.414806,114.851554,Cloud to Ground,-13007,0,18
2026-09-23T22:03:27.250596094Z,17.49465,117.946834,Cloud to Cloud,-14389,9503,7
2026-09-23T22:03:27.488579314Z,17.463986,117.884975,Cloud to Cloud,16137,3000,11
2026-09-23T22:03:28.614158056Z,11.115799,113.25,Cloud to Cloud,-18221,3194,7
2026-09-23T22:03:30.616260506Z,17.168675,111.348251,Cloud to Ground,28346,0,12
2026-09-23T22:03:33.199600212Z,17.489742,117.860012,Cloud to Cloud,10657,4444,5
2026-09-23T22:03:33.551631620Z,17.520204,117.98555,Cloud to Cloud,-15198,15757,7
2026-09-23T22:03:32.966191728Z,17.561865,117.932014,Cloud to Cloud,12143,17009,8
2026-09-23T22:03:36.107182685Z,9.79593,114.359429,Cloud to Ground,-19218,0,10
2026-09-23T22:03:36.040796571Z,9.787547,114.357436,Cloud to Ground,-17713,0,8
2026-09-23T22:03:35.927015817Z,9.795615,114.354759,Cloud to Ground,-16184,0,7
2026-09-23T22:03:36.671256193Z,4.329243,112.794736,Cloud to Ground,-21252,0,6
2026-09-23T22:03:37.860454088Z,5.151029,115.009928,Cloud to Ground,-19885,0,7
2026-09-23T22:03:37.500469735Z,17.467986,117.894134,Cloud to Cloud,-10862,3018,7
2026-09-23T22:03:37.708014695Z,17.472241,117.872282,Cloud to Ground,-9960,0,6
2026-09-23T22:03:37.378786560Z,17.541483,117.919788,Cloud to Cloud,11369,8868,7
2026-09-23T22:03:39.960023576Z,5.49519,114.959825,Cloud to Ground,-14742,0,10
2026-09-23T22:03:39.227438521Z,11.068427,113.189344,Cloud to Ground,-16276,0,7
2026-09-23T22:03:39.163365427Z,11.076071,113.223129,Cloud to Cloud,13397,3065,7
2026-09-23T22:03:39.683849615Z,11.334275,114.34703,Cloud to Cloud,20143,15730,8
2026-09-23T22:03:40.641097694Z,17.66086,120.009225,Cloud to Cloud,-9809,8311,10
2026-09-23T22:03:40.083187650Z,11.455958,114.305256,Cloud to Ground,-19951,0,11
2026-09-23T22:03:39.687643886Z,11.435533,114.344127,Cloud to Cloud,-7241,3135,7
2026-09-23T22:03:41.070139454Z,17.72695,119.917727,Cloud to Ground,-19476,0,13
2026-09-23T22:03:40.671542645Z,17.722697,119.896286,Cloud to Ground,-12264,0,6
2026-09-23T22:03:41.436960541Z,17.681663,119.856107,Cloud to Ground,-4743,0,5
2026-09-23T22:03:41.069707155Z,17.733132,119.93654,Cloud to Cloud,8729,19520,7
2026-09-23T22:03:41.345911742Z,17.735226,119.940653,Cloud to Cloud,10360,10470,8
2026-09-23T22:03:44.753144919Z,17.552506,117.927156,Cloud to Ground,12917,0,6
2026-09-23T22:03:44.844638867Z,17.458483,117.839989,Cloud to Cloud,2953,12910,5
2026-09-23T22:03:44.805718718Z,17.475422,117.863672,Cloud to Cloud,13651,17661,5
2026-09-23T22:03:46.057973595Z,5.46231,114.795728,Cloud to Ground,-31498,0,17
2026-09-23T22:03:48.259274680Z,4.340794,112.482454,Cloud to Ground,-18733,0,12
2026-09-23T22:03:48.698301153Z,4.379388,112.322555,Cloud to Cloud,12616,6189,7
2026-09-23T22:03:50.453073873Z,17.497698,118.000906,Cloud to Ground,-22357,0,7
2026-09-23T22:03:50.869000324Z,17.484836,117.87153,Cloud to Ground,-18706,0,6
2026-09-23T22:03:50.349245456Z,17.495229,117.872364,Cloud to Ground,-17204,0,13
2026-09-23T22:03:53.539110044Z,17.472553,117.861752,Cloud to Ground,-13045,0,12
2026-09-23T22:03:54.629007990Z,3.469446,111.885638,Cloud to Ground,-13669,0,8
2026-09-23T22:03:54.257828917Z,3.547693,111.964153,Cloud to Cloud,20169,3133,6
2026-09-23T22:03:54.259482555Z,3.544711,111.970725,Cloud to Ground,23205,0,9
2026-09-23T22:03:56.865821296Z,4.298529,112.633333,Cloud to Ground,7147,0,8
2026-09-23T22:03:56.944089951Z,7.921286,132.747532,Cloud to Cloud,-10121,3538,9
2026-09-23T22:03:56.939321114Z,7.974093,132.65763,Cloud to Cloud,-12794,3123,17
2026-09-23T22:03:59.425489395Z,4.192193,112.264704,Cloud to Ground,-22999,0,19
2026-09-23T22:03:59.643025954Z,4.174467,112.245278,Cloud to Cloud,-13649,16628,5
2026-09-23T22:03:59.192154311Z,22.967032,123.207194,Cloud to Cloud,-11060,4437,7
2026-09-23T22:03:59.201925977Z,22.990186,123.227838,Cloud to Cloud,-4849,5501,5
2026-09-23T22:03:59.213707238Z,22.968279,123.190929,Cloud to Cloud,3983,4495,6
2026-09-23T22:03:59.186038409Z,22.995847,123.188736,Cloud to Cloud,5699,5978,6
2026-09-23T22:03:59.179042219Z,22.99199,123.189431,Cloud to Cloud,5740,4593,6
2026-09-23T22:03:59.172139686Z,22.991485,123.188141,Cloud to Cloud,6380,4734,6
2026-09-23T22:03:59.204944320Z,22.985,123.205065,Cloud to Cloud,8804,6922,7
2026-09-23T22:03:59.197914385Z,22.986102,123.188131,Cloud to Cloud,9879,5321,6
2026-09-23T22:03:59.363159289Z,22.981884,123.189298,Cloud to Cloud,10056,4848,8
2026-09-23T22:04:00.264330789Z,5.428954,114.731461,Cloud to Ground,-42246,0,26
2026-09-23T22:04:00.492473384Z,5.41264,114.837885,Cloud to Ground,-24064,0,14
2026-09-23T22:04:00.555434774Z,5.414975,114.847264,Cloud to Ground,-21762,0,10
2026-09-23T22:04:00.459686557Z,5.416178,114.848528,Cloud to Ground,-20050,0,15
2026-09-23T22:04:00.303737283Z,5.413141,114.847494,Cloud to Ground,-19667,0,15
2026-09-23T22:04:00.404560394Z,5.410789,114.836772,Cloud to Ground,-16143,0,12
2026-09-23T22:04:00.370410195Z,5.417519,114.840631,Cloud to Ground,-13072,0,13
2026-09-23T22:04:02.293023660Z,11.459803,114.301311,Cloud to Ground,13914,0,10
2026-09-23T22:04:03.982299232Z,4.515194,112.904387,Cloud to Ground,9367,0,10
2026-09-23T22:04:03.980847797Z,4.480722,112.880392,Cloud to Ground,31003,0,28
2026-09-23T22:04:04.278348000Z,4.4336,113.1264,Cloud to Ground,-15527,0,5
2026-09-23T22:04:05.230798769Z,5.505903,114.953103,Cloud to Ground,-18093,0,20
2026-09-23T22:04:05.458443061Z,5.49726,114.938819,Cloud to Ground,-13379,0,17
2026-09-23T22:04:07.108162904Z,17.47713,117.882707,Cloud to Ground,-13986,0,8
2026-09-23T22:04:07.179772133Z,17.453069,117.892237,Cloud to Cloud,-12803,3835,9
2026-09-23T22:04:07.244153667Z,17.49109,117.870903,Cloud to Ground,-11863,0,10
2026-09-23T22:04:06.870788610Z,17.482837,117.857563,Cloud to Cloud,10000,17817,7
2026-09-23T22:04:08.780174671Z,17.654156,119.821284,Cloud to Ground,-35318,0,12
2026-09-23T22:04:08.644656651Z,17.676493,119.839183,Cloud to Ground,-22935,0,7
2026-09-23T22:04:08.548858079Z,17.651917,119.81811,Cloud to Ground,-21747,0,11
2026-09-23T22:04:08.663630471Z,17.653971,119.822306,Cloud to Ground,-8467,0,9
2026-09-23T22:04:08.575858415Z,17.652425,119.821361,Cloud to Ground,-8446,0,7
2026-09-23T22:04:11.781077051Z,17.537558,118.005401,Cloud to Cloud,-9078,16761,7
2026-09-23T22:04:11.708682258Z,17.510902,117.966329,Cloud to Cloud,8378,7258,6
2026-09-23T22:04:13.484812009Z,8.261849,110.438742,Cloud to Ground,18024,0,7
2026-09-23T22:04:13.882303894Z,14.342827,118.212867,Cloud to Ground,-44356,0,13
2026-09-23T22:04:13.934144198Z,14.338761,118.221817,Cloud to Ground,-33537,0,11
2026-09-23T22:04:13.964847793Z,14.355051,118.303369,Cloud to Ground,-27503,0,7
2026-09-23T22:04:13.869751751Z,14.409258,118.242777,Cloud to Cloud,13652,5469,10
2026-09-23T22:04:13.901294875Z,14.345865,118.22509,Cloud to Cloud,21085,6532,7
2026-09-23T22:04:15.106568981Z,17.442254,117.889157,Cloud to Ground,-24147,0,12
2026-09-23T22:04:14.661834723Z,17.448797,118.033169,Cloud to Cloud,-26603,3050,8
2026-09-23T22:04:15.107830772Z,17.435824,118.009598,Cloud to Ground,-10661,0,6
2026-09-23T22:04:15.354984727Z,17.401343,117.984072,Cloud to Ground,-9964,0,7
2026-09-23T22:04:17.507898929Z,11.431987,113.122889,Cloud to Ground,-30272,0,7
2026-09-23T22:04:17.266963307Z,11.545592,113.03578,Cloud to Ground,-51627,0,13
2026-09-23T22:04:17.309309194Z,11.584578,113.03197,Cloud to Ground,-50308,0,11
2026-09-23T22:04:17.344076985Z,11.567136,113.052476,Cloud to Ground,-20989,0,10
2026-09-23T22:04:17.316885864Z,11.540352,112.924996,Cloud to Cloud,-13396,3188,11
2026-09-23T22:04:17.613287431Z,11.549745,112.976116,Cloud to Cloud,-11632,15890,7
2026-09-23T22:04:17.444034409Z,11.481231,112.859491,Cloud to Ground,17096,0,8
2026-09-23T22:04:17.295810494Z,11.533973,112.876828,Cloud to Cloud,17260,3081,8
2026-09-23T22:04:17.282397657Z,11.578014,113.013306,Cloud to Ground,18569,0,11
2026-09-23T22:04:17.447752239Z,11.513269,112.883945,Cloud to Ground,19808,0,10
2026-09-23T22:04:17.442243235Z,11.486571,112.894818,Cloud to Ground,23682,0,8
2026-09-23T22:04:17.258129561Z,11.178702,113.087473,Cloud to Ground,19330,0,7
2026-09-23T22:04:21.971821793Z,4.141639,112.823303,Cloud to Cloud,17759,19679,6
2026-09-23T22:04:21.844925343Z,4.21072,112.75873,Cloud to Ground,-17722,0,7
2026-09-23T22:04:22.568177407Z,5.346789,114.677737,Cloud to Cloud,-12989,18745,9
2026-09-23T22:04:22.559882763Z,5.206494,114.601234,Cloud to Cloud,22243,3001,9
2026-09-23T22:04:22.981430792Z,17.812527,119.978067,Cloud to Cloud,10272,14639,8
2026-09-23T22:04:23.999045490Z,5.574759,114.862883,Cloud to Ground,-22331,0,19
2026-09-23T22:04:25.109732207Z,17.575969,117.869145,Cloud to Cloud,-3954,15359,5
2026-09-23T22:04:30.324457613Z,4.531569,112.492344,Cloud to Ground,12089,0,11
2026-09-23T22:04:31.128762089Z,17.473073,117.863672,Cloud to Cloud,-12981,15389,10
2026-09-23T22:04:31.128313825Z,17.466919,117.832016,Cloud to Cloud,5163,4326,6
2026-09-23T22:04:31.140506772Z,17.456062,117.992719,Cloud to Cloud,8960,3106,7
2026-09-23T22:04:33.363701024Z,5.504488,114.96037,Cloud to Ground,-18401,0,17
2026-09-23T22:04:33.528057031Z,12.752016,122.181319,Cloud to Cloud,-97651,9750,11
2026-09-23T22:04:36.579046683Z,5.408512,114.863783,Cloud to Ground,-12704,0,11
2026-09-23T22:04:37.134843582Z,5.444299,124.599066,Cloud to Ground,12196,0,10
2026-09-23T22:04:37.135379072Z,5.444752,124.589991,Cloud to Ground,22305,0,18
2026-09-23T22:04:43.444357383Z,5.485271,114.807661,Cloud to Ground,-28369,0,14
2026-09-23T22:04:43.509124073Z,5.395787,114.826636,Cloud to Ground,-26801,0,19
2026-09-23T22:04:43.600763347Z,5.39489,114.831094,Cloud to Ground,-21372,0,20
2026-09-23T22:04:43.547068859Z,5.403117,114.831102,Cloud to Ground,-19351,0,21
2026-09-23T22:04:43.867255587Z,5.399355,114.837586,Cloud to Ground,-16471,0,12
2026-09-23T22:04:43.832705709Z,5.3947,114.828672,Cloud to Ground,-14071,0,12
2026-09-23T22:04:44.671021393Z,19.110965,120.075094,Cloud to Cloud,-9641,19876,6
2026-09-23T22:04:45.036308964Z,9.787982,114.341535,Cloud to Ground,-30086,0,10
2026-09-23T22:04:45.138264201Z,9.777294,114.337147,Cloud to Ground,-24603,0,9
2026-09-23T22:04:46.061634952Z,17.48298,117.854828,Cloud to Cloud,11169,18628,9
2026-09-23T22:04:46.062776910Z,17.571987,117.886772,Cloud to Cloud,-22579,15836,7
2026-09-23T22:04:46.480191443Z,11.589822,114.362472,Cloud to Cloud,-13929,18379,7
2026-09-23T22:04:47.197626616Z,11.661962,114.225793,Cloud to Ground,-24701,0,13
2026-09-23T22:04:48.438663356Z,4.617159,112.363539,Cloud to Ground,-22621,0,7
2026-09-23T22:04:48.171213808Z,4.6117,112.386407,Cloud to Ground,-21403,0,7
2026-09-23T22:04:48.238830090Z,4.35508,112.613657,Cloud to Ground,-34345,0,16
2026-09-23T22:04:48.561142457Z,4.383284,112.489107,Cloud to Ground,-31540,0,31
2026-09-23T22:04:48.773516139Z,4.393409,112.629858,Cloud to Ground,-21630,0,11
2026-09-23T22:04:47.968837357Z,4.368367,112.586074,Cloud to Ground,-20864,0,14
2026-09-23T22:04:47.913554835Z,4.344325,112.611638,Cloud to Ground,-19851,0,16
2026-09-23T22:04:49.355923009Z,4.372067,112.595328,Cloud to Ground,-19310,0,15
2026-09-23T22:04:47.853885098Z,4.349036,112.557042,Cloud to Cloud,-16711,3041,12
2026-09-23T22:04:48.283033456Z,4.444156,112.563992,Cloud to Ground,-15831,0,13
2026-09-23T22:04:49.180322226Z,4.345656,112.551537,Cloud to Cloud,12867,13743,10
2026-09-23T22:04:50.433123000Z,17.5649,117.6945,Cloud to Ground,-36041,0,9
2026-09-23T22:04:50.290705163Z,17.5499,117.717204,Cloud to Ground,-24835,0,12
2026-09-23T22:04:50.381449839Z,17.545625,117.735709,Cloud to Ground,-21258,0,9
2026-09-23T22:04:50.466592318Z,17.549313,117.720232,Cloud to Ground,-10630,0,8
2026-09-23T22:04:51.930563841Z,17.52059,117.936271,Cloud to Cloud,7919,14215,5
2026-09-23T22:04:54.973837697Z,17.507423,117.819747,Cloud to Ground,-9905,0,8
2026-09-23T22:04:55.552582712Z,17.576788,117.906493,Cloud to Ground,-13508,0,7
2026-09-23T22:04:55.949620599Z,4.175399,112.240901,Cloud to Cloud,-15576,15028,5
2026-09-23T22:04:56.118245440Z,4.125233,112.268302,Cloud to Ground,-13661,0,20
2026-09-23T22:04:59.384160250Z,14.319071,118.229575,Cloud to Ground,-40387,0,13
2026-09-23T22:04:59.445751797Z,14.328775,118.251472,Cloud to Ground,-29703,0,11
2026-09-23T22:04:59.483222931Z,14.321806,118.2513,Cloud to Ground,-17457,0,9
2026-09-23T22:04:59.937899010Z,14.323006,118.25198,Cloud to Ground,-13862,0,7
2026-09-23T22:04:59.563979027Z,14.365754,118.359854,Cloud to Cloud,-57824,16493,7
2026-09-23T22:05:00.216890429Z,14.347693,118.349754,Cloud to Cloud,-8434,10876,9
2026-09-23T22:05:02.077237254Z,17.422813,117.836887,Cloud to Cloud,14200,3035,7
2026-09-23T22:05:03.385167010Z,5.488966,114.92953,Cloud to Ground,-25803,0,24
2026-09-23T22:05:03.271717403Z,5.492876,114.939813,Cloud to Ground,-23489,0,17
2026-09-23T22:05:03.330907793Z,5.480374,114.933331,Cloud to Ground,-18482,0,16
2026-09-23T22:05:03.593224646Z,11.210803,114.322624,Cloud to Ground,-17206,0,5
2026-09-23T22:05:03.175415109Z,11.493137,114.39379,Cloud to Cloud,-17697,3015,7
2026-09-23T22:05:07.492619422Z,3.529486,111.85881,Cloud to Ground,-16363,0,13
2026-09-23T22:05:07.167146619Z,3.52473,111.992189,Cloud to Ground,-28752,0,23
2026-09-23T22:05:07.310113950Z,3.541081,111.999844,Cloud to Ground,-22507,0,23
2026-09-23T22:05:07.793251318Z,3.521847,111.990901,Cloud to Ground,-14421,0,14
2026-09-23T22:05:09.181000760Z,11.08626,113.241551,Cloud to Cloud,-14665,6589,7
2026-09-23T22:05:09.164084437Z,11.015424,113.220338,Cloud to Ground,17874,0,7
2026-09-23T22:05:08.910319065Z,11.058795,113.211212,Cloud to Ground,25392,0,9
2026-09-23T22:05:11.819593730Z,5.37805,114.800033,Cloud to Ground,-20567,0,11
2026-09-23T22:05:11.711463260Z,5.393133,114.833228,Cloud to Ground,-19207,0,19
2026-09-23T22:05:11.760414109Z,5.398892,114.841906,Cloud to Ground,-15147,0,9
2026-09-23T22:05:11.723838271Z,11.45106,112.86731,Cloud to Ground,32943,0,11
2026-09-23T22:05:12.658762213Z,4.450019,112.755348,Cloud to Ground,-21617,0,25
2026-09-23T22:05:12.694305000Z,4.414042,112.864391,Cloud to Ground,-15089,0,19
2026-09-23T22:05:12.644268000Z,4.415,112.9013,Cloud to Ground,22917,0,7
2026-09-23T22:05:12.529729000Z,4.3524,112.8241,Cloud to Ground,159157,0,6
2026-09-23T22:05:13.438935528Z,19.010532,120.008862,Cloud to Ground,-16812,0,7
2026-09-23T22:05:13.657559300Z,19.766291,121.366351,Cloud to Ground,-8661,0,7
2026-09-23T22:05:15.219893840Z,17.480644,118.271995,Cloud to Ground,-31060,0,12
2026-09-23T22:05:15.909617273Z,5.482988,114.918384,Cloud to Cloud,-20069,3141,14
2026-09-23T22:05:15.987947704Z,5.491483,114.943615,Cloud to Ground,10943,0,9
2026-09-23T22:05:19.986445332Z,17.427819,117.868567,Cloud to Cloud,-10300,4490,7
2026-09-23T22:05:19.605307178Z,17.475432,117.87314,Cloud to Ground,-8386,0,9
2026-09-23T22:05:19.627710518Z,17.46532,117.853187,Cloud to Cloud,12376,5920,7
2026-09-23T22:05:20.255941912Z,17.52146,117.968075,Cloud to Ground,-14363,0,5
2026-09-23T22:05:19.851283501Z,17.584873,117.950725,Cloud to Cloud,-12864,18322,7
2026-09-23T22:05:20.156871850Z,17.548102,117.95129,Cloud to Cloud,10067,19421,6
2026-09-23T22:05:19.724673327Z,17.571972,117.919945,Cloud to Cloud,11742,10193,8
2026-09-23T22:05:19.982992661Z,17.512088,117.964446,Cloud to Cloud,11852,17744,6
2026-09-23T22:05:22.620002107Z,17.710946,119.957773,Cloud to Ground,-31069,0,10
2026-09-23T22:05:22.999529350Z,17.71099,119.958508,Cloud to Ground,-20168,0,10
2026-09-23T22:05:23.048392833Z,17.710905,119.956612,Cloud to Ground,-18668,0,8
2026-09-23T22:05:22.693230404Z,17.708379,119.954306,Cloud to Cloud,-14975,16726,7
2026-09-23T22:05:22.693845125Z,17.735482,119.945153,Cloud to Cloud,-9239,16441,11
2026-09-23T22:05:24.936516000Z,3.3147,112.0668,Cloud to Ground,-15338,0,5
2026-09-23T22:05:29.822045049Z,4.117072,112.884837,Cloud to Ground,-21938,0,5
2026-09-23T22:05:30.381725040Z,4.341323,112.848769,Cloud to Ground,-15152,0,6
2026-09-23T22:05:30.429745640Z,8.275533,110.327766,Cloud to Ground,31478,0,7
2026-09-23T22:05:31.576964938Z,5.491391,114.942265,Cloud to Ground,-15716,0,16
2026-09-23T22:05:31.442116005Z,17.480866,117.852342,Cloud to Ground,-39054,0,10
2026-09-23T22:05:31.643732308Z,17.482314,117.855036,Cloud to Ground,-27642,0,12
2026-09-23T22:05:31.815619218Z,17.483229,117.856629,Cloud to Ground,-26333,0,9
2026-09-23T22:05:31.996623259Z,17.49082,117.85266,Cloud to Ground,-15496,0,6
2026-09-23T22:05:31.541285000Z,17.487,117.8143,Cloud to Ground,53881,0,5
2026-09-23T22:05:32.806288037Z,9.212988,123.275567,Cloud to Ground,-70880,0,10
2026-09-23T22:05:32.800659653Z,8.932547,123.540161,Cloud to Ground,-23777,0,11
2026-09-23T22:05:32.486359736Z,4.394343,112.499228,Cloud to Ground,18667,0,8
2026-09-23T22:05:33.624720997Z,22.984042,123.221027,Cloud to Cloud,5827,4911,6
2026-09-23T22:05:33.625381943Z,22.990647,123.217063,Cloud to Cloud,6184,4581,5
2026-09-23T22:05:33.644685862Z,22.97818,123.223392,Cloud to Cloud,10725,3996,7
2026-09-23T22:05:33.621503116Z,22.976792,123.219843,Cloud to Ground,12181,0,8
2026-09-23T22:05:33.238426414Z,17.432345,117.875618,Cloud to Cloud,20540,4362,8
2026-09-23T22:05:34.793714051Z,5.462775,114.789662,Cloud to Ground,-20394,0,10
2026-09-23T22:05:35.119549339Z,5.408057,114.85828,Cloud to Ground,-16872,0,10
2026-09-23T22:05:34.915205309Z,5.409205,114.849661,Cloud to Ground,-16367,0,21
2026-09-23T22:05:35.266684830Z,3.527832,112.04714,Cloud to Ground,-22420,0,24
2026-09-23T22:05:35.346580819Z,3.541297,112.026524,Cloud to Ground,-11620,0,9
2026-09-23T22:05:35.666244380Z,5.404114,114.703414,Cloud to Cloud,10925,6649,14
2026-09-23T22:05:36.336090408Z,11.435924,114.284634,Cloud to Ground,14804,0,7
2026-09-23T22:05:38.591521399Z,17.455273,117.825646,Cloud to Cloud,3767,15307,5
2026-09-23T22:05:40.884819949Z,5.501617,114.855961,Cloud to Cloud,14803,8399,8
2026-09-23T22:05:43.180065369Z,19.034107,120.652415,Cloud to Ground,-13441,0,7
2026-09-23T22:05:43.045487343Z,18.987554,120.659225,Cloud to Cloud,6381,10846,5
2026-09-23T22:05:43.047728909Z,19.024894,120.653973,Cloud to Cloud,7805,6578,6
2026-09-23T22:05:43.040007805Z,19.023561,120.668091,Cloud to Cloud,8938,3001,7
2026-09-23T22:05:43.037107834Z,19.022783,120.661835,Cloud to Cloud,16654,17742,8
2026-09-23T22:05:44.917727986Z,5.497303,114.892255,Cloud to Ground,27382,0,12
2026-09-23T22:05:44.233416956Z,13.418364,112.800066,Cloud to Ground,26661,0,8
2026-09-23T22:05:44.237710233Z,13.287171,112.78742,Cloud to Cloud,11264,5456,10
2026-09-23T22:05:44.232649728Z,13.305402,112.870343,Cloud to Ground,22818,0,12
2026-09-23T22:05:44.232144604Z,13.243972,112.799403,Cloud to Ground,50721,0,7
2026-09-23T22:05:45.500549967Z,17.440428,117.884513,Cloud to Ground,32881,0,12
2026-09-23T22:05:45.514267306Z,17.470711,117.985311,Cloud to Cloud,15751,5583,7
2026-09-23T22:05:46.655248105Z,19.142554,120.282389,Cloud to Ground,-54481,0,12
2026-09-23T22:05:46.648121895Z,19.094554,120.2821,Cloud to Cloud,-16085,3006,6
2026-09-23T22:05:46.738198133Z,19.15636,120.215861,Cloud to Ground,-13297,0,8
2026-09-23T22:05:47.146285092Z,19.21632,120.270049,Cloud to Ground,-10798,0,7
2026-09-23T22:05:48.353877842Z,3.972965,112.316455,Cloud to Cloud,17429,3341,6
2026-09-23T22:05:52.604478683Z,5.457413,114.79461,Cloud to Cloud,13585,3041,8
2026-09-23T22:05:52.532884292Z,14.421108,118.305011,Cloud to Cloud,9023,3016,6
2026-09-23T22:05:52.101863010Z,14.337831,118.209604,Cloud to Cloud,6227,3864,7
2026-09-23T22:05:56.190133983Z,9.774228,114.347669,Cloud to Ground,-41048,0,12
2026-09-23T22:05:58.317520291Z,5.578558,114.894095,Cloud to Ground,16252,0,12
2026-09-23T22:05:58.386684646Z,5.497606,114.998974,Cloud to Cloud,-8235,4521,6
2026-09-23T22:05:58.163954813Z,17.547145,117.982497,Cloud to Cloud,-11081,17010,6
2026-09-23T22:05:58.056238701Z,17.467166,117.860554,Cloud to Cloud,-11413,19735,9
2026-09-23T22:05:58.711340413Z,11.268918,113.199383,Cloud to Ground,-17729,0,8
2026-09-23T22:05:59.403252000Z,4.5688,112.3587,Cloud to Ground,-12294,0,7
2026-09-23T22:05:59.340076175Z,4.416472,112.475131,Cloud to Ground,-32263,0,18
2026-09-23T22:05:59.468439000Z,4.3634,112.452,Cloud to Ground,-32048,0,5
2026-09-23T22:05:59.607205039Z,4.352537,112.408733,Cloud to Ground,-31101,0,24
2026-09-23T22:05:59.999123993Z,4.35229,112.415143,Cloud to Ground,-15885,0,14
2026-09-23T22:05:59.540850556Z,4.350783,112.372767,Cloud to Ground,-14020,0,10
2026-09-23T22:05:59.841010209Z,9.893369,114.283571,Cloud to Cloud,10946,3030,7
2026-09-23T22:05:59.838963107Z,9.904446,114.286392,Cloud to Ground,17894,0,7
2026-09-23T22:05:59.308452248Z,5.397875,114.768131,Cloud to Ground,-14575,0,9
2026-09-23T22:06:02.270257037Z,3.337312,111.817966,Cloud to Ground,17041,0,9
2026-09-23T22:06:02.269512187Z,3.31444,111.931249,Cloud to Cloud,14309,3880,6
2026-09-23T22:06:03.321985173Z,3.550776,112.045419,Cloud to Ground,24124,0,8
2026-09-23T22:06:03.314105699Z,3.552861,111.981747,Cloud to Ground,25860,0,5
2026-09-23T22:06:03.736912600Z,5.357159,114.915334,Cloud to Cloud,10307,18642,7
2026-09-23T22:06:04.446305079Z,5.512941,114.949119,Cloud to Ground,-17578,0,15
2026-09-23T22:06:06.872562606Z,11.194728,114.294523,Cloud to Ground,18924,0,8
2026-09-23T22:06:10.723596055Z,4.304957,112.672809,Cloud to Ground,-42321,0,8
2026-09-23T22:06:10.639299688Z,17.545935,117.757761,Cloud to Ground,14243,0,7
2026-09-23T22:06:10.561642182Z,17.479677,117.846913,Cloud to Cloud,-19834,3122,11
2026-09-23T22:06:10.536248315Z,17.456348,117.865609,Cloud to Cloud,-14618,5459,8
2026-09-23T22:06:10.714329543Z,17.4808,117.880746,Cloud to Cloud,-10905,3412,6
2026-09-23T22:06:10.663804909Z,17.487989,117.94892,Cloud to Cloud,-10463,13672,10
2026-09-23T22:06:10.873263828Z,17.450176,117.84012,Cloud to Cloud,4344,15791,5
2026-09-23T22:06:11.980620007Z,11.636277,114.262847,Cloud to Ground,8294,0,7
2026-09-23T22:06:17.895245344Z,12.787348,122.285261,Cloud to Cloud,66889,7829,10
2026-09-23T22:06:17.911662889Z,12.646286,122.21628,Cloud to Ground,-16688,0,8
2026-09-23T22:06:20.671959324Z,5.452665,114.888362,Cloud to Cloud,-9889,17262,7
2026-09-23T22:06:20.690642607Z,5.360086,114.830497,Cloud to Cloud,-10141,6364,7
2026-09-23T22:06:22.011535566Z,5.505543,114.947647,Cloud to Ground,-19219,0,18
2026-09-23T22:06:22.553238066Z,11.612875,112.997499,Cloud to Cloud,11141,5543,8
2026-09-23T22:06:22.551712655Z,11.576815,112.914122,Cloud to Ground,25210,0,10
2026-09-23T22:06:22.057909498Z,17.7223,119.955816,Cloud to Ground,-32729,0,11
2026-09-23T22:06:21.465897851Z,17.721715,119.953731,Cloud to Ground,-28704,0,12
2026-09-23T22:06:21.409600826Z,17.722539,119.965295,Cloud to Ground,-25352,0,13
2026-09-23T22:06:21.525122949Z,17.719569,119.95601,Cloud to Ground,-19200,0,10
2026-09-23T22:06:21.563766255Z,17.721294,119.951967,Cloud to Ground,-16926,0,12
2026-09-23T22:06:21.792211756Z,17.720026,119.948042,Cloud to Ground,-13305,0,7
2026-09-23T22:06:22.077843390Z,17.723382,119.959605,Cloud to Ground,-13239,0,7
2026-09-23T22:06:21.852302613Z,17.719799,119.951899,Cloud to Ground,-12250,0,11
2026-09-23T22:06:21.923470854Z,17.722312,119.936336,Cloud to Cloud,-8219,14573,5
2026-09-23T22:06:21.998676540Z,17.718467,119.94524,Cloud to Ground,-5720,0,7
2026-09-23T22:06:23.250767549Z,17.47592,117.966577,Cloud to Cloud,-12241,3005,7
2026-09-23T22:06:24.305374434Z,17.468273,117.930452,Cloud to Cloud,-12056,3001,7
2026-09-23T22:06:25.963707774Z,11.467385,112.874033,Cloud to Ground,16855,0,8
2026-09-23T22:06:25.944565441Z,11.440344,112.987369,Cloud to Ground,-49783,0,11
2026-09-23T22:06:26.219454090Z,11.448139,113.030204,Cloud to Ground,-30812,0,13
2026-09-23T22:06:26.455271691Z,11.425878,113.034266,Cloud to Ground,-22411,0,12
2026-09-23T22:06:25.831483968Z,11.45736,113.04944,Cloud to Ground,-21538,0,7
2026-09-23T22:06:25.992789145Z,11.472864,113.029525,Cloud to Ground,-9184,0,10
2026-09-23T22:06:25.830720162Z,11.47354,113.109115,Cloud to Ground,13992,0,8
2026-09-23T22:06:25.835148283Z,11.49924,113.013084,Cloud to Ground,135387,0,7
2026-09-23T22:06:29.877632457Z,5.477106,114.943162,Cloud to Cloud,-7652,3082,5
2026-09-23T22:06:29.416922191Z,17.471591,117.847901,Cloud to Cloud,6345,17603,6
2026-09-23T22:06:29.456377391Z,17.527312,117.891306,Cloud to Cloud,7610,3071,6
2026-09-23T22:06:31.707494017Z,3.340518,111.894676,Cloud to Ground,12667,0,7
2026-09-23T22:06:31.704531559Z,3.353979,111.952527,Cloud to Ground,14155,0,8
2026-09-23T22:06:31.925451615Z,3.316668,112.10114,Cloud to Ground,-19270,0,19
2026-09-23T22:06:32.256214023Z,11.052088,113.316629,Cloud to Ground,-12583,0,9
2026-09-23T22:06:32.280991946Z,11.076862,113.321596,Cloud to Cloud,-7377,5727,7
2026-09-23T22:06:33.382629320Z,5.488822,114.925264,Cloud to Ground,-16686,0,24
2026-09-23T22:06:33.479653653Z,5.496162,114.932391,Cloud to Ground,-14221,0,12
2026-09-23T22:06:33.967661429Z,11.422806,113.19669,Cloud to Ground,-18741,0,6
2026-09-23T22:06:33.886710858Z,11.393138,113.298991,Cloud to Ground,-23757,0,10
2026-09-23T22:06:34.590356654Z,14.318914,118.232793,Cloud to Ground,-37181,0,13
2026-09-23T22:06:33.852509712Z,14.337717,118.214761,Cloud to Ground,-35752,0,14
2026-09-23T22:06:34.396938957Z,14.315485,118.239878,Cloud to Ground,-34819,0,11
2026-09-23T22:06:33.918920202Z,14.34599,118.235381,Cloud to Ground,-29987,0,12
2026-09-23T22:06:33.878346042Z,14.335471,118.216512,Cloud to Ground,-27084,0,14
2026-09-23T22:06:34.068846317Z,14.376264,118.306849,Cloud to Cloud,-15011,5135,7
2026-09-23T22:06:33.955015747Z,14.335818,118.200913,Cloud to Ground,-12956,0,9
2026-09-23T22:06:33.837441501Z,14.344601,118.30793,Cloud to Ground,-11070,0,7
2026-09-23T22:06:38.517006764Z,17.478594,117.857286,Cloud to Cloud,-8006,13670,10
2026-09-23T22:06:38.326787050Z,17.485569,117.847689,Cloud to Cloud,-6248,19330,8
2026-09-23T22:06:40.594664697Z,5.497889,114.942272,Cloud to Ground,-17153,0,16
2026-09-23T22:06:40.980518903Z,17.498173,118.19053,Cloud to Ground,-14371,0,6
2026-09-23T22:06:40.709528800Z,17.499616,118.196263,Cloud to Ground,-5149,0,5
2026-09-23T22:06:41.451273575Z,17.359882,118.000636,Cloud to Cloud,-12870,7229,8
2026-09-23T22:06:41.376997330Z,17.402879,117.907236,Cloud to Cloud,-4693,15883,7
2026-09-23T22:06:41.045038203Z,17.439488,117.87892,Cloud to Cloud,19146,6722,9
2026-09-23T22:06:43.792558042Z,4.363763,112.606617,Cloud to Ground,-52415,0,13
2026-09-23T22:06:44.480940000Z,4.3768,112.5494,Cloud to Ground,-17647,0,5
2026-09-23T22:06:43.859062206Z,4.374036,112.626299,Cloud to Ground,-15993,0,14
2026-09-23T22:06:44.124437449Z,4.247625,112.755054,Cloud to Ground,-9587,0,9
2026-09-23T22:06:44.559697052Z,4.393201,112.431761,Cloud to Ground,-11671,0,14
2026-09-23T22:06:44.680395073Z,4.388831,112.644036,Cloud to Ground,-18866,0,12
2026-09-23T22:06:45.040435000Z,4.3485,112.7302,Cloud to Ground,14105,0,5
2026-09-23T22:06:45.041977640Z,4.320018,112.67464,Cloud to Ground,17639,0,9
2026-09-23T22:06:45.817036097Z,4.140746,112.158844,Cloud to Cloud,-34474,6340,29
2026-09-23T22:06:45.753318262Z,4.140096,112.273931,Cloud to Ground,-34380,0,23
2026-09-23T22:06:45.778582449Z,4.129699,112.246842,Cloud to Ground,-11628,0,9
2026-09-23T22:06:45.908894458Z,4.127535,112.278697,Cloud to Ground,12897,0,10
2026-09-23T22:06:49.630811825Z,5.404675,114.842811,Cloud to Ground,-25365,0,9
2026-09-23T22:06:52.019795340Z,17.426002,117.910074,Cloud to Ground,-9487,0,7
2026-09-23T22:06:51.641351503Z,17.468594,117.843532,Cloud to Cloud,3703,3466,5
2026-09-23T22:06:54.711623683Z,16.082346,119.091447,Cloud to Ground,-19383,0,9
2026-09-23T22:06:54.843634512Z,16.110068,119.133831,Cloud to Ground,-12711,0,9
2026-09-23T22:06:54.143650180Z,11.472249,114.40628,Cloud to Ground,-14830,0,8
2026-09-23T22:06:53.851024372Z,11.448923,114.3033,Cloud to Cloud,14133,3245,5
2026-09-23T22:06:54.076510108Z,11.433261,114.228842,Cloud to Ground,20436,0,11
2026-09-23T22:06:56.969327901Z,4.504323,112.859067,Cloud to Ground,9050,0,7
2026-09-23T22:06:57.747786141Z,5.510585,114.926685,Cloud to Ground,-20421,0,19
2026-09-23T22:06:57.105420361Z,4.550626,112.943496,Cloud to Ground,11501,0,12
2026-09-23T22:06:58.703995019Z,19.766412,121.363239,Cloud to Ground,-68144,0,12
2026-09-23T22:06:58.741017716Z,19.753659,121.348943,Cloud to Cloud,10658,4857,7
2026-09-23T22:06:59.299265398Z,17.445098,117.855257,Cloud to Cloud,11527,4437,11
2026-09-23T22:06:59.218495212Z,17.521905,117.904795,Cloud to Cloud,14890,3002,6
2026-09-23T22:07:00.108114340Z,17.721914,119.934808,Cloud to Ground,-21760,0,12
2026-09-23T22:07:00.144748458Z,17.721196,119.948668,Cloud to Cloud,8586,11964,7
2026-09-23T22:07:03.544798859Z,11.213194,113.313972,Cloud to Ground,-22927,0,8
2026-09-23T22:07:03.543223235Z,11.210548,113.230441,Cloud to Cloud,-15421,3167,10
2026-09-23T22:07:03.541421054Z,11.192698,113.238784,Cloud to Ground,20540,0,7
2026-09-23T22:07:04.026180773Z,5.501003,114.939042,Cloud to Ground,-14411,0,16
2026-09-23T22:07:04.384384912Z,4.287737,112.735752,Cloud to Ground,-15179,0,30
2026-09-23T22:07:08.726923272Z,11.161757,114.172347,Cloud to Ground,26945,0,10
2026-09-23T22:07:08.726129140Z,11.165481,114.170448,Cloud to Ground,29475,0,10
2026-09-23T22:07:08.728332076Z,11.210538,114.270874,Cloud to Ground,21528,0,7
2026-09-23T22:07:09.401992674Z,17.427548,117.897536,Cloud to Ground,-20715,0,12
2026-09-23T22:07:08.771315422Z,17.455289,117.860344,Cloud to Ground,-13752,0,10
2026-09-23T22:07:08.948794749Z,17.488398,117.996894,Cloud to Ground,-13665,0,7
2026-09-23T22:07:09.204288772Z,17.468742,117.93274,Cloud to Cloud,-13170,16819,8
2026-09-23T22:07:08.790680025Z,17.43553,117.847004,Cloud to Ground,-11630,0,7
2026-09-23T22:07:08.803630828Z,17.442902,117.854606,Cloud to Cloud,-7800,19197,7
2026-09-23T22:07:08.928201488Z,17.443493,117.880418,Cloud to Cloud,-4599,15760,5
2026-09-23T22:07:08.904478293Z,17.424896,117.9066,Cloud to Cloud,4871,15573,5
2026-09-23T22:07:08.702047610Z,17.432577,117.886262,Cloud to Cloud,21955,3499,9
2026-09-23T22:07:14.679646269Z,17.484057,117.855593,Cloud to Ground,-28173,0,15
2026-09-23T22:07:15.221313551Z,17.550182,117.931093,Cloud to Ground,-16924,0,6
2026-09-23T22:07:15.087190620Z,17.492214,117.970036,Cloud to Ground,-16334,0,11
2026-09-23T22:07:15.798673868Z,17.497894,117.895171,Cloud to Ground,-12169,0,13
2026-09-23T22:07:15.040186220Z,17.488823,117.851844,Cloud to Ground,-11720,0,6
2026-09-23T22:07:15.542920782Z,17.544149,117.931995,Cloud to Ground,-11457,0,5
2026-09-23T22:07:15.171817375Z,17.484182,117.845407,Cloud to Ground,-10757,0,7
2026-09-23T22:07:15.013162026Z,17.482752,117.847372,Cloud to Ground,-7634,0,6
2026-09-23T22:07:14.876340760Z,12.677114,122.228601,Cloud to Cloud,23478,3341,10
2026-09-23T22:07:14.880034010Z,12.735968,122.158067,Cloud to Cloud,7649,5528,7
2026-09-23T22:07:14.278340000Z,14.4922,118.2943,Cloud to Ground,43959,0,6
2026-09-23T22:07:16.830554624Z,5.495344,114.929038,Cloud to Ground,-24763,0,22
2026-09-23T22:07:16.903973309Z,5.497567,114.928602,Cloud to Ground,-22465,0,20
2026-09-23T22:07:23.270456891Z,5.420404,114.883683,Cloud to Ground,-7644,0,7
2026-09-23T22:07:27.816806456Z,17.477698,117.973892,Cloud to Cloud,10582,14164,10
2026-09-23T22:07:30.096326823Z,4.148432,112.268063,Cloud to Ground,-37276,0,7
2026-09-23T22:07:30.078881641Z,3.994417,112.280553,Cloud to Ground,-13597,0,6
2026-09-23T22:07:30.401690752Z,4.155356,112.114333,Cloud to Ground,-13039,0,18
2026-09-23T22:07:34.322289215Z,5.578147,114.903772,Cloud to Ground,-16730,0,14
2026-09-23T22:07:34.964341684Z,11.423713,114.300857,Cloud to Cloud,-13995,5271,11
2026-09-23T22:07:37.441383651Z,14.336783,118.209834,Cloud to Ground,-49709,0,11
2026-09-23T22:07:38.103677655Z,14.332953,118.210183,Cloud to Ground,-17054,0,13
2026-09-23T22:07:37.476475259Z,14.334395,118.198057,Cloud to Ground,-9613,0,10
2026-09-23T22:07:38.572739947Z,17.518156,117.93989,Cloud to Cloud,-3406,11167,5
2026-09-23T22:07:40.284498931Z,3.286304,111.946832,Cloud to Cloud,12387,11557,6
2026-09-23T22:07:40.282713160Z,3.358448,111.859862,Cloud to Ground,19353,0,10
2026-09-23T22:07:40.283396085Z,3.439687,111.882689,Cloud to Ground,23741,0,15
2026-09-23T22:07:45.148893493Z,11.630385,113.002871,Cloud to Ground,-26620,0,12
2026-09-23T22:07:48.273230970Z,19.061229,120.129654,Cloud to Cloud,2405,15395,5
2026-09-23T22:07:48.218887645Z,19.14605,120.324486,Cloud to Ground,-46057,0,15
2026-09-23T22:07:48.301083017Z,19.144758,120.321694,Cloud to Ground,-27667,0,12
2026-09-23T22:07:48.369128242Z,19.139411,120.308928,Cloud to Ground,-16331,0,7
2026-09-23T22:07:48.917052972Z,19.142385,120.311711,Cloud to Ground,-11895,0,11
2026-09-23T22:07:48.667655598Z,19.149234,120.238854,Cloud to Cloud,-3231,14208,5
2026-09-23T22:07:49.645958187Z,5.492852,114.919322,Cloud to Ground,-28263,0,14
2026-09-23T22:07:49.732256675Z,5.486698,114.91915,Cloud to Ground,-20498,0,16
2026-09-23T22:07:49.269249891Z,17.46979,117.930611,Cloud to Cloud,-16960,4998,7
2026-09-23T22:07:49.358296978Z,17.427351,117.871113,Cloud to Ground,-6822,0,7
2026-09-23T22:07:49.105412060Z,17.453063,117.831601,Cloud to Cloud,18728,7535,7
2026-09-23T22:07:54.752027088Z,3.856326,112.108201,Cloud to Ground,-10971,0,12
2026-09-23T22:07:54.751485521Z,3.878312,112.042098,Cloud to Ground,30657,0,9
2026-09-23T22:07:55.009106422Z,17.478963,117.844018,Cloud to Cloud,10434,16499,5
2026-09-23T22:07:56.583247853Z,11.614033,112.964498,Cloud to Ground,-42449,0,9
2026-09-23T22:07:56.438533169Z,11.601152,113.063167,Cloud to Cloud,-10437,17103,8
2026-09-23T22:07:59.080104822Z,17.738525,119.936575,Cloud to Cloud,10515,13353,6
2026-09-23T22:07:59.082725352Z,17.732644,119.934324,Cloud to Cloud,12510,7089,12
2026-09-23T22:07:59.082023117Z,17.733673,119.931353,Cloud to Cloud,14476,6264,8
2026-09-23T22:08:00.071948795Z,5.580752,114.910216,Cloud to Ground,-20688,0,18
2026-09-23T22:08:00.167619314Z,5.499816,114.951188,Cloud to Ground,-17759,0,19
2026-09-23T22:08:01.721282062Z,4.36268,112.537501,Cloud to Ground,15278,0,17
2026-09-23T22:08:02.648659440Z,17.428626,117.828962,Cloud to Cloud,3756,15032,7
2026-09-23T22:08:06.407903112Z,11.450967,114.289318,Cloud to Ground,-48753,0,13
2026-09-23T22:08:06.438395357Z,11.458443,114.291997,Cloud to Ground,-15558,0,11
2026-09-23T22:08:06.470928239Z,11.315781,113.929286,Cloud to Cloud,-30406,3037,8
2026-09-23T22:08:08.178094119Z,8.32099,110.338392,Cloud to Ground,40007,0,7
2026-09-23T22:08:12.720849992Z,17.45767,117.883507,Cloud to Ground,-33817,0,9
2026-09-23T22:08:12.850491000Z,17.4436,117.843,Cloud to Ground,-26094,0,10
2026-09-23T22:08:13.021551341Z,17.439045,117.888001,Cloud to Ground,-24911,0,12
2026-09-23T22:08:13.363489653Z,17.449084,117.881015,Cloud to Ground,-22314,0,13
2026-09-23T22:08:13.699371183Z,17.459598,117.97816,Cloud to Ground,-20725,0,7
2026-09-23T22:08:12.969112712Z,17.448256,117.882063,Cloud to Ground,-19390,0,12
2026-09-23T22:08:12.931444968Z,17.452076,117.8783,Cloud to Ground,-16600,0,6
2026-09-23T22:08:13.107349834Z,17.469362,117.990688,Cloud to Ground,-15713,0,7
2026-09-23T22:08:13.414090770Z,17.448332,117.883927,Cloud to Ground,-14329,0,6
2026-09-23T22:08:13.347501130Z,17.437456,117.897858,Cloud to Cloud,-10183,6056,7
2026-09-23T22:08:13.979958151Z,3.530994,111.918853,Cloud to Ground,-43929,0,28
2026-09-23T22:08:14.124442062Z,3.523328,111.918861,Cloud to Ground,-42110,0,31
2026-09-23T22:08:14.060431818Z,3.522394,112.034945,Cloud to Cloud,-25540,15768,17
2026-09-23T22:08:14.028242460Z,3.507837,112.005558,Cloud to Cloud,-22541,6628,25
2026-09-23T22:08:14.198488328Z,3.499542,112.084649,Cloud to Ground,-17505,0,21
2026-09-23T22:08:13.683736561Z,11.458484,113.128187,Cloud to Ground,-24732,0,6
2026-09-23T22:08:13.638447000Z,11.4258,113.2186,Cloud to Ground,-21003,0,7
2026-09-23T22:08:16.709449834Z,4.103577,112.284134,Cloud to Ground,-18937,0,16
2026-09-23T22:08:16.607802007Z,4.141563,112.233613,Cloud to Cloud,-10253,5193,7
2026-09-23T22:08:18.342395389Z,18.979521,120.749998,Cloud to Ground,-25957,0,10
2026-09-23T22:08:18.207165409Z,18.973085,120.691205,Cloud to Ground,-17748,0,7
2026-09-23T22:08:18.267886589Z,19.002227,120.642438,Cloud to Cloud,-11695,17111,7
2026-09-23T22:08:18.341396152Z,19.046867,120.659771,Cloud to Cloud,8957,7247,6
2026-09-23T22:08:19.419187651Z,14.32902,118.351431,Cloud to Cloud,6492,3046,8
2026-09-23T22:08:21.142356657Z,12.734111,122.1833,Cloud to Cloud,4286,6852,6
2026-09-23T22:08:20.791389818Z,12.679758,122.246473,Cloud to Cloud,19404,3003,7
2026-09-23T22:08:20.575564181Z,17.477975,117.852371,Cloud to Ground,-14869,0,10
2026-09-23T22:08:21.182996859Z,17.476153,117.853026,Cloud to Ground,-13710,0,13
2026-09-23T22:08:22.272186932Z,15.00346,116.929997,Cloud to Cloud,-9797,13476,8
2026-09-23T22:08:22.273958767Z,14.980208,116.912537,Cloud to Cloud,-6990,17428,8
2026-09-23T22:08:24.200560049Z,15.07409,118.717569,Cloud to Ground,-14776,0,12
2026-09-23T22:08:24.172817944Z,15.07114,118.700087,Cloud to Cloud,-12492,6723,8
2026-09-23T22:08:24.204529814Z,15.030865,118.688749,Cloud to Ground,-5494,0,6
2026-09-23T22:08:24.205689456Z,15.039986,118.617529,Cloud to Cloud,4258,3009,6
2026-09-23T22:08:26.667507462Z,5.346401,114.684783,Cloud to Ground,-9398,0,10
2026-09-23T22:08:26.575894922Z,5.084667,114.584915,Cloud to Cloud,-31735,19503,10
2026-09-23T22:08:26.404338906Z,5.111342,114.601359,Cloud to Ground,-14831,0,11
2026-09-23T22:08:29.016852972Z,5.58611,115.025044,Cloud to Cloud,-11671,7325,12
2026-09-23T22:08:30.664833102Z,14.707298,118.063124,Cloud to Ground,-56986,0,11
2026-09-23T22:08:30.788463533Z,14.686042,118.059844,Cloud to Ground,-26612,0,9
2026-09-23T22:08:30.876245502Z,14.682036,118.068769,Cloud to Ground,-23035,0,10
2026-09-23T22:08:30.049104913Z,17.457169,117.980868,Cloud to Cloud,21496,12050,8
2026-09-23T22:08:33.877722356Z,17.464124,117.850642,Cloud to Cloud,-3833,14998,5
2026-09-23T22:08:34.742069875Z,17.655884,119.83625,Cloud to Ground,-19753,0,13
2026-09-23T22:08:34.745304124Z,17.655438,119.859724,Cloud to Cloud,-9290,7427,12
2026-09-23T22:08:34.890474057Z,17.669079,119.905335,Cloud to Cloud,-2616,18066,6
2026-09-23T22:08:37.249389199Z,5.494227,114.898348,Cloud to Ground,-18443,0,9
2026-09-23T22:08:37.339047988Z,5.49436,114.915313,Cloud to Ground,-15619,0,20
2026-09-23T22:08:37.143742298Z,19.153935,120.212865,Cloud to Ground,-7657,0,8
2026-09-23T22:08:37.094652531Z,19.162825,120.218126,Cloud to Cloud,-5017,3005,6
2026-09-23T22:08:37.403601009Z,19.173654,120.238336,Cloud to Cloud,7289,13305,6
2026-09-23T22:08:39.368347950Z,9.797782,114.351312,Cloud to Cloud,-8866,14076,6
2026-09-23T22:08:39.531734222Z,14.349592,118.244057,Cloud to Ground,-21884,0,13
2026-09-23T22:08:39.231185997Z,14.347661,118.231174,Cloud to Ground,-18530,0,10
2026-09-23T22:08:39.838880671Z,14.347985,118.24295,Cloud to Ground,-12988,0,10
2026-09-23T22:08:39.131853172Z,14.360114,118.262208,Cloud to Ground,-11169,0,9
2026-09-23T22:08:39.576305410Z,14.38413,118.309254,Cloud to Cloud,-10820,17031,6
2026-09-23T22:08:39.172421441Z,14.334338,118.221924,Cloud to Ground,-10644,0,11
2026-09-23T22:08:39.633645514Z,14.357727,118.340245,Cloud to Cloud,-10430,7491,6
2026-09-23T22:08:39.994496412Z,14.345236,118.227935,Cloud to Ground,-8491,0,8
2026-09-23T22:08:39.262322176Z,14.345315,118.337058,Cloud to Ground,-7760,0,7
2026-09-23T22:08:41.065912727Z,17.431403,117.895478,Cloud to Ground,-26895,0,12
2026-09-23T22:08:40.868172019Z,17.42296,117.890694,Cloud to Ground,-18112,0,9
2026-09-23T22:08:40.774237927Z,17.431755,117.896344,Cloud to Ground,-17017,0,11
2026-09-23T22:08:40.958287970Z,17.429368,117.890666,Cloud to Ground,-15765,0,12
2026-09-23T22:08:41.174561644Z,17.422101,117.872361,Cloud to Ground,-4599,0,5
2026-09-23T22:08:44.407123397Z,4.245642,112.742345,Cloud to Cloud,9966,3049,10
2026-09-23T22:08:44.438246500Z,17.463155,117.871126,Cloud to Cloud,9219,3030,5
2026-09-23T22:08:45.898965000Z,3.5262,111.9997,Cloud to Ground,-14218,0,6
2026-09-23T22:08:48.507252852Z,17.350974,118.258217,Cloud to Cloud,-16924,5205,13
2026-09-23T22:08:48.670130045Z,17.490232,118.232247,Cloud to Ground,-21436,0,10
2026-09-23T22:08:48.530603217Z,17.507813,118.20023,Cloud to Ground,-19992,0,12
2026-09-23T22:08:48.626273583Z,17.487138,118.232046,Cloud to Cloud,-17996,3767,11
2026-09-23T22:08:50.373799001Z,17.165371,111.310559,Cloud to Ground,15399,0,7
2026-09-23T22:08:51.814092710Z,4.401196,112.625545,Cloud to Ground,-84504,0,12
2026-09-23T22:08:51.971402862Z,4.471947,112.603183,Cloud to Ground,-59827,0,20
2026-09-23T22:08:52.087381433Z,4.369581,112.624436,Cloud to Ground,-19510,0,18
2026-09-23T22:08:52.601989107Z,4.376977,112.627078,Cloud to Ground,-17847,0,14
2026-09-23T22:08:51.807094154Z,4.363846,112.63855,Cloud to Ground,-12282,0,11
2026-09-23T22:08:51.965076704Z,4.349648,112.698618,Cloud to Cloud,9288,9084,7
2026-09-23T22:08:57.579594060Z,11.455695,114.285066,Cloud to Ground,-138649,0,7
2026-09-23T22:08:57.639099435Z,11.456924,114.290647,Cloud to Ground,-30317,0,14
2026-09-23T22:08:57.676325807Z,11.447077,114.288314,Cloud to Ground,-24146,0,13
2026-09-23T22:08:57.631044555Z,11.443032,114.288067,Cloud to Ground,-23616,0,16
2026-09-23T22:08:57.685317258Z,11.435907,114.270915,Cloud to Cloud,-19606,3013,10
2026-09-23T22:08:58.193099630Z,11.431333,114.385431,Cloud to Ground,-22494,0,7
2026-09-23T22:09:00.489986615Z,12.808421,122.140215,Cloud to Ground,-8511,0,7
2026-09-23T22:09:00.517453737Z,12.807071,122.137971,Cloud to Ground,-6978,0,5
2026-09-23T22:09:00.531845457Z,12.809806,122.142924,Cloud to Ground,-6138,0,7
2026-09-23T22:09:00.541523494Z,12.808972,122.142326,Cloud to Ground,-5401,0,6
2026-09-23T22:09:00.125114000Z,12.8104,122.045,Cloud to Ground,-29015,0,7
2026-09-23T22:09:00.307614521Z,12.848845,122.261609,Cloud to Ground,-49724,0,11
2026-09-23T22:09:01.023941248Z,3.452784,111.910218,Cloud to Ground,-34439,0,32
2026-09-23T22:09:01.103149646Z,3.482947,111.883695,Cloud to Cloud,-27661,11306,25
2026-09-23T22:09:01.462927352Z,3.479391,111.997612,Cloud to Ground,-20184,0,15
2026-09-23T22:09:01.230281799Z,3.47278,112.013537,Cloud to Ground,-14429,0,17
2026-09-23T22:09:02.218510317Z,4.161306,112.176713,Cloud to Cloud,-18480,16870,25
2026-09-23T22:09:02.178460951Z,4.144919,112.265431,Cloud to Ground,-29447,0,13
2026-09-23T22:09:02.269314858Z,4.12217,112.299919,Cloud to Ground,-12590,0,16
2026-09-23T22:09:03.901407000Z,4.1808,112.7116,Cloud to Ground,-14384,0,5
2026-09-23T22:09:04.570482087Z,19.138307,120.319369,Cloud to Ground,-25183,0,12
2026-09-23T22:09:04.599737798Z,19.137585,120.319144,Cloud to Ground,-17178,0,11
2026-09-23T22:09:14.775850108Z,17.4776,117.916099,Cloud to Cloud,-8427,14057,8
2026-09-23T22:09:14.767875709Z,17.443074,117.836305,Cloud to Cloud,-5305,4588,6
2026-09-23T22:09:15.228493044Z,14.271853,118.301432,Cloud to Ground,-23580,0,7
2026-09-23T22:09:15.153546829Z,14.316447,118.102079,Cloud to Cloud,-13389,3004,10
2026-09-23T22:09:15.034980984Z,14.350011,118.242711,Cloud to Ground,-34656,0,13
2026-09-23T22:09:15.344609794Z,14.363683,118.282552,Cloud to Ground,-29686,0,10
2026-09-23T22:09:15.071433622Z,14.366138,118.238167,Cloud to Ground,-12398,0,8
2026-09-23T22:09:15.226685159Z,14.362201,118.281569,Cloud to Ground,-7688,0,9
2026-09-23T22:09:15.751556681Z,11.432363,112.951303,Cloud to Ground,20010,0,8
2026-09-23T22:09:17.302242910Z,17.720489,119.909772,Cloud to Ground,-39064,0,12
2026-09-23T22:09:19.147175932Z,3.859494,112.583212,Cloud to Ground,-11497,0,10
2026-09-23T22:09:19.219628519Z,4.366202,112.411095,Cloud to Ground,-27927,0,26
2026-09-23T22:09:19.017112787Z,4.332001,112.485335,Cloud to Ground,-21714,0,20
2026-09-23T22:09:19.432297087Z,4.364235,112.352344,Cloud to Ground,-15635,0,10
2026-09-23T22:09:19.349992589Z,4.345911,112.514733,Cloud to Ground,-15507,0,20
2026-09-23T22:09:19.275456514Z,4.348954,112.507265,Cloud to Ground,-13837,0,18
2026-09-23T22:09:19.493476756Z,11.39291,114.257773,Cloud to Ground,21829,0,12
2026-09-23T22:09:20.562441758Z,5.564667,114.89929,Cloud to Ground,-24885,0,17
2026-09-23T22:09:20.463169322Z,5.495338,114.933261,Cloud to Ground,-24544,0,20
2026-09-23T22:09:20.517011078Z,5.484445,114.938319,Cloud to Ground,-13995,0,19
2026-09-23T22:09:22.984755624Z,14.703247,118.165301,Cloud to Cloud,-11035,17944,7
2026-09-23T22:09:22.975468708Z,14.679505,118.17747,Cloud to Cloud,-9073,14243,8
2026-09-23T22:09:22.993285213Z,14.668338,118.143893,Cloud to Cloud,-4399,7888,6
2026-09-23T22:09:23.689580584Z,5.192537,114.843236,Cloud to Cloud,-10457,3024,7
2026-09-23T22:09:23.351011794Z,17.556137,117.891549,Cloud to Ground,10426,0,9
2026-09-23T22:09:28.914671056Z,3.345603,111.908317,Cloud to Ground,-12242,0,8
2026-09-23T22:09:28.913958962Z,3.448402,111.863412,Cloud to Ground,-12534,0,24
2026-09-23T22:09:28.364290186Z,3.441753,111.842841,Cloud to Cloud,17819,3727,12
2026-09-23T22:09:28.557086866Z,3.413393,111.993786,Cloud to Cloud,-11753,11203,6
2026-09-23T22:09:28.567389807Z,3.443073,111.992139,Cloud to Ground,15134,0,10
2026-09-23T22:09:28.878743769Z,5.401357,114.644526,Cloud to Ground,12327,0,12
2026-09-23T22:09:28.803739950Z,17.44462,117.833489,Cloud to Cloud,-2731,4794,5
2026-09-23T22:09:29.018554529Z,4.329658,112.751631,Cloud to Ground,-15395,0,24
2026-09-23T22:09:29.123302032Z,4.334033,112.917701,Cloud to Ground,-16272,0,20
2026-09-23T22:09:29.191597012Z,4.321669,112.845461,Cloud to Ground,-14114,0,11
2026-09-23T22:09:32.316880083Z,5.480418,114.94054,Cloud to Ground,27824,0,16
2026-09-23T22:09:32.652292713Z,5.404031,114.826979,Cloud to Ground,-23849,0,13
2026-09-23T22:09:32.745481829Z,5.39569,114.826249,Cloud to Cloud,-20781,3048,14
2026-09-23T22:09:32.540016814Z,5.382934,114.855667,Cloud to Ground,-19166,0,18
2026-09-23T22:09:32.474379756Z,5.402865,114.831827,Cloud to Ground,-18995,0,15
2026-09-23T22:09:32.893907327Z,8.409256,110.393622,Cloud to Cloud,-18006,18515,13
2026-09-23T22:09:32.930912412Z,8.456655,110.319188,Cloud to Ground,-17012,0,6
2026-09-23T22:09:33.551804474Z,17.438994,117.884968,Cloud to Ground,-47081,0,12
2026-09-23T22:09:33.691664889Z,17.457447,117.87575,Cloud to Ground,-24704,0,13
2026-09-23T22:09:33.622664272Z,17.438125,117.873192,Cloud to Ground,-21695,0,8
2026-09-23T22:09:34.229113513Z,17.449944,117.875723,Cloud to Ground,-17187,0,12
2026-09-23T22:09:37.968866319Z,5.248701,114.842714,Cloud to Cloud,10993,17901,7
2026-09-23T22:09:38.199925084Z,17.73859,119.992232,Cloud to Ground,-9483,0,6
2026-09-23T22:09:38.529790578Z,17.722019,120.008652,Cloud to Ground,-9449,0,11
2026-09-23T22:09:38.198303857Z,17.714656,119.986823,Cloud to Ground,-9317,0,7
2026-09-23T22:09:37.955646012Z,17.759157,120.002076,Cloud to Cloud,8231,10461,6
2026-09-23T22:09:41.726880743Z,3.541022,112.056259,Cloud to Ground,28798,0,8
2026-09-23T22:09:42.666022227Z,11.487863,114.395733,Cloud to Ground,-14782,0,10
2026-09-23T22:09:42.924679469Z,11.445853,114.332156,Cloud to Cloud,-8231,7022,7
2026-09-23T22:09:43.024384956Z,11.512587,114.334276,Cloud to Cloud,10520,8966,7
2026-09-23T22:09:42.670842486Z,11.437778,114.310738,Cloud to Ground,19531,0,6
2026-09-23T22:09:43.467737595Z,14.253132,117.652525,Cloud to Cloud,4003,3563,5
2026-09-23T22:09:43.250847575Z,14.290136,117.731385,Cloud to Cloud,6118,3567,7
2026-09-23T22:09:43.253282635Z,14.305761,117.639287,Cloud to Cloud,12551,16415,10
2026-09-23T22:09:43.257314915Z,14.349621,117.736172,Cloud to Cloud,16030,6096,7
2026-09-23T22:09:45.090885568Z,5.496377,114.937118,Cloud to Ground,-15675,0,14
2026-09-23T22:09:45.195409195Z,5.488177,114.920309,Cloud to Cloud,-12315,18209,14
2026-09-23T22:09:46.654140496Z,14.345885,118.25725,Cloud to Ground,-58281,0,13
2026-09-23T22:09:47.269296432Z,14.350249,118.266964,Cloud to Ground,-26166,0,11
2026-09-23T22:09:53.895843681Z,5.499713,114.897409,Cloud to Ground,-16195,0,20
2026-09-23T22:09:54.359448401Z,5.486299,114.957318,Cloud to Ground,14639,0,12
2026-09-23T22:09:56.370301116Z,4.547458,113.029548,Cloud to Ground,-10288,0,10
2026-09-23T22:09:56.367372477Z,4.449727,112.903718,Cloud to Ground,41744,0,9
2026-09-23T22:09:57.219811566Z,12.749183,122.188344,Cloud to Cloud,2739,18662,5
2026-09-23T22:09:57.134092726Z,12.692617,122.182123,Cloud to Cloud,6266,4922,7
2026-09-23T22:09:58.264803778Z,14.87087,117.176819,Cloud to Cloud,-10596,19626,12
2026-09-23T22:09:58.784149332Z,15.649744,119.556126,Cloud to Cloud,5082,7578,12
2026-09-23T22:09:58.768738908Z,15.584117,119.614459,Cloud to Cloud,14367,18929,10
2026-09-23T22:09:59.312057449Z,15.041706,118.622441,Cloud to Cloud,13844,6496,11
2026-09-23T22:09:59.313561134Z,15.023023,118.744575,Cloud to Cloud,8057,3021,7
2026-09-23T22:10:00.662639031Z,17.446785,117.887074,Cloud to Cloud,-10216,18523,9
2026-09-23T22:10:01.025588506Z,17.497642,117.819873,Cloud to Cloud,-5363,4189,6
2026-09-23T22:10:01.034885494Z,17.440534,117.833401,Cloud to Cloud,2531,6967,5
2026-09-23T22:10:00.675952451Z,17.431819,117.815348,Cloud to Cloud,4967,19238,5
2026-09-23T22:10:01.027952683Z,17.445274,117.837985,Cloud to Cloud,6761,3024,6
2026-09-23T22:10:02.254349670Z,4.353038,112.397932,Cloud to Cloud,10738,5365,7
2026-09-23T22:10:02.678683853Z,4.326663,112.674549,Cloud to Cloud,-10867,3312,7
2026-09-23T22:10:02.878695963Z,4.388276,112.564871,Cloud to Cloud,-8977,3462,9
2026-09-23T22:10:02.836965053Z,4.411233,112.66561,Cloud to Ground,-8113,0,7
2026-09-23T22:10:02.692470355Z,4.379008,112.59481,Cloud to Cloud,13290,12402,7
2026-09-23T22:10:04.902069574Z,9.770002,114.204029,Cloud to Ground,14569,0,8
2026-09-23T22:10:06.404308779Z,17.484174,117.889001,Cloud to Cloud,8755,13333,5
2026-09-23T22:10:07.771241244Z,11.473935,114.398061,Cloud to Cloud,-6700,18066,5
2026-09-23T22:10:08.067638865Z,11.491163,114.418808,Cloud to Cloud,-6417,15536,8
2026-09-23T22:10:08.227485661Z,11.354015,114.250161,Cloud to Cloud,15096,18255,6
2026-09-23T22:10:10.112420596Z,5.480382,114.943964,Cloud to Ground,21473,0,8
2026-09-23T22:10:11.807822270Z,5.50914,114.919566,Cloud to Ground,-35242,0,19
2026-09-23T22:10:11.722616283Z,5.516872,114.921139,Cloud to Ground,-16906,0,16
2026-09-23T22:10:11.746410840Z,5.515442,114.91517,Cloud to Ground,-16326,0,14
2026-09-23T22:10:12.656831228Z,11.436582,112.934107,Cloud to Cloud,-21766,3058,10
2026-09-23T22:10:12.715376759Z,11.4674,113.011501,Cloud to Ground,-17498,0,10
2026-09-23T22:10:12.667490438Z,11.444049,112.931217,Cloud to Cloud,-11258,3001,8
2026-09-23T22:10:12.640308000Z,11.4798,112.8651,Cloud to Ground,5659,0,7
2026-09-23T22:10:13.770956491Z,3.439323,111.955205,Cloud to Ground,15449,0,8
2026-09-23T22:10:15.234067842Z,9.787099,114.354989,Cloud to Ground,-32078,0,11
2026-09-23T22:10:15.310578340Z,9.792982,114.357075,Cloud to Ground,-31036,0,9
2026-09-23T22:10:15.196569680Z,9.782235,114.345228,Cloud to Ground,-30651,0,14
2026-09-23T22:10:15.475520366Z,17.466546,117.872437,Cloud to Cloud,-8551,6737,6
2026-09-23T22:10:15.435560576Z,17.658436,119.809378,Cloud to Cloud,8462,7527,7
2026-09-23T22:10:15.434585231Z,17.673261,119.821958,Cloud to Cloud,11657,13644,6
2026-09-23T22:10:16.987725000Z,3.5531,111.9548,Cloud to Ground,-16313,0,5
2026-09-23T22:10:17.567419760Z,5.448958,114.813487,Cloud to Ground,-13564,0,14
2026-09-23T22:10:17.018353040Z,3.521081,112.03906,Cloud to Ground,-13910,0,15
2026-09-23T22:10:18.367475354Z,5.423713,114.914643,Cloud to Ground,-22085,0,11
2026-09-23T22:10:18.729414839Z,5.383384,114.852834,Cloud to Cloud,-10027,11772,8
2026-09-23T22:10:18.745133680Z,14.365494,118.264676,Cloud to Ground,-23668,0,13
2026-09-23T22:10:18.855021835Z,14.36024,118.270663,Cloud to Ground,-19937,0,10
2026-09-23T22:10:18.814897566Z,14.361746,118.271339,Cloud to Ground,-16686,0,10
2026-09-23T22:10:18.780448276Z,14.350749,118.232232,Cloud to Cloud,-14865,3008,7
2026-09-23T22:10:18.919355097Z,14.362696,118.253635,Cloud to Ground,-13198,0,10
2026-09-23T22:10:19.241804672Z,14.362391,118.260962,Cloud to Ground,-12478,0,9
2026-09-23T22:10:19.067671004Z,14.360247,118.260066,Cloud to Ground,-12204,0,8
2026-09-23T22:10:19.314165507Z,14.363611,118.260264,Cloud to Cloud,-10989,17333,8
2026-09-23T22:10:19.689008737Z,14.356976,118.259845,Cloud to Ground,-8128,0,9
2026-09-23T22:10:19.524153777Z,14.363542,118.24879,Cloud to Ground,-6902,0,9
2026-09-23T22:10:19.460233921Z,14.362106,118.259767,Cloud to Cloud,-6653,5959,7
2026-09-23T22:10:18.920213046Z,14.339369,118.258232,Cloud to Cloud,-6387,7774,11
2026-09-23T22:10:18.985437803Z,14.353355,118.228045,Cloud to Cloud,-5394,4519,7
2026-09-23T22:10:19.499466760Z,14.349385,118.279145,Cloud to Cloud,-5284,3010,7
2026-09-23T22:10:20.262935144Z,11.159422,113.217382,Cloud to Cloud,-10266,3023,10
2026-09-23T22:10:20.416186927Z,11.197796,113.337887,Cloud to Cloud,14085,15978,7
2026-09-23T22:10:26.681775709Z,5.550579,114.901549,Cloud to Ground,-22152,0,18
2026-09-23T22:10:27.894550320Z,17.531632,117.94921,Cloud to Cloud,8063,7524,7
2026-09-23T22:10:27.732328844Z,17.405111,117.869661,Cloud to Cloud,-11122,5840,8
2026-09-23T22:10:27.293421402Z,17.454429,117.862167,Cloud to Cloud,13179,5457,5
2026-09-23T22:10:27.385013660Z,17.441049,117.852593,Cloud to Cloud,18196,19079,7
2026-09-23T22:10:28.993452375Z,19.142403,120.272633,Cloud to Ground,-58991,0,16
2026-09-23T22:10:29.190503000Z,19.1476,120.1865,Cloud to Ground,-44712,0,5
2026-09-23T22:10:29.030303000Z,19.1646,120.1916,Cloud to Ground,-20564,0,5
2026-09-23T22:10:29.111714509Z,19.13436,120.303017,Cloud to Ground,-18740,0,7
2026-09-23T22:10:29.224762163Z,19.14261,120.265122,Cloud to Ground,-15137,0,8
2026-09-23T22:10:28.476088912Z,17.725262,119.953363,Cloud to Ground,-19772,0,14
2026-09-23T22:10:28.599436624Z,17.723195,119.951412,Cloud to Ground,-9348,0,10
2026-09-23T22:10:29.232611971Z,5.480531,114.944493,Cloud to Ground,14036,0,11
2026-09-23T22:10:29.570438643Z,5.57568,114.910169,Cloud to Ground,-16888,0,12
2026-09-23T22:10:29.469902630Z,5.57437,114.874311,Cloud to Ground,-14864,0,13
2026-09-23T22:10:29.364334286Z,5.566786,114.913632,Cloud to Cloud,34099,4936,12
2026-09-23T22:10:31.448474883Z,4.375579,112.398215,Cloud to Cloud,9402,7591,11
2026-09-23T22:10:31.309710395Z,11.189151,114.175926,Cloud to Ground,14438,0,10
2026-09-23T22:10:33.514904138Z,4.275929,112.708715,Cloud to Cloud,14031,9746,6
2026-09-23T22:10:33.094741504Z,4.297446,112.593285,Cloud to Cloud,12472,11543,16
2026-09-23T22:10:34.865213938Z,5.357899,114.824721,Cloud to Cloud,-9957,6410,9
2026-09-23T22:10:35.136632757Z,17.443343,117.857011,Cloud to Cloud,-10706,6198,10
2026-09-23T22:10:35.177380480Z,17.432674,117.821434,Cloud to Cloud,7919,4219,7
2026-09-23T22:10:35.169969201Z,17.474376,117.815214,Cloud to Cloud,13038,6463,6
2026-09-23T22:10:37.846380257Z,17.083452,119.121372,Cloud to Cloud,8362,18699,10
2026-09-23T22:10:40.416467696Z,3.553035,112.051148,Cloud to Ground,27924,0,7
2026-09-23T22:10:43.495462464Z,14.257483,118.881312,Cloud to Cloud,7970,3000,11
2026-09-23T22:10:43.500717274Z,14.24475,118.897814,Cloud to Cloud,9166,7749,8
2026-09-23T22:10:43.493385772Z,14.263267,118.883019,Cloud to Cloud,14553,9146,10
2026-09-23T22:10:43.925814061Z,17.452291,117.860484,Cloud to Cloud,11256,13650,9
2026-09-23T22:10:46.282311636Z,8.060614,110.568226,Cloud to Ground,-14647,0,9
2026-09-23T22:10:52.696690744Z,9.874777,114.27763,Cloud to Cloud,6177,19140,6
2026-09-23T22:10:52.578861657Z,17.498093,117.917618,Cloud to Cloud,-10374,7637,6
2026-09-23T22:10:52.328064404Z,17.427372,117.808292,Cloud to Cloud,4271,9920,5
2026-09-23T22:10:53.963122794Z,14.339292,118.293193,Cloud to Ground,-51278,0,10
2026-09-23T22:10:54.388048329Z,14.328951,118.288862,Cloud to Ground,-28361,0,12
2026-09-23T22:10:54.031693423Z,14.328454,118.288152,Cloud to Ground,-21355,0,11
2026-09-23T22:10:54.084623595Z,14.343032,118.296859,Cloud to Ground,-12423,0,11
2026-09-23T22:10:54.389050150Z,14.396014,118.261566,Cloud to Cloud,-9318,4176,8
2026-09-23T22:10:54.148683981Z,14.3329,118.288911,Cloud to Cloud,-7283,18070,10
2026-09-23T22:10:54.149630922Z,14.352093,118.273115,Cloud to Cloud,7148,11359,8
2026-09-23T22:10:55.461990150Z,17.468743,117.838897,Cloud to Cloud,-10628,3008,8
2026-09-23T22:10:55.444004822Z,17.367851,117.935725,Cloud to Ground,-10783,0,6
2026-09-23T22:10:56.113430748Z,4.122904,112.175097,Cloud to Ground,14073,0,11
2026-09-23T22:10:57.790231519Z,11.425255,114.309309,Cloud to Ground,15209,0,5
2026-09-23T22:10:59.938166469Z,11.634119,114.233538,Cloud to Ground,-20553,0,9
2026-09-23T22:10:59.940232176Z,11.615159,114.181998,Cloud to Cloud,-10979,17255,8
2026-09-23T22:10:59.937423076Z,11.619533,114.209814,Cloud to Ground,16752,0,10
2026-09-23T22:10:59.378791540Z,11.406563,113.30193,Cloud to Ground,-126550,0,15
2026-09-23T22:10:59.605924896Z,11.406023,113.305784,Cloud to Ground,-33298,0,14
2026-09-23T22:10:59.546228785Z,11.401984,113.304433,Cloud to Ground,-31625,0,12
2026-09-23T22:10:59.380065979Z,11.428508,113.279829,Cloud to Cloud,8685,3005,6
2026-09-23T22:11:00.627994164Z,11.487368,114.211773,Cloud to Ground,-19260,0,14
2026-09-23T22:11:00.785159508Z,11.454402,114.205587,Cloud to Ground,10299,0,7
2026-09-23T22:11:00.586862000Z,11.6105,114.0671,Cloud to Ground,-19202,0,6
2026-09-23T22:11:01.228272365Z,5.579811,114.86644,Cloud to Ground,-30921,0,9
2026-09-23T22:11:01.321994708Z,5.510952,114.799598,Cloud to Ground,-19665,0,25
2026-09-23T22:11:01.327515256Z,14.28469,118.223612,Cloud to Cloud,-19391,14577,11
2026-09-23T22:11:01.260360250Z,14.25955,118.193249,Cloud to Ground,-13585,0,10
2026-09-23T22:11:01.482896255Z,14.364262,118.261351,Cloud to Ground,-10654,0,12
2026-09-23T22:11:01.532061391Z,14.28126,118.218244,Cloud to Cloud,-9819,14762,9
2026-09-23T22:11:01.756770411Z,14.310276,118.294893,Cloud to Cloud,25005,5983,5
2026-09-23T22:11:04.691096520Z,8.299995,110.322987,Cloud to Ground,15145,0,12
2026-09-23T22:11:04.690047976Z,8.296101,110.319718,Cloud to Ground,19213,0,12
2026-09-23T22:11:04.850626151Z,17.444221,117.847352,Cloud to Cloud,14887,15405,11
2026-09-23T22:11:06.044011591Z,17.736974,119.973094,Cloud to Ground,-29293,0,12
2026-09-23T22:11:06.089621629Z,17.736832,119.967379,Cloud to Ground,-28141,0,13
2026-09-23T22:11:06.121086804Z,17.736687,119.970805,Cloud to Ground,-16182,0,11
2026-09-23T22:11:06.121630752Z,17.738611,119.972514,Cloud to Ground,-13618,0,6
2026-09-23T22:11:06.024504587Z,17.7449,119.987122,Cloud to Cloud,-7849,5700,6
2026-09-23T22:11:07.376011887Z,14.607696,118.128816,Cloud to Cloud,11198,5625,8
2026-09-23T22:11:07.377124250Z,14.496026,118.179412,Cloud to Cloud,11065,3924,13
2026-09-23T22:11:07.379991339Z,14.533451,118.201288,Cloud to Cloud,16149,15974,9
2026-09-23T22:11:08.941704801Z,16.091246,119.062624,Cloud to Ground,-6547,0,9
2026-09-23T22:11:09.893734836Z,19.04033,120.639006,Cloud to Cloud,-22280,6462,10
2026-09-23T22:11:10.072494793Z,19.03769,120.575433,Cloud to Ground,-7925,0,8
2026-09-23T22:11:14.319475266Z,14.266791,117.67447,Cloud to Ground,-59814,0,16
2026-09-23T22:11:14.387373787Z,14.270498,117.675235,Cloud to Ground,-29623,0,10
2026-09-23T22:11:14.314531502Z,14.19743,117.760672,Cloud to Cloud,-27850,3035,10
2026-09-23T22:11:14.313880908Z,14.192162,117.729815,Cloud to Ground,-16491,0,10
2026-09-23T22:11:14.312133699Z,14.265942,117.682479,Cloud to Cloud,-9105,19108,7
2026-09-23T22:11:16.935142784Z,14.34369,118.393217,Cloud to Cloud,4604,18729,6
2026-09-23T22:11:16.927506237Z,14.313894,118.346545,Cloud to Cloud,5890,3009,7
2026-09-23T22:11:16.926354156Z,14.330816,118.391966,Cloud to Cloud,6296,18466,9
2026-09-23T22:11:16.928200631Z,14.354553,118.480588,Cloud to Ground,25011,0,9
2026-09-23T22:11:16.039300407Z,17.495069,117.872512,Cloud to Ground,-9718,0,7
2026-09-23T22:11:16.118474386Z,17.425372,117.914927,Cloud to Cloud,12639,3010,9
2026-09-23T22:11:15.344158195Z,17.47107,117.871338,Cloud to Cloud,22520,3014,13
2026-09-23T22:11:17.431318104Z,4.524202,112.917606,Cloud to Ground,-11077,0,5
2026-09-23T22:11:17.382995340Z,4.460238,112.987116,Cloud to Ground,23503,0,24
2026-09-23T22:11:17.624221494Z,5.499834,114.92991,Cloud to Ground,21539,0,24
2026-09-23T22:11:19.720621359Z,4.370899,112.458993,Cloud to Ground,-35136,0,18
2026-09-23T22:11:19.627895522Z,4.375985,112.582172,Cloud to Ground,-64830,0,10
2026-09-23T22:11:19.663837055Z,4.450529,112.557594,Cloud to Ground,-22139,0,16
2026-09-23T22:11:20.426378570Z,4.345938,112.609631,Cloud to Ground,-17843,0,14
2026-09-23T22:11:20.613798553Z,4.346696,112.617631,Cloud to Ground,-16677,0,21
2026-09-23T22:11:19.831565744Z,4.343799,112.610804,Cloud to Ground,-16570,0,21
2026-09-23T22:11:19.617666745Z,4.410338,112.618831,Cloud to Cloud,-11830,4868,7
2026-09-23T22:11:19.343165249Z,5.473171,114.949581,Cloud to Ground,15213,0,11
2026-09-23T22:11:20.555620115Z,4.14765,112.243279,Cloud to Ground,15449,0,14
2026-09-23T22:11:21.592981980Z,8.557599,110.549181,Cloud to Ground,17896,0,6
2026-09-23T22:11:21.580756942Z,8.547915,110.502183,Cloud to Ground,55194,0,8
2026-09-23T22:11:21.582539988Z,8.442375,110.392834,Cloud to Cloud,14491,6783,10
2026-09-23T22:11:21.817050904Z,8.68478,110.436986,Cloud to Ground,11522,0,7
2026-09-23T22:11:21.371459094Z,15.040242,118.623968,Cloud to Ground,-26918,0,10
2026-09-23T22:11:21.545585211Z,15.04276,118.611698,Cloud to Ground,-17906,0,12
2026-09-23T22:11:21.646862957Z,15.049355,118.61156,Cloud to Ground,-13496,0,6
2026-09-23T22:11:21.407127243Z,15.064972,118.699884,Cloud to Ground,-7269,0,9
2026-09-23T22:11:21.424689974Z,12.718719,122.178773,Cloud to Cloud,6063,15858,6
2026-09-23T22:11:23.384572868Z,17.449799,117.858756,Cloud to Ground,-34507,0,12
2026-09-23T22:11:23.206847190Z,17.45608,117.840426,Cloud to Ground,-16830,0,8
2026-09-23T22:11:23.124883462Z,17.472021,117.84595,Cloud to Ground,-14911,0,10
2026-09-23T22:11:24.410471710Z,17.449634,117.848241,Cloud to Ground,-12634,0,6
2026-09-23T22:11:23.654670546Z,17.450227,117.847434,Cloud to Ground,-12275,0,6
2026-09-23T22:11:24.234217621Z,17.450622,117.852708,Cloud to Ground,-9626,0,6
2026-09-23T22:11:24.143619740Z,17.44705,117.843168,Cloud to Ground,-5714,0,6
2026-09-23T22:11:24.017112205Z,17.44951,117.851276,Cloud to Ground,-4507,0,5
2026-09-23T22:11:24.246617498Z,17.445077,117.84361,Cloud to Ground,-4456,0,6
2026-09-23T22:11:23.250091985Z,17.445376,117.860644,Cloud to Cloud,12094,3019,11
2026-09-23T22:11:24.981631067Z,5.549939,114.967465,Cloud to Ground,-15995,0,15
2026-09-23T22:11:25.015966673Z,5.656635,114.927457,Cloud to Ground,-13396,0,13
2026-09-23T22:11:30.850351804Z,11.453552,114.37221,Cloud to Ground,-22597,0,6
2026-09-23T22:11:30.787774548Z,11.405961,114.389169,Cloud to Cloud,-11392,3006,9
2026-09-23T22:11:34.054443350Z,17.648701,119.815798,Cloud to Cloud,9525,8177,6
2026-09-23T22:11:36.029654502Z,15.930998,113.600844,Cloud to Ground,11074,0,8
2026-09-23T22:11:38.378837928Z,17.548019,117.88546,Cloud to Cloud,12223,17683,7
2026-09-23T22:11:39.328892887Z,5.555621,114.859967,Cloud to Ground,-18229,0,18
2026-09-23T22:11:40.072548344Z,3.347982,112.015277,Cloud to Ground,10068,0,6
2026-09-23T22:11:41.689343285Z,5.427554,114.786035,Cloud to Ground,-29147,0,17
2026-09-23T22:11:41.674424864Z,5.353688,114.842119,Cloud to Ground,-16856,0,20
2026-09-23T22:11:41.753221799Z,5.344066,114.830505,Cloud to Cloud,-13183,4233,11
2026-09-23T22:11:45.633768787Z,3.278268,111.921459,Cloud to Ground,-11045,0,8
2026-09-23T22:11:45.813611000Z,3.3265,111.9807,Cloud to Ground,9513,0,10
2026-09-23T22:11:45.621862446Z,3.319582,112.047129,Cloud to Ground,16568,0,7
2026-09-23T22:11:47.948508448Z,17.417275,117.821739,Cloud to Cloud,3709,12629,5
2026-09-23T22:11:47.936465833Z,17.452057,117.862865,Cloud to Cloud,12830,13310,5
2026-09-23T22:11:48.205275041Z,17.586622,118.046887,Cloud to Cloud,-20099,6255,7
2026-09-23T22:11:49.101756980Z,14.321578,118.300441,Cloud to Ground,-57594,0,10
2026-09-23T22:11:49.310928470Z,14.345379,118.292242,Cloud to Ground,-19890,0,12
2026-09-23T22:11:52.321727384Z,17.72112,119.958555,Cloud to Ground,-43585,0,14
2026-09-23T22:11:52.786920491Z,17.722603,119.936936,Cloud to Ground,-24847,0,12
2026-09-23T22:11:52.581184283Z,17.721042,119.940175,Cloud to Ground,-20353,0,12
2026-09-23T22:11:52.264337014Z,17.722174,119.969946,Cloud to Ground,-17218,0,10
2026-09-23T22:11:52.894102182Z,17.719813,119.928279,Cloud to Ground,-9550,0,6
2026-09-23T22:11:58.611343615Z,11.648722,112.878506,Cloud to Ground,33644,0,10
2026-09-23T22:11:58.810308892Z,11.50379,113.04088,Cloud to Ground,-14193,0,9
2026-09-23T22:11:58.811879102Z,11.486117,112.87023,Cloud to Ground,-21855,0,6
2026-09-23T22:11:58.816943008Z,11.536726,112.949307,Cloud to Cloud,14203,3024,6
2026-09-23T22:11:58.613641249Z,11.52091,112.895449,Cloud to Ground,17955,0,10
2026-09-23T22:11:59.686331845Z,17.448002,117.825075,Cloud to Cloud,-8625,15429,6
2026-09-23T22:11:59.320687301Z,17.471461,117.896406,Cloud to Cloud,5948,7903,9
2026-09-23T22:11:59.725253809Z,17.442231,117.860633,Cloud to Cloud,9077,3270,8
2026-09-23T22:12:00.950402333Z,9.836641,114.413887,Cloud to Cloud,-15086,3137,8
2026-09-23T22:12:00.776361744Z,12.838925,122.289496,Cloud to Ground,-54248,0,8
2026-09-23T22:12:01.575103878Z,5.554899,114.971436,Cloud to Ground,14175,0,9
2026-09-23T22:12:01.986099965Z,19.161409,120.318008,Cloud to Cloud,-13112,3767,17
2026-09-23T22:12:02.137122720Z,19.141098,120.212723,Cloud to Cloud,-7955,12633,6
2026-09-23T22:12:01.987249754Z,19.169168,120.211661,Cloud to Cloud,-6124,4297,6
2026-09-23T22:12:02.344365925Z,19.146342,120.225055,Cloud to Cloud,8740,3343,6
2026-09-23T22:12:08.129501659Z,4.31301,112.877162,Cloud to Ground,-53411,0,14
2026-09-23T22:12:08.909555471Z,4.320816,112.804357,Cloud to Ground,-19489,0,12
2026-09-23T22:12:08.405451721Z,5.526743,114.908788,Cloud to Ground,-18106,0,12
2026-09-23T22:12:08.934532848Z,14.182337,118.216845,Cloud to Cloud,-23949,16524,11
2026-09-23T22:12:08.946831452Z,14.286324,118.238209,Cloud to Ground,-66156,0,12
2026-09-23T22:12:08.464783655Z,17.450322,117.878487,Cloud to Cloud,-19498,6187,8
2026-09-23T22:12:08.682205277Z,11.415666,113.306882,Cloud to Ground,-76127,0,15
2026-09-23T22:12:09.040857842Z,14.277448,118.885518,Cloud to Ground,-41167,0,13
2026-09-23T22:12:09.675380851Z,11.486658,114.180403,Cloud to Ground,21980,0,6
2026-09-23T22:12:09.648399719Z,11.457712,114.306293,Cloud to Ground,23580,0,18
2026-09-23T22:12:12.303500160Z,4.434784,112.58095,Cloud to Ground,30633,0,8
2026-09-23T22:12:12.186574421Z,4.289037,112.522018,Cloud to Ground,-39994,0,10
2026-09-23T22:12:14.897645614Z,16.078288,119.115354,Cloud to Cloud,-4917,9381,6
2026-09-23T22:12:14.794177299Z,16.079335,119.096083,Cloud to Cloud,4894,18369,7
2026-09-23T22:12:17.321649439Z,17.493215,118.213013,Cloud to Ground,-45446,0,15
2026-09-23T22:12:17.453378178Z,17.507565,118.222668,Cloud to Ground,-33927,0,14
2026-09-23T22:12:17.337392868Z,17.493212,118.202345,Cloud to Ground,-29063,0,14
2026-09-23T22:12:17.498343720Z,17.517273,118.223404,Cloud to Ground,-13142,0,8
2026-09-23T22:12:20.226654206Z,8.316155,110.329302,Cloud to Cloud,11927,13160,8
2026-09-23T22:12:20.227548314Z,8.406444,110.307594,Cloud to Cloud,9086,3048,7
2026-09-23T22:12:20.962428108Z,8.45518,110.420421,Cloud to Ground,-151848,0,12
2026-09-23T22:12:21.005733332Z,8.453638,110.432529,Cloud to Ground,-43696,0,12
2026-09-23T22:12:20.199700025Z,17.496571,117.912957,Cloud to Cloud,-14596,13226,7
2026-09-23T22:12:21.018123548Z,8.474685,110.308844,Cloud to Ground,-21682,0,10
2026-09-23T22:12:21.422294133Z,14.308525,118.260584,Cloud to Cloud,-14076,13582,8
2026-09-23T22:12:21.442744569Z,14.647226,118.122135,Cloud to Cloud,-13835,16929,7
2026-09-23T22:12:24.197340115Z,17.705862,119.989886,Cloud to Ground,-16101,0,12
2026-09-23T22:12:24.433882537Z,17.654639,119.927195,Cloud to Cloud,-12979,14541,10
2026-09-23T22:12:25.405369556Z,3.520306,112.023686,Cloud to Ground,-20334,0,23
2026-09-23T22:12:26.653234251Z,0.978077,114.215301,Cloud to Ground,18840,0,7
2026-09-23T22:12:27.195285495Z,11.409332,114.270755,Cloud to Cloud,-19283,4289,5
2026-09-23T22:12:27.185714142Z,11.402749,114.146944,Cloud to Ground,-15691,0,6
2026-09-23T22:12:27.197206732Z,11.404099,114.244677,Cloud to Cloud,-6872,3015,7
2026-09-23T22:12:26.856640013Z,11.422804,114.23006,Cloud to Cloud,16750,5880,7
2026-09-23T22:12:33.842873064Z,17.472185,117.99809,Cloud to Cloud,-12508,3025,7
2026-09-23T22:12:33.916802445Z,17.456922,117.853131,Cloud to Cloud,9218,3031,6
2026-09-23T22:12:36.938922209Z,5.649992,114.962961,Cloud to Ground,-23992,0,10
2026-09-23T22:12:42.194738138Z,9.790265,114.323421,Cloud to Ground,-33770,0,11
2026-09-23T22:12:42.226909766Z,9.772466,114.337815,Cloud to Ground,-27717,0,7
2026-09-23T22:12:42.262537633Z,9.779223,114.366928,Cloud to Cloud,-9612,16693,7
2026-09-23T22:12:42.224953202Z,9.77714,114.29396,Cloud to Cloud,-7571,11333,6
2026-09-23T22:12:43.134674183Z,12.745563,122.011496,Cloud to Cloud,3045,17973,5
2026-09-23T22:12:43.114857140Z,12.742591,122.006551,Cloud to Cloud,3308,10525,5
2026-09-23T22:12:44.945465852Z,11.468167,114.326846,Cloud to Cloud,-11152,3055,9
2026-09-23T22:12:45.114498563Z,5.357774,114.935226,Cloud to Ground,21880,0,7
2026-09-23T22:12:45.750562531Z,5.564909,114.849435,Cloud to Ground,-36116,0,12
2026-09-23T22:12:45.848696607Z,5.573909,114.85988,Cloud to Ground,-19740,0,13
2026-09-23T22:12:46.041977290Z,5.658165,114.830556,Cloud to Ground,-14654,0,10
2026-09-23T22:12:46.277428284Z,17.447215,117.847463,Cloud to Ground,-61293,0,11
2026-09-23T22:12:46.481725425Z,17.463955,117.836395,Cloud to Ground,-41035,0,11
2026-09-23T22:12:46.427349942Z,17.466401,117.836806,Cloud to Ground,-28074,0,13
2026-09-23T22:12:46.340669788Z,17.464479,117.833094,Cloud to Ground,-23930,0,14
2026-09-23T22:12:46.381806148Z,17.465198,117.836211,Cloud to Ground,-22549,0,10
2026-09-23T22:12:46.536449464Z,17.469354,117.836843,Cloud to Ground,-19802,0,12
2026-09-23T22:12:47.766316950Z,3.440951,111.911666,Cloud to Cloud,18649,14700,6
2026-09-23T22:12:51.901032196Z,7.984881,110.561856,Cloud to Ground,16899,0,9
2026-09-23T22:12:51.896261927Z,7.987654,110.564433,Cloud to Ground,23782,0,10
2026-09-23T22:12:51.826371460Z,8.961029,123.577879,Cloud to Ground,-38584,0,8
2026-09-23T22:12:51.461896398Z,14.279269,118.241448,Cloud to Ground,-69204,0,12
2026-09-23T22:12:51.591850927Z,14.294909,118.22942,Cloud to Ground,-21260,0,12
2026-09-23T22:12:51.514176741Z,14.300082,118.225444,Cloud to Ground,-13688,0,10
2026-09-23T22:12:51.547609814Z,14.300932,118.234055,Cloud to Ground,-10182,0,12
2026-09-23T22:12:52.030545744Z,12.749925,122.153721,Cloud to Cloud,3574,15131,5
2026-09-23T22:12:54.219869674Z,4.565829,112.946007,Cloud to Ground,17758,0,7
2026-09-23T22:12:54.309903254Z,11.40106,113.292503,Cloud to Ground,-31666,0,11
2026-09-23T22:12:56.728292932Z,14.290897,118.986841,Cloud to Ground,-23619,0,10
2026-09-23T22:12:58.824927702Z,3.390798,111.987547,Cloud to Ground,13865,0,7
2026-09-23T22:12:58.822761817Z,3.40299,111.995383,Cloud to Ground,18845,0,10
2026-09-23T22:13:02.250701847Z,17.437811,117.8807,Cloud to Cloud,15988,3042,9
2026-09-23T22:13:03.729968502Z,17.736221,119.963636,Cloud to Ground,-39682,0,12
2026-09-23T22:13:04.241946124Z,17.737017,119.96925,Cloud to Ground,-19439,0,14
2026-09-23T22:13:03.750456047Z,17.733177,119.958541,Cloud to Ground,-7956,0,6
2026-09-23T22:13:09.977432792Z,11.186545,113.322897,Cloud to Cloud,-21660,3018,8
2026-09-23T22:13:10.004192162Z,11.196645,113.332616,Cloud to Cloud,-7284,3000,9
2026-09-23T22:13:09.980401560Z,11.117014,113.153808,Cloud to Ground,28428,0,8
2026-09-23T22:13:09.979153684Z,11.146695,113.183786,Cloud to Ground,38713,0,9
2026-09-23T22:13:11.794398475Z,3.517127,112.067185,Cloud to Ground,-23316,0,22
2026-09-23T22:13:11.708250942Z,3.633795,112.032766,Cloud to Ground,-31581,0,12
2026-09-23T22:13:11.876011644Z,3.620945,111.976658,Cloud to Ground,-15196,0,11
2026-09-23T22:13:12.064855634Z,19.172922,120.191722,Cloud to Ground,-21095,0,12
2026-09-23T22:13:15.772249583Z,14.267719,118.241072,Cloud to Ground,-20188,0,10
2026-09-23T22:13:15.870981918Z,14.235418,118.210865,Cloud to Cloud,-13223,18121,10
2026-09-23T22:13:16.894476477Z,11.46039,114.27798,Cloud to Ground,-37314,0,13
2026-09-23T22:13:16.713132627Z,11.464361,114.291083,Cloud to Ground,-19495,0,9
2026-09-23T22:13:16.689181183Z,11.449301,114.290924,Cloud to Ground,-18136,0,13
2026-09-23T22:13:16.768305078Z,11.46681,114.279535,Cloud to Ground,-17561,0,14
2026-09-23T22:13:16.649461487Z,11.451859,114.274053,Cloud to Cloud,-16361,7764,12
2026-09-23T22:13:18.301362152Z,5.556329,114.966996,Cloud to Ground,11556,0,7
2026-09-23T22:13:18.610559248Z,5.477818,114.912386,Cloud to Ground,-12129,0,9
2026-09-23T22:13:18.268344000Z,5.4672,114.8973,Cloud to Ground,14561,0,6
2026-09-23T22:13:18.026518631Z,14.979128,118.684272,Cloud to Cloud,10381,3168,9
2026-09-23T22:13:19.939257373Z,14.2319,118.59556,Cloud to Cloud,-8360,3001,6
2026-09-23T22:13:20.201509332Z,14.217063,118.500356,Cloud to Cloud,-6490,3004,9
2026-09-23T22:13:19.945070602Z,14.226237,118.549677,Cloud to Cloud,-5617,19489,7
2026-09-23T22:13:19.939786359Z,14.217832,118.498417,Cloud to Cloud,5333,3039,6
2026-09-23T22:13:19.940313892Z,14.138421,118.536578,Cloud to Cloud,12929,6462,7
2026-09-23T22:13:25.262564024Z,9.793,114.331134,Cloud to Ground,15491,0,9
2026-09-23T22:13:27.525084292Z,17.46069,117.827378,Cloud to Cloud,2844,5614,6
2026-09-23T22:13:27.514312743Z,17.462108,117.839355,Cloud to Cloud,5371,14799,7
2026-09-23T22:13:27.507813537Z,17.467937,117.851359,Cloud to Cloud,11647,3310,10
2026-09-23T22:13:31.457908570Z,14.660586,118.095064,Cloud to Cloud,-43184,12051,11
2026-09-23T22:13:34.386614404Z,17.614724,119.775067,Cloud to Ground,-11242,0,11
2026-09-23T22:13:34.077221185Z,17.629164,119.80646,Cloud to Cloud,-9082,19202,11
2026-09-23T22:13:36.018517988Z,5.409244,114.791392,Cloud to Ground,15612,0,13
2026-09-23T22:13:37.104691215Z,4.347695,112.410541,Cloud to Ground,-52737,0,11
2026-09-23T22:13:37.182536563Z,4.397724,112.601989,Cloud to Ground,-27138,0,7
2026-09-23T22:13:37.119903785Z,4.403862,112.625787,Cloud to Cloud,-19613,3010,8
2026-09-23T22:13:37.864934267Z,4.388098,112.599638,Cloud to Ground,-17635,0,19
2026-09-23T22:13:37.256247587Z,4.403484,112.622639,Cloud to Ground,-16831,0,19
2026-09-23T22:13:37.420655379Z,4.375375,112.574426,Cloud to Cloud,-16557,12656,12
2026-09-23T22:13:37.467170995Z,4.383632,112.584645,Cloud to Cloud,-10799,10332,14
2026-09-23T22:13:39.213173011Z,5.492506,114.789664,Cloud to Ground,-32547,0,26
2026-09-23T22:13:39.128812178Z,5.56111,114.857561,Cloud to Cloud,-22670,16835,16
2026-09-23T22:13:39.089547069Z,5.506347,114.930816,Cloud to Ground,25782,0,11
2026-09-23T22:13:39.059333180Z,5.535059,114.907984,Cloud to Ground,30613,0,12
2026-09-23T22:13:41.905238102Z,9.699478,114.479683,Cloud to Cloud,-11922,12831,7
2026-09-23T22:13:41.616474729Z,11.729785,113.1118,Cloud to Ground,22242,0,8
2026-09-23T22:13:41.876328898Z,11.569281,112.915297,Cloud to Ground,17940,0,10
2026-09-23T22:13:41.618039615Z,11.662436,112.903313,Cloud to Ground,20964,0,6
2026-09-23T22:13:41.613503485Z,11.607414,112.919367,Cloud to Ground,22709,0,9
2026-09-23T22:13:41.453106063Z,17.491581,117.939593,Cloud to Cloud,15541,14056,7
2026-09-23T22:13:43.249224693Z,14.257962,118.243651,Cloud to Cloud,3779,13534,5
2026-09-23T22:13:43.242017254Z,14.25441,118.247919,Cloud to Cloud,7776,3166,7
2026-09-23T22:13:44.890535788Z,17.715694,119.96148,Cloud to Ground,-28580,0,11
2026-09-23T22:13:44.922597500Z,17.716682,119.952449,Cloud to Ground,-10012,0,9
2026-09-23T22:13:48.008248006Z,17.356191,118.052284,Cloud to Ground,-11725,0,9
2026-09-23T22:13:49.128885977Z,11.46605,114.293794,Cloud to Ground,-17884,0,12
2026-09-23T22:13:48.750935623Z,11.414009,114.209103,Cloud to Cloud,-7016,3215,8
2026-09-23T22:13:48.821094381Z,11.452985,114.281375,Cloud to Cloud,-6599,9773,9
2026-09-23T22:13:50.052203375Z,19.109735,120.295605,Cloud to Ground,-10836,0,13
2026-09-23T22:13:50.050562625Z,19.116841,120.271451,Cloud to Cloud,25041,5713,6
2026-09-23T22:13:50.424406845Z,10.596019,114.804346,Cloud to Cloud,-12886,3069,8
2026-09-23T22:13:50.423610622Z,10.604805,114.806883,Cloud to Cloud,10839,3189,7
2026-09-23T22:13:50.422530718Z,10.626717,114.820469,Cloud to Ground,19791,0,11
2026-09-23T22:13:51.701551332Z,5.512968,114.918029,Cloud to Cloud,-10604,19630,7
2026-09-23T22:13:51.528519949Z,5.624115,114.945174,Cloud to Cloud,-9461,3035,7
2026-09-23T22:13:52.739801325Z,4.25157,112.720123,Cloud to Cloud,13504,3272,6
2026-09-23T22:13:53.532818656Z,4.377527,112.606793,Cloud to Ground,14953,0,8
2026-09-23T22:13:53.544703340Z,4.251006,112.753757,Cloud to Cloud,-11231,6646,6
2026-09-23T22:13:55.686747452Z,17.450934,117.871684,Cloud to Ground,-34403,0,10
2026-09-23T22:13:55.603393469Z,17.43209,117.885422,Cloud to Ground,-24495,0,13
2026-09-23T22:13:55.745565655Z,17.430682,117.893233,Cloud to Cloud,-23572,17564,13
2026-09-23T22:13:55.783348137Z,17.428716,117.881513,Cloud to Cloud,-6043,3000,7
2026-09-23T22:14:05.780880890Z,8.020089,110.598175,Cloud to Cloud,7754,19333,5
2026-09-23T22:14:05.774034136Z,7.971921,110.638508,Cloud to Ground,27329,0,6
2026-09-23T22:14:06.267237927Z,14.394285,118.327313,Cloud to Ground,57363,0,7
2026-09-23T22:14:06.423373625Z,14.330299,118.209638,Cloud to Ground,-28435,0,12
2026-09-23T22:14:06.282490600Z,14.343297,118.250246,Cloud to Ground,-17264,0,5
2026-09-23T22:14:06.270230243Z,14.359522,118.230595,Cloud to Ground,20458,0,12
2026-09-23T22:14:06.277704165Z,14.364402,118.234059,Cloud to Cloud,22181,4911,8
2026-09-23T22:14:06.453034000Z,14.2346,118.8378,Cloud to Ground,-34425,0,5
2026-09-23T22:14:06.458296479Z,14.263607,118.873408,Cloud to Cloud,12962,13678,8
2026-09-23T22:14:06.451426786Z,14.266884,118.890352,Cloud to Cloud,19625,11404,10
2026-09-23T22:14:06.266656850Z,14.24082,118.332254,Cloud to Cloud,17932,19865,9
2026-09-23T22:14:08.206365985Z,5.390794,114.896884,Cloud to Ground,-42794,0,12
2026-09-23T22:14:08.536600113Z,5.428479,114.998982,Cloud to Cloud,19479,3159,10
2026-09-23T22:14:09.802690298Z,14.54734,118.064362,Cloud to Cloud,15737,3220,6
2026-09-23T22:14:09.805888062Z,14.654263,118.160116,Cloud to Cloud,-5469,18456,5
2026-09-23T22:14:09.795634263Z,14.64936,118.093567,Cloud to Cloud,7766,19609,10
2026-09-23T22:14:09.960435937Z,14.639684,118.129798,Cloud to Cloud,15024,3014,10
2026-09-23T22:14:11.479327843Z,4.443107,112.545719,Cloud to Ground,-33676,0,19
2026-09-23T22:14:11.569087599Z,4.372721,112.577871,Cloud to Ground,-20652,0,20
2026-09-23T22:14:11.530921167Z,4.367947,112.590856,Cloud to Ground,-18987,0,24
2026-09-23T22:14:12.720653874Z,4.167064,112.148521,Cloud to Ground,-15248,0,22
2026-09-23T22:14:13.408082747Z,5.546619,114.919868,Cloud to Ground,-19366,0,12
2026-09-23T22:14:13.903277599Z,5.565968,114.910931,Cloud to Ground,-10798,0,7
2026-09-23T22:14:13.404407138Z,5.552621,115.000733,Cloud to Cloud,-8045,13881,8
2026-09-23T22:14:14.381313555Z,17.742867,119.985072,Cloud to Ground,-12641,0,9
2026-09-23T22:14:14.258513037Z,17.730571,119.968613,Cloud to Cloud,-3355,7429,5
2026-09-23T22:14:14.676568865Z,14.25575,118.261484,Cloud to Cloud,-22196,4584,6
2026-09-23T22:14:15.997428685Z,3.554368,111.89704,Cloud to Ground,-54326,0,24
2026-09-23T22:14:16.389941385Z,11.36702,114.30815,Cloud to Ground,-21354,0,7
2026-09-23T22:14:16.345744167Z,11.368882,114.215294,Cloud to Ground,-80484,0,13
2026-09-23T22:14:16.366847129Z,11.362648,114.209136,Cloud to Ground,-24981,0,10
2026-09-23T22:14:15.935943178Z,11.385993,114.191852,Cloud to Ground,-6812,0,7
2026-09-23T22:14:18.211619625Z,21.871086,124.683286,Cloud to Ground,15134,0,12
2026-09-23T22:14:18.250824095Z,17.445436,117.858802,Cloud to Cloud,7858,18847,6
2026-09-23T22:14:18.345770813Z,17.423637,117.824823,Cloud to Cloud,11776,10480,5
2026-09-23T22:14:19.277194378Z,11.38442,113.199764,Cloud to Cloud,-14254,7854,8
2026-09-23T22:14:19.147242678Z,11.371136,113.212233,Cloud to Ground,16096,0,9
2026-09-23T22:14:19.125996232Z,11.449033,113.193862,Cloud to Ground,20334,0,7
2026-09-23T22:14:19.108265681Z,11.374936,113.218483,Cloud to Ground,22373,0,10
2026-09-23T22:14:20.348305839Z,3.341026,112.008772,Cloud to Ground,-50150,0,12
2026-09-23T22:14:23.929704006Z,17.146187,118.333233,Cloud to Cloud,7976,3003,7
2026-09-23T22:14:24.526133105Z,12.752781,122.215836,Cloud to Cloud,9124,5212,7
2026-09-23T22:14:24.154132193Z,12.752556,122.298774,Cloud to Ground,25229,0,7
2026-09-23T22:14:24.174658421Z,12.65716,122.208633,Cloud to Cloud,4152,3295,6
2026-09-23T22:14:29.659992834Z,9.795602,114.362912,Cloud to Cloud,-12998,3016,8
2026-09-23T22:14:30.965375680Z,5.44096,114.894342,Cloud to Cloud,-14510,3012,7
2026-09-23T22:14:31.069197460Z,5.601208,115.044823,Cloud to Cloud,27816,5292,11
2026-09-23T22:14:32.634420167Z,4.621148,112.953831,Cloud to Ground,-16899,0,8
2026-09-23T22:14:32.530793000Z,4.5975,113.0281,Cloud to Ground,20262,0,5
2026-09-23T22:14:32.708589357Z,4.605224,113.010577,Cloud to Ground,27948,0,27
2026-09-23T22:14:33.447415493Z,19.150249,120.203412,Cloud to Ground,-17077,0,13
2026-09-23T22:14:34.116518086Z,19.119397,120.204635,Cloud to Cloud,-13767,7820,5
2026-09-23T22:14:34.774868865Z,12.758442,113.22651,Cloud to Ground,33765,0,8
2026-09-23T22:14:34.190280841Z,19.074586,120.289496,Cloud to Cloud,14076,3415,5
2026-09-23T22:14:37.635280386Z,17.483525,117.918727,Cloud to Cloud,12616,3332,6
2026-09-23T22:14:37.278813275Z,17.441353,117.849016,Cloud to Ground,27274,0,8
2026-09-23T22:14:37.757599726Z,14.644615,118.083235,Cloud to Ground,-34071,0,13
2026-09-23T22:14:37.788801894Z,14.658167,118.107311,Cloud to Ground,-8904,0,9
2026-09-23T22:14:37.367894000Z,17.438,117.7392,Cloud to Ground,-14504,0,5
2026-09-23T22:14:38.374616641Z,4.408967,112.566787,Cloud to Ground,-16247,0,14
2026-09-23T22:14:38.298387379Z,4.396119,112.461993,Cloud to Ground,-50640,0,33
2026-09-23T22:14:37.673739539Z,4.399254,112.44763,Cloud to Ground,-31924,0,27
2026-09-23T22:14:37.620010000Z,4.3839,112.506,Cloud to Ground,-6520,0,6
2026-09-23T22:14:39.599378653Z,5.453681,114.893449,Cloud to Cloud,19044,6054,7
2026-09-23T22:14:42.198295962Z,17.514671,118.168482,Cloud to Ground,-23751,0,12
2026-09-23T22:14:42.384270479Z,17.438095,118.113573,Cloud to Ground,-20774,0,12
2026-09-23T22:14:42.209941961Z,17.420884,118.099762,Cloud to Ground,-15894,0,11
2026-09-23T22:14:42.242089288Z,17.438566,118.118072,Cloud to Ground,-15855,0,12
2026-09-23T22:14:42.664715839Z,17.39755,118.112052,Cloud to Ground,-11509,0,10
2026-09-23T22:14:42.328213000Z,17.4728,118.1379,Cloud to Ground,15770,0,10
2026-09-23T22:14:45.417623215Z,8.3338,110.285657,Cloud to Ground,22048,0,13
2026-09-23T22:14:46.091610688Z,4.478423,112.895755,Cloud to Ground,22283,0,27
2026-09-23T22:14:46.089074994Z,4.466784,112.879433,Cloud to Ground,31609,0,14
2026-09-23T22:14:46.249083182Z,4.513388,112.979688,Cloud to Ground,-15663,0,14
2026-09-23T22:14:46.088155670Z,4.463292,113.006087,Cloud to Ground,19171,0,10
2026-09-23T22:14:46.640543443Z,17.73033,119.945554,Cloud to Ground,-27302,0,11
2026-09-23T22:14:46.966511678Z,17.731201,119.948786,Cloud to Ground,-18367,0,12
2026-09-23T22:14:48.042758290Z,11.504586,113.006703,Cloud to Ground,-103979,0,16
2026-09-23T22:14:48.142155250Z,11.471886,113.037143,Cloud to Ground,-38585,0,14
2026-09-23T22:14:48.167784424Z,11.466762,113.037262,Cloud to Ground,-30414,0,11
2026-09-23T22:14:48.093635074Z,11.495982,113.045938,Cloud to Ground,-28896,0,12
2026-09-23T22:14:48.038312642Z,11.460394,112.951712,Cloud to Cloud,-17795,3207,9
2026-09-23T22:14:48.061964500Z,11.536168,113.126924,Cloud to Ground,-16093,0,9
2026-09-23T22:14:53.329157046Z,12.785646,113.013407,Cloud to Ground,13478,0,7
2026-09-23T22:14:53.023632000Z,12.7704,113.2158,Cloud to Ground,-45264,0,6
2026-09-23T22:14:53.333655231Z,12.838708,113.179704,Cloud to Ground,-25128,0,9
2026-09-23T22:14:54.688130042Z,5.385913,114.709148,Cloud to Ground,-16484,0,11
2026-09-23T22:14:54.583174355Z,5.375784,114.881549,Cloud to Ground,-22071,0,18
2026-09-23T22:14:54.378984723Z,5.523433,114.922784,Cloud to Ground,-11338,0,8
2026-09-23T22:14:54.180868438Z,14.343488,118.281738,Cloud to Ground,-64386,0,13
2026-09-23T22:14:54.467261892Z,14.339334,118.308866,Cloud to Ground,-38786,0,10
2026-09-23T22:14:54.651269870Z,14.341524,118.307814,Cloud to Ground,-32838,0,11
2026-09-23T22:14:54.308092320Z,14.339904,118.265664,Cloud to Ground,-21198,0,8
2026-09-23T22:14:54.380239965Z,14.330831,118.299371,Cloud to Ground,-18474,0,10
2026-09-23T22:14:54.877105943Z,14.340017,118.300261,Cloud to Ground,-17253,0,8
2026-09-23T22:14:58.414260526Z,11.404602,113.298595,Cloud to Ground,-63299,0,16
2026-09-23T22:14:58.531259000Z,11.4314,113.2676,Cloud to Ground,-45759,0,6
2026-09-23T22:14:58.503398038Z,11.407783,113.304546,Cloud to Ground,-45085,0,14
2026-09-23T22:14:58.605072167Z,11.398857,113.302499,Cloud to Ground,-34610,0,10
2026-09-23T22:14:58.692430900Z,11.381677,113.297796,Cloud to Ground,-28236,0,9
2026-09-23T22:14:58.551526086Z,11.405547,113.292894,Cloud to Ground,-24607,0,9
2026-09-23T22:15:00.942935314Z,4.399768,112.61967,Cloud to Ground,41690,0,36
2026-09-23T22:15:00.740589412Z,17.463606,117.885581,Cloud to Cloud,-10242,3040,6
2026-09-23T22:15:00.662706011Z,17.464556,117.863689,Cloud to Ground,34221,0,13
2026-09-23T22:15:00.893937000Z,11.902,114.1562,Cloud to Ground,-14676,0,5
2026-09-23T22:15:00.904459441Z,11.906103,114.200671,Cloud to Ground,-7105,0,6
2026-09-23T22:15:00.894933159Z,11.905893,114.206939,Cloud to Ground,16324,0,13
2026-09-23T22:15:01.200049109Z,4.398887,112.497297,Cloud to Ground,-16159,0,9
2026-09-23T22:15:03.752777000Z,12.7469,122.0186,Cloud to Ground,-33731,0,8
2026-09-23T22:15:03.838454000Z,12.7637,122.0458,Cloud to Ground,-16485,0,5
2026-09-23T22:15:04.117217587Z,12.749806,122.15912,Cloud to Ground,-19401,0,9
2026-09-23T22:15:04.118342521Z,12.70992,122.184217,Cloud to Ground,-9529,0,8
2026-09-23T22:15:03.880462546Z,12.703825,122.118895,Cloud to Ground,-6401,0,7
2026-09-23T22:15:04.430855802Z,12.752677,122.159761,Cloud to Ground,-5027,0,7
2026-09-23T22:15:04.435981889Z,12.760132,122.244086,Cloud to Cloud,4116,19135,6
2026-09-23T22:15:05.110872756Z,11.484247,114.377293,Cloud to Cloud,-10663,12236,8
2026-09-23T22:15:05.102578336Z,11.43565,114.308716,Cloud to Ground,19821,0,6
2026-09-23T22:15:05.721889287Z,11.15892,113.166783,Cloud to Ground,19252,0,7
2026-09-23T22:15:07.995381441Z,4.319815,112.461547,Cloud to Cloud,-8854,4287,5
2026-09-23T22:15:07.281504261Z,14.18609,118.460756,Cloud to Ground,-19653,0,10
2026-09-23T22:15:07.349407037Z,14.190053,118.460905,Cloud to Ground,-13507,0,11
2026-09-23T22:15:07.156154425Z,14.179248,118.457107,Cloud to Cloud,-6235,13085,7
2026-09-23T22:15:08.324902999Z,19.032227,120.651143,Cloud to Ground,-27896,0,11
2026-09-23T22:15:12.701857200Z,4.145243,112.27244,Cloud to Ground,-60541,0,12
2026-09-23T22:15:12.689997603Z,4.159271,112.314349,Cloud to Cloud,-22391,3344,13
2026-09-23T22:15:12.115754845Z,3.266832,112.110651,Cloud to Cloud,11632,7135,5
2026-09-23T22:15:13.672258211Z,3.613323,112.113644,Cloud to Cloud,-12234,3138,12
2026-09-23T22:15:13.102973008Z,5.535311,114.936612,Cloud to Cloud,-6608,3012,7
2026-09-23T22:15:14.412104518Z,17.40367,117.900037,Cloud to Cloud,-3293,15311,5
2026-09-23T22:15:14.310708914Z,17.465145,117.815996,Cloud to Cloud,11144,5525,6
2026-09-23T22:15:15.359724053Z,4.33574,112.848415,Cloud to Ground,-22771,0,10
2026-09-23T22:15:15.359198655Z,4.33611,112.842403,Cloud to Ground,-11203,0,9
2026-09-23T22:15:15.361029064Z,4.367731,112.771121,Cloud to Cloud,10597,3005,8
2026-09-23T22:15:15.345259762Z,11.404312,113.278676,Cloud to Ground,13060,0,7
2026-09-23T22:15:15.348460033Z,11.238154,113.314545,Cloud to Cloud,12184,19235,7
2026-09-23T22:15:18.379308751Z,6.410331,126.13663,Cloud to Ground,-19752,0,12
2026-09-23T22:15:18.292662251Z,6.059251,126.253432,Cloud to Ground,-59176,0,28
2026-09-23T22:15:18.355418912Z,6.130379,126.296125,Cloud to Ground,-43969,0,15
2026-09-23T22:15:18.311794646Z,6.078132,126.344186,Cloud to Ground,-27696,0,25
2026-09-23T22:15:18.399942598Z,6.128463,126.31453,Cloud to Ground,-25155,0,15
2026-09-23T22:15:18.332797865Z,6.054524,126.352318,Cloud to Ground,-23218,0,22
2026-09-23T22:15:23.271443445Z,14.689011,118.243177,Cloud to Cloud,-3950,10959,7
2026-09-23T22:15:23.466537513Z,14.636821,118.094895,Cloud to Cloud,-9864,18324,6
2026-09-23T22:15:23.444288275Z,14.661019,118.078203,Cloud to Cloud,-6519,14437,7
2026-09-23T22:15:24.708794547Z,8.505433,110.569154,Cloud to Ground,20184,0,6
2026-09-23T22:15:24.324576182Z,14.14411,117.606783,Cloud to Ground,-54878,0,12
2026-09-23T22:15:24.391179042Z,14.143576,117.605224,Cloud to Cloud,-5668,5753,7
2026-09-23T22:15:24.248312580Z,14.198316,117.734851,Cloud to Cloud,-5862,17659,7
2026-09-23T22:15:24.142363468Z,14.191907,117.702692,Cloud to Cloud,5367,3707,8
2026-09-23T22:15:24.144451501Z,14.135178,117.772486,Cloud to Cloud,7995,10070,7
2026-09-23T22:15:24.322343086Z,14.109044,117.778469,Cloud to Cloud,12729,7340,6
2026-09-23T22:15:24.530904082Z,14.301139,117.667614,Cloud to Ground,-13565,0,6
2026-09-23T22:15:25.676394456Z,12.756837,122.183938,Cloud to Cloud,2749,16127,5
2026-09-23T22:15:25.578490959Z,12.693712,122.19099,Cloud to Cloud,3990,4739,7
2026-09-23T22:15:26.750650645Z,17.739847,119.986467,Cloud to Ground,-25735,0,13
2026-09-23T22:15:26.812491044Z,17.738799,119.981014,Cloud to Ground,-21256,0,11
2026-09-23T22:15:26.858964051Z,17.736777,119.975934,Cloud to Ground,-14696,0,10
2026-09-23T22:15:26.893946800Z,17.73857,119.98368,Cloud to Ground,-12653,0,11
2026-09-23T22:15:27.959843018Z,14.250576,118.253113,Cloud to Cloud,-29987,10826,13
2026-09-23T22:15:27.958420372Z,14.184504,118.308909,Cloud to Cloud,16239,3006,7
2026-09-23T22:15:31.779062456Z,5.572046,114.865673,Cloud to Ground,-24209,0,18
2026-09-23T22:15:31.686924654Z,5.499415,114.914619,Cloud to Ground,-13772,0,22
2026-09-23T22:15:31.246833981Z,5.390515,114.895888,Cloud to Cloud,-12960,3014,8
2026-09-23T22:15:31.205430663Z,5.446151,114.847844,Cloud to Ground,-12658,0,17
2026-09-23T22:15:31.645788284Z,5.52636,114.931166,Cloud to Ground,-12599,0,6
2026-09-23T22:15:31.202700829Z,5.379606,114.89845,Cloud to Ground,12887,0,8
2026-09-23T22:15:33.753607469Z,11.506861,113.000178,Cloud to Ground,-50719,0,15
2026-09-23T22:15:33.898160664Z,11.372497,112.987316,Cloud to Ground,-11445,0,6
2026-09-23T22:15:33.187006641Z,14.247597,118.925852,Cloud to Ground,-10191,0,8
2026-09-23T22:15:33.113151000Z,14.1845,118.623,Cloud to Ground,-46037,0,7
2026-09-23T22:15:34.989293039Z,17.366629,118.057955,Cloud to Ground,-19770,0,13
2026-09-23T22:15:34.927769630Z,17.365445,118.059711,Cloud to Ground,-17344,0,7
2026-09-23T22:15:34.879597612Z,17.367117,118.058282,Cloud to Ground,-13871,0,10
2026-09-23T22:15:35.613316763Z,17.368185,118.060789,Cloud to Ground,-13276,0,9
2026-09-23T22:15:34.816716706Z,17.339281,118.052615,Cloud to Ground,-10933,0,7
2026-09-23T22:15:35.493082334Z,17.366681,118.047432,Cloud to Ground,-9403,0,7
2026-09-23T22:15:36.084308243Z,17.372029,118.055266,Cloud to Ground,-9288,0,6
2026-09-23T22:15:35.919780767Z,17.365812,118.05029,Cloud to Cloud,-7355,12563,6
2026-09-23T22:15:36.031976508Z,17.366005,118.050292,Cloud to Cloud,-6672,15502,7
2026-09-23T22:15:35.957490629Z,17.367707,118.045267,Cloud to Ground,-5652,0,5
2026-09-23T22:15:34.730490353Z,17.345737,118.051672,Cloud to Cloud,16321,3659,12
2026-09-23T22:15:35.819597898Z,17.41089,117.943731,Cloud to Ground,-7662,0,6
2026-09-23T22:15:35.437785885Z,17.438119,117.861286,Cloud to Cloud,-6857,3368,7
2026-09-23T22:15:35.293762808Z,17.452197,117.861957,Cloud to Cloud,10073,5473,10
2026-09-23T22:15:35.305494855Z,17.462028,117.855729,Cloud to Cloud,12156,3009,6
2026-09-23T22:15:40.664559138Z,5.630822,124.889785,Cloud to Ground,-34308,0,20
2026-09-23T22:15:40.414956288Z,11.388596,113.318407,Cloud to Ground,-27916,0,6
2026-09-23T22:15:40.356054655Z,11.44185,113.375926,Cloud to Ground,-13709,0,12
2026-09-23T22:15:40.324935448Z,11.399655,113.287064,Cloud to Ground,18550,0,7
2026-09-23T22:15:41.096616863Z,4.143131,112.172564,Cloud to Ground,-39422,0,32
2026-09-23T22:15:41.141242691Z,4.205499,112.215804,Cloud to Ground,-20216,0,8
2026-09-23T22:15:41.234047386Z,4.128692,112.277314,Cloud to Ground,-17426,0,20
2026-09-23T22:15:41.795898582Z,19.104745,120.283269,Cloud to Ground,-41643,0,13
2026-09-23T22:15:41.736470502Z,19.119214,120.271039,Cloud to Ground,-25618,0,16
2026-09-23T22:15:42.122758413Z,19.068063,120.314299,Cloud to Ground,-10457,0,7
2026-09-23T22:15:41.752427909Z,19.09471,120.25921,Cloud to Cloud,7237,3004,6
2026-09-23T22:15:41.971548097Z,19.145463,120.315489,Cloud to Cloud,13040,10202,6
2026-09-23T22:15:41.660720534Z,11.476742,114.259118,Cloud to Ground,-26753,0,6
2026-09-23T22:15:41.478896047Z,11.56383,114.395035,Cloud to Cloud,-18873,3853,7
2026-09-23T22:15:41.664154124Z,11.38253,114.129738,Cloud to Ground,-22352,0,6
2026-09-23T22:15:41.668713001Z,11.378814,114.173803,Cloud to Cloud,-20067,10748,5
2026-09-23T22:15:44.072660401Z,5.380114,114.866868,Cloud to Cloud,9116,4723,9
2026-09-23T22:15:44.581189295Z,4.389705,112.4596,Cloud to Ground,15037,0,5
2026-09-23T22:15:44.401125376Z,4.407912,112.510077,Cloud to Ground,28404,0,10
2026-09-23T22:15:44.041001700Z,8.958482,123.611772,Cloud to Ground,-51582,0,19
2026-09-23T22:15:48.046733267Z,3.416339,111.777205,Cloud to Cloud,7881,5992,9
2026-09-23T22:15:50.372910835Z,9.878405,114.469362,Cloud to Cloud,-6537,17523,7
2026-09-23T22:15:50.220160496Z,9.746666,114.322191,Cloud to Cloud,18966,15137,7
2026-09-23T22:15:50.658455678Z,17.451462,117.849176,Cloud to Cloud,7988,4072,9
2026-09-23T22:15:51.898886454Z,14.355354,118.279483,Cloud to Ground,-66522,0,14
2026-09-23T22:15:52.147921147Z,14.338374,118.25185,Cloud to Ground,-26565,0,11
2026-09-23T22:15:52.232050726Z,14.361718,118.26065,Cloud to Ground,-19519,0,9
2026-09-23T22:15:52.290561054Z,14.352211,118.246863,Cloud to Ground,-19048,0,10
2026-09-23T22:15:52.208461970Z,14.353997,118.222592,Cloud to Cloud,-13926,17387,9
2026-09-23T22:15:52.182463540Z,14.343593,118.25027,Cloud to Ground,-10738,0,9
2026-09-23T22:15:51.889509520Z,14.328659,118.336423,Cloud to Cloud,-9439,19073,8
2026-09-23T22:15:54.268722875Z,5.532855,114.889021,Cloud to Ground,-16924,0,20
2026-09-23T22:15:54.227517363Z,5.536428,114.919666,Cloud to Ground,-15839,0,12
2026-09-23T22:15:54.200054000Z,5.5572,114.7786,Cloud to Ground,-3672,0,5
2026-09-23T22:16:01.589006916Z,14.658123,118.075309,Cloud to Cloud,3658,4436,6
2026-09-23T22:16:01.598228281Z,14.661286,118.085563,Cloud to Ground,7524,0,9
2026-09-23T22:16:03.843810625Z,5.548713,114.937484,Cloud to Ground,-19657,0,15
2026-09-23T22:16:03.879947517Z,5.546551,114.932981,Cloud to Cloud,-10635,7466,6
2026-09-23T22:16:03.885302000Z,4.4763,112.8983,Cloud to Ground,-14527,0,7
2026-09-23T22:16:06.130283477Z,14.245716,118.255769,Cloud to Cloud,-4025,15373,5
2026-09-23T22:16:07.802681839Z,3.23519,111.959602,Cloud to Ground,-11846,0,8
2026-09-23T22:16:08.193907006Z,17.721185,119.957648,Cloud to Ground,-39064,0,10
2026-09-23T22:16:08.082002178Z,17.728992,119.956027,Cloud to Ground,-28872,0,12
2026-09-23T22:16:08.031410083Z,17.730306,119.958606,Cloud to Ground,-25312,0,11
2026-09-23T22:16:08.115504240Z,17.726102,119.948086,Cloud to Ground,-13510,0,10
2026-09-23T22:16:10.534058800Z,5.520449,114.903882,Cloud to Ground,-15401,0,16
2026-09-23T22:16:12.350607247Z,3.388625,111.929625,Cloud to Ground,-25729,0,14
2026-09-23T22:16:13.031897902Z,17.468752,117.803664,Cloud to Cloud,-11104,7166,7
2026-09-23T22:16:13.099611900Z,17.461825,117.833138,Cloud to Cloud,-5520,8998,8
2026-09-23T22:16:12.994691961Z,17.496557,117.819484,Cloud to Cloud,-5289,14172,6
2026-09-23T22:16:12.920012106Z,17.468032,117.799758,Cloud to Cloud,-4260,5266,8
2026-09-23T22:16:13.127550062Z,17.474384,117.796258,Cloud to Cloud,8988,16601,6
2026-09-23T22:16:15.712109049Z,19.231968,120.222307,Cloud to Cloud,-9128,10043,8
2026-09-23T22:16:15.726584748Z,19.142791,120.20062,Cloud to Ground,-44289,0,18
2026-09-23T22:16:20.905690007Z,9.837549,114.388201,Cloud to Ground,-32674,0,7
2026-09-23T22:16:20.545876739Z,9.850149,114.39684,Cloud to Ground,-26397,0,15
2026-09-23T22:16:20.486680183Z,9.859608,114.38995,Cloud to Ground,-19868,0,14
2026-09-23T22:16:20.707298932Z,9.873062,114.479049,Cloud to Ground,-9470,0,7
2026-09-23T22:16:22.423806172Z,5.46142,114.858635,Cloud to Ground,15839,0,10
2026-09-23T22:16:22.216109703Z,5.334883,114.848462,Cloud to Ground,-23338,0,18
2026-09-23T22:16:25.925569632Z,4.526882,112.677737,Cloud to Ground,-21572,0,14
2026-09-23T22:16:25.922407823Z,4.425143,112.512688,Cloud to Ground,20092,0,6
2026-09-23T22:16:26.562175404Z,11.48159,114.381478,Cloud to Cloud,-7940,3672,7
2026-09-23T22:16:26.017762515Z,11.47728,114.323392,Cloud to Ground,16679,0,14
2026-09-23T22:16:29.696779408Z,14.990287,117.208438,Cloud to Ground,-9184,0,10
2026-09-23T22:16:29.658463228Z,14.991312,117.226887,Cloud to Cloud,-7833,19482,10
2026-09-23T22:16:31.725465535Z,14.643069,118.074995,Cloud to Ground,-44407,0,10
2026-09-23T22:16:31.713057077Z,14.59517,118.128866,Cloud to Cloud,-22324,12524,8
2026-09-23T22:16:31.782829825Z,14.64003,118.09725,Cloud to Ground,-19820,0,10
2026-09-23T22:16:31.812245933Z,14.644107,118.098758,Cloud to Cloud,-7247,19979,8
2026-09-23T22:16:32.204416647Z,14.67142,118.168157,Cloud to Cloud,-6163,9021,6
2026-09-23T22:16:31.784353100Z,14.672903,118.104403,Cloud to Cloud,9379,6332,6
2026-09-23T22:16:32.406251884Z,17.403629,117.890963,Cloud to Cloud,-4749,19364,5
2026-09-23T22:16:32.125721689Z,17.456653,117.869511,Cloud to Cloud,8351,6492,6
2026-09-23T22:16:32.106140129Z,17.462275,117.877681,Cloud to Cloud,13725,13528,9
2026-09-23T22:16:32.197724977Z,17.457333,117.877845,Cloud to Ground,22531,0,10
2026-09-23T22:16:32.069050931Z,17.453507,117.851115,Cloud to Cloud,25034,7346,13
2026-09-23T22:16:33.562516936Z,9.834015,114.357271,Cloud to Cloud,7740,7652,5
2026-09-23T22:16:33.452686308Z,13.356605,112.91826,Cloud to Ground,23793,0,10
2026-09-23T22:16:36.432849366Z,8.465197,110.477655,Cloud to Ground,34536,0,7
2026-09-23T22:16:37.929620030Z,19.038475,120.640971,Cloud to Ground,-61061,0,9
2026-09-23T22:16:37.987204350Z,19.029256,120.652365,Cloud to Ground,-38116,0,12
2026-09-23T22:16:38.026207367Z,19.05187,120.647671,Cloud to Ground,-25947,0,9
2026-09-23T22:16:37.406676427Z,15.000091,116.779485,Cloud to Ground,-19316,0,11
2026-09-23T22:16:37.785125620Z,12.687656,122.205002,Cloud to Cloud,23523,10490,10
2026-09-23T22:16:38.311138410Z,8.32786,110.306012,Cloud to Ground,36006,0,12
2026-09-23T22:16:38.292243065Z,4.681647,113.118983,Cloud to Ground,-29806,0,17
2026-09-23T22:16:38.347111780Z,4.695436,113.12362,Cloud to Ground,-17568,0,10
2026-09-23T22:16:38.389866639Z,4.593997,113.113866,Cloud to Ground,-16488,0,18
2026-09-23T22:16:39.406535312Z,3.526996,111.82143,Cloud to Ground,-25434,0,10
2026-09-23T22:16:39.342816334Z,3.564145,111.903415,Cloud to Ground,-15398,0,22
2026-09-23T22:16:42.398051980Z,5.464181,114.841873,Cloud to Ground,13175,0,13
2026-09-23T22:16:47.461644456Z,14.361467,118.251571,Cloud to Cloud,-16980,19812,7
2026-09-23T22:16:47.369857844Z,14.299746,118.436962,Cloud to Ground,-44109,0,11
2026-09-23T22:16:47.459426204Z,14.306176,118.437421,Cloud to Ground,-15593,0,10
2026-09-23T22:16:46.735560915Z,14.315824,118.422114,Cloud to Cloud,11486,9311,9
2026-09-23T22:16:47.892023024Z,17.445172,117.858962,Cloud to Ground,-19768,0,12
2026-09-23T22:16:49.458739145Z,5.406288,114.788978,Cloud to Ground,-22377,0,26
2026-09-23T22:16:49.495965302Z,5.386749,114.765753,Cloud to Cloud,-22050,6159,28
2026-09-23T22:16:56.746972626Z,5.621426,114.907989,Cloud to Ground,-27230,0,22
2026-09-23T22:16:56.940017061Z,5.545158,114.945423,Cloud to Cloud,-14536,3042,15
2026-09-23T22:16:56.841464297Z,5.615674,114.899345,Cloud to Ground,-11943,0,12
2026-09-23T22:16:57.068803152Z,5.611728,114.897306,Cloud to Ground,-11835,0,10
2026-09-23T22:16:56.751823549Z,4.370452,112.739519,Cloud to Ground,-17976,0,11
2026-09-23T22:16:56.803781542Z,4.135566,112.169983,Cloud to Ground,-12014,0,22
2026-09-23T22:16:56.716530640Z,4.335029,112.863387,Cloud to Ground,-82590,0,18
2026-09-23T22:16:56.712103891Z,4.21917,112.750093,Cloud to Ground,-9753,0,12
2026-09-23T22:16:58.160388890Z,17.357898,118.092029,Cloud to Ground,-36893,0,13
2026-09-23T22:16:58.150703806Z,17.356033,118.033945,Cloud to Cloud,-10268,3061,8
2026-09-23T22:16:58.010662000Z,4.3307,112.9196,Cloud to Ground,19709,0,12
2026-09-23T22:17:00.215825000Z,4.4123,112.4935,Cloud to Ground,-24351,0,5
2026-09-23T22:17:00.281479603Z,4.357122,112.584326,Cloud to Ground,-18833,0,22
2026-09-23T22:17:00.401000486Z,4.372359,112.56668,Cloud to Ground,-16234,0,21
2026-09-23T22:17:00.937014436Z,4.376292,112.580792,Cloud to Cloud,-15232,4786,10
2026-09-23T22:17:00.667223649Z,17.413584,117.850458,Cloud to Cloud,-16414,3033,7
2026-09-23T22:17:00.673680968Z,17.471636,117.863702,Cloud to Cloud,11084,17948,8
2026-09-23T22:17:01.889144137Z,11.681918,112.898936,Cloud to Ground,7782,0,6
2026-09-23T22:17:01.885521855Z,11.622156,113.050141,Cloud to Ground,15311,0,7
2026-09-23T22:17:01.882878638Z,11.540917,112.955819,Cloud to Ground,23455,0,13
2026-09-23T22:17:01.883487281Z,11.562828,113.033395,Cloud to Ground,25493,0,10
2026-09-23T22:17:05.658432010Z,5.38695,114.883351,Cloud to Ground,-20390,0,11
2026-09-23T22:17:05.717151241Z,5.403339,114.875077,Cloud to Cloud,-18354,10615,9
2026-09-23T22:17:05.531590169Z,5.385731,114.877983,Cloud to Ground,-14929,0,22
2026-09-23T22:17:05.374497522Z,5.3783,114.887928,Cloud to Ground,-13997,0,15
2026-09-23T22:17:05.770539301Z,5.453607,114.826702,Cloud to Ground,-13995,0,12
2026-09-23T22:17:05.295226639Z,5.459426,114.900886,Cloud to Ground,-8641,0,6
2026-09-23T22:17:05.309056000Z,5.3898,114.8013,Cloud to Ground,15846,0,5
2026-09-23T22:17:07.312178045Z,8.519885,110.508301,Cloud to Ground,23651,0,7
2026-09-23T22:17:09.662887618Z,3.412923,111.90776,Cloud to Cloud,-9027,7140,5
2026-09-23T22:17:11.702494544Z,8.464695,110.476893,Cloud to Ground,26570,0,9
2026-09-23T22:17:12.078745671Z,5.573212,114.777802,Cloud to Ground,-15487,0,10
2026-09-23T22:17:12.169073000Z,5.6052,115.178,Cloud to Ground,-13401,0,6
2026-09-23T22:17:12.286553439Z,9.846778,114.302421,Cloud to Cloud,18100,4455,7
2026-09-23T22:17:12.269157947Z,9.870807,114.396284,Cloud to Cloud,-7721,17244,9
2026-09-23T22:17:13.103930772Z,3.580137,111.931537,Cloud to Ground,17461,0,16
2026-09-23T22:17:14.597100425Z,17.732847,119.956444,Cloud to Ground,-44845,0,12
2026-09-23T22:17:14.444718000Z,17.732966,119.962273,Cloud to Ground,-37460,0,14
2026-09-23T22:17:14.363731716Z,17.726627,119.970486,Cloud to Ground,-20084,0,13
2026-09-23T22:17:14.472430991Z,17.732012,119.958425,Cloud to Ground,-18079,0,10
2026-09-23T22:17:14.474203421Z,17.725706,119.959629,Cloud to Ground,-8099,0,6
2026-09-23T22:17:14.389780034Z,17.709235,119.963278,Cloud to Cloud,-2161,12398,6
2026-09-23T22:17:23.704190166Z,3.419225,111.759319,Cloud to Ground,-14437,0,14
2026-09-23T22:17:23.398260761Z,5.549252,114.92286,Cloud to Ground,15426,0,16
2026-09-23T22:17:23.412786000Z,5.5505,114.9281,Cloud to Ground,21686,0,5
2026-09-23T22:17:24.009361472Z,14.600617,118.148593,Cloud to Cloud,11261,14180,8
2026-09-23T22:17:24.011782560Z,14.667817,118.075673,Cloud to Cloud,14956,4689,9
2026-09-23T22:17:24.007429924Z,14.666624,118.079399,Cloud to Cloud,14974,4503,10
2026-09-23T22:17:24.008915523Z,14.552995,118.049753,Cloud to Cloud,16184,9167,8
2026-09-23T22:17:24.241816638Z,19.107713,120.27178,Cloud to Ground,-66490,0,17
2026-09-23T22:17:24.207526874Z,19.109427,120.284604,Cloud to Ground,-40257,0,15
2026-09-23T22:17:24.412854321Z,19.114803,120.260656,Cloud to Ground,-24578,0,11
2026-09-23T22:17:24.691036163Z,19.118664,120.276724,Cloud to Ground,-18405,0,10
2026-09-23T22:17:24.269697221Z,19.106474,120.276695,Cloud to Ground,-15959,0,7
2026-09-23T22:17:24.457854256Z,19.116489,120.279198,Cloud to Ground,-15889,0,10
2026-09-23T22:17:24.387837484Z,19.114734,120.282699,Cloud to Cloud,-9899,10530,6
2026-09-23T22:17:24.803120692Z,19.107047,120.257664,Cloud to Ground,-7570,0,7
2026-09-23T22:17:24.224129356Z,19.089556,120.234578,Cloud to Cloud,-3300,4537,7
2026-09-23T22:17:25.314992641Z,15.947265,113.683076,Cloud to Ground,-15027,0,11
2026-09-23T22:17:28.510961628Z,12.694493,122.179956,Cloud to Cloud,16439,18960,7
2026-09-23T22:17:28.512781058Z,12.698191,122.197882,Cloud to Cloud,19654,6617,11
2026-09-23T22:17:29.524889767Z,5.641829,124.864952,Cloud to Ground,-18728,0,19
2026-09-23T22:17:29.468254553Z,11.634975,114.250782,Cloud to Ground,-12718,0,10
2026-09-23T22:17:29.407483000Z,11.5214,114.2016,Cloud to Ground,9899,0,5
2026-09-23T22:17:29.408981095Z,11.539853,114.267936,Cloud to Cloud,11277,3000,8
2026-09-23T22:17:30.383990687Z,17.418324,117.830735,Cloud to Cloud,5988,14985,5
2026-09-23T22:17:30.134916284Z,17.437451,117.866044,Cloud to Cloud,9991,3033,10
2026-09-23T22:17:31.143417955Z,19.065121,120.639215,Cloud to Ground,-49835,0,12
2026-09-23T22:17:31.197142068Z,19.061844,120.638247,Cloud to Ground,-30367,0,12
2026-09-23T22:17:31.231452000Z,19.0735,120.6832,Cloud to Ground,-20043,0,7
2026-09-23T22:17:31.329246847Z,19.064979,120.643005,Cloud to Ground,-14739,0,10
2026-09-23T22:17:31.175184673Z,19.031216,120.564719,Cloud to Ground,-13894,0,9
2026-09-23T22:17:34.523135960Z,5.637641,114.912426,Cloud to Cloud,-14356,4818,11
2026-09-23T22:17:35.110486558Z,11.900869,114.190446,Cloud to Cloud,-13291,3903,8
2026-09-23T22:17:35.108841407Z,11.909087,114.19023,Cloud to Ground,16030,0,7
2026-09-23T22:17:35.107703537Z,11.859817,114.131089,Cloud to Ground,21441,0,9
2026-09-23T22:17:36.835615822Z,5.382373,114.864301,Cloud to Ground,-12728,0,11
2026-09-23T22:17:42.518774840Z,3.469965,112.06975,Cloud to Ground,37811,0,11
2026-09-23T22:17:42.331509628Z,11.839409,122.279412,Cloud to Cloud,16320,3052,8
2026-09-23T22:17:42.330148644Z,11.845245,122.272562,Cloud to Cloud,39097,5847,9
2026-09-23T22:17:43.076068016Z,17.45216,118.123634,Cloud to Ground,-56870,0,7
2026-09-23T22:17:43.312242951Z,17.423792,118.106769,Cloud to Ground,-25512,0,12
2026-09-23T22:17:43.491974204Z,17.421085,118.104397,Cloud to Ground,-21937,0,14
2026-09-23T22:17:43.588729509Z,17.417013,118.105255,Cloud to Ground,-18239,0,11
2026-09-23T22:17:43.070650476Z,17.437911,118.091412,Cloud to Cloud,-16531,15668,6
2026-09-23T22:17:43.166417556Z,17.421122,118.115337,Cloud to Ground,-15527,0,10
2026-09-23T22:17:43.244948997Z,17.423101,118.104455,Cloud to Ground,-15087,0,14
2026-09-23T22:17:45.640535994Z,13.827237,117.391187,Cloud to Cloud,-47164,3004,12
2026-09-23T22:17:45.650312139Z,13.902374,117.315666,Cloud to Ground,-58638,0,12
2026-09-23T22:17:45.800580306Z,13.897651,117.318584,Cloud to Ground,-26454,0,11
2026-09-23T22:17:45.741011137Z,13.894881,117.326431,Cloud to Ground,-17116,0,11
2026-09-23T22:17:47.733119739Z,11.402769,113.142816,Cloud to Ground,-9893,0,9
2026-09-23T22:17:47.576295450Z,11.503629,113.148251,Cloud to Ground,-15021,0,7
2026-09-23T22:17:47.651408074Z,17.469782,117.860871,Cloud to Cloud,-3850,6424,5
2026-09-23T22:17:47.934268595Z,17.441555,117.798931,Cloud to Cloud,-3462,17881,5
2026-09-23T22:17:47.770277822Z,17.457197,117.854135,Cloud to Cloud,5099,9637,5
2026-09-23T22:17:47.628988395Z,11.408874,113.295275,Cloud to Ground,-25828,0,13
2026-09-23T22:17:51.302062326Z,9.687043,114.351558,Cloud to Ground,28631,0,7
2026-09-23T22:17:51.768106187Z,14.619594,118.121775,Cloud to Ground,-32415,0,11
2026-09-23T22:17:51.995187586Z,14.658047,118.130532,Cloud to Ground,-31060,0,9
2026-09-23T22:17:51.929582152Z,14.604987,118.128561,Cloud to Ground,-19064,0,11
2026-09-23T22:17:51.823444644Z,14.635899,118.107091,Cloud to Ground,-17927,0,13
2026-09-23T22:17:52.321895677Z,14.608439,118.12318,Cloud to Ground,-13958,0,11
2026-09-23T22:17:52.093092227Z,14.616115,118.121977,Cloud to Ground,-13653,0,10
2026-09-23T22:17:51.866378000Z,14.6226,117.981,Cloud to Ground,-12668,0,6
2026-09-23T22:17:53.912458959Z,5.398301,114.716527,Cloud to Ground,-12640,0,11
2026-09-23T22:17:53.941951221Z,5.482022,114.8756,Cloud to Cloud,-9222,3378,16
2026-09-23T22:17:54.956859410Z,21.894127,124.776658,Cloud to Cloud,5252,11075,6
2026-09-23T22:17:55.631646606Z,5.524837,114.92335,Cloud to Ground,-18121,0,12
2026-09-23T22:17:55.013419366Z,14.240275,118.82292,Cloud to Cloud,-53047,3012,8
2026-09-23T22:17:55.041072762Z,14.254724,118.882896,Cloud to Ground,-14457,0,11
2026-09-23T22:17:55.007763348Z,14.262585,118.882745,Cloud to Cloud,-13870,13595,13
2026-09-23T22:17:55.050115799Z,14.257181,118.884495,Cloud to Cloud,-8819,3005,8
2026-09-23T22:17:55.489619000Z,5.5976,114.7497,Cloud to Ground,-3008,0,5
2026-09-23T22:17:56.578023570Z,14.307806,117.644724,Cloud to Ground,-63013,0,10
2026-09-23T22:17:56.630473840Z,14.306133,117.620156,Cloud to Ground,-22903,0,12
2026-09-23T22:17:56.614269717Z,14.30922,117.635967,Cloud to Ground,-20165,0,9
2026-09-23T22:17:56.652961053Z,14.28259,117.677415,Cloud to Cloud,-14861,7586,10
2026-09-23T22:17:56.575907865Z,14.23742,117.702381,Cloud to Ground,-9148,0,7
2026-09-23T22:17:58.396377234Z,3.543194,112.024256,Cloud to Ground,-13682,0,14
2026-09-23T22:17:58.222012000Z,3.5437,111.9482,Cloud to Ground,19872,0,5
2026-09-23T22:18:03.898324266Z,19.163421,120.155881,Cloud to Ground,-59179,0,14
2026-09-23T22:18:03.967125521Z,19.147047,120.181761,Cloud to Ground,-27187,0,8
2026-09-23T22:18:04.960212000Z,17.7318,119.8331,Cloud to Ground,-15104,0,9
2026-09-23T22:18:05.462592503Z,3.669562,119.196988,Cloud to Ground,-9566,0,12
2026-09-23T22:18:05.326485315Z,3.594278,119.280511,Cloud to Ground,-9586,0,10
2026-09-23T22:18:04.788211131Z,17.708276,119.965167,Cloud to Cloud,7069,14140,6
2026-09-23T22:18:05.092492699Z,17.737417,119.961806,Cloud to Cloud,8302,17811,6
2026-09-23T22:18:05.096694233Z,17.806201,120.004829,Cloud to Cloud,8400,16340,7
2026-09-23T22:18:05.100746885Z,17.744391,119.96866,Cloud to Cloud,10049,11015,13
2026-09-23T22:18:05.449262950Z,17.159502,118.354312,Cloud to Cloud,5441,4074,7
2026-09-23T22:18:06.988986757Z,5.547492,124.911336,Cloud to Ground,13497,0,12
2026-09-23T22:18:07.399604668Z,12.511951,113.455607,Cloud to Cloud,-7883,11880,7
2026-09-23T22:18:07.203382436Z,12.487749,113.444278,Cloud to Ground,10307,0,12
2026-09-23T22:18:07.193330533Z,12.491094,113.429757,Cloud to Ground,33525,0,11
2026-09-23T22:18:08.905835749Z,6.13897,126.326152,Cloud to Ground,-57791,0,25
2026-09-23T22:18:08.947981313Z,6.12668,126.326869,Cloud to Ground,-34852,0,18
2026-09-23T22:18:08.968928171Z,6.124521,126.31797,Cloud to Ground,-10129,0,7
2026-09-23T22:18:09.617990000Z,4.3829,112.6193,Cloud to Ground,-11345,0,6
2026-09-23T22:18:09.615881336Z,4.408143,112.557338,Cloud to Cloud,14377,6627,5
2026-09-23T22:18:09.622020876Z,4.409564,112.621926,Cloud to Ground,14476,0,7
2026-09-23T22:18:09.783596341Z,14.33893,118.271962,Cloud to Ground,-67043,0,13
2026-09-23T22:18:09.965431528Z,14.356057,118.284607,Cloud to Ground,-24351,0,10
2026-09-23T22:18:09.926492461Z,14.333728,118.276341,Cloud to Ground,-20194,0,11
2026-09-23T22:18:09.864367001Z,14.341812,118.266126,Cloud to Cloud,-16863,16657,11
2026-09-23T22:18:09.970384466Z,14.326685,118.275043,Cloud to Ground,-16504,0,9
2026-09-23T22:18:09.997461883Z,14.336072,118.264501,Cloud to Ground,-11199,0,12
2026-09-23T22:18:10.401151530Z,14.336465,118.263463,Cloud to Ground,-9893,0,8
2026-09-23T22:18:09.777174348Z,14.351551,118.270814,Cloud to Ground,37979,0,11
2026-09-23T22:18:09.318212964Z,17.452215,117.846399,Cloud to Ground,-12347,0,6
2026-09-23T22:18:09.070576448Z,17.443934,117.86567,Cloud to Ground,33223,0,13
2026-09-23T22:18:09.597794240Z,19.122182,120.214073,Cloud to Cloud,-6087,17544,7
2026-09-23T22:18:10.157281934Z,4.116942,112.051835,Cloud to Ground,-10537,0,11
2026-09-23T22:18:11.239628835Z,9.608026,121.913009,Cloud to Ground,-58837,0,14
2026-09-23T22:18:11.227107975Z,9.561475,121.947887,Cloud to Cloud,-28123,5444,7
2026-09-23T22:18:11.299475118Z,9.685527,121.963784,Cloud to Cloud,-32395,15135,15
2026-09-23T22:18:11.364347000Z,9.6106,121.8017,Cloud to Ground,-13715,0,5
2026-09-23T22:18:12.440891728Z,4.193338,112.310602,Cloud to Ground,-16413,0,6
2026-09-23T22:18:12.489230948Z,4.165574,112.305423,Cloud to Ground,-11524,0,7
2026-09-23T22:18:12.453320000Z,4.2623,112.3294,Cloud to Ground,20095,0,5
2026-09-23T22:18:12.180695651Z,11.441784,113.260621,Cloud to Ground,18611,0,7
2026-09-23T22:18:14.494939231Z,4.210992,112.335615,Cloud to Ground,17587,0,16
2026-09-23T22:18:14.259687797Z,4.166445,112.178145,Cloud to Ground,25001,0,18
2026-09-23T22:18:15.898356234Z,5.603103,114.871031,Cloud to Cloud,-13547,3035,9
2026-09-23T22:18:15.798590920Z,5.472659,114.928204,Cloud to Cloud,-17330,4930,6
2026-09-23T22:18:15.822243968Z,5.492375,114.926057,Cloud to Cloud,-13948,3775,6
2026-09-23T22:18:17.787533385Z,15.009074,116.798992,Cloud to Ground,-22183,0,13
2026-09-23T22:18:17.765117397Z,14.999309,116.799273,Cloud to Ground,-9030,0,10
2026-09-23T22:18:17.837148657Z,15.00065,116.794295,Cloud to Cloud,5897,16422,8
2026-09-23T22:18:24.427161850Z,14.674104,118.071243,Cloud to Cloud,-15911,3014,6
2026-09-23T22:18:27.754514000Z,4.4573,112.9585,Cloud to Ground,-20201,0,9
2026-09-23T22:18:28.459562025Z,17.437826,117.84012,Cloud to Cloud,-8675,14118,8
2026-09-23T22:18:28.233861471Z,17.446353,117.832884,Cloud to Cloud,5716,17506,8
2026-09-23T22:18:28.263500259Z,17.503124,117.918916,Cloud to Cloud,7666,14803,6
2026-09-23T22:18:28.237967303Z,17.450463,117.846962,Cloud to Cloud,10540,5283,12
2026-09-23T22:18:29.347623915Z,3.383861,111.871951,Cloud to Ground,-16937,0,11
2026-09-23T22:18:29.288754969Z,3.402474,111.823309,Cloud to Cloud,8968,13906,8
2026-09-23T22:18:29.530894911Z,3.659913,119.122558,Cloud to Ground,-9356,0,14
2026-09-23T22:18:32.659300878Z,14.277814,118.244824,Cloud to Cloud,-17043,10297,10
2026-09-23T22:18:32.858704003Z,11.419706,113.309006,Cloud to Ground,-50998,0,12
2026-09-23T22:18:34.758635419Z,19.752748,121.345142,Cloud to Ground,14485,0,8
2026-09-23T22:18:36.225482253Z,3.223681,111.618802,Cloud to Cloud,-11827,7176,10
2026-09-23T22:18:36.226508570Z,3.250228,111.60711,Cloud to Ground,11795,0,14
2026-09-23T22:18:38.964275922Z,8.445749,110.498812,Cloud to Ground,30660,0,7
2026-09-23T22:18:38.896278915Z,5.385024,114.850422,Cloud to Ground,-39633,0,11
2026-09-23T22:18:38.949424156Z,5.408305,114.890242,Cloud to Cloud,19275,3016,11
2026-09-23T22:18:39.039155360Z,5.378323,114.753955,Cloud to Ground,-26007,0,28
2026-09-23T22:18:38.986347255Z,5.396477,114.715823,Cloud to Ground,-22051,0,12
2026-09-23T22:18:39.016591066Z,9.82711,114.39686,Cloud to Ground,-20293,0,8
2026-09-23T22:18:39.697809561Z,17.349094,118.049004,Cloud to Ground,-43980,0,13
2026-09-23T22:18:39.684375737Z,17.353422,118.05063,Cloud to Cloud,-13944,15988,6
2026-09-23T22:18:39.774960892Z,17.358178,118.06256,Cloud to Cloud,13177,4874,13
2026-09-23T22:18:39.685780957Z,17.351016,118.06403,Cloud to Ground,30395,0,12
2026-09-23T22:18:40.406206253Z,4.352346,112.465799,Cloud to Ground,27740,0,14
2026-09-23T22:18:45.945615810Z,4.316262,112.780515,Cloud to Ground,31611,0,16
2026-09-23T22:18:47.610033300Z,17.458142,117.850202,Cloud to Ground,6896,0,9
2026-09-23T22:18:47.321273646Z,17.461791,117.839412,Cloud to Cloud,8579,7287,10
2026-09-23T22:18:47.374508520Z,17.451499,117.840733,Cloud to Cloud,9241,11955,7
2026-09-23T22:18:47.354519359Z,17.458579,117.923837,Cloud to Cloud,15694,3049,8
2026-09-23T22:18:50.207426141Z,5.62379,124.83936,Cloud to Ground,-20300,0,14
2026-09-23T22:18:50.630794486Z,17.45159,118.226757,Cloud to Cloud,2327,3000,6
2026-09-23T22:18:50.571175029Z,17.461243,118.228706,Cloud to Cloud,8154,4294,10
2026-09-23T22:18:52.484650002Z,5.560192,114.821782,Cloud to Ground,-12272,0,7
2026-09-23T22:18:52.784429431Z,5.556125,114.82209,Cloud to Ground,-10267,0,18
2026-09-23T22:18:52.548101958Z,5.559839,114.9422,Cloud to Ground,-21331,0,14
2026-09-23T22:18:52.490703822Z,5.48109,114.966408,Cloud to Ground,-20263,0,14
2026-09-23T22:18:52.733754091Z,5.595679,114.908716,Cloud to Cloud,-12431,13018,12
2026-09-23T22:18:53.002476650Z,5.662174,114.942379,Cloud to Ground,-12008,0,12
2026-09-23T22:18:52.843275528Z,5.628956,114.895177,Cloud to Ground,-11148,0,12
2026-09-23T22:18:52.734683394Z,5.532977,114.918121,Cloud to Ground,-9919,0,8
2026-09-23T22:18:52.601974685Z,5.658691,115.030913,Cloud to Ground,-9420,0,10
2026-09-23T22:18:55.260735241Z,4.564808,113.044143,Cloud to Ground,-15405,0,10
2026-09-23T22:18:55.260290040Z,4.584777,112.967185,Cloud to Ground,11722,0,10
2026-09-23T22:18:59.794281498Z,3.549225,112.012326,Cloud to Cloud,-28789,3024,17
2026-09-23T22:18:59.792536307Z,3.567357,111.934022,Cloud to Ground,11296,0,6
2026-09-23T22:19:01.682376396Z,5.55274,114.928214,Cloud to Cloud,-9366,8465,10
2026-09-23T22:19:01.537636541Z,5.520118,114.944992,Cloud to Ground,15648,0,6
2026-09-23T22:19:01.654486000Z,5.5426,114.7374,Cloud to Ground,295,0,6
2026-09-23T22:19:03.737975376Z,3.432989,111.849344,Cloud to Ground,-10109,0,11
2026-09-23T22:19:03.225374881Z,11.382155,113.209195,Cloud to Ground,-7280,0,7
2026-09-23T22:19:04.245927063Z,9.808283,114.362968,Cloud to Ground,-43509,0,11
2026-09-23T22:19:04.313069493Z,9.808668,114.371112,Cloud to Ground,-30101,0,12
2026-09-23T22:19:04.431827578Z,9.792254,114.368685,Cloud to Ground,-29608,0,11
2026-09-23T22:19:04.505360287Z,9.779103,114.218662,Cloud to Cloud,-23524,14955,8
2026-09-23T22:19:04.270142457Z,9.80639,114.3719,Cloud to Ground,-17132,0,12
2026-09-23T22:19:04.381305000Z,9.7994,114.2753,Cloud to Ground,21967,0,7
2026-09-23T22:19:05.552644000Z,8.3731,110.3711,Cloud to Ground,-34917,0,6
2026-09-23T22:19:05.841810184Z,8.29616,110.371715,Cloud to Ground,-25138,0,8
2026-09-23T22:19:05.549400364Z,8.333568,110.421875,Cloud to Ground,-18610,0,11
2026-09-23T22:19:05.561890497Z,8.361,110.348196,Cloud to Ground,-12590,0,9
2026-09-23T22:19:05.550383524Z,8.319222,110.303607,Cloud to Cloud,16463,18571,11
2026-09-23T22:19:07.134955775Z,4.617621,113.097094,Cloud to Ground,-47457,0,15
2026-09-23T22:19:07.136220055Z,4.617462,113.117933,Cloud to Ground,20484,0,8
2026-09-23T22:19:07.370011927Z,17.463929,117.835719,Cloud to Cloud,11852,14841,6
2026-09-23T22:19:07.433169977Z,17.455224,117.839234,Cloud to Ground,14547,0,10
2026-09-23T22:19:07.970461318Z,13.831973,117.394767,Cloud to Cloud,-11726,3455,8
2026-09-23T22:19:07.985619463Z,13.895294,117.319876,Cloud to Ground,-57296,0,13
2026-09-23T22:19:08.043688591Z,13.892172,117.325035,Cloud to Ground,-9628,0,7
2026-09-23T22:19:08.425779127Z,5.399028,114.82558,Cloud to Ground,-28326,0,10
2026-09-23T22:19:08.155137382Z,19.101306,120.26031,Cloud to Ground,-30436,0,15
2026-09-23T22:19:08.647521830Z,19.103216,120.234759,Cloud to Ground,-19316,0,7
2026-09-23T22:19:08.392998886Z,19.104701,120.240395,Cloud to Ground,-11818,0,6
2026-09-23T22:19:08.685179253Z,19.113503,120.264952,Cloud to Cloud,-3441,17588,5
2026-09-23T22:19:08.204750738Z,19.100311,120.244415,Cloud to Cloud,23919,3577,13
2026-09-23T22:19:09.337136081Z,14.639525,118.071542,Cloud to Ground,-46942,0,13
2026-09-23T22:19:09.142509259Z,14.666914,118.077367,Cloud to Ground,-22136,0,11
2026-09-23T22:19:09.267734224Z,14.636765,118.078772,Cloud to Ground,-21222,0,11
2026-09-23T22:19:09.500063441Z,14.650943,118.075256,Cloud to Ground,-16698,0,10
2026-09-23T22:19:09.124900437Z,14.665365,118.083145,Cloud to Cloud,13268,3013,7
2026-09-23T22:19:13.437585311Z,17.439049,118.09051,Cloud to Cloud,-5922,19526,7
2026-09-23T22:19:12.884338000Z,17.4801,118.1083,Cloud to Ground,6681,0,6
2026-09-23T22:19:12.877726204Z,17.436276,118.101592,Cloud to Cloud,18015,6114,9
2026-09-23T22:19:15.513282776Z,11.230866,113.234891,Cloud to Ground,-18708,0,7
2026-09-23T22:19:15.415832644Z,11.40451,113.342317,Cloud to Ground,-20922,0,9
2026-09-23T22:19:17.892146359Z,14.289952,117.634634,Cloud to Ground,-139319,0,14
2026-09-23T22:19:17.961643494Z,14.262693,117.631092,Cloud to Ground,-50278,0,11
2026-09-23T22:19:17.941565109Z,14.287405,117.635556,Cloud to Ground,-50180,0,11
2026-09-23T22:19:18.354590287Z,14.287043,117.645207,Cloud to Ground,-47189,0,11
2026-09-23T22:19:18.171820261Z,14.331409,117.693409,Cloud to Ground,-30418,0,10
2026-09-23T22:19:18.283804806Z,14.289168,117.646482,Cloud to Ground,-22817,0,11
2026-09-23T22:19:18.036598903Z,14.314614,117.65651,Cloud to Ground,-20676,0,11
2026-09-23T22:19:18.328347314Z,3.411965,111.807129,Cloud to Cloud,13821,3141,8
2026-09-23T22:19:18.291499474Z,3.372776,111.895609,Cloud to Cloud,-18287,3056,14
2026-09-23T22:19:21.592826921Z,17.43876,117.844081,Cloud to Ground,-24549,0,10
2026-09-23T22:19:21.706836066Z,17.428814,117.835646,Cloud to Ground,-24104,0,10
2026-09-23T22:19:21.649997338Z,17.459088,117.836834,Cloud to Ground,-15157,0,11
2026-09-23T22:19:21.572393503Z,17.436812,117.835787,Cloud to Ground,15598,0,10
2026-09-23T22:19:22.251826234Z,5.19491,114.665331,Cloud to Ground,22851,0,9
2026-09-23T22:19:22.310106158Z,12.790837,122.085879,Cloud to Ground,-22957,0,11
2026-09-23T22:19:22.421333186Z,12.747207,122.188946,Cloud to Cloud,3971,19451,5
2026-09-23T22:19:22.227411309Z,12.729853,122.109443,Cloud to Cloud,4061,6875,5
2026-09-23T22:19:22.307053614Z,12.736084,122.116266,Cloud to Cloud,12872,7027,7
2026-09-23T22:19:23.657587359Z,12.470799,113.355086,Cloud to Ground,26130,0,7
2026-09-23T22:19:25.277824795Z,17.130395,118.327087,Cloud to Cloud,-7879,19973,11
2026-09-23T22:19:25.215708600Z,17.155452,118.339899,Cloud to Cloud,13421,11433,11
2026-09-23T22:19:27.219814001Z,5.537855,114.916649,Cloud to Ground,-16997,0,14
2026-09-23T22:19:27.343105585Z,5.543578,114.906198,Cloud to Cloud,-16890,6479,12
2026-09-23T22:19:27.272072629Z,5.531573,114.927028,Cloud to Ground,-10978,0,24
2026-09-23T22:19:27.307539000Z,5.5823,114.815,Cloud to Ground,11313,0,5
2026-09-23T22:19:27.162055131Z,13.329967,112.914314,Cloud to Ground,-25053,0,8
2026-09-23T22:19:27.159840121Z,13.367836,112.927451,Cloud to Ground,-15908,0,10
2026-09-23T22:19:27.170293015Z,13.345304,112.929585,Cloud to Ground,-14952,0,6
2026-09-23T22:19:27.164625476Z,13.350083,112.918945,Cloud to Ground,23935,0,7
2026-09-23T22:19:27.158235613Z,13.290188,112.861274,Cloud to Ground,47711,0,6
2026-09-23T22:19:31.267530238Z,19.047493,120.640724,Cloud to Ground,-70191,0,9
2026-09-23T22:19:31.321685899Z,19.048414,120.648079,Cloud to Ground,-40142,0,9
2026-09-23T22:19:31.399816941Z,19.065158,120.625166,Cloud to Ground,-29612,0,9
2026-09-23T22:19:31.348618153Z,19.049354,120.64705,Cloud to Ground,-20373,0,7
2026-09-23T22:19:31.370500656Z,19.042665,120.627819,Cloud to Cloud,-10868,13276,5
2026-09-23T22:19:31.493132590Z,19.048255,120.643091,Cloud to Cloud,-9594,3410,6
2026-09-23T22:19:34.223760352Z,15.943716,113.672794,Cloud to Ground,-31914,0,9
2026-09-23T22:19:38.849093537Z,8.013486,110.615031,Cloud to Ground,11459,0,5
2026-09-23T22:19:38.843542084Z,7.971679,110.560112,Cloud to Ground,13101,0,8
2026-09-23T22:19:38.844753421Z,7.998791,110.537472,Cloud to Ground,15528,0,7
2026-09-23T22:19:41.276928452Z,17.437948,118.111707,Cloud to Ground,-36439,0,13
2026-09-23T22:19:41.323408567Z,17.42515,118.114944,Cloud to Ground,-27216,0,13
2026-09-23T22:19:41.256789236Z,17.449025,118.193758,Cloud to Cloud,-14455,5765,7
2026-09-23T22:19:41.352531372Z,17.452522,118.112358,Cloud to Cloud,-12760,13175,9
2026-09-23T22:19:41.256188804Z,17.476436,118.153444,Cloud to Cloud,-11733,10156,6
2026-09-23T22:19:46.886341232Z,9.601421,121.932625,Cloud to Ground,-34223,0,13
2026-09-23T22:19:46.924330999Z,9.606761,121.902895,Cloud to Ground,-18430,0,9
2026-09-23T22:19:46.870467483Z,9.605661,121.887646,Cloud to Ground,-15080,0,8
2026-09-23T22:19:46.368517041Z,17.708674,119.957417,Cloud to Cloud,7620,3172,6
2026-09-23T22:19:46.410187472Z,14.249623,118.516189,Cloud to Cloud,-18025,15826,6
2026-09-23T22:19:46.404113279Z,14.26012,118.464247,Cloud to Cloud,-16860,18237,8
2026-09-23T22:19:47.246676957Z,4.181829,112.251697,Cloud to Cloud,11077,3382,12
2026-09-23T22:19:47.685397490Z,14.264826,118.244521,Cloud to Ground,-45432,0,12
2026-09-23T22:19:47.742888153Z,14.271567,118.23248,Cloud to Ground,-33963,0,12
2026-09-23T22:19:47.677445335Z,14.179414,118.294388,Cloud to Cloud,-32535,16723,9
2026-09-23T22:19:47.808299469Z,14.247463,118.236164,Cloud to Ground,-19253,0,12
2026-09-23T22:19:47.717132851Z,14.278542,118.220815,Cloud to Cloud,-14208,3009,12
2026-09-23T22:19:47.736620126Z,14.266371,118.228031,Cloud to Ground,-12493,0,12
2026-09-23T22:19:47.912270553Z,14.270326,118.242972,Cloud to Ground,-10599,0,7
2026-09-23T22:19:48.088033024Z,14.269819,118.234917,Cloud to Cloud,-5804,8820,5
2026-09-23T22:19:49.941839859Z,9.729218,114.335873,Cloud to Cloud,-18363,12565,8
2026-09-23T22:19:50.032970190Z,9.837636,114.374725,Cloud to Ground,-37862,0,11
2026-09-23T22:19:49.955416009Z,9.837562,114.37793,Cloud to Ground,-37691,0,13
2026-09-23T22:19:50.059327440Z,9.838293,114.377752,Cloud to Ground,-9986,0,9
2026-09-23T22:19:51.446954620Z,4.423921,112.495125,Cloud to Ground,-32916,0,7
2026-09-23T22:19:51.533267129Z,4.421901,112.459349,Cloud to Cloud,-28584,3033,22
2026-09-23T22:19:51.451563208Z,4.505327,112.547267,Cloud to Ground,-91158,0,19
2026-09-23T22:19:51.797504994Z,4.430635,112.592375,Cloud to Ground,23206,0,10
2026-09-23T22:19:54.535466355Z,9.028564,123.522699,Cloud to Ground,-50194,0,16
2026-09-23T22:19:55.361546408Z,17.449309,117.837765,Cloud to Cloud,5931,3009,6
2026-09-23T22:19:55.355707836Z,17.447291,117.843621,Cloud to Cloud,19740,3033,12
2026-09-23T22:19:57.643077548Z,3.504094,112.050733,Cloud to Ground,-23284,0,18
2026-09-23T22:19:57.671344705Z,3.539318,112.039656,Cloud to Ground,-17586,0,17
2026-09-23T22:19:57.685382669Z,3.601586,112.036073,Cloud to Ground,16253,0,8
2026-09-23T22:19:57.539852527Z,11.127142,113.27281,Cloud to Cloud,-8276,3009,8
2026-09-23T22:19:57.121861879Z,11.010421,113.262771,Cloud to Ground,19770,0,8
2026-09-23T22:19:57.537609376Z,11.076972,113.172881,Cloud to Cloud,-16161,6908,8
2026-09-23T22:19:58.834394448Z,14.908403,116.825793,Cloud to Cloud,-13754,6166,8
2026-09-23T22:19:58.847821525Z,15.000146,116.746831,Cloud to Cloud,43070,6016,10
2026-09-23T22:20:01.862850999Z,5.618593,114.929988,Cloud to Ground,-19808,0,17
2026-09-23T22:20:02.172773248Z,5.515125,114.924135,Cloud to Ground,-15448,0,13
2026-09-23T22:20:02.221794758Z,5.521432,114.836701,Cloud to Cloud,-12688,11415,9
2026-09-23T22:20:02.081109710Z,5.604213,114.882477,Cloud to Ground,-11189,0,11
2026-09-23T22:20:02.396279608Z,5.649781,114.949359,Cloud to Ground,-8218,0,15
2026-09-23T22:20:01.966969000Z,5.5455,114.8104,Cloud to Ground,14126,0,8
2026-09-23T22:20:02.031655000Z,5.5744,114.8929,Cloud to Ground,23939,0,8
2026-09-23T22:20:02.400407718Z,11.476377,113.257142,Cloud to Ground,-17725,0,11
2026-09-23T22:20:02.035538143Z,11.413124,113.166541,Cloud to Cloud,11710,11004,6
2026-09-23T22:20:03.599401693Z,3.480805,111.982867,Cloud to Ground,-10181,0,7
2026-09-23T22:20:03.342005011Z,3.440485,111.987392,Cloud to Ground,16602,0,13
2026-09-23T22:20:03.208222915Z,17.463876,118.226739,Cloud to Cloud,11518,19799,9
2026-09-23T22:20:04.083605156Z,4.359668,112.888374,Cloud to Ground,-14092,0,7
2026-09-23T22:20:05.290546175Z,17.120002,118.338011,Cloud to Ground,16126,0,12
2026-09-23T22:20:05.903855055Z,17.024373,118.311553,Cloud to Ground,-21544,0,12
2026-09-23T22:20:05.733433546Z,17.01849,118.31083,Cloud to Ground,-15212,0,12
2026-09-23T22:20:06.453840284Z,5.526645,114.930483,Cloud to Cloud,-9323,6615,7
2026-09-23T22:20:08.919010577Z,9.808566,114.401425,Cloud to Cloud,-17140,3060,6
2026-09-23T22:20:09.222398673Z,9.815911,114.361824,Cloud to Cloud,-11891,6542,6
2026-09-23T22:20:09.522807015Z,8.483992,110.54907,Cloud to Ground,46429,0,6
2026-09-23T22:20:14.443297877Z,14.256568,118.881539,Cloud to Ground,-37839,0,13
2026-09-23T22:20:14.513822449Z,14.275222,118.911698,Cloud to Ground,-16171,0,10
2026-09-23T22:20:14.466818854Z,14.254783,118.883193,Cloud to Ground,-13863,0,9
2026-09-23T22:20:15.331224244Z,13.878332,117.33286,Cloud to Ground,-33548,0,13
2026-09-23T22:20:16.150316980Z,17.448816,117.840355,Cloud to Cloud,-8933,7724,12
2026-09-23T22:20:16.063755453Z,17.458168,117.826993,Cloud to Cloud,7852,16895,10
2026-09-23T22:20:16.256738880Z,17.489429,117.930829,Cloud to Cloud,11770,10217,7
2026-09-23T22:20:22.302522672Z,17.340991,118.045062,Cloud to Ground,-33955,0,13
2026-09-23T22:20:22.358275125Z,17.349056,118.046615,Cloud to Ground,-25504,0,11
2026-09-23T22:20:22.758531321Z,17.363909,118.058165,Cloud to Ground,-21640,0,11
2026-09-23T22:20:22.842897940Z,17.36085,118.057456,Cloud to Ground,-18128,0,12
2026-09-23T22:20:22.605192806Z,17.338135,118.061903,Cloud to Ground,-16052,0,12
2026-09-23T22:20:25.729410160Z,19.10151,120.260053,Cloud to Ground,-39101,0,14
2026-09-23T22:20:25.777509956Z,19.106812,120.27354,Cloud to Ground,-20560,0,12
2026-09-23T22:20:25.714328586Z,19.105813,120.231534,Cloud to Cloud,-5495,14744,6
2026-09-23T22:20:26.037193202Z,19.184969,120.237847,Cloud to Cloud,-4661,13399,6
2026-09-23T22:20:25.972417742Z,19.155295,120.195435,Cloud to Cloud,6661,9436,6
2026-09-23T22:20:25.760790520Z,19.17031,120.278474,Cloud to Cloud,18912,9833,7
2026-09-23T22:20:26.207362634Z,14.269746,118.237114,Cloud to Ground,-45090,0,15
2026-09-23T22:20:26.068327695Z,14.266249,118.23946,Cloud to Ground,-44640,0,12
2026-09-23T22:20:26.343160782Z,14.2678,118.235505,Cloud to Ground,-15614,0,12
2026-09-23T22:20:26.090061988Z,14.263048,118.225436,Cloud to Cloud,-9439,8194,6
2026-09-23T22:20:26.266022982Z,14.268538,118.235067,Cloud to Cloud,-8172,11676,9
2026-09-23T22:20:26.097154821Z,14.270365,118.237447,Cloud to Cloud,11657,16193,8
2026-09-23T22:20:28.219033049Z,5.614824,124.847014,Cloud to Ground,-57391,0,25
2026-09-23T22:20:28.395385822Z,5.618443,124.854119,Cloud to Ground,-22591,0,18
2026-09-23T22:20:28.335228505Z,5.634793,124.865309,Cloud to Ground,-8765,0,8
2026-09-23T22:20:28.571123351Z,5.385828,114.876078,Cloud to Ground,-10157,0,8
2026-09-23T22:20:28.496749693Z,5.371574,114.770132,Cloud to Ground,-24934,0,21
2026-09-23T22:20:29.541952523Z,14.605753,118.138445,Cloud to Cloud,-11484,11674,7
2026-09-23T22:20:29.125763609Z,14.715928,118.060836,Cloud to Ground,-31122,0,11
2026-09-23T22:20:29.019878273Z,14.714487,118.065461,Cloud to Ground,-28568,0,12
2026-09-23T22:20:29.091756859Z,14.685228,118.053088,Cloud to Ground,-25642,0,13
2026-09-23T22:20:29.162380687Z,14.722038,118.058202,Cloud to Ground,-21418,0,12
2026-09-23T22:20:29.193874000Z,14.6829,117.9984,Cloud to Ground,-14718,0,6
2026-09-23T22:20:29.001367733Z,14.723404,118.139849,Cloud to Ground,-8783,0,11
2026-09-23T22:20:29.055604384Z,14.709218,118.063085,Cloud to Cloud,15467,3744,7
2026-09-23T22:20:29.067337872Z,14.702862,118.08563,Cloud to Cloud,21425,3003,5
2026-09-23T22:20:32.795309560Z,11.391931,113.371484,Cloud to Ground,-23695,0,11
2026-09-23T22:20:32.900072541Z,11.372564,113.361876,Cloud to Ground,-20777,0,11
2026-09-23T22:20:32.892441736Z,11.379292,113.340641,Cloud to Cloud,8060,6757,6
2026-09-23T22:20:33.989356501Z,15.979433,119.161269,Cloud to Cloud,-30315,6750,12
2026-09-23T22:20:34.105928571Z,16.049541,119.079561,Cloud to Ground,-18258,0,13
2026-09-23T22:20:34.004333954Z,16.054185,119.092378,Cloud to Ground,-13919,0,11
2026-09-23T22:20:34.157563014Z,16.044407,119.088848,Cloud to Cloud,-6601,3000,7
2026-09-23T22:20:36.829516148Z,11.575611,113.009742,Cloud to Cloud,-11191,3011,10
2026-09-23T22:20:36.855378357Z,11.537668,112.917969,Cloud to Ground,15899,0,6
2026-09-23T22:20:38.685907987Z,3.451252,111.813265,Cloud to Ground,-15292,0,13
2026-09-23T22:20:38.803023695Z,3.462898,111.863244,Cloud to Ground,-13731,0,12
2026-09-23T22:20:40.039990413Z,4.407513,112.82122,Cloud to Cloud,-10395,3043,7
2026-09-23T22:20:40.179673971Z,4.406696,112.996147,Cloud to Ground,-18099,0,23
2026-09-23T22:20:40.518733784Z,4.398301,113.009021,Cloud to Ground,-15393,0,13
2026-09-23T22:20:39.979723000Z,4.4147,112.9144,Cloud to Ground,23517,0,8
2026-09-23T22:20:40.347519498Z,9.603912,121.905098,Cloud to Ground,-19857,0,6
2026-09-23T22:20:40.932453721Z,17.467461,117.931341,Cloud to Cloud,-10507,18064,7
2026-09-23T22:20:40.413260544Z,17.443431,117.836038,Cloud to Cloud,7767,16950,7
2026-09-23T22:20:40.407751745Z,17.434892,117.8471,Cloud to Cloud,10606,17107,8
2026-09-23T22:20:41.157865036Z,17.428628,118.227792,Cloud to Cloud,20583,18580,10
2026-09-23T22:20:45.302073126Z,5.638272,114.906552,Cloud to Ground,-15972,0,10
2026-09-23T22:20:50.446714513Z,14.345107,118.262378,Cloud to Cloud,8689,6783,8
2026-09-23T22:20:50.442298305Z,14.348761,118.257306,Cloud to Cloud,9802,16620,11
2026-09-23T22:20:51.350052146Z,9.986397,114.307428,Cloud to Ground,-37799,0,9
2026-09-23T22:20:51.238286426Z,9.822263,114.376568,Cloud to Ground,-32197,0,13
2026-09-23T22:20:51.300043499Z,9.827756,114.377658,Cloud to Ground,-29691,0,11
2026-09-23T22:20:51.597705189Z,9.842311,114.376103,Cloud to Ground,-15574,0,10
2026-09-23T22:20:51.254600677Z,9.868461,114.371908,Cloud to Cloud,-9896,3014,9
2026-09-23T22:20:51.522911421Z,9.844114,114.358528,Cloud to Cloud,21481,5718,7
2026-09-23T22:20:51.391106000Z,9.8733,114.3912,Cloud to Ground,25011,0,10
2026-09-23T22:20:51.012521907Z,5.318593,114.881532,Cloud to Ground,25187,0,10
2026-09-23T22:20:55.008313342Z,3.54373,112.019348,Cloud to Cloud,18309,4865,6
2026-09-23T22:20:56.140629339Z,17.126822,118.361504,Cloud to Cloud,7782,4676,11
2026-09-23T22:20:55.808025328Z,17.121565,118.335274,Cloud to Cloud,20845,4146,9
2026-09-23T22:20:58.566529239Z,6.091151,126.311758,Cloud to Ground,-8649,0,12
2026-09-23T22:20:58.565704461Z,6.151591,126.338763,Cloud to Ground,15754,0,8
2026-09-23T22:20:58.430984477Z,11.391359,113.265111,Cloud to Cloud,-16138,7680,10
2026-09-23T22:20:58.269484491Z,11.381499,113.201607,Cloud to Ground,14557,0,6
2026-09-23T22:21:00.659814471Z,12.74418,122.128638,Cloud to Cloud,3105,15006,5
2026-09-23T22:21:00.350792726Z,12.697997,122.125178,Cloud to Cloud,3235,17783,5
2026-09-23T22:21:00.293193777Z,12.686545,122.169289,Cloud to Cloud,20827,6811,8
