timestamp,latitude,longitude,type,amplitude_ka,height_m,num_sensors
2026-09-22T18:01:04.624034201Z,1.123072,111.938129,Cloud to Ground,10605,0,9
2026-09-22T18:01:09.239869725Z,1.170196,111.887032,Cloud to Cloud,-11553,5464,21
2026-09-22T18:01:09.261179956Z,1.065596,111.950135,Cloud to Ground,-10519,0,14
2026-09-22T18:01:08.996201112Z,1.109395,111.894141,Cloud to Ground,21303,0,14
2026-09-22T18:01:10.203063432Z,14.083049,120.137073,Cloud to Ground,-15279,0,12
2026-09-22T18:01:10.219940805Z,14.082679,120.11867,Cloud to Cloud,6013,17514,6
2026-09-22T18:01:10.207395573Z,14.017566,120.156939,Cloud to Ground,19701,0,10
2026-09-22T18:01:11.942276120Z,6.057251,117.662625,Cloud to Cloud,-4909,11051,5
2026-09-22T18:01:11.161031894Z,6.139744,117.76858,Cloud to Cloud,15057,19155,10
2026-09-22T18:01:11.989881821Z,6.299816,117.78866,Cloud to Cloud,-7252,3486,6
2026-09-22T18:01:12.025778973Z,6.300032,117.789585,Cloud to Cloud,-4972,3545,6
2026-09-22T18:01:13.169380527Z,6.117962,118.249998,Cloud to Cloud,-18882,11094,10
2026-09-22T18:01:13.226714493Z,6.054359,118.161071,Cloud to Cloud,13257,5495,11
2026-09-22T18:01:13.443883703Z,1.315052,111.777511,Cloud to Cloud,14819,11893,6
2026-09-22T18:01:15.566272343Z,5.891582,118.834088,Cloud to Cloud,-19414,3126,11
2026-09-22T18:01:15.755648120Z,5.770193,118.811258,Cloud to Ground,13016,0,14
2026-09-22T18:01:15.830395781Z,5.772064,118.831725,Cloud to Ground,26475,0,17
2026-09-22T18:01:17.735947863Z,6.436865,128.000829,Cloud to Ground,-10605,0,8
2026-09-22T18:01:17.729327649Z,6.426791,127.991877,Cloud to Ground,43656,0,16
2026-09-22T18:01:17.963128289Z,10.09403,126.002753,Cloud to Ground,59870,0,13
2026-09-22T18:01:17.982011546Z,20.353294,124.586015,Cloud to Cloud,-11353,9678,7
2026-09-22T18:01:18.028476137Z,20.357199,124.593879,Cloud to Ground,-7851,0,6
2026-09-22T18:01:21.381961332Z,12.459292,122.033384,Cloud to Cloud,-16744,9799,10
2026-09-22T18:01:21.432548990Z,12.366976,122.055508,Cloud to Cloud,-8444,3481,8
2026-09-22T18:01:21.395983047Z,12.383014,122.022114,Cloud to Ground,27932,0,9
2026-09-22T18:01:22.681200538Z,3.346731,114.877876,Cloud to Cloud,-21546,3424,29
2026-09-22T18:01:22.264296139Z,3.341416,115.003817,Cloud to Ground,160066,0,37
2026-09-22T18:01:21.945613765Z,5.76931,118.767841,Cloud to Ground,24400,0,12
2026-09-22T18:01:21.784094712Z,5.765493,118.78432,Cloud to Ground,27227,0,14
2026-09-22T18:01:22.068653182Z,5.771392,118.773589,Cloud to Ground,35973,0,13
2026-09-22T18:01:23.760647704Z,7.831958,130.32252,Cloud to Ground,-45928,0,15
2026-09-22T18:01:23.828772476Z,7.634033,130.424338,Cloud to Ground,-24542,0,13
2026-09-22T18:01:23.860957994Z,7.548217,130.687832,Cloud to Ground,-30689,0,20
2026-09-22T18:01:23.890523492Z,7.559658,130.679829,Cloud to Ground,-27748,0,22
2026-09-22T18:01:25.469882182Z,18.00427,123.288228,Cloud to Ground,-42470,0,13
2026-09-22T18:01:25.532411855Z,18.005809,123.282716,Cloud to Ground,-38783,0,13
2026-09-22T18:01:25.548209269Z,18.0042,123.290752,Cloud to Ground,-8425,0,9
2026-09-22T18:01:25.915184532Z,17.878658,123.320148,Cloud to Cloud,43398,4535,6
2026-09-22T18:01:26.531587883Z,1.140539,111.865445,Cloud to Ground,-26365,0,16
2026-09-22T18:01:27.207040328Z,7.219239,129.661818,Cloud to Ground,-33961,0,17
2026-09-22T18:01:27.133721845Z,7.209425,129.677219,Cloud to Ground,-27109,0,26
2026-09-22T18:01:27.072823006Z,7.206863,129.66976,Cloud to Ground,-22015,0,28
2026-09-22T18:01:33.665743629Z,6.053776,118.092795,Cloud to Cloud,19661,3011,8
2026-09-22T18:01:33.896662020Z,6.053219,118.093061,Cloud to Ground,21218,0,10
2026-09-22T18:01:32.977818104Z,6.043753,118.075802,Cloud to Ground,23646,0,11
2026-09-22T18:01:33.490602904Z,6.070603,118.104636,Cloud to Ground,34762,0,9
2026-09-22T18:01:33.364675433Z,6.042039,118.056669,Cloud to Ground,39775,0,10
2026-09-22T18:01:32.937575304Z,6.043959,118.060985,Cloud to Ground,51538,0,10
2026-09-22T18:01:32.869426706Z,6.058094,118.134943,Cloud to Ground,55124,0,15
2026-09-22T18:01:33.051166761Z,9.152371,124.120859,Cloud to Ground,-43652,0,18
2026-09-22T18:01:33.047282000Z,9.1279,124.0512,Cloud to Ground,-13639,0,10
2026-09-22T18:01:33.068772000Z,9.1075,124.0442,Cloud to Ground,16316,0,6
2026-09-22T18:01:33.249429052Z,3.066192,115.953898,Cloud to Ground,24133,0,23
2026-09-22T18:01:34.459408672Z,1.135019,111.93452,Cloud to Ground,-18326,0,11
2026-09-22T18:01:33.770044113Z,6.252733,118.135258,Cloud to Cloud,21981,3892,7
2026-09-22T18:01:34.017705915Z,6.256171,118.139918,Cloud to Cloud,50997,10814,7
2026-09-22T18:01:36.649536606Z,1.191446,111.935846,Cloud to Cloud,-10861,10610,26
2026-09-22T18:01:36.583189576Z,1.08427,111.89116,Cloud to Ground,13602,0,11
2026-09-22T18:01:36.535034741Z,1.127713,111.88423,Cloud to Ground,15426,0,15
2026-09-22T18:01:37.852013157Z,3.2209,115.859344,Cloud to Cloud,-12074,8442,19
2026-09-22T18:01:38.088597668Z,3.14923,115.850841,Cloud to Ground,15421,0,27
2026-09-22T18:01:39.585599819Z,5.794804,117.041473,Cloud to Cloud,7253,7361,6
2026-09-22T18:01:39.262486945Z,5.774825,117.119309,Cloud to Cloud,24209,3157,27
2026-09-22T18:01:40.147960909Z,17.872163,123.422307,Cloud to Cloud,9428,7652,7
2026-09-22T18:01:41.585089398Z,6.070844,118.807466,Cloud to Cloud,27763,3306,7
2026-09-22T18:01:41.490709972Z,5.878739,118.745665,Cloud to Ground,10217,0,8
2026-09-22T18:01:41.242058111Z,5.791805,118.760737,Cloud to Cloud,10698,14369,7
2026-09-22T18:01:41.316630360Z,5.791268,118.76381,Cloud to Ground,22077,0,11
2026-09-22T18:01:41.240930002Z,5.788239,118.775894,Cloud to Ground,26452,0,9
2026-09-22T18:01:41.535210379Z,5.78086,118.769896,Cloud to Ground,27683,0,12
2026-09-22T18:01:41.195863633Z,1.698833,113.29853,Cloud to Ground,-10262,0,13
2026-09-22T18:01:41.194539856Z,1.59636,113.384225,Cloud to Ground,16052,0,17
2026-09-22T18:01:42.275257464Z,13.933775,110.313179,Cloud to Ground,-38389,0,15
2026-09-22T18:01:42.337184292Z,13.875071,110.19673,Cloud to Ground,-9368,0,6
2026-09-22T18:01:42.308727634Z,13.882583,110.255626,Cloud to Cloud,-6681,9895,6
2026-09-22T18:01:46.784605664Z,6.120937,127.559862,Cloud to Ground,22804,0,12
2026-09-22T18:01:47.359182190Z,1.171892,111.894506,Cloud to Cloud,10912,9991,12
2026-09-22T18:01:51.474830253Z,5.758064,117.86161,Cloud to Ground,43289,0,17
2026-09-22T18:01:51.506690000Z,6.1035,118.1996,Cloud to Ground,13215,0,7
2026-09-22T18:01:51.607221026Z,6.069061,118.121008,Cloud to Ground,20176,0,9
2026-09-22T18:01:51.746743708Z,6.041638,118.070506,Cloud to Ground,24817,0,8
2026-09-22T18:01:51.566778327Z,6.062524,118.116861,Cloud to Ground,53523,0,10
2026-09-22T18:01:51.447227220Z,6.068466,118.13609,Cloud to Ground,61027,0,17
2026-09-22T18:01:51.701420277Z,6.061633,118.114699,Cloud to Ground,62790,0,9
2026-09-22T18:01:52.252324220Z,19.80855,121.414865,Cloud to Ground,-37172,0,9
2026-09-22T18:01:52.230144063Z,19.808046,121.372411,Cloud to Ground,-13343,0,9
2026-09-22T18:01:54.080160194Z,5.794977,118.763931,Cloud to Cloud,9179,15055,7
2026-09-22T18:01:53.884568800Z,5.785804,118.7594,Cloud to Cloud,16566,7297,6
2026-09-22T18:01:54.189281190Z,5.791056,118.77048,Cloud to Ground,20528,0,12
2026-09-22T18:01:53.751676478Z,5.782085,118.769186,Cloud to Ground,21512,0,12
2026-09-22T18:01:53.801078543Z,5.78505,118.758579,Cloud to Ground,22622,0,9
2026-09-22T18:01:53.711642124Z,5.787788,118.774835,Cloud to Ground,33296,0,12
2026-09-22T18:01:54.025649087Z,12.535709,110.397687,Cloud to Ground,-23819,0,8
2026-09-22T18:01:53.921812930Z,12.520381,110.352293,Cloud to Ground,37830,0,10
2026-09-22T18:01:53.922556294Z,12.490617,110.342725,Cloud to Ground,42306,0,10
2026-09-22T18:01:56.004138585Z,3.342652,116.646439,Cloud to Ground,94515,0,26
2026-09-22T18:01:58.119942462Z,7.585955,130.330986,Cloud to Cloud,13758,16265,10
2026-09-22T18:01:58.095309117Z,7.593837,130.419149,Cloud to Ground,39793,0,14
2026-09-22T18:01:59.007605341Z,5.59022,117.917155,Cloud to Ground,-18360,0,9
2026-09-22T18:01:59.374703757Z,5.646835,117.942742,Cloud to Ground,13584,0,16
2026-09-22T18:01:59.171544112Z,5.643668,117.892674,Cloud to Ground,19963,0,14
2026-09-22T18:02:00.947798142Z,17.88886,123.131922,Cloud to Cloud,-13795,4132,8
2026-09-22T18:02:00.894628504Z,17.927888,123.275941,Cloud to Ground,-114277,0,15
2026-09-22T18:02:01.001476221Z,17.943847,123.356833,Cloud to Ground,-35576,0,12
2026-09-22T18:02:00.957886734Z,17.912552,123.337649,Cloud to Ground,-21844,0,12
2026-09-22T18:02:00.925700689Z,17.8569,123.286327,Cloud to Cloud,-20864,14602,7
2026-09-22T18:02:00.964893249Z,17.879042,123.413018,Cloud to Cloud,-14861,10476,7
2026-09-22T18:02:01.119459715Z,17.991086,123.330821,Cloud to Ground,-14453,0,9
2026-09-22T18:02:01.482565445Z,17.999162,123.209549,Cloud to Ground,-14667,0,16
2026-09-22T18:02:00.883863302Z,18.017389,123.239469,Cloud to Cloud,-8162,3785,7
2026-09-22T18:02:02.877634656Z,5.749317,118.789398,Cloud to Cloud,12658,3034,13
2026-09-22T18:02:02.592799100Z,5.748022,118.791046,Cloud to Ground,20291,0,14
2026-09-22T18:02:02.702754026Z,5.750514,118.784548,Cloud to Ground,22128,0,13
2026-09-22T18:02:08.171251187Z,20.190269,124.405947,Cloud to Ground,-44608,0,12
2026-09-22T18:02:08.231512748Z,20.217581,124.483152,Cloud to Ground,-36164,0,12
2026-09-22T18:02:08.289384515Z,20.202136,124.41364,Cloud to Ground,-28483,0,11
2026-09-22T18:02:08.593910384Z,20.211667,124.389521,Cloud to Ground,-20017,0,6
2026-09-22T18:02:08.205772178Z,20.206056,124.392986,Cloud to Ground,-18786,0,10
2026-09-22T18:02:08.440362846Z,20.209803,124.396606,Cloud to Ground,-15540,0,10
2026-09-22T18:02:08.321884809Z,20.195412,124.408703,Cloud to Ground,-15399,0,8
2026-09-22T18:02:08.259911301Z,20.201203,124.415989,Cloud to Ground,-12166,0,9
2026-09-22T18:02:10.323873472Z,18.818559,122.588793,Cloud to Cloud,20175,19794,6
2026-09-22T18:02:12.512321725Z,1.072111,111.986378,Cloud to Ground,-16766,0,17
2026-09-22T18:02:12.527091155Z,1.07702,111.926336,Cloud to Ground,14224,0,10
2026-09-22T18:02:12.879012682Z,7.615747,130.419497,Cloud to Ground,-16385,0,17
2026-09-22T18:02:13.406668424Z,4.249911,116.045866,Cloud to Ground,19673,0,10
2026-09-22T18:02:13.409383759Z,4.232943,116.03654,Cloud to Ground,31221,0,9
2026-09-22T18:02:13.309115335Z,7.536239,130.693576,Cloud to Ground,-26666,0,21
2026-09-22T18:02:13.008948844Z,7.563544,130.727519,Cloud to Ground,-26115,0,10
2026-09-22T18:02:12.806530000Z,7.5765,130.7288,Cloud to Ground,-25454,0,15
2026-09-22T18:02:13.180911000Z,7.5694,130.7508,Cloud to Ground,-22576,0,7
2026-09-22T18:02:14.183397668Z,5.859455,118.797809,Cloud to Cloud,15603,16944,10
2026-09-22T18:02:14.147880948Z,5.801712,118.840107,Cloud to Ground,22435,0,11
2026-09-22T18:02:17.290538898Z,6.076489,118.110847,Cloud to Cloud,-23543,19075,14
2026-09-22T18:02:17.115239960Z,6.170772,118.079851,Cloud to Cloud,-17417,5090,8
2026-09-22T18:02:17.106720464Z,6.043423,118.103749,Cloud to Ground,-12918,0,7
2026-09-22T18:02:17.381519219Z,6.076696,118.070027,Cloud to Cloud,-8931,13661,8
2026-09-22T18:02:17.439202901Z,6.161196,118.122158,Cloud to Ground,17681,0,7
2026-09-22T18:02:17.932871365Z,6.052647,118.113838,Cloud to Cloud,18818,3008,8
2026-09-22T18:02:18.222870804Z,6.06228,118.083029,Cloud to Ground,22267,0,7
2026-09-22T18:02:17.829596475Z,6.057935,118.13486,Cloud to Ground,26364,0,14
2026-09-22T18:02:17.382079112Z,6.028371,118.201788,Cloud to Ground,28033,0,21
2026-09-22T18:02:17.219387022Z,6.050263,118.11264,Cloud to Ground,41542,0,9
2026-09-22T18:02:18.060557397Z,6.030426,118.070386,Cloud to Ground,42209,0,9
2026-09-22T18:02:17.140441249Z,6.053835,118.140939,Cloud to Ground,44345,0,12
2026-09-22T18:02:17.291365991Z,6.057065,118.11925,Cloud to Ground,54628,0,10
2026-09-22T18:02:17.079717443Z,6.064739,118.234541,Cloud to Ground,90186,0,19
2026-09-22T18:02:19.924971826Z,3.834355,114.890517,Cloud to Ground,-19727,0,12
2026-09-22T18:02:19.797570000Z,3.8452,114.946,Cloud to Ground,-16560,0,5
2026-09-22T18:02:19.793125247Z,3.929998,114.975864,Cloud to Cloud,-12287,4779,14
2026-09-22T18:02:19.795363228Z,3.850551,114.983888,Cloud to Ground,12400,0,10
2026-09-22T18:02:20.462918084Z,21.365851,126.108657,Cloud to Ground,22474,0,10
2026-09-22T18:02:20.461916164Z,21.371407,126.193693,Cloud to Ground,24858,0,10
2026-09-22T18:02:21.118056248Z,5.766545,118.737549,Cloud to Ground,22595,0,11
2026-09-22T18:02:24.603356975Z,2.997268,115.931662,Cloud to Ground,13118,0,15
2026-09-22T18:02:24.602737409Z,3.001974,115.91808,Cloud to Ground,21100,0,17
2026-09-22T18:02:24.239669277Z,18.572685,122.936595,Cloud to Cloud,10398,3058,7
2026-09-22T18:02:26.400584857Z,1.133744,111.895193,Cloud to Ground,-29765,0,22
2026-09-22T18:02:27.703772000Z,9.0616,124.1327,Cloud to Ground,-14040,0,6
2026-09-22T18:02:31.042086861Z,8.010101,130.897386,Cloud to Ground,-15034,0,11
2026-09-22T18:02:30.764342179Z,8.00651,130.920822,Cloud to Cloud,13561,16066,16
2026-09-22T18:02:30.730925757Z,8.029636,131.003707,Cloud to Cloud,21379,3027,11
2026-09-22T18:02:30.731650122Z,8.018441,130.954284,Cloud to Ground,34506,0,18
2026-09-22T18:02:31.477581644Z,5.534587,118.903757,Cloud to Cloud,21463,10670,8
2026-09-22T18:02:31.871814237Z,7.691922,130.223425,Cloud to Ground,-48669,0,12
2026-09-22T18:02:32.099731691Z,7.630523,130.469765,Cloud to Ground,-20360,0,24
2026-09-22T18:02:31.900116846Z,7.601521,130.463523,Cloud to Ground,-20112,0,13
2026-09-22T18:02:32.192400368Z,18.758497,124.59698,Cloud to Ground,-22265,0,7
2026-09-22T18:02:32.269925193Z,18.761993,124.587664,Cloud to Ground,-15131,0,7
2026-09-22T18:02:34.471206945Z,5.739128,118.708483,Cloud to Cloud,-14519,5534,10
2026-09-22T18:02:34.059395058Z,5.892893,118.895165,Cloud to Ground,-42319,0,18
2026-09-22T18:02:34.095945260Z,5.904991,118.861692,Cloud to Cloud,21942,10155,9
2026-09-22T18:02:36.707959565Z,3.482851,116.440375,Cloud to Ground,-12777,0,9
2026-09-22T18:02:36.704173510Z,3.454143,116.409408,Cloud to Ground,-12639,0,13
2026-09-22T18:02:36.705586974Z,3.473531,116.403998,Cloud to Ground,42900,0,23
2026-09-22T18:02:36.947937942Z,3.465679,116.302794,Cloud to Ground,34913,0,17
2026-09-22T18:02:39.592344511Z,3.386935,116.637359,Cloud to Ground,16702,0,14
2026-09-22T18:02:39.422987451Z,3.373593,116.682905,Cloud to Ground,30192,0,24
2026-09-22T18:02:39.515181250Z,3.389139,116.665197,Cloud to Ground,36517,0,12
2026-09-22T18:02:39.948941505Z,5.798484,118.776493,Cloud to Cloud,-23360,5701,11
2026-09-22T18:02:39.933235630Z,5.785476,118.769779,Cloud to Cloud,-9933,6762,8
2026-09-22T18:02:39.792954737Z,1.237631,111.901941,Cloud to Ground,-15000,0,18
2026-09-22T18:02:39.633319920Z,1.150363,111.917045,Cloud to Ground,18559,0,14
2026-09-22T18:02:41.572426000Z,10.1726,124.2981,Cloud to Ground,-18807,0,8
2026-09-22T18:02:43.471941708Z,6.209851,118.206582,Cloud to Cloud,-22548,16796,7
2026-09-22T18:02:43.395758585Z,6.183854,118.176277,Cloud to Cloud,-12431,3035,10
2026-09-22T18:02:43.383421574Z,6.188193,118.270109,Cloud to Ground,44272,0,9
2026-09-22T18:02:43.779736912Z,6.082631,118.120343,Cloud to Ground,-10431,0,7
2026-09-22T18:02:43.400305918Z,6.057137,118.113302,Cloud to Ground,-8767,0,9
2026-09-22T18:02:44.873623000Z,5.4654,119.1142,Cloud to Ground,-48485,0,7
2026-09-22T18:02:44.715598055Z,5.469947,119.096046,Cloud to Ground,-21591,0,11
2026-09-22T18:02:44.813771654Z,5.457883,119.025358,Cloud to Ground,25266,0,9
2026-09-22T18:02:45.920673660Z,6.172971,118.240065,Cloud to Ground,-16219,0,9
2026-09-22T18:02:45.916411385Z,6.185242,118.349641,Cloud to Cloud,21323,7583,9
2026-09-22T18:02:46.638789724Z,1.11903,111.92579,Cloud to Ground,18089,0,10
2026-09-22T18:02:46.376450583Z,18.484438,122.234079,Cloud to Ground,-32610,0,12
2026-09-22T18:02:46.274632847Z,18.451804,122.310805,Cloud to Cloud,6681,18093,6
2026-09-22T18:02:46.086318800Z,18.436356,122.29815,Cloud to Cloud,11324,17765,8
2026-09-22T18:02:47.879476626Z,5.027368,116.704299,Cloud to Ground,-15290,0,10
2026-09-22T18:02:47.870943473Z,4.946045,116.655459,Cloud to Ground,22877,0,10
2026-09-22T18:02:47.869543087Z,4.929633,116.63337,Cloud to Ground,22976,0,15
2026-09-22T18:02:50.049069942Z,3.548864,116.524602,Cloud to Ground,77800,0,30
2026-09-22T18:02:50.500316909Z,5.850393,118.800529,Cloud to Ground,-60563,0,28
2026-09-22T18:02:50.538701337Z,5.777429,118.762328,Cloud to Cloud,8771,3643,5
2026-09-22T18:02:50.659712424Z,5.905177,118.813994,Cloud to Cloud,11688,3097,8
2026-09-22T18:02:50.814822134Z,5.905229,118.812469,Cloud to Cloud,12654,3331,8
2026-09-22T18:02:50.601648218Z,5.793773,118.801898,Cloud to Ground,27652,0,14
2026-09-22T18:02:51.862828952Z,7.645681,130.500018,Cloud to Cloud,14495,3119,12
2026-09-22T18:02:51.383244587Z,12.237212,111.653318,Cloud to Ground,-6146,0,7
2026-09-22T18:02:51.369708648Z,12.107995,111.534595,Cloud to Cloud,14792,3020,6
2026-09-22T18:02:51.374406596Z,12.143621,111.520258,Cloud to Cloud,17179,3289,8
2026-09-22T18:02:52.602535081Z,7.211154,129.743422,Cloud to Ground,25388,0,12
2026-09-22T18:02:52.778801000Z,7.1851,129.3971,Cloud to Ground,-15614,0,5
2026-09-22T18:02:52.722123318Z,1.098536,111.862312,Cloud to Ground,-11558,0,22
2026-09-22T18:02:54.302224985Z,6.559068,128.441728,Cloud to Ground,-25109,0,19
2026-09-22T18:02:54.341454059Z,6.569057,128.4262,Cloud to Cloud,-22296,16773,24
2026-09-22T18:02:54.314185757Z,6.558647,128.381804,Cloud to Ground,-16534,0,11
2026-09-22T18:02:54.372314830Z,3.014285,116.056763,Cloud to Ground,40018,0,20
2026-09-22T18:02:54.373505000Z,2.9339,116.1047,Cloud to Ground,-16825,0,5
2026-09-22T18:02:54.239329751Z,20.353042,124.589873,Cloud to Ground,-31805,0,9
2026-09-22T18:02:54.335846752Z,20.31729,124.580708,Cloud to Ground,-14611,0,7
2026-09-22T18:02:54.217005051Z,20.359016,124.579682,Cloud to Cloud,-9458,19283,8
2026-09-22T18:02:55.263828971Z,6.292533,117.771947,Cloud to Cloud,-25217,15931,8
2026-09-22T18:02:55.271560427Z,6.168989,117.778713,Cloud to Cloud,-15911,4660,12
2026-09-22T18:02:55.255705097Z,6.214714,117.766932,Cloud to Cloud,-13054,3100,12
2026-09-22T18:02:55.254786996Z,6.226849,117.763141,Cloud to Cloud,-12519,4413,8
2026-09-22T18:02:55.256418098Z,6.22864,117.785823,Cloud to Cloud,-11610,3153,10
2026-09-22T18:02:55.295406769Z,6.119016,117.790408,Cloud to Ground,-11103,0,12
2026-09-22T18:02:55.294684167Z,6.281699,117.765577,Cloud to Cloud,-8649,12858,7
2026-09-22T18:02:55.666860889Z,6.0744,117.552882,Cloud to Cloud,-7096,6083,14
2026-09-22T18:02:55.487239211Z,1.136666,111.929255,Cloud to Ground,12946,0,7
2026-09-22T18:02:55.485506684Z,13.844199,112.182076,Cloud to Cloud,-12133,12029,8
2026-09-22T18:02:55.484670393Z,13.809912,112.131557,Cloud to Cloud,15872,19600,12
2026-09-22T18:02:57.185564000Z,18.012,123.3308,Cloud to Ground,-53308,0,6
2026-09-22T18:02:57.192333431Z,17.975587,123.354816,Cloud to Cloud,5018,6512,5
2026-09-22T18:02:57.195296537Z,17.96915,123.357593,Cloud to Cloud,10085,7397,6
2026-09-22T18:02:57.183436618Z,17.980003,123.350263,Cloud to Cloud,11426,7028,8
2026-09-22T18:02:57.184459650Z,17.981593,123.347235,Cloud to Cloud,17080,15504,10
2026-09-22T18:02:57.188317812Z,17.980865,123.345943,Cloud to Cloud,21700,4730,11
2026-09-22T18:02:58.208030255Z,1.44347,121.400284,Cloud to Ground,14499,0,12
2026-09-22T18:02:59.884142335Z,5.765356,118.75601,Cloud to Cloud,10142,3027,7
2026-09-22T18:02:59.771357777Z,5.781111,118.76617,Cloud to Cloud,14076,5760,7
2026-09-22T18:02:59.624187725Z,5.770966,118.760325,Cloud to Cloud,14337,3014,10
2026-09-22T18:02:59.688340330Z,5.777686,118.765754,Cloud to Ground,17525,0,8
2026-09-22T18:02:59.833761759Z,5.840707,118.713852,Cloud to Ground,18925,0,8
2026-09-22T18:02:59.651439125Z,5.777257,118.787696,Cloud to Ground,22920,0,14
2026-09-22T18:02:59.596291172Z,5.772448,118.817051,Cloud to Ground,50175,0,18
2026-09-22T18:02:59.380337390Z,12.367471,121.995816,Cloud to Ground,59862,0,8
2026-09-22T18:03:01.707088245Z,6.06039,118.196053,Cloud to Ground,15027,0,19
2026-09-22T18:03:01.678940697Z,6.051413,118.115038,Cloud to Ground,28213,0,11
2026-09-22T18:03:01.652210088Z,6.054026,118.115074,Cloud to Ground,72088,0,10
2026-09-22T18:03:01.753775065Z,6.209756,118.133559,Cloud to Ground,-39207,0,30
2026-09-22T18:03:05.118820456Z,3.619981,116.34925,Cloud to Ground,-17178,0,18
2026-09-22T18:03:05.121196260Z,3.633687,116.370505,Cloud to Ground,-12926,0,18
2026-09-22T18:03:06.122847189Z,1.062296,112.061021,Cloud to Ground,12801,0,9
2026-09-22T18:03:09.732841029Z,3.357223,116.032475,Cloud to Ground,20821,0,7
2026-09-22T18:03:09.722959509Z,3.151644,116.025548,Cloud to Ground,-17757,0,16
2026-09-22T18:03:11.991896903Z,1.156857,111.92647,Cloud to Ground,-14482,0,12
2026-09-22T18:03:11.737602793Z,5.773074,118.753619,Cloud to Ground,20706,0,13
2026-09-22T18:03:11.647538248Z,5.662566,117.96143,Cloud to Cloud,-11400,8430,24
2026-09-22T18:03:11.132416946Z,5.62833,117.916745,Cloud to Ground,-10164,0,20
2026-09-22T18:03:11.648103828Z,5.63237,117.940291,Cloud to Cloud,11573,6496,9
2026-09-22T18:03:11.133201341Z,6.077738,117.668171,Cloud to Cloud,23204,4584,12
2026-09-22T18:03:12.148908015Z,3.144771,115.878582,Cloud to Ground,-17517,0,19
2026-09-22T18:03:12.151050499Z,3.090017,115.94697,Cloud to Ground,-13638,0,12
2026-09-22T18:03:12.709166339Z,18.824916,124.604787,Cloud to Cloud,6561,14784,6
2026-09-22T18:03:12.591032465Z,13.709557,120.665584,Cloud to Cloud,-18844,3685,13
2026-09-22T18:03:12.194666582Z,13.631989,120.761089,Cloud to Cloud,13844,3064,9
2026-09-22T18:03:12.196669000Z,13.7915,120.7518,Cloud to Ground,7711,0,5
2026-09-22T18:03:13.504378428Z,2.486801,115.120326,Cloud to Ground,10187,0,12
2026-09-22T18:03:13.505910409Z,2.496827,115.122967,Cloud to Ground,11564,0,8
2026-09-22T18:03:14.698349995Z,17.959763,123.474119,Cloud to Cloud,11466,16142,9
2026-09-22T18:03:14.700042807Z,17.927853,123.66052,Cloud to Cloud,8310,6536,8
2026-09-22T18:03:15.317874473Z,1.097719,111.964743,Cloud to Ground,10256,0,12
2026-09-22T18:03:17.006563552Z,9.628287,125.13006,Cloud to Cloud,-8719,11897,11
2026-09-22T18:03:18.539225824Z,1.113214,111.89291,Cloud to Ground,18589,0,12
2026-09-22T18:03:18.741991088Z,7.580451,130.591129,Cloud to Ground,-28986,0,21
2026-09-22T18:03:19.248649988Z,7.64338,130.541549,Cloud to Cloud,-13806,6092,7
2026-09-22T18:03:18.806021127Z,7.614214,130.542456,Cloud to Cloud,-13447,4638,11
2026-09-22T18:03:18.783496449Z,7.510761,130.683034,Cloud to Ground,-34809,0,24
2026-09-22T18:03:18.904294989Z,7.508906,130.658041,Cloud to Ground,-32580,0,16
2026-09-22T18:03:18.625840000Z,7.5831,130.8404,Cloud to Ground,-26180,0,7
2026-09-22T18:03:18.611286263Z,7.537408,130.764988,Cloud to Ground,-25669,0,11
2026-09-22T18:03:18.853439000Z,7.5353,130.7418,Cloud to Ground,-23581,0,14
2026-09-22T18:03:18.686412434Z,7.527807,130.702203,Cloud to Ground,-20837,0,24
2026-09-22T18:03:19.119040989Z,7.531576,130.698396,Cloud to Ground,-17063,0,19
2026-09-22T18:03:18.663669398Z,7.537191,130.768051,Cloud to Cloud,-13636,3191,10
2026-09-22T18:03:19.980522982Z,4.395907,116.097108,Cloud to Ground,-23696,0,26
2026-09-22T18:03:21.867059686Z,5.741245,118.814078,Cloud to Ground,-18781,0,13
2026-09-22T18:03:21.498676858Z,13.816027,111.63582,Cloud to Ground,-53857,0,14
2026-09-22T18:03:21.633841675Z,13.789609,111.535306,Cloud to Ground,22475,0,7
2026-09-22T18:03:21.627924468Z,13.807621,111.538379,Cloud to Ground,23344,0,8
2026-09-22T18:03:21.630162597Z,13.804195,111.535827,Cloud to Ground,27218,0,6
2026-09-22T18:03:21.623896342Z,13.802526,111.553449,Cloud to Ground,28838,0,7
2026-09-22T18:03:25.568126700Z,5.900644,118.942659,Cloud to Ground,-12876,0,11
2026-09-22T18:03:27.174237276Z,9.305245,125.019358,Cloud to Ground,-24194,0,19
2026-09-22T18:03:27.085324000Z,9.2229,125.1826,Cloud to Ground,-33316,0,9
2026-09-22T18:03:28.592142611Z,5.957975,117.215667,Cloud to Ground,-28335,0,13
2026-09-22T18:03:28.662831359Z,5.838843,117.077284,Cloud to Ground,-19953,0,9
2026-09-22T18:03:28.641329703Z,5.765016,117.072241,Cloud to Ground,12089,0,9
2026-09-22T18:03:28.622322778Z,5.793392,117.184499,Cloud to Cloud,-13222,4821,14
2026-09-22T18:03:29.432642482Z,13.869241,110.327734,Cloud to Ground,-65881,0,13
2026-09-22T18:03:29.526940912Z,13.920497,110.367299,Cloud to Ground,-29504,0,6
2026-09-22T18:03:29.467355852Z,13.886936,110.320759,Cloud to Ground,-27000,0,11
2026-09-22T18:03:29.526070533Z,13.863855,110.200102,Cloud to Ground,13863,0,7
2026-09-22T18:03:30.737533329Z,17.915349,123.300113,Cloud to Ground,-30421,0,14
2026-09-22T18:03:30.789130288Z,17.92531,123.335569,Cloud to Ground,-18808,0,11
2026-09-22T18:03:31.062430952Z,17.962862,123.362056,Cloud to Cloud,3350,4251,5
2026-09-22T18:03:31.597868147Z,17.967646,123.335472,Cloud to Cloud,12442,7113,10
2026-09-22T18:03:31.160677632Z,1.146047,111.936559,Cloud to Ground,19988,0,10
2026-09-22T18:03:35.498071044Z,5.772568,118.769391,Cloud to Cloud,10366,3005,7
2026-09-22T18:03:35.836899474Z,5.765376,118.804445,Cloud to Ground,11809,0,10
2026-09-22T18:03:35.366837828Z,5.77242,118.76914,Cloud to Cloud,12256,3257,6
2026-09-22T18:03:35.411806180Z,5.770008,118.786541,Cloud to Ground,21662,0,14
2026-09-22T18:03:35.461567410Z,5.769482,118.78428,Cloud to Ground,30648,0,15
2026-09-22T18:03:35.341306414Z,5.770455,118.770135,Cloud to Ground,49705,0,10
2026-09-22T18:03:39.993986530Z,12.580519,110.470752,Cloud to Ground,-17776,0,10
2026-09-22T18:03:39.843424935Z,12.491973,110.356182,Cloud to Ground,17329,0,7
2026-09-22T18:03:39.846757936Z,12.506924,110.352807,Cloud to Ground,18365,0,9
2026-09-22T18:03:41.990118017Z,5.76642,118.715829,Cloud to Cloud,-9677,12107,6
2026-09-22T18:03:41.994073748Z,5.779693,118.73431,Cloud to Cloud,10208,3088,8
2026-09-22T18:03:41.896283025Z,5.803404,118.759725,Cloud to Ground,23237,0,12
2026-09-22T18:03:46.478468211Z,1.234487,111.857502,Cloud to Cloud,-13680,7676,7
2026-09-22T18:03:46.405035737Z,1.127577,111.93655,Cloud to Ground,13775,0,17
2026-09-22T18:03:46.473522991Z,1.127103,111.936624,Cloud to Ground,23667,0,15
2026-09-22T18:03:49.100203578Z,1.581172,121.324863,Cloud to Cloud,-8676,3045,12
2026-09-22T18:03:50.998668009Z,5.9486,117.163662,Cloud to Ground,14924,0,7
2026-09-22T18:03:50.884039888Z,5.767343,117.096452,Cloud to Ground,65651,0,12
2026-09-22T18:03:50.953708291Z,5.794215,116.995804,Cloud to Ground,63035,0,28
2026-09-22T18:03:51.103750246Z,5.873875,117.093913,Cloud to Ground,47860,0,20
2026-09-22T18:03:53.493587487Z,6.004773,117.921029,Cloud to Ground,42164,0,10
2026-09-22T18:03:53.429159354Z,6.157037,118.105206,Cloud to Ground,26119,0,10
2026-09-22T18:03:54.061211812Z,6.06562,118.084223,Cloud to Ground,-41769,0,22
2026-09-22T18:03:53.333328524Z,6.057072,118.158203,Cloud to Cloud,-32783,17077,10
2026-09-22T18:03:53.768440564Z,6.035874,118.088161,Cloud to Ground,20090,0,7
2026-09-22T18:03:54.144861743Z,6.041767,118.088414,Cloud to Ground,22554,0,8
2026-09-22T18:03:54.205581901Z,6.049506,118.055953,Cloud to Cloud,24482,9787,7
2026-09-22T18:03:53.338651287Z,6.075333,118.205456,Cloud to Ground,197819,0,12
2026-09-22T18:03:53.431295000Z,5.5299,118.021,Cloud to Ground,-42556,0,5
2026-09-22T18:03:53.187854336Z,1.209447,111.944839,Cloud to Ground,-15365,0,9
2026-09-22T18:03:53.955624533Z,3.19965,116.018664,Cloud to Ground,20044,0,8
2026-09-22T18:03:53.685649846Z,20.198807,124.402668,Cloud to Ground,-68181,0,15
2026-09-22T18:03:53.891192058Z,20.193251,124.403152,Cloud to Ground,-65663,0,13
2026-09-22T18:03:53.737259000Z,20.2485,124.4215,Cloud to Ground,-45611,0,5
2026-09-22T18:03:53.753856982Z,20.198063,124.40203,Cloud to Ground,-18049,0,6
2026-09-22T18:03:53.999819626Z,20.195447,124.415006,Cloud to Ground,-14333,0,7
2026-09-22T18:03:53.753162303Z,20.197852,124.397073,Cloud to Cloud,-9343,6559,6
2026-09-22T18:03:54.848048526Z,5.772663,118.74077,Cloud to Ground,19532,0,8
2026-09-22T18:03:54.796621718Z,5.764107,118.839805,Cloud to Ground,35921,0,22
2026-09-22T18:03:54.904366830Z,5.794403,118.846027,Cloud to Ground,61668,0,22
2026-09-22T18:03:57.173657835Z,18.765678,124.584426,Cloud to Cloud,9211,16008,7
2026-09-22T18:03:57.117087725Z,18.769969,124.606195,Cloud to Cloud,13964,17965,8
2026-09-22T18:03:57.158335794Z,18.763318,124.582623,Cloud to Cloud,15857,3000,6
2026-09-22T18:03:57.124600582Z,18.731108,124.4042,Cloud to Cloud,27434,3009,9
2026-09-22T18:04:02.643956980Z,7.212401,129.642159,Cloud to Ground,-38486,0,21
2026-09-22T18:04:02.811471185Z,7.243096,129.692772,Cloud to Ground,-17030,0,11
2026-09-22T18:04:06.163706216Z,5.774622,118.765794,Cloud to Cloud,13379,3020,7
2026-09-22T18:04:06.373280294Z,5.777915,118.778011,Cloud to Cloud,17290,3042,12
2026-09-22T18:04:05.804829810Z,5.777577,118.78462,Cloud to Ground,52843,0,13
2026-09-22T18:04:06.339681771Z,5.88781,118.940838,Cloud to Ground,-16005,0,8
2026-09-22T18:04:10.300172438Z,1.131,111.914413,Cloud to Ground,13811,0,12
2026-09-22T18:04:10.804437000Z,7.6228,130.5015,Cloud to Ground,-2135,0,11
2026-09-22T18:04:10.834542804Z,7.634248,130.511664,Cloud to Ground,17990,0,25
2026-09-22T18:04:11.567942000Z,14.1484,120.1612,Cloud to Ground,21129,0,5
2026-09-22T18:04:13.023051158Z,5.809355,118.773944,Cloud to Ground,-60160,0,33
2026-09-22T18:04:13.103377515Z,5.77738,118.769137,Cloud to Cloud,13888,3005,7
2026-09-22T18:04:16.012118000Z,1.108408,111.91321,Cloud to Ground,17550,0,15
2026-09-22T18:04:16.012799655Z,1.136914,111.911296,Cloud to Ground,19233,0,14
2026-09-22T18:04:17.830290628Z,3.176819,115.921874,Cloud to Cloud,-27065,12238,21
2026-09-22T18:04:17.930632323Z,3.09771,116.001648,Cloud to Ground,-17054,0,13
2026-09-22T18:04:17.833393600Z,3.153752,115.921015,Cloud to Cloud,-12742,3333,13
2026-09-22T18:04:17.831236433Z,3.104508,115.92674,Cloud to Ground,17180,0,9
2026-09-22T18:04:17.972655017Z,5.476371,119.022462,Cloud to Cloud,11012,3003,7
2026-09-22T18:04:17.939089577Z,5.465356,119.009271,Cloud to Ground,23679,0,8
2026-09-22T18:04:19.857376536Z,17.961095,123.366116,Cloud to Cloud,5602,15459,6
2026-09-22T18:04:19.858974041Z,17.962802,123.371034,Cloud to Cloud,9104,9108,5
2026-09-22T18:04:19.853606866Z,17.960679,123.363218,Cloud to Cloud,13224,9456,8
2026-09-22T18:04:19.855755469Z,17.960725,123.371233,Cloud to Cloud,16341,3056,10
2026-09-22T18:04:22.777657342Z,6.082241,117.652438,Cloud to Cloud,9245,6566,9
2026-09-22T18:04:23.063086354Z,5.879141,117.745399,Cloud to Cloud,-14017,7550,10
2026-09-22T18:04:23.952327048Z,1.594501,113.310868,Cloud to Ground,-15230,0,14
2026-09-22T18:04:23.803031190Z,1.639859,113.370601,Cloud to Ground,12453,0,6
2026-09-22T18:04:24.420933171Z,5.792331,118.752782,Cloud to Cloud,8656,3004,7
2026-09-22T18:04:24.109260098Z,5.787101,118.762597,Cloud to Ground,23150,0,13
2026-09-22T18:04:24.071998604Z,5.778239,118.746754,Cloud to Ground,35525,0,8
2026-09-22T18:04:27.509265491Z,11.377114,113.508397,Cloud to Ground,-61337,0,16
2026-09-22T18:04:27.576354382Z,11.418247,113.645688,Cloud to Ground,88964,0,12
2026-09-22T18:04:27.863659364Z,11.398784,113.611088,Cloud to Ground,109824,0,16
2026-09-22T18:04:27.512549625Z,11.399214,113.641377,Cloud to Ground,293297,0,10
2026-09-22T18:04:28.251846535Z,18.814713,124.491687,Cloud to Ground,-24121,0,7
2026-09-22T18:04:28.823078000Z,8.9008,124.3798,Cloud to Ground,13403,0,7
2026-09-22T18:04:30.736716563Z,1.903195,112.910991,Cloud to Ground,-14640,0,10
2026-09-22T18:04:30.768854070Z,1.883945,112.907811,Cloud to Ground,11151,0,7
2026-09-22T18:04:32.309654825Z,5.795932,118.753272,Cloud to Ground,19520,0,11
2026-09-22T18:04:32.050675294Z,5.801474,118.760491,Cloud to Ground,21108,0,13
2026-09-22T18:04:32.375312751Z,5.802797,118.759068,Cloud to Ground,22634,0,13
2026-09-22T18:04:34.919924409Z,9.049201,124.177218,Cloud to Ground,-13477,0,8
2026-09-22T18:04:34.759973386Z,1.205503,111.838737,Cloud to Cloud,20254,12067,7
2026-09-22T18:04:34.755425176Z,1.161544,111.848336,Cloud to Ground,27080,0,11
2026-09-22T18:04:35.292627804Z,5.881928,117.141933,Cloud to Cloud,-13463,12245,8
2026-09-22T18:04:35.260042009Z,5.964478,117.152083,Cloud to Ground,-11383,0,7
2026-09-22T18:04:35.317299205Z,5.897057,117.160885,Cloud to Cloud,-9488,6139,14
2026-09-22T18:04:35.281254088Z,5.824463,117.124949,Cloud to Cloud,28133,4029,10
2026-09-22T18:04:37.658850731Z,5.799827,117.927063,Cloud to Cloud,-9967,18740,7
2026-09-22T18:04:37.312265534Z,5.642036,117.899281,Cloud to Cloud,-10193,10859,14
2026-09-22T18:04:37.285306366Z,5.622781,117.892791,Cloud to Cloud,-8218,3071,13
2026-09-22T18:04:37.655321521Z,5.649356,117.924189,Cloud to Ground,22356,0,8
2026-09-22T18:04:39.737849430Z,6.092132,118.107958,Cloud to Ground,20527,0,21
2026-09-22T18:04:39.739446176Z,5.831522,118.079874,Cloud to Cloud,-28178,3021,8
2026-09-22T18:04:39.713811350Z,5.854081,118.17514,Cloud to Ground,-80432,0,15
2026-09-22T18:04:39.795616574Z,5.864468,118.171986,Cloud to Ground,-22082,0,12
2026-09-22T18:04:40.186332578Z,1.12104,111.947485,Cloud to Ground,11465,0,8
2026-09-22T18:04:42.034425403Z,3.554918,116.602187,Cloud to Ground,-12124,0,13
2026-09-22T18:04:42.028186038Z,3.550519,116.505855,Cloud to Ground,29152,0,15
2026-09-22T18:04:43.803032000Z,13.7977,112.3218,Cloud to Ground,-199505,0,10
2026-09-22T18:04:45.837838544Z,7.234069,129.745583,Cloud to Ground,-18470,0,18
2026-09-22T18:04:46.163476711Z,7.232568,129.664109,Cloud to Ground,-14907,0,22
2026-09-22T18:04:46.215233659Z,7.22995,129.658948,Cloud to Ground,-13726,0,16
2026-09-22T18:04:46.054927985Z,7.223846,129.643487,Cloud to Ground,-12339,0,16
2026-09-22T18:04:47.731240836Z,6.184487,118.21385,Cloud to Cloud,-23126,3026,9
2026-09-22T18:04:47.767228666Z,6.187005,118.163741,Cloud to Ground,-15116,0,12
2026-09-22T18:04:47.727666301Z,6.163862,118.25558,Cloud to Ground,37156,0,11
2026-09-22T18:04:47.407500381Z,7.593637,130.323537,Cloud to Ground,37196,0,10
2026-09-22T18:04:48.269768581Z,6.035403,118.024207,Cloud to Ground,19930,0,8
2026-09-22T18:04:47.736939187Z,6.112524,118.024523,Cloud to Ground,28566,0,25
2026-09-22T18:04:48.229583820Z,6.03988,118.043124,Cloud to Ground,36736,0,11
2026-09-22T18:04:48.208466459Z,7.597041,130.535866,Cloud to Cloud,-15360,3138,13
2026-09-22T18:04:51.866576071Z,5.905462,118.943268,Cloud to Ground,-18728,0,8
2026-09-22T18:04:52.056586738Z,5.890789,118.930506,Cloud to Ground,-11596,0,8
2026-09-22T18:04:51.912054803Z,5.88075,118.936495,Cloud to Ground,-10440,0,9
2026-09-22T18:04:52.053133180Z,5.770477,118.770025,Cloud to Ground,17234,0,11
2026-09-22T18:04:51.959549242Z,5.774939,118.761545,Cloud to Ground,24169,0,9
2026-09-22T18:04:52.151929989Z,5.772474,118.778971,Cloud to Ground,32876,0,13
2026-09-22T18:04:52.327203000Z,1.0708,112.084,Cloud to Ground,-4169,0,7
2026-09-22T18:04:53.586323447Z,3.391798,115.56629,Cloud to Ground,-21618,0,13
2026-09-22T18:04:54.399751154Z,3.306575,116.621125,Cloud to Cloud,-12714,3614,10
2026-09-22T18:04:54.401331270Z,3.333371,116.602495,Cloud to Ground,36383,0,16
2026-09-22T18:04:54.448269046Z,3.264912,116.594577,Cloud to Ground,50426,0,13
2026-09-22T18:04:54.490058017Z,17.967698,123.329466,Cloud to Ground,-69929,0,16
2026-09-22T18:04:54.521290581Z,17.966419,123.314914,Cloud to Ground,-56341,0,16
2026-09-22T18:04:54.576736472Z,17.980366,123.287983,Cloud to Ground,-32402,0,13
2026-09-22T18:04:54.743228325Z,17.927742,123.341298,Cloud to Ground,-19928,0,8
2026-09-22T18:04:54.505876015Z,17.935493,123.291563,Cloud to Cloud,3251,9068,6
2026-09-22T18:04:54.641649609Z,17.963642,123.360022,Cloud to Cloud,10800,10325,5
2026-09-22T18:04:54.522327339Z,17.945846,123.331032,Cloud to Cloud,21149,18790,12
2026-09-22T18:04:55.662898783Z,13.417787,122.040824,Cloud to Cloud,-25127,6689,9
2026-09-22T18:05:01.699933135Z,5.950277,118.752752,Cloud to Cloud,20026,3005,7
2026-09-22T18:05:03.550973636Z,4.304093,116.211663,Cloud to Cloud,-26947,7481,18
2026-09-22T18:05:03.603235187Z,22.997281,126.226203,Cloud to Cloud,-150261,16298,12
2026-09-22T18:05:05.369017600Z,1.171323,111.921011,Cloud to Ground,-20693,0,18
2026-09-22T18:05:05.298972704Z,1.21863,111.963164,Cloud to Ground,-10487,0,8
2026-09-22T18:05:06.311612974Z,5.751921,118.75735,Cloud to Ground,19175,0,12
2026-09-22T18:05:06.273286871Z,4.353346,116.088811,Cloud to Cloud,-10503,12793,14
2026-09-22T18:05:06.272005592Z,4.372807,116.153189,Cloud to Cloud,-9402,8341,17
2026-09-22T18:05:06.268773723Z,4.362322,116.072281,Cloud to Cloud,-8548,11343,10
2026-09-22T18:05:06.270758142Z,4.238875,116.066356,Cloud to Ground,-11391,0,12
2026-09-22T18:05:07.222698809Z,1.432803,121.432738,Cloud to Cloud,6056,16441,6
2026-09-22T18:05:08.885168472Z,6.179381,118.163856,Cloud to Cloud,-11442,7498,10
2026-09-22T18:05:11.595549625Z,5.486343,119.022144,Cloud to Ground,-13328,0,26
2026-09-22T18:05:11.975640190Z,7.614849,130.481649,Cloud to Ground,-23681,0,22
2026-09-22T18:05:12.023212440Z,7.899656,130.324164,Cloud to Ground,-12152,0,15
2026-09-22T18:05:12.233917000Z,7.7001,130.5989,Cloud to Ground,-18507,0,7
2026-09-22T18:05:11.893100000Z,7.6671,130.6273,Cloud to Ground,-17184,0,5
2026-09-22T18:05:12.345367512Z,12.126636,111.580741,Cloud to Ground,-23411,0,15
2026-09-22T18:05:12.344320134Z,12.131593,111.523839,Cloud to Ground,20847,0,7
2026-09-22T18:05:13.962346091Z,7.539427,130.576434,Cloud to Ground,-79839,0,16
2026-09-22T18:05:14.022740000Z,7.6337,130.7814,Cloud to Ground,932,0,5
2026-09-22T18:05:13.983334000Z,7.568,130.7768,Cloud to Ground,10475,0,5
2026-09-22T18:05:13.081125048Z,19.813607,121.356475,Cloud to Ground,-60275,0,14
2026-09-22T18:05:13.176763092Z,19.814108,121.378595,Cloud to Ground,-46111,0,16
2026-09-22T18:05:13.174367094Z,19.86446,121.262751,Cloud to Cloud,-13863,17116,8
2026-09-22T18:05:14.354358861Z,6.269767,127.63074,Cloud to Cloud,-27298,3856,18
2026-09-22T18:05:14.575479300Z,18.767856,124.588582,Cloud to Cloud,8885,16082,7
2026-09-22T18:05:14.511129917Z,18.776446,124.589713,Cloud to Cloud,10917,3121,6
2026-09-22T18:05:14.541279239Z,18.769377,124.586284,Cloud to Cloud,12534,3014,6
2026-09-22T18:05:14.500201440Z,18.782118,124.595548,Cloud to Cloud,12807,19742,8
2026-09-22T18:05:14.021394000Z,7.5327,130.6775,Cloud to Ground,-10646,0,6
2026-09-22T18:05:14.055393000Z,7.5575,130.6748,Cloud to Ground,-7986,0,6
2026-09-22T18:05:16.884933152Z,1.155281,111.929549,Cloud to Ground,-16462,0,12
2026-09-22T18:05:16.821304317Z,1.110846,111.929007,Cloud to Ground,22028,0,15
2026-09-22T18:05:18.092558238Z,6.036006,118.30419,Cloud to Cloud,-13667,4284,15
2026-09-22T18:05:18.259289231Z,6.2787,118.187909,Cloud to Cloud,16314,3004,7
2026-09-22T18:05:18.033409227Z,6.087063,118.227891,Cloud to Ground,13391,0,11
2026-09-22T18:05:18.687094350Z,6.081571,118.145272,Cloud to Cloud,18017,4334,7
2026-09-22T18:05:18.214308259Z,6.023253,118.111267,Cloud to Cloud,23438,7216,8
2026-09-22T18:05:18.166729727Z,6.077449,118.143886,Cloud to Ground,30203,0,7
2026-09-22T18:05:18.093033828Z,6.080823,118.168855,Cloud to Ground,40075,0,12
2026-09-22T18:05:19.782431309Z,1.911376,112.902098,Cloud to Ground,-12182,0,18
2026-09-22T18:05:21.437511032Z,6.306243,127.650247,Cloud to Ground,-12493,0,14
2026-09-22T18:05:21.601270521Z,7.626884,130.414245,Cloud to Ground,22586,0,15
2026-09-22T18:05:21.875962000Z,13.4649,110.0279,Cloud to Ground,-44162,0,9
2026-09-22T18:05:21.471449533Z,13.442756,110.045016,Cloud to Cloud,-12910,18528,6
2026-09-22T18:05:22.730833815Z,5.99664,118.860838,Cloud to Ground,97347,0,13
2026-09-22T18:05:22.747891288Z,5.791547,118.778406,Cloud to Cloud,-29103,4630,13
2026-09-22T18:05:22.877029795Z,5.782296,118.766602,Cloud to Cloud,9247,3065,7
2026-09-22T18:05:23.025433966Z,5.780963,118.765555,Cloud to Cloud,13659,3011,8
2026-09-22T18:05:22.941949265Z,5.771533,118.75997,Cloud to Ground,17521,0,7
2026-09-22T18:05:22.993820490Z,5.79132,118.787342,Cloud to Ground,19005,0,13
2026-09-22T18:05:24.347838635Z,7.666741,130.539327,Cloud to Ground,15372,0,15
2026-09-22T18:05:26.599514603Z,2.529511,115.275265,Cloud to Ground,16475,0,11
2026-09-22T18:05:27.260938745Z,2.979061,116.024411,Cloud to Ground,19827,0,13
2026-09-22T18:05:28.493271707Z,1.436511,121.396092,Cloud to Cloud,-7492,5091,11
2026-09-22T18:05:30.702912007Z,6.042763,118.071833,Cloud to Ground,24031,0,9
2026-09-22T18:05:30.770362906Z,6.048472,118.089806,Cloud to Ground,30934,0,10
2026-09-22T18:05:31.713532156Z,5.786583,118.834985,Cloud to Ground,11096,0,13
2026-09-22T18:05:31.323770530Z,5.905731,118.845046,Cloud to Ground,-16720,0,12
2026-09-22T18:05:31.294678567Z,18.621513,122.224503,Cloud to Ground,-33205,0,12
2026-09-22T18:05:31.200448000Z,18.6766,122.2328,Cloud to Ground,-7650,0,6
2026-09-22T18:05:31.177258798Z,18.654042,122.239721,Cloud to Cloud,5866,19916,7
2026-09-22T18:05:31.263024438Z,18.62961,122.238794,Cloud to Cloud,7362,19707,6
2026-09-22T18:05:33.265190160Z,3.13791,115.884851,Cloud to Ground,-12777,0,16
2026-09-22T18:05:33.252812455Z,3.183537,116.044329,Cloud to Ground,-11085,0,8
2026-09-22T18:05:33.377158000Z,9.0056,124.045,Cloud to Ground,8445,0,5
2026-09-22T18:05:35.538119947Z,14.419865,122.7748,Cloud to Ground,-18730,0,13
2026-09-22T18:05:36.996962173Z,21.214764,126.266103,Cloud to Cloud,23110,7905,8
2026-09-22T18:05:36.974035796Z,21.39103,126.323874,Cloud to Ground,-51030,0,12
2026-09-22T18:05:37.063415016Z,21.394815,126.317896,Cloud to Ground,-9008,0,8
2026-09-22T18:05:41.412489777Z,18.73862,124.416481,Cloud to Ground,-25274,0,10
2026-09-22T18:05:41.344647289Z,18.749307,124.401879,Cloud to Cloud,-16662,5501,16
2026-09-22T18:05:41.789615000Z,18.8108,124.5581,Cloud to Ground,-31823,0,8
2026-09-22T18:05:41.635428984Z,18.760523,124.555969,Cloud to Ground,-28113,0,13
2026-09-22T18:05:41.358297323Z,18.734609,124.567726,Cloud to Ground,-25980,0,14
2026-09-22T18:05:41.514326687Z,18.761722,124.562696,Cloud to Ground,-22656,0,8
2026-09-22T18:05:41.566619735Z,18.750741,124.516199,Cloud to Ground,-15457,0,12
2026-09-22T18:05:41.459477938Z,18.779419,124.578536,Cloud to Ground,-15230,0,9
2026-09-22T18:05:42.075961084Z,7.591608,130.439593,Cloud to Ground,-36025,0,24
2026-09-22T18:05:42.157305557Z,7.617426,130.428609,Cloud to Ground,-24989,0,16
2026-09-22T18:05:42.227234985Z,7.620475,130.498897,Cloud to Ground,-21326,0,18
2026-09-22T18:05:42.619276873Z,7.604539,130.477133,Cloud to Ground,-19981,0,13
2026-09-22T18:05:42.585524392Z,7.620735,130.485073,Cloud to Ground,-18440,0,10
2026-09-22T18:05:42.417371542Z,7.600187,130.478564,Cloud to Ground,-16407,0,12
2026-09-22T18:05:43.864399479Z,11.756063,113.879199,Cloud to Ground,-16548,0,11
2026-09-22T18:05:44.791256000Z,18.0584,123.3251,Cloud to Ground,-178668,0,14
2026-09-22T18:05:44.856209569Z,17.984201,123.32966,Cloud to Ground,-71692,0,15
2026-09-22T18:05:44.928329396Z,17.991486,123.320553,Cloud to Ground,-39592,0,12
2026-09-22T18:05:44.788333720Z,17.904092,123.31449,Cloud to Cloud,-22591,3002,10
2026-09-22T18:05:44.953058086Z,17.955287,123.33356,Cloud to Ground,-15233,0,10
2026-09-22T18:05:45.006804047Z,17.944691,123.328694,Cloud to Cloud,5675,16201,7
2026-09-22T18:05:45.964380107Z,5.790035,118.827214,Cloud to Ground,-27396,0,23
2026-09-22T18:05:46.112772864Z,5.775716,118.737497,Cloud to Cloud,13214,3024,8
2026-09-22T18:05:46.028629836Z,5.780553,118.764485,Cloud to Ground,19407,0,14
2026-09-22T18:05:45.755707981Z,5.770032,118.773089,Cloud to Ground,23668,0,8
2026-09-22T18:05:45.720071298Z,5.777996,118.750214,Cloud to Ground,39655,0,13
2026-09-22T18:05:47.962391012Z,13.855029,110.294348,Cloud to Ground,-38556,0,7
2026-09-22T18:05:47.963421121Z,13.901681,110.250723,Cloud to Cloud,-21606,6036,11
2026-09-22T18:05:47.961938701Z,13.899346,110.207516,Cloud to Ground,21723,0,7
2026-09-22T18:05:48.013370609Z,13.873503,110.187407,Cloud to Ground,26523,0,5
2026-09-22T18:05:47.962923557Z,13.882035,110.173061,Cloud to Ground,28082,0,9
2026-09-22T18:05:47.960941239Z,13.874025,110.216634,Cloud to Ground,29494,0,7
2026-09-22T18:05:47.704923173Z,11.416519,113.632514,Cloud to Ground,-118708,0,10
2026-09-22T18:05:47.728552705Z,11.409891,113.63384,Cloud to Ground,-33604,0,11
2026-09-22T18:05:47.753965941Z,11.340536,113.534796,Cloud to Ground,-72758,0,8
2026-09-22T18:05:48.422646511Z,11.340516,113.535322,Cloud to Ground,-43018,0,7
2026-09-22T18:05:48.478203347Z,11.33798,113.54079,Cloud to Ground,-35255,0,9
2026-09-22T18:05:47.626635000Z,11.4889,113.7059,Cloud to Ground,206367,0,7
2026-09-22T18:05:52.227343427Z,7.062217,129.410293,Cloud to Ground,-16597,0,25
2026-09-22T18:05:52.237363000Z,7.1922,129.4429,Cloud to Ground,-9663,0,5
2026-09-22T18:05:53.032120000Z,7.3123,129.5499,Cloud to Ground,-15197,0,6
2026-09-22T18:05:55.507841968Z,12.145322,122.570695,Cloud to Cloud,2674,14280,6
2026-09-22T18:05:57.301130336Z,6.177677,118.186734,Cloud to Cloud,12656,3567,10
2026-09-22T18:05:58.630133000Z,9.1971,125.1493,Cloud to Ground,13165,0,8
2026-09-22T18:05:59.891900038Z,1.128553,111.925477,Cloud to Cloud,21275,17631,8
2026-09-22T18:06:00.234013359Z,7.600069,130.499918,Cloud to Cloud,-17884,19902,12
2026-09-22T18:06:00.490253000Z,9.4458,125.2558,Cloud to Ground,-19891,0,5
2026-09-22T18:06:01.554826965Z,13.805461,112.122124,Cloud to Ground,-20181,0,7
2026-09-22T18:06:01.477468161Z,13.691467,112.287311,Cloud to Ground,-65516,0,11
2026-09-22T18:06:01.523332038Z,13.719282,112.260947,Cloud to Ground,-52876,0,10
2026-09-22T18:06:01.493346736Z,13.720672,112.306957,Cloud to Cloud,-26117,5229,9
2026-09-22T18:06:01.545186313Z,13.740645,112.245685,Cloud to Ground,-21616,0,5
2026-09-22T18:06:01.469786309Z,13.740827,112.274405,Cloud to Cloud,-14053,5160,10
2026-09-22T18:06:01.538642576Z,13.702775,112.234888,Cloud to Cloud,9693,4505,7
2026-09-22T18:06:01.502218609Z,13.694665,112.206175,Cloud to Ground,40008,0,7
2026-09-22T18:06:03.609276902Z,5.80286,118.794866,Cloud to Ground,-20526,0,17
2026-09-22T18:06:03.647748897Z,5.898367,118.866846,Cloud to Ground,-33724,0,26
2026-09-22T18:06:04.849970826Z,7.536039,130.691045,Cloud to Ground,-33261,0,26
2026-09-22T18:06:04.961375294Z,7.553562,130.672698,Cloud to Ground,-24540,0,13
2026-09-22T18:06:04.994543469Z,7.514708,130.711508,Cloud to Ground,-17998,0,17
2026-09-22T18:06:06.606262942Z,1.323643,121.445019,Cloud to Ground,17176,0,11
2026-09-22T18:06:06.407200000Z,13.4351,122.1815,Cloud to Ground,-33300,0,8
2026-09-22T18:06:06.704741276Z,13.453977,122.212282,Cloud to Ground,-15099,0,8
2026-09-22T18:06:08.598177334Z,6.189416,118.150657,Cloud to Cloud,-25306,3517,26
2026-09-22T18:06:08.912436291Z,6.305017,118.185618,Cloud to Ground,36759,0,7
2026-09-22T18:06:08.243753316Z,6.073695,118.15847,Cloud to Cloud,18548,9685,7
2026-09-22T18:06:08.138672305Z,6.053711,118.168685,Cloud to Ground,26269,0,12
2026-09-22T18:06:08.765963226Z,6.077498,118.211373,Cloud to Ground,32145,0,17
2026-09-22T18:06:09.488963641Z,1.212226,111.837877,Cloud to Ground,31385,0,16
2026-09-22T18:06:10.470526908Z,11.432897,113.633849,Cloud to Ground,26168,0,8
2026-09-22T18:06:10.328891000Z,8.8958,124.466,Cloud to Ground,-20974,0,5
2026-09-22T18:06:11.542536830Z,22.902198,126.255531,Cloud to Cloud,16791,14523,10
2026-09-22T18:06:12.111348649Z,7.412513,129.775122,Cloud to Ground,-64505,0,15
2026-09-22T18:06:12.131005907Z,7.298806,129.75033,Cloud to Cloud,11226,3030,16
2026-09-22T18:06:13.843054029Z,3.367626,116.657961,Cloud to Ground,16294,0,11
2026-09-22T18:06:13.467318193Z,3.33167,116.559758,Cloud to Ground,21324,0,11
2026-09-22T18:06:13.540550291Z,3.210296,116.688544,Cloud to Ground,96873,0,19
2026-09-22T18:06:16.694954517Z,13.755935,111.232539,Cloud to Ground,43928,0,9
2026-09-22T18:06:18.575037954Z,1.137677,111.918581,Cloud to Ground,-10893,0,16
2026-09-22T18:06:20.897001282Z,7.60628,130.475387,Cloud to Ground,-35353,0,26
2026-09-22T18:06:21.016967456Z,7.609554,130.442157,Cloud to Ground,-28387,0,17
2026-09-22T18:06:21.081781174Z,7.604232,130.494822,Cloud to Ground,-20405,0,20
2026-09-22T18:06:21.285445805Z,7.633366,130.4999,Cloud to Ground,-19709,0,18
2026-09-22T18:06:20.744431134Z,7.607419,130.550664,Cloud to Ground,-15905,0,11
2026-09-22T18:06:21.113653042Z,7.619173,130.466583,Cloud to Ground,-13333,0,17
2026-09-22T18:06:20.801853000Z,7.615,130.4838,Cloud to Ground,-10815,0,7
2026-09-22T18:06:20.868722520Z,7.614229,130.530369,Cloud to Cloud,-10766,3003,7
2026-09-22T18:06:21.330415000Z,7.6224,130.4725,Cloud to Ground,-9872,0,9
2026-09-22T18:06:21.598185100Z,3.200772,115.971681,Cloud to Ground,-16911,0,15
2026-09-22T18:06:22.907874044Z,13.705151,112.394295,Cloud to Ground,-21870,0,11
2026-09-22T18:06:23.132353862Z,13.674398,112.278507,Cloud to Ground,-10735,0,8
2026-09-22T18:06:23.176658112Z,13.675312,112.316256,Cloud to Cloud,-10700,11295,7
2026-09-22T18:06:23.230108337Z,13.679383,112.277215,Cloud to Cloud,5514,13071,7
2026-09-22T18:06:23.052101866Z,13.676563,112.240381,Cloud to Ground,7567,0,7
2026-09-22T18:06:23.127421608Z,13.678754,112.24558,Cloud to Cloud,22971,3047,10
2026-09-22T18:06:25.120555237Z,19.114542,121.344016,Cloud to Cloud,7313,3952,7
2026-09-22T18:06:25.117903477Z,19.126537,121.369472,Cloud to Cloud,8183,18320,7
2026-09-22T18:06:26.680393598Z,5.669659,117.965613,Cloud to Cloud,-22235,9975,13
2026-09-22T18:06:26.688798526Z,5.615546,118.047975,Cloud to Cloud,-18779,11873,17
2026-09-22T18:06:26.690114459Z,5.647647,117.933683,Cloud to Ground,-16877,0,9
2026-09-22T18:06:26.718133933Z,5.669625,117.977827,Cloud to Cloud,-9171,3346,9
2026-09-22T18:06:26.682874865Z,5.555642,117.929168,Cloud to Ground,36833,0,8
2026-09-22T18:06:26.563805470Z,5.736558,118.92183,Cloud to Ground,-62976,0,22
2026-09-22T18:06:26.557847000Z,5.8807,118.7619,Cloud to Ground,-35085,0,5
2026-09-22T18:06:26.639670570Z,5.786841,118.828625,Cloud to Ground,-22616,0,10
2026-09-22T18:06:26.638036973Z,5.755751,118.764286,Cloud to Ground,20876,0,11
2026-09-22T18:06:26.733623390Z,5.808394,118.778482,Cloud to Ground,28878,0,15
2026-09-22T18:06:26.532032612Z,5.738566,118.849073,Cloud to Ground,56399,0,24
2026-09-22T18:06:26.339206000Z,14.0962,120.2236,Cloud to Ground,13634,0,5
2026-09-22T18:06:28.582650555Z,5.830047,118.211158,Cloud to Cloud,-15413,6932,9
2026-09-22T18:06:28.621585720Z,5.811332,118.204555,Cloud to Ground,-11311,0,12
2026-09-22T18:06:28.771019855Z,5.807677,118.149589,Cloud to Ground,16506,0,9
2026-09-22T18:06:28.722288420Z,5.812683,118.172656,Cloud to Ground,22239,0,14
2026-09-22T18:06:28.600513219Z,5.808924,118.219187,Cloud to Ground,55593,0,29
2026-09-22T18:06:30.897725732Z,1.901345,112.935301,Cloud to Ground,-18951,0,15
2026-09-22T18:06:30.398129091Z,1.099411,111.855185,Cloud to Ground,-19287,0,31
2026-09-22T18:06:30.259212266Z,3.270151,115.898187,Cloud to Ground,-9024,0,10
2026-09-22T18:06:30.233573011Z,3.156334,115.856311,Cloud to Ground,-22685,0,13
2026-09-22T18:06:31.656782254Z,4.314606,116.07207,Cloud to Ground,9669,0,9
2026-09-22T18:06:31.694008897Z,4.316776,116.080589,Cloud to Ground,11787,0,7
2026-09-22T18:06:31.567113797Z,4.329166,116.129655,Cloud to Ground,144625,0,18
2026-09-22T18:06:33.824366681Z,17.929093,123.649066,Cloud to Cloud,9668,3007,10
2026-09-22T18:06:33.678733223Z,17.976025,123.359848,Cloud to Cloud,7089,3638,6
2026-09-22T18:06:33.679442112Z,17.975267,123.350464,Cloud to Cloud,12193,13946,8
2026-09-22T18:06:33.686282378Z,17.975739,123.361791,Cloud to Cloud,13570,7309,7
2026-09-22T18:06:34.204765999Z,7.622802,130.416113,Cloud to Ground,17651,0,16
2026-09-22T18:06:34.790257000Z,1.5478,113.3118,Cloud to Ground,-33091,0,6
2026-09-22T18:06:37.367361799Z,6.190022,118.261221,Cloud to Cloud,20451,7456,7
2026-09-22T18:06:37.474094405Z,1.236948,111.912853,Cloud to Cloud,-9524,6290,17
2026-09-22T18:06:38.791794412Z,6.304673,127.640022,Cloud to Ground,12878,0,12
2026-09-22T18:06:39.822286040Z,5.999004,118.095081,Cloud to Ground,35109,0,8
2026-09-22T18:06:40.374498976Z,6.282409,118.20299,Cloud to Cloud,24089,16405,7
2026-09-22T18:06:40.493449444Z,6.285351,118.206114,Cloud to Cloud,25198,3004,7
2026-09-22T18:06:39.765967524Z,6.283046,118.201985,Cloud to Cloud,38248,3015,7
2026-09-22T18:06:40.770678282Z,6.07983,118.159341,Cloud to Ground,18841,0,8
2026-09-22T18:06:40.180296844Z,6.081255,118.16312,Cloud to Ground,37027,0,9
2026-09-22T18:06:39.664318713Z,6.08128,118.198944,Cloud to Ground,60936,0,16
2026-09-22T18:06:39.559634355Z,6.085524,118.18292,Cloud to Ground,81921,0,13
2026-09-22T18:06:40.316163435Z,5.862463,117.095769,Cloud to Cloud,-21693,16248,11
2026-09-22T18:06:40.341428326Z,5.74918,117.235405,Cloud to Ground,-20802,0,8
2026-09-22T18:06:40.730860605Z,5.800641,117.172569,Cloud to Ground,32063,0,11
2026-09-22T18:06:40.312204157Z,5.773336,117.060025,Cloud to Ground,20471,0,8
2026-09-22T18:06:40.473556570Z,18.744022,124.543599,Cloud to Ground,-50325,0,17
2026-09-22T18:06:40.539007400Z,18.753166,124.565409,Cloud to Ground,-46837,0,11
2026-09-22T18:06:40.956055706Z,18.746077,124.551513,Cloud to Ground,-10374,0,7
2026-09-22T18:06:44.050956154Z,1.17815,111.747123,Cloud to Ground,20085,0,16
2026-09-22T18:06:44.017460920Z,1.145595,111.840648,Cloud to Ground,14524,0,11
2026-09-22T18:06:44.096233324Z,1.24835,111.816068,Cloud to Ground,-26395,0,10
2026-09-22T18:06:45.046631061Z,5.793453,118.846315,Cloud to Ground,14847,0,8
2026-09-22T18:06:47.600896000Z,7.6437,130.5042,Cloud to Ground,-8142,0,5
2026-09-22T18:06:47.559101255Z,7.601151,130.463986,Cloud to Cloud,12704,7129,16
2026-09-22T18:06:47.564645187Z,5.704317,130.628823,Cloud to Cloud,-10191,6971,10
2026-09-22T18:06:47.221547510Z,12.158686,122.65674,Cloud to Ground,-22620,0,10
2026-09-22T18:06:48.663019252Z,6.193582,118.180551,Cloud to Cloud,-12788,3000,12
2026-09-22T18:06:48.395138999Z,6.16287,118.083229,Cloud to Cloud,-10101,16233,14
2026-09-22T18:06:48.868153754Z,6.104503,118.090345,Cloud to Cloud,-7977,3501,8
2026-09-22T18:06:48.857699339Z,12.599679,110.147801,Cloud to Ground,-76403,0,7
2026-09-22T18:06:48.679352691Z,12.5282,110.344739,Cloud to Ground,14460,0,7
2026-09-22T18:06:48.674533549Z,12.574435,110.534761,Cloud to Cloud,-10461,3499,10
2026-09-22T18:06:48.701478993Z,12.524051,110.438457,Cloud to Ground,-13736,0,9
2026-09-22T18:06:49.367612139Z,6.200727,117.781386,Cloud to Cloud,-26320,5358,8
2026-09-22T18:06:49.065517036Z,6.148144,117.721084,Cloud to Cloud,-24623,18966,16
2026-09-22T18:06:49.375695264Z,6.130187,117.694,Cloud to Cloud,-9384,6788,8
2026-09-22T18:06:49.374636115Z,6.215449,117.702368,Cloud to Ground,-8071,0,15
2026-09-22T18:06:49.243793959Z,6.220807,117.696754,Cloud to Cloud,9847,16288,10
2026-09-22T18:06:49.094578920Z,6.145953,117.684371,Cloud to Ground,17426,0,12
2026-09-22T18:06:49.114602615Z,6.147923,117.668462,Cloud to Cloud,20440,8025,9
2026-09-22T18:06:49.072049036Z,6.146625,117.730912,Cloud to Ground,142736,0,15
2026-09-22T18:06:50.763106000Z,1.4829,121.3833,Cloud to Ground,15530,0,8
2026-09-22T18:06:51.844114598Z,18.410061,122.833918,Cloud to Ground,-8274,0,9
2026-09-22T18:06:51.945920217Z,18.516752,122.880571,Cloud to Ground,-24239,0,13
2026-09-22T18:06:52.624343877Z,17.949873,123.335183,Cloud to Ground,-49340,0,18
2026-09-22T18:06:52.678111547Z,17.995237,123.320915,Cloud to Ground,-26995,0,10
2026-09-22T18:06:53.345359921Z,17.959463,123.304594,Cloud to Ground,-14061,0,10
2026-09-22T18:06:52.631579596Z,17.966888,123.302157,Cloud to Cloud,-11740,14436,10
2026-09-22T18:06:53.656382345Z,17.962721,123.306821,Cloud to Ground,-10578,0,7
2026-09-22T18:06:52.635032314Z,12.568694,122.005862,Cloud to Cloud,19229,6240,9
2026-09-22T18:06:53.250117572Z,3.190302,115.990844,Cloud to Ground,22057,0,12
2026-09-22T18:06:53.895762562Z,13.50029,121.995096,Cloud to Ground,-6179,0,6
2026-09-22T18:06:53.870448501Z,13.412372,122.039654,Cloud to Cloud,-22496,3004,8
2026-09-22T18:06:53.872817030Z,13.414998,122.034211,Cloud to Cloud,-3393,19833,5
2026-09-22T18:06:57.591107985Z,3.270462,115.575718,Cloud to Ground,19575,0,15
2026-09-22T18:06:59.286747000Z,5.8113,118.7632,Cloud to Ground,-25467,0,7
2026-09-22T18:06:58.803420860Z,5.896927,118.751275,Cloud to Ground,-15277,0,7
2026-09-22T18:06:59.093978553Z,5.754105,118.759668,Cloud to Cloud,14383,3858,6
2026-09-22T18:06:59.062377194Z,5.753082,118.777575,Cloud to Ground,15348,0,12
2026-09-22T18:06:58.820869530Z,5.751142,118.75418,Cloud to Ground,17228,0,7
2026-09-22T18:06:58.996487876Z,5.762139,118.773329,Cloud to Ground,22832,0,12
2026-09-22T18:06:58.788953986Z,5.75893,118.785063,Cloud to Ground,31597,0,13
2026-09-22T18:06:58.918128369Z,5.932371,118.772719,Cloud to Ground,95734,0,8
2026-09-22T18:07:00.355529000Z,7.6003,130.4756,Cloud to Ground,-15799,0,5
2026-09-22T18:07:03.960878440Z,2.573184,115.171324,Cloud to Cloud,-17580,7873,12
2026-09-22T18:07:03.955287570Z,2.568743,115.166408,Cloud to Ground,-12191,0,17
2026-09-22T18:07:04.172123382Z,1.135263,111.930509,Cloud to Cloud,-16924,3587,16
2026-09-22T18:07:04.406049356Z,1.149163,111.900755,Cloud to Cloud,-10148,5654,9
2026-09-22T18:07:04.073867188Z,2.451402,115.090491,Cloud to Ground,-14390,0,9
2026-09-22T18:07:05.128340920Z,3.640255,116.365596,Cloud to Ground,7731,0,7
2026-09-22T18:07:05.134368121Z,3.740312,116.35637,Cloud to Cloud,-13383,3036,15
2026-09-22T18:07:06.583974146Z,2.121688,117.788873,Cloud to Cloud,11761,6710,7
2026-09-22T18:07:06.584780886Z,2.117724,117.770469,Cloud to Ground,14057,0,11
2026-09-22T18:07:06.587266534Z,2.119634,117.776958,Cloud to Ground,19615,0,24
2026-09-22T18:07:06.072623962Z,7.309538,129.800311,Cloud to Ground,-24012,0,24
2026-09-22T18:07:06.045164000Z,7.2684,129.7771,Cloud to Ground,-10020,0,7
2026-09-22T18:07:09.345400000Z,5.8253,118.7799,Cloud to Ground,17995,0,5
2026-09-22T18:07:11.044488825Z,1.185232,111.943927,Cloud to Ground,-14006,0,13
2026-09-22T18:07:12.112342300Z,1.202151,111.817587,Cloud to Ground,14629,0,11
2026-09-22T18:07:15.846112199Z,5.545483,117.895933,Cloud to Ground,-9992,0,7
2026-09-22T18:07:15.315881622Z,5.572452,118.020868,Cloud to Cloud,-8902,3027,10
2026-09-22T18:07:15.309746891Z,5.610515,118.050091,Cloud to Cloud,25022,19802,8
2026-09-22T18:07:16.220124857Z,5.661153,117.89195,Cloud to Ground,-50961,0,23
2026-09-22T18:07:15.312511423Z,5.671097,117.956776,Cloud to Cloud,-20834,3015,11
2026-09-22T18:07:15.788338138Z,5.641898,117.913295,Cloud to Ground,-18882,0,7
2026-09-22T18:07:15.737337523Z,5.645399,117.892968,Cloud to Cloud,-10292,17279,14
2026-09-22T18:07:15.383050812Z,5.638084,117.867196,Cloud to Cloud,-8358,13202,11
2026-09-22T18:07:16.738342630Z,10.056253,124.396035,Cloud to Ground,-44377,0,9
2026-09-22T18:07:16.694002000Z,10.213,124.3908,Cloud to Ground,-83380,0,10
2026-09-22T18:07:18.691235523Z,7.67407,130.225525,Cloud to Ground,-42724,0,12
2026-09-22T18:07:18.586991288Z,7.593743,130.478119,Cloud to Ground,-34107,0,14
2026-09-22T18:07:18.873305000Z,7.6371,130.5089,Cloud to Ground,-20954,0,13
2026-09-22T18:07:19.025034484Z,7.605103,130.492177,Cloud to Ground,-20900,0,24
2026-09-22T18:07:18.930076593Z,7.600786,130.482899,Cloud to Ground,-16609,0,14
2026-09-22T18:07:18.763251960Z,17.633768,123.456285,Cloud to Cloud,-20170,5231,8
2026-09-22T18:07:18.581135129Z,17.90968,123.318202,Cloud to Cloud,13849,10813,7
2026-09-22T18:07:18.791766760Z,17.750346,123.447434,Cloud to Cloud,-11091,8020,7
2026-09-22T18:07:20.567309924Z,1.597312,113.354704,Cloud to Ground,-19472,0,19
2026-09-22T18:07:20.179624330Z,4.978353,116.673299,Cloud to Ground,29587,0,17
2026-09-22T18:07:20.180158980Z,4.979354,116.636704,Cloud to Ground,31558,0,9
2026-09-22T18:07:24.302819147Z,3.061387,115.934279,Cloud to Ground,21948,0,25
2026-09-22T18:07:24.306830572Z,3.164407,115.935337,Cloud to Cloud,-24930,5492,13
2026-09-22T18:07:24.940836048Z,5.860323,118.070624,Cloud to Ground,22615,0,13
2026-09-22T18:07:24.938087921Z,5.859435,118.150707,Cloud to Ground,38190,0,13
2026-09-22T18:07:25.966777528Z,18.725576,124.397335,Cloud to Cloud,-19206,6493,10
2026-09-22T18:07:25.956439099Z,18.755569,124.513934,Cloud to Ground,-33200,0,10
2026-09-22T18:07:26.067589013Z,18.744361,124.571162,Cloud to Ground,-25093,0,11
2026-09-22T18:07:26.000657680Z,18.771042,124.542919,Cloud to Ground,-23246,0,18
2026-09-22T18:07:26.103474561Z,18.778062,124.575401,Cloud to Ground,-9687,0,9
2026-09-22T18:07:26.057450414Z,18.771144,124.574451,Cloud to Cloud,-4209,15805,6
2026-09-22T18:07:26.193023376Z,18.775336,124.572904,Cloud to Cloud,6535,13353,6
2026-09-22T18:07:26.237088604Z,18.763586,124.603748,Cloud to Cloud,6915,4506,7
2026-09-22T18:07:28.634343293Z,6.251232,118.074411,Cloud to Cloud,-12762,5718,8
2026-09-22T18:07:28.257718694Z,6.293771,118.217355,Cloud to Cloud,56899,6556,7
2026-09-22T18:07:28.533363714Z,6.191577,118.286848,Cloud to Cloud,12020,3007,7
2026-09-22T18:07:28.131712318Z,6.079443,118.259012,Cloud to Ground,-53435,0,11
2026-09-22T18:07:28.211044406Z,6.137038,118.197506,Cloud to Ground,-28810,0,14
2026-09-22T18:07:28.114125292Z,6.091913,118.222384,Cloud to Cloud,-17411,15552,11
2026-09-22T18:07:28.631632329Z,6.072348,118.165456,Cloud to Ground,-16819,0,9
2026-09-22T18:07:28.661810727Z,6.065588,118.166889,Cloud to Ground,-11489,0,12
2026-09-22T18:07:29.312244183Z,6.093052,118.1451,Cloud to Cloud,11343,3036,8
2026-09-22T18:07:29.004695576Z,6.094786,118.147716,Cloud to Cloud,12820,4923,7
2026-09-22T18:07:28.817912813Z,6.07747,118.13191,Cloud to Cloud,14382,4355,7
2026-09-22T18:07:28.759228062Z,6.079245,118.137916,Cloud to Cloud,14519,3636,10
2026-09-22T18:07:28.532204605Z,6.062047,118.249877,Cloud to Ground,17159,0,10
2026-09-22T18:07:29.290498828Z,6.090487,118.145408,Cloud to Cloud,18121,3059,7
2026-09-22T18:07:28.660505740Z,6.086797,118.142872,Cloud to Ground,43437,0,12
2026-09-22T18:07:29.426706422Z,6.194616,118.07723,Cloud to Ground,102933,0,8
2026-09-22T18:07:29.536102224Z,6.194928,118.076664,Cloud to Ground,112890,0,7
2026-09-22T18:07:29.828877304Z,6.083098,117.973268,Cloud to Cloud,-16757,14427,16
2026-09-22T18:07:29.930818558Z,6.100502,118.034147,Cloud to Ground,17103,0,7
2026-09-22T18:07:29.581225894Z,6.004193,118.034887,Cloud to Cloud,18589,3159,8
2026-09-22T18:07:29.720873539Z,5.997129,118.031563,Cloud to Ground,24447,0,8
2026-09-22T18:07:29.663709587Z,5.992966,118.029114,Cloud to Ground,45924,0,12
2026-09-22T18:07:29.828256876Z,6.002881,118.033052,Cloud to Ground,55423,0,9
2026-09-22T18:07:31.802424837Z,7.628882,130.41173,Cloud to Ground,-28988,0,19
2026-09-22T18:07:31.751343323Z,7.526225,130.623434,Cloud to Ground,-57838,0,27
2026-09-22T18:07:31.855989794Z,7.526278,130.64609,Cloud to Ground,-32051,0,21
2026-09-22T18:07:31.935225691Z,7.537931,130.708082,Cloud to Ground,-25128,0,22
2026-09-22T18:07:32.128279866Z,7.53248,130.64412,Cloud to Ground,-24674,0,20
2026-09-22T18:07:33.176447031Z,5.788292,118.815363,Cloud to Ground,17657,0,9
2026-09-22T18:07:33.110097816Z,5.789999,118.813228,Cloud to Ground,19632,0,12
2026-09-22T18:07:35.526848089Z,2.488725,115.162001,Cloud to Ground,-29631,0,13
2026-09-22T18:07:35.388370274Z,2.434,115.200271,Cloud to Cloud,11648,7611,11
2026-09-22T18:07:35.262439864Z,13.891203,110.30377,Cloud to Ground,-45109,0,24
2026-09-22T18:07:38.456774611Z,7.149209,129.486884,Cloud to Cloud,-19328,12562,16
2026-09-22T18:07:38.421155000Z,7.263,129.7575,Cloud to Ground,-46348,0,9
2026-09-22T18:07:40.380386506Z,5.779167,118.850364,Cloud to Ground,49482,0,27
2026-09-22T18:07:39.982082928Z,5.764324,118.797332,Cloud to Ground,56007,0,12
2026-09-22T18:07:41.400029991Z,20.204816,124.380638,Cloud to Cloud,-9123,3026,7
2026-09-22T18:07:41.180221341Z,20.190934,124.401343,Cloud to Cloud,6136,17441,6
2026-09-22T18:07:41.056038397Z,20.218482,124.413894,Cloud to Cloud,10988,19739,10
2026-09-22T18:07:41.050796676Z,20.219851,124.40814,Cloud to Cloud,12968,13152,10
2026-09-22T18:07:41.052489988Z,20.223239,124.404646,Cloud to Ground,19416,0,9
2026-09-22T18:07:41.622568747Z,15.810652,116.224839,Cloud to Ground,-12039,0,10
2026-09-22T18:07:41.595286794Z,15.85263,116.118428,Cloud to Cloud,-17077,3030,15
2026-09-22T18:07:41.598225335Z,15.856796,116.110131,Cloud to Ground,-14241,0,6
2026-09-22T18:07:41.714931171Z,15.835564,116.072701,Cloud to Ground,16537,0,7
2026-09-22T18:07:42.370268265Z,11.446297,113.758572,Cloud to Ground,20575,0,9
2026-09-22T18:07:46.933231033Z,7.585278,130.325013,Cloud to Cloud,21569,3068,16
2026-09-22T18:07:46.940927730Z,7.600118,130.474433,Cloud to Ground,-31804,0,21
2026-09-22T18:07:46.913263000Z,7.6496,130.547,Cloud to Ground,-25719,0,8
2026-09-22T18:07:46.973380293Z,7.598356,130.471214,Cloud to Ground,-21163,0,10
2026-09-22T18:07:47.022107000Z,7.6149,130.4702,Cloud to Ground,-12249,0,10
2026-09-22T18:07:49.842460000Z,18.675,122.2348,Cloud to Ground,-43287,0,7
2026-09-22T18:07:49.898740852Z,18.558594,122.240068,Cloud to Ground,-14766,0,9
2026-09-22T18:07:49.840918596Z,18.619651,122.251215,Cloud to Cloud,9222,4211,7
2026-09-22T18:07:51.716720270Z,17.945551,123.325669,Cloud to Ground,-58774,0,12
2026-09-22T18:07:51.754234293Z,17.970329,123.338428,Cloud to Ground,-45541,0,12
2026-09-22T18:07:52.177325818Z,17.965593,123.338366,Cloud to Ground,-36802,0,10
2026-09-22T18:07:51.784408019Z,17.967788,123.33642,Cloud to Ground,-27469,0,10
2026-09-22T18:07:51.709881532Z,17.974107,123.323729,Cloud to Cloud,-13369,16133,7
2026-09-22T18:07:51.750033339Z,17.905293,123.268482,Cloud to Cloud,-8992,7216,12
2026-09-22T18:07:53.127678000Z,1.1604,111.805,Cloud to Ground,-28046,0,7
2026-09-22T18:07:53.123482243Z,1.202479,111.810513,Cloud to Ground,18606,0,12
2026-09-22T18:07:53.647640741Z,11.450217,113.641275,Cloud to Ground,-77545,0,8
2026-09-22T18:07:53.691086398Z,11.446061,113.637068,Cloud to Ground,-37234,0,15
2026-09-22T18:07:53.735403863Z,11.420363,113.628525,Cloud to Ground,-35910,0,17
2026-09-22T18:07:54.055657002Z,11.431772,113.630098,Cloud to Ground,-32901,0,11
2026-09-22T18:07:55.651292653Z,1.154199,111.905403,Cloud to Ground,-12122,0,20
2026-09-22T18:07:56.473104329Z,7.331469,129.403941,Cloud to Ground,-80134,0,24
2026-09-22T18:07:56.551001443Z,7.201512,129.408554,Cloud to Ground,-33509,0,25
2026-09-22T18:07:56.688499921Z,7.20034,129.432519,Cloud to Ground,-26183,0,13
2026-09-22T18:07:58.216306831Z,5.852362,117.161869,Cloud to Ground,-42578,0,11
2026-09-22T18:07:58.250935904Z,5.929377,117.22034,Cloud to Ground,-13831,0,13
2026-09-22T18:07:58.214141747Z,5.906305,117.14424,Cloud to Cloud,-10046,3000,8
2026-09-22T18:07:58.976407200Z,11.419205,113.606471,Cloud to Ground,-5217,0,7
2026-09-22T18:08:01.509402586Z,1.148968,111.913234,Cloud to Ground,9883,0,8
2026-09-22T18:08:01.420254689Z,18.124339,123.296047,Cloud to Cloud,3104,6989,7
2026-09-22T18:08:01.037222101Z,18.085032,123.320949,Cloud to Cloud,7874,5686,7
2026-09-22T18:08:01.645063361Z,18.093971,123.317241,Cloud to Cloud,11270,3009,5
2026-09-22T18:08:03.458474480Z,6.137471,118.817116,Cloud to Cloud,10912,3032,8
2026-09-22T18:08:03.001571453Z,5.892566,118.927026,Cloud to Ground,51851,0,11
2026-09-22T18:08:03.021459000Z,5.7961,118.8117,Cloud to Ground,8362,0,7
2026-09-22T18:08:03.559857986Z,7.608143,130.357444,Cloud to Ground,-35036,0,21
2026-09-22T18:08:03.779738290Z,7.616144,130.487003,Cloud to Ground,-24022,0,25
2026-09-22T18:08:04.213802967Z,7.599884,130.551815,Cloud to Ground,21384,0,7
2026-09-22T18:08:03.404551000Z,8.9329,124.3271,Cloud to Ground,-11240,0,5
2026-09-22T18:08:05.785374562Z,3.570863,116.368235,Cloud to Ground,65446,0,21
2026-09-22T18:08:06.444959504Z,2.988957,116.107178,Cloud to Cloud,-29589,5961,18
2026-09-22T18:08:06.425377901Z,2.978148,115.962527,Cloud to Ground,34635,0,9
2026-09-22T18:08:06.729631574Z,2.348316,115.609085,Cloud to Cloud,-14649,6738,10
2026-09-22T18:08:06.727271913Z,2.231736,115.491507,Cloud to Ground,28894,0,14
2026-09-22T18:08:11.991804734Z,7.29281,129.93958,Cloud to Ground,-27118,0,7
2026-09-22T18:08:11.977441420Z,7.306413,129.911937,Cloud to Ground,-17458,0,8
2026-09-22T18:08:12.890781522Z,20.360317,124.5688,Cloud to Ground,-14353,0,12
2026-09-22T18:08:12.919026505Z,20.361622,124.567287,Cloud to Ground,-11108,0,7
2026-09-22T18:08:15.905610181Z,12.05231,122.601637,Cloud to Cloud,15976,19569,9
2026-09-22T18:08:15.927410000Z,12.1845,122.58,Cloud to Ground,-13046,0,6
2026-09-22T18:08:16.733973517Z,1.20668,111.949857,Cloud to Ground,15729,0,17
2026-09-22T18:08:16.503391899Z,2.190248,117.730271,Cloud to Ground,-15270,0,10
2026-09-22T18:08:16.499814438Z,2.189628,117.751047,Cloud to Cloud,-9168,6348,27
2026-09-22T18:08:16.661712900Z,17.9797,123.329411,Cloud to Cloud,2682,11542,5
2026-09-22T18:08:16.813693585Z,17.975742,123.352845,Cloud to Cloud,5781,17820,6
2026-09-22T18:08:17.864982000Z,6.2804,127.582,Cloud to Ground,-11683,0,6
2026-09-22T18:08:18.494589886Z,9.266953,125.020513,Cloud to Ground,-56714,0,23
2026-09-22T18:08:18.721254000Z,9.3944,125.2674,Cloud to Ground,-13656,0,6
2026-09-22T18:08:19.318534294Z,5.897621,118.80116,Cloud to Ground,-55188,0,20
2026-09-22T18:08:19.682446360Z,5.872844,118.814859,Cloud to Cloud,9990,3003,7
2026-09-22T18:08:19.560801667Z,5.762613,118.79792,Cloud to Ground,31476,0,14
2026-09-22T18:08:19.444092800Z,5.765684,118.799138,Cloud to Ground,38411,0,17
2026-09-22T18:08:19.377347253Z,5.749648,118.837928,Cloud to Ground,41717,0,18
2026-09-22T18:08:21.189998985Z,5.542931,117.950863,Cloud to Ground,-20311,0,12
2026-09-22T18:08:21.231369402Z,5.559962,118.018447,Cloud to Ground,-17537,0,14
2026-09-22T18:08:21.653881900Z,5.552282,117.892196,Cloud to Cloud,17658,11852,9
2026-09-22T18:08:21.345615184Z,5.548098,117.891231,Cloud to Ground,22669,0,10
2026-09-22T18:08:21.309386975Z,5.559781,117.896024,Cloud to Ground,26392,0,12
2026-09-22T18:08:21.202004635Z,5.556307,117.959994,Cloud to Ground,71034,0,28
2026-09-22T18:08:21.185664499Z,1.868231,112.880207,Cloud to Ground,-19569,0,10
2026-09-22T18:08:22.641831399Z,3.323893,115.984064,Cloud to Ground,-43770,0,16
2026-09-22T18:08:22.679623917Z,3.329477,116.043972,Cloud to Cloud,-11578,15453,15
2026-09-22T18:08:22.155697000Z,7.6306,130.47,Cloud to Ground,-7328,0,8
2026-09-22T18:08:23.427411337Z,4.362134,116.126514,Cloud to Ground,10139,0,7
2026-09-22T18:08:25.611367872Z,5.792344,118.117781,Cloud to Cloud,11289,3030,7
2026-09-22T18:08:25.580491888Z,5.786411,118.105172,Cloud to Ground,16994,0,8
2026-09-22T18:08:25.579081364Z,5.810015,118.127902,Cloud to Ground,31596,0,8
2026-09-22T18:08:25.094887000Z,7.2731,129.741,Cloud to Ground,-10823,0,8
2026-09-22T18:08:27.403738242Z,1.110689,111.926666,Cloud to Ground,-14369,0,11
2026-09-22T18:08:27.412346655Z,1.148665,111.920152,Cloud to Ground,16108,0,11
2026-09-22T18:08:28.910754676Z,6.047994,118.084619,Cloud to Ground,14900,0,9
2026-09-22T18:08:28.994441573Z,6.031929,118.095644,Cloud to Ground,24655,0,9
2026-09-22T18:08:28.210328947Z,3.352233,114.97406,Cloud to Ground,-58120,0,19
2026-09-22T18:08:28.085183738Z,3.352665,114.959315,Cloud to Ground,-31509,0,26
2026-09-22T18:08:28.516981603Z,3.28326,114.898157,Cloud to Ground,-10155,0,10
2026-09-22T18:08:28.432847414Z,3.335697,114.9413,Cloud to Cloud,9494,17293,8
2026-09-22T18:08:28.246671404Z,3.344688,114.952736,Cloud to Ground,28713,0,13
2026-09-22T18:08:28.089376656Z,3.359033,115.003275,Cloud to Ground,193942,0,14
2026-09-22T18:08:31.784516068Z,1.141911,111.961158,Cloud to Ground,17695,0,17
2026-09-22T18:08:31.508192108Z,18.530303,122.868416,Cloud to Cloud,8558,12709,7
2026-09-22T18:08:31.505137000Z,18.5613,122.7757,Cloud to Ground,39515,0,10
2026-09-22T18:08:33.326690089Z,1.192682,111.933998,Cloud to Ground,-7917,0,7
2026-09-22T18:08:34.562021277Z,5.566156,119.067025,Cloud to Ground,-29256,0,17
2026-09-22T18:08:34.561127385Z,5.488151,119.049779,Cloud to Ground,26399,0,9
2026-09-22T18:08:34.381488608Z,5.50442,119.114266,Cloud to Ground,34832,0,18
2026-09-22T18:08:34.475761196Z,5.499184,119.085525,Cloud to Ground,35422,0,12
2026-09-22T18:08:34.714065123Z,5.497671,119.02696,Cloud to Ground,36123,0,12
2026-09-22T18:08:34.422790000Z,5.6258,119.2099,Cloud to Ground,-38248,0,5
2026-09-22T18:08:37.649424815Z,3.234807,115.872403,Cloud to Cloud,-18357,5478,7
2026-09-22T18:08:38.004788675Z,7.575102,130.469153,Cloud to Ground,-40688,0,26
2026-09-22T18:08:38.350658628Z,7.601483,130.468525,Cloud to Ground,-24998,0,25
2026-09-22T18:08:38.538170421Z,7.607332,130.45127,Cloud to Ground,-24995,0,25
2026-09-22T18:08:38.067775254Z,7.577157,130.472407,Cloud to Ground,-22746,0,19
2026-09-22T18:08:38.260102361Z,7.596846,130.456417,Cloud to Ground,-16442,0,13
2026-09-22T18:08:38.380876879Z,7.601864,130.469673,Cloud to Ground,-15012,0,17
2026-09-22T18:08:38.316018095Z,7.609673,130.456225,Cloud to Ground,-14364,0,22
2026-09-22T18:08:37.930979000Z,7.6143,130.4618,Cloud to Ground,-12719,0,15
2026-09-22T18:08:38.364683000Z,13.7533,112.3091,Cloud to Ground,-40531,0,5
2026-09-22T18:08:38.372013204Z,13.73445,112.229206,Cloud to Ground,-31305,0,7
2026-09-22T18:08:38.439986416Z,13.760316,112.159153,Cloud to Ground,7694,0,9
2026-09-22T18:08:38.367147090Z,13.710198,112.168979,Cloud to Cloud,13492,17808,8
2026-09-22T18:08:38.422329903Z,13.682305,112.26678,Cloud to Ground,20329,0,7
2026-09-22T18:08:38.364114058Z,13.733481,112.264523,Cloud to Cloud,22573,13295,8
2026-09-22T18:08:38.365719934Z,13.670852,112.162005,Cloud to Ground,60296,0,9
2026-09-22T18:08:39.358166368Z,1.171928,111.948277,Cloud to Ground,21255,0,15
2026-09-22T18:08:39.877387531Z,6.052099,118.804717,Cloud to Cloud,11194,3001,7
2026-09-22T18:08:39.856024000Z,5.8101,118.8066,Cloud to Ground,-44627,0,9
2026-09-22T18:08:40.513034437Z,19.115286,121.344625,Cloud to Cloud,3438,7096,7
2026-09-22T18:08:44.709905692Z,11.568406,112.134594,Cloud to Cloud,-9153,3000,8
2026-09-22T18:08:44.673782275Z,11.613279,112.156679,Cloud to Cloud,-8703,4666,12
2026-09-22T18:08:44.676238117Z,11.578222,112.05427,Cloud to Ground,14068,0,13
2026-09-22T18:08:44.663205000Z,11.6813,112.2772,Cloud to Ground,-28243,0,7
2026-09-22T18:08:44.667347226Z,11.692069,112.216861,Cloud to Ground,-18722,0,12
2026-09-22T18:08:46.603691547Z,5.092387,116.699485,Cloud to Cloud,-8822,5189,7
2026-09-22T18:08:46.658858061Z,13.709395,111.835657,Cloud to Cloud,-15411,3000,13
2026-09-22T18:08:46.724985822Z,13.710624,111.730184,Cloud to Ground,-10521,0,6
2026-09-22T18:08:46.656888039Z,13.685675,111.761555,Cloud to Ground,22892,0,7
2026-09-22T18:08:46.657466228Z,13.674391,111.748149,Cloud to Ground,59921,0,8
2026-09-22T18:08:48.077861169Z,1.206364,111.957697,Cloud to Ground,-20566,0,14
2026-09-22T18:08:49.735713430Z,6.08989,118.232114,Cloud to Ground,-40563,0,19
2026-09-22T18:08:49.874573418Z,6.075151,118.203289,Cloud to Ground,12175,0,14
2026-09-22T18:08:50.804073045Z,6.059892,118.138084,Cloud to Cloud,13935,16531,8
2026-09-22T18:08:50.182521428Z,6.067258,118.142567,Cloud to Cloud,14098,4585,8
2026-09-22T18:08:50.485104372Z,6.067839,118.144248,Cloud to Ground,18411,0,11
2026-09-22T18:08:49.802731550Z,6.07221,118.163352,Cloud to Ground,20714,0,9
2026-09-22T18:08:50.165522473Z,5.992414,118.082758,Cloud to Ground,43879,0,8
2026-09-22T18:08:49.764993789Z,6.068265,118.147379,Cloud to Ground,49537,0,11
2026-09-22T18:08:50.072200980Z,6.194545,118.17712,Cloud to Ground,-25679,0,15
2026-09-22T18:08:49.925836888Z,6.192264,118.242513,Cloud to Cloud,-15341,3764,12
2026-09-22T18:08:49.766952462Z,6.257798,118.201059,Cloud to Cloud,29068,12011,7
2026-09-22T18:08:50.120223706Z,1.525517,113.246271,Cloud to Cloud,-20076,6947,21
2026-09-22T18:08:52.669571190Z,1.643099,121.334243,Cloud to Ground,13960,0,11
2026-09-22T18:08:52.677609289Z,1.111268,111.795286,Cloud to Cloud,-8881,16745,15
2026-09-22T18:08:52.674375191Z,1.0658,111.732943,Cloud to Cloud,11388,17305,10
2026-09-22T18:08:53.775308299Z,4.860861,116.646526,Cloud to Ground,31683,0,15
2026-09-22T18:08:53.776962003Z,4.960585,116.575592,Cloud to Cloud,-18683,3615,19
2026-09-22T18:08:53.778969289Z,4.972224,116.657147,Cloud to Cloud,-12600,11878,8
2026-09-22T18:08:53.776295799Z,4.982548,116.655804,Cloud to Cloud,-10995,3047,7
2026-09-22T18:08:55.435693405Z,3.876189,115.02701,Cloud to Ground,12533,0,10
2026-09-22T18:08:55.438052816Z,3.871147,115.014166,Cloud to Ground,16148,0,12
2026-09-22T18:08:56.997848684Z,7.580632,130.52088,Cloud to Ground,-20986,0,12
2026-09-22T18:08:57.037489000Z,7.5683,130.4424,Cloud to Ground,-19528,0,8
2026-09-22T18:08:56.979746031Z,7.592853,130.53915,Cloud to Ground,-18734,0,9
2026-09-22T18:08:57.558864663Z,6.543107,128.343817,Cloud to Ground,38699,0,14
2026-09-22T18:08:57.153953000Z,7.4857,130.652,Cloud to Ground,-20032,0,6
2026-09-22T18:08:59.594297420Z,3.255257,115.552065,Cloud to Ground,10663,0,7
2026-09-22T18:08:59.591418208Z,3.257901,115.567346,Cloud to Ground,11354,0,13
2026-09-22T18:08:59.592145977Z,3.259897,115.554315,Cloud to Ground,32926,0,15
2026-09-22T18:09:03.774198000Z,13.5045,122.0236,Cloud to Ground,-47719,0,10
2026-09-22T18:09:04.491021299Z,4.267913,116.116877,Cloud to Cloud,-16811,5200,10
2026-09-22T18:09:04.723150596Z,4.271996,116.065805,Cloud to Ground,11766,0,9
2026-09-22T18:09:04.491513520Z,4.238674,116.079141,Cloud to Ground,24714,0,28
2026-09-22T18:09:05.649603029Z,7.576919,130.341293,Cloud to Cloud,-8882,5742,8
2026-09-22T18:09:05.658229631Z,7.598124,130.586409,Cloud to Cloud,-7604,3008,8
2026-09-22T18:09:05.549023000Z,7.6363,130.5108,Cloud to Ground,1543,0,6
2026-09-22T18:09:07.215290000Z,5.4992,119.1345,Cloud to Ground,-22175,0,8
2026-09-22T18:09:06.959822298Z,5.495339,119.073925,Cloud to Ground,13968,0,8
2026-09-22T18:09:06.469148093Z,5.770474,117.072879,Cloud to Cloud,-14877,3058,10
2026-09-22T18:09:06.465770293Z,5.828265,117.150879,Cloud to Cloud,-13462,3016,14
2026-09-22T18:09:06.619215613Z,5.83015,117.121806,Cloud to Cloud,-9355,13298,7
2026-09-22T18:09:06.214241361Z,1.130271,111.914093,Cloud to Ground,11710,0,9
2026-09-22T18:09:07.949598662Z,17.95309,123.326888,Cloud to Ground,-78207,0,15
2026-09-22T18:09:07.890669584Z,17.923758,123.322945,Cloud to Ground,-65295,0,11
2026-09-22T18:09:07.994633946Z,17.937094,123.334049,Cloud to Ground,-47668,0,16
2026-09-22T18:09:08.025824000Z,17.9943,123.3109,Cloud to Ground,-23457,0,7
2026-09-22T18:09:07.988577833Z,17.971086,123.425832,Cloud to Cloud,-13828,6301,8
2026-09-22T18:09:08.228258890Z,17.983133,123.327736,Cloud to Cloud,8405,3183,8
2026-09-22T18:09:07.993078328Z,17.950436,123.358013,Cloud to Cloud,24438,7976,6
2026-09-22T18:09:08.076381611Z,17.962249,123.344049,Cloud to Cloud,26393,3256,6
2026-09-22T18:09:08.897921130Z,5.792809,118.799267,Cloud to Cloud,17019,3011,11
2026-09-22T18:09:08.832099679Z,5.803135,118.838352,Cloud to Ground,35148,0,9
2026-09-22T18:09:11.025624511Z,1.143989,111.836517,Cloud to Ground,-36996,0,16
2026-09-22T18:09:11.231929612Z,1.167756,111.826456,Cloud to Ground,-28457,0,12
2026-09-22T18:09:11.139846368Z,1.188796,111.793393,Cloud to Cloud,-26812,17088,30
2026-09-22T18:09:11.075689868Z,1.173248,111.829585,Cloud to Ground,-20058,0,13
2026-09-22T18:09:11.047978838Z,1.182015,111.822036,Cloud to Ground,-14236,0,13
2026-09-22T18:09:12.924758334Z,1.154044,111.924199,Cloud to Ground,-9538,0,9
2026-09-22T18:09:13.206217657Z,5.83389,118.15448,Cloud to Ground,35131,0,16
2026-09-22T18:09:16.477529510Z,1.65938,113.285893,Cloud to Ground,-33316,0,21
2026-09-22T18:09:16.298416016Z,1.576006,113.27969,Cloud to Ground,-23723,0,10
2026-09-22T18:09:16.314568000Z,1.5881,113.3574,Cloud to Ground,-2136,0,8
2026-09-22T18:09:16.366355713Z,7.524062,130.722587,Cloud to Ground,-40140,0,18
2026-09-22T18:09:16.424861008Z,7.531306,130.619056,Cloud to Ground,-21349,0,18
2026-09-22T18:09:16.459125084Z,7.504905,130.621899,Cloud to Ground,-18371,0,11
2026-09-22T18:09:16.454102779Z,7.54387,130.609009,Cloud to Ground,-12315,0,22
2026-09-22T18:09:16.276533989Z,15.823539,116.215142,Cloud to Cloud,-12168,9773,7
2026-09-22T18:09:16.248800991Z,15.857328,116.107543,Cloud to Ground,-44419,0,14
2026-09-22T18:09:17.742387809Z,7.719043,130.511473,Cloud to Ground,-19702,0,20
2026-09-22T18:09:19.197497492Z,18.813487,124.374208,Cloud to Cloud,10869,3016,9
2026-09-22T18:09:19.183191103Z,18.756339,124.40844,Cloud to Ground,35005,0,9
2026-09-22T18:09:19.185227000Z,18.841,124.6233,Cloud to Ground,-9457,0,7
2026-09-22T18:09:19.188411331Z,18.799348,124.546593,Cloud to Cloud,15924,17428,8
2026-09-22T18:09:21.139690000Z,8.9008,124.4175,Cloud to Ground,7662,0,8
2026-09-22T18:09:23.073230700Z,17.9354,123.641523,Cloud to Cloud,5076,4950,6
2026-09-22T18:09:23.072304226Z,17.899146,123.478011,Cloud to Cloud,7590,9461,7
2026-09-22T18:09:24.437249905Z,1.137157,111.933934,Cloud to Ground,-21779,0,16
2026-09-22T18:09:25.554583452Z,5.889791,118.825286,Cloud to Ground,-38153,0,25
2026-09-22T18:09:25.787236678Z,5.926975,118.805053,Cloud to Ground,52193,0,18
2026-09-22T18:09:25.914939627Z,5.7972,118.74963,Cloud to Cloud,10486,7692,7
2026-09-22T18:09:25.655843954Z,5.797223,118.763701,Cloud to Ground,31242,0,12
2026-09-22T18:09:25.734853117Z,5.794834,118.770795,Cloud to Ground,62618,0,14
2026-09-22T18:09:25.935379722Z,8.004889,130.947906,Cloud to Ground,-31433,0,24
2026-09-22T18:09:27.537032000Z,1.1135,112.035,Cloud to Ground,-15106,0,5
2026-09-22T18:09:29.788244833Z,12.534417,110.329866,Cloud to Ground,11995,0,10
2026-09-22T18:09:29.787168662Z,12.522916,110.350898,Cloud to Cloud,13445,14742,8
2026-09-22T18:09:30.668238990Z,7.310388,129.385125,Cloud to Ground,-48649,0,20
2026-09-22T18:09:30.131782723Z,3.653914,116.335891,Cloud to Ground,-25927,0,16
2026-09-22T18:09:30.732327000Z,7.1614,129.4324,Cloud to Ground,-17550,0,7
2026-09-22T18:09:30.797311000Z,7.1464,129.3901,Cloud to Ground,-15611,0,9
2026-09-22T18:09:31.117664361Z,7.155555,129.419311,Cloud to Ground,-14030,0,13
2026-09-22T18:09:30.691524512Z,7.180529,129.486669,Cloud to Cloud,-11183,3001,12
2026-09-22T18:09:32.857480148Z,3.53955,116.497719,Cloud to Ground,31147,0,22
2026-09-22T18:09:32.857900000Z,3.5077,116.2334,Cloud to Ground,31031,0,5
2026-09-22T18:09:33.338232311Z,11.434651,113.63988,Cloud to Ground,-75001,0,10
2026-09-22T18:09:33.368235790Z,11.436945,113.579086,Cloud to Cloud,-30789,7354,9
2026-09-22T18:09:33.375879678Z,11.442975,113.649766,Cloud to Ground,-28226,0,16
2026-09-22T18:09:33.332104423Z,11.400469,113.536366,Cloud to Cloud,-24633,4170,9
2026-09-22T18:09:33.441482270Z,11.450856,113.652591,Cloud to Ground,-23023,0,13
2026-09-22T18:09:34.116866601Z,11.397425,113.568025,Cloud to Ground,14508,0,7
2026-09-22T18:09:33.486097947Z,11.376428,113.608468,Cloud to Ground,19170,0,14
2026-09-22T18:09:33.332601943Z,11.461193,113.673015,Cloud to Ground,57370,0,10
2026-09-22T18:09:35.651429690Z,4.336488,116.025125,Cloud to Ground,25628,0,16
2026-09-22T18:09:38.597093947Z,6.041912,118.786083,Cloud to Ground,30616,0,8
2026-09-22T18:09:38.675135647Z,5.767734,118.757582,Cloud to Ground,21799,0,12
2026-09-22T18:09:38.819460842Z,7.594486,130.52476,Cloud to Ground,-30480,0,15
2026-09-22T18:09:38.918299852Z,7.588404,130.595135,Cloud to Ground,-16718,0,7
2026-09-22T18:09:39.246719000Z,7.6501,130.4677,Cloud to Ground,17844,0,5
2026-09-22T18:09:39.313526032Z,7.597044,130.400728,Cloud to Cloud,35092,7110,13
2026-09-22T18:09:39.082272805Z,6.203297,117.743416,Cloud to Cloud,-29867,10675,22
2026-09-22T18:09:39.095459000Z,6.0787,117.6482,Cloud to Ground,-26596,0,8
2026-09-22T18:09:39.452064808Z,6.063631,117.63473,Cloud to Cloud,-7334,4747,7
2026-09-22T18:09:39.099855535Z,6.117516,117.805247,Cloud to Ground,-17120,0,11
2026-09-22T18:09:39.100587809Z,6.123879,117.826558,Cloud to Cloud,-13912,4832,12
2026-09-22T18:09:39.099394100Z,6.087068,117.750492,Cloud to Ground,-12849,0,13
2026-09-22T18:09:39.701745492Z,1.377004,121.403626,Cloud to Ground,19332,0,12
2026-09-22T18:09:39.632355644Z,1.390713,121.418816,Cloud to Ground,55460,0,16
2026-09-22T18:09:39.274838403Z,7.742867,130.585942,Cloud to Ground,-9453,0,15
2026-09-22T18:09:40.537214527Z,5.691399,117.973784,Cloud to Cloud,-9298,7389,9
2026-09-22T18:09:42.262682490Z,18.038309,123.306528,Cloud to Ground,-5068,0,6
2026-09-22T18:09:42.268268691Z,17.857985,123.259491,Cloud to Cloud,-8617,19165,8
2026-09-22T18:09:43.360572183Z,1.928349,112.904014,Cloud to Ground,-17044,0,11
2026-09-22T18:09:43.086956000Z,7.2659,129.743,Cloud to Ground,-31260,0,12
2026-09-22T18:09:45.962998023Z,13.927525,111.762794,Cloud to Cloud,-29767,3017,8
2026-09-22T18:09:48.430507151Z,4.064333,114.963391,Cloud to Ground,-30962,0,17
2026-09-22T18:09:48.429944194Z,4.068847,114.991747,Cloud to Ground,21391,0,12
2026-09-22T18:09:48.526531000Z,18.5698,122.8206,Cloud to Ground,-124932,0,12
2026-09-22T18:09:48.601404000Z,18.5989,122.8267,Cloud to Ground,-17141,0,5
2026-09-22T18:09:48.578258000Z,18.5521,122.8093,Cloud to Ground,-9091,0,7
2026-09-22T18:09:50.620916823Z,3.319913,116.332844,Cloud to Ground,-21415,0,16
2026-09-22T18:09:50.558408194Z,3.300688,116.610959,Cloud to Ground,-26119,0,21
2026-09-22T18:09:59.969340441Z,3.264301,115.568214,Cloud to Ground,11611,0,10
2026-09-22T18:09:59.460751675Z,7.727041,130.509767,Cloud to Ground,-25489,0,22
2026-09-22T18:09:59.286349000Z,7.5979,130.4445,Cloud to Ground,-26246,0,8
2026-09-22T18:09:59.349895518Z,7.577499,130.444337,Cloud to Ground,-24466,0,29
2026-09-22T18:09:59.553397548Z,7.625956,130.512868,Cloud to Ground,-15068,0,12
2026-09-22T18:09:59.408034000Z,7.6547,130.614,Cloud to Ground,-15582,0,5
2026-09-22T18:10:00.823198107Z,1.140408,111.839406,Cloud to Ground,-8849,0,9
2026-09-22T18:10:00.777489852Z,1.175239,111.84381,Cloud to Ground,10589,0,12
2026-09-22T18:10:00.813105985Z,1.132789,111.831188,Cloud to Ground,11689,0,6
2026-09-22T18:10:01.905731806Z,5.539335,117.958317,Cloud to Ground,-10884,0,10
2026-09-22T18:10:02.242059822Z,5.498513,117.925419,Cloud to Cloud,13685,3106,12
2026-09-22T18:10:02.114333064Z,5.541192,117.887836,Cloud to Ground,24971,0,10
2026-09-22T18:10:01.970002629Z,5.536633,117.890497,Cloud to Ground,25239,0,10
2026-09-22T18:10:02.240202499Z,5.554328,117.947639,Cloud to Ground,30254,0,11
2026-09-22T18:10:01.933109807Z,5.541624,117.918,Cloud to Ground,40595,0,18
2026-09-22T18:10:02.045226944Z,5.573049,117.966519,Cloud to Ground,44933,0,23
2026-09-22T18:10:02.529959068Z,1.163409,111.921212,Cloud to Cloud,11289,3257,9
2026-09-22T18:10:05.454094839Z,5.789376,118.82519,Cloud to Cloud,-8171,3007,8
2026-09-22T18:10:05.396412293Z,5.82332,118.941481,Cloud to Cloud,-10237,4832,11
2026-09-22T18:10:07.422817936Z,3.220081,116.094988,Cloud to Ground,-17477,0,15
2026-09-22T18:10:08.173625076Z,9.168824,125.182901,Cloud to Ground,-43888,0,21
2026-09-22T18:10:08.083641407Z,9.173368,125.139391,Cloud to Ground,-39589,0,20
2026-09-22T18:10:08.076223783Z,9.232155,125.223946,Cloud to Ground,-34770,0,7
2026-09-22T18:10:13.560009013Z,13.843422,112.115798,Cloud to Cloud,27841,11026,5
2026-09-22T18:10:18.263807186Z,6.017469,118.810801,Cloud to Ground,73483,0,7
2026-09-22T18:10:18.151506000Z,5.7498,118.8206,Cloud to Ground,-53268,0,6
2026-09-22T18:10:18.614244411Z,5.785654,118.778188,Cloud to Ground,-34939,0,22
2026-09-22T18:10:18.165748763Z,5.792715,118.844249,Cloud to Cloud,-20925,18948,9
2026-09-22T18:10:18.614662503Z,5.878708,118.725386,Cloud to Cloud,-13252,7443,11
2026-09-22T18:10:18.301564672Z,5.856377,118.803456,Cloud to Cloud,16513,15659,8
2026-09-22T18:10:19.035027236Z,5.759514,118.770917,Cloud to Ground,19026,0,10
2026-09-22T18:10:18.839069625Z,5.764759,118.782321,Cloud to Ground,19407,0,11
2026-09-22T18:10:18.189540395Z,5.764514,118.789686,Cloud to Ground,29235,0,13
2026-09-22T18:10:18.067117892Z,7.589301,130.452153,Cloud to Ground,-47958,0,23
2026-09-22T18:10:17.995948000Z,7.5921,130.483,Cloud to Ground,-44334,0,10
2026-09-22T18:10:18.032737633Z,7.584994,130.483557,Cloud to Ground,-42272,0,26
2026-09-22T18:10:18.250093578Z,7.611393,130.474421,Cloud to Cloud,-29885,17259,12
2026-09-22T18:10:18.106764915Z,7.603122,130.507103,Cloud to Ground,-23442,0,15
2026-09-22T18:10:19.533951000Z,1.1062,111.9086,Cloud to Ground,-21183,0,6
2026-09-22T18:10:19.408668734Z,1.181594,111.83292,Cloud to Ground,-15742,0,27
2026-09-22T18:10:19.464597987Z,1.140856,111.783897,Cloud to Ground,-15235,0,11
2026-09-22T18:10:19.353095820Z,1.181433,111.842868,Cloud to Ground,-11320,0,18
2026-09-22T18:10:19.534903342Z,1.14512,111.842374,Cloud to Ground,13552,0,10
2026-09-22T18:10:21.238571747Z,1.252504,111.894899,Cloud to Ground,-12392,0,18
2026-09-22T18:10:21.391282616Z,1.144501,111.951232,Cloud to Ground,15320,0,8
2026-09-22T18:10:21.334024568Z,1.153104,111.890375,Cloud to Ground,27531,0,26
2026-09-22T18:10:23.464464440Z,13.719543,112.288696,Cloud to Ground,-23616,0,13
2026-09-22T18:10:23.478606206Z,13.740239,112.344854,Cloud to Cloud,-16551,18970,10
2026-09-22T18:10:23.453354253Z,13.713484,112.239009,Cloud to Cloud,-9569,7281,7
2026-09-22T18:10:23.433751410Z,13.697305,112.227363,Cloud to Cloud,-6182,3041,7
2026-09-22T18:10:23.425406722Z,13.716164,112.246614,Cloud to Ground,13057,0,10
2026-09-22T18:10:23.423928853Z,13.743327,112.285695,Cloud to Cloud,15568,16758,8
2026-09-22T18:10:23.424510752Z,13.710926,112.174804,Cloud to Ground,24888,0,9
2026-09-22T18:10:24.485139000Z,6.0596,118.1543,Cloud to Ground,-9474,0,5
2026-09-22T18:10:24.163741146Z,6.12661,118.234451,Cloud to Ground,14176,0,9
2026-09-22T18:10:24.174352200Z,6.150532,118.183085,Cloud to Cloud,22519,6639,13
2026-09-22T18:10:24.289031952Z,6.087576,118.215947,Cloud to Ground,31021,0,12
2026-09-22T18:10:24.161775788Z,6.231232,118.156792,Cloud to Cloud,34016,13998,10
2026-09-22T18:10:24.459122294Z,18.645107,122.167272,Cloud to Cloud,-40559,16736,12
2026-09-22T18:10:24.460174000Z,18.4265,122.1542,Cloud to Ground,16057,0,5
2026-09-22T18:10:27.831326737Z,13.649521,120.744584,Cloud to Cloud,-9079,7116,6
2026-09-22T18:10:27.112991219Z,13.681427,120.684616,Cloud to Ground,-21654,0,8
2026-09-22T18:10:34.264797676Z,3.309168,114.983348,Cloud to Ground,-9423,0,8
2026-09-22T18:10:33.897331821Z,3.358531,114.968203,Cloud to Ground,11838,0,8
2026-09-22T18:10:34.001278893Z,5.903142,118.934171,Cloud to Cloud,14448,5068,7
2026-09-22T18:10:34.115099780Z,3.301944,114.761586,Cloud to Cloud,-12573,19632,7
2026-09-22T18:10:35.760954625Z,5.764641,118.76935,Cloud to Ground,28042,0,13
2026-09-22T18:10:35.781617307Z,5.868087,118.946842,Cloud to Ground,-15536,0,7
2026-09-22T18:10:36.158648419Z,7.300617,129.893315,Cloud to Ground,-59748,0,16
2026-09-22T18:10:36.179431975Z,7.296049,129.892316,Cloud to Cloud,-19224,7107,18
2026-09-22T18:10:36.218355000Z,7.3067,129.9123,Cloud to Ground,-14327,0,8
2026-09-22T18:10:37.412991426Z,7.588535,130.486695,Cloud to Ground,-42016,0,28
2026-09-22T18:10:37.647397550Z,7.594443,130.490497,Cloud to Ground,-28900,0,22
2026-09-22T18:10:37.456855978Z,7.6008,130.536917,Cloud to Ground,-27374,0,12
2026-09-22T18:10:37.356366100Z,7.606915,130.547134,Cloud to Ground,-27301,0,11
2026-09-22T18:10:37.390046049Z,7.588757,130.547274,Cloud to Ground,-19350,0,10
2026-09-22T18:10:37.379547290Z,7.629069,130.515263,Cloud to Ground,-17845,0,17
2026-09-22T18:10:37.374051425Z,7.657201,130.505439,Cloud to Cloud,-13268,3001,8
2026-09-22T18:10:37.418197055Z,7.616396,130.528438,Cloud to Cloud,-12449,4514,12
2026-09-22T18:10:39.703601847Z,5.868005,117.145938,Cloud to Cloud,-13174,3052,18
2026-09-22T18:10:39.702205711Z,5.787698,117.137995,Cloud to Ground,46470,0,22
2026-09-22T18:10:39.208671148Z,1.141516,111.825309,Cloud to Ground,-23244,0,8
2026-09-22T18:10:42.363103897Z,3.170467,115.877107,Cloud to Cloud,-12273,9216,12
2026-09-22T18:10:42.333123168Z,3.065091,115.933477,Cloud to Ground,20932,0,12
2026-09-22T18:10:42.334065939Z,3.066874,115.854563,Cloud to Cloud,21736,3217,15
2026-09-22T18:10:42.552560234Z,5.799706,117.923472,Cloud to Cloud,-40691,11595,12
2026-09-22T18:10:42.559254505Z,5.780291,117.965552,Cloud to Cloud,-10812,3005,9
2026-09-22T18:10:42.896272560Z,5.832681,117.934002,Cloud to Cloud,4983,17057,7
2026-09-22T18:10:42.550666000Z,5.6528,117.9299,Cloud to Ground,-18420,0,6
2026-09-22T18:10:42.549677989Z,5.635457,117.925521,Cloud to Ground,18581,0,10
2026-09-22T18:10:44.162223000Z,20.2355,124.3378,Cloud to Ground,-15661,0,6
2026-09-22T18:10:44.160307939Z,20.214917,124.404244,Cloud to Cloud,4300,3004,6
2026-09-22T18:10:44.241878178Z,20.212775,124.403436,Cloud to Cloud,4668,13359,6
2026-09-22T18:10:44.171140800Z,20.216247,124.41113,Cloud to Cloud,5228,3022,6
2026-09-22T18:10:44.160837147Z,20.212925,124.401319,Cloud to Cloud,6141,6384,7
2026-09-22T18:10:51.466122427Z,7.15612,129.374196,Cloud to Ground,-31394,0,24
2026-09-22T18:10:51.360796000Z,7.1589,129.432,Cloud to Ground,-25244,0,10
2026-09-22T18:10:51.438179000Z,7.3027,129.5023,Cloud to Ground,-20134,0,5
2026-09-22T18:10:52.134239751Z,7.589671,130.487343,Cloud to Ground,-34734,0,25
2026-09-22T18:10:52.076437992Z,7.593953,130.465487,Cloud to Ground,-31586,0,13
2026-09-22T18:10:52.032220333Z,7.582914,130.479363,Cloud to Ground,-31360,0,15
2026-09-22T18:10:52.101370586Z,7.589656,130.488767,Cloud to Ground,-27869,0,26
2026-09-22T18:10:52.171048193Z,7.581528,130.499169,Cloud to Ground,-23724,0,24
2026-09-22T18:10:52.425413724Z,18.745377,124.388649,Cloud to Cloud,24702,12034,9
2026-09-22T18:10:52.568353558Z,18.72978,124.509293,Cloud to Ground,-12008,0,9
2026-09-22T18:10:52.566129900Z,18.721646,124.556535,Cloud to Ground,-11181,0,9
2026-09-22T18:10:52.396265377Z,18.788193,124.541825,Cloud to Cloud,10680,6389,6
2026-09-22T18:10:52.399647014Z,18.797972,124.562698,Cloud to Cloud,13121,7563,8
2026-09-22T18:10:52.395201000Z,18.8372,124.5704,Cloud to Ground,38498,0,7
2026-09-22T18:10:54.769487000Z,5.8314,118.873,Cloud to Ground,-40395,0,7
2026-09-22T18:10:55.184789028Z,5.798987,118.761506,Cloud to Cloud,14241,9229,11
2026-09-22T18:10:55.447920295Z,5.86809,118.73206,Cloud to Cloud,14680,16006,8
2026-09-22T18:10:55.110589082Z,5.799088,118.760997,Cloud to Ground,15921,0,12
2026-09-22T18:10:54.821370130Z,5.795911,118.751193,Cloud to Ground,20055,0,10
2026-09-22T18:10:54.997116763Z,5.798976,118.774842,Cloud to Ground,21658,0,13
2026-09-22T18:10:54.924412808Z,5.80022,118.765033,Cloud to Ground,21774,0,12
2026-09-22T18:10:54.959114249Z,5.802102,118.775053,Cloud to Ground,23913,0,14
2026-09-22T18:10:55.052545419Z,5.810472,118.840239,Cloud to Ground,25157,0,13
2026-09-22T18:10:54.854689743Z,5.803643,118.765837,Cloud to Ground,29379,0,12
2026-09-22T18:10:54.792709917Z,5.812688,118.83346,Cloud to Ground,33839,0,11
2026-09-22T18:10:54.907129970Z,5.810112,118.833568,Cloud to Ground,54774,0,19
2026-09-22T18:10:54.739781987Z,5.805873,118.757977,Cloud to Ground,58318,0,8
2026-09-22T18:10:55.724820729Z,1.170732,111.916445,Cloud to Ground,-13233,0,23
2026-09-22T18:10:56.259225073Z,3.08743,115.880661,Cloud to Ground,13610,0,9
2026-09-22T18:10:56.258522685Z,3.23275,115.895225,Cloud to Cloud,-14801,5095,12
2026-09-22T18:10:56.230678000Z,18.5103,122.833,Cloud to Ground,-98894,0,7
2026-09-22T18:10:56.737956648Z,18.520787,122.871585,Cloud to Ground,-10564,0,7
2026-09-22T18:10:59.154617012Z,17.792743,123.331646,Cloud to Cloud,16659,3068,8
2026-09-22T18:10:59.214318000Z,18.0015,123.3209,Cloud to Ground,-12495,0,6
2026-09-22T18:10:59.156964368Z,17.987325,123.320556,Cloud to Cloud,8033,5300,6
2026-09-22T18:11:00.011616364Z,5.588795,117.939597,Cloud to Ground,-24342,0,14
2026-09-22T18:11:03.096810000Z,9.0494,124.1867,Cloud to Ground,-24061,0,10
2026-09-22T18:11:03.472702000Z,8.9974,124.0623,Cloud to Ground,-23905,0,5
2026-09-22T18:11:08.917666821Z,5.809777,118.792137,Cloud to Cloud,-12082,3253,10
2026-09-22T18:11:08.730035268Z,3.317522,116.53208,Cloud to Ground,9746,0,7
2026-09-22T18:11:08.835599085Z,3.416593,116.533844,Cloud to Cloud,-19338,5204,12
2026-09-22T18:11:08.721837509Z,3.421176,116.600216,Cloud to Ground,-12957,0,9
2026-09-22T18:11:08.715198548Z,3.444275,116.598015,Cloud to Cloud,-8504,8195,7
2026-09-22T18:11:09.325727692Z,5.924889,118.863931,Cloud to Cloud,-16025,17671,7
2026-09-22T18:11:09.461051175Z,13.56199,120.800076,Cloud to Cloud,11970,17217,9
2026-09-22T18:11:12.539241288Z,6.080508,118.196251,Cloud to Ground,45442,0,22
2026-09-22T18:11:12.379716286Z,6.068504,118.153699,Cloud to Ground,90252,0,8
2026-09-22T18:11:12.426961604Z,6.231023,118.086132,Cloud to Ground,-17440,0,12
2026-09-22T18:11:12.931560981Z,6.235184,118.125608,Cloud to Cloud,13957,3267,6
2026-09-22T18:11:12.493775028Z,6.264312,118.256526,Cloud to Ground,-33753,0,11
2026-09-22T18:11:13.680267818Z,1.136288,111.857394,Cloud to Ground,-15050,0,11
2026-09-22T18:11:13.889470113Z,1.129676,111.84,Cloud to Ground,-9246,0,8
2026-09-22T18:11:13.697274553Z,1.119088,111.863694,Cloud to Ground,12763,0,8
2026-09-22T18:11:13.664801134Z,1.19628,111.814038,Cloud to Cloud,15130,13550,8
2026-09-22T18:11:16.753585801Z,5.735311,118.739335,Cloud to Cloud,14160,3017,6
2026-09-22T18:11:16.429045009Z,5.776435,118.763041,Cloud to Ground,32327,0,13
2026-09-22T18:11:16.338249192Z,5.774176,118.748965,Cloud to Ground,54780,0,11
2026-09-22T18:11:16.894167022Z,10.893827,113.884706,Cloud to Ground,23042,0,7
2026-09-22T18:11:16.892752468Z,10.944754,114.035329,Cloud to Ground,-26488,0,11
2026-09-22T18:11:16.890946781Z,10.956564,114.041163,Cloud to Ground,-11397,0,10
2026-09-22T18:11:18.218718016Z,7.568256,130.376297,Cloud to Cloud,22414,16746,10
2026-09-22T18:11:19.820604649Z,6.345824,127.676233,Cloud to Ground,55707,0,23
2026-09-22T18:11:19.596244108Z,4.324561,116.098591,Cloud to Ground,-18312,0,18
2026-09-22T18:11:19.341987675Z,4.391141,116.09492,Cloud to Ground,-14178,0,18
2026-09-22T18:11:19.639347323Z,4.406153,116.056532,Cloud to Cloud,-13746,16134,12
2026-09-22T18:11:19.897196951Z,7.634962,130.488114,Cloud to Ground,-36445,0,13
2026-09-22T18:11:19.843008315Z,7.603057,130.49989,Cloud to Ground,-27402,0,13
2026-09-22T18:11:21.743633572Z,1.178764,111.932834,Cloud to Cloud,13715,3239,11
2026-09-22T18:11:23.709873818Z,2.21848,117.700487,Cloud to Cloud,-12311,13258,10
2026-09-22T18:11:24.102764020Z,6.131624,117.595627,Cloud to Ground,31965,0,9
2026-09-22T18:11:24.021640430Z,6.257383,117.693378,Cloud to Ground,-53662,0,21
2026-09-22T18:11:24.063206845Z,6.230685,117.686649,Cloud to Cloud,-27822,6332,14
2026-09-22T18:11:24.066052168Z,6.116183,117.696611,Cloud to Ground,-26064,0,15
2026-09-22T18:11:24.093589944Z,6.161815,117.739709,Cloud to Ground,23558,0,15
2026-09-22T18:11:24.402854804Z,7.401479,129.738601,Cloud to Ground,-18078,0,11
2026-09-22T18:11:24.351287736Z,7.228991,129.761188,Cloud to Ground,-46122,0,26
2026-09-22T18:11:24.340083098Z,7.234375,129.759429,Cloud to Ground,-42788,0,16
2026-09-22T18:11:24.436483169Z,7.200966,129.717278,Cloud to Cloud,-20077,11027,23
2026-09-22T18:11:26.010452525Z,14.091325,120.204446,Cloud to Cloud,7550,7522,8
2026-09-22T18:11:29.829781997Z,5.562335,117.942698,Cloud to Cloud,18159,17148,12
2026-09-22T18:11:29.867905675Z,5.563925,117.961186,Cloud to Ground,26162,0,12
2026-09-22T18:11:29.824058444Z,5.574358,117.962969,Cloud to Ground,52548,0,10
2026-09-22T18:11:29.843709285Z,5.822304,118.048691,Cloud to Cloud,-2601,9943,5
2026-09-22T18:11:31.682929775Z,6.455191,128.28592,Cloud to Cloud,16007,5294,7
2026-09-22T18:11:31.667202097Z,6.447583,128.319198,Cloud to Cloud,20248,5091,9
2026-09-22T18:11:32.135647000Z,9.1825,125.1146,Cloud to Ground,-47521,0,15
2026-09-22T18:11:32.209476000Z,9.236,125.0831,Cloud to Ground,-20738,0,5
2026-09-22T18:11:34.287526735Z,7.307372,129.43785,Cloud to Ground,-38490,0,33
2026-09-22T18:11:34.318701223Z,1.110155,111.891311,Cloud to Ground,13447,0,10
2026-09-22T18:11:37.717856525Z,1.501623,121.330751,Cloud to Ground,-46656,0,20
2026-09-22T18:11:37.697305728Z,1.488627,121.499689,Cloud to Ground,-8617,0,6
2026-09-22T18:11:40.671949307Z,2.142496,117.727921,Cloud to Ground,19909,0,18
2026-09-22T18:11:40.839828900Z,2.141368,117.713432,Cloud to Ground,21387,0,15
2026-09-22T18:11:40.492379364Z,7.574053,130.487721,Cloud to Ground,-24378,0,19
2026-09-22T18:11:40.845621339Z,7.632993,130.398058,Cloud to Cloud,-15590,6578,11
2026-09-22T18:11:40.433584000Z,7.5649,130.2128,Cloud to Ground,-5212,0,7
2026-09-22T18:11:41.049242824Z,1.562081,113.29813,Cloud to Ground,-46834,0,21
2026-09-22T18:11:41.062192718Z,1.598727,113.261692,Cloud to Ground,-30045,0,13
2026-09-22T18:11:42.398374371Z,13.683822,111.735808,Cloud to Ground,9554,0,9
2026-09-22T18:11:42.396357013Z,13.694639,111.744355,Cloud to Ground,47350,0,12
2026-09-22T18:11:45.179459996Z,9.124435,124.332591,Cloud to Ground,19544,0,8
2026-09-22T18:11:47.372882863Z,17.775912,123.300539,Cloud to Cloud,-13029,9529,8
2026-09-22T18:11:47.059806747Z,17.914157,123.320263,Cloud to Ground,-58174,0,12
2026-09-22T18:11:47.215880885Z,17.961838,123.354178,Cloud to Cloud,1740,4461,5
2026-09-22T18:11:46.938246793Z,18.014452,123.293597,Cloud to Cloud,2318,12822,6
2026-09-22T18:11:47.198868040Z,17.967739,123.386461,Cloud to Cloud,7319,16488,8
2026-09-22T18:11:47.021250105Z,17.926081,123.322855,Cloud to Cloud,19385,7301,6
2026-09-22T18:11:48.656683903Z,3.405295,116.611237,Cloud to Ground,-39345,0,13
2026-09-22T18:11:48.457238248Z,3.320016,116.565493,Cloud to Ground,20386,0,18
2026-09-22T18:11:51.063840000Z,5.8115,117.108,Cloud to Ground,30851,0,6
2026-09-22T18:11:52.222137198Z,5.796785,117.067424,Cloud to Cloud,-16526,6423,10
2026-09-22T18:11:52.221473249Z,5.755734,117.11598,Cloud to Ground,17972,0,13
2026-09-22T18:11:51.962367669Z,5.741574,117.090587,Cloud to Ground,21712,0,9
2026-09-22T18:11:52.082604835Z,5.749497,117.112097,Cloud to Ground,28635,0,15
2026-09-22T18:11:52.025233760Z,5.752211,117.046039,Cloud to Ground,33061,0,8
2026-09-22T18:11:52.124660105Z,5.764944,117.104027,Cloud to Ground,40442,0,14
2026-09-22T18:11:53.214605013Z,1.153775,111.741409,Cloud to Ground,40474,0,30
2026-09-22T18:11:53.211188912Z,1.187898,111.833442,Cloud to Ground,31004,0,13
2026-09-22T18:11:55.849097598Z,5.548894,117.977303,Cloud to Ground,-17548,0,7
2026-09-22T18:11:55.988514519Z,5.542883,117.916287,Cloud to Ground,34267,0,10
2026-09-22T18:11:55.908539086Z,5.550854,117.971497,Cloud to Ground,41786,0,16
2026-09-22T18:11:55.864729566Z,5.525113,117.989358,Cloud to Ground,54696,0,11
2026-09-22T18:11:56.004304028Z,5.84685,118.812207,Cloud to Cloud,-20219,8002,20
2026-09-22T18:11:55.346795452Z,5.794356,118.760505,Cloud to Ground,37185,0,18
2026-09-22T18:11:56.091010015Z,5.80021,118.109475,Cloud to Cloud,14449,7629,9
2026-09-22T18:11:56.063056003Z,5.803458,118.159154,Cloud to Ground,29235,0,14
2026-09-22T18:11:56.037602198Z,5.834367,118.228031,Cloud to Ground,92140,0,14
2026-09-22T18:11:57.139421156Z,5.572707,117.883342,Cloud to Ground,-12483,0,16
2026-09-22T18:11:57.206419075Z,5.750118,117.994394,Cloud to Cloud,-11221,13200,13
2026-09-22T18:11:57.719310150Z,17.94018,123.648214,Cloud to Cloud,7918,18957,7
2026-09-22T18:11:57.487075259Z,13.753135,112.153047,Cloud to Cloud,-13109,15200,5
2026-09-22T18:11:57.259200524Z,13.705793,112.200835,Cloud to Ground,13887,0,6
2026-09-22T18:11:59.005077929Z,2.180155,117.710636,Cloud to Cloud,-9869,16866,19
2026-09-22T18:12:01.668363871Z,6.479356,128.53669,Cloud to Ground,22274,0,13
2026-09-22T18:12:03.541984972Z,11.315092,113.476183,Cloud to Ground,70982,0,11
2026-09-22T18:12:03.552425207Z,11.430158,113.696181,Cloud to Ground,-12316,0,13
2026-09-22T18:12:03.638215546Z,11.393375,113.594173,Cloud to Ground,12852,0,7
2026-09-22T18:12:03.547508085Z,11.372062,113.634646,Cloud to Ground,24157,0,6
2026-09-22T18:12:04.481559248Z,3.197392,116.077971,Cloud to Cloud,-21485,3705,17
2026-09-22T18:12:04.477125719Z,3.186567,116.090487,Cloud to Ground,-17581,0,9
2026-09-22T18:12:07.961143567Z,1.106692,111.893026,Cloud to Ground,13018,0,7
2026-09-22T18:12:07.798457584Z,7.641072,130.415362,Cloud to Cloud,-13718,5292,16
2026-09-22T18:12:07.146198564Z,7.582257,130.54145,Cloud to Ground,-33057,0,19
2026-09-22T18:12:07.240599271Z,7.576962,130.50337,Cloud to Ground,-15778,0,17
2026-09-22T18:12:07.172921355Z,7.602019,130.560321,Cloud to Cloud,-14219,4593,9
2026-09-22T18:12:07.213411412Z,7.558471,130.543655,Cloud to Ground,13641,0,8
2026-09-22T18:12:10.526197253Z,5.859269,118.680448,Cloud to Cloud,15925,3024,10
2026-09-22T18:12:10.511252760Z,5.784689,118.852027,Cloud to Ground,-19099,0,8
2026-09-22T18:12:10.643613896Z,5.774883,118.770382,Cloud to Ground,31324,0,13
2026-09-22T18:12:10.147244531Z,5.778428,118.773223,Cloud to Ground,34340,0,11
2026-09-22T18:12:10.083638803Z,5.787973,118.785651,Cloud to Ground,48727,0,14
2026-09-22T18:12:10.242005922Z,5.772875,118.788091,Cloud to Ground,61973,0,13
2026-09-22T18:12:18.013319727Z,18.4468,122.943005,Cloud to Ground,-14099,0,7
2026-09-22T18:12:19.731171999Z,3.1202,115.964937,Cloud to Cloud,28023,3400,10
2026-09-22T18:12:19.935614707Z,1.926582,112.896751,Cloud to Ground,-21363,0,17
2026-09-22T18:12:19.843183560Z,1.930399,112.919161,Cloud to Ground,-18008,0,9
2026-09-22T18:12:19.821940976Z,1.914891,112.905872,Cloud to Cloud,-12871,14300,23
2026-09-22T18:12:19.450479108Z,8.0045,130.936055,Cloud to Ground,-19899,0,16
2026-09-22T18:12:19.391101595Z,7.989076,131.000051,Cloud to Ground,-16717,0,13
2026-09-22T18:12:21.323584336Z,13.855519,112.140352,Cloud to Ground,-9878,0,7
2026-09-22T18:12:21.314845788Z,13.846112,112.097941,Cloud to Ground,22278,0,9
2026-09-22T18:12:21.315401221Z,13.849952,112.087512,Cloud to Ground,26705,0,10
2026-09-22T18:12:21.317602024Z,13.879764,112.235154,Cloud to Ground,-19910,0,7
2026-09-22T18:12:21.951575000Z,7.2395,129.7685,Cloud to Ground,-19869,0,7
2026-09-22T18:12:23.550421812Z,5.648096,117.899286,Cloud to Ground,-24699,0,10
2026-09-22T18:12:23.513403414Z,5.611068,117.97402,Cloud to Ground,-24524,0,20
2026-09-22T18:12:23.512374515Z,5.676378,117.987957,Cloud to Cloud,-15950,3009,12
2026-09-22T18:12:23.510279933Z,5.670114,118.063714,Cloud to Cloud,28208,3976,10
2026-09-22T18:12:26.672098831Z,4.974941,116.678054,Cloud to Ground,19085,0,13
2026-09-22T18:12:26.673575200Z,4.96612,116.530747,Cloud to Ground,27245,0,15
2026-09-22T18:12:27.416558531Z,1.395684,121.376484,Cloud to Ground,42410,0,21
2026-09-22T18:12:27.098565383Z,1.149961,111.894169,Cloud to Ground,-12646,0,10
2026-09-22T18:12:26.976697314Z,1.217738,111.941094,Cloud to Cloud,-10041,19692,23
2026-09-22T18:12:27.794984390Z,12.060404,122.596981,Cloud to Ground,-18163,0,8
2026-09-22T18:12:33.680157519Z,1.598055,113.284841,Cloud to Ground,15032,0,13
2026-09-22T18:12:34.822924756Z,12.217072,112.756163,Cloud to Cloud,-6978,18131,7
2026-09-22T18:12:38.873517841Z,5.915451,118.939475,Cloud to Cloud,17331,9728,9
2026-09-22T18:12:39.320897452Z,5.829363,118.910271,Cloud to Cloud,-31739,18815,9
2026-09-22T18:12:41.749949190Z,2.501774,115.132464,Cloud to Ground,10061,0,8
2026-09-22T18:12:41.723637531Z,2.507225,115.114362,Cloud to Ground,49502,0,32
2026-09-22T18:12:41.650879191Z,3.212639,115.855325,Cloud to Cloud,-11875,11193,14
2026-09-22T18:12:41.319844320Z,3.191452,115.868837,Cloud to Ground,18718,0,13
2026-09-22T18:12:41.724301912Z,2.62117,115.030846,Cloud to Cloud,-13937,14468,12
2026-09-22T18:12:41.776162559Z,2.112741,117.737148,Cloud to Ground,9807,0,10
2026-09-22T18:12:41.702337243Z,2.107441,117.711089,Cloud to Ground,27762,0,18
2026-09-22T18:12:42.902813466Z,18.618047,122.164619,Cloud to Ground,-37517,0,12
2026-09-22T18:12:42.833074052Z,18.642235,122.218741,Cloud to Cloud,9150,3335,8
2026-09-22T18:12:45.469366396Z,5.53526,117.918341,Cloud to Cloud,10136,4916,7
2026-09-22T18:12:45.502448478Z,5.55204,117.905411,Cloud to Cloud,16245,5493,7
2026-09-22T18:12:45.726180738Z,5.538334,117.944831,Cloud to Ground,24625,0,17
2026-09-22T18:12:45.402663418Z,5.559672,117.967629,Cloud to Ground,40015,0,19
2026-09-22T18:12:45.467552652Z,5.543799,117.901808,Cloud to Ground,45307,0,9
2026-09-22T18:12:45.713725570Z,5.538135,117.810886,Cloud to Cloud,-9930,3195,9
2026-09-22T18:12:46.367316774Z,17.904125,123.317109,Cloud to Ground,-54313,0,16
2026-09-22T18:12:46.514926805Z,17.904055,123.320791,Cloud to Ground,-33363,0,11
2026-09-22T18:12:50.513567228Z,1.137775,111.906304,Cloud to Ground,-15948,0,24
2026-09-22T18:12:50.566600869Z,1.151738,111.910622,Cloud to Ground,12500,0,9
2026-09-22T18:12:50.120831067Z,3.268426,116.535215,Cloud to Ground,-39413,0,20
2026-09-22T18:12:50.258759033Z,3.258087,116.589174,Cloud to Ground,-14944,0,16
2026-09-22T18:12:49.993809887Z,3.319087,116.554586,Cloud to Ground,15511,0,17
2026-09-22T18:12:52.526214884Z,4.938961,116.63359,Cloud to Cloud,-15910,3035,12
2026-09-22T18:12:52.517686777Z,4.85752,116.638668,Cloud to Ground,48951,0,14
2026-09-22T18:12:52.500071000Z,7.6294,130.4466,Cloud to Ground,-23877,0,5
2026-09-22T18:12:52.925458434Z,7.63968,130.531985,Cloud to Ground,-19373,0,15
2026-09-22T18:12:52.869042000Z,7.6548,130.5884,Cloud to Ground,-17606,0,8
2026-09-22T18:12:52.565688000Z,7.6225,130.5268,Cloud to Ground,-16227,0,5
2026-09-22T18:12:54.592980996Z,2.207744,117.701596,Cloud to Ground,-12934,0,7
2026-09-22T18:12:58.757064553Z,1.240098,111.969162,Cloud to Ground,-9673,0,9
2026-09-22T18:12:59.528557045Z,7.648704,130.531583,Cloud to Cloud,14839,3136,10
2026-09-22T18:13:04.196080230Z,5.548517,117.902858,Cloud to Cloud,-5837,3631,7
2026-09-22T18:13:06.112913340Z,1.253087,111.891408,Cloud to Ground,-9483,0,19
2026-09-22T18:13:07.526157623Z,5.9294,118.864754,Cloud to Ground,-48347,0,27
2026-09-22T18:13:07.607103279Z,5.783976,118.779372,Cloud to Ground,24444,0,14
2026-09-22T18:13:07.387088673Z,5.783918,118.783454,Cloud to Ground,37423,0,15
2026-09-22T18:13:07.576303952Z,5.794298,118.839899,Cloud to Ground,46488,0,12
2026-09-22T18:13:07.475330153Z,5.783866,118.778653,Cloud to Ground,56273,0,13
2026-09-22T18:13:07.311833130Z,5.784551,118.765431,Cloud to Ground,57074,0,11
2026-09-22T18:13:07.477444565Z,5.985086,118.743658,Cloud to Cloud,-25526,9531,7
2026-09-22T18:13:07.354300000Z,5.8601,118.9383,Cloud to Ground,-53453,0,7
2026-09-22T18:13:12.385421725Z,13.55579,120.797639,Cloud to Cloud,10753,4452,7
2026-09-22T18:13:12.639645000Z,13.6114,120.6902,Cloud to Ground,-17910,0,5
2026-09-22T18:13:12.525353626Z,13.671823,120.742596,Cloud to Cloud,3361,12215,6
2026-09-22T18:13:13.838617494Z,7.160421,129.415364,Cloud to Ground,-66329,0,11
2026-09-22T18:13:13.932804817Z,7.152275,129.356087,Cloud to Ground,-49913,0,26
2026-09-22T18:13:13.859850177Z,7.150392,129.297722,Cloud to Ground,15638,0,14
2026-09-22T18:13:13.226683758Z,5.465128,118.984851,Cloud to Cloud,12394,3013,7
2026-09-22T18:13:13.187442206Z,5.484587,118.99595,Cloud to Ground,23920,0,8
2026-09-22T18:13:13.135488637Z,5.489669,119.080239,Cloud to Ground,30583,0,16
2026-09-22T18:13:13.076753000Z,5.6994,119.202,Cloud to Ground,-16708,0,6
2026-09-22T18:13:14.477791707Z,3.642703,116.407747,Cloud to Ground,-36282,0,17
2026-09-22T18:13:14.483095528Z,3.637019,116.339237,Cloud to Ground,14967,0,19
2026-09-22T18:13:14.478391480Z,3.630621,116.317483,Cloud to Ground,51061,0,15
2026-09-22T18:13:14.560208594Z,3.586557,116.380918,Cloud to Ground,90125,0,22
2026-09-22T18:13:16.425289389Z,2.102978,117.750726,Cloud to Ground,11552,0,15
2026-09-22T18:13:16.019470611Z,2.212642,117.711469,Cloud to Ground,-9290,0,7
2026-09-22T18:13:17.855930322Z,11.422299,113.633613,Cloud to Ground,-117050,0,9
2026-09-22T18:13:17.850324940Z,11.415415,113.527201,Cloud to Cloud,-44801,15435,10
2026-09-22T18:13:18.497646099Z,11.407451,113.495008,Cloud to Cloud,-17244,5656,7
2026-09-22T18:13:17.913283447Z,11.416483,113.541336,Cloud to Ground,59460,0,13
2026-09-22T18:13:18.381785933Z,11.270142,113.524528,Cloud to Ground,21643,0,8
2026-09-22T18:13:20.084622152Z,12.537247,121.913547,Cloud to Cloud,-15720,9105,8
2026-09-22T18:13:20.041241850Z,12.596916,121.982726,Cloud to Ground,22483,0,7
2026-09-22T18:13:21.860173711Z,7.243756,129.702342,Cloud to Ground,-35812,0,28
2026-09-22T18:13:22.054660188Z,7.247219,129.705724,Cloud to Ground,-23214,0,30
2026-09-22T18:13:21.777166000Z,7.248,129.8083,Cloud to Ground,-23722,0,6
2026-09-22T18:13:23.940928779Z,5.535967,117.947786,Cloud to Cloud,-17675,11677,13
2026-09-22T18:13:23.985740975Z,5.527664,117.879441,Cloud to Ground,-9268,0,7
2026-09-22T18:13:24.054543764Z,5.528831,117.898484,Cloud to Ground,17319,0,9
2026-09-22T18:13:24.364276252Z,5.530138,117.897203,Cloud to Ground,20600,0,9
2026-09-22T18:13:24.023123156Z,5.537179,117.933057,Cloud to Ground,42619,0,16
2026-09-22T18:13:23.960994835Z,5.551454,117.960683,Cloud to Ground,64228,0,16
2026-09-22T18:13:23.581710299Z,1.421642,121.404596,Cloud to Ground,-9461,0,6
2026-09-22T18:13:24.361803472Z,1.682192,113.207298,Cloud to Ground,-30712,0,14
2026-09-22T18:13:24.343819976Z,1.650171,113.207467,Cloud to Ground,-20730,0,18
2026-09-22T18:13:24.485352133Z,1.7063,113.170959,Cloud to Ground,-11013,0,14
2026-09-22T18:13:27.650326101Z,6.673295,118.438639,Cloud to Cloud,13391,5103,8
2026-09-22T18:13:27.652542822Z,6.671532,118.454752,Cloud to Cloud,15374,3044,12
2026-09-22T18:13:27.649585220Z,6.672664,118.479697,Cloud to Ground,45108,0,13
2026-09-22T18:13:27.651275889Z,6.818293,118.543499,Cloud to Cloud,-13454,3005,10
2026-09-22T18:13:27.391117846Z,1.60578,113.289769,Cloud to Ground,13544,0,10
2026-09-22T18:13:28.709427771Z,5.921386,118.80919,Cloud to Ground,-19737,0,14
2026-09-22T18:13:28.914400044Z,5.885296,118.809099,Cloud to Cloud,17572,3013,7
2026-09-22T18:13:28.568243957Z,5.794984,118.854465,Cloud to Ground,-28071,0,12
2026-09-22T18:13:28.679938216Z,5.790167,118.87392,Cloud to Ground,-21845,0,9
2026-09-22T18:13:28.685508267Z,5.793853,118.84588,Cloud to Ground,-17356,0,11
2026-09-22T18:13:29.022202235Z,5.778727,118.776275,Cloud to Cloud,13985,14550,8
2026-09-22T18:13:29.175720280Z,5.778151,118.78718,Cloud to Cloud,16075,8810,11
2026-09-22T18:13:28.967636630Z,5.772783,118.772987,Cloud to Ground,18097,0,7
2026-09-22T18:13:28.847696962Z,5.789346,118.862383,Cloud to Ground,45621,0,22
2026-09-22T18:13:28.590696560Z,5.780152,118.787541,Cloud to Ground,50890,0,15
2026-09-22T18:13:29.204165160Z,2.118715,117.718105,Cloud to Ground,17015,0,17
2026-09-22T18:13:30.257849856Z,3.315772,114.905166,Cloud to Ground,-15436,0,13
2026-09-22T18:13:30.262069617Z,3.294946,114.969864,Cloud to Ground,-14939,0,11
2026-09-22T18:13:30.525115723Z,3.30723,114.905543,Cloud to Ground,12937,0,12
2026-09-22T18:13:35.974431782Z,7.551942,130.353907,Cloud to Cloud,15718,4108,11
2026-09-22T18:13:35.520524383Z,12.218279,123.24195,Cloud to Ground,-16915,0,9
2026-09-22T18:13:36.269401280Z,1.13887,111.899884,Cloud to Ground,17652,0,13
2026-09-22T18:13:36.194885638Z,7.584446,130.578851,Cloud to Cloud,-9274,3035,8
2026-09-22T18:13:38.250081000Z,4.9413,116.7132,Cloud to Ground,11459,0,5
2026-09-22T18:13:38.248030142Z,4.916722,116.770634,Cloud to Ground,32042,0,15
2026-09-22T18:13:38.248613520Z,4.918463,116.764907,Cloud to Ground,39189,0,17
2026-09-22T18:13:38.027336513Z,6.161492,118.117344,Cloud to Cloud,-21907,17400,9
2026-09-22T18:13:38.131146891Z,6.095473,118.125283,Cloud to Cloud,-12460,3801,12
2026-09-22T18:13:38.024029000Z,6.1138,118.2055,Cloud to Ground,18089,0,7
2026-09-22T18:13:38.641431717Z,12.192128,123.179416,Cloud to Cloud,9693,3643,7
2026-09-22T18:13:40.286975000Z,13.5455,121.9737,Cloud to Ground,2927,0,6
2026-09-22T18:13:41.364649829Z,5.674981,117.922659,Cloud to Ground,-12394,0,10
2026-09-22T18:13:44.136062364Z,1.131064,111.893893,Cloud to Ground,8184,0,11
2026-09-22T18:13:46.856357000Z,9.174,125.1229,Cloud to Ground,-47704,0,7
2026-09-22T18:13:46.935686000Z,9.2344,125.1744,Cloud to Ground,-19165,0,6
2026-09-22T18:13:47.435208310Z,13.920894,110.274296,Cloud to Ground,-30124,0,8
2026-09-22T18:13:47.441988087Z,13.885343,110.220281,Cloud to Ground,24354,0,6
2026-09-22T18:13:47.437557564Z,13.889863,110.224501,Cloud to Ground,26697,0,7
2026-09-22T18:13:51.631030949Z,6.444249,128.362005,Cloud to Ground,-19536,0,25
2026-09-22T18:13:52.388168656Z,5.853053,118.176978,Cloud to Ground,34622,0,8
2026-09-22T18:13:54.462662923Z,3.316591,116.556851,Cloud to Ground,23393,0,18
2026-09-22T18:13:55.941877000Z,10.0765,124.1167,Cloud to Ground,-18405,0,5
2026-09-22T18:13:56.003154000Z,10.0842,124.1797,Cloud to Ground,-16737,0,8
2026-09-22T18:13:56.537903139Z,12.605886,121.990772,Cloud to Cloud,13051,18361,9
2026-09-22T18:13:59.390032000Z,9.1064,124.0914,Cloud to Ground,11270,0,6
2026-09-22T18:13:59.385757000Z,9.1097,124.0893,Cloud to Ground,27085,0,8
2026-09-22T18:14:01.432277318Z,2.201684,117.692434,Cloud to Ground,-20011,0,8
2026-09-22T18:14:01.375260545Z,2.20916,117.730268,Cloud to Ground,-9532,0,27
2026-09-22T18:14:02.990656120Z,5.536037,119.007086,Cloud to Ground,-17465,0,14
2026-09-22T18:14:03.084338999Z,7.681675,130.23883,Cloud to Ground,-40776,0,17
2026-09-22T18:14:03.228413772Z,7.588112,130.460307,Cloud to Ground,-39688,0,30
2026-09-22T18:14:03.167963989Z,7.585924,130.492215,Cloud to Ground,-32176,0,24
2026-09-22T18:14:03.445677219Z,7.577621,130.536004,Cloud to Ground,-16240,0,11
2026-09-22T18:14:03.264572906Z,7.588359,130.416095,Cloud to Ground,-15917,0,10
2026-09-22T18:14:03.145287000Z,7.5896,130.4675,Cloud to Ground,-9857,0,7
2026-09-22T18:14:04.726786229Z,5.8107,118.795812,Cloud to Cloud,-20236,3548,6
2026-09-22T18:14:04.758653136Z,5.885227,118.788861,Cloud to Ground,-15773,0,8
2026-09-22T18:14:04.737795225Z,5.787586,118.785557,Cloud to Ground,-11047,0,6
2026-09-22T18:14:04.782924000Z,5.8026,118.7887,Cloud to Ground,6328,0,5
2026-09-22T18:14:05.800372901Z,5.553311,117.971983,Cloud to Ground,-48976,0,13
2026-09-22T18:14:05.839635919Z,5.677343,117.901916,Cloud to Ground,-46799,0,21
2026-09-22T18:14:05.781884452Z,5.555524,117.97305,Cloud to Cloud,-37978,19396,21
2026-09-22T18:14:06.184705782Z,5.576155,117.922648,Cloud to Ground,-13396,0,13
2026-09-22T18:14:05.903628841Z,5.670556,117.966967,Cloud to Cloud,-9779,3132,7
2026-09-22T18:14:06.288628425Z,5.644494,117.916882,Cloud to Cloud,10691,9173,7
2026-09-22T18:14:06.331524462Z,5.549565,117.879345,Cloud to Cloud,12431,6613,7
2026-09-22T18:14:06.032313229Z,5.564614,117.898528,Cloud to Ground,42243,0,8
2026-09-22T18:14:05.922772955Z,5.5615,117.900921,Cloud to Ground,44079,0,9
2026-09-22T18:14:06.284617282Z,2.60025,115.178686,Cloud to Cloud,-10974,5077,7
2026-09-22T18:14:06.414790700Z,5.785004,117.954511,Cloud to Cloud,13199,3469,6
2026-09-22T18:14:06.921797000Z,8.9804,124.0314,Cloud to Ground,-54114,0,6
2026-09-22T18:14:06.954187000Z,9.0356,124.1616,Cloud to Ground,-23216,0,6
2026-09-22T18:14:08.354497987Z,1.141774,111.940902,Cloud to Ground,16232,0,10
2026-09-22T18:14:11.662594524Z,5.893161,117.129586,Cloud to Cloud,-11210,16276,8
2026-09-22T18:14:11.648972198Z,5.795181,117.07996,Cloud to Cloud,11410,5065,11
2026-09-22T18:14:11.605634398Z,5.771743,117.08574,Cloud to Ground,23730,0,8
2026-09-22T18:14:11.604811989Z,5.78456,117.091196,Cloud to Ground,23758,0,16
2026-09-22T18:14:12.630375737Z,1.128366,111.908155,Cloud to Ground,10112,0,10
2026-09-22T18:14:12.840087389Z,1.209192,111.81192,Cloud to Ground,-17806,0,7
2026-09-22T18:14:14.550116426Z,13.682628,120.748058,Cloud to Ground,-75940,0,8
2026-09-22T18:14:14.685427912Z,13.710207,120.808571,Cloud to Ground,-16340,0,8
2026-09-22T18:14:14.590173000Z,13.6983,120.7466,Cloud to Ground,3586,0,6
2026-09-22T18:14:14.606053000Z,13.6849,120.7118,Cloud to Ground,14574,0,7
2026-09-22T18:14:15.975355381Z,13.6968,110.54998,Cloud to Ground,25247,0,7
2026-09-22T18:14:15.958886008Z,13.82103,111.531682,Cloud to Cloud,-23075,11285,14
2026-09-22T18:14:16.547422120Z,10.928627,113.990936,Cloud to Ground,21478,0,15
2026-09-22T18:14:17.509235632Z,2.164611,116.691281,Cloud to Cloud,-8711,17446,8
2026-09-22T18:14:17.509675274Z,2.154271,116.770276,Cloud to Ground,8984,0,7
2026-09-22T18:14:17.162421000Z,1.1116,111.9002,Cloud to Ground,-16682,0,5
2026-09-22T18:14:18.883833519Z,6.106079,117.8299,Cloud to Ground,-20883,0,7
2026-09-22T18:14:18.582505561Z,6.329278,117.787252,Cloud to Cloud,-12305,3004,10
2026-09-22T18:14:18.955239283Z,5.77148,118.811078,Cloud to Ground,20538,0,13
2026-09-22T18:14:19.120113068Z,5.771937,118.795695,Cloud to Ground,23354,0,14
2026-09-22T18:14:19.028563582Z,5.771621,118.793814,Cloud to Ground,43017,0,13
2026-09-22T18:14:18.880911943Z,5.767798,118.75,Cloud to Ground,55860,0,13
2026-09-22T18:14:18.773982585Z,5.780396,118.803324,Cloud to Ground,68739,0,14
2026-09-22T18:14:18.583391309Z,6.181974,117.630874,Cloud to Ground,59285,0,9
2026-09-22T18:14:18.868808941Z,6.218227,117.73251,Cloud to Cloud,-12023,3009,7
2026-09-22T18:14:18.449019141Z,13.716198,112.220524,Cloud to Ground,-27092,0,8
2026-09-22T18:14:18.450085000Z,13.7348,112.3075,Cloud to Ground,-26812,0,5
2026-09-22T18:14:18.556729796Z,13.714431,112.173582,Cloud to Cloud,-15696,15148,6
2026-09-22T18:14:18.502927359Z,13.765507,112.331704,Cloud to Ground,-15170,0,6
2026-09-22T18:14:19.119714000Z,1.6589,121.3633,Cloud to Ground,12531,0,6
2026-09-22T18:14:21.826530517Z,1.168502,111.883671,Cloud to Ground,-11811,0,6
2026-09-22T18:14:21.798375286Z,1.169212,111.861897,Cloud to Ground,22038,0,7
2026-09-22T18:14:21.433932000Z,6.347,128.3181,Cloud to Ground,-13811,0,6
2026-09-22T18:14:21.392643000Z,6.3656,128.3079,Cloud to Ground,-8937,0,6
2026-09-22T18:14:22.751986193Z,3.508343,116.481545,Cloud to Ground,25023,0,19
2026-09-22T18:14:23.127550733Z,5.677622,117.997295,Cloud to Cloud,-13732,8697,11
2026-09-22T18:14:23.729637978Z,3.514225,116.249999,Cloud to Ground,45303,0,20
2026-09-22T18:14:23.581335803Z,4.264823,116.134438,Cloud to Ground,-21546,0,18
2026-09-22T18:14:23.492302279Z,18.495336,122.848047,Cloud to Cloud,-7550,7645,10
2026-09-22T18:14:23.516111317Z,18.507309,122.850261,Cloud to Cloud,-6979,15595,6
2026-09-22T18:14:23.599594117Z,18.517159,122.884252,Cloud to Cloud,6755,3889,7
2026-09-22T18:14:25.018851720Z,2.993941,116.028616,Cloud to Ground,8311,0,8
2026-09-22T18:14:24.925422148Z,3.007042,115.993098,Cloud to Ground,46794,0,12
2026-09-22T18:14:24.859999670Z,3.003492,116.038008,Cloud to Ground,101352,0,15
2026-09-22T18:14:24.123780146Z,7.378518,129.775933,Cloud to Ground,-37435,0,16
2026-09-22T18:14:24.168648364Z,7.280968,129.589846,Cloud to Cloud,-10113,14570,12
2026-09-22T18:14:24.169879053Z,7.236168,129.717725,Cloud to Ground,-36706,0,23
2026-09-22T18:14:24.265382528Z,7.227241,129.711624,Cloud to Ground,-25423,0,26
2026-09-22T18:14:24.206436671Z,7.229387,129.730193,Cloud to Ground,-15407,0,13
2026-09-22T18:14:25.495693768Z,1.157591,111.937435,Cloud to Ground,-18022,0,13
2026-09-22T18:14:25.511062367Z,18.002087,123.299993,Cloud to Cloud,7029,18356,6
2026-09-22T18:14:25.403881948Z,17.930596,123.385449,Cloud to Cloud,12928,7461,10
2026-09-22T18:14:25.405848848Z,17.925037,123.383143,Cloud to Cloud,18565,11000,10
2026-09-22T18:14:25.591227000Z,17.7136,123.2592,Cloud to Ground,-72626,0,5
2026-09-22T18:14:28.840859638Z,11.424299,113.511027,Cloud to Ground,31633,0,7
2026-09-22T18:14:29.792869605Z,1.898312,112.914071,Cloud to Ground,37448,0,13
2026-09-22T18:14:29.321614153Z,1.176297,111.880485,Cloud to Cloud,-12250,3179,13
2026-09-22T18:14:28.843229000Z,11.4479,113.6688,Cloud to Ground,-34274,0,7
2026-09-22T18:14:28.849977660Z,11.47187,113.687413,Cloud to Cloud,-10448,3830,10
2026-09-22T18:14:29.240120522Z,11.375267,113.690856,Cloud to Ground,-4524,0,7
2026-09-22T18:14:29.103869530Z,11.411124,113.632258,Cloud to Cloud,4810,3377,6
2026-09-22T18:14:36.749538019Z,5.768743,117.952692,Cloud to Cloud,-15797,3274,8
2026-09-22T18:14:37.167429005Z,5.582365,117.963257,Cloud to Ground,-17296,0,24
2026-09-22T18:14:37.225947754Z,5.629651,117.869938,Cloud to Cloud,-11032,18053,9
2026-09-22T18:14:36.730881795Z,5.627271,117.918923,Cloud to Ground,31777,0,13
2026-09-22T18:14:37.112328733Z,1.15939,111.850085,Cloud to Cloud,-8246,3218,13
2026-09-22T18:14:38.489723984Z,2.592818,115.161094,Cloud to Cloud,-13590,17426,24
2026-09-22T18:14:39.935606341Z,1.168783,111.79369,Cloud to Ground,-13121,0,9
2026-09-22T18:14:40.580158338Z,3.174346,116.016435,Cloud to Ground,39234,0,17
2026-09-22T18:14:40.612664057Z,3.265575,116.009058,Cloud to Cloud,-17507,5364,15
2026-09-22T18:14:40.321596717Z,7.604488,130.330663,Cloud to Ground,-38861,0,16
2026-09-22T18:14:40.100905166Z,7.651924,130.377307,Cloud to Ground,-29371,0,14
2026-09-22T18:14:40.384490575Z,7.728192,130.475496,Cloud to Ground,-36871,0,14
2026-09-22T18:14:40.276645110Z,7.627078,130.552624,Cloud to Ground,-32586,0,16
2026-09-22T18:14:39.968881156Z,7.600348,130.544257,Cloud to Ground,-27063,0,14
2026-09-22T18:14:40.205745469Z,7.719076,130.465708,Cloud to Ground,-25067,0,17
2026-09-22T18:14:39.994812388Z,7.605258,130.494673,Cloud to Ground,-24042,0,19
2026-09-22T18:14:40.147542907Z,7.60636,130.496964,Cloud to Ground,-22965,0,28
2026-09-22T18:14:40.060030000Z,7.6075,130.5589,Cloud to Ground,-17811,0,5
2026-09-22T18:14:40.095913306Z,7.606454,130.501097,Cloud to Cloud,-14828,14409,7
2026-09-22T18:14:40.023509000Z,7.6355,130.4723,Cloud to Ground,-13939,0,5
2026-09-22T18:14:39.960010399Z,7.671563,130.480689,Cloud to Ground,-8435,0,7
2026-09-22T18:14:39.960499729Z,7.693059,130.509837,Cloud to Ground,-7770,0,8
2026-09-22T18:14:47.410027813Z,2.145714,117.771655,Cloud to Cloud,-7301,3400,10
2026-09-22T18:14:55.071338022Z,5.910765,118.927564,Cloud to Ground,-23933,0,7
2026-09-22T18:14:55.026694592Z,5.855272,118.794172,Cloud to Ground,-57217,0,13
2026-09-22T18:14:55.052959318Z,5.788848,118.844197,Cloud to Cloud,-10241,3072,9
2026-09-22T18:14:55.188705522Z,5.788451,118.767161,Cloud to Ground,24819,0,13
2026-09-22T18:14:55.241976837Z,5.779146,118.788632,Cloud to Ground,40161,0,12
2026-09-22T18:14:55.319611060Z,5.795388,118.758245,Cloud to Ground,40190,0,10
2026-09-22T18:14:54.958229000Z,5.8274,118.7994,Cloud to Ground,70666,0,8
2026-09-22T18:14:57.747068718Z,5.914466,118.933996,Cloud to Cloud,17628,4630,8
2026-09-22T18:15:00.717233482Z,5.529535,117.89985,Cloud to Cloud,9843,5254,7
2026-09-22T18:15:00.194883867Z,5.543556,117.912612,Cloud to Cloud,11864,7574,10
2026-09-22T18:15:00.283509844Z,5.53078,117.983716,Cloud to Ground,15995,0,18
2026-09-22T18:15:00.331658179Z,5.534825,117.906124,Cloud to Ground,17684,0,10
2026-09-22T18:15:00.207788465Z,5.543168,117.934114,Cloud to Ground,27344,0,15
2026-09-22T18:15:00.405307397Z,5.541388,117.932367,Cloud to Ground,28150,0,16
2026-09-22T18:15:00.620471859Z,5.547514,117.913417,Cloud to Ground,31119,0,10
2026-09-22T18:15:00.117619656Z,5.538781,117.944902,Cloud to Ground,39423,0,13
2026-09-22T18:15:00.168587791Z,5.5456,117.929177,Cloud to Ground,40046,0,16
2026-09-22T18:15:01.876133053Z,1.611661,113.272453,Cloud to Ground,-16464,0,13
2026-09-22T18:15:01.874860844Z,1.615175,113.289245,Cloud to Ground,19603,0,14
2026-09-22T18:15:01.873153699Z,1.671378,113.285374,Cloud to Ground,31502,0,13
2026-09-22T18:15:02.135878653Z,1.492104,113.273028,Cloud to Ground,-13225,0,9
2026-09-22T18:15:05.210218932Z,18.763467,124.478501,Cloud to Ground,-19188,0,12
2026-09-22T18:15:05.003652009Z,18.765145,124.467275,Cloud to Cloud,-17740,6586,8
2026-09-22T18:15:05.006932265Z,18.782218,124.549561,Cloud to Cloud,8959,6712,6
2026-09-22T18:15:05.003177200Z,18.683911,124.665942,Cloud to Ground,15984,0,10
2026-09-22T18:15:05.004373418Z,18.743109,124.369034,Cloud to Ground,33254,0,11
2026-09-22T18:15:06.704061234Z,4.086261,114.927763,Cloud to Cloud,-12564,5809,7
2026-09-22T18:15:06.464182682Z,4.078822,115.010904,Cloud to Cloud,11870,3000,12
2026-09-22T18:15:11.072428278Z,8.288985,131.808339,Cloud to Ground,-46914,0,31
2026-09-22T18:15:11.108341599Z,8.286782,131.838078,Cloud to Cloud,-22680,6078,26
2026-09-22T18:15:12.865870000Z,7.624,130.721,Cloud to Ground,17156,0,7
2026-09-22T18:15:13.038622405Z,7.545837,130.487872,Cloud to Ground,-22314,0,22
2026-09-22T18:15:15.059924715Z,5.806883,118.758825,Cloud to Ground,-33435,0,21
2026-09-22T18:15:15.134993189Z,5.834803,118.795197,Cloud to Ground,-22402,0,24
2026-09-22T18:15:14.760449781Z,5.873701,118.755977,Cloud to Cloud,9106,3124,7
2026-09-22T18:15:14.587183971Z,5.778058,118.772762,Cloud to Cloud,13367,3971,7
2026-09-22T18:15:15.023230021Z,5.777647,118.777627,Cloud to Ground,13703,0,10
2026-09-22T18:15:14.820703230Z,5.764585,118.767182,Cloud to Ground,15545,0,9
2026-09-22T18:15:14.663969238Z,5.784751,118.85632,Cloud to Ground,18530,0,16
2026-09-22T18:15:14.635152037Z,5.778763,118.788279,Cloud to Ground,26946,0,14
2026-09-22T18:15:14.730495449Z,5.775291,118.785336,Cloud to Ground,28268,0,13
2026-09-22T18:15:14.615766754Z,5.780955,118.775089,Cloud to Ground,29567,0,9
2026-09-22T18:15:15.186529535Z,5.775858,118.788408,Cloud to Ground,30400,0,13
2026-09-22T18:15:14.564625087Z,5.777633,118.784456,Cloud to Ground,111906,0,14
2026-09-22T18:15:14.984286444Z,11.73678,123.762441,Cloud to Cloud,-22148,4260,10
2026-09-22T18:15:15.223839786Z,5.786798,118.566586,Cloud to Cloud,19323,3164,10
2026-09-22T18:15:19.962815789Z,1.143416,111.960804,Cloud to Ground,-13428,0,20
2026-09-22T18:15:21.819202288Z,5.608661,119.019894,Cloud to Cloud,19747,5925,9
2026-09-22T18:15:21.564010770Z,3.644171,116.330168,Cloud to Ground,17070,0,11
2026-09-22T18:15:21.562776012Z,3.645691,116.32678,Cloud to Ground,20656,0,11
2026-09-22T18:15:22.737981853Z,11.444855,113.53394,Cloud to Ground,-18296,0,7
2026-09-22T18:15:22.986275031Z,11.395692,113.563931,Cloud to Cloud,-15148,10122,8
2026-09-22T18:15:24.589234228Z,3.451745,116.572434,Cloud to Cloud,-13961,19190,7
2026-09-22T18:15:27.128661082Z,1.167606,111.828364,Cloud to Ground,-28046,0,14
2026-09-22T18:15:27.215150480Z,1.163066,111.800057,Cloud to Ground,-23077,0,23
2026-09-22T18:15:27.021240143Z,1.138101,111.870173,Cloud to Ground,-12628,0,6
2026-09-22T18:15:27.071332520Z,1.137743,111.864071,Cloud to Ground,-12465,0,8
2026-09-22T18:15:27.027285165Z,1.117655,111.893117,Cloud to Ground,-11149,0,10
2026-09-22T18:15:27.310013215Z,1.06856,111.726717,Cloud to Ground,-12885,0,12
2026-09-22T18:15:27.455543665Z,13.63027,120.784306,Cloud to Cloud,-5781,17498,7
2026-09-22T18:15:27.619409582Z,13.72918,120.810494,Cloud to Cloud,5206,7552,7
2026-09-22T18:15:27.396785755Z,13.677023,120.841982,Cloud to Cloud,11751,15891,7
2026-09-22T18:15:29.349504451Z,3.160447,116.076619,Cloud to Ground,-15983,0,13
2026-09-22T18:15:29.833926103Z,17.963744,123.626812,Cloud to Cloud,19748,3000,13
2026-09-22T18:15:30.947699151Z,1.469219,121.455976,Cloud to Ground,27029,0,18
2026-09-22T18:15:30.949061153Z,1.696454,121.337857,Cloud to Ground,-10202,0,12
2026-09-22T18:15:32.991172598Z,1.373998,113.176448,Cloud to Ground,14478,0,11
2026-09-22T18:15:32.752599847Z,3.186525,115.839929,Cloud to Ground,11536,0,9
2026-09-22T18:15:32.751660278Z,3.19766,115.851949,Cloud to Ground,32225,0,13
2026-09-22T18:15:36.553429066Z,5.560691,117.984534,Cloud to Ground,-23702,0,11
2026-09-22T18:15:36.801298614Z,5.557226,117.917767,Cloud to Ground,14938,0,10
2026-09-22T18:15:37.174425556Z,5.549283,117.911654,Cloud to Cloud,15634,12939,11
2026-09-22T18:15:36.635083042Z,5.545678,117.962901,Cloud to Ground,66656,0,9
2026-09-22T18:15:36.562180613Z,5.565255,118.014394,Cloud to Ground,186863,0,26
2026-09-22T18:15:36.356907223Z,6.151662,117.567518,Cloud to Cloud,-9573,7188,8
2026-09-22T18:15:36.355759000Z,6.2041,117.6481,Cloud to Ground,-28671,0,5
2026-09-22T18:15:37.175135659Z,5.674758,118.000688,Cloud to Ground,-8949,0,9
2026-09-22T18:15:39.482015000Z,5.8281,118.7862,Cloud to Ground,-68265,0,7
2026-09-22T18:15:39.507176488Z,5.798226,118.773388,Cloud to Ground,21607,0,12
2026-09-22T18:15:40.398649000Z,5.586,117.9102,Cloud to Ground,-4096,0,6
2026-09-22T18:15:40.088610330Z,5.564088,117.972773,Cloud to Cloud,8426,3173,8
2026-09-22T18:15:40.509883964Z,5.556591,117.941775,Cloud to Cloud,14359,4715,8
2026-09-22T18:15:42.870584848Z,1.117079,111.941011,Cloud to Ground,-17787,0,13
2026-09-22T18:15:42.772442270Z,17.955046,123.818484,Cloud to Cloud,3062,3582,7
2026-09-22T18:15:42.777617538Z,17.959317,123.855406,Cloud to Cloud,5129,11941,7
2026-09-22T18:15:44.927876915Z,1.977512,112.909443,Cloud to Ground,-24452,0,17
2026-09-22T18:15:44.957670580Z,1.975391,112.912824,Cloud to Ground,-12817,0,12
2026-09-22T18:15:45.027372889Z,2.046435,112.860094,Cloud to Ground,26829,0,21
2026-09-22T18:15:46.291854809Z,1.142975,111.854687,Cloud to Ground,23729,0,17
2026-09-22T18:15:46.465138805Z,1.145296,111.738413,Cloud to Ground,18033,0,7
2026-09-22T18:15:48.859733698Z,1.249784,111.845723,Cloud to Ground,-18334,0,16
2026-09-22T18:15:48.719834387Z,1.136543,111.964603,Cloud to Ground,-21037,0,18
2026-09-22T18:15:50.156905728Z,5.964552,118.136338,Cloud to Ground,-39181,0,18
2026-09-22T18:15:50.171862775Z,5.830692,118.120996,Cloud to Ground,-59187,0,23
2026-09-22T18:15:50.174591278Z,5.799046,118.143231,Cloud to Ground,27704,0,16
2026-09-22T18:15:50.723603110Z,4.919901,116.752654,Cloud to Ground,34870,0,16
2026-09-22T18:15:54.155888087Z,1.153315,111.817871,Cloud to Ground,-25153,0,7
2026-09-22T18:15:54.025387557Z,1.194408,111.780919,Cloud to Ground,-11096,0,11
2026-09-22T18:15:56.747096227Z,7.287419,129.400595,Cloud to Ground,-43119,0,19
2026-09-22T18:15:56.217970000Z,7.2,129.4543,Cloud to Ground,-49086,0,10
2026-09-22T18:15:56.818166788Z,7.187404,129.417016,Cloud to Ground,-21307,0,28
2026-09-22T18:15:56.797307000Z,7.1892,129.4622,Cloud to Ground,-16100,0,9
2026-09-22T18:15:56.905478451Z,7.180307,129.524521,Cloud to Cloud,-13961,3005,12
2026-09-22T18:16:00.178941154Z,13.696343,120.828838,Cloud to Ground,-30623,0,12
2026-09-22T18:16:00.382823000Z,13.7111,120.7588,Cloud to Ground,-16609,0,6
2026-09-22T18:16:00.314692497Z,13.808664,111.708089,Cloud to Ground,25564,0,7
2026-09-22T18:16:02.817346330Z,4.35667,116.001243,Cloud to Ground,-9555,0,15
2026-09-22T18:16:03.644871899Z,5.824462,118.865722,Cloud to Cloud,-22358,14673,11
2026-09-22T18:16:03.074733282Z,7.590993,130.609222,Cloud to Ground,-38983,0,21
2026-09-22T18:16:02.544078000Z,7.5282,130.6457,Cloud to Ground,14846,0,10
2026-09-22T18:16:03.107733000Z,7.6873,130.6425,Cloud to Ground,6910,0,5
2026-09-22T18:16:04.175839118Z,2.103548,117.727593,Cloud to Ground,-28092,0,15
2026-09-22T18:16:04.213349461Z,2.11486,117.719703,Cloud to Ground,13875,0,13
2026-09-22T18:16:04.269263172Z,2.094184,117.786361,Cloud to Ground,31454,0,21
2026-09-22T18:16:03.617771000Z,5.7909,118.7113,Cloud to Ground,-26829,0,7
2026-09-22T18:16:04.209618508Z,5.717491,118.834966,Cloud to Ground,-23297,0,12
2026-09-22T18:16:03.668846244Z,5.776172,118.780698,Cloud to Ground,16986,0,12
2026-09-22T18:16:04.208546013Z,5.784555,118.765299,Cloud to Ground,26074,0,12
2026-09-22T18:16:07.280668299Z,1.220409,111.861105,Cloud to Ground,-11946,0,16
2026-09-22T18:16:07.086972147Z,1.136119,111.892676,Cloud to Cloud,-10476,4241,20
2026-09-22T18:16:07.364694173Z,1.136851,111.847144,Cloud to Ground,10510,0,8
2026-09-22T18:16:07.716683016Z,1.599628,113.265707,Cloud to Ground,-9107,0,7
2026-09-22T18:16:13.599981000Z,18.0518,123.2749,Cloud to Ground,-42021,0,5
2026-09-22T18:16:13.601218000Z,18.0424,123.2611,Cloud to Ground,-15734,0,5
2026-09-22T18:16:13.611297647Z,17.997498,123.338547,Cloud to Cloud,4677,15991,7
2026-09-22T18:16:18.400876838Z,6.259842,117.843219,Cloud to Cloud,-9281,13383,10
2026-09-22T18:16:18.405088437Z,6.344423,117.771529,Cloud to Cloud,-7862,3000,6
2026-09-22T18:16:18.398589187Z,6.326317,117.727261,Cloud to Ground,40191,0,14
2026-09-22T18:16:19.986944504Z,13.506022,121.984737,Cloud to Cloud,3672,11264,5
2026-09-22T18:16:19.977078000Z,13.5517,121.9862,Cloud to Ground,14970,0,6
2026-09-22T18:16:20.575123047Z,5.56747,117.969939,Cloud to Ground,22113,0,9
2026-09-22T18:16:20.578957030Z,5.560904,117.971723,Cloud to Ground,23326,0,7
2026-09-22T18:16:20.628459919Z,5.647293,117.899458,Cloud to Cloud,-11658,3030,12
2026-09-22T18:16:21.006284148Z,5.682208,117.886185,Cloud to Cloud,-8789,6932,7
2026-09-22T18:16:20.341519254Z,11.568518,112.096304,Cloud to Ground,23146,0,9
2026-09-22T18:16:20.338901181Z,11.570745,112.078323,Cloud to Ground,53086,0,13
2026-09-22T18:16:20.503410119Z,11.657949,112.114569,Cloud to Ground,-35275,0,10
2026-09-22T18:16:20.632094946Z,11.676878,112.073685,Cloud to Ground,-19550,0,6
2026-09-22T18:16:20.342027390Z,11.61899,112.195566,Cloud to Ground,27615,0,7
2026-09-22T18:16:24.633326794Z,1.125797,111.899581,Cloud to Ground,15091,0,10
2026-09-22T18:16:25.165284782Z,3.191584,115.985003,Cloud to Ground,-45456,0,17
2026-09-22T18:16:25.162282760Z,3.192196,115.98987,Cloud to Ground,18596,0,11
2026-09-22T18:16:26.877085737Z,1.154179,111.830355,Cloud to Ground,-11783,0,10
2026-09-22T18:16:26.451918353Z,11.367468,113.623949,Cloud to Cloud,-9344,16276,9
2026-09-22T18:16:26.997547562Z,11.41114,113.641567,Cloud to Ground,20564,0,12
2026-09-22T18:16:26.239735583Z,11.466365,113.692514,Cloud to Ground,-9567,0,8
2026-09-22T18:16:26.245947380Z,11.442683,113.684975,Cloud to Cloud,-6922,6724,10
2026-09-22T18:16:27.725617810Z,12.161034,123.147863,Cloud to Ground,-61900,0,13
2026-09-22T18:16:27.741561177Z,12.15048,123.114638,Cloud to Ground,-40798,0,7
2026-09-22T18:16:27.804305000Z,12.2547,123.183,Cloud to Ground,-13616,0,7
2026-09-22T18:16:29.819802575Z,7.576034,130.465335,Cloud to Ground,-44746,0,20
2026-09-22T18:16:30.099783873Z,7.600289,130.434097,Cloud to Ground,-40888,0,13
2026-09-22T18:16:29.731575969Z,7.595045,130.458826,Cloud to Ground,-38290,0,25
2026-09-22T18:16:29.649590814Z,7.605576,130.496385,Cloud to Ground,-29310,0,27
2026-09-22T18:16:29.697982555Z,7.590665,130.452916,Cloud to Ground,-28617,0,20
2026-09-22T18:16:29.932000547Z,7.594342,130.452919,Cloud to Ground,-24759,0,18
2026-09-22T18:16:29.849006428Z,7.601045,130.46793,Cloud to Ground,-16500,0,8
2026-09-22T18:16:31.137269957Z,1.897171,112.934637,Cloud to Ground,11819,0,9
2026-09-22T18:16:31.529402000Z,6.2893,127.6525,Cloud to Ground,-15732,0,5
2026-09-22T18:16:36.267163029Z,3.052221,115.841061,Cloud to Cloud,-10407,6030,13
2026-09-22T18:16:37.138146127Z,1.175975,111.849982,Cloud to Ground,18347,0,15
2026-09-22T18:16:39.928739939Z,5.916529,118.859675,Cloud to Cloud,-33239,7106,8
2026-09-22T18:16:39.952719409Z,5.894344,118.82729,Cloud to Cloud,-10350,4625,12
2026-09-22T18:16:39.894757000Z,5.8837,118.8586,Cloud to Ground,-6031,0,5
2026-09-22T18:16:39.785567545Z,5.91074,118.938633,Cloud to Cloud,11672,13049,8
2026-09-22T18:16:39.935090193Z,5.797705,118.819838,Cloud to Ground,15530,0,10
2026-09-22T18:16:40.315472447Z,5.831597,118.782435,Cloud to Cloud,20962,7970,16
2026-09-22T18:16:40.838854445Z,6.108877,117.976034,Cloud to Ground,-17445,0,8
2026-09-22T18:16:40.562415430Z,6.182372,118.153215,Cloud to Cloud,-33785,4771,8
2026-09-22T18:16:40.841177793Z,6.103731,118.14869,Cloud to Cloud,-21845,3011,13
2026-09-22T18:16:40.819450841Z,6.083267,118.066864,Cloud to Ground,21435,0,12
2026-09-22T18:16:40.558933625Z,6.0894,118.133962,Cloud to Ground,24644,0,11
2026-09-22T18:16:41.091184739Z,13.566203,120.813325,Cloud to Cloud,18508,18498,8
2026-09-22T18:16:41.106071112Z,13.676782,120.840189,Cloud to Cloud,13453,12970,7
2026-09-22T18:16:42.627594063Z,5.67803,117.93994,Cloud to Ground,63100,0,8
2026-09-22T18:16:42.490458852Z,5.567305,117.907364,Cloud to Cloud,-41136,7495,25
2026-09-22T18:16:42.411012841Z,5.55284,117.965136,Cloud to Ground,-38884,0,16
2026-09-22T18:16:42.664854360Z,5.557514,117.910858,Cloud to Ground,16856,0,9
2026-09-22T18:16:42.698606143Z,5.554477,117.920142,Cloud to Ground,26078,0,14
2026-09-22T18:16:42.518333101Z,5.551566,117.905624,Cloud to Ground,32855,0,10
2026-09-22T18:16:42.575663568Z,5.548301,117.968561,Cloud to Ground,35442,0,17
2026-09-22T18:16:42.478860053Z,5.559779,117.929181,Cloud to Ground,43435,0,14
2026-09-22T18:16:42.430105310Z,5.570335,117.98326,Cloud to Ground,70544,0,23
2026-09-22T18:16:42.451473994Z,5.754248,117.990647,Cloud to Cloud,-15110,3097,8
2026-09-22T18:16:42.488696282Z,5.772993,117.958834,Cloud to Cloud,20459,16362,6
2026-09-22T18:16:42.468171139Z,3.278975,115.426212,Cloud to Ground,46568,0,16
2026-09-22T18:16:42.484131879Z,3.26723,115.519608,Cloud to Ground,25286,0,13
2026-09-22T18:16:49.443955913Z,7.236201,129.846197,Cloud to Ground,-30173,0,8
2026-09-22T18:16:49.493366909Z,7.213625,129.755608,Cloud to Ground,-20131,0,23
2026-09-22T18:16:49.537349000Z,7.244,129.7916,Cloud to Ground,-18321,0,9
2026-09-22T18:16:54.402676211Z,1.12994,111.88268,Cloud to Cloud,-14355,3745,13
2026-09-22T18:16:55.265978479Z,3.595749,116.421263,Cloud to Ground,-12636,0,10
2026-09-22T18:16:55.261137288Z,3.696182,116.394058,Cloud to Ground,-24122,0,23
2026-09-22T18:16:56.837914824Z,1.467283,121.40721,Cloud to Ground,11235,0,12
2026-09-22T18:16:56.846690211Z,1.453797,121.430739,Cloud to Ground,12822,0,10
2026-09-22T18:16:57.091784000Z,5.716,118.78,Cloud to Ground,-37137,0,7
2026-09-22T18:16:56.782184590Z,5.776051,118.753018,Cloud to Cloud,14939,3040,8
2026-09-22T18:16:57.237247908Z,5.674484,118.739382,Cloud to Ground,19643,0,8
2026-09-22T18:16:56.759051174Z,5.684171,118.742407,Cloud to Ground,21276,0,8
2026-09-22T18:16:57.170348173Z,5.694851,118.761965,Cloud to Ground,23261,0,12
2026-09-22T18:16:57.308263023Z,5.695932,118.768411,Cloud to Ground,28690,0,14
2026-09-22T18:16:57.405276631Z,1.165866,111.930961,Cloud to Ground,-20862,0,15
2026-09-22T18:16:58.872680960Z,10.201936,124.400601,Cloud to Ground,-37224,0,10
2026-09-22T18:16:59.455507987Z,3.295828,116.465526,Cloud to Ground,12724,0,10
2026-09-22T18:17:02.112523419Z,1.136524,111.840506,Cloud to Ground,10768,0,10
2026-09-22T18:17:03.921681868Z,3.18205,115.832535,Cloud to Ground,34782,0,16
2026-09-22T18:17:04.140361309Z,4.325157,116.10032,Cloud to Ground,18432,0,20
2026-09-22T18:17:04.142800337Z,4.325756,116.092852,Cloud to Ground,31522,0,23
2026-09-22T18:17:04.155500522Z,8.006961,131.465798,Cloud to Cloud,16640,3002,11
2026-09-22T18:17:07.765269462Z,17.920771,123.34405,Cloud to Cloud,-16312,17129,16
2026-09-22T18:17:07.773518810Z,17.926585,123.382138,Cloud to Cloud,6491,3005,7
2026-09-22T18:17:07.769079906Z,17.927433,123.368516,Cloud to Cloud,7559,3013,8
2026-09-22T18:17:08.137812365Z,17.804319,123.107774,Cloud to Cloud,-7121,5458,12
2026-09-22T18:17:12.090970588Z,1.119849,111.946046,Cloud to Cloud,-11108,6989,23
2026-09-22T18:17:16.725764823Z,5.664805,117.913629,Cloud to Cloud,-10643,15049,7
2026-09-22T18:17:17.023664403Z,5.65505,117.941342,Cloud to Cloud,-9153,3077,16
2026-09-22T18:17:17.099837857Z,5.64883,117.961647,Cloud to Cloud,-8927,5912,24
2026-09-22T18:17:16.626297064Z,5.615746,117.939705,Cloud to Ground,21885,0,12
2026-09-22T18:17:16.637994175Z,5.55823,117.961732,Cloud to Cloud,27406,8692,16
2026-09-22T18:17:16.580493369Z,13.743511,112.338906,Cloud to Cloud,-19701,8865,6
2026-09-22T18:17:16.592082693Z,13.710826,112.30475,Cloud to Cloud,-16214,18289,6
2026-09-22T18:17:16.457250301Z,13.755582,112.206679,Cloud to Cloud,-15073,5799,10
2026-09-22T18:17:16.475261092Z,13.760517,112.268447,Cloud to Ground,-12582,0,7
2026-09-22T18:17:16.548820682Z,13.760436,112.141955,Cloud to Cloud,-9653,3006,7
2026-09-22T18:17:16.424985239Z,13.728988,112.212929,Cloud to Ground,11359,0,7
2026-09-22T18:17:16.416275791Z,13.731341,112.269384,Cloud to Ground,12506,0,9
2026-09-22T18:17:16.418432978Z,13.705273,112.17823,Cloud to Ground,14093,0,11
2026-09-22T18:17:16.585153320Z,13.756104,112.309902,Cloud to Cloud,19215,9533,6
2026-09-22T18:17:16.401834903Z,13.706873,112.177336,Cloud to Ground,38773,0,9
2026-09-22T18:17:16.403640006Z,13.693315,112.149404,Cloud to Ground,117303,0,7
2026-09-22T18:17:17.268752849Z,1.150059,111.813897,Cloud to Ground,-21511,0,17
2026-09-22T18:17:17.465682075Z,1.088902,111.922689,Cloud to Ground,-12110,0,15
2026-09-22T18:17:17.390318280Z,1.123924,111.856525,Cloud to Cloud,-10628,3083,11
2026-09-22T18:17:17.333400773Z,1.119227,111.828399,Cloud to Ground,20158,0,13
2026-09-22T18:17:19.533859823Z,1.428213,113.213104,Cloud to Cloud,20512,18039,7
2026-09-22T18:17:19.897848000Z,12.5459,121.8159,Cloud to Ground,-61738,0,6
2026-09-22T18:17:19.934365000Z,12.5541,121.8362,Cloud to Ground,-27170,0,6
2026-09-22T18:17:19.938209000Z,12.5508,121.8322,Cloud to Ground,13888,0,5
2026-09-22T18:17:19.888613910Z,12.544376,121.849522,Cloud to Ground,22916,0,12
2026-09-22T18:17:20.016624250Z,12.452128,121.905585,Cloud to Cloud,-9231,16402,7
2026-09-22T18:17:20.138015524Z,12.595016,121.965894,Cloud to Ground,-27721,0,7
2026-09-22T18:17:21.573230589Z,5.913812,118.80318,Cloud to Ground,-25322,0,24
2026-09-22T18:17:21.493346294Z,6.019181,118.815626,Cloud to Cloud,-15045,12277,10
2026-09-22T18:17:21.396731859Z,5.989545,118.811389,Cloud to Ground,90982,0,9
2026-09-22T18:17:21.527522348Z,5.891946,118.940649,Cloud to Ground,-18193,0,7
2026-09-22T18:17:21.492905000Z,5.8055,118.8043,Cloud to Ground,-42466,0,5
2026-09-22T18:17:21.437090618Z,5.807489,118.787049,Cloud to Cloud,-19511,17616,15
2026-09-22T18:17:21.405974516Z,5.789076,118.804179,Cloud to Cloud,-8870,3031,9
2026-09-22T18:17:21.647988457Z,5.789807,118.746156,Cloud to Cloud,14307,4135,7
2026-09-22T18:17:21.429309099Z,5.772476,118.788376,Cloud to Ground,50671,0,14
2026-09-22T18:17:21.306762187Z,6.482784,123.994557,Cloud to Ground,29601,0,15
2026-09-22T18:17:24.154952412Z,5.069422,116.74113,Cloud to Ground,-27880,0,14
2026-09-22T18:17:24.157785628Z,5.089205,116.745146,Cloud to Ground,-8081,0,10
2026-09-22T18:17:24.598218536Z,4.936882,116.594598,Cloud to Ground,8389,0,8
2026-09-22T18:17:24.155677500Z,4.980035,116.688631,Cloud to Ground,19736,0,15
2026-09-22T18:17:24.662212201Z,4.947367,116.658568,Cloud to Ground,24929,0,13
2026-09-22T18:17:24.349857814Z,3.109892,116.132869,Cloud to Cloud,-14521,4578,7
2026-09-22T18:17:26.640239642Z,6.428727,117.819196,Cloud to Cloud,-15762,3055,8
2026-09-22T18:17:27.417038644Z,5.563759,117.97404,Cloud to Cloud,-21766,18651,15
2026-09-22T18:17:27.720484971Z,5.540569,117.923728,Cloud to Ground,-17921,0,14
2026-09-22T18:17:27.558367910Z,5.537091,117.916331,Cloud to Cloud,11562,3185,8
2026-09-22T18:17:27.637708297Z,5.558531,117.876253,Cloud to Ground,35117,0,33
2026-09-22T18:17:27.519693632Z,5.537835,117.920549,Cloud to Ground,35616,0,11
2026-09-22T18:17:27.453213074Z,5.556035,117.900079,Cloud to Ground,35952,0,9
2026-09-22T18:17:27.715802606Z,5.5369,117.918325,Cloud to Ground,54553,0,9
2026-09-22T18:17:29.181210441Z,2.201351,117.71014,Cloud to Ground,-11167,0,18
2026-09-22T18:17:29.228034119Z,2.272429,117.613093,Cloud to Ground,-14241,0,14
2026-09-22T18:17:34.728479785Z,1.140521,111.906563,Cloud to Cloud,-10335,15601,19
2026-09-22T18:17:34.518877427Z,1.239658,111.837524,Cloud to Ground,-9472,0,18
2026-09-22T18:17:36.220617961Z,11.389724,113.61632,Cloud to Cloud,-18150,5488,7
2026-09-22T18:17:36.317421783Z,11.448126,113.678427,Cloud to Cloud,-13241,19802,6
2026-09-22T18:17:35.980666404Z,11.444318,113.685405,Cloud to Cloud,-10618,5268,8
2026-09-22T18:17:35.998205441Z,11.43787,113.692284,Cloud to Cloud,-10439,7844,9
2026-09-22T18:17:36.062751523Z,11.395062,113.563966,Cloud to Ground,17455,0,8
2026-09-22T18:17:37.356251715Z,9.142327,125.135094,Cloud to Ground,-49775,0,16
2026-09-22T18:17:37.370322000Z,9.1479,125.118,Cloud to Ground,-42943,0,8
2026-09-22T18:17:37.424954000Z,9.1721,125.1071,Cloud to Ground,-28713,0,6
2026-09-22T18:17:37.112862476Z,7.606521,130.470985,Cloud to Ground,-39414,0,26
2026-09-22T18:17:36.912183076Z,7.615259,130.524547,Cloud to Ground,-38100,0,19
2026-09-22T18:17:37.060576077Z,7.599745,130.494338,Cloud to Ground,-30460,0,24
2026-09-22T18:17:37.106626602Z,7.596013,130.447394,Cloud to Ground,-29258,0,12
2026-09-22T18:17:37.019975000Z,7.6476,130.4877,Cloud to Ground,-27541,0,13
2026-09-22T18:17:36.939361000Z,7.5998,130.5379,Cloud to Ground,-27209,0,6
2026-09-22T18:17:37.072332214Z,7.590081,130.48677,Cloud to Ground,-25352,0,20
2026-09-22T18:17:36.739682033Z,7.607664,130.57166,Cloud to Ground,-20863,0,12
2026-09-22T18:17:36.807030293Z,7.616077,130.557738,Cloud to Ground,-19703,0,9
2026-09-22T18:17:36.963231000Z,7.634,130.5192,Cloud to Ground,-9586,0,5
2026-09-22T18:17:36.748279000Z,7.6826,130.6154,Cloud to Ground,77378,0,8
2026-09-22T18:17:39.030278819Z,1.614272,113.298212,Cloud to Ground,21185,0,14
2026-09-22T18:17:39.028216744Z,1.644839,113.294994,Cloud to Ground,59030,0,9
2026-09-22T18:17:39.347124000Z,2.2362,114.8943,Cloud to Ground,3196,0,7
2026-09-22T18:17:39.218468979Z,2.213466,114.896992,Cloud to Ground,11581,0,7
2026-09-22T18:17:39.216222001Z,2.241346,114.891905,Cloud to Ground,26574,0,14
2026-09-22T18:17:40.073857128Z,1.19191,111.850997,Cloud to Ground,-26821,0,17
2026-09-22T18:17:40.198751558Z,1.147773,111.844283,Cloud to Ground,-22427,0,8
2026-09-22T18:17:40.129085769Z,1.176725,111.878418,Cloud to Ground,-19608,0,22
2026-09-22T18:17:40.047258822Z,1.137806,111.892721,Cloud to Ground,-18302,0,16
2026-09-22T18:17:41.953377519Z,1.256645,111.792418,Cloud to Cloud,12670,3151,11
2026-09-22T18:17:44.401950777Z,13.639031,120.72996,Cloud to Cloud,6685,7478,8
2026-09-22T18:17:44.579068000Z,8.8986,124.0867,Cloud to Ground,12483,0,9
2026-09-22T18:17:47.817963323Z,2.199852,117.671469,Cloud to Cloud,-19395,4007,8
2026-09-22T18:17:47.776654369Z,2.110616,117.771693,Cloud to Cloud,-13588,3012,18
2026-09-22T18:17:47.799420400Z,2.123802,117.796584,Cloud to Ground,-10310,0,14
2026-09-22T18:17:50.499799000Z,9.7221,124.8926,Cloud to Ground,-98350,0,9
2026-09-22T18:17:50.604253000Z,9.7352,124.8522,Cloud to Ground,-13096,0,5
2026-09-22T18:17:53.152912000Z,10.0779,124.197,Cloud to Ground,-53474,0,5
2026-09-22T18:17:59.099461121Z,6.095546,118.151577,Cloud to Ground,-36866,0,10
2026-09-22T18:17:59.101539297Z,6.086068,118.071723,Cloud to Ground,-16953,0,13
2026-09-22T18:17:59.101960958Z,6.101922,118.168629,Cloud to Ground,-16913,0,11
2026-09-22T18:17:59.591365959Z,6.177067,118.196944,Cloud to Cloud,-16191,10042,16
2026-09-22T18:17:59.120089396Z,6.158466,118.123099,Cloud to Cloud,-14042,10996,8
2026-09-22T18:17:59.107433535Z,6.060637,118.026518,Cloud to Cloud,-8666,4293,8
2026-09-22T18:17:59.206787935Z,6.124958,118.075606,Cloud to Ground,25266,0,9
2026-09-22T18:17:59.179707617Z,1.18423,111.829762,Cloud to Ground,-13821,0,16
2026-09-22T18:17:58.904375760Z,1.124532,111.903779,Cloud to Ground,-11465,0,15
2026-09-22T18:17:59.081128446Z,1.162967,111.824175,Cloud to Cloud,-11362,4689,14
2026-09-22T18:18:00.972200778Z,6.007547,118.162039,Cloud to Ground,126430,0,8
2026-09-22T18:18:00.889230596Z,5.821775,118.176438,Cloud to Ground,-38545,0,12
2026-09-22T18:18:00.896853881Z,5.80369,118.163578,Cloud to Ground,-32683,0,11
2026-09-22T18:18:01.293219150Z,5.787858,118.111805,Cloud to Ground,15084,0,8
2026-09-22T18:18:00.957189279Z,5.813734,118.149385,Cloud to Ground,23948,0,10
2026-09-22T18:18:01.046433026Z,5.790274,118.118885,Cloud to Ground,26564,0,10
2026-09-22T18:18:00.920626123Z,5.899109,118.1752,Cloud to Ground,99147,0,9
2026-09-22T18:18:02.784150149Z,1.158701,111.885429,Cloud to Cloud,16257,3001,8
2026-09-22T18:18:06.197868958Z,4.3377,116.076664,Cloud to Cloud,10761,5998,12
2026-09-22T18:18:06.306037705Z,4.09843,114.989251,Cloud to Ground,-17050,0,11
2026-09-22T18:18:06.304018712Z,4.059776,115.057978,Cloud to Ground,-14223,0,11
2026-09-22T18:18:06.307623644Z,4.168927,115.031523,Cloud to Ground,-11532,0,6
2026-09-22T18:18:06.313630848Z,4.163333,115.031994,Cloud to Cloud,-10748,3125,6
2026-09-22T18:18:06.310646368Z,4.156754,115.022884,Cloud to Cloud,-10574,16464,6
2026-09-22T18:18:06.306794949Z,4.177561,114.943152,Cloud to Ground,-10540,0,15
2026-09-22T18:18:06.303298867Z,4.156341,114.998372,Cloud to Cloud,-9456,13953,18
2026-09-22T18:18:06.304627098Z,4.076672,115.012324,Cloud to Ground,12073,0,9
2026-09-22T18:18:07.690358462Z,1.685633,113.256383,Cloud to Ground,-9774,0,15
2026-09-22T18:18:08.148462642Z,1.119572,111.89607,Cloud to Ground,-20792,0,19
2026-09-22T18:18:08.087015760Z,1.139981,111.869659,Cloud to Ground,-19580,0,10
2026-09-22T18:18:08.411487479Z,13.660853,120.74398,Cloud to Cloud,3009,15338,6
2026-09-22T18:18:11.445924961Z,13.863195,111.543582,Cloud to Ground,-42006,0,12
2026-09-22T18:18:11.500459430Z,13.848555,111.538082,Cloud to Ground,-31081,0,10
2026-09-22T18:18:11.432908189Z,13.828298,111.455625,Cloud to Ground,-11825,0,6
2026-09-22T18:18:13.197734625Z,7.179816,129.486812,Cloud to Cloud,-13409,6019,14
2026-09-22T18:18:13.277348000Z,7.1851,129.4194,Cloud to Ground,-11834,0,8
2026-09-22T18:18:13.377417000Z,7.2107,129.4291,Cloud to Ground,-11506,0,5
2026-09-22T18:18:13.177056000Z,7.1171,129.6582,Cloud to Ground,-57290,0,6
2026-09-22T18:18:14.984881654Z,4.993644,116.740297,Cloud to Cloud,-12678,6291,10
2026-09-22T18:18:14.268797966Z,14.74288,120.806909,Cloud to Ground,-11457,0,7
2026-09-22T18:18:14.339395624Z,14.713635,120.69937,Cloud to Ground,-14306,0,7
2026-09-22T18:18:14.396366862Z,14.714233,120.712303,Cloud to Ground,-10765,0,7
2026-09-22T18:18:16.517418614Z,5.525104,117.893712,Cloud to Cloud,11632,3130,6
2026-09-22T18:18:16.546802206Z,5.529489,117.895631,Cloud to Cloud,13458,4084,8
2026-09-22T18:18:16.430506142Z,5.53217,117.983596,Cloud to Ground,124958,0,13
2026-09-22T18:18:16.682268667Z,13.977959,110.266574,Cloud to Ground,-26460,0,12
2026-09-22T18:18:16.661518390Z,13.919216,110.209123,Cloud to Ground,23600,0,11
2026-09-22T18:18:16.662355275Z,13.907736,110.21319,Cloud to Ground,27170,0,7
2026-09-22T18:18:20.050899627Z,9.367269,125.292037,Cloud to Cloud,29009,11555,15
2026-09-22T18:18:20.678090851Z,18.017613,123.446341,Cloud to Cloud,23074,3001,8
2026-09-22T18:18:20.679049000Z,17.9696,123.5882,Cloud to Ground,-33981,0,6
2026-09-22T18:18:21.003153000Z,18.0155,123.6966,Cloud to Ground,-11231,0,8
2026-09-22T18:18:20.682843407Z,17.95546,123.626584,Cloud to Cloud,8598,5832,6
2026-09-22T18:18:20.687305532Z,17.955154,123.637816,Cloud to Cloud,15428,11518,9
2026-09-22T18:18:22.997824016Z,11.414295,113.650862,Cloud to Ground,23081,0,8
2026-09-22T18:18:23.112521549Z,5.89079,118.899146,Cloud to Ground,-22653,0,10
2026-09-22T18:18:23.125638614Z,5.799116,118.790146,Cloud to Cloud,-25225,3041,13
2026-09-22T18:18:23.052337657Z,5.801584,118.834533,Cloud to Ground,-18386,0,15
2026-09-22T18:18:23.086174877Z,5.786618,118.751294,Cloud to Ground,-16531,0,10
2026-09-22T18:18:23.524915401Z,5.806626,118.778815,Cloud to Ground,18721,0,14
2026-09-22T18:18:23.614311069Z,5.804709,118.774303,Cloud to Ground,23714,0,13
2026-09-22T18:18:23.526092583Z,5.742035,118.824783,Cloud to Ground,29092,0,10
2026-09-22T18:18:23.195416095Z,11.571656,113.557121,Cloud to Ground,-39890,0,12
2026-09-22T18:18:24.698177905Z,1.126332,111.833358,Cloud to Ground,10767,0,10
2026-09-22T18:18:24.470688136Z,1.154784,111.854613,Cloud to Ground,12308,0,16
2026-09-22T18:18:25.500252862Z,17.929909,123.373685,Cloud to Cloud,6557,3001,6
2026-09-22T18:18:25.496477535Z,17.932899,123.37439,Cloud to Cloud,9314,17593,7
2026-09-22T18:18:25.524352854Z,17.930849,123.386951,Cloud to Cloud,14859,7628,8
2026-09-22T18:18:25.498036883Z,17.928278,123.372024,Cloud to Cloud,17229,4120,9
2026-09-22T18:18:25.502988394Z,17.92681,123.380403,Cloud to Cloud,19846,6566,10
2026-09-22T18:18:28.500027340Z,5.305258,119.146918,Cloud to Ground,-10888,0,8
2026-09-22T18:18:28.546963918Z,5.55645,119.005568,Cloud to Ground,-26475,0,24
2026-09-22T18:18:28.581836900Z,5.526053,118.988287,Cloud to Cloud,12143,19443,6
2026-09-22T18:18:28.458487019Z,5.492922,118.995432,Cloud to Ground,16833,0,14
2026-09-22T18:18:28.439554705Z,5.563797,119.101145,Cloud to Cloud,-10763,3010,9
2026-09-22T18:18:29.791643326Z,5.796795,118.763406,Cloud to Ground,-11672,0,7
2026-09-22T18:18:30.648179000Z,7.6106,130.5522,Cloud to Ground,-7213,0,6
2026-09-22T18:18:32.923924009Z,3.622512,116.387312,Cloud to Ground,-24056,0,20
2026-09-22T18:18:32.253421551Z,1.092473,111.899114,Cloud to Ground,-18509,0,10
2026-09-22T18:18:32.242388805Z,1.168037,111.911567,Cloud to Cloud,10271,3062,7
2026-09-22T18:18:36.085048964Z,1.107322,111.943353,Cloud to Ground,-44980,0,18
2026-09-22T18:18:35.912372701Z,1.23518,111.839876,Cloud to Cloud,-14106,3317,8
2026-09-22T18:18:36.041680145Z,1.18013,111.887904,Cloud to Ground,-9858,0,17
2026-09-22T18:18:38.348217000Z,6.1846,117.641,Cloud to Ground,-39334,0,5
2026-09-22T18:18:38.352823615Z,6.250315,117.613493,Cloud to Cloud,-9856,3045,23
2026-09-22T18:18:38.347499438Z,6.19924,117.611495,Cloud to Cloud,12351,4583,10
2026-09-22T18:18:39.390784769Z,1.193748,111.863025,Cloud to Ground,-35198,0,17
2026-09-22T18:18:39.461716778Z,1.151771,111.857473,Cloud to Ground,-19978,0,25
2026-09-22T18:18:39.595864915Z,1.229627,111.926674,Cloud to Ground,12329,0,7
2026-09-22T18:18:41.786639955Z,9.758844,124.915046,Cloud to Ground,-61821,0,11
2026-09-22T18:18:41.910671000Z,9.7357,124.889,Cloud to Ground,-20608,0,5
2026-09-22T18:18:41.834700000Z,9.7504,124.9715,Cloud to Ground,-18839,0,5
2026-09-22T18:18:42.122346000Z,9.7403,125.0293,Cloud to Ground,-10021,0,6
2026-09-22T18:18:47.258977119Z,12.549084,121.854664,Cloud to Cloud,3710,3875,6
2026-09-22T18:18:47.256704014Z,12.548066,121.850043,Cloud to Cloud,4186,7068,6
2026-09-22T18:18:48.143020997Z,8.991561,123.989233,Cloud to Ground,-63927,0,15
2026-09-22T18:18:48.200957000Z,8.903,124.0071,Cloud to Ground,-17065,0,7
2026-09-22T18:18:50.559067079Z,6.296278,117.850299,Cloud to Ground,28086,0,11
2026-09-22T18:18:50.147253675Z,8.821081,124.386898,Cloud to Cloud,25096,3013,17
2026-09-22T18:18:50.086250000Z,8.8213,124.5082,Cloud to Ground,-17306,0,8
2026-09-22T18:18:53.139411612Z,13.552834,120.809911,Cloud to Cloud,13181,5587,6
2026-09-22T18:18:54.564084000Z,7.5849,130.4704,Cloud to Ground,-18613,0,6
2026-09-22T18:18:57.432112384Z,5.638982,117.900958,Cloud to Cloud,11112,17398,9
2026-09-22T18:18:57.364514592Z,5.548294,117.88653,Cloud to Cloud,17756,3063,9
2026-09-22T18:18:57.351185569Z,5.548245,117.890314,Cloud to Ground,21421,0,8
2026-09-22T18:18:57.366455164Z,5.5415,117.947032,Cloud to Ground,35290,0,9
2026-09-22T18:18:57.313039091Z,5.565233,117.997048,Cloud to Ground,144102,0,16
2026-09-22T18:18:57.358024031Z,5.783108,117.959233,Cloud to Cloud,-12729,12133,7
2026-09-22T18:18:57.421490806Z,6.297312,127.699509,Cloud to Ground,32891,0,22
2026-09-22T18:18:58.111738307Z,13.543929,122.084328,Cloud to Cloud,25613,15338,11
2026-09-22T18:18:59.716507827Z,1.168062,111.825556,Cloud to Cloud,11819,3002,14
2026-09-22T18:18:59.664777633Z,1.140815,111.903234,Cloud to Ground,30551,0,29
2026-09-22T18:19:01.115174275Z,22.971322,126.148124,Cloud to Ground,-26354,0,5
2026-09-22T18:19:04.680057128Z,3.160968,115.831866,Cloud to Ground,17531,0,18
2026-09-22T18:19:05.224298515Z,1.20405,111.964956,Cloud to Cloud,-24128,3019,16
2026-09-22T18:19:05.180516723Z,1.143288,111.895914,Cloud to Cloud,-12569,7669,15
2026-09-22T18:19:05.836595226Z,1.208733,111.835566,Cloud to Ground,-10226,0,16
2026-09-22T18:19:06.653923188Z,5.788222,117.070804,Cloud to Cloud,-9025,7951,9
2026-09-22T18:19:06.656290409Z,5.769493,117.054176,Cloud to Cloud,-7815,4387,6
2026-09-22T18:19:06.629935573Z,5.785321,117.115853,Cloud to Ground,18551,0,7
2026-09-22T18:19:06.638229003Z,1.443347,121.410073,Cloud to Cloud,14063,5563,10
2026-09-22T18:19:08.741332973Z,3.292105,116.057053,Cloud to Cloud,-19735,7049,14
2026-09-22T18:19:10.973335254Z,1.144798,111.86392,Cloud to Ground,-30608,0,10
2026-09-22T18:19:11.743074225Z,7.086733,129.626877,Cloud to Cloud,5923,3002,9
2026-09-22T18:19:14.520503000Z,9.2578,125.1287,Cloud to Ground,-17123,0,5
2026-09-22T18:19:14.921760000Z,9.7548,125.0913,Cloud to Ground,-11405,0,7
2026-09-22T18:19:14.490937000Z,1.0864,111.9529,Cloud to Ground,4758,0,5
2026-09-22T18:19:15.551889705Z,17.92439,123.872943,Cloud to Cloud,7114,3783,8
2026-09-22T18:19:15.818063000Z,8.9166,124.3915,Cloud to Ground,7507,0,5
2026-09-22T18:19:20.201731067Z,6.062489,118.165765,Cloud to Cloud,-14229,4059,12
2026-09-22T18:19:20.682380230Z,6.100064,118.027354,Cloud to Cloud,-16025,3008,9
2026-09-22T18:19:20.563865804Z,6.072824,118.054245,Cloud to Ground,-13934,0,11
2026-09-22T18:19:20.204176000Z,6.1287,118.0939,Cloud to Ground,-6098,0,9
2026-09-22T18:19:21.949844003Z,3.30318,116.536251,Cloud to Ground,13997,0,12
2026-09-22T18:19:21.948620274Z,3.424665,116.491715,Cloud to Cloud,-10223,7733,12
2026-09-22T18:19:23.734441318Z,13.829615,111.639873,Cloud to Ground,18211,0,8
2026-09-22T18:19:23.394714922Z,13.813096,111.704164,Cloud to Ground,35678,0,8
2026-09-22T18:19:24.347529627Z,5.724098,118.743231,Cloud to Ground,-47097,0,16
2026-09-22T18:19:24.348216040Z,5.72138,118.740993,Cloud to Ground,-37817,0,15
2026-09-22T18:19:24.395108927Z,5.739333,118.770518,Cloud to Cloud,-17585,3494,11
2026-09-22T18:19:24.385957712Z,5.780339,118.704185,Cloud to Cloud,-12082,3033,17
2026-09-22T18:19:24.448554968Z,5.722366,118.659948,Cloud to Cloud,13005,12634,8
2026-09-22T18:19:24.425083871Z,5.718506,118.671857,Cloud to Ground,18961,0,13
2026-09-22T18:19:24.529936777Z,5.715944,118.686004,Cloud to Ground,21070,0,14
2026-09-22T18:19:24.360602517Z,5.716831,118.70517,Cloud to Ground,94173,0,13
2026-09-22T18:19:26.906620000Z,12.5508,121.786,Cloud to Ground,-22395,0,7
2026-09-22T18:19:27.320920218Z,20.342492,124.50598,Cloud to Ground,-50455,0,15
2026-09-22T18:19:27.391291494Z,20.324196,124.504399,Cloud to Ground,-21845,0,9
2026-09-22T18:19:27.467127869Z,20.33109,124.511815,Cloud to Ground,-14642,0,7
2026-09-22T18:19:28.277971027Z,3.516002,116.250001,Cloud to Ground,18433,0,16
2026-09-22T18:19:28.276631375Z,3.521531,116.261767,Cloud to Ground,31577,0,18
2026-09-22T18:19:28.052364664Z,5.564634,117.883013,Cloud to Ground,-11695,0,9
2026-09-22T18:19:30.549187845Z,7.581769,130.499837,Cloud to Ground,-37578,0,21
2026-09-22T18:19:30.000094516Z,7.732197,130.268035,Cloud to Ground,-31485,0,16
2026-09-22T18:19:31.415656823Z,2.176053,117.638121,Cloud to Ground,-9557,0,16
2026-09-22T18:19:33.780640456Z,1.94064,112.924264,Cloud to Cloud,13629,18463,6
2026-09-22T18:19:34.401938189Z,1.396378,113.210984,Cloud to Ground,16636,0,8
2026-09-22T18:19:37.849268726Z,2.103427,117.766138,Cloud to Ground,-28152,0,24
2026-09-22T18:19:37.848173815Z,2.116682,117.775018,Cloud to Cloud,-23059,3124,15
2026-09-22T18:19:37.880919155Z,2.190957,117.753423,Cloud to Ground,-17675,0,17
2026-09-22T18:19:37.959024149Z,2.133076,117.852774,Cloud to Cloud,-16717,16266,20
2026-09-22T18:19:38.015395781Z,2.119354,117.776398,Cloud to Cloud,-13392,7518,20
2026-09-22T18:19:37.978183983Z,2.130043,117.71578,Cloud to Ground,15265,0,14
2026-09-22T18:19:37.255094827Z,1.107937,111.907507,Cloud to Ground,-17398,0,15
2026-09-22T18:19:38.519814000Z,9.726,124.8952,Cloud to Ground,-21659,0,6
2026-09-22T18:19:41.136633955Z,13.686237,120.840077,Cloud to Ground,-16011,0,8
2026-09-22T18:19:41.474953703Z,13.685213,120.794699,Cloud to Cloud,-6793,6121,9
2026-09-22T18:19:41.494125738Z,13.67309,120.833631,Cloud to Cloud,3226,9773,7
2026-09-22T18:19:44.252232222Z,1.560728,113.312716,Cloud to Ground,-9380,0,10
2026-09-22T18:19:45.942905122Z,11.441602,113.696324,Cloud to Ground,-15400,0,6
2026-09-22T18:19:46.173966242Z,11.407403,113.593023,Cloud to Cloud,-6243,18040,7
2026-09-22T18:19:45.950439457Z,11.379534,113.525242,Cloud to Ground,34700,0,6
2026-09-22T18:19:50.023120756Z,5.965776,118.799431,Cloud to Ground,-57242,0,15
2026-09-22T18:19:50.068682073Z,5.778564,118.819807,Cloud to Cloud,-14743,6575,8
2026-09-22T18:19:50.058970081Z,5.787289,118.756345,Cloud to Ground,22698,0,9
2026-09-22T18:19:50.381800971Z,5.810545,118.855221,Cloud to Ground,84264,0,13
2026-09-22T18:19:51.240798000Z,13.7647,112.2736,Cloud to Ground,-64060,0,7
2026-09-22T18:19:51.324592751Z,13.789013,112.19256,Cloud to Cloud,-21532,12808,6
2026-09-22T18:19:51.281027973Z,13.736462,112.233962,Cloud to Ground,-18213,0,8
2026-09-22T18:19:51.248956950Z,13.746501,112.205476,Cloud to Ground,-12300,0,7
2026-09-22T18:19:51.248446607Z,13.7436,112.215353,Cloud to Ground,-10477,0,6
2026-09-22T18:19:51.545129697Z,13.710582,112.347084,Cloud to Ground,6146,0,6
2026-09-22T18:19:51.238316962Z,13.735128,112.177091,Cloud to Ground,10846,0,8
2026-09-22T18:19:51.240064010Z,13.733593,112.19412,Cloud to Cloud,24591,3017,9
2026-09-22T18:19:51.238947127Z,13.723705,112.161558,Cloud to Ground,35390,0,7
2026-09-22T18:19:52.776771113Z,3.24688,115.610769,Cloud to Cloud,-16833,10875,16
2026-09-22T18:19:52.778934848Z,3.225309,115.607418,Cloud to Cloud,-14651,7742,10
2026-09-22T18:19:52.780247850Z,3.248203,115.559377,Cloud to Ground,11903,0,8
2026-09-22T18:19:54.226028815Z,1.772793,121.223969,Cloud to Cloud,-11539,17446,9
2026-09-22T18:19:56.584677000Z,8.7934,124.3871,Cloud to Ground,-19098,0,5
2026-09-22T18:19:57.732249000Z,10.5381,126.5927,Cloud to Ground,-19160,0,6
2026-09-22T18:19:58.020896000Z,10.4957,126.5341,Cloud to Ground,-13987,0,6
2026-09-22T18:19:57.651578000Z,10.5628,126.5577,Cloud to Ground,7227,0,6
2026-09-22T18:19:58.305342187Z,7.213428,129.452905,Cloud to Ground,-53776,0,18
2026-09-22T18:19:58.339466586Z,7.223098,129.423798,Cloud to Ground,-27404,0,26
2026-09-22T18:19:58.454672101Z,7.197363,129.402117,Cloud to Ground,-25525,0,22
2026-09-22T18:19:58.550112000Z,7.1828,129.4588,Cloud to Ground,-18373,0,8
2026-09-22T18:19:58.345948601Z,7.107987,129.498625,Cloud to Ground,-17822,0,18
2026-09-22T18:19:58.439490000Z,7.1806,129.5221,Cloud to Ground,11408,0,10
2026-09-22T18:19:58.788384827Z,6.482724,123.974238,Cloud to Ground,38156,0,18
2026-09-22T18:19:58.392277794Z,5.572039,117.850508,Cloud to Cloud,-9268,15760,7
2026-09-22T18:20:00.071169381Z,9.74194,125.065149,Cloud to Ground,-53223,0,10
2026-09-22T18:20:00.032753000Z,9.705,124.9048,Cloud to Ground,-15528,0,7
2026-09-22T18:20:02.591873482Z,6.301751,117.716831,Cloud to Ground,-16714,0,14
2026-09-22T18:20:02.558944866Z,6.2358,117.771467,Cloud to Ground,55770,0,8
2026-09-22T18:20:06.913955211Z,1.130286,111.91039,Cloud to Ground,-12292,0,12
2026-09-22T18:20:06.683892965Z,1.213329,111.948771,Cloud to Ground,-8819,0,7
2026-09-22T18:20:07.741773827Z,3.223728,115.859797,Cloud to Ground,14761,0,10
2026-09-22T18:20:07.781730077Z,3.275755,116.001248,Cloud to Ground,-13939,0,10
2026-09-22T18:20:07.559033083Z,3.115229,115.837221,Cloud to Ground,-10977,0,10
2026-09-22T18:20:07.554261301Z,3.175375,116.065823,Cloud to Ground,-20083,0,12
2026-09-22T18:20:07.559571610Z,3.168834,115.993058,Cloud to Ground,-12198,0,11
2026-09-22T18:20:07.561114090Z,3.168921,116.059185,Cloud to Ground,-10971,0,14
2026-09-22T18:20:09.235773130Z,7.60349,130.629311,Cloud to Ground,-33869,0,10
2026-09-22T18:20:09.423066126Z,7.573478,130.558649,Cloud to Ground,-25179,0,25
2026-09-22T18:20:09.472988754Z,7.568367,130.548505,Cloud to Ground,-16370,0,15
2026-09-22T18:20:09.423551319Z,7.640898,130.586348,Cloud to Ground,-15116,0,12
2026-09-22T18:20:09.572226000Z,7.61,130.4761,Cloud to Ground,-11406,0,5
2026-09-22T18:20:10.520298000Z,7.5563,130.7581,Cloud to Ground,-15195,0,6
2026-09-22T18:20:11.810357225Z,3.330224,116.55815,Cloud to Ground,-11194,0,8
2026-09-22T18:20:11.819967725Z,3.328383,116.556249,Cloud to Ground,-10678,0,8
2026-09-22T18:20:14.265380618Z,2.172256,117.623474,Cloud to Ground,-17742,0,13
2026-09-22T18:20:14.343611553Z,1.250593,111.862677,Cloud to Cloud,11477,3455,10
2026-09-22T18:20:18.437710529Z,1.160856,111.911002,Cloud to Cloud,-14526,7725,12
2026-09-22T18:20:24.368410806Z,7.322731,129.636411,Cloud to Cloud,-10878,16374,10
2026-09-22T18:20:24.421128231Z,7.215242,129.571173,Cloud to Ground,-40325,0,28
2026-09-22T18:20:24.647382327Z,7.211193,129.57368,Cloud to Ground,-36375,0,28
2026-09-22T18:20:24.513469174Z,7.21965,129.583048,Cloud to Ground,-25265,0,16
2026-09-22T18:20:25.863410693Z,2.277963,117.568845,Cloud to Ground,-14203,0,10
2026-09-22T18:20:26.430372261Z,4.977106,127.786281,Cloud to Ground,-15385,0,9
2026-09-22T18:20:26.413336170Z,4.999718,127.825963,Cloud to Ground,-12457,0,8
2026-09-22T18:20:26.409161358Z,6.311864,127.695228,Cloud to Cloud,-10464,14935,9
2026-09-22T18:20:28.816476339Z,1.116062,111.890098,Cloud to Ground,-14594,0,12
2026-09-22T18:20:29.208417441Z,7.249744,129.759947,Cloud to Ground,-18829,0,19
2026-09-22T18:20:30.725716000Z,12.5289,121.8869,Cloud to Ground,-40971,0,8
2026-09-22T18:20:30.828875000Z,12.5666,121.8376,Cloud to Ground,-19939,0,6
2026-09-22T18:20:30.709171269Z,12.474384,121.946507,Cloud to Cloud,-16011,19664,9
2026-09-22T18:20:30.881234741Z,12.534406,121.851358,Cloud to Ground,-6705,0,6
2026-09-22T18:20:30.751627991Z,12.554439,121.886955,Cloud to Cloud,16145,3010,10
2026-09-22T18:20:30.498029000Z,8.9154,124.0532,Cloud to Ground,-19666,0,6
2026-09-22T18:20:31.633086096Z,5.645796,117.923488,Cloud to Cloud,13403,3034,15
2026-09-22T18:20:31.516376695Z,5.550809,117.97313,Cloud to Ground,-63636,0,18
2026-09-22T18:20:31.648349874Z,5.54473,117.885561,Cloud to Ground,79288,0,9
2026-09-22T18:20:31.523513000Z,5.5481,117.9377,Cloud to Ground,148252,0,5
2026-09-22T18:20:33.054285000Z,14.8502,120.6954,Cloud to Ground,-14052,0,8
2026-09-22T18:20:34.045577886Z,1.182505,111.788149,Cloud to Ground,-12665,0,9
2026-09-22T18:20:34.021030264Z,1.164754,111.878285,Cloud to Ground,12339,0,11
2026-09-22T18:20:37.447495685Z,13.70474,120.849113,Cloud to Ground,-34828,0,9
2026-09-22T18:20:37.077796170Z,13.923707,110.180719,Cloud to Ground,43304,0,9
2026-09-22T18:20:37.494483000Z,13.6587,120.7407,Cloud to Ground,-17442,0,7
2026-09-22T18:20:40.681633000Z,9.0749,124.243,Cloud to Ground,-33407,0,5
2026-09-22T18:20:40.598304000Z,8.873,124.4925,Cloud to Ground,-79294,0,7
2026-09-22T18:20:40.746227481Z,8.848026,124.35056,Cloud to Ground,-30325,0,22
2026-09-22T18:20:40.995171996Z,8.834134,124.437306,Cloud to Ground,-21223,0,5
2026-09-22T18:20:44.136966451Z,1.118981,111.894366,Cloud to Ground,-11772,0,15
2026-09-22T18:20:44.206505000Z,10.0505,124.1761,Cloud to Ground,-18882,0,6
2026-09-22T18:20:46.836257557Z,1.688829,113.216189,Cloud to Ground,-13297,0,9
2026-09-22T18:20:46.623864334Z,1.768354,113.270972,Cloud to Cloud,-11567,3297,15
2026-09-22T18:20:46.583441530Z,1.691926,113.242666,Cloud to Cloud,11003,18394,12
2026-09-22T18:20:47.424964724Z,5.936397,118.834808,Cloud to Ground,-20989,0,23
2026-09-22T18:20:47.043425073Z,5.784932,118.850261,Cloud to Ground,-144806,0,21
2026-09-22T18:20:47.093598000Z,5.8111,118.8471,Cloud to Ground,-52598,0,8
2026-09-22T18:20:47.072767729Z,5.808291,118.917456,Cloud to Ground,42239,0,11
2026-09-22T18:20:47.144471670Z,5.76986,118.775064,Cloud to Ground,46912,0,13
2026-09-22T18:20:47.086057023Z,5.803513,118.86947,Cloud to Ground,51505,0,13
2026-09-22T18:20:47.673069519Z,2.144628,117.713876,Cloud to Ground,-21563,0,11
2026-09-22T18:20:47.558407134Z,2.091512,117.712523,Cloud to Cloud,9979,5156,6
2026-09-22T18:20:47.723961737Z,2.049979,117.675559,Cloud to Ground,35282,0,20
2026-09-22T18:20:47.556583375Z,2.103216,117.728182,Cloud to Ground,61298,0,29
2026-09-22T18:20:50.387327091Z,2.6511,115.195537,Cloud to Cloud,-8749,17412,8
2026-09-22T18:20:52.602063191Z,5.954671,118.177198,Cloud to Ground,-24876,0,9
2026-09-22T18:20:52.594506566Z,5.895042,118.173692,Cloud to Cloud,-19564,3065,10
2026-09-22T18:20:52.551288830Z,5.858325,118.120576,Cloud to Ground,19080,0,9
2026-09-22T18:20:52.501762104Z,5.820271,118.099347,Cloud to Ground,58598,0,11
2026-09-22T18:20:52.405560884Z,5.841375,118.146473,Cloud to Ground,205234,0,12
2026-09-22T18:20:54.708539135Z,7.516455,130.345976,Cloud to Ground,-65634,0,23
2026-09-22T18:20:54.855758912Z,7.593282,130.543039,Cloud to Ground,-22251,0,17
2026-09-22T18:20:54.896041476Z,7.589455,130.511417,Cloud to Ground,-19957,0,14
2026-09-22T18:20:54.338424199Z,13.706236,120.831064,Cloud to Ground,-17598,0,8
2026-09-22T18:20:54.278741860Z,13.678695,120.794936,Cloud to Ground,-12353,0,8
2026-09-22T18:20:55.752674688Z,2.206253,117.580547,Cloud to Ground,-9960,0,7
2026-09-22T18:20:58.676056211Z,6.276384,117.802275,Cloud to Cloud,-20481,19371,13
2026-09-22T18:20:58.606437962Z,6.291353,117.841265,Cloud to Cloud,-20020,5352,12
2026-09-22T18:20:58.680049699Z,6.294833,117.830399,Cloud to Ground,28296,0,19
2026-09-22T18:20:58.622803786Z,6.275317,117.857312,Cloud to Ground,48222,0,13
2026-09-22T18:20:58.800247951Z,6.287379,117.654114,Cloud to Ground,28856,0,12
2026-09-22T18:20:58.506132981Z,3.240624,115.815779,Cloud to Cloud,-21144,3196,13
2026-09-22T18:20:58.503864700Z,3.230797,115.829553,Cloud to Ground,-14811,0,17
2026-09-22T18:20:58.503153077Z,3.200665,115.820314,Cloud to Ground,30217,0,20
2026-09-22T18:20:58.378214023Z,13.692677,120.856686,Cloud to Cloud,12820,12674,7
2026-09-22T18:20:59.027862824Z,3.256711,115.953928,Cloud to Ground,-16995,0,10
2026-09-22T18:21:02.589010680Z,7.189943,129.470824,Cloud to Cloud,15726,7838,10
2026-09-22T18:21:02.614141904Z,7.21098,129.673529,Cloud to Cloud,20920,5594,11
2026-09-22T18:21:09.452314282Z,3.609905,116.43817,Cloud to Ground,-19149,0,22
2026-09-22T18:21:09.462854256Z,3.60286,116.463327,Cloud to Ground,-13506,0,14
2026-09-22T18:21:09.163395488Z,3.32367,115.351003,Cloud to Ground,9363,0,7
2026-09-22T18:21:09.136652421Z,3.307765,115.344615,Cloud to Ground,12447,0,12
2026-09-22T18:21:10.760884352Z,5.975381,118.342415,Cloud to Cloud,-20313,3221,10
2026-09-22T18:21:10.821187652Z,6.22077,118.312776,Cloud to Ground,-27238,0,24
2026-09-22T18:21:10.803018634Z,6.085704,118.165093,Cloud to Cloud,-13033,18877,9
2026-09-22T18:21:11.272706549Z,6.100885,118.180636,Cloud to Ground,28838,0,12
2026-09-22T18:21:11.255038405Z,6.089696,118.138409,Cloud to Ground,57456,0,8
2026-09-22T18:21:10.727981613Z,6.062242,118.235578,Cloud to Ground,77534,0,20
2026-09-22T18:21:11.076069789Z,6.099304,118.240215,Cloud to Ground,96063,0,30
2026-09-22T18:21:15.524173163Z,9.832117,124.92568,Cloud to Ground,-27745,0,7
2026-09-22T18:21:15.631079493Z,9.842529,124.849352,Cloud to Ground,-15137,0,16
2026-09-22T18:21:15.788408487Z,1.482553,121.330089,Cloud to Ground,-28483,0,28
2026-09-22T18:21:15.878988861Z,1.490532,121.366162,Cloud to Ground,-26790,0,16
2026-09-22T18:21:15.927827646Z,1.497638,121.420518,Cloud to Ground,-12571,0,12
2026-09-22T18:21:16.139855322Z,1.460288,121.419615,Cloud to Ground,7230,0,8
2026-09-22T18:21:16.261321334Z,1.460105,121.413423,Cloud to Ground,8685,0,6
2026-09-22T18:21:15.990084208Z,1.475716,121.399176,Cloud to Ground,8933,0,10
2026-09-22T18:21:15.812700064Z,1.47815,121.397637,Cloud to Ground,10975,0,15
2026-09-22T18:21:15.730932940Z,1.452737,121.386891,Cloud to Ground,25043,0,15
2026-09-22T18:21:15.121873334Z,1.284331,111.791541,Cloud to Ground,-11858,0,13
2026-09-22T18:21:18.919461642Z,1.213141,111.839082,Cloud to Ground,10916,0,13
2026-09-22T18:21:19.005081107Z,1.11888,111.875072,Cloud to Ground,14874,0,13
2026-09-22T18:21:20.837528163Z,6.069265,118.849453,Cloud to Cloud,-14189,3379,11
2026-09-22T18:21:20.298163706Z,5.835983,118.894301,Cloud to Cloud,-15838,14311,7
2026-09-22T18:21:20.607351939Z,5.880085,118.744152,Cloud to Cloud,-37590,5394,13
2026-09-22T18:21:20.606932000Z,5.8248,118.7925,Cloud to Ground,-21932,0,5
2026-09-22T18:21:21.279726167Z,8.820311,124.445645,Cloud to Ground,27911,0,14
2026-09-22T18:21:24.730524330Z,1.104289,111.92627,Cloud to Ground,-11073,0,8
2026-09-22T18:21:24.792271644Z,1.146196,111.881419,Cloud to Ground,13636,0,14
2026-09-22T18:21:31.044188134Z,4.483409,116.135039,Cloud to Cloud,-20569,3022,11
2026-09-22T18:21:31.139459899Z,7.669046,130.456888,Cloud to Ground,-28305,0,12
2026-09-22T18:21:31.001399020Z,7.596945,130.602782,Cloud to Ground,-57000,0,14
2026-09-22T18:21:32.815915000Z,12.5966,121.9542,Cloud to Ground,-34532,0,11
2026-09-22T18:21:32.852538000Z,12.5818,121.8546,Cloud to Ground,-18172,0,6
2026-09-22T18:21:33.538445583Z,1.215166,111.849018,Cloud to Ground,-37819,0,17
2026-09-22T18:21:33.450358665Z,1.21289,111.84751,Cloud to Ground,-32544,0,18
2026-09-22T18:21:33.399091122Z,1.198683,111.829925,Cloud to Ground,-20281,0,26
2026-09-22T18:21:33.608845294Z,1.156771,111.900441,Cloud to Ground,-14609,0,16
2026-09-22T18:21:34.531044565Z,18.646469,122.12935,Cloud to Ground,-38930,0,13
2026-09-22T18:21:35.308222906Z,1.192423,111.937278,Cloud to Ground,15866,0,9
2026-09-22T18:21:36.688189829Z,1.178974,111.865129,Cloud to Ground,10046,0,7
2026-09-22T18:21:38.770616041Z,4.195071,115.04637,Cloud to Cloud,-16139,14671,13
2026-09-22T18:21:38.771353534Z,4.146881,114.999529,Cloud to Ground,23217,0,7
2026-09-22T18:21:38.988295449Z,13.657394,120.720971,Cloud to Ground,-75496,0,14
2026-09-22T18:21:39.025661071Z,13.68936,120.816081,Cloud to Ground,-34803,0,13
2026-09-22T18:21:39.095005360Z,13.699842,120.857011,Cloud to Ground,-22972,0,10
2026-09-22T18:21:39.038321000Z,13.6876,120.7704,Cloud to Ground,-16012,0,7
2026-09-22T18:21:41.766180455Z,6.319872,127.664461,Cloud to Ground,-11681,0,14
2026-09-22T18:21:41.778909000Z,6.3345,127.5922,Cloud to Ground,14942,0,5
2026-09-22T18:21:41.731691993Z,2.315191,117.523189,Cloud to Cloud,-8430,5949,13
2026-09-22T18:21:41.019649552Z,1.193801,111.887253,Cloud to Ground,-10856,0,7
2026-09-22T18:21:44.859236000Z,14.8883,120.7052,Cloud to Ground,-6146,0,5
2026-09-22T18:21:45.821965845Z,7.28622,129.184086,Cloud to Ground,-56493,0,14
2026-09-22T18:21:45.812041782Z,7.181988,129.495561,Cloud to Ground,-22151,0,13
2026-09-22T18:21:45.987295337Z,7.19653,129.489484,Cloud to Ground,28004,0,14
2026-09-22T18:21:45.945551000Z,7.1655,129.2647,Cloud to Ground,21965,0,5
2026-09-22T18:21:48.863728720Z,5.554283,117.988336,Cloud to Ground,-46064,0,16
2026-09-22T18:21:49.124052816Z,5.538788,117.945503,Cloud to Cloud,10280,3905,7
2026-09-22T18:21:49.082691991Z,5.537091,117.95439,Cloud to Ground,30752,0,18
2026-09-22T18:21:48.957351149Z,5.547622,117.895125,Cloud to Ground,51351,0,10
2026-09-22T18:21:48.878948010Z,5.560321,118.00656,Cloud to Ground,72415,0,11
2026-09-22T18:21:49.016531242Z,5.685208,117.961088,Cloud to Ground,-12643,0,26
2026-09-22T18:21:49.819937940Z,11.417613,113.633463,Cloud to Ground,22097,0,16
2026-09-22T18:21:50.272606171Z,11.437215,113.817014,Cloud to Ground,11179,0,13
2026-09-22T18:21:53.432256569Z,6.153285,118.820404,Cloud to Cloud,-20492,19380,9
2026-09-22T18:21:53.431667422Z,5.725415,118.741634,Cloud to Ground,-40539,0,13
2026-09-22T18:21:53.990811966Z,5.756424,118.686974,Cloud to Ground,-23801,0,20
2026-09-22T18:21:53.473840774Z,5.692034,118.667077,Cloud to Cloud,15953,3025,11
2026-09-22T18:21:54.032575241Z,5.694271,118.680434,Cloud to Ground,20712,0,13
2026-09-22T18:21:53.453184572Z,5.710584,118.681282,Cloud to Ground,21342,0,13
2026-09-22T18:21:53.906534945Z,5.694705,118.685436,Cloud to Ground,25495,0,14
2026-09-22T18:21:54.094918406Z,5.696249,118.679249,Cloud to Ground,28807,0,13
2026-09-22T18:21:54.226226757Z,5.695268,118.680058,Cloud to Ground,28836,0,14
2026-09-22T18:21:53.664084395Z,1.681171,113.139337,Cloud to Cloud,13516,3059,8
2026-09-22T18:21:53.662306178Z,1.74455,113.216384,Cloud to Ground,53441,0,14
2026-09-22T18:21:55.466901655Z,1.193437,111.944731,Cloud to Ground,9765,0,8
2026-09-22T18:21:55.505326046Z,1.188077,111.932,Cloud to Ground,10727,0,11
2026-09-22T18:21:57.409850221Z,1.216856,111.940122,Cloud to Ground,-13059,0,7
2026-09-22T18:21:57.357962034Z,1.126021,111.892366,Cloud to Ground,-10632,0,10
2026-09-22T18:22:01.903700232Z,7.598369,130.59751,Cloud to Cloud,6351,13459,7
2026-09-22T18:22:02.052122528Z,1.132612,111.872684,Cloud to Ground,10354,0,8
2026-09-22T18:22:02.679570305Z,7.855151,130.430481,Cloud to Ground,-4548,0,6
2026-09-22T18:22:04.224155700Z,2.344567,117.725259,Cloud to Ground,-12134,0,18
2026-09-22T18:22:04.438756016Z,1.141262,111.91824,Cloud to Ground,12590,0,13
2026-09-22T18:22:04.419252159Z,1.227363,111.918128,Cloud to Ground,25520,0,10
2026-09-22T18:22:05.138445378Z,7.206956,129.667835,Cloud to Ground,-39018,0,11
2026-09-22T18:22:05.194224000Z,7.2332,129.6356,Cloud to Ground,-13134,0,6
2026-09-22T18:22:06.022625576Z,6.353289,117.879922,Cloud to Cloud,-29991,3022,10
2026-09-22T18:22:06.019922360Z,6.285882,117.867725,Cloud to Cloud,-12561,6204,13
2026-09-22T18:22:06.069270834Z,6.400648,117.818236,Cloud to Cloud,-8435,14010,10
2026-09-22T18:22:06.095499466Z,6.357751,117.746344,Cloud to Cloud,-6479,3048,6
2026-09-22T18:22:06.025507278Z,6.338928,117.939697,Cloud to Cloud,9163,3002,7
2026-09-22T18:22:06.027224000Z,6.3183,117.7852,Cloud to Ground,11961,0,7
2026-09-22T18:22:07.611094985Z,13.699364,111.883583,Cloud to Ground,-73505,0,9
2026-09-22T18:22:07.683966000Z,13.7429,111.8846,Cloud to Ground,-65656,0,6
2026-09-22T18:22:07.734467413Z,13.726855,111.779639,Cloud to Ground,-16685,0,12
2026-09-22T18:22:07.604162276Z,13.718595,111.763028,Cloud to Cloud,17654,3933,11
2026-09-22T18:22:07.704011163Z,13.70356,111.800869,Cloud to Ground,50154,0,7
2026-09-22T18:22:11.498102930Z,13.748416,112.146098,Cloud to Cloud,-16235,11581,5
2026-09-22T18:22:11.693843381Z,13.806408,112.23399,Cloud to Cloud,-8999,16389,7
2026-09-22T18:22:11.501456667Z,13.702167,112.031257,Cloud to Ground,-8451,0,7
2026-09-22T18:22:11.712811820Z,13.757436,112.088545,Cloud to Ground,-7992,0,8
2026-09-22T18:22:11.673878563Z,13.680213,112.007505,Cloud to Cloud,-7461,6143,9
2026-09-22T18:22:11.705905446Z,13.727224,112.161239,Cloud to Ground,-6935,0,6
2026-09-22T18:22:11.569523650Z,13.760375,112.238489,Cloud to Ground,-6622,0,6
2026-09-22T18:22:11.672260510Z,13.680838,112.139068,Cloud to Cloud,-6301,3043,9
2026-09-22T18:22:11.482412589Z,13.732303,112.157167,Cloud to Ground,-6285,0,10
2026-09-22T18:22:11.602215301Z,13.732149,112.053222,Cloud to Ground,-5751,0,6
2026-09-22T18:22:11.676305795Z,13.666028,111.962612,Cloud to Ground,-5633,0,7
2026-09-22T18:22:11.584030421Z,13.738724,112.068941,Cloud to Ground,-5195,0,7
2026-09-22T18:22:11.577416015Z,13.705231,111.972175,Cloud to Cloud,13312,5961,7
2026-09-22T18:22:11.478401280Z,13.6936,111.985675,Cloud to Ground,38163,0,9
2026-09-22T18:22:12.157400164Z,1.182053,111.870261,Cloud to Cloud,-11744,16334,10
2026-09-22T18:22:12.133078868Z,1.13767,111.858073,Cloud to Ground,14508,0,25
2026-09-22T18:22:16.755888666Z,2.083981,117.727623,Cloud to Ground,-12671,0,14
2026-09-22T18:22:16.506937692Z,2.087884,117.703518,Cloud to Ground,-7892,0,9
2026-09-22T18:22:16.688158400Z,2.057747,117.761705,Cloud to Ground,24342,0,15
2026-09-22T18:22:16.424507030Z,1.680709,113.263355,Cloud to Ground,-10728,0,14
2026-09-22T18:22:16.162626724Z,13.548051,120.805368,Cloud to Cloud,16442,5631,7
2026-09-22T18:22:16.103657381Z,13.828967,120.740458,Cloud to Cloud,16471,16099,7
2026-09-22T18:22:19.176530947Z,1.274359,111.760236,Cloud to Ground,-12572,0,10
2026-09-22T18:22:24.327755107Z,1.151452,111.95815,Cloud to Cloud,-11705,6593,10
2026-09-22T18:22:33.887814957Z,1.732092,113.199043,Cloud to Cloud,-12926,6242,8
2026-09-22T18:22:33.886106467Z,1.698992,113.239066,Cloud to Cloud,13902,5776,9
2026-09-22T18:22:33.677696181Z,1.228253,111.871622,Cloud to Ground,-10882,0,17
2026-09-22T18:22:34.099232529Z,7.591326,130.471652,Cloud to Ground,-54107,0,21
2026-09-22T18:22:33.936664971Z,7.570631,130.488757,Cloud to Ground,-26453,0,28
2026-09-22T18:22:33.630345261Z,7.582822,130.51461,Cloud to Ground,-23698,0,30
2026-09-22T18:22:33.673368000Z,7.6508,130.661,Cloud to Ground,-17246,0,7
2026-09-22T18:22:34.236465703Z,7.568064,130.509177,Cloud to Ground,-15855,0,15
2026-09-22T18:22:34.103265971Z,7.605734,130.601039,Cloud to Ground,-13118,0,10
2026-09-22T18:22:35.381694953Z,19.886007,124.721236,Cloud to Ground,-19497,0,14
2026-09-22T18:22:35.379496071Z,19.919405,124.80562,Cloud to Cloud,-19109,3677,9
2026-09-22T18:22:35.445088985Z,19.89661,124.760416,Cloud to Ground,-5806,0,7
2026-09-22T18:22:36.762023409Z,6.292189,117.813795,Cloud to Ground,-17317,0,14
2026-09-22T18:22:36.762447105Z,6.311257,117.808991,Cloud to Ground,-16461,0,9
2026-09-22T18:22:36.917742333Z,6.251018,117.77379,Cloud to Ground,18170,0,7
2026-09-22T18:22:36.783194208Z,6.294953,117.817394,Cloud to Ground,26038,0,10
2026-09-22T18:22:36.832333583Z,6.290133,117.791337,Cloud to Ground,28342,0,14
2026-09-22T18:22:38.470944455Z,1.267349,111.935319,Cloud to Cloud,-11697,3105,7
2026-09-22T18:22:38.312473000Z,10.0753,124.2461,Cloud to Ground,11989,0,7
2026-09-22T18:22:39.987522723Z,1.142607,111.8768,Cloud to Cloud,8335,7204,6
2026-09-22T18:22:43.612032373Z,1.145639,111.92397,Cloud to Ground,7144,0,9
2026-09-22T18:22:44.667591819Z,1.150195,111.879102,Cloud to Ground,-11350,0,12
2026-09-22T18:22:44.529043303Z,1.387443,111.685971,Cloud to Cloud,-9688,5089,11
2026-09-22T18:22:46.063086686Z,1.105033,111.890742,Cloud to Ground,8210,0,9
2026-09-22T18:22:47.239593956Z,7.23497,129.545746,Cloud to Ground,-61419,0,29
2026-09-22T18:22:47.299354830Z,7.226962,129.573226,Cloud to Ground,-32197,0,22
2026-09-22T18:22:47.222568902Z,7.234452,129.663625,Cloud to Cloud,-20728,3659,26
2026-09-22T18:22:47.350016790Z,7.227015,129.603695,Cloud to Ground,-18902,0,18
2026-09-22T18:22:47.162243000Z,9.756,124.9371,Cloud to Ground,-82984,0,5
2026-09-22T18:22:47.457956000Z,9.7195,124.9162,Cloud to Ground,-28723,0,7
2026-09-22T18:22:47.375378000Z,9.7916,124.9949,Cloud to Ground,-20312,0,7
2026-09-22T18:22:48.911491669Z,14.022764,110.141131,Cloud to Ground,30846,0,8
2026-09-22T18:22:49.251676708Z,5.876486,118.236263,Cloud to Ground,30047,0,13
2026-09-22T18:22:49.628432418Z,5.794446,118.201553,Cloud to Ground,45187,0,15
2026-09-22T18:22:49.104122433Z,1.126147,111.890401,Cloud to Ground,-23152,0,18
2026-09-22T18:22:52.090233000Z,5.8229,118.8006,Cloud to Ground,-31421,0,10
2026-09-22T18:22:52.079641886Z,5.800882,118.841324,Cloud to Ground,-25618,0,12
2026-09-22T18:22:52.112338786Z,5.799374,118.799978,Cloud to Ground,-25125,0,16
2026-09-22T18:22:52.154493815Z,5.812489,118.783664,Cloud to Ground,17601,0,13
2026-09-22T18:22:52.130832130Z,5.894725,118.766601,Cloud to Ground,36704,0,10
2026-09-22T18:22:53.307127616Z,1.172972,111.850692,Cloud to Cloud,-12769,4323,11
2026-09-22T18:22:54.748852699Z,17.629019,123.913646,Cloud to Cloud,15188,6646,8
2026-09-22T18:22:55.280750150Z,11.661144,121.911709,Cloud to Ground,-45218,0,10
2026-09-22T18:22:55.202179996Z,11.574602,121.852122,Cloud to Ground,-91911,0,17
2026-09-22T18:22:55.231381000Z,11.5921,121.8165,Cloud to Ground,-21706,0,7
2026-09-22T18:22:56.512784813Z,17.863141,123.256517,Cloud to Ground,-82466,0,16
2026-09-22T18:22:56.106664000Z,17.9905,123.3394,Cloud to Ground,24719,0,7
2026-09-22T18:22:57.152199780Z,3.732281,116.370674,Cloud to Ground,-23125,0,20
2026-09-22T18:22:57.150329688Z,3.620312,116.368526,Cloud to Ground,-32284,0,16
2026-09-22T18:22:57.149451130Z,3.624328,116.375231,Cloud to Ground,22337,0,17
2026-09-22T18:22:57.989562551Z,5.063301,116.741445,Cloud to Ground,-31938,0,13
2026-09-22T18:22:57.990222696Z,4.934934,116.668871,Cloud to Cloud,10418,3678,9
2026-09-22T18:22:57.145654171Z,18.104226,123.517453,Cloud to Ground,-50994,0,17
2026-09-22T18:22:57.138226522Z,18.106957,123.49391,Cloud to Cloud,18938,7482,14
2026-09-22T18:22:58.437451468Z,13.819738,111.678893,Cloud to Ground,21824,0,11
2026-09-22T18:22:58.659225585Z,13.746838,111.674196,Cloud to Ground,24529,0,12
2026-09-22T18:22:58.438435566Z,13.803881,111.699673,Cloud to Ground,59294,0,8
2026-09-22T18:22:59.349045572Z,1.136505,111.886561,Cloud to Ground,9857,0,13
2026-09-22T18:23:00.267026459Z,5.919917,117.123523,Cloud to Cloud,-19733,3551,8
2026-09-22T18:23:00.288813480Z,5.800975,117.0308,Cloud to Cloud,-12870,4389,7
2026-09-22T18:23:00.232985037Z,5.838992,117.081476,Cloud to Ground,15088,0,12
2026-09-22T18:23:04.861336055Z,13.821732,112.192245,Cloud to Cloud,-13529,3644,6
2026-09-22T18:23:04.917401020Z,13.866915,112.129982,Cloud to Ground,-10126,0,7
2026-09-22T18:23:04.846034135Z,13.854081,112.051777,Cloud to Cloud,10165,3025,8
2026-09-22T18:23:04.985730002Z,5.620433,117.920831,Cloud to Cloud,11888,16520,6
2026-09-22T18:23:04.952413030Z,5.545479,117.924918,Cloud to Ground,18059,0,8
2026-09-22T18:23:04.855755548Z,5.545633,117.933375,Cloud to Ground,28962,0,10
2026-09-22T18:23:04.798920412Z,5.549597,117.941843,Cloud to Ground,57255,0,17
2026-09-22T18:23:04.904997528Z,5.537099,117.913418,Cloud to Ground,59274,0,12
2026-09-22T18:23:04.981216938Z,1.201441,111.931772,Cloud to Cloud,-14673,3072,18
2026-09-22T18:23:10.342971393Z,1.224657,111.815609,Cloud to Cloud,-13364,3026,15
2026-09-22T18:23:11.219139002Z,5.623051,117.918564,Cloud to Cloud,-6754,3967,7
2026-09-22T18:23:11.569775367Z,6.144439,118.028481,Cloud to Cloud,-15753,8541,7
2026-09-22T18:23:11.189886629Z,6.110738,118.164197,Cloud to Ground,-24913,0,11
2026-09-22T18:23:11.440481350Z,6.19107,118.137515,Cloud to Cloud,-13235,19320,7
2026-09-22T18:23:11.186497251Z,6.239662,118.200037,Cloud to Cloud,-12889,3003,9
2026-09-22T18:23:11.185975557Z,6.10479,118.160772,Cloud to Ground,44521,0,12
2026-09-22T18:23:13.856387000Z,11.7277,123.7175,Cloud to Ground,-9418,0,6
2026-09-22T18:23:13.861650576Z,11.699715,123.725964,Cloud to Cloud,2082,19412,5
2026-09-22T18:23:15.626566845Z,7.190111,129.564149,Cloud to Ground,-80347,0,23
2026-09-22T18:23:15.321914889Z,13.553626,120.82437,Cloud to Ground,-42430,0,12
2026-09-22T18:23:15.328418834Z,13.648836,120.780726,Cloud to Ground,-150928,0,16
2026-09-22T18:23:15.767884000Z,13.6099,120.7026,Cloud to Ground,-46243,0,9
2026-09-22T18:23:15.516244000Z,13.6511,120.7566,Cloud to Ground,-31995,0,7
2026-09-22T18:23:15.693408000Z,13.6655,120.7771,Cloud to Ground,-27895,0,5
2026-09-22T18:23:15.448864000Z,13.6018,120.6235,Cloud to Ground,-20696,0,6
2026-09-22T18:23:15.382367000Z,13.6357,120.6908,Cloud to Ground,-18633,0,9
2026-09-22T18:23:18.780636874Z,6.200284,117.719938,Cloud to Ground,-28895,0,12
2026-09-22T18:23:18.781402821Z,6.176117,117.722125,Cloud to Ground,-25981,0,15
2026-09-22T18:23:18.808645014Z,6.15202,117.70589,Cloud to Ground,-19164,0,12
2026-09-22T18:23:18.785251280Z,6.155382,117.65853,Cloud to Ground,-10721,0,12
2026-09-22T18:23:19.381826991Z,6.130298,117.711838,Cloud to Cloud,5765,4016,7
2026-09-22T18:23:19.019043378Z,6.064495,117.567006,Cloud to Cloud,-9169,7927,7
2026-09-22T18:23:20.067267042Z,7.204274,129.326441,Cloud to Cloud,-11605,4154,13
2026-09-22T18:23:20.079031293Z,7.183021,129.468688,Cloud to Ground,-32398,0,11
2026-09-22T18:23:20.121690000Z,7.1955,129.4361,Cloud to Ground,-15207,0,5
2026-09-22T18:23:20.874690841Z,2.298371,117.450422,Cloud to Ground,-49845,0,25
2026-09-22T18:23:21.456616217Z,1.140386,111.842456,Cloud to Ground,-16043,0,24
2026-09-22T18:23:25.148255981Z,7.606653,130.577805,Cloud to Ground,-18444,0,13
2026-09-22T18:23:25.131069890Z,7.598329,130.624996,Cloud to Cloud,-6891,18668,12
2026-09-22T18:23:26.265777356Z,1.14982,111.898054,Cloud to Ground,12245,0,11
2026-09-22T18:23:26.631970220Z,14.730791,120.72697,Cloud to Cloud,-17320,3803,7
2026-09-22T18:23:27.646293000Z,8.7602,124.0604,Cloud to Ground,-15155,0,5
2026-09-22T18:23:29.315546611Z,1.127378,111.879078,Cloud to Cloud,7949,14230,6
2026-09-22T18:23:30.031179000Z,15.4445,110.0384,Cloud to Ground,-64568,0,5
2026-09-22T18:23:34.176258128Z,3.461747,115.24159,Cloud to Cloud,-12029,3295,9
2026-09-22T18:23:34.245121660Z,3.356582,115.186774,Cloud to Ground,-12846,0,10
2026-09-22T18:23:34.242364657Z,3.335078,115.207902,Cloud to Ground,20898,0,14
2026-09-22T18:23:34.177632989Z,3.335421,115.188703,Cloud to Ground,24252,0,11
2026-09-22T18:23:37.699641432Z,1.117068,111.858421,Cloud to Ground,18018,0,10
2026-09-22T18:23:38.585284059Z,1.283603,111.775947,Cloud to Cloud,-14706,12568,14
2026-09-22T18:23:41.728840579Z,1.16278,111.876154,Cloud to Cloud,-15189,16486,12
2026-09-22T18:23:41.296995478Z,13.858961,111.413212,Cloud to Ground,8520,0,7
2026-09-22T18:23:41.334160000Z,13.9055,111.4661,Cloud to Ground,39108,0,6
2026-09-22T18:23:42.387035784Z,3.498064,116.397874,Cloud to Ground,16647,0,12
2026-09-22T18:23:42.388108796Z,3.495921,116.24386,Cloud to Ground,14671,0,12
2026-09-22T18:23:44.248652821Z,0.842564,112.099904,Cloud to Ground,-13420,0,19
2026-09-22T18:23:44.034588796Z,1.198751,111.899746,Cloud to Cloud,-11467,7255,15
2026-09-22T18:23:45.227742815Z,7.211583,129.601371,Cloud to Ground,-34222,0,19
2026-09-22T18:23:45.297679000Z,7.2249,129.5567,Cloud to Ground,-15706,0,5
2026-09-22T18:23:46.427476494Z,1.082807,111.888733,Cloud to Ground,8208,0,8
2026-09-22T18:23:46.502929089Z,1.694958,113.224883,Cloud to Cloud,13606,4253,14
2026-09-22T18:23:47.530008068Z,2.23927,117.578046,Cloud to Ground,-33558,0,14
2026-09-22T18:23:47.804252988Z,2.250955,117.58497,Cloud to Ground,-18677,0,11
2026-09-22T18:23:47.834813150Z,2.203054,117.63158,Cloud to Ground,9971,0,14
2026-09-22T18:23:47.560672735Z,2.211423,117.627031,Cloud to Ground,12375,0,15
2026-09-22T18:23:47.499979354Z,2.218253,117.637977,Cloud to Ground,29732,0,24
2026-09-22T18:23:47.642177374Z,2.194276,117.654326,Cloud to Ground,66698,0,15
2026-09-22T18:23:47.487540536Z,1.185292,111.860145,Cloud to Ground,16890,0,16
2026-09-22T18:23:51.299765070Z,1.205436,111.940324,Cloud to Ground,-13083,0,14
2026-09-22T18:23:52.157291584Z,5.534629,117.996009,Cloud to Ground,57019,0,10
2026-09-22T18:23:52.143340520Z,5.645019,117.947095,Cloud to Cloud,-11215,11959,8
2026-09-22T18:23:53.073486796Z,1.153961,111.857719,Cloud to Ground,-13364,0,21
2026-09-22T18:23:55.786142099Z,2.093572,117.767865,Cloud to Ground,-11615,0,9
2026-09-22T18:23:55.156808261Z,1.180592,111.868497,Cloud to Ground,-19900,0,17
2026-09-22T18:23:55.780408917Z,13.702444,120.850914,Cloud to Ground,-31671,0,6
2026-09-22T18:23:55.695030000Z,13.6844,120.6406,Cloud to Ground,-42135,0,6
2026-09-22T18:23:55.742924000Z,13.6644,120.6696,Cloud to Ground,-37175,0,5
2026-09-22T18:23:55.760765766Z,13.668956,120.751309,Cloud to Ground,-20962,0,10
2026-09-22T18:23:56.178704486Z,6.407509,117.843243,Cloud to Ground,12325,0,12
2026-09-22T18:23:56.188587623Z,6.309816,117.826255,Cloud to Cloud,-16512,11961,12
2026-09-22T18:23:56.071063693Z,6.268851,117.779798,Cloud to Cloud,-14601,16433,7
2026-09-22T18:23:56.035587329Z,6.26826,117.810334,Cloud to Ground,-12787,0,11
2026-09-22T18:23:56.078179467Z,6.25778,117.756992,Cloud to Ground,32721,0,10
2026-09-22T18:23:56.047712056Z,6.2841,117.812409,Cloud to Ground,105042,0,12
2026-09-22T18:23:56.930505951Z,5.060992,116.76949,Cloud to Cloud,-17825,15308,12
2026-09-22T18:23:58.904216403Z,7.578114,130.58854,Cloud to Ground,-31822,0,11
2026-09-22T18:23:59.032875897Z,7.606439,130.484515,Cloud to Ground,-25187,0,24
2026-09-22T18:23:59.121935000Z,7.6248,130.496,Cloud to Ground,-15660,0,9
2026-09-22T18:24:01.569098698Z,5.874339,118.181137,Cloud to Cloud,8551,3024,8
2026-09-22T18:24:01.565244580Z,5.879305,118.21139,Cloud to Ground,26087,0,15
2026-09-22T18:24:05.899280525Z,1.304298,111.929615,Cloud to Cloud,-10996,3161,12
2026-09-22T18:24:08.827835285Z,3.245556,115.618787,Cloud to Ground,-27842,0,16
2026-09-22T18:24:08.826927769Z,3.137454,115.65013,Cloud to Cloud,-12080,4281,8
2026-09-22T18:24:08.718747110Z,1.261553,111.929955,Cloud to Ground,-22918,0,15
2026-09-22T18:24:09.469400226Z,1.137496,111.899186,Cloud to Ground,13966,0,13
2026-09-22T18:24:10.193701360Z,12.544665,121.853202,Cloud to Cloud,2340,18356,5
2026-09-22T18:24:11.517022011Z,1.208924,111.845869,Cloud to Ground,9854,0,10
2026-09-22T18:24:14.809988065Z,1.141628,111.902067,Cloud to Ground,16779,0,18
2026-09-22T18:24:17.916572260Z,7.217382,129.583657,Cloud to Ground,-63554,0,29
2026-09-22T18:24:17.981201058Z,7.21593,129.590786,Cloud to Ground,-27750,0,16
2026-09-22T18:24:17.668209941Z,5.78317,118.777374,Cloud to Ground,44189,0,16
2026-09-22T18:24:17.629441333Z,5.767233,118.851171,Cloud to Ground,56003,0,22
2026-09-22T18:24:17.372315525Z,13.700058,111.867988,Cloud to Ground,-95012,0,8
2026-09-22T18:24:17.367940885Z,13.711758,111.764501,Cloud to Ground,-70087,0,12
2026-09-22T18:24:17.416478034Z,13.73507,111.712139,Cloud to Ground,-32507,0,19
2026-09-22T18:24:17.553720840Z,13.688757,111.749865,Cloud to Ground,15415,0,7
2026-09-22T18:24:17.873663000Z,9.7467,124.8345,Cloud to Ground,-15283,0,5
2026-09-22T18:24:17.790535000Z,9.7189,124.9071,Cloud to Ground,62157,0,8
2026-09-22T18:24:17.836363000Z,9.7589,125.0201,Cloud to Ground,-17681,0,7
2026-09-22T18:24:18.673500912Z,4.375946,116.111072,Cloud to Ground,70711,0,19
2026-09-22T18:24:18.402570646Z,3.126347,115.923502,Cloud to Ground,-21828,0,21
2026-09-22T18:24:18.230767688Z,3.134688,115.888608,Cloud to Ground,-12682,0,8
2026-09-22T18:24:20.882267324Z,1.15812,111.727523,Cloud to Ground,-18441,0,8
2026-09-22T18:24:22.104879589Z,1.094584,111.781176,Cloud to Ground,-11478,0,9
2026-09-22T18:24:23.515190000Z,8.9198,124.5166,Cloud to Ground,-42995,0,9
2026-09-22T18:24:24.666226613Z,2.520177,115.254492,Cloud to Ground,-49913,0,13
2026-09-22T18:24:25.391416081Z,19.913689,124.72032,Cloud to Ground,-26232,0,11
2026-09-22T18:24:25.379943537Z,19.922032,124.753232,Cloud to Ground,-24810,0,7
2026-09-22T18:24:25.518971100Z,19.922375,124.732527,Cloud to Ground,-20708,0,7
2026-09-22T18:24:25.672206000Z,20.0247,124.7997,Cloud to Ground,-6757,0,5
2026-09-22T18:24:25.589327000Z,8.7978,124.329,Cloud to Ground,16152,0,8
2026-09-22T18:24:26.512967995Z,1.127292,111.863595,Cloud to Ground,16444,0,9
2026-09-22T18:24:26.541117917Z,1.126287,111.883035,Cloud to Ground,17968,0,12
2026-09-22T18:24:26.094976000Z,8.8916,124.3401,Cloud to Ground,-15193,0,5
2026-09-22T18:24:28.225641690Z,1.176245,111.839537,Cloud to Ground,-14483,0,10
2026-09-22T18:24:29.612464987Z,6.303313,127.680132,Cloud to Ground,-27945,0,18
2026-09-22T18:24:29.324347535Z,6.291632,127.698512,Cloud to Ground,-25147,0,24
2026-09-22T18:24:29.300244964Z,6.916038,127.164704,Cloud to Ground,-38501,0,10
2026-09-22T18:24:30.805631248Z,1.194003,111.873277,Cloud to Ground,10527,0,15
2026-09-22T18:24:30.939527942Z,1.50609,121.422702,Cloud to Ground,17697,0,10
2026-09-22T18:24:33.719685223Z,1.519043,113.139033,Cloud to Ground,-25637,0,14
2026-09-22T18:24:33.056366093Z,1.242118,111.872154,Cloud to Ground,-27246,0,17
2026-09-22T18:24:33.295501749Z,20.437043,124.042213,Cloud to Ground,-31418,0,7
2026-09-22T18:24:33.272031098Z,20.398711,124.020954,Cloud to Ground,-18695,0,8
2026-09-22T18:24:33.260393764Z,20.463572,123.86502,Cloud to Cloud,-12346,16940,8
2026-09-22T18:24:33.305086381Z,20.444505,123.888423,Cloud to Cloud,7274,4121,8
2026-09-22T18:24:35.291991564Z,1.174636,111.820472,Cloud to Ground,-16580,0,18
2026-09-22T18:24:35.518093538Z,1.124335,111.872029,Cloud to Ground,18643,0,13
2026-09-22T18:24:36.883697256Z,13.639324,120.765913,Cloud to Ground,-86876,0,13
2026-09-22T18:24:36.979486000Z,13.673,120.7242,Cloud to Ground,-19876,0,7
2026-09-22T18:24:36.910243070Z,13.639626,120.740159,Cloud to Cloud,-12356,9588,7
2026-09-22T18:24:37.064787368Z,3.312047,116.570871,Cloud to Ground,28699,0,24
2026-09-22T18:24:43.061136592Z,1.232498,111.873443,Cloud to Ground,-16271,0,10
2026-09-22T18:24:47.574968526Z,1.960567,112.943107,Cloud to Ground,22196,0,10
2026-09-22T18:24:47.810400307Z,7.601435,130.494059,Cloud to Ground,-38565,0,28
2026-09-22T18:24:48.098232967Z,7.609648,130.500433,Cloud to Ground,-30987,0,15
2026-09-22T18:24:48.243042989Z,7.601736,130.516331,Cloud to Ground,-26114,0,17
2026-09-22T18:24:47.710745000Z,7.5819,130.5866,Cloud to Ground,-12580,0,5
2026-09-22T18:24:48.005617571Z,7.637895,130.320565,Cloud to Ground,-39127,0,17
2026-09-22T18:24:48.405655000Z,10.1258,124.2866,Cloud to Ground,-23820,0,6
2026-09-22T18:24:49.485486664Z,3.587539,116.502069,Cloud to Cloud,-14591,3703,18
2026-09-22T18:24:52.225858586Z,7.223105,129.657918,Cloud to Ground,-10389,0,13
2026-09-22T18:24:52.145719254Z,7.19717,129.571075,Cloud to Ground,-44289,0,27
2026-09-22T18:24:52.122002135Z,7.238713,129.568168,Cloud to Cloud,-7413,14750,13
2026-09-22T18:24:52.894909791Z,18.035258,123.94919,Cloud to Cloud,3586,3031,6
2026-09-22T18:24:54.797205497Z,4.942954,116.734718,Cloud to Ground,-14608,0,11
2026-09-22T18:24:53.857354682Z,1.135453,111.86553,Cloud to Ground,13434,0,14
2026-09-22T18:24:54.229149696Z,1.18559,111.873181,Cloud to Ground,18175,0,11
2026-09-22T18:24:54.736966268Z,1.147112,111.923103,Cloud to Ground,20488,0,15
2026-09-22T18:24:59.306654835Z,1.157707,111.833384,Cloud to Ground,-16910,0,13
2026-09-22T18:25:02.086131918Z,3.616224,116.431767,Cloud to Ground,-10844,0,15
2026-09-22T18:25:02.153306899Z,3.611392,116.353292,Cloud to Ground,-10515,0,7
2026-09-22T18:25:02.071778463Z,3.620778,116.25654,Cloud to Ground,63420,0,12
2026-09-22T18:25:03.195656392Z,1.31039,111.751172,Cloud to Ground,-11778,0,9
2026-09-22T18:25:03.638959239Z,20.308729,124.484262,Cloud to Ground,-74623,0,12
2026-09-22T18:25:03.702269788Z,20.319042,124.507221,Cloud to Ground,-8209,0,7
2026-09-22T18:25:06.738143849Z,20.360408,124.038546,Cloud to Ground,-12227,0,9
2026-09-22T18:25:06.707957000Z,13.825,111.7877,Cloud to Ground,-202477,0,8
2026-09-22T18:25:06.701296852Z,13.784133,111.670551,Cloud to Cloud,-31303,3036,9
2026-09-22T18:25:06.803410377Z,13.782914,111.720716,Cloud to Ground,33396,0,8
2026-09-22T18:25:07.021463981Z,14.827607,120.679833,Cloud to Ground,-22830,0,7
2026-09-22T18:25:06.840273000Z,18.1345,123.4524,Cloud to Ground,-71291,0,9
2026-09-22T18:25:06.937185000Z,18.1779,123.5058,Cloud to Ground,-16195,0,6
2026-09-22T18:25:07.029075888Z,18.107754,123.501627,Cloud to Ground,-13897,0,9
2026-09-22T18:25:08.157658000Z,7.5962,130.5246,Cloud to Ground,-17549,0,11
2026-09-22T18:25:10.656716418Z,4.433065,116.037335,Cloud to Cloud,-18064,12354,11
2026-09-22T18:25:10.656184886Z,4.331186,116.072411,Cloud to Ground,-17468,0,11
2026-09-22T18:25:12.541570793Z,18.65928,122.355209,Cloud to Ground,-23315,0,15
2026-09-22T18:25:14.130277703Z,2.202162,117.733507,Cloud to Ground,88038,0,23
2026-09-22T18:25:14.155355764Z,2.205452,117.601078,Cloud to Ground,-26619,0,17
2026-09-22T18:25:14.289224192Z,2.208524,117.59229,Cloud to Ground,10298,0,14
2026-09-22T18:25:14.210820199Z,2.209817,117.602908,Cloud to Ground,12467,0,13
2026-09-22T18:25:14.138305178Z,2.288964,117.591952,Cloud to Cloud,12642,3041,28
2026-09-22T18:25:14.215784815Z,2.215087,117.606536,Cloud to Ground,19522,0,13
2026-09-22T18:25:14.264583602Z,2.217043,117.629231,Cloud to Ground,24240,0,18
2026-09-22T18:25:14.421070588Z,2.308148,117.58766,Cloud to Ground,78997,0,15
2026-09-22T18:25:15.908783029Z,1.148681,111.902401,Cloud to Ground,23496,0,22
2026-09-22T18:25:15.942128079Z,1.138505,111.883353,Cloud to Ground,29173,0,8
2026-09-22T18:25:15.453389345Z,1.512662,113.308156,Cloud to Ground,-19947,0,14
2026-09-22T18:25:19.750496440Z,1.119614,111.831725,Cloud to Ground,-14469,0,24
2026-09-22T18:25:21.576805512Z,1.727294,113.206926,Cloud to Cloud,15571,3589,9
2026-09-22T18:25:24.399579685Z,1.194159,111.875498,Cloud to Ground,-11502,0,7
2026-09-22T18:25:24.405200998Z,1.172031,111.821882,Cloud to Cloud,18394,12429,7
2026-09-22T18:25:24.480016904Z,1.135817,111.856065,Cloud to Ground,19276,0,8
2026-09-22T18:25:28.925269654Z,1.199246,111.902747,Cloud to Ground,21611,0,9
2026-09-22T18:25:31.941574371Z,7.224454,129.620358,Cloud to Ground,-47133,0,7
2026-09-22T18:25:31.998598868Z,7.226064,129.5721,Cloud to Ground,-34701,0,29
2026-09-22T18:25:31.999220415Z,7.226131,129.687955,Cloud to Ground,-15928,0,18
2026-09-22T18:25:32.025365000Z,7.2298,129.6003,Cloud to Ground,-9323,0,7
2026-09-22T18:25:32.131799659Z,13.778166,120.754083,Cloud to Cloud,17367,4516,7
2026-09-22T18:25:32.066440668Z,13.63804,120.767172,Cloud to Ground,-71636,0,10
2026-09-22T18:25:32.214829673Z,13.627706,120.878856,Cloud to Ground,-25840,0,9
2026-09-22T18:25:32.179076000Z,13.611,120.8123,Cloud to Ground,-22042,0,9
2026-09-22T18:25:32.293402000Z,13.6656,120.7811,Cloud to Ground,-15045,0,10
2026-09-22T18:25:36.464689000Z,1.1478,111.7977,Cloud to Ground,8566,0,10
2026-09-22T18:25:36.492955473Z,1.112204,111.867785,Cloud to Ground,9810,0,8
2026-09-22T18:25:38.221721354Z,5.859426,117.154671,Cloud to Cloud,-17538,3030,7
2026-09-22T18:25:38.221244865Z,5.791939,117.143367,Cloud to Ground,30387,0,12
2026-09-22T18:25:39.673394644Z,1.51467,121.428443,Cloud to Ground,19795,0,20
2026-09-22T18:25:39.673904182Z,1.511764,121.430101,Cloud to Ground,32599,0,20
2026-09-22T18:25:39.366749511Z,1.307595,111.98556,Cloud to Cloud,-9178,15366,8
2026-09-22T18:25:42.497100485Z,7.23889,129.633733,Cloud to Ground,-44006,0,27
2026-09-22T18:25:42.189728000Z,7.5914,130.5607,Cloud to Ground,-44740,0,12
2026-09-22T18:25:43.968731017Z,1.14952,111.856079,Cloud to Cloud,10102,5621,9
2026-09-22T18:25:47.324769144Z,2.575555,110.004318,Cloud to Cloud,17923,5539,6
2026-09-22T18:25:50.390952984Z,1.142144,111.913415,Cloud to Ground,21240,0,16
2026-09-22T18:25:51.319787343Z,6.172598,117.621736,Cloud to Ground,-94123,0,19
2026-09-22T18:25:51.179631874Z,6.184382,117.609913,Cloud to Ground,24084,0,25
2026-09-22T18:25:52.058908269Z,5.917754,118.602731,Cloud to Ground,-16002,0,12
2026-09-22T18:25:52.196073398Z,5.901359,118.537685,Cloud to Cloud,12620,3165,7
2026-09-22T18:25:52.130561420Z,5.909655,118.545012,Cloud to Ground,16827,0,10
2026-09-22T18:25:52.080269283Z,5.919946,118.62904,Cloud to Ground,17369,0,14
2026-09-22T18:25:52.205735330Z,20.069429,124.662172,Cloud to Ground,-21813,0,14
2026-09-22T18:25:52.206843413Z,19.886785,124.723426,Cloud to Ground,-27756,0,9
2026-09-22T18:25:53.452759445Z,1.135474,111.883873,Cloud to Ground,13764,0,8
2026-09-22T18:25:55.355941000Z,8.7832,124.149,Cloud to Ground,-25402,0,8
2026-09-22T18:25:58.535536776Z,5.500429,118.941318,Cloud to Ground,21819,0,8
2026-09-22T18:26:00.531862855Z,1.487689,113.106362,Cloud to Ground,-29395,0,22
2026-09-22T18:26:00.509259701Z,1.489794,113.165909,Cloud to Ground,-16278,0,16
2026-09-22T18:26:01.137637736Z,6.29203,127.710773,Cloud to Ground,-41756,0,13
2026-09-22T18:26:01.136246139Z,6.300866,127.606341,Cloud to Cloud,13286,12806,15
2026-09-22T18:26:02.313834100Z,12.552187,121.889696,Cloud to Cloud,3579,14753,6
2026-09-22T18:26:03.130631641Z,13.726804,111.876276,Cloud to Ground,-53426,0,8
2026-09-22T18:26:03.055266191Z,13.71435,111.846802,Cloud to Ground,-38393,0,11
2026-09-22T18:26:03.050182981Z,13.852405,112.156955,Cloud to Cloud,-48977,18520,13
2026-09-22T18:26:03.197071000Z,13.7854,111.9857,Cloud to Ground,-71825,0,5
2026-09-22T18:26:03.214625040Z,13.77508,111.638531,Cloud to Ground,-19113,0,8
2026-09-22T18:26:03.087068176Z,13.780265,111.630328,Cloud to Ground,-11867,0,8
2026-09-22T18:26:05.628570158Z,1.162836,111.862439,Cloud to Ground,13365,0,13
2026-09-22T18:26:08.211665813Z,1.080575,111.849008,Cloud to Ground,13690,0,9
2026-09-22T18:26:08.203832857Z,13.76168,111.613768,Cloud to Ground,-53593,0,10
2026-09-22T18:26:08.141612185Z,13.797626,111.74557,Cloud to Ground,-37669,0,13
2026-09-22T18:26:08.398577817Z,13.800188,111.755383,Cloud to Ground,-18658,0,10
2026-09-22T18:26:08.362357646Z,13.776859,111.6314,Cloud to Cloud,-14227,14282,8
2026-09-22T18:26:08.155486728Z,13.818784,111.799356,Cloud to Cloud,-11635,17403,8
2026-09-22T18:26:08.129525644Z,13.784145,111.667544,Cloud to Ground,-6540,0,6
2026-09-22T18:26:09.598705567Z,5.54301,119.008758,Cloud to Ground,22177,0,18
2026-09-22T18:26:10.831784690Z,7.223964,129.708388,Cloud to Ground,-27943,0,19
2026-09-22T18:26:11.143311659Z,7.238537,129.739497,Cloud to Cloud,16077,7754,12
2026-09-22T18:26:10.771259672Z,3.145167,116.056542,Cloud to Ground,-15113,0,10
2026-09-22T18:26:12.284762071Z,7.547271,130.509309,Cloud to Cloud,-17682,16868,7
2026-09-22T18:26:13.132045000Z,10.0699,124.2949,Cloud to Ground,-9660,0,5
2026-09-22T18:26:14.997185200Z,5.968319,118.204475,Cloud to Ground,-56426,0,7
2026-09-22T18:26:14.992866609Z,5.917841,118.052417,Cloud to Cloud,-10118,7863,12
2026-09-22T18:26:14.100505948Z,1.138022,111.82469,Cloud to Ground,-17087,0,13
2026-09-22T18:26:13.976762673Z,1.11945,111.867663,Cloud to Ground,11992,0,13
2026-09-22T18:26:13.985227903Z,1.101648,111.928224,Cloud to Cloud,12680,4171,7
2026-09-22T18:26:14.023094046Z,1.113512,111.872837,Cloud to Ground,12889,0,9
2026-09-22T18:26:14.150878683Z,1.121934,111.864272,Cloud to Ground,14234,0,11
2026-09-22T18:26:14.079867568Z,1.117514,111.862416,Cloud to Ground,20888,0,9
2026-09-22T18:26:14.521630000Z,9.7396,124.909,Cloud to Ground,-37592,0,9
2026-09-22T18:26:14.586333000Z,9.7204,124.9449,Cloud to Ground,-18787,0,6
2026-09-22T18:26:15.294951015Z,5.788017,118.154583,Cloud to Ground,27459,0,8
2026-09-22T18:26:20.127750991Z,2.207446,117.620015,Cloud to Ground,-14532,0,16
2026-09-22T18:26:20.167098561Z,2.171922,117.649849,Cloud to Ground,16512,0,10
2026-09-22T18:26:20.074714278Z,2.205577,117.627495,Cloud to Ground,24862,0,18
2026-09-22T18:26:20.165821313Z,2.18613,117.635833,Cloud to Ground,35942,0,20
2026-09-22T18:26:20.096815365Z,2.205416,117.608819,Cloud to Ground,43944,0,16
2026-09-22T18:26:20.259725532Z,2.185254,117.646286,Cloud to Ground,59604,0,16
2026-09-22T18:26:20.126566712Z,2.180333,117.653464,Cloud to Ground,67639,0,19
2026-09-22T18:26:19.987648581Z,2.221508,117.617342,Cloud to Ground,110060,0,28
2026-09-22T18:26:21.366510690Z,4.968195,116.698122,Cloud to Ground,31983,0,18
2026-09-22T18:26:21.359609508Z,4.929128,116.705694,Cloud to Ground,43965,0,14
2026-09-22T18:26:21.361146601Z,4.918146,116.599935,Cloud to Ground,30439,0,15
2026-09-22T18:26:22.141240148Z,1.146164,111.898331,Cloud to Ground,18400,0,14
2026-09-22T18:26:22.364000196Z,1.141828,111.829433,Cloud to Ground,19126,0,12
2026-09-22T18:26:26.740256087Z,5.685739,118.769268,Cloud to Ground,14390,0,10
2026-09-22T18:26:26.704666740Z,5.687888,118.788445,Cloud to Ground,28794,0,14
2026-09-22T18:26:26.601158487Z,5.713358,118.800615,Cloud to Ground,42557,0,14
2026-09-22T18:26:26.992369000Z,5.8803,118.9022,Cloud to Ground,-9257,0,7
2026-09-22T18:26:27.047572087Z,5.793539,118.743158,Cloud to Cloud,-9080,6375,14
2026-09-22T18:26:27.038900903Z,5.939927,118.797285,Cloud to Ground,-12891,0,10
2026-09-22T18:26:29.343510177Z,1.180723,111.837956,Cloud to Ground,16974,0,15
2026-09-22T18:26:29.948508239Z,18.619425,122.210799,Cloud to Ground,-25200,0,14
2026-09-22T18:26:36.586032000Z,1.0975,112.1137,Cloud to Ground,-24925,0,7
2026-09-22T18:26:37.373636998Z,1.177767,111.814541,Cloud to Cloud,-12287,10223,11
2026-09-22T18:26:38.005196860Z,1.772421,113.238611,Cloud to Cloud,-9670,5285,16
2026-09-22T18:26:39.777420761Z,1.142444,111.83286,Cloud to Ground,-23136,0,12
2026-09-22T18:26:39.825999794Z,1.223482,111.891739,Cloud to Cloud,-11459,3078,11
2026-09-22T18:26:39.277892411Z,1.173028,111.906141,Cloud to Ground,17831,0,15
2026-09-22T18:26:39.304787048Z,1.20094,111.90398,Cloud to Cloud,24035,7562,8
2026-09-22T18:26:42.859399244Z,10.987198,113.917688,Cloud to Ground,27394,0,7
2026-09-22T18:26:44.881655345Z,18.109379,123.4731,Cloud to Ground,-50095,0,8
2026-09-22T18:26:44.942089825Z,18.114022,123.509269,Cloud to Ground,-25048,0,9
2026-09-22T18:26:45.044102166Z,18.110865,123.512266,Cloud to Ground,-14737,0,10
2026-09-22T18:26:45.250592442Z,1.247138,111.799385,Cloud to Ground,-11507,0,12
2026-09-22T18:26:45.273701658Z,1.134005,111.882371,Cloud to Ground,10431,0,10
2026-09-22T18:26:46.604776134Z,3.42379,115.389494,Cloud to Ground,-13956,0,8
2026-09-22T18:26:46.638689650Z,7.224634,129.635858,Cloud to Ground,-34107,0,27
2026-09-22T18:26:46.665314396Z,7.237895,129.637991,Cloud to Ground,-21371,0,28
2026-09-22T18:26:46.704383897Z,3.503191,116.59031,Cloud to Cloud,-21736,13752,27
2026-09-22T18:26:46.704984450Z,3.417879,116.597376,Cloud to Ground,27703,0,15
2026-09-22T18:26:46.327837022Z,13.820692,111.688364,Cloud to Ground,7298,0,7
2026-09-22T18:26:46.147396182Z,13.776276,111.666833,Cloud to Cloud,12941,14536,6
2026-09-22T18:26:46.200690489Z,13.808035,111.74189,Cloud to Ground,17951,0,9
2026-09-22T18:26:48.628033343Z,6.771863,127.298812,Cloud to Ground,-19899,0,11
2026-09-22T18:26:48.833249615Z,1.163754,111.88081,Cloud to Cloud,-15733,3000,11
2026-09-22T18:26:48.856821700Z,1.202888,111.845059,Cloud to Ground,13078,0,9
2026-09-22T18:26:48.093849013Z,1.086018,111.851038,Cloud to Ground,12592,0,6
2026-09-22T18:26:48.066949171Z,1.079344,111.856943,Cloud to Ground,14222,0,11
2026-09-22T18:26:48.825305308Z,1.204295,111.74609,Cloud to Cloud,-26543,3590,23
2026-09-22T18:26:51.859515456Z,1.148279,111.858441,Cloud to Ground,-10843,0,7
2026-09-22T18:26:52.601990769Z,1.113777,111.876468,Cloud to Ground,-23331,0,11
2026-09-22T18:26:55.647519228Z,1.126022,111.854672,Cloud to Ground,-13070,0,14
2026-09-22T18:26:55.614590781Z,14.744594,120.754607,Cloud to Cloud,-20647,4656,7
2026-09-22T18:27:04.509798070Z,11.561593,121.91608,Cloud to Ground,-114659,0,10
2026-09-22T18:27:05.600819739Z,14.709751,120.797238,Cloud to Ground,-34564,0,9
2026-09-22T18:27:06.041828592Z,7.270147,129.574015,Cloud to Ground,-45364,0,23
2026-09-22T18:27:06.517853000Z,8.8536,124.3759,Cloud to Ground,14415,0,11
2026-09-22T18:27:07.749615452Z,2.223597,117.486663,Cloud to Cloud,-15387,11146,15
2026-09-22T18:27:07.717557363Z,2.206184,117.628755,Cloud to Ground,65353,0,11
2026-09-22T18:27:07.576041238Z,1.182781,111.821494,Cloud to Ground,-17027,0,16
2026-09-22T18:27:07.769173957Z,13.670621,120.751458,Cloud to Ground,-56624,0,11
2026-09-22T18:27:07.812103810Z,13.692043,120.846991,Cloud to Ground,-46230,0,8
2026-09-22T18:27:07.938268000Z,13.6748,120.7563,Cloud to Ground,-18550,0,6
2026-09-22T18:27:07.860815000Z,13.6538,120.6617,Cloud to Ground,-14914,0,8
2026-09-22T18:27:08.916060968Z,4.46299,116.169133,Cloud to Ground,-12756,0,11
2026-09-22T18:27:08.448159407Z,5.663498,117.961432,Cloud to Ground,285283,0,7
2026-09-22T18:27:08.098265041Z,20.462428,123.877236,Cloud to Cloud,-14786,5439,8
2026-09-22T18:27:08.142219803Z,20.410273,124.048704,Cloud to Ground,-19254,0,8
2026-09-22T18:27:08.109831921Z,20.408816,124.050583,Cloud to Ground,-17542,0,9
2026-09-22T18:27:08.128987930Z,20.390379,124.038723,Cloud to Ground,16610,0,13
2026-09-22T18:27:14.538751969Z,5.517398,118.993335,Cloud to Ground,24690,0,20
2026-09-22T18:27:14.424276477Z,1.143277,111.877138,Cloud to Ground,-17905,0,16
2026-09-22T18:27:15.914030586Z,7.670181,130.248578,Cloud to Ground,-29158,0,15
2026-09-22T18:27:15.253062143Z,7.577974,130.53374,Cloud to Ground,-20328,0,15
2026-09-22T18:27:15.363717379Z,7.566517,130.50083,Cloud to Ground,-20189,0,16
2026-09-22T18:27:15.316587194Z,7.585104,130.505606,Cloud to Ground,-20075,0,25
2026-09-22T18:27:15.828753000Z,7.5788,130.5671,Cloud to Ground,-18097,0,8
2026-09-22T18:27:15.745592000Z,7.5872,130.5747,Cloud to Ground,-15124,0,5
2026-09-22T18:27:16.151492574Z,1.226325,111.949693,Cloud to Ground,-14174,0,14
2026-09-22T18:27:17.479769155Z,3.548457,116.36972,Cloud to Ground,17739,0,15
2026-09-22T18:27:17.382776692Z,3.609537,116.358001,Cloud to Ground,22306,0,16
2026-09-22T18:27:17.381926371Z,3.614883,116.338585,Cloud to Ground,37284,0,20
2026-09-22T18:27:17.471085278Z,1.145132,111.916748,Cloud to Ground,16072,0,13
2026-09-22T18:27:18.637188673Z,14.625901,120.940823,Cloud to Cloud,16967,5463,8
2026-09-22T18:27:19.128882920Z,9.711591,124.972392,Cloud to Ground,-27183,0,8
2026-09-22T18:27:19.363339000Z,9.7683,124.9628,Cloud to Ground,-22883,0,5
2026-09-22T18:27:19.262993000Z,9.751,125.0355,Cloud to Ground,-14827,0,9
2026-09-22T18:27:21.799857084Z,3.229138,115.967176,Cloud to Ground,21609,0,14
2026-09-22T18:27:22.753995171Z,7.146926,129.561288,Cloud to Cloud,16595,13349,12
2026-09-22T18:27:22.635714581Z,3.613365,116.246167,Cloud to Cloud,-12343,12220,6
2026-09-22T18:27:22.617546209Z,3.524902,116.26362,Cloud to Ground,29423,0,20
2026-09-22T18:27:22.618864342Z,3.528067,116.258175,Cloud to Ground,33504,0,17
2026-09-22T18:27:22.226284390Z,1.174597,111.868948,Cloud to Ground,23493,0,20
2026-09-22T18:27:23.138305011Z,7.30008,129.711701,Cloud to Ground,-29719,0,23
2026-09-22T18:27:23.186274002Z,7.246988,129.782063,Cloud to Ground,51379,0,18
2026-09-22T18:27:26.706001000Z,5.8722,118.1898,Cloud to Ground,-25595,0,7
2026-09-22T18:27:26.975104331Z,5.863941,118.10185,Cloud to Ground,-10645,0,7
2026-09-22T18:27:26.703225585Z,5.877175,118.197697,Cloud to Ground,25920,0,14
2026-09-22T18:27:30.391665835Z,3.604659,116.443358,Cloud to Ground,-35750,0,17
2026-09-22T18:27:30.507479488Z,1.133818,111.894613,Cloud to Ground,20227,0,13
2026-09-22T18:27:30.779831000Z,7.6035,130.8905,Cloud to Ground,-13763,0,5
2026-09-22T18:27:31.046686470Z,12.545514,121.881595,Cloud to Cloud,2172,3419,5
2026-09-22T18:27:31.029656311Z,12.550745,121.888544,Cloud to Cloud,3081,7430,5
2026-09-22T18:27:31.037121417Z,12.544766,121.892962,Cloud to Cloud,4495,6098,7
2026-09-22T18:27:32.857324656Z,1.185167,111.848801,Cloud to Ground,20192,0,14
2026-09-22T18:27:32.833284083Z,1.186318,111.851332,Cloud to Ground,22177,0,13
2026-09-22T18:27:33.285299517Z,4.932247,116.573939,Cloud to Cloud,18700,3958,16
2026-09-22T18:27:33.284328598Z,4.915017,116.672186,Cloud to Ground,38739,0,14
2026-09-22T18:27:34.751169725Z,1.167854,111.86191,Cloud to Ground,13514,0,7
2026-09-22T18:27:35.463466207Z,1.207711,111.910187,Cloud to Ground,-17657,0,23
2026-09-22T18:27:38.470422451Z,5.791618,118.346623,Cloud to Cloud,9349,18342,9
2026-09-22T18:27:39.595957426Z,1.134421,111.793698,Cloud to Ground,-10607,0,12
2026-09-22T18:27:41.880369494Z,10.201089,124.178074,Cloud to Ground,-26367,0,16
2026-09-22T18:27:42.398793466Z,6.155626,117.780081,Cloud to Cloud,-29016,3005,9
2026-09-22T18:27:42.400797647Z,6.220541,117.767893,Cloud to Cloud,-14078,13238,11
2026-09-22T18:27:42.404456016Z,6.301252,117.683683,Cloud to Cloud,-10840,14920,6
2026-09-22T18:27:42.817699317Z,6.184509,117.69874,Cloud to Cloud,-9053,7527,7
2026-09-22T18:27:42.398067972Z,6.307119,117.752016,Cloud to Cloud,17741,13587,7
2026-09-22T18:27:42.872000511Z,1.504194,113.180247,Cloud to Ground,-21507,0,15
2026-09-22T18:27:42.975158305Z,1.495597,113.176355,Cloud to Ground,-18819,0,10
2026-09-22T18:27:47.645850867Z,1.213304,111.846071,Cloud to Cloud,28740,3225,16
2026-09-22T18:27:47.832200150Z,20.404185,124.021978,Cloud to Ground,8344,0,9
2026-09-22T18:27:48.214331364Z,4.369003,116.110011,Cloud to Ground,-14286,0,11
2026-09-22T18:27:48.504980046Z,4.372631,116.075847,Cloud to Ground,-10452,0,10
2026-09-22T18:27:48.636700560Z,1.130915,111.873235,Cloud to Ground,8942,0,7
2026-09-22T18:27:49.560120253Z,13.808832,111.712533,Cloud to Ground,-8618,0,7
2026-09-22T18:27:49.563737924Z,13.812284,111.715453,Cloud to Ground,-7201,0,6
2026-09-22T18:27:49.642004280Z,13.779335,111.644674,Cloud to Cloud,14021,9100,6
2026-09-22T18:27:50.768337727Z,2.499038,115.14023,Cloud to Ground,-34921,0,14
2026-09-22T18:27:50.600017955Z,2.520308,115.217199,Cloud to Ground,-15634,0,14
2026-09-22T18:27:50.600540352Z,2.528232,115.160931,Cloud to Ground,20488,0,16
2026-09-22T18:27:51.882893709Z,1.137828,111.895136,Cloud to Ground,14930,0,10
2026-09-22T18:27:53.901820644Z,1.090073,111.845246,Cloud to Ground,7807,0,10
2026-09-22T18:27:53.097196477Z,7.466372,130.392056,Cloud to Cloud,-8327,6505,11
2026-09-22T18:27:55.991873160Z,8.802389,124.197687,Cloud to Ground,-32668,0,8
2026-09-22T18:27:58.974488471Z,18.698392,122.349821,Cloud to Ground,-148285,0,13
2026-09-22T18:27:58.971103654Z,18.706304,122.323102,Cloud to Ground,26512,0,19
2026-09-22T18:27:59.137778986Z,1.157935,111.83455,Cloud to Ground,-12784,0,17
2026-09-22T18:27:59.195195038Z,1.18334,111.91602,Cloud to Ground,12754,0,8
2026-09-22T18:27:59.107220794Z,1.175232,111.87609,Cloud to Ground,33939,0,12
2026-09-22T18:27:59.349365181Z,6.479829,118.343438,Cloud to Cloud,-18902,4611,15
2026-09-22T18:27:59.364550092Z,6.474651,118.274214,Cloud to Ground,81955,0,9
2026-09-22T18:28:01.800847455Z,1.6859,113.206536,Cloud to Ground,-19677,0,17
2026-09-22T18:28:01.781079636Z,1.655067,113.118996,Cloud to Ground,78887,0,21
2026-09-22T18:28:01.918205402Z,2.080459,117.709028,Cloud to Cloud,8884,5330,10
2026-09-22T18:28:02.114512611Z,1.978616,117.678038,Cloud to Ground,10090,0,10
2026-09-22T18:28:04.792970587Z,19.880334,124.707351,Cloud to Ground,-24609,0,14
2026-09-22T18:28:06.121622234Z,1.147602,110.027156,Cloud to Ground,-11448,0,20
2026-09-22T18:28:07.345537103Z,3.574239,116.484039,Cloud to Ground,-12692,0,9
2026-09-22T18:28:09.268487381Z,5.806534,118.356824,Cloud to Cloud,13633,3070,10
2026-09-22T18:28:10.910236149Z,7.663878,130.282333,Cloud to Ground,-28019,0,12
2026-09-22T18:28:10.834012885Z,7.784411,130.241952,Cloud to Ground,-26961,0,13
2026-09-22T18:28:10.598609000Z,1.1892,111.9021,Cloud to Ground,-14593,0,6
2026-09-22T18:28:11.717335790Z,5.823593,118.84827,Cloud to Ground,-86756,0,20
2026-09-22T18:28:11.711510188Z,5.804297,118.840224,Cloud to Ground,-30321,0,12
2026-09-22T18:28:12.156882776Z,5.754112,118.822907,Cloud to Cloud,-18409,3052,10
2026-09-22T18:28:12.154482951Z,5.809709,118.784439,Cloud to Ground,19783,0,12
2026-09-22T18:28:11.772526511Z,5.807628,118.785898,Cloud to Ground,24715,0,12
2026-09-22T18:28:11.448753385Z,7.55724,130.478224,Cloud to Ground,-39966,0,18
2026-09-22T18:28:11.263639731Z,7.550792,130.527189,Cloud to Ground,-24708,0,16
2026-09-22T18:28:11.033558000Z,7.6019,130.54,Cloud to Ground,-24480,0,8
2026-09-22T18:28:10.974542000Z,7.6027,130.577,Cloud to Ground,-11010,0,5
2026-09-22T18:28:11.079188481Z,13.718055,120.844442,Cloud to Ground,-50916,0,8
2026-09-22T18:28:11.109924013Z,13.828573,120.667498,Cloud to Ground,-33155,0,16
2026-09-22T18:28:14.628294632Z,11.038803,114.026596,Cloud to Ground,-51322,0,17
2026-09-22T18:28:14.639306000Z,11.0174,113.9847,Cloud to Ground,-25316,0,5
2026-09-22T18:28:14.697275028Z,11.029086,114.038003,Cloud to Ground,-20625,0,10
2026-09-22T18:28:14.746153755Z,11.024308,113.983273,Cloud to Cloud,-10184,3681,7
2026-09-22T18:28:14.746779174Z,11.048579,114.017579,Cloud to Ground,48719,0,10
2026-09-22T18:28:17.273653552Z,5.546974,119.018159,Cloud to Ground,48415,0,12
2026-09-22T18:28:19.335227070Z,13.767676,112.021487,Cloud to Ground,-29727,0,8
2026-09-22T18:28:19.254999728Z,13.735864,111.867132,Cloud to Ground,-99442,0,10
2026-09-22T18:28:19.458223048Z,13.74263,111.782935,Cloud to Cloud,-19819,18878,7
2026-09-22T18:28:19.292735325Z,13.720702,111.711112,Cloud to Cloud,-18764,3069,7
2026-09-22T18:28:21.857395037Z,7.214144,129.564081,Cloud to Cloud,15038,3058,14
2026-09-22T18:28:22.712685316Z,1.147368,111.883668,Cloud to Ground,21309,0,14
2026-09-22T18:28:22.457726687Z,7.281671,129.68059,Cloud to Ground,-33186,0,26
2026-09-22T18:28:21.937317000Z,7.2404,129.7167,Cloud to Ground,-14895,0,7
2026-09-22T18:28:22.416764207Z,18.655399,122.117288,Cloud to Cloud,8478,12969,6
2026-09-22T18:28:22.359534000Z,7.2798,129.8123,Cloud to Ground,-39671,0,7
2026-09-22T18:28:23.858476328Z,4.94532,116.723421,Cloud to Ground,-17989,0,10
2026-09-22T18:28:25.895846000Z,18.7,122.486,Cloud to Ground,-27736,0,9
2026-09-22T18:28:26.473923150Z,5.866452,118.20611,Cloud to Ground,20259,0,7
2026-09-22T18:28:26.475465416Z,6.080309,118.151307,Cloud to Cloud,-14780,15201,20
2026-09-22T18:28:26.173419914Z,1.221295,111.810295,Cloud to Cloud,-24728,3000,19
2026-09-22T18:28:28.781494484Z,9.718162,124.884648,Cloud to Ground,-39502,0,20
2026-09-22T18:28:28.638545000Z,9.5814,125.1267,Cloud to Ground,-89412,0,5
2026-09-22T18:28:31.024133000Z,6.2867,127.697,Cloud to Ground,6968,0,5
2026-09-22T18:28:36.517775750Z,1.460212,121.45285,Cloud to Ground,9021,0,7
2026-09-22T18:28:37.952346338Z,13.865484,111.402918,Cloud to Ground,16749,0,6
2026-09-22T18:28:37.959706898Z,13.85159,111.392136,Cloud to Ground,18575,0,7
2026-09-22T18:28:42.251832837Z,1.159393,111.851906,Cloud to Ground,11132,0,7
2026-09-22T18:28:43.868034783Z,1.130896,111.974254,Cloud to Ground,-12187,0,7
2026-09-22T18:28:45.881263000Z,10.2504,124.2464,Cloud to Ground,-19756,0,6
2026-09-22T18:28:45.880045012Z,10.212546,124.262324,Cloud to Ground,37593,0,18
2026-09-22T18:28:46.317394336Z,1.135532,111.847118,Cloud to Ground,10510,0,8
2026-09-22T18:28:46.934314389Z,20.384515,124.040112,Cloud to Ground,-21401,0,9
2026-09-22T18:28:46.926751000Z,13.6607,120.9474,Cloud to Ground,-35869,0,5
2026-09-22T18:28:48.437969695Z,7.728262,127.46376,Cloud to Cloud,-14781,14970,11
2026-09-22T18:28:48.430190571Z,7.68294,127.442434,Cloud to Ground,26188,0,18
2026-09-22T18:28:50.324799635Z,7.224624,129.646734,Cloud to Ground,-31762,0,30
2026-09-22T18:28:50.755390566Z,7.221658,129.676218,Cloud to Ground,-19440,0,17
2026-09-22T18:28:50.842011056Z,1.1367,111.890739,Cloud to Ground,10465,0,14
2026-09-22T18:28:50.863104275Z,1.137858,111.893884,Cloud to Ground,12570,0,15
2026-09-22T18:28:56.174812407Z,1.116119,111.824204,Cloud to Ground,22416,0,18
2026-09-22T18:28:57.382100078Z,1.681644,113.252944,Cloud to Ground,25311,0,15
2026-09-22T18:28:58.537652662Z,1.163374,111.805845,Cloud to Ground,12778,0,11
2026-09-22T18:29:04.915369753Z,5.748148,118.421519,Cloud to Ground,19684,0,10
2026-09-22T18:29:05.852289251Z,1.121933,111.87125,Cloud to Ground,18723,0,13
2026-09-22T18:29:06.565212124Z,1.211315,111.948718,Cloud to Ground,15380,0,12
2026-09-22T18:29:09.902971168Z,14.656777,120.968808,Cloud to Ground,-14284,0,7
2026-09-22T18:29:10.513098720Z,1.147389,111.911763,Cloud to Ground,13351,0,10
2026-09-22T18:29:10.379592615Z,1.136921,111.878459,Cloud to Ground,19284,0,19
2026-09-22T18:29:10.767314269Z,7.52452,130.505785,Cloud to Ground,-20576,0,17
2026-09-22T18:29:10.741410141Z,7.619079,130.520473,Cloud to Ground,-67989,0,15
2026-09-22T18:29:10.371987000Z,8.9909,124.0469,Cloud to Ground,-12323,0,5
2026-09-22T18:29:12.795454882Z,3.603047,116.39539,Cloud to Ground,12542,0,7
2026-09-22T18:29:12.917448205Z,3.610524,116.384862,Cloud to Cloud,13186,17722,19
2026-09-22T18:29:12.796361436Z,3.611149,116.373236,Cloud to Cloud,16338,4562,7
2026-09-22T18:29:14.728582000Z,9.7402,124.9044,Cloud to Ground,-25313,0,5
2026-09-22T18:29:14.677208773Z,9.70792,124.951862,Cloud to Cloud,-13776,10887,11
2026-09-22T18:29:14.651476000Z,9.8432,124.852,Cloud to Ground,-67243,0,5
2026-09-22T18:29:16.988737940Z,1.177455,111.784286,Cloud to Ground,-14542,0,22
2026-09-22T18:29:16.133884592Z,3.47445,116.502495,Cloud to Ground,31650,0,15
2026-09-22T18:29:16.137234737Z,3.563386,116.543905,Cloud to Ground,-11575,0,10
2026-09-22T18:29:18.654926530Z,6.039029,118.61159,Cloud to Ground,-25926,0,27
2026-09-22T18:29:18.951849000Z,14.8488,120.6674,Cloud to Ground,-6622,0,6
2026-09-22T18:29:19.012986748Z,14.845122,120.802946,Cloud to Ground,-20184,0,8
2026-09-22T18:29:19.133606892Z,14.748033,120.750927,Cloud to Cloud,51855,12910,8
2026-09-22T18:29:19.339011000Z,10.0557,124.2025,Cloud to Ground,-42273,0,5
2026-09-22T18:29:19.361985000Z,10.051,124.2061,Cloud to Ground,-24621,0,7
2026-09-22T18:29:19.392910000Z,10.0472,124.1732,Cloud to Ground,-24365,0,8
2026-09-22T18:29:21.211380080Z,1.254917,111.784215,Cloud to Ground,-12848,0,9
2026-09-22T18:29:21.301319126Z,1.163675,111.842689,Cloud to Ground,-29277,0,16
2026-09-22T18:29:21.159935125Z,1.167078,111.87639,Cloud to Ground,-9867,0,12
2026-09-22T18:29:21.343383197Z,1.106094,111.86948,Cloud to Cloud,11768,14438,7
2026-09-22T18:29:21.275832941Z,1.128311,111.855941,Cloud to Ground,17629,0,19
2026-09-22T18:29:22.241494316Z,7.495544,130.317878,Cloud to Cloud,12397,16837,10
2026-09-22T18:29:23.059010275Z,7.217746,129.578317,Cloud to Ground,-40006,0,14
2026-09-22T18:29:23.000994408Z,7.21432,129.579908,Cloud to Ground,-33731,0,28
2026-09-22T18:29:24.308392103Z,3.62352,116.403429,Cloud to Ground,17412,0,11
2026-09-22T18:29:24.419790840Z,11.594441,112.222213,Cloud to Ground,-14754,0,7
2026-09-22T18:29:24.193262717Z,11.626668,112.115183,Cloud to Ground,22562,0,11
2026-09-22T18:29:24.198033440Z,11.636838,112.081312,Cloud to Ground,27728,0,12
2026-09-22T18:29:24.202676170Z,11.676371,112.038766,Cloud to Ground,32439,0,9
2026-09-22T18:29:26.448223300Z,6.527861,118.332903,Cloud to Ground,-34691,0,13
2026-09-22T18:29:26.367728745Z,6.48648,118.348091,Cloud to Ground,24773,0,11
2026-09-22T18:29:26.339159657Z,6.481073,118.339353,Cloud to Ground,41816,0,19
2026-09-22T18:29:26.179443201Z,6.481279,118.33773,Cloud to Ground,72887,0,18
2026-09-22T18:29:27.045073000Z,13.6904,113.026,Cloud to Ground,-48557,0,7
2026-09-22T18:29:27.044432113Z,13.648073,112.984787,Cloud to Ground,28620,0,11
2026-09-22T18:29:28.738995280Z,1.152612,111.792999,Cloud to Ground,15473,0,9
2026-09-22T18:29:28.537813880Z,1.258073,111.867741,Cloud to Cloud,-12368,10264,12
2026-09-22T18:29:32.696638059Z,5.787881,118.301799,Cloud to Ground,22239,0,8
2026-09-22T18:29:32.690533000Z,6.3635,127.7646,Cloud to Ground,-24002,0,7
2026-09-22T18:29:34.756599019Z,20.401812,124.007837,Cloud to Cloud,5132,14564,5
2026-09-22T18:29:34.524541312Z,20.414615,123.999502,Cloud to Ground,15658,0,8
2026-09-22T18:29:36.996990290Z,1.190936,111.91279,Cloud to Ground,20232,0,11
2026-09-22T18:29:36.511674077Z,7.520722,130.596485,Cloud to Ground,-25590,0,13
2026-09-22T18:29:36.571915000Z,7.5346,130.5585,Cloud to Ground,-17190,0,7
2026-09-22T18:29:36.783814000Z,13.6987,120.7757,Cloud to Ground,-41682,0,8
2026-09-22T18:29:36.936378091Z,13.718977,120.848878,Cloud to Ground,-27439,0,9
2026-09-22T18:29:42.870351495Z,10.579784,126.723498,Cloud to Ground,19140,0,13
2026-09-22T18:29:43.288805159Z,1.151283,111.809273,Cloud to Ground,13744,0,12
2026-09-22T18:29:43.254933319Z,1.133343,111.892386,Cloud to Ground,17017,0,11
2026-09-22T18:29:43.225101764Z,1.126991,111.88833,Cloud to Ground,18566,0,12
2026-09-22T18:29:46.758713415Z,1.105936,111.874238,Cloud to Ground,21716,0,14
2026-09-22T18:29:46.513393717Z,14.734515,120.763547,Cloud to Cloud,15930,4735,11
2026-09-22T18:30:23.296690494Z,1.228752,111.887556,Cloud to Ground,-11939,0,9
2026-09-22T18:30:25.257094541Z,13.65253,120.75542,Cloud to Ground,-42345,0,9
2026-09-22T18:30:26.303811743Z,3.300428,116.600185,Cloud to Ground,13695,0,11
2026-09-22T18:30:26.296542313Z,3.301995,116.575843,Cloud to Ground,19939,0,13
2026-09-22T18:30:30.624497572Z,1.243334,111.823606,Cloud to Ground,-18207,0,9
2026-09-22T18:30:30.678488800Z,1.14694,111.876192,Cloud to Ground,10522,0,8
2026-09-22T18:30:31.814015159Z,5.605939,118.941621,Cloud to Ground,34070,0,15
2026-09-22T18:30:31.862057873Z,14.8093,120.760196,Cloud to Ground,-3993,0,6
2026-09-22T18:30:37.918439823Z,1.178283,111.872876,Cloud to Ground,12809,0,7
2026-09-22T18:30:38.209690961Z,7.646902,130.272019,Cloud to Ground,-30285,0,8
2026-09-22T18:30:38.150915000Z,7.6682,130.5572,Cloud to Ground,-37147,0,5
2026-09-22T18:30:38.269365000Z,7.4736,130.714,Cloud to Ground,-32491,0,6
2026-09-22T18:30:40.556075755Z,1.485762,121.455891,Cloud to Ground,-9221,0,9
2026-09-22T18:30:40.252563339Z,1.567217,121.447949,Cloud to Cloud,9424,10091,7
2026-09-22T18:30:41.385659953Z,1.18041,111.908739,Cloud to Ground,11586,0,12
2026-09-22T18:30:42.514218142Z,5.629122,118.935083,Cloud to Ground,12276,0,13
2026-09-22T18:30:44.572561775Z,17.777442,123.120832,Cloud to Cloud,20404,9745,10
2026-09-22T18:30:45.654071616Z,19.021104,124.342857,Cloud to Ground,-53841,0,13
2026-09-22T18:30:45.596592827Z,19.019118,124.344678,Cloud to Ground,-39829,0,15
2026-09-22T18:30:48.687541263Z,5.856038,118.215397,Cloud to Ground,12445,0,8
2026-09-22T18:30:48.965543050Z,5.87169,118.222314,Cloud to Ground,45856,0,8
2026-09-22T18:30:50.677245348Z,5.613413,118.951584,Cloud to Ground,13654,0,10
2026-09-22T18:30:50.415488127Z,1.133352,111.834959,Cloud to Ground,15556,0,10
2026-09-22T18:30:51.262741430Z,7.256985,129.660829,Cloud to Ground,-59361,0,14
2026-09-22T18:30:51.128368390Z,7.247673,129.674414,Cloud to Ground,-45521,0,29
2026-09-22T18:30:51.210646173Z,7.245604,129.676839,Cloud to Ground,-36021,0,23
2026-09-22T18:30:51.360096505Z,7.191506,129.61301,Cloud to Ground,-32882,0,16
2026-09-22T18:30:51.488536426Z,7.200568,129.614687,Cloud to Ground,-30337,0,23
2026-09-22T18:30:51.048246931Z,7.249555,129.702598,Cloud to Ground,-24766,0,16
2026-09-22T18:30:51.018685243Z,7.240208,129.722572,Cloud to Ground,-24461,0,22
2026-09-22T18:30:51.164560305Z,7.244211,129.697419,Cloud to Ground,-19406,0,15
2026-09-22T18:30:50.980049387Z,7.243177,129.761322,Cloud to Cloud,-12543,6227,11
2026-09-22T18:30:51.952138929Z,1.730148,113.133531,Cloud to Ground,-67815,0,17
2026-09-22T18:30:52.000444813Z,1.701086,113.156392,Cloud to Ground,-21175,0,14
2026-09-22T18:30:51.938952114Z,1.691998,113.20828,Cloud to Ground,-14811,0,14
2026-09-22T18:30:52.190990756Z,1.728424,113.226776,Cloud to Ground,20337,0,22
2026-09-22T18:30:52.980053133Z,5.807742,118.367082,Cloud to Ground,-25820,0,19
2026-09-22T18:30:53.061267012Z,5.801271,118.389725,Cloud to Ground,-15330,0,8
2026-09-22T18:30:53.153342259Z,5.763415,118.349158,Cloud to Ground,16615,0,8
2026-09-22T18:30:53.063136303Z,5.770731,118.376014,Cloud to Ground,18240,0,12
2026-09-22T18:30:53.094626978Z,5.758387,118.34082,Cloud to Ground,21000,0,10
2026-09-22T18:30:53.212924175Z,5.77221,118.373747,Cloud to Ground,21684,0,12
2026-09-22T18:30:53.124949744Z,5.758581,118.342216,Cloud to Ground,25807,0,10
2026-09-22T18:30:52.166225290Z,20.400303,124.019468,Cloud to Cloud,6302,4574,6
2026-09-22T18:30:52.275196000Z,9.7969,125.0911,Cloud to Ground,14937,0,8
2026-09-22T18:30:53.035024646Z,3.590986,116.428769,Cloud to Ground,-56666,0,29
2026-09-22T18:30:53.043000298Z,3.598766,116.431595,Cloud to Ground,63046,0,14
2026-09-22T18:30:53.199161906Z,6.300649,127.715528,Cloud to Ground,40362,0,20
2026-09-22T18:30:55.526171615Z,1.229318,111.933663,Cloud to Ground,17735,0,9
2026-09-22T18:30:56.717505124Z,5.52956,117.949734,Cloud to Ground,18708,0,7
2026-09-22T18:30:56.648420513Z,5.538529,117.975063,Cloud to Ground,18913,0,17
2026-09-22T18:30:56.602537238Z,5.552054,117.950299,Cloud to Ground,35406,0,17
2026-09-22T18:30:56.497738142Z,5.568813,117.994553,Cloud to Ground,101893,0,20
2026-09-22T18:30:56.562759581Z,5.755076,117.948466,Cloud to Ground,57695,0,7
2026-09-22T18:30:56.406247704Z,1.209788,111.823475,Cloud to Ground,-23510,0,15
2026-09-22T18:30:56.370323829Z,1.193364,111.870746,Cloud to Ground,-13754,0,10
2026-09-22T18:30:56.429712171Z,1.175323,111.827677,Cloud to Ground,15645,0,12
2026-09-22T18:30:58.637384143Z,6.383975,117.659063,Cloud to Cloud,19374,3002,7
2026-09-22T18:30:58.512159429Z,6.201291,117.741588,Cloud to Cloud,-22585,10367,7
2026-09-22T18:30:58.510504049Z,6.207581,117.718403,Cloud to Ground,-16690,0,9
2026-09-22T18:30:58.553465686Z,6.252835,117.628388,Cloud to Ground,-12775,0,8
2026-09-22T18:30:58.508332759Z,6.202222,117.64976,Cloud to Ground,16351,0,8
2026-09-22T18:30:58.662577130Z,6.238634,117.609013,Cloud to Ground,18090,0,17
2026-09-22T18:30:58.509469362Z,6.206155,117.545509,Cloud to Ground,21128,0,17
2026-09-22T18:31:05.806648088Z,1.239746,111.925076,Cloud to Cloud,13270,4454,6
2026-09-22T18:31:05.770006902Z,1.243379,111.912583,Cloud to Ground,17718,0,11
2026-09-22T18:31:10.334057407Z,2.105306,117.451289,Cloud to Ground,-34317,0,22
2026-09-22T18:31:10.279283424Z,2.201972,117.602893,Cloud to Ground,-25731,0,16
2026-09-22T18:31:10.360271180Z,2.236502,117.592187,Cloud to Ground,-19963,0,12
2026-09-22T18:31:10.276541823Z,2.205622,117.625919,Cloud to Ground,-8760,0,8
2026-09-22T18:31:10.334700979Z,2.194606,117.623205,Cloud to Ground,15532,0,11
2026-09-22T18:31:10.289254108Z,2.195277,117.642732,Cloud to Ground,69418,0,27
2026-09-22T18:31:10.278029925Z,1.721905,113.203057,Cloud to Ground,12730,0,7
2026-09-22T18:31:10.265431784Z,1.18255,111.865857,Cloud to Ground,22540,0,12
2026-09-22T18:31:11.989940498Z,18.178945,123.979241,Cloud to Cloud,14457,3002,7
2026-09-22T18:31:12.247760346Z,1.145288,111.705268,Cloud to Cloud,-17514,18652,21
2026-09-22T18:31:13.189843702Z,1.171454,111.823888,Cloud to Ground,11922,0,9
2026-09-22T18:31:12.872182596Z,1.165166,111.835906,Cloud to Ground,14963,0,13
2026-09-22T18:31:14.328976382Z,3.228489,115.669192,Cloud to Ground,-12778,0,13
2026-09-22T18:31:14.327474598Z,3.242649,115.614956,Cloud to Ground,11292,0,11
2026-09-22T18:31:14.326145947Z,3.241628,115.61467,Cloud to Ground,16230,0,12
2026-09-22T18:31:14.668389471Z,7.5324,130.553516,Cloud to Ground,-47946,0,25
2026-09-22T18:31:14.839135811Z,7.527759,130.554919,Cloud to Ground,-24833,0,25
2026-09-22T18:31:15.641580344Z,4.347485,116.107095,Cloud to Ground,-44090,0,25
2026-09-22T18:31:16.200081254Z,4.389389,116.05105,Cloud to Ground,-18836,0,26
2026-09-22T18:31:16.206478490Z,4.365753,116.062918,Cloud to Cloud,13885,4749,8
2026-09-22T18:31:16.180439453Z,4.348782,116.118109,Cloud to Ground,61788,0,15
2026-09-22T18:31:15.697766818Z,4.36613,116.115909,Cloud to Ground,79987,0,25
2026-09-22T18:31:15.643818000Z,4.3885,116.0948,Cloud to Ground,278455,0,6
2026-09-22T18:31:19.502081106Z,5.750952,118.432399,Cloud to Ground,16698,0,11
2026-09-22T18:31:19.619310685Z,5.770083,118.348523,Cloud to Ground,41895,0,8
2026-09-22T18:31:21.981820112Z,1.202474,111.839743,Cloud to Cloud,8281,7856,8
2026-09-22T18:31:21.949718798Z,1.204381,111.857296,Cloud to Ground,13862,0,11
2026-09-22T18:31:22.924333095Z,7.198553,129.586335,Cloud to Ground,-35787,0,24
2026-09-22T18:31:22.841452614Z,7.210894,129.609217,Cloud to Ground,-31264,0,30
2026-09-22T18:31:23.059960498Z,7.210126,129.597868,Cloud to Ground,-25733,0,15
2026-09-22T18:31:22.305462808Z,6.491932,118.326992,Cloud to Ground,19818,0,11
2026-09-22T18:31:22.141958032Z,6.493923,118.382475,Cloud to Ground,170362,0,18
2026-09-22T18:31:22.256099750Z,6.451271,118.215305,Cloud to Ground,32033,0,11
2026-09-22T18:31:22.142256000Z,7.2105,119.051,Cloud to Ground,126351,0,8
2026-09-22T18:31:24.277478035Z,20.486465,123.834214,Cloud to Ground,14144,0,7
2026-09-22T18:31:24.252626332Z,20.411226,123.988783,Cloud to Cloud,5012,19441,6
2026-09-22T18:31:24.253272808Z,20.392299,124.016206,Cloud to Ground,9790,0,7
2026-09-22T18:31:24.316137510Z,20.411615,123.98742,Cloud to Cloud,11333,17526,7
2026-09-22T18:31:24.253839399Z,20.416991,123.989043,Cloud to Cloud,17618,19319,7
2026-09-22T18:31:24.448577555Z,20.392933,123.836639,Cloud to Cloud,-21888,9274,11
2026-09-22T18:31:25.601259000Z,14.6282,120.5352,Cloud to Ground,-23714,0,7
2026-09-22T18:31:27.470140058Z,3.913416,115.285462,Cloud to Ground,-15686,0,14
2026-09-22T18:31:27.370626740Z,3.889568,115.346073,Cloud to Ground,13782,0,9
2026-09-22T18:31:31.339101813Z,1.15968,111.818847,Cloud to Ground,-11357,0,13
2026-09-22T18:31:30.975123894Z,1.116117,111.866466,Cloud to Ground,18768,0,14
2026-09-22T18:31:31.585266809Z,5.627261,118.875177,Cloud to Ground,-25824,0,20
2026-09-22T18:31:34.872070486Z,3.22911,115.93477,Cloud to Ground,-18369,0,14
2026-09-22T18:31:34.898334124Z,3.197564,115.969652,Cloud to Ground,-10947,0,10
2026-09-22T18:31:34.867459465Z,3.187294,115.973668,Cloud to Ground,14661,0,11
2026-09-22T18:31:34.868264735Z,3.192585,115.952461,Cloud to Ground,24710,0,13
2026-09-22T18:31:34.870789000Z,3.3282,115.8843,Cloud to Ground,-12056,0,6
2026-09-22T18:31:34.064253217Z,1.188732,111.892012,Cloud to Ground,-19979,0,7
2026-09-22T18:31:35.149820000Z,9.7324,124.9786,Cloud to Ground,-22075,0,10
2026-09-22T18:31:35.226904000Z,9.783,125.0172,Cloud to Ground,-17879,0,6
2026-09-22T18:31:35.298697000Z,9.7458,124.7857,Cloud to Ground,-16412,0,5
2026-09-22T18:31:37.946912466Z,13.649807,120.874879,Cloud to Ground,-12674,0,10
2026-09-22T18:31:42.756191825Z,1.226044,111.880289,Cloud to Ground,-12806,0,10
2026-09-22T18:31:46.996789049Z,1.337605,111.881768,Cloud to Ground,-13726,0,7
2026-09-22T18:31:46.965667010Z,1.700263,113.194071,Cloud to Ground,-11421,0,20
2026-09-22T18:31:46.927991367Z,1.683851,113.175551,Cloud to Cloud,15065,4499,15
2026-09-22T18:31:46.962118938Z,1.727859,113.192162,Cloud to Cloud,16601,8493,17
2026-09-22T18:31:46.793053604Z,3.471712,116.50317,Cloud to Ground,19718,0,14
2026-09-22T18:31:48.947683623Z,5.794703,118.422338,Cloud to Ground,11897,0,11
2026-09-22T18:31:49.031540758Z,5.780256,118.35194,Cloud to Ground,21849,0,9
2026-09-22T18:31:48.843619354Z,5.771351,118.359847,Cloud to Ground,35452,0,15
2026-09-22T18:31:48.104315895Z,3.609788,116.380026,Cloud to Ground,-11025,0,10
2026-09-22T18:31:48.228746000Z,3.5527,116.3198,Cloud to Ground,11939,0,6
2026-09-22T18:31:48.075946731Z,3.626011,116.390013,Cloud to Ground,22675,0,13
2026-09-22T18:31:53.833016800Z,5.103673,116.673665,Cloud to Ground,47529,0,14
2026-09-22T18:31:55.531783259Z,1.15974,111.823322,Cloud to Cloud,-8393,12164,10
2026-09-22T18:31:55.389310450Z,1.190461,111.900372,Cloud to Ground,33252,0,22
2026-09-22T18:31:56.026157769Z,18.097426,123.615234,Cloud to Ground,-25287,0,16
2026-09-22T18:31:56.149857000Z,11.7719,124.533,Cloud to Ground,-43309,0,13
2026-09-22T18:31:56.144278000Z,11.7863,124.5362,Cloud to Ground,24912,0,6
2026-09-22T18:31:58.534021083Z,20.396693,123.995879,Cloud to Cloud,5063,13414,5
2026-09-22T18:31:58.516469038Z,20.396658,123.989174,Cloud to Cloud,6770,13766,6
2026-09-22T18:31:58.537827259Z,20.404373,123.986579,Cloud to Cloud,6881,14695,5
2026-09-22T18:31:58.546231663Z,20.40757,123.974837,Cloud to Cloud,9824,4910,7
2026-09-22T18:31:58.514474876Z,20.397063,123.983682,Cloud to Cloud,13054,15545,5
2026-09-22T18:32:00.108615000Z,17.9026,123.3383,Cloud to Ground,-16047,0,5
2026-09-22T18:32:02.781533711Z,6.283096,127.634578,Cloud to Ground,25080,0,12
2026-09-22T18:32:02.555346101Z,13.831597,111.8074,Cloud to Ground,-14017,0,6
2026-09-22T18:32:02.497540114Z,13.811775,111.668773,Cloud to Ground,36150,0,13
2026-09-22T18:32:05.749143550Z,5.748992,118.423283,Cloud to Ground,15700,0,8
2026-09-22T18:32:07.895066900Z,7.251958,129.625493,Cloud to Ground,-45760,0,22
2026-09-22T18:32:10.366599000Z,7.618,130.579,Cloud to Ground,-29310,0,10
2026-09-22T18:32:10.484554933Z,7.623538,130.548772,Cloud to Ground,-28967,0,21
2026-09-22T18:32:10.711803218Z,7.582261,130.569841,Cloud to Ground,-25777,0,19
2026-09-22T18:32:10.408644064Z,7.619848,130.55772,Cloud to Ground,-24772,0,22
2026-09-22T18:32:10.412321694Z,7.594232,130.53585,Cloud to Cloud,-18829,16066,14
2026-09-22T18:32:10.353964356Z,7.607532,130.644235,Cloud to Cloud,-15419,7588,12
2026-09-22T18:32:10.431275000Z,7.6068,130.5856,Cloud to Ground,-14718,0,5
2026-09-22T18:32:11.013933434Z,1.139285,111.864572,Cloud to Ground,13897,0,7
2026-09-22T18:32:11.923993305Z,5.828994,118.868411,Cloud to Ground,-16902,0,12
2026-09-22T18:32:11.948381021Z,5.835666,118.742669,Cloud to Ground,-16443,0,30
2026-09-22T18:32:11.924575921Z,5.80544,118.750621,Cloud to Ground,11256,0,9
2026-09-22T18:32:12.051570960Z,5.742764,118.776937,Cloud to Ground,14923,0,13
2026-09-22T18:32:11.936679937Z,5.814106,118.834887,Cloud to Ground,48921,0,17
2026-09-22T18:32:12.009229024Z,5.824234,118.85719,Cloud to Ground,58473,0,15
2026-09-22T18:32:14.212744585Z,3.586951,116.431799,Cloud to Ground,-64512,0,25
2026-09-22T18:32:14.412859154Z,3.598715,116.430112,Cloud to Ground,52331,0,14
2026-09-22T18:32:14.219519319Z,3.599684,116.451102,Cloud to Ground,65688,0,19
2026-09-22T18:32:14.343332005Z,3.63036,116.289672,Cloud to Cloud,-35503,15209,18
2026-09-22T18:32:14.426797347Z,5.923894,118.163399,Cloud to Cloud,-11618,15635,8
2026-09-22T18:32:14.428923517Z,5.944716,118.167438,Cloud to Cloud,-8656,18801,16
2026-09-22T18:32:14.913889609Z,1.214488,111.801281,Cloud to Cloud,-11857,10115,10
2026-09-22T18:32:19.060259104Z,5.800776,118.411852,Cloud to Ground,-13072,0,17
2026-09-22T18:32:19.059182068Z,5.76364,118.407621,Cloud to Ground,16040,0,14
2026-09-22T18:32:18.927150413Z,5.792062,118.431426,Cloud to Ground,27496,0,18
2026-09-22T18:32:23.369200264Z,1.193089,111.814955,Cloud to Cloud,-13533,3556,24
2026-09-22T18:32:23.127445000Z,19.014,124.299,Cloud to Ground,-53620,0,7
2026-09-22T18:32:23.076874295Z,19.022996,124.316672,Cloud to Ground,-38824,0,11
2026-09-22T18:32:25.802145945Z,1.124201,111.860102,Cloud to Ground,11398,0,10
2026-09-22T18:32:27.211702237Z,5.801006,118.416994,Cloud to Ground,21807,0,12
2026-09-22T18:32:30.054179000Z,1.0584,112.0022,Cloud to Ground,-1547,0,5
2026-09-22T18:32:31.199438316Z,4.376122,116.079824,Cloud to Ground,15350,0,10
2026-09-22T18:32:31.201076453Z,4.468317,116.067856,Cloud to Cloud,-9464,18145,6
2026-09-22T18:32:32.673938689Z,3.306687,115.863005,Cloud to Ground,-40866,0,19
2026-09-22T18:32:32.432459658Z,3.204664,115.741108,Cloud to Cloud,29126,3110,14
2026-09-22T18:32:32.430827566Z,3.201973,115.943652,Cloud to Ground,-12405,0,10
2026-09-22T18:32:32.436082517Z,3.190213,115.855425,Cloud to Ground,11190,0,7
2026-09-22T18:32:32.431774454Z,3.205102,115.844361,Cloud to Ground,33093,0,14
2026-09-22T18:32:32.137665651Z,20.392918,123.961253,Cloud to Ground,-35457,0,12
2026-09-22T18:32:32.419030512Z,20.393269,123.95445,Cloud to Ground,-29830,0,14
2026-09-22T18:32:32.499642748Z,20.39485,123.970437,Cloud to Ground,-13691,0,8
2026-09-22T18:32:32.168561597Z,20.395613,123.97306,Cloud to Ground,-12413,0,8
2026-09-22T18:32:33.112211416Z,2.52901,115.046942,Cloud to Ground,31302,0,23
2026-09-22T18:32:39.996328213Z,12.554887,121.895027,Cloud to Cloud,5522,17594,5
2026-09-22T18:32:41.503901473Z,1.173854,111.825084,Cloud to Ground,9827,0,9
2026-09-22T18:32:41.441309967Z,1.179948,111.82775,Cloud to Ground,14534,0,19
2026-09-22T18:32:42.775117467Z,3.346881,115.321303,Cloud to Ground,49682,0,9
2026-09-22T18:32:43.906984064Z,1.201899,111.83782,Cloud to Cloud,-16528,3019,11
2026-09-22T18:32:43.708922787Z,1.222764,111.883246,Cloud to Cloud,-12447,6142,14
2026-09-22T18:32:43.859151565Z,1.225245,111.879346,Cloud to Ground,16937,0,17
2026-09-22T18:32:47.835684413Z,5.572026,118.935888,Cloud to Ground,19344,0,15
2026-09-22T18:32:51.011598123Z,3.152692,115.996003,Cloud to Cloud,-13539,18523,20
2026-09-22T18:32:52.146632462Z,14.732678,120.814671,Cloud to Ground,-24705,0,7
2026-09-22T18:32:52.091342000Z,14.7241,120.6976,Cloud to Ground,-5861,0,5
2026-09-22T18:32:53.831604141Z,5.768889,118.314717,Cloud to Cloud,14567,17162,7
2026-09-22T18:32:53.687149557Z,5.792945,118.423757,Cloud to Ground,20706,0,15
2026-09-22T18:32:53.754367368Z,5.780707,118.355851,Cloud to Ground,26064,0,7
2026-09-22T18:32:54.774079260Z,3.588367,116.422476,Cloud to Cloud,9473,13294,8
2026-09-22T18:32:56.580234266Z,5.569476,118.894646,Cloud to Ground,25109,0,7
2026-09-22T18:32:58.634539673Z,14.806046,120.662894,Cloud to Ground,-7650,0,10
2026-09-22T18:32:59.883348617Z,18.650787,122.410046,Cloud to Ground,-28007,0,10
2026-09-22T18:33:00.151571060Z,18.68692,122.370986,Cloud to Ground,-20043,0,9
2026-09-22T18:32:59.930020209Z,18.648492,122.416628,Cloud to Cloud,-10632,13443,10
2026-09-22T18:32:59.956380540Z,18.660122,122.456564,Cloud to Cloud,-10407,6196,14
2026-09-22T18:33:01.650581134Z,7.553792,130.444097,Cloud to Ground,-37657,0,16
2026-09-22T18:33:01.589102663Z,7.562334,130.47394,Cloud to Ground,-34237,0,25
2026-09-22T18:33:01.543563467Z,7.591921,130.48469,Cloud to Ground,-30616,0,27
2026-09-22T18:33:01.704077408Z,7.555664,130.545469,Cloud to Ground,-25864,0,21
2026-09-22T18:33:01.484035000Z,7.5988,130.5794,Cloud to Ground,-19925,0,11
2026-09-22T18:33:02.604363325Z,18.101538,123.638571,Cloud to Ground,-65181,0,12
2026-09-22T18:33:05.333506000Z,1.0914,111.8996,Cloud to Ground,11027,0,8
2026-09-22T18:33:08.632605985Z,13.53159,120.817512,Cloud to Ground,40159,0,8
2026-09-22T18:33:08.637675393Z,13.640105,120.78589,Cloud to Cloud,-27124,3003,7
2026-09-22T18:33:08.630589351Z,13.661588,120.858703,Cloud to Cloud,20365,5225,8
2026-09-22T18:33:09.946760661Z,1.166651,111.847714,Cloud to Cloud,13479,4179,6
2026-09-22T18:33:11.177004785Z,5.721674,117.784296,Cloud to Cloud,27416,3900,21
2026-09-22T18:33:11.691711921Z,5.588046,117.981184,Cloud to Ground,-32366,0,10
2026-09-22T18:33:11.351159775Z,5.603562,117.879959,Cloud to Ground,-25064,0,28
2026-09-22T18:33:11.254267975Z,5.527262,117.916019,Cloud to Ground,-16472,0,7
2026-09-22T18:33:11.824318060Z,5.55557,117.949043,Cloud to Ground,-16303,0,9
2026-09-22T18:33:11.292976784Z,5.547905,117.92546,Cloud to Ground,18111,0,10
2026-09-22T18:33:11.314929663Z,5.567451,117.920057,Cloud to Ground,34041,0,13
2026-09-22T18:33:11.181358490Z,5.585475,117.942986,Cloud to Ground,94768,0,21
2026-09-22T18:33:11.665316295Z,5.718262,117.925535,Cloud to Ground,-14646,0,11
2026-09-22T18:33:11.472101763Z,1.798299,113.229764,Cloud to Ground,-42834,0,10
2026-09-22T18:33:11.469022198Z,1.685358,113.245999,Cloud to Cloud,24621,12953,6
2026-09-22T18:33:12.711310043Z,20.4159,123.980693,Cloud to Cloud,8636,3010,6
2026-09-22T18:33:13.078182004Z,5.716267,118.147865,Cloud to Ground,-21341,0,12
2026-09-22T18:33:13.143981210Z,5.815985,118.355869,Cloud to Ground,-12928,0,22
2026-09-22T18:33:13.217408439Z,5.831765,118.255629,Cloud to Cloud,19315,3297,11
2026-09-22T18:33:14.679104488Z,6.209428,117.70047,Cloud to Ground,24940,0,8
2026-09-22T18:33:14.676776267Z,6.315431,117.730628,Cloud to Cloud,-9947,3046,8
2026-09-22T18:33:17.018294783Z,3.496819,116.262044,Cloud to Ground,43946,0,21
2026-09-22T18:33:19.232285819Z,6.475359,118.261158,Cloud to Ground,24515,0,9
2026-09-22T18:33:19.110635889Z,6.49481,118.362143,Cloud to Ground,180331,0,15
2026-09-22T18:33:22.888609978Z,5.609454,118.933806,Cloud to Ground,-22263,0,12
2026-09-22T18:33:22.909204273Z,5.615321,118.92281,Cloud to Ground,21920,0,12
2026-09-22T18:33:24.062430096Z,14.818116,120.789227,Cloud to Cloud,-8510,18279,7
2026-09-22T18:33:25.528454543Z,13.815243,111.752999,Cloud to Ground,-127496,0,10
2026-09-22T18:33:25.590747056Z,13.840081,111.763931,Cloud to Ground,-61264,0,12
2026-09-22T18:33:25.688552703Z,13.845179,111.784227,Cloud to Cloud,-16179,5083,5
2026-09-22T18:33:25.524318282Z,13.805075,111.670284,Cloud to Ground,-14120,0,5
2026-09-22T18:33:26.302153308Z,1.099597,111.868436,Cloud to Cloud,12779,3141,9
2026-09-22T18:33:27.817621983Z,1.370632,113.114098,Cloud to Ground,-22703,0,20
2026-09-22T18:33:28.037870380Z,1.323234,113.160635,Cloud to Cloud,-12828,3009,14
2026-09-22T18:33:28.461983970Z,11.544085,112.286517,Cloud to Ground,-9453,0,10
2026-09-22T18:33:28.337291439Z,11.617596,112.148345,Cloud to Ground,20430,0,6
2026-09-22T18:33:28.340060897Z,11.553541,112.145212,Cloud to Ground,24875,0,8
2026-09-22T18:33:30.752664346Z,15.988493,111.267762,Cloud to Ground,-40253,0,10
2026-09-22T18:33:30.737941953Z,16.014679,111.244689,Cloud to Ground,-13177,0,7
2026-09-22T18:33:31.010021698Z,15.982173,111.23463,Cloud to Ground,10056,0,7
2026-09-22T18:33:32.387210913Z,1.146648,111.835264,Cloud to Ground,-13243,0,8
2026-09-22T18:33:31.693002333Z,1.195121,111.86136,Cloud to Ground,17578,0,19
2026-09-22T18:33:31.727782943Z,1.195959,111.848808,Cloud to Ground,22028,0,19
2026-09-22T18:33:31.724492813Z,13.618353,112.959567,Cloud to Ground,-11569,0,7
2026-09-22T18:33:31.711344714Z,13.568248,112.764837,Cloud to Ground,28517,0,10
2026-09-22T18:33:32.612529800Z,5.781999,118.416078,Cloud to Ground,28799,0,12
2026-09-22T18:33:32.699691966Z,5.773026,118.382159,Cloud to Ground,33022,0,12
2026-09-22T18:33:33.145630851Z,2.207468,117.642192,Cloud to Ground,-17244,0,13
2026-09-22T18:33:32.891672816Z,2.27489,117.653698,Cloud to Ground,-16004,0,21
2026-09-22T18:33:32.851924768Z,2.261606,117.5799,Cloud to Ground,19013,0,11
2026-09-22T18:33:33.430484000Z,10.719,125.3143,Cloud to Ground,-22326,0,9
2026-09-22T18:33:33.384188000Z,10.725,125.4275,Cloud to Ground,-16646,0,8
2026-09-22T18:33:37.690621929Z,5.641489,118.88755,Cloud to Ground,36758,0,21
2026-09-22T18:33:38.674635143Z,14.737765,120.792473,Cloud to Ground,-12451,0,6
2026-09-22T18:33:38.392563306Z,20.414551,123.973191,Cloud to Ground,-23517,0,8
2026-09-22T18:33:38.449307853Z,20.44593,123.832188,Cloud to Cloud,-11786,4794,11
2026-09-22T18:33:38.623912160Z,14.640477,120.740844,Cloud to Cloud,-18932,4852,12
2026-09-22T18:33:40.322081411Z,1.18358,111.843714,Cloud to Cloud,-24658,6705,22
2026-09-22T18:33:43.220631985Z,3.235411,115.624195,Cloud to Ground,24069,0,19
2026-09-22T18:33:43.453496000Z,7.2652,129.7104,Cloud to Ground,-13059,0,5
2026-09-22T18:33:43.354320000Z,7.306,129.7726,Cloud to Ground,-11185,0,11
2026-09-22T18:33:44.131579000Z,7.547,130.5567,Cloud to Ground,-33932,0,6
2026-09-22T18:33:45.497462446Z,1.189569,111.858311,Cloud to Ground,13475,0,12
2026-09-22T18:33:46.355179101Z,1.716091,113.195117,Cloud to Ground,-18255,0,14
2026-09-22T18:33:48.573749271Z,18.697294,122.40829,Cloud to Cloud,9609,6572,8
2026-09-22T18:33:49.114345698Z,1.199123,111.803538,Cloud to Ground,-13756,0,15
2026-09-22T18:33:49.807136117Z,7.389331,130.317004,Cloud to Cloud,19501,10421,14
2026-09-22T18:33:51.930572293Z,1.1898,111.898799,Cloud to Ground,16904,0,20
2026-09-22T18:33:54.712877096Z,13.808097,111.675773,Cloud to Ground,6647,0,7
2026-09-22T18:33:54.636878356Z,13.833151,111.682828,Cloud to Ground,44949,0,8
2026-09-22T18:33:57.747273822Z,14.74744,120.757277,Cloud to Ground,-24682,0,8
2026-09-22T18:33:58.731190723Z,3.573501,116.446705,Cloud to Ground,34061,0,17
2026-09-22T18:33:58.684585672Z,3.578538,116.439806,Cloud to Ground,145903,0,32
2026-09-22T18:33:58.701848945Z,3.565357,116.239589,Cloud to Cloud,-19815,6861,12
2026-09-22T18:33:58.576054159Z,4.481822,116.065441,Cloud to Cloud,-12815,3920,20
2026-09-22T18:33:58.570997000Z,4.3872,116.1034,Cloud to Ground,7184,0,7
2026-09-22T18:33:59.523585136Z,6.012618,118.401416,Cloud to Ground,83770,0,8
2026-09-22T18:33:59.769981673Z,5.770255,118.355162,Cloud to Ground,16644,0,7
2026-09-22T18:34:04.200972663Z,6.278635,127.59417,Cloud to Ground,-33452,0,22
2026-09-22T18:34:04.231773000Z,6.2727,127.643,Cloud to Ground,-23218,0,11
2026-09-22T18:34:04.344356000Z,6.3399,127.7497,Cloud to Ground,9760,0,7
2026-09-22T18:34:04.150488557Z,6.372583,127.758178,Cloud to Ground,43727,0,12
2026-09-22T18:34:05.890006452Z,3.40298,115.158894,Cloud to Ground,-22893,0,10
2026-09-22T18:34:07.247671375Z,20.418523,123.986363,Cloud to Ground,-70416,0,9
2026-09-22T18:34:07.276833633Z,20.419057,123.987399,Cloud to Ground,-17138,0,8
2026-09-22T18:34:07.432841720Z,20.445629,123.928836,Cloud to Ground,-15692,0,7
2026-09-22T18:34:07.280561825Z,20.417467,123.995513,Cloud to Ground,-14071,0,8
2026-09-22T18:34:10.227491538Z,1.196123,111.787319,Cloud to Cloud,13168,3382,12
2026-09-22T18:34:10.261472000Z,1.1982,111.902,Cloud to Ground,25142,0,6
2026-09-22T18:34:10.455024016Z,13.835197,112.083077,Cloud to Ground,28524,0,6
2026-09-22T18:34:10.453250936Z,13.819835,112.066914,Cloud to Ground,49772,0,9
2026-09-22T18:34:10.524097000Z,13.8875,112.1267,Cloud to Ground,130492,0,8
2026-09-22T18:34:15.702739700Z,1.188241,111.881802,Cloud to Ground,14218,0,5
2026-09-22T18:34:16.377442839Z,1.497639,113.150541,Cloud to Ground,-27455,0,13
2026-09-22T18:34:16.405128590Z,1.528923,113.113863,Cloud to Ground,-12672,0,12
2026-09-22T18:34:22.236830180Z,18.6767,122.382213,Cloud to Ground,-33749,0,11
2026-09-22T18:34:22.467271927Z,18.676556,122.393058,Cloud to Ground,-13738,0,8
2026-09-22T18:34:22.619652222Z,18.677637,122.397217,Cloud to Ground,-12738,0,6
2026-09-22T18:34:23.374630946Z,14.679059,120.79522,Cloud to Ground,-30941,0,6
2026-09-22T18:34:23.574663075Z,14.671875,120.79564,Cloud to Ground,-15654,0,7
2026-09-22T18:34:23.327181000Z,14.7252,120.6419,Cloud to Ground,-5725,0,6
2026-09-22T18:34:25.308261949Z,14.716872,120.74779,Cloud to Cloud,14046,4256,8
2026-09-22T18:34:26.494792041Z,5.952519,118.528328,Cloud to Ground,-13922,0,28
2026-09-22T18:34:26.620485755Z,5.919297,118.530475,Cloud to Cloud,12488,3001,8
2026-09-22T18:34:26.331023314Z,5.914065,118.616296,Cloud to Ground,14033,0,15
2026-09-22T18:34:26.641094901Z,5.929727,118.579956,Cloud to Ground,16586,0,11
2026-09-22T18:34:26.169670329Z,5.922562,118.592237,Cloud to Ground,134883,0,15
2026-09-22T18:34:26.159692486Z,5.850494,118.714445,Cloud to Cloud,-28134,3275,8
2026-09-22T18:34:29.615483285Z,1.236994,111.901452,Cloud to Ground,-14243,0,13
2026-09-22T18:34:30.115911844Z,1.314706,113.413826,Cloud to Ground,-10444,0,19
2026-09-22T18:34:30.118832541Z,1.732351,113.177413,Cloud to Ground,-17080,0,20
2026-09-22T18:34:30.087622000Z,1.7179,113.1913,Cloud to Ground,130350,0,15
2026-09-22T18:34:32.541769000Z,16.0744,111.3084,Cloud to Ground,-55962,0,6
2026-09-22T18:34:33.445290644Z,1.153586,111.884813,Cloud to Ground,-14700,0,21
2026-09-22T18:34:33.295951841Z,1.166915,111.750286,Cloud to Cloud,8000,3000,7
2026-09-22T18:34:33.227032261Z,1.216561,111.804419,Cloud to Ground,13005,0,14
2026-09-22T18:34:36.566043834Z,1.342678,121.469839,Cloud to Ground,14379,0,11
2026-09-22T18:34:36.565274857Z,1.492276,121.434124,Cloud to Ground,10451,0,11
2026-09-22T18:34:36.477492114Z,7.594472,130.424076,Cloud to Ground,15914,0,11
2026-09-22T18:34:36.165496514Z,7.648818,130.525563,Cloud to Ground,-25400,0,18
2026-09-22T18:34:36.245577648Z,7.541391,130.562362,Cloud to Ground,-17354,0,23
2026-09-22T18:34:36.471722000Z,7.611,130.5739,Cloud to Ground,8685,0,6
2026-09-22T18:34:37.186930314Z,1.191529,111.855975,Cloud to Ground,16300,0,10
2026-09-22T18:34:40.161498528Z,3.234716,115.945003,Cloud to Ground,-27010,0,13
2026-09-22T18:34:40.160669791Z,3.231752,115.920928,Cloud to Ground,29974,0,16
2026-09-22T18:34:41.717897381Z,1.195023,111.887366,Cloud to Ground,20898,0,13
2026-09-22T18:34:42.598124511Z,5.777824,118.406347,Cloud to Ground,22061,0,15
2026-09-22T18:34:42.649791500Z,5.771021,118.355035,Cloud to Ground,45669,0,10
2026-09-22T18:34:42.558957037Z,5.763358,118.348615,Cloud to Ground,67037,0,9
2026-09-22T18:34:42.670088548Z,5.838349,118.267075,Cloud to Cloud,17119,3098,10
2026-09-22T18:34:42.597587768Z,5.941484,118.475306,Cloud to Cloud,16392,14024,9
2026-09-22T18:34:45.487678328Z,20.490535,123.939379,Cloud to Ground,-34967,0,14
2026-09-22T18:34:45.365183791Z,20.387638,124.001183,Cloud to Ground,-70341,0,17
2026-09-22T18:34:45.462645251Z,20.362426,123.976267,Cloud to Ground,-33364,0,6
2026-09-22T18:34:45.509548231Z,20.362609,123.987272,Cloud to Ground,-27019,0,8
2026-09-22T18:34:45.732240076Z,20.363863,123.990325,Cloud to Ground,-15540,0,8
2026-09-22T18:34:45.459827000Z,20.3439,123.8976,Cloud to Ground,20845,0,7
2026-09-22T18:34:45.495696082Z,18.17344,123.470589,Cloud to Cloud,-23390,9824,9
2026-09-22T18:34:45.513218007Z,18.09364,123.630565,Cloud to Ground,-27781,0,11
2026-09-22T18:34:45.588364514Z,18.093933,123.642112,Cloud to Ground,-24594,0,10
2026-09-22T18:34:46.833237701Z,5.641503,118.880685,Cloud to Cloud,12549,8855,10
2026-09-22T18:34:46.540912882Z,5.626379,118.894586,Cloud to Cloud,21618,5652,12
2026-09-22T18:34:48.651605742Z,5.792862,118.769986,Cloud to Cloud,18690,3008,8
2026-09-22T18:34:48.649847458Z,5.947357,118.864549,Cloud to Ground,-10081,0,10
2026-09-22T18:34:48.652615380Z,5.900432,118.910927,Cloud to Cloud,15715,4282,7
2026-09-22T18:34:49.670137426Z,2.09287,116.268288,Cloud to Ground,21807,0,15
2026-09-22T18:34:53.440885831Z,2.236403,114.718833,Cloud to Ground,-20599,0,14
2026-09-22T18:34:53.681147944Z,2.217458,114.684451,Cloud to Ground,-12458,0,7
2026-09-22T18:34:54.901081744Z,1.196598,111.87286,Cloud to Ground,13388,0,12
2026-09-22T18:34:54.867579803Z,1.199549,111.872644,Cloud to Ground,15639,0,13
2026-09-22T18:34:59.424630812Z,6.326517,117.813759,Cloud to Cloud,22678,7114,9
2026-09-22T18:34:58.869564756Z,6.215232,117.669702,Cloud to Ground,18752,0,14
2026-09-22T18:34:59.332854621Z,6.211322,117.75,Cloud to Ground,24121,0,14
2026-09-22T18:35:03.622659130Z,13.710624,112.026055,Cloud to Ground,-41076,0,8
2026-09-22T18:35:03.644126199Z,13.775842,112.104367,Cloud to Cloud,-20445,3441,6
2026-09-22T18:35:03.625361186Z,13.759182,112.025407,Cloud to Cloud,8320,3002,7
2026-09-22T18:35:03.621478541Z,13.749908,111.941519,Cloud to Ground,14946,0,6
2026-09-22T18:35:03.622093470Z,13.744464,111.931812,Cloud to Ground,40373,0,10
2026-09-22T18:35:03.292520130Z,13.551246,120.822578,Cloud to Ground,26546,0,8
2026-09-22T18:35:03.294279000Z,13.6823,120.8426,Cloud to Ground,23265,0,5
2026-09-22T18:35:07.246692000Z,14.7301,120.7446,Cloud to Ground,-6919,0,8
2026-09-22T18:35:07.374795902Z,14.705069,120.716703,Cloud to Ground,-6555,0,5
2026-09-22T18:35:08.201037525Z,7.237379,129.689341,Cloud to Ground,-89655,0,20
2026-09-22T18:35:08.310458436Z,7.214181,129.619426,Cloud to Ground,-46416,0,28
2026-09-22T18:35:08.324980614Z,7.213909,129.625599,Cloud to Ground,-33455,0,22
2026-09-22T18:35:08.289024000Z,7.1985,129.6051,Cloud to Ground,-20436,0,5
2026-09-22T18:35:08.373673495Z,7.25579,129.641071,Cloud to Ground,-15993,0,19
2026-09-22T18:35:08.509111234Z,5.008672,116.768795,Cloud to Ground,-28138,0,15
2026-09-22T18:35:08.510275956Z,5.056062,116.688419,Cloud to Ground,-13363,0,21
2026-09-22T18:35:08.747282497Z,5.039272,116.672511,Cloud to Cloud,18710,3173,9
2026-09-22T18:35:08.509728107Z,5.009852,116.70613,Cloud to Ground,26027,0,11
2026-09-22T18:35:08.507678242Z,5.012657,116.718177,Cloud to Ground,37482,0,7
2026-09-22T18:35:08.019196293Z,17.82276,123.10759,Cloud to Ground,39852,0,10
2026-09-22T18:35:09.627297398Z,1.692621,113.130391,Cloud to Cloud,27229,3025,28
2026-09-22T18:35:13.053884132Z,3.469509,116.514793,Cloud to Ground,12686,0,14
2026-09-22T18:35:13.054468000Z,3.5132,116.4766,Cloud to Ground,22258,0,6
2026-09-22T18:35:14.298875032Z,1.199761,111.835467,Cloud to Ground,-8784,0,7
2026-09-22T18:35:14.285019703Z,1.18883,111.898739,Cloud to Cloud,10031,10702,10
2026-09-22T18:35:14.447394990Z,1.204445,111.895248,Cloud to Ground,21036,0,20
2026-09-22T18:35:14.411418394Z,1.205839,111.894325,Cloud to Ground,24920,0,12
2026-09-22T18:35:14.483962250Z,1.25425,111.876842,Cloud to Ground,26896,0,18
2026-09-22T18:35:16.634680671Z,6.031004,118.077114,Cloud to Cloud,21693,19999,8
2026-09-22T18:35:16.646940271Z,5.860061,118.183666,Cloud to Ground,-15669,0,10
2026-09-22T18:35:16.635226800Z,5.861216,118.153745,Cloud to Ground,24013,0,13
2026-09-22T18:35:16.401501263Z,18.676605,122.387047,Cloud to Ground,-46368,0,14
2026-09-22T18:35:16.315037000Z,18.7178,122.3311,Cloud to Ground,-26693,0,5
2026-09-22T18:35:18.509770709Z,18.679507,122.469561,Cloud to Cloud,22508,15267,7
2026-09-22T18:35:19.568474440Z,1.10943,111.897355,Cloud to Cloud,-11896,3482,9
2026-09-22T18:35:19.700071297Z,1.160439,111.877418,Cloud to Ground,14354,0,10
2026-09-22T18:35:22.929190871Z,5.601972,119.26112,Cloud to Ground,-34426,0,13
2026-09-22T18:35:22.929829167Z,5.5521,119.24678,Cloud to Ground,33190,0,26
2026-09-22T18:35:28.527897723Z,5.775327,118.36726,Cloud to Ground,18187,0,9
2026-09-22T18:35:28.601019129Z,5.780818,118.38574,Cloud to Ground,36730,0,12
2026-09-22T18:35:28.497510461Z,5.774942,118.366361,Cloud to Ground,41914,0,8
2026-09-22T18:35:31.916461587Z,14.726827,120.652249,Cloud to Cloud,-4540,13455,5
2026-09-22T18:35:32.530797542Z,1.392345,113.291801,Cloud to Ground,-46279,0,22
2026-09-22T18:35:32.951724882Z,1.199602,111.883086,Cloud to Ground,10791,0,7
2026-09-22T18:35:32.022955462Z,19.134404,124.343082,Cloud to Ground,-18810,0,11
2026-09-22T18:35:36.859659933Z,16.023883,111.166506,Cloud to Ground,-22037,0,9
2026-09-22T18:35:36.820172560Z,16.027792,111.295079,Cloud to Ground,-43606,0,9
2026-09-22T18:35:36.931984000Z,16.1073,111.2643,Cloud to Ground,-31169,0,5
2026-09-22T18:35:37.765419296Z,13.813904,111.779762,Cloud to Ground,-128031,0,11
2026-09-22T18:35:37.798811415Z,13.815975,111.740316,Cloud to Ground,-87162,0,9
2026-09-22T18:35:37.796778179Z,13.797833,111.62507,Cloud to Cloud,-25896,3030,9
2026-09-22T18:35:37.921775241Z,13.845467,111.74325,Cloud to Ground,24302,0,8
2026-09-22T18:35:37.925672394Z,13.82003,111.653953,Cloud to Ground,28458,0,10
2026-09-22T18:35:38.568927844Z,1.114017,111.914201,Cloud to Ground,-21820,0,15
2026-09-22T18:35:38.030711473Z,7.526646,130.502015,Cloud to Ground,-52779,0,22
2026-09-22T18:35:38.069476886Z,7.544604,130.535495,Cloud to Ground,-30991,0,15
2026-09-22T18:35:37.983425155Z,7.526141,130.593757,Cloud to Ground,-28722,0,14
2026-09-22T18:35:37.959806000Z,7.5452,130.6109,Cloud to Ground,-20547,0,6
2026-09-22T18:35:37.856672000Z,7.548,130.5382,Cloud to Ground,-20525,0,7
2026-09-22T18:35:37.929460000Z,7.5443,130.5187,Cloud to Ground,-18792,0,5
2026-09-22T18:35:39.011292957Z,18.681961,122.022432,Cloud to Ground,-61101,0,13
2026-09-22T18:35:43.362112442Z,5.573218,118.026891,Cloud to Cloud,-10899,6301,11
2026-09-22T18:35:43.343971876Z,5.573338,117.953718,Cloud to Ground,20913,0,8
2026-09-22T18:35:43.584250735Z,20.402596,123.988307,Cloud to Ground,26115,0,8
2026-09-22T18:35:54.768790158Z,7.606521,130.487751,Cloud to Ground,-46081,0,25
2026-09-22T18:35:54.824776000Z,7.5902,130.4658,Cloud to Ground,-11823,0,8
2026-09-22T18:35:57.772815235Z,7.498503,130.396082,Cloud to Ground,24343,0,24
2026-09-22T18:35:57.482451217Z,7.470746,130.462653,Cloud to Ground,28966,0,15
2026-09-22T18:35:57.939860000Z,7.6378,127.4235,Cloud to Ground,-8884,0,7
2026-09-22T18:35:57.830446000Z,7.7142,127.4193,Cloud to Ground,15328,0,6
2026-09-22T18:35:58.543515747Z,1.151342,111.898035,Cloud to Ground,20268,0,13
2026-09-22T18:35:58.400222484Z,18.804617,121.876674,Cloud to Ground,-35573,0,10
2026-09-22T18:35:59.914902623Z,20.405428,123.941456,Cloud to Ground,-32064,0,16
2026-09-22T18:35:59.813333918Z,20.413384,123.967924,Cloud to Ground,-27834,0,11
2026-09-22T18:35:59.850010292Z,20.411296,123.967681,Cloud to Ground,-20936,0,8
2026-09-22T18:35:59.875051594Z,20.41311,123.961701,Cloud to Ground,-19351,0,6
2026-09-22T18:36:00.142461582Z,20.416207,123.948042,Cloud to Ground,-11027,0,6
2026-09-22T18:36:01.285494052Z,14.942316,120.63651,Cloud to Ground,-13428,0,15
2026-09-22T18:36:01.185539000Z,14.8253,120.6793,Cloud to Ground,-9327,0,5
2026-09-22T18:36:01.446347000Z,1.4772,113.3012,Cloud to Ground,28014,0,8
2026-09-22T18:36:04.415539818Z,18.988625,124.301252,Cloud to Ground,-35548,0,12
2026-09-22T18:36:04.346966000Z,19.0506,124.3272,Cloud to Ground,-4027,0,6
2026-09-22T18:36:04.345420000Z,19.0665,124.2808,Cloud to Ground,15440,0,8
2026-09-22T18:36:06.844543697Z,1.178618,111.901944,Cloud to Ground,11655,0,14
2026-09-22T18:36:12.981429851Z,3.236565,115.591154,Cloud to Ground,41039,0,16
2026-09-22T18:36:12.980558277Z,3.237658,115.607454,Cloud to Ground,50280,0,28
2026-09-22T18:36:13.164590581Z,9.723304,124.978833,Cloud to Ground,29957,0,9
2026-09-22T18:36:14.197524000Z,20.2761,123.9387,Cloud to Ground,-32506,0,5
2026-09-22T18:36:16.636364937Z,1.186887,111.892034,Cloud to Cloud,-13984,5955,11
2026-09-22T18:36:16.212282646Z,1.209535,111.853736,Cloud to Cloud,12082,15712,20
2026-09-22T18:36:18.429442431Z,16.00656,111.135128,Cloud to Cloud,11513,6566,8
2026-09-22T18:36:21.011272296Z,3.59055,116.430481,Cloud to Ground,-34608,0,29
2026-09-22T18:36:21.054814405Z,3.584919,116.453103,Cloud to Cloud,-17978,5680,24
2026-09-22T18:36:20.974528696Z,3.577375,116.38507,Cloud to Cloud,10341,4473,11
2026-09-22T18:36:21.010737776Z,3.592399,116.427625,Cloud to Cloud,28293,3355,24
2026-09-22T18:36:22.617859262Z,5.785866,118.433075,Cloud to Ground,-15488,0,10
2026-09-22T18:36:22.925547578Z,5.772806,118.357288,Cloud to Cloud,15664,18127,6
2026-09-22T18:36:22.703999812Z,5.785532,118.381838,Cloud to Ground,28538,0,11
2026-09-22T18:36:22.792892260Z,5.773138,118.359693,Cloud to Ground,38033,0,9
2026-09-22T18:36:22.635110011Z,5.800434,118.437933,Cloud to Ground,89589,0,18
2026-09-22T18:36:22.787910637Z,6.014636,118.381826,Cloud to Cloud,-13270,3156,6
2026-09-22T18:36:22.912159348Z,7.575872,130.617023,Cloud to Ground,-46114,0,8
2026-09-22T18:36:22.852618712Z,14.822244,120.693627,Cloud to Ground,-28727,0,10
2026-09-22T18:36:23.541449633Z,5.717382,119.303225,Cloud to Cloud,-9276,14248,11
2026-09-22T18:36:23.561429000Z,5.9451,119.1857,Cloud to Ground,-44502,0,8
2026-09-22T18:36:25.472142520Z,4.416313,116.259979,Cloud to Ground,-10321,0,11
2026-09-22T18:36:26.482585954Z,18.131746,123.608691,Cloud to Ground,-52279,0,12
2026-09-22T18:36:26.560575134Z,18.174241,123.441149,Cloud to Cloud,-16653,15058,9
2026-09-22T18:36:28.351550985Z,1.196682,111.829751,Cloud to Cloud,12509,4494,13
2026-09-22T18:36:33.238355492Z,1.391411,113.118546,Cloud to Cloud,-12840,3005,14
2026-09-22T18:36:36.250448000Z,7.6862,127.4156,Cloud to Ground,-15001,0,5
2026-09-22T18:36:36.596023000Z,7.7264,127.4222,Cloud to Ground,-9962,0,5
2026-09-22T18:36:37.875823316Z,14.953816,120.128777,Cloud to Cloud,-20361,8137,14
2026-09-22T18:36:37.901369000Z,15.0477,120.0837,Cloud to Ground,-8876,0,8
2026-09-22T18:36:39.627515222Z,2.163609,117.655467,Cloud to Cloud,-19381,3202,16
2026-09-22T18:36:39.616662807Z,2.125711,117.696275,Cloud to Ground,18178,0,12
2026-09-22T18:36:39.571544937Z,2.145301,117.715907,Cloud to Ground,131693,0,19
2026-09-22T18:36:39.785347067Z,18.19856,123.357839,Cloud to Cloud,19591,4169,8
2026-09-22T18:36:39.737421632Z,18.167366,123.273518,Cloud to Cloud,20431,7951,7
2026-09-22T18:36:41.637227197Z,6.219571,117.700428,Cloud to Ground,24175,0,18
2026-09-22T18:36:41.661677000Z,16.0815,111.2507,Cloud to Ground,-76397,0,9
2026-09-22T18:36:41.783699004Z,16.032831,111.261837,Cloud to Ground,-58003,0,10
2026-09-22T18:36:42.361178940Z,18.788484,121.873686,Cloud to Ground,-33059,0,11
2026-09-22T18:36:42.967957000Z,8.7588,124.1119,Cloud to Ground,-15714,0,5
2026-09-22T18:36:42.972412000Z,8.757,124.0542,Cloud to Ground,-5778,0,5
2026-09-22T18:36:44.492270272Z,1.694347,113.217756,Cloud to Ground,-57619,0,19
2026-09-22T18:36:44.729722892Z,1.70653,113.141193,Cloud to Ground,-28451,0,18
2026-09-22T18:36:44.512966095Z,1.759881,113.095065,Cloud to Ground,-18760,0,17
2026-09-22T18:36:44.484337778Z,1.669259,113.23555,Cloud to Ground,16650,0,12
2026-09-22T18:36:44.689134677Z,1.428827,113.38918,Cloud to Ground,47512,0,19
2026-09-22T18:36:47.043870000Z,20.4315,123.9696,Cloud to Ground,-36936,0,8
2026-09-22T18:36:46.924154078Z,20.402041,123.947164,Cloud to Ground,-36452,0,11
2026-09-22T18:36:49.965379664Z,3.290822,115.896692,Cloud to Cloud,-12960,7664,13
2026-09-22T18:36:49.883657088Z,3.185523,116.021765,Cloud to Ground,-27304,0,17
2026-09-22T18:36:49.843161869Z,3.191232,115.95453,Cloud to Ground,15905,0,8
2026-09-22T18:36:53.330736000Z,13.872,112.2444,Cloud to Ground,-90610,0,6
2026-09-22T18:36:53.332014000Z,13.8766,112.1912,Cloud to Ground,-60184,0,7
2026-09-22T18:36:53.329830770Z,13.889213,112.236729,Cloud to Cloud,-12097,3014,9
2026-09-22T18:36:53.337768858Z,13.879447,112.230807,Cloud to Cloud,-12025,12425,8
2026-09-22T18:36:53.330326021Z,13.854493,112.097237,Cloud to Cloud,-9734,6802,8
2026-09-22T18:36:53.336522388Z,13.843572,112.135194,Cloud to Ground,-6257,0,7
2026-09-22T18:36:53.334233159Z,13.859466,112.06503,Cloud to Cloud,10042,10571,9
2026-09-22T18:36:55.263242698Z,5.799009,118.412157,Cloud to Ground,17038,0,15
2026-09-22T18:36:56.416936370Z,2.225164,114.700068,Cloud to Ground,11199,0,11
2026-09-22T18:36:56.426717736Z,2.229172,114.706402,Cloud to Ground,14517,0,18
2026-09-22T18:36:56.416118949Z,2.233349,114.687954,Cloud to Ground,27624,0,20
2026-09-22T18:36:56.571157107Z,1.260773,111.839069,Cloud to Cloud,-9281,12760,8
2026-09-22T18:36:56.470618654Z,1.17751,111.80988,Cloud to Ground,12927,0,8
2026-09-22T18:37:01.504742182Z,14.704462,120.673062,Cloud to Cloud,23257,14848,8
2026-09-22T18:37:01.441476512Z,14.826866,120.68159,Cloud to Ground,-43497,0,11
2026-09-22T18:37:02.999426420Z,2.551458,115.160195,Cloud to Ground,13060,0,11
2026-09-22T18:37:02.957963500Z,2.435229,115.086284,Cloud to Ground,-78674,0,16
2026-09-22T18:37:02.802379045Z,2.500136,115.063543,Cloud to Ground,-12050,0,16
2026-09-22T18:37:02.800365656Z,2.456853,115.099047,Cloud to Ground,13693,0,9
2026-09-22T18:37:02.801181876Z,2.452691,115.084877,Cloud to Ground,18297,0,12
2026-09-22T18:37:02.185388764Z,8.804124,124.121314,Cloud to Ground,-20478,0,20
2026-09-22T18:37:02.146049852Z,7.61386,130.521834,Cloud to Cloud,-14424,10970,13
2026-09-22T18:37:02.027326818Z,7.571437,130.43447,Cloud to Ground,-13950,0,15
2026-09-22T18:37:02.005499000Z,7.6393,130.6681,Cloud to Ground,-36786,0,7
2026-09-22T18:37:07.533878587Z,13.778609,111.452009,Cloud to Ground,-60097,0,8
2026-09-22T18:37:07.620843469Z,13.829014,111.750324,Cloud to Ground,-37246,0,7
2026-09-22T18:37:07.685272367Z,13.811819,111.763271,Cloud to Ground,-23922,0,9
2026-09-22T18:37:07.629101461Z,13.826244,111.658011,Cloud to Cloud,-19903,4229,6
2026-09-22T18:37:07.538248000Z,13.9801,111.7633,Cloud to Ground,385347,0,8
2026-09-22T18:37:09.514418802Z,4.921428,116.688569,Cloud to Ground,22618,0,17
2026-09-22T18:37:09.177291923Z,13.411073,120.386258,Cloud to Ground,24837,0,8
2026-09-22T18:37:09.621573101Z,13.432865,120.214685,Cloud to Ground,-19589,0,7
2026-09-22T18:37:10.130837674Z,5.027728,116.658185,Cloud to Ground,50063,0,15
2026-09-22T18:37:11.755622955Z,2.243783,117.589075,Cloud to Ground,35012,0,25
2026-09-22T18:37:12.759389282Z,5.634862,118.640132,Cloud to Ground,30566,0,12
2026-09-22T18:37:12.657983634Z,5.618457,118.934906,Cloud to Cloud,-14209,3338,19
2026-09-22T18:37:12.887436848Z,5.614616,118.890569,Cloud to Ground,13630,0,10
2026-09-22T18:37:12.667246753Z,5.611691,118.895301,Cloud to Ground,26653,0,14
2026-09-22T18:37:12.714824429Z,5.608749,118.883761,Cloud to Ground,29620,0,11
2026-09-22T18:37:12.637230791Z,5.608575,118.93504,Cloud to Ground,65015,0,12
2026-09-22T18:37:13.913910177Z,4.397174,116.11685,Cloud to Ground,13893,0,13
2026-09-22T18:37:13.905378693Z,4.341175,116.104636,Cloud to Ground,53584,0,21
2026-09-22T18:37:13.745210639Z,4.369205,116.130059,Cloud to Ground,171073,0,28
2026-09-22T18:37:13.882787530Z,4.322225,115.971619,Cloud to Ground,-18677,0,9
2026-09-22T18:37:13.886823972Z,4.3743,115.982483,Cloud to Ground,24183,0,29
2026-09-22T18:37:18.115174043Z,7.631243,127.32367,Cloud to Cloud,-40954,18293,26
2026-09-22T18:37:17.992846746Z,7.727523,127.307418,Cloud to Ground,-29253,0,20
2026-09-22T18:37:18.253510000Z,7.6417,127.3139,Cloud to Ground,16361,0,5
2026-09-22T18:37:17.813081000Z,15.0355,120.1348,Cloud to Ground,-13061,0,5
2026-09-22T18:37:17.726313000Z,15.0341,119.9245,Cloud to Ground,-25193,0,10
2026-09-22T18:37:19.344588508Z,5.92868,118.324265,Cloud to Cloud,25119,5949,7
2026-09-22T18:37:19.338768592Z,5.857665,118.438936,Cloud to Ground,-15246,0,8
2026-09-22T18:37:26.923432711Z,3.408239,115.098293,Cloud to Ground,-13420,0,8
2026-09-22T18:37:26.920437926Z,3.447772,115.026626,Cloud to Ground,18260,0,11
2026-09-22T18:37:26.918354226Z,3.441134,115.051496,Cloud to Ground,27480,0,14
2026-09-22T18:37:26.765410000Z,6.52,118.2898,Cloud to Ground,-26627,0,8
2026-09-22T18:37:27.010204010Z,6.480768,118.192141,Cloud to Cloud,-19382,4813,17
2026-09-22T18:37:26.764484252Z,6.482343,118.242478,Cloud to Ground,17998,0,10
2026-09-22T18:37:29.846047149Z,1.194302,111.901622,Cloud to Ground,31047,0,16
2026-09-22T18:37:31.873203782Z,7.209467,129.685198,Cloud to Ground,-60497,0,10
2026-09-22T18:37:31.992491595Z,7.23084,129.680592,Cloud to Ground,-29710,0,26
2026-09-22T18:37:32.307250000Z,7.2264,129.7503,Cloud to Ground,-27690,0,6
2026-09-22T18:37:32.058974000Z,7.2591,129.7595,Cloud to Ground,-20580,0,6
2026-09-22T18:37:32.001981830Z,7.227093,129.786353,Cloud to Cloud,-17597,7552,12
2026-09-22T18:37:31.891209083Z,7.252301,129.78132,Cloud to Cloud,13877,3073,10
2026-09-22T18:37:31.697015000Z,14.7957,120.628,Cloud to Ground,-7874,0,8
2026-09-22T18:37:32.817126839Z,5.80005,118.297325,Cloud to Ground,-33276,0,17
2026-09-22T18:37:32.778472655Z,5.793752,118.385825,Cloud to Ground,-28703,0,14
2026-09-22T18:37:33.241135880Z,5.800828,118.300833,Cloud to Ground,-25357,0,15
2026-09-22T18:37:32.973632035Z,5.784223,118.360757,Cloud to Ground,-24668,0,9
2026-09-22T18:37:34.337060077Z,18.662296,122.017872,Cloud to Ground,-94866,0,14
2026-09-22T18:37:34.422501245Z,18.661377,122.036436,Cloud to Ground,-21624,0,12
2026-09-22T18:37:34.532280953Z,18.660914,122.027694,Cloud to Ground,-18990,0,7
2026-09-22T18:37:37.957567461Z,8.762973,124.348723,Cloud to Ground,24200,0,20
2026-09-22T18:37:37.443826345Z,1.192397,111.815135,Cloud to Ground,24295,0,18
2026-09-22T18:37:38.970759029Z,1.795027,113.191346,Cloud to Ground,-86288,0,12
2026-09-22T18:37:38.962602408Z,1.696184,113.217446,Cloud to Ground,-36744,0,12
2026-09-22T18:37:39.041479691Z,1.662306,113.134846,Cloud to Ground,-33928,0,15
2026-09-22T18:37:39.112957000Z,1.7036,113.1816,Cloud to Ground,-33209,0,6
2026-09-22T18:37:38.963035838Z,1.69017,113.203573,Cloud to Ground,-19806,0,18
2026-09-22T18:37:38.028207644Z,18.637913,122.446459,Cloud to Ground,-44664,0,6
2026-09-22T18:37:38.517120871Z,18.68282,122.401097,Cloud to Ground,-33178,0,11
2026-09-22T18:37:37.996284794Z,18.675295,122.460359,Cloud to Cloud,-17464,16707,6
2026-09-22T18:37:37.996841466Z,18.673034,122.464861,Cloud to Cloud,-14312,18569,6
2026-09-22T18:37:38.604681240Z,18.681135,122.41576,Cloud to Ground,-12650,0,7
2026-09-22T18:37:38.201602000Z,18.7532,122.5516,Cloud to Ground,-34577,0,5
2026-09-22T18:37:40.238208576Z,13.697233,120.705165,Cloud to Cloud,-4603,5502,6
2026-09-22T18:37:40.272454000Z,15.0759,120.0731,Cloud to Ground,-6667,0,9
2026-09-22T18:37:44.030691988Z,7.582687,130.490307,Cloud to Ground,-33755,0,16
2026-09-22T18:37:44.286471687Z,7.593583,130.537479,Cloud to Ground,-22912,0,18
2026-09-22T18:37:43.993179298Z,7.568756,130.622812,Cloud to Ground,-17951,0,15
2026-09-22T18:37:44.101407000Z,7.4322,130.6165,Cloud to Ground,-24022,0,5
2026-09-22T18:37:45.242261701Z,6.371847,117.804411,Cloud to Ground,-25997,0,12
2026-09-22T18:37:45.272198063Z,6.374003,117.831432,Cloud to Cloud,7844,3028,7
2026-09-22T18:37:45.367892651Z,6.35768,117.72743,Cloud to Cloud,16315,3513,7
2026-09-22T18:37:45.347505137Z,6.341326,117.681808,Cloud to Ground,16646,0,8
2026-09-22T18:37:45.304619006Z,6.353351,117.724669,Cloud to Ground,19558,0,8
2026-09-22T18:37:46.999294489Z,1.215372,111.846143,Cloud to Cloud,-10850,3086,8
2026-09-22T18:37:48.204321000Z,20.482,123.9995,Cloud to Ground,-131222,0,9
2026-09-22T18:37:48.286787087Z,20.413831,123.993143,Cloud to Ground,-73404,0,18
2026-09-22T18:37:48.355836000Z,20.3869,123.9113,Cloud to Ground,-31557,0,5
2026-09-22T18:37:48.279727379Z,20.419992,123.9851,Cloud to Cloud,-15102,18805,7
2026-09-22T18:37:48.277758958Z,20.42451,123.995969,Cloud to Ground,-13571,0,7
2026-09-22T18:37:50.569700514Z,7.621671,127.30786,Cloud to Ground,-65900,0,26
2026-09-22T18:37:52.748204134Z,5.789238,118.383861,Cloud to Ground,-20226,0,10
2026-09-22T18:37:53.617935655Z,3.343302,115.321578,Cloud to Ground,22453,0,13
2026-09-22T18:37:53.620433655Z,3.469053,115.371306,Cloud to Cloud,-14372,6626,10
2026-09-22T18:37:53.618586141Z,3.34182,115.223694,Cloud to Ground,63650,0,16
2026-09-22T18:37:54.729748289Z,1.272134,111.872712,Cloud to Ground,-26027,0,13
2026-09-22T18:37:54.808002410Z,1.257708,111.870523,Cloud to Ground,-20148,0,14
2026-09-22T18:37:56.942152641Z,4.431064,116.160119,Cloud to Cloud,17717,3051,7
2026-09-22T18:37:56.753537300Z,14.823851,120.807207,Cloud to Ground,-29488,0,7
2026-09-22T18:37:56.681365000Z,14.8597,120.8348,Cloud to Ground,-5434,0,5
2026-09-22T18:37:56.161133606Z,16.056382,111.134135,Cloud to Ground,22624,0,7
2026-09-22T18:37:56.060612690Z,16.021973,111.254462,Cloud to Ground,-53996,0,11
2026-09-22T18:37:56.169938858Z,16.038788,111.301357,Cloud to Cloud,-19168,14513,12
2026-09-22T18:37:56.145320256Z,16.038874,111.312855,Cloud to Cloud,17263,14437,8
2026-09-22T18:37:57.788390108Z,3.234171,115.673413,Cloud to Ground,-14429,0,8
2026-09-22T18:37:59.991110767Z,7.21256,129.706756,Cloud to Ground,28817,0,20
2026-09-22T18:38:04.352777053Z,1.642928,113.276629,Cloud to Cloud,-14566,6607,13
2026-09-22T18:38:04.405336460Z,1.663438,113.221934,Cloud to Ground,7573,0,6
2026-09-22T18:38:04.333426145Z,1.71043,113.227972,Cloud to Cloud,15037,17956,20
2026-09-22T18:38:04.375612061Z,1.669667,113.234181,Cloud to Ground,20610,0,8
2026-09-22T18:38:08.380594830Z,2.234741,117.557396,Cloud to Ground,-39742,0,27
2026-09-22T18:38:08.438370103Z,2.21195,117.542257,Cloud to Ground,-30604,0,20
2026-09-22T18:38:08.588982704Z,2.234826,117.608628,Cloud to Ground,12920,0,11
2026-09-22T18:38:08.435451252Z,2.216498,117.56562,Cloud to Ground,20831,0,15
2026-09-22T18:38:08.472279739Z,2.204419,117.570983,Cloud to Ground,34750,0,15
2026-09-22T18:38:08.317788696Z,2.214781,117.615691,Cloud to Ground,124866,0,30
2026-09-22T18:38:08.421679144Z,1.183659,111.878413,Cloud to Ground,15550,0,9
2026-09-22T18:38:08.735068265Z,1.255592,111.856418,Cloud to Ground,28533,0,17
2026-09-22T18:38:08.178700427Z,18.773575,121.913783,Cloud to Ground,-76730,0,15
2026-09-22T18:38:08.344858000Z,18.8114,121.8733,Cloud to Ground,-27401,0,5
2026-09-22T18:38:08.209847773Z,18.810906,121.939524,Cloud to Cloud,-12955,11764,8
2026-09-22T18:38:09.390727143Z,5.606914,118.863116,Cloud to Ground,-49972,0,21
2026-09-22T18:38:09.458772609Z,5.579304,118.910918,Cloud to Ground,22021,0,10
2026-09-22T18:38:11.795889010Z,2.26044,116.829082,Cloud to Ground,11292,0,10
2026-09-22T18:38:12.318024069Z,1.105161,111.790149,Cloud to Ground,-18611,0,13
2026-09-22T18:38:14.605036572Z,5.554769,119.266818,Cloud to Ground,-24871,0,11
2026-09-22T18:38:14.740590451Z,5.503352,119.25312,Cloud to Ground,11616,0,14
2026-09-22T18:38:14.661505824Z,5.639929,119.22452,Cloud to Cloud,-19702,3008,26
2026-09-22T18:38:15.858864935Z,2.150826,117.666986,Cloud to Ground,53216,0,24
2026-09-22T18:38:15.857309718Z,2.164105,117.557519,Cloud to Ground,37782,0,21
2026-09-22T18:38:15.856751064Z,2.207377,117.743263,Cloud to Ground,-40508,0,27
2026-09-22T18:38:17.892224566Z,3.578353,116.473573,Cloud to Ground,-107391,0,27
2026-09-22T18:38:19.372977432Z,1.157602,111.927648,Cloud to Ground,20879,0,27
2026-09-22T18:38:22.953761151Z,6.007781,118.35458,Cloud to Ground,37487,0,8
2026-09-22T18:38:22.012038323Z,15.019492,120.046246,Cloud to Ground,-31337,0,8
2026-09-22T18:38:23.036358813Z,5.926342,118.40047,Cloud to Ground,-45462,0,31
2026-09-22T18:38:22.984551924Z,5.775227,118.313316,Cloud to Ground,16892,0,9
2026-09-22T18:38:23.212906834Z,5.779644,118.318089,Cloud to Ground,29579,0,10
2026-09-22T18:38:25.030673188Z,3.927455,115.348409,Cloud to Cloud,-16363,9930,7
2026-09-22T18:38:25.023076530Z,3.897034,115.368287,Cloud to Ground,10864,0,8
2026-09-22T18:38:25.020757835Z,3.920187,115.373945,Cloud to Ground,26650,0,15
2026-09-22T18:38:25.022601666Z,4.031567,115.407778,Cloud to Cloud,-10982,3694,8
2026-09-22T18:38:29.674505625Z,1.275907,111.944218,Cloud to Ground,-12485,0,13
2026-09-22T18:38:29.319987674Z,1.22763,111.925638,Cloud to Ground,13793,0,11
2026-09-22T18:38:29.698941273Z,1.182118,111.910164,Cloud to Ground,16533,0,13
2026-09-22T18:38:29.965374990Z,7.558774,130.576409,Cloud to Ground,-40222,0,23
2026-09-22T18:38:29.873874980Z,7.551101,130.508058,Cloud to Ground,-33322,0,18
2026-09-22T18:38:30.408111952Z,7.537156,130.514517,Cloud to Ground,-20378,0,15
2026-09-22T18:38:35.361480697Z,20.388751,124.003865,Cloud to Ground,-46036,0,11
2026-09-22T18:38:35.419262089Z,20.382404,123.994832,Cloud to Ground,-30782,0,7
2026-09-22T18:38:35.477521000Z,20.4207,124.0323,Cloud to Ground,-26724,0,6
2026-09-22T18:38:35.557316073Z,20.403528,124.001951,Cloud to Cloud,3914,14658,6
2026-09-22T18:38:36.830603962Z,6.007757,118.532976,Cloud to Cloud,-5150,3050,7
2026-09-22T18:38:37.283421522Z,1.685678,113.24642,Cloud to Cloud,14445,3342,10
2026-09-22T18:38:37.349592691Z,1.695494,113.124271,Cloud to Cloud,9794,3053,8
2026-09-22T18:38:37.343024651Z,1.674567,113.110826,Cloud to Ground,16530,0,12
2026-09-22T18:38:38.240343000Z,7.6581,127.3792,Cloud to Ground,-10259,0,8
2026-09-22T18:38:38.290342000Z,7.6462,127.3954,Cloud to Ground,-4049,0,7
2026-09-22T18:38:38.519550000Z,7.6437,127.4103,Cloud to Ground,10765,0,5
2026-09-22T18:38:38.265918000Z,7.6573,127.3781,Cloud to Ground,16164,0,8
2026-09-22T18:38:39.322345589Z,3.49012,116.240316,Cloud to Ground,-78503,0,27
2026-09-22T18:38:39.354963420Z,3.511245,116.24561,Cloud to Ground,14878,0,7
2026-09-22T18:38:39.203186709Z,3.512597,116.257678,Cloud to Ground,22806,0,20
2026-09-22T18:38:39.571070569Z,7.201071,129.60329,Cloud to Cloud,-41566,9504,27
2026-09-22T18:38:39.723807735Z,7.204193,129.615305,Cloud to Ground,-29870,0,24
2026-09-22T18:38:39.269282000Z,7.2427,129.6517,Cloud to Ground,-27481,0,7
2026-09-22T18:38:41.822996100Z,12.049281,123.142137,Cloud to Ground,23702,0,9
2026-09-22T18:38:41.780768512Z,10.463833,113.143286,Cloud to Ground,-15882,0,8
2026-09-22T18:38:41.762844212Z,10.332299,113.183312,Cloud to Ground,-13667,0,8
2026-09-22T18:38:41.552478172Z,10.329675,113.130686,Cloud to Ground,39581,0,11
2026-09-22T18:38:42.783115837Z,14.733015,120.760622,Cloud to Cloud,-13355,4118,12
2026-09-22T18:38:42.988161000Z,14.8215,120.6292,Cloud to Ground,-7883,0,6
2026-09-22T18:38:45.465638461Z,9.916607,124.906415,Cloud to Ground,-22740,0,14
2026-09-22T18:38:51.792299081Z,1.6318,113.130587,Cloud to Cloud,-10186,14783,22
2026-09-22T18:38:54.612523708Z,1.698861,113.165279,Cloud to Ground,-37433,0,13
2026-09-22T18:38:54.532464684Z,1.661791,113.147209,Cloud to Ground,-34715,0,18
2026-09-22T18:38:54.817535366Z,1.698914,113.079064,Cloud to Ground,-26331,0,22
2026-09-22T18:38:54.538819394Z,1.671268,113.223355,Cloud to Ground,-10907,0,12
2026-09-22T18:38:56.991752546Z,7.453561,130.358848,Cloud to Cloud,-16689,7889,13
2026-09-22T18:38:56.526068307Z,7.542237,130.626665,Cloud to Cloud,16863,3026,10
2026-09-22T18:38:58.261504805Z,7.497383,130.410705,Cloud to Cloud,-18570,3427,34
2026-09-22T18:38:58.263351000Z,7.5147,130.4766,Cloud to Ground,-9729,0,5
2026-09-22T18:39:00.642701513Z,6.289098,127.651418,Cloud to Ground,-25343,0,18
2026-09-22T18:39:00.649437000Z,6.2768,127.6338,Cloud to Ground,-15704,0,13
2026-09-22T18:39:01.015644726Z,6.257535,127.617623,Cloud to Ground,-15361,0,17
2026-09-22T18:39:01.487053335Z,11.360058,121.964165,Cloud to Cloud,14460,7012,10
2026-09-22T18:39:01.485024654Z,11.374517,121.971318,Cloud to Cloud,27636,3010,8
2026-09-22T18:39:02.216363000Z,18.8295,121.9405,Cloud to Ground,-58466,0,5
2026-09-22T18:39:02.094194845Z,18.790658,121.866018,Cloud to Ground,-57203,0,14
2026-09-22T18:39:02.173117012Z,18.796145,121.872593,Cloud to Ground,-35008,0,13
2026-09-22T18:39:04.470239039Z,13.807998,111.801201,Cloud to Cloud,-16561,19078,9
2026-09-22T18:39:04.468269505Z,13.808507,111.706219,Cloud to Ground,12809,0,6
2026-09-22T18:39:04.541795118Z,13.793833,111.687127,Cloud to Cloud,12959,16580,6
2026-09-22T18:39:04.471410913Z,13.803695,111.697194,Cloud to Ground,24529,0,7
2026-09-22T18:39:04.001509430Z,14.806112,120.709197,Cloud to Ground,15997,0,8
2026-09-22T18:39:05.113225804Z,5.804341,118.381103,Cloud to Ground,27724,0,13
2026-09-22T18:39:05.235347160Z,5.809739,118.398573,Cloud to Ground,103643,0,24
2026-09-22T18:39:06.525415000Z,14.7549,120.6593,Cloud to Ground,-2776,0,5
2026-09-22T18:39:08.508799925Z,4.474932,116.077667,Cloud to Cloud,-18342,3048,26
2026-09-22T18:39:08.511115670Z,4.463439,116.050211,Cloud to Ground,-15058,0,9
2026-09-22T18:39:08.504879316Z,4.488673,116.144254,Cloud to Ground,-11836,0,13
2026-09-22T18:39:08.545706841Z,4.403993,116.063289,Cloud to Ground,8378,0,9
2026-09-22T18:39:08.507732474Z,4.370252,116.107372,Cloud to Ground,17612,0,9
2026-09-22T18:39:14.965587164Z,5.579325,118.875852,Cloud to Ground,-11565,0,7
2026-09-22T18:39:14.009725765Z,1.31121,111.837788,Cloud to Ground,-8535,0,14
2026-09-22T18:39:18.789560111Z,13.794021,112.123385,Cloud to Cloud,-19637,4044,8
2026-09-22T18:39:18.371112361Z,13.844697,112.15958,Cloud to Ground,13508,0,7
2026-09-22T18:39:18.498690006Z,13.883266,112.153514,Cloud to Ground,37331,0,9
2026-09-22T18:39:19.556463185Z,1.741101,113.221271,Cloud to Ground,-15130,0,11
2026-09-22T18:39:19.532801846Z,1.687807,113.253914,Cloud to Ground,27367,0,14
2026-09-22T18:39:19.536278830Z,1.674229,113.198612,Cloud to Ground,30879,0,12
2026-09-22T18:39:19.815258846Z,14.87304,120.059401,Cloud to Cloud,-19506,6388,12
2026-09-22T18:39:19.883911000Z,15.0551,119.9529,Cloud to Ground,-6764,0,5
2026-09-22T18:39:19.831564000Z,15.0761,120.0619,Cloud to Ground,-30114,0,8
2026-09-22T18:39:20.626048476Z,7.206911,129.619654,Cloud to Ground,-49522,0,28
2026-09-22T18:39:20.231377968Z,7.203066,129.645498,Cloud to Ground,-36181,0,23
2026-09-22T18:39:20.561370130Z,14.769415,120.686305,Cloud to Ground,30982,0,8
2026-09-22T18:39:23.469327429Z,20.409022,123.997075,Cloud to Ground,-50204,0,11
2026-09-22T18:39:23.509727508Z,20.423827,123.983204,Cloud to Ground,-47180,0,7
2026-09-22T18:39:23.622132956Z,20.41751,123.988166,Cloud to Ground,-42444,0,8
2026-09-22T18:39:23.615541588Z,20.412378,123.983402,Cloud to Ground,-18220,0,6
2026-09-22T18:39:27.061062000Z,7.5845,130.5834,Cloud to Ground,-27836,0,10
2026-09-22T18:39:27.468646000Z,7.569,130.5552,Cloud to Ground,-22583,0,10
2026-09-22T18:39:27.470052807Z,7.530558,130.593164,Cloud to Cloud,-18522,3000,8
2026-09-22T18:39:30.026269924Z,7.625332,127.417152,Cloud to Ground,-25311,0,18
2026-09-22T18:39:29.912940915Z,7.629829,127.426058,Cloud to Ground,-18132,0,11
2026-09-22T18:39:29.897657000Z,7.6625,127.3475,Cloud to Ground,-5211,0,8
2026-09-22T18:39:29.928902000Z,7.6808,127.4809,Cloud to Ground,6331,0,5
2026-09-22T18:39:30.128714000Z,7.6731,127.2619,Cloud to Ground,41330,0,5
2026-09-22T18:39:30.914949383Z,1.258408,111.894777,Cloud to Ground,11257,0,10
2026-09-22T18:39:30.727864730Z,1.176843,111.909698,Cloud to Ground,12761,0,10
2026-09-22T18:39:31.136419928Z,1.145193,111.915112,Cloud to Ground,17261,0,16
2026-09-22T18:39:31.693570339Z,14.784299,120.755751,Cloud to Cloud,-28310,17712,10
2026-09-22T18:39:32.940158288Z,1.146744,111.833343,Cloud to Ground,9666,0,7
2026-09-22T18:39:32.594044951Z,11.792647,124.555645,Cloud to Ground,27083,0,16
2026-09-22T18:39:33.748211008Z,6.375234,117.717999,Cloud to Cloud,-8542,17881,13
2026-09-22T18:39:33.721984000Z,6.0617,118.3896,Cloud to Ground,10809,0,6
2026-09-22T18:39:35.044049188Z,5.770384,118.328008,Cloud to Ground,30711,0,12
2026-09-22T18:39:36.166297791Z,8.878531,124.314915,Cloud to Ground,-31244,0,15
2026-09-22T18:39:39.887732536Z,5.696853,118.907281,Cloud to Cloud,-10159,3012,14
2026-09-22T18:39:39.279623271Z,2.370666,114.952898,Cloud to Ground,38305,0,23
2026-09-22T18:39:40.926690175Z,1.21228,111.898902,Cloud to Ground,15663,0,15
2026-09-22T18:39:42.503332045Z,2.222881,114.695452,Cloud to Ground,9867,0,9
2026-09-22T18:39:42.466788182Z,2.218966,114.702905,Cloud to Ground,16700,0,9
2026-09-22T18:39:43.305637356Z,16.014841,111.282921,Cloud to Ground,-33963,0,9
2026-09-22T18:39:43.295432939Z,16.013269,111.191171,Cloud to Cloud,-31883,5736,7
2026-09-22T18:39:45.164052124Z,20.399876,124.010282,Cloud to Cloud,11011,3020,6
2026-09-22T18:39:47.330489205Z,1.701147,113.112444,Cloud to Ground,-12176,0,9
2026-09-22T18:39:47.108738196Z,1.764265,113.201353,Cloud to Ground,-11533,0,14
2026-09-22T18:39:47.119859029Z,1.671267,113.200816,Cloud to Ground,9563,0,9
2026-09-22T18:39:47.056727334Z,1.684369,113.203571,Cloud to Ground,36001,0,21
2026-09-22T18:39:47.060142069Z,1.681274,113.23146,Cloud to Ground,42825,0,22
2026-09-22T18:39:48.355187555Z,14.943461,120.100103,Cloud to Ground,36804,0,8
2026-09-22T18:39:49.788863500Z,1.909674,112.881682,Cloud to Ground,-19651,0,14
2026-09-22T18:39:49.625912477Z,5.72952,118.412951,Cloud to Ground,12184,0,6
2026-09-22T18:39:49.590857863Z,5.797672,118.404407,Cloud to Ground,30360,0,13
2026-09-22T18:39:49.729823340Z,5.805062,118.49482,Cloud to Cloud,-13477,7622,7
2026-09-22T18:39:51.514596473Z,2.253373,117.547184,Cloud to Cloud,-21835,5815,13
2026-09-22T18:39:51.141645373Z,8.839574,124.154149,Cloud to Ground,-40142,0,15
2026-09-22T18:39:51.115254449Z,8.753111,124.130535,Cloud to Ground,40566,0,8
2026-09-22T18:39:53.567627977Z,1.250544,111.886256,Cloud to Cloud,21038,3738,13
2026-09-22T18:39:54.266377331Z,13.692467,119.872907,Cloud to Cloud,-25019,18706,8
2026-09-22T18:39:54.239523681Z,13.78437,119.817456,Cloud to Ground,-59002,0,9
2026-09-22T18:39:54.856244092Z,18.803484,121.879012,Cloud to Ground,-36265,0,9
2026-09-22T18:39:55.809777126Z,2.209625,117.541742,Cloud to Ground,32981,0,13
2026-09-22T18:39:55.808874447Z,2.126756,117.724613,Cloud to Ground,-37969,0,22
2026-09-22T18:39:55.807127201Z,2.140084,117.714749,Cloud to Cloud,-9426,3072,9
2026-09-22T18:39:56.175322000Z,14.8045,120.6238,Cloud to Ground,-9533,0,7
2026-09-22T18:39:57.040211714Z,6.505771,117.723128,Cloud to Ground,17104,0,12
2026-09-22T18:39:59.615616962Z,1.190503,111.854634,Cloud to Ground,-15939,0,9
2026-09-22T18:40:00.562045178Z,3.135855,115.989601,Cloud to Ground,17787,0,10
2026-09-22T18:40:00.566827475Z,3.233659,115.939176,Cloud to Cloud,-12319,14030,10
2026-09-22T18:40:00.565793521Z,2.152245,116.329428,Cloud to Cloud,-13650,4857,12
2026-09-22T18:40:01.668266519Z,3.592999,116.415693,Cloud to Ground,19435,0,18
2026-09-22T18:40:01.669443274Z,3.572006,116.335945,Cloud to Ground,24994,0,15
2026-09-22T18:40:01.665738684Z,3.593333,116.450241,Cloud to Ground,31405,0,16
2026-09-22T18:40:02.087750032Z,6.017217,118.887478,Cloud to Ground,-45396,0,18
2026-09-22T18:40:02.848242327Z,5.571762,117.917357,Cloud to Ground,13045,0,8
2026-09-22T18:40:02.848962894Z,5.573139,117.910119,Cloud to Ground,26236,0,11
2026-09-22T18:40:05.393013025Z,4.998978,116.561587,Cloud to Ground,21707,0,9
2026-09-22T18:40:05.680031598Z,18.667137,122.384252,Cloud to Ground,-43843,0,14
2026-09-22T18:40:05.648037787Z,18.654449,122.384939,Cloud to Ground,-33442,0,9
2026-09-22T18:40:05.705413625Z,18.670877,122.403245,Cloud to Ground,-20209,0,9
2026-09-22T18:40:05.923964197Z,18.683248,122.410363,Cloud to Ground,-16885,0,6
2026-09-22T18:40:05.944405954Z,18.681365,122.411846,Cloud to Cloud,-5951,5326,6
2026-09-22T18:40:09.022739911Z,5.788623,118.42668,Cloud to Ground,18896,0,10
2026-09-22T18:40:09.509704366Z,1.18466,111.91797,Cloud to Ground,13590,0,8
2026-09-22T18:40:09.493530692Z,1.181376,111.911881,Cloud to Ground,15824,0,12
2026-09-22T18:40:12.621486234Z,7.746068,127.500959,Cloud to Ground,-97075,0,13
2026-09-22T18:40:12.615822053Z,7.748116,127.531684,Cloud to Ground,-32070,0,20
2026-09-22T18:40:13.167102036Z,7.763807,127.429144,Cloud to Ground,-26267,0,18
2026-09-22T18:40:12.722728000Z,7.747,127.483,Cloud to Ground,-8708,0,7
2026-09-22T18:40:12.758590000Z,15.0547,120.0737,Cloud to Ground,-10485,0,5
2026-09-22T18:40:13.170008651Z,7.548571,130.548603,Cloud to Ground,-30684,0,16
2026-09-22T18:40:13.258105950Z,7.56872,130.59509,Cloud to Ground,-30032,0,23
2026-09-22T18:40:13.350858999Z,7.562164,130.550127,Cloud to Ground,-25678,0,20
2026-09-22T18:40:13.143189408Z,7.643957,130.592289,Cloud to Cloud,-12439,7893,5
2026-09-22T18:40:15.850672515Z,17.72326,123.19163,Cloud to Ground,-53148,0,10
2026-09-22T18:40:16.581448000Z,8.8035,124.1346,Cloud to Ground,5786,0,5
2026-09-22T18:40:19.527215741Z,16.067041,111.273281,Cloud to Cloud,11848,13482,8
2026-09-22T18:40:20.580730000Z,18.681,122.0531,Cloud to Ground,-162408,0,14
2026-09-22T18:40:20.682680033Z,18.685261,122.059803,Cloud to Ground,-41566,0,9
2026-09-22T18:40:20.609421992Z,18.680552,122.057064,Cloud to Ground,-36384,0,11
2026-09-22T18:40:22.756468144Z,5.561082,118.879249,Cloud to Cloud,12385,17450,8
2026-09-22T18:40:22.444549062Z,5.573609,118.947291,Cloud to Ground,17972,0,15
2026-09-22T18:40:22.262172417Z,5.521658,118.847035,Cloud to Ground,24628,0,9
2026-09-22T18:40:22.607969001Z,5.567939,118.89831,Cloud to Ground,32930,0,15
2026-09-22T18:40:22.625835713Z,14.93061,120.569113,Cloud to Ground,-17395,0,11
2026-09-22T18:40:23.295843295Z,7.213711,129.598613,Cloud to Ground,-35584,0,20
2026-09-22T18:40:23.596701793Z,7.203581,129.622169,Cloud to Ground,-35215,0,25
2026-09-22T18:40:23.175360958Z,7.240112,129.66588,Cloud to Ground,-34718,0,11
2026-09-22T18:40:23.222283244Z,7.191063,129.608853,Cloud to Ground,-27389,0,22
2026-09-22T18:40:23.459277000Z,7.2284,129.6775,Cloud to Ground,-24206,0,5
2026-09-22T18:40:23.240942730Z,7.195121,129.641449,Cloud to Ground,-19765,0,12
2026-09-22T18:40:23.547150702Z,7.201777,129.673488,Cloud to Ground,-19524,0,16
2026-09-22T18:40:24.869381693Z,5.554472,118.905068,Cloud to Ground,15576,0,13
2026-09-22T18:40:25.114341642Z,14.968853,120.09937,Cloud to Cloud,18578,6937,7
2026-09-22T18:40:28.242230622Z,12.449544,110.017171,Cloud to Cloud,8933,3003,6
2026-09-22T18:40:28.242869583Z,12.46065,110.025905,Cloud to Cloud,13541,14094,7
2026-09-22T18:40:28.240853390Z,12.446414,110.042208,Cloud to Ground,30695,0,9
2026-09-22T18:40:29.463019456Z,3.436761,116.174601,Cloud to Ground,11615,0,10
2026-09-22T18:40:29.464579275Z,3.438553,116.177922,Cloud to Ground,12946,0,11
2026-09-22T18:40:29.909804831Z,1.50058,113.122526,Cloud to Cloud,-14091,3283,19
2026-09-22T18:40:29.909163021Z,1.489999,113.138366,Cloud to Ground,11432,0,16
2026-09-22T18:40:29.906999824Z,1.496887,113.14638,Cloud to Ground,35605,0,15
2026-09-22T18:40:30.701022906Z,1.712809,113.093418,Cloud to Ground,25755,0,13
2026-09-22T18:40:30.399003121Z,7.554585,130.655359,Cloud to Cloud,30981,3031,13
2026-09-22T18:40:30.520049785Z,20.385096,123.982538,Cloud to Ground,-68153,0,12
2026-09-22T18:40:30.582281091Z,20.378128,123.988811,Cloud to Ground,-34575,0,8
2026-09-22T18:40:30.636768409Z,20.380313,123.983413,Cloud to Ground,-19595,0,7
2026-09-22T18:40:30.747169988Z,20.337809,124.00224,Cloud to Ground,-13258,0,8
2026-09-22T18:40:37.810712214Z,5.600018,118.930411,Cloud to Ground,-9189,0,9
2026-09-22T18:40:37.852291523Z,5.602198,118.939653,Cloud to Ground,11877,0,10
2026-09-22T18:40:40.509272743Z,5.775679,118.360704,Cloud to Ground,16262,0,8
2026-09-22T18:40:40.471467821Z,5.779101,118.387337,Cloud to Ground,18397,0,18
2026-09-22T18:40:41.097406227Z,6.355162,127.636156,Cloud to Ground,-43537,0,20
2026-09-22T18:40:41.104041237Z,6.344181,127.611038,Cloud to Ground,92884,0,19
2026-09-22T18:40:41.463723000Z,6.2351,127.6486,Cloud to Ground,-20381,0,7
2026-09-22T18:40:41.192967000Z,6.2533,127.5538,Cloud to Ground,-16887,0,5
2026-09-22T18:40:41.238174000Z,6.2102,127.4618,Cloud to Ground,15326,0,5
2026-09-22T18:40:42.999727525Z,12.420509,121.930317,Cloud to Cloud,18666,6835,8
2026-09-22T18:40:42.995687000Z,12.5398,121.9009,Cloud to Ground,-26786,0,6
2026-09-22T18:40:42.997575494Z,12.507702,121.888693,Cloud to Cloud,3513,19449,5
2026-09-22T18:40:46.392659249Z,1.687789,113.096038,Cloud to Ground,-33981,0,13
2026-09-22T18:40:47.414064928Z,1.181308,111.807683,Cloud to Ground,-19768,0,11
2026-09-22T18:40:47.293648862Z,1.126114,111.907337,Cloud to Ground,14361,0,13
2026-09-22T18:40:48.282602000Z,11.7553,124.6097,Cloud to Ground,-44728,0,5
2026-09-22T18:40:49.739763558Z,5.629754,118.573828,Cloud to Cloud,15873,14408,10
2026-09-22T18:40:49.522389479Z,5.770847,118.829738,Cloud to Ground,-22790,0,27
2026-09-22T18:40:49.440181365Z,5.627799,118.814884,Cloud to Ground,13388,0,10
2026-09-22T18:40:49.480183020Z,5.633615,118.887737,Cloud to Ground,13443,0,12
2026-09-22T18:40:49.400446739Z,5.670087,118.831112,Cloud to Ground,30126,0,10
2026-09-22T18:40:52.426989324Z,5.787816,118.463776,Cloud to Cloud,-11741,7167,10
2026-09-22T18:40:53.648212411Z,1.687542,113.237318,Cloud to Ground,-30118,0,9
2026-09-22T18:40:53.771023278Z,1.742226,113.160482,Cloud to Ground,-37244,0,14
2026-09-22T18:40:53.709417700Z,1.67189,113.130835,Cloud to Ground,-18069,0,15
2026-09-22T18:40:53.842396490Z,1.73483,113.134361,Cloud to Ground,-17773,0,13
2026-09-22T18:40:54.040563550Z,1.762897,113.16864,Cloud to Ground,-16569,0,16
2026-09-22T18:40:54.229652971Z,1.773679,113.183069,Cloud to Ground,-16145,0,15
2026-09-22T18:40:54.389608537Z,7.855489,127.168894,Cloud to Ground,-46879,0,12
2026-09-22T18:40:54.510397765Z,7.642669,127.373475,Cloud to Ground,-34534,0,20
2026-09-22T18:40:55.356008910Z,4.576729,116.33274,Cloud to Ground,10425,0,8
2026-09-22T18:40:55.355013561Z,4.609315,116.375811,Cloud to Ground,26729,0,15
2026-09-22T18:40:55.368731771Z,5.858706,118.412212,Cloud to Cloud,-10902,7075,10
2026-09-22T18:40:55.279220657Z,5.904655,118.477234,Cloud to Ground,33228,0,10
2026-09-22T18:40:56.674185013Z,1.175174,111.85043,Cloud to Cloud,-9090,16598,8
2026-09-22T18:40:57.514737347Z,1.177269,111.897646,Cloud to Ground,12373,0,11
2026-09-22T18:40:57.179686221Z,18.795911,121.866646,Cloud to Ground,-39534,0,11
2026-09-22T18:40:57.261087187Z,18.792886,121.86298,Cloud to Ground,-26287,0,8
2026-09-22T18:41:05.553885543Z,1.181073,111.930462,Cloud to Ground,20640,0,7
2026-09-22T18:41:05.590326652Z,14.634761,120.743745,Cloud to Ground,32088,0,8
2026-09-22T18:41:05.810796617Z,14.779222,120.666324,Cloud to Ground,-24316,0,9
2026-09-22T18:41:05.682161500Z,14.732457,120.683929,Cloud to Cloud,4603,3000,6
2026-09-22T18:41:08.301111000Z,9.7604,125.0611,Cloud to Ground,-25919,0,7
2026-09-22T18:41:09.466925382Z,7.480879,130.362008,Cloud to Cloud,20446,7732,10
2026-09-22T18:41:12.239554387Z,1.208288,111.876835,Cloud to Ground,-18595,0,19
2026-09-22T18:41:13.831412403Z,3.777633,116.584953,Cloud to Ground,12713,0,16
2026-09-22T18:41:13.805069588Z,3.782037,116.582151,Cloud to Ground,21564,0,10
2026-09-22T18:41:14.562086351Z,5.786124,118.313372,Cloud to Ground,15380,0,12
2026-09-22T18:41:14.425277609Z,5.840303,118.348033,Cloud to Ground,16362,0,11
2026-09-22T18:41:14.575694176Z,5.786757,118.379053,Cloud to Ground,23400,0,11
2026-09-22T18:41:14.617927542Z,5.930161,118.306371,Cloud to Ground,36533,0,7
2026-09-22T18:41:14.228912707Z,1.24344,111.823372,Cloud to Ground,11729,0,8
2026-09-22T18:41:16.810180459Z,6.478279,118.334079,Cloud to Ground,-25543,0,12
2026-09-22T18:41:16.614342823Z,6.505543,118.275728,Cloud to Cloud,-21898,13756,14
2026-09-22T18:41:16.451479230Z,6.573956,118.309771,Cloud to Ground,10308,0,12
2026-09-22T18:41:17.911347000Z,9.7289,125.0354,Cloud to Ground,5543,0,5
2026-09-22T18:41:19.735904665Z,2.581687,115.255172,Cloud to Ground,17331,0,15
2026-09-22T18:41:20.030914498Z,2.575971,115.187184,Cloud to Ground,37173,0,26
2026-09-22T18:41:21.954070634Z,4.409051,116.193095,Cloud to Ground,20424,0,12
2026-09-22T18:41:21.954680469Z,4.409928,116.186199,Cloud to Ground,34839,0,28
2026-09-22T18:41:21.788315919Z,7.582057,130.470913,Cloud to Ground,31741,0,11
2026-09-22T18:41:21.843793302Z,7.57668,130.648609,Cloud to Cloud,8989,3025,7
2026-09-22T18:41:25.813958299Z,5.6374,118.202027,Cloud to Cloud,16864,6050,10
2026-09-22T18:41:25.816404328Z,5.527394,118.070516,Cloud to Ground,16799,0,9
2026-09-22T18:41:25.327939707Z,17.647345,123.358662,Cloud to Cloud,15048,6313,7
2026-09-22T18:41:26.935726227Z,11.97519,123.178913,Cloud to Cloud,17455,13038,7
2026-09-22T18:41:27.393825079Z,6.33376,117.727236,Cloud to Ground,-21544,0,13
2026-09-22T18:41:27.308485105Z,6.297498,117.732105,Cloud to Ground,12081,0,11
2026-09-22T18:41:27.211655655Z,6.262177,117.746128,Cloud to Ground,18650,0,15
2026-09-22T18:41:27.521851432Z,6.25798,117.711416,Cloud to Ground,22141,0,13
2026-09-22T18:41:27.450263442Z,6.267336,117.693218,Cloud to Ground,24229,0,9
2026-09-22T18:41:28.027449325Z,6.40141,117.829778,Cloud to Ground,-11203,0,13
2026-09-22T18:41:28.537005951Z,18.672171,122.063963,Cloud to Cloud,18912,5641,8
2026-09-22T18:41:29.948219902Z,5.800599,118.318768,Cloud to Ground,-10494,0,8
2026-09-22T18:41:29.994025876Z,5.819193,118.379154,Cloud to Ground,22296,0,14
2026-09-22T18:41:29.975077712Z,5.8172,118.375383,Cloud to Ground,36078,0,12
2026-09-22T18:41:30.685386223Z,8.760843,124.088488,Cloud to Ground,-48547,0,23
2026-09-22T18:41:30.714749158Z,8.760198,124.081324,Cloud to Ground,-41405,0,18
2026-09-22T18:41:30.591577478Z,8.895635,124.109462,Cloud to Ground,-35152,0,14
2026-09-22T18:41:30.641865000Z,8.8235,124.2148,Cloud to Ground,31732,0,11
2026-09-22T18:41:30.138891506Z,5.988348,118.31302,Cloud to Ground,21339,0,8
2026-09-22T18:41:30.771883179Z,3.321214,115.326213,Cloud to Ground,-24865,0,15
2026-09-22T18:41:30.765050348Z,3.315273,115.308761,Cloud to Ground,9707,0,7
2026-09-22T18:41:33.302567000Z,8.7971,124.3577,Cloud to Ground,-3508,0,5
2026-09-22T18:41:36.072566926Z,7.541698,130.526178,Cloud to Ground,-28969,0,16
2026-09-22T18:41:35.754240020Z,7.543351,130.530822,Cloud to Ground,-23669,0,16
2026-09-22T18:41:36.006239728Z,7.626436,130.529685,Cloud to Ground,-19883,0,11
2026-09-22T18:41:35.829307065Z,7.534254,130.581117,Cloud to Ground,-19630,0,17
2026-09-22T18:41:36.893722668Z,20.441424,123.965191,Cloud to Ground,-57270,0,8
2026-09-22T18:41:36.997598729Z,20.414403,123.966782,Cloud to Ground,-31998,0,8
2026-09-22T18:41:36.951734750Z,20.403843,123.957683,Cloud to Ground,-27218,0,9
2026-09-22T18:41:38.543284132Z,7.226907,129.703388,Cloud to Ground,-50967,0,23
2026-09-22T18:41:38.127100446Z,3.679793,116.409848,Cloud to Ground,39474,0,23
2026-09-22T18:41:38.844542758Z,13.838547,112.054081,Cloud to Ground,42980,0,10
2026-09-22T18:41:43.538581377Z,1.230673,111.922179,Cloud to Cloud,-18618,14330,17
2026-09-22T18:41:43.451799730Z,1.657472,113.253734,Cloud to Ground,-8365,0,20
2026-09-22T18:41:43.427241465Z,1.670657,113.218596,Cloud to Ground,14331,0,10
2026-09-22T18:41:43.430922755Z,1.691984,113.197231,Cloud to Ground,19620,0,12
2026-09-22T18:41:44.581207234Z,3.56393,116.578205,Cloud to Ground,-24086,0,14
2026-09-22T18:41:45.261139652Z,6.011926,118.374771,Cloud to Ground,109468,0,7
2026-09-22T18:41:45.433972302Z,5.797142,118.367867,Cloud to Ground,14408,0,10
2026-09-22T18:41:45.679216424Z,5.778727,118.305968,Cloud to Ground,20916,0,7
2026-09-22T18:41:45.362083682Z,5.788436,118.346404,Cloud to Ground,25927,0,13
2026-09-22T18:41:46.900056958Z,1.24561,111.920021,Cloud to Ground,37979,0,11
2026-09-22T18:41:46.477411000Z,14.7293,120.9169,Cloud to Ground,1196,0,8
2026-09-22T18:41:49.296000585Z,7.523966,130.444471,Cloud to Ground,21521,0,13
2026-09-22T18:41:49.133867611Z,18.798382,121.892906,Cloud to Ground,-31448,0,9
2026-09-22T18:41:49.177600732Z,18.798227,121.894281,Cloud to Ground,-20100,0,12
2026-09-22T18:41:49.240057381Z,18.793632,121.8599,Cloud to Ground,-10691,0,7
2026-09-22T18:41:49.069015000Z,18.8771,121.9894,Cloud to Ground,-60207,0,8
2026-09-22T18:41:50.263530481Z,3.264379,115.999006,Cloud to Ground,-18052,0,18
2026-09-22T18:41:50.265477635Z,3.219189,116.004077,Cloud to Ground,47743,0,27
2026-09-22T18:41:50.075961366Z,1.288736,111.858882,Cloud to Ground,-26399,0,18
2026-09-22T18:41:52.899262513Z,13.965186,111.974019,Cloud to Cloud,13494,4782,7
2026-09-22T18:41:52.939515206Z,13.956435,111.91174,Cloud to Ground,26665,0,7
2026-09-22T18:41:52.202964000Z,8.7645,124.1278,Cloud to Ground,-19647,0,5
2026-09-22T18:41:53.222984243Z,14.947209,120.101054,Cloud to Cloud,18651,18592,14
2026-09-22T18:41:53.221367772Z,15.045066,120.027098,Cloud to Ground,25034,0,9
2026-09-22T18:41:53.253002000Z,15.1687,120.0377,Cloud to Ground,45768,0,5
2026-09-22T18:41:54.127105405Z,5.801782,118.392033,Cloud to Ground,71767,0,16
2026-09-22T18:41:55.757278636Z,2.27196,114.750114,Cloud to Ground,-24452,0,11
2026-09-22T18:41:55.608680481Z,2.232261,114.780851,Cloud to Ground,11559,0,9
2026-09-22T18:41:55.530775701Z,16.053223,111.155018,Cloud to Ground,20033,0,9
2026-09-22T18:41:55.529868377Z,16.045623,111.152416,Cloud to Ground,27088,0,8
2026-09-22T18:41:55.614124000Z,16.1408,111.3203,Cloud to Ground,-83370,0,6
2026-09-22T18:42:02.760865400Z,18.570469,122.056528,Cloud to Cloud,19595,14053,9
2026-09-22T18:42:03.892457612Z,5.679191,118.825563,Cloud to Ground,-41880,0,20
2026-09-22T18:42:03.822097523Z,5.705572,118.839537,Cloud to Ground,-16841,0,20
2026-09-22T18:42:03.766296047Z,5.633977,118.871523,Cloud to Ground,-13139,0,9
2026-09-22T18:42:03.953917470Z,5.64897,118.863083,Cloud to Ground,9369,0,9
2026-09-22T18:42:03.848322641Z,5.633422,118.871592,Cloud to Ground,20737,0,13
2026-09-22T18:42:03.789655143Z,5.649393,118.889457,Cloud to Ground,77619,0,17
2026-09-22T18:42:03.025357992Z,7.642553,130.373025,Cloud to Ground,-29992,0,14
2026-09-22T18:42:03.561399042Z,7.538161,130.617604,Cloud to Ground,-34495,0,20
2026-09-22T18:42:03.471224000Z,7.5489,130.6122,Cloud to Ground,-14080,0,7
2026-09-22T18:42:04.335245919Z,2.177288,117.54707,Cloud to Cloud,4987,7426,7
2026-09-22T18:42:04.462995818Z,2.14021,117.524946,Cloud to Ground,21288,0,15
2026-09-22T18:42:04.414033703Z,2.142049,117.532392,Cloud to Ground,49723,0,14
2026-09-22T18:42:04.328128769Z,12.047231,122.603861,Cloud to Cloud,-16836,17462,10
2026-09-22T18:42:06.930316277Z,1.174276,111.932029,Cloud to Cloud,7506,7834,5
2026-09-22T18:42:07.870811000Z,13.812,119.8231,Cloud to Ground,-101895,0,8
2026-09-22T18:42:08.163416691Z,13.817938,119.839516,Cloud to Cloud,-22841,18805,10
2026-09-22T18:42:08.118668000Z,13.8467,119.8476,Cloud to Ground,-13963,0,5
2026-09-22T18:42:08.973049000Z,1.687,113.2082,Cloud to Ground,-34433,0,5
2026-09-22T18:42:09.098519393Z,1.371502,113.339026,Cloud to Ground,-18706,0,14
2026-09-22T18:42:11.592451991Z,1.187997,111.804553,Cloud to Ground,44927,0,19
2026-09-22T18:42:11.110970670Z,1.600292,113.057334,Cloud to Ground,-30040,0,16
2026-09-22T18:42:11.032021198Z,1.594823,113.065446,Cloud to Ground,-27720,0,20
2026-09-22T18:42:12.090674571Z,3.32699,115.538353,Cloud to Cloud,-29055,16142,19
2026-09-22T18:42:12.105583622Z,3.244489,115.53088,Cloud to Cloud,-16536,3734,21
2026-09-22T18:42:15.488100233Z,15.04128,120.025224,Cloud to Ground,-35854,0,6
2026-09-22T18:42:15.531262000Z,15.0415,120.0204,Cloud to Ground,-11374,0,8
2026-09-22T18:42:15.552491168Z,14.962121,120.018978,Cloud to Cloud,13035,15312,7
2026-09-22T18:42:17.317074824Z,7.205617,129.592662,Cloud to Ground,-71954,0,30
2026-09-22T18:42:17.359456911Z,7.217398,129.609212,Cloud to Ground,-29492,0,20
2026-09-22T18:42:17.348094000Z,7.246,129.6812,Cloud to Ground,-25200,0,5
2026-09-22T18:42:17.179840111Z,18.694883,122.324451,Cloud to Ground,-61935,0,14
2026-09-22T18:42:17.222334000Z,18.7012,122.3681,Cloud to Ground,-39037,0,5
2026-09-22T18:42:17.176304014Z,18.887112,122.549577,Cloud to Ground,-34619,0,12
2026-09-22T18:42:17.244269000Z,18.8597,122.5659,Cloud to Ground,23614,0,5
2026-09-22T18:42:19.262396967Z,5.642898,118.937384,Cloud to Ground,26614,0,18
2026-09-22T18:42:19.703875258Z,7.685914,130.604594,Cloud to Ground,16826,0,7
2026-09-22T18:42:19.314646838Z,7.548473,130.440785,Cloud to Ground,-48737,0,18
2026-09-22T18:42:19.581457135Z,7.552198,130.53935,Cloud to Ground,-31467,0,16
2026-09-22T18:42:19.634254932Z,7.562638,130.477303,Cloud to Cloud,-22838,7797,13
2026-09-22T18:42:19.752134062Z,7.562414,130.573907,Cloud to Ground,-18184,0,13
2026-09-22T18:42:19.583287311Z,7.556846,130.572622,Cloud to Ground,-17072,0,9
2026-09-22T18:42:19.633711000Z,7.5557,130.5652,Cloud to Ground,-15333,0,8
2026-09-22T18:42:20.474917766Z,10.556931,125.487745,Cloud to Ground,30856,0,17
2026-09-22T18:42:21.605817234Z,1.198962,111.838444,Cloud to Cloud,9513,5193,6
2026-09-22T18:42:24.587021008Z,1.747689,113.273238,Cloud to Ground,-11104,0,18
2026-09-22T18:42:28.315075468Z,1.237136,111.897359,Cloud to Cloud,15300,3013,12
2026-09-22T18:42:31.246382896Z,14.704152,120.830887,Cloud to Cloud,9020,18170,7
2026-09-22T18:42:32.235677421Z,1.222725,111.871651,Cloud to Ground,-24248,0,27
2026-09-22T18:42:32.353993958Z,1.203192,111.901636,Cloud to Ground,-15507,0,8
2026-09-22T18:42:32.589541037Z,14.722578,120.741927,Cloud to Cloud,-15488,3000,8
2026-09-22T18:42:33.425651953Z,18.780173,121.899612,Cloud to Ground,-30242,0,11
2026-09-22T18:42:33.513049000Z,18.8074,121.8311,Cloud to Ground,-25010,0,6
2026-09-22T18:42:35.866642795Z,3.596861,116.42575,Cloud to Ground,16540,0,13
2026-09-22T18:42:35.573251645Z,13.820981,111.83472,Cloud to Ground,-117278,0,10
2026-09-22T18:42:35.853621444Z,13.825411,111.80095,Cloud to Ground,-47721,0,11
2026-09-22T18:42:35.895134000Z,13.8812,111.7414,Cloud to Ground,-45128,0,6
2026-09-22T18:42:35.779349803Z,13.80801,111.835528,Cloud to Ground,-36749,0,11
2026-09-22T18:42:35.749870205Z,13.809673,111.836833,Cloud to Ground,-29366,0,7
2026-09-22T18:42:35.592513901Z,13.815802,111.773706,Cloud to Ground,18748,0,8
2026-09-22T18:42:35.899790368Z,13.851662,111.769907,Cloud to Ground,24432,0,8
2026-09-22T18:42:35.896925954Z,13.821814,111.662288,Cloud to Ground,25821,0,7
2026-09-22T18:42:36.591240194Z,5.976059,118.481484,Cloud to Cloud,12982,3099,10
2026-09-22T18:42:36.561542401Z,5.820515,118.323344,Cloud to Ground,-47895,0,23
2026-09-22T18:42:36.633836998Z,5.78385,118.365645,Cloud to Ground,27726,0,8
2026-09-22T18:42:36.691181313Z,5.781075,118.331321,Cloud to Ground,50304,0,12
2026-09-22T18:42:37.383934657Z,1.598179,113.137923,Cloud to Ground,10131,0,9
2026-09-22T18:42:40.741970458Z,7.606672,130.640073,Cloud to Cloud,13485,3029,10
2026-09-22T18:42:42.933870206Z,4.377766,116.156785,Cloud to Ground,8036,0,8
2026-09-22T18:42:42.919029056Z,4.414864,116.167008,Cloud to Ground,16534,0,7
2026-09-22T18:42:42.919746074Z,4.393992,116.172006,Cloud to Ground,26326,0,14
2026-09-22T18:42:43.876984000Z,15.0612,120.016,Cloud to Ground,-11421,0,9
2026-09-22T18:42:44.083084435Z,14.902135,120.110298,Cloud to Ground,44316,0,7
2026-09-22T18:42:45.245387598Z,1.263036,111.897347,Cloud to Ground,-11776,0,16
2026-09-22T18:42:45.074069462Z,1.295738,111.903006,Cloud to Ground,23340,0,12
2026-09-22T18:42:45.967096807Z,6.301535,117.754203,Cloud to Cloud,-13016,12741,11
2026-09-22T18:42:46.771408512Z,1.20818,111.896132,Cloud to Ground,21584,0,12
2026-09-22T18:42:48.836819412Z,3.190176,115.309383,Cloud to Ground,45669,0,20
2026-09-22T18:42:48.416302184Z,3.764653,116.560597,Cloud to Ground,17623,0,7
2026-09-22T18:42:48.415481896Z,3.774825,116.561835,Cloud to Ground,20236,0,12
2026-09-22T18:42:51.630380083Z,11.650086,112.231915,Cloud to Cloud,-16783,18306,8
2026-09-22T18:42:51.487301769Z,11.708307,112.301249,Cloud to Cloud,-11442,3073,10
2026-09-22T18:42:51.552907675Z,11.706357,112.096991,Cloud to Cloud,-11225,9371,8
2026-09-22T18:42:51.584735073Z,11.658856,112.122567,Cloud to Ground,-6183,0,9
2026-09-22T18:42:51.507064102Z,11.677802,112.140285,Cloud to Ground,15334,0,8
2026-09-22T18:42:51.478736887Z,11.671094,112.139489,Cloud to Cloud,20255,6027,8
2026-09-22T18:42:51.476088650Z,11.65554,112.14772,Cloud to Ground,22921,0,8
2026-09-22T18:42:53.940659781Z,2.354731,114.738056,Cloud to Ground,-8323,0,12
2026-09-22T18:42:54.892614097Z,7.559825,130.570493,Cloud to Ground,-31728,0,27
2026-09-22T18:42:54.840197000Z,7.5647,130.5887,Cloud to Ground,-13955,0,5
2026-09-22T18:42:56.153550517Z,5.791736,118.366739,Cloud to Ground,11554,0,11
2026-09-22T18:42:56.112476542Z,5.774953,118.36343,Cloud to Ground,14817,0,8
2026-09-22T18:42:55.980726742Z,5.811467,118.326773,Cloud to Ground,23338,0,18
2026-09-22T18:42:59.434531073Z,2.254359,117.513569,Cloud to Cloud,-30008,13812,32
2026-09-22T18:42:59.345980184Z,2.243051,117.546919,Cloud to Ground,-19764,0,12
2026-09-22T18:42:59.371971427Z,2.22697,117.573687,Cloud to Ground,17338,0,11
2026-09-22T18:42:59.461908010Z,2.231677,117.572662,Cloud to Ground,34861,0,16
2026-09-22T18:42:59.357016698Z,2.232486,117.587164,Cloud to Ground,89185,0,26
2026-09-22T18:43:02.886939384Z,1.913043,112.862723,Cloud to Ground,-25529,0,16
2026-09-22T18:43:03.885925000Z,11.7943,111.878,Cloud to Ground,-187794,0,11
2026-09-22T18:43:03.937402892Z,11.714637,111.868911,Cloud to Ground,-103560,0,12
2026-09-22T18:43:03.880569531Z,11.725703,111.741372,Cloud to Cloud,-36287,3670,9
2026-09-22T18:43:05.775859396Z,1.721642,113.217475,Cloud to Ground,-22016,0,20
2026-09-22T18:43:05.874250832Z,1.708169,113.124998,Cloud to Cloud,14371,7632,18
2026-09-22T18:43:05.977360000Z,1.6443,113.2956,Cloud to Ground,-13119,0,5
2026-09-22T18:43:06.076897074Z,8.755509,124.197253,Cloud to Ground,-26395,0,11
2026-09-22T18:43:07.220759664Z,13.847849,112.091402,Cloud to Ground,-35915,0,9
2026-09-22T18:43:07.723524715Z,18.698924,122.08198,Cloud to Cloud,18669,6270,7
2026-09-22T18:43:08.617379498Z,7.776839,127.156133,Cloud to Ground,-34395,0,11
2026-09-22T18:43:08.498888077Z,7.68233,127.373578,Cloud to Ground,-113330,0,15
2026-09-22T18:43:08.071466000Z,18.6321,121.9509,Cloud to Ground,-26016,0,6
2026-09-22T18:43:11.493674338Z,1.270707,111.890166,Cloud to Ground,25083,0,16
2026-09-22T18:43:11.615746000Z,16.0675,111.2379,Cloud to Ground,-68244,0,5
2026-09-22T18:43:12.783373000Z,20.3606,123.9259,Cloud to Ground,-36236,0,6
2026-09-22T18:43:12.557945000Z,20.3587,123.8948,Cloud to Ground,-33223,0,9
2026-09-22T18:43:12.502183026Z,20.377434,123.979779,Cloud to Cloud,17088,3024,6
2026-09-22T18:43:14.809186274Z,5.621641,118.852748,Cloud to Cloud,-19778,5220,13
2026-09-22T18:43:14.901873517Z,5.647065,118.842078,Cloud to Ground,14135,0,10
2026-09-22T18:43:14.944017573Z,5.647762,118.871153,Cloud to Ground,16576,0,14
2026-09-22T18:43:14.871908392Z,5.647957,118.842927,Cloud to Ground,24120,0,12
2026-09-22T18:43:14.828435211Z,5.627433,118.836853,Cloud to Ground,46752,0,13
2026-09-22T18:43:16.455869151Z,1.197808,111.908843,Cloud to Ground,21883,0,17
2026-09-22T18:43:17.590000818Z,6.008789,118.86171,Cloud to Ground,-9955,0,11
2026-09-22T18:43:20.216687616Z,1.18804,111.922538,Cloud to Ground,11174,0,8
2026-09-22T18:43:20.447461123Z,1.150553,111.920198,Cloud to Cloud,14706,4543,10
2026-09-22T18:43:20.253484809Z,1.174977,111.906881,Cloud to Ground,18425,0,16
2026-09-22T18:43:23.028704678Z,3.619704,116.394878,Cloud to Ground,-17304,0,18
2026-09-22T18:43:22.953843133Z,3.581391,116.449507,Cloud to Ground,-11781,0,10
2026-09-22T18:43:22.723788187Z,3.567877,116.41871,Cloud to Ground,14420,0,10
2026-09-22T18:43:22.721944921Z,3.585475,116.43588,Cloud to Ground,38202,0,24
2026-09-22T18:43:24.686849616Z,5.796216,118.297133,Cloud to Ground,-50897,0,22
2026-09-22T18:43:24.402651839Z,6.002182,118.344209,Cloud to Ground,113819,0,8
2026-09-22T18:43:26.519664168Z,14.709624,120.775449,Cloud to Cloud,-29914,15788,14
2026-09-22T18:43:26.208466000Z,14.897,120.6388,Cloud to Ground,-16794,0,5
2026-09-22T18:43:26.478228000Z,14.72,120.5507,Cloud to Ground,-23503,0,5
2026-09-22T18:43:27.996222478Z,13.812134,111.79676,Cloud to Ground,-38732,0,9
2026-09-22T18:43:27.644335129Z,13.811443,111.794486,Cloud to Ground,-26404,0,10
2026-09-22T18:43:27.717764866Z,13.821544,111.796905,Cloud to Ground,-20733,0,9
2026-09-22T18:43:27.753612259Z,13.804668,111.715342,Cloud to Ground,13463,0,7
2026-09-22T18:43:28.275454000Z,15.079,120.0287,Cloud to Ground,-9271,0,9
2026-09-22T18:43:28.681215000Z,14.6966,120.9242,Cloud to Ground,-1636,0,6
2026-09-22T18:43:29.622304186Z,18.649677,122.39662,Cloud to Ground,-48828,0,15
2026-09-22T18:43:29.861662794Z,18.695972,122.397786,Cloud to Ground,-39977,0,9
2026-09-22T18:43:30.467960000Z,18.7109,122.3991,Cloud to Ground,-33526,0,7
2026-09-22T18:43:29.804186167Z,18.696187,122.390918,Cloud to Ground,-20261,0,8
2026-09-22T18:43:29.953536694Z,18.691199,122.375668,Cloud to Ground,-15018,0,7
2026-09-22T18:43:29.994183747Z,18.697239,122.397864,Cloud to Ground,-11803,0,7
2026-09-22T18:43:30.680702151Z,18.699206,122.390035,Cloud to Ground,-10562,0,7
2026-09-22T18:43:30.591134612Z,3.144832,115.970588,Cloud to Ground,23096,0,10
2026-09-22T18:43:31.308761454Z,5.019263,116.671639,Cloud to Cloud,21726,4771,16
2026-09-22T18:43:31.309336896Z,5.020268,116.672047,Cloud to Ground,46313,0,20
2026-09-22T18:43:33.646397000Z,17.4879,123.3529,Cloud to Ground,-48926,0,5
2026-09-22T18:43:36.050043984Z,3.440702,115.455747,Cloud to Cloud,-15059,18735,18
2026-09-22T18:43:36.086656809Z,14.773806,120.785068,Cloud to Cloud,-43317,19062,7
2026-09-22T18:43:38.630083115Z,4.021889,116.40688,Cloud to Ground,-21987,0,13
2026-09-22T18:43:38.790140465Z,4.071464,116.34555,Cloud to Cloud,-15127,5294,24
2026-09-22T18:43:38.661656464Z,4.035203,116.364553,Cloud to Ground,-15116,0,17
2026-09-22T18:43:38.708092312Z,4.004032,116.383586,Cloud to Ground,-13033,0,12
2026-09-22T18:43:38.637464032Z,4.024385,116.443786,Cloud to Ground,107890,0,18
2026-09-22T18:43:43.799958897Z,1.172052,111.87189,Cloud to Ground,-19528,0,14
2026-09-22T18:43:44.749959000Z,8.7317,124.2292,Cloud to Ground,56505,0,5
2026-09-22T18:43:45.027655495Z,5.649317,118.964841,Cloud to Ground,-52191,0,19
2026-09-22T18:43:45.034335227Z,5.631624,118.876956,Cloud to Cloud,-14929,8806,8
2026-09-22T18:43:45.842854191Z,2.351943,114.884724,Cloud to Cloud,13297,3402,9
2026-09-22T18:43:45.845679298Z,2.35342,114.914507,Cloud to Ground,15670,0,9
2026-09-22T18:43:45.844085418Z,2.359025,114.894347,Cloud to Ground,21373,0,12
2026-09-22T18:43:46.044436138Z,16.067564,111.172401,Cloud to Ground,34103,0,7
2026-09-22T18:43:46.751362620Z,13.703762,119.876584,Cloud to Ground,28304,0,7
2026-09-22T18:43:46.752801000Z,13.8006,119.7994,Cloud to Ground,-11519,0,7
2026-09-22T18:43:46.366050000Z,18.1372,123.4326,Cloud to Ground,-33504,0,8
2026-09-22T18:43:49.574241592Z,7.649486,130.50054,Cloud to Ground,-28985,0,10
2026-09-22T18:43:49.309628238Z,7.550177,130.436607,Cloud to Ground,-65734,0,13
2026-09-22T18:43:49.348937000Z,7.5737,130.5651,Cloud to Ground,-27955,0,10
2026-09-22T18:43:49.665832000Z,7.6025,130.6944,Cloud to Ground,-27218,0,9
2026-09-22T18:43:49.805374058Z,7.557532,130.659441,Cloud to Ground,-27023,0,24
2026-09-22T18:43:49.351737750Z,7.556907,130.614418,Cloud to Ground,-24527,0,20
2026-09-22T18:43:49.731057000Z,7.5755,130.6474,Cloud to Ground,-23385,0,8
2026-09-22T18:43:49.394393537Z,7.561626,130.63315,Cloud to Ground,-22970,0,16
2026-09-22T18:43:49.868945656Z,7.546251,130.543515,Cloud to Ground,-18663,0,12
2026-09-22T18:43:49.537426498Z,7.62247,130.661451,Cloud to Cloud,-17085,13450,12
2026-09-22T18:43:49.479500000Z,7.5834,130.6093,Cloud to Ground,-16554,0,6
2026-09-22T18:43:49.336702225Z,12.482597,110.094441,Cloud to Ground,27080,0,8
2026-09-22T18:43:53.477028750Z,2.133549,117.659135,Cloud to Ground,-21497,0,13
2026-09-22T18:44:00.402564361Z,14.724326,121.027799,Cloud to Ground,-38149,0,9
2026-09-22T18:44:00.281068000Z,14.7194,120.8997,Cloud to Ground,-4411,0,7
2026-09-22T18:44:02.254004724Z,2.244635,117.564204,Cloud to Ground,-44500,0,18
2026-09-22T18:44:02.375659345Z,2.261748,117.513298,Cloud to Ground,-38449,0,30
2026-09-22T18:44:02.443540760Z,2.232672,117.554811,Cloud to Ground,15532,0,14
2026-09-22T18:44:02.299538406Z,2.219307,117.569862,Cloud to Ground,38655,0,20
2026-09-22T18:44:02.264411864Z,2.255618,117.581223,Cloud to Ground,142392,0,31
2026-09-22T18:44:02.186050583Z,5.808877,118.32341,Cloud to Ground,-38641,0,20
2026-09-22T18:44:02.107517382Z,5.779536,118.388343,Cloud to Ground,-9034,0,11
2026-09-22T18:44:02.110783067Z,5.769528,118.327725,Cloud to Ground,43774,0,8
2026-09-22T18:44:02.066306169Z,5.783555,118.396354,Cloud to Ground,47077,0,15
2026-09-22T18:44:02.500732000Z,14.7968,120.6125,Cloud to Ground,-15302,0,7
2026-09-22T18:44:04.765597173Z,1.177321,111.882333,Cloud to Ground,19604,0,8
2026-09-22T18:44:04.649212941Z,7.56237,130.546408,Cloud to Ground,-60378,0,27
2026-09-22T18:44:04.729894000Z,7.5919,130.5979,Cloud to Ground,-17475,0,5
2026-09-22T18:44:04.455547087Z,15.058734,120.035586,Cloud to Ground,67167,0,6
2026-09-22T18:44:08.771013692Z,3.573212,116.50598,Cloud to Ground,51086,0,16
2026-09-22T18:44:08.572121924Z,3.572101,116.510281,Cloud to Ground,56386,0,14
2026-09-22T18:44:12.568533256Z,4.362873,116.142833,Cloud to Cloud,-15774,3234,17
2026-09-22T18:44:12.704445085Z,4.41697,116.069478,Cloud to Ground,-44676,0,15
2026-09-22T18:44:12.733270917Z,4.423522,116.03411,Cloud to Ground,-16335,0,14
2026-09-22T18:44:12.561705283Z,4.373367,116.034297,Cloud to Ground,31757,0,21
2026-09-22T18:44:13.686313682Z,5.829008,127.814855,Cloud to Ground,-30871,0,16
2026-09-22T18:44:13.614235786Z,6.296434,127.618995,Cloud to Ground,101875,0,14
2026-09-22T18:44:13.354475987Z,3.783789,116.355544,Cloud to Cloud,-11677,9470,13
2026-09-22T18:44:14.815113565Z,18.674994,122.367297,Cloud to Ground,-77491,0,21
2026-09-22T18:44:14.910320493Z,18.658813,122.438381,Cloud to Cloud,6206,19456,6
2026-09-22T18:44:14.807199000Z,7.2573,129.6676,Cloud to Ground,-27123,0,8
2026-09-22T18:44:15.334670935Z,6.538254,118.317828,Cloud to Ground,19902,0,10
2026-09-22T18:44:15.317409178Z,6.657976,118.348211,Cloud to Ground,-21742,0,8
2026-09-22T18:44:15.323956916Z,6.660406,118.335212,Cloud to Ground,-11692,0,13
2026-09-22T18:44:20.155094535Z,2.358277,116.740578,Cloud to Cloud,-11793,4548,14
2026-09-22T18:44:20.130463040Z,2.256073,116.799316,Cloud to Ground,-16911,0,12
2026-09-22T18:44:20.466709515Z,13.86923,112.029883,Cloud to Cloud,-9103,16911,7
2026-09-22T18:44:20.365739295Z,13.861749,112.008371,Cloud to Cloud,7557,3224,6
2026-09-22T18:44:23.588924000Z,8.8832,124.036,Cloud to Ground,-50514,0,5
2026-09-22T18:44:23.638808217Z,8.839363,124.108553,Cloud to Ground,-34476,0,24
2026-09-22T18:44:23.243551462Z,17.780069,123.081399,Cloud to Cloud,11664,5752,13
2026-09-22T18:44:23.248065000Z,17.773,123.2861,Cloud to Ground,-12640,0,7
2026-09-22T18:44:23.244260000Z,17.7764,123.2606,Cloud to Ground,-428,0,8
2026-09-22T18:44:24.854766274Z,7.635203,127.260126,Cloud to Cloud,19517,4353,19
2026-09-22T18:44:24.883652676Z,7.710944,127.326996,Cloud to Ground,-46353,0,22
2026-09-22T18:44:25.209984117Z,7.734338,127.365528,Cloud to Ground,-28785,0,16
2026-09-22T18:44:24.851195000Z,7.6282,127.4184,Cloud to Ground,83565,0,10
2026-09-22T18:44:24.099745476Z,1.238122,111.888167,Cloud to Ground,-15615,0,12
2026-09-22T18:44:24.161348693Z,1.190946,111.886087,Cloud to Ground,12456,0,9
2026-09-22T18:44:24.526386029Z,1.2172,112.090585,Cloud to Cloud,-12853,3251,16
2026-09-22T18:44:25.070509328Z,7.812616,127.123317,Cloud to Ground,-33877,0,9
2026-09-22T18:44:31.146558935Z,7.554006,130.613883,Cloud to Ground,-54073,0,26
2026-09-22T18:44:31.226670967Z,7.510628,130.546348,Cloud to Ground,-35622,0,21
2026-09-22T18:44:31.152585280Z,7.583665,130.558712,Cloud to Cloud,-9432,18574,12
2026-09-22T18:44:31.082246983Z,7.629426,130.613548,Cloud to Ground,51275,0,15
2026-09-22T18:44:31.638358279Z,7.638266,130.476397,Cloud to Ground,-25808,0,14
2026-09-22T18:44:33.889730865Z,1.182639,111.790721,Cloud to Cloud,-11841,3717,13
2026-09-22T18:44:33.854392162Z,1.237996,111.900371,Cloud to Ground,-13968,0,20
2026-09-22T18:44:36.781454570Z,6.000665,118.344052,Cloud to Ground,64398,0,7
2026-09-22T18:44:36.761214740Z,5.76285,118.429551,Cloud to Cloud,-14767,7976,14
2026-09-22T18:44:36.737969732Z,5.827159,118.408456,Cloud to Ground,64361,0,19
2026-09-22T18:44:36.777571726Z,5.801501,118.31493,Cloud to Ground,-30847,0,22
2026-09-22T18:44:37.034540849Z,5.773589,118.315183,Cloud to Ground,25528,0,10
2026-09-22T18:44:36.813030000Z,6.0638,118.2166,Cloud to Ground,-19795,0,6
2026-09-22T18:44:37.187382692Z,4.389844,116.180227,Cloud to Ground,12802,0,8
2026-09-22T18:44:37.192668134Z,4.501415,116.200568,Cloud to Cloud,-10073,12196,19
2026-09-22T18:44:38.512626893Z,13.834377,111.647423,Cloud to Ground,-18550,0,6
2026-09-22T18:44:38.264795499Z,13.784541,111.707799,Cloud to Ground,-17524,0,7
2026-09-22T18:44:38.258449231Z,13.80316,111.708117,Cloud to Ground,-9170,0,7
2026-09-22T18:44:38.578921131Z,13.787791,111.743565,Cloud to Ground,17453,0,8
2026-09-22T18:44:38.424122166Z,13.833194,111.808097,Cloud to Ground,30155,0,8
2026-09-22T18:44:38.504260924Z,13.833092,111.666857,Cloud to Ground,35571,0,6
2026-09-22T18:44:38.502156198Z,13.830398,111.669535,Cloud to Ground,52544,0,7
2026-09-22T18:44:39.768390977Z,1.523301,113.148886,Cloud to Ground,12091,0,10
2026-09-22T18:44:43.728468464Z,6.657228,123.930635,Cloud to Ground,82662,0,19
2026-09-22T18:44:45.257775375Z,18.680682,122.271503,Cloud to Ground,-63061,0,17
2026-09-22T18:44:45.052462041Z,18.678489,122.245527,Cloud to Ground,-53929,0,14
2026-09-22T18:44:45.109133411Z,18.681089,122.275925,Cloud to Ground,-43720,0,8
2026-09-22T18:44:45.349141371Z,18.682926,122.276774,Cloud to Ground,-14174,0,6
2026-09-22T18:44:45.309101450Z,18.683651,122.28599,Cloud to Ground,-11121,0,6
2026-09-22T18:44:45.497542235Z,18.683788,122.280851,Cloud to Ground,-10796,0,6
2026-09-22T18:44:46.944195017Z,1.237239,111.890908,Cloud to Ground,10561,0,11
2026-09-22T18:44:46.842720194Z,20.39841,123.941375,Cloud to Ground,-52136,0,15
2026-09-22T18:44:46.980033846Z,20.423506,123.98768,Cloud to Ground,-38177,0,14
2026-09-22T18:44:46.909925192Z,20.412025,123.973801,Cloud to Ground,-29445,0,10
2026-09-22T18:44:47.004401415Z,20.408443,123.969906,Cloud to Ground,-19492,0,6
2026-09-22T18:44:48.708216259Z,3.673715,116.378889,Cloud to Ground,-12864,0,12
2026-09-22T18:44:48.558543000Z,3.6023,116.4211,Cloud to Ground,-4038,0,6
2026-09-22T18:44:49.618421921Z,2.642198,115.253874,Cloud to Ground,-90687,0,27
2026-09-22T18:44:49.102404780Z,1.03107,112.083421,Cloud to Ground,-23428,0,16
2026-09-22T18:44:50.676294752Z,5.788403,118.332298,Cloud to Ground,37442,0,20
2026-09-22T18:44:50.071196734Z,13.97542,111.87846,Cloud to Ground,87301,0,7
2026-09-22T18:44:50.073050000Z,14.0331,111.9831,Cloud to Ground,-67163,0,14
2026-09-22T18:44:52.406091232Z,11.667723,112.1544,Cloud to Ground,-14911,0,6
2026-09-22T18:44:52.400813979Z,11.662769,112.13118,Cloud to Ground,74741,0,9
2026-09-22T18:44:57.821227000Z,7.6457,130.7995,Cloud to Ground,34525,0,6
2026-09-22T18:44:58.074721000Z,7.6125,130.6072,Cloud to Ground,-38953,0,10
2026-09-22T18:44:57.914794838Z,7.57374,130.64144,Cloud to Ground,-26369,0,17
2026-09-22T18:44:58.000918080Z,3.477437,116.285135,Cloud to Ground,17878,0,11
2026-09-22T18:44:59.920813920Z,13.721221,110.248854,Cloud to Ground,24143,0,7
2026-09-22T18:45:02.586886626Z,2.236684,117.640826,Cloud to Cloud,-10506,7231,24
2026-09-22T18:45:02.463136916Z,5.864233,118.442116,Cloud to Ground,40212,0,11
2026-09-22T18:45:03.973532590Z,3.64977,116.433144,Cloud to Ground,-16222,0,18
2026-09-22T18:45:05.594344471Z,1.237541,111.891741,Cloud to Cloud,-12153,3028,17
2026-09-22T18:45:05.741838018Z,1.227618,111.907236,Cloud to Ground,10436,0,15
2026-09-22T18:45:05.713113438Z,12.134162,110.220188,Cloud to Cloud,-22491,11835,7
2026-09-22T18:45:05.838945684Z,12.124099,110.212547,Cloud to Ground,16441,0,7
2026-09-22T18:45:05.724893315Z,12.12182,110.326704,Cloud to Ground,-48373,0,12
2026-09-22T18:45:06.998051430Z,2.43365,114.771065,Cloud to Cloud,-14229,6033,28
2026-09-22T18:45:06.953882771Z,2.327714,114.804076,Cloud to Ground,10440,0,14
2026-09-22T18:45:08.695854945Z,5.651625,118.907843,Cloud to Ground,38203,0,14
2026-09-22T18:45:10.619096016Z,6.072029,117.714873,Cloud to Ground,-42301,0,16
2026-09-22T18:45:10.090065278Z,6.333361,117.723348,Cloud to Ground,-26351,0,16
2026-09-22T18:45:10.869211652Z,6.271084,117.720869,Cloud to Ground,-26200,0,11
2026-09-22T18:45:10.337027721Z,6.38566,117.772892,Cloud to Ground,-16303,0,7
2026-09-22T18:45:10.233511490Z,6.267124,117.656158,Cloud to Ground,20215,0,8
2026-09-22T18:45:10.149670067Z,6.274924,117.693327,Cloud to Ground,36907,0,8
2026-09-22T18:45:10.194154108Z,6.269443,117.704365,Cloud to Ground,58298,0,9
2026-09-22T18:45:10.300778758Z,6.2612,117.848921,Cloud to Ground,-14221,0,7
2026-09-22T18:45:11.993326491Z,14.996033,120.100024,Cloud to Cloud,-24045,7156,9
2026-09-22T18:45:11.975534801Z,15.052392,120.127161,Cloud to Cloud,-12280,17160,7
2026-09-22T18:45:11.971955126Z,15.071517,119.991117,Cloud to Ground,30865,0,15
2026-09-22T18:45:12.868618195Z,3.767306,116.437905,Cloud to Cloud,-9795,3038,11
2026-09-22T18:45:13.427328116Z,1.73247,113.12929,Cloud to Ground,-44854,0,18
2026-09-22T18:45:13.408566109Z,1.707041,113.125491,Cloud to Ground,-27728,0,18
2026-09-22T18:45:13.358521227Z,1.768562,113.168687,Cloud to Ground,-25400,0,14
2026-09-22T18:45:13.752603262Z,1.743997,113.135816,Cloud to Ground,-21746,0,22
2026-09-22T18:45:13.319440000Z,1.9447,112.9698,Cloud to Ground,-9597,0,5
2026-09-22T18:45:15.386354924Z,3.188946,115.845257,Cloud to Ground,39750,0,20
2026-09-22T18:45:15.391870020Z,3.288842,115.983783,Cloud to Cloud,-15494,17501,9
2026-09-22T18:45:15.385833385Z,3.185942,116.035409,Cloud to Cloud,-12520,4632,11
2026-09-22T18:45:15.107467455Z,1.216853,111.826321,Cloud to Cloud,-11151,3002,13
2026-09-22T18:45:15.203207241Z,1.20757,111.940612,Cloud to Cloud,-13902,3417,17
2026-09-22T18:45:18.984936943Z,1.300405,111.888917,Cloud to Ground,-22688,0,21
2026-09-22T18:45:19.181577052Z,1.263346,111.908554,Cloud to Ground,-21163,0,15
2026-09-22T18:45:19.289576910Z,1.269021,111.928157,Cloud to Ground,-17946,0,17
2026-09-22T18:45:19.516266413Z,1.268756,111.922343,Cloud to Ground,-14937,0,11
2026-09-22T18:45:19.592603763Z,5.843211,118.357356,Cloud to Ground,-34075,0,11
2026-09-22T18:45:19.746845558Z,5.818392,118.313762,Cloud to Ground,24578,0,9
2026-09-22T18:45:22.778122742Z,7.580654,130.631427,Cloud to Ground,-26957,0,20
2026-09-22T18:45:22.847522000Z,7.5606,130.5749,Cloud to Ground,-18757,0,7
2026-09-22T18:45:22.887017000Z,7.5899,130.6297,Cloud to Ground,-18719,0,10
2026-09-22T18:45:22.955710000Z,7.5642,130.5987,Cloud to Ground,-18649,0,5
2026-09-22T18:45:23.725583610Z,1.168141,111.865965,Cloud to Ground,-16334,0,11
2026-09-22T18:45:24.043589829Z,1.21166,111.849587,Cloud to Ground,9736,0,10
2026-09-22T18:45:25.276192887Z,20.411683,123.85181,Cloud to Ground,-12344,0,7
2026-09-22T18:45:28.676866828Z,4.123356,116.415203,Cloud to Ground,211708,0,29
2026-09-22T18:45:28.542644153Z,3.466115,115.040205,Cloud to Ground,22234,0,18
2026-09-22T18:45:33.220829813Z,6.023141,118.573065,Cloud to Ground,-10132,0,14
2026-09-22T18:45:33.184266712Z,5.933139,118.620519,Cloud to Ground,33684,0,14
2026-09-22T18:45:34.605214658Z,2.125673,117.550799,Cloud to Ground,32505,0,12
2026-09-22T18:45:39.641145385Z,2.245391,116.786933,Cloud to Ground,15849,0,13
2026-09-22T18:45:41.636194434Z,8.619258,124.171735,Cloud to Cloud,27784,7838,9
2026-09-22T18:45:41.688735000Z,18.6465,122.0583,Cloud to Ground,-73670,0,5
2026-09-22T18:45:41.611026810Z,18.686656,121.982327,Cloud to Ground,-46740,0,10
2026-09-22T18:45:42.630984264Z,3.867196,115.126911,Cloud to Cloud,10604,7022,10
2026-09-22T18:45:42.628761307Z,3.877945,115.14038,Cloud to Ground,14198,0,9
2026-09-22T18:45:45.064184273Z,1.625989,113.257579,Cloud to Ground,15333,0,10
2026-09-22T18:45:45.271019902Z,1.72738,113.205603,Cloud to Ground,15946,0,10
2026-09-22T18:45:45.428490306Z,1.562854,113.189683,Cloud to Cloud,-10786,4709,9
2026-09-22T18:45:46.273342768Z,1.28879,111.892293,Cloud to Cloud,-8825,4299,6
2026-09-22T18:45:48.959517958Z,13.845142,111.709666,Cloud to Ground,-29374,0,11
2026-09-22T18:45:48.957673734Z,13.84241,111.736339,Cloud to Ground,-18700,0,8
2026-09-22T18:45:48.677532176Z,13.807081,111.751306,Cloud to Cloud,-18359,11103,8
2026-09-22T18:45:48.662493038Z,13.830006,111.808587,Cloud to Ground,-15851,0,7
2026-09-22T18:45:48.667845568Z,13.802883,111.816065,Cloud to Ground,-12493,0,7
2026-09-22T18:45:48.658615276Z,13.80766,111.741928,Cloud to Ground,16787,0,8
2026-09-22T18:45:48.661223320Z,13.789741,111.699743,Cloud to Ground,30369,0,10
2026-09-22T18:45:51.817236020Z,7.563583,130.451179,Cloud to Ground,-67735,0,10
2026-09-22T18:45:51.918260499Z,7.577306,130.541067,Cloud to Ground,-48360,0,18
2026-09-22T18:45:51.972911844Z,7.566636,130.604234,Cloud to Ground,-33083,0,25
2026-09-22T18:45:51.884013000Z,7.5785,130.6036,Cloud to Ground,-23037,0,13
2026-09-22T18:45:52.345508309Z,7.56645,130.585128,Cloud to Ground,-17178,0,11
2026-09-22T18:45:51.830831663Z,7.567694,130.545947,Cloud to Ground,33719,0,13
2026-09-22T18:45:52.899375771Z,1.17974,111.942579,Cloud to Ground,-12422,0,8
2026-09-22T18:45:53.764501243Z,6.548641,118.258775,Cloud to Ground,-21694,0,21
2026-09-22T18:45:53.448782199Z,6.506347,118.409133,Cloud to Cloud,24353,3010,7
2026-09-22T18:45:55.643835992Z,2.24612,114.810793,Cloud to Ground,10258,0,14
2026-09-22T18:45:56.346216252Z,5.65022,118.932457,Cloud to Ground,13270,0,12
2026-09-22T18:45:56.376996191Z,5.592373,118.961022,Cloud to Ground,44310,0,15
2026-09-22T18:45:59.219775159Z,1.162556,111.877949,Cloud to Cloud,-16321,19415,14
2026-09-22T18:45:59.016786441Z,1.24291,111.792648,Cloud to Cloud,7240,7210,15
2026-09-22T18:45:59.096411169Z,1.108093,111.742717,Cloud to Ground,-24270,0,28
2026-09-22T18:46:02.549723900Z,7.637865,127.332481,Cloud to Ground,-35972,0,12
2026-09-22T18:46:02.577842674Z,7.604373,127.336254,Cloud to Ground,-27999,0,24
2026-09-22T18:46:02.547653000Z,7.5997,127.3213,Cloud to Ground,-4252,0,5
2026-09-22T18:46:02.475454000Z,7.6356,127.3116,Cloud to Ground,36745,0,5
2026-09-22T18:46:03.737559414Z,14.698989,120.746933,Cloud to Cloud,15193,3018,9
2026-09-22T18:46:04.792597846Z,13.534833,122.194754,Cloud to Ground,-98350,0,10
2026-09-22T18:46:06.820397639Z,1.265023,111.874393,Cloud to Cloud,-8487,19483,16
2026-09-22T18:46:07.301224802Z,5.768475,118.319993,Cloud to Ground,59334,0,15
2026-09-22T18:46:10.097822327Z,13.481199,122.080472,Cloud to Cloud,18277,3002,8
2026-09-22T18:46:10.310609666Z,2.209725,117.574094,Cloud to Ground,13312,0,13
2026-09-22T18:46:10.203444800Z,2.210302,117.580959,Cloud to Ground,14762,0,14
2026-09-22T18:46:10.531505088Z,2.213831,117.578987,Cloud to Ground,24424,0,14
2026-09-22T18:46:10.258766696Z,2.220119,117.550643,Cloud to Ground,27070,0,14
2026-09-22T18:46:10.162714259Z,2.207355,117.578158,Cloud to Ground,29450,0,14
2026-09-22T18:46:10.380755824Z,2.192484,117.609534,Cloud to Ground,57183,0,21
2026-09-22T18:46:10.115742644Z,2.210058,117.576621,Cloud to Ground,58501,0,15
2026-09-22T18:46:10.735379535Z,3.703724,116.349925,Cloud to Cloud,13548,9279,7
2026-09-22T18:46:11.666272793Z,7.556189,130.563427,Cloud to Ground,-96326,0,23
2026-09-22T18:46:11.537404508Z,7.568663,130.599263,Cloud to Ground,-43110,0,16
2026-09-22T18:46:11.778694726Z,7.560515,130.653192,Cloud to Ground,-26593,0,16
2026-09-22T18:46:11.578212000Z,7.5863,130.6674,Cloud to Ground,-22740,0,7
2026-09-22T18:46:11.835937597Z,7.564819,130.586302,Cloud to Ground,-17854,0,8
2026-09-22T18:46:14.226420759Z,1.73798,113.143143,Cloud to Ground,-37327,0,26
2026-09-22T18:46:14.140039098Z,1.768025,113.153913,Cloud to Ground,-33329,0,17
2026-09-22T18:46:14.416173432Z,1.733494,113.200306,Cloud to Ground,-25791,0,15
2026-09-22T18:46:14.483049002Z,1.706402,113.127803,Cloud to Ground,-24842,0,13
2026-09-22T18:46:15.264737660Z,15.051886,120.031925,Cloud to Cloud,-13363,17438,6
2026-09-22T18:46:15.473700000Z,15.0663,119.9389,Cloud to Ground,-6779,0,5
2026-09-22T18:46:16.459699850Z,5.939772,118.701949,Cloud to Ground,-37694,0,13
2026-09-22T18:46:16.437418836Z,5.93031,118.613128,Cloud to Ground,-27678,0,14
2026-09-22T18:46:16.498478368Z,5.910648,118.447026,Cloud to Ground,21310,0,10
2026-09-22T18:46:16.479147563Z,5.926284,118.533886,Cloud to Ground,28036,0,12
2026-09-22T18:46:17.342524873Z,2.312859,114.819262,Cloud to Ground,19401,0,12
2026-09-22T18:46:21.431063066Z,4.997308,116.688185,Cloud to Ground,17356,0,8
2026-09-22T18:46:21.434412165Z,4.996064,116.661024,Cloud to Ground,24476,0,11
2026-09-22T18:46:22.906139962Z,4.673739,116.379149,Cloud to Cloud,-10905,4604,16
2026-09-22T18:46:22.745214055Z,3.332125,115.423595,Cloud to Ground,-8913,0,10
2026-09-22T18:46:25.641198611Z,5.883527,118.481503,Cloud to Cloud,25795,18123,10
2026-09-22T18:46:28.941365000Z,14.8802,120.8071,Cloud to Ground,5940,0,5
2026-09-22T18:46:31.360716078Z,5.700724,119.025635,Cloud to Ground,26041,0,12
2026-09-22T18:46:31.157027763Z,3.178333,115.988378,Cloud to Ground,-18733,0,15
2026-09-22T18:46:31.156561425Z,3.180429,115.927664,Cloud to Cloud,8939,3009,10
2026-09-22T18:46:31.159721824Z,3.176177,115.95546,Cloud to Cloud,12695,5290,10
2026-09-22T18:46:31.748184231Z,1.584929,113.190872,Cloud to Cloud,-12846,19499,13
2026-09-22T18:46:31.760611503Z,1.642716,113.111769,Cloud to Ground,-12494,0,12
2026-09-22T18:46:31.750796457Z,1.648393,113.127651,Cloud to Ground,20929,0,6
2026-09-22T18:46:31.749021171Z,1.596239,113.115166,Cloud to Ground,22224,0,15
2026-09-22T18:46:31.749695000Z,1.5942,113.1227,Cloud to Ground,34603,0,7
2026-09-22T18:46:32.666746795Z,7.691104,120.187038,Cloud to Ground,-33432,0,13
2026-09-22T18:46:32.740705000Z,7.7073,120.1718,Cloud to Ground,-7904,0,8
2026-09-22T18:46:32.685982000Z,7.7695,120.2383,Cloud to Ground,388,0,5
2026-09-22T18:46:33.894600535Z,3.784032,116.586159,Cloud to Ground,26913,0,15
2026-09-22T18:46:33.895729730Z,3.785526,116.581177,Cloud to Ground,30714,0,16
2026-09-22T18:46:33.261106164Z,5.831205,118.333011,Cloud to Cloud,-15560,13612,16
2026-09-22T18:46:33.521100054Z,5.815858,118.363052,Cloud to Ground,16569,0,12
2026-09-22T18:46:36.031401370Z,7.547051,130.641728,Cloud to Ground,-25381,0,15
2026-09-22T18:46:36.078000294Z,7.546911,130.592008,Cloud to Ground,-21285,0,15
2026-09-22T18:46:36.004403850Z,7.562342,130.56878,Cloud to Ground,-20245,0,18
2026-09-22T18:46:36.066920242Z,7.551593,130.589013,Cloud to Ground,-15624,0,23
2026-09-22T18:46:36.060345000Z,7.5867,130.5953,Cloud to Ground,-13623,0,5
2026-09-22T18:46:35.988268719Z,7.562187,130.660796,Cloud to Ground,68168,0,30
2026-09-22T18:46:36.120066000Z,9.7469,125.1105,Cloud to Ground,-13045,0,7
2026-09-22T18:46:36.118465057Z,9.727044,125.117825,Cloud to Ground,23984,0,14
2026-09-22T18:46:36.959642373Z,5.971861,118.572778,Cloud to Ground,22302,0,12
2026-09-22T18:46:36.966505028Z,14.702407,120.930555,Cloud to Ground,-19168,0,7
2026-09-22T18:46:37.133393832Z,5.946935,118.703427,Cloud to Cloud,-19828,5068,11
2026-09-22T18:46:40.686749645Z,19.054519,124.220756,Cloud to Ground,-51272,0,11
2026-09-22T18:46:40.990124896Z,19.059171,124.244596,Cloud to Ground,-31168,0,6
2026-09-22T18:46:40.831618272Z,19.071137,124.243444,Cloud to Ground,-18854,0,7
2026-09-22T18:46:40.802184496Z,19.068081,124.248126,Cloud to Ground,-18374,0,7
2026-09-22T18:46:40.690735611Z,19.086975,124.244102,Cloud to Ground,87239,0,13
2026-09-22T18:46:41.300873684Z,5.60409,118.871893,Cloud to Ground,-19888,0,16
2026-09-22T18:46:41.376597169Z,5.64697,118.899241,Cloud to Ground,-18633,0,12
2026-09-22T18:46:41.619618941Z,5.638991,118.918969,Cloud to Ground,-14373,0,16
2026-09-22T18:46:41.668728847Z,5.72949,118.908498,Cloud to Ground,-13309,0,22
2026-09-22T18:46:41.271422522Z,5.578936,118.939636,Cloud to Ground,18855,0,9
2026-09-22T18:46:41.791008123Z,5.575663,118.927387,Cloud to Ground,25640,0,14
2026-09-22T18:46:41.460078813Z,18.666144,122.372584,Cloud to Ground,-49480,0,8
2026-09-22T18:46:41.513278881Z,18.651677,122.34256,Cloud to Ground,-43696,0,16
2026-09-22T18:46:41.619338756Z,18.651408,122.341092,Cloud to Ground,-40406,0,16
2026-09-22T18:46:46.309281599Z,18.844851,122.576984,Cloud to Cloud,16672,17635,8
2026-09-22T18:46:47.459206743Z,1.317536,111.875726,Cloud to Ground,-21027,0,18
2026-09-22T18:46:47.722195584Z,1.345521,111.870615,Cloud to Ground,-12997,0,17
2026-09-22T18:46:47.469464850Z,1.213944,111.929041,Cloud to Cloud,9531,8641,7
2026-09-22T18:46:47.571810504Z,1.266345,111.907144,Cloud to Ground,11862,0,7
2026-09-22T18:46:47.412120530Z,1.233989,111.938473,Cloud to Ground,38157,0,22
2026-09-22T18:46:48.771061000Z,13.8435,111.775,Cloud to Ground,-111938,0,11
2026-09-22T18:46:48.727743594Z,13.819536,111.774652,Cloud to Ground,-59706,0,10
2026-09-22T18:46:48.717704914Z,13.822815,111.696833,Cloud to Cloud,-25992,3808,10
2026-09-22T18:46:48.749104078Z,13.853654,111.780649,Cloud to Ground,18478,0,8
2026-09-22T18:46:48.832861140Z,13.810201,111.669035,Cloud to Ground,58555,0,10
2026-09-22T18:46:49.148475741Z,5.649083,118.052013,Cloud to Cloud,-18726,3907,10
2026-09-22T18:46:50.937876624Z,20.471777,123.83036,Cloud to Cloud,-19179,11760,12
2026-09-22T18:46:50.871155704Z,20.410248,123.946801,Cloud to Ground,-41391,0,13
2026-09-22T18:46:50.922133163Z,20.410297,124.012331,Cloud to Ground,-27347,0,8
2026-09-22T18:46:51.593796999Z,5.79967,118.399518,Cloud to Ground,23431,0,9
2026-09-22T18:46:52.315648091Z,6.326412,117.826225,Cloud to Ground,-14464,0,13
2026-09-22T18:46:52.278351527Z,6.292112,117.852259,Cloud to Cloud,-10953,14747,17
2026-09-22T18:46:54.729891757Z,1.225133,111.859928,Cloud to Ground,-11863,0,13
2026-09-22T18:46:55.426307000Z,15.0558,120.1165,Cloud to Ground,-9781,0,6
2026-09-22T18:46:56.242949433Z,11.647543,112.105194,Cloud to Ground,27812,0,10
2026-09-22T18:46:56.285326298Z,11.658157,112.163025,Cloud to Ground,45432,0,14
2026-09-22T18:46:56.016863105Z,11.663799,112.113267,Cloud to Ground,98736,0,16
2026-09-22T18:46:56.256645000Z,12.0989,122.498,Cloud to Ground,-35370,0,6
2026-09-22T18:46:57.847014473Z,3.676391,116.332797,Cloud to Ground,-33381,0,27
2026-09-22T18:46:58.227595239Z,3.706209,116.338643,Cloud to Ground,-14491,0,19
2026-09-22T18:46:57.915033442Z,3.683749,116.395258,Cloud to Ground,18193,0,14
2026-09-22T18:46:57.853302000Z,2.364,117.4854,Cloud to Ground,-10557,0,5
2026-09-22T18:46:57.696480482Z,2.253028,117.561867,Cloud to Ground,-22074,0,19
2026-09-22T18:46:57.958747471Z,2.255224,117.55676,Cloud to Ground,10205,0,10
2026-09-22T18:46:57.989453118Z,2.253018,117.555609,Cloud to Ground,12985,0,7
2026-09-22T18:46:57.804626292Z,2.254046,117.552357,Cloud to Ground,13866,0,11
2026-09-22T18:46:57.827627866Z,2.254488,117.559288,Cloud to Ground,22334,0,14
2026-09-22T18:46:57.785894272Z,2.254226,117.561905,Cloud to Ground,26060,0,16
2026-09-22T18:46:58.147045817Z,2.25696,117.56784,Cloud to Ground,35958,0,23
2026-09-22T18:46:57.762011003Z,2.256257,117.572981,Cloud to Ground,45203,0,24
2026-09-22T18:46:57.736085110Z,2.25709,117.558451,Cloud to Ground,46440,0,16
2026-09-22T18:46:58.224288991Z,2.256064,117.555551,Cloud to Ground,47108,0,14
2026-09-22T18:46:57.926424098Z,2.248228,117.573842,Cloud to Ground,51530,0,22
2026-09-22T18:46:57.704688363Z,2.248288,117.586832,Cloud to Ground,91876,0,17
2026-09-22T18:47:01.391918800Z,2.340118,116.747725,Cloud to Cloud,-16403,3910,12
2026-09-22T18:47:03.144591761Z,5.572388,118.951399,Cloud to Ground,40638,0,12
2026-09-22T18:47:05.811925622Z,7.6791,130.32638,Cloud to Ground,-23673,0,20
2026-09-22T18:47:05.755396001Z,7.684576,130.277101,Cloud to Ground,-22947,0,22
2026-09-22T18:47:05.874078435Z,7.58529,130.611797,Cloud to Ground,-38833,0,20
2026-09-22T18:47:05.831883207Z,7.59865,130.550746,Cloud to Ground,-37847,0,22
2026-09-22T18:47:05.788075000Z,7.5763,130.5453,Cloud to Ground,-15314,0,8
2026-09-22T18:47:09.617922009Z,3.680402,116.459962,Cloud to Ground,68934,0,13
2026-09-22T18:47:09.730996369Z,3.704689,116.350775,Cloud to Cloud,-12649,3402,22
2026-09-22T18:47:09.557115501Z,14.792167,120.687924,Cloud to Ground,15220,0,8
2026-09-22T18:47:09.193446000Z,5.8207,118.3458,Cloud to Ground,-9085,0,5
2026-09-22T18:47:12.200749498Z,1.226971,111.911292,Cloud to Ground,18613,0,14
2026-09-22T18:47:14.843640505Z,2.494134,110.064183,Cloud to Ground,-8521,0,7
2026-09-22T18:47:14.952146020Z,2.450974,110.092947,Cloud to Ground,27012,0,11
2026-09-22T18:47:14.839583781Z,2.405401,110.008067,Cloud to Ground,25910,0,13
2026-09-22T18:47:14.499743562Z,14.726451,121.020118,Cloud to Cloud,13089,3450,8
2026-09-22T18:47:17.078580731Z,5.927384,118.555359,Cloud to Cloud,11208,4696,9
2026-09-22T18:47:17.216243847Z,5.930006,118.548511,Cloud to Cloud,15376,16223,7
2026-09-22T18:47:17.262568819Z,5.929217,118.495571,Cloud to Ground,16455,0,9
2026-09-22T18:47:17.190194429Z,5.926346,118.548296,Cloud to Ground,21834,0,11
2026-09-22T18:47:17.149666484Z,5.934891,118.505419,Cloud to Ground,26168,0,9
2026-09-22T18:47:17.122456686Z,5.928669,118.551809,Cloud to Ground,40809,0,11
2026-09-22T18:47:17.325235732Z,5.932639,118.543452,Cloud to Ground,43395,0,9
2026-09-22T18:47:17.045439613Z,5.936419,118.622085,Cloud to Ground,88027,0,16
2026-09-22T18:47:18.262937361Z,1.22323,111.881134,Cloud to Ground,-12148,0,13
2026-09-22T18:47:20.023429996Z,5.907512,118.404253,Cloud to Cloud,-27594,6883,14
2026-09-22T18:47:20.061997844Z,5.905948,118.350128,Cloud to Ground,-25055,0,10
2026-09-22T18:47:19.991377643Z,5.892854,118.343027,Cloud to Cloud,-11286,5082,16
2026-09-22T18:47:23.346696507Z,1.003167,112.017479,Cloud to Cloud,-9973,3007,12
2026-09-22T18:47:24.507568784Z,6.498075,118.292293,Cloud to Ground,44487,0,14
2026-09-22T18:47:24.364662151Z,6.611707,118.281149,Cloud to Ground,-18909,0,12
2026-09-22T18:47:24.362919123Z,6.596863,118.320361,Cloud to Ground,59464,0,14
2026-09-22T18:47:24.482405268Z,1.620006,113.105453,Cloud to Ground,-28041,0,12
2026-09-22T18:47:24.587015903Z,1.603903,113.072749,Cloud to Ground,-24182,0,24
2026-09-22T18:47:24.461794017Z,1.591216,113.160767,Cloud to Cloud,-16389,3124,15
2026-09-22T18:47:24.890756000Z,1.6505,113.2704,Cloud to Ground,-19911,0,8
2026-09-22T18:47:24.985990000Z,1.6739,113.2178,Cloud to Ground,-14356,0,6
2026-09-22T18:47:24.678330000Z,1.6867,113.2064,Cloud to Ground,30555,0,5
2026-09-22T18:47:28.734864425Z,5.573403,118.968503,Cloud to Ground,27559,0,21
2026-09-22T18:47:28.804615030Z,5.572893,118.975212,Cloud to Ground,41175,0,17
2026-09-22T18:47:28.089100533Z,7.573905,130.453525,Cloud to Ground,-34380,0,22
2026-09-22T18:47:28.181506000Z,7.5512,130.587,Cloud to Ground,-25252,0,7
2026-09-22T18:47:29.616082481Z,1.20669,111.999664,Cloud to Cloud,-26872,6071,8
2026-09-22T18:47:30.377982694Z,13.963917,111.86373,Cloud to Ground,34670,0,12
2026-09-22T18:47:30.377434000Z,14.0189,112.0314,Cloud to Ground,-112887,0,5
2026-09-22T18:47:32.996507869Z,13.818218,111.789405,Cloud to Ground,-93361,0,9
2026-09-22T18:47:33.068538000Z,13.8418,111.8631,Cloud to Ground,-69423,0,5
2026-09-22T18:47:33.016357737Z,13.826015,111.775942,Cloud to Ground,-20124,0,9
2026-09-22T18:47:33.099544554Z,13.79874,111.70363,Cloud to Ground,45962,0,10
2026-09-22T18:47:33.344933848Z,5.776279,118.383871,Cloud to Ground,13698,0,11
2026-09-22T18:47:33.315245915Z,5.760745,118.321777,Cloud to Ground,26104,0,10
2026-09-22T18:47:33.425179858Z,5.786754,118.342179,Cloud to Ground,32133,0,10
2026-09-22T18:47:33.283648481Z,5.783564,118.357386,Cloud to Ground,50787,0,11
2026-09-22T18:47:33.019491353Z,13.770682,111.608745,Cloud to Ground,49513,0,7
2026-09-22T18:47:34.182716328Z,2.412154,117.511144,Cloud to Ground,39871,0,17
2026-09-22T18:47:39.013050249Z,5.57982,118.973038,Cloud to Ground,8745,0,8
2026-09-22T18:47:38.773958897Z,5.588276,118.964012,Cloud to Ground,24191,0,11
2026-09-22T18:47:38.262497067Z,1.237798,111.905489,Cloud to Ground,9734,0,7
2026-09-22T18:47:39.765870000Z,3.5991,116.3516,Cloud to Ground,-13854,0,6
2026-09-22T18:47:43.550924743Z,1.819012,113.13743,Cloud to Ground,-45794,0,9
2026-09-22T18:47:43.045275971Z,1.689287,113.121348,Cloud to Ground,-14101,0,19
2026-09-22T18:47:43.353391330Z,1.678598,113.154889,Cloud to Ground,9797,0,9
2026-09-22T18:47:44.022907598Z,2.219084,114.672042,Cloud to Ground,-10437,0,12
2026-09-22T18:47:44.022168746Z,2.231304,114.714233,Cloud to Ground,26944,0,22
2026-09-22T18:47:44.576714895Z,1.203604,111.827746,Cloud to Ground,-10960,0,9
2026-09-22T18:47:45.314853016Z,5.753257,118.834223,Cloud to Cloud,-6878,3002,8
2026-09-22T18:47:49.739971603Z,4.135236,115.566793,Cloud to Cloud,-12469,3003,11
2026-09-22T18:47:49.740964621Z,4.221394,115.501693,Cloud to Cloud,-15193,5689,8
2026-09-22T18:47:52.814174000Z,5.9388,118.6349,Cloud to Ground,-51664,0,10
2026-09-22T18:47:53.512816350Z,1.339536,111.884289,Cloud to Ground,-13517,0,24
2026-09-22T18:47:55.487159549Z,5.594048,118.883015,Cloud to Ground,-49140,0,16
2026-09-22T18:47:55.630212850Z,5.612733,118.910576,Cloud to Ground,-27002,0,9
2026-09-22T18:47:55.450934511Z,5.618652,118.897119,Cloud to Ground,-21253,0,16
2026-09-22T18:47:55.566075687Z,5.570461,118.938081,Cloud to Ground,18702,0,10
2026-09-22T18:47:55.038699505Z,7.616884,127.401544,Cloud to Ground,-129653,0,20
2026-09-22T18:47:55.172553000Z,7.5629,127.331,Cloud to Ground,89642,0,5
2026-09-22T18:47:55.582712717Z,18.84836,122.548361,Cloud to Ground,-12781,0,11
2026-09-22T18:47:56.090015749Z,1.914832,112.867923,Cloud to Ground,-34515,0,18
2026-09-22T18:47:56.060975000Z,1.8454,112.931,Cloud to Ground,2612,0,5
2026-09-22T18:47:56.543223000Z,18.6999,122.3232,Cloud to Ground,-147900,0,7
2026-09-22T18:47:56.565285950Z,18.711284,122.324432,Cloud to Ground,14422,0,10
2026-09-22T18:47:56.542904495Z,17.753646,122.180263,Cloud to Cloud,-1089,19960,10
2026-09-22T18:47:58.801640245Z,5.91537,118.353812,Cloud to Cloud,-14290,19064,19
2026-09-22T18:47:59.548587116Z,5.019577,116.655742,Cloud to Ground,-13032,0,6
2026-09-22T18:47:59.852006042Z,5.109819,116.654371,Cloud to Cloud,-11997,3080,9
2026-09-22T18:47:59.545952399Z,5.111553,116.652169,Cloud to Ground,39089,0,7
2026-09-22T18:48:01.294396760Z,1.169705,111.860137,Cloud to Ground,20488,0,17
2026-09-22T18:48:07.861035406Z,12.113984,111.032103,Cloud to Ground,-29690,0,17
2026-09-22T18:48:07.880312504Z,12.122867,111.227926,Cloud to Cloud,-27508,7298,7
2026-09-22T18:48:08.975666068Z,20.528368,123.808812,Cloud to Ground,-57460,0,15
2026-09-22T18:48:09.160327848Z,20.402924,123.843184,Cloud to Ground,-22154,0,10
2026-09-22T18:48:09.122944375Z,20.461699,123.740384,Cloud to Cloud,-16733,4846,13
2026-09-22T18:48:13.237667426Z,5.804755,118.36009,Cloud to Ground,-23177,0,15
2026-09-22T18:48:19.045058885Z,5.780344,118.320171,Cloud to Cloud,16973,19512,9
2026-09-22T18:48:18.974378014Z,5.779824,118.338865,Cloud to Ground,33712,0,13
2026-09-22T18:48:19.710255496Z,12.167363,110.253925,Cloud to Ground,-32459,0,8
2026-09-22T18:48:19.819391000Z,12.2242,110.2945,Cloud to Ground,36879,0,7
2026-09-22T18:48:19.525123272Z,12.500358,110.053488,Cloud to Cloud,-11356,19130,7
2026-09-22T18:48:21.985728139Z,4.359699,116.072031,Cloud to Ground,-21418,0,12
2026-09-22T18:48:21.981770182Z,4.364995,116.097793,Cloud to Ground,13265,0,10
2026-09-22T18:48:22.073600174Z,5.921043,118.33542,Cloud to Ground,-11973,0,17
2026-09-22T18:48:22.443879227Z,1.145619,111.865446,Cloud to Ground,-15852,0,12
2026-09-22T18:48:24.321590958Z,5.582616,118.936267,Cloud to Ground,20597,0,14
2026-09-22T18:48:24.096643341Z,11.757682,111.867896,Cloud to Ground,-57603,0,11
2026-09-22T18:48:24.089362811Z,11.724708,111.762707,Cloud to Cloud,-66886,3017,7
2026-09-22T18:48:24.130162816Z,11.747772,111.736064,Cloud to Cloud,-34610,12845,10
2026-09-22T18:48:25.031057601Z,13.822102,119.901145,Cloud to Ground,52087,0,9
2026-09-22T18:48:25.031765026Z,13.766024,119.820515,Cloud to Ground,31097,0,17
2026-09-22T18:48:25.520079925Z,13.770844,111.887414,Cloud to Cloud,38627,3013,15
2026-09-22T18:48:26.971549127Z,2.311995,114.835119,Cloud to Ground,25565,0,13
2026-09-22T18:48:26.970982607Z,2.328463,114.799133,Cloud to Ground,57088,0,26
2026-09-22T18:48:27.305523060Z,2.422277,114.780572,Cloud to Cloud,-13557,15677,22
2026-09-22T18:48:28.414143900Z,11.989513,123.204268,Cloud to Cloud,32336,4733,13
2026-09-22T18:48:30.463365453Z,1.162631,111.906106,Cloud to Cloud,8682,12697,7
2026-09-22T18:48:31.910310187Z,5.858402,118.472534,Cloud to Cloud,20805,12998,7
2026-09-22T18:48:31.480708491Z,7.534454,130.475345,Cloud to Ground,22518,0,23
2026-09-22T18:48:32.860918031Z,3.689397,116.323146,Cloud to Ground,-28038,0,25
2026-09-22T18:48:32.828621571Z,3.730909,116.360763,Cloud to Ground,21829,0,17
2026-09-22T18:48:32.811652844Z,3.673387,116.430966,Cloud to Ground,26145,0,18
2026-09-22T18:48:32.825994073Z,3.680719,116.39828,Cloud to Ground,71953,0,28
2026-09-22T18:48:34.605379350Z,5.904848,118.375492,Cloud to Cloud,-13244,7126,15
2026-09-22T18:48:34.579056769Z,5.807591,118.389546,Cloud to Ground,14481,0,10
2026-09-22T18:48:34.546571068Z,5.811681,118.407439,Cloud to Ground,44520,0,12
2026-09-22T18:48:34.286747891Z,2.918468,110.113439,Cloud to Ground,20819,0,8
2026-09-22T18:48:34.284151224Z,2.804768,110.100148,Cloud to Cloud,20539,18264,6
2026-09-22T18:48:34.282627805Z,2.827461,110.091886,Cloud to Ground,61750,0,8
2026-09-22T18:48:34.075809081Z,14.754009,121.02143,Cloud to Ground,36051,0,9
2026-09-22T18:48:34.043786000Z,14.7143,120.841,Cloud to Ground,-5913,0,6
2026-09-22T18:48:35.961527312Z,6.039868,118.717168,Cloud to Ground,-41281,0,8
2026-09-22T18:48:36.054786736Z,5.925891,118.545975,Cloud to Cloud,12876,3139,10
2026-09-22T18:48:35.853672322Z,5.929913,118.541215,Cloud to Cloud,16238,3096,8
2026-09-22T18:48:35.812518584Z,5.936398,118.590787,Cloud to Ground,58763,0,14
2026-09-22T18:48:36.612203062Z,2.265153,117.538378,Cloud to Ground,23687,0,21
2026-09-22T18:48:36.525162304Z,14.282181,123.022521,Cloud to Ground,-29342,0,7
2026-09-22T18:48:36.527028969Z,14.225589,123.079699,Cloud to Cloud,-25286,17718,7
2026-09-22T18:48:37.104939471Z,1.276078,111.937581,Cloud to Ground,-13877,0,19
2026-09-22T18:48:40.483056833Z,22.612847,124.647026,Cloud to Cloud,8455,13314,6
2026-09-22T18:48:40.480845144Z,22.618554,124.64233,Cloud to Cloud,9123,7126,6
2026-09-22T18:48:40.484635586Z,22.61101,124.646801,Cloud to Ground,21151,0,7
2026-09-22T18:48:40.481647979Z,22.672381,124.510296,Cloud to Cloud,14746,11847,9
2026-09-22T18:48:40.483720582Z,22.585399,124.43014,Cloud to Ground,28151,0,10
2026-09-22T18:48:44.460935427Z,5.588901,118.885368,Cloud to Ground,-11607,0,10
2026-09-22T18:48:44.648424922Z,5.579085,118.928268,Cloud to Ground,16631,0,10
2026-09-22T18:48:44.453974306Z,5.57628,118.933302,Cloud to Ground,18730,0,17
2026-09-22T18:48:44.525395316Z,5.576484,118.931527,Cloud to Ground,22106,0,16
2026-09-22T18:48:44.309137178Z,5.674189,118.88677,Cloud to Ground,39698,0,15
2026-09-22T18:48:46.465877812Z,13.723388,111.81924,Cloud to Cloud,-13091,5067,7
2026-09-22T18:48:46.333824651Z,13.815609,111.752869,Cloud to Cloud,-25499,3303,13
2026-09-22T18:48:46.719282338Z,13.89483,111.7808,Cloud to Cloud,-16480,11543,6
2026-09-22T18:48:46.717109959Z,13.878591,111.797739,Cloud to Cloud,-9975,9082,7
2026-09-22T18:48:46.727351252Z,13.830183,111.637007,Cloud to Cloud,17077,18971,6
2026-09-22T18:48:46.714017170Z,13.840264,111.658308,Cloud to Ground,29375,0,6
2026-09-22T18:48:53.592651859Z,14.911863,120.046576,Cloud to Cloud,-14561,7643,7
2026-09-22T18:48:53.603605000Z,15.0522,120.0124,Cloud to Ground,-26253,0,6
2026-09-22T18:48:56.565394859Z,3.229558,117.301561,Cloud to Ground,-31624,0,19
2026-09-22T18:48:56.610977316Z,3.252858,117.244628,Cloud to Ground,-23977,0,14
2026-09-22T18:48:59.730612942Z,5.903724,118.492946,Cloud to Cloud,9188,3351,8
2026-09-22T18:49:00.297988809Z,13.55726,122.1399,Cloud to Ground,-73043,0,15
2026-09-22T18:49:00.331392292Z,13.529371,121.949636,Cloud to Ground,-27306,0,9
2026-09-22T18:49:01.386071955Z,8.868648,123.992533,Cloud to Ground,17080,0,9
2026-09-22T18:49:02.298533268Z,13.695278,110.295123,Cloud to Ground,-32993,0,8
2026-09-22T18:49:02.299476886Z,13.714447,110.246782,Cloud to Ground,24992,0,9
2026-09-22T18:49:02.297848055Z,13.715223,110.241792,Cloud to Ground,82121,0,10
2026-09-22T18:49:03.080377431Z,6.547224,118.421315,Cloud to Ground,19125,0,12
2026-09-22T18:49:03.131169532Z,6.629577,118.328106,Cloud to Ground,-16380,0,14
2026-09-22T18:49:03.081369000Z,6.5274,118.3226,Cloud to Ground,-62568,0,5
2026-09-22T18:49:03.079653275Z,6.5189,118.2878,Cloud to Ground,35091,0,15
2026-09-22T18:49:04.495378016Z,1.273653,111.90716,Cloud to Cloud,-23232,5479,13
2026-09-22T18:49:04.418800111Z,1.274023,111.904538,Cloud to Ground,-18568,0,16
2026-09-22T18:49:05.659564512Z,13.834877,110.464236,Cloud to Ground,-81689,0,11
2026-09-22T18:49:05.686610405Z,13.839652,110.419603,Cloud to Ground,15921,0,7
2026-09-22T18:49:05.664998713Z,13.83561,110.422586,Cloud to Ground,18925,0,6
2026-09-22T18:49:05.660177678Z,13.831611,110.426759,Cloud to Ground,48517,0,14
2026-09-22T18:49:05.712245000Z,13.9168,110.5536,Cloud to Ground,65472,0,5
2026-09-22T18:49:05.630779000Z,14.8004,120.6696,Cloud to Ground,-16620,0,5
2026-09-22T18:49:07.642702000Z,12.1174,122.4391,Cloud to Ground,-4894,0,5
2026-09-22T18:49:08.571645190Z,5.929645,118.448132,Cloud to Cloud,9982,4428,10
2026-09-22T18:49:08.421465710Z,5.830855,118.319579,Cloud to Ground,-24318,0,32
2026-09-22T18:49:08.566455939Z,5.791467,118.323703,Cloud to Ground,19044,0,10
2026-09-22T18:49:08.348103957Z,5.805588,118.37524,Cloud to Ground,36306,0,17
2026-09-22T18:49:09.586213000Z,14.8156,120.6961,Cloud to Ground,-6158,0,8
2026-09-22T18:49:11.815723895Z,5.790447,118.394465,Cloud to Ground,9597,0,7
2026-09-22T18:49:12.852389611Z,8.009346,131.469463,Cloud to Ground,-26450,0,18
2026-09-22T18:49:12.858222087Z,8.017207,131.501302,Cloud to Ground,69644,0,31
2026-09-22T18:49:12.931460992Z,8.016045,131.364616,Cloud to Ground,-28417,0,18
2026-09-22T18:49:12.965582094Z,8.003531,131.378376,Cloud to Ground,-28180,0,26
2026-09-22T18:49:13.006245443Z,8.01065,131.37339,Cloud to Ground,-26675,0,23
2026-09-22T18:49:12.688926271Z,14.80055,120.673938,Cloud to Cloud,-4913,3019,6
2026-09-22T18:49:13.780283388Z,3.448679,115.310099,Cloud to Cloud,-12577,3001,24
2026-09-22T18:49:13.781806423Z,3.347158,115.33143,Cloud to Ground,-14885,0,14
2026-09-22T18:49:13.779406049Z,3.35373,115.33117,Cloud to Ground,33146,0,20
2026-09-22T18:49:14.036251143Z,1.191631,111.948204,Cloud to Cloud,11073,19978,7
2026-09-22T18:49:16.848147514Z,7.598467,130.410399,Cloud to Ground,-44383,0,20
2026-09-22T18:49:16.752799690Z,7.552303,130.528467,Cloud to Ground,-58910,0,15
2026-09-22T18:49:16.790254162Z,7.571488,130.567292,Cloud to Ground,-45668,0,29
2026-09-22T18:49:16.873025268Z,7.576034,130.550052,Cloud to Ground,-35106,0,17
2026-09-22T18:49:16.818294469Z,7.55929,130.599152,Cloud to Cloud,-26883,3025,14
2026-09-22T18:49:16.768858214Z,7.595443,130.622587,Cloud to Cloud,-26077,6805,20
2026-09-22T18:49:17.078524781Z,7.547177,130.66921,Cloud to Ground,-22897,0,13
2026-09-22T18:49:16.801202634Z,7.56825,130.63382,Cloud to Cloud,-17500,11228,23
2026-09-22T18:49:16.978929265Z,7.531347,130.566058,Cloud to Cloud,-16084,3340,21
2026-09-22T18:49:16.914382714Z,7.620469,130.670975,Cloud to Ground,35862,0,8
2026-09-22T18:49:20.971815040Z,2.2575,114.720464,Cloud to Ground,-12865,0,12
2026-09-22T18:49:20.990505295Z,2.268285,114.712657,Cloud to Ground,20107,0,15
2026-09-22T18:49:21.823091960Z,14.802755,120.784045,Cloud to Ground,-22461,0,6
2026-09-22T18:49:22.109610274Z,3.663844,116.363395,Cloud to Ground,10705,0,10
2026-09-22T18:49:22.133105735Z,3.673924,116.359655,Cloud to Ground,19354,0,14
2026-09-22T18:49:24.084793445Z,5.892216,118.383844,Cloud to Cloud,-11379,13115,25
2026-09-22T18:49:23.835565928Z,5.941603,118.325517,Cloud to Cloud,26785,9083,8
2026-09-22T18:49:23.740994000Z,5.8084,118.3803,Cloud to Ground,30801,0,7
2026-09-22T18:49:24.231967062Z,5.657004,118.239371,Cloud to Cloud,-9307,19861,6
2026-09-22T18:49:27.400248713Z,1.768546,113.136324,Cloud to Cloud,-10996,3869,10
2026-09-22T18:49:27.212990487Z,1.677701,113.222758,Cloud to Ground,-24707,0,23
2026-09-22T18:49:29.268577252Z,18.676415,121.958929,Cloud to Cloud,14030,19885,8
2026-09-22T18:49:32.787583498Z,18.644469,122.387976,Cloud to Ground,-95493,0,16
2026-09-22T18:49:32.836729431Z,18.633508,122.35931,Cloud to Ground,-27280,0,10
2026-09-22T18:49:33.100251269Z,18.641377,122.418763,Cloud to Cloud,-16519,3538,12
2026-09-22T18:49:32.781364373Z,18.734858,122.346761,Cloud to Cloud,-15966,15040,7
2026-09-22T18:49:33.210911000Z,18.7086,122.3363,Cloud to Ground,-14430,0,7
2026-09-22T18:49:33.022863687Z,18.679267,122.33307,Cloud to Cloud,-8925,13173,9
2026-09-22T18:49:32.830165000Z,18.6696,122.349,Cloud to Ground,17038,0,6
2026-09-22T18:49:32.905777953Z,18.656334,122.364243,Cloud to Cloud,21207,14431,6
2026-09-22T18:49:35.148416700Z,3.153473,115.906137,Cloud to Ground,-39192,0,14
2026-09-22T18:49:34.935662525Z,3.189985,115.98304,Cloud to Ground,15562,0,17
2026-09-22T18:49:34.939084224Z,3.186222,115.951275,Cloud to Ground,49883,0,26
2026-09-22T18:49:36.396406101Z,1.984118,112.83473,Cloud to Ground,-26300,0,26
2026-09-22T18:49:36.383142847Z,2.010277,112.908484,Cloud to Ground,-15455,0,12
2026-09-22T18:49:36.708274000Z,14.8302,120.7056,Cloud to Ground,-7585,0,7
2026-09-22T18:49:36.991889356Z,14.80745,120.707762,Cloud to Ground,22029,0,16
2026-09-22T18:49:37.965309030Z,20.419037,123.886508,Cloud to Ground,-54068,0,15
2026-09-22T18:49:38.388944282Z,20.422453,123.979432,Cloud to Ground,-7949,0,5
2026-09-22T18:49:37.968149854Z,20.427687,123.910403,Cloud to Cloud,12418,6252,7
2026-09-22T18:49:38.135032436Z,5.828659,118.365596,Cloud to Ground,-43013,0,20
2026-09-22T18:49:38.174148544Z,5.806061,118.337965,Cloud to Ground,-30703,0,11
2026-09-22T18:49:37.566750939Z,5.901067,118.359782,Cloud to Ground,-11115,0,8
2026-09-22T18:49:38.205066480Z,5.750114,118.321648,Cloud to Ground,32196,0,12
2026-09-22T18:49:38.233462276Z,5.766104,118.327534,Cloud to Ground,34622,0,8
2026-09-22T18:49:38.142230000Z,8.7632,124.0933,Cloud to Ground,-22925,0,8
2026-09-22T18:49:40.203536572Z,6.252364,118.599446,Cloud to Ground,198010,0,7
2026-09-22T18:49:40.283865716Z,5.932204,118.554066,Cloud to Cloud,-18532,4433,22
2026-09-22T18:49:40.363960681Z,5.965683,118.552763,Cloud to Ground,-18340,0,23
2026-09-22T18:49:40.217183217Z,5.928638,118.579341,Cloud to Ground,-10610,0,13
2026-09-22T18:49:40.254202010Z,5.922739,118.581552,Cloud to Ground,19572,0,10
2026-09-22T18:49:40.467115260Z,5.923402,118.614865,Cloud to Ground,31984,0,14
2026-09-22T18:49:41.511417970Z,5.93098,118.490277,Cloud to Ground,15755,0,12
2026-09-22T18:49:41.585287559Z,5.597209,118.94461,Cloud to Cloud,-39311,3019,16
2026-09-22T18:49:41.712594319Z,5.57248,118.921237,Cloud to Ground,9415,0,8
2026-09-22T18:49:42.226319343Z,5.686977,118.906431,Cloud to Ground,16790,0,11
2026-09-22T18:49:41.666317670Z,5.563858,118.880354,Cloud to Ground,17234,0,8
2026-09-22T18:49:42.133515211Z,5.623617,118.9441,Cloud to Ground,18921,0,14
2026-09-22T18:49:43.027304141Z,13.816367,111.765036,Cloud to Ground,-19725,0,7
2026-09-22T18:49:44.936554180Z,5.790635,118.410062,Cloud to Ground,76141,0,19
2026-09-22T18:49:45.953958921Z,5.810996,118.274136,Cloud to Ground,25346,0,11
2026-09-22T18:49:45.954915183Z,5.810489,118.258982,Cloud to Ground,29194,0,7
2026-09-22T18:49:48.698837893Z,1.670352,113.090355,Cloud to Ground,-41878,0,17
2026-09-22T18:49:48.585516557Z,1.709984,113.129014,Cloud to Ground,-22763,0,24
2026-09-22T18:49:48.630963437Z,1.689164,113.116837,Cloud to Ground,-16710,0,27
2026-09-22T18:49:48.553771321Z,1.676476,113.176927,Cloud to Ground,30587,0,14
2026-09-22T18:49:48.518500000Z,1.6282,112.9769,Cloud to Ground,-25074,0,5
2026-09-22T18:49:50.992504910Z,5.738669,119.018648,Cloud to Cloud,-11368,3003,11
2026-09-22T18:49:50.540906338Z,2.320328,117.590723,Cloud to Ground,-12929,0,7
2026-09-22T18:49:50.679060507Z,2.312145,117.613628,Cloud to Ground,-12394,0,13
2026-09-22T18:49:50.260868411Z,2.284454,117.611004,Cloud to Ground,-12262,0,7
2026-09-22T18:49:50.427934661Z,2.240249,117.567816,Cloud to Cloud,7888,6639,8
2026-09-22T18:49:52.163398670Z,3.732793,116.329468,Cloud to Ground,-34079,0,14
2026-09-22T18:49:52.101237349Z,3.770092,116.377811,Cloud to Cloud,-17761,9556,15
2026-09-22T18:49:52.032538075Z,3.761599,116.384629,Cloud to Cloud,17767,3394,23
2026-09-22T18:49:52.048367910Z,3.676033,116.386658,Cloud to Ground,48558,0,14
2026-09-22T18:49:53.720537000Z,14.8097,120.6833,Cloud to Ground,-7493,0,9
2026-09-22T18:49:53.824345011Z,1.219059,111.865691,Cloud to Cloud,-15511,3107,15
2026-09-22T18:49:53.394158465Z,1.230403,111.890519,Cloud to Ground,11884,0,9
2026-09-22T18:49:54.043586154Z,1.23519,111.957914,Cloud to Ground,25723,0,16
2026-09-22T18:49:56.975844715Z,14.719605,120.94213,Cloud to Cloud,-31095,3697,7
2026-09-22T18:49:56.784788954Z,14.742534,120.956989,Cloud to Cloud,-16533,3163,7
2026-09-22T18:49:58.823089026Z,3.753646,116.516629,Cloud to Ground,31568,0,11
2026-09-22T18:50:02.023997266Z,1.600655,113.125517,Cloud to Ground,9502,0,9
2026-09-22T18:50:02.023091657Z,1.602306,113.13568,Cloud to Ground,22717,0,14
2026-09-22T18:50:02.026281017Z,1.615656,113.11254,Cloud to Ground,23722,0,6
2026-09-22T18:50:03.645550924Z,6.573808,118.357426,Cloud to Cloud,-20340,5403,10
2026-09-22T18:50:03.652099256Z,6.590752,118.429965,Cloud to Cloud,11114,3353,8
2026-09-22T18:50:03.638462331Z,6.521864,118.332316,Cloud to Ground,69917,0,15
2026-09-22T18:50:05.457264857Z,1.238267,111.878597,Cloud to Ground,-20008,0,30
2026-09-22T18:50:05.190812976Z,1.235782,111.855861,Cloud to Cloud,12251,5945,10
2026-09-22T18:50:05.094489901Z,5.541621,118.041104,Cloud to Ground,-17800,0,16
2026-09-22T18:50:04.759194106Z,5.535453,118.062198,Cloud to Ground,15391,0,16
2026-09-22T18:50:05.102350621Z,5.89779,118.414545,Cloud to Ground,-21072,0,10
2026-09-22T18:50:12.552758656Z,5.609168,118.872346,Cloud to Ground,18678,0,8
2026-09-22T18:50:12.511275962Z,5.621558,118.933404,Cloud to Ground,38808,0,15
2026-09-22T18:50:12.920027154Z,5.778832,118.332425,Cloud to Ground,14752,0,8
2026-09-22T18:50:13.013258936Z,5.78751,118.402089,Cloud to Ground,19891,0,18
2026-09-22T18:50:12.896224865Z,5.761419,118.320407,Cloud to Ground,52106,0,14
2026-09-22T18:50:17.361231000Z,17.7279,123.3565,Cloud to Ground,-23976,0,5
2026-09-22T18:50:17.381675112Z,17.736479,123.312244,Cloud to Cloud,-12185,16594,12
2026-09-22T18:50:17.374309425Z,17.73137,123.331756,Cloud to Cloud,6561,5503,6
2026-09-22T18:50:17.376421740Z,17.727916,123.332992,Cloud to Cloud,7434,9612,6
2026-09-22T18:50:17.370935755Z,17.735266,123.315085,Cloud to Cloud,15566,12955,8
2026-09-22T18:50:17.448272229Z,17.715819,123.332523,Cloud to Cloud,19733,7194,7
2026-09-22T18:50:18.723427390Z,1.951213,112.860969,Cloud to Ground,36053,0,10
2026-09-22T18:50:18.554381047Z,14.702163,120.946908,Cloud to Ground,-6351,0,7
2026-09-22T18:50:18.778691501Z,12.156124,110.209241,Cloud to Ground,34762,0,8
2026-09-22T18:50:18.903127926Z,12.198535,110.166936,Cloud to Ground,35279,0,9
2026-09-22T18:50:21.759315898Z,1.064072,111.705685,Cloud to Ground,32446,0,16
2026-09-22T18:50:22.487633514Z,13.836312,111.784077,Cloud to Ground,-38658,0,7
2026-09-22T18:50:22.426838307Z,13.808989,111.692301,Cloud to Ground,-25891,0,7
2026-09-22T18:50:22.441032139Z,13.826298,111.785682,Cloud to Ground,-25046,0,10
2026-09-22T18:50:22.531488323Z,13.817671,111.699666,Cloud to Ground,48027,0,10
2026-09-22T18:50:29.695230000Z,15.0656,120.0286,Cloud to Ground,-34453,0,12
2026-09-22T18:50:29.458301910Z,15.060207,120.02047,Cloud to Ground,-30470,0,8
2026-09-22T18:50:29.514898000Z,15.1001,119.9425,Cloud to Ground,-22055,0,5
2026-09-22T18:50:31.114659983Z,5.810163,118.377639,Cloud to Ground,13389,0,7
2026-09-22T18:50:33.096615972Z,1.247452,111.915064,Cloud to Ground,14439,0,10
2026-09-22T18:50:34.148069756Z,6.38119,117.779929,Cloud to Ground,-45899,0,18
2026-09-22T18:50:34.228410079Z,6.375935,117.807682,Cloud to Ground,18586,0,15
2026-09-22T18:50:34.206117097Z,6.356724,117.729309,Cloud to Ground,44475,0,10
2026-09-22T18:50:34.154565179Z,6.381887,117.81048,Cloud to Ground,147398,0,13
2026-09-22T18:50:35.859584926Z,20.399264,123.858832,Cloud to Ground,-49232,0,13
2026-09-22T18:50:36.386496055Z,20.398613,123.859625,Cloud to Ground,-15937,0,7
2026-09-22T18:50:36.464833971Z,20.39765,123.859101,Cloud to Ground,-10713,0,7
2026-09-22T18:50:36.625895000Z,14.8004,120.6557,Cloud to Ground,-6356,0,6
2026-09-22T18:50:37.117941534Z,5.535203,118.127394,Cloud to Ground,-28093,0,10
2026-09-22T18:50:37.117222695Z,5.533478,118.125968,Cloud to Ground,-21859,0,10
2026-09-22T18:50:37.219492206Z,5.523447,118.154869,Cloud to Cloud,-17426,3068,18
2026-09-22T18:50:37.278030458Z,5.51255,118.069166,Cloud to Ground,13760,0,9
2026-09-22T18:50:37.142056799Z,5.513382,118.063436,Cloud to Ground,39398,0,9
2026-09-22T18:50:38.865648566Z,4.35635,116.057307,Cloud to Ground,-38825,0,12
2026-09-22T18:50:38.864584491Z,4.364203,116.095309,Cloud to Ground,50882,0,21
2026-09-22T18:50:40.556023543Z,5.709623,118.90253,Cloud to Ground,-12808,0,18
2026-09-22T18:50:40.380974116Z,5.715585,119.060229,Cloud to Cloud,27923,17408,8
2026-09-22T18:50:40.225000914Z,1.249928,111.862372,Cloud to Cloud,-12712,3612,12
2026-09-22T18:50:44.474125000Z,7.5803,130.6236,Cloud to Ground,-48576,0,6
2026-09-22T18:50:44.412133830Z,7.541211,130.564498,Cloud to Ground,-32132,0,25
2026-09-22T18:50:44.353649000Z,7.5852,130.6103,Cloud to Ground,-28248,0,5
2026-09-22T18:50:44.523027727Z,7.550985,130.58495,Cloud to Ground,-26389,0,13
2026-09-22T18:50:44.372592000Z,7.5955,130.553,Cloud to Ground,-26128,0,5
2026-09-22T18:50:44.385132000Z,7.5375,130.5548,Cloud to Ground,-15165,0,5
2026-09-22T18:50:44.316315386Z,7.617767,130.655089,Cloud to Ground,94150,0,9
2026-09-22T18:50:44.352900488Z,5.210442,130.835573,Cloud to Ground,-22160,0,21
2026-09-22T18:50:45.990273589Z,5.770782,118.309822,Cloud to Cloud,-10053,6452,12
2026-09-22T18:50:45.716178526Z,5.90773,118.369314,Cloud to Ground,-17390,0,13
2026-09-22T18:50:50.915308969Z,22.615451,124.64919,Cloud to Ground,20415,0,7
2026-09-22T18:50:50.912885246Z,22.62034,124.644294,Cloud to Ground,22897,0,7
2026-09-22T18:50:51.253081201Z,4.998065,116.675799,Cloud to Ground,-24000,0,7
2026-09-22T18:50:52.376362894Z,3.574092,116.38962,Cloud to Ground,-35475,0,11
2026-09-22T18:50:52.379278689Z,3.553538,116.497143,Cloud to Cloud,-37219,5645,11
2026-09-22T18:50:52.823145314Z,1.239343,111.94268,Cloud to Ground,27327,0,5
2026-09-22T18:50:52.178102727Z,18.814681,122.501728,Cloud to Ground,-46473,0,12
2026-09-22T18:50:52.170468568Z,18.829962,122.392955,Cloud to Cloud,-11913,13702,15
2026-09-22T18:50:54.173496111Z,5.858277,118.36779,Cloud to Ground,-23553,0,20
2026-09-22T18:50:53.873517692Z,5.795713,118.333689,Cloud to Ground,16011,0,8
2026-09-22T18:50:53.871594124Z,5.802856,118.261583,Cloud to Ground,22428,0,10
2026-09-22T18:50:53.834125050Z,5.793771,118.340421,Cloud to Ground,37711,0,10
2026-09-22T18:50:55.410497311Z,5.853254,118.359235,Cloud to Ground,23629,0,12
2026-09-22T18:50:57.711430393Z,2.222962,117.594965,Cloud to Ground,-112076,0,23
2026-09-22T18:50:57.782256575Z,2.289865,117.508302,Cloud to Ground,-57889,0,20
2026-09-22T18:50:57.759678384Z,2.230857,117.565159,Cloud to Ground,-37463,0,17
2026-09-22T18:50:57.787431922Z,2.207088,117.541092,Cloud to Ground,20193,0,8
2026-09-22T18:50:57.744738419Z,2.245223,117.570182,Cloud to Ground,29016,0,15
2026-09-22T18:50:57.470301936Z,5.576456,119.055515,Cloud to Cloud,-25348,18204,13
2026-09-22T18:50:57.628972016Z,5.674406,118.929725,Cloud to Ground,-19958,0,17
2026-09-22T18:50:57.409864988Z,5.622285,118.971718,Cloud to Ground,42852,0,15
2026-09-22T18:50:57.747600000Z,1.6568,113.1274,Cloud to Ground,-49828,0,5
2026-09-22T18:50:57.798140000Z,1.7409,113.1582,Cloud to Ground,-43609,0,5
2026-09-22T18:50:58.200373000Z,1.6333,113.1722,Cloud to Ground,-37097,0,5
2026-09-22T18:50:57.748617148Z,1.650197,113.163801,Cloud to Ground,-18308,0,16
2026-09-22T18:50:57.815828563Z,1.67358,113.117889,Cloud to Ground,-16976,0,19
2026-09-22T18:50:57.764308246Z,1.7664,113.107891,Cloud to Ground,-14991,0,16
2026-09-22T18:50:58.267173280Z,1.747616,113.105598,Cloud to Ground,13132,0,11
2026-09-22T18:50:58.869984294Z,5.779743,118.411,Cloud to Ground,84321,0,9
2026-09-22T18:51:00.158439815Z,6.384395,128.505872,Cloud to Ground,-37959,0,12
2026-09-22T18:51:00.226297158Z,6.368122,128.404477,Cloud to Ground,-32120,0,19
2026-09-22T18:51:00.195098714Z,6.376241,128.428928,Cloud to Ground,-20107,0,13
2026-09-22T18:51:01.158858048Z,10.444023,125.515896,Cloud to Cloud,42132,17229,10
