timestamp,latitude,longitude,type,amplitude_ka,height_m,num_sensors
2026-09-12T04:00:55.531989000Z,10.3034,124.7867,Cloud to Ground,4936,0,5
2026-09-12T04:01:00.302840839Z,11.833366,120.022281,Cloud to Ground,20484,0,10
2026-09-12T04:01:00.300750583Z,11.936343,119.963744,Cloud to Cloud,-12717,5255,7
2026-09-12T04:01:01.756880000Z,9.6807,124.0671,Cloud to Ground,-8348,0,7
2026-09-12T04:01:09.371418000Z,10.2794,124.9188,Cloud to Ground,21049,0,7
2026-09-12T04:01:12.144259000Z,10.3066,124.8315,Cloud to Ground,7932,0,5
2026-09-12T04:01:13.974925048Z,10.582746,123.380638,Cloud to Ground,-17655,0,6
2026-09-12T04:01:14.115093790Z,10.522506,123.446076,Cloud to Cloud,32925,18466,12
2026-09-12T04:01:16.066662613Z,5.10999,110.403965,Cloud to Ground,-9876,0,8
2026-09-12T04:01:16.125308315Z,5.029651,110.393576,Cloud to Ground,-8581,0,6
2026-09-12T04:01:16.056971124Z,5.115679,110.311273,Cloud to Ground,11391,0,7
2026-09-12T04:01:16.061578214Z,5.171576,110.339166,Cloud to Ground,12071,0,6
2026-09-12T04:01:16.058363815Z,5.122988,110.281709,Cloud to Ground,33697,0,11
2026-09-12T04:01:16.307025472Z,1.600017,110.884629,Cloud to Cloud,-27857,18499,17
2026-09-12T04:01:16.305781451Z,1.60471,110.888473,Cloud to Ground,-18854,0,9
2026-09-12T04:01:18.678817000Z,10.0131,124.151,Cloud to Ground,-7571,0,5
2026-09-12T04:01:19.419482985Z,10.144846,125.44398,Cloud to Ground,15313,0,9
2026-09-12T04:01:20.508228000Z,10.3154,124.8974,Cloud to Ground,528,0,6
2026-09-12T04:01:26.343941985Z,22.310963,118.303686,Cloud to Ground,-47430,0,12
2026-09-12T04:01:26.415659766Z,22.316393,118.28812,Cloud to Ground,-43123,0,13
2026-09-12T04:01:26.478998841Z,22.301972,118.29491,Cloud to Ground,-40196,0,6
2026-09-12T04:01:27.086268983Z,22.298698,118.286152,Cloud to Ground,-22326,0,6
2026-09-12T04:01:26.361198976Z,22.298536,118.297534,Cloud to Ground,-20873,0,10
2026-09-12T04:01:30.592254615Z,9.789986,124.164513,Cloud to Ground,-15848,0,15
2026-09-12T04:01:36.788912000Z,10.5299,123.82,Cloud to Ground,5313,0,6
2026-09-12T04:01:36.458752698Z,10.533167,123.856463,Cloud to Ground,19225,0,8
2026-09-12T04:01:43.746821718Z,11.861577,119.985408,Cloud to Ground,-57112,0,10
2026-09-12T04:01:45.536057504Z,10.32772,124.940147,Cloud to Ground,-65568,0,19
2026-09-12T04:01:46.505508762Z,12.038264,119.966271,Cloud to Cloud,10571,12393,7
2026-09-12T04:01:49.223709191Z,9.891792,123.378705,Cloud to Ground,-54928,0,14
2026-09-12T04:01:49.214527344Z,9.744602,123.505939,Cloud to Cloud,-23641,10525,8
2026-09-12T04:01:49.295892550Z,9.803657,123.45223,Cloud to Ground,48733,0,8
2026-09-12T04:01:57.107259835Z,3.073482,111.139737,Cloud to Ground,-24682,0,18
2026-09-12T04:01:57.108983637Z,3.094831,111.12358,Cloud to Ground,-16436,0,14
2026-09-12T04:01:58.775478236Z,10.639923,123.364329,Cloud to Cloud,-18778,5139,9
2026-09-12T04:02:01.652471158Z,9.689932,124.138929,Cloud to Ground,-18173,0,10
2026-09-12T04:02:04.053435049Z,12.18001,120.032329,Cloud to Cloud,4647,13202,6
2026-09-12T04:02:09.440075456Z,11.80403,120.017462,Cloud to Cloud,21743,18051,7
2026-09-12T04:02:12.598469000Z,9.6467,123.9263,Cloud to Ground,10800,0,8
2026-09-12T04:02:13.285123000Z,10.3651,123.7145,Cloud to Ground,-19600,0,5
2026-09-12T04:02:14.218257483Z,10.551287,123.448065,Cloud to Cloud,16678,7909,8
2026-09-12T04:02:14.180374699Z,10.65029,123.3685,Cloud to Cloud,-16653,3070,8
2026-09-12T04:02:15.523053580Z,9.641115,124.126635,Cloud to Cloud,-18551,13037,9
2026-09-12T04:02:16.611300934Z,10.287947,124.891827,Cloud to Ground,26254,0,23
2026-09-12T04:02:20.543718208Z,5.292716,110.918457,Cloud to Ground,31255,0,7
2026-09-12T04:02:20.354022452Z,5.358764,111.014052,Cloud to Ground,-23825,0,8
2026-09-12T04:02:20.339576846Z,5.290984,111.016168,Cloud to Ground,-22769,0,14
2026-09-12T04:02:20.345313118Z,5.307763,111.045699,Cloud to Ground,16853,0,9
2026-09-12T04:02:20.313354441Z,5.351837,111.001009,Cloud to Ground,31895,0,12
2026-09-12T04:02:20.859897623Z,5.196856,111.013419,Cloud to Ground,47964,0,27
2026-09-12T04:02:21.171418918Z,5.213702,111.444492,Cloud to Ground,-58558,0,29
2026-09-12T04:02:21.180441835Z,5.149416,111.48615,Cloud to Ground,-12103,0,8
2026-09-12T04:02:21.248046304Z,5.18402,111.363895,Cloud to Ground,11443,0,6
2026-09-12T04:02:21.444583000Z,5.1302,111.2131,Cloud to Ground,19186,0,6
2026-09-12T04:02:21.126931343Z,5.151151,111.265299,Cloud to Ground,36143,0,10
2026-09-12T04:02:22.132660418Z,10.215485,125.509859,Cloud to Ground,18602,0,13
2026-09-12T04:02:21.997461022Z,10.147888,125.547318,Cloud to Ground,30546,0,15
2026-09-12T04:02:22.026066155Z,10.117709,125.444797,Cloud to Ground,15442,0,10
2026-09-12T04:02:22.023523101Z,10.112567,125.451547,Cloud to Ground,36082,0,12
2026-09-12T04:02:23.297574583Z,10.582109,123.429356,Cloud to Ground,-18190,0,10
2026-09-12T04:02:26.410943742Z,22.268231,118.277797,Cloud to Ground,-35466,0,12
2026-09-12T04:02:26.593655245Z,22.311298,118.265455,Cloud to Cloud,-14104,18268,7
2026-09-12T04:02:27.181566924Z,10.424882,110.239385,Cloud to Ground,17774,0,8
2026-09-12T04:02:27.183094048Z,10.412371,110.186656,Cloud to Ground,25454,0,10
2026-09-12T04:02:28.603387000Z,10.2761,124.899,Cloud to Ground,-10677,0,6
2026-09-12T04:02:29.875020878Z,9.779772,123.456893,Cloud to Cloud,-20024,13038,10
2026-09-12T04:02:29.069748353Z,10.389036,124.928222,Cloud to Cloud,-14503,18743,11
2026-09-12T04:02:32.202451526Z,1.593384,110.870804,Cloud to Ground,-15228,0,11
2026-09-12T04:02:32.060246232Z,1.610407,110.9031,Cloud to Ground,25780,0,12
2026-09-12T04:02:32.298980420Z,1.578673,110.89235,Cloud to Ground,34191,0,12
2026-09-12T04:02:31.864410250Z,1.600797,110.89022,Cloud to Ground,43290,0,17
2026-09-12T04:02:31.916824519Z,1.60963,110.908335,Cloud to Ground,45940,0,15
2026-09-12T04:02:31.824242167Z,1.605922,110.889607,Cloud to Ground,69724,0,32
2026-09-12T04:02:32.255488778Z,1.786258,110.738953,Cloud to Ground,-11572,0,6
2026-09-12T04:02:32.138407000Z,9.7231,124.026,Cloud to Ground,7387,0,7
2026-09-12T04:02:33.850442358Z,9.531537,112.303016,Cloud to Ground,-20634,0,8
2026-09-12T04:02:33.944307000Z,9.5233,112.299,Cloud to Ground,-14805,0,5
2026-09-12T04:02:33.851017056Z,9.547872,112.326744,Cloud to Cloud,-14248,13552,11
2026-09-12T04:02:34.005554000Z,9.5162,112.3269,Cloud to Ground,17925,0,5
2026-09-12T04:02:43.655446636Z,2.296291,112.59003,Cloud to Ground,-10249,0,7
2026-09-12T04:02:53.223161077Z,15.951363,113.980789,Cloud to Ground,-20426,0,11
2026-09-12T04:02:53.227484070Z,15.97416,113.99497,Cloud to Cloud,8189,3083,6
2026-09-12T04:02:53.249862258Z,15.945229,113.980294,Cloud to Ground,22013,0,9
2026-09-12T04:03:03.057547575Z,5.078906,110.408892,Cloud to Ground,-98681,0,12
2026-09-12T04:03:03.468106353Z,5.14189,110.350082,Cloud to Ground,-14403,0,14
2026-09-12T04:03:03.235091611Z,5.062768,110.39095,Cloud to Ground,14331,0,7
2026-09-12T04:03:03.126099116Z,5.088158,110.407165,Cloud to Ground,48852,0,10
2026-09-12T04:03:03.209035000Z,5.0678,110.3622,Cloud to Ground,49587,0,8
2026-09-12T04:03:04.962891135Z,12.004298,123.755767,Cloud to Ground,-29979,0,7
2026-09-12T04:03:08.339294986Z,9.692572,124.102973,Cloud to Ground,15722,0,10
2026-09-12T04:03:11.338661240Z,22.326935,118.27253,Cloud to Cloud,-12045,4011,7
2026-09-12T04:03:11.417863010Z,22.307969,118.253172,Cloud to Cloud,-11889,6266,7
2026-09-12T04:03:11.069529824Z,22.322892,118.261506,Cloud to Cloud,7508,7565,5
2026-09-12T04:03:11.075692710Z,22.356822,118.274139,Cloud to Ground,14053,0,7
2026-09-12T04:03:11.072273083Z,22.392386,118.289566,Cloud to Ground,20667,0,7
2026-09-12T04:03:11.130993000Z,22.2505,118.3089,Cloud to Ground,31628,0,7
2026-09-12T04:03:11.590930325Z,11.774414,120.014665,Cloud to Cloud,13766,13187,8
2026-09-12T04:03:13.512526040Z,10.575175,123.409175,Cloud to Cloud,-21674,6813,12
2026-09-12T04:03:16.081559000Z,10.2817,124.9129,Cloud to Ground,-4144,0,5
2026-09-12T04:03:19.442912004Z,9.726035,123.815279,Cloud to Cloud,-72148,7186,8
2026-09-12T04:03:19.480710787Z,9.909632,123.708332,Cloud to Cloud,-18150,4111,9
2026-09-12T04:03:26.896909683Z,10.602832,123.380313,Cloud to Ground,34840,0,10
2026-09-12T04:03:32.909850371Z,3.113793,111.202622,Cloud to Ground,-19699,0,12
2026-09-12T04:03:32.856452241Z,3.133155,111.184423,Cloud to Ground,-18106,0,18
2026-09-12T04:03:32.847919200Z,3.039766,111.173546,Cloud to Ground,-17676,0,7
2026-09-12T04:03:32.850052633Z,3.044402,111.182255,Cloud to Ground,-15000,0,8
2026-09-12T04:03:32.896427737Z,3.033206,111.20004,Cloud to Ground,24446,0,12
2026-09-12T04:03:32.881093887Z,3.079519,111.196954,Cloud to Ground,42155,0,13
2026-09-12T04:03:32.223770000Z,9.8134,123.4551,Cloud to Ground,11352,0,5
2026-09-12T04:03:33.896650397Z,22.293381,118.302973,Cloud to Ground,-54615,0,15
2026-09-12T04:03:34.086721565Z,22.293906,118.307321,Cloud to Ground,-23664,0,7
2026-09-12T04:03:34.353232519Z,22.299813,118.29966,Cloud to Ground,-23136,0,11
2026-09-12T04:03:33.953745908Z,22.289846,118.253236,Cloud to Ground,-15810,0,7
2026-09-12T04:03:34.186728868Z,22.273042,118.289964,Cloud to Ground,-13107,0,11
2026-09-12T04:03:34.510225399Z,22.335252,118.353795,Cloud to Ground,-12116,0,6
2026-09-12T04:03:33.988707173Z,22.287549,118.267824,Cloud to Ground,54353,0,11
2026-09-12T04:03:34.729858000Z,14.6633,119.6549,Cloud to Ground,32085,0,10
2026-09-12T04:03:37.021254000Z,10.5859,123.327,Cloud to Ground,-5316,0,6
2026-09-12T04:03:42.020975413Z,9.757927,124.051608,Cloud to Ground,-15825,0,18
2026-09-12T04:03:42.666647411Z,15.971257,114.147629,Cloud to Ground,-20017,0,7
2026-09-12T04:03:42.585229475Z,15.948289,113.978682,Cloud to Ground,-17569,0,7
2026-09-12T04:03:42.699710885Z,15.942701,113.980045,Cloud to Ground,14531,0,12
2026-09-12T04:03:42.629833709Z,15.942813,113.980544,Cloud to Ground,32521,0,8
2026-09-12T04:03:44.410886348Z,10.492677,123.376067,Cloud to Cloud,26135,7688,8
2026-09-12T04:03:46.366648908Z,10.581363,110.297378,Cloud to Ground,-19872,0,10
2026-09-12T04:03:48.167163000Z,10.2528,124.8859,Cloud to Ground,-6319,0,5
2026-09-12T04:03:47.765716234Z,10.253541,124.926245,Cloud to Cloud,17761,7764,7
2026-09-12T04:03:49.722311246Z,1.624031,110.921569,Cloud to Ground,46891,0,15
2026-09-12T04:03:51.818093137Z,10.371666,125.096236,Cloud to Ground,20198,0,13
2026-09-12T04:03:53.384589401Z,12.046051,119.919047,Cloud to Ground,22213,0,8
2026-09-12T04:03:55.478411475Z,9.68598,124.14454,Cloud to Ground,-21444,0,6
2026-09-12T04:03:55.365529378Z,9.746311,124.077361,Cloud to Ground,-18537,0,11
2026-09-12T04:04:08.627442030Z,9.615162,123.929377,Cloud to Cloud,-13350,11501,8
2026-09-12T04:04:08.438198042Z,9.611648,112.301556,Cloud to Ground,-40119,0,17
2026-09-12T04:04:08.650699000Z,10.3551,123.7763,Cloud to Ground,7660,0,5
2026-09-12T04:04:09.940173000Z,22.3154,118.2157,Cloud to Ground,-23626,0,6
2026-09-12T04:04:09.575438446Z,22.293055,118.25873,Cloud to Cloud,8718,9879,5
2026-09-12T04:04:09.525561158Z,22.295602,118.260413,Cloud to Ground,30400,0,12
2026-09-12T04:04:20.953328206Z,10.128257,125.444324,Cloud to Ground,16388,0,8
2026-09-12T04:04:23.901412865Z,10.733559,123.179875,Cloud to Ground,-15814,0,12
2026-09-12T04:04:23.954154000Z,10.607,123.33,Cloud to Ground,-32452,0,8
2026-09-12T04:04:23.843096000Z,10.6132,123.3631,Cloud to Ground,-14877,0,7
2026-09-12T04:04:24.022347473Z,10.599208,123.287261,Cloud to Ground,-14200,0,20
2026-09-12T04:04:25.380630000Z,9.7762,123.3993,Cloud to Ground,-18895,0,6
2026-09-12T04:04:27.612632634Z,10.606265,123.655145,Cloud to Ground,-29683,0,7
2026-09-12T04:04:27.332928700Z,10.564777,123.414441,Cloud to Cloud,7536,18416,8
2026-09-12T04:04:27.612270000Z,9.6431,123.9348,Cloud to Ground,-16136,0,6
2026-09-12T04:04:27.656934000Z,9.6574,123.9127,Cloud to Ground,13275,0,5
2026-09-12T04:04:30.942846211Z,2.217443,112.549952,Cloud to Ground,-16300,0,6
2026-09-12T04:04:31.290307073Z,2.234964,112.557933,Cloud to Ground,-12345,0,7
2026-09-12T04:04:31.284688513Z,2.251329,112.520799,Cloud to Ground,7714,0,6
2026-09-12T04:04:33.960615016Z,10.27629,123.824432,Cloud to Cloud,29248,19137,8
2026-09-12T04:04:33.305663000Z,9.851,123.4468,Cloud to Ground,-16613,0,7
2026-09-12T04:04:35.614002000Z,12.0956,120.2235,Cloud to Ground,-14629,0,9
2026-09-12T04:04:35.632665610Z,12.043371,120.327702,Cloud to Cloud,17217,17239,8
2026-09-12T04:04:36.554122158Z,10.535899,123.408583,Cloud to Cloud,15454,5704,7
2026-09-12T04:04:39.626219756Z,16.863881,111.964565,Cloud to Ground,-18610,0,9
2026-09-12T04:04:39.600807217Z,16.884286,111.976363,Cloud to Ground,-18571,0,12
2026-09-12T04:04:39.599240156Z,16.860656,111.988476,Cloud to Cloud,-10982,17467,9
2026-09-12T04:04:39.595757837Z,16.858628,111.905556,Cloud to Ground,8487,0,8
2026-09-12T04:04:39.596314868Z,16.842024,111.903362,Cloud to Ground,10676,0,7
2026-09-12T04:04:40.073186501Z,11.756232,120.034292,Cloud to Cloud,9984,14148,6
2026-09-12T04:04:39.991663997Z,11.773454,120.038131,Cloud to Cloud,10670,5661,6
2026-09-12T04:04:40.188034697Z,11.853937,119.969042,Cloud to Cloud,-12345,7878,6
2026-09-12T04:04:40.851713426Z,10.476707,123.894482,Cloud to Ground,19014,0,13
2026-09-12T04:04:41.482562000Z,9.7137,124.0536,Cloud to Ground,-8797,0,8
2026-09-12T04:04:44.386356000Z,10.362,123.8129,Cloud to Ground,-55820,0,10
2026-09-12T04:04:45.936955520Z,3.071046,111.175087,Cloud to Ground,69984,0,22
2026-09-12T04:04:45.500288974Z,12.063289,123.734839,Cloud to Ground,11870,0,8
2026-09-12T04:04:45.498595000Z,12.0905,123.7046,Cloud to Ground,14790,0,5
2026-09-12T04:04:46.444172934Z,3.111744,111.04425,Cloud to Ground,-35577,0,29
2026-09-12T04:04:51.216175659Z,22.30022,118.276703,Cloud to Ground,-32581,0,10
2026-09-12T04:04:51.116028950Z,22.327404,118.277418,Cloud to Ground,-30534,0,13
2026-09-12T04:04:51.357387918Z,22.29442,118.27769,Cloud to Ground,-28325,0,12
2026-09-12T04:04:51.280295547Z,22.293581,118.275599,Cloud to Ground,-25287,0,11
2026-09-12T04:04:51.254710389Z,22.251156,118.209225,Cloud to Ground,32765,0,7
2026-09-12T04:04:53.846742857Z,1.641332,110.840459,Cloud to Ground,-18471,0,14
2026-09-12T04:04:54.027313373Z,1.561568,110.917389,Cloud to Ground,27468,0,16
2026-09-12T04:04:53.842669000Z,1.5354,110.8645,Cloud to Ground,40282,0,8
2026-09-12T04:04:55.741938000Z,10.5864,123.3256,Cloud to Ground,-6880,0,8
2026-09-12T04:04:57.086010145Z,10.237838,124.926852,Cloud to Ground,17260,0,14
2026-09-12T04:04:58.183237000Z,9.6482,123.9379,Cloud to Ground,-4405,0,7
2026-09-12T04:04:59.736407000Z,12.0761,119.826,Cloud to Ground,13566,0,5
2026-09-12T04:05:00.342721031Z,9.795985,123.4467,Cloud to Ground,-20423,0,12
2026-09-12T04:05:00.365717000Z,9.7948,123.4166,Cloud to Ground,-17563,0,7
2026-09-12T04:05:02.349125119Z,9.766881,124.026036,Cloud to Cloud,15008,3460,7
2026-09-12T04:05:02.274879023Z,10.386865,125.037456,Cloud to Cloud,14893,15924,13
2026-09-12T04:05:04.194949000Z,9.7247,124.0755,Cloud to Ground,-23225,0,11
2026-09-12T04:05:04.058505329Z,9.733978,124.019079,Cloud to Ground,-15553,0,7
2026-09-12T04:05:05.521225660Z,5.043777,110.385581,Cloud to Ground,-14850,0,5
2026-09-12T04:05:05.565627423Z,5.095128,110.393552,Cloud to Ground,-9251,0,6
2026-09-12T04:05:05.481559893Z,5.101941,110.318575,Cloud to Cloud,19682,3031,9
2026-09-12T04:05:05.483748616Z,5.101721,110.411945,Cloud to Ground,40160,0,9
2026-09-12T04:05:06.083523268Z,4.872753,110.251443,Cloud to Cloud,-12412,5644,8
2026-09-12T04:05:09.840717000Z,10.5837,123.3428,Cloud to Ground,-6568,0,5
2026-09-12T04:05:09.794475938Z,10.579298,123.385257,Cloud to Ground,28073,0,7
2026-09-12T04:05:12.865523187Z,3.249086,111.132957,Cloud to Ground,-45114,0,31
2026-09-12T04:05:13.546392000Z,10.5954,123.4164,Cloud to Ground,12871,0,5
2026-09-12T04:05:15.269896044Z,10.554601,123.440447,Cloud to Cloud,19126,12153,7
2026-09-12T04:05:15.709717687Z,10.386416,123.741899,Cloud to Ground,-40870,0,26
2026-09-12T04:05:15.777266000Z,10.3901,123.7635,Cloud to Ground,-25262,0,7
2026-09-12T04:05:18.722587604Z,12.220773,119.97155,Cloud to Cloud,-6417,16230,8
2026-09-12T04:05:18.872444960Z,12.166108,119.968245,Cloud to Cloud,4041,18159,5
2026-09-12T04:05:18.440312515Z,12.117142,119.981502,Cloud to Cloud,17370,19302,7
2026-09-12T04:05:18.856024019Z,12.150419,119.96661,Cloud to Cloud,17387,12555,8
2026-09-12T04:05:18.439546000Z,12.206,119.9042,Cloud to Ground,18640,0,5
2026-09-12T04:05:20.220630000Z,12.0412,119.8518,Cloud to Ground,-26290,0,7
2026-09-12T04:05:20.357504000Z,12.0419,119.8377,Cloud to Ground,-15807,0,6
2026-09-12T04:05:20.344439378Z,12.026671,119.877265,Cloud to Cloud,-13928,13088,6
2026-09-12T04:05:21.969171846Z,9.653071,124.091899,Cloud to Cloud,-4310,14542,5
2026-09-12T04:05:21.381736000Z,10.5827,123.2988,Cloud to Ground,-11113,0,6
2026-09-12T04:05:24.900211037Z,10.312244,124.852292,Cloud to Ground,-41376,0,24
2026-09-12T04:05:25.668370146Z,10.26095,123.838008,Cloud to Cloud,-23050,19812,7
2026-09-12T04:05:25.234786690Z,10.302497,124.753218,Cloud to Ground,19721,0,13
2026-09-12T04:05:26.489710299Z,10.483924,110.342356,Cloud to Ground,-44300,0,12
2026-09-12T04:05:26.490776431Z,10.470241,110.349691,Cloud to Ground,-42845,0,11
2026-09-12T04:05:26.491725910Z,10.416699,110.230555,Cloud to Ground,15724,0,7
2026-09-12T04:05:26.495418925Z,10.425243,110.260861,Cloud to Ground,16393,0,9
2026-09-12T04:05:26.488405040Z,10.457907,110.272278,Cloud to Ground,20884,0,7
2026-09-12T04:05:26.569912866Z,10.418707,123.935584,Cloud to Cloud,-19679,19472,6
2026-09-12T04:05:31.695034383Z,2.490014,117.750357,Cloud to Ground,-19656,0,18
2026-09-12T04:05:31.695690323Z,2.372537,117.788279,Cloud to Ground,-16952,0,10
2026-09-12T04:05:41.982287037Z,10.323581,123.803338,Cloud to Ground,-39823,0,10
2026-09-12T04:05:42.004887709Z,10.252307,123.841255,Cloud to Cloud,-22026,7595,9
2026-09-12T04:05:42.331084592Z,10.560919,123.435511,Cloud to Cloud,11980,7698,7
2026-09-12T04:05:46.958409916Z,9.848478,123.385234,Cloud to Ground,-20584,0,20
2026-09-12T04:05:47.148054000Z,9.8251,123.4454,Cloud to Ground,-19364,0,6
2026-09-12T04:05:46.763204858Z,10.154141,125.400465,Cloud to Ground,-21664,0,31
2026-09-12T04:05:46.750238498Z,10.143729,125.5453,Cloud to Ground,-32255,0,25
2026-09-12T04:05:46.684417679Z,10.128693,125.555573,Cloud to Ground,91272,0,27
2026-09-12T04:05:47.414091479Z,9.836255,122.427188,Cloud to Ground,-34995,0,16
2026-09-12T04:05:47.229562510Z,9.831599,122.407532,Cloud to Ground,-20916,0,19
2026-09-12T04:05:55.022341000Z,10.492,110.2732,Cloud to Ground,-69163,0,5
2026-09-12T04:05:54.961783793Z,10.480691,110.242988,Cloud to Cloud,-20126,11306,10
2026-09-12T04:05:55.125455175Z,10.474633,110.217818,Cloud to Ground,-18281,0,7
2026-09-12T04:05:56.072098093Z,22.354765,118.437047,Cloud to Ground,-62903,0,12
2026-09-12T04:05:56.098518000Z,22.3279,118.2374,Cloud to Ground,-44563,0,6
2026-09-12T04:05:56.270289899Z,22.297457,118.258875,Cloud to Ground,-39323,0,14
2026-09-12T04:05:56.116895562Z,22.296777,118.265681,Cloud to Ground,-29544,0,8
2026-09-12T04:05:56.097078229Z,22.312534,118.236518,Cloud to Ground,-24582,0,9
2026-09-12T04:05:56.439257670Z,22.286417,118.243717,Cloud to Cloud,-16942,8134,7
2026-09-12T04:05:58.190842000Z,9.6243,124.0233,Cloud to Ground,10576,0,6
2026-09-12T04:05:58.222060000Z,9.6792,123.9256,Cloud to Ground,10715,0,7
2026-09-12T04:05:58.167088000Z,9.5753,112.3121,Cloud to Ground,45574,0,6
2026-09-12T04:06:02.857462587Z,5.371946,111.00597,Cloud to Ground,-85576,0,13
2026-09-12T04:06:03.288040469Z,5.326561,111.062996,Cloud to Ground,-36764,0,10
2026-09-12T04:06:02.858438103Z,5.421842,111.019806,Cloud to Ground,-19744,0,11
2026-09-12T04:06:02.864337796Z,5.387907,110.958863,Cloud to Ground,-16525,0,12
2026-09-12T04:06:03.480557865Z,5.299358,111.056631,Cloud to Ground,-15643,0,8
2026-09-12T04:06:06.128859000Z,9.689,124.058,Cloud to Ground,408,0,5
2026-09-12T04:06:08.746164000Z,10.3834,125.0531,Cloud to Ground,-6017,0,6
2026-09-12T04:06:08.625936769Z,10.312511,125.080723,Cloud to Cloud,13319,11379,7
2026-09-12T04:06:09.022469270Z,15.970239,113.984862,Cloud to Cloud,-31228,3213,13
2026-09-12T04:06:09.028595398Z,15.966995,114.001745,Cloud to Cloud,-19844,5730,10
2026-09-12T04:06:09.009620984Z,15.970992,113.993549,Cloud to Ground,-15741,0,7
2026-09-12T04:06:13.501421141Z,10.531933,123.430517,Cloud to Ground,-16559,0,9
2026-09-12T04:06:14.716915906Z,10.354665,123.785626,Cloud to Ground,-47090,0,9
2026-09-12T04:06:14.758163744Z,10.320894,123.79521,Cloud to Ground,-13609,0,9
2026-09-12T04:06:16.695530395Z,12.059169,120.242083,Cloud to Cloud,9363,11920,7
2026-09-12T04:06:16.690461345Z,12.026897,120.285435,Cloud to Ground,68154,0,8
2026-09-12T04:06:17.167594041Z,1.60129,110.884511,Cloud to Ground,-49548,0,14
2026-09-12T04:06:17.222371725Z,1.637171,110.904313,Cloud to Ground,-15998,0,7
2026-09-12T04:06:17.229520338Z,1.589101,110.875438,Cloud to Ground,52714,0,14
2026-09-12T04:06:17.294061351Z,1.600588,110.872572,Cloud to Ground,62604,0,25
2026-09-12T04:06:17.176775592Z,1.603162,110.888076,Cloud to Ground,110098,0,37
2026-09-12T04:06:17.220684442Z,12.150087,120.03098,Cloud to Ground,31524,0,7
2026-09-12T04:06:20.540255792Z,10.536786,123.448563,Cloud to Cloud,19164,16289,6
2026-09-12T04:06:22.210379130Z,10.301252,124.809718,Cloud to Ground,8753,0,8
2026-09-12T04:06:25.477635000Z,9.8114,123.4509,Cloud to Ground,7414,0,5
2026-09-12T04:06:25.437397479Z,9.800035,123.448731,Cloud to Ground,30440,0,11
2026-09-12T04:06:26.407529013Z,9.69795,124.003706,Cloud to Ground,-13201,0,24
2026-09-12T04:06:26.463004000Z,9.6905,124.0951,Cloud to Ground,-20422,0,8
2026-09-12T04:06:26.969523000Z,9.7101,124.1447,Cloud to Ground,-12119,0,6
2026-09-12T04:06:26.870487494Z,9.650956,124.118739,Cloud to Ground,28053,0,7
2026-09-12T04:06:27.007497498Z,9.668738,124.106998,Cloud to Ground,32068,0,7
2026-09-12T04:06:27.994101000Z,9.6853,124.0136,Cloud to Ground,-6404,0,7
2026-09-12T04:06:29.937490305Z,10.486368,110.2364,Cloud to Ground,-48653,0,9
2026-09-12T04:06:29.575784897Z,10.373776,123.75816,Cloud to Ground,-18812,0,12
2026-09-12T04:06:29.515391000Z,10.3211,123.8773,Cloud to Ground,-21594,0,5
2026-09-12T04:06:32.666372253Z,11.843516,120.004198,Cloud to Cloud,-10626,16536,8
2026-09-12T04:06:39.064788666Z,10.365165,124.986813,Cloud to Ground,19219,0,16
2026-09-12T04:06:41.016074415Z,9.811756,123.417637,Cloud to Ground,32965,0,8
2026-09-12T04:06:43.001566306Z,9.68718,124.106475,Cloud to Ground,43035,0,9
2026-09-12T04:06:44.049539500Z,22.381534,118.385129,Cloud to Cloud,-16756,6943,7
2026-09-12T04:06:43.977463717Z,22.399034,118.255602,Cloud to Cloud,-5740,7768,5
2026-09-12T04:06:43.932470831Z,22.425273,118.315255,Cloud to Cloud,3840,6492,5
2026-09-12T04:06:43.999947538Z,22.415757,118.316996,Cloud to Cloud,4524,6561,7
2026-09-12T04:06:43.997812292Z,22.385814,118.331975,Cloud to Cloud,6650,7435,6
2026-09-12T04:06:43.933118202Z,22.309956,118.253241,Cloud to Cloud,7858,19051,7
2026-09-12T04:06:44.225503914Z,22.358451,118.218056,Cloud to Cloud,9250,3001,6
2026-09-12T04:06:43.945402241Z,22.280312,118.237541,Cloud to Cloud,10214,3270,6
2026-09-12T04:06:43.925011658Z,22.391463,118.293975,Cloud to Cloud,12361,7373,6
2026-09-12T04:06:44.118796319Z,22.321332,118.227493,Cloud to Cloud,12408,7963,6
2026-09-12T04:06:43.927541613Z,22.335427,118.259833,Cloud to Ground,22662,0,6
2026-09-12T04:06:44.104450570Z,22.207178,117.994205,Cloud to Cloud,9632,12152,6
2026-09-12T04:06:44.907581910Z,11.990473,119.941735,Cloud to Cloud,16154,15078,7
2026-09-12T04:06:44.865261000Z,12.077,119.8668,Cloud to Ground,12888,0,5
2026-09-12T04:06:44.806023000Z,10.252,124.96,Cloud to Ground,14861,0,6
2026-09-12T04:06:46.019408498Z,9.466418,113.788434,Cloud to Ground,12770,0,12
2026-09-12T04:06:46.007997175Z,9.470271,113.793719,Cloud to Cloud,13630,15542,8
2026-09-12T04:06:51.855229308Z,10.523594,123.429622,Cloud to Cloud,15166,3688,9
2026-09-12T04:06:53.430519594Z,9.705429,124.055655,Cloud to Cloud,-27123,15834,17
2026-09-12T04:06:58.065485841Z,2.409441,117.765234,Cloud to Ground,-12388,0,14
2026-09-12T04:07:01.480286897Z,10.512775,123.394676,Cloud to Cloud,-17689,7285,7
2026-09-12T04:07:03.416875438Z,9.75491,122.494786,Cloud to Ground,-25301,0,10
2026-09-12T04:07:03.710627583Z,10.517344,110.341601,Cloud to Ground,-43449,0,10
2026-09-12T04:07:03.653358191Z,10.516557,110.347992,Cloud to Ground,-42551,0,9
2026-09-12T04:07:03.843679813Z,10.545436,110.354881,Cloud to Ground,10204,0,8
2026-09-12T04:07:05.773282141Z,16.877641,111.992957,Cloud to Cloud,16313,3083,8
2026-09-12T04:07:06.509998039Z,11.964564,123.74829,Cloud to Cloud,27409,8638,10
2026-09-12T04:07:10.908470334Z,9.717279,124.108484,Cloud to Ground,26281,0,8
2026-09-12T04:07:10.728060895Z,10.35263,123.803091,Cloud to Ground,23229,0,8
2026-09-12T04:07:15.607721241Z,9.654227,124.08982,Cloud to Ground,21911,0,11
2026-09-12T04:07:20.781423448Z,10.147892,125.430237,Cloud to Ground,-70635,0,28
2026-09-12T04:07:20.919838801Z,10.149834,125.438066,Cloud to Ground,-26090,0,33
2026-09-12T04:07:20.863294737Z,10.124325,125.424025,Cloud to Cloud,-12920,16399,6
2026-09-12T04:07:20.373799719Z,10.38504,123.762163,Cloud to Ground,-25119,0,21
2026-09-12T04:07:20.317076000Z,10.3491,123.7476,Cloud to Ground,-20854,0,6
2026-09-12T04:07:21.387049243Z,9.686246,124.051588,Cloud to Ground,47785,0,9
2026-09-12T04:07:22.675355756Z,10.386587,124.776499,Cloud to Ground,-15667,0,13
2026-09-12T04:07:22.274289194Z,10.388245,124.916137,Cloud to Ground,-47880,0,10
2026-09-12T04:07:22.116903035Z,10.455349,124.878275,Cloud to Ground,-21916,0,23
2026-09-12T04:07:26.664925814Z,4.403456,110.025711,Cloud to Ground,23125,0,6
2026-09-12T04:07:26.315645718Z,4.574584,110.031361,Cloud to Ground,14760,0,5
2026-09-12T04:07:26.131926411Z,12.05668,119.882157,Cloud to Ground,-43996,0,12
2026-09-12T04:07:26.356607829Z,12.080698,119.901466,Cloud to Ground,-34175,0,10
2026-09-12T04:07:26.187780259Z,12.048232,119.884924,Cloud to Ground,-26366,0,9
2026-09-12T04:07:26.096233000Z,12.0795,119.8953,Cloud to Ground,-26145,0,8
2026-09-12T04:07:26.188361163Z,12.057613,119.886569,Cloud to Ground,-13726,0,6
2026-09-12T04:07:27.446574439Z,4.406821,110.201254,Cloud to Ground,-13507,0,12
2026-09-12T04:07:27.448773156Z,4.478584,110.211223,Cloud to Ground,10527,0,7
2026-09-12T04:07:27.039779000Z,4.3108,110.0098,Cloud to Ground,19487,0,5
2026-09-12T04:07:31.898009861Z,10.555641,123.414682,Cloud to Cloud,14418,16785,6
2026-09-12T04:07:32.386336982Z,10.575221,123.385134,Cloud to Ground,20047,0,10
2026-09-12T04:07:37.387643286Z,9.765773,124.06444,Cloud to Ground,-15814,0,12
2026-09-12T04:07:36.938697814Z,9.708554,124.119031,Cloud to Ground,39501,0,11
2026-09-12T04:07:38.810777179Z,10.568061,123.386189,Cloud to Cloud,-16875,9425,7
2026-09-12T04:07:38.740038000Z,11.9346,123.7061,Cloud to Ground,-37934,0,5
2026-09-12T04:07:42.737113765Z,10.556849,123.425721,Cloud to Ground,29089,0,8
2026-09-12T04:07:45.718687236Z,12.09446,120.226486,Cloud to Ground,-10534,0,8
2026-09-12T04:07:45.492209189Z,11.961563,120.229105,Cloud to Ground,40045,0,7
2026-09-12T04:07:46.725737063Z,9.722432,123.901912,Cloud to Ground,-15922,0,8
2026-09-12T04:07:46.727033000Z,9.6205,123.9027,Cloud to Ground,12333,0,7
2026-09-12T04:07:47.265963386Z,11.765282,120.040272,Cloud to Ground,-24456,0,10
2026-09-12T04:07:47.284781192Z,11.848981,119.91102,Cloud to Ground,-23698,0,26
2026-09-12T04:07:47.302201314Z,11.845994,119.980243,Cloud to Ground,-11728,0,6
2026-09-12T04:07:47.242565544Z,11.833898,119.99661,Cloud to Ground,164245,0,14
2026-09-12T04:07:48.905131590Z,10.561624,123.345774,Cloud to Cloud,-12969,8305,6
2026-09-12T04:07:51.769243582Z,9.713206,123.986041,Cloud to Ground,26348,0,8
2026-09-12T04:07:51.557707182Z,9.738984,122.460645,Cloud to Ground,-33982,0,9
2026-09-12T04:07:52.170566266Z,3.047717,111.133091,Cloud to Ground,-16719,0,16
2026-09-12T04:07:52.445316477Z,3.06114,111.040392,Cloud to Ground,-12081,0,7
2026-09-12T04:07:52.482063893Z,3.006193,111.114493,Cloud to Ground,13351,0,7
2026-09-12T04:07:53.015376050Z,3.027757,111.056962,Cloud to Ground,15627,0,6
2026-09-12T04:07:53.031759282Z,3.045522,111.062232,Cloud to Ground,24692,0,6
2026-09-12T04:07:52.895854876Z,3.108358,111.082193,Cloud to Ground,30761,0,12
2026-09-12T04:07:52.760715198Z,3.027995,111.05781,Cloud to Ground,38623,0,11
2026-09-12T04:07:52.737567772Z,3.037266,111.070092,Cloud to Ground,47737,0,24
2026-09-12T04:07:52.695556451Z,3.033596,111.064837,Cloud to Ground,149544,0,26
2026-09-12T04:07:52.637460815Z,10.523459,110.354099,Cloud to Ground,25741,0,10
2026-09-12T04:07:56.527298000Z,10.3212,123.7652,Cloud to Ground,-32858,0,10
2026-09-12T04:07:56.589826000Z,10.3393,123.8086,Cloud to Ground,-22610,0,5
2026-09-12T04:07:56.466780315Z,10.390983,123.744054,Cloud to Ground,-22534,0,20
2026-09-12T04:07:57.296462450Z,22.343413,118.226052,Cloud to Cloud,9984,7430,6
2026-09-12T04:07:57.284803251Z,22.336533,118.228422,Cloud to Cloud,12109,18384,7
2026-09-12T04:07:57.157850360Z,10.465779,123.926007,Cloud to Cloud,14551,18620,7
2026-09-12T04:08:01.614340660Z,10.526383,110.238908,Cloud to Ground,-28771,0,9
2026-09-12T04:08:01.552976797Z,10.536223,110.230826,Cloud to Ground,-24145,0,10
2026-09-12T04:08:04.492476000Z,9.7549,124.0774,Cloud to Ground,29195,0,7
2026-09-12T04:08:05.384311000Z,9.7396,124.0749,Cloud to Ground,11667,0,6
2026-09-12T04:08:09.656364508Z,9.694619,124.016013,Cloud to Ground,31242,0,20
2026-09-12T04:08:09.379731145Z,10.2533,123.838986,Cloud to Cloud,17508,18212,8
2026-09-12T04:08:14.811240871Z,11.915834,119.974532,Cloud to Cloud,-22434,8832,7
2026-09-12T04:08:14.808477742Z,11.910819,119.982937,Cloud to Cloud,-12108,12340,8
2026-09-12T04:08:14.828521556Z,11.869871,120.042786,Cloud to Cloud,4333,5623,8
2026-09-12T04:08:16.512720488Z,2.397135,117.732336,Cloud to Ground,-13302,0,24
2026-09-12T04:08:16.495043310Z,2.418505,117.745041,Cloud to Cloud,-8088,7284,10
2026-09-12T04:08:16.627562543Z,12.290646,112.357386,Cloud to Ground,-54275,0,13
2026-09-12T04:08:17.006112712Z,12.232533,112.423395,Cloud to Ground,-22159,0,10
2026-09-12T04:08:16.807434188Z,12.275769,112.308668,Cloud to Cloud,-14853,3274,6
2026-09-12T04:08:16.748557000Z,12.2823,112.357,Cloud to Ground,-13119,0,6
2026-09-12T04:08:16.685623036Z,12.260341,112.29929,Cloud to Cloud,-12850,9852,6
2026-09-12T04:08:16.776031134Z,12.236878,112.324081,Cloud to Cloud,9673,6253,8
2026-09-12T04:08:16.718024000Z,12.2811,112.3648,Cloud to Ground,19970,0,5
2026-09-12T04:08:16.459362180Z,11.986938,119.954992,Cloud to Cloud,16338,5694,8
2026-09-12T04:08:16.510115616Z,11.98607,119.932399,Cloud to Cloud,21165,12793,8
2026-09-12T04:08:19.240495801Z,12.370752,112.617864,Cloud to Cloud,15424,9315,5
2026-09-12T04:08:19.230978159Z,12.318317,112.616167,Cloud to Ground,20059,0,8
2026-09-12T04:08:19.229981007Z,12.335937,112.611163,Cloud to Ground,26398,0,9
2026-09-12T04:08:19.228613848Z,12.337853,112.630951,Cloud to Ground,69395,0,12
2026-09-12T04:08:19.364520960Z,10.382077,125.073461,Cloud to Ground,20678,0,10
2026-09-12T04:08:19.446042483Z,10.349426,124.952825,Cloud to Cloud,11035,4724,7
2026-09-12T04:08:21.177924000Z,9.8216,123.402,Cloud to Ground,-62449,0,12
2026-09-12T04:08:21.198840000Z,9.8257,123.4003,Cloud to Ground,-28734,0,6
2026-09-12T04:08:21.169859475Z,9.792796,123.448769,Cloud to Ground,-17642,0,10
2026-09-12T04:08:22.327934038Z,9.763722,124.048186,Cloud to Ground,27892,0,19
2026-09-12T04:08:24.979124830Z,12.250321,119.925478,Cloud to Ground,-86066,0,10
2026-09-12T04:08:25.077214530Z,12.272901,119.905425,Cloud to Ground,-15552,0,12
2026-09-12T04:08:25.094060578Z,12.179358,119.990408,Cloud to Cloud,-11025,17644,6
2026-09-12T04:08:29.870700896Z,2.315415,112.499442,Cloud to Ground,-30589,0,17
2026-09-12T04:08:29.854271899Z,2.296269,112.560206,Cloud to Ground,-23126,0,12
2026-09-12T04:08:29.852925053Z,2.233309,112.557317,Cloud to Ground,-14091,0,6
2026-09-12T04:08:29.880944000Z,2.1811,112.5502,Cloud to Ground,24786,0,5
2026-09-12T04:08:31.208106672Z,10.516267,110.257004,Cloud to Ground,-31478,0,8
2026-09-12T04:08:31.112761000Z,10.5316,110.3271,Cloud to Ground,57533,0,9
2026-09-12T04:08:35.743189623Z,10.421718,123.895472,Cloud to Ground,14771,0,11
2026-09-12T04:08:36.550397277Z,9.686948,122.516171,Cloud to Cloud,-16523,18761,7
2026-09-12T04:08:36.685830000Z,9.741,122.3805,Cloud to Ground,-21803,0,8
2026-09-12T04:08:38.933001978Z,1.596955,110.894426,Cloud to Ground,-30956,0,21
2026-09-12T04:08:38.991171872Z,1.579226,110.86122,Cloud to Ground,8981,0,7
2026-09-12T04:08:39.051441346Z,1.581183,110.858016,Cloud to Ground,10764,0,5
2026-09-12T04:08:39.039102547Z,1.655073,110.936616,Cloud to Ground,23101,0,14
2026-09-12T04:08:42.110167810Z,9.779576,124.111545,Cloud to Ground,16001,0,13
2026-09-12T04:08:45.682204095Z,9.65397,124.006113,Cloud to Cloud,23647,15329,12
2026-09-12T04:08:49.259563575Z,10.212054,124.901326,Cloud to Ground,21158,0,10
2026-09-12T04:08:50.552143000Z,10.3103,123.7555,Cloud to Ground,9172,0,9
2026-09-12T04:08:53.568636322Z,10.567075,123.373849,Cloud to Cloud,-14256,6643,7
2026-09-12T04:08:57.449286000Z,10.3634,125.0475,Cloud to Ground,-84248,0,5
2026-09-12T04:08:57.487697531Z,10.429529,125.034713,Cloud to Ground,-52219,0,9
2026-09-12T04:08:57.633966267Z,10.389288,125.060508,Cloud to Ground,-42606,0,9
2026-09-12T04:08:57.889558967Z,10.392715,124.945227,Cloud to Ground,-35693,0,28
2026-09-12T04:08:57.687000567Z,10.379385,125.053273,Cloud to Ground,-25679,0,8
2026-09-12T04:08:57.794384737Z,10.39261,124.950237,Cloud to Ground,-24317,0,25
2026-09-12T04:08:57.999722706Z,10.380399,124.934176,Cloud to Ground,-13441,0,10
2026-09-12T04:08:57.843582142Z,10.380363,125.075039,Cloud to Ground,17098,0,11
2026-09-12T04:08:57.758701703Z,10.340201,125.095829,Cloud to Ground,43956,0,10
2026-09-12T04:08:57.713740945Z,10.401906,125.036401,Cloud to Ground,59785,0,7
2026-09-12T04:09:00.553630427Z,9.747554,124.083938,Cloud to Ground,23825,0,7
2026-09-12T04:09:02.897684033Z,9.710753,124.104202,Cloud to Ground,24683,0,9
2026-09-12T04:09:02.314607261Z,12.135449,120.048194,Cloud to Cloud,11885,4689,9
2026-09-12T04:09:08.462343000Z,10.5929,123.3377,Cloud to Ground,-12376,0,5
2026-09-12T04:09:11.203859011Z,5.340537,111.013654,Cloud to Ground,-109738,0,13
2026-09-12T04:09:10.951459036Z,5.370313,111.029887,Cloud to Ground,-28346,0,9
2026-09-12T04:09:11.283072167Z,5.345113,111.012929,Cloud to Ground,-27750,0,13
2026-09-12T04:09:10.988972180Z,5.376812,111.006855,Cloud to Ground,-9968,0,6
2026-09-12T04:09:10.964598802Z,5.367546,111.01538,Cloud to Ground,-9283,0,6
2026-09-12T04:09:12.565438456Z,10.313152,123.782518,Cloud to Ground,-22527,0,9
2026-09-12T04:09:18.609716497Z,11.858786,123.82545,Cloud to Cloud,14565,12083,8
2026-09-12T04:09:18.646024016Z,11.888842,123.8803,Cloud to Cloud,30401,13048,8
2026-09-12T04:09:18.604309688Z,11.954243,123.814198,Cloud to Ground,23572,0,8
2026-09-12T04:09:20.310983947Z,10.529037,123.427614,Cloud to Cloud,7357,19912,6
2026-09-12T04:09:23.037660857Z,12.072625,119.86907,Cloud to Ground,-80375,0,13
2026-09-12T04:09:23.233293751Z,12.069798,119.868175,Cloud to Ground,-25302,0,11
2026-09-12T04:09:23.229472309Z,12.068135,119.869018,Cloud to Ground,14820,0,8
2026-09-12T04:09:25.247115866Z,10.515518,123.384311,Cloud to Cloud,13999,12280,10
2026-09-12T04:09:25.442095000Z,10.4718,123.9299,Cloud to Ground,-4662,0,6
2026-09-12T04:09:25.865542000Z,10.5422,110.3041,Cloud to Ground,-13891,0,5
2026-09-12T04:09:26.077794567Z,10.583818,110.236862,Cloud to Ground,16759,0,6
2026-09-12T04:09:28.481916000Z,10.3133,123.7707,Cloud to Ground,5083,0,5
2026-09-12T04:09:31.744735583Z,22.368906,118.228612,Cloud to Cloud,6838,7605,5
2026-09-12T04:09:31.699770371Z,22.348551,118.217557,Cloud to Cloud,7747,7635,6
2026-09-12T04:09:31.678738073Z,22.410907,118.241702,Cloud to Ground,10797,0,7
2026-09-12T04:09:31.640078784Z,22.415942,118.23452,Cloud to Ground,56381,0,8
2026-09-12T04:09:35.344263692Z,1.58786,110.872851,Cloud to Ground,-13188,0,10
2026-09-12T04:09:35.504783733Z,1.648061,110.895431,Cloud to Ground,15776,0,10
2026-09-12T04:09:35.343089258Z,1.597515,110.881715,Cloud to Ground,18924,0,9
2026-09-12T04:09:37.744183000Z,10.5963,123.298,Cloud to Ground,-11280,0,5
2026-09-12T04:09:40.840028719Z,9.738502,124.098305,Cloud to Ground,67216,0,5
2026-09-12T04:09:41.537259000Z,10.5266,110.3439,Cloud to Ground,-82090,0,8
2026-09-12T04:09:41.464292000Z,10.5972,110.3082,Cloud to Ground,-30967,0,5
2026-09-12T04:09:46.805617334Z,10.449362,123.913684,Cloud to Cloud,24590,19230,21
2026-09-12T04:09:47.945948935Z,10.365075,123.75318,Cloud to Cloud,14670,4415,16
2026-09-12T04:09:48.751371948Z,2.321751,117.735198,Cloud to Ground,-11824,0,8
2026-09-12T04:09:48.580919922Z,11.954436,123.806481,Cloud to Ground,-43881,0,27
2026-09-12T04:09:48.513815576Z,11.93395,123.828466,Cloud to Ground,-27680,0,23
2026-09-12T04:09:48.691102000Z,12.0185,123.7797,Cloud to Ground,-9337,0,5
2026-09-12T04:09:51.524164418Z,9.721641,124.114397,Cloud to Ground,26813,0,8
2026-09-12T04:09:51.980817235Z,9.705156,124.123033,Cloud to Ground,36353,0,9
2026-09-12T04:10:00.673794455Z,10.312511,123.807691,Cloud to Cloud,-3628,19607,5
2026-09-12T04:10:00.498191871Z,10.502371,123.60287,Cloud to Cloud,-15593,19702,7
2026-09-12T04:10:02.533296000Z,9.718,124.1092,Cloud to Ground,-37796,0,6
2026-09-12T04:10:02.410247000Z,9.6955,124.0333,Cloud to Ground,-37364,0,5
2026-09-12T04:10:02.615204000Z,9.6934,124.0244,Cloud to Ground,-24373,0,9
2026-09-12T04:10:02.794823000Z,9.7049,124.0639,Cloud to Ground,-22083,0,6
2026-09-12T04:10:02.447382869Z,9.751545,124.04005,Cloud to Ground,-17858,0,18
2026-09-12T04:10:04.420746000Z,10.4095,124.7117,Cloud to Ground,29137,0,6
2026-09-12T04:10:07.401616000Z,12.1438,120.2487,Cloud to Ground,-16194,0,8
2026-09-12T04:10:12.180835794Z,9.655116,124.045179,Cloud to Ground,30558,0,16
2026-09-12T04:10:14.916171563Z,11.986571,119.953424,Cloud to Cloud,12598,9116,7
2026-09-12T04:10:14.886777690Z,11.936356,119.98099,Cloud to Cloud,13711,3048,9
2026-09-12T04:10:14.970693515Z,11.987677,119.955583,Cloud to Cloud,14671,9419,6
2026-09-12T04:10:17.176700898Z,10.552485,110.257174,Cloud to Ground,-44172,0,15
2026-09-12T04:10:17.298137097Z,10.557181,110.252941,Cloud to Ground,-38770,0,12
2026-09-12T04:10:17.475358812Z,10.540136,110.256152,Cloud to Ground,-35680,0,19
2026-09-12T04:10:17.254771868Z,10.530268,110.243237,Cloud to Ground,-20574,0,7
2026-09-12T04:10:17.231899171Z,10.522159,110.244384,Cloud to Ground,-16064,0,7
2026-09-12T04:10:17.394169386Z,10.530865,110.342904,Cloud to Ground,-9663,0,6
2026-09-12T04:10:17.347382595Z,10.528688,110.355933,Cloud to Ground,28163,0,9
2026-09-12T04:10:18.107775030Z,9.642586,124.078021,Cloud to Ground,24092,0,13
2026-09-12T04:10:18.184216000Z,10.5425,123.29,Cloud to Ground,-5350,0,6
2026-09-12T04:10:22.052444000Z,10.3611,125.0434,Cloud to Ground,8523,0,5
2026-09-12T04:10:24.324292240Z,9.758372,122.516449,Cloud to Ground,-29969,0,10
2026-09-12T04:10:26.545597293Z,2.382931,117.785661,Cloud to Ground,20015,0,17
2026-09-12T04:10:26.245139411Z,22.337345,118.217798,Cloud to Cloud,5142,7408,5
2026-09-12T04:10:26.192101691Z,22.340824,118.231336,Cloud to Cloud,5569,7520,5
2026-09-12T04:10:26.212411653Z,22.353373,118.222112,Cloud to Cloud,6845,7795,5
2026-09-12T04:10:26.215365795Z,22.326891,118.207425,Cloud to Cloud,9290,8868,6
2026-09-12T04:10:26.249641390Z,22.403917,118.275683,Cloud to Cloud,16975,7525,6
2026-09-12T04:10:28.338489485Z,12.130271,123.689235,Cloud to Cloud,10948,4693,8
2026-09-12T04:10:34.622516783Z,10.32232,123.799392,Cloud to Ground,15845,0,10
2026-09-12T04:10:36.929866000Z,5.0599,110.4077,Cloud to Ground,-24010,0,5
2026-09-12T04:10:37.019643003Z,4.940294,110.372272,Cloud to Ground,-20948,0,8
2026-09-12T04:10:37.020846437Z,4.906759,110.361664,Cloud to Ground,-19059,0,8
2026-09-12T04:10:37.094469183Z,4.919128,110.350953,Cloud to Ground,-11748,0,7
2026-09-12T04:10:36.936063494Z,5.037621,110.379419,Cloud to Ground,-10751,0,8
2026-09-12T04:10:37.013413565Z,4.903418,110.362851,Cloud to Ground,-10356,0,6
2026-09-12T04:10:37.001695381Z,4.982677,110.410094,Cloud to Ground,12799,0,7
2026-09-12T04:10:37.016549109Z,4.925649,110.369027,Cloud to Ground,22346,0,9
2026-09-12T04:10:37.003468463Z,5.028267,110.418202,Cloud to Ground,32886,0,7
2026-09-12T04:10:36.917249846Z,5.007182,110.383068,Cloud to Ground,58952,0,14
2026-09-12T04:10:36.570617678Z,2.270235,117.765082,Cloud to Ground,-17584,0,15
2026-09-12T04:10:41.148786000Z,9.713,124.0252,Cloud to Ground,-4061,0,5
2026-09-12T04:10:41.011470000Z,9.678,124.0544,Cloud to Ground,13869,0,5
2026-09-12T04:10:51.512403009Z,2.450443,117.765259,Cloud to Cloud,-15270,19028,15
2026-09-12T04:10:52.683154774Z,12.18856,119.991916,Cloud to Cloud,12252,15295,6
2026-09-12T04:10:52.471972000Z,10.3404,123.7806,Cloud to Ground,10439,0,9
2026-09-12T04:10:54.889279186Z,9.720454,124.047669,Cloud to Ground,22311,0,11
2026-09-12T04:10:59.188729441Z,11.899285,123.878886,Cloud to Ground,16021,0,9
2026-09-12T04:11:01.064527438Z,1.68894,110.869392,Cloud to Ground,-12839,0,10
2026-09-12T04:11:01.278691759Z,1.642791,110.937622,Cloud to Ground,46172,0,23
2026-09-12T04:11:03.458632539Z,9.760463,124.005314,Cloud to Ground,-16286,0,16
2026-09-12T04:11:06.497944046Z,11.734305,120.006892,Cloud to Cloud,8184,16529,8
2026-09-12T04:11:06.496752643Z,11.746506,120.039562,Cloud to Cloud,15442,17564,7
2026-09-12T04:11:06.416871000Z,10.5532,123.2664,Cloud to Ground,-24785,0,5
2026-09-12T04:11:07.847817947Z,9.646613,124.061236,Cloud to Ground,44845,0,9
2026-09-12T04:11:07.925543000Z,9.7119,123.9063,Cloud to Ground,13664,0,6
2026-09-12T04:11:09.919102000Z,10.2463,124.9048,Cloud to Ground,-7612,0,6
2026-09-12T04:11:11.559505208Z,5.302983,110.865322,Cloud to Ground,-9232,0,7
2026-09-12T04:11:11.419595414Z,5.446472,110.931386,Cloud to Ground,-9456,0,9
2026-09-12T04:11:11.370344627Z,5.424626,110.927833,Cloud to Ground,18797,0,10
2026-09-12T04:11:13.929919636Z,2.35272,117.801507,Cloud to Cloud,14805,3644,11
2026-09-12T04:11:13.999125704Z,2.424501,117.748036,Cloud to Cloud,17288,5348,10
2026-09-12T04:11:13.752698660Z,2.361457,117.785715,Cloud to Ground,19794,0,16
2026-09-12T04:11:13.723584571Z,11.939095,123.828877,Cloud to Ground,-69954,0,25
2026-09-12T04:11:13.715913990Z,11.921441,123.729329,Cloud to Ground,-33703,0,7
2026-09-12T04:11:13.793981956Z,11.933043,123.743953,Cloud to Ground,-31300,0,28
2026-09-12T04:11:13.969729951Z,11.934841,123.737726,Cloud to Cloud,-30621,3181,30
2026-09-12T04:11:13.851423000Z,11.9848,123.8627,Cloud to Ground,-15613,0,5
2026-09-12T04:11:13.662867000Z,11.8154,123.8852,Cloud to Ground,-60208,0,5
2026-09-12T04:11:17.917184885Z,11.155264,119.448385,Cloud to Cloud,16726,16611,7
2026-09-12T04:11:21.987609011Z,22.412056,118.265196,Cloud to Cloud,-10212,4138,8
2026-09-12T04:11:22.269545945Z,22.393426,118.283281,Cloud to Cloud,3914,7965,5
2026-09-12T04:11:22.055503034Z,22.316939,118.23144,Cloud to Cloud,5914,8324,5
2026-09-12T04:11:22.281645017Z,22.421458,118.250654,Cloud to Cloud,6513,7284,5
2026-09-12T04:11:22.038876727Z,22.316256,118.236034,Cloud to Ground,12138,0,10
2026-09-12T04:11:21.969888903Z,22.42073,118.23076,Cloud to Cloud,12277,7829,8
2026-09-12T04:11:21.968487084Z,22.416897,118.239457,Cloud to Ground,18933,0,6
2026-09-12T04:11:21.967110274Z,22.402946,118.238384,Cloud to Cloud,20699,7261,7
2026-09-12T04:11:23.257654234Z,2.341877,117.765065,Cloud to Cloud,-13617,16528,10
2026-09-12T04:11:23.996550768Z,10.323201,123.814256,Cloud to Ground,32328,0,14
2026-09-12T04:11:27.718502091Z,12.004066,119.921078,Cloud to Cloud,-57599,16492,7
2026-09-12T04:11:27.735114049Z,12.075809,119.873996,Cloud to Ground,-36393,0,12
2026-09-12T04:11:27.876050684Z,12.050646,119.897654,Cloud to Ground,-33901,0,10
2026-09-12T04:11:27.778557785Z,12.075351,119.87976,Cloud to Ground,-20535,0,11
2026-09-12T04:11:27.826664518Z,11.966314,119.963778,Cloud to Cloud,-14916,3035,8
2026-09-12T04:11:28.132188886Z,12.0527,119.8998,Cloud to Ground,-14511,0,8
2026-09-12T04:11:28.055767921Z,10.535496,110.353547,Cloud to Ground,-63356,0,8
2026-09-12T04:11:27.959456096Z,10.541282,110.362196,Cloud to Ground,-41314,0,12
2026-09-12T04:11:28.015366107Z,10.53082,110.249998,Cloud to Ground,-26334,0,10
2026-09-12T04:11:28.692405000Z,10.3309,123.7677,Cloud to Ground,-6290,0,7
2026-09-12T04:11:38.969945929Z,2.460906,117.749103,Cloud to Ground,-28944,0,29
2026-09-12T04:11:39.219058360Z,2.349492,117.750001,Cloud to Cloud,-26854,15831,12
2026-09-12T04:11:39.220830000Z,2.3987,117.7337,Cloud to Ground,-13432,0,6
2026-09-12T04:11:39.024187000Z,2.4087,117.7181,Cloud to Ground,26620,0,8
2026-09-12T04:11:38.989170496Z,2.39981,117.781564,Cloud to Ground,33382,0,7
2026-09-12T04:11:41.965894000Z,9.6355,123.9399,Cloud to Ground,-29092,0,5
2026-09-12T04:11:41.970574546Z,9.640408,123.963337,Cloud to Ground,19320,0,14
2026-09-12T04:11:44.231208901Z,9.740045,124.025085,Cloud to Ground,14140,0,7
2026-09-12T04:11:50.072456763Z,10.559761,123.803257,Cloud to Ground,-20623,0,23
2026-09-12T04:11:50.101031472Z,10.531739,123.845064,Cloud to Ground,-14084,0,14
2026-09-12T04:11:54.924857483Z,10.327467,123.810928,Cloud to Ground,-15804,0,7
2026-09-12T04:11:54.956399817Z,10.284846,123.860203,Cloud to Cloud,23983,4130,6
2026-09-12T04:11:55.725861619Z,12.058959,119.872391,Cloud to Cloud,7027,15821,6
2026-09-12T04:11:55.705358208Z,11.990994,119.929986,Cloud to Cloud,11793,16012,9
2026-09-12T04:12:01.793104584Z,12.29656,112.405888,Cloud to Ground,-14482,0,8
2026-09-12T04:12:01.787097566Z,12.263607,112.329693,Cloud to Cloud,-12382,10121,10
2026-09-12T04:12:01.783769684Z,12.263135,112.389309,Cloud to Ground,-9638,0,7
2026-09-12T04:12:01.775418243Z,12.248355,112.313491,Cloud to Ground,23439,0,9
2026-09-12T04:12:01.774717070Z,12.280213,112.390847,Cloud to Ground,40475,0,11
2026-09-12T04:12:01.773983056Z,12.2819,112.384232,Cloud to Ground,56623,0,7
2026-09-12T04:12:01.776986000Z,12.2945,112.527,Cloud to Ground,23956,0,6
2026-09-12T04:12:02.598927183Z,10.354869,123.675807,Cloud to Ground,24296,0,13
2026-09-12T04:12:04.396535090Z,12.191814,123.618303,Cloud to Ground,25481,0,15
2026-09-12T04:12:09.910790069Z,2.325759,117.766026,Cloud to Cloud,18817,3010,14
2026-09-12T04:12:10.736290000Z,9.7523,124.101,Cloud to Ground,-11640,0,7
2026-09-12T04:12:11.686331405Z,2.2387,112.546229,Cloud to Ground,-12389,0,6
2026-09-12T04:12:14.298221335Z,5.105649,110.430523,Cloud to Ground,-104262,0,9
2026-09-12T04:12:14.399313914Z,5.098265,110.417712,Cloud to Ground,34225,0,10
2026-09-12T04:12:21.361314555Z,12.069724,119.88494,Cloud to Ground,-64285,0,13
2026-09-12T04:12:21.524967034Z,12.069156,119.87815,Cloud to Ground,-57410,0,12
2026-09-12T04:12:21.420760087Z,12.069628,119.876564,Cloud to Ground,-24140,0,8
2026-09-12T04:12:21.568385450Z,12.0718,119.879895,Cloud to Ground,-16149,0,10
2026-09-12T04:12:21.692604380Z,12.069714,119.878311,Cloud to Ground,-12871,0,8
2026-09-12T04:12:21.605210000Z,12.0482,119.7683,Cloud to Ground,-10888,0,8
2026-09-12T04:12:21.398793000Z,11.9626,119.9047,Cloud to Ground,-25024,0,5
2026-09-12T04:12:21.446435000Z,11.9586,119.9801,Cloud to Ground,-14246,0,5
2026-09-12T04:12:23.176876516Z,9.653662,124.064423,Cloud to Ground,41514,0,8
2026-09-12T04:12:25.157881115Z,10.242282,124.822905,Cloud to Ground,-33420,0,22
2026-09-12T04:12:25.105329948Z,10.174403,124.915576,Cloud to Cloud,12252,4230,7
2026-09-12T04:12:25.106606613Z,10.172571,124.956693,Cloud to Cloud,18466,7373,7
2026-09-12T04:12:25.079592000Z,10.3452,123.793,Cloud to Ground,-11540,0,7
2026-09-12T04:12:26.328222000Z,9.6821,124.0004,Cloud to Ground,-8839,0,7
2026-09-12T04:12:27.188367151Z,10.353495,123.911063,Cloud to Cloud,15471,6447,9
2026-09-12T04:12:29.450315864Z,22.317048,118.210667,Cloud to Ground,-20172,0,14
2026-09-12T04:12:29.702459335Z,22.392924,118.215456,Cloud to Cloud,-5511,14667,5
2026-09-12T04:12:29.463241509Z,22.351708,118.220826,Cloud to Cloud,5768,7773,5
2026-09-12T04:12:29.507564772Z,22.345776,118.191642,Cloud to Cloud,5891,7631,5
2026-09-12T04:12:29.472174148Z,22.342138,118.214155,Cloud to Cloud,6307,8431,5
2026-09-12T04:12:29.694917822Z,22.370832,118.190726,Cloud to Cloud,7035,6330,5
2026-09-12T04:12:29.886562595Z,22.297236,118.162284,Cloud to Cloud,8085,8698,6
2026-09-12T04:12:29.614648239Z,22.36857,118.23644,Cloud to Ground,8123,0,5
2026-09-12T04:12:29.566171185Z,22.35067,118.207272,Cloud to Ground,12556,0,6
2026-09-12T04:12:30.390915887Z,9.817898,122.538034,Cloud to Ground,-23767,0,8
2026-09-12T04:12:30.081001000Z,12.2234,123.6159,Cloud to Ground,6151,0,7
2026-09-12T04:12:33.436198000Z,10.5694,110.3681,Cloud to Ground,-47977,0,8
2026-09-12T04:12:33.477261895Z,10.543625,110.276542,Cloud to Ground,-24083,0,12
2026-09-12T04:12:33.370976316Z,10.517436,110.309718,Cloud to Cloud,-12727,4352,8
2026-09-12T04:12:33.614677739Z,10.478537,110.24257,Cloud to Ground,-12047,0,6
2026-09-12T04:12:33.379690000Z,10.7135,110.4701,Cloud to Ground,-50743,0,9
2026-09-12T04:12:35.530250000Z,2.4037,117.7869,Cloud to Ground,1025,0,5
2026-09-12T04:12:36.912043000Z,11.9548,123.7825,Cloud to Ground,-92746,0,5
2026-09-12T04:12:37.748965777Z,9.712975,122.520805,Cloud to Ground,-29875,0,6
2026-09-12T04:12:38.480776403Z,9.723856,124.035998,Cloud to Ground,-17225,0,17
2026-09-12T04:12:41.674675388Z,10.517814,123.33066,Cloud to Ground,-23079,0,14
2026-09-12T04:12:41.639618000Z,10.5516,123.2659,Cloud to Ground,1351,0,6
2026-09-12T04:12:45.647359425Z,8.176948,127.868361,Cloud to Ground,-41586,0,31
2026-09-12T04:12:45.684975014Z,8.188062,127.900241,Cloud to Ground,13640,0,11
2026-09-12T04:12:46.507457000Z,10.4629,123.856,Cloud to Ground,-6886,0,6
2026-09-12T04:12:49.032611828Z,2.336011,117.765339,Cloud to Ground,-18619,0,10
2026-09-12T04:12:48.923371520Z,2.398749,117.807344,Cloud to Ground,9142,0,7
2026-09-12T04:12:48.737429498Z,2.389028,117.811193,Cloud to Ground,13532,0,11
2026-09-12T04:12:48.782206856Z,2.383287,117.816964,Cloud to Ground,14431,0,8
2026-09-12T04:12:49.031779286Z,2.390211,117.808323,Cloud to Ground,22285,0,16
2026-09-12T04:12:48.840659047Z,2.385774,117.811469,Cloud to Ground,31510,0,17
2026-09-12T04:12:51.467960000Z,12.108,120.2218,Cloud to Ground,-5447,0,6
2026-09-12T04:12:58.692229913Z,9.704534,122.494428,Cloud to Ground,-19232,0,24
2026-09-12T04:13:00.523616000Z,10.4778,123.7823,Cloud to Ground,-1943,0,8
2026-09-12T04:13:00.687617000Z,10.4335,123.8388,Cloud to Ground,6710,0,5
2026-09-12T04:13:04.740854049Z,9.643957,122.553773,Cloud to Cloud,-19114,19095,8
2026-09-12T04:13:10.176044358Z,10.294188,124.959856,Cloud to Cloud,31592,19313,8
2026-09-12T04:13:10.341321333Z,10.431715,124.797809,Cloud to Ground,-29597,0,20
2026-09-12T04:13:10.174649000Z,10.3462,124.8598,Cloud to Ground,-23586,0,6
2026-09-12T04:13:13.100735503Z,2.344918,117.770743,Cloud to Ground,20446,0,16
2026-09-12T04:13:12.985199522Z,2.400247,117.791376,Cloud to Ground,59623,0,26
2026-09-12T04:13:13.726857000Z,10.4629,123.9022,Cloud to Ground,22505,0,5
2026-09-12T04:13:18.881019452Z,1.551951,110.858953,Cloud to Ground,8064,0,5
2026-09-12T04:13:19.496348498Z,9.746254,124.013876,Cloud to Ground,-39012,0,13
2026-09-12T04:13:19.456495952Z,9.527539,123.987017,Cloud to Ground,-22823,0,24
2026-09-12T04:13:19.061631240Z,1.642226,110.921477,Cloud to Ground,53824,0,13
2026-09-12T04:13:19.366351000Z,9.6549,124.0302,Cloud to Ground,-83147,0,6
2026-09-12T04:13:19.452582670Z,9.665936,123.920534,Cloud to Ground,-20062,0,18
2026-09-12T04:13:20.013786451Z,9.642328,123.98577,Cloud to Ground,25248,0,9
2026-09-12T04:13:22.972980067Z,11.82385,119.989744,Cloud to Cloud,7730,17379,6
2026-09-12T04:13:22.975771873Z,11.817322,119.979602,Cloud to Ground,16994,0,7
2026-09-12T04:13:23.490357273Z,10.327803,123.784139,Cloud to Ground,24547,0,11
2026-09-12T04:13:23.493368547Z,10.323864,123.768631,Cloud to Ground,37308,0,7
2026-09-12T04:13:24.113028206Z,22.35273,118.195139,Cloud to Ground,-51105,0,11
2026-09-12T04:13:24.520899000Z,22.2433,118.2195,Cloud to Ground,-32787,0,5
2026-09-12T04:13:24.190971270Z,22.294057,118.162351,Cloud to Ground,-27609,0,8
2026-09-12T04:13:24.136655000Z,22.2858,118.2048,Cloud to Ground,24250,0,5
2026-09-12T04:13:25.826616368Z,2.484442,117.761378,Cloud to Cloud,-12042,3214,8
2026-09-12T04:13:25.836018021Z,2.376538,117.760902,Cloud to Cloud,16278,4372,6
2026-09-12T04:13:26.441042570Z,9.729085,123.381661,Cloud to Ground,-26741,0,10
2026-09-12T04:13:27.866415624Z,12.157614,120.045478,Cloud to Cloud,-22178,18303,7
2026-09-12T04:13:27.920158394Z,12.214272,120.023905,Cloud to Ground,-20052,0,9
2026-09-12T04:13:27.921241682Z,12.22455,119.973996,Cloud to Cloud,7315,17661,6
2026-09-12T04:13:27.726320408Z,12.166991,120.05026,Cloud to Cloud,29589,18982,6
2026-09-12T04:13:31.265201401Z,10.492875,123.817265,Cloud to Cloud,-15994,3045,5
2026-09-12T04:13:36.482381883Z,9.614354,122.581826,Cloud to Cloud,18638,19595,7
2026-09-12T04:13:37.840101201Z,5.478653,110.922366,Cloud to Cloud,25924,3017,12
2026-09-12T04:13:37.841358136Z,5.373362,110.984573,Cloud to Ground,-31506,0,7
2026-09-12T04:13:37.852138597Z,5.41804,111.009111,Cloud to Ground,-11172,0,7
2026-09-12T04:13:37.858204736Z,5.38986,110.990267,Cloud to Ground,-7590,0,6
2026-09-12T04:13:38.679386000Z,10.6069,123.4408,Cloud to Ground,-10824,0,6
2026-09-12T04:13:42.104767928Z,2.372762,117.755901,Cloud to Ground,31274,0,27
2026-09-12T04:13:42.339914411Z,12.027642,120.320264,Cloud to Cloud,9731,18248,6
2026-09-12T04:13:43.779173195Z,2.373765,117.757778,Cloud to Ground,-12955,0,9
2026-09-12T04:13:43.626359796Z,2.437875,117.835299,Cloud to Ground,31005,0,16
2026-09-12T04:13:44.830670000Z,12.048,119.8799,Cloud to Ground,-29214,0,8
2026-09-12T04:13:47.337381603Z,10.439834,123.887065,Cloud to Ground,25867,0,10
2026-09-12T04:13:47.400643660Z,10.440313,123.889693,Cloud to Ground,30721,0,15
2026-09-12T04:13:47.642011232Z,12.242937,123.552968,Cloud to Cloud,22681,3055,18
2026-09-12T04:13:48.816942376Z,10.366071,123.772066,Cloud to Ground,-15313,0,20
2026-09-12T04:13:48.527144684Z,10.359052,125.06675,Cloud to Ground,78273,0,23
2026-09-12T04:13:49.777208930Z,11.966226,123.831802,Cloud to Cloud,-16245,6332,8
2026-09-12T04:13:50.160957043Z,9.735651,124.053109,Cloud to Cloud,9095,7807,8
2026-09-12T04:13:55.623914674Z,9.643183,122.556703,Cloud to Cloud,-19927,19546,8
2026-09-12T04:13:55.485803000Z,9.7451,122.4653,Cloud to Ground,-23817,0,8
2026-09-12T04:13:56.880713560Z,10.472891,123.810754,Cloud to Ground,-43425,0,8
2026-09-12T04:13:56.817266146Z,10.456958,123.82511,Cloud to Ground,-38064,0,11
2026-09-12T04:13:56.636456000Z,10.4612,123.8414,Cloud to Ground,-38017,0,8
2026-09-12T04:13:58.385618740Z,11.216607,125.425772,Cloud to Cloud,-31553,3086,15
2026-09-12T04:13:58.941668943Z,12.228294,112.303085,Cloud to Cloud,-20864,3508,6
2026-09-12T04:13:58.942122239Z,12.221123,112.302972,Cloud to Cloud,-17487,11575,6
2026-09-12T04:13:59.399195559Z,2.394098,117.791003,Cloud to Ground,37380,0,18
2026-09-12T04:14:01.152042069Z,22.349756,118.219832,Cloud to Cloud,5406,7606,5
2026-09-12T04:14:01.709375294Z,22.29502,118.141554,Cloud to Cloud,5807,7781,5
2026-09-12T04:14:01.634481783Z,22.350672,118.20741,Cloud to Cloud,8086,5310,6
2026-09-12T04:14:01.424340776Z,22.313696,118.161267,Cloud to Cloud,9508,7668,6
2026-09-12T04:14:05.639421000Z,10.4143,123.7314,Cloud to Ground,6750,0,7
2026-09-12T04:14:07.301157007Z,5.117474,110.445665,Cloud to Ground,-35389,0,12
2026-09-12T04:14:07.433874577Z,5.122295,110.423256,Cloud to Ground,-33761,0,19
2026-09-12T04:14:07.459001661Z,5.162094,110.33387,Cloud to Ground,-15181,0,10
2026-09-12T04:14:07.338873705Z,5.133768,110.446535,Cloud to Ground,82429,0,12
2026-09-12T04:14:07.406316000Z,5.1478,110.3992,Cloud to Ground,93067,0,16
2026-09-12T04:14:07.358133800Z,5.108275,110.445106,Cloud to Ground,98798,0,23
2026-09-12T04:14:07.305725000Z,5.107,110.441,Cloud to Ground,163200,0,11
2026-09-12T04:14:09.205834000Z,11.9223,123.8379,Cloud to Ground,14954,0,5
2026-09-12T04:14:09.228838722Z,11.837986,123.864823,Cloud to Cloud,20602,3454,8
2026-09-12T04:14:13.172308000Z,9.6615,123.9974,Cloud to Ground,9753,0,8
2026-09-12T04:14:13.405689000Z,9.6572,124.0464,Cloud to Ground,13964,0,7
2026-09-12T04:14:13.564618413Z,9.666815,124.076233,Cloud to Cloud,14674,19606,7
2026-09-12T04:14:15.438730000Z,10.3723,125.0323,Cloud to Ground,10116,0,6
2026-09-12T04:14:20.495005831Z,2.244641,112.519407,Cloud to Ground,-10053,0,6
2026-09-12T04:14:23.741550347Z,9.5973,124.059883,Cloud to Cloud,17665,10692,7
2026-09-12T04:14:26.111787271Z,11.216035,125.409552,Cloud to Ground,-15701,0,7
2026-09-12T04:14:26.217577000Z,11.2647,125.3593,Cloud to Ground,-11799,0,5
2026-09-12T04:14:27.308397066Z,10.570283,123.275673,Cloud to Ground,17852,0,11
2026-09-12T04:14:28.051861538Z,2.404281,117.743626,Cloud to Ground,-14615,0,14
2026-09-12T04:14:27.975666754Z,2.357354,117.756995,Cloud to Ground,-12102,0,13
2026-09-12T04:14:34.422565929Z,2.381415,117.752584,Cloud to Ground,-11773,0,10
2026-09-12T04:14:34.793745541Z,2.369787,117.793579,Cloud to Ground,37455,0,21
2026-09-12T04:14:40.798589998Z,12.086337,119.862577,Cloud to Ground,-46066,0,11
2026-09-12T04:14:40.788681043Z,12.01275,119.921889,Cloud to Cloud,-35529,19965,7
2026-09-12T04:14:40.867058856Z,12.075091,119.879975,Cloud to Ground,-22427,0,8
2026-09-12T04:14:40.894756125Z,12.088121,119.89048,Cloud to Ground,-16233,0,10
2026-09-12T04:14:40.818895000Z,12.0662,119.8401,Cloud to Ground,-13521,0,5
2026-09-12T04:14:40.970749528Z,12.075821,119.851507,Cloud to Cloud,9335,19663,7
2026-09-12T04:14:45.210465128Z,10.497636,123.358106,Cloud to Cloud,20007,18821,9
2026-09-12T04:14:47.762759979Z,2.170656,112.432736,Cloud to Ground,15007,0,9
2026-09-12T04:14:47.694194181Z,12.041069,120.246633,Cloud to Cloud,13857,14826,8
2026-09-12T04:14:47.660796000Z,12.1293,120.2261,Cloud to Ground,1334,0,5
2026-09-12T04:14:48.959684400Z,12.203725,123.613078,Cloud to Cloud,10781,5484,9
2026-09-12T04:14:48.752017195Z,12.13081,123.651899,Cloud to Cloud,16177,9225,9
2026-09-12T04:14:51.924301801Z,9.627346,124.059007,Cloud to Ground,-19714,0,7
2026-09-12T04:14:52.300949000Z,9.6342,124.0995,Cloud to Ground,15657,0,7
2026-09-12T04:14:52.215651953Z,9.652569,124.06012,Cloud to Ground,17354,0,8
2026-09-12T04:14:53.568853214Z,10.524804,110.297538,Cloud to Cloud,-11609,4375,8
2026-09-12T04:14:53.537478000Z,10.5443,110.3909,Cloud to Ground,-174105,0,11
2026-09-12T04:14:54.173608885Z,22.408224,118.245877,Cloud to Cloud,-20523,7131,6
2026-09-12T04:14:53.840375755Z,22.360745,118.211467,Cloud to Cloud,7428,7258,5
2026-09-12T04:14:53.855344361Z,22.333356,118.185239,Cloud to Cloud,7854,7544,5
2026-09-12T04:14:54.141116000Z,10.5793,123.3677,Cloud to Ground,-11130,0,6
2026-09-12T04:15:00.604051000Z,8.8959,125.5652,Cloud to Ground,-22254,0,7
2026-09-12T04:15:00.673517000Z,8.834,125.5085,Cloud to Ground,-16517,0,12
2026-09-12T04:15:05.526373105Z,11.849701,123.924285,Cloud to Cloud,18547,3390,8
2026-09-12T04:15:06.884141091Z,11.212719,125.322605,Cloud to Ground,-25467,0,21
2026-09-12T04:15:12.792625000Z,10.4909,123.8975,Cloud to Ground,1833,0,5
2026-09-12T04:15:12.769483000Z,10.4168,123.7572,Cloud to Ground,-1339,0,5
2026-09-12T04:15:15.726225000Z,9.6899,123.9973,Cloud to Ground,-2207,0,5
2026-09-12T04:15:21.865929398Z,10.364636,123.93555,Cloud to Cloud,7283,13748,6
2026-09-12T04:15:21.800934939Z,10.354065,123.931502,Cloud to Cloud,27932,19176,9
2026-09-12T04:15:23.898127950Z,10.440427,123.362114,Cloud to Ground,19194,0,7
2026-09-12T04:15:30.624486000Z,9.7617,122.4892,Cloud to Ground,-23765,0,10
2026-09-12T04:15:30.880843000Z,10.5983,123.3839,Cloud to Ground,-533,0,6
2026-09-12T04:15:33.708102869Z,2.372775,117.771992,Cloud to Ground,16561,0,10
2026-09-12T04:15:33.615156571Z,2.3728,117.777741,Cloud to Ground,18498,0,12
2026-09-12T04:15:33.772776636Z,2.37874,117.786696,Cloud to Ground,23920,0,14
2026-09-12T04:15:33.554433837Z,2.346403,117.795688,Cloud to Ground,35864,0,17
2026-09-12T04:15:33.455795789Z,2.37251,117.786565,Cloud to Ground,36247,0,24
2026-09-12T04:15:33.615674374Z,2.449339,117.721979,Cloud to Cloud,-13110,13766,15
2026-09-12T04:15:33.207433564Z,5.414884,110.994745,Cloud to Cloud,30861,7939,12
2026-09-12T04:15:34.700773131Z,1.600736,110.881313,Cloud to Ground,-24734,0,14
2026-09-12T04:15:34.702415978Z,1.653629,110.8471,Cloud to Ground,-20974,0,16
2026-09-12T04:15:36.887932021Z,22.390749,118.201968,Cloud to Cloud,-6590,7211,5
2026-09-12T04:15:36.862126403Z,22.395703,118.223241,Cloud to Cloud,3579,7777,5
2026-09-12T04:15:36.865508577Z,22.375992,118.195655,Cloud to Cloud,5742,7357,5
2026-09-12T04:15:36.875317567Z,22.381323,118.196912,Cloud to Cloud,6856,7286,5
2026-09-12T04:15:36.867136511Z,22.365454,118.19008,Cloud to Cloud,7441,7582,6
2026-09-12T04:15:37.310243761Z,22.349553,118.179343,Cloud to Cloud,9301,8148,6
2026-09-12T04:15:36.863820955Z,22.409217,118.233822,Cloud to Cloud,20580,7305,7
2026-09-12T04:15:37.896661708Z,4.981848,110.371443,Cloud to Ground,33254,0,31
2026-09-12T04:15:37.742172000Z,5.1563,110.38,Cloud to Ground,-18598,0,6
2026-09-12T04:15:37.448710223Z,5.086408,110.416636,Cloud to Ground,-12951,0,7
2026-09-12T04:15:37.442087599Z,5.143422,110.30897,Cloud to Cloud,17042,3221,16
2026-09-12T04:15:37.437076264Z,5.124147,110.339364,Cloud to Ground,36715,0,13
2026-09-12T04:15:38.329220000Z,4.7461,110.1621,Cloud to Ground,10772,0,8
2026-09-12T04:15:41.984197732Z,9.730557,124.161187,Cloud to Ground,20069,0,7
2026-09-12T04:15:41.988532698Z,12.065794,123.636755,Cloud to Ground,-26019,0,12
2026-09-12T04:15:41.955175186Z,11.94707,123.737766,Cloud to Cloud,24848,6753,10
2026-09-12T04:15:41.997716000Z,9.6591,124.0397,Cloud to Ground,10345,0,6
2026-09-12T04:15:42.366710013Z,9.609836,124.109552,Cloud to Cloud,16171,3141,8
2026-09-12T04:15:49.383853787Z,12.052924,119.889449,Cloud to Ground,54061,0,8
2026-09-12T04:15:49.670664519Z,10.221716,123.822251,Cloud to Cloud,16463,12575,6
2026-09-12T04:15:53.999737609Z,2.410026,117.733578,Cloud to Cloud,-12745,5946,9
2026-09-12T04:15:53.396116963Z,9.946064,124.405604,Cloud to Ground,-32316,0,9
2026-09-12T04:15:53.468699000Z,9.9513,124.3426,Cloud to Ground,-16856,0,6
2026-09-12T04:15:53.542553681Z,9.963415,124.307558,Cloud to Ground,-13393,0,21
2026-09-12T04:15:53.583169000Z,10.0014,124.3263,Cloud to Ground,-8925,0,5
2026-09-12T04:15:57.993443000Z,10.2443,124.8867,Cloud to Ground,7641,0,5
2026-09-12T04:16:05.487460664Z,2.440992,117.743268,Cloud to Cloud,-13117,3015,12
2026-09-12T04:16:05.587246971Z,2.384576,117.757305,Cloud to Ground,-11765,0,6
2026-09-12T04:16:05.449274108Z,2.450609,117.755969,Cloud to Ground,-9468,0,8
2026-09-12T04:16:06.449570761Z,12.102511,120.036664,Cloud to Cloud,13667,19938,7
2026-09-12T04:16:09.363427428Z,2.385892,117.741458,Cloud to Ground,-11201,0,6
2026-09-12T04:16:12.711915529Z,9.718166,122.516841,Cloud to Ground,-56705,0,11
2026-09-12T04:16:12.935213212Z,9.71917,122.520903,Cloud to Ground,-35551,0,11
2026-09-12T04:16:12.687760719Z,9.713112,122.501376,Cloud to Ground,-21565,0,9
2026-09-12T04:16:13.127645306Z,9.717061,122.521492,Cloud to Ground,-19952,0,7
2026-09-12T04:16:12.794675421Z,9.717681,122.516612,Cloud to Ground,-19750,0,8
2026-09-12T04:16:14.719216982Z,2.462151,117.754794,Cloud to Ground,-8095,0,7
2026-09-12T04:16:16.446710007Z,12.157813,123.671261,Cloud to Cloud,22125,9492,8
2026-09-12T04:16:22.256691359Z,9.941779,124.400453,Cloud to Ground,-27846,0,7
2026-09-12T04:16:22.177661000Z,10.0308,124.3703,Cloud to Ground,-19619,0,5
2026-09-12T04:16:22.960734000Z,2.4158,117.7078,Cloud to Ground,-21278,0,5
2026-09-12T04:16:26.445708877Z,2.356826,117.772329,Cloud to Ground,11586,0,9
2026-09-12T04:16:26.514119261Z,2.379037,117.797656,Cloud to Ground,23634,0,15
2026-09-12T04:16:26.412812871Z,2.361276,117.77975,Cloud to Ground,37587,0,21
2026-09-12T04:16:26.708110383Z,2.350904,117.77352,Cloud to Ground,122186,0,26
2026-09-12T04:16:28.220089465Z,16.947224,111.862807,Cloud to Cloud,8373,19710,6
2026-09-12T04:16:33.002737000Z,9.7549,122.4591,Cloud to Ground,-24647,0,11
2026-09-12T04:16:32.935868268Z,9.724746,122.506833,Cloud to Ground,-20401,0,8
2026-09-12T04:16:32.820163313Z,10.776821,124.827884,Cloud to Cloud,-12531,5962,10
2026-09-12T04:16:32.847339981Z,10.801974,124.772441,Cloud to Ground,15460,0,9
2026-09-12T04:16:33.237223000Z,10.5216,110.3941,Cloud to Ground,-39274,0,5
2026-09-12T04:16:33.288370331Z,10.478044,110.278028,Cloud to Cloud,10836,17376,8
2026-09-12T04:16:33.277985791Z,10.489388,110.311373,Cloud to Ground,23839,0,9
2026-09-12T04:16:33.244506000Z,10.5108,110.3873,Cloud to Ground,28948,0,7
2026-09-12T04:16:33.208161005Z,10.568947,110.367335,Cloud to Ground,255085,0,9
2026-09-12T04:16:37.549663000Z,10.5755,123.3532,Cloud to Ground,15668,0,7
2026-09-12T04:16:38.890524000Z,9.9699,124.4112,Cloud to Ground,-13445,0,5
2026-09-12T04:16:38.940937000Z,9.9686,124.4415,Cloud to Ground,-5350,0,5
2026-09-12T04:16:40.881430784Z,11.247121,110.838165,Cloud to Ground,-11286,0,7
2026-09-12T04:16:40.809571599Z,11.249477,110.82385,Cloud to Ground,8988,0,8
2026-09-12T04:16:40.619289667Z,11.266025,110.877287,Cloud to Ground,20555,0,7
2026-09-12T04:16:45.407328613Z,11.967629,119.899965,Cloud to Cloud,14530,15332,9
2026-09-12T04:16:45.052830285Z,12.012804,119.932336,Cloud to Ground,28152,0,6
2026-09-12T04:16:45.054640961Z,12.074961,119.876367,Cloud to Cloud,31939,4806,8
2026-09-12T04:16:45.787373918Z,22.340852,118.185525,Cloud to Cloud,-6328,8562,5
2026-09-12T04:16:45.962993503Z,22.377345,118.200977,Cloud to Cloud,4971,7228,6
2026-09-12T04:16:45.723109426Z,22.317088,118.173758,Cloud to Cloud,6714,13048,6
2026-09-12T04:16:45.678994292Z,22.35621,118.191753,Cloud to Cloud,8215,7194,6
2026-09-12T04:16:45.672853407Z,22.385637,118.2139,Cloud to Cloud,10901,6891,8
2026-09-12T04:16:45.131789761Z,10.400271,123.766549,Cloud to Ground,-15830,0,8
2026-09-12T04:16:45.256704000Z,10.3177,123.7091,Cloud to Ground,-7191,0,5
2026-09-12T04:16:47.430069191Z,10.85247,124.884443,Cloud to Ground,28667,0,13
2026-09-12T04:16:50.948063053Z,12.014285,120.327386,Cloud to Cloud,17136,14338,7
2026-09-12T04:16:51.186795944Z,12.131426,120.30179,Cloud to Ground,-11051,0,9
2026-09-12T04:16:51.692438000Z,10.8496,124.7732,Cloud to Ground,6485,0,8
2026-09-12T04:16:53.971418893Z,9.703144,123.983646,Cloud to Ground,-151716,0,15
2026-09-12T04:16:54.069843214Z,9.635163,124.040707,Cloud to Ground,-44405,0,11
2026-09-12T04:16:54.061733578Z,9.640083,124.047398,Cloud to Ground,-37620,0,15
2026-09-12T04:16:54.111888019Z,9.644111,124.065837,Cloud to Ground,-33293,0,10
2026-09-12T04:16:54.510891000Z,9.6016,123.9967,Cloud to Ground,-15771,0,6
2026-09-12T04:16:53.977826000Z,9.6761,123.9901,Cloud to Ground,7309,0,6
2026-09-12T04:16:54.109125707Z,9.651126,124.062072,Cloud to Ground,22874,0,8
2026-09-12T04:16:54.661106562Z,2.417376,117.722804,Cloud to Ground,-15402,0,14
2026-09-12T04:16:59.512331315Z,12.096749,120.050039,Cloud to Cloud,-16526,19591,6
2026-09-12T04:17:02.831437056Z,10.340558,125.067577,Cloud to Cloud,-22790,4170,9
2026-09-12T04:17:02.663682385Z,10.361372,125.091019,Cloud to Ground,43682,0,29
2026-09-12T04:17:02.782295740Z,10.004237,124.363162,Cloud to Ground,-29862,0,15
2026-09-12T04:17:02.861218000Z,9.9249,124.3752,Cloud to Ground,-27185,0,6
2026-09-12T04:17:02.986644000Z,9.9456,124.363,Cloud to Ground,-20752,0,5
2026-09-12T04:17:03.007624645Z,9.880166,124.465082,Cloud to Cloud,-42861,18388,9
2026-09-12T04:17:03.638356422Z,2.343783,117.76496,Cloud to Ground,31107,0,14
2026-09-12T04:17:05.781448071Z,10.832731,124.901091,Cloud to Ground,-18590,0,8
2026-09-12T04:17:05.344253663Z,10.815985,124.764792,Cloud to Cloud,-16343,19388,7
2026-09-12T04:17:13.948730398Z,10.235248,123.829578,Cloud to Cloud,14159,10921,8
2026-09-12T04:17:16.572988000Z,11.8551,123.7653,Cloud to Ground,-63749,0,7
2026-09-12T04:17:17.935489197Z,10.00696,124.339285,Cloud to Ground,-32633,0,13
2026-09-12T04:17:17.994692412Z,9.941127,124.396874,Cloud to Ground,-19677,0,8
2026-09-12T04:17:20.741668630Z,11.216202,119.361612,Cloud to Ground,-31072,0,10
2026-09-12T04:17:20.805812923Z,11.195164,119.399583,Cloud to Ground,-20707,0,8
2026-09-12T04:17:20.724141579Z,11.095447,119.429881,Cloud to Cloud,-19289,19434,9
2026-09-12T04:17:22.826690971Z,5.461993,110.91146,Cloud to Ground,8792,0,6
2026-09-12T04:17:23.444080395Z,5.337139,111.057842,Cloud to Ground,13469,0,6
2026-09-12T04:17:27.449757067Z,2.364744,117.665104,Cloud to Ground,-52960,0,38
2026-09-12T04:17:28.147892742Z,2.393357,117.703409,Cloud to Ground,-20361,0,16
2026-09-12T04:17:27.770346626Z,2.35253,117.742761,Cloud to Ground,12969,0,16
2026-09-12T04:17:27.488820991Z,2.345337,117.748053,Cloud to Ground,20562,0,11
2026-09-12T04:17:27.513160060Z,2.352003,117.75,Cloud to Ground,29405,0,19
2026-09-12T04:17:27.573248892Z,2.347614,117.749468,Cloud to Ground,109881,0,26
2026-09-12T04:17:29.514485461Z,11.174734,125.426126,Cloud to Ground,-24519,0,7
2026-09-12T04:17:29.379842643Z,11.205481,125.431384,Cloud to Ground,-21409,0,8
2026-09-12T04:17:30.536411936Z,9.635502,122.564525,Cloud to Cloud,16493,5186,7
2026-09-12T04:17:30.202709972Z,9.709764,122.510892,Cloud to Ground,24339,0,8
2026-09-12T04:17:30.645239035Z,9.875658,124.485307,Cloud to Cloud,22976,4797,7
2026-09-12T04:17:30.681628000Z,9.9589,124.3177,Cloud to Ground,-17770,0,9
2026-09-12T04:17:34.094938000Z,10.8387,124.8044,Cloud to Ground,-7883,0,7
2026-09-12T04:17:39.084099490Z,10.224111,124.922905,Cloud to Ground,26967,0,13
2026-09-12T04:17:39.142620232Z,10.260193,124.822849,Cloud to Cloud,-9998,15749,8
2026-09-12T04:17:40.200818000Z,10.8809,124.8708,Cloud to Ground,-7351,0,8
2026-09-12T04:17:41.519254088Z,2.368299,117.738883,Cloud to Ground,-16225,0,7
2026-09-12T04:17:41.719060218Z,2.351188,117.728607,Cloud to Cloud,8755,3935,7
2026-09-12T04:17:54.730951187Z,11.878745,119.979019,Cloud to Ground,19573,0,7
2026-09-12T04:17:54.928934195Z,11.966789,119.908174,Cloud to Ground,-16503,0,8
2026-09-12T04:17:55.384517531Z,2.349187,117.76445,Cloud to Ground,-12951,0,9
2026-09-12T04:17:55.203440398Z,2.361137,117.800818,Cloud to Ground,19767,0,13
2026-09-12T04:17:55.309494511Z,2.365822,117.803629,Cloud to Ground,23102,0,13
2026-09-12T04:17:55.024615191Z,12.037126,119.99481,Cloud to Ground,-53623,0,12
2026-09-12T04:17:55.483649558Z,12.090033,120.035281,Cloud to Cloud,13148,13299,8
2026-09-12T04:18:02.227126000Z,9.9653,124.3606,Cloud to Ground,11460,0,6
2026-09-12T04:18:02.026174000Z,10.3039,123.7589,Cloud to Ground,14187,0,5
2026-09-12T04:18:04.873695191Z,2.430499,117.718119,Cloud to Ground,-14302,0,16
2026-09-12T04:18:06.945908000Z,9.6456,124.0221,Cloud to Ground,8414,0,6
2026-09-12T04:18:10.743490958Z,10.367831,125.111818,Cloud to Ground,24193,0,17
2026-09-12T04:18:10.796103000Z,10.2797,124.9947,Cloud to Ground,10470,0,8
2026-09-12T04:18:15.849043976Z,2.205045,112.589583,Cloud to Ground,49145,0,17
2026-09-12T04:18:16.895517906Z,10.832611,124.883815,Cloud to Ground,28947,0,13
2026-09-12T04:18:17.730807000Z,9.979,124.3224,Cloud to Ground,-30230,0,7
2026-09-12T04:18:17.675581323Z,10.009614,124.382799,Cloud to Ground,-22376,0,22
2026-09-12T04:18:17.685615137Z,9.954294,124.397349,Cloud to Cloud,20393,3009,7
2026-09-12T04:18:23.703032613Z,10.378777,123.934205,Cloud to Cloud,23657,8896,7
2026-09-12T04:18:23.679669000Z,10.4383,123.8072,Cloud to Ground,-7492,0,5
2026-09-12T04:18:24.915460862Z,2.340954,117.76203,Cloud to Ground,28087,0,13
2026-09-12T04:18:24.575915533Z,2.351374,117.777922,Cloud to Ground,87477,0,31
2026-09-12T04:18:26.152803000Z,10.571,110.3575,Cloud to Ground,-32074,0,6
2026-09-12T04:18:26.149078778Z,10.497545,110.343771,Cloud to Cloud,-12069,11924,8
2026-09-12T04:18:25.987984350Z,10.507783,110.325454,Cloud to Ground,46518,0,6
2026-09-12T04:18:26.045906594Z,9.657296,124.063358,Cloud to Ground,30160,0,7
2026-09-12T04:18:27.583272896Z,9.970182,124.432344,Cloud to Ground,20033,0,7
2026-09-12T04:18:27.149437674Z,21.010526,119.365115,Cloud to Ground,22382,0,12
2026-09-12T04:18:27.304828474Z,12.138046,123.666157,Cloud to Cloud,15830,19786,10
2026-09-12T04:18:27.303893696Z,12.124898,123.681583,Cloud to Ground,35885,0,13
2026-09-12T04:18:30.858625408Z,10.780976,124.882725,Cloud to Cloud,13620,15210,7
2026-09-12T04:18:34.663461516Z,9.939307,124.325326,Cloud to Ground,17191,0,11
2026-09-12T04:18:34.194149865Z,19.061534,115.246195,Cloud to Ground,-50325,0,11
2026-09-12T04:18:34.309445120Z,19.09463,115.271483,Cloud to Ground,-11510,0,6
2026-09-12T04:18:36.846964847Z,10.336003,123.789508,Cloud to Ground,-19305,0,7
2026-09-12T04:18:36.580106000Z,10.341,123.7355,Cloud to Ground,-12735,0,6
2026-09-12T04:18:38.735188186Z,11.966969,119.946929,Cloud to Cloud,16344,9965,7
2026-09-12T04:18:42.695194891Z,2.411054,117.715734,Cloud to Ground,-16196,0,7
2026-09-12T04:18:42.568203417Z,2.43047,117.752304,Cloud to Cloud,-11320,3629,10
2026-09-12T04:18:42.632082264Z,2.435026,117.71272,Cloud to Ground,-10686,0,10
2026-09-12T04:18:43.851174400Z,12.149321,119.979651,Cloud to Ground,-42135,0,9
2026-09-12T04:18:43.961161891Z,12.17091,119.984315,Cloud to Ground,-18415,0,11
2026-09-12T04:18:43.828751604Z,12.077565,120.029482,Cloud to Cloud,-15536,19784,8
2026-09-12T04:18:43.828138788Z,12.107956,120.00467,Cloud to Cloud,12373,7392,6
2026-09-12T04:18:43.050919000Z,11.9315,123.8399,Cloud to Ground,9315,0,5
2026-09-12T04:18:46.436311483Z,22.291754,118.178794,Cloud to Ground,-8438,0,5
2026-09-12T04:18:46.356242859Z,22.356169,118.171675,Cloud to Cloud,8481,7395,6
2026-09-12T04:18:46.358107142Z,22.331282,118.160376,Cloud to Ground,19942,0,8
2026-09-12T04:18:49.868743070Z,2.370765,117.72741,Cloud to Ground,45031,0,22
2026-09-12T04:18:55.910785000Z,9.9404,124.3255,Cloud to Ground,1574,0,5
2026-09-12T04:18:56.878207000Z,12.2437,119.9212,Cloud to Ground,-10759,0,11
2026-09-12T04:18:56.876756000Z,12.2204,119.91,Cloud to Ground,2109,0,5
2026-09-12T04:18:56.875973549Z,12.168995,119.974531,Cloud to Cloud,19097,17650,7
2026-09-12T04:18:56.874951099Z,12.169034,119.964886,Cloud to Cloud,24738,15867,8
2026-09-12T04:18:59.123236997Z,2.403452,117.724059,Cloud to Ground,-24177,0,23
2026-09-12T04:18:59.055353439Z,2.406703,117.728063,Cloud to Ground,-15145,0,17
2026-09-12T04:18:58.952077477Z,2.348511,117.769414,Cloud to Ground,-11828,0,9
2026-09-12T04:18:58.973504349Z,2.351122,117.772052,Cloud to Ground,12213,0,9
2026-09-12T04:19:04.674578000Z,10.3907,125.0349,Cloud to Ground,-13355,0,8
2026-09-12T04:19:05.994483075Z,5.382269,110.987626,Cloud to Ground,-29920,0,7
2026-09-12T04:19:05.989396239Z,5.363642,110.99184,Cloud to Ground,-9386,0,5
2026-09-12T04:19:08.279109899Z,10.723231,124.842545,Cloud to Cloud,23405,14962,8
2026-09-12T04:19:10.678416151Z,16.393311,114.157344,Cloud to Ground,10803,0,6
2026-09-12T04:19:10.680697689Z,16.380728,114.070532,Cloud to Ground,12328,0,7
2026-09-12T04:19:11.345950306Z,2.388574,117.761655,Cloud to Ground,-23661,0,27
2026-09-12T04:19:11.213304472Z,2.401212,117.731777,Cloud to Cloud,-12554,16145,8
2026-09-12T04:19:11.362939236Z,11.206314,125.344675,Cloud to Ground,-17569,0,16
2026-09-12T04:19:12.632236000Z,9.9709,124.3994,Cloud to Ground,9724,0,7
2026-09-12T04:19:12.523882115Z,9.940921,124.420097,Cloud to Ground,39291,0,11
2026-09-12T04:19:17.676051000Z,9.7428,122.4615,Cloud to Ground,-68571,0,6
2026-09-12T04:19:17.663396400Z,9.723151,122.500268,Cloud to Ground,-34024,0,16
2026-09-12T04:19:17.664161305Z,9.728223,122.509051,Cloud to Cloud,-32860,19650,12
2026-09-12T04:19:17.846222000Z,9.736,122.5113,Cloud to Ground,-30360,0,5
2026-09-12T04:19:17.753317500Z,9.775177,122.42073,Cloud to Ground,-22333,0,24
2026-09-12T04:19:18.201234722Z,10.468307,123.828986,Cloud to Ground,-31424,0,9
2026-09-12T04:19:18.110116544Z,10.486966,123.850025,Cloud to Ground,-22720,0,7
2026-09-12T04:19:18.490952565Z,10.464401,123.706901,Cloud to Ground,-15891,0,14
2026-09-12T04:19:18.038211000Z,10.4858,123.7575,Cloud to Ground,-14867,0,5
2026-09-12T04:19:18.234348641Z,10.456969,123.83947,Cloud to Ground,40433,0,8
2026-09-12T04:19:18.151084536Z,10.433578,123.851045,Cloud to Ground,45177,0,9
2026-09-12T04:19:22.335386935Z,9.965804,124.381416,Cloud to Ground,15426,0,9
2026-09-12T04:19:22.312674312Z,9.899928,124.408436,Cloud to Cloud,16669,14355,7
2026-09-12T04:19:22.352661504Z,9.893034,124.410122,Cloud to Cloud,21720,13512,8
2026-09-12T04:19:26.389657702Z,11.21877,119.373564,Cloud to Cloud,-16896,3000,8
2026-09-12T04:19:26.283487094Z,11.137941,119.453455,Cloud to Cloud,7449,15913,7
2026-09-12T04:19:27.456308000Z,2.3408,117.7589,Cloud to Ground,9876,0,5
2026-09-12T04:19:27.430159392Z,2.346268,117.795391,Cloud to Ground,68179,0,30
2026-09-12T04:19:28.913506930Z,9.931981,124.295647,Cloud to Cloud,18944,12715,8
2026-09-12T04:19:29.677843643Z,10.330589,123.809547,Cloud to Ground,24824,0,10
2026-09-12T04:19:32.625030270Z,2.365395,117.764021,Cloud to Ground,12538,0,11
2026-09-12T04:19:34.326023304Z,12.04269,120.069715,Cloud to Cloud,-18874,16883,8
2026-09-12T04:19:34.176053204Z,12.16188,119.975538,Cloud to Ground,-79984,0,10
2026-09-12T04:19:34.323591059Z,12.158757,119.979476,Cloud to Ground,-40237,0,11
2026-09-12T04:19:35.721360870Z,10.05914,124.290787,Cloud to Cloud,19464,3016,7
2026-09-12T04:19:36.467853899Z,2.435621,117.709353,Cloud to Ground,-19350,0,15
2026-09-12T04:19:38.624644000Z,10.2925,123.7909,Cloud to Ground,13676,0,8
2026-09-12T04:19:41.574421000Z,9.959,124.3371,Cloud to Ground,-28417,0,5
2026-09-12T04:19:41.531962632Z,9.97596,124.365069,Cloud to Ground,-25710,0,8
2026-09-12T04:19:44.955977186Z,5.629769,111.271114,Cloud to Ground,-180885,0,12
2026-09-12T04:19:44.995417749Z,5.606926,111.287436,Cloud to Cloud,-39871,7839,12
2026-09-12T04:19:44.912187939Z,5.571833,111.276999,Cloud to Ground,24030,0,16
2026-09-12T04:19:44.874930988Z,5.625648,111.300733,Cloud to Ground,31046,0,8
2026-09-12T04:19:44.903960162Z,10.461133,123.799345,Cloud to Ground,-15349,0,16
2026-09-12T04:19:44.772904000Z,10.3772,123.7498,Cloud to Ground,-21921,0,5
2026-09-12T04:19:45.470471769Z,9.686103,124.02625,Cloud to Cloud,-16149,3615,14
2026-09-12T04:19:45.439851255Z,16.002783,114.052984,Cloud to Ground,-17822,0,9
2026-09-12T04:19:45.352753857Z,15.998513,114.050054,Cloud to Ground,46417,0,13
2026-09-12T04:19:47.871393751Z,2.355083,117.756304,Cloud to Ground,-17555,0,14
2026-09-12T04:19:52.605406971Z,9.909891,124.425476,Cloud to Ground,16379,0,9
2026-09-12T04:19:52.259299356Z,2.243443,112.591979,Cloud to Ground,-23366,0,9
2026-09-12T04:19:52.257476321Z,2.207617,112.590861,Cloud to Ground,-15517,0,9
2026-09-12T04:19:54.386353311Z,1.774423,111.374768,Cloud to Ground,-15272,0,6
2026-09-12T04:19:54.447329114Z,1.794982,111.391399,Cloud to Ground,19434,0,7
2026-09-12T04:19:56.018749491Z,10.861595,124.768479,Cloud to Ground,-27854,0,23
2026-09-12T04:19:56.052156457Z,10.839407,124.881635,Cloud to Ground,27585,0,10
2026-09-12T04:19:57.850741476Z,10.311931,123.767115,Cloud to Ground,-18569,0,8
2026-09-12T04:19:57.926305947Z,10.385642,123.752043,Cloud to Ground,-16333,0,14
2026-09-12T04:19:57.742996578Z,10.358082,123.706572,Cloud to Ground,-12202,0,10
2026-09-12T04:20:00.253627786Z,2.378901,117.797728,Cloud to Ground,-12110,0,9
2026-09-12T04:20:00.177244616Z,2.41262,117.719149,Cloud to Ground,-11301,0,10
2026-09-12T04:20:00.506314288Z,2.397607,117.8328,Cloud to Ground,11217,0,6
2026-09-12T04:20:00.529457465Z,2.39544,117.833832,Cloud to Ground,17959,0,13
2026-09-12T04:20:00.264762888Z,2.40449,117.839879,Cloud to Ground,25252,0,18
2026-09-12T04:20:00.120729000Z,9.9634,124.4091,Cloud to Ground,46847,0,8
2026-09-12T04:20:01.605346000Z,10.2089,124.8372,Cloud to Ground,-48209,0,5
2026-09-12T04:20:01.354905000Z,10.2203,124.8818,Cloud to Ground,-32706,0,5
2026-09-12T04:20:04.121501000Z,9.9689,124.345,Cloud to Ground,-6464,0,5
2026-09-12T04:20:09.723193000Z,10.0133,124.4624,Cloud to Ground,19645,0,6
2026-09-12T04:20:09.598743000Z,11.2503,125.3088,Cloud to Ground,-32091,0,5
2026-09-12T04:20:10.633239666Z,10.444553,125.037524,Cloud to Ground,-42073,0,24
2026-09-12T04:20:10.536336155Z,10.36135,125.060291,Cloud to Ground,-35843,0,11
2026-09-12T04:20:10.466440218Z,10.332154,125.096293,Cloud to Ground,-33406,0,9
2026-09-12T04:20:10.478827558Z,10.437068,125.014766,Cloud to Ground,-29069,0,22
2026-09-12T04:20:10.567981639Z,10.458479,125.041286,Cloud to Ground,-22122,0,13
2026-09-12T04:20:10.497845942Z,10.339163,125.012674,Cloud to Cloud,-11177,19126,8
2026-09-12T04:20:12.584967000Z,2.4587,117.6713,Cloud to Ground,-17044,0,5
2026-09-12T04:20:13.610579568Z,10.391825,123.871393,Cloud to Cloud,33614,18791,10
2026-09-12T04:20:20.798979802Z,2.351084,117.743646,Cloud to Ground,17507,0,14
2026-09-12T04:20:20.960393751Z,2.358249,117.749708,Cloud to Ground,23639,0,12
2026-09-12T04:20:20.728583896Z,2.356603,117.781167,Cloud to Ground,27870,0,16
2026-09-12T04:20:20.020859266Z,9.95324,124.432458,Cloud to Ground,28710,0,9
2026-09-12T04:20:25.861904000Z,9.817,124.1005,Cloud to Ground,-1631,0,6
2026-09-12T04:20:29.978678647Z,10.626406,123.231676,Cloud to Ground,-43696,0,22
2026-09-12T04:20:30.293041000Z,10.5252,123.2869,Cloud to Ground,-27060,0,5
2026-09-12T04:20:30.359992591Z,10.613726,123.310378,Cloud to Ground,-15175,0,12
2026-09-12T04:20:30.401592458Z,10.528261,123.313797,Cloud to Ground,16793,0,7
2026-09-12T04:20:37.908182909Z,9.653308,124.05062,Cloud to Cloud,-10438,19135,11
2026-09-12T04:20:37.090166664Z,11.85998,123.834195,Cloud to Cloud,17440,4212,10
2026-09-12T04:20:37.094192000Z,11.9614,123.7709,Cloud to Ground,9663,0,8
2026-09-12T04:20:37.920202000Z,10.3376,123.8434,Cloud to Ground,-26061,0,6
2026-09-12T04:20:38.536435000Z,10.3987,123.7588,Cloud to Ground,-22039,0,9
2026-09-12T04:20:38.117692000Z,10.4375,123.7948,Cloud to Ground,-21744,0,6
2026-09-12T04:20:38.637180000Z,10.4034,123.7797,Cloud to Ground,-21062,0,8
2026-09-12T04:20:38.048440304Z,10.354595,123.707651,Cloud to Cloud,-20250,6850,15
2026-09-12T04:20:37.990271915Z,10.368683,123.820083,Cloud to Ground,62701,0,25
2026-09-12T04:20:38.260013021Z,10.356663,123.828779,Cloud to Ground,64671,0,9
2026-09-12T04:20:38.062278342Z,10.56877,110.345923,Cloud to Ground,35716,0,10
2026-09-12T04:20:41.615522167Z,12.450646,112.768103,Cloud to Ground,10490,0,7
2026-09-12T04:20:41.624722868Z,12.414293,112.694659,Cloud to Ground,12474,0,8
2026-09-12T04:20:41.616656787Z,12.406805,112.66089,Cloud to Ground,15281,0,8
2026-09-12T04:20:41.692492193Z,12.442477,112.676315,Cloud to Ground,24142,0,9
2026-09-12T04:20:41.613255511Z,12.420364,112.704748,Cloud to Ground,26866,0,6
2026-09-12T04:20:41.614097166Z,12.456421,112.761972,Cloud to Cloud,51301,3004,8
2026-09-12T04:20:41.594628068Z,10.013307,124.404599,Cloud to Ground,20469,0,13
2026-09-12T04:20:43.018077458Z,2.382024,117.771447,Cloud to Ground,-30648,0,16
2026-09-12T04:20:43.017092961Z,2.451539,117.738549,Cloud to Ground,22932,0,19
2026-09-12T04:20:42.840557080Z,2.446005,117.753477,Cloud to Ground,36828,0,19
2026-09-12T04:20:45.432711967Z,9.965408,124.334619,Cloud to Ground,-14433,0,17
2026-09-12T04:20:45.627523000Z,9.9256,124.4089,Cloud to Ground,15197,0,6
2026-09-12T04:20:46.570140533Z,12.159171,119.981822,Cloud to Ground,-22522,0,10
2026-09-12T04:20:46.506285000Z,12.1729,119.9247,Cloud to Ground,-9135,0,7
2026-09-12T04:20:46.099803677Z,10.38799,123.909373,Cloud to Cloud,14286,10652,7
2026-09-12T04:20:52.531289812Z,1.808654,111.357719,Cloud to Ground,40768,0,8
2026-09-12T04:20:52.600131000Z,10.004,124.4665,Cloud to Ground,476,0,5
2026-09-12T04:20:54.548955802Z,2.357913,117.73439,Cloud to Ground,16201,0,19
2026-09-12T04:20:54.921799776Z,2.451053,117.710407,Cloud to Cloud,-10806,3030,12
2026-09-12T04:20:55.790435400Z,5.47522,110.985144,Cloud to Cloud,29733,10513,10
2026-09-12T04:20:55.519754222Z,5.449051,110.971939,Cloud to Ground,35440,0,9
2026-09-12T04:20:55.520238756Z,5.430029,110.97936,Cloud to Cloud,37421,3296,12
2026-09-12T04:20:58.620124050Z,13.749079,123.748849,Cloud to Ground,-62370,0,14
2026-09-12T04:20:58.643126700Z,13.670763,123.765727,Cloud to Cloud,17311,12893,7
2026-09-12T04:20:58.621738524Z,13.655483,123.84553,Cloud to Cloud,20342,3657,8
2026-09-12T04:20:59.897285687Z,16.302353,114.117954,Cloud to Cloud,-8508,3025,8
2026-09-12T04:20:59.901153346Z,16.220007,114.168483,Cloud to Cloud,-18141,3032,7
2026-09-12T04:20:59.755033000Z,16.4287,114.095,Cloud to Ground,-13687,0,10
2026-09-12T04:21:00.124138686Z,16.399737,114.141568,Cloud to Ground,-6994,0,8
2026-09-12T04:20:59.758688387Z,16.426297,114.062325,Cloud to Ground,8645,0,6
2026-09-12T04:20:59.753585639Z,16.404475,114.147632,Cloud to Ground,15049,0,11
2026-09-12T04:21:03.427599254Z,2.364619,117.73993,Cloud to Ground,12926,0,20
2026-09-12T04:21:03.796048031Z,2.361447,117.742785,Cloud to Ground,15395,0,11
2026-09-12T04:21:03.561579687Z,2.362885,117.751496,Cloud to Ground,16177,0,8
2026-09-12T04:21:03.513445590Z,2.364087,117.735124,Cloud to Ground,20372,0,24
2026-09-12T04:21:03.733001602Z,2.362022,117.73427,Cloud to Ground,21115,0,8
2026-09-12T04:21:03.865121499Z,2.35929,117.742309,Cloud to Ground,22512,0,16
2026-09-12T04:21:03.487062951Z,2.353466,117.737506,Cloud to Ground,30416,0,14
2026-09-12T04:21:03.560770679Z,2.366765,117.750782,Cloud to Ground,34830,0,20
2026-09-12T04:21:03.851113412Z,10.802588,124.874938,Cloud to Cloud,20710,11555,8
2026-09-12T04:21:07.668534000Z,9.9742,124.3109,Cloud to Ground,15861,0,5
2026-09-12T04:21:08.740320449Z,12.061955,119.865257,Cloud to Cloud,-12734,4486,11
2026-09-12T04:21:08.733583083Z,12.001573,119.926614,Cloud to Cloud,14861,19100,7
2026-09-12T04:21:08.661444000Z,10.0092,124.3357,Cloud to Ground,6343,0,7
2026-09-12T04:21:10.194557000Z,9.763,122.4729,Cloud to Ground,-6546,0,5
2026-09-12T04:21:10.153368164Z,9.716657,122.513854,Cloud to Ground,26068,0,14
2026-09-12T04:21:10.427875423Z,9.854082,122.36345,Cloud to Cloud,-22636,7546,8
2026-09-12T04:21:13.023291550Z,19.054019,115.217624,Cloud to Ground,-34371,0,12
2026-09-12T04:21:13.048934534Z,19.060097,115.21739,Cloud to Ground,-26077,0,8
2026-09-12T04:21:13.139034606Z,19.075396,115.267037,Cloud to Ground,-12684,0,8
2026-09-12T04:21:16.955357281Z,9.883387,124.457936,Cloud to Ground,23846,0,7
2026-09-12T04:21:16.495471000Z,11.2178,125.3878,Cloud to Ground,-9325,0,7
2026-09-12T04:21:16.362524532Z,11.249054,125.414718,Cloud to Cloud,34125,3000,12
2026-09-12T04:21:17.302604169Z,11.863005,120.048582,Cloud to Cloud,7784,19383,7
2026-09-12T04:21:18.661043486Z,12.101434,120.229035,Cloud to Cloud,-21260,17503,10
2026-09-12T04:21:18.659250069Z,11.992131,120.293851,Cloud to Cloud,19077,11593,6
2026-09-12T04:21:18.660293554Z,12.026795,120.277746,Cloud to Ground,22372,0,9
2026-09-12T04:21:18.839178000Z,10.3852,123.8484,Cloud to Ground,-8218,0,6
2026-09-12T04:21:20.986017633Z,2.37351,117.756051,Cloud to Ground,-23032,0,12
2026-09-12T04:21:23.016140000Z,10.4711,123.8088,Cloud to Ground,-6222,0,5
2026-09-12T04:21:28.101994000Z,10.3399,123.7692,Cloud to Ground,-27105,0,9
2026-09-12T04:21:29.017582514Z,2.353676,117.761308,Cloud to Ground,-7136,0,7
2026-09-12T04:21:30.682490146Z,9.910119,124.447275,Cloud to Cloud,9801,18841,7
2026-09-12T04:21:30.481688844Z,10.527437,110.356292,Cloud to Cloud,10484,18371,5
2026-09-12T04:21:30.477620753Z,10.520098,110.301583,Cloud to Ground,25471,0,7
2026-09-12T04:21:30.891144054Z,12.155375,119.97747,Cloud to Cloud,20347,19370,7
2026-09-12T04:21:33.512473999Z,2.389293,117.738724,Cloud to Ground,-20408,0,18
2026-09-12T04:21:33.573981125Z,2.427518,117.73435,Cloud to Ground,21602,0,9
2026-09-12T04:21:33.645135619Z,2.429715,117.732352,Cloud to Ground,28043,0,7
2026-09-12T04:21:33.461989669Z,2.437183,117.749341,Cloud to Ground,59707,0,28
2026-09-12T04:21:34.536470719Z,5.089095,110.437398,Cloud to Ground,-25278,0,8
2026-09-12T04:21:34.383236098Z,5.194122,110.430623,Cloud to Ground,-97632,0,11
2026-09-12T04:21:34.381558172Z,5.178077,110.417555,Cloud to Ground,-64153,0,13
2026-09-12T04:21:34.380077728Z,5.19771,110.332177,Cloud to Cloud,28063,7806,8
2026-09-12T04:21:34.540019028Z,4.9985,110.312061,Cloud to Ground,-13133,0,7
2026-09-12T04:21:34.309290719Z,11.910145,123.900591,Cloud to Cloud,33105,6116,12
2026-09-12T04:21:35.984866000Z,10.5043,123.2634,Cloud to Ground,-8211,0,7
2026-09-12T04:21:42.588832000Z,9.9841,124.3257,Cloud to Ground,626,0,6
2026-09-12T04:21:43.676052559Z,12.123264,123.670561,Cloud to Cloud,22139,12548,8
2026-09-12T04:21:47.491476433Z,10.357007,125.062853,Cloud to Ground,-111943,0,20
2026-09-12T04:21:47.598465736Z,10.446054,125.045841,Cloud to Ground,-78079,0,21
2026-09-12T04:21:47.724168000Z,10.3563,125.0398,Cloud to Ground,-41345,0,9
2026-09-12T04:21:47.486791359Z,10.372416,125.079638,Cloud to Ground,-41088,0,10
2026-09-12T04:21:47.486091433Z,10.340678,125.096718,Cloud to Ground,-40327,0,8
2026-09-12T04:21:47.641154000Z,10.378,124.9908,Cloud to Ground,-26726,0,5
2026-09-12T04:21:48.053833000Z,10.3649,125.0444,Cloud to Ground,-23476,0,7
2026-09-12T04:21:47.639925334Z,10.360316,125.070027,Cloud to Ground,-16907,0,19
2026-09-12T04:21:47.786315430Z,10.325651,124.95235,Cloud to Ground,-15704,0,11
2026-09-12T04:21:47.878655000Z,10.3814,125.0393,Cloud to Ground,-15650,0,8
2026-09-12T04:21:50.146602382Z,2.375263,117.78414,Cloud to Ground,19301,0,11
2026-09-12T04:21:50.850440518Z,9.944693,124.448416,Cloud to Ground,24393,0,6
2026-09-12T04:21:51.667059000Z,10.4907,123.872,Cloud to Ground,2084,0,6
2026-09-12T04:21:55.802805941Z,10.788827,124.911265,Cloud to Cloud,10412,10590,6
2026-09-12T04:21:56.244228633Z,2.415583,117.718481,Cloud to Ground,-19713,0,14
2026-09-12T04:21:59.832786538Z,22.362329,118.12619,Cloud to Cloud,-5955,7296,5
2026-09-12T04:21:59.791254226Z,22.413601,118.170311,Cloud to Cloud,15419,7713,7
2026-09-12T04:22:00.542634176Z,11.178113,125.298624,Cloud to Ground,-19655,0,19
2026-09-12T04:22:01.956148829Z,16.352943,124.698303,Cloud to Cloud,20768,5803,10
2026-09-12T04:22:02.002775893Z,7.765098,123.187695,Cloud to Ground,-27494,0,21
2026-09-12T04:22:03.456610148Z,2.460279,117.706989,Cloud to Ground,-32646,0,21
2026-09-12T04:22:03.749483046Z,2.467004,117.709529,Cloud to Ground,-14142,0,16
2026-09-12T04:22:16.361471801Z,12.102626,120.053408,Cloud to Cloud,17863,17884,8
2026-09-12T04:22:20.356593186Z,2.20253,112.566575,Cloud to Ground,26860,0,13
2026-09-12T04:22:20.929857104Z,10.231171,124.831836,Cloud to Ground,-14999,0,21
2026-09-12T04:22:20.741162912Z,10.009157,124.320133,Cloud to Ground,25995,0,13
2026-09-12T04:22:20.218058000Z,10.3521,123.7988,Cloud to Ground,-19657,0,5
2026-09-12T04:22:20.333225000Z,10.2853,123.7431,Cloud to Ground,-15719,0,5
2026-09-12T04:22:23.404873000Z,9.9201,124.4059,Cloud to Ground,20252,0,8
2026-09-12T04:22:24.135254662Z,2.420007,117.749329,Cloud to Ground,11347,0,7
2026-09-12T04:22:25.708032162Z,16.335474,114.111306,Cloud to Ground,14740,0,6
2026-09-12T04:22:25.710342783Z,16.431923,114.134763,Cloud to Cloud,-15819,7547,9
2026-09-12T04:22:25.725992347Z,16.424953,114.135418,Cloud to Ground,20528,0,11
2026-09-12T04:22:27.352090361Z,10.442218,123.834672,Cloud to Ground,29219,0,8
2026-09-12T04:22:28.905527823Z,2.314628,117.767539,Cloud to Cloud,-10248,13335,7
2026-09-12T04:22:36.228824142Z,2.359797,117.759901,Cloud to Cloud,-18608,5858,16
2026-09-12T04:22:36.536841543Z,2.351443,117.719018,Cloud to Cloud,-13376,3025,15
2026-09-12T04:22:36.670025368Z,2.338933,117.749463,Cloud to Ground,15022,0,6
2026-09-12T04:22:36.535784606Z,2.355687,117.76589,Cloud to Ground,27349,0,24
2026-09-12T04:22:36.251231236Z,2.343981,117.777751,Cloud to Ground,35213,0,22
2026-09-12T04:22:36.198594594Z,2.353501,117.781506,Cloud to Ground,68637,0,24
2026-09-12T04:22:36.326342251Z,2.381163,117.751574,Cloud to Ground,69263,0,14
2026-09-12T04:22:38.354702596Z,10.50395,110.261483,Cloud to Cloud,-9000,9005,10
2026-09-12T04:22:38.113595472Z,10.483333,110.335005,Cloud to Ground,21816,0,9
2026-09-12T04:22:38.114579212Z,10.527199,110.4076,Cloud to Ground,34944,0,11
2026-09-12T04:22:41.437607854Z,2.426155,117.741364,Cloud to Ground,-12374,0,9
2026-09-12T04:22:47.983191019Z,9.821592,122.423983,Cloud to Ground,-15656,0,15
2026-09-12T04:22:47.891042000Z,9.7232,122.5411,Cloud to Ground,-65934,0,6
2026-09-12T04:22:48.068028943Z,9.70823,122.490462,Cloud to Ground,-28110,0,12
2026-09-12T04:22:47.879460521Z,9.706175,122.514705,Cloud to Ground,-22769,0,18
2026-09-12T04:22:50.642939270Z,12.461327,112.761061,Cloud to Ground,-19853,0,9
2026-09-12T04:22:50.642189590Z,12.451571,112.705685,Cloud to Ground,15563,0,5
2026-09-12T04:22:50.644005170Z,12.388824,112.718042,Cloud to Ground,20049,0,7
2026-09-12T04:22:50.643513745Z,12.435175,112.698413,Cloud to Ground,23961,0,10
2026-09-12T04:22:51.153337304Z,10.690723,124.917147,Cloud to Cloud,33444,17105,9
2026-09-12T04:22:53.002592264Z,9.67877,124.082527,Cloud to Ground,-25799,0,10
2026-09-12T04:22:54.782681452Z,12.145603,119.835844,Cloud to Ground,-30535,0,11
2026-09-12T04:22:54.783135865Z,12.116264,119.824753,Cloud to Ground,-18680,0,8
2026-09-12T04:22:54.572361686Z,12.042309,119.876566,Cloud to Cloud,7309,14490,6
2026-09-12T04:22:54.574852090Z,12.038774,119.877583,Cloud to Cloud,11348,4185,9
2026-09-12T04:22:54.563456322Z,12.009447,119.930309,Cloud to Cloud,25971,12241,8
2026-09-12T04:22:58.616928091Z,2.437818,117.733247,Cloud to Ground,15356,0,7
2026-09-12T04:22:58.337081410Z,2.361227,117.726462,Cloud to Ground,23848,0,15
2026-09-12T04:23:01.347778687Z,13.737257,123.741733,Cloud to Ground,-41949,0,13
2026-09-12T04:23:01.354828521Z,13.754769,123.72721,Cloud to Ground,-13836,0,11
2026-09-12T04:23:01.347057515Z,13.712989,123.766328,Cloud to Ground,-12945,0,8
2026-09-12T04:23:01.101566000Z,9.9822,124.3677,Cloud to Ground,15320,0,6
2026-09-12T04:23:02.945033805Z,11.166893,125.31388,Cloud to Cloud,7860,3646,7
2026-09-12T04:23:03.025514000Z,11.1974,125.3589,Cloud to Ground,11272,0,6
2026-09-12T04:23:08.563248797Z,5.275499,111.037585,Cloud to Ground,-107249,0,12
2026-09-12T04:23:08.279613272Z,5.412865,110.973283,Cloud to Ground,-52889,0,15
2026-09-12T04:23:08.278919289Z,5.438591,110.982399,Cloud to Ground,31348,0,10
2026-09-12T04:23:08.656835260Z,12.109467,123.630927,Cloud to Cloud,26988,7868,7
2026-09-12T04:23:11.736067589Z,16.435641,114.078854,Cloud to Ground,-17245,0,8
2026-09-12T04:23:11.568469080Z,16.433009,114.137335,Cloud to Ground,20202,0,11
2026-09-12T04:23:13.859315542Z,1.538092,111.382053,Cloud to Ground,-12440,0,14
2026-09-12T04:23:17.767903000Z,10.3893,124.974,Cloud to Ground,1135,0,8
2026-09-12T04:23:17.734221000Z,10.3099,124.9048,Cloud to Ground,7484,0,5
2026-09-12T04:23:17.725041037Z,10.323151,124.959022,Cloud to Cloud,19418,7042,10
2026-09-12T04:23:19.478573404Z,9.965478,124.328438,Cloud to Ground,32612,0,11
2026-09-12T04:23:19.132067259Z,10.432821,123.758309,Cloud to Ground,-31868,0,13
2026-09-12T04:23:19.941272999Z,10.371286,123.804791,Cloud to Ground,-20401,0,7
2026-09-12T04:23:19.468372987Z,10.375673,123.810092,Cloud to Ground,-16762,0,7
2026-09-12T04:23:20.930402251Z,12.027136,120.253637,Cloud to Cloud,25952,17045,6
2026-09-12T04:23:21.980898114Z,2.385639,117.741535,Cloud to Ground,19578,0,9
2026-09-12T04:23:21.978941852Z,2.415665,117.810236,Cloud to Ground,78566,0,25
2026-09-12T04:23:22.367790000Z,10.3408,123.7756,Cloud to Ground,-6538,0,6
2026-09-12T04:23:24.828384000Z,9.6933,124.0752,Cloud to Ground,11891,0,5
2026-09-12T04:23:24.316796241Z,9.678515,124.112283,Cloud to Ground,32389,0,13
2026-09-12T04:23:24.005903722Z,10.297473,123.821471,Cloud to Cloud,11944,7429,8
2026-09-12T04:23:27.750768544Z,12.168139,119.987482,Cloud to Ground,-56545,0,11
2026-09-12T04:23:27.805242405Z,12.155929,119.984654,Cloud to Ground,-28435,0,11
2026-09-12T04:23:27.856799208Z,12.157613,119.990406,Cloud to Ground,-20679,0,8
2026-09-12T04:23:28.243152409Z,2.374971,117.731828,Cloud to Ground,-13694,0,13
2026-09-12T04:23:27.957735447Z,2.358702,117.711779,Cloud to Ground,-13364,0,10
2026-09-12T04:23:33.995503659Z,10.265678,123.852045,Cloud to Cloud,15215,7932,10
2026-09-12T04:23:33.723817915Z,16.975505,112.116848,Cloud to Ground,-36404,0,8
2026-09-12T04:23:33.742272000Z,16.9909,112.1054,Cloud to Ground,21839,0,7
2026-09-12T04:23:34.830801000Z,10.3018,123.7012,Cloud to Ground,-5315,0,5
2026-09-12T04:23:35.481743548Z,2.346536,117.726862,Cloud to Ground,-13691,0,11
2026-09-12T04:23:35.918736998Z,10.821505,124.907841,Cloud to Ground,-49875,0,9
2026-09-12T04:23:43.033380047Z,2.380652,117.732727,Cloud to Ground,-19318,0,16
2026-09-12T04:23:42.876152777Z,2.447463,117.708719,Cloud to Cloud,-12066,13388,9
2026-09-12T04:23:43.185325019Z,2.371725,117.721543,Cloud to Cloud,-11844,7763,12
2026-09-12T04:23:43.098400411Z,2.462968,117.728015,Cloud to Ground,-11351,0,8
2026-09-12T04:23:42.909707000Z,2.3876,117.6836,Cloud to Ground,20524,0,5
2026-09-12T04:23:44.214488148Z,10.317781,123.793089,Cloud to Cloud,-14287,19504,7
2026-09-12T04:23:45.804358547Z,9.939889,124.321962,Cloud to Ground,-41089,0,11
2026-09-12T04:23:45.806737000Z,9.9577,124.3217,Cloud to Ground,-16945,0,6
2026-09-12T04:23:47.647431514Z,12.138286,120.006463,Cloud to Ground,59362,0,9
2026-09-12T04:23:49.691631540Z,2.410634,117.695373,Cloud to Cloud,-15114,3040,8
2026-09-12T04:23:50.753949264Z,10.449212,123.392023,Cloud to Cloud,10824,18686,7
2026-09-12T04:23:52.644547689Z,10.762408,124.96065,Cloud to Cloud,20814,16282,8
2026-09-12T04:23:52.674592000Z,10.8615,124.825,Cloud to Ground,693,0,5
2026-09-12T04:23:57.710181000Z,9.9729,124.381,Cloud to Ground,11354,0,5
2026-09-12T04:24:01.584790000Z,9.6639,124.0326,Cloud to Ground,-8542,0,6
2026-09-12T04:24:01.530555000Z,9.6749,124.0262,Cloud to Ground,-5381,0,5
2026-09-12T04:24:02.586168666Z,10.406635,123.863329,Cloud to Ground,25204,0,11
2026-09-12T04:24:06.495698509Z,16.350792,124.691208,Cloud to Ground,37340,0,12
2026-09-12T04:24:06.966021545Z,12.171904,120.015841,Cloud to Ground,-64976,0,10
2026-09-12T04:24:06.942699307Z,12.106696,120.052003,Cloud to Cloud,-15511,16215,6
2026-09-12T04:24:06.828903055Z,12.043301,119.979231,Cloud to Ground,17300,0,10
2026-09-12T04:24:08.142385004Z,20.908817,119.291676,Cloud to Ground,-26532,0,13
2026-09-12T04:24:08.081828207Z,21.038916,119.319112,Cloud to Ground,-32414,0,15
2026-09-12T04:24:08.278699093Z,21.057641,119.384332,Cloud to Ground,-21762,0,8
2026-09-12T04:24:08.137226011Z,21.136643,119.374081,Cloud to Cloud,-9676,14507,9
2026-09-12T04:24:08.087147061Z,21.128439,119.355739,Cloud to Cloud,19055,13040,8
2026-09-12T04:24:09.627432376Z,2.403814,117.72965,Cloud to Ground,-13428,0,11
2026-09-12T04:24:09.454182873Z,2.392131,117.730104,Cloud to Ground,-13378,0,10
2026-09-12T04:24:15.792251973Z,9.685789,124.065539,Cloud to Ground,-20831,0,9
2026-09-12T04:24:15.838258000Z,9.6795,124.1339,Cloud to Ground,10064,0,5
2026-09-12T04:24:19.349093649Z,2.355051,117.738977,Cloud to Ground,11109,0,10
2026-09-12T04:24:19.381581250Z,2.360028,117.764287,Cloud to Cloud,13092,7504,12
2026-09-12T04:24:24.225601561Z,10.345021,125.098512,Cloud to Ground,-17908,0,19
2026-09-12T04:24:26.301132080Z,12.031922,120.261858,Cloud to Cloud,25189,15173,8
2026-09-12T04:24:29.577415001Z,10.366594,123.81374,Cloud to Ground,-31591,0,11
2026-09-12T04:24:29.654742951Z,10.330666,123.85205,Cloud to Ground,-23650,0,7
2026-09-12T04:24:29.285944118Z,10.352756,123.836723,Cloud to Ground,-22167,0,7
2026-09-12T04:24:29.876985690Z,10.360374,123.824861,Cloud to Ground,51113,0,7
2026-09-12T04:24:30.357534215Z,2.419775,117.719882,Cloud to Cloud,-11907,17367,19
2026-09-12T04:24:30.797975095Z,2.447485,117.730873,Cloud to Cloud,-9961,16157,10
2026-09-12T04:24:31.205583000Z,10.8194,124.8504,Cloud to Ground,9172,0,5
2026-09-12T04:24:31.253337486Z,10.842735,124.880518,Cloud to Cloud,18205,15552,7
2026-09-12T04:24:33.753233208Z,12.097007,120.053887,Cloud to Cloud,6433,5721,6
2026-09-12T04:24:35.399507750Z,13.02962,123.631159,Cloud to Cloud,14241,19189,10
2026-09-12T04:24:40.497568000Z,9.6795,124.1021,Cloud to Ground,41283,0,7
2026-09-12T04:24:41.138986012Z,16.459182,114.135397,Cloud to Ground,25981,0,11
2026-09-12T04:24:41.161083000Z,16.4283,114.0932,Cloud to Ground,31090,0,5
2026-09-12T04:24:42.418516796Z,2.397783,117.805705,Cloud to Ground,24252,0,10
2026-09-12T04:24:43.015277842Z,12.168411,120.012149,Cloud to Ground,-27218,0,8
2026-09-12T04:24:42.835917802Z,12.171016,120.017113,Cloud to Ground,-15449,0,9
2026-09-12T04:24:42.943841964Z,12.181566,120.016165,Cloud to Ground,-14542,0,8
2026-09-12T04:24:47.563291163Z,9.706957,123.973135,Cloud to Cloud,16714,8969,10
2026-09-12T04:24:47.745018000Z,10.2628,124.8221,Cloud to Ground,13077,0,5
2026-09-12T04:24:47.731607697Z,10.210914,124.893002,Cloud to Ground,34754,0,12
2026-09-12T04:24:54.871502000Z,10.4936,123.7872,Cloud to Ground,15382,0,6
2026-09-12T04:24:56.868915614Z,10.372357,123.830474,Cloud to Cloud,-8888,17453,7
2026-09-12T04:24:57.225525506Z,12.16868,120.014888,Cloud to Cloud,-7755,3028,7
2026-09-12T04:24:57.492534583Z,12.151409,120.117627,Cloud to Cloud,-12669,16273,7
2026-09-12T04:24:57.206172000Z,12.2907,119.8961,Cloud to Ground,7167,0,5
2026-09-12T04:24:58.024065731Z,2.350697,117.739491,Cloud to Ground,-8897,0,9
2026-09-12T04:24:58.277920738Z,2.346859,117.736172,Cloud to Cloud,7834,3057,6
2026-09-12T04:24:58.626885023Z,12.075662,119.992536,Cloud to Cloud,-14898,19372,10
2026-09-12T04:24:58.295807757Z,12.117683,119.969151,Cloud to Ground,31996,0,8
2026-09-12T04:25:02.719187000Z,9.9245,124.3779,Cloud to Ground,15972,0,5
2026-09-12T04:25:03.715817517Z,11.355968,110.961192,Cloud to Ground,-21674,0,7
2026-09-12T04:25:04.414999000Z,10.3328,123.7507,Cloud to Ground,-3623,0,5
2026-09-12T04:25:05.952791658Z,10.902802,124.837166,Cloud to Cloud,-15635,15104,10
2026-09-12T04:25:06.767823769Z,12.174181,120.015771,Cloud to Ground,-22289,0,8
2026-09-12T04:25:07.030154076Z,12.170244,120.008556,Cloud to Ground,-10771,0,6
2026-09-12T04:25:07.149365216Z,12.171423,120.023233,Cloud to Ground,-7865,0,6
2026-09-12T04:25:07.204301854Z,12.198415,119.994728,Cloud to Cloud,19574,9269,7
2026-09-12T04:25:07.727600734Z,2.353681,117.711977,Cloud to Cloud,-9939,3074,6
2026-09-12T04:25:08.714421354Z,13.742529,123.734213,Cloud to Ground,15700,0,8
2026-09-12T04:25:08.713448364Z,13.685829,123.79022,Cloud to Ground,21644,0,8
2026-09-12T04:25:08.715296456Z,13.650138,123.781185,Cloud to Cloud,26804,17568,9
2026-09-12T04:25:09.881461872Z,9.688483,122.514965,Cloud to Ground,39540,0,14
2026-09-12T04:25:10.535266149Z,9.708635,124.237472,Cloud to Ground,38496,0,13
2026-09-12T04:25:14.096859492Z,2.34034,117.726432,Cloud to Ground,-22468,0,14
2026-09-12T04:25:14.661595829Z,2.405458,117.707653,Cloud to Ground,-19541,0,16
2026-09-12T04:25:14.366330612Z,1.783427,111.359621,Cloud to Ground,42969,0,12
2026-09-12T04:25:18.525556556Z,10.604256,123.302396,Cloud to Ground,-25361,0,21
2026-09-12T04:25:18.384950148Z,10.541164,123.371254,Cloud to Ground,-36030,0,10
2026-09-12T04:25:19.304686481Z,11.956909,123.854062,Cloud to Cloud,13211,8705,7
2026-09-12T04:25:22.225515314Z,12.085764,120.028504,Cloud to Cloud,7003,14735,7
2026-09-12T04:25:23.212537254Z,2.356294,117.754697,Cloud to Ground,-11657,0,7
2026-09-12T04:25:23.346329315Z,2.373129,117.778761,Cloud to Ground,11907,0,11
2026-09-12T04:25:23.402472773Z,2.361153,117.726294,Cloud to Ground,15690,0,11
2026-09-12T04:25:23.248703308Z,2.379347,117.790597,Cloud to Ground,29739,0,20
2026-09-12T04:25:23.314713511Z,2.357406,117.727729,Cloud to Ground,58504,0,19
2026-09-12T04:25:24.615261538Z,16.971218,112.022842,Cloud to Cloud,9778,17700,7
2026-09-12T04:25:24.865407684Z,16.905716,112.153268,Cloud to Cloud,-9008,6370,7
2026-09-12T04:25:27.638158678Z,10.229048,123.841894,Cloud to Cloud,-32957,3029,9
2026-09-12T04:25:27.637748435Z,10.235615,123.856905,Cloud to Cloud,-30411,19166,10
2026-09-12T04:25:28.071690522Z,10.362073,123.794018,Cloud to Ground,-14041,0,18
2026-09-12T04:25:33.531638969Z,20.991632,119.315325,Cloud to Cloud,9145,3085,7
2026-09-12T04:25:34.080548759Z,12.167599,119.998261,Cloud to Ground,-14282,0,9
2026-09-12T04:25:36.908426000Z,9.9096,124.4017,Cloud to Ground,-2986,0,5
2026-09-12T04:25:37.545433366Z,12.128175,123.656787,Cloud to Cloud,22158,6821,10
2026-09-12T04:25:37.547294691Z,12.122883,123.676831,Cloud to Cloud,23026,14052,9
2026-09-12T04:25:39.276558519Z,9.615246,124.164646,Cloud to Cloud,19448,6872,7
2026-09-12T04:25:39.517870000Z,9.7133,124.1471,Cloud to Ground,10998,0,7
2026-09-12T04:25:39.625471188Z,21.993613,119.153048,Cloud to Ground,-18497,0,9
2026-09-12T04:25:39.629283002Z,21.994818,119.132551,Cloud to Cloud,-9733,8319,8
2026-09-12T04:25:39.555175643Z,21.851126,119.102365,Cloud to Cloud,5895,8470,6
2026-09-12T04:25:39.733024275Z,21.804335,119.040886,Cloud to Cloud,6599,19227,6
2026-09-12T04:25:39.477601723Z,21.876429,119.10221,Cloud to Cloud,7602,9559,7
2026-09-12T04:25:39.507879821Z,21.849297,119.10291,Cloud to Cloud,9524,7196,6
2026-09-12T04:25:39.478549437Z,21.960089,119.119208,Cloud to Cloud,18964,6351,10
2026-09-12T04:25:46.050562000Z,10.8651,124.8486,Cloud to Ground,-7439,0,8
2026-09-12T04:25:48.664214000Z,10.3338,123.7519,Cloud to Ground,-36054,0,9
2026-09-12T04:25:49.021557707Z,10.336284,123.849208,Cloud to Ground,48277,0,7
2026-09-12T04:25:48.598224350Z,10.323171,123.835765,Cloud to Ground,176429,0,12
2026-09-12T04:25:50.694692627Z,2.337006,117.741167,Cloud to Ground,-11879,0,7
2026-09-12T04:25:50.428958731Z,2.444845,117.742919,Cloud to Ground,-24050,0,13
2026-09-12T04:25:50.647404201Z,2.428489,117.740573,Cloud to Cloud,-13368,3170,11
2026-09-12T04:25:50.652610301Z,2.464153,117.74141,Cloud to Ground,95359,0,17
2026-09-12T04:26:02.689411837Z,10.504311,123.315022,Cloud to Ground,-25765,0,12
2026-09-12T04:26:04.255646854Z,2.330892,117.708349,Cloud to Ground,-10510,0,6
2026-09-12T04:26:04.738006842Z,2.312787,117.702532,Cloud to Ground,-9435,0,6
2026-09-12T04:26:06.608287000Z,12.0243,123.9024,Cloud to Ground,-40097,0,5
2026-09-12T04:26:06.685352165Z,12.020357,123.777799,Cloud to Ground,-18239,0,24
2026-09-12T04:26:06.921384000Z,12.0464,123.899,Cloud to Ground,-14610,0,5
2026-09-12T04:26:07.148824000Z,12.0238,123.863,Cloud to Ground,-9048,0,5
2026-09-12T04:26:06.199952000Z,12.0087,123.8598,Cloud to Ground,12032,0,8
2026-09-12T04:26:09.369958050Z,12.17317,120.030637,Cloud to Ground,-10087,0,9
2026-09-12T04:26:08.933944000Z,12.1816,119.9898,Cloud to Ground,-9114,0,5
2026-09-12T04:26:09.236200150Z,12.196881,120.019202,Cloud to Cloud,13260,3187,7
2026-09-12T04:26:09.431816374Z,12.187,119.908724,Cloud to Ground,24890,0,8
2026-09-12T04:26:09.128376000Z,12.2604,120.1008,Cloud to Ground,-19559,0,5
2026-09-12T04:26:08.867675000Z,12.2389,120.1182,Cloud to Ground,-18609,0,8
2026-09-12T04:26:10.326496555Z,10.351091,125.04992,Cloud to Cloud,28903,16389,8
2026-09-12T04:26:10.825059910Z,10.574114,123.442916,Cloud to Cloud,-7153,18781,7
2026-09-12T04:26:10.805642000Z,10.5206,123.2798,Cloud to Ground,-4631,0,7
2026-09-12T04:26:19.175236000Z,2.4002,117.7562,Cloud to Ground,-18483,0,5
2026-09-12T04:26:19.356157766Z,2.376546,117.770042,Cloud to Cloud,-8009,19672,11
2026-09-12T04:26:22.339764000Z,10.3073,123.8158,Cloud to Ground,-8957,0,5
2026-09-12T04:26:23.893996869Z,10.388557,123.862662,Cloud to Ground,22642,0,8
2026-09-12T04:26:27.372385000Z,10.3493,123.7818,Cloud to Ground,-31570,0,11
2026-09-12T04:26:27.427685261Z,10.332043,123.80541,Cloud to Ground,-20027,0,8
2026-09-12T04:26:27.477104614Z,10.339361,123.806322,Cloud to Ground,-17711,0,6
2026-09-12T04:26:29.042288000Z,9.6968,124.0859,Cloud to Ground,8409,0,6
2026-09-12T04:26:28.779595057Z,9.667385,124.121451,Cloud to Ground,34071,0,9
2026-09-12T04:26:29.960276000Z,2.3541,117.7101,Cloud to Ground,-14969,0,5
2026-09-12T04:26:30.947282467Z,2.373485,117.809952,Cloud to Ground,-20519,0,12
2026-09-12T04:26:31.178068302Z,2.358674,117.782968,Cloud to Ground,11645,0,7
2026-09-12T04:26:30.991093138Z,2.360573,117.782528,Cloud to Ground,16077,0,12
2026-09-12T04:26:30.278662391Z,2.462392,117.707407,Cloud to Cloud,-39922,3897,29
2026-09-12T04:26:29.976693218Z,2.44641,117.70256,Cloud to Cloud,-12744,3036,7
2026-09-12T04:26:31.102088232Z,2.467954,117.734379,Cloud to Ground,17673,0,12
2026-09-12T04:26:31.914780181Z,12.139193,119.953841,Cloud to Ground,-16421,0,7
2026-09-12T04:26:32.334115000Z,10.3298,125.0732,Cloud to Ground,14218,0,5
2026-09-12T04:26:39.033874069Z,12.036104,120.261437,Cloud to Cloud,23435,16747,7
2026-09-12T04:26:39.105585126Z,10.295013,123.827019,Cloud to Cloud,9751,14817,7
2026-09-12T04:26:40.939751963Z,2.323629,117.739499,Cloud to Ground,-16010,0,14
2026-09-12T04:26:41.100510524Z,8.80986,117.548741,Cloud to Ground,-23217,0,10
2026-09-12T04:26:41.104670008Z,8.857139,117.629762,Cloud to Cloud,-14626,16822,8
2026-09-12T04:26:41.634036000Z,2.4507,117.676,Cloud to Ground,-14387,0,5
2026-09-12T04:26:44.343329657Z,10.907114,124.831707,Cloud to Ground,-14427,0,14
2026-09-12T04:26:45.119532920Z,10.453011,123.368856,Cloud to Cloud,15414,3001,6
2026-09-12T04:26:46.138009000Z,10.3685,125.0437,Cloud to Ground,-3574,0,5
2026-09-12T04:26:46.485178000Z,12.0401,123.7625,Cloud to Ground,3563,0,5
2026-09-12T04:26:50.627663177Z,5.424514,110.968999,Cloud to Ground,-18004,0,8
2026-09-12T04:26:50.643855786Z,5.42311,110.982209,Cloud to Ground,8878,0,6
2026-09-12T04:26:50.637154718Z,5.456869,110.886185,Cloud to Ground,9896,0,6
2026-09-12T04:26:50.622121291Z,5.441974,110.981603,Cloud to Ground,40460,0,11
2026-09-12T04:26:52.858028420Z,2.393159,117.752753,Cloud to Ground,-16770,0,14
2026-09-12T04:26:53.457706803Z,10.459827,123.376455,Cloud to Cloud,15853,12505,7
2026-09-12T04:26:53.026045000Z,10.4734,123.7585,Cloud to Ground,1552,0,5
2026-09-12T04:26:53.798492000Z,10.4539,123.7817,Cloud to Ground,7742,0,8
2026-09-12T04:26:55.219285916Z,10.396882,123.81834,Cloud to Ground,-41532,0,7
2026-09-12T04:26:55.495569101Z,10.368379,123.802333,Cloud to Ground,-29414,0,10
2026-09-12T04:26:55.666948000Z,10.4034,123.7572,Cloud to Ground,-23362,0,7
2026-09-12T04:26:55.311694000Z,10.3733,123.7256,Cloud to Ground,-15794,0,7
2026-09-12T04:26:55.419267044Z,10.426801,123.750366,Cloud to Ground,-14349,0,12
2026-09-12T04:26:56.080106822Z,12.129752,120.023394,Cloud to Cloud,-14752,9241,6
2026-09-12T04:26:56.019276588Z,12.159921,119.998221,Cloud to Cloud,18326,5132,9
2026-09-12T04:26:57.448708105Z,2.364789,117.788535,Cloud to Ground,-14577,0,18
2026-09-12T04:27:00.355967000Z,12.1777,120.0235,Cloud to Ground,-5807,0,10
2026-09-12T04:27:01.552190820Z,9.674376,124.131289,Cloud to Ground,29096,0,8
2026-09-12T04:27:02.440263153Z,2.459572,117.70923,Cloud to Ground,-10631,0,6
2026-09-12T04:27:02.345969735Z,2.487571,117.750087,Cloud to Ground,59146,0,18
2026-09-12T04:27:03.328124489Z,9.922962,124.294834,Cloud to Ground,-16249,0,8
2026-09-12T04:27:04.276049467Z,10.485776,123.757994,Cloud to Cloud,-18966,12116,10
2026-09-12T04:27:04.390719119Z,13.072666,123.578609,Cloud to Ground,21223,0,9
2026-09-12T04:27:06.538567000Z,10.8566,124.873,Cloud to Ground,-17418,0,5
2026-09-12T04:27:07.520341023Z,13.741778,123.759561,Cloud to Cloud,26993,3001,15
2026-09-12T04:27:07.519339002Z,13.678157,123.798246,Cloud to Cloud,33415,7646,9
2026-09-12T04:27:10.249952000Z,9.7357,122.468,Cloud to Ground,-36067,0,5
2026-09-12T04:27:10.076574000Z,9.7304,122.46,Cloud to Ground,-24385,0,5
2026-09-12T04:27:10.440962000Z,9.7131,122.4648,Cloud to Ground,-15808,0,6
2026-09-12T04:27:10.399085000Z,9.7288,122.4651,Cloud to Ground,-15332,0,6
2026-09-12T04:27:09.989624104Z,9.721182,122.498718,Cloud to Ground,55664,0,24
2026-09-12T04:27:09.484659348Z,2.374109,117.676946,Cloud to Ground,-20873,0,12
2026-09-12T04:27:09.714947000Z,2.3174,117.6627,Cloud to Ground,11640,0,5
2026-09-12T04:27:09.600815070Z,5.543917,110.357974,Cloud to Ground,-37660,0,12
2026-09-12T04:27:09.728922708Z,5.546086,110.339519,Cloud to Ground,24449,0,10
2026-09-12T04:27:10.724212024Z,10.455855,123.382809,Cloud to Cloud,17547,3153,7
2026-09-12T04:27:11.284719161Z,2.425854,117.665857,Cloud to Ground,-15366,0,10
2026-09-12T04:27:11.238869219Z,10.578392,110.299721,Cloud to Cloud,-9140,17728,7
2026-09-12T04:27:11.362791497Z,10.556373,110.307953,Cloud to Ground,14524,0,11
2026-09-12T04:27:11.026369000Z,10.6611,110.4336,Cloud to Ground,-23136,0,5
2026-09-12T04:27:11.309492071Z,10.54533,110.419743,Cloud to Cloud,-15959,19254,6
2026-09-12T04:27:11.024162038Z,10.616206,110.404045,Cloud to Ground,16744,0,7
2026-09-12T04:27:11.805437458Z,12.125267,119.977436,Cloud to Ground,-21748,0,10
2026-09-12T04:27:11.968275000Z,12.1323,119.9149,Cloud to Ground,-8926,0,8
2026-09-12T04:27:12.072764530Z,12.135555,119.956526,Cloud to Cloud,-6815,6612,6
2026-09-12T04:27:11.989777000Z,12.133,119.9201,Cloud to Ground,-6391,0,6
2026-09-12T04:27:12.004069235Z,12.138101,119.970093,Cloud to Cloud,12171,16464,8
2026-09-12T04:27:11.877862786Z,12.070153,120.030089,Cloud to Cloud,21491,3837,10
2026-09-12T04:27:12.902827217Z,16.471663,114.058876,Cloud to Ground,20428,0,7
2026-09-12T04:27:12.905183000Z,16.4563,114.124,Cloud to Ground,29820,0,6
2026-09-12T04:27:14.279061039Z,10.239567,123.818778,Cloud to Cloud,-17780,19385,8
2026-09-12T04:27:14.365136000Z,10.3219,123.7933,Cloud to Ground,-17266,0,6
2026-09-12T04:27:14.407346395Z,10.293008,123.826754,Cloud to Ground,14725,0,7
2026-09-12T04:27:14.021215250Z,10.402988,124.990331,Cloud to Ground,-21626,0,9
2026-09-12T04:27:14.188545706Z,10.480778,124.959295,Cloud to Ground,-18671,0,19
2026-09-12T04:27:14.121804000Z,10.4329,124.9334,Cloud to Ground,-15694,0,5
2026-09-12T04:27:15.825190000Z,12.0227,123.8299,Cloud to Ground,7734,0,5
2026-09-12T04:27:16.817171268Z,10.76119,124.89193,Cloud to Cloud,8178,17288,6
2026-09-12T04:27:16.901900698Z,10.820969,124.909588,Cloud to Ground,20795,0,14
2026-09-12T04:27:16.662451000Z,10.8202,124.8031,Cloud to Ground,10947,0,9
2026-09-12T04:27:18.165623285Z,17.064776,111.74736,Cloud to Ground,17017,0,9
2026-09-12T04:27:23.276873433Z,12.180329,120.00481,Cloud to Ground,-33181,0,9
2026-09-12T04:27:23.084195105Z,12.171672,120.004249,Cloud to Ground,-13816,0,9
2026-09-12T04:27:24.081405348Z,10.478934,123.740237,Cloud to Ground,-16131,0,16
2026-09-12T04:27:24.264719000Z,10.376,123.8259,Cloud to Ground,7942,0,6
2026-09-12T04:27:26.133766050Z,2.457869,117.73433,Cloud to Ground,-22372,0,13
2026-09-12T04:27:26.156798761Z,2.44087,117.73183,Cloud to Ground,-15305,0,10
2026-09-12T04:27:26.214229932Z,2.376212,117.709598,Cloud to Ground,-12866,0,11
2026-09-12T04:27:26.058908054Z,2.449431,117.692971,Cloud to Ground,-12540,0,13
2026-09-12T04:27:26.418387541Z,2.430529,117.793249,Cloud to Cloud,9964,5883,19
2026-09-12T04:27:26.037435182Z,2.370291,117.742565,Cloud to Ground,15670,0,9
2026-09-12T04:27:30.683145313Z,12.008391,123.877424,Cloud to Ground,-12730,0,12
2026-09-12T04:27:30.598184814Z,11.947562,123.827221,Cloud to Ground,26832,0,9
2026-09-12T04:27:32.392571000Z,7.6876,123.2981,Cloud to Ground,15346,0,8
2026-09-12T04:27:33.938835172Z,11.21955,122.209826,Cloud to Cloud,17236,11919,8
2026-09-12T04:27:35.038424247Z,2.414022,117.72963,Cloud to Cloud,-14121,3347,8
2026-09-12T04:27:38.996468746Z,10.361366,123.788188,Cloud to Cloud,-15364,7794,8
2026-09-12T04:27:38.407510000Z,11.9352,123.8672,Cloud to Ground,-2132,0,6
2026-09-12T04:27:38.034383000Z,12.0397,123.7953,Cloud to Ground,4551,0,5
2026-09-12T04:27:40.693850669Z,2.373799,117.746032,Cloud to Ground,11310,0,8
2026-09-12T04:27:40.692806000Z,2.3864,117.7186,Cloud to Ground,15568,0,5
2026-09-12T04:27:40.459595020Z,2.372276,117.740234,Cloud to Ground,21970,0,14
2026-09-12T04:27:40.494321997Z,2.367941,117.746201,Cloud to Ground,22974,0,14
2026-09-12T04:27:40.556193167Z,2.353558,117.730791,Cloud to Ground,42258,0,19
2026-09-12T04:27:42.828895367Z,5.175594,110.213863,Cloud to Ground,-27271,0,10
2026-09-12T04:27:42.827809221Z,5.219234,110.179305,Cloud to Cloud,38035,14304,6
2026-09-12T04:27:42.930282142Z,5.194417,110.341269,Cloud to Ground,49270,0,10
2026-09-12T04:27:42.093011000Z,16.9426,112.0578,Cloud to Ground,-53471,0,5
2026-09-12T04:27:42.092428024Z,16.961424,112.071525,Cloud to Ground,21310,0,9
2026-09-12T04:27:42.658798000Z,9.7138,124.0845,Cloud to Ground,31499,0,5
2026-09-12T04:27:46.613277775Z,10.366028,124.962727,Cloud to Ground,-48879,0,29
2026-09-12T04:27:46.656127122Z,10.371044,124.947505,Cloud to Ground,-24536,0,29
2026-09-12T04:27:46.539123418Z,10.33427,124.937005,Cloud to Ground,-15380,0,8
2026-09-12T04:27:46.483828000Z,10.3643,125.0786,Cloud to Ground,-77089,0,7
2026-09-12T04:27:46.475993477Z,10.291564,125.088461,Cloud to Cloud,-48814,3074,8
2026-09-12T04:27:46.741186728Z,10.426572,125.032245,Cloud to Ground,-21015,0,10
2026-09-12T04:27:46.523405690Z,10.352171,125.060722,Cloud to Ground,-16645,0,22
2026-09-12T04:27:47.688081058Z,12.192891,119.976902,Cloud to Cloud,4604,14996,5
2026-09-12T04:27:47.485449000Z,12.1789,119.908,Cloud to Ground,6146,0,5
2026-09-12T04:27:59.172634968Z,11.952539,123.917648,Cloud to Cloud,18326,3001,8
2026-09-12T04:27:59.985180679Z,12.202456,120.028885,Cloud to Ground,-29935,0,9
2026-09-12T04:28:00.063959000Z,12.1737,119.9622,Cloud to Ground,-17102,0,7
2026-09-12T04:27:59.906239000Z,12.1862,120.0208,Cloud to Ground,-14169,0,7
2026-09-12T04:27:59.880888729Z,12.108609,120.058754,Cloud to Cloud,-11681,3108,6
2026-09-12T04:28:01.312565486Z,2.481587,117.742341,Cloud to Ground,18751,0,8
2026-09-12T04:28:01.528277343Z,2.445913,117.752076,Cloud to Ground,22459,0,18
2026-09-12T04:28:01.441812125Z,2.443764,117.745288,Cloud to Ground,31611,0,18
2026-09-12T04:28:01.216857140Z,2.44595,117.735944,Cloud to Ground,115015,0,23
2026-09-12T04:28:05.314820623Z,11.869799,123.871011,Cloud to Ground,-55312,0,15
2026-09-12T04:28:06.525979206Z,11.12898,119.453376,Cloud to Cloud,19254,13317,7
2026-09-12T04:28:07.574191924Z,5.53998,110.35086,Cloud to Ground,47011,0,9
2026-09-12T04:28:07.491904876Z,10.158671,124.924527,Cloud to Ground,41964,0,10
2026-09-12T04:28:07.420050241Z,10.429623,123.778765,Cloud to Ground,-24817,0,16
2026-09-12T04:28:07.517102000Z,5.5401,110.2343,Cloud to Ground,73254,0,5
2026-09-12T04:28:11.081882000Z,10.8453,124.8848,Cloud to Ground,-6787,0,6
2026-09-12T04:28:11.255677572Z,10.746526,124.854307,Cloud to Cloud,15906,17971,8
2026-09-12T04:28:11.122786645Z,10.774378,124.923623,Cloud to Cloud,29268,16338,11
2026-09-12T04:28:13.010771000Z,11.2288,125.3195,Cloud to Ground,-31695,0,9
2026-09-12T04:28:14.840038318Z,12.039185,120.041345,Cloud to Cloud,-17492,4185,6
2026-09-12T04:28:15.086447051Z,12.140568,119.948369,Cloud to Cloud,-17844,14722,6
2026-09-12T04:28:16.646045000Z,10.3528,123.8744,Cloud to Ground,-18407,0,6
2026-09-12T04:28:18.419965449Z,10.579571,123.307931,Cloud to Ground,-36614,0,23
2026-09-12T04:28:18.458838318Z,10.515166,123.33043,Cloud to Ground,22480,0,12
2026-09-12T04:28:18.290680179Z,13.055326,123.6395,Cloud to Cloud,23211,5998,12
2026-09-12T04:28:20.584446653Z,9.670402,124.131535,Cloud to Ground,-22858,0,8
2026-09-12T04:28:20.945231940Z,9.651176,124.132999,Cloud to Ground,-16075,0,10
2026-09-12T04:28:20.541794639Z,9.610602,124.148331,Cloud to Ground,30551,0,7
2026-09-12T04:28:23.508601024Z,2.324227,117.72093,Cloud to Ground,-29600,0,24
2026-09-12T04:28:23.086147038Z,2.40429,117.702239,Cloud to Ground,-24923,0,22
2026-09-12T04:28:23.493570377Z,2.440985,117.695511,Cloud to Ground,-11454,0,9
2026-09-12T04:28:23.311918413Z,2.34782,117.712081,Cloud to Ground,14905,0,8
2026-09-12T04:28:25.597661272Z,11.342921,110.933112,Cloud to Ground,13854,0,9
2026-09-12T04:28:27.529266765Z,11.919581,123.851254,Cloud to Cloud,16098,7750,9
2026-09-12T04:28:27.726050000Z,12.025,123.8518,Cloud to Ground,8153,0,5
2026-09-12T04:28:29.422209415Z,17.010095,112.122206,Cloud to Ground,-36649,0,11
2026-09-12T04:28:29.491060971Z,17.013318,112.117543,Cloud to Ground,-32643,0,10
2026-09-12T04:28:29.646888866Z,17.002899,112.133667,Cloud to Cloud,17029,6572,9
2026-09-12T04:28:29.551485616Z,17.003845,112.137915,Cloud to Ground,18490,0,7
2026-09-12T04:28:29.948774924Z,10.357489,123.756676,Cloud to Ground,-50285,0,24
2026-09-12T04:28:30.238298298Z,10.288788,123.802745,Cloud to Ground,-32205,0,11
2026-09-12T04:28:30.482057280Z,10.350487,123.84886,Cloud to Ground,-28789,0,9
2026-09-12T04:28:30.481404174Z,10.29181,123.806192,Cloud to Ground,-27807,0,10
2026-09-12T04:28:30.297888334Z,10.294199,123.85541,Cloud to Cloud,24437,3995,9
2026-09-12T04:28:29.732133588Z,16.455712,114.155031,Cloud to Ground,19797,0,9
2026-09-12T04:28:30.179730285Z,9.865475,124.443687,Cloud to Cloud,16150,19615,7
2026-09-12T04:28:30.983669933Z,12.009675,120.268826,Cloud to Cloud,31439,17891,7
2026-09-12T04:28:33.638250295Z,12.17367,119.989488,Cloud to Cloud,17297,12370,10
2026-09-12T04:28:33.667083811Z,12.108755,120.049616,Cloud to Cloud,19200,17879,9
2026-09-12T04:28:34.360096203Z,2.413441,117.820851,Cloud to Ground,51127,0,32
2026-09-12T04:28:34.106168353Z,10.459802,123.357533,Cloud to Cloud,18360,6139,8
2026-09-12T04:28:34.758079695Z,12.005423,123.764551,Cloud to Cloud,-26950,4348,29
2026-09-12T04:28:34.879882693Z,12.013507,123.776076,Cloud to Ground,-24233,0,25
2026-09-12T04:28:37.875956000Z,10.3198,123.8435,Cloud to Ground,9152,0,7
2026-09-12T04:28:41.958355020Z,12.178966,120.022306,Cloud to Cloud,-16843,18523,8
2026-09-12T04:28:41.883583000Z,10.3746,123.6963,Cloud to Ground,8312,0,7
2026-09-12T04:28:41.943651000Z,10.3777,123.8242,Cloud to Ground,-15494,0,6
2026-09-12T04:28:49.409587000Z,2.3783,117.723,Cloud to Ground,14072,0,6
2026-09-12T04:28:50.093674723Z,7.527625,124.368429,Cloud to Ground,-18292,0,9
2026-09-12T04:28:50.720030000Z,10.8651,124.8863,Cloud to Ground,-6191,0,7
2026-09-12T04:28:52.774284112Z,2.321605,117.74141,Cloud to Ground,-14259,0,21
2026-09-12T04:28:52.155750335Z,10.442532,123.672768,Cloud to Cloud,-16778,16826,13
2026-09-12T04:28:54.508682093Z,10.35045,123.731086,Cloud to Ground,-15439,0,15
2026-09-12T04:28:54.632502000Z,10.3254,123.8112,Cloud to Ground,-12453,0,6
2026-09-12T04:28:55.655861086Z,12.11876,120.051626,Cloud to Cloud,-20332,13660,7
2026-09-12T04:28:55.551607534Z,12.086368,120.073943,Cloud to Cloud,24682,10580,8
2026-09-12T04:28:57.161258548Z,10.609808,110.443935,Cloud to Ground,-33428,0,10
2026-09-12T04:28:57.130148415Z,10.606506,110.346146,Cloud to Ground,-14182,0,7
2026-09-12T04:28:56.742093363Z,10.578142,110.382555,Cloud to Cloud,18499,18418,7
2026-09-12T04:28:56.738727198Z,10.596,110.405849,Cloud to Ground,19523,0,8
2026-09-12T04:28:56.740072175Z,10.620876,110.401082,Cloud to Ground,47107,0,10
2026-09-12T04:28:59.680202000Z,12.0346,123.8529,Cloud to Ground,-8761,0,5
2026-09-12T04:29:00.099894545Z,11.290674,113.252938,Cloud to Cloud,13391,3050,9
2026-09-12T04:29:00.100424599Z,11.27947,113.246222,Cloud to Ground,44098,0,13
2026-09-12T04:29:00.302303253Z,10.819352,124.812779,Cloud to Ground,-19577,0,7
2026-09-12T04:29:00.973398255Z,10.983053,124.726455,Cloud to Cloud,-24261,5998,10
2026-09-12T04:29:00.807571778Z,10.302243,123.811825,Cloud to Cloud,14828,17836,10
2026-09-12T04:29:00.832562740Z,10.516857,123.346713,Cloud to Ground,-21072,0,13
2026-09-12T04:29:01.007507000Z,10.3867,123.7505,Cloud to Ground,-9212,0,8
2026-09-12T04:29:04.285593000Z,10.4939,123.9247,Cloud to Ground,-9349,0,7
2026-09-12T04:29:04.768659000Z,10.4162,123.7866,Cloud to Ground,535,0,5
2026-09-12T04:29:05.315460018Z,2.393837,117.704248,Cloud to Ground,-13114,0,7
2026-09-12T04:29:05.312962368Z,2.428897,117.755088,Cloud to Ground,40393,0,22
2026-09-12T04:29:05.141191403Z,2.426878,117.755723,Cloud to Ground,136783,0,27
2026-09-12T04:29:11.235551809Z,8.800488,117.642823,Cloud to Cloud,-20227,5391,9
2026-09-12T04:29:11.240870497Z,8.862795,117.606093,Cloud to Ground,24651,0,7
2026-09-12T04:29:13.298565992Z,9.602238,124.168886,Cloud to Ground,-20747,0,9
2026-09-12T04:29:13.277046853Z,10.246405,123.811459,Cloud to Cloud,-20325,19215,8
2026-09-12T04:29:15.338860000Z,16.9851,112.1292,Cloud to Ground,19888,0,5
2026-09-12T04:29:16.805564749Z,10.352989,125.014696,Cloud to Cloud,10234,3096,7
2026-09-12T04:29:16.840681000Z,10.4364,123.7843,Cloud to Ground,14320,0,7
2026-09-12T04:29:16.568496261Z,10.378652,123.850103,Cloud to Cloud,15174,18408,7
2026-09-12T04:29:17.770523730Z,5.493516,110.989003,Cloud to Ground,-23057,0,10
2026-09-12T04:29:17.769364581Z,5.531852,110.965547,Cloud to Ground,-20657,0,18
2026-09-12T04:29:17.772073716Z,5.525055,110.982812,Cloud to Ground,-20443,0,18
2026-09-12T04:29:19.626472000Z,7.5329,124.3325,Cloud to Ground,15418,0,5
2026-09-12T04:29:20.838573049Z,2.484608,117.680727,Cloud to Cloud,-18008,3742,20
2026-09-12T04:29:20.048430962Z,2.31898,117.732588,Cloud to Ground,-16591,0,10
2026-09-12T04:29:25.725028000Z,12.0099,123.8488,Cloud to Ground,9975,0,5
2026-09-12T04:29:25.458441000Z,11.9441,123.8032,Cloud to Ground,12136,0,7
2026-09-12T04:29:27.266378000Z,12.0609,123.6127,Cloud to Ground,6564,0,5
2026-09-12T04:29:27.243904780Z,12.113181,123.681875,Cloud to Cloud,18830,10399,10
2026-09-12T04:29:30.296042912Z,10.295306,123.817836,Cloud to Ground,-38256,0,11
2026-09-12T04:29:30.197937342Z,10.25892,123.84553,Cloud to Cloud,-32078,19607,7
2026-09-12T04:29:30.341919027Z,10.298054,123.806821,Cloud to Ground,-24930,0,8
2026-09-12T04:29:30.468330071Z,10.365774,123.778365,Cloud to Ground,-19881,0,20
2026-09-12T04:29:31.572754628Z,10.471322,123.368314,Cloud to Cloud,-2757,17268,5
2026-09-12T04:29:31.626221000Z,10.5271,123.2708,Cloud to Ground,-8007,0,8
2026-09-12T04:29:32.331580420Z,2.428764,117.748085,Cloud to Cloud,20399,19240,14
2026-09-12T04:29:32.401709925Z,2.369825,117.753737,Cloud to Ground,21884,0,23
2026-09-12T04:29:34.851289123Z,7.742037,123.179328,Cloud to Ground,-21225,0,9
2026-09-12T04:29:34.884295000Z,7.713,123.1666,Cloud to Ground,-13981,0,5
2026-09-12T04:29:35.296623179Z,9.683673,124.208428,Cloud to Ground,28955,0,10
2026-09-12T04:29:35.297290681Z,9.681029,124.211936,Cloud to Ground,39630,0,11
2026-09-12T04:29:35.135142000Z,10.4104,123.8247,Cloud to Ground,14319,0,8
2026-09-12T04:29:36.098632804Z,17.084642,111.727106,Cloud to Ground,18972,0,7
2026-09-12T04:29:36.096786506Z,17.06855,111.737755,Cloud to Ground,23990,0,10
2026-09-12T04:29:36.670319249Z,12.062878,120.059941,Cloud to Cloud,19538,7488,8
2026-09-12T04:29:36.836466000Z,9.9445,124.3561,Cloud to Ground,13872,0,5
2026-09-12T04:29:37.217116364Z,2.206923,112.55047,Cloud to Ground,-44812,0,13
2026-09-12T04:29:36.823162637Z,10.452425,123.372983,Cloud to Cloud,7808,19545,8
2026-09-12T04:29:36.885089793Z,10.462933,123.371999,Cloud to Cloud,15236,15242,7
2026-09-12T04:29:36.852070761Z,10.456605,123.373736,Cloud to Cloud,15851,5631,8
2026-09-12T04:29:37.033338265Z,10.432538,123.396475,Cloud to Cloud,16221,19980,7
2026-09-12T04:29:37.226142362Z,10.466159,123.374369,Cloud to Cloud,16529,8705,7
2026-09-12T04:29:37.255675295Z,10.452101,123.366985,Cloud to Cloud,16942,7231,7
2026-09-12T04:29:37.391501775Z,10.50841,123.342439,Cloud to Cloud,16966,3051,10
2026-09-12T04:29:37.158941847Z,10.458558,123.372162,Cloud to Cloud,16968,5426,6
2026-09-12T04:29:37.213461549Z,10.466345,123.375658,Cloud to Cloud,17633,17762,6
2026-09-12T04:29:37.134466884Z,10.459702,123.368123,Cloud to Cloud,20875,10000,13
2026-09-12T04:29:37.188326122Z,10.515758,123.332975,Cloud to Ground,22156,0,8
2026-09-12T04:29:37.360487625Z,10.46735,123.378088,Cloud to Ground,34342,0,12
2026-09-12T04:29:37.007361203Z,12.162173,120.088904,Cloud to Ground,-26643,0,9
2026-09-12T04:29:42.353148412Z,13.648139,123.815296,Cloud to Cloud,15821,4963,8
2026-09-12T04:29:42.372112736Z,13.727933,123.74507,Cloud to Cloud,-12413,13645,7
2026-09-12T04:29:44.984698254Z,16.444072,114.071189,Cloud to Ground,20478,0,6
2026-09-12T04:29:45.321175661Z,10.366793,123.77975,Cloud to Ground,29200,0,12
2026-09-12T04:30:27.559875079Z,2.401598,117.707689,Cloud to Ground,18444,0,8
2026-09-12T04:30:27.569862822Z,2.492396,117.701438,Cloud to Cloud,-12809,15356,23
2026-09-12T04:30:27.052376051Z,11.993355,123.892446,Cloud to Cloud,33855,12303,9
2026-09-12T04:30:30.370904000Z,10.3197,123.7671,Cloud to Ground,-10612,0,5
2026-09-12T04:30:30.362880973Z,10.288552,123.814737,Cloud to Cloud,14275,3118,11
2026-09-12T04:30:31.204515973Z,12.084309,123.754555,Cloud to Ground,-19485,0,12
2026-09-12T04:30:30.964940551Z,11.978274,123.881191,Cloud to Cloud,-6604,5749,7
2026-09-12T04:30:31.043669207Z,11.93136,123.895605,Cloud to Cloud,16551,6175,12
2026-09-12T04:30:31.091372515Z,11.999103,123.878978,Cloud to Ground,32129,0,8
2026-09-12T04:30:32.553846000Z,21.1472,119.2963,Cloud to Ground,-93048,0,9
2026-09-12T04:30:32.519952752Z,21.170642,119.245136,Cloud to Cloud,6503,11870,5
2026-09-12T04:30:34.803345143Z,10.439991,123.382509,Cloud to Cloud,17907,10743,7
2026-09-12T04:30:34.831782352Z,10.44187,123.381031,Cloud to Cloud,18789,16420,8
2026-09-12T04:30:34.774939974Z,10.444503,123.380465,Cloud to Cloud,21508,9167,9
2026-09-12T04:30:34.787646838Z,10.421432,123.406484,Cloud to Ground,27067,0,7
2026-09-12T04:30:35.671346950Z,2.323189,117.733887,Cloud to Ground,-23062,0,13
2026-09-12T04:30:36.119348657Z,2.516318,117.911883,Cloud to Cloud,-13212,6552,19
2026-09-12T04:30:36.246527000Z,12.0922,120.139,Cloud to Ground,1576,0,5
2026-09-12T04:30:40.560669896Z,7.577286,124.33196,Cloud to Ground,-29359,0,13
2026-09-12T04:30:40.602888628Z,7.517986,124.337357,Cloud to Ground,16569,0,12
2026-09-12T04:30:41.139871012Z,11.372333,111.034136,Cloud to Ground,-16484,0,8
2026-09-12T04:30:41.207391000Z,11.3651,111.0375,Cloud to Ground,55594,0,9
2026-09-12T04:30:41.047368434Z,10.429512,123.366266,Cloud to Cloud,18518,6527,8
2026-09-12T04:30:41.900212000Z,10.6175,110.437,Cloud to Ground,-16009,0,8
2026-09-12T04:30:41.897632418Z,10.560287,110.411456,Cloud to Cloud,12361,19562,9
2026-09-12T04:30:46.610353133Z,20.136354,115.142354,Cloud to Cloud,13077,13590,6
2026-09-12T04:30:46.322198694Z,20.158199,115.167753,Cloud to Cloud,14097,11883,6
2026-09-12T04:30:46.739531000Z,10.536,124.9844,Cloud to Ground,-38644,0,8
2026-09-12T04:30:46.426786609Z,10.528157,124.998112,Cloud to Ground,-16993,0,19
2026-09-12T04:30:47.984907894Z,2.415065,117.695395,Cloud to Ground,31630,0,14
2026-09-12T04:30:48.105702687Z,2.435686,117.703349,Cloud to Ground,44120,0,20
2026-09-12T04:30:49.107082081Z,11.999996,123.885916,Cloud to Ground,-8929,0,8
2026-09-12T04:30:50.663811750Z,9.667813,124.146629,Cloud to Ground,22051,0,13
2026-09-12T04:30:50.667774763Z,9.670541,124.140571,Cloud to Ground,31823,0,11
2026-09-12T04:30:52.238947338Z,10.455675,123.390127,Cloud to Cloud,16469,13520,6
2026-09-12T04:30:52.222483663Z,10.460485,123.389037,Cloud to Cloud,17992,3262,8
2026-09-12T04:30:52.283355209Z,10.458086,123.39446,Cloud to Cloud,19265,19277,7
2026-09-12T04:30:52.127576738Z,10.452245,123.405262,Cloud to Cloud,21956,10486,8
2026-09-12T04:30:52.206575781Z,10.508728,123.368998,Cloud to Ground,24709,0,10
2026-09-12T04:30:53.724880206Z,10.281439,123.849658,Cloud to Ground,15551,0,5
2026-09-12T04:30:55.002354644Z,13.323861,123.616412,Cloud to Cloud,12373,6331,9
2026-09-12T04:30:56.521011000Z,10.3249,125.0037,Cloud to Ground,-13599,0,9
2026-09-12T04:30:57.177705038Z,2.405627,117.693205,Cloud to Cloud,9930,3435,6
2026-09-12T04:30:57.111828000Z,2.4288,117.6654,Cloud to Ground,11303,0,5
2026-09-12T04:30:57.959845244Z,10.218472,123.859143,Cloud to Cloud,-5900,11996,5
2026-09-12T04:31:00.316105727Z,12.094073,123.776603,Cloud to Ground,-32072,0,17
2026-09-12T04:31:00.215175000Z,12.0086,123.8389,Cloud to Ground,10650,0,8
2026-09-12T04:31:01.777531766Z,11.250567,122.205375,Cloud to Cloud,39016,3741,7
2026-09-12T04:31:01.775058490Z,11.260462,122.168624,Cloud to Ground,105175,0,11
2026-09-12T04:31:01.344530000Z,10.4178,123.7873,Cloud to Ground,-21793,0,5
2026-09-12T04:31:01.377471000Z,10.4117,123.7574,Cloud to Ground,13973,0,5
2026-09-12T04:31:01.153083344Z,10.383655,123.71338,Cloud to Ground,19203,0,7
2026-09-12T04:31:03.100273000Z,10.9232,124.7328,Cloud to Ground,-5082,0,5
2026-09-12T04:31:03.406654000Z,10.5188,123.338,Cloud to Ground,-8199,0,7
2026-09-12T04:31:06.439233986Z,12.540864,112.790756,Cloud to Ground,-74186,0,16
2026-09-12T04:31:06.440778281Z,12.526662,112.750001,Cloud to Cloud,-39716,3000,8
2026-09-12T04:31:06.444817266Z,12.546554,112.796157,Cloud to Ground,-16080,0,12
2026-09-12T04:31:06.447507910Z,12.5306,112.788057,Cloud to Cloud,-11784,3007,9
2026-09-12T04:31:06.441347104Z,12.506905,112.724087,Cloud to Ground,15975,0,9
2026-09-12T04:31:06.468906782Z,12.52284,112.733221,Cloud to Ground,16650,0,5
2026-09-12T04:31:06.455656032Z,12.533824,112.684665,Cloud to Ground,24358,0,7
2026-09-12T04:31:07.951740756Z,11.903044,123.875333,Cloud to Cloud,22575,10167,9
2026-09-12T04:31:08.460821221Z,2.507895,117.694683,Cloud to Cloud,12663,5098,10
2026-09-12T04:31:08.765970907Z,2.497092,117.70224,Cloud to Cloud,13597,3115,8
2026-09-12T04:31:08.344633026Z,2.430426,117.718675,Cloud to Ground,15103,0,7
2026-09-12T04:31:08.888541713Z,2.444101,117.729296,Cloud to Ground,20976,0,11
2026-09-12T04:31:08.687917654Z,2.437069,117.725738,Cloud to Ground,21750,0,11
2026-09-12T04:31:08.378785745Z,2.444147,117.729811,Cloud to Ground,24390,0,12
2026-09-12T04:31:08.750018601Z,2.436584,117.726024,Cloud to Ground,27562,0,10
2026-09-12T04:31:08.418522967Z,2.443265,117.728559,Cloud to Ground,28728,0,17
2026-09-12T04:31:08.313731013Z,2.455279,117.741335,Cloud to Ground,34702,0,19
2026-09-12T04:31:08.201564688Z,17.107252,111.80821,Cloud to Ground,-6803,0,6
2026-09-12T04:31:08.198885613Z,17.082908,111.842069,Cloud to Ground,14621,0,10
2026-09-12T04:31:08.200258564Z,17.089565,111.841737,Cloud to Cloud,18815,3005,10
2026-09-12T04:31:09.667661130Z,12.188373,119.994548,Cloud to Ground,-34316,0,8
2026-09-12T04:31:09.804743990Z,12.165818,120.022181,Cloud to Ground,-17759,0,9
2026-09-12T04:31:10.123920713Z,12.166768,120.015259,Cloud to Ground,-16323,0,9
2026-09-12T04:31:10.101645816Z,12.163352,120.015189,Cloud to Ground,-13505,0,10
2026-09-12T04:31:09.544621339Z,12.193863,119.994264,Cloud to Ground,-13017,0,6
2026-09-12T04:31:14.930224596Z,10.434034,123.394798,Cloud to Cloud,18797,3721,8
2026-09-12T04:31:15.737750934Z,11.884549,123.931421,Cloud to Cloud,53823,15027,7
2026-09-12T04:31:16.645444714Z,10.365319,123.868649,Cloud to Cloud,20914,12094,6
2026-09-12T04:31:16.536530677Z,10.471659,123.799142,Cloud to Cloud,-10749,5032,11
2026-09-12T04:31:18.222521531Z,9.662313,124.141938,Cloud to Ground,-21226,0,9
2026-09-12T04:31:18.273370000Z,9.697,124.0903,Cloud to Ground,12664,0,9
2026-09-12T04:31:20.776449014Z,16.525819,114.076245,Cloud to Ground,13773,0,6
2026-09-12T04:31:20.782566087Z,16.452335,114.150655,Cloud to Cloud,-24436,18937,9
2026-09-12T04:31:20.779537831Z,16.426832,114.053817,Cloud to Ground,41541,0,8
2026-09-12T04:31:20.827317000Z,8.8838,117.6251,Cloud to Ground,16431,0,5
2026-09-12T04:31:23.790876099Z,10.731005,110.447301,Cloud to Ground,-10842,0,6
2026-09-12T04:31:23.910759193Z,10.657844,110.55946,Cloud to Ground,-44703,0,11
2026-09-12T04:31:24.792946749Z,2.352563,117.806474,Cloud to Cloud,-23129,5269,14
2026-09-12T04:31:27.207700797Z,5.526486,110.98422,Cloud to Ground,-38170,0,18
2026-09-12T04:31:27.201454135Z,5.482907,110.990999,Cloud to Ground,37722,0,11
2026-09-12T04:31:27.225552000Z,5.5053,110.7784,Cloud to Ground,-12896,0,5
2026-09-12T04:31:28.423136000Z,5.524,110.3148,Cloud to Ground,-26159,0,8
2026-09-12T04:31:28.425351377Z,5.490594,110.34494,Cloud to Ground,18476,0,8
2026-09-12T04:31:28.561798293Z,5.482318,110.339112,Cloud to Ground,19113,0,7
2026-09-12T04:31:28.372761000Z,5.5297,110.332,Cloud to Ground,145921,0,6
2026-09-12T04:31:32.081367711Z,10.497641,123.317066,Cloud to Ground,14782,0,8
2026-09-12T04:31:31.923147000Z,10.5157,123.2427,Cloud to Ground,15161,0,6
2026-09-12T04:31:32.974188000Z,12.1609,119.9344,Cloud to Ground,6208,0,6
2026-09-12T04:31:33.019170968Z,12.114021,120.025834,Cloud to Cloud,-16775,3999,7
2026-09-12T04:31:34.350186524Z,10.762688,124.841924,Cloud to Cloud,-4867,13626,6
2026-09-12T04:31:34.766883185Z,10.309016,123.825264,Cloud to Cloud,16656,3005,6
2026-09-12T04:31:34.701931000Z,10.4336,123.7593,Cloud to Ground,-666,0,7
2026-09-12T04:31:35.819883203Z,7.521378,124.361769,Cloud to Ground,-9373,0,7
2026-09-12T04:31:38.241567563Z,2.398021,117.723924,Cloud to Ground,-16358,0,14
2026-09-12T04:31:38.176097092Z,2.397131,117.727676,Cloud to Ground,23582,0,20
2026-09-12T04:31:38.690116431Z,2.399986,117.733968,Cloud to Ground,27576,0,16
2026-09-12T04:31:40.488743758Z,10.499149,123.334019,Cloud to Ground,23152,0,11
2026-09-12T04:31:41.061168436Z,9.048447,123.013494,Cloud to Cloud,-20916,7624,8
2026-09-12T04:31:42.832158189Z,10.347371,123.848207,Cloud to Cloud,14627,7213,7
2026-09-12T04:31:42.758935491Z,10.410264,123.84085,Cloud to Ground,26838,0,7
2026-09-12T04:31:44.714688000Z,10.8219,124.8291,Cloud to Ground,-8394,0,6
2026-09-12T04:31:44.696890000Z,10.8142,124.8501,Cloud to Ground,-6953,0,5
2026-09-12T04:31:44.422587000Z,10.4841,123.7631,Cloud to Ground,12502,0,6
2026-09-12T04:31:47.026848132Z,2.392452,117.716882,Cloud to Ground,14348,0,11
2026-09-12T04:31:47.185723518Z,2.482261,117.692257,Cloud to Cloud,14799,14755,7
2026-09-12T04:31:47.615687692Z,10.381932,123.81909,Cloud to Ground,-60400,0,7
2026-09-12T04:31:47.595148409Z,10.320134,123.834723,Cloud to Cloud,-28235,7421,8
2026-09-12T04:31:47.636885000Z,10.4088,123.7483,Cloud to Ground,-21679,0,6
2026-09-12T04:31:48.521651292Z,11.93923,123.859152,Cloud to Cloud,11099,10506,8
2026-09-12T04:31:48.492708428Z,12.003088,123.866692,Cloud to Ground,18530,0,13
2026-09-12T04:31:49.076713216Z,12.076732,120.136563,Cloud to Cloud,-7312,5642,7
2026-09-12T04:31:48.931594393Z,12.054351,120.175746,Cloud to Cloud,16060,17653,8
2026-09-12T04:31:50.221952239Z,12.186607,119.988644,Cloud to Ground,-60045,0,12
2026-09-12T04:31:50.672996586Z,12.190127,120.015635,Cloud to Ground,-33385,0,10
2026-09-12T04:31:50.309131930Z,12.187422,120.016828,Cloud to Ground,-30559,0,11
2026-09-12T04:31:50.242084661Z,12.20504,119.984531,Cloud to Cloud,-16084,17072,7
2026-09-12T04:31:50.200258650Z,12.136633,120.050461,Cloud to Cloud,-15058,19506,6
2026-09-12T04:31:50.354092000Z,12.197,120.0085,Cloud to Ground,-14972,0,5
2026-09-12T04:31:50.672103019Z,12.050049,120.059941,Cloud to Cloud,-14227,4874,7
2026-09-12T04:31:52.992621033Z,9.654663,124.104463,Cloud to Ground,-11856,0,7
2026-09-12T04:31:52.501374304Z,9.648195,124.149164,Cloud to Ground,22856,0,8
2026-09-12T04:31:52.550914000Z,9.7045,124.0103,Cloud to Ground,-2286,0,5
2026-09-12T04:31:52.874925271Z,12.11006,120.063238,Cloud to Cloud,17532,12250,7
2026-09-12T04:31:53.037625437Z,12.186537,119.992428,Cloud to Ground,-12585,0,9
2026-09-12T04:31:55.458816817Z,2.363769,117.757556,Cloud to Ground,17031,0,11
2026-09-12T04:32:01.003007000Z,10.7453,124.859,Cloud to Ground,-5831,0,6
2026-09-12T04:32:03.297511523Z,2.148248,117.760435,Cloud to Cloud,-16020,6445,14
2026-09-12T04:32:03.299074986Z,2.328422,117.698721,Cloud to Ground,-15103,0,8
2026-09-12T04:32:03.156773969Z,10.514657,123.330323,Cloud to Ground,13849,0,6
2026-09-12T04:32:04.507553089Z,2.487443,117.681088,Cloud to Cloud,-13060,7976,9
2026-09-12T04:32:10.507426975Z,15.611583,124.008843,Cloud to Cloud,17309,19797,13
2026-09-12T04:32:10.242124109Z,15.618738,124.03672,Cloud to Ground,20370,0,11
2026-09-12T04:32:11.299745955Z,2.46544,117.674914,Cloud to Cloud,-17935,6768,18
2026-09-12T04:32:11.677091000Z,12.1965,119.9521,Cloud to Ground,10055,0,7
2026-09-12T04:32:16.106408667Z,10.345545,123.884055,Cloud to Cloud,22226,15392,7
2026-09-12T04:32:17.777606239Z,2.381194,117.764868,Cloud to Ground,-24679,0,14
2026-09-12T04:32:17.900044000Z,10.819,124.7939,Cloud to Ground,3478,0,5
2026-09-12T04:32:18.227081532Z,10.469788,123.399854,Cloud to Cloud,-26702,6420,7
2026-09-12T04:32:18.106092000Z,10.5033,123.3229,Cloud to Ground,-22776,0,6
2026-09-12T04:32:22.116716082Z,10.792234,124.754441,Cloud to Cloud,-11265,11414,18
2026-09-12T04:32:23.083768966Z,10.481388,123.303714,Cloud to Cloud,-10259,18099,8
2026-09-12T04:32:26.160782618Z,12.127888,120.022499,Cloud to Ground,-20619,0,10
2026-09-12T04:32:26.329315525Z,12.053588,120.031227,Cloud to Cloud,-15075,17965,6
2026-09-12T04:32:27.335862602Z,9.760189,124.128016,Cloud to Cloud,-14671,5277,8
2026-09-12T04:32:27.846486124Z,10.487302,124.879383,Cloud to Ground,-34363,0,22
2026-09-12T04:32:27.140517607Z,16.495095,114.133867,Cloud to Ground,-12930,0,6
2026-09-12T04:32:27.098431860Z,16.549511,114.087881,Cloud to Ground,15836,0,7
2026-09-12T04:32:27.119848020Z,16.461145,114.146637,Cloud to Ground,21874,0,15
2026-09-12T04:32:30.596912656Z,2.390521,117.703265,Cloud to Cloud,12541,19322,9
2026-09-12T04:32:30.649866756Z,2.474558,117.702304,Cloud to Ground,14413,0,8
2026-09-12T04:32:31.025704254Z,2.401537,117.719924,Cloud to Ground,23477,0,16
2026-09-12T04:32:30.379932383Z,2.400471,117.719776,Cloud to Ground,42022,0,19
2026-09-12T04:32:30.495553737Z,2.400231,117.698978,Cloud to Ground,50834,0,18
2026-09-12T04:32:33.023251756Z,10.462665,123.748623,Cloud to Ground,-22073,0,10
2026-09-12T04:32:33.052165269Z,10.328479,123.797517,Cloud to Cloud,35002,18646,6
2026-09-12T04:32:35.324045602Z,10.624865,110.424032,Cloud to Ground,31363,0,11
2026-09-12T04:32:38.802488508Z,2.515164,117.679737,Cloud to Cloud,-20484,4360,8
2026-09-12T04:32:38.955699217Z,2.384681,117.68738,Cloud to Cloud,13034,6379,7
2026-09-12T04:32:38.985556635Z,2.3337,117.630269,Cloud to Cloud,14661,4401,18
2026-09-12T04:32:38.193811574Z,12.03389,123.879999,Cloud to Ground,35186,0,8
2026-09-12T04:32:38.159206625Z,12.108312,120.035682,Cloud to Cloud,4849,18577,6
2026-09-12T04:32:40.152075000Z,9.6864,122.4731,Cloud to Ground,6639,0,7
2026-09-12T04:32:42.510631916Z,2.399028,117.713572,Cloud to Ground,15000,0,6
2026-09-12T04:32:44.721923000Z,10.6977,110.4667,Cloud to Ground,-30345,0,6
2026-09-12T04:32:45.200609000Z,12.0411,123.8149,Cloud to Ground,-8303,0,7
2026-09-12T04:32:47.037086017Z,10.490389,123.374703,Cloud to Cloud,-13395,3006,7
2026-09-12T04:32:47.076522134Z,10.454946,123.385631,Cloud to Cloud,13600,12823,7
2026-09-12T04:32:46.987743021Z,10.462487,123.391139,Cloud to Cloud,18116,17925,7
2026-09-12T04:32:47.826772947Z,12.193329,119.975168,Cloud to Cloud,8832,3108,7
2026-09-12T04:32:47.822577223Z,12.134023,120.042165,Cloud to Cloud,20573,17267,8
2026-09-12T04:32:50.126068646Z,10.338328,123.786442,Cloud to Ground,-33397,0,9
2026-09-12T04:32:50.055828170Z,10.353873,123.79507,Cloud to Ground,-22951,0,9
2026-09-12T04:32:51.600398475Z,8.868323,117.598146,Cloud to Ground,17761,0,8
2026-09-12T04:32:52.361357961Z,10.751851,124.764944,Cloud to Cloud,7775,7822,7
2026-09-12T04:32:53.359750000Z,12.038,123.7892,Cloud to Ground,7430,0,5
2026-09-12T04:32:54.809702227Z,10.503258,123.334569,Cloud to Cloud,14545,14795,8
2026-09-12T04:32:55.749380584Z,12.044235,120.089091,Cloud to Cloud,16286,3319,7
2026-09-12T04:32:56.840218000Z,5.1279,110.3465,Cloud to Ground,-13139,0,5
2026-09-12T04:32:56.664513000Z,9.6812,124.1326,Cloud to Ground,16817,0,5
2026-09-12T04:33:00.191189430Z,15.664721,123.953644,Cloud to Ground,30643,0,16
2026-09-12T04:33:00.134240103Z,10.396649,123.83531,Cloud to Ground,-20222,0,10
2026-09-12T04:33:00.232194000Z,10.4045,123.7942,Cloud to Ground,3402,0,6
2026-09-12T04:33:00.360440885Z,10.483223,123.807406,Cloud to Ground,18074,0,12
2026-09-12T04:33:01.896817011Z,2.483873,117.672924,Cloud to Ground,-18330,0,18
2026-09-12T04:33:01.882222000Z,2.4131,117.6678,Cloud to Ground,12966,0,5
2026-09-12T04:33:01.531817382Z,10.456403,123.353317,Cloud to Cloud,15513,5543,9
2026-09-12T04:33:02.845719938Z,12.188362,119.996122,Cloud to Ground,-37083,0,11
2026-09-12T04:33:02.898711503Z,12.182109,120.016086,Cloud to Ground,-31456,0,9
2026-09-12T04:33:02.782008995Z,12.196067,120.003285,Cloud to Ground,-25829,0,7
2026-09-12T04:33:02.951034000Z,12.1946,119.9741,Cloud to Ground,-16926,0,8
2026-09-12T04:33:03.140760420Z,12.186219,119.994718,Cloud to Ground,-14709,0,8
2026-09-12T04:33:03.344445015Z,12.131979,119.985372,Cloud to Cloud,13274,17683,5
2026-09-12T04:33:03.141227802Z,12.117362,120.058053,Cloud to Cloud,15296,16090,8
2026-09-12T04:33:03.388984775Z,11.911518,123.895343,Cloud to Cloud,-14650,7928,7
2026-09-12T04:33:03.183164000Z,10.5347,123.2512,Cloud to Ground,11203,0,5
2026-09-12T04:33:04.836302225Z,2.314192,117.670861,Cloud to Ground,14717,0,10
2026-09-12T04:33:05.993857494Z,10.346349,123.788575,Cloud to Ground,34162,0,10
2026-09-12T04:33:05.018168286Z,11.09094,122.196017,Cloud to Cloud,22152,12925,10
2026-09-12T04:33:05.020430000Z,11.1583,122.086,Cloud to Ground,10962,0,5
2026-09-12T04:33:08.604215955Z,2.409019,117.694019,Cloud to Ground,14056,0,9
2026-09-12T04:33:08.730762888Z,2.404999,117.689489,Cloud to Ground,37489,0,13
2026-09-12T04:33:08.043509268Z,10.4389,123.427386,Cloud to Cloud,13913,16698,7
2026-09-12T04:33:10.389131588Z,10.548183,110.374448,Cloud to Ground,11926,0,7
2026-09-12T04:33:10.389871830Z,10.580375,110.422113,Cloud to Cloud,13542,4488,9
2026-09-12T04:33:10.922055652Z,10.585034,110.373357,Cloud to Ground,19389,0,8
2026-09-12T04:33:10.414476563Z,10.59376,110.437774,Cloud to Ground,26831,0,11
2026-09-12T04:33:11.122832000Z,10.5879,110.5107,Cloud to Ground,-53167,0,8
2026-09-12T04:33:14.077632589Z,10.48522,123.327654,Cloud to Ground,-17463,0,10
2026-09-12T04:33:15.748295940Z,12.011023,120.142165,Cloud to Ground,28816,0,8
2026-09-12T04:33:15.158287543Z,15.60764,124.057906,Cloud to Cloud,12044,13694,11
2026-09-12T04:33:23.608515102Z,12.162603,120.01566,Cloud to Cloud,10434,5248,7
2026-09-12T04:33:23.410210677Z,12.103711,120.076875,Cloud to Cloud,19326,18702,6
2026-09-12T04:33:24.782243439Z,9.980716,112.513805,Cloud to Cloud,16152,6201,9
2026-09-12T04:33:24.780877665Z,10.035224,112.530591,Cloud to Ground,27905,0,8
2026-09-12T04:33:24.925895083Z,10.089615,112.664602,Cloud to Ground,-26448,0,12
2026-09-12T04:33:24.693062725Z,10.032037,112.650605,Cloud to Cloud,14425,14446,8
2026-09-12T04:33:28.864176631Z,13.100619,123.616678,Cloud to Ground,20594,0,11
2026-09-12T04:33:28.659319000Z,10.6738,110.4728,Cloud to Ground,-79263,0,7
2026-09-12T04:33:28.725240000Z,10.7267,110.5021,Cloud to Ground,-53655,0,6
2026-09-12T04:33:28.687202613Z,10.67159,110.451584,Cloud to Ground,-21250,0,10
2026-09-12T04:33:30.054935573Z,10.371068,123.851498,Cloud to Cloud,15317,15746,7
2026-09-12T04:33:35.045783000Z,10.4089,123.3632,Cloud to Ground,5800,0,6
2026-09-12T04:33:36.891736517Z,12.101652,120.03502,Cloud to Cloud,-20831,19626,9
2026-09-12T04:33:36.674025262Z,12.160882,120.019083,Cloud to Cloud,-16924,14504,12
2026-09-12T04:33:37.179840000Z,12.1753,119.9215,Cloud to Ground,15030,0,5
2026-09-12T04:33:36.510743511Z,12.190028,120.00648,Cloud to Cloud,21216,3871,6
2026-09-12T04:33:36.728748373Z,12.094159,120.03993,Cloud to Ground,30218,0,11
2026-09-12T04:33:36.287055000Z,10.7694,124.905,Cloud to Ground,529,0,6
2026-09-12T04:33:37.738766348Z,2.501479,117.718923,Cloud to Ground,22419,0,6
2026-09-12T04:33:37.555814639Z,2.42396,117.72777,Cloud to Ground,25830,0,12
2026-09-12T04:33:37.264845039Z,2.504408,117.715554,Cloud to Ground,34601,0,16
2026-09-12T04:33:37.762758280Z,2.502253,117.720449,Cloud to Ground,35984,0,14
2026-09-12T04:33:37.151035480Z,2.430874,117.736386,Cloud to Ground,73975,0,37
2026-09-12T04:33:37.425945289Z,2.43932,117.747145,Cloud to Ground,135403,0,25
2026-09-12T04:33:37.202503097Z,2.323815,117.770427,Cloud to Ground,24492,0,18
2026-09-12T04:33:39.825243984Z,10.686702,124.904686,Cloud to Cloud,18322,6094,7
2026-09-12T04:33:39.095977793Z,17.108018,111.812827,Cloud to Ground,11959,0,8
2026-09-12T04:33:39.096402143Z,17.110421,111.862193,Cloud to Cloud,16097,10102,9
2026-09-12T04:33:43.097818000Z,2.4388,117.6444,Cloud to Ground,-36019,0,6
2026-09-12T04:33:43.119268529Z,2.477707,117.677561,Cloud to Ground,-33294,0,25
2026-09-12T04:33:43.470813941Z,2.378793,117.701709,Cloud to Ground,-18402,0,11
2026-09-12T04:33:43.369908394Z,2.397204,117.698881,Cloud to Ground,-13175,0,8
2026-09-12T04:33:43.235745000Z,10.4861,123.762,Cloud to Ground,-45679,0,6
2026-09-12T04:33:44.849902252Z,12.000919,123.863833,Cloud to Cloud,-16028,4505,8
2026-09-12T04:33:44.010228846Z,10.459461,123.356465,Cloud to Cloud,20258,15268,6
2026-09-12T04:33:45.331446109Z,10.425374,123.403505,Cloud to Cloud,7384,7386,6
2026-09-12T04:33:45.300664593Z,10.426949,123.408742,Cloud to Cloud,17247,3015,9
2026-09-12T04:33:46.562150246Z,9.572563,124.171087,Cloud to Cloud,23099,5065,13
2026-09-12T04:33:46.616894000Z,9.6308,124.0356,Cloud to Ground,24113,0,5
2026-09-12T04:33:48.880868654Z,2.389719,117.717013,Cloud to Cloud,-23741,7394,20
2026-09-12T04:33:48.922936413Z,2.40172,117.715357,Cloud to Cloud,-15666,13436,8
2026-09-12T04:33:49.198066111Z,15.579643,124.029639,Cloud to Cloud,-28545,6166,7
2026-09-12T04:33:48.985865312Z,15.593255,124.003296,Cloud to Cloud,9982,17907,7
2026-09-12T04:33:49.678243584Z,12.13766,120.01985,Cloud to Cloud,-14918,9833,6
2026-09-12T04:33:50.205824126Z,10.205529,123.850892,Cloud to Cloud,20754,7192,10
2026-09-12T04:33:51.862273745Z,10.276578,123.813655,Cloud to Cloud,11507,16880,6
2026-09-12T04:33:51.422850677Z,10.565233,123.24399,Cloud to Ground,-18628,0,16
2026-09-12T04:33:51.363627000Z,10.5756,123.2346,Cloud to Ground,-16150,0,6
2026-09-12T04:33:55.288296422Z,12.032752,123.873838,Cloud to Cloud,10807,14791,6
2026-09-12T04:33:57.703495000Z,7.5356,124.3048,Cloud to Ground,-5966,0,5
2026-09-12T04:33:57.717624000Z,7.5321,124.3454,Cloud to Ground,8646,0,5
2026-09-12T04:33:59.773322000Z,10.3319,123.7604,Cloud to Ground,6302,0,7
2026-09-12T04:33:59.127840000Z,12.1298,120.0596,Cloud to Ground,-12954,0,6
2026-09-12T04:34:00.885217000Z,10.7969,124.8577,Cloud to Ground,1833,0,5
2026-09-12T04:34:03.519184377Z,11.94707,123.92782,Cloud to Cloud,13615,9699,6
2026-09-12T04:34:05.116714739Z,10.348958,123.88243,Cloud to Cloud,14606,14709,6
2026-09-12T04:34:05.897049458Z,10.467314,123.369126,Cloud to Cloud,14563,18812,7
2026-09-12T04:34:09.383254000Z,10.3881,123.8243,Cloud to Ground,17002,0,7
2026-09-12T04:34:09.440659502Z,10.307793,123.84457,Cloud to Ground,56827,0,9
2026-09-12T04:34:09.902359000Z,10.8038,124.8014,Cloud to Ground,-8903,0,7
2026-09-12T04:34:10.885980172Z,16.498664,114.151645,Cloud to Cloud,11848,6555,6
2026-09-12T04:34:11.393691930Z,16.457409,114.086139,Cloud to Ground,14657,0,7
2026-09-12T04:34:10.887536373Z,16.450289,114.081368,Cloud to Ground,17218,0,7
2026-09-12T04:34:11.694165963Z,12.174151,119.995292,Cloud to Ground,-17851,0,8
2026-09-12T04:34:14.374177000Z,12.0704,123.8631,Cloud to Ground,4936,0,5
2026-09-12T04:34:14.667868071Z,12.031671,123.78641,Cloud to Ground,17227,0,8
2026-09-12T04:34:14.406164889Z,11.992535,123.902827,Cloud to Ground,22513,0,7
2026-09-12T04:34:18.782586283Z,2.44338,117.699025,Cloud to Ground,18518,0,6
2026-09-12T04:34:20.082655599Z,9.120529,122.983141,Cloud to Ground,26198,0,13
2026-09-12T04:34:22.008237757Z,15.62585,124.017984,Cloud to Ground,22239,0,10
2026-09-12T04:34:22.251819006Z,12.161533,120.000931,Cloud to Cloud,5787,19399,6
2026-09-12T04:34:22.091814577Z,12.123934,120.041147,Cloud to Cloud,14403,13694,7
2026-09-12T04:34:22.930439000Z,11.9902,123.8009,Cloud to Ground,23679,0,7
2026-09-12T04:34:25.685027420Z,12.108027,120.027693,Cloud to Cloud,9334,17152,5
2026-09-12T04:34:26.946935412Z,10.648564,110.530709,Cloud to Cloud,-13615,10847,6
2026-09-12T04:34:26.914576028Z,10.65007,110.347773,Cloud to Cloud,-13744,19831,8
2026-09-12T04:34:27.406414052Z,12.01223,123.750544,Cloud to Cloud,18488,6200,16
2026-09-12T04:34:27.195260000Z,10.7454,110.4121,Cloud to Ground,59319,0,9
2026-09-12T04:34:28.665664067Z,7.500608,124.352275,Cloud to Ground,33662,0,7
2026-09-12T04:34:28.176948489Z,15.626672,124.095857,Cloud to Ground,-55554,0,11
2026-09-12T04:34:28.422425889Z,15.636313,124.093834,Cloud to Ground,-31074,0,12
2026-09-12T04:34:28.393668587Z,15.58737,124.135247,Cloud to Ground,-12849,0,7
2026-09-12T04:34:28.013580905Z,15.618656,124.066787,Cloud to Ground,14830,0,10
2026-09-12T04:34:28.474598730Z,10.349247,123.860356,Cloud to Ground,42107,0,8
2026-09-12T04:34:28.371716000Z,12.111,123.8427,Cloud to Ground,22098,0,7
2026-09-12T04:34:30.549946003Z,10.49401,123.344887,Cloud to Ground,-12229,0,8
2026-09-12T04:34:30.525724571Z,10.515881,123.342445,Cloud to Cloud,11681,7143,10
2026-09-12T04:34:30.600275000Z,11.9123,123.7897,Cloud to Ground,5865,0,5
2026-09-12T04:34:32.824001000Z,10.3347,123.8061,Cloud to Ground,-11409,0,6
2026-09-12T04:34:33.278411000Z,10.4264,123.8632,Cloud to Ground,-10829,0,5
2026-09-12T04:34:33.376890000Z,10.4269,123.7956,Cloud to Ground,-4125,0,5
2026-09-12T04:34:34.900908137Z,12.170887,120.019855,Cloud to Ground,-18139,0,9
2026-09-12T04:34:34.840279722Z,12.181237,120.004053,Cloud to Ground,-17297,0,10
2026-09-12T04:34:34.982677000Z,12.1655,119.9679,Cloud to Ground,-15047,0,9
2026-09-12T04:34:35.488858267Z,12.163907,119.99215,Cloud to Ground,-12268,0,7
2026-09-12T04:34:35.381160921Z,12.187578,119.989881,Cloud to Ground,-12079,0,8
2026-09-12T04:34:35.196444217Z,12.152796,119.988767,Cloud to Ground,-10241,0,7
2026-09-12T04:34:39.865160651Z,2.438922,117.656663,Cloud to Cloud,-11263,15530,13
2026-09-12T04:34:39.228960813Z,10.458861,123.385358,Cloud to Cloud,15777,7340,9
2026-09-12T04:34:40.257484000Z,12.0345,123.8078,Cloud to Ground,41989,0,9
2026-09-12T04:34:43.464581000Z,9.6415,124.0764,Cloud to Ground,-294707,0,6
2026-09-12T04:34:43.644418374Z,9.740745,124.062023,Cloud to Ground,-48575,0,10
2026-09-12T04:34:43.713450413Z,9.742832,124.083044,Cloud to Ground,-36230,0,22
2026-09-12T04:34:43.743104972Z,9.676677,124.13808,Cloud to Ground,-26914,0,19
2026-09-12T04:34:43.666401000Z,9.7092,124.1481,Cloud to Ground,-22174,0,6
2026-09-12T04:34:43.848469000Z,9.6402,124.0735,Cloud to Ground,-21411,0,7
2026-09-12T04:34:44.330934000Z,9.7109,124.1128,Cloud to Ground,-17493,0,5
2026-09-12T04:34:43.476034679Z,9.723176,124.077242,Cloud to Cloud,16412,7603,14
2026-09-12T04:34:44.234300790Z,9.741846,124.091909,Cloud to Ground,25042,0,10
2026-09-12T04:34:47.194703000Z,10.3623,123.7321,Cloud to Ground,-6716,0,6
2026-09-12T04:34:48.908003479Z,12.156805,120.12576,Cloud to Ground,-19862,0,11
2026-09-12T04:34:50.966373093Z,12.136042,120.023912,Cloud to Cloud,-9607,18316,7
2026-09-12T04:34:50.782367000Z,12.1828,120.0016,Cloud to Ground,14226,0,8
2026-09-12T04:34:51.453354666Z,2.395271,117.715113,Cloud to Ground,13546,0,8
2026-09-12T04:34:51.408836152Z,2.404789,117.728818,Cloud to Ground,35145,0,21
2026-09-12T04:34:51.352268466Z,2.395056,117.712353,Cloud to Ground,67600,0,21
2026-09-12T04:34:52.053030212Z,22.528205,118.660201,Cloud to Ground,10489,0,6
2026-09-12T04:34:52.056841301Z,22.506084,118.6489,Cloud to Cloud,14723,19766,9
2026-09-12T04:34:52.079098253Z,22.506898,118.641989,Cloud to Ground,29697,0,8
2026-09-12T04:34:52.387595000Z,10.8023,124.8051,Cloud to Ground,-8238,0,5
2026-09-12T04:34:53.763542719Z,10.496112,123.339602,Cloud to Ground,-30828,0,12
2026-09-12T04:34:53.813082000Z,10.5329,123.3424,Cloud to Ground,8536,0,5
2026-09-12T04:34:56.557039807Z,10.450478,125.083881,Cloud to Cloud,24686,18034,7
2026-09-12T04:34:56.694039780Z,10.760306,124.743857,Cloud to Cloud,-12199,12548,12
2026-09-12T04:34:57.782686476Z,12.08996,120.056276,Cloud to Cloud,-16422,19369,6
2026-09-12T04:34:58.709145690Z,10.503349,123.338512,Cloud to Ground,-15655,0,13
2026-09-12T04:34:58.915048307Z,10.432436,123.373693,Cloud to Cloud,21899,4003,12
2026-09-12T04:35:01.119020025Z,2.346392,117.750764,Cloud to Cloud,-11935,4296,10
2026-09-12T04:35:00.834694697Z,2.325052,117.743711,Cloud to Ground,13099,0,9
2026-09-12T04:35:00.277129000Z,10.4082,125.0285,Cloud to Ground,-9215,0,5
2026-09-12T04:35:02.711859451Z,10.544824,123.306243,Cloud to Ground,-19423,0,6
2026-09-12T04:35:04.298836000Z,10.7424,110.528,Cloud to Ground,-43088,0,12
2026-09-12T04:35:08.191206370Z,10.458524,123.384677,Cloud to Cloud,19272,8665,10
2026-09-12T04:35:08.562932000Z,7.5062,124.3662,Cloud to Ground,-11741,0,5
2026-09-12T04:35:09.658690023Z,2.453124,117.672254,Cloud to Cloud,-14423,5349,12
2026-09-12T04:35:09.902635230Z,2.323798,117.738262,Cloud to Ground,-21646,0,18
2026-09-12T04:35:09.779808110Z,2.345771,117.697057,Cloud to Ground,15260,0,6
2026-09-12T04:35:09.754220390Z,10.464921,123.367826,Cloud to Ground,-20726,0,12
2026-09-12T04:35:10.047495890Z,10.370414,123.880259,Cloud to Ground,-24013,0,8
2026-09-12T04:35:10.006325240Z,10.355785,123.899912,Cloud to Cloud,14155,16844,7
2026-09-12T04:35:12.770415854Z,12.025779,123.88507,Cloud to Ground,24601,0,6
2026-09-12T04:35:13.097734668Z,10.546755,123.35831,Cloud to Ground,24324,0,10
2026-09-12T04:35:13.866193061Z,10.504064,123.328957,Cloud to Ground,27351,0,8
2026-09-12T04:35:14.889390461Z,12.117592,120.026447,Cloud to Cloud,-19299,17019,7
2026-09-12T04:35:14.813781007Z,12.143695,120.111333,Cloud to Ground,11925,0,7
2026-09-12T04:35:14.677891827Z,12.04695,120.099238,Cloud to Cloud,-19296,6750,8
2026-09-12T04:35:15.265342358Z,12.013908,123.850477,Cloud to Ground,45144,0,8
2026-09-12T04:35:16.924704804Z,15.525612,124.060445,Cloud to Cloud,13065,4915,11
2026-09-12T04:35:16.845284267Z,15.604388,124.038681,Cloud to Ground,26089,0,11
2026-09-12T04:35:17.399907000Z,12.0169,123.8567,Cloud to Ground,12675,0,8
2026-09-12T04:35:18.264215000Z,10.4045,123.7686,Cloud to Ground,25577,0,5
2026-09-12T04:35:19.354142000Z,10.4344,123.7685,Cloud to Ground,-23741,0,5
2026-09-12T04:35:20.951540000Z,9.1761,122.9547,Cloud to Ground,-5498,0,6
2026-09-12T04:35:20.752571547Z,9.121492,123.024519,Cloud to Ground,30901,0,14
2026-09-12T04:35:24.661537868Z,12.126731,120.026754,Cloud to Cloud,-20427,10830,7
2026-09-12T04:35:24.513323254Z,12.087094,120.060575,Cloud to Cloud,14305,4316,8
2026-09-12T04:35:24.447332403Z,12.099295,120.044056,Cloud to Cloud,24915,17865,7
2026-09-12T04:35:24.542064897Z,12.002949,123.743891,Cloud to Cloud,18199,3364,13
2026-09-12T04:35:25.309812902Z,12.059792,120.171419,Cloud to Ground,-39274,0,9
2026-09-12T04:35:25.346274444Z,12.137038,120.135957,Cloud to Ground,-21791,0,10
2026-09-12T04:35:26.654185092Z,2.266879,117.685422,Cloud to Ground,-16238,0,11
2026-09-12T04:35:26.625972865Z,2.323657,117.684793,Cloud to Ground,10871,0,8
2026-09-12T04:35:26.802224046Z,12.045238,123.774375,Cloud to Cloud,15796,3547,12
2026-09-12T04:35:27.619455495Z,12.021957,123.868325,Cloud to Ground,45876,0,8
2026-09-12T04:35:30.592340158Z,12.039808,120.094688,Cloud to Ground,-19015,0,10
2026-09-12T04:35:30.591244333Z,12.063023,120.09,Cloud to Cloud,-15398,18293,6
2026-09-12T04:35:32.811008727Z,10.346608,123.888721,Cloud to Cloud,-16983,16215,6
2026-09-12T04:35:33.010461000Z,10.7885,124.8863,Cloud to Ground,-1448,0,5
2026-09-12T04:35:36.003521461Z,2.425137,117.775109,Cloud to Cloud,-16564,3440,14
2026-09-12T04:35:35.849332135Z,2.368042,117.824856,Cloud to Ground,12027,0,13
2026-09-12T04:35:35.198199163Z,2.417542,117.73405,Cloud to Ground,-16537,0,20
2026-09-12T04:35:35.178709640Z,2.423748,117.736862,Cloud to Cloud,-15532,3952,18
2026-09-12T04:35:35.760654593Z,10.306076,123.87145,Cloud to Cloud,14453,4253,7
2026-09-12T04:35:36.486362000Z,10.6839,124.8869,Cloud to Ground,-6201,0,6
2026-09-12T04:35:37.197720054Z,1.910757,117.767108,Cloud to Cloud,-20115,4258,10
2026-09-12T04:35:38.696381000Z,11.2238,125.344,Cloud to Ground,-17297,0,11
2026-09-12T04:35:38.578036000Z,11.1994,125.3538,Cloud to Ground,-316,0,6
2026-09-12T04:35:39.438016554Z,10.712659,124.842761,Cloud to Cloud,13010,8674,8
2026-09-12T04:35:39.645539416Z,10.463884,123.3846,Cloud to Cloud,14374,16051,8
2026-09-12T04:35:39.704220000Z,10.5334,123.2728,Cloud to Ground,-13904,0,6
2026-09-12T04:35:39.074109000Z,11.9979,123.7426,Cloud to Ground,4856,0,5
2026-09-12T04:35:40.676472000Z,16.5052,114.1334,Cloud to Ground,-55312,0,5
2026-09-12T04:35:40.702216044Z,16.470038,114.159006,Cloud to Ground,-23490,0,13
2026-09-12T04:35:40.678265457Z,16.487053,114.159257,Cloud to Cloud,-20792,3028,11
2026-09-12T04:35:40.682766351Z,16.476301,114.145823,Cloud to Cloud,-14287,6878,7
2026-09-12T04:35:40.674295920Z,16.558952,114.095068,Cloud to Ground,17531,0,7
2026-09-12T04:35:42.845350251Z,7.666931,124.373419,Cloud to Ground,-38540,0,15
2026-09-12T04:35:43.924290555Z,10.315353,123.856914,Cloud to Cloud,26893,17606,10
2026-09-12T04:35:43.778142365Z,10.703687,124.864533,Cloud to Cloud,15495,18077,7
2026-09-12T04:35:48.639110000Z,10.5243,124.9306,Cloud to Ground,6977,0,5
2026-09-12T04:35:50.427102771Z,10.385127,123.820208,Cloud to Cloud,-10715,16418,7
2026-09-12T04:35:51.806746294Z,12.018133,123.869118,Cloud to Ground,24444,0,9
2026-09-12T04:35:51.938906106Z,12.101765,120.041494,Cloud to Cloud,-18987,3189,8
2026-09-12T04:35:52.062254952Z,12.080673,120.05868,Cloud to Cloud,-12323,4633,5
2026-09-12T04:35:52.181304778Z,12.051811,120.074677,Cloud to Cloud,13741,6854,5
2026-09-12T04:35:52.116738821Z,12.046589,120.08573,Cloud to Cloud,16001,4850,10
2026-09-12T04:35:52.889090801Z,2.397188,117.70373,Cloud to Ground,-17333,0,6
2026-09-12T04:35:52.668990975Z,10.415337,123.877009,Cloud to Ground,20663,0,6
2026-09-12T04:35:52.822385895Z,10.502237,123.343499,Cloud to Ground,52252,0,18
2026-09-12T04:35:52.384415000Z,12.2334,119.8255,Cloud to Ground,10013,0,10
2026-09-12T04:35:53.776166418Z,10.297512,123.803581,Cloud to Cloud,13604,4355,7
2026-09-12T04:35:53.964326000Z,10.3781,123.8617,Cloud to Ground,18326,0,5
2026-09-12T04:35:53.739315000Z,10.4043,123.7206,Cloud to Ground,-8545,0,9
2026-09-12T04:35:59.819145198Z,10.780681,124.714809,Cloud to Ground,-31863,0,21
2026-09-12T04:35:59.460716729Z,10.831482,124.800801,Cloud to Ground,-44293,0,21
2026-09-12T04:35:59.905716000Z,10.7894,124.8628,Cloud to Ground,-22770,0,7
2026-09-12T04:36:01.767847000Z,10.4063,123.824,Cloud to Ground,-15275,0,7
2026-09-12T04:36:02.731950487Z,12.122829,120.025516,Cloud to Ground,-23103,0,11
2026-09-12T04:36:02.796906333Z,12.121759,120.021293,Cloud to Ground,-23051,0,11
2026-09-12T04:36:02.945648230Z,12.092966,120.016708,Cloud to Ground,-12744,0,7
2026-09-12T04:36:03.875924488Z,10.408386,123.365097,Cloud to Cloud,12797,7677,6
2026-09-12T04:36:04.755011358Z,2.403318,117.651619,Cloud to Ground,25036,0,22
2026-09-12T04:36:04.871044000Z,10.4391,123.8233,Cloud to Ground,-7196,0,5
2026-09-12T04:36:05.089794042Z,10.765209,124.889972,Cloud to Ground,-32138,0,7
2026-09-12T04:36:05.176532288Z,12.065799,120.115239,Cloud to Cloud,-10669,3012,7
2026-09-12T04:36:06.133921656Z,10.76497,124.766523,Cloud to Ground,-15143,0,17
2026-09-12T04:36:07.459065725Z,10.399768,125.06113,Cloud to Ground,28685,0,12
2026-09-12T04:36:07.481575252Z,10.39738,125.059836,Cloud to Ground,32547,0,13
2026-09-12T04:36:11.172032974Z,2.480092,117.682336,Cloud to Ground,12351,0,7
2026-09-12T04:36:11.480967241Z,2.433663,117.709111,Cloud to Ground,12736,0,8
2026-09-12T04:36:11.710592849Z,2.428638,117.701229,Cloud to Ground,13337,0,7
2026-09-12T04:36:11.271117127Z,2.441498,117.710867,Cloud to Ground,22578,0,13
2026-09-12T04:36:11.033658969Z,2.445428,117.721188,Cloud to Ground,26033,0,19
2026-09-12T04:36:12.556506248Z,10.63498,110.52556,Cloud to Ground,-84371,0,12
2026-09-12T04:36:12.552671012Z,10.608574,110.445113,Cloud to Ground,22612,0,6
2026-09-12T04:36:12.555233170Z,10.586683,110.409514,Cloud to Ground,43261,0,7
2026-09-12T04:36:13.143809257Z,10.782002,110.278866,Cloud to Cloud,4637,16439,7
2026-09-12T04:36:13.279502000Z,10.6959,110.4681,Cloud to Ground,-69786,0,6
2026-09-12T04:36:14.056154000Z,12.0131,123.8482,Cloud to Ground,-7879,0,10
2026-09-12T04:36:15.906297443Z,10.308716,123.829652,Cloud to Ground,-20747,0,8
2026-09-12T04:36:15.511922000Z,10.5381,125.0302,Cloud to Ground,11680,0,5
2026-09-12T04:36:15.891032000Z,9.6316,124.0845,Cloud to Ground,870,0,8
2026-09-12T04:36:24.138194428Z,10.458624,123.342963,Cloud to Cloud,13793,5195,7
2026-09-12T04:36:24.251227160Z,10.457888,123.34086,Cloud to Cloud,17041,5256,7
2026-09-12T04:36:24.087936000Z,10.3671,123.7365,Cloud to Ground,-17792,0,6
2026-09-12T04:36:26.899631489Z,12.155109,120.013302,Cloud to Ground,8925,0,7
2026-09-12T04:36:27.042126813Z,12.053205,120.087363,Cloud to Cloud,9081,5976,6
2026-09-12T04:36:27.738562063Z,22.516136,118.069924,Cloud to Cloud,8979,12377,7
2026-09-12T04:36:27.785982964Z,22.497011,118.05185,Cloud to Cloud,18298,7834,8
2026-09-12T04:36:27.657939905Z,22.354561,117.976754,Cloud to Cloud,-6993,8620,6
2026-09-12T04:36:28.842417716Z,10.391331,123.830339,Cloud to Ground,19279,0,7
2026-09-12T04:36:30.379028414Z,2.439671,117.724205,Cloud to Ground,-25003,0,11
2026-09-12T04:36:30.250432000Z,2.3696,117.6841,Cloud to Ground,12582,0,5
2026-09-12T04:36:31.830577540Z,10.488289,123.350504,Cloud to Cloud,-19775,18334,13
2026-09-12T04:36:32.721635519Z,9.182853,122.945982,Cloud to Cloud,-20371,18830,13
2026-09-12T04:36:35.674076445Z,10.759986,124.911543,Cloud to Cloud,14786,7815,6
2026-09-12T04:36:35.193786619Z,10.513877,123.333063,Cloud to Ground,26000,0,16
2026-09-12T04:36:37.899199594Z,10.475152,123.371642,Cloud to Cloud,-5261,18140,6
2026-09-12T04:36:40.028180165Z,10.42802,123.418189,Cloud to Ground,-22227,0,7
2026-09-12T04:36:42.215219000Z,10.4773,123.2349,Cloud to Ground,-9934,0,7
2026-09-12T04:36:43.967315945Z,2.435448,117.670111,Cloud to Ground,-37224,0,26
2026-09-12T04:36:43.972351461Z,2.378206,117.69192,Cloud to Ground,-29022,0,20
2026-09-12T04:36:43.336947111Z,2.275807,117.681527,Cloud to Ground,-15392,0,7
2026-09-12T04:36:45.997420288Z,12.099082,120.121693,Cloud to Cloud,-12931,6470,9
2026-09-12T04:36:45.297940418Z,10.503889,123.332407,Cloud to Ground,-21165,0,11
2026-09-12T04:36:48.205123377Z,12.089366,120.013428,Cloud to Cloud,5773,7247,6
2026-09-12T04:36:47.654956819Z,12.096588,120.028882,Cloud to Ground,24526,0,10
2026-09-12T04:36:48.186613563Z,11.942278,120.118442,Cloud to Cloud,14340,8320,10
2026-09-12T04:36:51.178825514Z,1.604941,110.984023,Cloud to Ground,-68301,0,18
2026-09-12T04:36:54.458575583Z,10.430002,123.37717,Cloud to Cloud,15675,18956,9
2026-09-12T04:36:54.393595481Z,10.512771,123.337427,Cloud to Ground,17023,0,11
2026-09-12T04:36:54.431853309Z,10.446323,123.389161,Cloud to Cloud,18787,19843,7
2026-09-12T04:36:54.414500883Z,10.448262,123.367741,Cloud to Cloud,35008,11228,12
2026-09-12T04:36:56.848111664Z,10.737533,124.7922,Cloud to Cloud,8587,15506,10
2026-09-12T04:36:58.537350000Z,12.1237,119.9754,Cloud to Ground,-20451,0,10
2026-09-12T04:36:58.465423084Z,12.115819,120.036567,Cloud to Ground,-18240,0,11
2026-09-12T04:36:58.438352268Z,12.068802,120.089604,Cloud to Cloud,-17783,19254,6
2026-09-12T04:36:58.447312645Z,12.058462,120.093852,Cloud to Cloud,-7196,14321,6
2026-09-12T04:36:58.849713441Z,12.154344,120.018011,Cloud to Ground,-5302,0,5
2026-09-12T04:36:58.611159914Z,12.126523,120.048033,Cloud to Ground,46873,0,7
2026-09-12T04:36:59.655388002Z,2.404446,117.666516,Cloud to Ground,-22126,0,13
2026-09-12T04:36:59.281589855Z,11.991121,123.805501,Cloud to Ground,77935,0,11
2026-09-12T04:37:00.634048781Z,2.399685,117.661718,Cloud to Ground,24900,0,8
2026-09-12T04:37:02.926887728Z,10.545921,124.985414,Cloud to Cloud,-13632,5479,8
2026-09-12T04:37:04.122482084Z,10.340542,125.04767,Cloud to Cloud,-18039,18880,10
2026-09-12T04:37:07.519939659Z,12.018209,120.161975,Cloud to Cloud,18649,14060,10
2026-09-12T04:37:07.707795000Z,12.0048,123.8465,Cloud to Ground,-6669,0,6
2026-09-12T04:37:08.476339410Z,11.005856,110.82173,Cloud to Cloud,7752,14546,7
2026-09-12T04:37:08.506046097Z,11.053727,110.825886,Cloud to Ground,15199,0,7
2026-09-12T04:37:09.970023441Z,5.597034,110.34994,Cloud to Cloud,-13269,3023,9
2026-09-12T04:37:09.577781527Z,12.085514,120.024856,Cloud to Cloud,13439,16914,8
2026-09-12T04:37:10.646044278Z,10.765087,124.882007,Cloud to Ground,16761,0,10
2026-09-12T04:37:10.049519000Z,5.6461,110.4395,Cloud to Ground,46683,0,6
2026-09-12T04:37:11.420648349Z,2.475323,117.667404,Cloud to Cloud,-18452,5757,12
2026-09-12T04:37:13.653262000Z,10.7867,124.8292,Cloud to Ground,654,0,6
2026-09-12T04:37:15.758039286Z,8.604373,124.759348,Cloud to Ground,-21334,0,10
2026-09-12T04:37:15.676230283Z,8.604797,124.771979,Cloud to Ground,-17004,0,18
2026-09-12T04:37:15.572273504Z,12.131605,120.030996,Cloud to Ground,-17912,0,6
2026-09-12T04:37:15.617082100Z,12.151667,120.04867,Cloud to Ground,-17623,0,7
2026-09-12T04:37:15.338656643Z,12.066595,120.08182,Cloud to Cloud,10252,17930,6
2026-09-12T04:37:17.561336919Z,11.934002,123.775722,Cloud to Cloud,11283,3056,10
2026-09-12T04:37:17.401854602Z,12.004387,123.900566,Cloud to Cloud,14422,12630,7
2026-09-12T04:37:18.621582864Z,10.451458,123.365565,Cloud to Cloud,18282,17879,7
2026-09-12T04:37:18.641126262Z,10.451925,123.36355,Cloud to Cloud,22219,14924,8
2026-09-12T04:37:19.017384325Z,10.392906,123.746842,Cloud to Ground,17732,0,13
2026-09-12T04:37:20.138097819Z,10.713372,124.836964,Cloud to Cloud,15219,19424,7
2026-09-12T04:37:20.264959926Z,10.774004,124.819761,Cloud to Cloud,16779,15670,11
2026-09-12T04:37:22.617662298Z,10.725813,110.499173,Cloud to Ground,-27976,0,7
2026-09-12T04:37:24.828055356Z,2.433257,117.656012,Cloud to Ground,-24707,0,20
2026-09-12T04:37:25.310996856Z,10.403345,123.883021,Cloud to Cloud,-10631,6682,5
2026-09-12T04:37:25.088738000Z,10.7654,124.8523,Cloud to Ground,-14430,0,5
2026-09-12T04:37:29.362660548Z,11.882476,123.905856,Cloud to Ground,30394,0,11
2026-09-12T04:37:29.051774000Z,10.5247,125.0217,Cloud to Ground,6834,0,5
2026-09-12T04:37:30.366337258Z,12.110533,120.034983,Cloud to Ground,-52954,0,9
2026-09-12T04:37:30.884827352Z,12.042464,119.988799,Cloud to Cloud,14786,19839,6
2026-09-12T04:37:30.228789808Z,10.714169,110.50919,Cloud to Ground,25874,0,7
2026-09-12T04:37:31.692276515Z,17.157841,111.292751,Cloud to Ground,-58650,0,11
2026-09-12T04:37:31.693374972Z,17.164349,111.306761,Cloud to Ground,-52625,0,11
2026-09-12T04:37:31.716200698Z,17.178682,111.287496,Cloud to Ground,-18155,0,6
2026-09-12T04:37:31.793500525Z,17.172553,111.199813,Cloud to Cloud,15749,3005,7
2026-09-12T04:37:31.692822885Z,17.180498,111.209365,Cloud to Ground,22282,0,9
2026-09-12T04:37:31.698199075Z,17.182316,111.311614,Cloud to Ground,22666,0,8
2026-09-12T04:37:32.699276559Z,8.756343,117.643464,Cloud to Cloud,17997,5116,7
2026-09-12T04:37:32.884922839Z,8.854572,117.583859,Cloud to Cloud,-23831,7701,8
2026-09-12T04:37:33.267614808Z,16.428411,114.122267,Cloud to Cloud,-15716,4390,6
2026-09-12T04:37:33.191735864Z,16.463736,114.131407,Cloud to Cloud,-9621,17144,7
2026-09-12T04:37:33.189890652Z,16.468934,114.156089,Cloud to Ground,15258,0,9
2026-09-12T04:37:33.188097325Z,16.480546,114.160009,Cloud to Ground,22778,0,12
2026-09-12T04:37:35.639647284Z,10.509993,124.96527,Cloud to Cloud,13836,5330,10
2026-09-12T04:37:40.386906628Z,11.921899,123.919925,Cloud to Cloud,15291,5949,7
2026-09-12T04:37:40.439294362Z,12.01459,123.769288,Cloud to Ground,-12203,0,7
2026-09-12T04:37:42.459886494Z,12.136226,120.143732,Cloud to Ground,-17857,0,9
2026-09-12T04:37:42.586151122Z,12.136236,120.139665,Cloud to Ground,-13127,0,8
2026-09-12T04:37:42.816670802Z,12.101004,120.083482,Cloud to Cloud,5332,15784,6
2026-09-12T04:37:42.798911436Z,12.027723,120.080743,Cloud to Cloud,16522,15697,7
2026-09-12T04:37:42.752368553Z,12.027353,120.097238,Cloud to Cloud,17609,15954,8
2026-09-12T04:37:42.229343000Z,10.7969,124.8343,Cloud to Ground,-5893,0,5
2026-09-12T04:37:42.134419853Z,10.734964,124.79657,Cloud to Ground,25509,0,17
2026-09-12T04:37:44.634355521Z,10.510664,123.318566,Cloud to Ground,20224,0,8
2026-09-12T04:37:47.679644923Z,10.546765,123.372976,Cloud to Cloud,-10675,16713,5
2026-09-12T04:37:47.761395000Z,10.5155,123.311,Cloud to Ground,478,0,6
2026-09-12T04:37:47.809334383Z,10.543245,123.432424,Cloud to Cloud,11864,19591,7
2026-09-12T04:37:49.864312000Z,10.5501,123.3254,Cloud to Ground,5784,0,6
2026-09-12T04:37:51.145536000Z,10.4782,123.7517,Cloud to Ground,-47818,0,5
2026-09-12T04:37:51.552389306Z,10.458181,123.770848,Cloud to Ground,-22332,0,6
2026-09-12T04:37:52.907052872Z,10.433933,123.36058,Cloud to Cloud,16136,19412,7
2026-09-12T04:37:55.949119932Z,12.016821,123.892455,Cloud to Ground,-29659,0,6
2026-09-12T04:37:56.663574318Z,2.483493,117.747803,Cloud to Ground,22627,0,7
2026-09-12T04:37:56.601735141Z,2.430551,117.760939,Cloud to Ground,43877,0,25
2026-09-12T04:37:56.252021589Z,11.015524,110.830171,Cloud to Ground,12855,0,7
2026-09-12T04:37:58.057991886Z,10.434088,123.334578,Cloud to Cloud,24371,13478,7
2026-09-12T04:37:58.782731000Z,12.1191,119.9328,Cloud to Ground,-1173,0,5
2026-09-12T04:38:01.900323940Z,10.652133,110.475514,Cloud to Ground,-22967,0,12
2026-09-12T04:38:01.917716356Z,10.654931,110.447256,Cloud to Ground,34621,0,7
2026-09-12T04:38:01.898793063Z,10.552413,110.426394,Cloud to Ground,22756,0,10
2026-09-12T04:38:01.285824000Z,10.5446,125.0278,Cloud to Ground,-8392,0,7
2026-09-12T04:38:02.304403174Z,11.962116,123.930561,Cloud to Cloud,37233,9203,10
2026-09-12T04:38:03.790312248Z,12.157104,119.885982,Cloud to Cloud,-18485,7736,7
2026-09-12T04:38:03.347980450Z,12.106888,120.026193,Cloud to Cloud,15457,19178,7
2026-09-12T04:38:03.228575000Z,10.7986,124.8233,Cloud to Ground,991,0,5
2026-09-12T04:38:04.129069000Z,10.5665,125.0068,Cloud to Ground,-20561,0,7
2026-09-12T04:38:07.939995968Z,12.042518,120.124262,Cloud to Cloud,25182,19022,9
2026-09-12T04:38:07.385623000Z,9.177,122.976,Cloud to Ground,1855,0,5
2026-09-12T04:38:07.419760000Z,9.155,123.0148,Cloud to Ground,30643,0,7
2026-09-12T04:38:09.354777774Z,5.611219,110.330526,Cloud to Ground,22059,0,8
2026-09-12T04:38:09.400070277Z,5.674999,110.350742,Cloud to Ground,26743,0,10
2026-09-12T04:38:09.193882809Z,5.651417,110.347183,Cloud to Ground,31333,0,6
2026-09-12T04:38:10.893452000Z,10.305,123.8336,Cloud to Ground,11981,0,5
2026-09-12T04:38:11.344186965Z,11.940733,123.925697,Cloud to Ground,-24490,0,6
2026-09-12T04:38:11.134641000Z,10.7745,124.8476,Cloud to Ground,9796,0,7
2026-09-12T04:38:12.418089000Z,11.9195,123.8524,Cloud to Ground,-52538,0,5
2026-09-12T04:38:12.420786000Z,11.9765,123.8194,Cloud to Ground,-28316,0,6
2026-09-12T04:38:13.141197630Z,2.416602,117.653432,Cloud to Ground,-34680,0,17
2026-09-12T04:38:14.289511118Z,10.451037,123.353275,Cloud to Cloud,12161,3997,7
2026-09-12T04:38:14.473585333Z,10.506736,123.329722,Cloud to Ground,22651,0,7
2026-09-12T04:38:15.580574120Z,2.385934,117.667496,Cloud to Ground,-22986,0,18
2026-09-12T04:38:15.530901038Z,10.715135,124.857021,Cloud to Cloud,7248,12479,7
2026-09-12T04:38:17.336486918Z,9.643742,124.126871,Cloud to Ground,56131,0,17
2026-09-12T04:38:19.161505850Z,10.549174,123.314471,Cloud to Ground,-17099,0,16
2026-09-12T04:38:21.272224086Z,12.016785,123.877587,Cloud to Cloud,10428,3759,6
2026-09-12T04:38:23.028013775Z,12.078569,120.018433,Cloud to Ground,38558,0,9
2026-09-12T04:38:23.921387000Z,10.383,123.8287,Cloud to Ground,-7841,0,6
2026-09-12T04:38:23.551718000Z,10.4373,123.8347,Cloud to Ground,-6951,0,8
2026-09-12T04:38:23.573329000Z,10.4368,123.8662,Cloud to Ground,14930,0,9
2026-09-12T04:38:25.321349349Z,15.213807,114.727853,Cloud to Ground,-74672,0,14
2026-09-12T04:38:25.365672766Z,15.223427,114.726524,Cloud to Ground,-25713,0,8
2026-09-12T04:38:25.307238101Z,15.218567,114.708086,Cloud to Cloud,-21206,4649,10
2026-09-12T04:38:25.571741681Z,15.228981,114.721239,Cloud to Ground,39587,0,10
2026-09-12T04:38:25.455574043Z,15.231967,114.717634,Cloud to Ground,55987,0,12
2026-09-12T04:38:25.365149103Z,12.121682,120.02864,Cloud to Ground,-23355,0,7
2026-09-12T04:38:25.606760117Z,12.11596,120.061898,Cloud to Ground,-17051,0,9
2026-09-12T04:38:25.812843000Z,12.0945,120.0539,Cloud to Ground,-10051,0,6
2026-09-12T04:38:25.700244648Z,10.310648,123.819944,Cloud to Cloud,25855,3081,7
2026-09-12T04:38:25.616889365Z,10.316877,123.822976,Cloud to Cloud,32075,7726,9
2026-09-12T04:38:25.495389000Z,10.3923,123.7474,Cloud to Ground,-13280,0,5
2026-09-12T04:38:25.510661000Z,10.4118,123.7718,Cloud to Ground,-7051,0,5
2026-09-12T04:38:28.380827585Z,10.704097,124.900203,Cloud to Cloud,23281,5981,7
2026-09-12T04:38:29.498584607Z,10.565678,124.990412,Cloud to Ground,-17702,0,14
2026-09-12T04:38:31.601870147Z,7.524061,124.323983,Cloud to Ground,39921,0,19
2026-09-12T04:38:31.629920296Z,10.47579,123.396408,Cloud to Cloud,20686,3655,10
2026-09-12T04:38:32.631081834Z,10.697894,110.609636,Cloud to Ground,10092,0,9
2026-09-12T04:38:32.610188475Z,10.636926,110.482104,Cloud to Ground,20154,0,8
2026-09-12T04:38:33.057576714Z,10.745795,110.464487,Cloud to Ground,9208,0,6
2026-09-12T04:38:35.490952801Z,10.344842,123.826821,Cloud to Cloud,23222,17856,10
2026-09-12T04:38:38.994975398Z,10.739192,124.8554,Cloud to Cloud,-8446,16053,6
2026-09-12T04:38:38.026910601Z,10.542721,124.913138,Cloud to Ground,-49977,0,27
2026-09-12T04:38:37.943313571Z,10.582043,124.977838,Cloud to Ground,-19684,0,19
2026-09-12T04:38:38.997268627Z,12.108329,120.04599,Cloud to Cloud,-13170,18199,10
2026-09-12T04:38:39.256669109Z,12.092374,120.055874,Cloud to Ground,-8729,0,7
2026-09-12T04:38:39.527448000Z,12.2078,119.9902,Cloud to Ground,6620,0,11
2026-09-12T04:38:41.619382912Z,10.722856,124.775667,Cloud to Ground,18085,0,13
2026-09-12T04:38:42.703953258Z,10.431282,125.060683,Cloud to Cloud,14191,11480,8
2026-09-12T04:38:43.614873150Z,2.491999,117.694206,Cloud to Cloud,-17985,4148,14
2026-09-12T04:38:43.790092651Z,2.475649,117.664417,Cloud to Ground,19576,0,17
2026-09-12T04:38:43.615957112Z,2.467549,117.669415,Cloud to Ground,99645,0,20
2026-09-12T04:38:44.945788474Z,15.586976,124.043654,Cloud to Ground,-90417,0,17
2026-09-12T04:38:44.967368963Z,15.634159,124.074042,Cloud to Ground,-67934,0,8
2026-09-12T04:38:44.886230532Z,15.709947,124.038179,Cloud to Ground,-56491,0,21
2026-09-12T04:38:45.061245463Z,15.632717,124.070262,Cloud to Ground,-32945,0,13
2026-09-12T04:38:45.114836710Z,15.630538,124.061914,Cloud to Ground,-22417,0,9
2026-09-12T04:38:45.089339264Z,15.690629,123.994216,Cloud to Ground,-22162,0,18
2026-09-12T04:38:45.028807000Z,15.6218,124.0125,Cloud to Ground,33050,0,5
2026-09-12T04:38:46.151431768Z,12.056961,123.746432,Cloud to Cloud,20002,16313,9
2026-09-12T04:38:48.007676751Z,10.755515,124.874676,Cloud to Cloud,-5997,16121,7
2026-09-12T04:38:48.885674511Z,10.530184,123.307435,Cloud to Ground,26623,0,12
2026-09-12T04:38:52.725522196Z,12.174386,119.98885,Cloud to Cloud,-9557,5108,8
2026-09-12T04:38:57.240986493Z,11.946997,123.910389,Cloud to Cloud,-15443,7830,7
2026-09-12T04:38:57.935871616Z,10.473638,123.307467,Cloud to Cloud,-3537,12396,5
2026-09-12T04:38:58.819334000Z,10.7361,124.8885,Cloud to Ground,-3425,0,5
2026-09-12T04:39:00.448720940Z,10.510944,124.898878,Cloud to Ground,-17888,0,17
2026-09-12T04:39:01.295037241Z,10.464497,125.092066,Cloud to Cloud,-16078,6536,8
2026-09-12T04:39:01.933547000Z,10.5993,123.3383,Cloud to Ground,-7877,0,5
2026-09-12T04:39:02.177086898Z,5.590775,110.350888,Cloud to Ground,-18673,0,6
2026-09-12T04:39:02.055491260Z,5.654839,110.380945,Cloud to Ground,28240,0,9
2026-09-12T04:39:02.723570922Z,10.798353,124.8474,Cloud to Cloud,3386,7683,7
2026-09-12T04:39:02.633317056Z,10.739126,124.844291,Cloud to Cloud,15092,3543,7
2026-09-12T04:39:03.960352087Z,10.725441,124.878653,Cloud to Ground,-17545,0,7
2026-09-12T04:39:03.890268427Z,10.714607,124.892691,Cloud to Cloud,-8578,5126,7
2026-09-12T04:39:03.916361183Z,10.770911,124.748313,Cloud to Ground,-19314,0,15
2026-09-12T04:39:04.440802580Z,2.380474,117.661822,Cloud to Ground,-12957,0,12
2026-09-12T04:39:04.848047172Z,10.450504,123.376529,Cloud to Cloud,4236,4367,5
2026-09-12T04:39:04.049665005Z,10.82769,124.822338,Cloud to Ground,-19496,0,17
2026-09-12T04:39:05.590213260Z,12.077258,120.010338,Cloud to Ground,25277,0,10
2026-09-12T04:39:07.287459507Z,2.379609,117.674147,Cloud to Ground,-11581,0,9
2026-09-12T04:39:10.085064000Z,10.3647,123.7587,Cloud to Ground,-21793,0,11
2026-09-12T04:39:10.045572525Z,10.420997,123.763595,Cloud to Cloud,-20557,15955,10
2026-09-12T04:39:10.030392000Z,10.3726,123.7564,Cloud to Ground,-10489,0,5
2026-09-12T04:39:11.827661504Z,8.492557,124.98269,Cloud to Cloud,-55266,5549,7
2026-09-12T04:39:11.841227535Z,8.569647,124.903912,Cloud to Ground,-55143,0,11
2026-09-12T04:39:11.936971575Z,8.565391,124.925986,Cloud to Ground,-42304,0,23
2026-09-12T04:39:11.887918000Z,8.5951,124.8907,Cloud to Ground,-24183,0,5
2026-09-12T04:39:11.420575559Z,11.004032,110.813723,Cloud to Ground,11649,0,9
2026-09-12T04:39:11.461820960Z,10.998533,110.817586,Cloud to Ground,27810,0,6
2026-09-12T04:39:11.416450192Z,11.015252,110.830372,Cloud to Ground,41444,0,7
2026-09-12T04:39:16.176198000Z,10.6975,110.4757,Cloud to Ground,-43496,0,9
2026-09-12T04:39:15.861507787Z,10.667236,110.561553,Cloud to Ground,-36613,0,10
2026-09-12T04:39:15.906716391Z,10.639508,110.481425,Cloud to Cloud,-10728,17972,11
2026-09-12T04:39:15.830157641Z,10.654977,110.497119,Cloud to Cloud,-10704,11228,9
2026-09-12T04:39:16.267573291Z,10.779237,110.391237,Cloud to Ground,-16633,0,6
2026-09-12T04:39:18.859576828Z,10.42752,123.357341,Cloud to Cloud,11105,19841,6
2026-09-12T04:39:18.607514000Z,10.8148,124.824,Cloud to Ground,-4737,0,5
2026-09-12T04:39:21.608794354Z,10.375012,123.797055,Cloud to Cloud,-17102,14442,7
2026-09-12T04:39:22.691358871Z,8.287421,112.049243,Cloud to Cloud,-18538,3351,13
2026-09-12T04:39:22.754326431Z,8.330986,112.137655,Cloud to Cloud,-12297,19507,9
2026-09-12T04:39:22.175842133Z,9.691412,124.112113,Cloud to Ground,-22674,0,10
2026-09-12T04:39:25.432442732Z,2.447635,117.740075,Cloud to Ground,-24183,0,25
2026-09-12T04:39:25.453633037Z,2.458748,117.735628,Cloud to Ground,-15223,0,15
2026-09-12T04:39:25.434531597Z,2.379185,117.744232,Cloud to Cloud,12109,3019,9
2026-09-12T04:39:25.813656684Z,5.579886,110.379314,Cloud to Ground,13595,0,7
2026-09-12T04:39:25.750877000Z,5.6169,110.3358,Cloud to Ground,55320,0,8
2026-09-12T04:39:31.957114151Z,10.338197,123.874943,Cloud to Cloud,17805,18665,8
2026-09-12T04:39:32.985939544Z,12.05722,120.016403,Cloud to Cloud,-15905,3014,7
2026-09-12T04:39:32.926422703Z,12.052657,120.102105,Cloud to Cloud,7652,9630,7
2026-09-12T04:39:32.866628710Z,12.160501,119.979351,Cloud to Cloud,-17708,16001,8
2026-09-12T04:39:33.065808000Z,12.1459,119.9202,Cloud to Ground,6329,0,5
2026-09-12T04:39:32.435395165Z,2.420877,117.701796,Cloud to Cloud,15676,17718,7
2026-09-12T04:39:32.717080553Z,2.372971,117.720996,Cloud to Ground,29655,0,13
2026-09-12T04:39:33.009878855Z,2.375122,117.723338,Cloud to Ground,38687,0,20
2026-09-12T04:39:33.580124672Z,10.540878,124.939286,Cloud to Ground,-33325,0,29
2026-09-12T04:39:33.640648338Z,10.527568,124.902909,Cloud to Ground,-24003,0,16
2026-09-12T04:39:33.495511538Z,10.522012,124.874192,Cloud to Ground,-23211,0,15
2026-09-12T04:39:33.920663494Z,10.517202,124.937199,Cloud to Ground,-20361,0,25
2026-09-12T04:39:34.653330250Z,15.531569,124.137844,Cloud to Cloud,12469,18073,9
2026-09-12T04:39:34.946964066Z,10.523107,123.285007,Cloud to Cloud,-13905,12944,7
2026-09-12T04:39:37.527129000Z,10.7801,124.8302,Cloud to Ground,-4087,0,6
2026-09-12T04:39:37.618963435Z,10.703104,124.866004,Cloud to Cloud,15531,16644,8
2026-09-12T04:39:38.012507149Z,12.024252,120.060929,Cloud to Cloud,15019,18962,10
2026-09-12T04:39:38.357716448Z,12.24641,119.832926,Cloud to Cloud,8377,4255,7
2026-09-12T04:39:40.150403481Z,10.542265,123.286179,Cloud to Cloud,-17028,11003,7
2026-09-12T04:39:40.726343000Z,10.7754,124.8431,Cloud to Ground,-16368,0,7
2026-09-12T04:39:41.100491000Z,10.359,125.0932,Cloud to Ground,14584,0,5
2026-09-12T04:39:43.943909644Z,11.974998,123.902222,Cloud to Ground,-22308,0,11
2026-09-12T04:39:47.228467133Z,10.46242,123.409176,Cloud to Cloud,-21306,16613,10
2026-09-12T04:39:48.385796053Z,10.454118,123.351407,Cloud to Cloud,9929,6521,6
2026-09-12T04:39:48.696744472Z,12.02641,120.116536,Cloud to Cloud,13662,15656,7
2026-09-12T04:39:48.667235996Z,12.030761,120.104577,Cloud to Ground,32174,0,11
2026-09-12T04:39:48.367500000Z,10.5065,124.9942,Cloud to Ground,-5704,0,5
2026-09-12T04:39:50.337973578Z,5.643861,110.385319,Cloud to Ground,11794,0,7
2026-09-12T04:39:50.293844000Z,5.6185,110.3763,Cloud to Ground,83282,0,7
2026-09-12T04:39:52.586010407Z,12.059221,120.041948,Cloud to Cloud,-29090,4004,9
2026-09-12T04:39:52.625725379Z,12.058586,120.062092,Cloud to Cloud,12221,17439,10
2026-09-12T04:39:53.972000000Z,10.3803,123.6682,Cloud to Ground,14003,0,5
2026-09-12T04:39:53.995823521Z,10.351918,123.755891,Cloud to Ground,14158,0,5
2026-09-12T04:39:54.031297784Z,10.294493,123.799473,Cloud to Cloud,16093,7878,8
2026-09-12T04:39:54.020439737Z,10.346658,123.757735,Cloud to Ground,35776,0,10
2026-09-12T04:39:55.180838698Z,11.986848,120.129911,Cloud to Ground,14341,0,7
2026-09-12T04:39:56.359358924Z,2.388379,117.655058,Cloud to Ground,-27863,0,15
2026-09-12T04:39:57.994028533Z,10.06828,112.639631,Cloud to Cloud,-7307,7832,9
2026-09-12T04:39:57.865516322Z,10.104555,112.559442,Cloud to Ground,19231,0,9
2026-09-12T04:39:57.864951993Z,10.107991,112.643216,Cloud to Ground,20235,0,7
2026-09-12T04:39:58.178775110Z,9.990839,112.511906,Cloud to Cloud,7741,4471,7
2026-09-12T04:39:58.870603612Z,10.442892,123.367204,Cloud to Cloud,-17033,18872,8
2026-09-12T04:39:58.020290000Z,9.1664,122.9562,Cloud to Ground,-33359,0,6
2026-09-12T04:40:01.742899293Z,15.232533,114.730827,Cloud to Ground,-31773,0,12
2026-09-12T04:40:01.874449634Z,15.213629,114.729526,Cloud to Ground,11949,0,7
2026-09-12T04:40:01.789158470Z,15.2325,114.730311,Cloud to Ground,16239,0,7
2026-09-12T04:40:01.882500363Z,15.231297,114.729226,Cloud to Ground,26847,0,12
2026-09-12T04:40:01.789705000Z,15.2316,114.7234,Cloud to Ground,63596,0,7
2026-09-12T04:40:01.955033275Z,10.322778,123.826339,Cloud to Cloud,8403,15402,8
2026-09-12T04:40:02.033258366Z,10.335956,123.82815,Cloud to Cloud,26571,4062,8
2026-09-12T04:40:01.941583595Z,10.383277,123.796604,Cloud to Ground,33359,0,11
2026-09-12T04:40:02.391551802Z,10.673561,110.558331,Cloud to Ground,-52901,0,9
2026-09-12T04:40:05.986597505Z,11.04997,110.884811,Cloud to Ground,-63019,0,9
2026-09-12T04:40:06.055181000Z,11.0628,110.9117,Cloud to Ground,-50109,0,7
2026-09-12T04:40:05.969266287Z,11.033292,110.830377,Cloud to Ground,-45329,0,7
2026-09-12T04:40:06.015610627Z,11.116596,110.855177,Cloud to Ground,-24092,0,9
2026-09-12T04:40:07.403863061Z,10.496119,124.926724,Cloud to Cloud,-10728,3047,13
2026-09-12T04:40:09.937314389Z,10.39892,123.725705,Cloud to Cloud,-9220,16136,7
2026-09-12T04:40:09.417878000Z,7.5662,124.2654,Cloud to Ground,5953,0,5
2026-09-12T04:40:10.505197979Z,5.659731,110.311321,Cloud to Ground,-22370,0,9
2026-09-12T04:40:10.339057177Z,5.619214,110.349023,Cloud to Ground,47781,0,14
2026-09-12T04:40:10.400507564Z,10.537978,124.940052,Cloud to Ground,-23250,0,27
2026-09-12T04:40:10.490588000Z,10.5639,124.9764,Cloud to Ground,-22620,0,7
2026-09-12T04:40:11.384648148Z,12.12476,120.037436,Cloud to Cloud,-19107,14152,8
2026-09-12T04:40:11.783118693Z,12.207033,120.002195,Cloud to Cloud,-14782,8294,6
2026-09-12T04:40:11.640006215Z,12.155748,120.014271,Cloud to Cloud,-10415,19760,6
2026-09-12T04:40:11.535856000Z,12.0912,119.9649,Cloud to Ground,-7876,0,6
2026-09-12T04:40:12.548323221Z,11.943361,123.890696,Cloud to Cloud,21469,7585,9
2026-09-12T04:40:12.580795049Z,11.982473,123.78438,Cloud to Ground,16753,0,11
2026-09-12T04:40:12.653333000Z,11.843,123.9371,Cloud to Ground,-8160,0,6
2026-09-12T04:40:12.486406668Z,10.667194,124.85378,Cloud to Cloud,2541,17830,5
2026-09-12T04:40:13.183022525Z,16.989462,112.159723,Cloud to Ground,-58538,0,9
2026-09-12T04:40:13.981301559Z,12.083589,120.079344,Cloud to Ground,-16055,0,7
2026-09-12T04:40:14.126633000Z,12.1266,120.0588,Cloud to Ground,-9979,0,5
2026-09-12T04:40:13.329768000Z,6.5845,121.8572,Cloud to Ground,12226,0,9
2026-09-12T04:40:14.325593064Z,5.186866,110.443493,Cloud to Ground,-25674,0,7
2026-09-12T04:40:14.320364716Z,5.167652,110.404094,Cloud to Ground,33622,0,6
2026-09-12T04:40:14.238963159Z,5.333238,110.42908,Cloud to Ground,-61953,0,13
2026-09-12T04:40:14.470578191Z,5.301619,110.463483,Cloud to Ground,-48084,0,16
2026-09-12T04:40:14.237555435Z,5.337815,110.34173,Cloud to Ground,43857,0,8
2026-09-12T04:40:15.303184000Z,5.6701,110.2561,Cloud to Ground,-17642,0,5
2026-09-12T04:40:16.703870609Z,11.063541,122.161964,Cloud to Cloud,23971,7622,10
2026-09-12T04:40:16.702456943Z,11.066575,122.156408,Cloud to Cloud,36709,8229,12
2026-09-12T04:40:20.062534840Z,10.589531,123.286964,Cloud to Ground,-25148,0,12
2026-09-12T04:40:23.934189000Z,10.4181,123.7402,Cloud to Ground,1277,0,5
2026-09-12T04:40:24.781568579Z,5.533951,110.317002,Cloud to Ground,10485,0,6
2026-09-12T04:40:24.850245703Z,5.561547,110.328986,Cloud to Ground,11371,0,6
2026-09-12T04:40:24.714427814Z,5.568912,110.333579,Cloud to Ground,15136,0,6
2026-09-12T04:40:24.618211000Z,5.6084,110.2799,Cloud to Ground,68580,0,9
2026-09-12T04:40:24.289414208Z,12.111856,120.105262,Cloud to Cloud,-5805,3000,7
2026-09-12T04:40:24.359874155Z,15.604286,124.051077,Cloud to Cloud,17710,5407,7
2026-09-12T04:40:25.299443293Z,12.12011,120.072264,Cloud to Cloud,9382,14618,7
2026-09-12T04:40:26.383729695Z,12.036134,120.113297,Cloud to Cloud,-25787,18372,9
2026-09-12T04:40:26.191945239Z,12.045309,120.105648,Cloud to Cloud,-15568,16188,10
2026-09-12T04:40:26.369410229Z,12.121278,120.037711,Cloud to Ground,-33677,0,9
2026-09-12T04:40:26.488083860Z,12.125522,120.040393,Cloud to Ground,-31195,0,10
2026-09-12T04:40:26.285484627Z,12.12324,120.03734,Cloud to Ground,-17485,0,11
2026-09-12T04:40:26.872400113Z,12.121911,120.036797,Cloud to Ground,-15729,0,8
2026-09-12T04:40:26.526644697Z,12.121333,120.032227,Cloud to Ground,-8287,0,5
2026-09-12T04:40:26.224684000Z,12.125,120.0502,Cloud to Ground,-8060,0,6
2026-09-12T04:40:27.698377816Z,10.569089,110.435496,Cloud to Ground,23133,0,11
2026-09-12T04:40:27.707696643Z,10.502849,124.921538,Cloud to Ground,-25057,0,29
2026-09-12T04:40:28.002197887Z,10.574417,110.562622,Cloud to Ground,-13973,0,10
2026-09-12T04:40:29.170218512Z,5.606204,110.377961,Cloud to Ground,24857,0,9
2026-09-12T04:40:29.058408999Z,11.022554,110.896751,Cloud to Ground,-38212,0,9
2026-09-12T04:40:29.162606000Z,11.067,110.8789,Cloud to Ground,-19005,0,8
2026-09-12T04:40:29.115677441Z,10.99702,110.816879,Cloud to Cloud,-7705,7602,7
2026-09-12T04:40:33.607621353Z,2.36407,117.65263,Cloud to Ground,-10592,0,9
2026-09-12T04:40:33.634259551Z,2.403782,117.67374,Cloud to Ground,-9987,0,7
2026-09-12T04:40:33.606174000Z,2.3981,117.6663,Cloud to Ground,7167,0,5
2026-09-12T04:40:34.838353000Z,10.7778,124.7694,Cloud to Ground,10837,0,7
2026-09-12T04:40:37.623835000Z,12.0092,123.8971,Cloud to Ground,-10507,0,6
2026-09-12T04:40:37.535637634Z,11.95894,123.914077,Cloud to Cloud,20249,6416,10
2026-09-12T04:40:37.592321686Z,12.087892,123.702041,Cloud to Ground,25898,0,13
2026-09-12T04:40:38.604188000Z,10.835,124.8605,Cloud to Ground,-10969,0,6
2026-09-12T04:40:42.419755000Z,10.8007,124.7893,Cloud to Ground,445,0,5
2026-09-12T04:40:43.164927025Z,10.491193,125.078427,Cloud to Cloud,-3636,19268,7
2026-09-12T04:40:43.727230000Z,5.5926,110.3057,Cloud to Ground,86116,0,6
2026-09-12T04:40:45.170159772Z,10.322202,123.833521,Cloud to Cloud,24019,3390,10
2026-09-12T04:40:46.709427854Z,10.660856,110.554411,Cloud to Ground,-58361,0,8
2026-09-12T04:40:46.581789463Z,10.676952,110.563342,Cloud to Ground,-57067,0,11
2026-09-12T04:40:46.979788000Z,10.7157,110.5237,Cloud to Ground,82086,0,11
2026-09-12T04:40:46.475331336Z,10.40788,123.366855,Cloud to Cloud,15061,3000,8
2026-09-12T04:40:47.065198102Z,10.780849,110.395709,Cloud to Ground,-35482,0,7
2026-09-12T04:40:47.041765684Z,10.674957,110.425402,Cloud to Ground,-19208,0,8
2026-09-12T04:40:48.353792000Z,11.1082,110.8246,Cloud to Ground,-73303,0,5
2026-09-12T04:40:52.477225011Z,10.294264,123.843176,Cloud to Cloud,-16369,18693,8
2026-09-12T04:40:56.290490760Z,5.70717,110.226617,Cloud to Ground,-11077,0,6
2026-09-12T04:40:56.530288373Z,10.49132,123.300749,Cloud to Cloud,-10685,19658,9
2026-09-12T04:40:57.559069000Z,7.5717,124.3118,Cloud to Ground,54756,0,5
2026-09-12T04:40:58.386536000Z,10.7561,124.8523,Cloud to Ground,6419,0,5
2026-09-12T04:41:00.191885536Z,8.845665,117.630008,Cloud to Ground,36380,0,7
2026-09-12T04:41:01.631078611Z,10.268574,123.838425,Cloud to Cloud,18581,13455,9
2026-09-12T04:41:01.456679000Z,10.3766,123.7169,Cloud to Ground,-9568,0,9
2026-09-12T04:41:02.501514657Z,2.400924,117.706495,Cloud to Ground,-26368,0,18
2026-09-12T04:41:02.558158670Z,2.411598,117.710322,Cloud to Ground,17131,0,16
2026-09-12T04:41:02.618092885Z,2.471198,117.683348,Cloud to Ground,18757,0,12
2026-09-12T04:41:02.531979729Z,2.399928,117.70265,Cloud to Ground,25650,0,15
2026-09-12T04:41:05.014450000Z,10.412,123.8715,Cloud to Ground,8311,0,5
2026-09-12T04:41:04.946459000Z,10.4339,123.7944,Cloud to Ground,13394,0,5
2026-09-12T04:41:05.463187760Z,12.198824,120.032916,Cloud to Cloud,-23646,11788,6
2026-09-12T04:41:06.275906000Z,11.0614,110.8638,Cloud to Ground,-36388,0,14
2026-09-12T04:41:06.852224000Z,12.0785,119.9569,Cloud to Ground,-6228,0,5
2026-09-12T04:41:07.398175976Z,7.983937,122.706564,Cloud to Ground,16688,0,14
2026-09-12T04:41:07.369321707Z,10.655887,125.020511,Cloud to Ground,-24830,0,16
2026-09-12T04:41:07.600600000Z,10.6051,124.9652,Cloud to Ground,-11722,0,6
2026-09-12T04:41:08.666018918Z,10.443923,123.365944,Cloud to Cloud,-20135,4438,10
2026-09-12T04:41:08.551777232Z,10.452381,123.381122,Cloud to Cloud,13301,7468,7
2026-09-12T04:41:08.571103790Z,10.446907,123.394672,Cloud to Cloud,16219,7519,11
2026-09-12T04:41:08.535357845Z,10.53698,123.308688,Cloud to Cloud,-16608,4150,8
2026-09-12T04:41:08.471704000Z,10.5464,123.2771,Cloud to Ground,10120,0,5
2026-09-12T04:41:09.623147920Z,5.696415,110.336383,Cloud to Ground,-17664,0,16
2026-09-12T04:41:09.815436893Z,5.586503,110.362436,Cloud to Ground,13723,0,7
2026-09-12T04:41:09.704913431Z,5.645293,110.38437,Cloud to Ground,47647,0,14
2026-09-12T04:41:09.569268000Z,5.6033,110.3944,Cloud to Ground,57466,0,9
2026-09-12T04:41:10.757959411Z,16.675341,115.377143,Cloud to Cloud,-14519,3045,8
2026-09-12T04:41:10.732663273Z,16.674927,115.371538,Cloud to Cloud,14855,3020,6
