timestamp,latitude,longitude,type,amplitude_ka,height_m,num_sensors
2026-09-17T11:01:14.432481937Z,6.069573,117.627704,Cloud to Ground,32934,0,8
2026-09-17T11:01:13.890541260Z,15.994811,119.851583,Cloud to Cloud,10539,4491,7
2026-09-17T11:01:14.191075856Z,15.991043,119.851844,Cloud to Ground,17910,0,10
2026-09-17T11:01:15.830720586Z,15.990046,119.589842,Cloud to Cloud,16597,4888,9
2026-09-17T11:01:15.804304058Z,15.944481,119.596421,Cloud to Ground,32115,0,7
2026-09-17T11:01:16.977062935Z,3.853925,117.327215,Cloud to Ground,-15184,0,10
2026-09-17T11:01:16.111503588Z,14.334863,121.658996,Cloud to Cloud,-7657,17906,7
2026-09-17T11:01:17.637628628Z,16.00212,119.609274,Cloud to Cloud,9121,18395,9
2026-09-17T11:01:17.098014759Z,15.822134,119.703298,Cloud to Cloud,48311,17667,10
2026-09-17T11:01:17.825230492Z,15.827076,119.679204,Cloud to Cloud,-3877,6909,6
2026-09-17T11:01:19.471040405Z,15.509402,119.687643,Cloud to Ground,-81918,0,11
2026-09-17T11:01:19.499128441Z,15.327596,119.809635,Cloud to Cloud,-10307,6506,7
2026-09-17T11:01:20.814909401Z,4.220103,117.41465,Cloud to Ground,13303,0,10
2026-09-17T11:01:20.250393541Z,15.517551,119.682984,Cloud to Ground,-37905,0,14
2026-09-17T11:01:20.305589241Z,15.516613,119.677357,Cloud to Ground,-13339,0,6
2026-09-17T11:01:23.665307047Z,6.065704,117.57605,Cloud to Cloud,-13683,12940,17
2026-09-17T11:01:23.503091303Z,5.948196,117.646572,Cloud to Ground,-11240,0,12
2026-09-17T11:01:24.474083225Z,5.994615,116.191613,Cloud to Ground,-35882,0,17
2026-09-17T11:01:24.107726692Z,6.018339,116.120751,Cloud to Cloud,10485,3993,10
2026-09-17T11:01:24.744747363Z,15.963472,119.60716,Cloud to Cloud,27066,3234,10
2026-09-17T11:01:24.881357000Z,11.69,123.9925,Cloud to Ground,-16586,0,6
2026-09-17T11:01:25.519917528Z,11.501221,123.935169,Cloud to Ground,-117754,0,20
2026-09-17T11:01:26.912908601Z,16.296795,119.925666,Cloud to Ground,24020,0,10
2026-09-17T11:01:26.944145400Z,16.236689,119.910933,Cloud to Ground,29279,0,8
2026-09-17T11:01:27.038705140Z,15.905816,119.677632,Cloud to Ground,-45298,0,14
2026-09-17T11:01:26.844831951Z,15.902075,119.685589,Cloud to Ground,-29442,0,9
2026-09-17T11:01:27.278545755Z,15.960174,119.724507,Cloud to Cloud,-7486,7569,7
2026-09-17T11:01:30.457720823Z,16.09276,119.928623,Cloud to Cloud,15403,4753,8
2026-09-17T11:01:30.654358605Z,16.187952,119.958553,Cloud to Ground,-63941,0,11
2026-09-17T11:01:31.280090497Z,15.939892,119.583153,Cloud to Ground,34264,0,11
2026-09-17T11:01:30.874887123Z,15.984345,119.586715,Cloud to Ground,47404,0,10
2026-09-17T11:01:30.682978000Z,16.2286,119.8268,Cloud to Ground,-24147,0,5
2026-09-17T11:01:31.920429703Z,3.897219,117.399712,Cloud to Ground,34002,0,10
2026-09-17T11:01:33.776249374Z,15.932668,119.627513,Cloud to Cloud,4130,6960,7
2026-09-17T11:01:35.673146339Z,3.985909,117.274448,Cloud to Ground,-35311,0,20
2026-09-17T11:01:35.739803926Z,3.95644,117.322257,Cloud to Ground,39257,0,20
2026-09-17T11:01:35.422147196Z,5.881955,117.592596,Cloud to Ground,12809,0,13
2026-09-17T11:01:34.911728675Z,15.790611,119.712412,Cloud to Cloud,8432,7607,8
2026-09-17T11:01:35.023784786Z,15.856601,119.758084,Cloud to Cloud,12914,3020,8
2026-09-17T11:01:36.633885594Z,3.659035,116.770182,Cloud to Ground,-14380,0,15
2026-09-17T11:01:36.639887004Z,3.643274,116.809282,Cloud to Ground,-11342,0,12
2026-09-17T11:01:35.882264188Z,3.709521,117.201567,Cloud to Ground,26030,0,10
2026-09-17T11:01:36.163142121Z,3.706947,117.286193,Cloud to Ground,33496,0,11
2026-09-17T11:01:36.006554088Z,4.128935,117.52446,Cloud to Ground,-52698,0,24
2026-09-17T11:01:36.061632536Z,4.163156,117.530668,Cloud to Ground,-25071,0,20
2026-09-17T11:01:36.208631941Z,4.102678,117.555451,Cloud to Ground,57465,0,21
2026-09-17T11:01:38.594130406Z,15.919649,119.668451,Cloud to Cloud,-13321,17700,8
2026-09-17T11:01:40.625653480Z,15.999115,119.605441,Cloud to Cloud,9564,7702,5
2026-09-17T11:01:39.997487614Z,15.965957,119.593408,Cloud to Ground,40334,0,12
2026-09-17T11:01:39.731087388Z,10.772705,113.068462,Cloud to Ground,-35967,0,7
2026-09-17T11:01:39.277239498Z,10.779138,113.092327,Cloud to Ground,-32859,0,9
2026-09-17T11:01:39.805980635Z,10.646479,112.942557,Cloud to Ground,-13032,0,7
2026-09-17T11:01:41.496092466Z,11.66963,125.96407,Cloud to Cloud,35096,12092,9
2026-09-17T11:01:41.494862708Z,11.72579,125.882303,Cloud to Ground,-23132,0,8
2026-09-17T11:01:42.568738929Z,5.94097,117.563912,Cloud to Ground,21170,0,10
2026-09-17T11:01:42.786387940Z,7.273811,118.690221,Cloud to Ground,-50916,0,11
2026-09-17T11:01:42.869975922Z,7.25442,118.611719,Cloud to Ground,25724,0,9
2026-09-17T11:01:42.915132000Z,6.6918,114.6082,Cloud to Ground,9256,0,8
2026-09-17T11:01:42.834280837Z,6.643681,114.655232,Cloud to Ground,41442,0,8
2026-09-17T11:01:42.759538770Z,6.59913,114.681879,Cloud to Ground,71658,0,16
2026-09-17T11:01:42.334490284Z,9.725465,118.096467,Cloud to Cloud,12718,3138,8
2026-09-17T11:01:42.802325355Z,6.774695,114.745591,Cloud to Ground,-32219,0,8
2026-09-17T11:01:44.612494548Z,4.138484,117.637169,Cloud to Ground,18856,0,12
2026-09-17T11:01:44.650396769Z,15.937631,119.589066,Cloud to Ground,55692,0,11
2026-09-17T11:01:45.768399771Z,3.785272,117.289431,Cloud to Ground,-10924,0,12
2026-09-17T11:01:47.696667355Z,15.896071,119.526008,Cloud to Cloud,-15227,16100,9
2026-09-17T11:01:47.937959851Z,18.176101,115.032379,Cloud to Cloud,11461,7368,8
2026-09-17T11:01:48.057881639Z,15.961022,119.684249,Cloud to Cloud,10724,14086,8
2026-09-17T11:01:54.710989867Z,15.907068,119.675245,Cloud to Ground,-33775,0,9
2026-09-17T11:01:54.417930845Z,15.959124,119.598267,Cloud to Cloud,10156,3017,8
2026-09-17T11:01:54.332925423Z,15.978849,119.558659,Cloud to Cloud,30547,17531,12
2026-09-17T11:01:55.694217416Z,15.89434,119.697847,Cloud to Ground,-49876,0,12
2026-09-17T11:01:55.004573326Z,15.753618,119.703526,Cloud to Cloud,29970,19486,9
2026-09-17T11:01:55.555133732Z,16.195856,119.925102,Cloud to Ground,20623,0,7
2026-09-17T11:01:55.014404422Z,15.941029,119.860789,Cloud to Cloud,14913,6085,11
2026-09-17T11:01:55.317658217Z,15.997988,119.851583,Cloud to Cloud,28760,19031,7
2026-09-17T11:01:55.041572249Z,15.416262,119.677992,Cloud to Ground,-70450,0,13
2026-09-17T11:01:54.996497807Z,15.413841,119.660883,Cloud to Ground,-28898,0,7
2026-09-17T11:01:55.749266600Z,15.269223,119.834114,Cloud to Cloud,5067,16361,7
2026-09-17T11:01:55.753454839Z,15.255766,119.793596,Cloud to Cloud,20855,19716,8
2026-09-17T11:01:56.837791672Z,16.158548,119.951129,Cloud to Cloud,-19083,11540,9
2026-09-17T11:02:00.266921285Z,11.039261,112.813219,Cloud to Ground,-111162,0,12
2026-09-17T11:02:00.411688447Z,11.018273,112.810085,Cloud to Ground,15778,0,6
2026-09-17T11:02:00.394067000Z,11.1203,112.6928,Cloud to Ground,22605,0,5
2026-09-17T11:02:00.271451000Z,11.1688,112.9114,Cloud to Ground,118337,0,10
2026-09-17T11:02:00.255926114Z,15.806995,119.627936,Cloud to Cloud,-10101,3026,10
2026-09-17T11:02:00.734457411Z,15.704229,119.529634,Cloud to Cloud,-7718,3000,7
2026-09-17T11:02:01.822278902Z,4.071689,117.331665,Cloud to Ground,-33633,0,16
2026-09-17T11:02:02.214993435Z,4.281301,117.508684,Cloud to Ground,-21515,0,12
2026-09-17T11:02:02.162207837Z,4.268702,117.602097,Cloud to Ground,27579,0,14
2026-09-17T11:02:01.717134435Z,4.256823,117.553538,Cloud to Ground,38014,0,30
2026-09-17T11:02:03.092142713Z,5.959673,117.589489,Cloud to Ground,17547,0,9
2026-09-17T11:02:03.378376223Z,5.957037,117.60771,Cloud to Ground,18318,0,12
2026-09-17T11:02:03.216607212Z,5.952273,117.596015,Cloud to Ground,20724,0,7
2026-09-17T11:02:03.426875574Z,5.972039,117.697424,Cloud to Ground,27821,0,19
2026-09-17T11:02:03.250171741Z,5.973123,117.698084,Cloud to Ground,30512,0,14
2026-09-17T11:02:03.175034176Z,5.983065,117.681634,Cloud to Ground,39154,0,17
2026-09-17T11:02:03.563023837Z,5.972053,117.693585,Cloud to Ground,47041,0,17
2026-09-17T11:02:03.339119693Z,5.960923,117.723568,Cloud to Ground,55547,0,16
2026-09-17T11:02:03.074376652Z,5.931731,117.697142,Cloud to Ground,62017,0,14
2026-09-17T11:02:03.696537345Z,15.934871,119.562272,Cloud to Cloud,6851,3019,7
2026-09-17T11:02:04.641235605Z,3.775093,117.344814,Cloud to Ground,24728,0,18
2026-09-17T11:02:05.371783108Z,16.070507,119.942511,Cloud to Ground,-13455,0,7
2026-09-17T11:02:08.999542599Z,15.866125,119.691526,Cloud to Ground,-6431,0,7
2026-09-17T11:02:08.812444602Z,15.737112,119.7713,Cloud to Ground,-10742,0,10
2026-09-17T11:02:10.789003807Z,15.976989,119.588676,Cloud to Ground,26990,0,10
2026-09-17T11:02:11.090289000Z,6.2795,122.9579,Cloud to Ground,-14782,0,5
2026-09-17T11:02:12.848217895Z,15.979545,119.592148,Cloud to Cloud,3595,6929,6
2026-09-17T11:02:13.800524552Z,18.120061,114.786045,Cloud to Cloud,5665,7156,8
2026-09-17T11:02:13.872279104Z,18.139686,115.151266,Cloud to Ground,17483,0,7
2026-09-17T11:02:15.329875864Z,7.328383,113.864257,Cloud to Ground,-75150,0,14
2026-09-17T11:02:15.394563018Z,7.322427,113.836627,Cloud to Ground,36769,0,20
2026-09-17T11:02:16.239950836Z,7.675176,112.722037,Cloud to Ground,-163983,0,12
2026-09-17T11:02:16.247954670Z,7.660809,112.649895,Cloud to Ground,-53458,0,7
2026-09-17T11:02:16.521417885Z,7.679241,112.706067,Cloud to Ground,-32560,0,10
2026-09-17T11:02:16.235869702Z,7.708992,112.712298,Cloud to Ground,-26390,0,10
2026-09-17T11:02:16.235456351Z,7.711583,112.687484,Cloud to Ground,-22544,0,9
2026-09-17T11:02:16.720605323Z,15.729956,119.848016,Cloud to Cloud,24806,19739,7
2026-09-17T11:02:18.472875000Z,7.0663,125.6705,Cloud to Ground,-41925,0,6
2026-09-17T11:02:19.985069575Z,15.968723,119.581734,Cloud to Ground,41098,0,13
2026-09-17T11:02:21.312591033Z,6.759492,118.290397,Cloud to Ground,-126370,0,12
2026-09-17T11:02:21.390810296Z,6.746891,118.286169,Cloud to Ground,-75109,0,12
2026-09-17T11:02:21.347019805Z,6.765246,118.223779,Cloud to Cloud,-37169,3094,8
2026-09-17T11:02:21.457538479Z,6.747023,118.214464,Cloud to Ground,-32227,0,18
2026-09-17T11:02:21.531427238Z,6.764261,118.23763,Cloud to Ground,-28535,0,15
2026-09-17T11:02:21.417720749Z,6.700963,118.147781,Cloud to Ground,29801,0,9
2026-09-17T11:02:22.353945249Z,5.661997,117.307157,Cloud to Ground,16333,0,14
2026-09-17T11:02:22.087154672Z,3.764908,117.449858,Cloud to Cloud,-14280,3500,12
2026-09-17T11:02:23.694771804Z,6.13916,117.622513,Cloud to Ground,60013,0,7
2026-09-17T11:02:23.876970948Z,5.956088,117.57916,Cloud to Ground,16565,0,8
2026-09-17T11:02:24.445674136Z,5.951416,117.573622,Cloud to Ground,18311,0,7
2026-09-17T11:02:23.769121203Z,5.970376,117.612629,Cloud to Ground,25934,0,16
2026-09-17T11:02:24.361391116Z,5.978353,117.673174,Cloud to Ground,47002,0,14
2026-09-17T11:02:23.652324873Z,5.968046,117.672527,Cloud to Ground,60193,0,12
2026-09-17T11:02:23.843392000Z,6.0284,117.5091,Cloud to Ground,-12960,0,14
2026-09-17T11:02:23.726186792Z,6.09135,117.776789,Cloud to Ground,-30133,0,10
2026-09-17T11:02:23.355342074Z,11.728266,123.953655,Cloud to Ground,-17272,0,7
2026-09-17T11:02:24.896873000Z,15.8061,119.7208,Cloud to Ground,-9844,0,8
2026-09-17T11:02:26.978694655Z,9.671452,119.062125,Cloud to Ground,-53288,0,17
2026-09-17T11:02:27.888794918Z,15.826829,119.703278,Cloud to Cloud,-12957,11425,10
2026-09-17T11:02:28.958487539Z,10.626707,112.900478,Cloud to Ground,-34136,0,8
2026-09-17T11:02:28.042353313Z,11.113596,112.71829,Cloud to Ground,21512,0,12
2026-09-17T11:02:28.043533493Z,11.108309,112.707826,Cloud to Ground,35167,0,7
2026-09-17T11:02:28.985636445Z,10.708233,113.013196,Cloud to Ground,-59793,0,10
2026-09-17T11:02:29.054487374Z,10.711927,112.94112,Cloud to Ground,-22408,0,8
2026-09-17T11:02:28.933183000Z,10.771,112.9673,Cloud to Ground,188958,0,8
2026-09-17T11:02:28.670403719Z,15.593552,119.930525,Cloud to Ground,-23219,0,12
2026-09-17T11:02:28.595181154Z,15.395045,119.948098,Cloud to Cloud,20125,5901,7
2026-09-17T11:02:30.445929757Z,4.338857,117.190177,Cloud to Ground,23201,0,12
2026-09-17T11:02:31.817689115Z,4.133054,117.42961,Cloud to Ground,9970,0,7
2026-09-17T11:02:32.338348434Z,15.943694,119.606653,Cloud to Cloud,7063,3016,10
2026-09-17T11:02:34.920563136Z,3.686358,117.247599,Cloud to Ground,-17932,0,24
2026-09-17T11:02:34.883429764Z,3.673032,117.278682,Cloud to Ground,15813,0,12
2026-09-17T11:02:34.789615100Z,3.582268,117.324191,Cloud to Ground,25367,0,19
2026-09-17T11:02:34.984371274Z,3.637091,117.301466,Cloud to Ground,40776,0,18
2026-09-17T11:02:35.821850512Z,15.852338,119.890498,Cloud to Cloud,3192,3041,7
2026-09-17T11:02:35.428837356Z,11.238141,118.839253,Cloud to Ground,14375,0,10
2026-09-17T11:02:38.927005422Z,3.794138,117.351809,Cloud to Ground,-39286,0,26
2026-09-17T11:02:39.634819658Z,15.746264,119.778607,Cloud to Ground,-12564,0,9
2026-09-17T11:02:39.497261844Z,15.852217,119.650636,Cloud to Cloud,16547,19106,10
2026-09-17T11:02:39.700749185Z,15.925927,119.811783,Cloud to Cloud,22195,12804,5
2026-09-17T11:02:40.570069327Z,9.155627,112.73271,Cloud to Ground,22070,0,7
2026-09-17T11:02:40.575369922Z,9.192475,112.78511,Cloud to Ground,34586,0,17
2026-09-17T11:02:40.046622031Z,16.009123,119.601933,Cloud to Cloud,-19324,3101,6
2026-09-17T11:02:40.466628104Z,16.166132,119.91589,Cloud to Ground,-43162,0,14
2026-09-17T11:02:39.882928005Z,16.171962,119.965651,Cloud to Ground,-21399,0,13
2026-09-17T11:02:42.906458522Z,7.728904,118.755737,Cloud to Ground,-53081,0,11
2026-09-17T11:02:43.121600383Z,7.683478,118.766674,Cloud to Ground,-26482,0,6
2026-09-17T11:02:42.805500202Z,15.796042,119.737,Cloud to Ground,56662,0,8
2026-09-17T11:02:42.858637896Z,15.905634,119.674334,Cloud to Ground,-15535,0,6
2026-09-17T11:02:43.415265622Z,15.902814,119.6716,Cloud to Ground,-10110,0,7
2026-09-17T11:02:42.732641000Z,16.0226,119.6282,Cloud to Ground,-31592,0,6
2026-09-17T11:02:43.028096777Z,7.721758,118.858062,Cloud to Ground,-26718,0,8
2026-09-17T11:02:42.950250262Z,7.718349,118.856728,Cloud to Ground,-25720,0,9
2026-09-17T11:02:43.053415000Z,15.9528,119.4016,Cloud to Ground,-27877,0,6
2026-09-17T11:02:45.547041545Z,7.230059,112.633866,Cloud to Ground,18882,0,7
2026-09-17T11:02:44.957129862Z,7.234403,112.721297,Cloud to Ground,30610,0,9
2026-09-17T11:02:46.408381615Z,3.976268,117.299525,Cloud to Ground,-27554,0,17
2026-09-17T11:02:46.533082424Z,3.94251,117.282245,Cloud to Ground,11660,0,11
2026-09-17T11:02:46.040153828Z,3.948798,117.33815,Cloud to Ground,12889,0,16
2026-09-17T11:02:45.965010975Z,3.914352,117.34417,Cloud to Ground,66575,0,17
2026-09-17T11:02:46.415705523Z,4.13941,117.651565,Cloud to Ground,-18173,0,16
2026-09-17T11:02:46.401709437Z,4.14797,117.611524,Cloud to Ground,14656,0,15
2026-09-17T11:02:46.452394704Z,15.937572,119.624628,Cloud to Ground,33658,0,12
2026-09-17T11:02:47.186746292Z,6.007779,117.691257,Cloud to Ground,-51951,0,11
2026-09-17T11:02:47.329868674Z,6.101546,117.621149,Cloud to Ground,-39388,0,22
2026-09-17T11:02:47.245191956Z,6.074045,117.620235,Cloud to Ground,-20543,0,13
2026-09-17T11:02:47.405968713Z,6.001767,117.639569,Cloud to Ground,-13658,0,26
2026-09-17T11:02:47.454624750Z,5.98561,117.688935,Cloud to Ground,21819,0,15
2026-09-17T11:02:47.901406850Z,5.975948,117.632099,Cloud to Ground,29345,0,16
2026-09-17T11:02:47.638393630Z,5.95945,117.596146,Cloud to Ground,36560,0,15
2026-09-17T11:02:47.530326693Z,5.986392,117.691574,Cloud to Ground,49484,0,16
2026-09-17T11:02:47.248914236Z,5.959592,117.786853,Cloud to Ground,-18046,0,15
2026-09-17T11:02:48.499447280Z,16.028266,119.795892,Cloud to Cloud,-14642,5115,7
2026-09-17T11:02:52.827923250Z,17.032224,121.160699,Cloud to Ground,20275,0,11
2026-09-17T11:02:52.718776821Z,16.777183,120.983739,Cloud to Ground,-28999,0,10
2026-09-17T11:02:52.674405081Z,16.785378,120.986019,Cloud to Ground,-18522,0,10
2026-09-17T11:02:52.758727340Z,16.784204,120.974463,Cloud to Ground,-16899,0,7
2026-09-17T11:02:53.688329613Z,10.669268,113.007644,Cloud to Ground,-68273,0,10
2026-09-17T11:02:53.757683137Z,10.669867,112.868613,Cloud to Ground,-41111,0,9
2026-09-17T11:02:54.329471602Z,10.673835,112.815923,Cloud to Ground,-24316,0,7
2026-09-17T11:02:53.799280444Z,10.681235,112.954798,Cloud to Ground,24287,0,8
2026-09-17T11:02:53.819470764Z,16.109257,120.061176,Cloud to Ground,-13761,0,11
2026-09-17T11:02:53.964083382Z,16.160577,120.478398,Cloud to Ground,49705,0,12
2026-09-17T11:02:54.091931196Z,6.071794,112.797012,Cloud to Ground,-173629,0,12
2026-09-17T11:02:54.188406417Z,6.073182,112.797733,Cloud to Ground,-80664,0,13
2026-09-17T11:02:53.650921494Z,6.086169,112.7853,Cloud to Ground,43948,0,17
2026-09-17T11:02:54.938238373Z,16.089282,119.823929,Cloud to Ground,-14696,0,8
2026-09-17T11:02:54.470135038Z,16.118144,119.874339,Cloud to Ground,-13898,0,7
2026-09-17T11:02:55.302446122Z,16.088401,119.819176,Cloud to Ground,-6272,0,6
2026-09-17T11:02:54.572041211Z,10.681162,112.956039,Cloud to Ground,21472,0,8
2026-09-17T11:02:57.054085527Z,4.575134,116.789489,Cloud to Ground,15153,0,17
2026-09-17T11:02:57.094399961Z,15.816348,119.555604,Cloud to Cloud,-16312,15252,8
2026-09-17T11:02:57.230828932Z,15.911601,119.538732,Cloud to Cloud,14082,4898,7
2026-09-17T11:02:59.614788588Z,4.138331,117.528319,Cloud to Ground,-34376,0,26
2026-09-17T11:02:59.544964712Z,4.124248,117.530519,Cloud to Ground,19752,0,11
2026-09-17T11:02:59.709677074Z,4.121784,117.577793,Cloud to Ground,26090,0,11
2026-09-17T11:03:00.082978710Z,15.516432,119.683133,Cloud to Ground,-46268,0,12
2026-09-17T11:02:59.931005754Z,15.504737,119.691674,Cloud to Ground,-31968,0,8
2026-09-17T11:02:59.999062506Z,15.514951,119.715687,Cloud to Ground,-22963,0,8
2026-09-17T11:02:59.924053127Z,15.54172,119.773437,Cloud to Ground,-13132,0,7
2026-09-17T11:02:59.890963325Z,15.603491,119.788884,Cloud to Ground,208849,0,12
2026-09-17T11:02:59.967983000Z,15.6984,119.6668,Cloud to Ground,-21030,0,5
2026-09-17T11:02:59.979299586Z,15.757492,119.724081,Cloud to Cloud,14201,3961,8
2026-09-17T11:03:01.213623166Z,9.772044,118.051497,Cloud to Cloud,-16982,4272,10
2026-09-17T11:03:01.172785516Z,9.718392,118.03454,Cloud to Cloud,15220,19751,8
2026-09-17T11:03:00.910214032Z,9.786598,118.137244,Cloud to Cloud,22467,3022,9
2026-09-17T11:03:02.311693763Z,11.442952,121.118634,Cloud to Cloud,-14455,10719,10
2026-09-17T11:03:02.316116000Z,11.7259,121.1805,Cloud to Ground,9592,0,5
2026-09-17T11:03:03.958009554Z,6.010279,117.654558,Cloud to Cloud,-16208,7122,10
2026-09-17T11:03:03.919300588Z,5.996885,117.695344,Cloud to Ground,36055,0,22
2026-09-17T11:03:03.343245368Z,15.995304,119.865671,Cloud to Ground,14357,0,7
2026-09-17T11:03:03.496407568Z,16.06843,119.671763,Cloud to Cloud,11357,4487,9
2026-09-17T11:03:03.373539151Z,15.833342,119.67284,Cloud to Cloud,12761,3007,9
2026-09-17T11:03:04.816149785Z,5.981778,117.600831,Cloud to Cloud,11628,7050,9
2026-09-17T11:03:04.737487004Z,5.971454,117.595862,Cloud to Ground,15486,0,8
2026-09-17T11:03:04.037554303Z,5.954992,117.56943,Cloud to Ground,19433,0,8
2026-09-17T11:03:05.483623175Z,7.262463,118.697903,Cloud to Ground,-52952,0,13
2026-09-17T11:03:07.815860704Z,4.190456,117.510182,Cloud to Ground,-26428,0,19
2026-09-17T11:03:07.002418573Z,15.918887,119.642911,Cloud to Ground,-5306,0,6
2026-09-17T11:03:07.072377878Z,15.907833,119.6414,Cloud to Cloud,9933,19083,10
2026-09-17T11:03:08.165367760Z,3.862611,117.325626,Cloud to Ground,20554,0,13
2026-09-17T11:03:08.114093544Z,3.973043,117.314514,Cloud to Ground,24090,0,8
2026-09-17T11:03:08.701910961Z,3.903666,117.358995,Cloud to Ground,25341,0,22
2026-09-17T11:03:08.052510861Z,3.976667,117.355825,Cloud to Ground,25587,0,11
2026-09-17T11:03:08.479630966Z,15.40044,119.841624,Cloud to Ground,-24131,0,7
2026-09-17T11:03:08.582505532Z,15.210608,119.885777,Cloud to Ground,-56284,0,12
2026-09-17T11:03:08.369786609Z,15.269946,119.90023,Cloud to Cloud,-29375,17243,10
2026-09-17T11:03:09.144092113Z,15.886895,119.734987,Cloud to Ground,-25190,0,13
2026-09-17T11:03:09.054716531Z,15.886589,119.734105,Cloud to Ground,-23919,0,10
2026-09-17T11:03:08.995809160Z,15.879782,119.720653,Cloud to Ground,-10391,0,9
2026-09-17T11:03:09.330063229Z,15.833441,119.802907,Cloud to Cloud,-10143,4960,8
2026-09-17T11:03:13.491755747Z,16.151504,119.870777,Cloud to Cloud,-7388,14536,12
2026-09-17T11:03:13.953188537Z,10.821383,118.695508,Cloud to Ground,-18326,0,12
2026-09-17T11:03:14.995270597Z,15.874518,119.687663,Cloud to Ground,-9565,0,8
2026-09-17T11:03:15.044733833Z,5.97136,117.606073,Cloud to Ground,17293,0,12
2026-09-17T11:03:15.487918693Z,5.956848,117.576129,Cloud to Ground,19093,0,8
2026-09-17T11:03:15.205591718Z,5.988492,117.702613,Cloud to Ground,28323,0,8
2026-09-17T11:03:16.994180850Z,6.599893,114.533766,Cloud to Ground,-192333,0,14
2026-09-17T11:03:16.990859320Z,6.617271,114.557668,Cloud to Ground,-48012,0,22
2026-09-17T11:03:17.457968681Z,6.613444,114.595967,Cloud to Ground,16967,0,7
2026-09-17T11:03:17.407963798Z,6.611962,114.622246,Cloud to Ground,18350,0,10
2026-09-17T11:03:17.623242717Z,6.623705,114.600994,Cloud to Ground,24299,0,8
2026-09-17T11:03:17.349813613Z,6.688532,114.649661,Cloud to Ground,25112,0,8
2026-09-17T11:03:17.054439676Z,6.703228,114.673443,Cloud to Ground,138005,0,8
2026-09-17T11:03:18.628611828Z,4.619711,117.287768,Cloud to Ground,18217,0,8
2026-09-17T11:03:20.270215241Z,16.039736,119.694918,Cloud to Ground,-36334,0,11
2026-09-17T11:03:19.894532907Z,15.97439,119.714424,Cloud to Cloud,37243,14743,10
2026-09-17T11:03:21.400442638Z,10.996223,112.797457,Cloud to Cloud,22546,5190,7
2026-09-17T11:03:21.262134493Z,11.111947,112.899661,Cloud to Ground,-80699,0,6
2026-09-17T11:03:21.202682939Z,11.033013,112.894035,Cloud to Ground,-79468,0,10
2026-09-17T11:03:21.374617603Z,11.04163,112.933077,Cloud to Ground,-46560,0,10
2026-09-17T11:03:21.337882586Z,11.051239,112.934809,Cloud to Ground,-42229,0,9
2026-09-17T11:03:24.957600778Z,6.111427,118.104759,Cloud to Ground,37162,0,15
2026-09-17T11:03:24.958074242Z,6.197858,118.05041,Cloud to Ground,60569,0,10
2026-09-17T11:03:24.341142806Z,15.539342,120.469995,Cloud to Ground,-54220,0,6
2026-09-17T11:03:24.161865155Z,15.588365,120.496991,Cloud to Cloud,-16708,4983,7
2026-09-17T11:03:24.342724916Z,15.546642,120.459644,Cloud to Ground,-12193,0,8
2026-09-17T11:03:25.427254000Z,5.7068,117.2228,Cloud to Ground,8011,0,5
2026-09-17T11:03:25.424696346Z,5.655013,117.262715,Cloud to Ground,22318,0,8
2026-09-17T11:03:25.396302331Z,15.84751,119.68145,Cloud to Cloud,-16779,19738,6
2026-09-17T11:03:26.909903466Z,6.630839,123.663026,Cloud to Ground,-96639,0,19
2026-09-17T11:03:26.976608000Z,6.694,123.5197,Cloud to Ground,-29210,0,7
2026-09-17T11:03:26.207467720Z,5.739176,118.054307,Cloud to Cloud,-41128,5817,21
2026-09-17T11:03:26.168821495Z,5.713845,118.008807,Cloud to Ground,22160,0,9
2026-09-17T11:03:26.181821872Z,5.734526,118.105132,Cloud to Ground,23871,0,13
2026-09-17T11:03:26.151469000Z,5.8487,118.0296,Cloud to Ground,35698,0,9
2026-09-17T11:03:26.640307687Z,11.834625,123.861132,Cloud to Ground,-72236,0,18
2026-09-17T11:03:26.788723557Z,11.845421,123.90089,Cloud to Ground,-54964,0,16
2026-09-17T11:03:28.431605000Z,4.0678,117.4267,Cloud to Ground,25904,0,9
2026-09-17T11:03:31.857037168Z,15.721396,119.846748,Cloud to Cloud,17048,14789,9
2026-09-17T11:03:31.457532000Z,16.3606,120.062,Cloud to Ground,55527,0,5
2026-09-17T11:03:32.164974039Z,16.175231,119.88433,Cloud to Ground,-28752,0,8
2026-09-17T11:03:34.889298975Z,5.990147,117.70547,Cloud to Ground,19573,0,16
2026-09-17T11:03:34.299913622Z,5.96383,117.682002,Cloud to Ground,25401,0,13
2026-09-17T11:03:34.301379629Z,6.057107,117.627706,Cloud to Ground,22003,0,7
2026-09-17T11:03:35.078364729Z,5.979654,117.600318,Cloud to Ground,14783,0,9
2026-09-17T11:03:35.952941443Z,15.45344,119.698979,Cloud to Ground,-68095,0,9
2026-09-17T11:03:36.025509798Z,15.462885,119.700089,Cloud to Ground,-32111,0,14
2026-09-17T11:03:36.303854245Z,15.466227,119.699055,Cloud to Ground,-30190,0,8
2026-09-17T11:03:36.075461240Z,15.475598,119.69242,Cloud to Ground,45670,0,7
2026-09-17T11:03:40.028383895Z,10.56413,113.092129,Cloud to Ground,-143856,0,14
2026-09-17T11:03:40.023267183Z,10.52901,112.982909,Cloud to Cloud,-32693,5314,8
2026-09-17T11:03:40.115544594Z,10.571273,113.050959,Cloud to Ground,41424,0,10
2026-09-17T11:03:44.986702837Z,4.22947,117.569139,Cloud to Cloud,-48871,3010,15
2026-09-17T11:03:46.021194376Z,4.622255,117.265616,Cloud to Ground,16071,0,8
2026-09-17T11:03:48.280634930Z,3.802799,117.269683,Cloud to Cloud,-15913,3099,9
2026-09-17T11:03:48.030669627Z,15.957092,119.569937,Cloud to Cloud,6119,12059,10
2026-09-17T11:03:51.682414866Z,5.9449,117.572654,Cloud to Ground,16487,0,8
2026-09-17T11:03:51.016323506Z,5.97575,117.601642,Cloud to Ground,24136,0,18
2026-09-17T11:03:51.231912385Z,15.861802,119.731884,Cloud to Ground,-31327,0,10
2026-09-17T11:03:51.270950482Z,15.800649,119.738153,Cloud to Cloud,14890,5670,7
2026-09-17T11:03:51.316047704Z,15.587789,119.872837,Cloud to Cloud,11523,16797,7
2026-09-17T11:03:52.219403051Z,3.843394,117.340293,Cloud to Ground,24157,0,14
2026-09-17T11:03:52.961956775Z,15.395671,121.325227,Cloud to Ground,-37315,0,12
2026-09-17T11:03:52.899675834Z,15.38228,121.311944,Cloud to Ground,-33904,0,11
2026-09-17T11:03:53.200337247Z,15.398268,121.345936,Cloud to Ground,-6757,0,7
2026-09-17T11:03:54.651623985Z,15.854267,119.692208,Cloud to Ground,-26801,0,15
2026-09-17T11:03:56.804779294Z,4.007032,117.34356,Cloud to Ground,51568,0,14
2026-09-17T11:03:58.983419749Z,3.741056,117.249579,Cloud to Ground,27010,0,15
2026-09-17T11:03:58.954430667Z,11.356661,121.131969,Cloud to Cloud,5744,17819,7
2026-09-17T11:03:59.678014099Z,15.851271,119.699861,Cloud to Cloud,-3013,7405,7
2026-09-17T11:03:59.699134621Z,15.820039,119.684057,Cloud to Cloud,10705,5684,7
2026-09-17T11:04:01.325217632Z,14.490913,122.310625,Cloud to Ground,-17472,0,11
2026-09-17T11:04:01.298672239Z,14.501242,122.34028,Cloud to Cloud,5001,5028,5
2026-09-17T11:04:01.415731704Z,11.144433,112.885884,Cloud to Ground,-77877,0,11
2026-09-17T11:04:01.774574913Z,11.165843,112.865289,Cloud to Ground,14642,0,7
2026-09-17T11:04:04.223430000Z,16.1806,119.8601,Cloud to Ground,45541,0,5
2026-09-17T11:04:06.834153909Z,6.677338,114.591194,Cloud to Ground,84652,0,9
2026-09-17T11:04:06.419421000Z,6.9782,125.5101,Cloud to Ground,-43896,0,6
2026-09-17T11:04:06.690061000Z,6.9673,125.5507,Cloud to Ground,-27629,0,9
2026-09-17T11:04:06.588518795Z,6.920605,125.538149,Cloud to Ground,-26929,0,7
2026-09-17T11:04:06.882797000Z,7.0122,125.579,Cloud to Ground,-26183,0,6
2026-09-17T11:04:11.988545937Z,7.940181,118.910153,Cloud to Ground,-17696,0,13
2026-09-17T11:04:11.948475564Z,7.840328,118.622603,Cloud to Cloud,-37869,14634,19
2026-09-17T11:04:12.799138774Z,7.86746,118.777735,Cloud to Ground,31844,0,16
2026-09-17T11:04:12.967054787Z,7.771759,118.750001,Cloud to Ground,-30571,0,11
2026-09-17T11:04:12.268630387Z,3.688182,117.246035,Cloud to Ground,15266,0,11
2026-09-17T11:04:12.759795070Z,15.845865,119.660136,Cloud to Cloud,-21941,3005,9
2026-09-17T11:04:12.234527046Z,15.849051,119.672316,Cloud to Cloud,3340,18121,7
2026-09-17T11:04:12.805172052Z,15.831362,119.823765,Cloud to Ground,28956,0,14
2026-09-17T11:04:12.983043097Z,15.813657,119.880187,Cloud to Ground,34337,0,7
2026-09-17T11:04:13.941170076Z,3.814073,117.382251,Cloud to Ground,-36011,0,27
2026-09-17T11:04:13.869186535Z,3.803305,117.422822,Cloud to Ground,21509,0,11
2026-09-17T11:04:13.887250267Z,10.894119,118.592551,Cloud to Cloud,-18932,3013,8
2026-09-17T11:04:13.886690939Z,10.814738,118.665392,Cloud to Ground,40111,0,11
2026-09-17T11:04:14.699517751Z,16.117079,119.850769,Cloud to Ground,-44293,0,14
2026-09-17T11:04:14.755903081Z,16.119109,119.855526,Cloud to Ground,-15409,0,7
2026-09-17T11:04:15.529732996Z,16.091346,119.897443,Cloud to Ground,-19016,0,13
2026-09-17T11:04:15.852449557Z,10.807157,112.900569,Cloud to Ground,20850,0,9
2026-09-17T11:04:15.717301936Z,10.79858,112.894363,Cloud to Ground,23084,0,8
2026-09-17T11:04:16.345806143Z,18.14391,115.033281,Cloud to Ground,62305,0,16
2026-09-17T11:04:16.270506308Z,18.141361,115.045167,Cloud to Ground,70672,0,18
2026-09-17T11:04:16.210780162Z,18.155721,115.066472,Cloud to Ground,101690,0,18
2026-09-17T11:04:16.197975127Z,18.137549,114.934038,Cloud to Ground,-43680,0,11
2026-09-17T11:04:16.345055402Z,18.113848,114.88475,Cloud to Cloud,12952,5288,7
2026-09-17T11:04:16.848034508Z,11.436187,112.958103,Cloud to Ground,-46412,0,11
2026-09-17T11:04:16.699937000Z,11.4933,112.8113,Cloud to Ground,-88466,0,5
2026-09-17T11:04:16.827458400Z,11.406379,112.804586,Cloud to Cloud,-17918,7029,6
2026-09-17T11:04:17.300932701Z,15.871025,119.6223,Cloud to Ground,-16132,0,9
2026-09-17T11:04:20.750810181Z,3.70455,117.249758,Cloud to Ground,-18390,0,27
2026-09-17T11:04:21.745035000Z,15.5085,119.6745,Cloud to Ground,-76610,0,5
2026-09-17T11:04:21.855652930Z,15.501214,119.793561,Cloud to Ground,-54703,0,10
2026-09-17T11:04:21.754298807Z,15.556064,119.788251,Cloud to Ground,-50791,0,11
2026-09-17T11:04:21.787899607Z,15.483309,119.706484,Cloud to Ground,-38391,0,12
2026-09-17T11:04:21.243017490Z,15.955385,119.543913,Cloud to Ground,35943,0,14
2026-09-17T11:04:21.709835504Z,15.967385,119.743106,Cloud to Ground,20270,0,9
2026-09-17T11:04:22.817079187Z,16.147681,119.871114,Cloud to Ground,-26451,0,8
2026-09-17T11:04:22.670283635Z,16.149517,119.883444,Cloud to Ground,-23415,0,10
2026-09-17T11:04:22.406866679Z,16.392298,120.05578,Cloud to Cloud,-11764,16789,9
2026-09-17T11:04:22.535930000Z,16.188,119.7721,Cloud to Ground,-20878,0,9
2026-09-17T11:04:22.598805885Z,15.472539,119.679384,Cloud to Ground,-25012,0,6
2026-09-17T11:04:22.682141675Z,15.475789,119.678627,Cloud to Ground,-9439,0,8
2026-09-17T11:04:23.355704149Z,6.74475,123.718265,Cloud to Cloud,-23192,3000,12
2026-09-17T11:04:23.279954652Z,15.932502,119.597522,Cloud to Cloud,12490,3024,8
2026-09-17T11:04:25.937353229Z,3.701652,117.298293,Cloud to Ground,17139,0,14
2026-09-17T11:04:25.985157010Z,7.223997,118.582813,Cloud to Ground,36271,0,18
2026-09-17T11:04:26.504869314Z,6.065491,117.622871,Cloud to Ground,-31339,0,16
2026-09-17T11:04:26.664479565Z,5.975387,117.645627,Cloud to Ground,-17200,0,22
2026-09-17T11:04:26.528579957Z,5.939839,117.688978,Cloud to Ground,12855,0,14
2026-09-17T11:04:26.449511966Z,5.926405,117.681391,Cloud to Ground,30209,0,12
2026-09-17T11:04:26.584931975Z,6.043312,117.646571,Cloud to Ground,32752,0,18
2026-09-17T11:04:26.012943019Z,7.546105,118.647474,Cloud to Cloud,-35977,17935,13
2026-09-17T11:04:27.004715365Z,4.619049,117.332064,Cloud to Ground,19546,0,11
2026-09-17T11:04:26.992225967Z,15.858357,119.659919,Cloud to Ground,-22873,0,10
2026-09-17T11:04:27.728020905Z,15.860093,119.669161,Cloud to Ground,-13841,0,8
2026-09-17T11:04:27.146982363Z,15.857376,119.655517,Cloud to Ground,-13812,0,9
2026-09-17T11:04:27.719001582Z,15.824387,119.694395,Cloud to Ground,66579,0,11
2026-09-17T11:04:27.290295000Z,15.9039,119.5337,Cloud to Ground,-39812,0,5
2026-09-17T11:04:30.323487174Z,15.911087,119.652897,Cloud to Ground,-5042,0,6
2026-09-17T11:04:30.393497088Z,15.930252,119.65121,Cloud to Cloud,4474,16927,5
2026-09-17T11:04:30.777358000Z,6.9006,119.0425,Cloud to Ground,2482,0,10
2026-09-17T11:04:31.236669779Z,15.873353,119.648347,Cloud to Cloud,-12391,3085,8
2026-09-17T11:04:31.348937704Z,15.924021,119.671406,Cloud to Cloud,10494,18190,8
2026-09-17T11:04:31.500439026Z,15.785405,119.665102,Cloud to Cloud,10657,3923,7
2026-09-17T11:04:35.767360111Z,5.9515,117.587264,Cloud to Ground,19481,0,12
2026-09-17T11:04:35.998789403Z,5.953366,117.57809,Cloud to Ground,30391,0,7
2026-09-17T11:04:35.886032000Z,6.0656,117.6139,Cloud to Ground,43168,0,9
2026-09-17T11:04:35.922736100Z,16.148765,120.064194,Cloud to Ground,-41755,0,8
2026-09-17T11:04:36.377651832Z,16.205207,120.051457,Cloud to Ground,-20605,0,11
2026-09-17T11:04:36.110158978Z,16.120509,119.959828,Cloud to Ground,-58411,0,11
2026-09-17T11:04:35.824070584Z,16.177815,119.949876,Cloud to Ground,-30243,0,7
2026-09-17T11:04:35.968560378Z,16.127908,119.970518,Cloud to Ground,-28180,0,12
2026-09-17T11:04:36.835147842Z,15.934665,120.067224,Cloud to Cloud,-6130,19258,8
2026-09-17T11:04:37.051781875Z,15.67488,119.93954,Cloud to Cloud,25142,6969,9
2026-09-17T11:04:37.057910290Z,15.937491,119.927316,Cloud to Cloud,9492,3000,10
2026-09-17T11:04:37.059076534Z,15.814267,119.841021,Cloud to Cloud,25192,13693,6
2026-09-17T11:04:38.773082167Z,15.884084,119.706647,Cloud to Ground,-33190,0,11
2026-09-17T11:04:39.287863702Z,15.918739,119.712535,Cloud to Ground,-26408,0,6
2026-09-17T11:04:38.667677125Z,15.880916,119.694785,Cloud to Ground,-11952,0,8
2026-09-17T11:04:39.756722272Z,4.48931,116.73793,Cloud to Ground,-20387,0,9
2026-09-17T11:04:39.879391281Z,4.672694,116.890702,Cloud to Ground,-22164,0,7
2026-09-17T11:04:39.445535929Z,4.5691,116.63481,Cloud to Cloud,14693,6740,7
2026-09-17T11:04:39.290121051Z,15.691249,119.771022,Cloud to Cloud,-12721,3348,9
2026-09-17T11:04:40.222491473Z,4.35253,116.747675,Cloud to Ground,19452,0,11
2026-09-17T11:04:40.751511753Z,15.933724,119.606968,Cloud to Cloud,11877,18463,10
2026-09-17T11:04:43.031005141Z,4.021053,117.577184,Cloud to Ground,-17088,0,18
2026-09-17T11:04:44.265009462Z,15.873885,119.642694,Cloud to Cloud,5690,12409,7
2026-09-17T11:04:44.284798782Z,15.772887,119.754674,Cloud to Cloud,12430,9978,9
2026-09-17T11:04:45.147928056Z,15.834939,119.683198,Cloud to Cloud,-17868,8619,8
2026-09-17T11:04:46.371364897Z,11.699623,121.012081,Cloud to Ground,53487,0,10
2026-09-17T11:04:47.764638504Z,9.708605,118.093783,Cloud to Cloud,-16169,4935,10
2026-09-17T11:04:49.975646168Z,15.35292,121.259035,Cloud to Ground,-15432,0,11
2026-09-17T11:04:50.260277698Z,15.354504,121.26918,Cloud to Ground,-10832,0,11
2026-09-17T11:04:51.336893993Z,15.92689,119.658534,Cloud to Cloud,9530,3009,10
2026-09-17T11:04:52.971897706Z,4.222264,117.559162,Cloud to Cloud,-20853,3257,17
2026-09-17T11:04:52.939924345Z,4.135946,117.649168,Cloud to Cloud,-19385,18908,13
2026-09-17T11:04:54.671149558Z,0.284154,119.916729,Cloud to Ground,-10067,0,15
2026-09-17T11:04:54.796027000Z,15.9218,119.544,Cloud to Ground,-56737,0,12
2026-09-17T11:04:55.730633255Z,4.052864,117.272861,Cloud to Ground,28441,0,9
2026-09-17T11:04:55.565542493Z,3.876269,117.341319,Cloud to Ground,75257,0,25
2026-09-17T11:04:56.845542407Z,4.019092,117.30341,Cloud to Ground,14623,0,8
2026-09-17T11:04:58.238676817Z,15.735974,119.759421,Cloud to Cloud,15698,19399,11
2026-09-17T11:04:59.628398809Z,11.049835,112.90461,Cloud to Ground,-76988,0,10
2026-09-17T11:04:59.338929057Z,11.022829,112.914162,Cloud to Ground,-54349,0,14
2026-09-17T11:05:01.209640628Z,16.110137,120.110866,Cloud to Ground,-12913,0,7
2026-09-17T11:05:02.198443153Z,5.933991,117.674315,Cloud to Ground,-37832,0,12
2026-09-17T11:05:02.056366964Z,6.034274,117.62783,Cloud to Ground,-39648,0,22
2026-09-17T11:05:02.088217511Z,6.06318,117.639438,Cloud to Ground,-17605,0,25
2026-09-17T11:05:02.511808987Z,5.911174,117.578469,Cloud to Ground,30656,0,8
2026-09-17T11:05:02.822329349Z,11.441943,121.104421,Cloud to Cloud,-7710,14518,9
2026-09-17T11:05:04.011978414Z,10.684488,113.016977,Cloud to Ground,-122487,0,11
2026-09-17T11:05:04.069094744Z,10.690804,113.019127,Cloud to Ground,-62241,0,12
2026-09-17T11:05:04.115346868Z,10.683713,112.963721,Cloud to Ground,-36344,0,12
2026-09-17T11:05:04.093115235Z,10.663379,112.886908,Cloud to Ground,-35058,0,8
2026-09-17T11:05:04.145398480Z,10.730038,113.007905,Cloud to Ground,-26259,0,9
2026-09-17T11:05:04.002478065Z,10.682281,112.986013,Cloud to Ground,-22019,0,7
2026-09-17T11:05:04.116545707Z,10.686587,112.988866,Cloud to Ground,-16541,0,7
2026-09-17T11:05:04.020800981Z,10.703927,113.026164,Cloud to Ground,-12216,0,5
2026-09-17T11:05:04.081853630Z,10.706915,112.989005,Cloud to Ground,21519,0,7
2026-09-17T11:05:04.515365020Z,10.708043,112.992922,Cloud to Ground,54685,0,7
2026-09-17T11:05:05.564129379Z,11.455112,112.897576,Cloud to Ground,20678,0,6
2026-09-17T11:05:08.457304802Z,15.333894,119.745916,Cloud to Ground,24441,0,7
2026-09-17T11:05:08.423361221Z,15.526498,119.698519,Cloud to Ground,-69788,0,16
2026-09-17T11:05:08.296396162Z,15.504312,119.69721,Cloud to Ground,-62910,0,11
2026-09-17T11:05:08.378842501Z,15.52494,119.698043,Cloud to Ground,-25338,0,11
2026-09-17T11:05:08.920463843Z,15.516288,119.673214,Cloud to Ground,-22865,0,9
2026-09-17T11:05:09.003256708Z,15.523874,119.695468,Cloud to Ground,-17970,0,11
2026-09-17T11:05:08.352835807Z,15.50581,119.664305,Cloud to Ground,-9067,0,6
2026-09-17T11:05:08.932304747Z,15.514808,119.671677,Cloud to Ground,-8637,0,6
2026-09-17T11:05:08.347874573Z,15.592496,119.746683,Cloud to Ground,62205,0,7
2026-09-17T11:05:08.108714365Z,15.905172,119.641452,Cloud to Ground,16694,0,7
2026-09-17T11:05:09.825978667Z,4.043765,117.64496,Cloud to Ground,29507,0,17
2026-09-17T11:05:09.862213677Z,1.276405,115.1281,Cloud to Ground,31842,0,14
2026-09-17T11:05:11.457572056Z,15.852436,119.657185,Cloud to Cloud,18492,7394,10
2026-09-17T11:05:12.321916687Z,5.360109,113.619168,Cloud to Ground,-110230,0,16
2026-09-17T11:05:12.351588657Z,5.300444,113.524456,Cloud to Ground,-38958,0,25
2026-09-17T11:05:12.340121852Z,5.259709,113.656517,Cloud to Ground,-24143,0,12
2026-09-17T11:05:12.476758156Z,5.339947,113.692199,Cloud to Ground,33711,0,7
2026-09-17T11:05:12.578919098Z,5.229075,113.577447,Cloud to Ground,36706,0,9
2026-09-17T11:05:12.362765852Z,5.316139,113.650806,Cloud to Ground,63554,0,7
2026-09-17T11:05:12.401676808Z,5.292709,113.650007,Cloud to Ground,82228,0,8
2026-09-17T11:05:12.272950955Z,3.835494,117.351642,Cloud to Ground,58180,0,32
2026-09-17T11:05:14.701719855Z,15.880601,119.633923,Cloud to Ground,-48001,0,9
2026-09-17T11:05:14.639460182Z,15.880925,119.63416,Cloud to Ground,-27375,0,11
2026-09-17T11:05:15.059998509Z,15.878255,119.624626,Cloud to Ground,-17302,0,8
2026-09-17T11:05:14.945255765Z,15.962626,119.655274,Cloud to Cloud,-7271,16065,6
2026-09-17T11:05:15.239049006Z,15.963765,119.661303,Cloud to Cloud,5886,3017,6
2026-09-17T11:05:14.545844000Z,15.9967,119.7186,Cloud to Ground,74025,0,5
2026-09-17T11:05:15.536932893Z,15.898799,119.865372,Cloud to Cloud,15448,11849,9
2026-09-17T11:05:15.449403000Z,15.9653,119.5057,Cloud to Ground,-19713,0,6
2026-09-17T11:05:16.578156066Z,16.162842,119.926356,Cloud to Ground,-52111,0,11
2026-09-17T11:05:16.850092237Z,16.189432,120.023252,Cloud to Ground,-40452,0,9
2026-09-17T11:05:16.966833980Z,16.160566,119.908694,Cloud to Ground,-33465,0,12
2026-09-17T11:05:16.776536430Z,16.190718,119.931113,Cloud to Ground,24383,0,7
2026-09-17T11:05:16.484998546Z,16.010068,119.905221,Cloud to Cloud,21485,3032,7
2026-09-17T11:05:16.851094761Z,16.01904,119.938005,Cloud to Cloud,24832,3008,7
2026-09-17T11:05:16.772299687Z,16.065098,120.002967,Cloud to Ground,74107,0,9
2026-09-17T11:05:16.709591038Z,16.056829,119.987016,Cloud to Ground,75832,0,10
2026-09-17T11:05:16.854301000Z,16.4984,120.0615,Cloud to Ground,62651,0,7
2026-09-17T11:05:17.609148921Z,15.565378,119.615735,Cloud to Ground,-44626,0,8
2026-09-17T11:05:17.324716506Z,15.879054,119.95465,Cloud to Ground,27870,0,10
2026-09-17T11:05:17.586739976Z,16.226662,119.974055,Cloud to Cloud,10524,18490,6
2026-09-17T11:05:17.173520160Z,15.780694,119.845905,Cloud to Cloud,14238,17540,7
2026-09-17T11:05:20.739996373Z,4.901635,117.448012,Cloud to Ground,-13825,0,11
2026-09-17T11:05:22.418799270Z,16.020554,119.662005,Cloud to Cloud,10513,3003,7
2026-09-17T11:05:22.220534050Z,15.868033,119.675457,Cloud to Ground,-18307,0,11
2026-09-17T11:05:22.502602574Z,15.959876,119.532613,Cloud to Cloud,15927,16834,15
2026-09-17T11:05:22.019972071Z,15.954671,119.537099,Cloud to Ground,35022,0,13
2026-09-17T11:05:22.086337979Z,15.406719,121.2795,Cloud to Ground,-11792,0,9
2026-09-17T11:05:22.180980517Z,15.40714,121.281124,Cloud to Ground,-8354,0,8
2026-09-17T11:05:22.238194900Z,15.347526,121.490726,Cloud to Ground,-34208,0,6
2026-09-17T11:05:22.016456073Z,15.366803,121.452219,Cloud to Ground,-12599,0,9
2026-09-17T11:05:23.952660923Z,11.055665,113.008873,Cloud to Ground,-15821,0,12
2026-09-17T11:05:25.636257990Z,6.684158,114.555086,Cloud to Ground,-54303,0,21
2026-09-17T11:05:25.838023993Z,6.489559,114.628227,Cloud to Ground,-40130,0,8
2026-09-17T11:05:25.433628598Z,6.559532,114.61053,Cloud to Ground,13864,0,7
2026-09-17T11:05:25.435401858Z,6.558032,114.541317,Cloud to Ground,18846,0,11
2026-09-17T11:05:25.437183044Z,6.616169,114.596082,Cloud to Ground,21451,0,11
2026-09-17T11:05:26.202518472Z,15.804268,119.672827,Cloud to Cloud,3024,3012,7
2026-09-17T11:05:25.580121375Z,15.826175,119.680768,Cloud to Cloud,24691,3786,12
2026-09-17T11:05:26.728922000Z,6.2411,123.1284,Cloud to Ground,-14003,0,10
2026-09-17T11:05:28.759517233Z,3.688138,117.299556,Cloud to Ground,-17792,0,12
2026-09-17T11:05:28.933009000Z,3.9816,117.4672,Cloud to Ground,30543,0,5
2026-09-17T11:05:29.401243808Z,10.842724,112.940108,Cloud to Cloud,-14603,3623,9
2026-09-17T11:05:29.671535005Z,10.909753,112.998561,Cloud to Ground,-13805,0,6
2026-09-17T11:05:30.164862349Z,16.131914,119.879621,Cloud to Cloud,-10765,3074,12
2026-09-17T11:05:31.137359370Z,3.755219,117.42267,Cloud to Ground,15541,0,11
2026-09-17T11:05:34.750203166Z,7.683393,118.731403,Cloud to Cloud,-40122,4523,31
2026-09-17T11:05:34.569090551Z,7.705405,118.809813,Cloud to Ground,-27204,0,9
2026-09-17T11:05:34.604888072Z,7.681653,118.82748,Cloud to Ground,12711,0,13
2026-09-17T11:05:34.389043496Z,4.588114,117.331642,Cloud to Ground,16630,0,14
2026-09-17T11:05:34.674169829Z,6.062873,118.064895,Cloud to Cloud,-12999,6265,16
2026-09-17T11:05:35.164336207Z,16.201964,119.881139,Cloud to Cloud,-13750,11354,7
2026-09-17T11:05:36.105772719Z,16.014186,119.71923,Cloud to Cloud,12855,3914,9
2026-09-17T11:05:36.701681368Z,15.882705,119.65002,Cloud to Ground,-30849,0,12
2026-09-17T11:05:38.261362859Z,5.977533,117.611858,Cloud to Ground,-14809,0,11
2026-09-17T11:05:38.292156495Z,5.970318,117.589937,Cloud to Ground,16431,0,7
2026-09-17T11:05:38.260231874Z,5.960618,117.572685,Cloud to Ground,22081,0,8
2026-09-17T11:05:38.502016509Z,5.964126,117.613894,Cloud to Ground,30346,0,16
2026-09-17T11:05:38.141278832Z,5.962119,117.64693,Cloud to Ground,47440,0,13
2026-09-17T11:05:39.692347741Z,5.641373,117.29073,Cloud to Ground,10269,0,6
2026-09-17T11:05:39.733651890Z,15.902459,119.963403,Cloud to Cloud,6233,19290,8
2026-09-17T11:05:39.778752760Z,15.82102,119.693968,Cloud to Cloud,8020,6501,6
2026-09-17T11:05:39.382681283Z,15.826606,119.70813,Cloud to Cloud,14325,13667,8
2026-09-17T11:05:39.524408947Z,15.912034,119.650803,Cloud to Cloud,4930,3004,6
2026-09-17T11:05:39.697542417Z,15.407258,119.591174,Cloud to Cloud,-19850,3054,7
2026-09-17T11:05:40.900930885Z,5.844021,117.564212,Cloud to Ground,13093,0,7
2026-09-17T11:05:40.153660000Z,6.6285,123.7217,Cloud to Ground,11243,0,5
2026-09-17T11:05:43.196798739Z,9.695604,117.910803,Cloud to Cloud,11740,13056,10
2026-09-17T11:05:43.537780540Z,11.270055,124.516215,Cloud to Ground,-23230,0,11
2026-09-17T11:05:43.290216000Z,4.1938,117.4062,Cloud to Ground,24122,0,6
2026-09-17T11:05:45.917315964Z,3.800556,117.376914,Cloud to Ground,-21702,0,8
2026-09-17T11:05:46.304149559Z,15.837356,119.832001,Cloud to Cloud,-9932,18947,10
2026-09-17T11:05:47.565779932Z,15.521941,119.642387,Cloud to Ground,-52819,0,11
2026-09-17T11:05:48.287838700Z,14.489451,122.330767,Cloud to Cloud,6385,15965,8
2026-09-17T11:05:49.182600332Z,6.908114,125.603118,Cloud to Ground,-68877,0,17
2026-09-17T11:05:52.244687083Z,4.284217,117.44933,Cloud to Ground,14660,0,13
2026-09-17T11:05:52.385749032Z,4.069812,117.534439,Cloud to Ground,-40040,0,24
2026-09-17T11:05:52.273919610Z,4.05759,117.522462,Cloud to Ground,11417,0,9
2026-09-17T11:05:52.622704346Z,4.061041,117.494693,Cloud to Ground,17437,0,7
2026-09-17T11:05:52.373605529Z,16.009161,119.700522,Cloud to Cloud,-5370,6576,6
2026-09-17T11:05:52.515815000Z,15.5138,119.5605,Cloud to Ground,15164,0,6
2026-09-17T11:05:53.125107092Z,5.941622,117.699989,Cloud to Ground,46725,0,12
2026-09-17T11:05:53.611257634Z,3.74046,117.259036,Cloud to Ground,27982,0,14
2026-09-17T11:05:53.984826000Z,16.8568,120.9584,Cloud to Ground,-31357,0,6
2026-09-17T11:05:53.994418048Z,16.80898,121.023944,Cloud to Cloud,-18485,7500,7
2026-09-17T11:05:53.786337512Z,15.350052,119.576836,Cloud to Ground,-10179,0,7
2026-09-17T11:05:54.924364574Z,15.911174,119.7744,Cloud to Ground,-16946,0,10
2026-09-17T11:05:54.845663000Z,15.9141,119.7127,Cloud to Ground,-7987,0,7
2026-09-17T11:05:54.996916284Z,15.886789,119.652864,Cloud to Ground,-6568,0,5
2026-09-17T11:05:54.051423642Z,15.272131,119.806425,Cloud to Cloud,-12342,14441,11
2026-09-17T11:05:54.713623119Z,10.672427,112.986487,Cloud to Ground,-32794,0,6
2026-09-17T11:05:54.716467061Z,10.730501,113.094802,Cloud to Cloud,-21573,11955,11
2026-09-17T11:05:58.061888186Z,3.910869,117.36508,Cloud to Cloud,-12354,4222,25
2026-09-17T11:05:58.293112166Z,5.70527,115.912825,Cloud to Ground,39151,0,22
2026-09-17T11:05:58.252657377Z,15.864106,119.663559,Cloud to Cloud,5560,17248,5
2026-09-17T11:05:58.167449436Z,15.862895,119.655853,Cloud to Ground,25539,0,12
2026-09-17T11:05:59.538480620Z,11.441996,112.945879,Cloud to Ground,-73630,0,12
2026-09-17T11:05:59.643117556Z,11.512447,112.99463,Cloud to Ground,-50306,0,7
2026-09-17T11:05:59.528684969Z,11.461363,112.920488,Cloud to Ground,-32517,0,13
2026-09-17T11:05:59.746661887Z,11.443635,112.887778,Cloud to Ground,17090,0,6
2026-09-17T11:05:59.728616481Z,11.44923,112.893629,Cloud to Ground,18128,0,7
2026-09-17T11:06:02.830088099Z,3.885506,116.988588,Cloud to Ground,72350,0,20
2026-09-17T11:06:02.767395104Z,3.820771,116.807267,Cloud to Ground,12714,0,8
2026-09-17T11:06:03.405432623Z,16.154938,119.94363,Cloud to Cloud,-18639,3002,13
2026-09-17T11:06:03.823404203Z,16.229731,120.076873,Cloud to Cloud,-6320,11898,7
2026-09-17T11:06:05.922165815Z,4.559651,116.708074,Cloud to Ground,14721,0,7
2026-09-17T11:06:05.944517380Z,4.577948,116.682261,Cloud to Cloud,19563,3347,7
2026-09-17T11:06:05.791518518Z,15.906831,119.68969,Cloud to Cloud,-19830,18380,8
2026-09-17T11:06:06.876953745Z,15.857694,119.677882,Cloud to Ground,-39772,0,11
2026-09-17T11:06:06.887752575Z,15.878661,119.692296,Cloud to Cloud,-17122,11177,12
2026-09-17T11:06:06.990824875Z,15.875788,119.644876,Cloud to Ground,19610,0,9
2026-09-17T11:06:08.847671330Z,5.00397,112.944541,Cloud to Ground,-17512,0,12
2026-09-17T11:06:08.060227612Z,15.922785,119.639001,Cloud to Ground,-36511,0,12
2026-09-17T11:06:11.451366010Z,3.888636,117.371612,Cloud to Ground,-26215,0,28
2026-09-17T11:06:11.425991000Z,3.9558,117.411,Cloud to Ground,50647,0,6
2026-09-17T11:06:11.677058870Z,10.810358,118.708074,Cloud to Ground,-33581,0,10
2026-09-17T11:06:12.194998479Z,15.905326,119.663934,Cloud to Ground,-22120,0,7
2026-09-17T11:06:13.686038810Z,11.568541,123.927251,Cloud to Ground,27288,0,11
2026-09-17T11:06:15.349959558Z,5.942459,117.523102,Cloud to Ground,50599,0,14
2026-09-17T11:06:16.974487259Z,15.713453,119.782227,Cloud to Cloud,11630,17842,9
2026-09-17T11:06:16.912009041Z,15.796006,119.734017,Cloud to Ground,-11119,0,9
2026-09-17T11:06:17.385769229Z,3.686987,117.27764,Cloud to Ground,-21228,0,14
2026-09-17T11:06:17.974954482Z,3.719385,117.261914,Cloud to Ground,13378,0,10
2026-09-17T11:06:17.453546967Z,3.695793,117.23033,Cloud to Ground,15238,0,12
2026-09-17T11:06:17.769390233Z,3.720228,117.222147,Cloud to Ground,16516,0,7
2026-09-17T11:06:17.553856274Z,3.702909,117.2531,Cloud to Ground,17712,0,10
2026-09-17T11:06:17.861217960Z,3.724211,117.268279,Cloud to Ground,23414,0,12
2026-09-17T11:06:17.109383510Z,4.387107,117.495725,Cloud to Ground,22906,0,7
2026-09-17T11:06:17.944683728Z,11.04107,112.901556,Cloud to Ground,-66586,0,11
2026-09-17T11:06:17.940085098Z,11.016983,112.817575,Cloud to Ground,17976,0,10
2026-09-17T11:06:18.038691000Z,11.1023,112.8309,Cloud to Ground,26605,0,5
2026-09-17T11:06:19.663583036Z,9.675622,117.905249,Cloud to Cloud,17631,11739,7
2026-09-17T11:06:19.503897966Z,15.99738,119.694513,Cloud to Ground,-32576,0,12
2026-09-17T11:06:19.874678737Z,15.996429,119.694023,Cloud to Ground,-19511,0,10
2026-09-17T11:06:19.937973720Z,15.996883,119.702297,Cloud to Ground,-18577,0,11
2026-09-17T11:06:20.343920114Z,15.99646,119.689308,Cloud to Ground,-9404,0,7
2026-09-17T11:06:22.072860781Z,15.859292,119.586814,Cloud to Cloud,-10842,6599,8
2026-09-17T11:06:22.228510542Z,15.859023,119.718506,Cloud to Ground,-20920,0,14
2026-09-17T11:06:22.361009809Z,15.84899,119.753786,Cloud to Cloud,-7176,13134,9
2026-09-17T11:06:23.621430234Z,6.007512,117.638337,Cloud to Ground,87939,0,19
2026-09-17T11:06:23.401650079Z,5.907526,117.674606,Cloud to Ground,27374,0,24
2026-09-17T11:06:23.450747471Z,5.902969,117.583356,Cloud to Ground,21246,0,7
2026-09-17T11:06:23.143179420Z,8.582099,130.019021,Cloud to Ground,-68549,0,11
2026-09-17T11:06:23.211724356Z,8.563927,129.98831,Cloud to Ground,-36170,0,18
2026-09-17T11:06:24.667675995Z,6.095103,123.003116,Cloud to Ground,36376,0,21
2026-09-17T11:06:25.351158464Z,10.888641,112.927633,Cloud to Ground,-27225,0,9
2026-09-17T11:06:25.398805302Z,10.863416,113.015215,Cloud to Cloud,-19819,17264,10
2026-09-17T11:06:25.772511000Z,11.4817,121.0803,Cloud to Ground,-25142,0,6
2026-09-17T11:06:25.700687000Z,11.6225,121.2871,Cloud to Ground,-23812,0,8
2026-09-17T11:06:26.587841898Z,10.972862,118.707083,Cloud to Ground,-42679,0,11
2026-09-17T11:06:27.287765429Z,3.776721,117.394249,Cloud to Ground,-15622,0,12
2026-09-17T11:06:28.865861847Z,3.719962,117.187379,Cloud to Ground,41699,0,20
2026-09-17T11:06:29.175641607Z,5.939682,117.578659,Cloud to Ground,16573,0,8
2026-09-17T11:06:29.126813937Z,5.939936,117.579658,Cloud to Ground,29201,0,7
2026-09-17T11:06:29.277575426Z,5.973005,117.68954,Cloud to Ground,30833,0,21
2026-09-17T11:06:29.209922000Z,6.0025,117.4532,Cloud to Ground,34207,0,5
2026-09-17T11:06:29.644864415Z,6.149723,117.660579,Cloud to Cloud,10211,3031,6
2026-09-17T11:06:29.611549000Z,6.0872,117.6336,Cloud to Ground,44470,0,6
2026-09-17T11:06:29.548020975Z,15.95933,119.525276,Cloud to Ground,38777,0,13
2026-09-17T11:06:29.168050000Z,6.6923,123.5691,Cloud to Ground,-23548,0,5
2026-09-17T11:06:30.354048737Z,15.886724,119.657529,Cloud to Ground,-52670,0,14
2026-09-17T11:06:30.434190388Z,15.909426,119.75301,Cloud to Ground,-58107,0,8
2026-09-17T11:06:31.824398441Z,4.067755,117.503395,Cloud to Cloud,-30251,3317,23
2026-09-17T11:06:32.230438062Z,4.06512,117.507511,Cloud to Ground,-25143,0,20
2026-09-17T11:06:31.623614030Z,4.067844,117.520844,Cloud to Ground,15000,0,8
2026-09-17T11:06:32.149116999Z,4.05897,117.57316,Cloud to Ground,23944,0,13
2026-09-17T11:06:34.911057681Z,5.141053,112.954443,Cloud to Ground,-28894,0,24
2026-09-17T11:06:34.132648157Z,6.582686,114.596311,Cloud to Cloud,-28558,7902,7
2026-09-17T11:06:34.379877620Z,6.703769,114.710748,Cloud to Cloud,9736,7488,7
2026-09-17T11:06:34.957556260Z,6.016719,112.725042,Cloud to Ground,-73296,0,10
2026-09-17T11:06:35.312037142Z,6.139417,112.787146,Cloud to Ground,-21060,0,16
2026-09-17T11:06:35.229234362Z,6.103284,112.711806,Cloud to Ground,101211,0,8
2026-09-17T11:06:35.150421000Z,6.0701,112.5147,Cloud to Ground,-38838,0,6
2026-09-17T11:06:35.176732000Z,6.4471,112.9289,Cloud to Ground,87392,0,6
2026-09-17T11:06:35.311182000Z,5.9703,112.5498,Cloud to Ground,-34705,0,6
2026-09-17T11:06:35.853474671Z,15.753032,119.695482,Cloud to Cloud,4017,18707,7
2026-09-17T11:06:36.119871861Z,5.963456,112.819527,Cloud to Ground,40389,0,16
2026-09-17T11:06:36.176852429Z,5.942941,112.953126,Cloud to Ground,-34009,0,21
2026-09-17T11:06:36.062162000Z,6.0477,112.9616,Cloud to Ground,22194,0,9
2026-09-17T11:06:37.178082238Z,18.129425,114.874726,Cloud to Cloud,10663,5853,6
2026-09-17T11:06:37.060536818Z,18.165049,114.87937,Cloud to Cloud,14463,19134,10
2026-09-17T11:06:37.396050573Z,18.132099,114.868254,Cloud to Cloud,14839,7894,7
2026-09-17T11:06:37.126396047Z,18.160933,114.884955,Cloud to Ground,15381,0,12
2026-09-17T11:06:36.756856975Z,18.171329,114.859961,Cloud to Ground,36913,0,10
2026-09-17T11:06:36.996506834Z,18.160775,115.039302,Cloud to Ground,21411,0,13
2026-09-17T11:06:36.855105000Z,18.2168,115.0073,Cloud to Ground,25157,0,5
2026-09-17T11:06:36.698059000Z,18.4346,115.1257,Cloud to Ground,-99535,0,6
2026-09-17T11:06:36.455141156Z,15.886628,119.694351,Cloud to Cloud,-16663,10333,9
2026-09-17T11:06:35.910277838Z,15.882915,119.682935,Cloud to Cloud,-12363,10618,11
2026-09-17T11:06:36.255809594Z,11.353773,120.725427,Cloud to Cloud,28561,4876,9
2026-09-17T11:06:36.580010574Z,15.473516,119.632065,Cloud to Cloud,-26125,16728,5
2026-09-17T11:06:38.031539538Z,15.859388,119.571974,Cloud to Cloud,-16767,14270,6
2026-09-17T11:06:40.463428797Z,16.162457,119.855854,Cloud to Cloud,-10019,12138,12
2026-09-17T11:06:40.895399895Z,15.771755,119.891351,Cloud to Cloud,-22114,9142,8
2026-09-17T11:06:40.091292711Z,15.825919,119.684038,Cloud to Cloud,7533,17753,8
2026-09-17T11:06:40.436392143Z,16.085856,120.03052,Cloud to Cloud,22251,16889,9
2026-09-17T11:06:40.428441605Z,16.175087,119.985675,Cloud to Cloud,3621,14068,5
2026-09-17T11:06:41.939879833Z,15.893583,119.69404,Cloud to Ground,-22404,0,13
2026-09-17T11:06:44.638095627Z,11.442374,113.018973,Cloud to Ground,-9253,0,7
2026-09-17T11:06:44.526859565Z,11.432714,112.824453,Cloud to Ground,19961,0,11
2026-09-17T11:06:46.916968942Z,6.134765,117.641995,Cloud to Ground,35255,0,7
2026-09-17T11:06:46.599397678Z,10.66958,113.033222,Cloud to Ground,-151909,0,13
2026-09-17T11:06:46.591757697Z,10.61051,112.921299,Cloud to Ground,-14919,0,7
2026-09-17T11:06:46.592840132Z,10.662452,112.982807,Cloud to Ground,-10747,0,6
2026-09-17T11:06:46.657071144Z,10.693268,112.988513,Cloud to Ground,30931,0,7
2026-09-17T11:06:46.208062649Z,15.916222,119.745672,Cloud to Ground,27443,0,7
2026-09-17T11:06:47.656882458Z,5.550227,118.081208,Cloud to Ground,-178397,0,22
2026-09-17T11:06:47.060301878Z,6.070931,118.104734,Cloud to Cloud,19375,3445,20
2026-09-17T11:06:47.626426139Z,5.866867,117.92966,Cloud to Ground,-25406,0,9
2026-09-17T11:06:46.883727000Z,5.9191,117.7012,Cloud to Ground,-16685,0,6
2026-09-17T11:06:47.292160151Z,5.95144,117.610094,Cloud to Cloud,11265,6053,7
2026-09-17T11:06:47.361799737Z,5.952546,117.611373,Cloud to Ground,25814,0,6
2026-09-17T11:06:47.572399783Z,5.95263,117.595659,Cloud to Ground,26811,0,13
2026-09-17T11:06:47.098606896Z,5.974146,117.644012,Cloud to Ground,27662,0,17
2026-09-17T11:06:46.829029000Z,5.9754,117.5306,Cloud to Ground,32075,0,6
2026-09-17T11:06:46.974410070Z,5.939913,117.598501,Cloud to Ground,36979,0,7
2026-09-17T11:06:47.207286557Z,5.978849,117.724885,Cloud to Ground,79403,0,21
2026-09-17T11:06:49.103863908Z,4.90693,112.936657,Cloud to Ground,-17938,0,8
2026-09-17T11:06:49.244360381Z,4.895075,113.00006,Cloud to Ground,24737,0,11
2026-09-17T11:06:49.161831798Z,4.905308,112.950088,Cloud to Ground,29326,0,14
2026-09-17T11:06:49.338493001Z,4.96534,112.98626,Cloud to Ground,39762,0,9
2026-09-17T11:06:49.121230881Z,4.939622,112.97355,Cloud to Ground,47760,0,10
2026-09-17T11:06:51.046540434Z,15.99785,119.852497,Cloud to Cloud,23465,15742,6
2026-09-17T11:06:52.704958539Z,7.656627,118.673801,Cloud to Ground,19620,0,10
2026-09-17T11:06:52.678728118Z,7.536081,118.813396,Cloud to Cloud,33033,18251,9
2026-09-17T11:06:52.646961871Z,7.682947,118.816194,Cloud to Ground,-51061,0,8
2026-09-17T11:06:53.369715710Z,15.730553,119.760724,Cloud to Cloud,14135,11729,9
2026-09-17T11:06:52.805107579Z,15.750986,119.715056,Cloud to Cloud,15517,3534,8
2026-09-17T11:06:52.804412000Z,15.7866,119.6183,Cloud to Ground,-31569,0,6
2026-09-17T11:06:52.591790924Z,15.8634,119.674676,Cloud to Ground,-20370,0,6
2026-09-17T11:06:53.129740673Z,15.863007,119.667289,Cloud to Ground,-11943,0,6
2026-09-17T11:06:53.380819600Z,3.705133,117.18016,Cloud to Ground,17268,0,7
2026-09-17T11:06:53.367872153Z,15.893282,119.776585,Cloud to Ground,-21969,0,9
2026-09-17T11:06:53.733713139Z,15.980544,119.857291,Cloud to Ground,-51574,0,11
2026-09-17T11:06:57.250580886Z,11.410168,112.819338,Cloud to Ground,30738,0,12
2026-09-17T11:06:57.065199901Z,16.768112,120.877611,Cloud to Ground,-18723,0,9
2026-09-17T11:06:58.802782840Z,9.735085,118.121717,Cloud to Cloud,-15841,10147,12
2026-09-17T11:06:58.650205111Z,15.86793,119.623374,Cloud to Cloud,15341,3684,7
2026-09-17T11:06:59.014733334Z,15.389398,119.776383,Cloud to Cloud,-6688,19569,9
2026-09-17T11:06:59.725643977Z,15.870535,119.669988,Cloud to Cloud,-12751,3003,10
2026-09-17T11:06:59.548631982Z,15.875063,119.629753,Cloud to Cloud,3501,7962,5
2026-09-17T11:06:59.881816075Z,15.787999,119.78959,Cloud to Cloud,10760,12810,7
2026-09-17T11:07:00.845636506Z,3.829976,117.372591,Cloud to Ground,-12532,0,22
2026-09-17T11:07:00.718626688Z,16.063912,120.002469,Cloud to Cloud,31267,15805,9
2026-09-17T11:07:03.273215790Z,6.207706,118.086585,Cloud to Ground,18338,0,10
2026-09-17T11:07:04.849256381Z,3.483412,116.725761,Cloud to Cloud,-16212,6422,12
2026-09-17T11:07:04.846774359Z,3.48909,116.715981,Cloud to Ground,30154,0,13
2026-09-17T11:07:04.398043267Z,15.7885,119.678636,Cloud to Cloud,-9625,16018,10
2026-09-17T11:07:06.724538000Z,6.9108,125.4419,Cloud to Ground,-787,0,5
2026-09-17T11:07:06.915583000Z,16.0657,119.6583,Cloud to Ground,-65001,0,7
2026-09-17T11:07:07.117487547Z,15.891591,119.699408,Cloud to Ground,-43805,0,12
2026-09-17T11:07:07.000752944Z,15.842467,119.745735,Cloud to Cloud,-6624,12551,7
2026-09-17T11:07:07.672694305Z,16.059067,120.012483,Cloud to Cloud,8743,3000,7
2026-09-17T11:07:07.008715000Z,15.5432,119.5123,Cloud to Ground,-40304,0,5
2026-09-17T11:07:08.148294142Z,4.014868,117.534696,Cloud to Ground,11939,0,8
2026-09-17T11:07:09.274529764Z,15.478406,120.556007,Cloud to Cloud,24924,7321,8
2026-09-17T11:07:09.429915000Z,15.3954,120.3208,Cloud to Ground,71360,0,7
2026-09-17T11:07:10.007816284Z,16.20761,119.949642,Cloud to Cloud,-15703,17694,7
2026-09-17T11:07:10.792967307Z,15.857306,119.653604,Cloud to Ground,-5324,0,6
2026-09-17T11:07:10.846408693Z,15.885672,119.77444,Cloud to Ground,-14529,0,9
2026-09-17T11:07:10.928854434Z,15.890116,119.772101,Cloud to Ground,-6830,0,7
2026-09-17T11:07:10.674123320Z,15.982421,119.700737,Cloud to Ground,-51172,0,6
2026-09-17T11:07:10.747443000Z,15.9877,119.6524,Cloud to Ground,-34072,0,8
2026-09-17T11:07:10.792332942Z,15.741056,119.652583,Cloud to Cloud,19537,18318,7
2026-09-17T11:07:12.496241120Z,4.903485,112.85913,Cloud to Ground,15797,0,7
2026-09-17T11:07:13.123202090Z,3.718839,117.27093,Cloud to Ground,16051,0,12
2026-09-17T11:07:12.781461957Z,3.726522,117.271552,Cloud to Ground,18545,0,9
2026-09-17T11:07:12.862375170Z,3.732116,117.306089,Cloud to Ground,59522,0,28
2026-09-17T11:07:14.626645439Z,4.145206,117.517047,Cloud to Ground,19423,0,12
2026-09-17T11:07:14.480437639Z,15.520994,119.644338,Cloud to Ground,-24884,0,9
2026-09-17T11:07:14.606526695Z,15.487004,119.636597,Cloud to Ground,-22675,0,10
2026-09-17T11:07:14.301651779Z,12.081168,120.819859,Cloud to Ground,-31739,0,7
2026-09-17T11:07:14.380707626Z,12.067344,120.818491,Cloud to Ground,-12050,0,7
2026-09-17T11:07:14.270003001Z,12.067477,120.81848,Cloud to Ground,-8995,0,7
2026-09-17T11:07:14.220568868Z,12.017547,120.727714,Cloud to Ground,-43721,0,10
2026-09-17T11:07:16.243533321Z,11.02901,112.902895,Cloud to Ground,-72887,0,13
2026-09-17T11:07:16.271304153Z,11.001056,112.7968,Cloud to Cloud,-31481,3059,10
2026-09-17T11:07:16.443896022Z,11.041792,112.912711,Cloud to Ground,-27929,0,8
2026-09-17T11:07:16.351403597Z,11.034526,112.898406,Cloud to Ground,-25658,0,10
2026-09-17T11:07:16.526933717Z,11.033856,112.83791,Cloud to Cloud,-23225,7338,10
2026-09-17T11:07:16.686883748Z,11.056759,112.885917,Cloud to Cloud,-10793,3030,7
2026-09-17T11:07:16.689130974Z,11.055757,112.832632,Cloud to Ground,21864,0,7
2026-09-17T11:07:16.445145465Z,11.034012,112.812847,Cloud to Ground,25997,0,7
2026-09-17T11:07:17.779221629Z,5.979008,117.632702,Cloud to Ground,-23829,0,27
2026-09-17T11:07:17.845635869Z,5.981906,117.589497,Cloud to Ground,21530,0,12
2026-09-17T11:07:18.510972644Z,5.929226,117.555973,Cloud to Ground,25016,0,9
2026-09-17T11:07:21.433554213Z,3.87081,117.373331,Cloud to Ground,55459,0,23
2026-09-17T11:07:21.635830000Z,11.7431,123.8635,Cloud to Ground,-26631,0,5
2026-09-17T11:07:21.723532599Z,11.720587,123.921936,Cloud to Ground,-21508,0,9
2026-09-17T11:07:21.813532000Z,11.7863,123.8682,Cloud to Ground,-18360,0,6
2026-09-17T11:07:21.522145000Z,11.8311,123.9122,Cloud to Ground,-13080,0,6
2026-09-17T11:07:23.002295096Z,4.06966,117.522422,Cloud to Cloud,-28183,7549,21
2026-09-17T11:07:22.636036043Z,4.07091,117.520106,Cloud to Cloud,-25000,3587,18
2026-09-17T11:07:22.615735564Z,4.073647,117.537238,Cloud to Ground,-23900,0,13
2026-09-17T11:07:22.729077233Z,4.070128,117.523297,Cloud to Cloud,-19489,3140,15
2026-09-17T11:07:22.852134179Z,4.025128,117.590996,Cloud to Ground,22464,0,13
2026-09-17T11:07:22.580895000Z,16.2038,119.6889,Cloud to Ground,-7647,0,8
2026-09-17T11:07:23.231383951Z,16.14489,119.920112,Cloud to Ground,20870,0,11
2026-09-17T11:07:24.429850000Z,6.6794,118.9366,Cloud to Ground,-67894,0,8
2026-09-17T11:07:25.875787223Z,15.427807,119.676798,Cloud to Cloud,-18219,13441,6
2026-09-17T11:07:27.718692386Z,6.544578,114.528445,Cloud to Cloud,-8629,12529,8
2026-09-17T11:07:28.104124206Z,6.631802,114.489315,Cloud to Cloud,12050,5667,7
2026-09-17T11:07:27.888487545Z,6.690249,114.537893,Cloud to Ground,15813,0,9
2026-09-17T11:07:27.433530751Z,6.561466,114.591942,Cloud to Ground,22079,0,8
2026-09-17T11:07:27.805891686Z,6.578921,114.537345,Cloud to Ground,97373,0,19
2026-09-17T11:07:30.158960330Z,4.257635,117.549343,Cloud to Ground,14971,0,14
2026-09-17T11:07:32.677221059Z,3.728027,117.252498,Cloud to Ground,19792,0,17
2026-09-17T11:07:33.876678903Z,3.710865,117.313093,Cloud to Cloud,13629,7415,10
2026-09-17T11:07:33.243250621Z,15.854831,119.703716,Cloud to Ground,-29642,0,13
2026-09-17T11:07:33.925939376Z,15.880663,119.693513,Cloud to Ground,-26785,0,6
2026-09-17T11:07:33.163315692Z,15.862525,119.686728,Cloud to Ground,-20116,0,12
2026-09-17T11:07:33.302058814Z,15.853009,119.684997,Cloud to Ground,-12238,0,7
2026-09-17T11:07:33.975019992Z,15.853403,119.684997,Cloud to Ground,-7579,0,7
2026-09-17T11:07:33.420087000Z,15.9015,119.6066,Cloud to Ground,40644,0,6
2026-09-17T11:07:34.365429678Z,3.779301,117.391972,Cloud to Ground,-11927,0,9
2026-09-17T11:07:34.118403013Z,3.797399,117.366986,Cloud to Cloud,10371,3564,10
2026-09-17T11:07:35.713979880Z,16.186428,119.889216,Cloud to Ground,-16673,0,9
2026-09-17T11:07:35.011725000Z,16.212,119.9527,Cloud to Ground,-10677,0,6
2026-09-17T11:07:35.607329374Z,16.174233,119.872945,Cloud to Cloud,17535,6130,8
2026-09-17T11:07:35.605461909Z,16.226179,119.894787,Cloud to Cloud,22962,4996,6
2026-09-17T11:07:35.188393000Z,15.8715,119.7584,Cloud to Ground,-57944,0,6
2026-09-17T11:07:35.536623000Z,16.3851,119.8677,Cloud to Ground,154217,0,6
2026-09-17T11:07:37.293945743Z,6.924105,125.599678,Cloud to Ground,-55720,0,10
2026-09-17T11:07:37.788874986Z,6.874085,125.587223,Cloud to Ground,-25759,0,14
2026-09-17T11:07:37.604614000Z,6.9862,125.6098,Cloud to Ground,-5627,0,6
2026-09-17T11:07:38.588572922Z,4.485662,116.825025,Cloud to Ground,59228,0,24
2026-09-17T11:07:38.065235000Z,6.7735,125.4916,Cloud to Ground,-7068,0,5
2026-09-17T11:07:39.078663736Z,15.79239,119.731234,Cloud to Cloud,19796,10608,8
2026-09-17T11:07:40.930660936Z,16.201025,119.943543,Cloud to Cloud,-17105,3042,8
2026-09-17T11:07:41.167181905Z,12.087809,120.808308,Cloud to Cloud,-17952,4539,11
2026-09-17T11:07:42.615203988Z,3.951041,117.440289,Cloud to Ground,39494,0,25
2026-09-17T11:07:42.541334793Z,3.978943,117.354489,Cloud to Ground,-36343,0,18
2026-09-17T11:07:42.687112312Z,3.985967,117.324959,Cloud to Ground,21503,0,12
2026-09-17T11:07:42.119248455Z,12.009636,120.735717,Cloud to Cloud,-8846,3016,6
2026-09-17T11:07:41.788455734Z,12.023404,120.734748,Cloud to Cloud,5239,17526,7
2026-09-17T11:07:43.349310041Z,4.045881,117.599397,Cloud to Ground,-28336,0,11
2026-09-17T11:07:44.067712419Z,15.891824,119.6387,Cloud to Cloud,-21217,3018,6
2026-09-17T11:07:44.005782478Z,15.994946,119.648289,Cloud to Cloud,-7152,3143,13
2026-09-17T11:07:45.736731706Z,0.160353,119.921362,Cloud to Cloud,14437,3857,15
2026-09-17T11:07:46.710218035Z,15.510077,119.652999,Cloud to Ground,30884,0,8
2026-09-17T11:07:46.787128395Z,15.892272,119.675087,Cloud to Ground,-13909,0,10
2026-09-17T11:07:46.578139000Z,15.9666,119.5589,Cloud to Ground,-61069,0,9
2026-09-17T11:07:48.228659255Z,7.81957,118.713426,Cloud to Cloud,-24862,6814,15
2026-09-17T11:07:48.278461408Z,7.687519,118.783296,Cloud to Ground,-28457,0,7
2026-09-17T11:07:50.583714313Z,4.09427,117.535474,Cloud to Ground,10498,0,7
2026-09-17T11:07:50.634809947Z,16.691347,121.029793,Cloud to Cloud,10142,7314,15
2026-09-17T11:07:51.052415618Z,4.426822,117.4676,Cloud to Ground,61486,0,13
2026-09-17T11:07:51.527780736Z,5.651481,117.335058,Cloud to Ground,12416,0,11
2026-09-17T11:07:51.704726000Z,6.691,123.5893,Cloud to Ground,-25778,0,12
2026-09-17T11:07:51.501119629Z,6.702533,123.671806,Cloud to Ground,18087,0,16
2026-09-17T11:07:51.534076576Z,16.185756,119.942371,Cloud to Cloud,12294,6645,7
2026-09-17T11:07:53.049494706Z,6.189791,117.591266,Cloud to Ground,20469,0,7
2026-09-17T11:07:52.936451479Z,6.172327,117.640958,Cloud to Ground,38326,0,7
2026-09-17T11:07:52.748125700Z,6.173921,117.692911,Cloud to Ground,39934,0,8
2026-09-17T11:07:52.572384510Z,6.159074,117.646571,Cloud to Ground,123728,0,8
2026-09-17T11:07:52.445510470Z,5.997327,117.650347,Cloud to Ground,-29876,0,23
2026-09-17T11:07:52.859041498Z,6.026951,117.646842,Cloud to Ground,-23177,0,27
2026-09-17T11:07:52.573023829Z,5.999226,117.623642,Cloud to Ground,-23168,0,15
2026-09-17T11:07:53.335710511Z,5.868333,117.670987,Cloud to Ground,-19658,0,13
2026-09-17T11:07:53.333567253Z,5.975873,117.590869,Cloud to Ground,12625,0,8
2026-09-17T11:07:52.415324512Z,6.002807,117.696771,Cloud to Ground,29836,0,14
2026-09-17T11:07:52.803856090Z,5.956109,117.691186,Cloud to Ground,39169,0,13
2026-09-17T11:07:52.370090474Z,5.989345,117.683334,Cloud to Ground,110175,0,16
2026-09-17T11:07:52.674402533Z,11.409831,112.925305,Cloud to Ground,-68079,0,12
2026-09-17T11:07:52.738263705Z,11.42426,112.930238,Cloud to Ground,-45994,0,13
2026-09-17T11:07:52.775896025Z,11.423567,112.928715,Cloud to Ground,-38483,0,8
2026-09-17T11:07:52.395445503Z,15.784157,119.730272,Cloud to Cloud,35952,3979,8
2026-09-17T11:07:53.814951830Z,3.834624,117.396363,Cloud to Ground,67567,0,22
2026-09-17T11:07:53.262977613Z,16.155982,120.447076,Cloud to Cloud,-9426,3038,8
2026-09-17T11:07:53.533951343Z,16.14021,120.425359,Cloud to Ground,17889,0,8
2026-09-17T11:07:55.194866609Z,10.803152,112.804545,Cloud to Ground,38089,0,8
2026-09-17T11:07:55.384613304Z,10.63873,112.795178,Cloud to Ground,-15176,0,8
2026-09-17T11:07:56.363103731Z,18.197931,114.943762,Cloud to Ground,13247,0,10
2026-09-17T11:07:59.856143372Z,5.904265,117.589941,Cloud to Ground,-9307,0,7
2026-09-17T11:08:00.364584503Z,4.14621,117.569493,Cloud to Ground,23373,0,7
2026-09-17T11:08:00.648014451Z,15.88331,119.649205,Cloud to Ground,-46470,0,12
2026-09-17T11:08:00.977671151Z,15.885464,119.652354,Cloud to Ground,-20353,0,8
2026-09-17T11:08:01.048220526Z,15.877141,119.629285,Cloud to Ground,-20254,0,11
2026-09-17T11:08:01.475488288Z,15.878604,119.630196,Cloud to Ground,-6362,0,7
2026-09-17T11:08:03.844221923Z,3.848782,117.330053,Cloud to Cloud,-23785,3024,12
2026-09-17T11:08:04.066844747Z,3.844429,117.316051,Cloud to Ground,-21179,0,16
2026-09-17T11:08:04.574833568Z,3.83078,117.382278,Cloud to Ground,18535,0,14
2026-09-17T11:08:04.569731744Z,4.614261,117.314015,Cloud to Ground,10371,0,8
2026-09-17T11:08:04.777648728Z,15.813702,119.679183,Cloud to Cloud,29213,6820,10
2026-09-17T11:08:06.989928511Z,5.705922,115.862007,Cloud to Ground,52375,0,12
2026-09-17T11:08:06.901170676Z,5.667546,115.888234,Cloud to Ground,309709,0,8
2026-09-17T11:08:06.010015322Z,6.026419,117.687898,Cloud to Ground,-25420,0,17
2026-09-17T11:08:07.826974671Z,15.860872,119.681466,Cloud to Cloud,-3297,3092,5
2026-09-17T11:08:07.661841722Z,15.889863,119.603722,Cloud to Ground,11216,0,6
2026-09-17T11:08:07.386378928Z,15.86518,119.632213,Cloud to Cloud,21726,16754,7
2026-09-17T11:08:08.914430357Z,4.888512,112.921456,Cloud to Ground,15759,0,8
2026-09-17T11:08:09.000858179Z,4.296345,117.396635,Cloud to Ground,13902,0,8
2026-09-17T11:08:10.224186014Z,3.781936,117.391439,Cloud to Ground,-12474,0,11
2026-09-17T11:08:10.301241375Z,3.939691,117.358713,Cloud to Ground,22063,0,12
2026-09-17T11:08:11.970257919Z,3.794989,117.38667,Cloud to Ground,-22663,0,17
2026-09-17T11:08:12.344223396Z,18.259337,115.260617,Cloud to Ground,26474,0,11
2026-09-17T11:08:12.216491662Z,14.409251,121.69692,Cloud to Cloud,7130,3022,7
2026-09-17T11:08:12.419973792Z,14.407362,121.687034,Cloud to Ground,44544,0,15
2026-09-17T11:08:12.837009266Z,14.169846,121.561467,Cloud to Cloud,-6635,6393,9
2026-09-17T11:08:13.827478347Z,6.097958,123.009814,Cloud to Ground,97265,0,29
2026-09-17T11:08:13.948225213Z,4.165645,117.544602,Cloud to Ground,-33634,0,26
2026-09-17T11:08:14.021213038Z,4.151008,117.540292,Cloud to Ground,-24726,0,11
2026-09-17T11:08:13.864567874Z,4.143001,117.553893,Cloud to Cloud,-19150,3193,23
2026-09-17T11:08:14.136166531Z,4.113475,117.619067,Cloud to Ground,21285,0,17
2026-09-17T11:08:14.738671617Z,11.043914,112.925657,Cloud to Ground,-70811,0,12
2026-09-17T11:08:14.826176752Z,11.03465,112.798523,Cloud to Ground,-47089,0,8
2026-09-17T11:08:14.762697350Z,11.02032,112.804926,Cloud to Ground,-36131,0,12
2026-09-17T11:08:14.825307150Z,11.032928,112.926334,Cloud to Ground,-34756,0,12
2026-09-17T11:08:14.727833425Z,11.0198,112.812073,Cloud to Cloud,-23371,14027,9
2026-09-17T11:08:15.246476326Z,11.050435,112.855699,Cloud to Ground,14059,0,9
2026-09-17T11:08:19.872973496Z,3.977824,117.413781,Cloud to Ground,27845,0,17
2026-09-17T11:08:19.241833971Z,16.193284,119.945134,Cloud to Cloud,-12037,7074,13
2026-09-17T11:08:18.987832369Z,16.181433,119.900509,Cloud to Cloud,4215,3000,6
2026-09-17T11:08:20.995241140Z,4.649424,117.358098,Cloud to Ground,21182,0,13
2026-09-17T11:08:20.509217902Z,3.928395,117.565445,Cloud to Cloud,-9374,19067,9
2026-09-17T11:08:22.887835829Z,15.856344,119.668928,Cloud to Cloud,13401,3006,9
2026-09-17T11:08:23.753127591Z,5.874365,112.89459,Cloud to Ground,30954,0,13
2026-09-17T11:08:23.844757147Z,15.84793,119.596367,Cloud to Ground,-44343,0,8
2026-09-17T11:08:23.897865835Z,15.878247,119.661681,Cloud to Ground,-39946,0,15
2026-09-17T11:08:23.993519039Z,15.88087,119.657227,Cloud to Ground,-24848,0,10
2026-09-17T11:08:24.522308293Z,15.891775,119.671935,Cloud to Ground,-19929,0,9
2026-09-17T11:08:24.046685585Z,15.883984,119.646529,Cloud to Ground,-18249,0,9
2026-09-17T11:08:24.652906221Z,15.884797,119.650517,Cloud to Ground,-16251,0,8
2026-09-17T11:08:24.536765174Z,15.883768,119.640081,Cloud to Ground,-4947,0,5
2026-09-17T11:08:26.191684175Z,6.598638,114.668426,Cloud to Ground,-30162,0,12
2026-09-17T11:08:26.214826222Z,6.679848,114.709403,Cloud to Ground,-23308,0,8
2026-09-17T11:08:26.498624354Z,6.599277,114.604827,Cloud to Ground,-12831,0,9
2026-09-17T11:08:26.703469237Z,6.603293,114.695236,Cloud to Ground,20155,0,14
2026-09-17T11:08:26.389082028Z,6.558298,114.656741,Cloud to Ground,26835,0,16
2026-09-17T11:08:26.506010439Z,6.607499,114.697342,Cloud to Ground,27081,0,14
2026-09-17T11:08:26.765398456Z,6.635919,114.648668,Cloud to Ground,27788,0,12
2026-09-17T11:08:26.267631151Z,6.70031,114.669928,Cloud to Ground,31991,0,8
2026-09-17T11:08:26.331045726Z,6.690079,114.700207,Cloud to Ground,45306,0,16
2026-09-17T11:08:26.198051916Z,6.574303,114.701029,Cloud to Ground,150032,0,18
2026-09-17T11:08:26.971441892Z,6.830233,119.044071,Cloud to Ground,-22675,0,21
2026-09-17T11:08:27.373116508Z,3.705387,117.279362,Cloud to Ground,32312,0,18
2026-09-17T11:08:28.815926458Z,4.05163,117.540982,Cloud to Ground,-18350,0,23
2026-09-17T11:08:28.567628508Z,4.029291,117.542199,Cloud to Ground,19788,0,8
2026-09-17T11:08:30.527074334Z,5.847309,117.558589,Cloud to Ground,15646,0,7
2026-09-17T11:08:31.048479578Z,5.846605,117.560226,Cloud to Ground,15756,0,9
2026-09-17T11:08:30.492109905Z,5.851423,117.56746,Cloud to Ground,17432,0,8
2026-09-17T11:08:30.199193923Z,10.596995,112.882879,Cloud to Ground,-28155,0,7
2026-09-17T11:08:30.209749394Z,10.658714,113.039431,Cloud to Ground,-176097,0,13
2026-09-17T11:08:30.746659737Z,15.733504,119.657704,Cloud to Cloud,-15650,3376,8
2026-09-17T11:08:30.289742743Z,15.711705,119.609227,Cloud to Ground,17397,0,8
2026-09-17T11:08:30.145411722Z,15.865485,119.654149,Cloud to Ground,59747,0,9
2026-09-17T11:08:30.391627480Z,15.818749,119.564395,Cloud to Cloud,-13512,3050,8
2026-09-17T11:08:30.586753000Z,15.9628,119.6125,Cloud to Ground,-26272,0,5
2026-09-17T11:08:31.051362826Z,5.963066,117.546466,Cloud to Cloud,-17078,13107,8
2026-09-17T11:08:33.060573611Z,3.972133,117.314521,Cloud to Ground,22879,0,11
2026-09-17T11:08:33.637267231Z,9.690907,118.108872,Cloud to Ground,-25606,0,8
2026-09-17T11:08:33.694681008Z,9.702301,118.081045,Cloud to Ground,-22446,0,8
2026-09-17T11:08:33.579368158Z,9.704656,118.117205,Cloud to Ground,-20095,0,8
2026-09-17T11:08:33.750813798Z,10.823973,118.772952,Cloud to Ground,25040,0,7
2026-09-17T11:08:33.576708262Z,10.766459,118.779086,Cloud to Ground,25432,0,11
2026-09-17T11:08:34.473354293Z,3.812156,117.290472,Cloud to Ground,20573,0,10
2026-09-17T11:08:34.437200377Z,14.404484,122.382026,Cloud to Ground,60132,0,7
2026-09-17T11:08:34.439957723Z,14.489296,122.318273,Cloud to Ground,14664,0,10
2026-09-17T11:08:34.963194866Z,15.811,119.669684,Cloud to Cloud,27355,10447,8
2026-09-17T11:08:35.523183057Z,3.730352,117.210535,Cloud to Ground,-23106,0,28
2026-09-17T11:08:35.680100403Z,3.741152,117.303166,Cloud to Ground,17527,0,11
2026-09-17T11:08:35.458625394Z,3.690847,117.216702,Cloud to Ground,18265,0,8
2026-09-17T11:08:35.828924940Z,3.738231,117.293724,Cloud to Ground,45672,0,12
2026-09-17T11:08:35.073942940Z,3.913612,117.391552,Cloud to Ground,-10928,0,10
2026-09-17T11:08:39.804368063Z,3.697404,117.278555,Cloud to Ground,13021,0,7
2026-09-17T11:08:39.047846268Z,15.958718,119.677368,Cloud to Cloud,10817,13067,9
2026-09-17T11:08:40.987972403Z,6.931151,125.634919,Cloud to Ground,42281,0,17
2026-09-17T11:08:41.040623749Z,11.43249,112.922073,Cloud to Ground,-119282,0,12
2026-09-17T11:08:41.053369334Z,11.43799,112.885796,Cloud to Ground,-14309,0,6
2026-09-17T11:08:41.352035262Z,11.464804,112.900256,Cloud to Ground,17156,0,8
2026-09-17T11:08:42.437372242Z,7.718235,118.788709,Cloud to Cloud,33312,14918,7
2026-09-17T11:08:42.468731156Z,16.21491,119.845893,Cloud to Cloud,4197,7643,6
2026-09-17T11:08:43.478732310Z,5.014993,112.881287,Cloud to Ground,-26601,0,10
2026-09-17T11:08:43.831159570Z,5.059327,112.870652,Cloud to Ground,15248,0,6
2026-09-17T11:08:44.120821794Z,5.97686,117.626911,Cloud to Ground,-23530,0,14
2026-09-17T11:08:44.632365487Z,5.978479,117.620987,Cloud to Ground,11108,0,9
2026-09-17T11:08:44.566119271Z,5.974925,117.63015,Cloud to Ground,21420,0,15
2026-09-17T11:08:44.072397000Z,6.1017,117.7186,Cloud to Ground,-26905,0,6
2026-09-17T11:08:44.784150178Z,4.879176,112.867283,Cloud to Ground,-32283,0,7
2026-09-17T11:08:44.402049350Z,13.504033,116.508722,Cloud to Ground,87923,0,13
2026-09-17T11:08:46.730577728Z,4.139342,117.573937,Cloud to Ground,-24537,0,20
2026-09-17T11:08:46.758866118Z,4.061196,117.590719,Cloud to Ground,-14975,0,8
2026-09-17T11:08:46.337220000Z,11.7995,123.8123,Cloud to Ground,-64987,0,8
2026-09-17T11:08:49.260492073Z,3.813244,117.408297,Cloud to Ground,22716,0,12
2026-09-17T11:08:52.101068761Z,3.704156,117.346602,Cloud to Ground,-18535,0,9
2026-09-17T11:08:52.334941021Z,3.705802,117.31045,Cloud to Ground,15699,0,12
2026-09-17T11:08:54.561998475Z,9.665357,119.050057,Cloud to Ground,27554,0,10
2026-09-17T11:08:54.432491638Z,4.111596,117.471688,Cloud to Ground,11471,0,7
2026-09-17T11:08:56.991272576Z,15.807982,119.672596,Cloud to Cloud,10701,19631,9
2026-09-17T11:08:56.682717703Z,18.147752,114.779256,Cloud to Ground,10035,0,9
2026-09-17T11:08:58.251833273Z,3.685972,117.18609,Cloud to Ground,34231,0,24
2026-09-17T11:08:59.487285520Z,5.649855,115.910417,Cloud to Ground,15156,0,10
2026-09-17T11:09:01.466864834Z,6.033754,118.121548,Cloud to Ground,-20658,0,10
2026-09-17T11:09:01.465123178Z,5.972282,118.078479,Cloud to Ground,55978,0,15
2026-09-17T11:09:01.296979027Z,16.088432,119.715276,Cloud to Ground,-23063,0,24
2026-09-17T11:09:01.203291152Z,15.984276,119.700877,Cloud to Ground,-33293,0,9
2026-09-17T11:09:01.345098497Z,15.975879,119.681479,Cloud to Ground,-30217,0,11
2026-09-17T11:09:01.403108878Z,15.97167,119.679223,Cloud to Ground,-22720,0,11
2026-09-17T11:09:01.509712899Z,15.973029,119.666873,Cloud to Ground,-15584,0,8
2026-09-17T11:09:02.328686000Z,16.0951,119.7846,Cloud to Ground,-3036,0,6
2026-09-17T11:09:05.834623710Z,6.813682,112.893027,Cloud to Ground,-35017,0,12
2026-09-17T11:09:05.849754005Z,6.833987,112.961657,Cloud to Ground,36140,0,7
2026-09-17T11:09:06.443994025Z,3.802889,117.452902,Cloud to Ground,13985,0,10
2026-09-17T11:09:06.505459919Z,3.708992,117.339411,Cloud to Ground,16493,0,13
2026-09-17T11:09:07.145846000Z,16.048,119.5925,Cloud to Ground,54010,0,6
2026-09-17T11:09:08.145041050Z,5.961954,113.029991,Cloud to Ground,-25959,0,9
2026-09-17T11:09:08.141226773Z,5.945094,112.9556,Cloud to Ground,-19525,0,7
2026-09-17T11:09:08.800866871Z,15.886575,119.654131,Cloud to Ground,-22178,0,12
2026-09-17T11:09:08.749828704Z,11.109631,112.810764,Cloud to Cloud,-11231,14842,7
2026-09-17T11:09:09.517925003Z,11.074529,112.728274,Cloud to Ground,23843,0,6
2026-09-17T11:09:11.994089834Z,4.908525,112.999808,Cloud to Cloud,-11696,7807,7
2026-09-17T11:09:12.008497075Z,4.909184,112.97015,Cloud to Ground,13195,0,8
2026-09-17T11:09:11.949940816Z,4.881448,112.959998,Cloud to Ground,16068,0,13
2026-09-17T11:09:11.966295526Z,4.868695,112.971949,Cloud to Ground,18106,0,11
2026-09-17T11:09:12.997997261Z,5.970679,117.632836,Cloud to Ground,22381,0,7
2026-09-17T11:09:12.965862355Z,5.947015,117.737974,Cloud to Ground,25756,0,12
2026-09-17T11:09:13.144771171Z,6.070666,117.814099,Cloud to Ground,-26010,0,11
2026-09-17T11:09:14.194874944Z,6.792126,118.267813,Cloud to Cloud,-29485,3021,6
2026-09-17T11:09:14.166040273Z,6.725878,118.296069,Cloud to Ground,33324,0,12
2026-09-17T11:09:14.200861042Z,16.045168,119.704932,Cloud to Ground,-24001,0,8
2026-09-17T11:09:14.709766767Z,16.039013,119.68257,Cloud to Ground,-8950,0,8
2026-09-17T11:09:14.834306024Z,16.026207,119.656792,Cloud to Ground,-8616,0,7
2026-09-17T11:09:15.394062983Z,4.651789,117.32573,Cloud to Cloud,11960,5183,8
2026-09-17T11:09:18.492837480Z,5.951153,112.651208,Cloud to Ground,-21269,0,12
2026-09-17T11:09:19.906029456Z,4.177324,117.581136,Cloud to Ground,-30667,0,13
2026-09-17T11:09:19.145804688Z,11.072408,118.841888,Cloud to Cloud,-37049,3053,10
2026-09-17T11:09:19.832636181Z,14.508338,122.328856,Cloud to Ground,-80228,0,13
2026-09-17T11:09:20.246423963Z,14.514138,122.341517,Cloud to Ground,-10240,0,9
2026-09-17T11:09:20.152478187Z,14.643652,122.334636,Cloud to Ground,-32432,0,7
2026-09-17T11:09:23.948489303Z,7.415886,118.676938,Cloud to Ground,76581,0,17
2026-09-17T11:09:23.427819910Z,9.004711,112.839075,Cloud to Ground,35051,0,7
2026-09-17T11:09:23.552180660Z,9.056013,112.961783,Cloud to Ground,-23635,0,10
2026-09-17T11:09:23.464610889Z,9.061465,112.910674,Cloud to Ground,18535,0,6
2026-09-17T11:09:23.031657414Z,15.74998,119.769978,Cloud to Cloud,-9227,19289,7
2026-09-17T11:09:23.279948000Z,15.7717,119.7146,Cloud to Ground,-7495,0,5
2026-09-17T11:09:24.740714118Z,11.437759,120.730697,Cloud to Cloud,-34952,3054,12
2026-09-17T11:09:24.106750000Z,10.9867,118.5353,Cloud to Ground,-11092,0,9
2026-09-17T11:09:25.257003645Z,11.511718,112.728943,Cloud to Ground,-21182,0,6
2026-09-17T11:09:25.024119364Z,11.452108,112.964124,Cloud to Ground,-58294,0,16
2026-09-17T11:09:25.294847814Z,16.207929,120.014236,Cloud to Cloud,13628,7216,7
2026-09-17T11:09:29.395668834Z,4.137227,117.530814,Cloud to Ground,-29618,0,20
2026-09-17T11:09:28.976831678Z,4.132638,117.611677,Cloud to Ground,20035,0,20
2026-09-17T11:09:29.068250927Z,4.132609,117.590309,Cloud to Ground,24720,0,13
2026-09-17T11:09:29.036657071Z,4.130805,117.606249,Cloud to Ground,26898,0,22
2026-09-17T11:09:29.101725233Z,4.125389,117.551299,Cloud to Ground,29744,0,15
2026-09-17T11:09:29.547746822Z,6.666915,123.640068,Cloud to Ground,42913,0,9
2026-09-17T11:09:30.814836099Z,16.252695,119.767972,Cloud to Cloud,19392,7698,7
2026-09-17T11:09:31.701127443Z,15.59462,120.58748,Cloud to Ground,28470,0,8
2026-09-17T11:09:32.319863041Z,9.776205,117.91911,Cloud to Ground,-19734,0,10
2026-09-17T11:09:32.398129919Z,10.667997,113.037106,Cloud to Ground,-62536,0,15
2026-09-17T11:09:32.463166506Z,10.640385,113.054885,Cloud to Ground,-48562,0,6
2026-09-17T11:09:32.819827213Z,10.63598,112.987944,Cloud to Ground,-36005,0,9
2026-09-17T11:09:32.611472719Z,10.688381,112.980788,Cloud to Ground,-23492,0,7
2026-09-17T11:09:32.615204963Z,10.749824,113.065698,Cloud to Ground,-20046,0,7
2026-09-17T11:09:32.490455550Z,10.648573,112.960222,Cloud to Ground,-11499,0,6
2026-09-17T11:09:32.501485828Z,10.658201,112.988115,Cloud to Cloud,11810,9437,6
2026-09-17T11:09:32.361520102Z,10.685116,113.038964,Cloud to Ground,290504,0,13
2026-09-17T11:09:33.373352756Z,4.56769,116.858364,Cloud to Ground,-24811,0,15
2026-09-17T11:09:34.176654155Z,6.207006,117.653138,Cloud to Ground,77442,0,7
2026-09-17T11:09:34.248358000Z,5.9857,117.6442,Cloud to Ground,-38934,0,6
2026-09-17T11:09:34.433816882Z,5.96757,117.612693,Cloud to Ground,12443,0,7
2026-09-17T11:09:34.537938883Z,5.983959,117.707097,Cloud to Ground,22817,0,18
2026-09-17T11:09:34.353544385Z,5.984414,117.714821,Cloud to Ground,25849,0,17
2026-09-17T11:09:34.216849228Z,5.968076,117.672761,Cloud to Ground,34101,0,10
2026-09-17T11:09:34.735573157Z,5.982974,117.714507,Cloud to Ground,43290,0,22
2026-09-17T11:09:35.301153418Z,6.203968,118.076442,Cloud to Ground,12213,0,7
2026-09-17T11:09:35.328619040Z,6.191753,118.069831,Cloud to Ground,20790,0,10
2026-09-17T11:09:35.628478443Z,6.217846,118.07901,Cloud to Ground,25195,0,8
2026-09-17T11:09:34.765319885Z,6.197196,118.079449,Cloud to Ground,27897,0,8
2026-09-17T11:09:35.148143000Z,6.2317,118.0042,Cloud to Ground,59022,0,10
2026-09-17T11:09:34.964474154Z,15.719307,119.880699,Cloud to Ground,51541,0,7
2026-09-17T11:09:34.779042412Z,15.560043,119.747782,Cloud to Cloud,35129,5768,7
2026-09-17T11:09:35.103034000Z,15.9153,119.703,Cloud to Ground,11238,0,5
2026-09-17T11:09:38.338622987Z,11.737898,123.90475,Cloud to Ground,-58078,0,9
2026-09-17T11:09:38.504056884Z,11.727082,123.924139,Cloud to Ground,-8052,0,5
2026-09-17T11:09:38.773039136Z,16.177285,119.893166,Cloud to Ground,19299,0,10
2026-09-17T11:09:39.359832204Z,6.695301,112.93987,Cloud to Ground,59787,0,10
2026-09-17T11:09:39.695431355Z,15.912086,119.686563,Cloud to Ground,-37913,0,9
2026-09-17T11:09:39.615447400Z,15.908485,119.665247,Cloud to Ground,-18177,0,12
2026-09-17T11:09:39.798516225Z,15.944207,119.790959,Cloud to Ground,-19453,0,7
2026-09-17T11:09:39.556030000Z,15.8096,119.568,Cloud to Ground,-25001,0,5
2026-09-17T11:09:41.919263396Z,5.969354,117.633508,Cloud to Ground,29173,0,16
2026-09-17T11:09:42.000865692Z,5.860689,117.57228,Cloud to Ground,19978,0,7
2026-09-17T11:09:42.202296116Z,6.647584,114.72148,Cloud to Cloud,-19243,18260,10
2026-09-17T11:09:42.196193211Z,6.581964,114.575875,Cloud to Cloud,15643,8921,13
2026-09-17T11:09:42.197372587Z,6.61061,114.601262,Cloud to Ground,35198,0,8
2026-09-17T11:09:42.429536952Z,11.020341,112.913725,Cloud to Ground,-38814,0,6
2026-09-17T11:09:42.515343182Z,11.037724,112.917927,Cloud to Ground,-31761,0,12
2026-09-17T11:09:42.398758926Z,11.018917,112.910374,Cloud to Ground,-21338,0,9
2026-09-17T11:09:42.387095212Z,11.035097,112.883263,Cloud to Ground,-12869,0,7
2026-09-17T11:09:42.795094737Z,11.036987,112.867882,Cloud to Ground,17209,0,7
2026-09-17T11:09:43.041490670Z,4.147096,117.591005,Cloud to Ground,11519,0,11
2026-09-17T11:09:43.016625707Z,4.144785,117.602237,Cloud to Ground,40734,0,26
2026-09-17T11:09:43.017776000Z,7.1187,118.9795,Cloud to Ground,22601,0,6
2026-09-17T11:09:45.024686903Z,4.98825,117.539489,Cloud to Ground,33259,0,15
2026-09-17T11:09:46.640074107Z,15.865793,119.555278,Cloud to Ground,-16646,0,10
2026-09-17T11:09:47.779400438Z,3.830373,117.392622,Cloud to Ground,22185,0,8
2026-09-17T11:09:48.980092120Z,15.904304,119.645003,Cloud to Cloud,-4646,6450,7
2026-09-17T11:09:48.453487502Z,15.865328,119.660716,Cloud to Cloud,27454,3013,11
2026-09-17T11:09:49.343297871Z,16.063163,119.83332,Cloud to Ground,-30139,0,7
2026-09-17T11:09:49.090502767Z,15.859377,119.514288,Cloud to Ground,8245,0,8
2026-09-17T11:09:51.995489964Z,15.99252,119.52157,Cloud to Cloud,5332,3019,7
2026-09-17T11:09:52.197406780Z,15.797317,119.616449,Cloud to Cloud,11118,3005,6
2026-09-17T11:09:54.634808200Z,4.845442,112.890562,Cloud to Ground,16143,0,7
2026-09-17T11:09:55.954955566Z,5.988462,112.988794,Cloud to Ground,-25194,0,22
2026-09-17T11:09:56.547417405Z,5.96858,113.052164,Cloud to Ground,-13978,0,10
2026-09-17T11:09:55.102510294Z,5.673458,118.148246,Cloud to Ground,22279,0,11
2026-09-17T11:09:55.325461536Z,5.659884,118.104055,Cloud to Ground,26419,0,11
2026-09-17T11:09:55.262745522Z,15.907962,119.925251,Cloud to Ground,41408,0,8
2026-09-17T11:09:55.912443669Z,16.194021,119.962498,Cloud to Ground,17020,0,10
2026-09-17T11:09:55.606781934Z,16.00393,119.788568,Cloud to Cloud,19972,4988,9
2026-09-17T11:09:55.531931568Z,15.785637,119.917297,Cloud to Ground,24772,0,9
2026-09-17T11:09:56.859284681Z,4.022513,117.574141,Cloud to Ground,-28263,0,16
2026-09-17T11:09:56.281669171Z,15.82268,119.686534,Cloud to Ground,-9074,0,9
2026-09-17T11:09:56.664787723Z,15.865465,119.632219,Cloud to Ground,-6962,0,6
2026-09-17T11:09:57.688171900Z,4.0905,117.49715,Cloud to Ground,15301,0,11
2026-09-17T11:09:58.408643505Z,6.978656,113.04257,Cloud to Ground,-43773,0,14
2026-09-17T11:09:58.486340100Z,6.833968,112.968176,Cloud to Ground,-32498,0,7
2026-09-17T11:09:58.460398000Z,6.8416,112.886,Cloud to Ground,4480,0,5
2026-09-17T11:10:00.206874036Z,3.798851,117.422285,Cloud to Ground,-12484,0,9
2026-09-17T11:10:00.932625622Z,11.406433,112.784226,Cloud to Cloud,-115816,3241,11
2026-09-17T11:10:00.946430355Z,11.408107,112.811519,Cloud to Cloud,-34999,3775,8
2026-09-17T11:10:00.979938000Z,11.407366,112.916559,Cloud to Ground,-36631,0,12
2026-09-17T11:10:01.006262368Z,11.41074,112.917062,Cloud to Ground,-18491,0,12
2026-09-17T11:10:03.684197923Z,15.65671,119.610499,Cloud to Cloud,-17566,3550,8
2026-09-17T11:10:03.253231833Z,15.607431,119.626751,Cloud to Ground,51635,0,13
2026-09-17T11:10:05.764751109Z,3.84886,117.326449,Cloud to Cloud,-14045,4675,15
2026-09-17T11:10:05.829468206Z,3.715927,117.298628,Cloud to Ground,-16408,0,12
2026-09-17T11:10:06.042337321Z,3.677692,117.272791,Cloud to Ground,-13576,0,12
2026-09-17T11:10:05.678666696Z,3.718222,117.310175,Cloud to Ground,-10737,0,11
2026-09-17T11:10:06.366699000Z,3.9026,117.1933,Cloud to Ground,41084,0,7
2026-09-17T11:10:08.420946728Z,15.884003,119.675642,Cloud to Ground,-44892,0,11
2026-09-17T11:10:08.945587633Z,15.901782,119.661704,Cloud to Ground,-36258,0,6
2026-09-17T11:10:08.541137779Z,15.897634,119.659698,Cloud to Ground,-31948,0,13
2026-09-17T11:10:08.598003181Z,15.896986,119.661288,Cloud to Ground,-21635,0,12
2026-09-17T11:10:08.979771798Z,15.893942,119.644361,Cloud to Cloud,-7724,3004,5
2026-09-17T11:10:10.248033787Z,5.984071,117.685411,Cloud to Cloud,11049,4099,7
2026-09-17T11:10:10.410949229Z,6.005888,117.613404,Cloud to Ground,15939,0,7
2026-09-17T11:10:10.337676214Z,5.993121,117.602664,Cloud to Ground,16083,0,10
2026-09-17T11:10:10.166511700Z,5.992921,117.613047,Cloud to Ground,28587,0,16
2026-09-17T11:10:09.906462906Z,5.936628,117.606457,Cloud to Ground,30231,0,7
2026-09-17T11:10:09.654460456Z,11.962311,120.773094,Cloud to Cloud,21857,17943,6
2026-09-17T11:10:09.632846315Z,11.971282,120.765473,Cloud to Cloud,23058,16352,10
2026-09-17T11:10:10.365062000Z,7.0728,125.5114,Cloud to Ground,-31893,0,10
2026-09-17T11:10:11.438500439Z,6.790232,119.076703,Cloud to Ground,-25384,0,8
2026-09-17T11:10:11.822299826Z,15.198699,119.889294,Cloud to Cloud,-12413,5348,6
2026-09-17T11:10:11.333397766Z,16.178045,119.994002,Cloud to Cloud,-15865,15325,7
2026-09-17T11:10:12.731850600Z,15.897834,119.653045,Cloud to Ground,-8002,0,7
2026-09-17T11:10:12.846278078Z,15.869578,119.548495,Cloud to Ground,-23696,0,11
2026-09-17T11:10:13.238629948Z,15.863997,119.535689,Cloud to Ground,-6656,0,6
2026-09-17T11:10:13.387350809Z,16.08149,119.978174,Cloud to Ground,27219,0,7
2026-09-17T11:10:13.287905400Z,18.170911,114.983893,Cloud to Cloud,-13881,3027,13
2026-09-17T11:10:14.824541382Z,16.841484,120.780961,Cloud to Cloud,16823,3099,9
2026-09-17T11:10:15.804939065Z,5.932572,112.642616,Cloud to Ground,-25392,0,14
2026-09-17T11:10:15.760820314Z,5.950495,112.64098,Cloud to Ground,21829,0,8
2026-09-17T11:10:16.950137806Z,12.51127,123.2066,Cloud to Cloud,3329,17412,5
2026-09-17T11:10:17.278350161Z,15.862935,119.74911,Cloud to Cloud,7573,7352,12
2026-09-17T11:10:17.267427398Z,15.874882,119.633019,Cloud to Ground,-18479,0,9
2026-09-17T11:10:19.006469549Z,4.031362,117.643388,Cloud to Ground,-16172,0,10
2026-09-17T11:10:19.935309944Z,3.696456,117.347343,Cloud to Ground,-17811,0,11
2026-09-17T11:10:20.306999520Z,3.694086,117.271373,Cloud to Cloud,6919,6140,7
2026-09-17T11:10:20.152313407Z,5.941076,117.692115,Cloud to Ground,14577,0,18
2026-09-17T11:10:20.584712600Z,6.060398,117.626957,Cloud to Ground,25750,0,7
2026-09-17T11:10:21.758407663Z,4.215778,117.519807,Cloud to Cloud,-18464,4353,11
2026-09-17T11:10:21.784605929Z,4.08812,117.484682,Cloud to Ground,-11232,0,12
2026-09-17T11:10:21.211229619Z,4.15976,117.498149,Cloud to Ground,13368,0,12
2026-09-17T11:10:22.215474735Z,6.710836,112.834248,Cloud to Ground,24469,0,8
2026-09-17T11:10:25.297256203Z,3.840482,117.343186,Cloud to Ground,24586,0,18
2026-09-17T11:10:26.678709793Z,4.623686,117.373704,Cloud to Ground,22816,0,12
2026-09-17T11:10:27.286880918Z,15.510384,119.648225,Cloud to Cloud,30924,3021,8
2026-09-17T11:10:29.333702545Z,16.166744,120.02195,Cloud to Ground,-21581,0,8
2026-09-17T11:10:29.257101335Z,16.038909,119.91738,Cloud to Ground,33203,0,8
2026-09-17T11:10:30.755631720Z,15.396547,121.284515,Cloud to Ground,-26553,0,11
2026-09-17T11:10:30.649761119Z,15.354738,121.262631,Cloud to Ground,-19480,0,12
2026-09-17T11:10:30.529557312Z,15.391426,121.294146,Cloud to Ground,-19453,0,12
2026-09-17T11:10:31.600150804Z,4.46846,113.777,Cloud to Ground,-59883,0,23
2026-09-17T11:10:32.941274767Z,10.658984,113.013668,Cloud to Ground,-135656,0,16
2026-09-17T11:10:32.936703479Z,10.685487,112.998035,Cloud to Ground,-40030,0,8
2026-09-17T11:10:32.935689673Z,10.6364,112.916654,Cloud to Cloud,-19685,19896,8
2026-09-17T11:10:33.766225397Z,6.232006,118.204737,Cloud to Ground,-52077,0,16
2026-09-17T11:10:33.834098423Z,6.272806,118.156403,Cloud to Ground,-24164,0,22
2026-09-17T11:10:33.699659136Z,15.756141,119.670071,Cloud to Cloud,7735,11306,9
2026-09-17T11:10:34.805503004Z,6.080948,118.068348,Cloud to Ground,18157,0,8
2026-09-17T11:10:34.918131855Z,6.089382,118.065797,Cloud to Ground,24771,0,8
2026-09-17T11:10:34.194249782Z,6.160028,118.074508,Cloud to Ground,35951,0,7
2026-09-17T11:10:34.667356306Z,6.085487,118.150357,Cloud to Ground,72326,0,13
2026-09-17T11:10:34.410600476Z,5.648442,115.913951,Cloud to Ground,18893,0,16
2026-09-17T11:10:34.259100317Z,11.429921,112.906333,Cloud to Ground,9333,0,7
2026-09-17T11:10:35.673482890Z,3.7314,117.287063,Cloud to Ground,-22763,0,12
2026-09-17T11:10:36.042133025Z,3.69247,117.277617,Cloud to Ground,16675,0,7
2026-09-17T11:10:35.837459197Z,3.706472,117.325751,Cloud to Ground,19048,0,9
2026-09-17T11:10:36.304018691Z,4.845972,112.89254,Cloud to Ground,12011,0,8
2026-09-17T11:10:37.974907379Z,6.007058,117.689053,Cloud to Ground,-35956,0,17
2026-09-17T11:10:37.608653976Z,5.986161,117.652916,Cloud to Ground,-16235,0,24
2026-09-17T11:10:38.135402260Z,5.962391,117.71915,Cloud to Ground,16776,0,15
2026-09-17T11:10:37.865252773Z,5.96336,117.720805,Cloud to Ground,19983,0,18
2026-09-17T11:10:37.692000734Z,5.928489,117.605135,Cloud to Ground,26647,0,8
2026-09-17T11:10:37.550709409Z,5.949545,117.590325,Cloud to Ground,32124,0,8
2026-09-17T11:10:37.103474652Z,4.057017,117.567871,Cloud to Ground,-21137,0,11
2026-09-17T11:10:37.392604120Z,4.022389,117.54481,Cloud to Ground,20444,0,8
2026-09-17T11:10:37.172870969Z,4.020866,117.55902,Cloud to Ground,30251,0,14
2026-09-17T11:10:38.692971751Z,3.93609,117.282115,Cloud to Ground,16478,0,8
2026-09-17T11:10:39.437738187Z,6.617959,114.582498,Cloud to Cloud,-10730,18939,6
2026-09-17T11:10:39.575273159Z,6.652723,114.57597,Cloud to Ground,45586,0,7
2026-09-17T11:10:39.512693784Z,6.665886,114.569982,Cloud to Ground,51878,0,7
2026-09-17T11:10:39.455614346Z,6.657372,114.580135,Cloud to Ground,101139,0,16
2026-09-17T11:10:40.629692073Z,15.967642,119.752514,Cloud to Cloud,34528,3351,9
2026-09-17T11:10:42.178777855Z,11.715099,123.880159,Cloud to Ground,-79573,0,18
2026-09-17T11:10:45.643717564Z,3.75693,117.32536,Cloud to Ground,22635,0,17
2026-09-17T11:10:45.949358049Z,11.369341,124.395214,Cloud to Ground,-32078,0,13
2026-09-17T11:10:45.869441634Z,11.276523,124.429743,Cloud to Ground,-68407,0,15
2026-09-17T11:10:47.022069595Z,15.866328,119.548526,Cloud to Ground,-31147,0,9
2026-09-17T11:10:46.426812749Z,15.885749,119.582661,Cloud to Ground,-29896,0,10
2026-09-17T11:10:46.657638824Z,15.882349,119.570956,Cloud to Ground,-25299,0,12
2026-09-17T11:10:46.987703533Z,15.804216,119.581254,Cloud to Cloud,9420,18843,5
2026-09-17T11:10:46.369279977Z,15.825518,119.583994,Cloud to Ground,172005,0,8
2026-09-17T11:10:46.097913270Z,11.297818,124.575098,Cloud to Ground,-39330,0,7
2026-09-17T11:10:47.341702022Z,4.015214,117.52877,Cloud to Ground,27565,0,13
2026-09-17T11:10:47.115474721Z,15.91701,119.897324,Cloud to Cloud,21738,6057,9
2026-09-17T11:10:47.024630760Z,11.97456,120.796375,Cloud to Ground,25623,0,11
2026-09-17T11:10:47.489355000Z,15.4765,120.3794,Cloud to Ground,37383,0,5
2026-09-17T11:10:49.152013908Z,3.709875,117.234792,Cloud to Ground,-31960,0,27
2026-09-17T11:10:49.577959278Z,3.730791,117.249788,Cloud to Ground,-30590,0,22
2026-09-17T11:10:48.799932079Z,3.706329,117.293848,Cloud to Ground,15025,0,9
2026-09-17T11:10:49.068117000Z,16.9413,121.0028,Cloud to Ground,-32507,0,6
2026-09-17T11:10:53.713765546Z,18.161842,114.894891,Cloud to Ground,-17751,0,12
2026-09-17T11:10:55.238827865Z,15.923769,119.836727,Cloud to Cloud,13809,16752,12
2026-09-17T11:10:55.174352664Z,15.840298,119.659347,Cloud to Cloud,-9339,18747,7
2026-09-17T11:10:58.009942799Z,15.852882,119.867772,Cloud to Ground,-27988,0,7
2026-09-17T11:10:59.588266025Z,10.644201,113.031801,Cloud to Ground,-168709,0,13
2026-09-17T11:10:59.845616197Z,10.667709,112.972503,Cloud to Ground,-10474,0,6
2026-09-17T11:11:00.128536652Z,10.679531,112.997182,Cloud to Ground,8153,0,7
2026-09-17T11:10:59.621409905Z,10.713039,113.071556,Cloud to Ground,24943,0,10
2026-09-17T11:11:03.937772000Z,3.8185,117.0077,Cloud to Ground,-10361,0,6
2026-09-17T11:11:04.986368566Z,6.255711,118.239636,Cloud to Cloud,-15254,19666,8
2026-09-17T11:11:04.750072000Z,6.3288,118.2039,Cloud to Ground,355,0,5
2026-09-17T11:11:04.831814900Z,6.271879,118.169129,Cloud to Cloud,15753,3076,10
2026-09-17T11:11:04.784360916Z,6.25764,118.206737,Cloud to Ground,19187,0,10
2026-09-17T11:11:04.746148925Z,6.300802,118.174758,Cloud to Ground,22495,0,12
2026-09-17T11:11:04.499535848Z,6.12411,117.663694,Cloud to Cloud,-6305,7287,6
2026-09-17T11:11:04.350476285Z,5.954735,117.620389,Cloud to Cloud,-11309,13689,6
2026-09-17T11:11:04.072191622Z,3.691353,117.273727,Cloud to Ground,-13118,0,8
2026-09-17T11:11:06.854117116Z,4.061004,117.57018,Cloud to Ground,-43297,0,17
2026-09-17T11:11:06.945188044Z,4.025185,117.528253,Cloud to Ground,11587,0,7
2026-09-17T11:11:06.733004867Z,4.03019,117.606861,Cloud to Ground,19701,0,13
2026-09-17T11:11:06.312846243Z,15.736847,119.655427,Cloud to Cloud,12788,4821,9
2026-09-17T11:11:06.616101795Z,15.730292,119.681227,Cloud to Cloud,17335,19810,9
2026-09-17T11:11:06.304642491Z,10.913752,118.712817,Cloud to Cloud,15977,13364,8
2026-09-17T11:11:06.302062575Z,10.782342,118.799779,Cloud to Cloud,14325,19875,8
2026-09-17T11:11:06.509543396Z,15.802555,119.557447,Cloud to Cloud,-8677,6229,7
2026-09-17T11:11:06.258808933Z,15.842585,119.61978,Cloud to Cloud,11793,3006,7
2026-09-17T11:11:08.844482221Z,6.11074,118.139301,Cloud to Cloud,23385,17051,10
2026-09-17T11:11:08.347889837Z,15.84931,119.697969,Cloud to Ground,-53214,0,14
2026-09-17T11:11:10.273249134Z,15.988201,119.70731,Cloud to Ground,-13706,0,6
2026-09-17T11:11:10.081585790Z,15.869592,119.540336,Cloud to Ground,-21753,0,11
2026-09-17T11:11:10.167004295Z,15.894137,119.652491,Cloud to Ground,-16469,0,9
2026-09-17T11:11:10.468850982Z,15.567948,119.755733,Cloud to Cloud,-29053,3018,8
2026-09-17T11:11:10.568644587Z,10.989177,112.828657,Cloud to Cloud,-22939,12907,7
2026-09-17T11:11:10.355425216Z,11.08313,112.857182,Cloud to Ground,-23440,0,9
2026-09-17T11:11:11.621195000Z,4.147251,117.599104,Cloud to Ground,-16312,0,10
2026-09-17T11:11:12.023202200Z,11.294251,124.404825,Cloud to Ground,-60735,0,10
2026-09-17T11:11:12.145707000Z,11.3657,124.3734,Cloud to Ground,-19689,0,6
2026-09-17T11:11:13.363309262Z,6.754318,118.307071,Cloud to Ground,-31234,0,8
2026-09-17T11:11:13.421573093Z,6.799365,118.277064,Cloud to Cloud,-26190,10344,7
2026-09-17T11:11:13.361930174Z,6.75841,118.251047,Cloud to Ground,24498,0,13
2026-09-17T11:11:13.872302061Z,5.861929,117.76399,Cloud to Ground,32127,0,16
2026-09-17T11:11:14.912620115Z,3.93482,117.400218,Cloud to Ground,19527,0,17
2026-09-17T11:11:14.624206969Z,3.805796,117.398039,Cloud to Ground,-22748,0,9
2026-09-17T11:11:13.996993597Z,5.844197,117.600868,Cloud to Ground,15134,0,7
2026-09-17T11:11:14.339130282Z,5.811371,117.566263,Cloud to Cloud,17983,6316,7
2026-09-17T11:11:14.113876960Z,5.823781,117.593929,Cloud to Ground,18681,0,10
2026-09-17T11:11:16.772291666Z,6.644967,123.760726,Cloud to Ground,-32540,0,14
2026-09-17T11:11:16.006128536Z,11.729151,123.888849,Cloud to Ground,-24710,0,8
2026-09-17T11:11:17.556705762Z,3.703692,117.253161,Cloud to Ground,14124,0,7
2026-09-17T11:11:17.291596002Z,15.853773,119.634338,Cloud to Cloud,18793,19622,13
2026-09-17T11:11:19.455927313Z,7.77404,118.794184,Cloud to Cloud,-20764,3569,11
2026-09-17T11:11:21.231780198Z,18.167382,115.052403,Cloud to Cloud,11841,6086,6
2026-09-17T11:11:21.230329319Z,18.151311,115.001836,Cloud to Ground,15239,0,8
2026-09-17T11:11:22.290554439Z,6.744756,112.880252,Cloud to Ground,-25605,0,21
2026-09-17T11:11:24.701504511Z,15.77499,119.909012,Cloud to Cloud,-13305,15864,7
2026-09-17T11:11:24.168215455Z,11.575482,123.944948,Cloud to Ground,-8140,0,5
2026-09-17T11:11:24.007681000Z,11.6877,123.9387,Cloud to Ground,-38508,0,6
2026-09-17T11:11:25.924429266Z,3.753768,117.314031,Cloud to Ground,-43969,0,24
2026-09-17T11:11:26.189289079Z,3.71396,117.314535,Cloud to Ground,12841,0,10
2026-09-17T11:11:25.842818380Z,3.738715,117.359466,Cloud to Ground,19434,0,10
2026-09-17T11:11:26.806027384Z,16.202877,119.878278,Cloud to Cloud,20552,3068,9
2026-09-17T11:11:27.512618333Z,4.611485,117.286445,Cloud to Ground,12547,0,9
2026-09-17T11:11:31.408227056Z,6.086259,112.965401,Cloud to Ground,-22905,0,18
2026-09-17T11:11:31.639148916Z,6.131746,112.879232,Cloud to Ground,12547,0,7
2026-09-17T11:11:31.647005590Z,6.087485,112.886437,Cloud to Ground,15001,0,11
2026-09-17T11:11:31.410801201Z,6.108844,113.009902,Cloud to Ground,44267,0,8
2026-09-17T11:11:33.090738619Z,4.140312,117.481051,Cloud to Ground,24164,0,8
2026-09-17T11:11:32.981210851Z,4.149518,117.51057,Cloud to Ground,32201,0,11
2026-09-17T11:11:33.290735994Z,4.150893,117.631881,Cloud to Ground,26628,0,8
2026-09-17T11:11:34.860422327Z,3.870021,117.37729,Cloud to Ground,-32613,0,23
2026-09-17T11:11:34.381858848Z,3.840222,117.373889,Cloud to Ground,15335,0,13
2026-09-17T11:11:35.012778047Z,3.804736,117.317362,Cloud to Ground,17385,0,7
2026-09-17T11:11:34.350460240Z,3.839664,117.411129,Cloud to Ground,19479,0,11
2026-09-17T11:11:34.939940824Z,3.839189,117.409277,Cloud to Ground,23035,0,13
2026-09-17T11:11:34.306417128Z,3.811396,117.433789,Cloud to Ground,119319,0,13
2026-09-17T11:11:34.460167898Z,15.479065,119.766922,Cloud to Ground,-11058,0,9
2026-09-17T11:11:34.640757000Z,15.69,119.7636,Cloud to Ground,10106,0,7
2026-09-17T11:11:35.103654810Z,4.028816,117.578991,Cloud to Ground,-41705,0,32
2026-09-17T11:11:35.018791647Z,4.078679,117.54419,Cloud to Ground,-23341,0,20
2026-09-17T11:11:38.642281584Z,6.014938,117.627061,Cloud to Ground,-11964,0,10
2026-09-17T11:11:38.354545960Z,15.880014,119.632612,Cloud to Cloud,-20719,14849,7
2026-09-17T11:11:38.404071358Z,15.85409,119.64437,Cloud to Ground,-15836,0,10
2026-09-17T11:11:38.374379025Z,15.82322,119.547077,Cloud to Ground,-18390,0,8
2026-09-17T11:11:38.461849000Z,15.9086,119.46,Cloud to Ground,18055,0,5
2026-09-17T11:11:39.193699319Z,11.417139,112.921371,Cloud to Ground,-58200,0,14
2026-09-17T11:11:39.321303648Z,11.408345,112.801435,Cloud to Ground,-32939,0,6
2026-09-17T11:11:39.184028093Z,11.4236,112.795171,Cloud to Ground,-29647,0,13
2026-09-17T11:11:39.225059407Z,11.405405,112.80778,Cloud to Cloud,-25777,3095,10
2026-09-17T11:11:39.215752634Z,11.399783,112.802721,Cloud to Ground,-23500,0,8
2026-09-17T11:11:40.378413397Z,10.755922,113.097661,Cloud to Ground,-13377,0,11
2026-09-17T11:11:40.368759931Z,10.759764,112.980264,Cloud to Cloud,-25038,5970,17
2026-09-17T11:11:40.851783951Z,15.883087,119.556336,Cloud to Ground,-13716,0,11
2026-09-17T11:11:40.774764000Z,16.0484,119.5839,Cloud to Ground,-13979,0,7
2026-09-17T11:11:42.965815196Z,4.125705,117.623745,Cloud to Ground,-24937,0,15
2026-09-17T11:11:43.415516510Z,4.767175,117.357598,Cloud to Ground,25467,0,25
2026-09-17T11:11:44.217109625Z,6.357856,118.226486,Cloud to Ground,-15907,0,23
2026-09-17T11:11:46.815556649Z,15.952687,119.663067,Cloud to Ground,-38895,0,13
2026-09-17T11:11:47.439782405Z,15.939008,119.671023,Cloud to Ground,-32627,0,11
2026-09-17T11:11:46.920338780Z,15.948079,119.637007,Cloud to Ground,-6144,0,7
2026-09-17T11:11:47.863854901Z,16.103468,119.981463,Cloud to Ground,-14378,0,10
2026-09-17T11:11:47.422664016Z,16.028934,119.989377,Cloud to Cloud,-6307,6308,7
2026-09-17T11:11:47.074528675Z,16.082439,120.014016,Cloud to Cloud,13705,7004,7
2026-09-17T11:11:47.457106864Z,16.164503,119.850212,Cloud to Ground,-21165,0,7
2026-09-17T11:11:47.022030271Z,16.180645,119.876778,Cloud to Cloud,12161,17511,9
2026-09-17T11:11:47.370937000Z,16.4743,120.0276,Cloud to Ground,-25661,0,7
2026-09-17T11:11:47.896823215Z,15.449424,121.361769,Cloud to Cloud,20519,18781,10
2026-09-17T11:11:48.387656113Z,15.850117,119.620152,Cloud to Cloud,8351,5914,7
2026-09-17T11:11:49.268366778Z,4.067505,117.624815,Cloud to Ground,-21970,0,11
2026-09-17T11:11:51.313434308Z,5.99436,117.589718,Cloud to Ground,28047,0,8
2026-09-17T11:11:50.817635930Z,5.971896,117.623288,Cloud to Ground,31014,0,7
2026-09-17T11:11:51.632919761Z,15.93468,119.714126,Cloud to Ground,-31212,0,7
2026-09-17T11:11:52.724512885Z,3.706612,117.296353,Cloud to Ground,-16115,0,10
2026-09-17T11:11:52.993125994Z,16.018627,119.875421,Cloud to Cloud,13430,4378,7
2026-09-17T11:11:52.936324000Z,15.926,119.7914,Cloud to Ground,-16608,0,6
2026-09-17T11:11:53.070157000Z,15.923,119.778,Cloud to Ground,-16125,0,5
2026-09-17T11:11:52.091056000Z,5.9835,117.7039,Cloud to Ground,-20580,0,5
2026-09-17T11:11:53.388508435Z,7.415038,113.971618,Cloud to Ground,60345,0,9
2026-09-17T11:11:53.487900000Z,7.2348,113.6753,Cloud to Ground,60062,0,5
2026-09-17T11:11:55.573192670Z,5.653539,115.776177,Cloud to Ground,78902,0,19
2026-09-17T11:11:55.576730576Z,5.730581,115.877981,Cloud to Cloud,-21710,9440,7
2026-09-17T11:11:55.174533505Z,15.832214,119.631969,Cloud to Cloud,6660,6085,10
2026-09-17T11:11:55.921872165Z,15.310859,119.687207,Cloud to Ground,-52468,0,11
2026-09-17T11:11:56.152451504Z,15.31093,119.672887,Cloud to Ground,-20457,0,9
2026-09-17T11:11:55.812564000Z,15.6739,120.5796,Cloud to Ground,19501,0,5
2026-09-17T11:11:58.909366681Z,3.593124,116.754582,Cloud to Ground,22348,0,16
2026-09-17T11:11:59.527009370Z,10.514974,113.127743,Cloud to Ground,-89237,0,11
2026-09-17T11:12:02.454294648Z,16.018478,119.718355,Cloud to Ground,-25051,0,5
2026-09-17T11:12:02.254919600Z,16.052753,119.7504,Cloud to Ground,24419,0,9
2026-09-17T11:12:02.972441582Z,15.862767,119.574382,Cloud to Cloud,4214,7322,7
2026-09-17T11:12:02.249187000Z,9.6397,118.8132,Cloud to Ground,-17356,0,9
2026-09-17T11:12:04.566247000Z,11.7627,123.8617,Cloud to Ground,-18425,0,5
2026-09-17T11:12:05.181794528Z,16.015101,119.613047,Cloud to Ground,-31235,0,12
2026-09-17T11:12:06.646560612Z,4.355458,116.883313,Cloud to Ground,-24753,0,26
2026-09-17T11:12:06.720640610Z,4.22587,116.979733,Cloud to Ground,-83699,0,14
2026-09-17T11:12:06.645824216Z,4.260609,116.880712,Cloud to Ground,35755,0,20
2026-09-17T11:12:07.243673000Z,15.6152,119.3802,Cloud to Ground,-39228,0,6
2026-09-17T11:12:08.664639235Z,9.713124,118.1234,Cloud to Ground,-20661,0,10
2026-09-17T11:12:08.676871273Z,9.775895,118.010228,Cloud to Cloud,10748,14914,8
2026-09-17T11:12:09.827226975Z,3.826911,117.369522,Cloud to Ground,13802,0,10
2026-09-17T11:12:09.290132292Z,11.622741,123.949126,Cloud to Cloud,8023,7894,6
2026-09-17T11:12:12.863096050Z,4.037113,117.642937,Cloud to Ground,44380,0,21
2026-09-17T11:12:13.103748246Z,4.105603,117.546434,Cloud to Ground,-18558,0,9
2026-09-17T11:12:15.958224320Z,14.413199,122.358492,Cloud to Cloud,-35853,12468,15
2026-09-17T11:12:15.964202000Z,14.6093,122.2707,Cloud to Ground,108071,0,9
2026-09-17T11:12:16.333742686Z,4.026265,117.609877,Cloud to Ground,31637,0,10
2026-09-17T11:12:16.145756721Z,4.13368,117.533836,Cloud to Ground,17637,0,8
2026-09-17T11:12:16.054996703Z,14.511193,122.290864,Cloud to Ground,-48669,0,21
2026-09-17T11:12:16.287426392Z,14.514929,122.318901,Cloud to Ground,-6993,0,5
2026-09-17T11:12:17.440896450Z,11.262114,112.775536,Cloud to Ground,36226,0,7
2026-09-17T11:12:18.673312066Z,3.664013,117.277306,Cloud to Ground,-14925,0,10
2026-09-17T11:12:19.709894070Z,5.898654,117.716465,Cloud to Ground,-30059,0,17
2026-09-17T11:12:19.633586448Z,6.074493,117.647339,Cloud to Ground,91889,0,10
2026-09-17T11:12:19.764799329Z,5.862478,117.573212,Cloud to Ground,19178,0,6
2026-09-17T11:12:19.735826748Z,5.876742,117.587263,Cloud to Ground,23917,0,7
2026-09-17T11:12:19.382918000Z,16.0638,119.5747,Cloud to Ground,-26873,0,7
2026-09-17T11:12:20.104126013Z,15.72246,119.697761,Cloud to Cloud,-19476,15239,9
2026-09-17T11:12:24.343712608Z,6.651134,114.69351,Cloud to Ground,-32056,0,20
2026-09-17T11:12:23.964675780Z,6.62984,114.735597,Cloud to Ground,-24027,0,9
2026-09-17T11:12:23.960654562Z,6.607932,114.629375,Cloud to Ground,40654,0,24
2026-09-17T11:12:23.326038030Z,4.509951,116.902161,Cloud to Cloud,-14953,3036,10
2026-09-17T11:12:24.333248008Z,3.850678,117.415126,Cloud to Ground,31604,0,13
2026-09-17T11:12:24.426037258Z,3.955757,117.455011,Cloud to Ground,18368,0,23
2026-09-17T11:12:25.050380661Z,16.046312,119.831574,Cloud to Cloud,-13006,6573,9
2026-09-17T11:12:26.491735648Z,6.714299,112.831968,Cloud to Ground,-33592,0,18
2026-09-17T11:12:26.645211900Z,6.747356,112.814876,Cloud to Ground,-24407,0,18
2026-09-17T11:12:26.502670896Z,6.710343,112.937818,Cloud to Ground,-107872,0,15
2026-09-17T11:12:26.918117664Z,6.74007,112.924304,Cloud to Ground,-33920,0,10
2026-09-17T11:12:29.003025891Z,4.120285,117.548779,Cloud to Ground,13873,0,10
2026-09-17T11:12:29.301422783Z,15.406846,119.633754,Cloud to Ground,-11977,0,8
2026-09-17T11:12:29.312842593Z,15.323675,119.655883,Cloud to Cloud,17166,9536,8
2026-09-17T11:12:29.763704000Z,16.0963,120.2264,Cloud to Ground,17667,0,5
2026-09-17T11:12:30.275570467Z,18.16853,115.041811,Cloud to Ground,-22804,0,10
2026-09-17T11:12:30.208528830Z,18.156394,115.01511,Cloud to Ground,40819,0,16
2026-09-17T11:12:30.465582438Z,18.121686,114.893134,Cloud to Ground,12921,0,10
2026-09-17T11:12:31.633521874Z,4.061719,117.51997,Cloud to Ground,-24433,0,16
2026-09-17T11:12:31.842461000Z,15.9207,119.5676,Cloud to Ground,31102,0,6
2026-09-17T11:12:35.131764331Z,4.062029,117.525595,Cloud to Ground,9604,0,9
2026-09-17T11:12:35.133136100Z,4.057994,117.503528,Cloud to Ground,14501,0,11
2026-09-17T11:12:35.336923162Z,15.76715,119.663173,Cloud to Cloud,20789,5714,8
2026-09-17T11:12:38.071559350Z,3.758472,117.341692,Cloud to Ground,43870,0,21
2026-09-17T11:12:38.918055310Z,16.240626,120.030082,Cloud to Cloud,-8225,3001,8
2026-09-17T11:12:39.523417651Z,4.046248,117.608211,Cloud to Ground,24489,0,16
2026-09-17T11:12:39.227426000Z,11.5695,123.9375,Cloud to Ground,-30326,0,9
2026-09-17T11:12:40.253205644Z,3.871856,117.486136,Cloud to Ground,57452,0,19
2026-09-17T11:12:41.442906603Z,2.010133,113.4515,Cloud to Ground,-28707,0,12
2026-09-17T11:12:41.027486215Z,7.414531,118.691778,Cloud to Ground,26241,0,11
2026-09-17T11:12:41.285400382Z,5.97242,113.001111,Cloud to Ground,-18660,0,16
2026-09-17T11:12:41.295946633Z,5.893776,112.990277,Cloud to Ground,-14286,0,9
2026-09-17T11:12:41.282373686Z,5.919584,113.019413,Cloud to Ground,32939,0,10
2026-09-17T11:12:41.696100041Z,15.989528,119.672268,Cloud to Cloud,6022,3075,7
2026-09-17T11:12:42.464355179Z,7.4013,113.939245,Cloud to Cloud,10375,10275,6
2026-09-17T11:12:42.427530209Z,7.340198,113.874209,Cloud to Ground,57353,0,9
2026-09-17T11:12:42.539159537Z,7.421043,113.950635,Cloud to Ground,79154,0,10
2026-09-17T11:12:42.661286827Z,5.935723,117.613753,Cloud to Cloud,-12930,3401,7
2026-09-17T11:12:42.897444512Z,5.987571,117.610125,Cloud to Cloud,15574,10557,10
2026-09-17T11:12:42.751252421Z,5.926311,117.687814,Cloud to Ground,36150,0,10
2026-09-17T11:12:43.282431496Z,5.916554,117.608602,Cloud to Ground,38197,0,7
2026-09-17T11:12:42.838961541Z,6.02289,117.67724,Cloud to Ground,59420,0,12
2026-09-17T11:12:46.312663201Z,15.862706,119.641984,Cloud to Ground,-48426,0,16
2026-09-17T11:12:46.417303310Z,15.864937,119.64165,Cloud to Ground,-19587,0,10
2026-09-17T11:12:46.992958864Z,15.859287,119.622462,Cloud to Ground,-11593,0,7
2026-09-17T11:12:46.009267000Z,15.9473,119.5102,Cloud to Ground,-23311,0,5
2026-09-17T11:12:47.764428397Z,6.718815,118.291053,Cloud to Ground,22671,0,10
2026-09-17T11:12:47.546532000Z,11.7988,123.7991,Cloud to Ground,-20269,0,8
2026-09-17T11:12:49.456028527Z,11.396997,112.813419,Cloud to Cloud,-58183,3068,12
2026-09-17T11:12:49.664042021Z,11.352165,112.760869,Cloud to Ground,-34347,0,8
2026-09-17T11:12:49.700798785Z,11.353125,112.767544,Cloud to Ground,-25473,0,7
2026-09-17T11:12:49.555629575Z,11.37609,112.802869,Cloud to Ground,-19889,0,8
2026-09-17T11:12:49.461125648Z,11.407167,112.921214,Cloud to Ground,-88162,0,10
2026-09-17T11:12:49.506878952Z,11.404234,112.924114,Cloud to Ground,-71683,0,16
2026-09-17T11:12:49.613518002Z,11.45667,112.985899,Cloud to Ground,-42729,0,8
2026-09-17T11:12:49.605219559Z,11.399918,112.926302,Cloud to Ground,-40205,0,8
2026-09-17T11:12:50.288675311Z,5.963813,117.689106,Cloud to Ground,-50625,0,20
2026-09-17T11:12:50.264576999Z,16.171089,119.691496,Cloud to Ground,24497,0,7
2026-09-17T11:12:52.581838811Z,8.620319,130.047161,Cloud to Ground,14971,0,18
2026-09-17T11:12:52.580937130Z,8.633352,130.05965,Cloud to Cloud,15776,18542,7
2026-09-17T11:12:54.802736636Z,3.799171,117.495072,Cloud to Cloud,-13877,5189,12
2026-09-17T11:12:54.343210417Z,16.076184,119.691151,Cloud to Cloud,-18401,10776,10
2026-09-17T11:12:54.426966451Z,15.880898,119.548845,Cloud to Cloud,-11544,17382,12
2026-09-17T11:12:54.349055424Z,15.922734,119.585333,Cloud to Ground,21998,0,10
2026-09-17T11:12:56.162157415Z,16.190015,119.879083,Cloud to Cloud,5536,3002,7
2026-09-17T11:12:57.706713339Z,6.810717,119.095,Cloud to Ground,-48117,0,17
2026-09-17T11:12:57.758593000Z,6.9298,119.154,Cloud to Ground,-17850,0,5
2026-09-17T11:12:58.693894780Z,15.832258,119.549312,Cloud to Cloud,5324,13207,6
2026-09-17T11:12:58.688832010Z,15.801096,119.580558,Cloud to Cloud,10847,3045,10
2026-09-17T11:12:58.268264714Z,15.80058,119.582209,Cloud to Cloud,18047,3008,10
2026-09-17T11:13:00.806012443Z,10.665156,113.016693,Cloud to Ground,314438,0,18
2026-09-17T11:13:00.803734370Z,10.602123,112.911699,Cloud to Ground,-29460,0,9
2026-09-17T11:13:01.975916675Z,15.299072,119.790677,Cloud to Cloud,19028,3202,11
2026-09-17T11:13:05.704494347Z,6.005826,117.585642,Cloud to Ground,19275,0,7
2026-09-17T11:13:05.562151060Z,5.883594,117.61155,Cloud to Ground,-33016,0,20
2026-09-17T11:13:05.802821001Z,5.835161,117.588975,Cloud to Ground,16001,0,12
2026-09-17T11:13:06.856129855Z,4.160118,117.541191,Cloud to Ground,-19212,0,10
2026-09-17T11:13:06.370686511Z,11.245281,112.870262,Cloud to Ground,-66859,0,12
2026-09-17T11:13:06.419360924Z,11.333097,112.756598,Cloud to Cloud,-18153,3020,8
2026-09-17T11:13:08.228376867Z,3.808663,117.353066,Cloud to Cloud,23276,3006,11
2026-09-17T11:13:09.710175204Z,4.068989,117.595459,Cloud to Ground,-36346,0,18
2026-09-17T11:13:09.772388668Z,4.053415,117.573144,Cloud to Ground,-32343,0,24
2026-09-17T11:13:09.835358941Z,4.052375,117.575254,Cloud to Ground,-28133,0,24
2026-09-17T11:13:11.268281442Z,15.419886,119.639371,Cloud to Cloud,-12829,5551,7
2026-09-17T11:13:12.546058240Z,5.646763,117.328168,Cloud to Ground,10358,0,10
2026-09-17T11:13:13.311900000Z,6.6235,114.4681,Cloud to Ground,-9363,0,6
2026-09-17T11:13:13.306712192Z,6.574781,114.534767,Cloud to Ground,9542,0,7
2026-09-17T11:13:13.295834335Z,6.603187,114.595599,Cloud to Ground,23464,0,10
2026-09-17T11:13:13.270579543Z,6.652552,114.621577,Cloud to Ground,126713,0,9
2026-09-17T11:13:14.678166944Z,6.71259,112.901834,Cloud to Ground,-14983,0,7
2026-09-17T11:13:14.754402961Z,6.742219,112.882577,Cloud to Ground,46468,0,7
2026-09-17T11:13:14.796207955Z,6.837801,112.98637,Cloud to Cloud,9479,6385,10
2026-09-17T11:13:15.613381242Z,6.285157,118.205864,Cloud to Ground,-62012,0,14
2026-09-17T11:13:15.835554927Z,3.708074,117.380945,Cloud to Ground,15524,0,10
2026-09-17T11:13:15.696842896Z,15.803691,119.503037,Cloud to Cloud,-5366,19319,6
2026-09-17T11:13:18.710772851Z,10.953593,118.468742,Cloud to Ground,-13966,0,11
2026-09-17T11:13:18.452597139Z,10.850107,118.638731,Cloud to Ground,20913,0,11
2026-09-17T11:13:19.628961310Z,4.168603,117.602931,Cloud to Ground,-19807,0,22
2026-09-17T11:13:20.648482271Z,15.933134,119.758916,Cloud to Ground,-14528,0,7
2026-09-17T11:13:20.810071009Z,16.00176,119.685354,Cloud to Ground,-32367,0,7
2026-09-17T11:13:20.419182048Z,16.043407,119.691407,Cloud to Ground,-12251,0,9
2026-09-17T11:13:20.216874797Z,16.012355,119.57335,Cloud to Ground,-5674,0,5
2026-09-17T11:13:20.218794535Z,16.054791,119.62589,Cloud to Ground,16587,0,8
2026-09-17T11:13:20.738888886Z,15.888027,119.636213,Cloud to Ground,-13051,0,8
2026-09-17T11:13:21.128247265Z,15.88712,119.631066,Cloud to Ground,-5836,0,6
2026-09-17T11:13:20.389843000Z,16.1,119.427,Cloud to Ground,-27233,0,6
2026-09-17T11:13:21.131405065Z,15.739155,119.741537,Cloud to Cloud,15843,3005,8
2026-09-17T11:13:23.299103252Z,5.783354,118.143764,Cloud to Ground,-51943,0,24
2026-09-17T11:13:23.961167332Z,5.37921,117.964619,Cloud to Ground,38544,0,24
2026-09-17T11:13:23.203017601Z,5.671741,118.146175,Cloud to Ground,30953,0,16
2026-09-17T11:13:23.743878616Z,5.823182,117.977134,Cloud to Cloud,-28290,5964,17
2026-09-17T11:13:23.683149943Z,5.787841,117.971246,Cloud to Ground,-21233,0,12
2026-09-17T11:13:23.671486832Z,5.824488,117.98241,Cloud to Cloud,-18743,10262,15
2026-09-17T11:13:23.899268846Z,9.006297,112.840798,Cloud to Ground,26067,0,13
2026-09-17T11:13:23.927220472Z,8.970312,112.832814,Cloud to Ground,26739,0,9
2026-09-17T11:13:23.900453985Z,9.014655,112.810973,Cloud to Ground,41238,0,12
2026-09-17T11:13:23.482276671Z,3.935336,117.494958,Cloud to Ground,34523,0,13
2026-09-17T11:13:24.002511857Z,9.143695,112.940613,Cloud to Ground,11255,0,7
2026-09-17T11:13:24.040905299Z,16.09846,119.771957,Cloud to Cloud,-15405,14161,13
2026-09-17T11:13:24.132348010Z,16.034047,119.704119,Cloud to Ground,-12140,0,7
2026-09-17T11:13:25.403682475Z,4.005026,117.617891,Cloud to Cloud,-18695,19971,13
2026-09-17T11:13:25.362021000Z,3.8189,117.3539,Cloud to Ground,20491,0,7
2026-09-17T11:13:25.562465423Z,16.833906,120.794616,Cloud to Cloud,11188,6902,7
2026-09-17T11:13:26.670142916Z,3.722528,117.383412,Cloud to Ground,10317,0,9
2026-09-17T11:13:28.661506036Z,11.370704,118.918276,Cloud to Cloud,-20250,15060,7
2026-09-17T11:13:28.664466442Z,11.382479,118.867408,Cloud to Ground,-8123,0,9
2026-09-17T11:13:28.975436000Z,11.5038,120.7232,Cloud to Ground,-20237,0,6
2026-09-17T11:13:28.888623144Z,11.504658,120.748382,Cloud to Cloud,-18588,4228,7
2026-09-17T11:13:30.217482422Z,4.132294,117.567695,Cloud to Ground,-29721,0,26
2026-09-17T11:13:32.970287456Z,4.120143,117.555971,Cloud to Ground,20528,0,14
2026-09-17T11:13:33.135216124Z,12.062546,120.775404,Cloud to Ground,25173,0,14
2026-09-17T11:13:34.686795475Z,5.874962,117.517277,Cloud to Ground,37160,0,14
2026-09-17T11:13:34.720939071Z,6.001209,117.678868,Cloud to Cloud,-20710,7327,10
2026-09-17T11:13:34.992346983Z,15.878983,119.730219,Cloud to Ground,-30255,0,9
2026-09-17T11:13:35.046629748Z,15.877005,119.725073,Cloud to Ground,-26484,0,13
2026-09-17T11:13:34.947773696Z,15.880119,119.729381,Cloud to Ground,-24192,0,8
2026-09-17T11:13:35.462090648Z,15.880486,119.710781,Cloud to Ground,-13517,0,6
2026-09-17T11:13:35.105853107Z,15.792828,119.844897,Cloud to Ground,53062,0,8
2026-09-17T11:13:35.279735000Z,15.7581,119.5781,Cloud to Ground,-32810,0,5
2026-09-17T11:13:35.646269260Z,15.548412,119.717017,Cloud to Ground,42068,0,7
2026-09-17T11:13:36.993349768Z,16.246396,120.06038,Cloud to Cloud,-28631,5470,11
2026-09-17T11:13:37.961842053Z,6.648696,123.711755,Cloud to Cloud,-20152,3381,10
2026-09-17T11:13:37.005866383Z,16.157616,119.873865,Cloud to Cloud,13410,8344,9
2026-09-17T11:13:37.611289000Z,15.9939,119.5907,Cloud to Ground,-65582,0,5
2026-09-17T11:13:38.136455178Z,16.160493,119.875985,Cloud to Ground,-15961,0,6
2026-09-17T11:13:38.018494722Z,16.246627,119.992958,Cloud to Cloud,12608,3637,10
2026-09-17T11:13:38.204247429Z,15.783278,119.682526,Cloud to Cloud,-5664,11731,8
2026-09-17T11:13:38.648612470Z,15.528925,119.653105,Cloud to Ground,-9450,0,8
2026-09-17T11:13:39.972592232Z,6.09396,116.154202,Cloud to Cloud,16127,5690,8
2026-09-17T11:13:39.198293805Z,3.70738,117.319515,Cloud to Cloud,-26005,13514,13
2026-09-17T11:13:40.071201884Z,4.042234,117.555038,Cloud to Ground,-42009,0,26
2026-09-17T11:13:40.432879485Z,4.072197,117.538014,Cloud to Cloud,-32000,7502,12
2026-09-17T11:13:40.987885142Z,4.019289,117.507831,Cloud to Ground,-21661,0,10
2026-09-17T11:13:40.337641417Z,4.05271,117.581023,Cloud to Ground,18825,0,13
2026-09-17T11:13:40.259946865Z,4.058886,117.615264,Cloud to Ground,39247,0,14
2026-09-17T11:13:41.060052694Z,3.845353,117.335379,Cloud to Cloud,-22455,3534,20
2026-09-17T11:13:41.182378153Z,3.830543,117.393378,Cloud to Ground,20233,0,19
2026-09-17T11:13:41.022009545Z,3.835428,117.399763,Cloud to Ground,23749,0,18
2026-09-17T11:13:41.109560488Z,3.823686,117.437133,Cloud to Cloud,24858,9805,14
2026-09-17T11:13:40.883580667Z,3.840102,117.41738,Cloud to Ground,33145,0,24
2026-09-17T11:13:40.958322981Z,3.846434,117.466438,Cloud to Ground,51583,0,29
2026-09-17T11:13:42.391330475Z,5.989256,117.638381,Cloud to Cloud,-19699,7610,10
2026-09-17T11:13:42.132921965Z,5.922735,117.577352,Cloud to Ground,15303,0,8
2026-09-17T11:13:44.741867948Z,7.363122,113.981509,Cloud to Ground,44174,0,17
2026-09-17T11:13:45.144811496Z,3.75626,117.33082,Cloud to Ground,-16946,0,16
2026-09-17T11:13:46.103782026Z,11.39856,112.929563,Cloud to Ground,-103334,0,12
2026-09-17T11:13:46.254527791Z,11.404552,112.948065,Cloud to Ground,-47000,0,12
2026-09-17T11:13:46.091428670Z,11.432927,112.83379,Cloud to Cloud,-26347,12783,9
2026-09-17T11:13:46.173939715Z,11.453436,112.953789,Cloud to Ground,-10313,0,10
2026-09-17T11:13:46.143280170Z,11.411782,112.907037,Cloud to Ground,22078,0,10
2026-09-17T11:13:47.687940242Z,7.242126,113.021898,Cloud to Ground,17808,0,9
2026-09-17T11:13:47.689766886Z,7.284653,113.149332,Cloud to Cloud,-19157,3422,8
2026-09-17T11:13:47.692290174Z,7.245868,113.133919,Cloud to Cloud,23334,3318,8
2026-09-17T11:13:47.361969595Z,3.718427,117.338051,Cloud to Ground,-14369,0,9
2026-09-17T11:13:47.682001341Z,3.73303,117.299524,Cloud to Ground,18189,0,12
2026-09-17T11:13:48.714927353Z,15.271507,119.929553,Cloud to Ground,40990,0,8
2026-09-17T11:13:48.835829610Z,7.428605,118.225068,Cloud to Cloud,31699,9674,8
2026-09-17T11:13:48.837944055Z,7.400165,118.273432,Cloud to Cloud,36059,3003,10
2026-09-17T11:13:49.789903357Z,4.682759,117.394314,Cloud to Ground,16479,0,12
2026-09-17T11:13:49.141425390Z,6.822297,118.283601,Cloud to Cloud,28851,3067,7
2026-09-17T11:13:49.144810631Z,6.963895,118.357392,Cloud to Cloud,19208,4645,8
2026-09-17T11:13:51.955857579Z,15.916318,119.620342,Cloud to Cloud,-4594,7011,7
2026-09-17T11:13:52.442676893Z,4.067704,117.583853,Cloud to Cloud,9929,7768,10
2026-09-17T11:13:52.573419655Z,15.871448,119.97748,Cloud to Cloud,6181,4806,7
2026-09-17T11:13:54.110125476Z,7.714626,118.793843,Cloud to Cloud,21623,4967,10
2026-09-17T11:13:54.098768691Z,6.301785,118.18489,Cloud to Ground,45653,0,15
2026-09-17T11:13:55.294361915Z,4.914305,112.854429,Cloud to Ground,-29072,0,24
2026-09-17T11:13:55.106752680Z,5.011854,113.011805,Cloud to Cloud,-110247,10805,12
2026-09-17T11:13:55.220165164Z,4.928748,113.034882,Cloud to Ground,-32565,0,17
2026-09-17T11:13:55.265562303Z,4.923794,113.014694,Cloud to Ground,-22180,0,12
2026-09-17T11:13:55.221306015Z,4.954866,113.002141,Cloud to Ground,206844,0,9
2026-09-17T11:13:56.262711050Z,16.155137,119.793625,Cloud to Cloud,4625,14879,7
2026-09-17T11:13:57.796846418Z,15.657827,119.580491,Cloud to Cloud,48422,16333,10
2026-09-17T11:13:57.863766143Z,15.799507,119.613656,Cloud to Cloud,12583,3001,7
2026-09-17T11:13:57.851243858Z,15.836542,119.732109,Cloud to Cloud,12290,4711,9
2026-09-17T11:13:58.703944086Z,6.7007,112.944019,Cloud to Ground,-69619,0,14
2026-09-17T11:13:59.178474284Z,6.705565,112.890623,Cloud to Ground,-30929,0,13
2026-09-17T11:13:59.002080972Z,6.712927,112.88998,Cloud to Ground,-25508,0,8
2026-09-17T11:13:58.737627745Z,6.68088,112.929206,Cloud to Ground,-20645,0,12
2026-09-17T11:13:58.734127839Z,6.810571,112.934341,Cloud to Ground,-26698,0,14
2026-09-17T11:13:59.756994352Z,3.75847,117.311845,Cloud to Ground,43716,0,24
2026-09-17T11:14:00.228777112Z,3.685222,117.379234,Cloud to Ground,-11838,0,12
2026-09-17T11:14:00.872172194Z,11.445835,124.380249,Cloud to Ground,48364,0,8
2026-09-17T11:14:01.755754000Z,6.5992,123.366,Cloud to Ground,-34764,0,8
2026-09-17T11:14:03.092914072Z,11.232579,112.866684,Cloud to Ground,-68282,0,13
2026-09-17T11:14:03.223001218Z,15.274223,119.9912,Cloud to Ground,-6456,0,6
2026-09-17T11:14:06.120339126Z,3.82906,117.392377,Cloud to Ground,9712,0,9
2026-09-17T11:14:05.777352070Z,3.832949,117.366729,Cloud to Ground,15605,0,7
2026-09-17T11:14:05.835804613Z,3.834971,117.420897,Cloud to Ground,22324,0,14
2026-09-17T11:14:06.013908628Z,3.838364,117.422898,Cloud to Ground,28483,0,18
2026-09-17T11:14:07.393161257Z,5.843428,117.689021,Cloud to Ground,17327,0,12
2026-09-17T11:14:07.068962551Z,5.825059,117.580424,Cloud to Cloud,-10212,18000,6
2026-09-17T11:14:07.477270417Z,5.865684,117.579558,Cloud to Ground,15461,0,12
2026-09-17T11:14:07.399257488Z,5.975727,117.778362,Cloud to Ground,-23188,0,11
2026-09-17T11:14:09.617065201Z,4.002588,117.626163,Cloud to Ground,-11341,0,10
2026-09-17T11:14:09.539329276Z,4.028805,117.546655,Cloud to Ground,9507,0,6
2026-09-17T11:14:11.791501468Z,10.930313,112.955465,Cloud to Cloud,-12926,3045,10
2026-09-17T11:14:11.844318166Z,10.922473,112.958046,Cloud to Cloud,-7648,12371,8
2026-09-17T11:14:11.351320153Z,10.837913,112.793966,Cloud to Ground,15297,0,8
2026-09-17T11:14:11.759897162Z,10.694265,113.00168,Cloud to Ground,-6812,0,6
2026-09-17T11:14:11.570346496Z,10.690748,112.938715,Cloud to Ground,13402,0,6
2026-09-17T11:14:11.577773126Z,10.683284,112.922859,Cloud to Cloud,15894,11606,9
2026-09-17T11:14:11.576951370Z,10.647744,112.874407,Cloud to Cloud,16052,6274,6
2026-09-17T11:14:11.573699082Z,10.636103,112.812296,Cloud to Ground,36977,0,10
2026-09-17T11:14:12.513921682Z,4.447424,117.413242,Cloud to Ground,18808,0,8
2026-09-17T11:14:12.093789831Z,11.51352,120.733031,Cloud to Ground,-35669,0,7
2026-09-17T11:14:12.852252000Z,7.0756,125.6521,Cloud to Ground,-32999,0,5
2026-09-17T11:14:14.197721464Z,3.739743,117.284986,Cloud to Ground,13653,0,10
2026-09-17T11:14:14.074199980Z,3.713182,117.268602,Cloud to Ground,19852,0,14
2026-09-17T11:14:14.295476991Z,3.751191,117.328744,Cloud to Ground,22556,0,19
2026-09-17T11:14:15.562695688Z,15.839361,119.643679,Cloud to Ground,-34037,0,13
2026-09-17T11:14:15.406429360Z,15.82879,119.656926,Cloud to Ground,-28447,0,10
2026-09-17T11:14:15.564243619Z,15.766504,119.745657,Cloud to Ground,-21861,0,8
2026-09-17T11:14:17.443194980Z,4.058257,117.490263,Cloud to Cloud,-10696,3407,7
2026-09-17T11:14:17.867118000Z,14.5867,122.2173,Cloud to Ground,-40409,0,7
2026-09-17T11:14:17.945055723Z,14.544777,122.283424,Cloud to Ground,-24523,0,8
2026-09-17T11:14:17.976589654Z,14.517104,122.312145,Cloud to Ground,-24002,0,9
2026-09-17T11:14:18.252326239Z,14.503413,122.319393,Cloud to Ground,-10613,0,7
2026-09-17T11:14:20.366769846Z,4.087021,117.581876,Cloud to Ground,-28250,0,19
2026-09-17T11:14:21.997900834Z,6.236439,118.218674,Cloud to Ground,-128692,0,12
2026-09-17T11:14:22.032086207Z,6.230463,118.212312,Cloud to Ground,-58832,0,28
2026-09-17T11:14:22.140144109Z,6.238584,118.201152,Cloud to Ground,35502,0,14
2026-09-17T11:14:22.081979024Z,6.240887,118.215501,Cloud to Ground,110286,0,26
2026-09-17T11:14:21.719528795Z,3.747911,117.327277,Cloud to Ground,20564,0,18
2026-09-17T11:14:21.231111842Z,3.738228,117.312129,Cloud to Ground,53480,0,21
2026-09-17T11:14:21.171288351Z,15.913495,119.661747,Cloud to Cloud,-25991,5210,7
2026-09-17T11:14:21.748667162Z,16.093161,120.001739,Cloud to Cloud,10242,3133,10
2026-09-17T11:14:22.032596335Z,6.366209,118.172129,Cloud to Ground,-14693,0,25
2026-09-17T11:14:22.739334478Z,6.210579,118.090495,Cloud to Ground,36976,0,7
2026-09-17T11:14:22.180744223Z,6.231672,118.10003,Cloud to Ground,48554,0,8
2026-09-17T11:14:24.943548297Z,15.394505,121.256997,Cloud to Ground,-57186,0,17
2026-09-17T11:14:24.687095217Z,15.397417,121.259756,Cloud to Ground,-26047,0,9
2026-09-17T11:14:24.806458750Z,15.393099,121.232227,Cloud to Ground,-17862,0,11
2026-09-17T11:14:24.721431138Z,15.394839,121.257138,Cloud to Ground,-15165,0,10
2026-09-17T11:14:24.836345451Z,15.397442,121.259411,Cloud to Ground,-13432,0,9
2026-09-17T11:14:25.107027658Z,15.395487,121.256819,Cloud to Ground,-12699,0,9
2026-09-17T11:14:25.222878660Z,15.413574,121.300621,Cloud to Ground,-11788,0,10
2026-09-17T11:14:25.457458417Z,15.861397,119.53918,Cloud to Ground,-31743,0,14
2026-09-17T11:14:25.414361114Z,15.857517,119.525905,Cloud to Ground,-25140,0,11
2026-09-17T11:14:25.682854760Z,15.884045,119.630557,Cloud to Ground,-29765,0,10
2026-09-17T11:14:27.165501437Z,15.806026,119.729406,Cloud to Cloud,-19321,3013,8
2026-09-17T11:14:27.312735590Z,15.934424,119.663372,Cloud to Cloud,12577,4323,7
2026-09-17T11:14:27.445165026Z,15.85726,119.632032,Cloud to Ground,16236,0,11
2026-09-17T11:14:28.724939943Z,11.887124,123.847507,Cloud to Ground,-21897,0,13
2026-09-17T11:14:29.318918000Z,6.5877,123.5592,Cloud to Ground,-12282,0,5
2026-09-17T11:14:30.196292691Z,18.10192,114.851176,Cloud to Cloud,-13681,13013,8
2026-09-17T11:14:31.900953813Z,6.285295,123.138965,Cloud to Cloud,-24327,6618,22
2026-09-17T11:14:31.115648635Z,6.104405,117.624125,Cloud to Ground,-14546,0,9
2026-09-17T11:14:32.780102644Z,3.613619,116.710345,Cloud to Ground,-17052,0,29
2026-09-17T11:14:32.684311534Z,3.50978,116.823958,Cloud to Ground,24998,0,19
2026-09-17T11:14:32.598347871Z,3.611295,116.810221,Cloud to Ground,69164,0,18
2026-09-17T11:14:32.021129044Z,3.776981,117.257847,Cloud to Ground,-41578,0,17
2026-09-17T11:14:32.528939343Z,3.751929,117.334932,Cloud to Ground,22937,0,12
2026-09-17T11:14:32.278983359Z,3.756502,117.320121,Cloud to Ground,25083,0,10
2026-09-17T11:14:32.893526677Z,11.011509,112.955907,Cloud to Ground,-27515,0,8
2026-09-17T11:14:32.946105000Z,11.084,112.7342,Cloud to Ground,-55595,0,9
2026-09-17T11:14:32.848183609Z,10.981569,112.790995,Cloud to Ground,-50406,0,12
2026-09-17T11:14:33.580116487Z,11.00593,112.797348,Cloud to Ground,-39863,0,12
2026-09-17T11:14:32.894499650Z,11.027654,112.750807,Cloud to Ground,32751,0,7
2026-09-17T11:14:32.953960369Z,15.300752,119.685815,Cloud to Ground,95344,0,7
2026-09-17T11:14:35.241065259Z,3.851247,117.361909,Cloud to Ground,-38131,0,28
2026-09-17T11:14:35.269308301Z,3.846607,117.393386,Cloud to Ground,-23949,0,15
2026-09-17T11:14:35.304614181Z,3.840093,117.423284,Cloud to Ground,50319,0,23
2026-09-17T11:14:35.304289000Z,4.3082,116.638,Cloud to Ground,37909,0,5
2026-09-17T11:14:35.391057328Z,16.029262,119.725232,Cloud to Cloud,-14409,18088,10
2026-09-17T11:14:35.356885743Z,15.798546,119.719885,Cloud to Cloud,-21349,6767,7
2026-09-17T11:14:35.395861477Z,15.991038,119.627439,Cloud to Cloud,21009,19498,8
2026-09-17T11:14:37.313864782Z,16.025851,119.938965,Cloud to Cloud,-12997,19142,7
2026-09-17T11:14:39.793756008Z,16.113734,119.857037,Cloud to Cloud,4919,3009,7
2026-09-17T11:14:40.406365234Z,3.710528,117.267809,Cloud to Ground,-18416,0,7
2026-09-17T11:14:40.028744593Z,3.762072,117.308829,Cloud to Ground,28057,0,17
2026-09-17T11:14:42.129344032Z,5.771148,115.915729,Cloud to Cloud,-8153,14974,7
2026-09-17T11:14:42.152888000Z,5.6803,115.8981,Cloud to Ground,10444,0,8
2026-09-17T11:14:42.048308046Z,5.649015,115.980149,Cloud to Ground,24971,0,7
2026-09-17T11:14:43.144022312Z,11.5067,112.893087,Cloud to Ground,-21526,0,18
2026-09-17T11:14:43.153644229Z,11.414649,112.938784,Cloud to Ground,-72841,0,13
2026-09-17T11:14:43.246849244Z,11.385242,112.936852,Cloud to Ground,-49967,0,12
2026-09-17T11:14:47.975012611Z,5.984127,118.216397,Cloud to Ground,-81348,0,17
2026-09-17T11:14:48.825176000Z,15.9907,119.4327,Cloud to Ground,-35263,0,8
2026-09-17T11:14:49.533440489Z,9.753627,118.045451,Cloud to Cloud,-13314,3054,12
2026-09-17T11:14:49.517357240Z,9.770714,118.132557,Cloud to Ground,20999,0,10
2026-09-17T11:14:51.201053656Z,7.339902,113.992486,Cloud to Cloud,-38874,18745,12
2026-09-17T11:14:51.182704754Z,7.430435,113.974134,Cloud to Ground,-24382,0,8
2026-09-17T11:14:51.182162968Z,7.41883,113.949941,Cloud to Cloud,-11751,3000,7
2026-09-17T11:14:51.921722624Z,6.206582,117.644031,Cloud to Ground,72845,0,8
2026-09-17T11:14:51.968520833Z,6.034943,117.630191,Cloud to Ground,-47339,0,15
2026-09-17T11:14:52.193506736Z,6.005365,117.697266,Cloud to Ground,-19114,0,7
2026-09-17T11:14:52.739689401Z,5.963915,117.722927,Cloud to Cloud,-14393,17188,14
2026-09-17T11:14:52.152767881Z,6.000388,117.593128,Cloud to Cloud,-10987,3874,10
2026-09-17T11:14:52.497028339Z,5.990755,117.531635,Cloud to Cloud,15044,3226,8
2026-09-17T11:14:52.417723886Z,6.005391,117.543915,Cloud to Cloud,15089,4965,8
2026-09-17T11:14:52.019439962Z,5.985791,117.697816,Cloud to Ground,19468,0,13
2026-09-17T11:14:52.303001622Z,6.003621,117.545133,Cloud to Ground,21979,0,10
2026-09-17T11:14:52.184355618Z,6.020505,117.676189,Cloud to Ground,31380,0,12
2026-09-17T11:14:51.061053083Z,4.068746,117.646444,Cloud to Ground,21706,0,13
2026-09-17T11:14:52.876811654Z,6.060278,117.42302,Cloud to Cloud,-11938,7102,8
2026-09-17T11:14:52.110943000Z,6.0775,117.4626,Cloud to Ground,18528,0,6
2026-09-17T11:14:52.080118732Z,4.138851,117.565782,Cloud to Ground,-45692,0,20
2026-09-17T11:14:52.024800565Z,4.127672,117.578126,Cloud to Ground,-29670,0,20
2026-09-17T11:14:52.148157335Z,5.894669,117.793298,Cloud to Cloud,-21438,6557,7
2026-09-17T11:14:55.605457783Z,3.767404,117.312203,Cloud to Ground,-38794,0,16
2026-09-17T11:14:56.554633186Z,3.70843,117.257221,Cloud to Ground,-12729,0,7
2026-09-17T11:14:55.937896848Z,3.714033,117.323744,Cloud to Ground,-11359,0,10
2026-09-17T11:14:55.209153202Z,3.716802,117.368704,Cloud to Ground,12050,0,8
2026-09-17T11:14:55.173183081Z,3.746333,117.32948,Cloud to Ground,18570,0,14
2026-09-17T11:14:56.575218467Z,3.901489,117.33961,Cloud to Ground,-20854,0,19
2026-09-17T11:14:56.592537214Z,3.81986,117.331904,Cloud to Ground,-17038,0,13
2026-09-17T11:14:58.094833426Z,15.229587,119.701417,Cloud to Cloud,16282,3005,8
2026-09-17T11:14:58.099511522Z,15.538814,119.680873,Cloud to Cloud,22731,3955,7
2026-09-17T11:14:58.564455648Z,15.512437,119.606067,Cloud to Ground,25157,0,7
2026-09-17T11:14:58.624518717Z,15.907397,119.637631,Cloud to Cloud,21356,3065,7
2026-09-17T11:14:59.969387092Z,16.204085,119.976503,Cloud to Ground,-11802,0,9
2026-09-17T11:14:59.792071419Z,16.170041,119.872639,Cloud to Cloud,4425,9776,7
2026-09-17T11:15:00.141641000Z,6.7856,118.2103,Cloud to Ground,-3692,0,6
2026-09-17T11:15:01.770648118Z,3.994441,117.585614,Cloud to Ground,16086,0,11
2026-09-17T11:15:01.675435716Z,4.017188,117.579207,Cloud to Ground,18127,0,18
2026-09-17T11:15:04.147180503Z,15.603561,119.595967,Cloud to Cloud,19799,17251,10
2026-09-17T11:15:04.544461446Z,15.483183,119.792256,Cloud to Cloud,-12103,17217,8
2026-09-17T11:15:05.783713647Z,3.79645,117.452644,Cloud to Ground,23900,0,11
2026-09-17T11:15:06.118718354Z,4.844162,112.962701,Cloud to Ground,-26677,0,7
2026-09-17T11:15:06.117773242Z,4.853336,112.968775,Cloud to Ground,23262,0,8
2026-09-17T11:15:06.324544904Z,10.626824,113.042427,Cloud to Ground,-145522,0,16
2026-09-17T11:15:06.315496580Z,10.633948,112.991349,Cloud to Cloud,-63937,15468,8
2026-09-17T11:15:06.505474045Z,10.596753,113.05474,Cloud to Ground,-28370,0,13
2026-09-17T11:15:06.465049231Z,10.584555,113.052756,Cloud to Ground,-25963,0,10
2026-09-17T11:15:06.394028320Z,10.692371,113.086474,Cloud to Ground,10948,0,12
2026-09-17T11:15:06.231495695Z,15.828015,119.75446,Cloud to Cloud,2734,3007,7
2026-09-17T11:15:07.125548864Z,10.673884,113.13739,Cloud to Ground,-26112,0,11
2026-09-17T11:15:08.675033175Z,4.212346,117.546228,Cloud to Ground,29699,0,13
2026-09-17T11:15:08.252651937Z,9.010037,112.941446,Cloud to Ground,-65741,0,15
2026-09-17T11:15:08.359014426Z,9.0582,112.917861,Cloud to Ground,-14182,0,13
2026-09-17T11:15:08.435301814Z,9.009538,112.938242,Cloud to Ground,-13564,0,6
2026-09-17T11:15:08.491428000Z,9.1142,112.7868,Cloud to Ground,-45841,0,15
2026-09-17T11:15:09.361992107Z,11.240109,112.868135,Cloud to Ground,-91177,0,13
2026-09-17T11:15:09.345277697Z,11.200876,112.792978,Cloud to Ground,-19427,0,7
2026-09-17T11:15:09.584180745Z,11.274457,112.842965,Cloud to Cloud,34059,3030,10
2026-09-17T11:15:09.396633907Z,11.251197,112.859298,Cloud to Ground,66524,0,11
2026-09-17T11:15:10.115506060Z,15.893486,119.60014,Cloud to Cloud,13182,5332,9
2026-09-17T11:15:11.859272088Z,6.174264,117.969407,Cloud to Ground,23297,0,7
2026-09-17T11:15:11.688093777Z,15.901785,119.637407,Cloud to Ground,-31513,0,6
2026-09-17T11:15:11.600458000Z,15.8837,119.6017,Cloud to Ground,-28014,0,7
2026-09-17T11:15:12.070448571Z,3.753785,117.462047,Cloud to Ground,-14283,0,9
2026-09-17T11:15:12.162039169Z,3.734735,117.388189,Cloud to Ground,20400,0,11
2026-09-17T11:15:14.573113333Z,5.62761,116.904611,Cloud to Ground,-63858,0,16
2026-09-17T11:15:14.658380511Z,4.451928,117.488073,Cloud to Cloud,-12357,6846,14
2026-09-17T11:15:14.754468561Z,4.02406,117.533883,Cloud to Ground,-13100,0,9
2026-09-17T11:15:15.024193695Z,5.966646,117.675916,Cloud to Cloud,-6529,16890,7
2026-09-17T11:15:16.923993780Z,6.365344,118.195216,Cloud to Cloud,-18476,18931,8
2026-09-17T11:15:16.893166062Z,6.278831,118.221973,Cloud to Ground,-70634,0,14
2026-09-17T11:15:17.258160461Z,6.268367,118.20525,Cloud to Ground,-31258,0,7
2026-09-17T11:15:16.965274168Z,6.25732,118.144354,Cloud to Ground,50405,0,16
2026-09-17T11:15:16.289810982Z,11.416286,117.909072,Cloud to Cloud,-34911,10823,10
2026-09-17T11:15:16.436633493Z,11.421091,117.986217,Cloud to Ground,-16678,0,8
2026-09-17T11:15:17.929897045Z,3.681866,117.274176,Cloud to Ground,23200,0,12
2026-09-17T11:15:17.068283919Z,6.43922,118.116198,Cloud to Ground,33651,0,7
2026-09-17T11:15:17.115972726Z,6.450451,118.129137,Cloud to Ground,35098,0,7
2026-09-17T11:15:19.364667150Z,5.970138,112.953034,Cloud to Ground,-22396,0,10
2026-09-17T11:15:19.773931285Z,6.065756,112.975372,Cloud to Ground,-20817,0,18
2026-09-17T11:15:18.830454691Z,5.921209,112.994618,Cloud to Ground,-20593,0,8
2026-09-17T11:15:18.821903210Z,5.898727,113.001902,Cloud to Ground,-20266,0,9
2026-09-17T11:15:19.042110952Z,5.986557,112.949796,Cloud to Ground,-13100,0,6
2026-09-17T11:15:18.823861018Z,5.867788,112.945257,Cloud to Ground,18625,0,8
2026-09-17T11:15:19.325538125Z,6.001687,112.984568,Cloud to Ground,25922,0,7
2026-09-17T11:15:19.773453060Z,6.100242,113.004615,Cloud to Ground,28251,0,8
2026-09-17T11:15:18.824819928Z,5.846512,112.909869,Cloud to Ground,37845,0,11
2026-09-17T11:15:19.399291480Z,6.032818,112.841125,Cloud to Ground,19559,0,13
2026-09-17T11:15:19.425513950Z,15.863426,119.724006,Cloud to Cloud,-25261,6512,12
2026-09-17T11:15:19.734050364Z,10.858954,112.796533,Cloud to Ground,26235,0,10
2026-09-17T11:15:19.701397121Z,10.890593,112.805169,Cloud to Ground,31351,0,7
2026-09-17T11:15:20.016894252Z,4.050853,117.579955,Cloud to Ground,23487,0,8
2026-09-17T11:15:20.482282985Z,15.623778,120.605195,Cloud to Ground,23499,0,12
2026-09-17T11:15:22.173935414Z,15.925661,119.58199,Cloud to Cloud,-7110,4767,8
2026-09-17T11:15:26.411534005Z,16.322338,119.923174,Cloud to Cloud,-12826,18374,15
2026-09-17T11:15:26.299018033Z,15.944817,119.730227,Cloud to Cloud,20781,10391,10
2026-09-17T11:15:28.941946672Z,2.63504,116.736748,Cloud to Ground,26466,0,15
2026-09-17T11:15:28.353078791Z,15.266666,119.971519,Cloud to Ground,-32095,0,9
2026-09-17T11:15:28.666089991Z,11.977532,120.858238,Cloud to Cloud,-7301,3031,14
2026-09-17T11:15:28.639191694Z,12.054031,120.705801,Cloud to Ground,-53362,0,9
2026-09-17T11:15:28.827301000Z,12.1388,120.7121,Cloud to Ground,-35009,0,5
2026-09-17T11:15:32.084106392Z,11.429736,112.89859,Cloud to Ground,-8578,0,6
2026-09-17T11:15:33.686704139Z,4.435814,117.469153,Cloud to Ground,16039,0,10
2026-09-17T11:15:33.683486164Z,4.39039,117.410504,Cloud to Ground,34358,0,14
2026-09-17T11:15:33.416923334Z,3.707497,117.230109,Cloud to Cloud,7642,3851,7
2026-09-17T11:15:33.138692791Z,3.686234,117.25913,Cloud to Ground,9062,0,10
2026-09-17T11:15:33.886713842Z,11.605029,120.754404,Cloud to Ground,-31672,0,12
2026-09-17T11:15:35.587952149Z,15.955245,119.839796,Cloud to Cloud,-14796,4241,7
2026-09-17T11:15:39.550914965Z,15.910322,119.571968,Cloud to Cloud,-6251,4983,9
2026-09-17T11:15:39.490376456Z,15.907999,119.592379,Cloud to Ground,-6241,0,7
2026-09-17T11:15:39.831017636Z,15.937147,119.549786,Cloud to Cloud,4515,6582,5
2026-09-17T11:15:40.480209064Z,18.159807,114.866451,Cloud to Cloud,11638,3088,10
2026-09-17T11:15:40.750495859Z,18.164411,115.104051,Cloud to Ground,20294,0,7
2026-09-17T11:15:41.176647436Z,18.147571,114.965444,Cloud to Ground,-17666,0,16
2026-09-17T11:15:42.222446242Z,4.180259,117.576204,Cloud to Ground,-17161,0,14
2026-09-17T11:15:42.190599974Z,4.152124,117.550112,Cloud to Ground,13731,0,10
2026-09-17T11:15:42.274165558Z,4.161665,117.597746,Cloud to Ground,22499,0,11
2026-09-17T11:15:44.641956097Z,5.993414,117.634491,Cloud to Ground,23607,0,10
2026-09-17T11:15:44.915999644Z,10.719863,112.834142,Cloud to Ground,16616,0,11
2026-09-17T11:15:44.914330796Z,10.73577,112.838214,Cloud to Ground,19834,0,9
2026-09-17T11:15:44.912376191Z,10.774739,112.833175,Cloud to Ground,68189,0,8
2026-09-17T11:15:44.296030096Z,15.850507,119.711691,Cloud to Cloud,-13528,5499,7
2026-09-17T11:15:45.366244096Z,3.84453,117.398476,Cloud to Ground,13881,0,7
2026-09-17T11:15:46.140357264Z,4.13315,117.663121,Cloud to Ground,22639,0,12
2026-09-17T11:15:46.692368893Z,16.194626,119.774299,Cloud to Cloud,11023,5300,8
2026-09-17T11:15:48.615914599Z,5.699691,117.329865,Cloud to Ground,13929,0,7
2026-09-17T11:15:48.850014021Z,6.298241,118.2102,Cloud to Ground,49933,0,18
2026-09-17T11:15:49.862351300Z,4.039236,117.548475,Cloud to Ground,14825,0,8
2026-09-17T11:15:49.700215066Z,4.080346,117.61388,Cloud to Ground,23630,0,11
2026-09-17T11:15:49.813072426Z,4.076042,117.595261,Cloud to Ground,30010,0,10
2026-09-17T11:15:50.741445894Z,4.177919,117.555139,Cloud to Ground,11985,0,9
2026-09-17T11:15:50.282162725Z,3.74079,117.432015,Cloud to Ground,-13302,0,10
2026-09-17T11:15:51.286677277Z,6.035467,116.377606,Cloud to Ground,16553,0,12
2026-09-17T11:15:51.804903616Z,15.399699,119.541187,Cloud to Ground,35133,0,7
2026-09-17T11:15:52.290157000Z,11.3765,124.4224,Cloud to Ground,-29376,0,6
2026-09-17T11:15:52.472726000Z,11.3398,124.4535,Cloud to Ground,-24619,0,6
2026-09-17T11:15:52.412471000Z,11.4567,124.4962,Cloud to Ground,-18781,0,8
2026-09-17T11:15:52.325516000Z,11.3998,124.4334,Cloud to Ground,-16823,0,6
2026-09-17T11:15:55.828054598Z,4.028275,117.52521,Cloud to Ground,10490,0,9
2026-09-17T11:15:56.306334618Z,4.256629,117.52718,Cloud to Ground,11364,0,10
2026-09-17T11:15:55.865358564Z,4.30389,117.560238,Cloud to Ground,22678,0,19
2026-09-17T11:15:59.264303435Z,15.920634,119.583602,Cloud to Cloud,-6252,14122,9
2026-09-17T11:15:58.923317384Z,15.924938,119.61192,Cloud to Cloud,9264,3014,10
2026-09-17T11:15:58.914090248Z,15.923795,119.532822,Cloud to Ground,17833,0,7
2026-09-17T11:15:58.381718000Z,15.764,119.7085,Cloud to Ground,-18542,0,5
2026-09-17T11:15:59.038891139Z,15.788678,119.522597,Cloud to Ground,25045,0,8
2026-09-17T11:16:01.283106101Z,11.731831,123.884074,Cloud to Ground,-12697,0,6
2026-09-17T11:16:01.123012000Z,11.8725,123.8377,Cloud to Ground,-58247,0,5
2026-09-17T11:16:02.413797508Z,6.055477,117.637257,Cloud to Cloud,-32348,11715,15
2026-09-17T11:16:02.348310000Z,5.9674,117.604,Cloud to Ground,-20159,0,9
2026-09-17T11:16:02.287567878Z,5.904496,117.65737,Cloud to Ground,18436,0,12
2026-09-17T11:16:02.412741935Z,5.991284,117.631803,Cloud to Ground,34664,0,7
2026-09-17T11:16:02.153069013Z,6.092048,117.683698,Cloud to Ground,41662,0,7
2026-09-17T11:16:02.098192752Z,6.106344,117.69361,Cloud to Ground,62616,0,7
2026-09-17T11:16:03.041183538Z,5.865627,117.597572,Cloud to Cloud,12492,14279,7
2026-09-17T11:16:04.809074052Z,4.048563,117.689386,Cloud to Ground,-24519,0,10
2026-09-17T11:16:04.727328998Z,4.018949,117.573424,Cloud to Cloud,20873,4483,12
2026-09-17T11:16:04.861485847Z,6.76427,112.909076,Cloud to Ground,-19835,0,13
2026-09-17T11:16:06.066220369Z,3.880104,117.450324,Cloud to Ground,-19413,0,12
2026-09-17T11:16:06.412146847Z,18.179209,114.99804,Cloud to Ground,33876,0,10
2026-09-17T11:16:09.050646383Z,3.708133,117.312975,Cloud to Ground,10129,0,7
2026-09-17T11:16:10.578454839Z,11.13127,118.665674,Cloud to Ground,65879,0,8
2026-09-17T11:16:11.388877650Z,3.666966,116.701166,Cloud to Ground,-20795,0,17
2026-09-17T11:16:11.682140817Z,4.049663,117.65451,Cloud to Ground,18715,0,8
2026-09-17T11:16:14.319427720Z,6.303399,118.210796,Cloud to Cloud,-46056,15722,12
2026-09-17T11:16:15.120744303Z,6.280849,118.155602,Cloud to Ground,-32099,0,14
2026-09-17T11:16:14.885152202Z,6.262787,118.211257,Cloud to Ground,28446,0,15
2026-09-17T11:16:14.885777769Z,6.226028,118.233335,Cloud to Ground,32128,0,10
2026-09-17T11:16:14.379298877Z,6.351076,118.189073,Cloud to Ground,52822,0,7
2026-09-17T11:16:14.317753600Z,15.746713,119.672956,Cloud to Cloud,26039,16978,10
2026-09-17T11:16:14.114866930Z,15.414732,119.641132,Cloud to Cloud,24376,15343,8
2026-09-17T11:16:14.165723783Z,15.867496,119.614358,Cloud to Cloud,-38462,3000,8
2026-09-17T11:16:15.629061238Z,6.120984,116.184651,Cloud to Cloud,-19791,11381,11
2026-09-17T11:16:16.524063693Z,6.222544,114.14499,Cloud to Ground,99815,0,12
2026-09-17T11:16:18.113272344Z,3.722506,117.380626,Cloud to Ground,14719,0,11
2026-09-17T11:16:17.253261166Z,3.721974,117.373036,Cloud to Ground,27954,0,14
2026-09-17T11:16:17.805278117Z,3.710267,117.316898,Cloud to Ground,33767,0,13
2026-09-17T11:16:17.661620149Z,3.686297,117.376877,Cloud to Ground,58226,0,15
2026-09-17T11:16:17.064104370Z,11.198035,112.789532,Cloud to Ground,32793,0,7
2026-09-17T11:16:17.789169905Z,11.59728,123.995811,Cloud to Ground,-119879,0,15
2026-09-17T11:16:19.679922856Z,7.346165,113.116124,Cloud to Ground,65033,0,8
2026-09-17T11:16:19.536241406Z,7.212943,113.03839,Cloud to Ground,36665,0,12
2026-09-17T11:16:19.585184706Z,7.226972,113.027597,Cloud to Ground,41048,0,13
2026-09-17T11:16:20.527447060Z,4.118929,117.619649,Cloud to Ground,-39881,0,15
2026-09-17T11:16:20.962142502Z,4.158139,117.633011,Cloud to Ground,-36842,0,15
2026-09-17T11:16:20.618436298Z,4.148047,117.622869,Cloud to Ground,-26569,0,26
2026-09-17T11:16:21.304154502Z,4.12797,117.599382,Cloud to Ground,12459,0,10
2026-09-17T11:16:20.569325255Z,7.228963,113.628929,Cloud to Ground,-53907,0,19
2026-09-17T11:16:20.980567550Z,11.112656,112.8815,Cloud to Cloud,19947,11853,8
2026-09-17T11:16:20.987098785Z,11.046519,112.747713,Cloud to Ground,16850,0,8
2026-09-17T11:16:20.979120408Z,11.057828,112.759066,Cloud to Ground,20973,0,10
2026-09-17T11:16:23.046293762Z,3.777291,117.277634,Cloud to Ground,-17074,0,27
2026-09-17T11:16:22.919100567Z,3.7424,117.263835,Cloud to Ground,14021,0,10
2026-09-17T11:16:22.858715034Z,3.738615,117.250602,Cloud to Ground,17718,0,8
2026-09-17T11:16:22.555777992Z,10.778472,112.877581,Cloud to Ground,23493,0,9
2026-09-17T11:16:23.034178809Z,11.710041,123.90486,Cloud to Ground,-7707,0,5
2026-09-17T11:16:25.265805256Z,5.961978,117.647257,Cloud to Ground,-41595,0,20
2026-09-17T11:16:25.369514396Z,5.923782,117.644725,Cloud to Ground,-35538,0,16
2026-09-17T11:16:26.604957978Z,6.180923,123.134112,Cloud to Ground,-23166,0,9
2026-09-17T11:16:27.323696458Z,16.15089,119.886155,Cloud to Ground,-70528,0,13
2026-09-17T11:16:27.414772000Z,16.1991,119.7849,Cloud to Ground,-43270,0,7
2026-09-17T11:16:27.518884313Z,16.166392,119.884823,Cloud to Ground,-18892,0,6
2026-09-17T11:16:27.931305146Z,16.171587,119.806721,Cloud to Ground,-17314,0,7
2026-09-17T11:16:27.547506809Z,16.146901,119.879881,Cloud to Ground,-6904,0,6
2026-09-17T11:16:27.450037000Z,16.337,119.9232,Cloud to Ground,72760,0,5
2026-09-17T11:16:28.435977266Z,7.345323,118.698989,Cloud to Cloud,31099,18093,7
2026-09-17T11:16:28.432427229Z,6.361498,118.470711,Cloud to Cloud,26667,3234,8
2026-09-17T11:16:31.990612308Z,15.422311,121.350172,Cloud to Ground,-43674,0,9
2026-09-17T11:16:32.281135176Z,15.929109,119.583855,Cloud to Ground,-20037,0,7
2026-09-17T11:16:31.964543000Z,15.3308,121.1636,Cloud to Ground,-22801,0,6
2026-09-17T11:16:32.102389784Z,15.393769,121.227148,Cloud to Ground,-18957,0,12
2026-09-17T11:16:31.926797047Z,15.395361,121.259079,Cloud to Ground,-15959,0,10
2026-09-17T11:16:33.871130823Z,4.092212,117.655907,Cloud to Ground,-20213,0,11
2026-09-17T11:16:34.639511200Z,15.95708,119.636959,Cloud to Ground,27181,0,7
2026-09-17T11:16:39.700392121Z,3.74823,117.421731,Cloud to Ground,26608,0,18
2026-09-17T11:16:40.750401360Z,18.02912,114.637686,Cloud to Cloud,-24279,3015,8
2026-09-17T11:16:42.870946593Z,11.411002,121.991508,Cloud to Cloud,10145,5717,12
2026-09-17T11:16:43.283102787Z,11.095605,118.907483,Cloud to Ground,24738,0,9
2026-09-17T11:16:43.270711072Z,15.268399,119.933434,Cloud to Cloud,12475,18371,7
2026-09-17T11:16:45.200527441Z,16.009535,119.577463,Cloud to Ground,-13567,0,9
2026-09-17T11:16:45.053953955Z,16.009786,119.57598,Cloud to Ground,-8611,0,9
2026-09-17T11:16:45.162161000Z,16.0717,119.4814,Cloud to Ground,-36328,0,5
2026-09-17T11:16:45.257072000Z,16.0775,119.5022,Cloud to Ground,12436,0,6
2026-09-17T11:16:47.697938711Z,16.174447,119.72005,Cloud to Cloud,-12612,3007,7
2026-09-17T11:16:47.110957000Z,15.9766,119.5424,Cloud to Ground,-7625,0,5
2026-09-17T11:16:47.128434651Z,15.89779,119.563449,Cloud to Cloud,5912,3005,9
2026-09-17T11:16:48.534710738Z,15.604083,119.598525,Cloud to Ground,-8946,0,10
2026-09-17T11:16:48.951408448Z,15.29439,119.748867,Cloud to Cloud,11507,7706,7
2026-09-17T11:16:49.014535620Z,15.406751,119.64993,Cloud to Cloud,-21864,7283,6
2026-09-17T11:16:50.652553571Z,3.759504,117.288477,Cloud to Ground,23771,0,13
2026-09-17T11:16:50.076893988Z,11.566694,120.323432,Cloud to Ground,-13293,0,10
2026-09-17T11:16:49.749957386Z,11.552949,120.264225,Cloud to Ground,-9011,0,6
2026-09-17T11:16:49.597618925Z,11.549389,120.219354,Cloud to Cloud,5831,13819,6
2026-09-17T11:16:49.726042606Z,11.494571,120.206114,Cloud to Cloud,19949,7312,7
2026-09-17T11:16:52.045473850Z,6.547842,114.594021,Cloud to Ground,-25174,0,14
2026-09-17T11:16:52.593986124Z,6.633137,114.670265,Cloud to Ground,-17405,0,17
2026-09-17T11:16:52.141902125Z,6.674949,114.603512,Cloud to Cloud,10660,16509,7
2026-09-17T11:16:51.976704067Z,6.739112,114.632744,Cloud to Ground,17694,0,8
2026-09-17T11:16:52.277091420Z,6.665406,114.565698,Cloud to Ground,18523,0,9
2026-09-17T11:16:52.206927375Z,6.6302,114.54742,Cloud to Ground,34596,0,10
2026-09-17T11:16:52.589978959Z,6.547346,114.554964,Cloud to Ground,38612,0,10
2026-09-17T11:16:52.087976269Z,6.637485,114.62889,Cloud to Ground,60789,0,18
2026-09-17T11:16:51.879999027Z,6.673005,114.575641,Cloud to Ground,71200,0,9
2026-09-17T11:16:51.175844737Z,11.413288,117.912628,Cloud to Ground,-25857,0,10
2026-09-17T11:16:51.253758210Z,11.445653,117.976066,Cloud to Ground,-20176,0,10
2026-09-17T11:16:54.849593827Z,4.196358,117.515342,Cloud to Ground,14370,0,11
2026-09-17T11:16:55.948930468Z,6.059713,117.663182,Cloud to Ground,40799,0,10
2026-09-17T11:16:56.024236119Z,5.931833,117.6378,Cloud to Cloud,-7811,10067,7
2026-09-17T11:16:56.746474240Z,5.824271,117.582855,Cloud to Ground,13974,0,8
2026-09-17T11:16:56.262819530Z,5.824737,117.679531,Cloud to Ground,15034,0,11
2026-09-17T11:16:55.975594231Z,5.858034,117.595258,Cloud to Ground,16144,0,14
2026-09-17T11:16:56.113999239Z,5.827982,117.585439,Cloud to Ground,21773,0,8
2026-09-17T11:16:56.060068026Z,5.816751,117.606726,Cloud to Ground,31613,0,12
2026-09-17T11:16:56.305172089Z,11.292214,112.90762,Cloud to Ground,20211,0,8
2026-09-17T11:16:59.710125613Z,15.865431,119.603897,Cloud to Cloud,-14077,19735,11
2026-09-17T11:16:59.492668474Z,15.88809,119.589768,Cloud to Cloud,-7093,17584,12
2026-09-17T11:16:59.345334242Z,15.995223,119.962188,Cloud to Cloud,14373,5665,7
2026-09-17T11:17:00.961433502Z,15.864017,119.868988,Cloud to Ground,11955,0,8
2026-09-17T11:17:01.168387752Z,7.360411,113.985297,Cloud to Ground,-35138,0,13
2026-09-17T11:17:01.167512558Z,7.43376,113.976792,Cloud to Ground,-27588,0,9
2026-09-17T11:17:01.193998902Z,7.392861,113.93712,Cloud to Ground,33997,0,7
2026-09-17T11:17:01.697804242Z,7.356784,113.943642,Cloud to Ground,43362,0,9
2026-09-17T11:17:01.176438022Z,7.411609,113.974979,Cloud to Ground,136062,0,16
2026-09-17T11:17:02.044901413Z,7.431883,114.012908,Cloud to Ground,63684,0,8
2026-09-17T11:17:03.799264213Z,3.749091,117.339934,Cloud to Ground,28952,0,23
2026-09-17T11:17:04.347398492Z,6.818171,118.387685,Cloud to Ground,-48713,0,12
2026-09-17T11:17:06.843719773Z,6.689692,123.62106,Cloud to Cloud,12642,5640,7
2026-09-17T11:17:07.497711888Z,15.537629,120.594083,Cloud to Ground,38507,0,9
2026-09-17T11:17:07.697132511Z,11.400549,112.93302,Cloud to Ground,-92771,0,14
2026-09-17T11:17:07.691043346Z,11.37086,112.812176,Cloud to Cloud,-81533,10370,9
2026-09-17T11:17:07.763735151Z,11.362866,112.804515,Cloud to Ground,19210,0,8
2026-09-17T11:17:07.731139000Z,11.474,112.8433,Cloud to Ground,-58623,0,6
2026-09-17T11:17:08.271089922Z,6.68209,123.677053,Cloud to Cloud,7199,5409,10
2026-09-17T11:17:09.428406961Z,16.167539,119.882317,Cloud to Cloud,19466,4988,10
2026-09-17T11:17:09.767871000Z,16.2687,120.0667,Cloud to Ground,13429,0,5
2026-09-17T11:17:10.611568780Z,4.684216,117.410588,Cloud to Cloud,-16525,3027,12
2026-09-17T11:17:10.098884739Z,1.967536,113.302085,Cloud to Ground,24384,0,9
2026-09-17T11:17:10.131018220Z,16.053497,119.98845,Cloud to Ground,-36054,0,10
2026-09-17T11:17:10.386965719Z,16.163516,119.858935,Cloud to Cloud,12195,4268,6
2026-09-17T11:17:10.233860653Z,15.674302,119.900066,Cloud to Cloud,12393,13590,7
2026-09-17T11:17:12.723860414Z,3.773597,117.311995,Cloud to Ground,-42024,0,26
2026-09-17T11:17:12.571203500Z,3.774962,117.316745,Cloud to Ground,-34354,0,15
2026-09-17T11:17:12.532069658Z,3.75211,117.293022,Cloud to Ground,-33156,0,29
2026-09-17T11:17:12.651469168Z,3.756268,117.321886,Cloud to Ground,23702,0,14
2026-09-17T11:17:12.613124000Z,4.0846,117.5577,Cloud to Ground,43356,0,5
2026-09-17T11:17:13.401202570Z,18.170753,114.981968,Cloud to Ground,27010,0,11
2026-09-17T11:17:14.688379663Z,10.695899,113.098592,Cloud to Ground,26199,0,10
2026-09-17T11:17:14.065261534Z,10.614685,113.04057,Cloud to Ground,-62801,0,12
2026-09-17T11:17:14.177323045Z,10.621188,113.025201,Cloud to Ground,-43772,0,10
2026-09-17T11:17:14.102204760Z,10.623642,113.038176,Cloud to Ground,-40736,0,9
2026-09-17T11:17:14.055483627Z,10.630764,112.995117,Cloud to Cloud,-40125,11567,8
2026-09-17T11:17:14.617975067Z,10.61449,113.037678,Cloud to Ground,-32643,0,13
2026-09-17T11:17:14.133322000Z,10.6702,112.8642,Cloud to Ground,50858,0,9
2026-09-17T11:17:15.374940000Z,11.8386,123.9536,Cloud to Ground,-43704,0,5
2026-09-17T11:17:15.624496992Z,11.756929,123.955673,Cloud to Ground,-22154,0,7
2026-09-17T11:17:15.918345034Z,11.751072,123.950336,Cloud to Ground,-6487,0,5
2026-09-17T11:17:15.456590000Z,11.9081,123.8735,Cloud to Ground,-22534,0,6
2026-09-17T11:17:16.880965450Z,11.195821,124.346173,Cloud to Ground,-73105,0,7
2026-09-17T11:17:16.911902000Z,11.4799,124.4954,Cloud to Ground,-9731,0,7
2026-09-17T11:17:16.968769000Z,11.3072,124.4167,Cloud to Ground,-33746,0,5
2026-09-17T11:17:17.411218459Z,4.130021,117.638348,Cloud to Ground,32075,0,14
2026-09-17T11:17:17.656420159Z,3.811596,117.342795,Cloud to Ground,22609,0,12
2026-09-17T11:17:17.256319614Z,18.180766,115.001852,Cloud to Ground,39613,0,8
2026-09-17T11:17:19.137446207Z,6.051124,113.006527,Cloud to Ground,-22069,0,10
2026-09-17T11:17:19.023379997Z,6.05997,113.039851,Cloud to Ground,17596,0,8
2026-09-17T11:17:19.020272716Z,6.082181,113.032596,Cloud to Ground,25278,0,11
2026-09-17T11:17:19.018453389Z,6.061395,113.073614,Cloud to Ground,26473,0,10
2026-09-17T11:17:19.471170164Z,5.933583,113.036091,Cloud to Ground,-27201,0,10
2026-09-17T11:17:19.465290933Z,7.230224,119.824471,Cloud to Ground,-60226,0,13
2026-09-17T11:17:19.520629123Z,7.281095,119.677581,Cloud to Cloud,-57826,16449,16
2026-09-17T11:17:19.361900701Z,7.141892,119.746295,Cloud to Ground,-57044,0,16
2026-09-17T11:17:19.415303800Z,7.149352,119.657743,Cloud to Cloud,-31992,15272,9
2026-09-17T11:17:19.431499526Z,7.151565,119.655279,Cloud to Ground,-27105,0,11
2026-09-17T11:17:22.393926347Z,4.43627,117.402794,Cloud to Ground,23193,0,11
2026-09-17T11:17:22.393510622Z,4.440294,117.454339,Cloud to Ground,61858,0,24
2026-09-17T11:17:23.018557768Z,6.341356,123.252812,Cloud to Ground,-40298,0,23
2026-09-17T11:17:23.299835697Z,15.88906,119.643397,Cloud to Cloud,4090,3011,7
2026-09-17T11:17:24.331311675Z,6.416596,118.132767,Cloud to Ground,71042,0,8
2026-09-17T11:17:24.082526134Z,6.29783,118.198769,Cloud to Ground,-172269,0,16
2026-09-17T11:17:24.256331658Z,6.268452,118.165515,Cloud to Ground,-45208,0,16
2026-09-17T11:17:24.463284887Z,6.278057,118.161991,Cloud to Ground,-30545,0,26
2026-09-17T11:17:24.378450674Z,6.358816,118.230029,Cloud to Ground,-20124,0,21
2026-09-17T11:17:24.182683306Z,6.245927,118.165827,Cloud to Cloud,-9317,14759,6
2026-09-17T11:17:24.126633689Z,6.252203,118.095794,Cloud to Cloud,15837,9160,8
2026-09-17T11:17:24.156798000Z,6.2094,118.1051,Cloud to Ground,23438,0,5
2026-09-17T11:17:24.178120832Z,6.261164,118.105584,Cloud to Ground,30902,0,7
2026-09-17T11:17:24.128285449Z,6.260579,118.223238,Cloud to Ground,52129,0,16
2026-09-17T11:17:24.562836812Z,6.223026,118.126048,Cloud to Ground,79723,0,16
2026-09-17T11:17:25.965362801Z,4.422118,116.970208,Cloud to Cloud,-26727,16966,16
2026-09-17T11:17:27.456240569Z,3.720513,117.360432,Cloud to Ground,17378,0,10
2026-09-17T11:17:27.991115402Z,3.729504,117.390217,Cloud to Ground,22194,0,20
2026-09-17T11:17:28.140863910Z,11.019419,112.835707,Cloud to Ground,-41625,0,10
2026-09-17T11:17:28.672856806Z,11.019969,112.842375,Cloud to Ground,-31134,0,9
2026-09-17T11:17:28.131787318Z,10.965196,112.690119,Cloud to Cloud,-23108,3019,9
2026-09-17T11:17:28.131346936Z,10.994849,112.730523,Cloud to Cloud,-21329,10567,8
2026-09-17T11:17:28.172260026Z,11.032411,112.723478,Cloud to Cloud,-17460,3011,7
2026-09-17T11:17:30.312363379Z,4.025167,117.639206,Cloud to Ground,18363,0,16
2026-09-17T11:17:30.663750086Z,15.909491,119.765024,Cloud to Cloud,-4622,5757,9
2026-09-17T11:17:31.665331843Z,15.891739,119.731285,Cloud to Ground,-7017,0,7
2026-09-17T11:17:31.282527548Z,15.863863,119.635285,Cloud to Ground,-107197,0,12
2026-09-17T11:17:31.401920544Z,15.859119,119.624185,Cloud to Ground,-24130,0,11
2026-09-17T11:17:30.619622704Z,15.897595,119.622768,Cloud to Ground,18777,0,12
2026-09-17T11:17:31.712550000Z,15.9668,119.5968,Cloud to Ground,-15023,0,7
2026-09-17T11:17:32.272585921Z,4.851091,112.946033,Cloud to Ground,32807,0,7
2026-09-17T11:17:32.278097047Z,4.91335,112.896035,Cloud to Ground,34966,0,7
2026-09-17T11:17:32.274537335Z,4.8977,112.87268,Cloud to Ground,35443,0,14
2026-09-17T11:17:36.288432288Z,8.120022,117.28872,Cloud to Ground,37244,0,17
2026-09-17T11:17:36.121007929Z,15.78604,120.073342,Cloud to Cloud,-3395,17990,7
2026-09-17T11:17:36.516871745Z,11.885478,120.690387,Cloud to Cloud,18283,3029,12
2026-09-17T11:17:37.002887612Z,10.998836,118.73205,Cloud to Ground,25818,0,10
2026-09-17T11:17:38.986001221Z,3.863015,117.396424,Cloud to Ground,-25473,0,16
2026-09-17T11:17:38.421597268Z,3.857472,117.412544,Cloud to Ground,17216,0,11
2026-09-17T11:17:38.665059140Z,16.005245,119.594831,Cloud to Cloud,-5975,17178,6
2026-09-17T11:17:38.862932263Z,16.056097,119.625192,Cloud to Ground,24416,0,8
2026-09-17T11:17:38.102706000Z,16.2128,119.6651,Cloud to Ground,81176,0,7
2026-09-17T11:17:38.459498636Z,15.497116,119.61288,Cloud to Cloud,18741,16082,7
2026-09-17T11:17:38.587344000Z,15.6218,119.3418,Cloud to Ground,-21362,0,5
2026-09-17T11:17:40.277043302Z,5.865444,117.64449,Cloud to Ground,-27938,0,28
2026-09-17T11:17:40.350083985Z,5.846972,117.611254,Cloud to Ground,13497,0,8
2026-09-17T11:17:40.045469219Z,5.868745,117.626143,Cloud to Ground,20715,0,12
2026-09-17T11:17:39.897776117Z,5.891022,117.713553,Cloud to Ground,31494,0,22
2026-09-17T11:17:40.135184008Z,5.861942,117.610613,Cloud to Ground,37604,0,8
2026-09-17T11:17:39.928768725Z,5.891542,117.718693,Cloud to Ground,56618,0,18
2026-09-17T11:17:40.000465469Z,5.95462,117.683347,Cloud to Ground,71230,0,8
2026-09-17T11:17:39.839083091Z,5.89096,117.7237,Cloud to Ground,115129,0,20
2026-09-17T11:17:40.888440769Z,4.216845,117.567692,Cloud to Ground,15087,0,13
2026-09-17T11:17:43.766344318Z,11.220992,112.791419,Cloud to Ground,30380,0,7
2026-09-17T11:17:44.587960974Z,4.290115,117.488369,Cloud to Ground,24034,0,20
2026-09-17T11:17:44.922420613Z,3.874444,117.35349,Cloud to Ground,18271,0,11
2026-09-17T11:17:44.955440525Z,3.768071,117.32295,Cloud to Ground,-38574,0,19
2026-09-17T11:17:45.058905497Z,3.750237,117.302746,Cloud to Cloud,-31549,4092,25
2026-09-17T11:17:45.346886053Z,3.730755,117.355611,Cloud to Ground,29096,0,12
2026-09-17T11:17:44.359546088Z,18.139485,114.93506,Cloud to Ground,-11799,0,9
2026-09-17T11:17:45.741827611Z,15.406835,119.628553,Cloud to Ground,-17418,0,10
2026-09-17T11:17:48.287940430Z,16.015381,119.867267,Cloud to Cloud,-19374,18427,7
2026-09-17T11:17:48.911479309Z,15.797229,119.713368,Cloud to Cloud,19209,4126,7
2026-09-17T11:17:48.758915581Z,16.054745,119.692208,Cloud to Ground,-7104,0,7
2026-09-17T11:17:48.906363232Z,15.938306,119.750625,Cloud to Ground,-9656,0,7
2026-09-17T11:17:49.529608029Z,15.896949,119.561307,Cloud to Cloud,5480,3006,10
2026-09-17T11:17:49.562836379Z,15.880485,119.504928,Cloud to Cloud,5748,3733,7
2026-09-17T11:17:49.523676867Z,15.894765,119.541709,Cloud to Cloud,12079,7552,11
2026-09-17T11:17:52.614555737Z,3.733678,117.308284,Cloud to Ground,13835,0,10
2026-09-17T11:17:52.650804970Z,15.406202,121.24969,Cloud to Ground,-58560,0,9
2026-09-17T11:17:53.375797739Z,5.945844,117.670553,Cloud to Cloud,-9288,8610,7
2026-09-17T11:17:53.372672987Z,5.886587,117.647406,Cloud to Ground,12990,0,11
2026-09-17T11:17:53.074765293Z,15.107231,119.627867,Cloud to Cloud,19290,3005,7
2026-09-17T11:17:53.083782895Z,15.483991,119.656339,Cloud to Ground,16062,0,6
2026-09-17T11:17:53.700368000Z,6.8073,118.172,Cloud to Ground,23916,0,6
2026-09-17T11:17:55.280600341Z,6.676309,112.927085,Cloud to Ground,15857,0,8
2026-09-17T11:17:54.750448749Z,6.699426,112.937851,Cloud to Ground,22688,0,7
2026-09-17T11:17:55.244713069Z,6.760164,113.020746,Cloud to Cloud,-9991,15988,8
2026-09-17T11:17:56.282130628Z,6.572166,114.504885,Cloud to Ground,-16002,0,7
2026-09-17T11:17:56.393780090Z,6.712401,114.610691,Cloud to Ground,26941,0,9
2026-09-17T11:17:56.308518963Z,6.708877,114.616436,Cloud to Ground,72892,0,12
2026-09-17T11:17:56.421481472Z,6.217509,123.325805,Cloud to Ground,-51954,0,13
2026-09-17T11:17:56.334570169Z,6.194563,123.333514,Cloud to Ground,-37339,0,15
2026-09-17T11:17:58.592069387Z,16.168338,119.862619,Cloud to Cloud,3980,7734,6
2026-09-17T11:17:58.809329764Z,15.992015,119.94248,Cloud to Cloud,-9613,17573,8
2026-09-17T11:18:00.047625962Z,4.002674,117.572279,Cloud to Cloud,-17851,5187,23
2026-09-17T11:18:00.521363582Z,15.902185,119.66992,Cloud to Ground,-29057,0,10
2026-09-17T11:18:00.497927842Z,15.945303,119.73031,Cloud to Ground,-18733,0,6
2026-09-17T11:18:00.409395000Z,15.9326,119.3688,Cloud to Ground,-18919,0,6
2026-09-17T11:18:02.738437621Z,5.744194,115.953635,Cloud to Ground,-18849,0,7
2026-09-17T11:18:02.741308044Z,5.72306,115.883776,Cloud to Cloud,-16188,5777,7
2026-09-17T11:18:02.577798339Z,5.701235,115.855128,Cloud to Ground,25676,0,8
2026-09-17T11:18:02.545025170Z,5.723026,115.955254,Cloud to Ground,84163,0,35
2026-09-17T11:18:03.227454101Z,4.69892,117.42645,Cloud to Ground,30227,0,24
2026-09-17T11:18:03.344698058Z,15.881606,119.675958,Cloud to Cloud,-4118,4897,8
2026-09-17T11:18:03.283615442Z,15.915144,119.628668,Cloud to Cloud,3858,3024,8
2026-09-17T11:18:04.545908674Z,3.98645,117.660671,Cloud to Ground,12688,0,10
2026-09-17T11:18:05.355556799Z,15.871428,119.603053,Cloud to Ground,-34440,0,14
2026-09-17T11:18:05.443546447Z,15.863229,119.606747,Cloud to Ground,-19371,0,11
2026-09-17T11:18:05.590620000Z,16.0518,119.7098,Cloud to Ground,88980,0,5
2026-09-17T11:18:05.444026382Z,15.68579,119.700294,Cloud to Cloud,-16086,4283,9
2026-09-17T11:18:06.922934346Z,6.652182,112.86533,Cloud to Ground,19723,0,7
2026-09-17T11:18:06.908296424Z,6.669279,112.826214,Cloud to Ground,23469,0,18
2026-09-17T11:18:06.976211433Z,12.08573,120.772513,Cloud to Ground,-24609,0,7
2026-09-17T11:18:06.956885923Z,12.115766,120.763356,Cloud to Ground,-10387,0,7
2026-09-17T11:18:06.386502126Z,15.847626,119.747741,Cloud to Ground,-37611,0,14
2026-09-17T11:18:06.153996277Z,15.845949,119.73694,Cloud to Ground,-27166,0,9
2026-09-17T11:18:06.592611945Z,15.907649,119.76291,Cloud to Cloud,16367,11936,7
2026-09-17T11:18:07.199333526Z,5.495997,116.88474,Cloud to Ground,17572,0,11
2026-09-17T11:18:07.172418217Z,5.486619,116.878039,Cloud to Ground,21536,0,12
2026-09-17T11:18:08.811557038Z,15.990456,119.579409,Cloud to Ground,-19692,0,7
2026-09-17T11:18:08.727469918Z,16.002992,119.597468,Cloud to Ground,-19355,0,10
2026-09-17T11:18:11.638036784Z,3.74796,117.302207,Cloud to Ground,-30353,0,20
2026-09-17T11:18:14.702526048Z,3.68374,117.388083,Cloud to Ground,-11591,0,8
2026-09-17T11:18:15.516837363Z,11.538256,123.95428,Cloud to Cloud,-26351,13087,10
2026-09-17T11:18:15.800697711Z,11.518537,123.992168,Cloud to Ground,-25545,0,7
2026-09-17T11:18:15.587800000Z,11.6947,123.933,Cloud to Ground,-32286,0,10
2026-09-17T11:18:16.654837331Z,7.127059,113.670744,Cloud to Cloud,-30811,3202,11
2026-09-17T11:18:17.897580693Z,6.293395,118.214932,Cloud to Ground,52576,0,15
2026-09-17T11:18:17.545490464Z,9.019899,112.953559,Cloud to Ground,-169382,0,10
2026-09-17T11:18:17.541506573Z,9.001251,112.844808,Cloud to Ground,-148185,0,15
2026-09-17T11:18:17.655424000Z,11.9836,123.9676,Cloud to Ground,-22602,0,7
2026-09-17T11:18:18.321007579Z,11.721754,121.063672,Cloud to Cloud,-35160,3009,10
2026-09-17T11:18:18.318786160Z,11.764244,121.093778,Cloud to Ground,54919,0,12
2026-09-17T11:18:18.888903643Z,15.995796,119.962973,Cloud to Ground,26167,0,7
2026-09-17T11:18:18.771379490Z,16.125153,119.870483,Cloud to Ground,-21444,0,8
2026-09-17T11:18:21.423849893Z,15.217325,119.648935,Cloud to Ground,18631,0,7
2026-09-17T11:18:22.833957972Z,18.143376,114.841441,Cloud to Cloud,10071,3048,10
2026-09-17T11:18:22.797657492Z,18.154543,115.017126,Cloud to Ground,-21755,0,8
2026-09-17T11:18:22.685047762Z,18.163119,114.974222,Cloud to Ground,170381,0,9
2026-09-17T11:18:23.240959679Z,18.262176,114.967192,Cloud to Ground,-19937,0,18
2026-09-17T11:18:23.811448885Z,6.727706,112.872134,Cloud to Ground,31614,0,9
2026-09-17T11:18:25.259130429Z,6.187658,123.345263,Cloud to Ground,24522,0,18
2026-09-17T11:18:25.605152897Z,15.895171,119.561169,Cloud to Cloud,10172,6898,9
2026-09-17T11:18:25.596253349Z,16.400336,119.925656,Cloud to Ground,13306,0,9
2026-09-17T11:18:26.290208734Z,6.417663,118.133363,Cloud to Ground,21772,0,10
2026-09-17T11:18:26.516099785Z,6.31816,118.169955,Cloud to Cloud,-30294,3732,26
2026-09-17T11:18:26.180237633Z,6.324586,118.158177,Cloud to Ground,-15115,0,22
2026-09-17T11:18:27.279011000Z,6.3451,118.0772,Cloud to Ground,10056,0,5
2026-09-17T11:18:27.036156809Z,6.275938,118.111158,Cloud to Ground,28118,0,7
2026-09-17T11:18:28.036295423Z,4.698503,117.4289,Cloud to Cloud,-12606,5657,9
2026-09-17T11:18:28.333793259Z,3.864848,117.432832,Cloud to Ground,15791,0,20
2026-09-17T11:18:28.361203850Z,3.831133,117.451075,Cloud to Ground,30562,0,12
2026-09-17T11:18:28.285226366Z,3.846105,117.419898,Cloud to Ground,32804,0,17
2026-09-17T11:18:28.422013149Z,3.825058,117.454088,Cloud to Ground,44703,0,23
2026-09-17T11:18:28.106059996Z,3.727591,117.32277,Cloud to Cloud,-17342,12335,18
2026-09-17T11:18:28.599653475Z,3.749882,117.328998,Cloud to Ground,18563,0,6
2026-09-17T11:18:29.321069379Z,1.962549,113.447785,Cloud to Ground,36723,0,15
2026-09-17T11:18:31.615983518Z,15.764558,119.691333,Cloud to Ground,-14359,0,7
2026-09-17T11:18:31.518071639Z,15.862658,119.626944,Cloud to Ground,-69617,0,16
2026-09-17T11:18:32.365835747Z,15.852485,119.629391,Cloud to Ground,-54285,0,15
2026-09-17T11:18:31.689221876Z,15.856881,119.632785,Cloud to Ground,-36059,0,13
2026-09-17T11:18:32.370694961Z,15.906973,119.685569,Cloud to Cloud,-15012,11211,16
2026-09-17T11:18:32.512327418Z,15.941413,119.695911,Cloud to Cloud,-13999,5347,11
2026-09-17T11:18:31.467557703Z,15.87308,119.592871,Cloud to Cloud,10153,3060,7
2026-09-17T11:18:32.316423000Z,16.063,119.5877,Cloud to Ground,52100,0,5
2026-09-17T11:18:34.791559355Z,16.147745,119.915279,Cloud to Ground,-11367,0,7
2026-09-17T11:18:34.371699000Z,8.6289,130.1101,Cloud to Ground,-11914,0,9
2026-09-17T11:18:35.170941902Z,4.912269,112.98005,Cloud to Ground,28103,0,9
2026-09-17T11:18:37.722215000Z,7.7926,118.6836,Cloud to Ground,13896,0,8
2026-09-17T11:18:40.177749408Z,12.063013,120.688453,Cloud to Cloud,5630,15201,6
2026-09-17T11:18:41.415172685Z,6.735288,112.974138,Cloud to Ground,14043,0,7
2026-09-17T11:18:41.920961149Z,15.863406,119.627392,Cloud to Ground,-13417,0,7
2026-09-17T11:18:41.551366446Z,15.741398,119.606029,Cloud to Cloud,10646,7412,8
2026-09-17T11:18:42.528991963Z,4.077815,117.605283,Cloud to Ground,-38962,0,17
2026-09-17T11:18:42.473870985Z,4.089157,117.593502,Cloud to Ground,-38363,0,23
2026-09-17T11:18:42.785072795Z,4.04825,117.622732,Cloud to Cloud,-19516,16709,14
2026-09-17T11:18:42.461793827Z,3.783071,117.324891,Cloud to Cloud,-14334,3042,16
2026-09-17T11:18:42.416739478Z,3.732499,117.346669,Cloud to Ground,71623,0,13
2026-09-17T11:18:43.239475185Z,9.768072,118.044253,Cloud to Ground,16406,0,8
2026-09-17T11:18:46.579972226Z,3.712498,117.285773,Cloud to Ground,12369,0,6
2026-09-17T11:18:46.894135764Z,3.739467,117.380633,Cloud to Ground,18716,0,15
2026-09-17T11:18:47.840016707Z,6.177795,118.208531,Cloud to Ground,-18728,0,14
2026-09-17T11:18:47.514356016Z,10.675341,112.910004,Cloud to Ground,-11333,0,7
2026-09-17T11:18:47.508306591Z,10.680779,112.870244,Cloud to Ground,22492,0,8
2026-09-17T11:18:47.519758418Z,10.685566,112.89773,Cloud to Ground,24214,0,8
2026-09-17T11:18:47.509734689Z,10.661632,112.894221,Cloud to Ground,67496,0,9
2026-09-17T11:18:47.879330352Z,10.711337,113.009316,Cloud to Ground,-17163,0,8
2026-09-17T11:18:47.506646932Z,10.758243,113.049538,Cloud to Ground,-12607,0,7
2026-09-17T11:18:48.227595556Z,11.616572,123.942235,Cloud to Cloud,4919,16482,5
2026-09-17T11:18:48.223172343Z,11.615767,123.945872,Cloud to Cloud,6181,15505,5
2026-09-17T11:18:48.143465838Z,11.654088,120.302636,Cloud to Ground,23170,0,12
2026-09-17T11:18:48.237750000Z,11.7445,120.1488,Cloud to Ground,30134,0,7
2026-09-17T11:18:49.695092155Z,15.306457,120.067296,Cloud to Ground,-26454,0,10
2026-09-17T11:18:49.971460370Z,15.308931,120.063202,Cloud to Ground,-17348,0,10
2026-09-17T11:18:49.629856794Z,15.273683,119.96857,Cloud to Ground,-29219,0,12
2026-09-17T11:18:49.992294015Z,15.273683,119.959837,Cloud to Ground,-9287,0,9
2026-09-17T11:18:50.053080975Z,15.269977,119.969251,Cloud to Ground,-9207,0,8
2026-09-17T11:18:49.787517566Z,15.26929,119.958501,Cloud to Ground,-7556,0,9
2026-09-17T11:18:53.890284637Z,15.76399,119.763546,Cloud to Cloud,7138,15035,9
2026-09-17T11:18:54.038903748Z,15.860288,119.619646,Cloud to Cloud,-15358,19491,6
2026-09-17T11:18:56.649968093Z,4.637444,117.390301,Cloud to Ground,52746,0,12
2026-09-17T11:18:56.025175326Z,15.320992,119.715105,Cloud to Cloud,20252,3002,8
2026-09-17T11:18:56.577779047Z,15.401609,121.246999,Cloud to Ground,-56233,0,10
2026-09-17T11:18:56.691532617Z,15.349704,121.235889,Cloud to Ground,-28664,0,7
2026-09-17T11:18:56.905824049Z,15.403983,121.245134,Cloud to Ground,-27555,0,10
2026-09-17T11:18:56.780176509Z,15.365182,121.214053,Cloud to Ground,-18941,0,10
2026-09-17T11:18:56.618215871Z,15.403893,121.251715,Cloud to Ground,-15720,0,11
2026-09-17T11:18:57.397182255Z,14.523807,122.26175,Cloud to Ground,-83088,0,16
2026-09-17T11:18:57.505604000Z,14.4519,122.2182,Cloud to Ground,-17064,0,7
2026-09-17T11:18:57.435775570Z,14.50221,122.281271,Cloud to Ground,-9277,0,5
2026-09-17T11:18:57.392258562Z,14.497716,122.295326,Cloud to Ground,36621,0,8
2026-09-17T11:18:57.426999000Z,14.4146,122.1231,Cloud to Ground,-6215,0,8
2026-09-17T11:18:57.980670566Z,5.662744,118.177014,Cloud to Cloud,-149484,19015,27
2026-09-17T11:18:58.018625388Z,5.724481,118.153715,Cloud to Ground,-94779,0,16
2026-09-17T11:18:59.176700318Z,5.830895,117.387541,Cloud to Cloud,12655,3173,7
2026-09-17T11:18:59.399270147Z,11.393094,112.815044,Cloud to Ground,30154,0,9
2026-09-17T11:18:59.403085961Z,11.481897,112.667683,Cloud to Ground,26706,0,6
2026-09-17T11:18:59.468959502Z,11.431106,112.900748,Cloud to Ground,19966,0,10
2026-09-17T11:19:00.023515377Z,11.231566,124.410236,Cloud to Ground,-90357,0,21
2026-09-17T11:19:01.711896273Z,5.975683,117.61865,Cloud to Ground,21180,0,7
2026-09-17T11:19:01.605713013Z,11.320163,124.336546,Cloud to Ground,-41141,0,27
2026-09-17T11:19:01.293425865Z,15.84541,119.559085,Cloud to Ground,-50192,0,13
2026-09-17T11:19:01.399634081Z,15.857685,119.643478,Cloud to Ground,-30239,0,7
2026-09-17T11:19:01.619303774Z,15.821727,119.549604,Cloud to Ground,-8673,0,7
2026-09-17T11:19:01.588045000Z,15.9228,119.4742,Cloud to Ground,43586,0,8
2026-09-17T11:19:02.350568947Z,15.821961,119.67444,Cloud to Ground,33990,0,8
2026-09-17T11:19:02.230651000Z,15.8429,119.3452,Cloud to Ground,-31539,0,6
2026-09-17T11:19:04.831520540Z,16.974124,119.966525,Cloud to Cloud,11485,5994,7
2026-09-17T11:19:05.445724472Z,6.234008,123.354157,Cloud to Ground,-32775,0,8
2026-09-17T11:19:05.219654928Z,4.538805,117.44842,Cloud to Ground,-38066,0,15
2026-09-17T11:19:05.382309066Z,3.804414,117.404491,Cloud to Ground,-18076,0,9
2026-09-17T11:19:05.769249506Z,15.782572,119.714711,Cloud to Cloud,17952,3961,10
2026-09-17T11:19:05.663025573Z,15.873162,119.616304,Cloud to Cloud,3952,7932,5
2026-09-17T11:19:05.622968641Z,15.871939,119.615069,Cloud to Cloud,4526,5584,5
2026-09-17T11:19:05.756087685Z,15.871919,119.621278,Cloud to Ground,25818,0,10
2026-09-17T11:19:06.026458250Z,15.884766,119.593174,Cloud to Ground,26941,0,7
2026-09-17T11:19:08.834023906Z,6.145743,114.079333,Cloud to Cloud,-14687,6581,6
2026-09-17T11:19:08.816411251Z,6.191472,114.123678,Cloud to Cloud,37602,8743,9
2026-09-17T11:19:08.811867331Z,6.158993,114.164036,Cloud to Ground,48557,0,7
2026-09-17T11:19:09.680497573Z,6.298736,118.226327,Cloud to Ground,-42516,0,13
2026-09-17T11:19:09.775037369Z,6.272771,118.135984,Cloud to Ground,-33366,0,19
2026-09-17T11:19:09.924970069Z,6.283862,118.148388,Cloud to Cloud,-21283,3304,9
2026-09-17T11:19:09.898327469Z,6.241622,118.088195,Cloud to Cloud,17357,4064,10
2026-09-17T11:19:09.214834396Z,3.94321,117.467184,Cloud to Cloud,-19824,17630,10
2026-09-17T11:19:09.673294224Z,3.920144,117.402569,Cloud to Cloud,-17439,5541,10
2026-09-17T11:19:09.659622983Z,3.855024,117.432878,Cloud to Ground,-16097,0,16
2026-09-17T11:19:10.267096290Z,15.903805,119.688362,Cloud to Ground,-15709,0,8
2026-09-17T11:19:10.340954097Z,15.872666,119.573277,Cloud to Ground,-22764,0,10
2026-09-17T11:19:10.246608344Z,15.87079,119.584493,Cloud to Ground,-22014,0,11
2026-09-17T11:19:10.400328647Z,15.745423,119.734489,Cloud to Cloud,-22264,3558,7
2026-09-17T11:19:11.920943949Z,15.693958,121.218123,Cloud to Cloud,10113,3000,10
2026-09-17T11:19:11.909522945Z,15.687394,121.256846,Cloud to Cloud,12832,5652,10
2026-09-17T11:19:12.339459980Z,16.115575,119.723248,Cloud to Cloud,-9669,16601,10
2026-09-17T11:19:14.539941256Z,6.674959,112.843747,Cloud to Cloud,11372,3002,7
2026-09-17T11:19:13.928162759Z,6.679465,112.851685,Cloud to Ground,33366,0,10
2026-09-17T11:19:13.991262366Z,15.866455,119.709248,Cloud to Cloud,-26696,19972,12
2026-09-17T11:19:13.502609073Z,16.023511,119.586604,Cloud to Ground,-30298,0,12
2026-09-17T11:19:13.318202573Z,16.02814,119.563701,Cloud to Ground,-23884,0,11
2026-09-17T11:19:14.168340289Z,16.107696,119.552727,Cloud to Ground,-21517,0,11
2026-09-17T11:19:13.445888966Z,16.026494,119.589298,Cloud to Ground,-20473,0,9
2026-09-17T11:19:13.831611927Z,15.984292,119.548352,Cloud to Ground,35921,0,10
2026-09-17T11:19:13.493434674Z,11.326007,117.895893,Cloud to Cloud,-21156,13654,7
2026-09-17T11:19:13.506194257Z,11.423924,117.89414,Cloud to Ground,-51914,0,12
2026-09-17T11:19:13.598397136Z,11.386421,117.975256,Cloud to Ground,-25034,0,7
2026-09-17T11:19:13.560466661Z,11.450356,117.983434,Cloud to Cloud,-12919,3117,8
2026-09-17T11:19:14.057931279Z,6.728686,112.957025,Cloud to Ground,-11497,0,8
2026-09-17T11:19:14.975607456Z,15.292088,119.705015,Cloud to Cloud,18807,12682,13
2026-09-17T11:19:14.074886000Z,16.2559,119.5456,Cloud to Ground,108794,0,8
2026-09-17T11:19:16.953192020Z,7.290009,113.85371,Cloud to Ground,-42289,0,11
2026-09-17T11:19:16.953687365Z,7.288942,113.854232,Cloud to Ground,-34046,0,10
2026-09-17T11:19:17.442332332Z,7.346328,113.934488,Cloud to Ground,40683,0,8
2026-09-17T11:19:17.512167846Z,7.409735,113.987597,Cloud to Ground,44606,0,12
2026-09-17T11:19:17.377224824Z,7.413265,113.989322,Cloud to Ground,45927,0,7
2026-09-17T11:19:16.959517560Z,7.402513,113.975679,Cloud to Ground,156451,0,11
2026-09-17T11:19:17.391638054Z,11.229191,112.868452,Cloud to Ground,-63460,0,10
2026-09-17T11:19:20.515296031Z,15.949173,119.691377,Cloud to Ground,18376,0,7
2026-09-17T11:19:24.638284105Z,6.785199,112.909269,Cloud to Ground,31710,0,6
2026-09-17T11:19:24.643193614Z,6.89443,113.020247,Cloud to Cloud,-14726,17505,12
2026-09-17T11:19:24.640606041Z,6.829073,113.014735,Cloud to Ground,-13858,0,6
2026-09-17T11:19:26.594219747Z,15.844426,119.614754,Cloud to Cloud,9014,6954,10
2026-09-17T11:19:28.464792181Z,4.201202,117.538817,Cloud to Cloud,-9445,3024,7
2026-09-17T11:19:28.949804674Z,18.179589,114.993993,Cloud to Ground,15942,0,8
2026-09-17T11:19:29.617013597Z,18.215057,115.231051,Cloud to Ground,44213,0,18
2026-09-17T11:19:29.765292902Z,18.174412,114.99384,Cloud to Cloud,5118,3171,7
2026-09-17T11:19:30.457763707Z,6.259197,123.238572,Cloud to Ground,-31991,0,11
2026-09-17T11:19:31.821367089Z,4.943415,112.902289,Cloud to Ground,-52613,0,11
2026-09-17T11:19:31.966201486Z,4.927683,112.98223,Cloud to Ground,-34803,0,19
2026-09-17T11:19:31.871202832Z,4.954119,112.999772,Cloud to Ground,-27566,0,9
2026-09-17T11:19:31.877878317Z,4.907958,112.963935,Cloud to Ground,-25747,0,16
2026-09-17T11:19:31.964330978Z,4.937174,113.043394,Cloud to Ground,27760,0,9
2026-09-17T11:19:32.012032831Z,3.973201,117.643635,Cloud to Ground,14697,0,12
2026-09-17T11:19:32.662940002Z,4.402046,117.489825,Cloud to Ground,120520,0,23
2026-09-17T11:19:33.942050871Z,16.052905,119.549792,Cloud to Cloud,-11658,7269,10
2026-09-17T11:19:33.180567228Z,15.890747,119.614263,Cloud to Ground,-42066,0,12
2026-09-17T11:19:33.467828000Z,15.953,119.5579,Cloud to Ground,-42051,0,5
2026-09-17T11:19:33.376339771Z,15.894167,119.606483,Cloud to Ground,-28540,0,12
2026-09-17T11:19:34.040216652Z,15.882688,119.649669,Cloud to Cloud,-18851,9097,12
2026-09-17T11:19:34.137182225Z,15.895491,119.592534,Cloud to Ground,-15403,0,9
2026-09-17T11:19:33.562895071Z,15.89425,119.591829,Cloud to Ground,-13209,0,8
2026-09-17T11:19:34.232001509Z,15.89205,119.581592,Cloud to Ground,-7233,0,6
2026-09-17T11:19:33.468661293Z,15.873185,119.563683,Cloud to Cloud,8298,3008,7
2026-09-17T11:19:34.894146561Z,6.391751,118.173024,Cloud to Ground,94322,0,7
2026-09-17T11:19:34.905550715Z,6.233296,118.138226,Cloud to Cloud,-11155,7894,8
2026-09-17T11:19:34.022823495Z,15.789025,119.724945,Cloud to Cloud,-23854,5524,8
2026-09-17T11:19:37.502755936Z,6.041882,116.426048,Cloud to Ground,15967,0,13
2026-09-17T11:19:37.665884334Z,3.741625,117.38379,Cloud to Ground,14758,0,9
2026-09-17T11:19:38.087036695Z,15.426176,119.644774,Cloud to Cloud,-6493,3113,6
2026-09-17T11:19:39.825340234Z,5.081951,113.095673,Cloud to Ground,14404,0,7
2026-09-17T11:19:39.527774165Z,5.078607,113.176613,Cloud to Ground,38292,0,22
2026-09-17T11:19:39.744324489Z,15.360469,112.48413,Cloud to Ground,43236,0,10
2026-09-17T11:19:41.042989144Z,4.147046,117.573121,Cloud to Ground,16876,0,9
2026-09-17T11:19:41.081026897Z,4.127192,117.550422,Cloud to Ground,25962,0,9
2026-09-17T11:19:40.980972431Z,4.143235,117.614305,Cloud to Ground,31157,0,14
2026-09-17T11:19:40.290334086Z,16.036572,119.651605,Cloud to Cloud,-14040,3005,10
2026-09-17T11:19:40.327879361Z,15.855607,119.726484,Cloud to Cloud,1941,18690,6
2026-09-17T11:19:40.225165903Z,15.825319,119.647737,Cloud to Cloud,4833,3482,7
2026-09-17T11:19:40.280734696Z,15.911982,119.613798,Cloud to Ground,18846,0,9
2026-09-17T11:19:42.493328302Z,18.1747,114.902031,Cloud to Cloud,-14422,3001,7
2026-09-17T11:19:42.702643678Z,18.138118,114.912548,Cloud to Cloud,5614,19726,6
2026-09-17T11:19:42.292306205Z,18.126001,114.900005,Cloud to Ground,12803,0,9
2026-09-17T11:19:44.998462376Z,6.634371,112.998705,Cloud to Ground,-82513,0,13
2026-09-17T11:19:45.210101169Z,6.722018,112.919237,Cloud to Ground,-26285,0,16
2026-09-17T11:19:45.122428864Z,6.680956,112.918518,Cloud to Ground,-24828,0,8
2026-09-17T11:19:45.241922535Z,6.631647,112.947605,Cloud to Ground,-24573,0,9
2026-09-17T11:19:45.121151585Z,6.642452,112.935432,Cloud to Ground,15919,0,6
2026-09-17T11:19:45.558528926Z,6.643615,112.947303,Cloud to Ground,24359,0,7
2026-09-17T11:19:44.032020778Z,15.78235,119.71244,Cloud to Cloud,2764,4088,7
2026-09-17T11:19:44.051180977Z,15.804319,119.730293,Cloud to Cloud,15983,12648,7
2026-09-17T11:19:44.210721280Z,15.888036,119.606754,Cloud to Ground,-11195,0,10
2026-09-17T11:19:44.374416523Z,15.819308,119.60015,Cloud to Cloud,4729,3008,6
2026-09-17T11:19:43.882639664Z,15.769117,119.618551,Cloud to Cloud,12719,10489,10
2026-09-17T11:19:44.270258000Z,16.07,119.6531,Cloud to Ground,23435,0,6
2026-09-17T11:19:45.956822922Z,12.045954,120.713858,Cloud to Ground,-65699,0,8
2026-09-17T11:19:46.045797980Z,12.094797,120.775871,Cloud to Ground,-10189,0,7
2026-09-17T11:19:46.015316045Z,3.722371,117.362193,Cloud to Ground,-17179,0,17
2026-09-17T11:19:48.244892231Z,2.035146,113.425008,Cloud to Ground,33352,0,15
2026-09-17T11:19:49.780500351Z,6.989966,118.277562,Cloud to Cloud,-12801,17342,12
2026-09-17T11:19:49.980829836Z,7.049302,118.26801,Cloud to Ground,38217,0,7
2026-09-17T11:19:49.151540299Z,11.009283,112.840516,Cloud to Ground,-92641,0,10
2026-09-17T11:19:49.187512479Z,11.035381,112.833382,Cloud to Ground,-23237,0,9
2026-09-17T11:19:49.173209924Z,11.104139,112.759214,Cloud to Ground,-40458,0,15
2026-09-17T11:19:51.096785890Z,4.136909,117.6467,Cloud to Ground,30656,0,20
2026-09-17T11:19:54.724737249Z,4.124292,117.58637,Cloud to Ground,-9347,0,11
2026-09-17T11:19:54.695445762Z,4.220721,117.579305,Cloud to Cloud,-11591,4023,14
2026-09-17T11:19:55.850521436Z,9.020307,112.948271,Cloud to Ground,-50823,0,11
2026-09-17T11:19:55.020214057Z,3.772933,117.330676,Cloud to Ground,-18743,0,27
2026-09-17T11:19:55.134528488Z,3.722573,117.377669,Cloud to Ground,23460,0,13
2026-09-17T11:19:55.209055000Z,3.7721,117.2374,Cloud to Ground,-19809,0,11
2026-09-17T11:19:56.819180244Z,7.528375,118.657575,Cloud to Ground,21790,0,8
2026-09-17T11:19:56.808849569Z,7.519436,118.654076,Cloud to Ground,26789,0,14
2026-09-17T11:19:56.803159368Z,15.57923,119.546374,Cloud to Cloud,-40592,12039,8
2026-09-17T11:19:57.948084936Z,6.271166,118.209225,Cloud to Ground,-61724,0,12
2026-09-17T11:19:57.119175069Z,15.884902,119.669268,Cloud to Ground,-64423,0,12
2026-09-17T11:19:56.923909443Z,15.897936,119.688696,Cloud to Ground,-35200,0,7
2026-09-17T11:19:56.893246984Z,15.895101,119.693788,Cloud to Ground,-24528,0,10
2026-09-17T11:19:57.023655050Z,15.859891,119.570739,Cloud to Ground,-23345,0,14
2026-09-17T11:19:57.251929666Z,15.816306,119.610044,Cloud to Ground,-14017,0,8
2026-09-17T11:19:57.250736000Z,15.945,119.5095,Cloud to Ground,-26046,0,8
2026-09-17T11:19:58.295423302Z,6.481947,118.16381,Cloud to Ground,52972,0,10
2026-09-17T11:19:58.161013662Z,6.453135,118.136575,Cloud to Ground,89172,0,9
2026-09-17T11:19:58.190049602Z,6.25971,118.093069,Cloud to Ground,23942,0,10
2026-09-17T11:19:58.238577466Z,6.256732,118.093623,Cloud to Ground,42012,0,7
2026-09-17T11:19:58.026870854Z,6.256461,118.090018,Cloud to Ground,57285,0,8
2026-09-17T11:19:58.067473661Z,6.231901,118.025605,Cloud to Ground,69741,0,8
2026-09-17T11:19:58.738338225Z,6.276018,118.187856,Cloud to Ground,14310,0,10
2026-09-17T11:19:59.016636518Z,6.274979,118.193282,Cloud to Ground,17669,0,11
2026-09-17T11:19:59.267334103Z,16.052558,119.832457,Cloud to Ground,20409,0,7
2026-09-17T11:19:59.647614561Z,15.772317,119.674113,Cloud to Ground,110342,0,8
2026-09-17T11:19:59.567719466Z,15.852893,119.627453,Cloud to Ground,-35722,0,8
2026-09-17T11:19:59.699529482Z,15.858218,119.625637,Cloud to Ground,-19747,0,10
2026-09-17T11:19:59.287828382Z,15.998021,119.645172,Cloud to Cloud,7582,9373,6
2026-09-17T11:19:59.782759000Z,15.5491,119.4311,Cloud to Ground,-84418,0,6
2026-09-17T11:20:00.649651772Z,8.122378,117.299342,Cloud to Cloud,14365,3013,7
2026-09-17T11:20:00.558784074Z,8.127674,117.279595,Cloud to Ground,19007,0,13
2026-09-17T11:20:00.464465869Z,8.127296,117.274814,Cloud to Ground,57827,0,17
2026-09-17T11:20:01.760270832Z,3.716232,117.355439,Cloud to Cloud,-19698,11817,16
2026-09-17T11:20:01.748561991Z,3.678971,117.331722,Cloud to Ground,-17126,0,10
2026-09-17T11:20:01.772546062Z,3.695591,117.320352,Cloud to Ground,-12985,0,14
2026-09-17T11:20:01.371322340Z,3.709021,117.337837,Cloud to Ground,19242,0,15
2026-09-17T11:20:01.332408343Z,3.807818,117.329112,Cloud to Ground,-20328,0,27
2026-09-17T11:20:02.700777885Z,18.170452,115.010352,Cloud to Ground,-40336,0,13
2026-09-17T11:20:02.783570737Z,18.190641,114.947287,Cloud to Ground,43137,0,19
2026-09-17T11:20:02.866972305Z,18.195612,114.95551,Cloud to Ground,65021,0,16
2026-09-17T11:20:05.497217985Z,15.174832,119.604163,Cloud to Cloud,33015,8790,10
2026-09-17T11:20:05.533361000Z,16.236,119.6927,Cloud to Ground,-5560,0,5
2026-09-17T11:20:07.899479445Z,6.047444,117.968294,Cloud to Cloud,-8477,6177,18
2026-09-17T11:20:07.821814428Z,15.924844,119.628343,Cloud to Cloud,14852,3062,8
2026-09-17T11:20:08.387876697Z,5.630773,117.444447,Cloud to Ground,-34680,0,11
2026-09-17T11:20:09.792684159Z,4.696135,117.325528,Cloud to Ground,-26625,0,22
2026-09-17T11:20:09.923743859Z,4.683536,117.312143,Cloud to Ground,-18039,0,21
2026-09-17T11:20:10.099912347Z,4.663589,117.306273,Cloud to Ground,13734,0,7
2026-09-17T11:20:10.159047203Z,4.756566,117.358435,Cloud to Ground,18329,0,9
2026-09-17T11:20:09.857363308Z,4.671428,117.326501,Cloud to Ground,21008,0,13
2026-09-17T11:20:09.733922999Z,4.753619,117.349405,Cloud to Ground,86908,0,17
2026-09-17T11:20:09.242185929Z,7.182826,119.863664,Cloud to Ground,-53987,0,10
2026-09-17T11:20:09.094408475Z,7.19245,119.837601,Cloud to Ground,-53200,0,9
2026-09-17T11:20:09.174909365Z,7.126608,119.856144,Cloud to Ground,-52946,0,7
2026-09-17T11:20:11.238172852Z,15.682516,119.661336,Cloud to Ground,30521,0,8
2026-09-17T11:20:10.952330310Z,15.850212,119.72183,Cloud to Ground,21516,0,10
2026-09-17T11:20:11.362015177Z,15.820944,119.719295,Cloud to Ground,38058,0,11
2026-09-17T11:20:12.980484338Z,15.930876,119.634898,Cloud to Cloud,27851,4907,10
2026-09-17T11:20:14.643399365Z,4.190652,117.575115,Cloud to Cloud,-14091,3022,10
2026-09-17T11:20:14.879792187Z,3.770966,117.342494,Cloud to Ground,-24699,0,24
2026-09-17T11:20:14.299530918Z,3.789756,117.319758,Cloud to Cloud,-13259,8771,14
2026-09-17T11:20:14.075044735Z,18.1687,114.864729,Cloud to Cloud,-4028,14149,7
2026-09-17T11:20:15.120306190Z,4.898356,112.908982,Cloud to Ground,19708,0,9
2026-09-17T11:20:15.484025138Z,15.888223,119.593401,Cloud to Ground,-22193,0,10
2026-09-17T11:20:15.641095125Z,15.887072,119.57461,Cloud to Ground,-15437,0,8
2026-09-17T11:20:15.291507439Z,15.895148,119.548329,Cloud to Ground,-13656,0,10
2026-09-17T11:20:15.681381893Z,15.887311,119.59397,Cloud to Cloud,-9528,17753,6
2026-09-17T11:20:15.264031625Z,15.895555,119.55142,Cloud to Ground,-7491,0,8
2026-09-17T11:20:15.272407037Z,15.919272,119.599749,Cloud to Cloud,16363,7395,8
2026-09-17T11:20:16.636291604Z,5.73912,118.148597,Cloud to Ground,8746,0,10
2026-09-17T11:20:16.736236455Z,5.729022,118.19021,Cloud to Ground,34713,0,7
2026-09-17T11:20:18.660598062Z,6.260726,118.21678,Cloud to Ground,-75705,0,13
2026-09-17T11:20:18.358646748Z,6.276691,118.211459,Cloud to Ground,-39794,0,13
2026-09-17T11:20:18.456104074Z,6.255548,118.120254,Cloud to Ground,34662,0,13
2026-09-17T11:20:18.497146796Z,6.256437,118.176577,Cloud to Ground,45469,0,14
2026-09-17T11:20:18.508813664Z,4.01212,117.65525,Cloud to Ground,19160,0,14
2026-09-17T11:20:19.984583054Z,15.777601,119.677976,Cloud to Cloud,11385,3086,8
2026-09-17T11:20:19.486326070Z,11.370485,117.899291,Cloud to Ground,28198,0,8
2026-09-17T11:20:20.197158000Z,15.9368,119.5753,Cloud to Ground,-14775,0,10
2026-09-17T11:20:20.092404000Z,16.0135,119.5539,Cloud to Ground,8297,0,5
2026-09-17T11:20:21.586051686Z,15.152365,119.61319,Cloud to Cloud,-16318,13735,7
2026-09-17T11:20:21.571908899Z,15.343689,119.66485,Cloud to Cloud,13866,3001,9
2026-09-17T11:20:25.561760223Z,6.20258,123.265274,Cloud to Ground,-38497,0,10
2026-09-17T11:20:25.496061875Z,6.224385,123.232951,Cloud to Ground,-29907,0,12
2026-09-17T11:20:25.019968845Z,4.603673,116.841747,Cloud to Ground,25181,0,11
2026-09-17T11:20:27.536353506Z,3.798202,117.359427,Cloud to Ground,-26290,0,14
2026-09-17T11:20:27.356809369Z,3.726746,117.28622,Cloud to Ground,66894,0,12
2026-09-17T11:20:28.646869314Z,6.803029,118.320364,Cloud to Ground,20316,0,14
2026-09-17T11:20:28.289028215Z,15.797529,119.541252,Cloud to Cloud,-18628,4448,7
2026-09-17T11:20:29.308585442Z,15.868311,119.625767,Cloud to Ground,-24104,0,11
2026-09-17T11:20:29.770680116Z,15.899621,119.623909,Cloud to Ground,-20659,0,13
2026-09-17T11:20:30.241645805Z,11.589157,123.93407,Cloud to Cloud,5451,15777,5
2026-09-17T11:20:30.145783366Z,11.539828,123.9333,Cloud to Cloud,26089,4615,10
2026-09-17T11:20:30.160116000Z,11.7768,123.9255,Cloud to Ground,10511,0,8
2026-09-17T11:20:30.102328454Z,15.933317,119.730241,Cloud to Ground,-26413,0,8
2026-09-17T11:20:31.470831442Z,4.128072,117.582379,Cloud to Cloud,-27603,17931,24
2026-09-17T11:20:31.528966146Z,4.098033,117.663942,Cloud to Ground,19762,0,13
2026-09-17T11:20:31.741011563Z,4.120826,117.59194,Cloud to Ground,26932,0,13
2026-09-17T11:20:31.956755086Z,15.860679,119.579457,Cloud to Cloud,4879,19499,5
2026-09-17T11:20:32.185875530Z,16.019621,119.671649,Cloud to Cloud,14275,3063,7
2026-09-17T11:20:36.228934197Z,3.741122,117.341804,Cloud to Ground,-16591,0,13
2026-09-17T11:20:36.432398960Z,3.725767,117.223238,Cloud to Ground,-9704,0,7
2026-09-17T11:20:36.021418376Z,3.725407,117.375895,Cloud to Ground,7399,0,9
2026-09-17T11:20:35.819835477Z,3.761847,117.295407,Cloud to Ground,40551,0,22
2026-09-17T11:20:35.565132859Z,5.042065,112.900758,Cloud to Ground,48086,0,11
2026-09-17T11:20:35.009260296Z,15.884515,119.648506,Cloud to Ground,-11262,0,12
2026-09-17T11:20:40.881006987Z,11.319885,124.481715,Cloud to Ground,-79744,0,12
2026-09-17T11:20:41.026417526Z,10.979843,112.749864,Cloud to Ground,12872,0,7
2026-09-17T11:20:42.552847438Z,4.013191,117.590725,Cloud to Ground,-16928,0,8
2026-09-17T11:20:42.379670022Z,4.097619,117.646985,Cloud to Ground,-12405,0,11
2026-09-17T11:20:42.230134152Z,15.862357,119.5755,Cloud to Cloud,6467,3022,7
2026-09-17T11:20:42.285032341Z,18.147822,115.030595,Cloud to Ground,-30138,0,7
2026-09-17T11:20:42.287753678Z,18.154768,114.880216,Cloud to Cloud,-12223,3116,8
2026-09-17T11:20:42.276050982Z,18.153329,114.894889,Cloud to Ground,23723,0,12
2026-09-17T11:20:43.481093189Z,4.339985,117.527921,Cloud to Ground,66749,0,17
2026-09-17T11:20:43.566067306Z,16.544655,119.99188,Cloud to Ground,41787,0,9
2026-09-17T11:20:43.670532742Z,15.855604,119.634783,Cloud to Ground,-23747,0,11
2026-09-17T11:20:43.729559000Z,16.2721,119.9202,Cloud to Ground,117810,0,6
2026-09-17T11:20:44.803326560Z,11.197302,124.425429,Cloud to Cloud,17340,10200,8
2026-09-17T11:20:44.949777482Z,16.068851,119.732739,Cloud to Ground,-25805,0,8
2026-09-17T11:20:44.413547631Z,16.029513,119.622189,Cloud to Ground,-36359,0,12
2026-09-17T11:20:46.981529379Z,3.718493,117.253599,Cloud to Ground,13558,0,7
2026-09-17T11:20:46.787809619Z,3.754205,117.313543,Cloud to Ground,38260,0,21
2026-09-17T11:20:47.178722606Z,3.891683,117.293483,Cloud to Ground,-14992,0,21
2026-09-17T11:20:48.453987239Z,7.135427,119.802712,Cloud to Ground,-67038,0,21
2026-09-17T11:20:48.538033698Z,7.128417,119.801464,Cloud to Ground,29824,0,11
2026-09-17T11:20:48.613032922Z,7.134948,119.701772,Cloud to Ground,-41746,0,21
2026-09-17T11:20:48.799830018Z,11.190669,112.771347,Cloud to Ground,29439,0,9
2026-09-17T11:20:48.965555692Z,15.626849,119.510713,Cloud to Cloud,-16655,6525,8
2026-09-17T11:20:48.847490304Z,15.797762,119.586445,Cloud to Cloud,21729,4504,8
2026-09-17T11:20:48.919922839Z,15.909703,119.53663,Cloud to Cloud,-13097,7161,9
2026-09-17T11:20:50.900713291Z,6.919811,118.249696,Cloud to Cloud,22970,18747,12
2026-09-17T11:20:50.129419774Z,4.752927,117.328005,Cloud to Ground,-13170,0,22
2026-09-17T11:20:50.081687882Z,15.878554,119.621012,Cloud to Ground,-39900,0,16
2026-09-17T11:20:52.358100824Z,6.422221,118.130959,Cloud to Ground,-46724,0,9
2026-09-17T11:20:52.389742369Z,6.32115,118.30863,Cloud to Ground,-56239,0,7
2026-09-17T11:20:52.447553424Z,6.292143,118.325544,Cloud to Cloud,-43627,12258,11
2026-09-17T11:20:52.336930955Z,6.283631,118.225928,Cloud to Cloud,-87502,5599,18
2026-09-17T11:20:52.539935601Z,6.330897,118.173437,Cloud to Cloud,-51077,3202,32
2026-09-17T11:20:52.404108593Z,6.299248,118.160254,Cloud to Ground,-38167,0,26
2026-09-17T11:20:52.386373442Z,6.263309,118.106575,Cloud to Ground,-27559,0,11
2026-09-17T11:20:52.542850990Z,6.253017,118.082226,Cloud to Ground,-14712,0,7
2026-09-17T11:20:52.783322286Z,6.25223,118.123524,Cloud to Ground,11836,0,8
2026-09-17T11:20:53.446800211Z,6.252464,118.10515,Cloud to Ground,14842,0,10
2026-09-17T11:20:52.897639407Z,6.257105,118.087582,Cloud to Ground,16183,0,8
2026-09-17T11:20:52.569067593Z,6.277102,118.110065,Cloud to Ground,16614,0,7
2026-09-17T11:20:52.728389331Z,6.246645,118.094423,Cloud to Ground,21609,0,9
2026-09-17T11:20:52.489468200Z,6.264941,118.155338,Cloud to Ground,48452,0,17
2026-09-17T11:20:53.240736827Z,11.855093,123.85285,Cloud to Ground,-30216,0,20
2026-09-17T11:20:53.085398000Z,11.776,123.9518,Cloud to Ground,-62068,0,8
2026-09-17T11:20:53.166161029Z,11.757337,123.950725,Cloud to Ground,-42668,0,7
2026-09-17T11:20:53.312642205Z,11.740195,123.902616,Cloud to Ground,-16573,0,6
2026-09-17T11:20:53.371491000Z,11.7718,123.7481,Cloud to Ground,-14471,0,7
2026-09-17T11:20:55.439674566Z,6.657962,112.898029,Cloud to Ground,13873,0,9
2026-09-17T11:20:55.183829089Z,6.671718,112.840247,Cloud to Ground,25632,0,15
2026-09-17T11:20:55.626292915Z,6.752126,112.909045,Cloud to Ground,-18339,0,16
2026-09-17T11:20:55.203800075Z,6.750298,112.929274,Cloud to Cloud,-16085,5612,15
2026-09-17T11:20:55.454686505Z,6.749207,112.887255,Cloud to Ground,-12648,0,11
2026-09-17T11:20:55.271480016Z,6.716946,112.983221,Cloud to Ground,17264,0,8
2026-09-17T11:20:55.217548876Z,6.777732,113.069602,Cloud to Ground,-28649,0,7
2026-09-17T11:20:55.399094544Z,4.154122,117.56252,Cloud to Ground,20650,0,8
2026-09-17T11:20:55.025894785Z,16.123998,119.782939,Cloud to Cloud,12661,5535,8
2026-09-17T11:20:57.062195111Z,6.616274,114.521313,Cloud to Ground,-33489,0,12
2026-09-17T11:20:57.264643814Z,6.591767,114.660306,Cloud to Ground,24550,0,9
2026-09-17T11:20:57.009353885Z,6.67508,114.568941,Cloud to Ground,55996,0,11
2026-09-17T11:20:57.186647672Z,6.680425,114.578406,Cloud to Ground,73417,0,11
2026-09-17T11:20:57.140185387Z,6.602636,114.602372,Cloud to Ground,82023,0,19
2026-09-17T11:20:57.107254613Z,6.602541,114.604811,Cloud to Ground,109118,0,19
2026-09-17T11:20:56.763309716Z,6.656607,114.56984,Cloud to Ground,199055,0,12
2026-09-17T11:20:56.453431357Z,15.839418,120.050767,Cloud to Ground,16793,0,8
2026-09-17T11:20:56.418173000Z,15.9024,119.6082,Cloud to Ground,32117,0,8
2026-09-17T11:21:03.536925023Z,6.496233,115.076106,Cloud to Ground,15918,0,14
2026-09-17T11:21:06.756478076Z,3.797118,117.388876,Cloud to Cloud,9995,6097,6
2026-09-17T11:21:06.676608489Z,15.910716,119.515054,Cloud to Cloud,8688,3091,9
2026-09-17T11:21:06.969811840Z,15.954018,119.603837,Cloud to Ground,-16899,0,12
2026-09-17T11:21:06.891427900Z,15.932423,119.624009,Cloud to Cloud,-10221,3013,7
2026-09-17T11:21:07.797879435Z,5.651905,117.411938,Cloud to Cloud,-14871,19915,11
2026-09-17T11:21:07.301388938Z,16.045388,119.73205,Cloud to Ground,19227,0,7
2026-09-17T11:21:09.158764946Z,4.176379,117.629229,Cloud to Ground,-40166,0,24
2026-09-17T11:21:10.866704309Z,10.783369,112.908554,Cloud to Ground,-8411,0,7
2026-09-17T11:21:10.523006049Z,10.653787,112.91653,Cloud to Cloud,18313,7527,12
2026-09-17T11:21:10.520893423Z,10.676283,112.915162,Cloud to Ground,25205,0,8
2026-09-17T11:21:10.955748979Z,15.751056,119.582675,Cloud to Ground,14144,0,7
2026-09-17T11:21:11.187255150Z,10.918207,113.080554,Cloud to Cloud,-17725,3017,11
2026-09-17T11:21:11.136276000Z,10.678,112.6706,Cloud to Ground,201111,0,9
2026-09-17T11:21:11.459337000Z,15.6381,119.723,Cloud to Ground,42457,0,6
2026-09-17T11:21:12.072817612Z,3.995379,117.369231,Cloud to Ground,-63401,0,13
2026-09-17T11:21:13.746925205Z,4.016001,117.630977,Cloud to Ground,16282,0,7
2026-09-17T11:21:14.923082242Z,14.785411,119.599063,Cloud to Ground,-21260,0,10
2026-09-17T11:21:14.937887650Z,14.764503,119.623264,Cloud to Ground,29266,0,8
2026-09-17T11:21:14.033004121Z,14.678881,119.64837,Cloud to Cloud,-7846,19451,7
2026-09-17T11:21:15.231688888Z,15.881462,119.629458,Cloud to Ground,-50546,0,10
2026-09-17T11:21:15.342331774Z,15.876803,119.620505,Cloud to Ground,-34035,0,13
2026-09-17T11:21:16.648618670Z,5.921453,117.66105,Cloud to Ground,28189,0,16
2026-09-17T11:21:16.712491352Z,5.763338,117.671937,Cloud to Cloud,-40583,6132,15
2026-09-17T11:21:16.903711528Z,6.671401,113.017027,Cloud to Ground,-63219,0,13
2026-09-17T11:21:17.042324736Z,6.698987,112.949798,Cloud to Ground,-31933,0,11
2026-09-17T11:21:17.124427495Z,6.717944,112.888396,Cloud to Ground,-27452,0,13
2026-09-17T11:21:16.947724290Z,6.680398,112.949288,Cloud to Ground,-21795,0,10
2026-09-17T11:21:17.044652323Z,6.732551,112.978992,Cloud to Ground,-21362,0,8
2026-09-17T11:21:16.954601630Z,6.743629,112.971587,Cloud to Ground,-15251,0,9
2026-09-17T11:21:17.026856700Z,6.670211,112.878072,Cloud to Ground,18149,0,8
2026-09-17T11:21:16.982258226Z,6.629426,112.857772,Cloud to Ground,44572,0,7
2026-09-17T11:21:18.946862177Z,15.883589,119.585302,Cloud to Cloud,-9536,15963,10
2026-09-17T11:21:19.947898289Z,15.903527,119.546391,Cloud to Cloud,5418,3475,6
2026-09-17T11:21:20.094549242Z,3.750246,117.31233,Cloud to Ground,34429,0,17
2026-09-17T11:21:21.436178099Z,18.125006,114.838782,Cloud to Ground,-10056,0,7
2026-09-17T11:21:21.780679000Z,15.6411,119.3983,Cloud to Ground,-70908,0,7
2026-09-17T11:21:22.145329517Z,15.870234,119.66402,Cloud to Ground,-12772,0,8
2026-09-17T11:21:22.084038344Z,15.880257,119.56967,Cloud to Ground,-21301,0,13
2026-09-17T11:21:23.123934512Z,11.165778,112.784436,Cloud to Cloud,-64121,3257,14
2026-09-17T11:21:23.041135295Z,11.227529,112.906265,Cloud to Ground,-174172,0,10
2026-09-17T11:21:23.034576420Z,11.224628,112.875709,Cloud to Ground,-16306,0,6
2026-09-17T11:21:23.113286284Z,11.234208,112.845615,Cloud to Ground,17279,0,7
2026-09-17T11:21:23.125124014Z,11.333354,112.805243,Cloud to Ground,-41500,0,8
2026-09-17T11:21:23.176223000Z,11.2686,112.7598,Cloud to Ground,-40057,0,7
2026-09-17T11:21:25.548898749Z,4.78146,117.32297,Cloud to Ground,-25030,0,16
2026-09-17T11:21:25.701255105Z,16.121304,119.734901,Cloud to Cloud,4849,11499,6
2026-09-17T11:21:25.865916796Z,11.405311,112.922223,Cloud to Ground,-26936,0,14
2026-09-17T11:21:25.863623437Z,11.382657,112.806527,Cloud to Ground,25541,0,9
2026-09-17T11:21:25.362162383Z,15.746292,119.584479,Cloud to Ground,19394,0,7
2026-09-17T11:21:26.260604399Z,15.867866,119.561412,Cloud to Cloud,11171,6858,9
2026-09-17T11:21:28.317053043Z,15.928802,119.505651,Cloud to Cloud,12464,5539,8
2026-09-17T11:21:28.144754825Z,15.9298,119.52802,Cloud to Ground,13210,0,7
2026-09-17T11:21:28.550112000Z,15.861815,119.673142,Cloud to Cloud,20643,5653,6
2026-09-17T11:21:28.329987043Z,15.653146,119.539003,Cloud to Cloud,-22028,4523,7
2026-09-17T11:21:29.201870035Z,7.970424,116.664856,Cloud to Ground,19926,0,16
2026-09-17T11:21:29.832745458Z,4.090458,117.636474,Cloud to Ground,-12485,0,12
2026-09-17T11:21:29.176931877Z,3.731524,117.269846,Cloud to Cloud,14266,6564,15
2026-09-17T11:21:31.283878598Z,14.518217,122.183984,Cloud to Ground,30937,0,9
2026-09-17T11:21:32.755757811Z,6.267129,118.10989,Cloud to Ground,17653,0,7
2026-09-17T11:21:32.162152809Z,6.434067,118.143888,Cloud to Cloud,-23577,5792,6
2026-09-17T11:21:32.125762269Z,6.235089,118.214724,Cloud to Ground,-130311,0,8
2026-09-17T11:21:32.110251958Z,7.369471,113.984549,Cloud to Ground,-144522,0,12
2026-09-17T11:21:32.197567213Z,7.485494,113.929663,Cloud to Ground,-73818,0,20
2026-09-17T11:21:32.244186615Z,7.411491,113.980389,Cloud to Ground,52908,0,7
2026-09-17T11:21:32.284721512Z,7.412989,113.977605,Cloud to Ground,69460,0,10
2026-09-17T11:21:32.358484018Z,7.406489,113.984942,Cloud to Ground,72852,0,15
2026-09-17T11:21:32.107171652Z,7.37338,113.86616,Cloud to Ground,-101032,0,20
2026-09-17T11:21:32.466981112Z,7.333314,113.89975,Cloud to Ground,39017,0,6
2026-09-17T11:21:32.764439042Z,6.791431,112.83907,Cloud to Ground,-44161,0,13
2026-09-17T11:21:32.800407877Z,6.857839,112.902768,Cloud to Ground,-38801,0,11
2026-09-17T11:21:32.730288000Z,6.7912,112.8498,Cloud to Ground,7792,0,5
2026-09-17T11:21:33.062257477Z,6.792321,112.954254,Cloud to Ground,30990,0,7
2026-09-17T11:21:32.898577296Z,6.791537,112.953656,Cloud to Ground,39455,0,7
2026-09-17T11:21:32.972208815Z,6.866093,113.006064,Cloud to Ground,49594,0,7
2026-09-17T11:21:32.611046000Z,16.0438,119.5738,Cloud to Ground,-56829,0,6
2026-09-17T11:21:32.971976000Z,16.014,119.5254,Cloud to Ground,90727,0,7
2026-09-17T11:21:33.370817000Z,16.1175,119.7429,Cloud to Ground,128623,0,7
2026-09-17T11:21:33.282562000Z,15.265,119.7552,Cloud to Ground,-30327,0,8
2026-09-17T11:21:35.233465434Z,8.772684,112.889563,Cloud to Ground,-23855,0,7
2026-09-17T11:21:34.782364009Z,8.718516,112.858148,Cloud to Ground,11354,0,6
2026-09-17T11:21:35.603872545Z,4.907401,112.980208,Cloud to Ground,43895,0,15
2026-09-17T11:21:36.599954052Z,4.147858,117.588544,Cloud to Ground,-24473,0,17
2026-09-17T11:21:36.720206789Z,4.132731,117.623395,Cloud to Ground,-13239,0,13
2026-09-17T11:21:36.718316531Z,4.098341,117.53948,Cloud to Ground,15668,0,7
2026-09-17T11:21:36.384451824Z,15.857608,119.591091,Cloud to Ground,18227,0,9
2026-09-17T11:21:36.820469036Z,18.172199,114.958961,Cloud to Cloud,13018,6830,10
2026-09-17T11:21:38.813831051Z,4.007183,117.646986,Cloud to Ground,44616,0,18
2026-09-17T11:21:39.426350698Z,15.922406,119.69238,Cloud to Ground,-38925,0,8
2026-09-17T11:21:39.962627130Z,15.980826,119.916422,Cloud to Ground,24404,0,8
2026-09-17T11:21:39.368131550Z,15.816384,119.656943,Cloud to Cloud,-15602,15687,6
2026-09-17T11:21:39.421157513Z,15.328443,119.699941,Cloud to Cloud,-22092,19818,7
2026-09-17T11:21:39.534318932Z,15.321582,119.68299,Cloud to Ground,57015,0,7
2026-09-17T11:21:39.434090253Z,15.40729,119.616475,Cloud to Ground,-12856,0,9
2026-09-17T11:21:39.561555708Z,15.473715,119.640634,Cloud to Cloud,15617,3020,7
2026-09-17T11:21:40.852151843Z,9.007095,112.953126,Cloud to Ground,-45510,0,13
2026-09-17T11:21:41.010056800Z,15.928499,119.623665,Cloud to Cloud,15233,5149,8
2026-09-17T11:21:42.783729708Z,4.406454,117.460082,Cloud to Ground,-16243,0,11
2026-09-17T11:21:42.586898910Z,15.867821,119.567152,Cloud to Ground,32636,0,10
2026-09-17T11:21:43.501584743Z,6.787905,118.249625,Cloud to Cloud,-17421,7553,10
2026-09-17T11:21:43.500480134Z,6.854849,118.261242,Cloud to Cloud,14143,3009,10
2026-09-17T11:21:43.503235436Z,6.818322,118.381268,Cloud to Ground,-23747,0,7
2026-09-17T11:21:45.140091293Z,4.06521,117.569633,Cloud to Ground,-30434,0,10
2026-09-17T11:21:45.494406219Z,4.073333,117.600922,Cloud to Ground,-25447,0,17
2026-09-17T11:21:44.851775942Z,4.063638,117.570093,Cloud to Ground,-24864,0,13
2026-09-17T11:21:44.900035250Z,4.070739,117.579509,Cloud to Ground,-21893,0,10
2026-09-17T11:21:44.969293372Z,4.044693,117.636813,Cloud to Ground,40020,0,18
2026-09-17T11:21:44.753089180Z,15.920909,119.604571,Cloud to Cloud,14789,3682,9
2026-09-17T11:21:44.672394000Z,15.9627,119.4482,Cloud to Ground,-15266,0,6
2026-09-17T11:21:45.273598202Z,4.061462,117.415748,Cloud to Cloud,8500,3043,11
2026-09-17T11:21:45.087790747Z,15.764479,119.56492,Cloud to Cloud,20451,5170,7
