timestamp,latitude,longitude,type,amplitude_ka,height_m,num_sensors
2026-10-07T14:01:02.767934000Z,7.2307,127.4512,Cloud to Ground,-34552,0,14
2026-10-07T14:01:02.714682551Z,7.253263,127.538989,Cloud to Ground,-31809,0,9
2026-10-07T14:01:02.832359218Z,7.213064,127.534923,Cloud to Ground,-31714,0,10
2026-10-07T14:01:02.612197000Z,7.195,127.5169,Cloud to Ground,-12045,0,9
2026-10-07T14:01:02.614366000Z,7.2301,127.5589,Cloud to Ground,15136,0,8
2026-10-07T14:01:02.616402000Z,7.2208,127.5545,Cloud to Ground,18529,0,8
2026-10-07T14:01:03.139309273Z,7.226762,127.326398,Cloud to Ground,-52358,0,8
2026-10-07T14:01:04.604943000Z,15.3282,119.4839,Cloud to Ground,16465,0,9
2026-10-07T14:01:05.197124109Z,14.698751,119.356442,Cloud to Cloud,-5581,3078,7
2026-10-07T14:01:05.154085900Z,14.658995,119.266927,Cloud to Cloud,12457,3113,7
2026-10-07T14:01:05.551651663Z,14.615795,119.398384,Cloud to Cloud,10681,5938,6
2026-10-07T14:01:05.623977517Z,14.657746,119.443218,Cloud to Ground,15381,0,7
2026-10-07T14:01:07.120604598Z,16.068788,126.685666,Cloud to Ground,-25734,0,28
2026-10-07T14:01:07.133347505Z,15.966343,126.830826,Cloud to Cloud,-13380,19690,10
2026-10-07T14:01:10.778663427Z,16.369477,119.300106,Cloud to Ground,-21020,0,12
2026-10-07T14:01:10.758438849Z,16.303488,119.33028,Cloud to Cloud,-11971,14604,12
2026-10-07T14:01:10.799816348Z,15.301555,119.386565,Cloud to Cloud,26627,19896,8
2026-10-07T14:01:14.445866367Z,7.206537,127.694512,Cloud to Cloud,16160,3873,11
2026-10-07T14:01:14.680583000Z,17.6358,117.5259,Cloud to Ground,-29103,0,7
2026-10-07T14:01:14.918832456Z,17.590435,117.837649,Cloud to Ground,-28430,0,10
2026-10-07T14:01:14.712589631Z,17.572898,117.735903,Cloud to Cloud,-18885,3016,11
2026-10-07T14:01:14.772922000Z,17.4978,117.7042,Cloud to Ground,-17522,0,6
2026-10-07T14:01:14.837995000Z,17.618,117.6765,Cloud to Ground,536,0,5
2026-10-07T14:01:15.102873932Z,17.575091,117.74142,Cloud to Cloud,12344,19599,9
2026-10-07T14:01:15.019802000Z,17.6166,117.7476,Cloud to Ground,52066,0,5
2026-10-07T14:01:14.435813000Z,10.3075,124.2935,Cloud to Ground,-17886,0,6
2026-10-07T14:01:15.134807335Z,14.715201,119.363496,Cloud to Ground,-6828,0,8
2026-10-07T14:01:15.556159000Z,15.1973,119.6553,Cloud to Ground,6325,0,6
2026-10-07T14:01:18.469730443Z,14.58423,119.36326,Cloud to Ground,-35675,0,5
2026-10-07T14:01:19.003879541Z,14.631858,119.456453,Cloud to Ground,-25823,0,8
2026-10-07T14:01:19.102460362Z,14.612794,119.452776,Cloud to Ground,-12641,0,7
2026-10-07T14:01:21.978820443Z,14.578043,119.380251,Cloud to Cloud,-10168,18395,7
2026-10-07T14:01:21.738968823Z,14.492293,119.45124,Cloud to Cloud,7748,6018,6
2026-10-07T14:01:21.894980929Z,14.513268,119.44972,Cloud to Cloud,9232,3774,6
2026-10-07T14:01:24.395580507Z,14.642323,119.324055,Cloud to Cloud,4451,7326,5
2026-10-07T14:01:25.260831606Z,8.987653,128.857422,Cloud to Ground,-31653,0,12
2026-10-07T14:01:26.770266915Z,15.273383,119.731492,Cloud to Ground,-19659,0,9
2026-10-07T14:01:27.060154194Z,15.277709,119.836199,Cloud to Ground,-14576,0,9
2026-10-07T14:01:26.804709311Z,15.305047,119.821232,Cloud to Ground,-8942,0,8
2026-10-07T14:01:27.088186689Z,15.339407,119.756034,Cloud to Cloud,13485,3012,7
2026-10-07T14:01:34.527482461Z,2.959273,117.010057,Cloud to Ground,-20291,0,16
2026-10-07T14:01:34.304787831Z,15.70876,125.14279,Cloud to Ground,36597,0,10
2026-10-07T14:01:34.303539812Z,15.817406,125.144164,Cloud to Cloud,14760,5005,10
2026-10-07T14:01:34.751281000Z,14.9045,119.6764,Cloud to Ground,27937,0,6
2026-10-07T14:01:38.045941588Z,3.215533,116.484521,Cloud to Ground,-13005,0,8
2026-10-07T14:01:38.000031005Z,3.24822,116.348092,Cloud to Ground,-17917,0,13
2026-10-07T14:01:38.050326084Z,3.246563,116.376588,Cloud to Ground,32358,0,16
2026-10-07T14:01:38.010038439Z,3.245534,116.376422,Cloud to Ground,82513,0,30
2026-10-07T14:01:41.876878711Z,15.292166,119.783499,Cloud to Ground,-18146,0,7
2026-10-07T14:01:41.996246459Z,15.366463,119.637111,Cloud to Ground,30037,0,6
2026-10-07T14:01:41.064876063Z,17.633033,122.030197,Cloud to Ground,-92977,0,16
2026-10-07T14:01:41.132785391Z,17.63858,122.024527,Cloud to Ground,-33477,0,15
2026-10-07T14:01:41.105380305Z,17.621311,122.0577,Cloud to Ground,-21090,0,11
2026-10-07T14:01:47.811027552Z,17.576837,117.739288,Cloud to Ground,-39837,0,16
2026-10-07T14:01:47.847102097Z,17.583802,117.75,Cloud to Ground,-23736,0,11
2026-10-07T14:01:47.957440111Z,17.581136,117.743193,Cloud to Cloud,-21847,17863,11
2026-10-07T14:01:48.123555000Z,17.616,117.7414,Cloud to Ground,23686,0,6
2026-10-07T14:01:48.427166000Z,14.6606,119.3251,Cloud to Ground,-45820,0,8
2026-10-07T14:01:48.515185700Z,14.665213,119.38621,Cloud to Ground,68516,0,8
2026-10-07T14:01:48.044483000Z,17.6541,117.6213,Cloud to Ground,-9367,0,8
2026-10-07T14:01:50.961215659Z,14.717804,119.349625,Cloud to Ground,-17025,0,10
2026-10-07T14:01:50.873201793Z,14.685644,119.425223,Cloud to Ground,49786,0,11
2026-10-07T14:01:50.896223927Z,14.582687,119.443497,Cloud to Ground,-22555,0,7
2026-10-07T14:01:50.972117490Z,14.539509,119.50996,Cloud to Ground,-16013,0,9
2026-10-07T14:01:51.091956392Z,14.585082,119.441031,Cloud to Ground,-15927,0,7
2026-10-07T14:01:51.183692595Z,14.562956,119.439182,Cloud to Ground,-14887,0,6
2026-10-07T14:01:51.289380738Z,14.586688,119.443437,Cloud to Ground,-14667,0,8
2026-10-07T14:01:51.023229573Z,14.593495,119.445468,Cloud to Cloud,-9941,10465,6
2026-10-07T14:01:51.054501597Z,14.533977,119.501494,Cloud to Ground,-7936,0,12
2026-10-07T14:01:51.383564746Z,14.582054,119.439236,Cloud to Cloud,-5798,3997,7
2026-10-07T14:01:50.101317120Z,17.21825,116.768821,Cloud to Ground,-11548,0,7
2026-10-07T14:01:51.024055408Z,14.461255,119.422352,Cloud to Cloud,-9254,10346,6
2026-10-07T14:01:54.580188487Z,14.680442,119.332709,Cloud to Cloud,6242,5262,7
2026-10-07T14:01:54.029315007Z,15.261349,119.346278,Cloud to Ground,23109,0,7
2026-10-07T14:01:54.782158443Z,14.726583,119.251544,Cloud to Cloud,-5263,7992,6
2026-10-07T14:01:56.343028763Z,14.804831,119.981541,Cloud to Cloud,4838,14189,6
2026-10-07T14:01:57.845947063Z,3.228801,116.338868,Cloud to Ground,-33688,0,14
2026-10-07T14:01:58.907691165Z,18.64531,115.377454,Cloud to Cloud,8893,7812,6
2026-10-07T14:02:00.425082224Z,15.25285,119.719862,Cloud to Ground,-51907,0,8
2026-10-07T14:02:00.344077364Z,15.278365,119.766748,Cloud to Ground,36174,0,8
2026-10-07T14:02:00.263392000Z,15.3116,119.6456,Cloud to Ground,-17391,0,9
2026-10-07T14:02:01.145339909Z,18.624701,115.346269,Cloud to Ground,-18640,0,7
2026-10-07T14:02:01.246732852Z,14.675922,119.296718,Cloud to Cloud,11713,11306,7
2026-10-07T14:02:03.730052575Z,14.511435,119.430752,Cloud to Ground,-27966,0,13
2026-10-07T14:02:03.529014413Z,14.518862,119.513847,Cloud to Ground,-18950,0,8
2026-10-07T14:02:05.694857190Z,16.313606,120.338306,Cloud to Ground,-12894,0,10
2026-10-07T14:02:05.498621375Z,16.2752,120.226501,Cloud to Ground,-16535,0,8
2026-10-07T14:02:05.864984095Z,16.275206,120.204811,Cloud to Ground,-13071,0,9
2026-10-07T14:02:05.729441594Z,16.287333,120.234788,Cloud to Ground,-8192,0,7
2026-10-07T14:02:05.475593754Z,14.656293,119.398791,Cloud to Ground,-11927,0,10
2026-10-07T14:02:05.816347927Z,17.168013,116.54416,Cloud to Cloud,6942,3036,11
2026-10-07T14:02:06.110932199Z,17.189694,116.628101,Cloud to Ground,18921,0,8
2026-10-07T14:02:06.178850653Z,14.691497,119.254886,Cloud to Ground,-5856,0,5
2026-10-07T14:02:11.954277891Z,7.130955,127.235984,Cloud to Ground,25429,0,17
2026-10-07T14:02:11.808780063Z,18.578293,113.146409,Cloud to Ground,56684,0,12
2026-10-07T14:02:11.839456960Z,18.57856,113.244397,Cloud to Ground,20578,0,11
2026-10-07T14:02:11.879278674Z,14.694744,119.410764,Cloud to Ground,-48207,0,8
2026-10-07T14:02:11.210826029Z,14.68593,119.39721,Cloud to Ground,-23059,0,12
2026-10-07T14:02:11.571402194Z,14.662069,119.476849,Cloud to Ground,-16042,0,6
2026-10-07T14:02:15.693869139Z,15.397395,119.393407,Cloud to Ground,-10465,0,10
2026-10-07T14:02:19.323539893Z,14.627141,119.456994,Cloud to Ground,37568,0,7
2026-10-07T14:02:19.113647000Z,14.7881,119.4831,Cloud to Ground,-15252,0,7
2026-10-07T14:02:20.327722836Z,14.543016,119.40211,Cloud to Ground,-18363,0,7
2026-10-07T14:02:20.164071902Z,14.66694,119.382791,Cloud to Ground,-12886,0,7
2026-10-07T14:02:20.272799773Z,14.569815,119.407808,Cloud to Ground,-12466,0,9
2026-10-07T14:02:20.504336320Z,14.547494,119.402423,Cloud to Ground,-7812,0,7
2026-10-07T14:02:19.898999000Z,14.71,119.3034,Cloud to Ground,24722,0,6
2026-10-07T14:02:19.974146864Z,14.615074,119.344652,Cloud to Ground,25189,0,7
2026-10-07T14:02:19.180787000Z,14.735,119.3809,Cloud to Ground,22310,0,5
2026-10-07T14:02:19.426884000Z,10.5517,125.3048,Cloud to Ground,7370,0,5
2026-10-07T14:02:19.392035000Z,10.4576,125.2855,Cloud to Ground,-24172,0,6
2026-10-07T14:02:25.220769008Z,15.299722,119.64241,Cloud to Ground,-17081,0,10
2026-10-07T14:02:24.724917000Z,15.373,119.5885,Cloud to Ground,18659,0,6
2026-10-07T14:02:26.323980779Z,14.624072,119.29682,Cloud to Ground,-8616,0,9
2026-10-07T14:02:27.209957967Z,14.708895,119.285095,Cloud to Cloud,4645,3187,6
2026-10-07T14:02:29.009044000Z,7.136,127.7275,Cloud to Ground,5445,0,6
2026-10-07T14:02:31.882396553Z,14.314855,119.348246,Cloud to Cloud,-6166,10913,8
2026-10-07T14:02:31.555885065Z,14.719272,119.349396,Cloud to Ground,-15210,0,8
2026-10-07T14:02:31.752681000Z,7.2246,126.9959,Cloud to Ground,-8642,0,6
2026-10-07T14:02:32.118234570Z,15.319266,119.339908,Cloud to Cloud,32207,16557,8
2026-10-07T14:02:32.395372340Z,14.594687,119.373101,Cloud to Cloud,7306,8745,7
2026-10-07T14:02:33.342967000Z,7.1907,126.9803,Cloud to Ground,-25092,0,8
2026-10-07T14:02:33.866829127Z,7.175636,127.112461,Cloud to Ground,-11309,0,9
2026-10-07T14:02:33.289871000Z,7.1833,127.0632,Cloud to Ground,777,0,11
2026-10-07T14:02:33.493146305Z,14.614332,119.380013,Cloud to Ground,-22529,0,6
2026-10-07T14:02:33.806479176Z,14.59857,119.34701,Cloud to Ground,-19377,0,6
2026-10-07T14:02:33.626775000Z,14.6728,119.2731,Cloud to Ground,-7084,0,6
2026-10-07T14:02:34.204481306Z,9.019011,128.805832,Cloud to Ground,-41514,0,20
2026-10-07T14:02:34.153069980Z,8.987757,128.865749,Cloud to Ground,-37272,0,15
2026-10-07T14:02:34.289820208Z,8.974437,128.822713,Cloud to Ground,-28097,0,17
2026-10-07T14:02:34.260357191Z,8.996825,128.867575,Cloud to Ground,-23217,0,7
2026-10-07T14:02:34.370668106Z,9.098876,128.784821,Cloud to Ground,-22927,0,16
2026-10-07T14:02:34.555537330Z,9.002846,128.861426,Cloud to Ground,32012,0,14
2026-10-07T14:02:36.870390710Z,7.41851,127.942979,Cloud to Ground,-152496,0,7
2026-10-07T14:02:36.949538771Z,7.412036,127.868261,Cloud to Ground,-58791,0,25
2026-10-07T14:02:36.932257949Z,7.404918,127.907166,Cloud to Ground,-30091,0,18
2026-10-07T14:02:37.177766531Z,7.423577,127.924229,Cloud to Ground,-20334,0,20
2026-10-07T14:02:36.925938000Z,7.4574,127.9775,Cloud to Ground,23304,0,6
2026-10-07T14:02:37.871078159Z,3.226388,116.297817,Cloud to Ground,-24736,0,12
2026-10-07T14:02:42.859517157Z,16.186087,127.247938,Cloud to Ground,-53820,0,12
2026-10-07T14:02:42.954290000Z,16.2366,127.2444,Cloud to Ground,-15385,0,8
2026-10-07T14:02:42.229412458Z,14.643706,119.095334,Cloud to Ground,-10363,0,7
2026-10-07T14:02:43.345550441Z,14.675696,119.389736,Cloud to Ground,-14861,0,11
2026-10-07T14:02:43.455876634Z,14.654428,119.432641,Cloud to Ground,-13525,0,10
2026-10-07T14:02:46.416304176Z,7.168272,127.554495,Cloud to Ground,-79773,0,20
2026-10-07T14:02:46.698055010Z,7.218713,127.44382,Cloud to Ground,-59407,0,22
2026-10-07T14:02:46.656317000Z,7.2116,127.4677,Cloud to Ground,-30755,0,5
2026-10-07T14:02:46.723268000Z,7.283,127.6278,Cloud to Ground,-10171,0,8
2026-10-07T14:02:47.908239669Z,18.64281,115.017466,Cloud to Cloud,15121,3125,7
2026-10-07T14:02:49.839762503Z,14.662037,119.337396,Cloud to Ground,14425,0,6
2026-10-07T14:02:49.773818871Z,14.316492,119.290221,Cloud to Cloud,-14739,4427,7
2026-10-07T14:02:49.674973037Z,14.514301,119.434049,Cloud to Cloud,5927,6201,8
2026-10-07T14:02:49.775134575Z,14.633596,119.222316,Cloud to Ground,-17629,0,8
2026-10-07T14:02:51.675187099Z,14.735946,119.248431,Cloud to Cloud,-13165,4843,7
2026-10-07T14:02:54.674261000Z,15.4537,119.3115,Cloud to Ground,333,0,7
2026-10-07T14:02:56.861607802Z,18.607859,115.35329,Cloud to Cloud,8504,3038,9
2026-10-07T14:02:56.395067136Z,18.54692,115.265384,Cloud to Cloud,-7345,3008,7
2026-10-07T14:02:57.324566974Z,3.21663,116.286471,Cloud to Ground,-19028,0,7
2026-10-07T14:02:57.753542000Z,14.7891,119.402,Cloud to Ground,11512,0,7
2026-10-07T14:02:57.853163000Z,14.9018,119.2483,Cloud to Ground,4684,0,6
2026-10-07T14:02:58.131558001Z,14.61737,119.282575,Cloud to Cloud,-8320,15666,6
2026-10-07T14:03:00.444347390Z,15.921909,119.127331,Cloud to Cloud,13962,13251,8
2026-10-07T14:03:00.462103598Z,14.682695,119.438295,Cloud to Ground,-10474,0,10
2026-10-07T14:03:00.328459000Z,14.7238,119.1637,Cloud to Ground,23105,0,7
2026-10-07T14:03:00.215353000Z,14.4935,119.2419,Cloud to Ground,-11797,0,5
2026-10-07T14:03:04.589288000Z,16.445,119.1878,Cloud to Ground,-14379,0,9
2026-10-07T14:03:06.496172454Z,14.685479,119.42319,Cloud to Ground,-25092,0,8
2026-10-07T14:03:06.553893000Z,14.5728,119.1697,Cloud to Ground,15466,0,5
2026-10-07T14:03:07.078377419Z,14.582968,119.410631,Cloud to Ground,-21311,0,8
2026-10-07T14:03:06.923899000Z,14.5871,119.3343,Cloud to Ground,-15706,0,6
2026-10-07T14:03:07.256231027Z,14.572317,119.410992,Cloud to Ground,-15137,0,7
2026-10-07T14:03:07.658388000Z,14.5294,119.2838,Cloud to Ground,-14136,0,7
2026-10-07T14:03:06.734938677Z,14.57949,119.409415,Cloud to Ground,-13067,0,8
2026-10-07T14:03:07.298030028Z,14.579307,119.411428,Cloud to Ground,-9023,0,7
2026-10-07T14:03:07.455828842Z,14.562152,119.318223,Cloud to Ground,-6339,0,5
2026-10-07T14:03:07.249227000Z,14.6765,119.308,Cloud to Ground,-5372,0,5
2026-10-07T14:03:07.175872139Z,14.693779,119.264812,Cloud to Cloud,10318,3755,5
2026-10-07T14:03:09.655765604Z,14.72051,119.175788,Cloud to Cloud,7512,7407,6
2026-10-07T14:03:12.810373760Z,14.630514,119.350258,Cloud to Cloud,3263,4318,8
2026-10-07T14:03:12.783626000Z,14.2468,119.0762,Cloud to Ground,-6587,0,5
2026-10-07T14:03:13.222855673Z,14.559114,119.472292,Cloud to Cloud,10131,9238,9
2026-10-07T14:03:15.372573865Z,14.731806,119.278556,Cloud to Cloud,27205,3003,11
2026-10-07T14:03:15.798498048Z,15.415241,119.287715,Cloud to Ground,-24173,0,8
2026-10-07T14:03:15.625280000Z,11.5013,124.154,Cloud to Ground,7615,0,7
2026-10-07T14:03:16.928227090Z,14.615229,119.262968,Cloud to Ground,-13979,0,10
2026-10-07T14:03:19.721534449Z,8.876431,126.710653,Cloud to Ground,-84230,0,9
2026-10-07T14:03:20.453975781Z,8.864269,126.699515,Cloud to Ground,-50878,0,9
2026-10-07T14:03:20.584987000Z,8.8537,126.7279,Cloud to Ground,-36836,0,6
2026-10-07T14:03:20.598102000Z,8.8937,126.8044,Cloud to Ground,-31143,0,7
2026-10-07T14:03:21.090324000Z,8.8726,126.6117,Cloud to Ground,-19210,0,7
2026-10-07T14:03:20.518141000Z,8.8005,126.6968,Cloud to Ground,-18205,0,7
2026-10-07T14:03:20.950954133Z,14.781492,119.327902,Cloud to Cloud,-12241,16218,13
2026-10-07T14:03:22.311642687Z,14.606083,119.3339,Cloud to Cloud,11951,15763,7
2026-10-07T14:03:21.879993951Z,14.539673,119.395564,Cloud to Cloud,27963,6157,7
2026-10-07T14:03:22.403817206Z,14.681981,119.192705,Cloud to Cloud,3078,3013,5
2026-10-07T14:03:23.542405964Z,8.977715,128.752437,Cloud to Ground,-26220,0,22
2026-10-07T14:03:23.535012805Z,8.930717,128.72547,Cloud to Cloud,-8569,15796,8
2026-10-07T14:03:23.492811973Z,9.005562,128.858435,Cloud to Ground,-36657,0,12
2026-10-07T14:03:23.699549000Z,9.0259,128.8541,Cloud to Ground,-16328,0,5
2026-10-07T14:03:27.686233795Z,15.143786,119.784083,Cloud to Cloud,8980,19062,10
2026-10-07T14:03:28.637551665Z,17.182847,116.547017,Cloud to Cloud,-75896,3019,16
2026-10-07T14:03:28.794971873Z,17.18502,116.564374,Cloud to Ground,-10217,0,6
2026-10-07T14:03:28.749454695Z,17.159082,116.540025,Cloud to Ground,25765,0,12
2026-10-07T14:03:28.765080658Z,17.169715,116.554962,Cloud to Ground,49964,0,14
2026-10-07T14:03:29.246281825Z,14.601146,119.325926,Cloud to Cloud,-20490,4218,10
2026-10-07T14:03:29.030257816Z,14.568027,119.397847,Cloud to Ground,111089,0,10
2026-10-07T14:03:29.154654000Z,14.7623,119.3031,Cloud to Ground,33308,0,5
2026-10-07T14:03:29.313501284Z,18.633164,115.382221,Cloud to Ground,74553,0,7
2026-10-07T14:03:29.271633000Z,10.4149,125.1263,Cloud to Ground,15523,0,8
2026-10-07T14:03:29.327639000Z,10.4823,125.2378,Cloud to Ground,-8901,0,8
2026-10-07T14:03:31.719870849Z,14.615818,119.45695,Cloud to Cloud,4985,3502,6
2026-10-07T14:03:34.901509075Z,15.430666,119.363801,Cloud to Ground,-15142,0,12
2026-10-07T14:03:34.946818622Z,15.435459,119.357129,Cloud to Ground,-7061,0,10
2026-10-07T14:03:35.187896336Z,14.637228,120.069221,Cloud to Cloud,6689,4018,6
2026-10-07T14:03:35.192882779Z,14.673015,120.098644,Cloud to Cloud,7930,13982,10
2026-10-07T14:03:35.160779215Z,14.673241,120.021248,Cloud to Cloud,15423,12834,12
2026-10-07T14:03:36.486114524Z,18.167819,131.533139,Cloud to Ground,-20066,0,10
2026-10-07T14:03:36.611256531Z,18.111552,131.605848,Cloud to Ground,34762,0,8
2026-10-07T14:03:36.849759767Z,14.58151,119.458957,Cloud to Ground,22057,0,10
2026-10-07T14:03:36.208912871Z,14.53919,119.579218,Cloud to Ground,-37363,0,8
2026-10-07T14:03:36.747663741Z,14.602094,119.584567,Cloud to Ground,-18429,0,7
2026-10-07T14:03:36.997781586Z,14.560725,119.56098,Cloud to Ground,-13313,0,7
2026-10-07T14:03:36.749807153Z,14.478434,119.518245,Cloud to Cloud,-10987,3017,12
2026-10-07T14:03:36.699133000Z,14.7082,119.4877,Cloud to Ground,24940,0,9
2026-10-07T14:03:38.979662000Z,14.6874,119.3353,Cloud to Ground,-9474,0,8
2026-10-07T14:03:39.479898090Z,14.645072,119.428775,Cloud to Cloud,-8433,8768,6
2026-10-07T14:03:43.247099378Z,17.399049,110.137751,Cloud to Cloud,14783,19149,8
2026-10-07T14:03:43.233063118Z,17.42952,110.143827,Cloud to Ground,23843,0,14
2026-10-07T14:03:46.915745000Z,9.2128,125.3898,Cloud to Ground,15917,0,5
2026-10-07T14:03:49.094721096Z,14.593554,119.499258,Cloud to Ground,-29999,0,11
2026-10-07T14:03:49.205236000Z,16.0957,120.3412,Cloud to Ground,2599,0,6
2026-10-07T14:03:49.255895000Z,14.547,119.2326,Cloud to Ground,-21884,0,8
2026-10-07T14:03:50.822728641Z,3.333001,116.388437,Cloud to Ground,32991,0,12
2026-10-07T14:03:51.272655209Z,16.259578,119.335682,Cloud to Cloud,15452,12340,7
2026-10-07T14:03:52.083594055Z,14.591088,119.407609,Cloud to Ground,-14804,0,8
2026-10-07T14:03:53.355671558Z,15.692785,125.148749,Cloud to Ground,35909,0,7
2026-10-07T14:03:54.351167749Z,14.642166,119.291584,Cloud to Cloud,-11767,3041,6
2026-10-07T14:03:57.208160255Z,14.677365,119.441109,Cloud to Ground,-24451,0,7
2026-10-07T14:03:58.912117996Z,18.726502,116.321349,Cloud to Ground,-33931,0,7
2026-10-07T14:03:58.788690687Z,18.747879,116.295762,Cloud to Ground,22415,0,10
2026-10-07T14:03:58.943798949Z,18.760679,116.305316,Cloud to Ground,25549,0,9
2026-10-07T14:03:58.959779837Z,17.595329,117.738586,Cloud to Ground,-138049,0,17
2026-10-07T14:03:59.006064792Z,17.594441,117.732091,Cloud to Ground,-61734,0,19
2026-10-07T14:03:59.097140331Z,17.598639,117.732683,Cloud to Ground,-37349,0,12
2026-10-07T14:03:59.045705951Z,17.582586,117.723473,Cloud to Ground,-31973,0,10
2026-10-07T14:03:58.579707701Z,15.431266,119.388448,Cloud to Ground,-15230,0,9
2026-10-07T14:03:59.353833439Z,14.619177,119.373724,Cloud to Ground,-13957,0,6
2026-10-07T14:03:59.086920000Z,14.8159,119.4487,Cloud to Ground,28934,0,7
2026-10-07T14:03:59.158536699Z,10.835798,117.676313,Cloud to Ground,-60531,0,14
2026-10-07T14:03:59.150410000Z,17.7757,117.9134,Cloud to Ground,-31212,0,7
2026-10-07T14:03:59.288494000Z,14.5477,119.2155,Cloud to Ground,-22058,0,5
2026-10-07T14:04:01.322655105Z,8.991782,128.752746,Cloud to Ground,-31183,0,24
2026-10-07T14:04:00.923567000Z,9.0161,128.7465,Cloud to Ground,-5059,0,11
2026-10-07T14:04:01.250864811Z,14.802533,119.207705,Cloud to Ground,-14570,0,15
2026-10-07T14:04:02.679701480Z,14.6485,119.063635,Cloud to Cloud,11066,6537,7
2026-10-07T14:04:03.101221885Z,18.55398,115.334954,Cloud to Ground,16756,0,14
2026-10-07T14:04:04.231540566Z,15.128297,125.366277,Cloud to Cloud,29069,4429,15
2026-10-07T14:04:04.135206432Z,18.638404,115.403379,Cloud to Cloud,-7952,4099,7
2026-10-07T14:04:07.016336060Z,14.57596,119.321558,Cloud to Ground,-53552,0,12
2026-10-07T14:04:07.279382168Z,14.590574,119.41815,Cloud to Ground,-22049,0,9
2026-10-07T14:04:07.408157832Z,14.581365,119.410753,Cloud to Ground,-18032,0,6
2026-10-07T14:04:07.433489490Z,14.600681,119.403073,Cloud to Ground,-12830,0,10
2026-10-07T14:04:07.384187836Z,14.577243,119.407142,Cloud to Ground,-11926,0,7
2026-10-07T14:04:07.339534682Z,14.672545,119.455162,Cloud to Ground,-10382,0,6
2026-10-07T14:04:07.478371855Z,14.635017,119.313731,Cloud to Cloud,11354,5384,5
2026-10-07T14:04:07.224931000Z,14.7636,119.372,Cloud to Ground,13324,0,5
2026-10-07T14:04:07.130649000Z,14.6594,119.3468,Cloud to Ground,16073,0,6
2026-10-07T14:04:06.780947563Z,14.729913,119.366373,Cloud to Ground,62146,0,7
2026-10-07T14:04:07.068587000Z,14.457,119.2699,Cloud to Ground,-17792,0,6
2026-10-07T14:04:08.379034103Z,14.676943,119.392329,Cloud to Ground,-8783,0,7
2026-10-07T14:04:10.495657317Z,14.580719,119.290219,Cloud to Cloud,-6876,6060,9
2026-10-07T14:04:10.726651189Z,14.582127,119.311453,Cloud to Cloud,-6522,9327,6
2026-10-07T14:04:10.594734774Z,14.630846,119.318832,Cloud to Cloud,-4132,7408,7
2026-10-07T14:04:10.845750747Z,14.60062,119.372643,Cloud to Cloud,7448,19882,6
2026-10-07T14:04:11.489387546Z,15.150877,119.749213,Cloud to Cloud,7585,13023,6
2026-10-07T14:04:15.484548870Z,3.212044,116.310437,Cloud to Ground,-26258,0,14
2026-10-07T14:04:16.814820974Z,14.554978,119.527195,Cloud to Ground,-20074,0,7
2026-10-07T14:04:16.846643066Z,14.541026,119.53043,Cloud to Ground,-14729,0,7
2026-10-07T14:04:16.579067179Z,15.461459,119.402916,Cloud to Ground,-11636,0,11
2026-10-07T14:04:16.769581923Z,15.454883,119.40658,Cloud to Cloud,-7900,13059,9
2026-10-07T14:04:16.962759812Z,15.046219,121.360622,Cloud to Cloud,-12905,6419,8
2026-10-07T14:04:17.605143970Z,14.541477,119.529388,Cloud to Ground,-9833,0,6
2026-10-07T14:04:17.365622000Z,14.5634,119.4095,Cloud to Ground,-8254,0,6
2026-10-07T14:04:17.069871612Z,15.185463,121.393184,Cloud to Ground,-32559,0,8
2026-10-07T14:04:23.875919423Z,14.722922,119.182139,Cloud to Cloud,12402,19738,8
2026-10-07T14:04:24.565376475Z,14.527998,119.317312,Cloud to Cloud,18657,3045,12
2026-10-07T14:04:28.943934550Z,7.307551,127.382536,Cloud to Ground,18051,0,11
2026-10-07T14:04:28.686133000Z,7.2583,127.3695,Cloud to Ground,77983,0,5
2026-10-07T14:04:28.303911860Z,14.569286,119.497293,Cloud to Ground,-47477,0,7
2026-10-07T14:04:29.591919816Z,7.204642,127.546025,Cloud to Ground,12951,0,13
2026-10-07T14:04:29.477112000Z,7.3394,127.5364,Cloud to Ground,-16072,0,6
2026-10-07T14:04:30.398958873Z,14.607046,119.229661,Cloud to Ground,-21328,0,11
2026-10-07T14:04:31.010609972Z,14.628369,119.331205,Cloud to Ground,-22375,0,9
2026-10-07T14:04:31.173185368Z,14.62439,119.328648,Cloud to Ground,-12415,0,7
2026-10-07T14:04:31.296710382Z,14.615924,119.32583,Cloud to Ground,-9058,0,6
2026-10-07T14:04:31.191049815Z,15.290512,119.820898,Cloud to Ground,-11545,0,10
2026-10-07T14:04:31.136351000Z,15.6091,120.0545,Cloud to Ground,23155,0,6
2026-10-07T14:04:32.933690240Z,14.703839,119.418534,Cloud to Cloud,-2840,7262,5
2026-10-07T14:04:32.340177000Z,15.6243,119.4766,Cloud to Ground,26640,0,8
2026-10-07T14:04:33.736915337Z,15.380628,125.419352,Cloud to Ground,-13738,0,10
2026-10-07T14:04:33.752634765Z,15.381621,125.429638,Cloud to Cloud,5931,3004,7
2026-10-07T14:04:34.102655172Z,15.243716,119.774801,Cloud to Cloud,10775,4557,10
2026-10-07T14:04:38.429949595Z,14.580168,119.334487,Cloud to Ground,-20078,0,9
2026-10-07T14:04:38.156322532Z,14.546451,119.326931,Cloud to Ground,-15754,0,7
2026-10-07T14:04:38.571892041Z,14.558837,119.330329,Cloud to Ground,-15623,0,9
2026-10-07T14:04:38.555248000Z,14.7806,119.4412,Cloud to Ground,8068,0,5
2026-10-07T14:04:39.820384624Z,14.632957,119.251433,Cloud to Cloud,-3904,15521,6
2026-10-07T14:04:39.843284799Z,14.69863,119.249686,Cloud to Cloud,16730,19381,8
2026-10-07T14:04:40.917626554Z,14.514948,119.245983,Cloud to Ground,-35805,0,6
2026-10-07T14:04:41.231529855Z,14.47109,119.241621,Cloud to Ground,-15000,0,7
2026-10-07T14:04:39.482856674Z,14.543925,119.202065,Cloud to Cloud,-12053,4268,7
2026-10-07T14:04:40.679417458Z,14.511054,119.2422,Cloud to Cloud,-9682,5701,7
2026-10-07T14:04:39.500367153Z,14.528617,119.305816,Cloud to Cloud,4330,9538,8
2026-10-07T14:04:40.073065209Z,14.512757,119.27643,Cloud to Cloud,14881,3084,12
2026-10-07T14:04:40.252516000Z,14.8229,119.2592,Cloud to Ground,16385,0,5
2026-10-07T14:04:42.607098657Z,8.848968,128.643524,Cloud to Ground,37021,0,9
2026-10-07T14:04:42.607791097Z,8.926313,128.753325,Cloud to Ground,20782,0,18
2026-10-07T14:04:42.510069333Z,3.243192,116.356065,Cloud to Ground,-16725,0,12
2026-10-07T14:04:42.532026595Z,3.229786,116.354761,Cloud to Ground,13071,0,10
2026-10-07T14:04:42.944424244Z,3.257059,116.250056,Cloud to Ground,9546,0,10
2026-10-07T14:04:43.035175000Z,15.4464,119.1963,Cloud to Ground,-6910,0,6
2026-10-07T14:04:47.749944433Z,14.616162,119.481045,Cloud to Cloud,6609,7954,7
2026-10-07T14:04:48.505283903Z,14.58916,119.303751,Cloud to Ground,-6933,0,8
2026-10-07T14:04:52.896592340Z,8.988112,128.84733,Cloud to Ground,-29305,0,10
2026-10-07T14:04:52.711569966Z,14.597991,119.416686,Cloud to Ground,-23137,0,9
2026-10-07T14:04:52.646159000Z,14.5759,119.3197,Cloud to Ground,-10224,0,5
2026-10-07T14:04:53.285901517Z,14.612765,119.398301,Cloud to Ground,-7082,0,5
2026-10-07T14:04:53.697530295Z,14.525353,119.344646,Cloud to Ground,29169,0,13
2026-10-07T14:04:53.755443388Z,14.638453,119.492362,Cloud to Cloud,10839,16825,10
2026-10-07T14:04:54.130087670Z,14.698215,119.302294,Cloud to Cloud,-11477,6033,6
2026-10-07T14:04:54.508115240Z,14.629243,119.282953,Cloud to Cloud,22661,5214,8
2026-10-07T14:04:59.376320437Z,3.21165,116.307317,Cloud to Ground,-27131,0,12
2026-10-07T14:05:00.796916100Z,15.438321,119.397602,Cloud to Ground,63295,0,7
2026-10-07T14:05:00.942333000Z,15.5138,119.2832,Cloud to Ground,41943,0,7
2026-10-07T14:05:05.865227951Z,14.569245,119.335264,Cloud to Cloud,11828,9198,9
2026-10-07T14:05:05.732988259Z,14.641373,119.41604,Cloud to Cloud,-3362,19191,7
2026-10-07T14:05:06.288532530Z,14.670266,119.298125,Cloud to Cloud,13562,3004,9
2026-10-07T14:05:05.686822788Z,14.703264,119.335379,Cloud to Cloud,18598,6684,8
2026-10-07T14:05:09.644234909Z,7.277509,128.022993,Cloud to Cloud,17930,3244,13
2026-10-07T14:05:09.676646000Z,7.4599,127.9153,Cloud to Ground,-12721,0,5
2026-10-07T14:05:09.647668000Z,7.4651,127.8825,Cloud to Ground,10369,0,8
2026-10-07T14:05:11.318977000Z,14.839,119.4292,Cloud to Ground,-8718,0,7
2026-10-07T14:05:14.952259901Z,17.197046,116.801362,Cloud to Ground,-14003,0,10
2026-10-07T14:05:15.250232659Z,17.156663,116.721766,Cloud to Cloud,8772,5672,8
2026-10-07T14:05:16.926066608Z,7.076323,127.463958,Cloud to Ground,-51818,0,17
2026-10-07T14:05:17.114343797Z,7.095985,127.698656,Cloud to Ground,-10046,0,7
2026-10-07T14:05:17.452022807Z,8.749397,128.870528,Cloud to Ground,-23663,0,8
2026-10-07T14:05:17.421643991Z,8.743989,128.911983,Cloud to Ground,-23125,0,7
2026-10-07T14:05:17.530821813Z,8.765397,128.841281,Cloud to Ground,-17957,0,18
2026-10-07T14:05:17.467760000Z,8.7437,128.7732,Cloud to Ground,-4873,0,11
2026-10-07T14:05:17.601429548Z,14.676229,119.377362,Cloud to Ground,-22806,0,9
2026-10-07T14:05:17.648053276Z,14.66601,119.376518,Cloud to Ground,-11335,0,7
2026-10-07T14:05:17.755120108Z,14.704244,119.36815,Cloud to Ground,-8792,0,8
2026-10-07T14:05:17.517549000Z,14.8629,119.3899,Cloud to Ground,48062,0,7
2026-10-07T14:05:18.504074246Z,18.721459,115.06859,Cloud to Cloud,-38021,3091,12
2026-10-07T14:05:18.558078288Z,18.74127,115.05126,Cloud to Ground,25916,0,16
2026-10-07T14:05:19.530218195Z,14.671286,119.285904,Cloud to Ground,-26040,0,10
2026-10-07T14:05:21.148559137Z,17.231703,116.53839,Cloud to Ground,-116905,0,18
2026-10-07T14:05:21.249533571Z,17.178228,116.542301,Cloud to Ground,-57522,0,15
2026-10-07T14:05:21.157455227Z,17.183729,116.569896,Cloud to Cloud,-14007,3416,10
2026-10-07T14:05:21.185465000Z,17.3146,116.5587,Cloud to Ground,-5456,0,8
2026-10-07T14:05:21.367891168Z,17.163091,116.514593,Cloud to Cloud,14220,5259,11
2026-10-07T14:05:21.282276000Z,17.4139,116.8253,Cloud to Ground,24897,0,5
2026-10-07T14:05:22.480808642Z,15.253334,119.645211,Cloud to Ground,-10821,0,7
2026-10-07T14:05:22.414579055Z,15.197198,119.738034,Cloud to Ground,-11156,0,7
2026-10-07T14:05:22.010694275Z,15.409484,119.390635,Cloud to Ground,-17627,0,11
2026-10-07T14:05:22.096918313Z,15.425104,119.390166,Cloud to Ground,-7600,0,7
2026-10-07T14:05:22.147277000Z,15.0961,119.4663,Cloud to Ground,2576,0,6
2026-10-07T14:05:26.462990185Z,14.513272,119.225102,Cloud to Ground,34995,0,9
2026-10-07T14:05:26.595841433Z,14.61246,119.265224,Cloud to Cloud,-3330,13777,6
2026-10-07T14:05:27.162574200Z,18.604408,115.297888,Cloud to Cloud,-29448,10696,11
2026-10-07T14:05:27.348261676Z,18.526965,115.226799,Cloud to Ground,-11401,0,7
2026-10-07T14:05:27.821486964Z,18.571839,115.277527,Cloud to Ground,33974,0,11
2026-10-07T14:05:27.347360065Z,18.598912,115.317805,Cloud to Ground,38578,0,10
2026-10-07T14:05:27.239187000Z,18.7165,115.1779,Cloud to Ground,-11519,0,5
2026-10-07T14:05:27.208036000Z,18.6862,115.2347,Cloud to Ground,10083,0,13
2026-10-07T14:05:27.269213000Z,18.7252,115.3513,Cloud to Ground,514,0,7
2026-10-07T14:05:27.767092421Z,14.558341,119.302381,Cloud to Ground,-21313,0,10
2026-10-07T14:05:27.510696762Z,14.685722,119.318375,Cloud to Ground,-13872,0,6
2026-10-07T14:05:27.707309000Z,14.7252,119.3735,Cloud to Ground,32678,0,8
2026-10-07T14:05:27.677065000Z,14.7031,119.3159,Cloud to Ground,84744,0,9
2026-10-07T14:05:27.262177000Z,14.7385,119.1109,Cloud to Ground,28888,0,8
2026-10-07T14:05:27.791200000Z,16.2841,120.0549,Cloud to Ground,-22122,0,5
2026-10-07T14:05:28.562164065Z,14.580465,119.384386,Cloud to Ground,-14210,0,7
2026-10-07T14:05:28.463067000Z,14.6552,119.3601,Cloud to Ground,12865,0,5
2026-10-07T14:05:28.052654000Z,14.632,119.0873,Cloud to Ground,35928,0,7
2026-10-07T14:05:28.287966000Z,6.9962,127.0854,Cloud to Ground,7103,0,7
2026-10-07T14:05:29.324798057Z,15.262547,119.665788,Cloud to Cloud,8012,8922,10
2026-10-07T14:05:32.488513460Z,14.584247,119.484985,Cloud to Ground,-26741,0,7
2026-10-07T14:05:32.374426345Z,14.534697,119.49387,Cloud to Ground,-14482,0,13
2026-10-07T14:05:32.538253814Z,14.545674,119.474911,Cloud to Ground,-10519,0,7
2026-10-07T14:05:33.999041809Z,15.393815,119.27587,Cloud to Ground,-27252,0,11
2026-10-07T14:05:33.879059089Z,15.184854,119.298963,Cloud to Ground,29696,0,7
2026-10-07T14:05:34.431341516Z,14.491251,119.349806,Cloud to Ground,39089,0,7
2026-10-07T14:05:34.433605953Z,14.651981,119.398036,Cloud to Ground,19487,0,7
2026-10-07T14:05:35.482909698Z,10.807035,117.535366,Cloud to Ground,30968,0,16
2026-10-07T14:05:35.225666000Z,10.9125,117.64,Cloud to Ground,24239,0,7
2026-10-07T14:05:38.551116899Z,14.680393,119.207581,Cloud to Cloud,29291,5612,11
2026-10-07T14:05:41.881118585Z,9.136153,125.40789,Cloud to Cloud,29993,8604,12
2026-10-07T14:05:41.451235137Z,14.749626,119.235653,Cloud to Ground,-12311,0,7
2026-10-07T14:05:41.713529876Z,14.573349,119.252167,Cloud to Cloud,22429,7835,9
2026-10-07T14:05:43.598457067Z,14.659647,119.354665,Cloud to Cloud,-3938,3005,7
2026-10-07T14:05:44.554382000Z,16.1539,127.1491,Cloud to Ground,-20155,0,5
2026-10-07T14:05:45.965306319Z,15.432388,119.392453,Cloud to Cloud,-12899,3010,9
2026-10-07T14:05:45.995827049Z,15.454739,119.337476,Cloud to Cloud,15672,3432,7
2026-10-07T14:05:45.829592131Z,15.3992,119.313331,Cloud to Ground,29398,0,7
2026-10-07T14:05:47.252418674Z,14.614091,119.299534,Cloud to Ground,-10095,0,6
2026-10-07T14:05:48.748594196Z,14.573387,119.4348,Cloud to Ground,-48611,0,8
2026-10-07T14:05:48.805962488Z,14.554999,119.430503,Cloud to Ground,-48204,0,7
2026-10-07T14:05:49.082420183Z,14.566261,119.432368,Cloud to Ground,-36485,0,9
2026-10-07T14:05:49.207458659Z,14.578167,119.435453,Cloud to Ground,-14084,0,9
2026-10-07T14:05:48.835863372Z,14.633703,119.372171,Cloud to Cloud,18291,3037,6
2026-10-07T14:05:48.405015000Z,14.7999,119.173,Cloud to Ground,33072,0,5
2026-10-07T14:05:50.131689395Z,8.823373,126.481613,Cloud to Ground,-72431,0,11
2026-10-07T14:05:50.150888000Z,8.911,126.4885,Cloud to Ground,18159,0,6
2026-10-07T14:05:50.261228000Z,8.776,126.3842,Cloud to Ground,-37277,0,5
2026-10-07T14:05:50.164871000Z,8.8347,126.3673,Cloud to Ground,-21313,0,5
2026-10-07T14:05:50.426956374Z,15.991415,120.395487,Cloud to Cloud,-52941,3841,8
2026-10-07T14:05:51.135055000Z,14.9038,119.2616,Cloud to Ground,9241,0,6
2026-10-07T14:05:57.730611321Z,14.638544,119.255891,Cloud to Ground,-13650,0,10
2026-10-07T14:05:58.312687500Z,8.830227,126.77759,Cloud to Ground,-68244,0,12
2026-10-07T14:05:58.442349305Z,8.828889,126.759938,Cloud to Ground,-29741,0,6
2026-10-07T14:05:58.413893438Z,8.870303,126.681118,Cloud to Cloud,-8274,5934,5
2026-10-07T14:06:04.223755000Z,15.5679,119.4251,Cloud to Ground,46274,0,7
2026-10-07T14:06:05.198374897Z,14.665079,119.377168,Cloud to Ground,-15554,0,11
2026-10-07T14:06:05.798560448Z,14.657216,119.386206,Cloud to Ground,-14259,0,9
2026-10-07T14:06:05.875648991Z,14.651369,119.361097,Cloud to Ground,-11915,0,12
2026-10-07T14:06:06.266856652Z,14.618881,119.380896,Cloud to Ground,-6980,0,7
2026-10-07T14:06:06.136394884Z,14.65858,119.374688,Cloud to Ground,-5428,0,7
2026-10-07T14:06:06.097648640Z,14.551735,119.338726,Cloud to Cloud,16358,4781,7
2026-10-07T14:06:10.697046000Z,14.6824,119.0483,Cloud to Ground,38242,0,7
2026-10-07T14:06:12.742010756Z,16.279545,119.362518,Cloud to Cloud,23490,3339,8
2026-10-07T14:06:14.302729253Z,14.53365,119.386885,Cloud to Ground,-34384,0,9
2026-10-07T14:06:14.905878243Z,14.544866,119.47685,Cloud to Ground,-25688,0,7
2026-10-07T14:06:14.252147301Z,14.556507,119.380065,Cloud to Cloud,4607,18252,7
2026-10-07T14:06:14.445565038Z,14.601026,119.081395,Cloud to Cloud,6751,3960,8
2026-10-07T14:06:14.413131000Z,10.4006,125.0643,Cloud to Ground,13402,0,5
2026-10-07T14:06:15.686592502Z,14.574152,119.284809,Cloud to Ground,40906,0,9
2026-10-07T14:06:15.768654000Z,14.8635,119.3056,Cloud to Ground,26176,0,5
2026-10-07T14:06:15.799360557Z,14.683419,119.241163,Cloud to Ground,-10298,0,5
2026-10-07T14:06:15.738026000Z,14.7333,119.0332,Cloud to Ground,12687,0,7
2026-10-07T14:06:17.659767330Z,14.539109,119.323575,Cloud to Cloud,22216,15259,8
2026-10-07T14:06:17.518049197Z,14.631172,119.269598,Cloud to Cloud,-5628,5348,7
2026-10-07T14:06:17.530165000Z,14.7039,119.1545,Cloud to Ground,16887,0,10
2026-10-07T14:06:18.774092343Z,15.416469,119.289686,Cloud to Ground,-10677,0,8
2026-10-07T14:06:18.334758819Z,14.631633,119.341012,Cloud to Cloud,7375,8139,7
2026-10-07T14:06:18.699282452Z,15.437268,119.392236,Cloud to Ground,-14368,0,11
2026-10-07T14:06:18.809914897Z,15.444109,119.384311,Cloud to Ground,-7787,0,7
2026-10-07T14:06:18.629387006Z,15.273499,119.334296,Cloud to Ground,28104,0,7
2026-10-07T14:06:18.114599000Z,6.8403,127.1045,Cloud to Ground,-8182,0,7
2026-10-07T14:06:18.402743000Z,7.0084,127.2698,Cloud to Ground,-8614,0,7
2026-10-07T14:06:26.501426573Z,14.675832,119.206416,Cloud to Cloud,4763,19747,5
2026-10-07T14:06:28.470733549Z,14.728496,119.323228,Cloud to Ground,-12586,0,11
2026-10-07T14:06:29.953869879Z,14.637925,119.357153,Cloud to Ground,-31242,0,8
2026-10-07T14:06:30.430130279Z,14.659443,119.357791,Cloud to Ground,-21929,0,9
2026-10-07T14:06:29.887392321Z,14.660041,119.362081,Cloud to Ground,-21507,0,9
2026-10-07T14:06:29.984323856Z,14.644144,119.364238,Cloud to Ground,-15521,0,10
2026-10-07T14:06:30.020324664Z,14.640848,119.359686,Cloud to Ground,-14194,0,8
2026-10-07T14:06:29.903960481Z,14.704708,119.303425,Cloud to Cloud,16795,14756,7
2026-10-07T14:06:30.512969654Z,14.559734,119.278714,Cloud to Cloud,-17591,5452,8
2026-10-07T14:06:29.916449207Z,14.620357,119.26034,Cloud to Ground,-5046,0,6
2026-10-07T14:06:30.089218756Z,14.611434,119.11415,Cloud to Cloud,9188,3041,7
2026-10-07T14:06:30.488225950Z,14.496731,119.384547,Cloud to Cloud,-8116,5694,6
2026-10-07T14:06:31.180165255Z,14.820399,119.9267,Cloud to Ground,14280,0,7
2026-10-07T14:06:31.416476043Z,14.527929,119.261304,Cloud to Cloud,3607,4629,7
2026-10-07T14:06:34.238548385Z,14.599682,119.352076,Cloud to Cloud,5249,10678,8
2026-10-07T14:06:35.417873547Z,16.055537,120.285899,Cloud to Ground,-9387,0,11
2026-10-07T14:06:36.027811000Z,15.4417,119.2267,Cloud to Ground,-15040,0,7
2026-10-07T14:06:38.786464968Z,17.502415,117.959516,Cloud to Ground,-14235,0,9
2026-10-07T14:06:38.810134842Z,14.547331,119.372818,Cloud to Ground,-42692,0,11
2026-10-07T14:06:39.001376000Z,14.6102,119.3733,Cloud to Ground,-21348,0,7
2026-10-07T14:06:39.163201157Z,14.55811,119.457735,Cloud to Ground,-19031,0,6
2026-10-07T14:06:39.131087075Z,14.549338,119.455895,Cloud to Ground,-16851,0,8
2026-10-07T14:06:38.871627904Z,14.550761,119.456823,Cloud to Ground,-15770,0,7
2026-10-07T14:06:39.053533033Z,14.554372,119.453896,Cloud to Ground,-10840,0,7
2026-10-07T14:06:39.000285000Z,14.6267,119.4433,Cloud to Ground,-7079,0,7
2026-10-07T14:06:38.164511742Z,14.581548,119.075247,Cloud to Cloud,7748,4094,7
2026-10-07T14:06:38.160424345Z,14.674894,119.186836,Cloud to Cloud,-11767,14442,8
2026-10-07T14:06:38.077854645Z,14.613627,119.193571,Cloud to Cloud,21944,15123,10
2026-10-07T14:06:39.936396000Z,9.0634,125.3198,Cloud to Ground,1474,0,5
2026-10-07T14:06:41.192755246Z,7.083131,127.462581,Cloud to Ground,-33342,0,11
2026-10-07T14:06:41.657317000Z,7.137,127.6179,Cloud to Ground,-14805,0,5
2026-10-07T14:06:41.424924750Z,7.149136,127.747737,Cloud to Ground,-49761,0,14
2026-10-07T14:06:41.263784378Z,7.143507,127.76357,Cloud to Ground,-42282,0,11
2026-10-07T14:06:41.345414000Z,7.1183,127.7401,Cloud to Ground,-34021,0,6
2026-10-07T14:06:47.043783191Z,14.685763,119.220475,Cloud to Ground,-52399,0,12
2026-10-07T14:06:48.057737813Z,18.635397,115.274529,Cloud to Ground,-52692,0,10
2026-10-07T14:06:48.143041982Z,18.617343,115.267711,Cloud to Ground,65239,0,7
2026-10-07T14:06:49.025770149Z,17.638703,131.328264,Cloud to Ground,-37379,0,12
2026-10-07T14:06:49.076070248Z,17.661485,131.277959,Cloud to Ground,-16983,0,10
2026-10-07T14:06:49.121015631Z,17.78207,131.210789,Cloud to Ground,-23203,0,12
2026-10-07T14:06:49.121426000Z,18.7558,131.8458,Cloud to Ground,103409,0,6
2026-10-07T14:06:50.355770669Z,4.499244,117.613693,Cloud to Cloud,-26027,3318,7
2026-10-07T14:06:50.343959550Z,4.422354,117.617674,Cloud to Ground,31183,0,16
2026-10-07T14:06:50.312895456Z,4.417187,117.64833,Cloud to Ground,56306,0,12
2026-10-07T14:06:51.969161000Z,16.2133,120.1579,Cloud to Ground,-11985,0,7
2026-10-07T14:06:53.841228194Z,15.823857,126.770174,Cloud to Cloud,30898,17678,11
2026-10-07T14:07:01.644285318Z,14.698249,119.335004,Cloud to Ground,-43430,0,7
2026-10-07T14:07:01.743433579Z,14.691812,119.331273,Cloud to Ground,-7230,0,7
2026-10-07T14:07:01.550211000Z,14.4261,119.1233,Cloud to Ground,-8195,0,5
2026-10-07T14:07:02.578943000Z,15.3611,119.671,Cloud to Ground,-12490,0,9
2026-10-07T14:07:05.860512758Z,14.553327,119.465279,Cloud to Ground,-50739,0,7
2026-10-07T14:07:05.968726458Z,14.577907,119.458931,Cloud to Ground,-24602,0,13
2026-10-07T14:07:05.092011065Z,14.640923,119.384767,Cloud to Ground,-19611,0,6
2026-10-07T14:07:05.159882776Z,14.658177,119.381592,Cloud to Ground,-16343,0,6
2026-10-07T14:07:05.518226000Z,14.6298,119.2959,Cloud to Ground,20650,0,9
2026-10-07T14:07:05.272974817Z,14.717805,119.288405,Cloud to Ground,30130,0,14
2026-10-07T14:07:09.113796693Z,14.716835,119.327939,Cloud to Ground,-46381,0,7
2026-10-07T14:07:09.317497729Z,14.666912,119.318514,Cloud to Ground,-12888,0,6
2026-10-07T14:07:09.273957838Z,14.726346,119.312765,Cloud to Ground,-8713,0,10
2026-10-07T14:07:08.981233000Z,14.7987,119.3182,Cloud to Ground,43937,0,8
2026-10-07T14:07:09.036303000Z,17.2329,116.6232,Cloud to Ground,-16738,0,9
2026-10-07T14:07:09.693605000Z,2.8364,117.0074,Cloud to Ground,4958,0,11
2026-10-07T14:07:10.734583284Z,3.210536,116.254379,Cloud to Ground,-11429,0,7
2026-10-07T14:07:10.453091542Z,15.334595,119.343144,Cloud to Ground,-15971,0,7
2026-10-07T14:07:10.503162636Z,15.402269,119.352376,Cloud to Ground,-7882,0,8
2026-10-07T14:07:11.550399815Z,3.286272,116.261149,Cloud to Ground,13550,0,9
2026-10-07T14:07:11.750075000Z,14.6176,119.2571,Cloud to Ground,-13619,0,8
2026-10-07T14:07:11.820856842Z,14.652967,119.256841,Cloud to Cloud,-11014,10231,8
2026-10-07T14:07:11.865342090Z,14.687808,119.321181,Cloud to Cloud,6351,16058,7
2026-10-07T14:07:14.332442017Z,14.637197,119.323101,Cloud to Ground,-18012,0,9
2026-10-07T14:07:13.664045000Z,14.5737,119.1888,Cloud to Ground,-15011,0,5
2026-10-07T14:07:14.334093920Z,14.591818,119.275703,Cloud to Cloud,-12967,6614,12
2026-10-07T14:07:14.526705942Z,14.563187,119.313301,Cloud to Ground,32606,0,7
2026-10-07T14:07:14.030468000Z,14.8358,119.4387,Cloud to Ground,263,0,5
2026-10-07T14:07:14.189457000Z,14.8873,119.2171,Cloud to Ground,434,0,9
2026-10-07T14:07:19.774763751Z,14.485155,119.30789,Cloud to Cloud,-20695,17963,12
2026-10-07T14:07:19.610083343Z,15.24194,119.354403,Cloud to Cloud,-19300,3132,7
2026-10-07T14:07:19.163921521Z,17.138009,116.674072,Cloud to Ground,16527,0,12
2026-10-07T14:07:20.970763000Z,7.063,127.2222,Cloud to Ground,-75062,0,5
2026-10-07T14:07:20.963876123Z,7.048405,127.259521,Cloud to Cloud,-25259,3182,29
2026-10-07T14:07:20.269953977Z,14.657293,119.270607,Cloud to Cloud,-13763,12126,9
2026-10-07T14:07:19.811817819Z,14.638626,119.268528,Cloud to Cloud,3918,15831,7
2026-10-07T14:07:19.476580614Z,14.586898,119.292996,Cloud to Cloud,5789,15923,5
2026-10-07T14:07:21.025979113Z,6.994836,127.346785,Cloud to Ground,-72190,0,9
2026-10-07T14:07:23.523241196Z,14.829226,119.239134,Cloud to Ground,-16562,0,16
2026-10-07T14:07:23.638449088Z,14.739004,119.313429,Cloud to Ground,-14675,0,10
2026-10-07T14:07:23.717041670Z,14.704748,119.317961,Cloud to Ground,-9143,0,6
2026-10-07T14:07:26.704580000Z,10.4677,125.1567,Cloud to Ground,-19316,0,8
2026-10-07T14:07:26.696061000Z,10.4719,125.2154,Cloud to Ground,15085,0,8
2026-10-07T14:07:28.010643359Z,14.661906,119.378613,Cloud to Ground,-9940,0,9
2026-10-07T14:07:32.797565000Z,14.7716,119.3195,Cloud to Ground,56349,0,9
2026-10-07T14:07:35.175377906Z,14.578004,119.293944,Cloud to Cloud,-24486,4467,7
2026-10-07T14:07:35.173777352Z,14.658591,119.26637,Cloud to Cloud,-5558,3690,8
2026-10-07T14:07:35.158734430Z,14.698192,119.147309,Cloud to Cloud,13909,3432,8
2026-10-07T14:07:34.835261278Z,14.694987,119.20264,Cloud to Ground,16083,0,12
2026-10-07T14:07:36.537691057Z,8.835398,126.754267,Cloud to Ground,-49649,0,10
2026-10-07T14:07:36.624714000Z,8.7962,126.7026,Cloud to Ground,-16682,0,6
2026-10-07T14:07:38.660358257Z,17.122253,116.587561,Cloud to Cloud,5416,3017,9
2026-10-07T14:07:38.606118683Z,17.167894,116.707219,Cloud to Ground,25089,0,9
2026-10-07T14:07:41.226913595Z,14.576342,119.240705,Cloud to Ground,-8871,0,7
2026-10-07T14:07:41.010029942Z,14.56343,119.377495,Cloud to Cloud,5040,15295,7
2026-10-07T14:07:41.655257364Z,14.640832,119.380728,Cloud to Ground,20574,0,7
2026-10-07T14:07:42.216575273Z,18.80953,113.276117,Cloud to Ground,50774,0,13
2026-10-07T14:07:45.056123000Z,15.6343,119.5404,Cloud to Ground,-20037,0,5
2026-10-07T14:07:45.496024000Z,14.7525,119.4271,Cloud to Ground,-10138,0,7
2026-10-07T14:07:45.830508000Z,14.8117,119.8579,Cloud to Ground,-17993,0,7
2026-10-07T14:07:45.482454000Z,14.8488,119.8232,Cloud to Ground,4967,0,10
2026-10-07T14:07:45.059313539Z,15.508071,119.347287,Cloud to Cloud,20611,3074,7
2026-10-07T14:07:45.171464000Z,15.5011,119.3789,Cloud to Ground,25641,0,5
2026-10-07T14:07:45.543425370Z,15.822059,125.148362,Cloud to Cloud,12740,3004,8
2026-10-07T14:07:48.572018275Z,14.80006,119.245835,Cloud to Ground,-24546,0,14
2026-10-07T14:07:48.706339191Z,14.710446,119.189734,Cloud to Ground,-17326,0,12
2026-10-07T14:07:48.596878084Z,14.677975,119.312402,Cloud to Cloud,-6945,4770,6
2026-10-07T14:07:49.592261060Z,15.259366,125.286191,Cloud to Cloud,4769,3000,7
2026-10-07T14:07:49.589434137Z,15.260375,125.28413,Cloud to Cloud,5342,13653,8
2026-10-07T14:07:52.945246793Z,14.488544,119.228458,Cloud to Cloud,11870,6324,7
2026-10-07T14:07:53.339484499Z,14.643327,119.177439,Cloud to Cloud,-5248,5484,6
2026-10-07T14:07:53.631077930Z,14.641185,119.228637,Cloud to Cloud,8966,3092,13
2026-10-07T14:07:53.811705000Z,14.2721,119.1625,Cloud to Ground,-23660,0,7
2026-10-07T14:07:53.335171275Z,14.544642,119.302223,Cloud to Cloud,-4728,18699,7
2026-10-07T14:07:53.985681031Z,14.567784,119.501331,Cloud to Ground,-28860,0,10
2026-10-07T14:07:54.285779978Z,14.571928,119.502479,Cloud to Ground,-21150,0,10
2026-10-07T14:07:54.086478332Z,14.539977,119.498967,Cloud to Ground,-18010,0,7
2026-10-07T14:07:53.893881147Z,14.54204,119.498327,Cloud to Ground,-17134,0,8
2026-10-07T14:07:53.905358986Z,14.541475,119.498501,Cloud to Ground,-13822,0,7
2026-10-07T14:07:54.288693359Z,14.516289,119.436311,Cloud to Cloud,12625,3012,7
2026-10-07T14:07:54.302412366Z,14.618348,119.431516,Cloud to Cloud,15273,3707,7
2026-10-07T14:07:54.299400000Z,14.63,119.4028,Cloud to Ground,17892,0,6
2026-10-07T14:07:54.450615000Z,7.061,127.3292,Cloud to Ground,-26265,0,8
2026-10-07T14:07:54.328746000Z,14.7381,119.4908,Cloud to Ground,15013,0,6
2026-10-07T14:07:55.280764445Z,7.060269,127.114042,Cloud to Cloud,16238,6139,14
2026-10-07T14:07:58.253028901Z,14.718717,119.223871,Cloud to Ground,-12131,0,6
2026-10-07T14:07:58.238067397Z,14.668608,119.121638,Cloud to Ground,-14030,0,7
2026-10-07T14:08:00.442503547Z,16.159844,127.233169,Cloud to Cloud,-28441,13832,11
2026-10-07T14:08:00.464852463Z,16.15115,127.213257,Cloud to Ground,23695,0,12
2026-10-07T14:08:04.125959000Z,14.7416,119.3011,Cloud to Ground,17407,0,5
2026-10-07T14:08:05.333818805Z,14.611209,119.26644,Cloud to Ground,-22060,0,9
2026-10-07T14:08:05.765083339Z,14.876995,119.279192,Cloud to Ground,-29938,0,13
2026-10-07T14:08:06.486685822Z,14.588038,119.296304,Cloud to Ground,-41617,0,14
2026-10-07T14:08:06.498413986Z,14.590105,119.336281,Cloud to Cloud,-10785,18273,10
2026-10-07T14:08:06.703226697Z,19.226008,116.0354,Cloud to Ground,-69506,0,13
2026-10-07T14:08:06.798236414Z,19.236478,116.026702,Cloud to Ground,-26499,0,14
2026-10-07T14:08:08.124496612Z,14.609996,119.262038,Cloud to Cloud,10103,7031,6
2026-10-07T14:08:11.498511884Z,14.567681,119.385942,Cloud to Ground,-9224,0,10
2026-10-07T14:08:10.891273264Z,14.565592,119.319212,Cloud to Ground,28103,0,9
2026-10-07T14:08:11.112106000Z,14.666,119.6292,Cloud to Ground,6428,0,5
2026-10-07T14:08:12.026411034Z,7.184694,127.28784,Cloud to Ground,-18191,0,17
2026-10-07T14:08:12.012458314Z,7.200505,127.24035,Cloud to Ground,42692,0,18
2026-10-07T14:08:12.610565000Z,7.0805,127.0801,Cloud to Ground,19171,0,6
2026-10-07T14:08:13.441722806Z,17.798713,117.843581,Cloud to Cloud,4215,7479,6
2026-10-07T14:08:13.531784331Z,17.506985,117.919144,Cloud to Ground,-20141,0,12
2026-10-07T14:08:13.373516000Z,17.5002,117.8286,Cloud to Ground,1014,0,9
2026-10-07T14:08:14.304446443Z,15.42874,119.343317,Cloud to Ground,-14781,0,10
2026-10-07T14:08:14.170860658Z,15.272159,119.301499,Cloud to Ground,33992,0,8
2026-10-07T14:08:14.235103000Z,15.4202,119.1887,Cloud to Ground,-21887,0,10
2026-10-07T14:08:17.308804459Z,14.830116,119.091705,Cloud to Cloud,18446,9765,7
2026-10-07T14:08:17.834325927Z,14.746909,119.282227,Cloud to Cloud,15145,19600,11
2026-10-07T14:08:19.628168277Z,14.683791,119.316629,Cloud to Ground,-44504,0,7
2026-10-07T14:08:19.906820972Z,15.228478,119.383037,Cloud to Cloud,10717,10370,8
2026-10-07T14:08:20.371304968Z,14.64583,119.341978,Cloud to Cloud,-8616,3149,6
2026-10-07T14:08:20.470705696Z,14.642587,119.342232,Cloud to Cloud,-7113,11169,7
2026-10-07T14:08:20.886729089Z,14.657357,119.301934,Cloud to Cloud,16029,14845,7
2026-10-07T14:08:20.295112390Z,14.654637,119.151922,Cloud to Cloud,12680,3444,7
2026-10-07T14:08:22.090049895Z,8.838426,126.485433,Cloud to Ground,-65047,0,7
2026-10-07T14:08:25.895303000Z,8.8408,126.6903,Cloud to Ground,-37246,0,5
2026-10-07T14:08:25.803956478Z,8.828972,126.734301,Cloud to Ground,-25043,0,11
2026-10-07T14:08:25.068883000Z,7.0327,127.2501,Cloud to Ground,-14992,0,7
2026-10-07T14:08:27.913201103Z,14.525141,119.40192,Cloud to Ground,30538,0,7
2026-10-07T14:08:27.612301120Z,14.468937,119.270078,Cloud to Cloud,3032,14177,7
2026-10-07T14:08:27.387092892Z,14.687116,119.23194,Cloud to Cloud,-5050,3191,7
2026-10-07T14:08:28.277528619Z,14.671139,119.345987,Cloud to Ground,-8851,0,7
2026-10-07T14:08:30.286850322Z,16.250167,120.209473,Cloud to Ground,-11783,0,6
2026-10-07T14:08:30.238838168Z,16.231019,120.215877,Cloud to Ground,-8037,0,7
2026-10-07T14:08:30.400393868Z,16.256812,120.195489,Cloud to Ground,-7348,0,8
2026-10-07T14:08:30.717385818Z,16.344241,119.292174,Cloud to Cloud,-18504,4689,7
2026-10-07T14:08:30.484064343Z,16.387698,119.279347,Cloud to Cloud,-14555,7642,15
2026-10-07T14:08:34.215937807Z,14.487688,119.454859,Cloud to Cloud,-12446,5490,7
2026-10-07T14:08:34.629926643Z,14.641635,119.339258,Cloud to Cloud,-8138,17083,8
2026-10-07T14:08:35.744232449Z,14.541145,119.317714,Cloud to Ground,18011,0,9
2026-10-07T14:08:36.827850000Z,7.1629,127.7463,Cloud to Ground,9087,0,5
2026-10-07T14:08:37.061886965Z,7.220121,127.702428,Cloud to Ground,12973,0,10
2026-10-07T14:08:39.490593849Z,14.658047,119.306627,Cloud to Ground,-11638,0,7
2026-10-07T14:08:39.347979221Z,14.586733,119.278328,Cloud to Ground,38412,0,7
2026-10-07T14:08:42.212529140Z,8.298283,130.486038,Cloud to Ground,17998,0,14
2026-10-07T14:08:42.144598808Z,15.441403,119.362946,Cloud to Ground,-12258,0,13
2026-10-07T14:08:42.013518923Z,15.353642,119.293836,Cloud to Ground,69035,0,8
2026-10-07T14:08:42.622383793Z,14.675278,119.353347,Cloud to Ground,-19927,0,9
2026-10-07T14:08:42.502642131Z,14.678559,119.364185,Cloud to Ground,-19073,0,8
2026-10-07T14:08:42.803049390Z,14.654075,119.355817,Cloud to Ground,-13299,0,6
2026-10-07T14:08:43.353544048Z,14.686015,119.348773,Cloud to Ground,-12679,0,11
2026-10-07T14:08:42.897705471Z,14.652874,119.356691,Cloud to Cloud,-11695,7258,6
2026-10-07T14:08:42.387023000Z,14.707,119.2985,Cloud to Ground,-9732,0,7
2026-10-07T14:08:42.945002431Z,14.653159,119.357291,Cloud to Ground,-8884,0,6
2026-10-07T14:08:42.407194556Z,14.652145,119.356985,Cloud to Ground,-8851,0,6
2026-10-07T14:08:43.178831432Z,14.66373,119.356625,Cloud to Ground,-7053,0,8
2026-10-07T14:08:42.441901000Z,14.7424,119.2546,Cloud to Ground,11658,0,5
2026-10-07T14:08:43.426554458Z,14.727904,119.300495,Cloud to Cloud,13622,5800,6
2026-10-07T14:08:42.744657762Z,14.728895,119.301457,Cloud to Cloud,26028,3000,7
2026-10-07T14:08:42.576046854Z,14.7181,119.268347,Cloud to Ground,109667,0,15
2026-10-07T14:08:43.121437629Z,14.56159,119.309235,Cloud to Cloud,14901,3003,7
2026-10-07T14:08:45.211545858Z,14.51479,119.232881,Cloud to Cloud,-11392,9362,7
2026-10-07T14:08:45.226921542Z,14.640182,119.184095,Cloud to Cloud,-4760,3238,6
2026-10-07T14:08:47.120248266Z,14.642337,119.388122,Cloud to Cloud,-4313,12703,7
2026-10-07T14:08:52.854280958Z,14.716597,119.321758,Cloud to Ground,-51126,0,7
2026-10-07T14:08:52.767150000Z,14.8063,119.2813,Cloud to Ground,34049,0,6
2026-10-07T14:08:52.814908000Z,14.5505,119.1296,Cloud to Ground,4077,0,5
2026-10-07T14:08:53.569569927Z,14.650056,119.282286,Cloud to Ground,-26400,0,10
2026-10-07T14:08:53.570003000Z,15.6413,119.9434,Cloud to Ground,-2557,0,5
2026-10-07T14:08:55.921101785Z,14.566978,119.344434,Cloud to Cloud,-15630,4534,7
2026-10-07T14:08:56.804937962Z,14.77447,119.266232,Cloud to Cloud,16090,6149,8
2026-10-07T14:08:56.231599732Z,14.678434,119.311825,Cloud to Cloud,-6173,15431,7
2026-10-07T14:08:56.776381173Z,16.301455,120.258717,Cloud to Ground,-42725,0,12
2026-10-07T14:08:56.589093912Z,16.291018,120.229415,Cloud to Ground,-12992,0,7
2026-10-07T14:08:58.727225643Z,14.581232,119.393632,Cloud to Cloud,-22566,15676,7
2026-10-07T14:08:58.444045641Z,14.593426,119.398231,Cloud to Ground,-6896,0,7
2026-10-07T14:08:58.800807557Z,14.67539,119.343539,Cloud to Cloud,14497,3090,6
2026-10-07T14:08:59.298721067Z,14.633699,119.226266,Cloud to Cloud,-8562,12688,7
2026-10-07T14:08:59.007842846Z,14.635951,119.252254,Cloud to Cloud,7201,3036,7
2026-10-07T14:09:00.918229000Z,7.2053,127.4754,Cloud to Ground,14325,0,9
2026-10-07T14:09:00.911929000Z,7.3842,127.7385,Cloud to Ground,-1218,0,8
2026-10-07T14:09:04.105716932Z,14.710708,119.341214,Cloud to Ground,-20791,0,9
2026-10-07T14:09:04.401096230Z,14.699205,119.307306,Cloud to Ground,-10209,0,6
2026-10-07T14:09:04.522724962Z,14.706799,119.312501,Cloud to Ground,-9142,0,7
2026-10-07T14:09:04.278086386Z,14.696405,119.299287,Cloud to Cloud,-6369,19403,7
2026-10-07T14:09:04.281223885Z,15.454669,119.230587,Cloud to Cloud,5054,6442,7
2026-10-07T14:09:04.363394460Z,14.534654,119.249437,Cloud to Cloud,17349,9114,7
2026-10-07T14:09:04.187073000Z,14.738,119.0057,Cloud to Ground,22023,0,7
2026-10-07T14:09:05.990571145Z,7.374807,127.090073,Cloud to Ground,-12526,0,14
2026-10-07T14:09:05.490066000Z,7.0724,127.1295,Cloud to Ground,4575,0,5
2026-10-07T14:09:05.241425000Z,7.0553,127.1176,Cloud to Ground,9638,0,6
2026-10-07T14:09:06.362716448Z,14.582903,119.261022,Cloud to Cloud,11223,7693,8
2026-10-07T14:09:08.619520833Z,14.612135,119.260233,Cloud to Ground,-21299,0,7
2026-10-07T14:09:08.829687272Z,14.636447,119.292284,Cloud to Ground,-18166,0,8
2026-10-07T14:09:08.978492540Z,14.614281,119.288259,Cloud to Ground,-17214,0,6
2026-10-07T14:09:09.358975187Z,14.645934,119.280112,Cloud to Ground,-9740,0,11
2026-10-07T14:09:09.799311262Z,14.597964,119.287428,Cloud to Ground,-6698,0,7
2026-10-07T14:09:09.147570212Z,14.70452,119.265558,Cloud to Cloud,21498,3320,8
2026-10-07T14:09:08.576884127Z,14.599584,119.184014,Cloud to Cloud,22294,3036,7
2026-10-07T14:09:09.067153000Z,14.8428,119.4282,Cloud to Ground,7983,0,7
2026-10-07T14:09:12.090897810Z,14.698723,119.306392,Cloud to Ground,-6673,0,12
2026-10-07T14:09:12.054218345Z,14.749466,119.352873,Cloud to Ground,103982,0,8
2026-10-07T14:09:12.170438764Z,14.580561,119.283538,Cloud to Cloud,46112,3772,8
2026-10-07T14:09:13.465359624Z,14.566201,119.345662,Cloud to Cloud,12088,16681,10
2026-10-07T14:09:14.362924521Z,7.292565,112.001224,Cloud to Ground,-59397,0,7
2026-10-07T14:09:14.685872559Z,7.288429,112.054138,Cloud to Ground,-27124,0,10
2026-10-07T14:09:14.501266871Z,7.290023,112.059626,Cloud to Ground,-26397,0,12
2026-10-07T14:09:14.362172643Z,7.258139,112.101235,Cloud to Ground,-21113,0,12
2026-10-07T14:09:14.360800096Z,7.277772,112.009191,Cloud to Ground,-11412,0,10
2026-10-07T14:09:14.438138066Z,7.284569,112.084488,Cloud to Ground,53131,0,8
2026-10-07T14:09:14.378052051Z,7.297058,112.104463,Cloud to Ground,86660,0,7
2026-10-07T14:09:16.710306000Z,8.8001,126.6789,Cloud to Ground,-27440,0,8
2026-10-07T14:09:16.775497000Z,8.8075,126.6178,Cloud to Ground,-21069,0,8
2026-10-07T14:09:17.312390906Z,17.214844,116.641442,Cloud to Ground,-4357,0,5
2026-10-07T14:09:17.459056000Z,7.1902,127.7643,Cloud to Ground,13488,0,5
2026-10-07T14:09:17.493347000Z,8.7898,126.5627,Cloud to Ground,9954,0,5
2026-10-07T14:09:24.690729087Z,16.224535,120.407949,Cloud to Ground,-12810,0,7
2026-10-07T14:09:31.783722637Z,14.669709,119.341783,Cloud to Ground,-9356,0,7
2026-10-07T14:09:31.735497000Z,16.2558,120.1001,Cloud to Ground,38375,0,5
2026-10-07T14:09:35.071123707Z,14.613193,119.330386,Cloud to Ground,-9075,0,9
2026-10-07T14:09:35.225521153Z,14.589119,119.338865,Cloud to Ground,-7576,0,7
2026-10-07T14:09:35.423850543Z,14.426123,119.277669,Cloud to Cloud,27186,8439,8
2026-10-07T14:09:35.864357268Z,14.653534,119.242272,Cloud to Cloud,-4575,3799,5
2026-10-07T14:09:39.259248885Z,15.244761,125.289744,Cloud to Ground,-15513,0,9
2026-10-07T14:09:40.197038265Z,16.254732,120.230048,Cloud to Ground,-7688,0,9
2026-10-07T14:09:40.363959166Z,16.239664,120.34502,Cloud to Ground,-4585,0,7
2026-10-07T14:09:40.163656000Z,16.111,120.1857,Cloud to Ground,-22917,0,7
2026-10-07T14:09:40.471812000Z,16.093,120.1687,Cloud to Ground,-20329,0,5
2026-10-07T14:09:40.244215000Z,16.1048,120.1815,Cloud to Ground,-18997,0,7
2026-10-07T14:09:40.026348000Z,15.739,120.0548,Cloud to Ground,-10623,0,5
2026-10-07T14:09:43.863846844Z,14.704319,119.284845,Cloud to Ground,-17981,0,6
2026-10-07T14:09:44.073557569Z,14.72325,119.280033,Cloud to Ground,-8438,0,10
2026-10-07T14:09:43.829522658Z,14.697061,119.282717,Cloud to Ground,-7733,0,7
2026-10-07T14:09:43.913925000Z,14.8705,119.2551,Cloud to Ground,34321,0,9
2026-10-07T14:09:46.134282744Z,14.501166,119.20973,Cloud to Cloud,11186,3009,6
2026-10-07T14:09:47.416212651Z,14.645768,119.444259,Cloud to Ground,-36007,0,7
2026-10-07T14:09:47.328572305Z,14.630141,119.343088,Cloud to Ground,-17916,0,5
2026-10-07T14:09:47.219707000Z,14.8349,119.4721,Cloud to Ground,42957,0,6
2026-10-07T14:09:47.632135000Z,14.5057,119.2941,Cloud to Ground,-12271,0,5
2026-10-07T14:09:47.749997000Z,14.6881,119.214,Cloud to Ground,25314,0,10
2026-10-07T14:09:47.283241000Z,14.6618,119.2466,Cloud to Ground,29524,0,7
2026-10-07T14:09:48.208992287Z,7.046987,127.273718,Cloud to Cloud,-38682,13002,19
2026-10-07T14:09:48.112604987Z,7.197029,127.261372,Cloud to Ground,-37265,0,10
2026-10-07T14:09:55.224430087Z,14.638062,119.260837,Cloud to Ground,-8235,0,10
2026-10-07T14:09:54.632430737Z,14.558327,119.265972,Cloud to Ground,15812,0,7
2026-10-07T14:09:55.091819000Z,14.2478,119.0158,Cloud to Ground,-6993,0,5
2026-10-07T14:09:57.877515925Z,4.435603,117.603572,Cloud to Ground,19058,0,12
2026-10-07T14:09:58.008090637Z,14.518731,118.874706,Cloud to Cloud,5949,14814,8
2026-10-07T14:09:58.552605000Z,14.7415,119.1634,Cloud to Ground,24775,0,5
2026-10-07T14:09:58.234831900Z,14.825397,119.423767,Cloud to Ground,34507,0,7
2026-10-07T14:09:59.336058000Z,7.066,127.7618,Cloud to Ground,-30261,0,10
2026-10-07T14:09:59.449100794Z,7.109201,127.653189,Cloud to Ground,-60719,0,23
2026-10-07T14:09:59.485095000Z,7.1227,127.6664,Cloud to Ground,-13883,0,6
2026-10-07T14:09:59.341159878Z,18.526001,113.147802,Cloud to Ground,-85807,0,15
2026-10-07T14:09:59.573423467Z,18.567784,113.214889,Cloud to Ground,27805,0,10
2026-10-07T14:09:59.510402229Z,18.53235,113.104747,Cloud to Ground,69499,0,12
2026-10-07T14:09:59.192838894Z,18.527401,112.999033,Cloud to Ground,26951,0,8
2026-10-07T14:09:59.056343595Z,14.641165,119.116958,Cloud to Cloud,8764,13911,8
2026-10-07T14:10:03.628765858Z,17.155059,116.695161,Cloud to Cloud,13194,3021,8
2026-10-07T14:10:03.696666122Z,17.15461,116.685461,Cloud to Ground,18040,0,11
2026-10-07T14:10:03.520330289Z,17.157646,116.685666,Cloud to Ground,22546,0,11
2026-10-07T14:10:03.414159113Z,17.15423,116.6856,Cloud to Ground,25390,0,11
2026-10-07T14:10:03.571126538Z,17.154877,116.68472,Cloud to Ground,26231,0,11
2026-10-07T14:10:03.349522445Z,17.169994,116.687026,Cloud to Ground,30717,0,8
2026-10-07T14:10:03.691617189Z,14.591504,119.265801,Cloud to Ground,102713,0,8
2026-10-07T14:10:03.598808389Z,14.757314,119.202815,Cloud to Ground,65720,0,15
2026-10-07T14:10:04.940925263Z,3.021521,117.093668,Cloud to Cloud,-9094,7711,14
2026-10-07T14:10:05.144946571Z,2.879244,117.02384,Cloud to Ground,38045,0,11
2026-10-07T14:10:05.755209000Z,16.3513,120.1228,Cloud to Ground,-9721,0,10
2026-10-07T14:10:08.176417704Z,14.635965,119.326396,Cloud to Ground,-20395,0,10
2026-10-07T14:10:08.172495971Z,14.584334,119.344158,Cloud to Cloud,-16880,5224,7
2026-10-07T14:10:07.960940000Z,14.6683,119.231,Cloud to Ground,-13868,0,5
2026-10-07T14:10:08.038851000Z,14.7187,119.3277,Cloud to Ground,25131,0,6
2026-10-07T14:10:08.451232467Z,14.629258,119.249806,Cloud to Cloud,25275,3008,7
2026-10-07T14:10:08.533519000Z,14.6797,119.0777,Cloud to Ground,-16268,0,8
2026-10-07T14:10:07.858628000Z,14.7344,119.1341,Cloud to Ground,-14821,0,6
2026-10-07T14:10:09.206153948Z,14.644422,119.378564,Cloud to Cloud,15984,10337,6
2026-10-07T14:10:09.736021424Z,15.375822,119.276907,Cloud to Ground,-58706,0,16
2026-10-07T14:10:09.789805535Z,15.428455,119.350574,Cloud to Ground,-18554,0,12
2026-10-07T14:10:10.029031000Z,15.3819,119.2096,Cloud to Ground,-14074,0,7
2026-10-07T14:10:09.820942000Z,15.3479,119.2369,Cloud to Ground,-13584,0,6
2026-10-07T14:10:09.856444000Z,15.4479,119.1203,Cloud to Ground,-12181,0,6
2026-10-07T14:10:11.143512000Z,14.3828,119.0763,Cloud to Ground,-3432,0,5
2026-10-07T14:10:14.126951630Z,16.146758,127.190654,Cloud to Ground,-14023,0,11
2026-10-07T14:10:14.129054174Z,16.19284,127.274936,Cloud to Cloud,-4506,18312,7
2026-10-07T14:10:16.530312534Z,14.720401,120.037001,Cloud to Cloud,-10417,19850,8
2026-10-07T14:10:17.652944896Z,8.895651,126.678471,Cloud to Ground,-66052,0,12
2026-10-07T14:10:17.788649579Z,8.837884,126.721992,Cloud to Ground,-33747,0,9
2026-10-07T14:10:17.733910000Z,8.7911,126.6089,Cloud to Ground,4119,0,11
2026-10-07T14:10:17.700011000Z,8.9145,126.8277,Cloud to Ground,-34830,0,7
2026-10-07T14:10:20.972842399Z,1.157345,114.852854,Cloud to Cloud,-8802,5977,20
2026-10-07T14:10:20.823516722Z,17.132661,116.716799,Cloud to Ground,-5091,0,8
2026-10-07T14:10:23.458772414Z,14.712708,119.339784,Cloud to Cloud,16728,3700,7
2026-10-07T14:10:23.436012000Z,14.7866,119.3492,Cloud to Ground,30844,0,9
2026-10-07T14:10:23.622982826Z,10.848486,117.525993,Cloud to Cloud,8824,6938,7
2026-10-07T14:10:23.768984346Z,14.61829,119.239627,Cloud to Ground,-14673,0,11
2026-10-07T14:10:24.774215047Z,6.458976,118.274327,Cloud to Ground,-27951,0,14
2026-10-07T14:10:24.795417748Z,6.444205,118.27357,Cloud to Ground,64443,0,19
2026-10-07T14:10:28.240738370Z,7.269191,112.007368,Cloud to Ground,-36927,0,12
2026-10-07T14:10:28.265182000Z,7.3972,112.2565,Cloud to Ground,63130,0,5
2026-10-07T14:10:28.372268000Z,7.2557,112.1053,Cloud to Ground,36411,0,10
2026-10-07T14:10:29.741107067Z,14.706251,119.317874,Cloud to Ground,-23791,0,7
2026-10-07T14:10:31.463705048Z,15.798376,125.187305,Cloud to Ground,-54281,0,14
2026-10-07T14:10:31.716479239Z,14.710528,119.244268,Cloud to Cloud,-10872,7725,10
2026-10-07T14:10:33.520343000Z,15.2835,125.2268,Cloud to Ground,909,0,8
2026-10-07T14:10:37.339031512Z,14.514475,119.26717,Cloud to Cloud,35890,3487,7
2026-10-07T14:10:37.252919636Z,14.719971,119.328187,Cloud to Ground,-56364,0,7
2026-10-07T14:10:37.506446667Z,14.720218,119.318263,Cloud to Ground,-12143,0,9
2026-10-07T14:10:37.469272368Z,14.70769,119.320756,Cloud to Ground,-11346,0,7
2026-10-07T14:10:37.435857559Z,14.698929,119.321592,Cloud to Ground,-10673,0,6
2026-10-07T14:10:42.018271955Z,14.628822,119.354679,Cloud to Ground,-14080,0,5
2026-10-07T14:10:42.472294922Z,14.630322,119.446223,Cloud to Ground,-10965,0,7
2026-10-07T14:10:42.268451000Z,14.654,119.4155,Cloud to Ground,-10801,0,7
2026-10-07T14:10:42.166775484Z,14.57739,119.361194,Cloud to Cloud,5946,9836,7
2026-10-07T14:10:43.032802316Z,14.46463,119.21362,Cloud to Cloud,16567,3037,7
2026-10-07T14:10:43.269313832Z,14.641264,119.266164,Cloud to Ground,-12238,0,11
2026-10-07T14:10:43.424289203Z,14.647782,119.23451,Cloud to Cloud,7651,6021,9
2026-10-07T14:10:43.258340000Z,14.5545,119.4054,Cloud to Ground,-6577,0,6
2026-10-07T14:10:43.328803000Z,14.1346,119.0768,Cloud to Ground,9540,0,5
2026-10-07T14:10:44.082380337Z,17.608796,117.836008,Cloud to Cloud,19042,4159,10
2026-10-07T14:10:49.829050791Z,14.723078,119.293434,Cloud to Ground,-18248,0,10
2026-10-07T14:10:49.762270958Z,14.596997,119.253986,Cloud to Ground,-4959,0,6
2026-10-07T14:10:49.435401228Z,14.625449,119.270596,Cloud to Cloud,19870,13371,8
2026-10-07T14:10:49.731560098Z,14.711464,119.276417,Cloud to Ground,35843,0,7
2026-10-07T14:10:53.663984865Z,16.256315,120.213383,Cloud to Cloud,-4416,4160,6
2026-10-07T14:10:57.708066830Z,14.408981,119.366046,Cloud to Cloud,16280,6888,7
2026-10-07T14:10:58.530959569Z,14.72883,120.015862,Cloud to Ground,20993,0,10
2026-10-07T14:10:58.244399805Z,14.596862,119.196347,Cloud to Ground,-16234,0,9
2026-10-07T14:11:05.472659000Z,8.8933,126.8292,Cloud to Ground,-34206,0,6
2026-10-07T14:11:05.645117000Z,8.865,126.7454,Cloud to Ground,-29153,0,8
2026-10-07T14:11:05.779648909Z,8.827173,126.776023,Cloud to Ground,-26243,0,11
2026-10-07T14:11:05.367701413Z,8.929563,126.717928,Cloud to Ground,-20372,0,19
2026-10-07T14:11:05.416808674Z,8.929663,126.691878,Cloud to Ground,-19447,0,19
2026-10-07T14:11:06.604529466Z,16.329839,120.357879,Cloud to Ground,-7516,0,8
2026-10-07T14:11:06.575929336Z,16.335134,120.355391,Cloud to Ground,-7192,0,7
2026-10-07T14:11:06.057966000Z,16.419,120.2618,Cloud to Ground,-7857,0,9
2026-10-07T14:11:06.485566646Z,16.342971,120.254912,Cloud to Cloud,13842,11672,8
2026-10-07T14:11:06.420692071Z,15.484019,120.040167,Cloud to Ground,-11839,0,7
2026-10-07T14:11:07.888617242Z,3.377445,116.253438,Cloud to Ground,-13302,0,14
2026-10-07T14:11:07.884404926Z,3.273135,116.359089,Cloud to Ground,10914,0,13
2026-10-07T14:11:07.883997419Z,3.272598,116.338629,Cloud to Ground,46576,0,18
2026-10-07T14:11:08.725660411Z,16.370767,119.25753,Cloud to Ground,-28673,0,10
2026-10-07T14:11:08.022432000Z,3.4168,116.5338,Cloud to Ground,10083,0,7
2026-10-07T14:11:10.751223630Z,17.150308,116.571054,Cloud to Cloud,4948,17823,8
2026-10-07T14:11:11.144513017Z,14.585367,119.227174,Cloud to Cloud,10156,18716,6
2026-10-07T14:11:13.896741000Z,14.6337,118.956,Cloud to Ground,25750,0,7
2026-10-07T14:11:14.014536912Z,14.655705,119.214656,Cloud to Ground,-9812,0,9
2026-10-07T14:11:13.687237000Z,14.6921,119.1324,Cloud to Ground,25096,0,10
2026-10-07T14:11:14.190032217Z,14.639519,119.393003,Cloud to Ground,-26060,0,11
2026-10-07T14:11:15.716472157Z,14.672133,119.083591,Cloud to Cloud,15407,3004,8
2026-10-07T14:11:15.540378949Z,14.720717,119.304798,Cloud to Ground,-19075,0,8
2026-10-07T14:11:15.679604340Z,14.641983,119.302851,Cloud to Ground,-7460,0,7
2026-10-07T14:11:16.943838964Z,7.371276,127.163937,Cloud to Ground,-25221,0,10
2026-10-07T14:11:16.399260708Z,7.042402,127.291756,Cloud to Ground,-80069,0,21
2026-10-07T14:11:16.407186000Z,7.0565,127.3278,Cloud to Ground,-56763,0,16
2026-10-07T14:11:17.059165287Z,7.135028,127.233851,Cloud to Ground,-53610,0,15
2026-10-07T14:11:17.201393000Z,7.0191,127.3075,Cloud to Ground,-38037,0,5
2026-10-07T14:11:18.027299276Z,6.980773,127.257146,Cloud to Ground,-22639,0,11
2026-10-07T14:11:19.170389194Z,10.529339,125.196686,Cloud to Ground,-41686,0,12
2026-10-07T14:11:19.536524000Z,10.4468,125.1176,Cloud to Ground,-15142,0,6
2026-10-07T14:11:22.909712848Z,14.61969,119.1195,Cloud to Cloud,14659,4043,8
2026-10-07T14:11:22.496414531Z,16.239636,120.180338,Cloud to Ground,-9828,0,7
2026-10-07T14:11:22.609220245Z,16.242945,120.181091,Cloud to Ground,-7042,0,6
2026-10-07T14:11:24.033553000Z,14.6415,118.9529,Cloud to Ground,19987,0,10
2026-10-07T14:11:26.859483266Z,14.582333,119.289324,Cloud to Ground,-36494,0,6
2026-10-07T14:11:27.191410374Z,14.657295,119.271468,Cloud to Cloud,16641,3000,8
2026-10-07T14:11:27.044996000Z,14.6022,119.135,Cloud to Ground,351,0,5
2026-10-07T14:11:31.389331286Z,14.635946,119.447321,Cloud to Cloud,9099,9016,10
2026-10-07T14:11:31.555812717Z,17.139665,116.683276,Cloud to Cloud,10903,4184,8
2026-10-07T14:11:32.939601298Z,7.221461,127.410234,Cloud to Ground,-52013,0,30
2026-10-07T14:11:33.104914125Z,7.222802,127.403435,Cloud to Ground,-49715,0,26
2026-10-07T14:11:33.161449657Z,7.220058,127.394171,Cloud to Ground,-40126,0,22
2026-10-07T14:11:33.036385000Z,7.3102,127.3846,Cloud to Ground,1097,0,5
2026-10-07T14:11:32.341879676Z,7.169426,127.377815,Cloud to Cloud,10085,3056,7
2026-10-07T14:11:33.262431000Z,7.332,127.413,Cloud to Ground,13063,0,6
2026-10-07T14:11:34.708324228Z,14.594525,119.248361,Cloud to Cloud,9658,13200,9
2026-10-07T14:11:34.053240000Z,14.3395,119.055,Cloud to Ground,-8106,0,6
2026-10-07T14:11:34.881712876Z,14.661689,119.181397,Cloud to Cloud,-6079,4157,8
2026-10-07T14:11:35.255949000Z,14.6989,119.2133,Cloud to Ground,11452,0,8
2026-10-07T14:11:34.788287148Z,14.7278,119.195013,Cloud to Cloud,21787,7932,7
2026-10-07T14:11:35.530959496Z,0.205969,113.175727,Cloud to Ground,-11787,0,12
2026-10-07T14:11:44.637772293Z,14.73194,119.273606,Cloud to Ground,-10198,0,9
2026-10-07T14:11:44.712281000Z,14.8408,119.1849,Cloud to Ground,30580,0,9
2026-10-07T14:11:44.573927000Z,14.6879,118.9623,Cloud to Ground,10723,0,6
2026-10-07T14:11:45.177769000Z,14.6132,119.2303,Cloud to Ground,-11771,0,10
2026-10-07T14:11:45.101847000Z,14.6617,119.0781,Cloud to Ground,-7547,0,10
2026-10-07T14:11:50.907758538Z,14.643319,119.260158,Cloud to Cloud,9676,6190,6
2026-10-07T14:11:56.575822456Z,14.52728,119.320305,Cloud to Ground,-39125,0,11
2026-10-07T14:11:56.786422000Z,14.5725,119.242,Cloud to Ground,-18714,0,5
2026-10-07T14:11:56.423266972Z,14.599476,119.268039,Cloud to Cloud,14571,6210,11
2026-10-07T14:11:56.239208000Z,14.7461,119.0217,Cloud to Ground,17930,0,7
2026-10-07T14:11:57.022629000Z,14.7551,119.3477,Cloud to Ground,44460,0,6
2026-10-07T14:11:59.694387024Z,14.522333,119.279252,Cloud to Ground,81180,0,7
2026-10-07T14:12:01.791964766Z,15.299391,119.301832,Cloud to Cloud,-19639,3002,12
2026-10-07T14:12:01.907228443Z,15.40651,119.325034,Cloud to Ground,-28602,0,14
2026-10-07T14:12:01.880563000Z,15.4395,119.3247,Cloud to Ground,9804,0,5
2026-10-07T14:12:01.882392290Z,15.453606,119.292804,Cloud to Ground,106614,0,8
2026-10-07T14:12:01.798925913Z,15.387645,119.227663,Cloud to Ground,-69778,0,12
2026-10-07T14:12:03.142579936Z,14.648733,119.310358,Cloud to Ground,-37002,0,8
2026-10-07T14:12:03.428135966Z,14.655349,119.299112,Cloud to Ground,-10454,0,12
2026-10-07T14:12:05.871380936Z,17.592006,117.695706,Cloud to Cloud,-35475,3021,11
2026-10-07T14:12:05.967731434Z,17.603041,117.664659,Cloud to Ground,-15686,0,10
2026-10-07T14:12:05.827453557Z,14.705007,119.148525,Cloud to Cloud,-18232,3031,9
2026-10-07T14:12:06.104187723Z,14.69741,119.283629,Cloud to Ground,-7294,0,8
2026-10-07T14:12:06.051918670Z,15.710226,125.098432,Cloud to Cloud,17121,3001,10
2026-10-07T14:12:09.987874874Z,7.153494,127.260505,Cloud to Ground,-18624,0,13
2026-10-07T14:12:09.986555704Z,7.125412,127.162456,Cloud to Cloud,14437,18592,9
2026-10-07T14:12:11.653133225Z,14.591731,119.235977,Cloud to Cloud,12746,3482,10
2026-10-07T14:12:11.530257373Z,14.589365,119.213574,Cloud to Cloud,13665,4169,9
2026-10-07T14:12:11.625581000Z,14.9214,119.2901,Cloud to Ground,4646,0,6
2026-10-07T14:12:14.137950882Z,7.346492,112.192931,Cloud to Ground,155199,0,8
2026-10-07T14:12:14.125174991Z,7.272392,111.999029,Cloud to Ground,-32101,0,14
2026-10-07T14:12:14.267406460Z,7.319136,112.074087,Cloud to Ground,-28775,0,11
2026-10-07T14:12:14.051358617Z,16.138372,127.197254,Cloud to Cloud,-21312,19548,10
2026-10-07T14:12:14.050339332Z,16.163246,127.122436,Cloud to Cloud,-18455,3786,10
2026-10-07T14:12:15.926208153Z,17.191631,118.080449,Cloud to Ground,-24724,0,10
2026-10-07T14:12:15.722710287Z,14.583241,119.246285,Cloud to Cloud,21139,3038,12
2026-10-07T14:12:15.683864527Z,14.688877,119.196548,Cloud to Ground,-14409,0,7
2026-10-07T14:12:15.887334682Z,16.270388,120.326037,Cloud to Ground,-17950,0,12
2026-10-07T14:12:16.026788272Z,16.260776,120.231363,Cloud to Ground,-11462,0,10
2026-10-07T14:12:15.717250000Z,16.3334,120.2628,Cloud to Ground,49988,0,5
2026-10-07T14:12:17.827437000Z,15.4541,119.8984,Cloud to Ground,12153,0,6
2026-10-07T14:12:18.514811154Z,14.689282,119.309412,Cloud to Ground,-13709,0,10
2026-10-07T14:12:18.348905131Z,14.691882,119.297403,Cloud to Ground,-10723,0,8
2026-10-07T14:12:18.672414482Z,14.670821,119.300334,Cloud to Ground,-8604,0,7
2026-10-07T14:12:20.629986000Z,9.2191,125.3399,Cloud to Ground,11341,0,8
2026-10-07T14:12:21.869420000Z,8.866,126.6504,Cloud to Ground,-32468,0,5
2026-10-07T14:12:21.819868428Z,8.831002,126.478246,Cloud to Ground,-66632,0,21
2026-10-07T14:12:22.082473290Z,8.836551,126.504611,Cloud to Ground,-39674,0,11
2026-10-07T14:12:22.122031000Z,8.8769,126.4535,Cloud to Ground,-31855,0,12
2026-10-07T14:12:21.881766000Z,8.8572,126.3979,Cloud to Ground,-24218,0,10
2026-10-07T14:12:22.187807000Z,8.9224,126.545,Cloud to Ground,-35565,0,6
2026-10-07T14:12:25.869807877Z,14.695259,119.141103,Cloud to Ground,37290,0,12
2026-10-07T14:12:26.888463974Z,14.550624,119.369653,Cloud to Cloud,14040,19883,8
2026-10-07T14:12:26.829552767Z,14.790583,119.282345,Cloud to Ground,-18675,0,16
2026-10-07T14:12:26.511870970Z,14.668099,119.342745,Cloud to Ground,-15430,0,7
2026-10-07T14:12:27.173541416Z,14.684928,119.342059,Cloud to Ground,-11143,0,7
2026-10-07T14:12:25.961252413Z,14.687999,119.317561,Cloud to Ground,-9912,0,6
2026-10-07T14:12:27.286026823Z,14.701868,119.337512,Cloud to Ground,-9444,0,10
2026-10-07T14:12:26.750542000Z,14.7013,119.2229,Cloud to Ground,-8803,0,8
2026-10-07T14:12:26.885313472Z,14.747426,119.286559,Cloud to Cloud,17514,19069,6
2026-10-07T14:12:27.507864001Z,14.747089,119.290046,Cloud to Cloud,20232,12708,7
2026-10-07T14:12:28.765073580Z,14.743606,119.166565,Cloud to Cloud,14998,15783,13
2026-10-07T14:12:36.462394000Z,14.7198,119.316,Cloud to Ground,-8755,0,5
2026-10-07T14:12:37.076652128Z,14.616502,119.190598,Cloud to Cloud,-4001,4820,5
2026-10-07T14:12:37.054917309Z,14.614201,119.243812,Cloud to Cloud,-3501,4043,7
2026-10-07T14:12:38.379718855Z,14.681192,119.197794,Cloud to Ground,19889,0,7
2026-10-07T14:12:38.462316828Z,14.588611,119.298018,Cloud to Cloud,2608,4930,7
2026-10-07T14:12:41.406266316Z,17.146348,116.688021,Cloud to Cloud,-4093,9188,8
2026-10-07T14:12:42.298744305Z,15.366338,119.227085,Cloud to Cloud,15075,4490,6
2026-10-07T14:12:42.182434924Z,14.727656,119.274594,Cloud to Cloud,-8359,8000,11
2026-10-07T14:12:42.326514099Z,14.709377,119.280569,Cloud to Ground,-6733,0,7
2026-10-07T14:12:42.587445618Z,14.619421,119.222161,Cloud to Cloud,16065,3728,7
2026-10-07T14:12:42.359812670Z,14.688519,119.24123,Cloud to Ground,42349,0,9
2026-10-07T14:12:42.278128350Z,14.695413,119.047449,Cloud to Cloud,9237,4948,7
2026-10-07T14:12:42.068683000Z,14.3258,119.0267,Cloud to Ground,-9302,0,6
2026-10-07T14:12:43.834604301Z,14.605065,119.132889,Cloud to Cloud,5841,3030,5
2026-10-07T14:12:50.661736000Z,19.2857,115.9518,Cloud to Ground,-195493,0,6
2026-10-07T14:12:50.789160000Z,19.3341,115.9973,Cloud to Ground,-26296,0,7
2026-10-07T14:12:50.697997797Z,19.213688,115.997047,Cloud to Ground,37701,0,12
2026-10-07T14:12:51.892152921Z,14.556334,119.253065,Cloud to Ground,-39583,0,7
2026-10-07T14:12:52.230678319Z,14.548571,119.249933,Cloud to Ground,-27799,0,7
2026-10-07T14:12:52.019876114Z,14.521044,119.276998,Cloud to Cloud,-19059,7527,7
2026-10-07T14:12:52.183627842Z,14.546338,119.250154,Cloud to Cloud,-16340,6907,7
2026-10-07T14:12:52.115788607Z,14.592269,119.255472,Cloud to Ground,-15859,0,8
2026-10-07T14:12:52.474007344Z,14.604772,119.250075,Cloud to Ground,-15253,0,8
2026-10-07T14:12:52.017998000Z,14.6224,119.1926,Cloud to Ground,-8869,0,8
2026-10-07T14:12:52.544447754Z,14.587212,119.254052,Cloud to Cloud,-8803,7687,6
2026-10-07T14:12:52.672743960Z,14.587024,119.253128,Cloud to Ground,-8606,0,6
2026-10-07T14:12:55.590700217Z,16.258393,120.210328,Cloud to Cloud,-5594,11041,8
2026-10-07T14:12:55.010292235Z,14.565104,119.22527,Cloud to Cloud,20903,11457,6
2026-10-07T14:12:55.078900008Z,14.571056,119.247816,Cloud to Cloud,24541,3205,9
2026-10-07T14:12:55.048343031Z,14.681416,119.164594,Cloud to Cloud,16703,7697,7
2026-10-07T14:13:00.263574997Z,7.02993,127.176928,Cloud to Cloud,-12890,8235,20
2026-10-07T14:12:59.877276705Z,7.067759,127.230502,Cloud to Ground,17091,0,13
2026-10-07T14:12:59.141285544Z,14.687679,119.186003,Cloud to Cloud,9360,3000,7
2026-10-07T14:12:59.247860906Z,14.598616,118.902592,Cloud to Cloud,5948,6372,6
2026-10-07T14:13:00.147931372Z,17.494885,117.820274,Cloud to Cloud,10095,4053,7
2026-10-07T14:13:00.791314438Z,17.562828,117.742987,Cloud to Ground,-35073,0,14
2026-10-07T14:13:03.915992541Z,14.768413,119.290387,Cloud to Cloud,11270,10535,12
2026-10-07T14:13:03.364220476Z,14.653853,119.294603,Cloud to Ground,-15120,0,12
2026-10-07T14:13:03.364890227Z,14.624971,119.272363,Cloud to Cloud,17212,6620,8
2026-10-07T14:13:03.463317207Z,14.474665,119.206583,Cloud to Cloud,40242,3904,7
2026-10-07T14:13:03.631505893Z,18.663272,115.249006,Cloud to Ground,-39733,0,12
2026-10-07T14:13:06.051032629Z,14.647806,119.235802,Cloud to Ground,-15564,0,13
2026-10-07T14:13:10.264201915Z,14.57747,119.209213,Cloud to Ground,-13285,0,10
2026-10-07T14:13:10.424577263Z,14.628275,119.258594,Cloud to Cloud,5308,3031,7
2026-10-07T14:13:13.503991764Z,14.566751,119.252776,Cloud to Cloud,-6310,7419,7
2026-10-07T14:13:19.831844000Z,14.7048,119.067,Cloud to Ground,-13207,0,10
2026-10-07T14:13:20.659733000Z,14.6855,119.1375,Cloud to Ground,-17168,0,6
2026-10-07T14:13:19.996524451Z,14.674487,119.207443,Cloud to Ground,-13848,0,6
2026-10-07T14:13:20.100097000Z,14.7277,119.2105,Cloud to Ground,319,0,11
2026-10-07T14:13:19.933098108Z,14.7444,119.232874,Cloud to Cloud,17289,6417,6
2026-10-07T14:13:20.665917577Z,14.529364,119.349573,Cloud to Cloud,-18379,12497,8
2026-10-07T14:13:21.101679966Z,14.568391,119.292676,Cloud to Cloud,-15090,7836,7
2026-10-07T14:13:20.979910505Z,14.469411,119.338397,Cloud to Cloud,28548,12151,7
2026-10-07T14:13:20.146031839Z,14.686591,119.305601,Cloud to Ground,-16613,0,7
2026-10-07T14:13:20.755207186Z,14.67715,119.301462,Cloud to Ground,-11375,0,6
2026-10-07T14:13:21.088021112Z,14.679163,119.301619,Cloud to Ground,-9381,0,6
2026-10-07T14:13:20.200929000Z,14.8119,119.3088,Cloud to Ground,17425,0,6
2026-10-07T14:13:21.500264024Z,8.807084,126.737351,Cloud to Ground,-74829,0,12
2026-10-07T14:13:21.529869300Z,8.807924,126.808575,Cloud to Ground,-23847,0,12
2026-10-07T14:13:21.570386458Z,8.816532,126.728844,Cloud to Ground,-21256,0,8
2026-10-07T14:13:21.545904579Z,8.824574,126.746817,Cloud to Ground,-21246,0,9
2026-10-07T14:13:21.555454000Z,8.6303,126.6474,Cloud to Ground,-17872,0,6
2026-10-07T14:13:21.974942896Z,17.461308,115.863102,Cloud to Ground,19834,0,8
2026-10-07T14:13:22.131328761Z,17.437419,115.794949,Cloud to Ground,42521,0,11
2026-10-07T14:13:23.452805000Z,14.6575,119.156,Cloud to Ground,-10304,0,6
2026-10-07T14:13:23.528746976Z,14.655302,119.15198,Cloud to Ground,30863,0,13
2026-10-07T14:13:25.350999671Z,18.517843,113.145009,Cloud to Cloud,-10544,5954,8
2026-10-07T14:13:25.349227984Z,18.496548,113.036642,Cloud to Cloud,-8735,4596,7
2026-10-07T14:13:25.385564392Z,18.492547,112.988608,Cloud to Cloud,9961,7415,7
2026-10-07T14:13:26.439455346Z,14.551115,119.11825,Cloud to Cloud,5556,7335,7
2026-10-07T14:13:27.355147935Z,16.291544,120.255569,Cloud to Ground,-25333,0,9
2026-10-07T14:13:27.442381000Z,16.3065,120.2223,Cloud to Ground,37444,0,12
2026-10-07T14:13:28.172660698Z,3.005637,117.046677,Cloud to Cloud,-8475,3749,12
2026-10-07T14:13:28.167502710Z,2.891763,117.050325,Cloud to Cloud,-8298,3788,10
2026-10-07T14:13:30.199685118Z,14.714035,119.178277,Cloud to Cloud,9747,11108,6
2026-10-07T14:13:32.024941537Z,14.81894,119.288965,Cloud to Ground,15024,0,10
2026-10-07T14:13:32.181621000Z,10.3823,125.1755,Cloud to Ground,-47582,0,6
2026-10-07T14:13:38.100190751Z,14.673504,119.206459,Cloud to Cloud,-19886,4281,8
2026-10-07T14:13:41.511390661Z,14.593051,119.449192,Cloud to Ground,-11470,0,11
2026-10-07T14:13:41.018144349Z,14.642812,119.163307,Cloud to Cloud,-8933,3000,7
2026-10-07T14:13:42.722349208Z,14.590884,119.182275,Cloud to Cloud,-7572,11351,7
2026-10-07T14:13:42.623422267Z,14.538195,119.334663,Cloud to Cloud,1252,6040,6
2026-10-07T14:13:45.560459000Z,15.2839,125.1807,Cloud to Ground,-14817,0,5
2026-10-07T14:13:46.874159771Z,14.580134,119.253037,Cloud to Cloud,19216,3009,12
2026-10-07T14:13:47.328504416Z,1.070029,114.822681,Cloud to Ground,-9108,0,10
2026-10-07T14:13:50.742149966Z,14.677864,119.291873,Cloud to Ground,-13567,0,6
2026-10-07T14:13:50.310606959Z,14.694614,119.311803,Cloud to Ground,40130,0,12
2026-10-07T14:13:52.478659423Z,14.596631,119.357495,Cloud to Ground,-8768,0,7
2026-10-07T14:13:53.854146703Z,15.808055,125.149831,Cloud to Ground,-15250,0,9
2026-10-07T14:13:53.405940952Z,15.701929,125.103927,Cloud to Cloud,13833,3000,10
2026-10-07T14:13:57.562919885Z,14.692291,119.210354,Cloud to Ground,-37760,0,8
2026-10-07T14:13:57.960485659Z,14.708991,119.186268,Cloud to Ground,-15255,0,7
2026-10-07T14:13:57.956384837Z,14.668645,119.186288,Cloud to Cloud,-6322,13901,8
2026-10-07T14:14:01.218759380Z,19.204718,115.959457,Cloud to Ground,-52947,0,19
2026-10-07T14:14:01.307303000Z,19.2845,115.89,Cloud to Ground,-17189,0,9
2026-10-07T14:14:02.099472373Z,14.696021,119.246901,Cloud to Cloud,-5282,5155,6
2026-10-07T14:14:04.293931578Z,14.680807,119.311434,Cloud to Ground,-46442,0,8
2026-10-07T14:14:04.521277503Z,14.69081,119.310024,Cloud to Ground,-33780,0,11
2026-10-07T14:14:04.603690777Z,14.687128,119.300871,Cloud to Ground,-26709,0,12
2026-10-07T14:14:04.430328690Z,14.6926,119.297785,Cloud to Ground,-21933,0,12
2026-10-07T14:14:04.940205491Z,14.666859,119.304657,Cloud to Cloud,-10983,11327,6
2026-10-07T14:14:04.753366017Z,14.769619,119.305338,Cloud to Ground,22735,0,11
2026-10-07T14:14:04.372073000Z,14.8065,119.2912,Cloud to Ground,29552,0,8
2026-10-07T14:14:05.278609733Z,2.916142,117.06556,Cloud to Ground,63494,0,13
2026-10-07T14:14:07.087920102Z,14.580804,119.276893,Cloud to Cloud,6580,15535,6
2026-10-07T14:14:09.792858000Z,14.6668,118.9831,Cloud to Ground,20529,0,9
2026-10-07T14:14:11.923905039Z,14.62912,119.263087,Cloud to Cloud,5344,3000,10
2026-10-07T14:14:11.822464369Z,14.630754,119.258382,Cloud to Cloud,7575,3027,10
2026-10-07T14:14:13.999992476Z,14.741412,119.982134,Cloud to Cloud,-15918,17315,16
2026-10-07T14:14:13.395104336Z,14.692614,119.432543,Cloud to Ground,-20108,0,9
2026-10-07T14:14:13.269866042Z,14.605167,119.314529,Cloud to Cloud,-6176,6055,9
2026-10-07T14:14:13.341103422Z,14.677842,119.307679,Cloud to Cloud,-4969,3022,5
2026-10-07T14:14:14.319764519Z,15.017405,123.398361,Cloud to Ground,10766,0,8
2026-10-07T14:14:14.308838888Z,15.040583,123.340516,Cloud to Cloud,39852,18701,8
2026-10-07T14:14:15.194770000Z,7.0818,127.2555,Cloud to Ground,17423,0,7
2026-10-07T14:14:16.901341000Z,14.7894,119.253,Cloud to Ground,-14858,0,6
2026-10-07T14:14:16.994164117Z,14.743871,119.264928,Cloud to Ground,-10918,0,10
2026-10-07T14:14:17.233011268Z,14.792033,119.210292,Cloud to Cloud,27559,5148,7
2026-10-07T14:14:16.485609800Z,16.149959,120.252206,Cloud to Cloud,25336,12829,9
2026-10-07T14:14:17.744654000Z,2.8876,116.8559,Cloud to Ground,-30627,0,7
2026-10-07T14:14:18.826934354Z,14.609764,119.156283,Cloud to Cloud,-11743,12463,12
2026-10-07T14:14:19.877367709Z,14.619569,119.212726,Cloud to Cloud,-11559,18797,9
2026-10-07T14:14:19.689907610Z,14.610797,119.212745,Cloud to Cloud,10040,14037,8
2026-10-07T14:14:21.113944322Z,15.355403,119.685563,Cloud to Ground,-16229,0,11
2026-10-07T14:14:20.929653321Z,15.317369,119.675219,Cloud to Cloud,-10958,3104,7
2026-10-07T14:14:22.072666000Z,14.7491,119.2996,Cloud to Ground,49795,0,5
2026-10-07T14:14:23.437037870Z,17.136037,116.72453,Cloud to Cloud,14645,7654,6
2026-10-07T14:14:25.105557014Z,14.487719,119.140685,Cloud to Cloud,8308,19971,8
2026-10-07T14:14:26.976056633Z,14.606719,119.286318,Cloud to Ground,-42078,0,8
2026-10-07T14:14:27.695520684Z,15.408122,119.370471,Cloud to Ground,-31934,0,8
2026-10-07T14:14:30.389622514Z,3.393743,116.321219,Cloud to Ground,-46321,0,32
2026-10-07T14:14:30.194969602Z,3.291025,116.373004,Cloud to Ground,-12666,0,8
2026-10-07T14:14:30.153314181Z,3.25835,116.372663,Cloud to Ground,26573,0,17
2026-10-07T14:14:30.229000820Z,14.62015,119.351037,Cloud to Ground,-108928,0,8
2026-10-07T14:14:30.316019724Z,14.632171,119.346045,Cloud to Ground,-25714,0,12
2026-10-07T14:14:30.405922045Z,14.616382,119.361816,Cloud to Ground,-21735,0,10
2026-10-07T14:14:30.842837000Z,16.1245,120.2832,Cloud to Ground,79996,0,12
2026-10-07T14:14:34.483871950Z,14.58185,119.176159,Cloud to Cloud,-8914,10589,6
2026-10-07T14:14:34.447896156Z,14.612974,119.258043,Cloud to Cloud,22794,8259,9
2026-10-07T14:14:34.834349896Z,14.545563,119.324187,Cloud to Cloud,-3583,14003,7
2026-10-07T14:14:34.512294552Z,14.296034,119.151679,Cloud to Cloud,16824,17252,7
2026-10-07T14:14:37.244134965Z,1.073108,114.824645,Cloud to Ground,-13077,0,14
2026-10-07T14:14:38.954968004Z,14.698161,119.247009,Cloud to Cloud,-12561,4436,9
2026-10-07T14:14:38.741222834Z,14.75866,119.247226,Cloud to Cloud,9493,18832,7
2026-10-07T14:14:40.184150011Z,7.20248,127.409368,Cloud to Ground,17488,0,10
2026-10-07T14:14:40.166037700Z,7.206143,127.50595,Cloud to Ground,29741,0,14
2026-10-07T14:14:41.651083082Z,16.258358,120.229851,Cloud to Ground,-20015,0,6
2026-10-07T14:14:41.654793015Z,16.255062,120.281439,Cloud to Cloud,10056,7357,7
2026-10-07T14:14:42.783496149Z,14.555097,119.168423,Cloud to Cloud,8001,3029,6
2026-10-07T14:14:44.088876000Z,14.5779,119.1454,Cloud to Ground,-15024,0,5
2026-10-07T14:14:45.678226067Z,2.924092,117.053289,Cloud to Ground,29179,0,7
2026-10-07T14:14:51.575647164Z,14.486914,119.167151,Cloud to Ground,21329,0,8
2026-10-07T14:14:54.712676861Z,14.66054,119.045272,Cloud to Cloud,9041,7193,7
2026-10-07T14:14:54.976793807Z,14.680049,119.088789,Cloud to Cloud,16303,7766,8
2026-10-07T14:14:54.696430000Z,14.707,119.1821,Cloud to Ground,-8806,0,8
2026-10-07T14:14:54.960141003Z,14.703958,119.285932,Cloud to Ground,-13757,0,9
2026-10-07T14:14:55.042626181Z,14.708349,119.282175,Cloud to Ground,-10966,0,8
2026-10-07T14:14:55.130613706Z,14.685388,119.283404,Cloud to Ground,-10709,0,6
2026-10-07T14:14:55.198652286Z,14.648914,119.277289,Cloud to Cloud,-7795,11007,6
2026-10-07T14:14:55.301597315Z,14.710421,119.286347,Cloud to Ground,-7763,0,8
2026-10-07T14:14:55.177744028Z,14.700808,119.278245,Cloud to Ground,-7583,0,8
2026-10-07T14:14:56.831986127Z,14.688835,119.271996,Cloud to Cloud,-9774,9244,12
2026-10-07T14:14:56.664736987Z,14.709482,119.267368,Cloud to Cloud,12000,5223,9
2026-10-07T14:14:57.537285085Z,1.012749,114.892852,Cloud to Ground,-19211,0,23
2026-10-07T14:14:58.063099610Z,17.509479,117.809998,Cloud to Ground,10865,0,11
2026-10-07T14:15:00.411300000Z,14.6303,119.2139,Cloud to Ground,4282,0,9
2026-10-07T14:15:02.707137597Z,14.721591,119.328357,Cloud to Ground,-11214,0,8
2026-10-07T14:15:04.588942873Z,14.763958,119.139863,Cloud to Ground,-9672,0,6
2026-10-07T14:15:04.646456918Z,14.672828,119.237926,Cloud to Cloud,-10490,13182,8
2026-10-07T14:15:05.473150000Z,14.5983,119.1522,Cloud to Ground,-13756,0,6
2026-10-07T14:15:05.407843000Z,14.6456,119.308,Cloud to Ground,-10851,0,6
2026-10-07T14:15:06.131647272Z,14.645871,119.265506,Cloud to Cloud,5535,11119,6
2026-10-07T14:15:06.100194154Z,14.718237,119.247938,Cloud to Ground,33204,0,16
2026-10-07T14:15:07.923870766Z,14.638601,119.11864,Cloud to Cloud,-19661,16124,11
2026-10-07T14:15:07.867129955Z,14.674105,119.045468,Cloud to Cloud,8940,7724,6
2026-10-07T14:15:12.340369886Z,14.567333,119.275113,Cloud to Cloud,-12745,16465,7
2026-10-07T14:15:11.921371357Z,14.619193,119.280294,Cloud to Cloud,6016,19675,10
2026-10-07T14:15:13.391515262Z,1.194863,114.835026,Cloud to Ground,24093,0,12
2026-10-07T14:15:15.183624182Z,18.533652,113.033559,Cloud to Ground,22004,0,7
2026-10-07T14:15:15.181428740Z,18.534824,113.026506,Cloud to Ground,30575,0,14
2026-10-07T14:15:16.308578000Z,14.6398,119.2176,Cloud to Ground,-29656,0,10
2026-10-07T14:15:16.080767373Z,14.670983,119.19313,Cloud to Cloud,15418,15468,10
2026-10-07T14:15:16.446744048Z,14.649975,119.365034,Cloud to Ground,-20446,0,9
2026-10-07T14:15:16.639799113Z,14.540151,119.309637,Cloud to Ground,19704,0,7
2026-10-07T14:15:19.887436602Z,15.403907,119.535811,Cloud to Ground,5697,0,7
2026-10-07T14:15:20.132668092Z,14.677177,119.282044,Cloud to Ground,-17723,0,11
2026-10-07T14:15:22.252266623Z,15.106545,119.757491,Cloud to Cloud,9926,3027,6
2026-10-07T14:15:25.092744987Z,14.332757,120.093335,Cloud to Cloud,4209,16238,8
2026-10-07T14:15:27.317498018Z,8.906108,126.695323,Cloud to Ground,-73374,0,35
2026-10-07T14:15:27.406047772Z,8.808417,126.759241,Cloud to Ground,-40211,0,12
2026-10-07T14:15:27.423540000Z,8.8899,126.7748,Cloud to Ground,-23889,0,8
2026-10-07T14:15:27.362923866Z,8.816559,126.74943,Cloud to Ground,-21440,0,10
2026-10-07T14:15:27.342563758Z,8.785058,126.817601,Cloud to Ground,-14160,0,9
2026-10-07T14:15:28.080001450Z,14.744095,119.219826,Cloud to Ground,-11342,0,5
2026-10-07T14:15:27.732949238Z,14.712627,119.234775,Cloud to Cloud,-10112,3052,8
2026-10-07T14:15:29.389342672Z,14.600173,119.185095,Cloud to Cloud,21369,7733,10
2026-10-07T14:15:29.514142379Z,14.701838,119.321587,Cloud to Ground,-13152,0,7
2026-10-07T14:15:33.608932633Z,2.034531,117.799084,Cloud to Ground,31493,0,22
2026-10-07T14:15:33.690084320Z,2.013684,117.852207,Cloud to Ground,42926,0,22
2026-10-07T14:15:34.233842294Z,14.761172,119.224604,Cloud to Cloud,-12668,3008,8
2026-10-07T14:15:34.241055404Z,14.676102,119.247839,Cloud to Cloud,5211,4291,8
2026-10-07T14:15:34.318912189Z,14.723486,119.266062,Cloud to Cloud,8902,4939,8
2026-10-07T14:15:34.229292640Z,14.6872,119.175913,Cloud to Cloud,19060,3005,7
2026-10-07T14:15:37.746919481Z,14.630148,119.24959,Cloud to Cloud,-8147,7746,6
2026-10-07T14:15:41.697126028Z,14.672356,119.193198,Cloud to Ground,-17025,0,10
2026-10-07T14:15:41.448679000Z,14.7044,119.1252,Cloud to Ground,24786,0,9
2026-10-07T14:15:41.759351162Z,14.679053,119.079759,Cloud to Ground,28310,0,13
2026-10-07T14:15:41.505087516Z,14.738101,119.275636,Cloud to Ground,-16526,0,10
2026-10-07T14:15:46.029542192Z,14.732123,119.288674,Cloud to Cloud,26268,16196,9
2026-10-07T14:15:45.676755261Z,14.702725,119.202483,Cloud to Ground,27113,0,14
2026-10-07T14:15:45.520611734Z,14.613898,119.212731,Cloud to Ground,34330,0,9
2026-10-07T14:15:46.292011920Z,14.703171,119.198885,Cloud to Ground,46060,0,14
2026-10-07T14:15:45.555695844Z,14.714463,119.211126,Cloud to Ground,68181,0,7
2026-10-07T14:15:48.494071134Z,15.224337,119.277311,Cloud to Cloud,16039,10667,7
2026-10-07T14:15:48.942073134Z,14.713068,119.269375,Cloud to Cloud,-11663,18270,7
2026-10-07T14:15:48.375980204Z,15.402274,119.262465,Cloud to Ground,-45076,0,12
2026-10-07T14:15:48.642485854Z,15.448325,119.349337,Cloud to Ground,-14599,0,9
2026-10-07T14:15:48.527032196Z,15.42332,119.346973,Cloud to Ground,-13492,0,10
2026-10-07T14:15:48.301478000Z,15.4463,119.2263,Cloud to Ground,-9993,0,5
2026-10-07T14:15:52.319240375Z,14.654046,119.302287,Cloud to Cloud,-13247,19842,10
2026-10-07T14:15:52.595613305Z,14.727993,119.213561,Cloud to Cloud,-5215,12965,9
2026-10-07T14:15:52.478049809Z,14.686464,119.181043,Cloud to Cloud,9034,14925,7
2026-10-07T14:15:52.181783677Z,14.723781,119.194084,Cloud to Ground,19360,0,9
2026-10-07T14:15:52.113409555Z,14.549025,119.24782,Cloud to Cloud,43441,15182,7
2026-10-07T14:15:55.335779985Z,1.0549,114.882582,Cloud to Cloud,-9739,5017,12
2026-10-07T14:15:58.969850245Z,14.663617,119.356386,Cloud to Ground,-12810,0,9
2026-10-07T14:15:58.074247634Z,14.733895,119.249067,Cloud to Cloud,-13011,7016,10
2026-10-07T14:15:59.699538147Z,14.583637,119.298231,Cloud to Ground,-11286,0,12
2026-10-07T14:15:59.980266330Z,14.54688,119.244863,Cloud to Cloud,-5964,6616,7
2026-10-07T14:15:59.894564334Z,14.63223,119.312192,Cloud to Ground,27495,0,10
2026-10-07T14:15:59.954755662Z,14.570867,119.282639,Cloud to Ground,60840,0,9
2026-10-07T14:15:59.166539980Z,14.591888,119.178204,Cloud to Cloud,5585,14055,9
2026-10-07T14:16:00.011557059Z,14.428291,119.39094,Cloud to Cloud,18412,14222,7
2026-10-07T14:16:00.173843533Z,14.61888,119.488907,Cloud to Cloud,23197,15677,8
2026-10-07T14:16:01.569277960Z,8.835904,126.484047,Cloud to Ground,14550,0,12
2026-10-07T14:16:05.080640000Z,14.6761,119.1671,Cloud to Ground,-5664,0,5
2026-10-07T14:16:05.012950914Z,14.677946,119.240716,Cloud to Cloud,14841,16779,10
2026-10-07T14:16:08.636852483Z,16.270059,120.192059,Cloud to Cloud,4755,7468,7
2026-10-07T14:16:08.957789921Z,14.709891,119.187238,Cloud to Cloud,-10818,5115,6
2026-10-07T14:16:08.959858433Z,14.664978,119.120783,Cloud to Cloud,-8869,7995,6
2026-10-07T14:16:08.703027252Z,14.690414,119.187065,Cloud to Cloud,-3666,6064,5
2026-10-07T14:16:15.616602010Z,14.646294,119.039578,Cloud to Cloud,9609,3757,7
2026-10-07T14:16:15.943419650Z,14.626071,119.024492,Cloud to Cloud,10415,3028,9
2026-10-07T14:16:15.702746477Z,14.657812,119.19382,Cloud to Cloud,14173,5127,7
2026-10-07T14:16:16.882428251Z,16.273122,120.311128,Cloud to Ground,-8719,0,12
2026-10-07T14:16:16.586071642Z,16.271235,120.20375,Cloud to Ground,-10771,0,8
2026-10-07T14:16:18.846263650Z,14.509651,119.289544,Cloud to Cloud,11669,6652,9
2026-10-07T14:16:18.929621388Z,14.683246,119.307872,Cloud to Ground,-13612,0,8
2026-10-07T14:16:18.541745000Z,14.7253,119.2145,Cloud to Ground,-14134,0,9
2026-10-07T14:16:18.645409000Z,14.6832,119.0753,Cloud to Ground,26233,0,6
2026-10-07T14:16:19.892201000Z,9.0336,128.6966,Cloud to Ground,-7854,0,11
2026-10-07T14:16:19.839761676Z,9.022091,128.839074,Cloud to Ground,-40391,0,9
2026-10-07T14:16:25.578835485Z,1.074614,114.817143,Cloud to Ground,11499,0,18
2026-10-07T14:16:25.658799294Z,14.563648,118.868702,Cloud to Cloud,-6841,6675,7
2026-10-07T14:16:25.010526816Z,14.553093,119.137592,Cloud to Ground,-8925,0,7
2026-10-07T14:16:25.439951481Z,14.550584,119.203491,Cloud to Cloud,-8459,18169,5
2026-10-07T14:16:25.388931142Z,14.507606,119.347518,Cloud to Cloud,3287,12307,7
2026-10-07T14:16:29.069369397Z,14.867797,119.035309,Cloud to Cloud,-11655,19384,6
2026-10-07T14:16:29.526765895Z,14.562523,119.272194,Cloud to Cloud,10377,17383,8
2026-10-07T14:16:32.665199925Z,16.253098,120.17334,Cloud to Ground,30456,0,11
2026-10-07T14:16:33.151474727Z,14.640781,119.288469,Cloud to Ground,-16546,0,7
2026-10-07T14:16:33.237927018Z,14.634757,119.290892,Cloud to Ground,-16312,0,5
2026-10-07T14:16:32.852075933Z,14.744343,119.248787,Cloud to Ground,-9769,0,11
2026-10-07T14:16:33.211075314Z,14.616811,119.286698,Cloud to Ground,-7896,0,7
2026-10-07T14:16:32.987817000Z,14.7165,119.2605,Cloud to Ground,335,0,5
2026-10-07T14:16:36.915757609Z,14.451893,119.103547,Cloud to Cloud,33226,18927,8
2026-10-07T14:16:40.879625930Z,2.041876,117.810746,Cloud to Ground,25250,0,12
2026-10-07T14:16:41.660433139Z,16.295733,119.238782,Cloud to Cloud,-8747,10092,10
2026-10-07T14:16:43.823823716Z,14.613555,119.22636,Cloud to Ground,-15096,0,10
2026-10-07T14:16:43.694598000Z,16.3148,120.1534,Cloud to Ground,-20351,0,12
2026-10-07T14:16:47.410316242Z,14.499072,119.301489,Cloud to Cloud,-17798,19938,10
2026-10-07T14:16:47.144372366Z,14.651512,119.31989,Cloud to Ground,-37484,0,9
2026-10-07T14:16:47.817228958Z,14.652874,119.311462,Cloud to Ground,-18579,0,11
2026-10-07T14:16:47.723280490Z,14.635672,119.317263,Cloud to Ground,-16587,0,7
2026-10-07T14:16:47.883584043Z,14.63198,119.31335,Cloud to Ground,-12983,0,6
2026-10-07T14:16:47.521015792Z,14.637067,119.313298,Cloud to Cloud,-12748,11210,6
2026-10-07T14:16:47.726974357Z,14.603571,119.310995,Cloud to Cloud,18008,3005,7
2026-10-07T14:16:47.451608895Z,14.622658,119.203174,Cloud to Cloud,-9242,16828,6
2026-10-07T14:16:47.413007000Z,14.6664,119.1038,Cloud to Ground,-23340,0,9
2026-10-07T14:16:47.548164000Z,14.7403,119.2457,Cloud to Ground,17823,0,5
2026-10-07T14:16:47.336065000Z,14.7702,119.1863,Cloud to Ground,40619,0,7
2026-10-07T14:16:51.508489825Z,16.256493,120.2058,Cloud to Ground,-6489,0,6
2026-10-07T14:16:51.234736000Z,16.2669,120.2375,Cloud to Ground,10958,0,5
2026-10-07T14:16:51.633551458Z,16.301174,120.227532,Cloud to Cloud,14759,3028,7
2026-10-07T14:16:51.458002000Z,15.9823,120.101,Cloud to Ground,-20914,0,6
2026-10-07T14:16:54.226389000Z,0.977,114.7949,Cloud to Ground,15191,0,7
2026-10-07T14:16:54.548075000Z,14.8763,119.2563,Cloud to Ground,22140,0,6
2026-10-07T14:16:54.922549000Z,14.7132,119.2256,Cloud to Ground,14109,0,6
2026-10-07T14:16:57.363712000Z,16.5452,119.2108,Cloud to Ground,20335,0,9
2026-10-07T14:16:57.172954334Z,16.424019,119.209882,Cloud to Ground,-36708,0,12
2026-10-07T14:16:57.442319000Z,16.3631,119.2462,Cloud to Ground,-35624,0,8
2026-10-07T14:16:57.928623359Z,16.354209,119.290694,Cloud to Ground,-13292,0,7
2026-10-07T14:16:57.266934000Z,16.5301,119.0639,Cloud to Ground,-18600,0,5
2026-10-07T14:16:57.542708984Z,16.446906,119.308347,Cloud to Cloud,-8823,19565,7
2026-10-07T14:16:59.684401000Z,8.8429,126.7613,Cloud to Ground,21734,0,5
2026-10-07T14:17:01.768320721Z,1.104883,114.832012,Cloud to Ground,-20610,0,17
2026-10-07T14:17:01.801685556Z,1.043766,114.934634,Cloud to Ground,14812,0,11
2026-10-07T14:17:02.552625042Z,14.711036,119.273963,Cloud to Ground,-18939,0,10
2026-10-07T14:17:04.026256156Z,14.704558,119.231651,Cloud to Cloud,-8525,5648,13
2026-10-07T14:17:02.927527913Z,14.705114,119.266745,Cloud to Ground,-8130,0,7
2026-10-07T14:17:03.438278845Z,14.627403,119.232595,Cloud to Cloud,17092,5410,8
2026-10-07T14:17:02.772428549Z,14.688653,119.046302,Cloud to Cloud,15144,10864,8
2026-10-07T14:17:02.705276000Z,14.8978,119.1655,Cloud to Ground,39440,0,5
2026-10-07T14:17:07.521281543Z,14.680242,119.301426,Cloud to Ground,-9882,0,8
2026-10-07T14:17:07.633408050Z,14.662784,119.30355,Cloud to Cloud,-6585,7861,6
2026-10-07T14:17:08.623212774Z,14.54157,119.194463,Cloud to Cloud,5538,6097,7
2026-10-07T14:17:08.550073912Z,14.529085,119.159748,Cloud to Cloud,23180,7063,8
2026-10-07T14:17:09.184185256Z,14.690321,119.964465,Cloud to Cloud,4466,4378,13
2026-10-07T14:17:09.256460002Z,14.735512,119.272152,Cloud to Ground,-11834,0,9
2026-10-07T14:17:10.314050840Z,16.260444,120.200181,Cloud to Ground,-7924,0,8
2026-10-07T14:17:11.675429741Z,17.491929,117.824001,Cloud to Cloud,-17211,3000,10
2026-10-07T14:17:14.288221223Z,1.138246,114.783045,Cloud to Ground,-6545,0,10
2026-10-07T14:17:15.577292779Z,16.332138,119.212455,Cloud to Ground,-10174,0,11
2026-10-07T14:17:16.381906371Z,14.629928,119.282633,Cloud to Ground,-15866,0,8
2026-10-07T14:17:16.458539932Z,14.626831,119.271218,Cloud to Ground,-11879,0,10
2026-10-07T14:17:18.737630515Z,14.577397,119.280967,Cloud to Ground,-21130,0,7
2026-10-07T14:17:18.800429441Z,14.625154,119.282788,Cloud to Ground,-9665,0,7
2026-10-07T14:17:18.756687457Z,14.620758,119.283698,Cloud to Ground,-9556,0,6
2026-10-07T14:17:18.688588643Z,14.618577,119.28536,Cloud to Ground,-8659,0,6
2026-10-07T14:17:18.478856887Z,14.619328,119.284751,Cloud to Ground,-8525,0,6
2026-10-07T14:17:18.872095825Z,14.635732,119.251661,Cloud to Cloud,40961,17905,10
2026-10-07T14:17:18.406973697Z,14.604924,119.292319,Cloud to Ground,106536,0,8
2026-10-07T14:17:23.099923728Z,1.418459,122.106925,Cloud to Ground,23630,0,14
2026-10-07T14:17:22.931641826Z,1.441441,122.05688,Cloud to Ground,59692,0,25
2026-10-07T14:17:26.336627233Z,14.654063,119.182748,Cloud to Ground,-28055,0,7
2026-10-07T14:17:26.505001331Z,14.64172,119.184999,Cloud to Cloud,-5830,3023,7
2026-10-07T14:17:26.437316000Z,14.676,119.0148,Cloud to Ground,-10034,0,8
2026-10-07T14:17:27.717934492Z,14.60958,118.999661,Cloud to Cloud,16490,3165,9
2026-10-07T14:17:28.912305141Z,14.619906,119.204101,Cloud to Cloud,-11580,3659,6
2026-10-07T14:17:28.815001855Z,14.65573,119.32362,Cloud to Ground,-26822,0,8
2026-10-07T14:17:29.073971803Z,14.636845,119.31496,Cloud to Cloud,-9548,11042,6
2026-10-07T14:17:30.220595381Z,15.397428,119.385623,Cloud to Ground,-10424,0,11
2026-10-07T14:17:31.884720275Z,15.136342,119.281552,Cloud to Ground,-8313,0,11
2026-10-07T14:17:33.083194235Z,14.630055,119.12274,Cloud to Ground,-27661,0,10
2026-10-07T14:17:32.892900890Z,14.639607,119.21521,Cloud to Ground,-24812,0,7
2026-10-07T14:17:33.146454627Z,14.635716,119.205414,Cloud to Ground,-6845,0,7
2026-10-07T14:17:34.155981254Z,18.526747,113.023158,Cloud to Cloud,-16487,18948,9
2026-10-07T14:17:34.157825709Z,18.511628,113.07323,Cloud to Cloud,-15081,3641,8
2026-10-07T14:17:34.155231464Z,18.535193,113.036082,Cloud to Ground,16103,0,8
2026-10-07T14:17:34.165266366Z,18.48645,113.13342,Cloud to Ground,34330,0,8
2026-10-07T14:17:36.303837803Z,14.613556,119.428295,Cloud to Cloud,-7023,3125,10
2026-10-07T14:17:36.187324129Z,14.465547,119.406789,Cloud to Cloud,-18781,15131,9
2026-10-07T14:17:36.188637688Z,14.470529,119.445201,Cloud to Cloud,-6293,19615,10
2026-10-07T14:17:36.219884000Z,2.8272,116.8528,Cloud to Ground,-4259,0,8
2026-10-07T14:17:38.145278225Z,14.57727,119.232527,Cloud to Cloud,-25983,15249,7
2026-10-07T14:17:39.902383000Z,14.5852,119.1352,Cloud to Ground,-10112,0,5
2026-10-07T14:17:40.038712625Z,14.626139,119.245244,Cloud to Ground,-15503,0,11
2026-10-07T14:17:40.261419197Z,14.602413,119.241135,Cloud to Ground,-10431,0,8
2026-10-07T14:17:40.151081111Z,14.590101,119.243792,Cloud to Ground,-7548,0,7
2026-10-07T14:17:40.727935810Z,16.307575,119.257618,Cloud to Cloud,13335,3173,8
2026-10-07T14:17:44.131091932Z,14.688541,119.085622,Cloud to Cloud,12946,13768,10
2026-10-07T14:17:43.999694467Z,14.70455,119.069601,Cloud to Cloud,16759,7356,12
2026-10-07T14:17:43.973662768Z,14.63757,119.250561,Cloud to Cloud,-13580,3069,7
2026-10-07T14:17:44.535662571Z,14.639281,119.183549,Cloud to Cloud,20014,3014,6
2026-10-07T14:17:44.790442541Z,16.256841,119.192066,Cloud to Cloud,21576,5233,11
2026-10-07T14:17:48.853677141Z,15.111893,119.821523,Cloud to Cloud,-5982,3008,7
2026-10-07T14:17:48.663663000Z,14.6483,119.1444,Cloud to Ground,-16488,0,6
2026-10-07T14:17:49.497418708Z,2.007917,117.870396,Cloud to Ground,18591,0,14
2026-10-07T14:17:49.344682105Z,2.040975,117.806585,Cloud to Ground,39942,0,14
2026-10-07T14:17:49.430064808Z,14.638101,119.333087,Cloud to Ground,-7939,0,8
2026-10-07T14:17:49.056186849Z,14.627427,119.334482,Cloud to Ground,-6581,0,11
2026-10-07T14:17:49.324781900Z,14.686391,119.283897,Cloud to Cloud,27070,3102,7
2026-10-07T14:17:49.624987991Z,14.615605,119.269104,Cloud to Cloud,41228,4368,8
2026-10-07T14:17:53.795515608Z,1.06516,114.811926,Cloud to Ground,16404,0,16
2026-10-07T14:17:53.259227408Z,2.837949,116.811903,Cloud to Cloud,-10535,4295,8
2026-10-07T14:17:53.556752000Z,14.6686,119.023,Cloud to Ground,-24352,0,9
2026-10-07T14:17:57.305585602Z,2.844341,117.053325,Cloud to Ground,-18969,0,14
2026-10-07T14:17:57.390631183Z,2.823564,117.056834,Cloud to Ground,12364,0,12
2026-10-07T14:17:57.643181924Z,2.828671,117.058977,Cloud to Ground,23779,0,12
2026-10-07T14:17:57.339533674Z,2.82114,117.081892,Cloud to Ground,46238,0,23
2026-10-07T14:17:58.324178247Z,14.647697,119.163112,Cloud to Ground,-19825,0,9
2026-10-07T14:17:58.134873000Z,14.6759,119.1607,Cloud to Ground,-13198,0,9
2026-10-07T14:17:58.001932000Z,14.7707,119.1993,Cloud to Ground,39824,0,9
2026-10-07T14:17:58.135626369Z,14.767668,119.310848,Cloud to Ground,-34105,0,8
2026-10-07T14:17:58.359377951Z,14.653875,119.257459,Cloud to Ground,-11378,0,6
2026-10-07T14:17:59.650885863Z,14.722639,119.249766,Cloud to Cloud,12494,4025,6
2026-10-07T14:18:01.310847171Z,16.365762,119.749815,Cloud to Cloud,7161,3012,7
2026-10-07T14:18:02.985579178Z,16.208358,120.293973,Cloud to Cloud,-6242,12270,9
2026-10-07T14:18:02.985100615Z,16.342441,120.191046,Cloud to Ground,-13888,0,8
2026-10-07T14:18:03.027179833Z,16.366075,120.217714,Cloud to Cloud,11454,14213,7
2026-10-07T14:18:02.296397000Z,14.7365,118.9333,Cloud to Ground,11038,0,5
2026-10-07T14:18:03.467112873Z,7.869223,127.621629,Cloud to Cloud,-10496,11193,18
2026-10-07T14:18:03.477294000Z,7.5084,127.8322,Cloud to Ground,5536,0,6
2026-10-07T14:18:03.673568860Z,3.275513,116.418433,Cloud to Ground,32195,0,12
2026-10-07T14:18:03.842081020Z,3.243934,116.440101,Cloud to Ground,33399,0,18
2026-10-07T14:18:03.672951416Z,3.271538,116.414009,Cloud to Ground,40959,0,16
2026-10-07T14:18:04.456082968Z,14.612233,119.236411,Cloud to Ground,-25181,0,12
2026-10-07T14:18:04.353573858Z,14.566068,119.241922,Cloud to Ground,-21955,0,6
2026-10-07T14:18:04.549054959Z,14.603448,119.259692,Cloud to Ground,-17186,0,11
2026-10-07T14:18:04.640114528Z,14.585909,119.247512,Cloud to Ground,-15161,0,6
2026-10-07T14:18:04.302991445Z,14.60625,119.240787,Cloud to Ground,-9959,0,8
2026-10-07T14:18:04.620008236Z,14.580776,119.245012,Cloud to Ground,-7874,0,6
2026-10-07T14:18:04.777392627Z,14.578882,119.244301,Cloud to Ground,-7557,0,6
2026-10-07T14:18:04.385527005Z,14.590399,119.243077,Cloud to Ground,-5968,0,7
2026-10-07T14:18:05.090920291Z,14.656283,119.190651,Cloud to Cloud,13974,3003,6
2026-10-07T14:18:05.323746000Z,10.4946,125.2884,Cloud to Ground,-35365,0,6
2026-10-07T14:18:05.362689000Z,10.4622,125.2919,Cloud to Ground,-19088,0,9
2026-10-07T14:18:05.421186613Z,10.516884,125.22381,Cloud to Ground,-18220,0,21
2026-10-07T14:18:07.842725051Z,14.642577,119.156594,Cloud to Cloud,-19737,5752,6
2026-10-07T14:18:07.546312795Z,14.684575,119.159763,Cloud to Cloud,8318,8106,6
2026-10-07T14:18:09.714485297Z,1.079061,114.845308,Cloud to Ground,15543,0,16
2026-10-07T14:18:09.583272945Z,1.071767,114.838964,Cloud to Ground,32651,0,17
2026-10-07T14:18:09.637702263Z,1.065896,114.870473,Cloud to Ground,56974,0,22
2026-10-07T14:18:10.366260641Z,7.452016,126.912648,Cloud to Ground,-14603,0,14
2026-10-07T14:18:10.306745085Z,6.980816,127.208255,Cloud to Ground,-50102,0,25
2026-10-07T14:18:10.132590000Z,6.9955,127.2525,Cloud to Ground,-42481,0,8
2026-10-07T14:18:10.267626000Z,7.021,127.3261,Cloud to Ground,-28621,0,6
2026-10-07T14:18:10.199285348Z,7.146656,127.22562,Cloud to Ground,-28346,0,8
2026-10-07T14:18:10.820592365Z,6.995485,127.19616,Cloud to Ground,-26831,0,15
2026-10-07T14:18:10.727051000Z,7.0025,127.2757,Cloud to Ground,-25275,0,8
2026-10-07T14:18:10.226659858Z,6.984341,127.318647,Cloud to Ground,-24934,0,7
2026-10-07T14:18:10.115478598Z,7.070829,127.256315,Cloud to Ground,-12385,0,7
2026-10-07T14:18:10.088870000Z,6.997,127.1663,Cloud to Ground,-9300,0,5
2026-10-07T14:18:11.078021420Z,7.11072,127.322949,Cloud to Cloud,-9034,17605,9
2026-10-07T14:18:11.088855407Z,7.232086,127.296887,Cloud to Cloud,-10322,3045,7
2026-10-07T14:18:13.980506647Z,14.626966,118.973469,Cloud to Cloud,-5287,7657,6
2026-10-07T14:18:14.178672000Z,14.6527,119.0928,Cloud to Ground,-11020,0,7
2026-10-07T14:18:14.323381000Z,14.8606,119.3474,Cloud to Ground,17044,0,6
2026-10-07T14:18:15.468494201Z,14.471825,119.384177,Cloud to Cloud,10250,19889,7
2026-10-07T14:18:15.008297945Z,14.520937,119.29611,Cloud to Ground,-28649,0,7
2026-10-07T14:18:14.476665672Z,14.652186,119.286775,Cloud to Ground,-23979,0,7
2026-10-07T14:18:14.716646754Z,14.650233,119.240972,Cloud to Ground,-15763,0,9
2026-10-07T14:18:15.005213107Z,14.657436,119.289011,Cloud to Ground,-13685,0,8
2026-10-07T14:18:15.464517664Z,14.669726,119.289788,Cloud to Ground,-12451,0,9
2026-10-07T14:18:14.743317054Z,14.637299,119.279976,Cloud to Cloud,-11069,7012,6
2026-10-07T14:18:15.100301575Z,14.658419,119.276262,Cloud to Cloud,-9813,12966,7
2026-10-07T14:18:14.780596800Z,14.672156,119.296686,Cloud to Ground,-8816,0,7
2026-10-07T14:18:15.143096865Z,14.664321,119.275711,Cloud to Cloud,-5597,10391,7
2026-10-07T14:18:15.183334346Z,14.568373,119.32239,Cloud to Ground,15867,0,8
2026-10-07T14:18:15.179085239Z,14.711976,119.224541,Cloud to Cloud,19608,11704,6
2026-10-07T14:18:16.734758762Z,14.697799,119.233366,Cloud to Ground,-12626,0,7
2026-10-07T14:18:16.660141589Z,14.699878,119.233393,Cloud to Ground,-11052,0,8
2026-10-07T14:18:16.833283461Z,14.690664,119.22459,Cloud to Ground,-6970,0,8
2026-10-07T14:18:16.427501000Z,14.7474,118.9833,Cloud to Ground,21669,0,5
2026-10-07T14:18:17.917104039Z,14.697183,119.300492,Cloud to Cloud,14898,6111,8
2026-10-07T14:18:17.816240051Z,14.488767,120.006856,Cloud to Cloud,-5831,3026,9
2026-10-07T14:18:20.879422129Z,8.802678,126.74578,Cloud to Ground,-75566,0,11
2026-10-07T14:18:20.911783110Z,8.813748,126.73669,Cloud to Ground,-31953,0,12
2026-10-07T14:18:20.938860868Z,8.801773,126.741774,Cloud to Ground,-31858,0,7
2026-10-07T14:18:21.175102000Z,8.8821,126.7396,Cloud to Ground,-20959,0,8
2026-10-07T14:18:23.103234823Z,2.862226,117.121864,Cloud to Ground,33819,0,21
2026-10-07T14:18:23.148776474Z,2.875649,117.05695,Cloud to Ground,34848,0,12
2026-10-07T14:18:23.368691373Z,14.475223,119.154252,Cloud to Ground,41775,0,8
2026-10-07T14:18:23.453950739Z,14.661787,119.217216,Cloud to Ground,-23399,0,10
2026-10-07T14:18:23.502611290Z,14.669097,119.215525,Cloud to Ground,-21596,0,11
2026-10-07T14:18:23.211801679Z,14.658147,119.217837,Cloud to Ground,-20715,0,10
2026-10-07T14:18:23.555903943Z,14.667949,119.215258,Cloud to Ground,-13615,0,10
2026-10-07T14:18:23.279774789Z,14.723883,119.169816,Cloud to Cloud,27510,3015,7
2026-10-07T14:18:23.084288057Z,14.695621,119.26029,Cloud to Ground,45334,0,8
2026-10-07T14:18:26.673698726Z,14.559668,119.152769,Cloud to Ground,-29207,0,8
2026-10-07T14:18:26.532464057Z,14.603407,119.114419,Cloud to Cloud,14030,13164,7
2026-10-07T14:18:26.300172113Z,14.711103,119.198661,Cloud to Ground,-29294,0,10
2026-10-07T14:18:26.375799248Z,14.687906,119.201031,Cloud to Ground,-12324,0,6
2026-10-07T14:18:26.475285598Z,14.700701,119.20031,Cloud to Ground,-10998,0,7
2026-10-07T14:18:28.058143937Z,14.635085,119.161207,Cloud to Ground,-10347,0,7
2026-10-07T14:18:29.348573075Z,16.276107,120.168641,Cloud to Cloud,3817,19987,6
2026-10-07T14:18:34.573174000Z,14.8457,119.2765,Cloud to Ground,27475,0,6
2026-10-07T14:18:37.054440533Z,16.295771,120.19867,Cloud to Cloud,-4121,18565,7
2026-10-07T14:18:39.715727017Z,1.078309,114.800375,Cloud to Ground,19538,0,7
2026-10-07T14:18:39.812062791Z,14.626826,119.100683,Cloud to Ground,-16256,0,10
2026-10-07T14:18:39.773348220Z,14.689408,119.267006,Cloud to Ground,43360,0,11
2026-10-07T14:18:42.341286410Z,14.664572,119.150213,Cloud to Ground,-12855,0,11
2026-10-07T14:18:45.819903989Z,15.202248,125.224786,Cloud to Ground,-12775,0,10
2026-10-07T14:18:45.659746404Z,15.146441,125.212051,Cloud to Cloud,-7349,5944,6
2026-10-07T14:18:45.621574744Z,15.102061,125.217195,Cloud to Cloud,16126,18889,7
2026-10-07T14:18:45.635076910Z,16.350789,120.326835,Cloud to Ground,-9827,0,8
2026-10-07T14:18:45.417962309Z,16.32992,120.205113,Cloud to Ground,-12241,0,7
2026-10-07T14:18:45.776494737Z,16.324681,120.186881,Cloud to Ground,-6954,0,7
2026-10-07T14:18:45.356807285Z,16.36518,120.210908,Cloud to Cloud,14758,6194,7
2026-10-07T14:18:45.177190266Z,14.685735,119.287526,Cloud to Ground,-10178,0,10
2026-10-07T14:18:45.224321649Z,14.667232,119.293866,Cloud to Ground,-8679,0,7
2026-10-07T14:18:45.300718573Z,14.737401,119.236729,Cloud to Cloud,20076,3204,6
2026-10-07T14:18:45.332815251Z,14.471031,119.22196,Cloud to Cloud,41532,3002,8
2026-10-07T14:18:45.399235178Z,14.645877,119.057496,Cloud to Cloud,16953,5093,7
2026-10-07T14:18:47.059370143Z,14.81926,119.196781,Cloud to Ground,-36822,0,12
2026-10-07T14:18:48.837743000Z,14.8801,119.18,Cloud to Ground,3575,0,5
2026-10-07T14:18:49.111786524Z,16.204315,120.194861,Cloud to Cloud,13042,4905,7
2026-10-07T14:18:49.151641400Z,14.587617,119.202115,Cloud to Cloud,14053,14406,10
2026-10-07T14:18:49.202634440Z,14.696385,119.243167,Cloud to Cloud,-8712,12215,10
2026-10-07T14:18:53.364033626Z,14.490908,119.085516,Cloud to Cloud,15193,3773,11
2026-10-07T14:18:55.911027542Z,14.623915,119.129076,Cloud to Cloud,-4126,15320,7
2026-10-07T14:18:56.876216000Z,14.8442,119.2604,Cloud to Ground,17446,0,5
2026-10-07T14:18:57.273159870Z,14.673591,119.276263,Cloud to Ground,-12660,0,5
2026-10-07T14:18:57.148223631Z,14.706796,119.263273,Cloud to Ground,-10117,0,11
2026-10-07T14:18:57.117050950Z,14.691013,119.264995,Cloud to Ground,-8124,0,11
2026-10-07T14:18:57.400267339Z,14.669426,119.167759,Cloud to Ground,-14190,0,10
2026-10-07T14:18:57.826932871Z,14.607149,119.158466,Cloud to Cloud,-11493,17947,8
2026-10-07T14:18:58.478806585Z,16.410094,119.187279,Cloud to Ground,-67504,0,7
2026-10-07T14:18:58.728537052Z,16.421222,119.214287,Cloud to Ground,-32228,0,14
2026-10-07T14:18:58.589392000Z,16.5048,119.1783,Cloud to Ground,-16554,0,11
2026-10-07T14:18:58.773684000Z,16.4897,119.1051,Cloud to Ground,-10561,0,6
2026-10-07T14:18:58.065404000Z,14.8516,119.2741,Cloud to Ground,-7520,0,5
2026-10-07T14:19:00.838994971Z,14.678489,119.278985,Cloud to Ground,-10086,0,12
2026-10-07T14:19:00.932020000Z,14.1527,118.9831,Cloud to Ground,-16100,0,5
2026-10-07T14:19:01.423072571Z,1.068677,114.858435,Cloud to Ground,9142,0,8
2026-10-07T14:19:01.944746156Z,14.704102,119.204749,Cloud to Ground,-24120,0,8
2026-10-07T14:19:02.045796378Z,15.345015,119.324202,Cloud to Ground,-19750,0,7
2026-10-07T14:19:02.330768000Z,15.5414,119.3177,Cloud to Ground,76491,0,7
2026-10-07T14:19:02.120267000Z,15.5166,119.2168,Cloud to Ground,-7404,0,7
2026-10-07T14:19:06.616391853Z,2.885125,117.014863,Cloud to Ground,-25333,0,13
2026-10-07T14:19:06.711302724Z,2.86182,117.113193,Cloud to Ground,33284,0,15
2026-10-07T14:19:06.618247736Z,2.89249,117.0665,Cloud to Ground,44299,0,18
2026-10-07T14:19:06.555132814Z,2.893158,117.067656,Cloud to Ground,58145,0,26
2026-10-07T14:19:06.326784000Z,14.7674,119.1687,Cloud to Ground,17148,0,6
2026-10-07T14:19:09.326495000Z,8.8069,127.9051,Cloud to Ground,-25920,0,7
2026-10-07T14:19:10.465890182Z,14.639994,119.13612,Cloud to Ground,-33226,0,10
2026-10-07T14:19:10.855323102Z,14.641802,119.12453,Cloud to Ground,-15992,0,9
2026-10-07T14:19:10.375392000Z,14.6552,119.1297,Cloud to Ground,-15279,0,6
2026-10-07T14:19:10.609600646Z,14.646455,119.224251,Cloud to Ground,-11910,0,6
2026-10-07T14:19:11.015305049Z,14.663262,119.22035,Cloud to Ground,-10105,0,8
2026-10-07T14:19:10.919813732Z,14.654167,119.222478,Cloud to Ground,-8663,0,7
2026-10-07T14:19:10.857433089Z,14.590138,119.228387,Cloud to Ground,39440,0,10
2026-10-07T14:19:10.907274000Z,8.8576,126.3849,Cloud to Ground,12307,0,5
2026-10-07T14:19:11.763259336Z,14.664227,119.272158,Cloud to Ground,-11142,0,10
2026-10-07T14:19:13.181635000Z,14.713,119.0516,Cloud to Ground,-7704,0,10
2026-10-07T14:19:14.929149869Z,14.66107,119.156657,Cloud to Cloud,-5504,15352,6
2026-10-07T14:19:14.512845917Z,14.531114,119.186559,Cloud to Cloud,12676,3010,8
2026-10-07T14:19:18.887519065Z,14.439263,119.382399,Cloud to Cloud,7376,3549,7
2026-10-07T14:19:18.850774730Z,14.604475,119.447469,Cloud to Cloud,6480,3010,8
2026-10-07T14:19:21.677891486Z,14.637916,119.215214,Cloud to Cloud,-4221,14472,6
2026-10-07T14:19:21.595559000Z,14.6695,118.9772,Cloud to Ground,-11255,0,7
2026-10-07T14:19:25.894022000Z,7.2182,127.8555,Cloud to Ground,-5827,0,8
2026-10-07T14:19:25.679101000Z,14.4962,119.0774,Cloud to Ground,-13716,0,5
2026-10-07T14:19:27.180937630Z,1.096419,114.79462,Cloud to Ground,-9959,0,24
2026-10-07T14:19:27.216063680Z,1.1933,114.748244,Cloud to Ground,-8704,0,18
2026-10-07T14:19:28.611718666Z,14.684282,119.124544,Cloud to Ground,-21661,0,10
2026-10-07T14:19:31.898594817Z,14.590598,119.114184,Cloud to Cloud,-6193,16878,7
2026-10-07T14:19:32.849145717Z,17.19717,116.664286,Cloud to Ground,-12412,0,12
2026-10-07T14:19:32.618003025Z,17.18134,116.564407,Cloud to Ground,24480,0,12
2026-10-07T14:19:32.662600458Z,17.193491,116.643783,Cloud to Ground,29331,0,14
2026-10-07T14:19:34.619771744Z,14.532122,119.13394,Cloud to Cloud,34135,3007,8
2026-10-07T14:19:34.090967975Z,14.552636,119.172242,Cloud to Ground,118759,0,7
2026-10-07T14:19:34.400489998Z,14.735635,119.205021,Cloud to Ground,-16971,0,10
2026-10-07T14:19:34.509120095Z,14.68463,119.200181,Cloud to Ground,-7208,0,7
2026-10-07T14:19:34.550011000Z,16.4191,120.2334,Cloud to Ground,18757,0,6
2026-10-07T14:19:35.876663012Z,15.368646,119.279593,Cloud to Cloud,-18884,16742,9
2026-10-07T14:19:35.902676298Z,14.592899,119.185453,Cloud to Cloud,-8745,8618,6
2026-10-07T14:19:42.105560139Z,14.567515,119.33155,Cloud to Ground,-38126,0,8
2026-10-07T14:19:42.826767031Z,14.568658,119.294244,Cloud to Cloud,30793,3043,7
2026-10-07T14:19:42.444709669Z,14.536357,119.321661,Cloud to Ground,163163,0,7
2026-10-07T14:19:42.479005000Z,14.9307,119.2881,Cloud to Ground,10109,0,6
2026-10-07T14:19:42.343316000Z,14.7682,119.0443,Cloud to Ground,5874,0,5
2026-10-07T14:19:42.815830196Z,14.722928,119.212339,Cloud to Ground,-45053,0,7
2026-10-07T14:19:42.246935000Z,14.7112,119.1417,Cloud to Ground,-32571,0,6
2026-10-07T14:19:42.591444131Z,14.703511,119.205255,Cloud to Cloud,-10382,3010,6
2026-10-07T14:19:45.006630239Z,2.885806,117.019789,Cloud to Ground,-22073,0,12
2026-10-07T14:19:45.156217265Z,2.910409,117.021566,Cloud to Ground,-17127,0,21
2026-10-07T14:19:45.189075415Z,2.909623,117.021352,Cloud to Ground,-15079,0,20
2026-10-07T14:19:45.008390880Z,2.889424,117.011459,Cloud to Ground,-13127,0,13
2026-10-07T14:19:45.033007283Z,2.935833,117.064443,Cloud to Ground,-10311,0,13
2026-10-07T14:19:44.963522881Z,2.900817,117.064411,Cloud to Ground,54679,0,23
2026-10-07T14:19:44.860072947Z,14.665466,119.217703,Cloud to Ground,-10627,0,9
2026-10-07T14:19:45.033819843Z,3.064453,117.089017,Cloud to Ground,-14230,0,20
2026-10-07T14:19:47.653619441Z,7.205995,127.20652,Cloud to Cloud,-8650,7208,9
2026-10-07T14:19:47.552042737Z,7.206594,127.187982,Cloud to Cloud,14729,3453,15
2026-10-07T14:19:48.612607921Z,14.503252,119.160237,Cloud to Ground,-9220,0,7
2026-10-07T14:19:48.865219401Z,14.558021,119.104918,Cloud to Cloud,11149,6745,6
2026-10-07T14:19:52.879237266Z,14.726392,119.26109,Cloud to Ground,-20398,0,14
2026-10-07T14:19:52.719758694Z,14.528123,119.264069,Cloud to Cloud,-24579,16945,7
2026-10-07T14:19:52.726521000Z,14.9188,119.3092,Cloud to Ground,34175,0,7
2026-10-07T14:19:54.940822000Z,16.3873,120.2258,Cloud to Ground,28380,0,6
2026-10-07T14:19:55.520748000Z,16.5064,120.4155,Cloud to Ground,30822,0,6
2026-10-07T14:19:56.648813226Z,1.053961,114.832917,Cloud to Ground,13793,0,10
2026-10-07T14:19:56.591493704Z,1.033619,114.886417,Cloud to Ground,21183,0,17
2026-10-07T14:19:56.943415036Z,1.04741,114.864991,Cloud to Ground,31241,0,20
2026-10-07T14:19:56.560161849Z,1.031669,114.910726,Cloud to Ground,39485,0,20
2026-10-07T14:19:57.163536641Z,14.734164,119.208328,Cloud to Ground,-34505,0,8
2026-10-07T14:19:57.315834001Z,14.687357,119.259265,Cloud to Ground,-12482,0,8
2026-10-07T14:19:57.373925745Z,14.656111,119.250957,Cloud to Cloud,-7736,16847,6
2026-10-07T14:19:57.707946443Z,14.671383,119.419778,Cloud to Ground,-9334,0,10
2026-10-07T14:19:59.234169948Z,14.602065,119.355738,Cloud to Cloud,4788,11380,10
2026-10-07T14:19:58.861533642Z,14.561316,119.346793,Cloud to Cloud,11298,13847,7
2026-10-07T14:19:58.423509529Z,16.298937,119.081334,Cloud to Ground,18940,0,12
2026-10-07T14:19:59.177388229Z,14.44371,119.129715,Cloud to Cloud,35031,3010,8
2026-10-07T14:20:00.614125238Z,19.383478,133.324555,Cloud to Ground,44756,0,9
2026-10-07T14:20:00.620227919Z,19.637438,133.372596,Cloud to Ground,-37793,0,19
2026-10-07T14:20:02.778638249Z,14.688386,119.214898,Cloud to Ground,-30882,0,10
2026-10-07T14:20:02.662796172Z,14.685318,119.204655,Cloud to Ground,-15982,0,8
2026-10-07T14:20:02.903642204Z,14.687134,119.20452,Cloud to Ground,-8881,0,7
2026-10-07T14:20:03.427383000Z,7.1408,127.4392,Cloud to Ground,5599,0,5
2026-10-07T14:20:04.681492847Z,14.64397,119.17304,Cloud to Cloud,4496,3010,5
2026-10-07T14:20:05.248463258Z,14.694569,118.989247,Cloud to Cloud,-7776,3009,6
2026-10-07T14:20:05.710524000Z,14.6368,119.1123,Cloud to Ground,-8709,0,6
2026-10-07T14:20:06.061497079Z,14.621565,119.350431,Cloud to Cloud,-3550,3077,7
2026-10-07T14:20:08.416656768Z,14.640814,119.169104,Cloud to Ground,-13542,0,7
2026-10-07T14:20:10.038161462Z,14.572742,119.192236,Cloud to Ground,32780,0,8
2026-10-07T14:20:10.201963279Z,14.701954,119.240335,Cloud to Ground,-21352,0,10
2026-10-07T14:20:10.102827987Z,14.675855,119.232963,Cloud to Ground,-13386,0,7
2026-10-07T14:20:13.947312982Z,14.585333,119.201427,Cloud to Cloud,-11825,12416,8
2026-10-07T14:20:13.898994303Z,14.716863,119.197642,Cloud to Ground,-22640,0,11
2026-10-07T14:20:14.051278159Z,14.718422,119.211343,Cloud to Ground,-14611,0,9
2026-10-07T14:20:13.946080561Z,14.68591,119.20415,Cloud to Ground,-7987,0,6
2026-10-07T14:20:14.192013209Z,14.710739,119.198393,Cloud to Ground,-6271,0,7
2026-10-07T14:20:14.121601859Z,14.750404,119.134781,Cloud to Cloud,16006,3114,5
2026-10-07T14:20:14.463864000Z,16.3763,120.2985,Cloud to Ground,49972,0,11
2026-10-07T14:20:18.469815043Z,14.719192,119.255306,Cloud to Ground,-19338,0,8
2026-10-07T14:20:18.200171093Z,14.734391,119.25627,Cloud to Ground,-18673,0,13
2026-10-07T14:20:18.708472421Z,14.693061,119.302467,Cloud to Ground,-6696,0,7
2026-10-07T14:20:18.614680648Z,14.687957,119.30114,Cloud to Cloud,-6443,3100,7
2026-10-07T14:20:18.466702977Z,14.705873,119.297071,Cloud to Ground,-6402,0,9
2026-10-07T14:20:18.713228665Z,14.653471,119.113219,Cloud to Cloud,-3643,5382,7
2026-10-07T14:20:18.537566643Z,14.667677,119.070423,Cloud to Cloud,10935,3601,7
2026-10-07T14:20:19.948293175Z,14.538967,119.298202,Cloud to Cloud,18922,10212,8
2026-10-07T14:20:20.018491000Z,14.655388,119.347521,Cloud to Ground,-30893,0,10
2026-10-07T14:20:20.208327479Z,14.627062,119.344768,Cloud to Ground,-7460,0,7
2026-10-07T14:20:19.886075834Z,14.627353,119.268264,Cloud to Ground,42189,0,8
2026-10-07T14:20:19.300141000Z,14.7776,118.9833,Cloud to Ground,27937,0,5
2026-10-07T14:20:20.163657000Z,14.7538,119.2651,Cloud to Ground,21479,0,9
2026-10-07T14:20:20.801944000Z,14.7854,119.301,Cloud to Ground,23956,0,7
2026-10-07T14:20:22.980015013Z,16.43567,119.264058,Cloud to Ground,-72907,0,16
2026-10-07T14:20:23.305160240Z,16.417889,119.241682,Cloud to Ground,-17110,0,9
2026-10-07T14:20:23.553830061Z,16.417828,119.243277,Cloud to Ground,-12407,0,9
2026-10-07T14:20:23.248109341Z,16.358534,119.302055,Cloud to Cloud,17250,4169,10
2026-10-07T14:20:23.601608577Z,16.456019,119.364522,Cloud to Ground,-8166,0,7
2026-10-07T14:20:23.383289000Z,16.6227,119.5097,Cloud to Ground,63829,0,8
2026-10-07T14:20:23.247236000Z,16.116,119.1038,Cloud to Ground,-20387,0,5
2026-10-07T14:20:25.113642427Z,14.685488,119.155675,Cloud to Ground,-64530,0,12
2026-10-07T14:20:25.393660605Z,14.731879,119.252058,Cloud to Ground,-14558,0,8
2026-10-07T14:20:25.156938480Z,14.766007,119.184681,Cloud to Cloud,14922,3826,5
2026-10-07T14:20:25.303962054Z,14.766235,119.183386,Cloud to Cloud,25668,3021,5
2026-10-07T14:20:25.237910000Z,14.7748,119.0684,Cloud to Ground,34765,0,9
2026-10-07T14:20:26.365579724Z,16.156246,119.039303,Cloud to Cloud,-3844,4354,6
2026-10-07T14:20:27.031864630Z,14.727941,119.190142,Cloud to Cloud,-17739,3031,10
2026-10-07T14:20:27.226495976Z,14.711144,119.156965,Cloud to Cloud,-10831,3006,7
2026-10-07T14:20:27.436464071Z,14.670218,119.210497,Cloud to Cloud,5124,15761,7
2026-10-07T14:20:27.178844025Z,14.664573,119.227176,Cloud to Cloud,11052,6132,6
2026-10-07T14:20:28.312179096Z,17.248912,116.679251,Cloud to Cloud,-10106,3060,7
2026-10-07T14:20:30.551731588Z,16.279735,120.127729,Cloud to Cloud,-3928,12018,8
2026-10-07T14:20:32.496631059Z,2.916955,117.012309,Cloud to Ground,-19424,0,20
2026-10-07T14:20:32.488617975Z,2.890832,117.031334,Cloud to Ground,-19255,0,19
2026-10-07T14:20:32.515403253Z,2.883827,117.046299,Cloud to Ground,12746,0,15
2026-10-07T14:20:32.462962867Z,2.880586,117.053081,Cloud to Ground,34832,0,12
2026-10-07T14:20:32.298150509Z,14.69684,119.218496,Cloud to Ground,-20992,0,9
2026-10-07T14:20:32.569898436Z,14.696097,119.218293,Cloud to Ground,-12667,0,8
2026-10-07T14:20:32.597758113Z,14.677075,119.210656,Cloud to Ground,-6470,0,7
2026-10-07T14:20:32.473518924Z,14.738652,119.150893,Cloud to Cloud,18536,3018,7
2026-10-07T14:20:32.396520274Z,14.568012,119.184552,Cloud to Ground,25186,0,7
2026-10-07T14:20:34.887534885Z,14.666197,119.106639,Cloud to Ground,-17361,0,9
2026-10-07T14:20:37.733986449Z,14.650254,119.044252,Cloud to Cloud,12858,3019,7
2026-10-07T14:20:37.904326562Z,14.684389,119.282128,Cloud to Ground,-12473,0,8
2026-10-07T14:20:37.628920360Z,14.665661,119.278629,Cloud to Ground,-9069,0,6
2026-10-07T14:20:37.826767299Z,14.741042,119.215384,Cloud to Cloud,24410,7462,8
2026-10-07T14:20:37.674553297Z,14.670641,119.198197,Cloud to Cloud,28082,7536,8
2026-10-07T14:20:37.592945000Z,14.8739,119.2729,Cloud to Ground,8101,0,6
2026-10-07T14:20:40.589953397Z,14.608145,119.024865,Cloud to Cloud,-6141,4487,7
2026-10-07T14:20:40.737039705Z,14.539303,119.151765,Cloud to Cloud,-22912,6649,8
2026-10-07T14:20:40.507277870Z,14.622666,119.120589,Cloud to Cloud,12604,5614,8
2026-10-07T14:20:40.306409391Z,14.51431,119.198619,Cloud to Cloud,21756,3261,10
2026-10-07T14:20:40.213642459Z,15.308181,125.33282,Cloud to Ground,-26040,0,12
2026-10-07T14:20:40.215193691Z,15.30928,125.339316,Cloud to Ground,-12725,0,14
2026-10-07T14:20:42.181724763Z,14.614675,119.200889,Cloud to Ground,-14728,0,8
2026-10-07T14:20:42.293241565Z,14.706366,119.014059,Cloud to Cloud,5243,7293,7
2026-10-07T14:20:42.415807153Z,14.713454,119.232557,Cloud to Ground,-6630,0,7
2026-10-07T14:20:42.974780514Z,16.284881,120.154804,Cloud to Ground,-10023,0,8
2026-10-07T14:20:42.697842323Z,16.403321,120.202462,Cloud to Ground,-21451,0,6
2026-10-07T14:20:42.176163655Z,16.425514,120.219405,Cloud to Ground,-19241,0,6
2026-10-07T14:20:42.253851000Z,16.4084,120.2927,Cloud to Ground,30048,0,6
2026-10-07T14:20:44.908895264Z,14.68945,119.116204,Cloud to Cloud,13539,3325,6
2026-10-07T14:20:46.857411079Z,14.725198,119.213562,Cloud to Cloud,16484,3073,8
2026-10-07T14:20:47.308681876Z,2.853721,116.775746,Cloud to Ground,-14256,0,11
2026-10-07T14:20:47.567719544Z,14.602503,119.227966,Cloud to Cloud,4379,4979,9
2026-10-07T14:20:49.622597879Z,16.285718,120.285507,Cloud to Cloud,7647,6084,7
2026-10-07T14:20:51.528886458Z,14.684433,119.237557,Cloud to Ground,-11457,0,10
2026-10-07T14:20:51.442728172Z,14.671243,119.239212,Cloud to Ground,-9066,0,10
2026-10-07T14:20:51.435665549Z,14.652573,119.243429,Cloud to Ground,-7786,0,6
2026-10-07T14:20:51.326964000Z,14.7858,119.1551,Cloud to Ground,34914,0,10
2026-10-07T14:20:51.194251000Z,14.6766,119.038,Cloud to Ground,-19389,0,10
2026-10-07T14:20:51.760720772Z,16.149657,120.178523,Cloud to Cloud,12427,3000,7
2026-10-07T14:20:52.533693000Z,17.2383,116.4376,Cloud to Ground,4960,0,7
2026-10-07T14:20:52.818825000Z,17.0488,116.5566,Cloud to Ground,-9881,0,10
2026-10-07T14:20:53.180936992Z,16.2903,119.098883,Cloud to Ground,22472,0,8
2026-10-07T14:20:54.701119101Z,14.764551,119.148837,Cloud to Cloud,35012,7857,7
2026-10-07T14:20:54.671327993Z,14.67748,118.976273,Cloud to Cloud,11604,15429,7
2026-10-07T14:20:54.608215000Z,14.7702,118.9236,Cloud to Ground,19936,0,6
2026-10-07T14:20:55.336959275Z,6.62189,123.232218,Cloud to Ground,-25841,0,27
2026-10-07T14:20:55.366815772Z,6.51058,123.273963,Cloud to Ground,-23626,0,18
2026-10-07T14:20:56.450417305Z,14.617493,119.110393,Cloud to Cloud,7325,3374,7
2026-10-07T14:20:56.140060810Z,14.529765,119.138395,Cloud to Cloud,12373,18052,10
2026-10-07T14:20:56.520251961Z,14.55492,119.186624,Cloud to Cloud,12498,17325,9
2026-10-07T14:20:58.611291000Z,16.5475,120.3802,Cloud to Ground,-2520,0,5
2026-10-07T14:21:01.561523225Z,14.662817,119.08545,Cloud to Ground,-11217,0,7
2026-10-07T14:21:01.383227689Z,14.681682,119.182758,Cloud to Ground,-31130,0,8
2026-10-07T14:21:01.594673629Z,14.692136,119.184692,Cloud to Ground,-9909,0,7
2026-10-07T14:21:01.527550953Z,14.670138,119.188833,Cloud to Ground,-9357,0,6
2026-10-07T14:21:01.489784362Z,14.674772,119.188415,Cloud to Ground,-9105,0,7
2026-10-07T14:21:03.794959783Z,2.871974,116.956552,Cloud to Cloud,-15760,3037,10
2026-10-07T14:21:03.838183326Z,2.876532,117.013038,Cloud to Ground,-9286,0,7
2026-10-07T14:21:04.014254678Z,2.934063,117.068415,Cloud to Ground,17233,0,13
2026-10-07T14:21:05.463796146Z,14.647993,119.201265,Cloud to Cloud,4750,5332,7
2026-10-07T14:21:04.923418414Z,14.682356,119.12699,Cloud to Cloud,7566,18106,5
2026-10-07T14:21:04.837343000Z,14.7291,118.8494,Cloud to Ground,8996,0,6
2026-10-07T14:21:05.285707136Z,14.543396,119.273737,Cloud to Cloud,18502,12633,6
2026-10-07T14:21:05.940409000Z,7.1276,127.6596,Cloud to Ground,12535,0,7
2026-10-07T14:21:06.204406167Z,7.173063,127.595408,Cloud to Cloud,14308,3017,11
2026-10-07T14:21:06.887643000Z,14.6053,119.1208,Cloud to Ground,18671,0,5
2026-10-07T14:21:07.787601501Z,14.303882,119.336525,Cloud to Cloud,19780,4665,8
2026-10-07T14:21:07.052148669Z,14.59392,119.312318,Cloud to Ground,-27351,0,8
2026-10-07T14:21:06.540989643Z,14.640881,119.291736,Cloud to Ground,-22529,0,8
2026-10-07T14:21:07.162843260Z,14.566844,119.307441,Cloud to Ground,-22242,0,7
2026-10-07T14:21:07.776813874Z,14.564466,119.308396,Cloud to Ground,-20996,0,7
2026-10-07T14:21:07.479388800Z,14.556181,119.30337,Cloud to Cloud,-11923,19280,7
2026-10-07T14:21:07.395099680Z,14.663386,119.283588,Cloud to Ground,-10431,0,7
2026-10-07T14:21:06.711944868Z,14.499743,119.262834,Cloud to Cloud,16264,16531,10
2026-10-07T14:21:06.963832122Z,14.453937,119.277081,Cloud to Cloud,22435,7308,7
2026-10-07T14:21:06.623110916Z,14.515992,119.275779,Cloud to Ground,25183,0,8
2026-10-07T14:21:09.989376703Z,14.700297,119.26826,Cloud to Ground,-10867,0,7
2026-10-07T14:21:09.338711000Z,16.3459,118.9791,Cloud to Ground,-19791,0,10
2026-10-07T14:21:11.128430451Z,8.999275,128.836404,Cloud to Ground,-27673,0,10
2026-10-07T14:21:11.348831472Z,14.666314,119.238711,Cloud to Ground,-25246,0,8
2026-10-07T14:21:11.471014359Z,14.67367,119.249756,Cloud to Ground,-21034,0,9
2026-10-07T14:21:11.417821755Z,14.672942,119.237991,Cloud to Ground,-9787,0,9
2026-10-07T14:21:11.678417986Z,14.679921,119.234749,Cloud to Ground,-8157,0,9
2026-10-07T14:21:13.681546363Z,16.211248,119.200927,Cloud to Cloud,11084,3504,7
2026-10-07T14:21:13.243227945Z,14.700987,119.209606,Cloud to Cloud,8745,3954,7
2026-10-07T14:21:16.714434821Z,16.293546,120.19394,Cloud to Ground,-29442,0,11
2026-10-07T14:21:16.813058390Z,16.28732,120.160591,Cloud to Ground,-9779,0,7
2026-10-07T14:21:16.767320188Z,16.297378,120.181478,Cloud to Ground,-8598,0,7
2026-10-07T14:21:17.019218843Z,16.298642,120.205482,Cloud to Ground,-7077,0,7
2026-10-07T14:21:16.899299000Z,16.4091,120.2177,Cloud to Ground,18078,0,8
2026-10-07T14:21:21.782139862Z,14.661041,119.228581,Cloud to Ground,-48248,0,8
2026-10-07T14:21:21.820277702Z,14.664684,119.212201,Cloud to Ground,-16283,0,10
2026-10-07T14:21:21.874511352Z,14.648991,119.215038,Cloud to Ground,-6772,0,7
2026-10-07T14:21:22.176628198Z,14.56136,119.177766,Cloud to Cloud,7645,18336,7
2026-10-07T14:21:22.089919702Z,14.581979,119.167946,Cloud to Cloud,15164,13871,9
2026-10-07T14:21:22.409967997Z,14.535379,119.252663,Cloud to Ground,21655,0,7
2026-10-07T14:21:21.703295000Z,14.6599,118.975,Cloud to Ground,-41102,0,9
2026-10-07T14:21:22.142019000Z,14.6653,119.0779,Cloud to Ground,-9980,0,5
2026-10-07T14:21:23.814290031Z,1.079147,114.831338,Cloud to Ground,-7838,0,11
2026-10-07T14:21:24.339816189Z,1.07436,114.871546,Cloud to Ground,14400,0,16
2026-10-07T14:21:24.236619556Z,1.068076,114.859635,Cloud to Ground,24249,0,21
2026-10-07T14:21:24.036454961Z,1.065438,114.861255,Cloud to Ground,32073,0,23
2026-10-07T14:21:27.584996376Z,14.736984,119.234842,Cloud to Ground,-16270,0,9
2026-10-07T14:21:27.635664074Z,14.653592,119.227625,Cloud to Ground,-5708,0,7
2026-10-07T14:21:28.423798064Z,16.269486,120.170128,Cloud to Ground,15191,0,8
2026-10-07T14:21:28.970203038Z,14.489897,119.270358,Cloud to Cloud,-25280,3075,8
2026-10-07T14:21:28.914149922Z,14.483927,119.356197,Cloud to Cloud,-24878,6385,10
2026-10-07T14:21:29.069217010Z,14.45516,119.358576,Cloud to Ground,-23939,0,7
2026-10-07T14:21:28.300607903Z,14.446095,119.260862,Cloud to Ground,-23099,0,7
2026-10-07T14:21:28.556046322Z,14.443235,119.289059,Cloud to Cloud,22023,8153,9
2026-10-07T14:21:30.417561491Z,14.684516,119.162401,Cloud to Ground,-9890,0,6
2026-10-07T14:21:31.920140762Z,14.707567,119.280896,Cloud to Ground,-12799,0,9
2026-10-07T14:21:33.365935015Z,16.297869,119.120757,Cloud to Ground,-10494,0,10
2026-10-07T14:21:34.942973000Z,10.5461,125.3129,Cloud to Ground,-13312,0,6
2026-10-07T14:21:34.412150000Z,15.2833,125.196,Cloud to Ground,-10041,0,7
2026-10-07T14:21:38.095262777Z,16.334215,120.26478,Cloud to Cloud,-3363,3353,8
2026-10-07T14:21:38.255634795Z,14.708654,119.245478,Cloud to Ground,-44251,0,10
2026-10-07T14:21:38.380000055Z,14.69936,119.254995,Cloud to Ground,-30140,0,8
2026-10-07T14:21:38.338834000Z,14.8554,119.2462,Cloud to Ground,18666,0,5
2026-10-07T14:21:41.027277000Z,7.1886,127.6944,Cloud to Ground,-18424,0,9
2026-10-07T14:21:41.175001000Z,7.1591,127.6296,Cloud to Ground,-14314,0,6
2026-10-07T14:21:40.343594439Z,7.238566,127.7665,Cloud to Ground,19490,0,17
2026-10-07T14:21:40.910823000Z,7.2223,127.8266,Cloud to Ground,23252,0,9
2026-10-07T14:21:40.625279280Z,16.348808,119.227423,Cloud to Cloud,-4356,5079,7
2026-10-07T14:21:40.516273686Z,16.297166,119.043859,Cloud to Cloud,12391,4797,7
2026-10-07T14:21:40.336081437Z,16.190942,119.145535,Cloud to Cloud,11680,3426,8
2026-10-07T14:21:41.023827206Z,14.653055,119.205405,Cloud to Cloud,4796,3001,8
2026-10-07T14:21:40.878872295Z,14.596382,119.201679,Cloud to Cloud,8995,17569,7
2026-10-07T14:21:41.131221710Z,16.287838,120.176782,Cloud to Cloud,3621,3807,7
2026-10-07T14:21:41.177340444Z,14.72484,119.127796,Cloud to Ground,-7048,0,6
2026-10-07T14:21:45.194504790Z,2.942388,116.938211,Cloud to Ground,-21941,0,17
2026-10-07T14:21:45.207496626Z,2.887322,117.036238,Cloud to Ground,49426,0,16
2026-10-07T14:21:45.302527588Z,2.888363,117.054128,Cloud to Ground,77239,0,12
2026-10-07T14:21:45.153313180Z,2.874029,117.061465,Cloud to Ground,124035,0,16
2026-10-07T14:21:45.997104123Z,14.585612,119.30709,Cloud to Cloud,12417,3056,10
2026-10-07T14:21:45.950434000Z,14.9644,119.4882,Cloud to Ground,7063,0,5
2026-10-07T14:21:45.731373240Z,14.721552,119.2068,Cloud to Ground,-12923,0,6
2026-10-07T14:21:46.925249653Z,16.404937,119.297213,Cloud to Cloud,-12934,7949,7
2026-10-07T14:21:47.911278516Z,2.898596,117.031713,Cloud to Ground,17747,0,16
2026-10-07T14:21:48.398701078Z,16.303721,119.080438,Cloud to Ground,-17049,0,9
2026-10-07T14:21:49.955314334Z,19.381712,115.40142,Cloud to Ground,17792,0,14
2026-10-07T14:21:50.025486078Z,19.378697,115.416803,Cloud to Ground,29614,0,14
2026-10-07T14:21:49.930679830Z,19.378683,115.384179,Cloud to Ground,87671,0,20
2026-10-07T14:21:49.609366672Z,14.573986,119.17211,Cloud to Cloud,15672,3001,11
2026-10-07T14:21:50.784976000Z,16.0913,120.1775,Cloud to Ground,-13112,0,5
2026-10-07T14:21:53.935188198Z,16.278694,119.074396,Cloud to Cloud,24570,3001,8
2026-10-07T14:21:55.061789797Z,14.635894,119.087236,Cloud to Cloud,16219,4367,6
2026-10-07T14:21:56.079285240Z,16.165812,119.061466,Cloud to Cloud,6200,5400,5
2026-10-07T14:21:56.063536911Z,16.174974,119.197734,Cloud to Cloud,-9281,19544,10
2026-10-07T14:21:56.965036544Z,14.658327,119.005718,Cloud to Cloud,17836,6623,7
2026-10-07T14:21:56.856903000Z,14.854,119.2342,Cloud to Ground,50844,0,8
2026-10-07T14:21:56.774845371Z,14.686198,119.255964,Cloud to Ground,83053,0,7
2026-10-07T14:21:57.014706974Z,14.701031,119.092064,Cloud to Cloud,10996,4825,6
2026-10-07T14:21:59.001190325Z,14.682019,119.18238,Cloud to Ground,20133,0,11
2026-10-07T14:22:03.453177097Z,3.23525,116.441938,Cloud to Ground,-11789,0,12
2026-10-07T14:22:03.449516162Z,3.253628,116.407092,Cloud to Ground,18674,0,13
2026-10-07T14:22:04.974723601Z,14.688016,119.267515,Cloud to Ground,-7280,0,11
2026-10-07T14:22:04.405124113Z,14.670287,119.270561,Cloud to Cloud,-7071,11389,6
2026-10-07T14:22:04.695993779Z,14.698964,119.267294,Cloud to Ground,-6694,0,10
2026-10-07T14:22:05.632271286Z,16.32484,120.135941,Cloud to Cloud,-4612,14696,6
2026-10-07T14:22:06.156068626Z,16.313976,119.197869,Cloud to Ground,-27488,0,9
2026-10-07T14:22:06.435786747Z,16.067595,120.353415,Cloud to Cloud,11393,3037,7
2026-10-07T14:22:09.481925817Z,9.256587,125.268815,Cloud to Ground,-85214,0,14
2026-10-07T14:22:09.605736936Z,9.233911,125.252033,Cloud to Ground,-32735,0,20
2026-10-07T14:22:10.719936067Z,16.329794,120.208361,Cloud to Cloud,16465,7752,8
2026-10-07T14:22:10.643539685Z,16.328618,120.328195,Cloud to Ground,-42968,0,8
2026-10-07T14:22:10.536856576Z,16.304374,120.312274,Cloud to Ground,-9165,0,7
2026-10-07T14:22:11.644579578Z,2.88543,117.02232,Cloud to Ground,-14544,0,12
2026-10-07T14:22:11.385453321Z,2.979429,116.976007,Cloud to Cloud,-8443,7711,16
2026-10-07T14:22:11.101172630Z,14.725254,119.245492,Cloud to Ground,-59222,0,7
2026-10-07T14:22:11.174313596Z,14.722432,119.237803,Cloud to Ground,-12127,0,11
2026-10-07T14:22:11.260555000Z,14.7231,119.126,Cloud to Ground,-10955,0,15
2026-10-07T14:22:12.249462553Z,14.680523,118.962379,Cloud to Cloud,12943,11331,7
2026-10-07T14:22:12.189310000Z,14.9681,119.5895,Cloud to Ground,-17418,0,7
2026-10-07T14:22:14.427706848Z,8.761862,126.775568,Cloud to Ground,-18440,0,9
2026-10-07T14:22:16.776608595Z,14.667586,119.199979,Cloud to Ground,-33400,0,11
2026-10-07T14:22:16.913778145Z,14.675446,119.181216,Cloud to Ground,-23796,0,11
2026-10-07T14:22:17.616518546Z,14.684348,119.187726,Cloud to Ground,-13311,0,10
2026-10-07T14:22:17.451912805Z,14.678822,119.186849,Cloud to Ground,-10236,0,12
2026-10-07T14:22:17.120705265Z,14.640427,119.196065,Cloud to Ground,-7021,0,7
2026-10-07T14:22:17.084759055Z,16.303681,120.175171,Cloud to Cloud,4351,19963,7
2026-10-07T14:22:17.867669744Z,16.290149,119.083901,Cloud to Cloud,9656,6122,8
2026-10-07T14:22:18.833731096Z,14.607254,119.210485,Cloud to Cloud,6313,3198,7
2026-10-07T14:22:18.254821000Z,16.3758,119.2518,Cloud to Ground,32221,0,6
2026-10-07T14:22:20.256486560Z,14.660548,119.218519,Cloud to Cloud,12309,3048,7
2026-10-07T14:22:21.341422986Z,14.849067,119.38924,Cloud to Cloud,-2521,17516,6
2026-10-07T14:22:21.144092000Z,7.3661,128.0028,Cloud to Ground,26084,0,11
2026-10-07T14:22:22.994001829Z,14.717544,119.130347,Cloud to Ground,-8048,0,8
2026-10-07T14:22:22.005161967Z,14.591828,119.340385,Cloud to Ground,-8116,0,7
2026-10-07T14:22:22.272897064Z,16.214539,120.241465,Cloud to Cloud,-12934,3075,10
2026-10-07T14:22:23.932420430Z,9.247238,134.379958,Cloud to Ground,22012,0,10
2026-10-07T14:22:23.140328081Z,14.5572,119.172355,Cloud to Cloud,27861,3007,7
2026-10-07T14:22:23.498532523Z,16.370088,120.304717,Cloud to Ground,-9986,0,11
2026-10-07T14:22:23.343605000Z,16.543,120.3413,Cloud to Ground,33909,0,8
2026-10-07T14:22:25.972340000Z,15.2957,119.5307,Cloud to Ground,-6317,0,5
2026-10-07T14:22:26.124248780Z,16.303764,120.158605,Cloud to Ground,-11974,0,6
2026-10-07T14:22:26.334641155Z,16.347374,120.184571,Cloud to Cloud,12517,16520,7
2026-10-07T14:22:28.178240359Z,14.672389,119.287797,Cloud to Cloud,3848,19250,9
2026-10-07T14:22:29.357125253Z,2.022481,117.759141,Cloud to Ground,22342,0,18
2026-10-07T14:22:29.555569438Z,2.150849,117.808367,Cloud to Cloud,-11013,7816,17
2026-10-07T14:22:29.740059169Z,14.71834,119.173383,Cloud to Cloud,-10266,6353,6
2026-10-07T14:22:29.545199338Z,14.74519,119.1353,Cloud to Ground,-9012,0,5
2026-10-07T14:22:29.976050442Z,14.689515,119.117738,Cloud to Cloud,8235,6073,6
2026-10-07T14:22:29.456380896Z,16.293584,120.182521,Cloud to Cloud,-4693,15817,9
2026-10-07T14:22:32.948615235Z,14.715223,119.226383,Cloud to Ground,-12041,0,12
2026-10-07T14:22:35.487040000Z,16.314,119.1009,Cloud to Ground,38435,0,6
2026-10-07T14:22:38.092456932Z,14.640419,119.322798,Cloud to Cloud,-8414,3010,8
2026-10-07T14:22:38.074354244Z,14.612007,119.197119,Cloud to Cloud,5145,5611,7
2026-10-07T14:22:37.823754119Z,14.645527,119.262587,Cloud to Cloud,11396,6930,10
2026-10-07T14:22:37.041935962Z,14.690453,119.202036,Cloud to Ground,-47481,0,7
2026-10-07T14:22:37.098042380Z,14.665619,119.201509,Cloud to Ground,-9706,0,6
2026-10-07T14:22:37.171433428Z,14.679425,119.128906,Cloud to Cloud,-7778,3015,7
2026-10-07T14:22:43.456900748Z,14.688543,119.239264,Cloud to Ground,-18383,0,10
2026-10-07T14:22:43.851541000Z,16.3511,119.1357,Cloud to Ground,71737,0,6
2026-10-07T14:22:44.073472908Z,16.283899,119.06916,Cloud to Ground,-7542,0,9
2026-10-07T14:22:45.501394148Z,14.658314,119.223101,Cloud to Ground,-16178,0,9
2026-10-07T14:22:45.925358763Z,14.7218,119.177799,Cloud to Ground,24216,0,10
2026-10-07T14:22:45.442599000Z,14.6975,119.0195,Cloud to Ground,25713,0,9
2026-10-07T14:22:45.538510782Z,16.236416,120.24215,Cloud to Cloud,-5402,18375,9
2026-10-07T14:22:45.273806077Z,16.287586,120.162609,Cloud to Cloud,-5025,3591,6
2026-10-07T14:22:45.584331453Z,16.264186,120.16009,Cloud to Cloud,7318,3002,9
2026-10-07T14:22:47.015580844Z,7.428755,126.890033,Cloud to Ground,-32949,0,12
2026-10-07T14:22:52.340250229Z,14.699158,119.235521,Cloud to Cloud,-6475,7992,11
2026-10-07T14:22:53.222449001Z,16.306626,120.257,Cloud to Cloud,-4550,6046,7
2026-10-07T14:22:54.994964923Z,14.691398,119.117927,Cloud to Ground,-16343,0,7
2026-10-07T14:22:55.082398770Z,14.716314,119.198618,Cloud to Ground,-10093,0,7
2026-10-07T14:22:54.877366000Z,14.5547,119.0606,Cloud to Ground,-18638,0,6
2026-10-07T14:22:56.051376118Z,14.647138,119.276053,Cloud to Ground,-21498,0,8
2026-10-07T14:22:56.271982971Z,14.620657,119.269564,Cloud to Ground,-9465,0,6
2026-10-07T14:22:57.175827826Z,2.018608,117.77275,Cloud to Ground,-18031,0,16
2026-10-07T14:22:58.434186000Z,14.7074,118.9764,Cloud to Ground,19070,0,8
2026-10-07T14:22:58.924325000Z,14.105,119.0086,Cloud to Ground,12162,0,5
2026-10-07T14:22:59.012662738Z,16.327079,120.168588,Cloud to Cloud,4496,3015,6
2026-10-07T14:23:01.369213725Z,10.387371,125.28177,Cloud to Ground,-17537,0,7
2026-10-07T14:23:03.901316539Z,16.301129,120.200169,Cloud to Cloud,-2726,5292,7
2026-10-07T14:23:03.579814898Z,14.652277,119.193379,Cloud to Ground,-7519,0,7
2026-10-07T14:23:04.383260301Z,1.167621,114.940602,Cloud to Ground,81796,0,31
2026-10-07T14:23:04.262807067Z,1.18875,114.822722,Cloud to Cloud,-9489,11660,11
2026-10-07T14:23:04.465278725Z,1.162051,114.833857,Cloud to Ground,13676,0,14
2026-10-07T14:23:09.334700344Z,16.201481,119.1733,Cloud to Ground,-13765,0,11
2026-10-07T14:23:09.416453149Z,16.202187,119.180706,Cloud to Ground,-12378,0,10
2026-10-07T14:23:08.772809005Z,16.204228,119.168112,Cloud to Cloud,-10523,6965,8
2026-10-07T14:23:09.508429000Z,16.208273,119.185604,Cloud to Ground,-9332,0,6
2026-10-07T14:23:09.281872278Z,16.143581,119.033078,Cloud to Ground,-7153,0,7
2026-10-07T14:23:09.052192940Z,16.152594,119.100534,Cloud to Ground,24428,0,12
2026-10-07T14:23:09.280484000Z,16.2295,119.1753,Cloud to Ground,53391,0,5
2026-10-07T14:23:11.378292898Z,19.366068,115.3855,Cloud to Cloud,-72627,7673,16
2026-10-07T14:23:11.733816650Z,19.380098,115.372068,Cloud to Ground,22601,0,14
2026-10-07T14:23:11.542934532Z,19.380088,115.365213,Cloud to Ground,28537,0,12
2026-10-07T14:23:11.508297622Z,19.379643,115.380723,Cloud to Ground,74396,0,15
2026-10-07T14:23:11.602575643Z,19.374269,115.374621,Cloud to Ground,80562,0,16
2026-10-07T14:23:11.744435478Z,14.677685,119.213539,Cloud to Ground,-17196,0,7
2026-10-07T14:23:11.721927950Z,14.682638,118.980308,Cloud to Ground,33219,0,8
2026-10-07T14:23:11.671298488Z,14.613671,119.147534,Cloud to Ground,44180,0,7
2026-10-07T14:23:11.976270000Z,7.4468,127.8726,Cloud to Ground,-2933,0,9
2026-10-07T14:23:11.994122403Z,17.266429,116.369364,Cloud to Cloud,11919,3009,7
2026-10-07T14:23:12.035808791Z,17.27952,116.357318,Cloud to Ground,41666,0,10
2026-10-07T14:23:13.741000174Z,3.309943,116.42523,Cloud to Ground,-14371,0,12
2026-10-07T14:23:14.639909727Z,14.661029,119.049902,Cloud to Cloud,19646,3012,8
2026-10-07T14:23:14.474927523Z,14.572862,119.225297,Cloud to Ground,23365,0,7
2026-10-07T14:23:14.600236000Z,14.3667,119.0516,Cloud to Ground,-9881,0,5
2026-10-07T14:23:14.635465454Z,16.293605,119.190869,Cloud to Ground,-22647,0,7
2026-10-07T14:23:14.042515616Z,16.307294,120.205872,Cloud to Ground,-15481,0,9
2026-10-07T14:23:13.726780120Z,16.304522,120.172483,Cloud to Ground,-12862,0,7
2026-10-07T14:23:13.978880650Z,16.313377,120.198169,Cloud to Ground,-9850,0,6
2026-10-07T14:23:13.692207088Z,16.350445,120.205515,Cloud to Cloud,13555,19594,7
2026-10-07T14:23:14.168486969Z,16.351963,120.214487,Cloud to Cloud,18742,19723,6
2026-10-07T14:23:15.094841260Z,14.680888,119.277141,Cloud to Ground,-10755,0,8
2026-10-07T14:23:14.902722894Z,14.668048,119.272062,Cloud to Ground,-9176,0,7
2026-10-07T14:23:16.577662277Z,14.702718,119.121154,Cloud to Ground,-14320,0,6
2026-10-07T14:23:16.370015427Z,14.751663,119.160635,Cloud to Cloud,-13304,3033,10
2026-10-07T14:23:22.153330204Z,14.61613,119.189672,Cloud to Ground,-123021,0,12
2026-10-07T14:23:22.564894725Z,16.112556,120.216624,Cloud to Cloud,-13622,17949,7
2026-10-07T14:23:23.849978664Z,14.643258,119.183296,Cloud to Cloud,9132,16478,6
2026-10-07T14:23:23.541490000Z,6.5056,123.2429,Cloud to Ground,28440,0,12
2026-10-07T14:23:26.129196847Z,16.287329,120.197093,Cloud to Cloud,2741,18586,6
2026-10-07T14:23:27.682870361Z,14.636761,118.983896,Cloud to Cloud,15409,17038,11
2026-10-07T14:23:28.655961831Z,14.736363,119.185781,Cloud to Ground,-9676,0,14
2026-10-07T14:23:29.609962874Z,16.302348,120.175564,Cloud to Cloud,-3440,4860,7
2026-10-07T14:23:31.651192742Z,14.665506,119.216897,Cloud to Ground,-9004,0,6
2026-10-07T14:23:31.699852596Z,14.676459,119.211856,Cloud to Ground,-8765,0,9
2026-10-07T14:23:31.638150949Z,14.663786,119.219201,Cloud to Ground,-7108,0,6
2026-10-07T14:23:31.669380239Z,14.733518,119.156937,Cloud to Cloud,8610,3051,5
2026-10-07T14:23:33.924838783Z,16.288395,119.070689,Cloud to Cloud,3968,6821,7
2026-10-07T14:23:34.983160648Z,16.280305,120.320081,Cloud to Ground,-11287,0,7
2026-10-07T14:23:35.248230176Z,16.369638,120.260912,Cloud to Cloud,9964,16192,7
2026-10-07T14:23:35.148692000Z,15.9791,120.072,Cloud to Ground,-4678,0,5
2026-10-07T14:23:38.788030430Z,14.68265,119.183814,Cloud to Cloud,16298,17517,10
2026-10-07T14:23:38.720624616Z,16.2799,120.252022,Cloud to Cloud,-10159,6069,10
2026-10-07T14:23:38.830975182Z,14.52256,119.18783,Cloud to Cloud,-11364,17135,11
2026-10-07T14:23:39.369177064Z,14.553252,119.271004,Cloud to Ground,-7067,0,7
2026-10-07T14:23:42.993457065Z,16.316706,120.152745,Cloud to Cloud,-7046,4220,6
2026-10-07T14:23:43.957254103Z,17.174539,113.619845,Cloud to Ground,19860,0,10
2026-10-07T14:23:44.826324958Z,14.764035,119.329492,Cloud to Ground,118117,0,8
2026-10-07T14:23:45.394584603Z,16.322014,120.165895,Cloud to Ground,-22093,0,8
2026-10-07T14:23:45.320828181Z,14.596336,119.178075,Cloud to Ground,-45318,0,14
2026-10-07T14:23:45.411289928Z,14.619656,119.262415,Cloud to Ground,-33651,0,7
2026-10-07T14:23:45.593876337Z,14.618949,119.253865,Cloud to Ground,-26976,0,9
2026-10-07T14:23:45.506825795Z,14.705665,119.122205,Cloud to Cloud,25108,5505,7
2026-10-07T14:23:46.144463922Z,16.346569,120.182589,Cloud to Ground,-14331,0,10
2026-10-07T14:23:45.930222618Z,16.362938,120.304079,Cloud to Ground,-14080,0,12
2026-10-07T14:23:45.589200623Z,16.357435,120.280515,Cloud to Ground,-6634,0,7
2026-10-07T14:23:45.980861594Z,16.395415,120.221082,Cloud to Cloud,10888,16323,5
2026-10-07T14:23:46.223127521Z,16.401725,120.254496,Cloud to Cloud,12930,11862,9
2026-10-07T14:23:47.455730699Z,7.385142,128.081743,Cloud to Ground,-23443,0,7
2026-10-07T14:23:48.281849748Z,7.474507,127.910913,Cloud to Ground,-21391,0,12
2026-10-07T14:23:48.266344437Z,14.706392,119.078213,Cloud to Ground,30485,0,10
2026-10-07T14:23:50.722124475Z,14.711044,119.2036,Cloud to Ground,-21284,0,11
2026-10-07T14:23:50.775890000Z,14.7849,119.121,Cloud to Ground,31770,0,8
2026-10-07T14:23:52.281176208Z,16.311543,119.202136,Cloud to Ground,-15866,0,7
2026-10-07T14:23:53.832432534Z,14.782445,119.052849,Cloud to Cloud,-4436,5646,7
2026-10-07T14:23:54.674970559Z,17.280083,116.390592,Cloud to Ground,51510,0,12
2026-10-07T14:23:54.969212561Z,16.285831,120.174028,Cloud to Ground,-11361,0,11
2026-10-07T14:23:57.161716850Z,16.331119,120.179812,Cloud to Cloud,13603,3014,12
2026-10-07T14:23:58.403624439Z,2.915249,116.929192,Cloud to Ground,-49960,0,17
2026-10-07T14:23:58.433255334Z,2.887634,117.049891,Cloud to Ground,28254,0,13
2026-10-07T14:23:58.351430745Z,2.890177,117.054095,Cloud to Ground,37012,0,15
2026-10-07T14:23:58.332310045Z,2.889881,117.078155,Cloud to Ground,186496,0,34
2026-10-07T14:24:03.668047921Z,14.665604,119.277007,Cloud to Ground,-17618,0,8
2026-10-07T14:24:03.479729649Z,14.616171,119.178733,Cloud to Ground,-34450,0,8
2026-10-07T14:24:03.801565000Z,14.8061,119.1942,Cloud to Ground,45242,0,7
2026-10-07T14:24:04.246260596Z,16.302148,119.062575,Cloud to Cloud,13241,3439,10
2026-10-07T14:24:04.805404345Z,14.606828,119.176138,Cloud to Cloud,-9373,4301,7
2026-10-07T14:24:05.458819017Z,16.30625,119.063472,Cloud to Cloud,-16488,5731,6
2026-10-07T14:24:05.356506000Z,16.1759,119.1148,Cloud to Ground,76387,0,5
2026-10-07T14:24:05.579514000Z,16.0144,119.0088,Cloud to Ground,-9614,0,5
2026-10-07T14:24:04.979075209Z,14.565527,119.282683,Cloud to Cloud,12020,10819,6
2026-10-07T14:24:05.041834009Z,14.566889,119.28313,Cloud to Cloud,19091,16212,6
2026-10-07T14:24:05.095335640Z,7.243979,127.374161,Cloud to Cloud,14389,3011,10
2026-10-07T14:24:06.224503693Z,7.156218,127.730413,Cloud to Ground,-24389,0,12
2026-10-07T14:24:06.783505132Z,1.066163,114.678444,Cloud to Ground,-19467,0,13
2026-10-07T14:24:06.729637025Z,3.315211,116.46497,Cloud to Ground,-19274,0,11
2026-10-07T14:24:06.441013152Z,16.340759,120.209892,Cloud to Cloud,15342,3992,7
2026-10-07T14:24:07.022310000Z,1.043,114.8255,Cloud to Ground,-13574,0,9
2026-10-07T14:24:07.111620848Z,1.024067,114.924946,Cloud to Ground,26685,0,16
2026-10-07T14:24:06.639957000Z,1.0742,114.8799,Cloud to Ground,35496,0,5
2026-10-07T14:24:07.183723589Z,1.051331,114.917823,Cloud to Ground,40114,0,23
2026-10-07T14:24:07.875760606Z,16.305134,120.16815,Cloud to Cloud,-6130,8701,7
2026-10-07T14:24:08.008480644Z,16.277265,120.147073,Cloud to Cloud,-3924,7535,8
2026-10-07T14:24:11.682369620Z,14.671823,119.187673,Cloud to Cloud,7147,3775,6
2026-10-07T14:24:14.825588876Z,8.834965,128.382334,Cloud to Ground,-58759,0,8
2026-10-07T14:24:14.766100673Z,8.817123,128.421979,Cloud to Cloud,-16845,4928,10
2026-10-07T14:24:17.977350545Z,16.241404,120.248729,Cloud to Ground,21284,0,11
2026-10-07T14:24:17.638879000Z,14.9345,119.3166,Cloud to Ground,-5542,0,6
2026-10-07T14:24:17.924556000Z,16.3038,120.0659,Cloud to Ground,-21167,0,5
2026-10-07T14:24:18.382479339Z,16.316933,120.15229,Cloud to Ground,-13048,0,7
2026-10-07T14:24:19.200312891Z,16.180972,120.218985,Cloud to Cloud,-11088,7894,9
2026-10-07T14:24:19.623859211Z,14.577934,119.147398,Cloud to Cloud,17642,15623,8
2026-10-07T14:24:20.002227000Z,9.3146,125.407,Cloud to Ground,-68507,0,5
2026-10-07T14:24:21.871769918Z,14.693686,119.222937,Cloud to Ground,-26053,0,14
2026-10-07T14:24:21.024978953Z,15.084483,119.704063,Cloud to Cloud,16624,14071,8
2026-10-07T14:24:21.022493959Z,15.096319,119.754944,Cloud to Cloud,40124,4960,11
2026-10-07T14:24:21.023493928Z,15.212175,119.720769,Cloud to Cloud,-12290,6710,11
2026-10-07T14:24:21.042304000Z,15.3423,119.7494,Cloud to Ground,10566,0,6
2026-10-07T14:24:21.042698000Z,16.2037,120.3959,Cloud to Ground,13325,0,5
2026-10-07T14:24:22.151879702Z,14.650374,118.996543,Cloud to Cloud,14821,6161,7
2026-10-07T14:24:25.458595603Z,14.685438,119.19224,Cloud to Ground,-35276,0,9
2026-10-07T14:24:25.616652174Z,14.671932,119.194151,Cloud to Ground,-21812,0,7
2026-10-07T14:24:26.262932350Z,16.23293,120.232964,Cloud to Cloud,19762,13112,11
2026-10-07T14:24:26.236411000Z,16.3813,120.0981,Cloud to Ground,-25547,0,10
2026-10-07T14:24:30.497406581Z,16.193927,120.22184,Cloud to Cloud,7390,11685,7
2026-10-07T14:24:30.634579348Z,16.313243,120.194577,Cloud to Cloud,6771,3115,7
2026-10-07T14:24:31.380893133Z,16.26783,119.073818,Cloud to Ground,-21986,0,21
2026-10-07T14:24:31.462109193Z,16.152235,119.02313,Cloud to Ground,-17426,0,12
2026-10-07T14:24:31.590603628Z,16.150252,118.999608,Cloud to Ground,-13958,0,11
2026-10-07T14:24:31.517860049Z,16.141045,119.022048,Cloud to Ground,36938,0,10
2026-10-07T14:24:31.346754012Z,16.219145,120.312252,Cloud to Cloud,10184,13990,7
2026-10-07T14:24:32.904967533Z,14.721419,119.236261,Cloud to Ground,-12513,0,12
2026-10-07T14:24:33.075954657Z,14.709264,119.239449,Cloud to Ground,-8667,0,11
2026-10-07T14:24:33.623939407Z,9.249636,134.382112,Cloud to Ground,20384,0,7
2026-10-07T14:24:33.674694353Z,14.753163,119.115213,Cloud to Cloud,-6939,7346,7
2026-10-07T14:24:35.687216990Z,16.3374,120.170924,Cloud to Cloud,10722,16665,8
2026-10-07T14:24:36.984203675Z,14.592473,119.156767,Cloud to Ground,-8552,0,7
2026-10-07T14:24:37.456643000Z,14.6363,119.072,Cloud to Ground,-5695,0,10
2026-10-07T14:24:36.959341960Z,14.631313,119.121591,Cloud to Ground,84748,0,7
2026-10-07T14:24:36.777502560Z,16.277435,119.078592,Cloud to Cloud,6634,6595,8
2026-10-07T14:24:37.149332731Z,14.631137,119.242968,Cloud to Ground,-15803,0,11
2026-10-07T14:24:37.563504530Z,14.613174,119.253068,Cloud to Ground,-11866,0,10
2026-10-07T14:24:37.781006531Z,14.621182,119.245926,Cloud to Cloud,-11195,10544,7
2026-10-07T14:24:37.726731211Z,14.616992,119.246162,Cloud to Ground,-9920,0,8
2026-10-07T14:24:38.774751073Z,14.680401,119.193372,Cloud to Cloud,8659,6287,7
2026-10-07T14:24:40.864721137Z,2.015318,117.747826,Cloud to Ground,9843,0,10
2026-10-07T14:24:40.859446823Z,2.025551,117.732104,Cloud to Ground,12669,0,12
2026-10-07T14:24:40.317357000Z,16.1947,120.131,Cloud to Ground,-5142,0,5
2026-10-07T14:24:43.994011821Z,14.72644,119.233055,Cloud to Cloud,-9476,3871,8
2026-10-07T14:24:44.562105805Z,14.664332,118.937462,Cloud to Cloud,6385,12707,7
2026-10-07T14:24:44.846492914Z,16.367852,120.201773,Cloud to Ground,-15627,0,7
2026-10-07T14:24:44.975152000Z,16.3644,119.9885,Cloud to Ground,-19978,0,7
2026-10-07T14:24:45.083285000Z,8.8505,128.4635,Cloud to Ground,-6876,0,5
2026-10-07T14:24:47.863341137Z,16.302458,119.075317,Cloud to Ground,-27350,0,9
2026-10-07T14:24:49.004999000Z,14.6588,118.9972,Cloud to Ground,20656,0,6
2026-10-07T14:24:49.325497817Z,14.608729,119.268695,Cloud to Ground,-34900,0,8
2026-10-07T14:24:49.384003029Z,14.631696,119.271868,Cloud to Ground,-23982,0,8
2026-10-07T14:24:49.746144439Z,14.620102,119.259732,Cloud to Ground,-11925,0,8
2026-10-07T14:24:49.228751493Z,14.571612,119.124472,Cloud to Cloud,-11924,5396,7
2026-10-07T14:24:49.634818524Z,14.591855,119.265961,Cloud to Cloud,-9293,15749,6
2026-10-07T14:24:49.043284109Z,14.586124,119.181522,Cloud to Ground,-6517,0,6
2026-10-07T14:24:50.610135615Z,17.249909,116.182977,Cloud to Cloud,9416,3264,11
2026-10-07T14:24:50.595721027Z,17.251315,116.184139,Cloud to Ground,27676,0,12
2026-10-07T14:24:50.247603000Z,17.271483,116.302733,Cloud to Ground,62923,0,17
2026-10-07T14:24:50.753571576Z,17.222798,116.448285,Cloud to Ground,-12880,0,10
2026-10-07T14:24:51.511665901Z,14.552696,119.213826,Cloud to Cloud,16511,17004,7
2026-10-07T14:24:51.688680385Z,14.635531,119.09936,Cloud to Cloud,-12696,10281,6
2026-10-07T14:24:51.560488000Z,14.7101,119.0355,Cloud to Ground,5031,0,8
2026-10-07T14:24:51.414110923Z,14.660393,119.099354,Cloud to Cloud,12972,3000,10
2026-10-07T14:24:51.328952000Z,14.6939,118.9484,Cloud to Ground,14231,0,6
2026-10-07T14:24:51.872689855Z,14.562954,119.091764,Cloud to Cloud,21252,3035,10
2026-10-07T14:24:51.922288062Z,14.673995,119.379943,Cloud to Cloud,12541,17544,8
2026-10-07T14:24:55.179024475Z,14.567087,119.219273,Cloud to Cloud,-21269,6837,7
2026-10-07T14:24:55.172525382Z,14.752279,119.168482,Cloud to Cloud,16405,15785,6
2026-10-07T14:24:55.867039346Z,19.367205,115.388224,Cloud to Ground,-38346,0,9
2026-10-07T14:24:55.985510115Z,19.38462,115.370306,Cloud to Ground,83509,0,7
2026-10-07T14:24:55.786671634Z,19.352569,115.379606,Cloud to Ground,146062,0,10
2026-10-07T14:24:57.503724000Z,16.4252,120.2032,Cloud to Ground,-25263,0,7
2026-10-07T14:24:57.324105000Z,16.5787,120.4765,Cloud to Ground,60352,0,7
2026-10-07T14:24:58.878045066Z,14.541353,119.175662,Cloud to Cloud,-17649,15712,12
2026-10-07T14:24:58.851330737Z,14.549926,119.15844,Cloud to Ground,25535,0,7
2026-10-07T14:24:58.930895351Z,14.701032,119.192344,Cloud to Ground,-14212,0,10
2026-10-07T14:24:58.909079482Z,14.768623,119.147092,Cloud to Ground,30289,0,7
2026-10-07T14:24:59.949675173Z,16.360126,120.276483,Cloud to Cloud,-5203,7046,8
2026-10-07T14:25:00.137326021Z,16.310629,120.170582,Cloud to Ground,-13683,0,7
2026-10-07T14:25:01.211827451Z,14.629822,119.329828,Cloud to Ground,-7596,0,7
2026-10-07T14:25:00.590979421Z,14.585753,119.252426,Cloud to Cloud,6184,19209,9
2026-10-07T14:25:01.044474000Z,14.6319,119.0033,Cloud to Ground,27262,0,5
2026-10-07T14:25:02.955448033Z,16.306512,119.052685,Cloud to Ground,23029,0,8
2026-10-07T14:25:03.727989044Z,3.421085,116.386269,Cloud to Cloud,-15990,3052,13
2026-10-07T14:25:05.372332581Z,14.661659,119.135051,Cloud to Ground,-21783,0,7
2026-10-07T14:25:05.701998000Z,16.5686,120.4354,Cloud to Ground,40835,0,5
2026-10-07T14:25:07.115817848Z,3.226553,116.44076,Cloud to Cloud,-10886,3592,10
2026-10-07T14:25:07.368355180Z,3.304941,116.430078,Cloud to Ground,12910,0,13
2026-10-07T14:25:07.109065354Z,3.251416,116.403968,Cloud to Ground,24460,0,13
2026-10-07T14:25:07.218473174Z,3.262652,116.446384,Cloud to Ground,46286,0,14
2026-10-07T14:25:07.586350180Z,14.646439,118.995855,Cloud to Cloud,-8494,4227,10
2026-10-07T14:25:07.656293751Z,14.693,119.117619,Cloud to Cloud,-15046,3285,13
2026-10-07T14:25:07.718595485Z,14.698906,119.2665,Cloud to Ground,-18057,0,8
2026-10-07T14:25:08.749255776Z,14.763547,119.178844,Cloud to Ground,21114,0,10
2026-10-07T14:25:08.165279000Z,9.0747,128.8813,Cloud to Ground,7988,0,5
2026-10-07T14:25:08.527825000Z,9.0572,128.5882,Cloud to Ground,19547,0,6
2026-10-07T14:25:09.078585171Z,18.640718,113.100927,Cloud to Ground,-29222,0,11
2026-10-07T14:25:09.019176547Z,18.645598,113.122828,Cloud to Cloud,14259,3009,12
2026-10-07T14:25:11.077662636Z,16.196528,120.182537,Cloud to Cloud,20809,14118,9
2026-10-07T14:25:11.149348497Z,16.262543,120.246889,Cloud to Cloud,-13883,11189,14
2026-10-07T14:25:11.789514869Z,16.280302,119.083336,Cloud to Ground,-20976,0,9
2026-10-07T14:25:12.202353990Z,14.663585,119.076684,Cloud to Cloud,-4988,10500,7
2026-10-07T14:25:15.568338637Z,14.667363,119.111595,Cloud to Ground,-19628,0,9
2026-10-07T14:25:15.736346167Z,14.718447,119.174084,Cloud to Ground,-13961,0,11
2026-10-07T14:25:17.621116452Z,14.641856,118.885801,Cloud to Cloud,-6312,3026,8
2026-10-07T14:25:17.458135342Z,16.288296,120.203207,Cloud to Ground,-31676,0,12
2026-10-07T14:25:20.212268537Z,14.670693,119.111617,Cloud to Ground,-56949,0,11
2026-10-07T14:25:20.105021000Z,14.6579,119.0978,Cloud to Ground,-27894,0,6
2026-10-07T14:25:20.131157720Z,14.693468,119.192663,Cloud to Ground,-9381,0,12
2026-10-07T14:25:21.244932008Z,14.540163,119.940564,Cloud to Cloud,3837,3020,8
2026-10-07T14:25:22.929725467Z,14.632986,119.017486,Cloud to Ground,-17160,0,10
2026-10-07T14:25:22.591468007Z,14.696187,119.067836,Cloud to Cloud,-11413,18507,10
2026-10-07T14:25:23.045033347Z,14.662603,119.192969,Cloud to Cloud,6752,6350,6
2026-10-07T14:25:22.385519515Z,14.728747,119.200486,Cloud to Cloud,22954,3002,11
2026-10-07T14:25:23.753308154Z,14.669491,118.980146,Cloud to Cloud,-12272,3001,10
2026-10-07T14:25:24.614803000Z,16.4126,120.0212,Cloud to Ground,-22304,0,5
2026-10-07T14:25:26.508968682Z,16.290447,119.079466,Cloud to Cloud,11663,12589,11
2026-10-07T14:25:26.850219000Z,14.6347,119.0214,Cloud to Ground,9231,0,10
2026-10-07T14:25:27.086173889Z,16.29971,120.149312,Cloud to Cloud,5538,3381,11
2026-10-07T14:25:30.223995209Z,3.322981,116.405895,Cloud to Ground,-17153,0,12
2026-10-07T14:25:30.635578446Z,14.672103,119.200895,Cloud to Ground,-50107,0,7
2026-10-07T14:25:30.478339000Z,14.7239,119.1511,Cloud to Ground,-18115,0,7
2026-10-07T14:25:30.495635165Z,14.687052,119.20209,Cloud to Ground,-14763,0,8
2026-10-07T14:25:30.564272600Z,14.730449,119.138151,Cloud to Cloud,25021,3001,6
2026-10-07T14:25:31.566440111Z,16.288095,120.174452,Cloud to Cloud,-3753,3008,7
2026-10-07T14:25:31.512961352Z,16.255666,120.270762,Cloud to Ground,-7459,0,14
2026-10-07T14:25:31.851640074Z,14.698918,119.190368,Cloud to Ground,-18789,0,12
2026-10-07T14:25:32.415224629Z,14.70017,119.115452,Cloud to Cloud,13436,4045,7
2026-10-07T14:25:32.813624532Z,16.320671,119.197453,Cloud to Ground,-19213,0,10
2026-10-07T14:25:32.879889955Z,16.318546,119.198075,Cloud to Ground,-9331,0,10
2026-10-07T14:25:33.011380785Z,16.308295,119.18365,Cloud to Ground,-8649,0,7
2026-10-07T14:25:32.942607000Z,16.3635,119.0628,Cloud to Ground,-11764,0,12
2026-10-07T14:25:33.817538673Z,9.340665,125.34657,Cloud to Ground,-59583,0,29
2026-10-07T14:25:33.844076913Z,9.110493,125.367566,Cloud to Cloud,-36203,4660,12
2026-10-07T14:25:33.861115000Z,9.2455,125.2967,Cloud to Ground,-16972,0,5
2026-10-07T14:25:33.657706571Z,16.202915,120.282324,Cloud to Cloud,-8766,13956,14
2026-10-07T14:25:33.655864000Z,16.3628,119.9962,Cloud to Ground,-22004,0,6
2026-10-07T14:25:34.736196317Z,16.311339,119.054983,Cloud to Cloud,6880,18190,7
2026-10-07T14:25:34.573143417Z,16.400827,120.223161,Cloud to Ground,-6182,0,6
2026-10-07T14:25:34.442484552Z,16.363035,120.277281,Cloud to Cloud,18654,3138,10
2026-10-07T14:25:36.364744880Z,6.617208,123.247964,Cloud to Ground,-55894,0,21
2026-10-07T14:25:36.414800372Z,6.485623,123.224662,Cloud to Cloud,-26904,18147,10
2026-10-07T14:25:36.446794023Z,6.501535,123.238428,Cloud to Ground,-17334,0,26
2026-10-07T14:25:36.478107768Z,6.502945,123.231764,Cloud to Ground,-16737,0,22
2026-10-07T14:25:36.552847448Z,6.507417,123.251276,Cloud to Ground,-14500,0,20
2026-10-07T14:25:36.001731820Z,14.717473,119.171775,Cloud to Ground,-17117,0,8
2026-10-07T14:25:36.324128640Z,14.776416,119.08022,Cloud to Cloud,13460,3011,8
2026-10-07T14:25:39.711555837Z,14.588637,119.042777,Cloud to Cloud,-13033,3126,11
2026-10-07T14:25:39.565437687Z,14.639469,119.014107,Cloud to Cloud,-6283,4798,7
2026-10-07T14:25:39.285356477Z,14.692239,119.204057,Cloud to Ground,-32061,0,9
2026-10-07T14:25:39.312925182Z,14.682928,119.199792,Cloud to Ground,-11140,0,10
2026-10-07T14:25:39.432604514Z,14.498428,119.13366,Cloud to Cloud,62677,3065,8
2026-10-07T14:25:39.588867290Z,16.303695,120.20108,Cloud to Cloud,-3586,6021,7
2026-10-07T14:25:42.998006633Z,1.01093,114.876612,Cloud to Ground,11232,0,7
2026-10-07T14:25:42.972649895Z,1.014013,114.854971,Cloud to Ground,26174,0,17
2026-10-07T14:25:42.137344381Z,16.207671,120.26938,Cloud to Cloud,-10152,13538,7
2026-10-07T14:25:43.527534369Z,14.537258,119.137945,Cloud to Cloud,-2460,19668,7
2026-10-07T14:25:43.699472358Z,14.58775,119.14013,Cloud to Cloud,7710,5735,7
2026-10-07T14:25:46.232485190Z,14.415093,119.205491,Cloud to Ground,26810,0,7
2026-10-07T14:25:46.191947140Z,14.657372,119.182954,Cloud to Ground,-18031,0,7
2026-10-07T14:25:45.802859177Z,14.672219,119.197381,Cloud to Ground,-15405,0,11
2026-10-07T14:25:46.297898920Z,14.533338,119.264728,Cloud to Ground,-11293,0,7
2026-10-07T14:25:45.605105316Z,14.538689,119.188557,Cloud to Cloud,-5253,8111,8
2026-10-07T14:25:46.205165580Z,14.608432,119.163529,Cloud to Ground,14371,0,6
2026-10-07T14:25:46.461145572Z,14.325449,119.326304,Cloud to Ground,-19169,0,8
2026-10-07T14:25:46.428365811Z,14.291233,119.393623,Cloud to Ground,12839,0,8
2026-10-07T14:25:46.108368000Z,15.0684,119.7828,Cloud to Ground,-5889,0,8
2026-10-07T14:25:47.415769810Z,16.310424,120.231762,Cloud to Ground,20114,0,7
2026-10-07T14:25:49.170810724Z,2.880473,117.026919,Cloud to Ground,-13607,0,13
2026-10-07T14:25:49.214446405Z,2.884611,116.960469,Cloud to Ground,-11312,0,11
2026-10-07T14:25:48.895158152Z,2.895841,117.034629,Cloud to Ground,12780,0,8
2026-10-07T14:25:48.975564939Z,2.905399,117.058192,Cloud to Ground,23230,0,12
2026-10-07T14:25:48.945210505Z,2.936803,117.11109,Cloud to Ground,147917,0,26
2026-10-07T14:25:49.582961072Z,16.211758,120.254108,Cloud to Cloud,10066,9578,12
2026-10-07T14:25:50.895060869Z,14.780039,119.168977,Cloud to Ground,-12766,0,8
2026-10-07T14:25:51.309532812Z,14.670476,119.250524,Cloud to Ground,-8746,0,12
2026-10-07T14:25:50.794987465Z,14.739856,119.211702,Cloud to Cloud,8965,3781,9
2026-10-07T14:25:51.440378869Z,14.575389,119.211375,Cloud to Cloud,-13957,7026,7
2026-10-07T14:25:51.155316212Z,14.578379,119.23334,Cloud to Cloud,-12424,3395,12
2026-10-07T14:25:51.177155000Z,14.7451,119.018,Cloud to Ground,-4863,0,5
2026-10-07T14:25:52.117828115Z,16.319986,120.187013,Cloud to Ground,-14120,0,7
2026-10-07T14:25:52.613752053Z,16.30817,119.187854,Cloud to Ground,-33351,0,17
2026-10-07T14:25:52.479251000Z,16.2497,118.8386,Cloud to Ground,-25577,0,8
2026-10-07T14:25:53.253509826Z,14.727833,119.087932,Cloud to Cloud,-15068,3040,10
2026-10-07T14:25:53.157091294Z,14.652444,119.020256,Cloud to Cloud,-23642,13224,9
2026-10-07T14:25:53.184471000Z,14.7074,118.9724,Cloud to Ground,-9372,0,8
2026-10-07T14:25:56.810702000Z,14.7237,118.9752,Cloud to Ground,13393,0,8
2026-10-07T14:25:58.808367691Z,14.612962,119.024148,Cloud to Ground,15892,0,7
2026-10-07T14:25:58.914511000Z,15.3149,119.8072,Cloud to Ground,-33733,0,7
2026-10-07T14:25:59.171179000Z,16.2793,120.2329,Cloud to Ground,-10468,0,5
2026-10-07T14:25:59.404264591Z,16.302948,120.194211,Cloud to Ground,-8839,0,8
2026-10-07T14:25:59.239661000Z,16.0622,120.0591,Cloud to Ground,-20228,0,7
2026-10-07T14:26:02.695063745Z,16.285683,119.082083,Cloud to Ground,-19856,0,11
2026-10-07T14:26:02.784886000Z,16.3447,119.0873,Cloud to Ground,-10410,0,9
2026-10-07T14:26:02.868020475Z,16.289909,120.209191,Cloud to Cloud,-9611,17032,10
2026-10-07T14:26:03.815627963Z,14.674725,119.089042,Cloud to Ground,-24420,0,9
2026-10-07T14:26:03.484132402Z,14.721884,119.034522,Cloud to Cloud,11083,4016,6
2026-10-07T14:26:06.827449227Z,3.315817,116.431602,Cloud to Ground,-14313,0,13
2026-10-07T14:26:06.905487295Z,3.324543,116.464583,Cloud to Ground,10098,0,7
2026-10-07T14:26:06.122897819Z,16.311625,120.311651,Cloud to Ground,-20022,0,11
2026-10-07T14:26:06.901049514Z,14.724097,119.003324,Cloud to Ground,67039,0,13
2026-10-07T14:26:07.542361046Z,14.642858,119.071083,Cloud to Ground,-18477,0,8
2026-10-07T14:26:07.927241736Z,16.311579,120.182957,Cloud to Cloud,9283,5387,6
2026-10-07T14:26:07.541724949Z,14.597272,119.290355,Cloud to Cloud,3341,19940,8
2026-10-07T14:26:08.879982409Z,15.111105,125.176826,Cloud to Cloud,19661,5233,8
2026-10-07T14:26:08.876224000Z,15.274,125.1136,Cloud to Ground,-10085,0,9
2026-10-07T14:26:10.248508116Z,14.540184,119.103769,Cloud to Cloud,15758,18380,7
2026-10-07T14:26:12.874106003Z,16.288696,120.223716,Cloud to Ground,-4683,0,7
2026-10-07T14:26:13.103911386Z,14.680345,119.078184,Cloud to Ground,-4783,0,5
2026-10-07T14:26:13.070606054Z,14.732979,119.0522,Cloud to Ground,82507,0,7
2026-10-07T14:26:14.269043376Z,2.0281,117.754255,Cloud to Ground,11580,0,14
2026-10-07T14:26:14.060046013Z,14.685207,119.017173,Cloud to Cloud,-6628,3799,6
2026-10-07T14:26:14.035978110Z,14.651097,119.249637,Cloud to Cloud,6560,6208,9
2026-10-07T14:26:14.813415000Z,14.6133,119.0337,Cloud to Ground,-15467,0,6
2026-10-07T14:26:16.640096000Z,16.3961,119.073,Cloud to Ground,-3264,0,5
2026-10-07T14:26:17.020647856Z,14.691056,119.180791,Cloud to Cloud,5385,17001,8
2026-10-07T14:26:17.507235560Z,14.536465,119.109101,Cloud to Cloud,-14188,17370,10
2026-10-07T14:26:17.589225628Z,14.604848,119.108468,Cloud to Cloud,-12609,3011,7
2026-10-07T14:26:17.896813202Z,14.589498,119.091224,Cloud to Cloud,12291,4205,11
2026-10-07T14:26:20.073896000Z,14.7151,118.8898,Cloud to Ground,24945,0,10
2026-10-07T14:26:22.970930476Z,1.081174,114.860645,Cloud to Ground,13147,0,10
2026-10-07T14:26:23.170379668Z,1.08274,114.836041,Cloud to Ground,21293,0,11
2026-10-07T14:26:23.110301675Z,1.084254,114.847536,Cloud to Ground,28606,0,20
2026-10-07T14:26:22.912390274Z,1.087004,114.855194,Cloud to Ground,55191,0,13
2026-10-07T14:26:22.836229000Z,14.7129,118.9965,Cloud to Ground,31120,0,6
2026-10-07T14:26:23.994956346Z,16.342753,120.291796,Cloud to Ground,-9523,0,9
2026-10-07T14:26:24.184125206Z,16.395143,120.244037,Cloud to Cloud,13949,3007,10
2026-10-07T14:26:23.237560000Z,14.6349,118.87,Cloud to Ground,-5210,0,5
2026-10-07T14:26:23.519261000Z,7.0456,127.1589,Cloud to Ground,13185,0,6
2026-10-07T14:26:25.239113632Z,1.997015,117.783348,Cloud to Ground,14674,0,13
2026-10-07T14:26:25.494385570Z,2.001501,117.788224,Cloud to Ground,18764,0,18
2026-10-07T14:26:25.152479853Z,16.314576,119.129135,Cloud to Ground,-20714,0,9
2026-10-07T14:26:24.774781708Z,16.280704,119.10156,Cloud to Ground,-19210,0,8
2026-10-07T14:26:25.253468587Z,16.336563,119.218398,Cloud to Ground,-11946,0,11
2026-10-07T14:26:27.209626000Z,14.2061,118.8872,Cloud to Ground,17078,0,5
2026-10-07T14:26:28.189819408Z,14.698021,119.125422,Cloud to Ground,-19051,0,8
2026-10-07T14:26:28.106372380Z,14.667461,119.121033,Cloud to Cloud,-12243,6412,6
2026-10-07T14:26:27.857540320Z,14.673203,119.214105,Cloud to Cloud,9063,7424,7
2026-10-07T14:26:27.200710924Z,14.670123,119.22773,Cloud to Cloud,20834,5599,12
2026-10-07T14:26:29.599347574Z,16.13248,119.028096,Cloud to Cloud,-6035,6168,8
2026-10-07T14:26:30.632950997Z,14.631768,119.076608,Cloud to Cloud,-7014,3475,7
2026-10-07T14:26:32.348062856Z,16.363508,120.305983,Cloud to Cloud,-8270,7017,7
2026-10-07T14:26:32.230499000Z,16.1698,120.1643,Cloud to Ground,-18904,0,6
2026-10-07T14:26:33.991438094Z,14.635943,118.890494,Cloud to Cloud,-5223,4533,7
2026-10-07T14:26:34.016603543Z,14.677892,119.187206,Cloud to Ground,-14842,0,6
2026-10-07T14:26:33.977590000Z,14.7159,119.1245,Cloud to Ground,-13702,0,9
2026-10-07T14:26:33.991919764Z,14.674621,119.112091,Cloud to Cloud,18489,7925,6
2026-10-07T14:26:35.309467698Z,15.396278,119.325621,Cloud to Ground,16532,0,9
2026-10-07T14:26:37.326213655Z,14.65073,119.006903,Cloud to Cloud,-4692,12059,6
2026-10-07T14:26:37.375836041Z,14.579022,119.069618,Cloud to Cloud,-8198,9054,6
2026-10-07T14:26:38.229078521Z,14.662883,119.228444,Cloud to Ground,-12600,0,12
2026-10-07T14:26:38.168805000Z,14.6921,119.0746,Cloud to Ground,9876,0,10
2026-10-07T14:26:38.256662957Z,16.316004,120.172604,Cloud to Cloud,7727,5936,15
2026-10-07T14:26:40.930853018Z,14.699491,119.378837,Cloud to Cloud,2605,17916,6
2026-10-07T14:26:40.325509000Z,16.5786,120.4662,Cloud to Ground,35478,0,6
2026-10-07T14:26:42.852055000Z,16.1537,120.1678,Cloud to Ground,-24948,0,7
2026-10-07T14:26:43.913239111Z,16.30501,120.156481,Cloud to Cloud,-7784,5567,9
2026-10-07T14:26:43.930957911Z,16.313732,120.15199,Cloud to Cloud,5689,10922,6
2026-10-07T14:26:43.565817871Z,14.719985,119.215832,Cloud to Cloud,-3891,17491,8
2026-10-07T14:26:43.954708971Z,14.51085,119.156871,Cloud to Cloud,-5654,5985,7
2026-10-07T14:26:43.618245000Z,16.3187,119.0388,Cloud to Ground,-13166,0,5
2026-10-07T14:26:46.810088318Z,14.729924,119.064761,Cloud to Cloud,12311,3000,6
2026-10-07T14:26:46.643879000Z,14.712,118.9051,Cloud to Ground,9745,0,7
2026-10-07T14:26:46.795389795Z,14.664178,118.935971,Cloud to Cloud,12496,3867,8
2026-10-07T14:26:46.874442140Z,14.496755,119.917442,Cloud to Cloud,-4791,5594,9
2026-10-07T14:26:48.232373483Z,3.299247,116.405468,Cloud to Ground,-13568,0,12
2026-10-07T14:26:48.367896580Z,3.302158,116.433612,Cloud to Ground,12036,0,11
2026-10-07T14:26:48.514242525Z,3.300381,116.438219,Cloud to Ground,13124,0,8
2026-10-07T14:26:48.270887490Z,3.308584,116.463617,Cloud to Ground,38850,0,27
2026-10-07T14:26:48.145005863Z,3.299646,116.468039,Cloud to Ground,56796,0,27
2026-10-07T14:26:48.164840194Z,3.231035,116.374913,Cloud to Ground,60170,0,7
2026-10-07T14:26:48.215105565Z,3.301604,116.468036,Cloud to Ground,69285,0,27
2026-10-07T14:26:48.088538878Z,3.283286,116.544496,Cloud to Ground,127113,0,19
2026-10-07T14:26:48.195061370Z,16.300594,119.079274,Cloud to Cloud,14339,5778,8
2026-10-07T14:26:48.861674804Z,16.334101,120.148932,Cloud to Cloud,4809,3022,6
2026-10-07T14:26:49.199014510Z,16.206494,119.144737,Cloud to Cloud,11293,5416,13
2026-10-07T14:26:49.378835079Z,14.670985,118.944162,Cloud to Cloud,20286,6458,7
2026-10-07T14:26:49.141743000Z,14.8993,119.2103,Cloud to Ground,42764,0,7
2026-10-07T14:26:51.927637697Z,16.229885,120.267205,Cloud to Cloud,4219,3006,7
2026-10-07T14:26:52.590161603Z,14.656932,118.994124,Cloud to Cloud,3379,3022,5
2026-10-07T14:26:52.666712983Z,16.313952,120.297066,Cloud to Ground,-13715,0,10
2026-10-07T14:26:53.958149595Z,14.70268,119.209427,Cloud to Ground,-33126,0,10
2026-10-07T14:26:53.886295120Z,14.664562,119.123659,Cloud to Ground,-28978,0,13
2026-10-07T14:26:54.106641246Z,14.695442,119.203446,Cloud to Ground,-6070,0,7
2026-10-07T14:26:53.991168950Z,14.667534,119.100977,Cloud to Cloud,18946,7866,7
2026-10-07T14:26:54.068064719Z,14.523013,119.151175,Cloud to Cloud,25568,3003,9
2026-10-07T14:26:54.626008329Z,16.273527,120.11393,Cloud to Cloud,-5341,18367,8
2026-10-07T14:26:54.527548000Z,7.3823,127.4832,Cloud to Ground,-6305,0,6
2026-10-07T14:26:54.651564000Z,7.5981,127.862,Cloud to Ground,-13228,0,6
2026-10-07T14:26:56.584885653Z,1.043589,114.828958,Cloud to Ground,-22811,0,14
2026-10-07T14:26:56.291205314Z,14.616446,118.97682,Cloud to Ground,-7040,0,9
2026-10-07T14:26:56.127305800Z,14.597965,119.958474,Cloud to Cloud,10873,3017,10
2026-10-07T14:26:58.304094303Z,16.28842,119.070285,Cloud to Ground,-10052,0,5
2026-10-07T14:26:58.271454000Z,16.353,120.1206,Cloud to Ground,-20010,0,9
2026-10-07T14:26:58.952207000Z,14.7368,118.8772,Cloud to Ground,14617,0,5
2026-10-07T14:26:59.232534725Z,14.708299,119.135367,Cloud to Ground,-13139,0,11
2026-10-07T14:26:59.166577689Z,14.714235,119.123239,Cloud to Ground,-12561,0,11
2026-10-07T14:26:59.476413528Z,14.773872,119.124009,Cloud to Ground,32939,0,9
2026-10-07T14:26:59.312867000Z,14.9025,119.2543,Cloud to Ground,-7465,0,7
2026-10-07T14:27:00.898152512Z,14.576338,119.161042,Cloud to Cloud,-45409,8860,9
2026-10-07T14:27:00.784551767Z,14.786683,119.177795,Cloud to Ground,-20914,0,15
2026-10-07T14:27:00.665092608Z,14.694486,119.228899,Cloud to Ground,-16117,0,12
2026-10-07T14:27:00.769154741Z,14.667065,119.201988,Cloud to Cloud,38522,19255,7
2026-10-07T14:27:01.615555000Z,16.4066,120.2104,Cloud to Ground,67548,0,5
2026-10-07T14:27:02.811395000Z,7.3639,127.9845,Cloud to Ground,7965,0,6
2026-10-07T14:27:03.206185470Z,16.304012,120.162942,Cloud to Ground,11276,0,7
2026-10-07T14:27:03.291418005Z,16.302949,120.159565,Cloud to Cloud,11722,3074,8
2026-10-07T14:27:04.847188821Z,14.611849,119.945273,Cloud to Cloud,-3059,7908,7
2026-10-07T14:27:05.842779305Z,14.644814,119.254615,Cloud to Ground,-19915,0,7
2026-10-07T14:27:05.703452000Z,14.6227,119.2143,Cloud to Ground,-11178,0,10
2026-10-07T14:27:05.894261516Z,14.650496,119.245668,Cloud to Ground,-9868,0,9
2026-10-07T14:27:05.835306610Z,14.665347,119.250002,Cloud to Cloud,-7765,3013,10
2026-10-07T14:27:06.519671658Z,16.179222,120.203193,Cloud to Cloud,12550,6926,7
2026-10-07T14:27:07.227998600Z,14.566264,119.182721,Cloud to Cloud,32014,11978,8
2026-10-07T14:27:08.361282646Z,5.948187,118.105452,Cloud to Cloud,16971,14171,10
2026-10-07T14:27:08.216557411Z,5.961117,118.097622,Cloud to Ground,20199,0,7
2026-10-07T14:27:09.279818777Z,19.372947,115.36235,Cloud to Ground,26966,0,13
2026-10-07T14:27:08.982203608Z,19.358592,115.334561,Cloud to Ground,37054,0,15
2026-10-07T14:27:08.924920372Z,19.379612,115.350566,Cloud to Ground,45450,0,16
2026-10-07T14:27:08.503219488Z,16.444965,120.261884,Cloud to Ground,-19667,0,7
2026-10-07T14:27:08.254878906Z,14.631357,118.984441,Cloud to Cloud,-17894,6026,11
2026-10-07T14:27:08.162280277Z,14.672381,119.088126,Cloud to Cloud,-28294,3323,10
2026-10-07T14:27:08.182306716Z,14.780693,119.180693,Cloud to Ground,-18391,0,6
2026-10-07T14:27:10.643832348Z,16.304557,120.221858,Cloud to Cloud,-16101,3975,11
2026-10-07T14:27:10.508603820Z,16.302087,120.171115,Cloud to Cloud,-9591,14827,7
2026-10-07T14:27:11.429155744Z,14.539115,120.018455,Cloud to Ground,-14379,0,7
2026-10-07T14:27:11.687582319Z,14.515976,120.008465,Cloud to Ground,-12057,0,8
2026-10-07T14:27:11.997193472Z,14.568357,120.010616,Cloud to Ground,-10074,0,10
2026-10-07T14:27:11.995320543Z,14.535738,119.943667,Cloud to Cloud,2621,7080,6
2026-10-07T14:27:11.458711716Z,14.612947,119.919814,Cloud to Cloud,7819,3066,7
2026-10-07T14:27:14.585775217Z,14.641819,118.949794,Cloud to Cloud,9285,4393,7
2026-10-07T14:27:14.877605041Z,14.680402,119.178401,Cloud to Ground,-29801,0,7
2026-10-07T14:27:14.720085989Z,14.710825,119.156096,Cloud to Ground,-18715,0,8
2026-10-07T14:27:14.783383157Z,14.689109,119.183575,Cloud to Ground,-15192,0,8
2026-10-07T14:27:14.637854000Z,14.8074,119.1726,Cloud to Ground,24735,0,7
2026-10-07T14:27:14.562634000Z,14.6426,119.0429,Cloud to Ground,-31750,0,7
2026-10-07T14:27:14.971319000Z,15.9095,120.0355,Cloud to Ground,-23979,0,6
2026-10-07T14:27:15.947520905Z,14.58964,119.057021,Cloud to Cloud,13340,3166,11
2026-10-07T14:27:18.335118126Z,14.68477,119.096567,Cloud to Cloud,-5173,8085,6
2026-10-07T14:27:19.044511836Z,16.305178,119.183993,Cloud to Ground,-23604,0,11
2026-10-07T14:27:19.323768470Z,16.318073,119.198339,Cloud to Ground,-9962,0,9
2026-10-07T14:27:20.790253700Z,16.243495,120.032595,Cloud to Cloud,-9114,10405,8
2026-10-07T14:27:22.357962418Z,14.557668,119.262724,Cloud to Ground,-76444,0,7
2026-10-07T14:27:22.715860050Z,14.579941,119.274253,Cloud to Ground,-42588,0,7
2026-10-07T14:27:22.654003958Z,14.575762,119.273471,Cloud to Ground,-42482,0,7
2026-10-07T14:27:22.419992941Z,14.56366,119.274236,Cloud to Ground,-35973,0,7
2026-10-07T14:27:22.817285587Z,14.548695,119.183891,Cloud to Ground,-27423,0,9
2026-10-07T14:27:23.087500894Z,14.634428,119.226736,Cloud to Ground,-13900,0,8
2026-10-07T14:27:22.458009348Z,14.58664,119.265186,Cloud to Ground,-11075,0,9
2026-10-07T14:27:22.526035000Z,14.5852,119.1675,Cloud to Ground,-8485,0,10
2026-10-07T14:27:22.535048556Z,14.52649,119.345336,Cloud to Cloud,-6896,14145,7
2026-10-07T14:27:21.975541575Z,14.573566,119.120742,Cloud to Cloud,9555,18021,9
2026-10-07T14:27:22.947549655Z,14.579319,119.124565,Cloud to Cloud,21577,13754,11
2026-10-07T14:27:23.012578805Z,14.463975,119.206183,Cloud to Ground,38849,0,7
2026-10-07T14:27:21.940144496Z,14.663977,119.007297,Cloud to Cloud,12176,16610,6
2026-10-07T14:27:22.003716944Z,14.681079,118.959948,Cloud to Cloud,16194,17855,8
2026-10-07T14:27:22.940312000Z,14.7273,119.1123,Cloud to Ground,22952,0,9
2026-10-07T14:27:23.556625894Z,6.437778,118.339397,Cloud to Ground,39177,0,14
2026-10-07T14:27:23.271466427Z,14.712309,119.279126,Cloud to Cloud,39781,14165,8
2026-10-07T14:27:23.158972448Z,14.602447,118.99894,Cloud to Cloud,13027,11575,7
2026-10-07T14:27:24.952140244Z,15.211469,119.231052,Cloud to Ground,-28470,0,9
2026-10-07T14:27:24.375776000Z,16.5132,120.301,Cloud to Ground,45144,0,8
2026-10-07T14:27:25.888998829Z,16.295107,120.162537,Cloud to Cloud,-6302,8833,8
2026-10-07T14:27:25.639766727Z,16.292258,120.162794,Cloud to Cloud,-5323,3039,7
2026-10-07T14:27:25.959550589Z,1.190919,114.786435,Cloud to Ground,32561,0,21
2026-10-07T14:27:26.074177829Z,1.192273,114.791051,Cloud to Ground,39018,0,14
2026-10-07T14:27:26.271540825Z,16.099973,119.089329,Cloud to Cloud,21387,12824,11
2026-10-07T14:27:26.566361060Z,14.632193,119.037062,Cloud to Ground,-26187,0,9
2026-10-07T14:27:26.276891162Z,14.473447,119.10441,Cloud to Cloud,12762,3039,10
2026-10-07T14:27:26.055317354Z,14.480379,119.070823,Cloud to Cloud,23276,5997,10
2026-10-07T14:27:26.568234274Z,14.686483,119.158657,Cloud to Cloud,-18410,3032,10
2026-10-07T14:27:26.172557647Z,14.651793,119.171673,Cloud to Ground,20480,0,10
2026-10-07T14:27:27.253141173Z,3.334619,116.423523,Cloud to Ground,-53818,0,30
2026-10-07T14:27:27.861794256Z,17.221154,116.352433,Cloud to Ground,98637,0,18
2026-10-07T14:27:27.716501660Z,10.19943,113.808374,Cloud to Ground,-20079,0,8
2026-10-07T14:27:27.678291309Z,10.191403,113.830082,Cloud to Ground,73928,0,10
2026-10-07T14:27:27.861318000Z,16.2468,115.8314,Cloud to Ground,-151708,0,5
2026-10-07T14:27:28.295674947Z,16.299545,119.054129,Cloud to Cloud,14818,4359,8
2026-10-07T14:27:28.766952791Z,14.718962,119.156116,Cloud to Ground,-28729,0,8
2026-10-07T14:27:28.807237381Z,14.673968,118.929048,Cloud to Cloud,14912,7768,7
2026-10-07T14:27:29.366039235Z,16.196116,120.304292,Cloud to Cloud,10442,16503,7
2026-10-07T14:27:30.532620852Z,16.16842,120.276604,Cloud to Ground,61224,0,7
2026-10-07T14:27:30.633981000Z,14.1232,118.8049,Cloud to Ground,-6956,0,5
2026-10-07T14:27:32.999148696Z,14.682021,119.199994,Cloud to Ground,-30578,0,11
2026-10-07T14:27:33.103797952Z,14.689971,119.201353,Cloud to Ground,-13066,0,11
2026-10-07T14:27:34.054715023Z,16.341106,120.268583,Cloud to Ground,-10490,0,14
2026-10-07T14:27:34.349986214Z,16.301407,119.038289,Cloud to Cloud,8939,3007,9
2026-10-07T14:27:36.330225368Z,2.974985,116.849335,Cloud to Ground,-16086,0,12
2026-10-07T14:27:36.077756245Z,2.936582,116.847759,Cloud to Ground,38106,0,12
2026-10-07T14:27:35.951449286Z,2.936119,116.869414,Cloud to Ground,66605,0,15
2026-10-07T14:27:35.229038756Z,14.733645,119.060078,Cloud to Cloud,22191,3023,8
2026-10-07T14:27:35.030458000Z,9.2081,125.3073,Cloud to Ground,-116433,0,8
2026-10-07T14:27:35.170303000Z,9.227,125.2463,Cloud to Ground,-34562,0,7
2026-10-07T14:27:36.818248934Z,16.289753,119.064267,Cloud to Ground,-41354,0,10
2026-10-07T14:27:36.714835000Z,15.9076,118.9234,Cloud to Ground,119603,0,5
2026-10-07T14:27:38.664457120Z,16.331742,120.226462,Cloud to Cloud,15789,8025,9
2026-10-07T14:27:39.207085177Z,16.301891,119.059309,Cloud to Cloud,4705,4715,7
2026-10-07T14:27:40.776509084Z,14.521093,119.182397,Cloud to Cloud,20429,7995,8
2026-10-07T14:27:40.942167641Z,14.628288,119.220544,Cloud to Ground,-9171,0,6
2026-10-07T14:27:40.159688000Z,16.4318,120.31,Cloud to Ground,33499,0,5
2026-10-07T14:27:41.594765037Z,14.331633,119.061327,Cloud to Cloud,19289,12649,8
2026-10-07T14:27:44.993679690Z,16.131645,120.250628,Cloud to Cloud,21071,5601,7
2026-10-07T14:27:44.088979974Z,14.541329,119.207097,Cloud to Ground,128119,0,9
2026-10-07T14:27:46.346554000Z,16.425,120.0455,Cloud to Ground,-5789,0,5
2026-10-07T14:27:47.531236803Z,14.687621,119.17369,Cloud to Cloud,-18267,8920,6
2026-10-07T14:27:47.008026127Z,14.698252,119.214793,Cloud to Ground,39698,0,11
2026-10-07T14:27:47.608637963Z,14.597713,119.124759,Cloud to Cloud,-8067,3176,10
2026-10-07T14:27:47.511791678Z,14.705484,119.078641,Cloud to Cloud,12893,3047,7
2026-10-07T14:27:47.864264000Z,14.7667,119.0846,Cloud to Ground,21612,0,6
2026-10-07T14:27:51.478825748Z,16.300756,120.131976,Cloud to Cloud,21654,19964,13
2026-10-07T14:27:51.015479000Z,16.3185,118.9542,Cloud to Ground,-17654,0,11
2026-10-07T14:27:52.217656289Z,14.674684,119.248898,Cloud to Ground,-8547,0,7
2026-10-07T14:27:55.109417285Z,16.135603,120.254325,Cloud to Cloud,12854,13175,10
2026-10-07T14:27:58.950313602Z,14.70571,119.087162,Cloud to Cloud,-11829,3863,5
2026-10-07T14:27:59.222470373Z,14.678889,119.219572,Cloud to Ground,-12059,0,10
2026-10-07T14:27:59.127867340Z,10.166409,113.818573,Cloud to Ground,24474,0,13
2026-10-07T14:28:00.563194495Z,16.313296,119.187766,Cloud to Cloud,-13817,7174,12
2026-10-07T14:28:00.590285345Z,16.310636,119.10222,Cloud to Cloud,11490,18833,9
2026-10-07T14:28:00.653686113Z,16.16228,120.169731,Cloud to Cloud,6183,3028,8
2026-10-07T14:28:00.485247000Z,15.8108,120.0154,Cloud to Ground,-14982,0,5
2026-10-07T14:28:01.671928327Z,14.589125,119.140222,Cloud to Cloud,10722,14383,7
2026-10-07T14:28:01.518572941Z,14.66568,118.996221,Cloud to Cloud,9151,3289,7
2026-10-07T14:28:02.250574825Z,16.28854,120.215249,Cloud to Cloud,-4184,3006,7
2026-10-07T14:28:03.144244435Z,2.819405,116.986572,Cloud to Ground,-30455,0,7
2026-10-07T14:28:03.260413959Z,2.846324,117.012473,Cloud to Ground,-26110,0,25
2026-10-07T14:28:03.109412167Z,2.885809,117.03291,Cloud to Ground,30763,0,15
2026-10-07T14:28:03.108100374Z,2.886206,117.000619,Cloud to Ground,79120,0,12
2026-10-07T14:28:03.143376089Z,2.84171,117.084371,Cloud to Ground,87293,0,21
2026-10-07T14:28:03.177349463Z,16.319999,120.216651,Cloud to Ground,-42625,0,13
2026-10-07T14:28:03.248789000Z,16.2508,120.1543,Cloud to Ground,-21438,0,5
2026-10-07T14:28:03.771313987Z,14.685491,119.133462,Cloud to Ground,-41628,0,10
2026-10-07T14:28:04.557912858Z,14.979594,119.24155,Cloud to Cloud,14912,4269,10
2026-10-07T14:28:05.881127018Z,17.260564,116.30009,Cloud to Cloud,-30981,12057,12
2026-10-07T14:28:05.930242307Z,17.261802,116.364795,Cloud to Ground,22854,0,7
2026-10-07T14:28:07.042195417Z,16.271047,120.17125,Cloud to Cloud,7543,6340,9
2026-10-07T14:28:08.082309596Z,14.599377,118.940473,Cloud to Cloud,-9266,3876,8
2026-10-07T14:28:08.098714905Z,14.642984,119.011676,Cloud to Cloud,9280,3011,8
2026-10-07T14:28:08.428369600Z,16.299963,120.201903,Cloud to Cloud,4189,16876,5
2026-10-07T14:28:08.836585659Z,15.285462,119.739255,Cloud to Ground,-5519,0,7
2026-10-07T14:28:08.783637115Z,12.609911,122.375591,Cloud to Cloud,5255,3826,6
2026-10-07T14:28:10.270456524Z,16.304657,120.238832,Cloud to Cloud,-5698,10760,11
2026-10-07T14:28:10.742545469Z,14.646779,119.1314,Cloud to Cloud,4161,3789,5
2026-10-07T14:28:10.645303187Z,14.665816,119.153353,Cloud to Cloud,4274,15776,5
2026-10-07T14:28:10.429603090Z,14.526969,119.209728,Cloud to Cloud,13847,18598,10
2026-10-07T14:28:11.300799928Z,14.582217,119.049004,Cloud to Cloud,6425,14090,7
2026-10-07T14:28:11.252017880Z,16.344049,119.165343,Cloud to Cloud,16304,4864,9
2026-10-07T14:28:12.586880936Z,14.648161,119.037653,Cloud to Cloud,-3342,3383,6
2026-10-07T14:28:13.570995078Z,16.191939,120.230651,Cloud to Cloud,12346,5068,9
2026-10-07T14:28:14.290223622Z,16.127433,120.259452,Cloud to Ground,62814,0,7
2026-10-07T14:28:14.942915416Z,14.676578,119.120263,Cloud to Ground,-21060,0,8
2026-10-07T14:28:15.413123254Z,14.714907,119.139973,Cloud to Ground,-11762,0,5
2026-10-07T14:28:15.326485731Z,14.668199,119.133732,Cloud to Ground,-8988,0,6
2026-10-07T14:28:15.258439716Z,14.670937,119.134017,Cloud to Ground,-7381,0,6
2026-10-07T14:28:15.211256613Z,14.655853,119.105281,Cloud to Cloud,25255,10742,8
2026-10-07T14:28:15.006286883Z,14.543315,119.159413,Cloud to Cloud,20092,13059,11
2026-10-07T14:28:15.157255375Z,14.659384,118.890886,Cloud to Cloud,5834,14215,7
2026-10-07T14:28:17.105540369Z,14.80158,119.190985,Cloud to Ground,-8718,0,8
2026-10-07T14:28:17.417978328Z,14.659326,119.011355,Cloud to Ground,-17815,0,9
2026-10-07T14:28:17.767290351Z,14.688597,119.183564,Cloud to Ground,-12513,0,10
2026-10-07T14:28:17.520569578Z,16.293909,119.174294,Cloud to Ground,-21238,0,10
2026-10-07T14:28:17.477768528Z,16.211827,120.217971,Cloud to Cloud,7818,5749,13
2026-10-07T14:28:20.519768841Z,15.207383,125.202498,Cloud to Cloud,17396,4436,7
2026-10-07T14:28:20.330954000Z,14.6568,119.09,Cloud to Ground,-14097,0,5
2026-10-07T14:28:20.520860000Z,15.4065,125.3717,Cloud to Ground,-6352,0,5
2026-10-07T14:28:21.586415225Z,14.639504,119.218796,Cloud to Ground,-31773,0,11
2026-10-07T14:28:22.874116917Z,14.620072,118.961993,Cloud to Cloud,-10313,7343,7
2026-10-07T14:28:22.486172372Z,16.312908,120.196722,Cloud to Cloud,3489,18498,7
2026-10-07T14:28:23.386602214Z,14.758929,119.136868,Cloud to Ground,-11343,0,9
2026-10-07T14:28:23.602673764Z,14.760836,119.111176,Cloud to Cloud,17328,13470,6
2026-10-07T14:28:23.583251000Z,14.8143,119.1359,Cloud to Ground,25769,0,7
2026-10-07T14:28:23.923533834Z,14.778893,119.111942,Cloud to Ground,34694,0,9
2026-10-07T14:28:25.013141000Z,16.2897,120.17,Cloud to Ground,-8643,0,5
2026-10-07T14:28:27.880401106Z,16.33399,120.222339,Cloud to Ground,-19953,0,10
2026-10-07T14:28:28.480268000Z,14.8435,119.1602,Cloud to Ground,-9531,0,8
2026-10-07T14:28:28.827561480Z,14.832936,119.209398,Cloud to Ground,8243,0,8
2026-10-07T14:28:30.396458050Z,14.719262,119.117201,Cloud to Ground,-13291,0,10
2026-10-07T14:28:29.206083984Z,14.71759,119.191947,Cloud to Cloud,-13027,17405,6
2026-10-07T14:28:29.324973790Z,14.733655,119.191548,Cloud to Ground,-12944,0,10
2026-10-07T14:28:30.109438412Z,14.669724,119.124453,Cloud to Ground,-8685,0,7
2026-10-07T14:28:29.495880802Z,14.718111,119.192123,Cloud to Cloud,12562,7603,6
2026-10-07T14:28:30.221547000Z,14.7066,118.9682,Cloud to Ground,-25679,0,8
2026-10-07T14:28:30.038228000Z,14.7229,118.9106,Cloud to Ground,20484,0,7
2026-10-07T14:28:33.230712386Z,6.605914,123.284262,Cloud to Cloud,-37793,3174,33
2026-10-07T14:28:33.350112779Z,6.495162,123.238914,Cloud to Ground,-35657,0,25
2026-10-07T14:28:33.414367786Z,6.498965,123.226013,Cloud to Ground,-31772,0,18
2026-10-07T14:28:33.460637786Z,6.497558,123.245223,Cloud to Ground,-28945,0,29
2026-10-07T14:28:33.023883260Z,16.268575,119.023076,Cloud to Ground,19204,0,8
2026-10-07T14:28:33.044997015Z,14.591348,119.09698,Cloud to Cloud,9877,18022,13
2026-10-07T14:28:34.737006262Z,14.615692,119.238891,Cloud to Ground,-54054,0,6
2026-10-07T14:28:34.924358895Z,14.602324,119.154168,Cloud to Ground,-31335,0,10
2026-10-07T14:28:35.241785501Z,14.633238,119.23849,Cloud to Ground,-19717,0,8
2026-10-07T14:28:34.992116380Z,14.64775,119.22931,Cloud to Ground,-12438,0,11
2026-10-07T14:28:35.747949993Z,14.705254,119.11572,Cloud to Ground,-35335,0,9
2026-10-07T14:28:35.910384042Z,14.706704,119.113596,Cloud to Ground,-27831,0,10
2026-10-07T14:28:36.025403216Z,14.712924,119.105473,Cloud to Ground,-15920,0,10
2026-10-07T14:28:36.184409642Z,14.742823,119.05229,Cloud to Cloud,15469,7130,6
2026-10-07T14:28:35.955538041Z,14.76067,119.087757,Cloud to Cloud,24712,7760,7
2026-10-07T14:28:35.159869000Z,14.6194,118.9728,Cloud to Ground,21909,0,5
2026-10-07T14:28:36.810937710Z,16.404113,120.218749,Cloud to Ground,-13832,0,7
2026-10-07T14:28:36.275782718Z,16.389592,120.18393,Cloud to Cloud,-13826,19240,8
2026-10-07T14:28:36.059362046Z,14.663253,118.896173,Cloud to Cloud,14803,6481,8
2026-10-07T14:28:37.058438042Z,14.695913,119.079784,Cloud to Cloud,-12264,14855,7
2026-10-07T14:28:37.124241738Z,14.659243,118.948972,Cloud to Cloud,-6219,3104,9
2026-10-07T14:28:37.219544331Z,14.634371,118.993475,Cloud to Cloud,12450,5469,7
2026-10-07T14:28:39.005736227Z,3.368824,116.877271,Cloud to Cloud,-24805,16741,24
2026-10-07T14:28:39.759425954Z,14.693475,119.11182,Cloud to Ground,-17325,0,9
2026-10-07T14:28:40.216813000Z,14.6776,119.1202,Cloud to Ground,-13401,0,7
2026-10-07T14:28:39.823379892Z,14.670805,119.115757,Cloud to Ground,-9627,0,6
2026-10-07T14:28:40.114651000Z,14.4233,119.0514,Cloud to Ground,-10877,0,6
2026-10-07T14:28:41.298860413Z,16.28134,119.111915,Cloud to Ground,-14743,0,10
2026-10-07T14:28:41.235539436Z,16.285027,119.113236,Cloud to Ground,-13340,0,10
2026-10-07T14:28:41.363134912Z,16.310029,119.219238,Cloud to Ground,-21930,0,10
2026-10-07T14:28:41.501181919Z,16.327448,119.218585,Cloud to Cloud,-11937,3811,7
2026-10-07T14:28:41.738665827Z,16.314891,119.221412,Cloud to Ground,-11631,0,9
2026-10-07T14:28:41.191779314Z,10.160208,113.767729,Cloud to Cloud,-11705,8799,7
2026-10-07T14:28:41.220600670Z,10.19615,113.822895,Cloud to Ground,50947,0,9
2026-10-07T14:28:43.182363401Z,1.160934,114.828594,Cloud to Ground,10607,0,14
2026-10-07T14:28:42.825219612Z,1.164154,114.828843,Cloud to Ground,24837,0,18
2026-10-07T14:28:42.632216171Z,1.167844,114.833187,Cloud to Ground,40519,0,13
2026-10-07T14:28:42.513428000Z,1.0559,114.8348,Cloud to Ground,16316,0,12
2026-10-07T14:28:43.335291582Z,14.57883,119.141721,Cloud to Cloud,-4405,13149,6
2026-10-07T14:28:44.037033720Z,16.328578,120.152148,Cloud to Cloud,13529,6612,9
2026-10-07T14:28:44.144890915Z,16.390833,120.222648,Cloud to Ground,-27773,0,7
2026-10-07T14:28:44.953244390Z,14.628829,119.11436,Cloud to Ground,-11165,0,6
2026-10-07T14:28:44.906730294Z,14.499531,119.065221,Cloud to Cloud,31641,9685,7
2026-10-07T14:28:44.721964000Z,14.8035,119.079,Cloud to Ground,15685,0,7
2026-10-07T14:28:46.535010665Z,16.321758,119.074445,Cloud to Cloud,15120,3036,7
2026-10-07T14:28:46.717054412Z,14.642808,119.036566,Cloud to Cloud,-6362,3000,7
2026-10-07T14:28:47.274019897Z,16.20415,120.261351,Cloud to Ground,36481,0,10
2026-10-07T14:28:47.138040979Z,14.70351,119.126734,Cloud to Cloud,-11333,3017,7
2026-10-07T14:28:48.807458684Z,16.257164,120.28711,Cloud to Cloud,-8146,3096,8
2026-10-07T14:28:48.735787774Z,14.738089,119.143837,Cloud to Ground,-12686,0,10
2026-10-07T14:28:50.208786970Z,14.668678,118.963995,Cloud to Cloud,6381,3052,7
2026-10-07T14:28:50.271654875Z,14.681288,119.078004,Cloud to Cloud,-7571,3096,6
2026-10-07T14:28:51.292458530Z,14.523856,119.97191,Cloud to Cloud,-7002,3000,8
2026-10-07T14:28:51.197408936Z,14.573358,119.997624,Cloud to Cloud,10285,14929,7
2026-10-07T14:28:52.762630591Z,16.2893,119.180731,Cloud to Ground,-18168,0,13
2026-10-07T14:28:52.896447810Z,16.319449,119.190139,Cloud to Ground,-7646,0,6
2026-10-07T14:28:52.705412046Z,16.179791,119.131028,Cloud to Cloud,8438,3412,9
2026-10-07T14:28:52.798991896Z,16.185482,119.10516,Cloud to Cloud,16261,7597,9
2026-10-07T14:28:52.867846432Z,16.269485,119.038125,Cloud to Ground,-5307,0,7
2026-10-07T14:28:53.016034112Z,14.674918,119.176194,Cloud to Ground,-36173,0,8
2026-10-07T14:28:53.366874477Z,14.644278,119.218762,Cloud to Ground,-17201,0,11
2026-10-07T14:28:54.471581541Z,14.551268,119.101336,Cloud to Cloud,13279,5503,12
2026-10-07T14:28:55.174415385Z,16.292336,120.241717,Cloud to Ground,12797,0,12
2026-10-07T14:28:55.406328802Z,16.295942,120.221662,Cloud to Ground,19880,0,8
2026-10-07T14:28:55.309648525Z,16.209434,120.211166,Cloud to Cloud,20589,12447,8
2026-10-07T14:28:57.733992552Z,2.037406,117.764626,Cloud to Ground,14161,0,9
2026-10-07T14:28:57.921105207Z,1.982519,117.807982,Cloud to Ground,22829,0,14
2026-10-07T14:28:57.798321861Z,14.680422,119.146073,Cloud to Cloud,-14149,6929,7
2026-10-07T14:28:57.522143445Z,14.627722,119.010013,Cloud to Cloud,5354,4230,7
2026-10-07T14:28:57.159747551Z,14.700104,119.062978,Cloud to Cloud,12694,13229,11
2026-10-07T14:28:57.419107418Z,14.626478,119.172261,Cloud to Ground,74312,0,12
2026-10-07T14:28:59.995317905Z,16.462366,119.294315,Cloud to Ground,-21002,0,12
2026-10-07T14:28:59.796270686Z,16.302245,119.34466,Cloud to Cloud,28445,15565,9
2026-10-07T14:28:59.959698335Z,16.315844,120.202647,Cloud to Ground,-40217,0,12
2026-10-07T14:28:59.731511949Z,16.310182,120.215102,Cloud to Ground,-21509,0,9
2026-10-07T14:29:00.195340468Z,16.328972,120.191192,Cloud to Ground,-14806,0,8
2026-10-07T14:28:59.730604953Z,16.310883,120.204732,Cloud to Cloud,-5384,13799,6
2026-10-07T14:28:59.825361000Z,16.3711,120.0671,Cloud to Ground,-29211,0,9
2026-10-07T14:29:00.047530735Z,14.728118,119.093793,Cloud to Cloud,-7591,12978,6
2026-10-07T14:29:01.644089143Z,16.261645,120.378796,Cloud to Cloud,4966,17526,11
2026-10-07T14:29:03.574360985Z,16.199425,120.261366,Cloud to Cloud,17577,6616,10
2026-10-07T14:29:03.484524139Z,16.326721,120.244519,Cloud to Ground,12807,0,9
2026-10-07T14:29:03.990336590Z,16.281668,120.189161,Cloud to Ground,23486,0,10
2026-10-07T14:29:03.676430785Z,14.679657,118.94829,Cloud to Cloud,8269,4789,8
2026-10-07T14:29:02.858115000Z,14.6722,119.0661,Cloud to Ground,-28023,0,9
2026-10-07T14:29:03.208978684Z,14.723332,119.162163,Cloud to Ground,-17402,0,11
2026-10-07T14:29:02.920745674Z,14.676067,119.201825,Cloud to Ground,-15246,0,8
2026-10-07T14:29:03.086672016Z,14.689257,119.168186,Cloud to Ground,-11434,0,6
2026-10-07T14:29:03.269644355Z,14.699166,119.166987,Cloud to Ground,-9114,0,7
2026-10-07T14:29:03.525700622Z,14.683425,119.075697,Cloud to Ground,-8960,0,5
2026-10-07T14:29:03.708511871Z,14.715163,119.163839,Cloud to Ground,-8615,0,7
2026-10-07T14:29:04.174863219Z,14.696105,119.061461,Cloud to Cloud,12382,6999,8
2026-10-07T14:29:04.505730000Z,2.837256,116.830535,Cloud to Ground,-43825,0,30
2026-10-07T14:29:04.525169471Z,2.827459,116.860502,Cloud to Ground,-16469,0,12
2026-10-07T14:29:04.131955345Z,14.518068,119.064283,Cloud to Cloud,16482,3026,8
2026-10-07T14:29:04.158163443Z,14.373743,119.019584,Cloud to Cloud,26208,18151,7
2026-10-07T14:29:05.887989000Z,16.5306,120.4413,Cloud to Ground,54415,0,7
2026-10-07T14:29:06.997791856Z,15.153043,119.717003,Cloud to Cloud,5841,11644,7
2026-10-07T14:29:06.192837379Z,14.587344,119.085198,Cloud to Cloud,7597,7933,9
2026-10-07T14:29:07.370841998Z,14.65726,119.084138,Cloud to Ground,-33110,0,12
2026-10-07T14:29:07.422438385Z,14.700759,119.16122,Cloud to Ground,-31131,0,15
2026-10-07T14:29:07.549732670Z,14.668865,119.084231,Cloud to Ground,-13747,0,9
2026-10-07T14:29:07.647873478Z,14.665192,119.169867,Cloud to Cloud,-8841,4182,6
2026-10-07T14:29:07.612484000Z,14.6853,118.9409,Cloud to Ground,8267,0,7
2026-10-07T14:29:07.492783000Z,14.6988,118.8729,Cloud to Ground,24600,0,8
2026-10-07T14:29:08.915264828Z,16.203935,120.247845,Cloud to Cloud,15429,4159,7
2026-10-07T14:29:09.938423249Z,16.351083,120.239432,Cloud to Cloud,10672,6384,10
2026-10-07T14:29:11.989415597Z,16.319727,120.151674,Cloud to Ground,-11693,0,10
2026-10-07T14:29:11.224034760Z,16.32276,120.209706,Cloud to Ground,-25330,0,11
2026-10-07T14:29:11.144540000Z,16.4417,120.2019,Cloud to Ground,67918,0,9
2026-10-07T14:29:12.497372735Z,14.709016,119.188006,Cloud to Ground,-5825,0,7
2026-10-07T14:29:12.467561171Z,14.596652,119.154134,Cloud to Ground,41290,0,10
2026-10-07T14:29:13.316379159Z,3.296788,116.399024,Cloud to Ground,-22500,0,16
2026-10-07T14:29:13.294638752Z,3.367332,116.426407,Cloud to Ground,22510,0,7
2026-10-07T14:29:13.255057203Z,3.424101,116.480618,Cloud to Ground,36748,0,22
2026-10-07T14:29:13.266651898Z,3.314136,116.480803,Cloud to Ground,62905,0,14
2026-10-07T14:29:15.090443415Z,16.328225,120.318317,Cloud to Ground,-6776,0,9
2026-10-07T14:29:15.840313787Z,14.591256,119.138865,Cloud to Cloud,4189,14697,7
2026-10-07T14:29:18.549067777Z,14.592913,119.109236,Cloud to Cloud,15020,5394,6
2026-10-07T14:29:18.611683785Z,14.637494,119.006475,Cloud to Ground,-81859,0,13
2026-10-07T14:29:18.075449589Z,16.260634,120.177801,Cloud to Ground,30657,0,9
2026-10-07T14:29:18.365389943Z,15.289117,119.753192,Cloud to Ground,-10078,0,9
2026-10-07T14:29:19.290821264Z,14.646244,119.143269,Cloud to Ground,-92714,0,10
2026-10-07T14:29:19.198318335Z,14.664051,119.218989,Cloud to Ground,-26343,0,10
2026-10-07T14:29:19.461181546Z,14.648711,119.213722,Cloud to Ground,-22654,0,6
2026-10-07T14:29:18.842788000Z,14.8031,119.097,Cloud to Ground,-5326,0,7
2026-10-07T14:29:19.466228000Z,14.8122,119.1588,Cloud to Ground,18534,0,7
2026-10-07T14:29:19.601434662Z,16.197432,119.086563,Cloud to Cloud,15514,16951,8
2026-10-07T14:29:21.364413000Z,16.7241,120.4936,Cloud to Ground,47340,0,5
2026-10-07T14:29:21.463570000Z,16.1306,120.0907,Cloud to Ground,-32398,0,5
2026-10-07T14:29:22.517665902Z,10.182238,113.785858,Cloud to Ground,-12499,0,9
2026-10-07T14:29:22.406512289Z,10.160293,113.815032,Cloud to Cloud,-10034,6062,7
2026-10-07T14:29:22.400071227Z,10.183944,113.818113,Cloud to Ground,-6469,0,6
2026-10-07T14:29:22.436372489Z,10.165323,113.769925,Cloud to Ground,35200,0,6
2026-10-07T14:29:23.072239856Z,16.299262,120.15497,Cloud to Cloud,-4629,3030,6
2026-10-07T14:29:23.019814879Z,16.280027,120.181019,Cloud to Cloud,5329,4933,6
2026-10-07T14:29:24.098223290Z,3.333204,116.441945,Cloud to Ground,9959,0,8
2026-10-07T14:29:24.300029410Z,14.699294,119.097919,Cloud to Ground,-33158,0,11
2026-10-07T14:29:24.438971205Z,14.692714,119.119814,Cloud to Ground,-28479,0,8
2026-10-07T14:29:24.641603019Z,14.673914,119.119906,Cloud to Ground,-8063,0,6
2026-10-07T14:29:25.236475278Z,14.671762,119.075825,Cloud to Ground,-4411,0,5
2026-10-07T14:29:24.552533035Z,14.760502,119.126084,Cloud to Cloud,35196,3006,9
2026-10-07T14:29:25.350413993Z,14.660475,118.97665,Cloud to Cloud,12703,11546,7
2026-10-07T14:29:25.103875456Z,16.329522,119.203989,Cloud to Ground,-10107,0,10
2026-10-07T14:29:25.231271584Z,16.199524,119.18528,Cloud to Ground,-22589,0,8
2026-10-07T14:29:25.710131937Z,16.306174,119.046638,Cloud to Cloud,7554,7936,8
2026-10-07T14:29:25.227375000Z,16.3124,118.9939,Cloud to Ground,20645,0,6
2026-10-07T14:29:26.277036119Z,14.678546,119.040901,Cloud to Ground,-10101,0,7
2026-10-07T14:29:26.286778060Z,14.663386,119.043824,Cloud to Cloud,18502,3000,6
2026-10-07T14:29:26.355771968Z,14.551126,119.175778,Cloud to Cloud,5108,7763,8
2026-10-07T14:29:27.947194534Z,14.628785,119.026824,Cloud to Ground,-23422,0,9
2026-10-07T14:29:28.298371882Z,14.671567,119.116863,Cloud to Ground,-20041,0,9
2026-10-07T14:29:27.848023000Z,14.6815,119.043,Cloud to Ground,-19335,0,7
2026-10-07T14:29:27.875351301Z,14.702505,119.059978,Cloud to Cloud,8978,7438,6
2026-10-07T14:29:27.948301801Z,14.738033,119.121711,Cloud to Cloud,17711,18426,7
2026-10-07T14:29:27.836105265Z,16.197213,120.281063,Cloud to Cloud,17893,3958,9
2026-10-07T14:29:28.445931267Z,14.575267,119.107999,Cloud to Cloud,12495,6281,8
2026-10-07T14:29:30.478930554Z,14.620932,119.316384,Cloud to Ground,-7063,0,7
2026-10-07T14:29:31.692625519Z,14.665122,119.00894,Cloud to Cloud,-16407,6146,9
2026-10-07T14:29:31.667332000Z,16.3747,120.2162,Cloud to Ground,-9555,0,8
2026-10-07T14:29:31.757380000Z,16.3185,120.1038,Cloud to Ground,33681,0,5
2026-10-07T14:29:32.066069854Z,16.303209,120.313412,Cloud to Cloud,-5842,17664,7
2026-10-07T14:29:33.266285117Z,14.594814,119.059134,Cloud to Cloud,9767,6342,7
2026-10-07T14:29:33.146777837Z,16.179722,120.200168,Cloud to Ground,23275,0,7
2026-10-07T14:29:34.482863746Z,8.569545,128.521978,Cloud to Ground,-22210,0,16
2026-10-07T14:29:34.516366000Z,8.9221,128.4172,Cloud to Ground,-11118,0,9
2026-10-07T14:29:34.617523058Z,14.533536,119.906532,Cloud to Ground,-11786,0,5
2026-10-07T14:29:35.393430661Z,14.675974,119.103924,Cloud to Ground,-16503,0,8
2026-10-07T14:29:35.463684816Z,14.668762,119.105759,Cloud to Ground,-8713,0,7
2026-10-07T14:29:35.306966000Z,14.6953,118.907,Cloud to Ground,15363,0,5
2026-10-07T14:29:35.365232751Z,14.684794,118.955095,Cloud to Ground,33071,0,6
2026-10-07T14:29:36.304202957Z,14.666627,119.200803,Cloud to Ground,-7411,0,6
2026-10-07T14:29:36.698475548Z,14.597803,119.172356,Cloud to Cloud,4078,4581,7
2026-10-07T14:29:36.723147996Z,14.577207,119.086448,Cloud to Cloud,8084,7623,6
2026-10-07T14:29:36.275699000Z,14.6967,118.9856,Cloud to Ground,-28274,0,9
2026-10-07T14:29:36.643336837Z,14.668825,118.980874,Cloud to Cloud,-5098,7916,5
2026-10-07T14:29:37.513467322Z,2.024373,117.585542,Cloud to Cloud,-14273,5265,14
2026-10-07T14:29:38.500222820Z,14.673327,119.113677,Cloud to Ground,-17268,0,8
2026-10-07T14:29:39.348272705Z,8.816784,128.912785,Cloud to Ground,-47865,0,11
2026-10-07T14:29:39.525980943Z,8.809229,128.827467,Cloud to Ground,-26817,0,23
2026-10-07T14:29:39.393438591Z,16.346246,120.153823,Cloud to Cloud,17528,3026,8
2026-10-07T14:29:40.056169724Z,14.669102,119.036822,Cloud to Ground,18508,0,8
2026-10-07T14:29:40.126963093Z,14.531658,119.052183,Cloud to Ground,22712,0,12
2026-10-07T14:29:40.928847608Z,14.688037,118.990912,Cloud to Cloud,15111,15242,7
2026-10-07T14:29:40.863080496Z,14.72004,119.227493,Cloud to Ground,-28955,0,9
2026-10-07T14:29:40.898645496Z,14.680244,119.104343,Cloud to Ground,-8636,0,6
2026-10-07T14:29:40.661153530Z,14.702886,119.219779,Cloud to Ground,-8499,0,6
2026-10-07T14:29:41.091850699Z,14.688299,119.165771,Cloud to Ground,14334,0,6
2026-10-07T14:29:41.035250974Z,14.775276,119.16073,Cloud to Cloud,14486,7164,6
2026-10-07T14:29:40.796103293Z,15.287721,119.598884,Cloud to Ground,42600,0,7
2026-10-07T14:29:40.607132252Z,15.277068,119.727506,Cloud to Ground,-14306,0,10
2026-10-07T14:29:41.577181836Z,16.27287,120.206065,Cloud to Ground,-15375,0,8
2026-10-07T14:29:41.956004471Z,14.610452,119.160138,Cloud to Cloud,6462,18073,7
2026-10-07T14:29:44.177563026Z,16.341361,120.320392,Cloud to Cloud,-15859,3671,10
2026-10-07T14:29:44.042293000Z,16.3074,120.1765,Cloud to Ground,21116,0,5
2026-10-07T14:29:44.195623000Z,7.0691,127.2436,Cloud to Ground,10774,0,8
2026-10-07T14:29:46.285228994Z,14.679298,119.128758,Cloud to Ground,-7124,0,6
2026-10-07T14:30:27.269844262Z,16.331542,120.197576,Cloud to Cloud,6759,18425,7
2026-10-07T14:30:27.985114835Z,14.554641,119.097062,Cloud to Cloud,4629,16556,7
2026-10-07T14:30:28.955163794Z,14.698493,119.161152,Cloud to Ground,-12222,0,7
2026-10-07T14:30:29.287290583Z,14.722245,119.156998,Cloud to Ground,-8449,0,9
2026-10-07T14:30:28.960085498Z,14.723248,119.089867,Cloud to Cloud,22820,3293,7
2026-10-07T14:30:28.829771000Z,14.8707,119.1898,Cloud to Ground,30900,0,5
2026-10-07T14:30:29.315760351Z,16.262969,120.209913,Cloud to Cloud,6325,3004,7
2026-10-07T14:30:30.948776587Z,2.865995,116.90689,Cloud to Ground,44430,0,22
2026-10-07T14:30:30.822816900Z,2.869908,116.892113,Cloud to Ground,50348,0,16
2026-10-07T14:30:30.479770548Z,16.286108,120.191719,Cloud to Cloud,5004,7880,6
2026-10-07T14:30:30.497883000Z,14.5588,118.9935,Cloud to Ground,-20381,0,5
2026-10-07T14:30:33.460315242Z,3.341807,116.397903,Cloud to Ground,-46120,0,24
2026-10-07T14:30:33.243585701Z,3.330962,116.394204,Cloud to Ground,-39258,0,32
2026-10-07T14:30:33.380082465Z,3.320218,116.473289,Cloud to Ground,12120,0,10
2026-10-07T14:30:33.589128614Z,3.313162,116.440705,Cloud to Ground,22933,0,11
2026-10-07T14:30:33.305664261Z,3.311316,116.461951,Cloud to Ground,23892,0,20
2026-10-07T14:30:33.263591911Z,3.300205,116.408018,Cloud to Ground,37584,0,19
2026-10-07T14:30:33.717176130Z,15.338182,119.583142,Cloud to Cloud,-17017,14847,20
2026-10-07T14:30:33.543627814Z,10.16885,113.735526,Cloud to Ground,22846,0,12
2026-10-07T14:30:33.606245947Z,10.198719,113.781644,Cloud to Ground,26542,0,7
2026-10-07T14:30:33.482783233Z,10.216465,113.812184,Cloud to Ground,43798,0,9
2026-10-07T14:30:35.093688036Z,16.307363,119.189167,Cloud to Cloud,-18846,13460,7
2026-10-07T14:30:34.959615942Z,16.292234,119.098325,Cloud to Ground,-15166,0,10
2026-10-07T14:30:34.721156660Z,16.198041,120.19481,Cloud to Cloud,17734,3004,7
2026-10-07T14:30:35.972553445Z,16.430851,119.186486,Cloud to Ground,-57146,0,14
2026-10-07T14:30:36.123796040Z,16.426206,119.166937,Cloud to Ground,-13702,0,11
2026-10-07T14:30:36.065428000Z,16.6355,119.3132,Cloud to Ground,18653,0,7
2026-10-07T14:30:37.992568339Z,14.507016,119.900269,Cloud to Ground,11987,0,9
2026-10-07T14:30:37.222343505Z,15.131086,119.704452,Cloud to Cloud,7410,14375,8
2026-10-07T14:30:37.512699936Z,16.289091,120.185893,Cloud to Ground,-6919,0,5
2026-10-07T14:30:37.873310584Z,14.534485,119.074258,Cloud to Cloud,7476,7577,7
2026-10-07T14:30:38.539099370Z,14.639302,119.042198,Cloud to Cloud,20411,12020,7
2026-10-07T14:30:39.602612362Z,16.21484,120.246066,Cloud to Cloud,14263,12969,14
2026-10-07T14:30:39.330714756Z,16.222295,120.290906,Cloud to Cloud,18341,15177,11
2026-10-07T14:30:40.607326796Z,14.539132,119.092869,Cloud to Cloud,11862,5338,9
2026-10-07T14:30:41.860922834Z,16.273288,120.162024,Cloud to Cloud,-7212,8933,9
2026-10-07T14:30:41.586472585Z,16.291051,120.258979,Cloud to Cloud,-4150,19080,8
2026-10-07T14:30:42.899691852Z,15.245604,119.651306,Cloud to Ground,-8478,0,8
2026-10-07T14:30:42.280417694Z,14.705226,119.193853,Cloud to Ground,-18154,0,12
2026-10-07T14:30:42.318105073Z,14.633683,119.048668,Cloud to Cloud,-7607,16410,7
2026-10-07T14:30:43.963392276Z,14.62253,119.011131,Cloud to Ground,-40840,0,11
2026-10-07T14:30:44.105498225Z,14.622367,119.008077,Cloud to Ground,-11136,0,7
2026-10-07T14:30:44.841747028Z,16.339902,120.139319,Cloud to Cloud,-5451,13366,6
2026-10-07T14:30:44.832971213Z,16.298473,120.205895,Cloud to Cloud,4321,3000,5
2026-10-07T14:30:45.199196993Z,16.225365,120.230036,Cloud to Cloud,8923,7975,8
2026-10-07T14:30:46.045865343Z,14.534006,119.103971,Cloud to Ground,91382,0,7
2026-10-07T14:30:46.972043288Z,14.692996,119.211067,Cloud to Ground,-17748,0,6
2026-10-07T14:30:47.093620120Z,14.692666,119.215616,Cloud to Ground,-9194,0,7
2026-10-07T14:30:47.041768546Z,14.709739,119.213196,Cloud to Ground,-8682,0,6
2026-10-07T14:30:46.550551000Z,14.7369,118.9081,Cloud to Ground,30888,0,9
2026-10-07T14:30:46.004817000Z,16.2891,120.1435,Cloud to Ground,-19851,0,5
2026-10-07T14:30:47.831174000Z,16.5861,119.1548,Cloud to Ground,29190,0,5
2026-10-07T14:30:48.882497581Z,3.25222,116.839087,Cloud to Ground,-30410,0,31
2026-10-07T14:30:49.033912359Z,3.238246,116.917973,Cloud to Ground,21284,0,14
2026-10-07T14:30:48.006427305Z,16.231976,119.113586,Cloud to Ground,-20706,0,9
2026-10-07T14:30:48.167824598Z,16.171591,119.092498,Cloud to Ground,-13875,0,9
2026-10-07T14:30:47.866378095Z,16.256086,119.116935,Cloud to Ground,-6067,0,7
2026-10-07T14:30:48.055404000Z,16.0375,118.9253,Cloud to Ground,-24057,0,6
2026-10-07T14:30:48.446978160Z,14.718455,119.024459,Cloud to Cloud,14288,17307,6
2026-10-07T14:30:48.164644000Z,9.0125,128.5916,Cloud to Ground,10294,0,5
2026-10-07T14:30:48.274390000Z,8.8396,128.393,Cloud to Ground,-12373,0,6
2026-10-07T14:30:50.537549674Z,14.725029,118.99992,Cloud to Cloud,12675,8726,7
2026-10-07T14:30:51.223724763Z,16.287244,120.223419,Cloud to Cloud,-4899,3018,6
2026-10-07T14:30:51.168821714Z,16.293239,120.189916,Cloud to Cloud,4246,4237,5
2026-10-07T14:30:51.255709430Z,16.328365,120.241744,Cloud to Cloud,5543,16596,7
2026-10-07T14:30:51.552613210Z,16.338179,120.198788,Cloud to Cloud,11155,11264,7
2026-10-07T14:30:52.917703459Z,6.445063,118.382858,Cloud to Ground,-59844,0,11
2026-10-07T14:30:52.953320665Z,6.444716,118.31987,Cloud to Cloud,-10856,19037,10
2026-10-07T14:30:52.980819857Z,6.459168,118.393987,Cloud to Cloud,-8996,15044,7
2026-10-07T14:30:53.041974065Z,6.438373,118.350135,Cloud to Ground,15388,0,9
2026-10-07T14:30:52.932711820Z,6.443434,118.402043,Cloud to Ground,65740,0,21
2026-10-07T14:30:53.255012676Z,14.641795,118.947052,Cloud to Cloud,-7203,7374,8
2026-10-07T14:30:52.698975203Z,14.691015,119.138622,Cloud to Ground,-20917,0,8
2026-10-07T14:30:52.842360165Z,14.674117,119.134754,Cloud to Cloud,-7527,15420,6
2026-10-07T14:30:53.464864836Z,14.681574,119.133289,Cloud to Ground,-7527,0,7
2026-10-07T14:30:53.017334590Z,14.649258,119.063579,Cloud to Ground,43388,0,8
2026-10-07T14:30:53.707478383Z,14.771255,119.114452,Cloud to Cloud,24462,7180,7
2026-10-07T14:30:53.840926476Z,14.467461,119.172152,Cloud to Cloud,9973,6092,6
2026-10-07T14:30:53.985819035Z,14.605957,119.308591,Cloud to Ground,6953,0,8
2026-10-07T14:30:55.296640446Z,15.239707,119.632555,Cloud to Ground,-16551,0,10
2026-10-07T14:30:55.260032577Z,15.119519,119.797784,Cloud to Cloud,26060,12770,7
2026-10-07T14:30:55.831835038Z,16.333811,120.145764,Cloud to Cloud,9384,5262,7
2026-10-07T14:30:55.523863451Z,14.75888,119.034713,Cloud to Cloud,15642,6454,7
2026-10-07T14:30:55.302616000Z,10.4576,125.352,Cloud to Ground,-15902,0,7
2026-10-07T14:30:57.963693854Z,14.646096,119.207706,Cloud to Ground,-52261,0,7
2026-10-07T14:30:58.306518646Z,14.646875,119.206578,Cloud to Ground,-13453,0,8
2026-10-07T14:30:57.878320162Z,14.666433,119.200475,Cloud to Ground,-13188,0,11
2026-10-07T14:30:57.836443000Z,14.6942,119.1893,Cloud to Ground,-10787,0,5
2026-10-07T14:30:58.136368043Z,14.64828,119.206816,Cloud to Cloud,-8653,6410,8
2026-10-07T14:30:58.709501674Z,19.591904,133.340558,Cloud to Ground,-18547,0,7
2026-10-07T14:30:58.706619765Z,19.67637,133.319434,Cloud to Ground,-9036,0,11
2026-10-07T14:30:58.704334066Z,19.64369,133.327084,Cloud to Ground,13715,0,7
2026-10-07T14:30:58.705426916Z,19.634135,133.311577,Cloud to Ground,15580,0,10
2026-10-07T14:30:58.000267000Z,16.3195,119.965,Cloud to Ground,15647,0,8
2026-10-07T14:30:59.513344719Z,14.678624,119.059843,Cloud to Cloud,18027,3007,7
2026-10-07T14:31:00.486987086Z,2.016567,117.781656,Cloud to Ground,-22950,0,13
2026-10-07T14:31:00.758134742Z,2.00929,117.751916,Cloud to Ground,-18458,0,6
2026-10-07T14:31:00.837212582Z,1.983775,117.797557,Cloud to Ground,14747,0,10
2026-10-07T14:31:00.890598236Z,1.990996,117.7762,Cloud to Ground,14990,0,12
2026-10-07T14:31:00.553978750Z,2.021868,117.776996,Cloud to Ground,29647,0,13
2026-10-07T14:31:00.610674613Z,2.015404,117.787261,Cloud to Ground,48120,0,14
2026-10-07T14:31:00.500768093Z,2.000503,117.800702,Cloud to Ground,59356,0,22
2026-10-07T14:31:00.888050251Z,16.327266,120.249998,Cloud to Ground,-16045,0,6
2026-10-07T14:31:01.646485244Z,16.313821,120.163203,Cloud to Cloud,-7185,11993,8
2026-10-07T14:31:01.279776000Z,16.3724,120.1176,Cloud to Ground,284,0,5
2026-10-07T14:31:01.564588000Z,16.3651,120.1645,Cloud to Ground,441,0,7
2026-10-07T14:31:00.885564709Z,16.293644,120.13576,Cloud to Cloud,8139,3011,8
2026-10-07T14:31:01.334349745Z,16.32999,120.102572,Cloud to Cloud,11248,16967,7
2026-10-07T14:31:02.178466942Z,16.291923,120.170069,Cloud to Cloud,13076,3732,8
2026-10-07T14:31:01.055744909Z,16.251254,120.214007,Cloud to Ground,34998,0,10
2026-10-07T14:31:02.551379963Z,6.498508,123.353248,Cloud to Ground,-47001,0,9
2026-10-07T14:31:03.915181030Z,3.34044,116.340415,Cloud to Ground,-12375,0,12
2026-10-07T14:31:03.423352049Z,16.255306,120.165919,Cloud to Cloud,24193,7242,12
2026-10-07T14:31:03.243187091Z,14.715584,119.140328,Cloud to Ground,-38459,0,10
2026-10-07T14:31:03.786265936Z,14.675106,119.138203,Cloud to Ground,-8738,0,6
2026-10-07T14:31:03.716615000Z,14.8909,119.253,Cloud to Ground,42798,0,6
2026-10-07T14:31:04.455780286Z,14.704293,119.03343,Cloud to Cloud,-15686,16294,8
2026-10-07T14:31:04.889741000Z,14.9456,119.1076,Cloud to Ground,-2741,0,5
2026-10-07T14:31:05.260121282Z,16.36356,120.277667,Cloud to Ground,-10102,0,13
2026-10-07T14:31:05.234245000Z,16.3411,120.1837,Cloud to Ground,15389,0,6
2026-10-07T14:31:05.525736905Z,16.313501,120.127773,Cloud to Ground,20532,0,8
2026-10-07T14:31:05.089120243Z,16.276834,119.02823,Cloud to Cloud,5294,4563,5
2026-10-07T14:31:05.470642000Z,15.7153,119.9824,Cloud to Ground,-18889,0,6
2026-10-07T14:31:08.425743942Z,16.277563,120.210953,Cloud to Cloud,-5388,4261,6
2026-10-07T14:31:08.821579359Z,16.303371,120.175958,Cloud to Cloud,14495,3000,7
2026-10-07T14:31:09.738258620Z,14.362686,119.029526,Cloud to Cloud,21079,9011,8
2026-10-07T14:31:09.252821317Z,14.693612,119.105884,Cloud to Ground,-47692,0,8
2026-10-07T14:31:10.415577880Z,14.615714,119.098359,Cloud to Cloud,-12361,12440,8
2026-10-07T14:31:10.576285918Z,14.558341,119.058183,Cloud to Cloud,12595,17598,10
2026-10-07T14:31:11.753944804Z,14.670406,119.450443,Cloud to Cloud,-3959,17516,8
2026-10-07T14:31:12.058722828Z,14.663586,119.186758,Cloud to Cloud,-7346,7324,6
2026-10-07T14:31:12.217763563Z,14.696095,119.181536,Cloud to Ground,-7132,0,9
2026-10-07T14:31:11.913461169Z,14.699771,119.179532,Cloud to Ground,-5758,0,7
2026-10-07T14:31:11.836387501Z,14.739609,119.133136,Cloud to Cloud,14023,7094,6
2026-10-07T14:31:12.726128370Z,14.620702,119.057715,Cloud to Cloud,6004,3022,7
2026-10-07T14:31:11.662800000Z,14.7066,119.0065,Cloud to Ground,-10607,0,7
2026-10-07T14:31:12.355014740Z,14.648348,118.958043,Cloud to Cloud,9504,7605,7
2026-10-07T14:31:12.135425457Z,13.020103,121.131096,Cloud to Ground,23234,0,8
2026-10-07T14:31:12.136115271Z,13.00833,121.121652,Cloud to Cloud,31104,6234,9
2026-10-07T14:31:12.936883025Z,15.116875,119.673914,Cloud to Cloud,15045,4635,11
2026-10-07T14:31:13.877184804Z,16.506417,120.241417,Cloud to Cloud,-5293,13220,7
2026-10-07T14:31:14.739522035Z,16.424354,119.30657,Cloud to Cloud,-6009,5562,12
2026-10-07T14:31:15.754111339Z,14.721143,119.151537,Cloud to Ground,-8733,0,9
2026-10-07T14:31:17.712223698Z,15.253174,119.633848,Cloud to Ground,-14451,0,8
2026-10-07T14:31:17.797610147Z,15.195229,119.714177,Cloud to Ground,-6200,0,6
2026-10-07T14:31:17.753559390Z,15.292941,119.732271,Cloud to Ground,-9704,0,10
2026-10-07T14:31:18.437437796Z,17.142307,116.696504,Cloud to Cloud,6437,7331,8
2026-10-07T14:31:18.192350749Z,17.165835,116.650191,Cloud to Cloud,16600,6306,11
2026-10-07T14:31:19.783109515Z,14.655671,119.256249,Cloud to Ground,-31156,0,8
2026-10-07T14:31:19.662796195Z,14.672926,119.208012,Cloud to Ground,-20945,0,8
2026-10-07T14:31:20.311586837Z,14.510976,119.065335,Cloud to Cloud,16464,5247,7
2026-10-07T14:31:20.329313476Z,14.642134,119.036925,Cloud to Cloud,12666,3071,8
2026-10-07T14:31:20.550411100Z,14.624288,119.018001,Cloud to Cloud,14967,6546,7
2026-10-07T14:31:20.610494286Z,14.634977,119.300714,Cloud to Cloud,4162,3179,10
2026-10-07T14:31:20.100005907Z,16.272161,119.183977,Cloud to Cloud,19784,19610,11
2026-10-07T14:31:21.981505410Z,16.305207,120.174682,Cloud to Cloud,6585,4996,9
2026-10-07T14:31:21.830176910Z,16.301387,120.21085,Cloud to Ground,16808,0,11
2026-10-07T14:31:22.001455868Z,16.208546,120.209304,Cloud to Cloud,17721,15216,11
2026-10-07T14:31:21.929302595Z,16.208218,120.253924,Cloud to Cloud,21406,4653,10
2026-10-07T14:31:22.870721074Z,14.825298,119.123294,Cloud to Cloud,21684,3008,8
2026-10-07T14:31:22.703429691Z,14.678736,119.105761,Cloud to Ground,-49206,0,10
2026-10-07T14:31:22.787843000Z,14.5852,118.9168,Cloud to Ground,-18680,0,5
2026-10-07T14:31:23.340212303Z,16.282292,120.21414,Cloud to Ground,88484,0,8
2026-10-07T14:31:23.285411000Z,14.8596,119.2293,Cloud to Ground,13392,0,7
2026-10-07T14:31:23.183722000Z,14.7564,118.977,Cloud to Ground,27033,0,8
2026-10-07T14:31:24.359239721Z,16.300956,120.17339,Cloud to Ground,-35827,0,11
2026-10-07T14:31:24.284675000Z,16.2412,120.13,Cloud to Ground,-31459,0,6
2026-10-07T14:31:24.733856553Z,16.284806,120.153659,Cloud to Cloud,-10872,4121,6
2026-10-07T14:31:26.465875104Z,8.850306,128.431608,Cloud to Ground,-75161,0,10
2026-10-07T14:31:26.759351451Z,8.829795,128.381986,Cloud to Ground,-23690,0,22
2026-10-07T14:31:26.910809478Z,8.859272,128.330771,Cloud to Ground,-18828,0,21
2026-10-07T14:31:27.457331000Z,16.3157,119.1015,Cloud to Ground,-39147,0,7
2026-10-07T14:31:28.479206488Z,14.606882,118.924926,Cloud to Cloud,-4512,3590,6
2026-10-07T14:31:30.132599318Z,14.711919,119.188315,Cloud to Ground,-11466,0,10
2026-10-07T14:31:30.215880609Z,14.738802,119.198859,Cloud to Ground,-6188,0,8
2026-10-07T14:31:30.239871783Z,18.144134,117.11415,Cloud to Cloud,7529,5893,7
2026-10-07T14:31:30.238400450Z,18.137305,117.080377,Cloud to Ground,31580,0,15
2026-10-07T14:31:30.550801377Z,16.299626,120.169487,Cloud to Cloud,-14214,3170,6
2026-10-07T14:31:32.670003064Z,14.472191,119.027693,Cloud to Cloud,19041,3749,8
2026-10-07T14:31:33.749684387Z,14.670994,119.170983,Cloud to Ground,-25383,0,13
2026-10-07T14:31:33.992774812Z,14.63817,119.103467,Cloud to Ground,-22747,0,11
2026-10-07T14:31:33.604565719Z,14.606376,119.067625,Cloud to Ground,-20340,0,12
2026-10-07T14:31:33.922753077Z,14.468775,119.190962,Cloud to Cloud,-14409,16590,10
2026-10-07T14:31:34.364193187Z,14.658643,119.173469,Cloud to Ground,-12441,0,11
2026-10-07T14:31:34.540041852Z,14.638158,119.179465,Cloud to Ground,-12294,0,6
2026-10-07T14:31:34.199700559Z,14.66391,119.17491,Cloud to Ground,-9949,0,8
2026-10-07T14:31:34.046031669Z,14.669277,119.172028,Cloud to Ground,-9758,0,9
2026-10-07T14:31:32.790437860Z,14.679378,118.98608,Cloud to Cloud,11124,6893,10
2026-10-07T14:31:33.534522591Z,14.658629,119.144146,Cloud to Cloud,14322,3467,9
2026-10-07T14:31:33.304340666Z,14.65092,119.009504,Cloud to Cloud,16395,4565,10
2026-10-07T14:31:34.543923221Z,14.553671,119.167704,Cloud to Cloud,16514,15953,7
2026-10-07T14:31:33.283797737Z,14.702668,119.218458,Cloud to Ground,131485,0,8
2026-10-07T14:31:33.568252000Z,16.2198,120.1553,Cloud to Ground,-3809,0,6
2026-10-07T14:31:34.950480679Z,16.313173,120.150655,Cloud to Ground,-31226,0,9
2026-10-07T14:31:34.875696000Z,16.4044,120.2704,Cloud to Ground,23136,0,8
2026-10-07T14:31:34.367745807Z,14.283808,119.126897,Cloud to Cloud,20403,3057,7
2026-10-07T14:31:37.348665430Z,2.019047,117.790426,Cloud to Ground,10877,0,14
2026-10-07T14:31:38.685196867Z,14.402203,119.018904,Cloud to Cloud,17330,11464,7
2026-10-07T14:31:38.940454834Z,14.689594,119.064675,Cloud to Ground,-13097,0,6
2026-10-07T14:31:39.109524907Z,14.689533,119.141568,Cloud to Cloud,15043,6552,9
2026-10-07T14:31:38.627685642Z,14.42071,119.944357,Cloud to Cloud,7976,17534,8
2026-10-07T14:31:38.262594900Z,16.289142,120.161921,Cloud to Ground,-123015,0,10
2026-10-07T14:31:39.226751609Z,16.279311,120.173317,Cloud to Cloud,7097,12796,11
2026-10-07T14:31:39.950495484Z,14.413216,118.978062,Cloud to Cloud,17628,6897,7
2026-10-07T14:31:39.145412461Z,14.636976,118.929071,Cloud to Cloud,7494,10957,7
2026-10-07T14:31:41.653174181Z,15.216231,125.200933,Cloud to Cloud,-9521,18773,7
2026-10-07T14:31:41.650727260Z,15.11802,125.174448,Cloud to Cloud,11633,3941,8
2026-10-07T14:31:41.030658313Z,16.329116,120.276743,Cloud to Ground,-13427,0,11
2026-10-07T14:31:43.320501000Z,14.7302,119.0324,Cloud to Ground,-16466,0,6
2026-10-07T14:31:43.923689467Z,14.706657,119.095036,Cloud to Ground,-12180,0,10
2026-10-07T14:31:43.766536755Z,14.665131,119.103082,Cloud to Cloud,-7407,4304,6
2026-10-07T14:31:43.514224739Z,14.733246,119.035652,Cloud to Cloud,13798,6022,6
2026-10-07T14:31:43.596809572Z,14.761608,119.091264,Cloud to Cloud,17888,7259,8
2026-10-07T14:31:44.425297630Z,16.285036,120.148872,Cloud to Ground,-121878,0,10
2026-10-07T14:31:44.791306734Z,16.212903,119.019877,Cloud to Ground,-49930,0,15
2026-10-07T14:31:45.258311869Z,16.211947,119.00727,Cloud to Ground,-13929,0,9
2026-10-07T14:31:45.001809032Z,14.650632,119.120381,Cloud to Ground,-22023,0,8
2026-10-07T14:31:44.869960918Z,14.654248,119.079541,Cloud to Cloud,-20651,3057,7
2026-10-07T14:31:45.077521519Z,14.644372,119.124842,Cloud to Cloud,-5982,12832,6
2026-10-07T14:31:46.764354026Z,14.538377,119.106666,Cloud to Cloud,15206,4718,12
2026-10-07T14:31:47.100017416Z,16.298978,119.143512,Cloud to Cloud,-6466,3374,8
2026-10-07T14:31:48.531889532Z,14.522003,120.017084,Cloud to Ground,-37661,0,8
2026-10-07T14:31:48.703451869Z,14.500684,119.923471,Cloud to Ground,-31809,0,11
2026-10-07T14:31:48.412925577Z,14.425122,119.961306,Cloud to Cloud,-20356,9392,9
2026-10-07T14:31:48.783547264Z,14.488158,120.007743,Cloud to Ground,-17569,0,8
2026-10-07T14:31:48.806487555Z,16.130348,120.14097,Cloud to Cloud,18486,5082,8
2026-10-07T14:31:48.014087275Z,14.565418,119.078762,Cloud to Ground,-39596,0,11
2026-10-07T14:31:49.374720341Z,16.242815,119.078038,Cloud to Ground,-15546,0,10
2026-10-07T14:31:49.289153000Z,16.377,119.0833,Cloud to Ground,-12797,0,7
2026-10-07T14:31:49.721807229Z,16.216686,120.197549,Cloud to Cloud,10672,15446,11
2026-10-07T14:31:49.680130353Z,16.192667,120.258285,Cloud to Cloud,14748,4050,9
2026-10-07T14:31:51.151608900Z,14.686455,119.045134,Cloud to Ground,-22672,0,13
2026-10-07T14:31:51.212261494Z,14.64126,119.087026,Cloud to Ground,-20255,0,8
2026-10-07T14:31:50.863591261Z,14.679446,119.040171,Cloud to Ground,-14359,0,9
2026-10-07T14:31:50.874750003Z,14.699954,119.091622,Cloud to Cloud,6834,3001,7
2026-10-07T14:31:52.726755175Z,16.310403,120.182146,Cloud to Ground,-45448,0,13
2026-10-07T14:31:52.840531000Z,16.3213,120.1612,Cloud to Ground,-39777,0,6
2026-10-07T14:31:52.737338620Z,16.327594,120.232391,Cloud to Ground,-20123,0,8
2026-10-07T14:31:52.791114000Z,16.3398,120.1023,Cloud to Ground,11011,0,5
2026-10-07T14:31:52.991040162Z,16.329469,120.230747,Cloud to Ground,31021,0,13
2026-10-07T14:31:52.510666948Z,14.708999,119.180987,Cloud to Ground,-38522,0,9
2026-10-07T14:31:52.427093000Z,14.7627,119.0944,Cloud to Ground,35867,0,11
2026-10-07T14:31:52.566276530Z,14.679066,119.103433,Cloud to Cloud,43329,3004,6
2026-10-07T14:31:53.759750417Z,16.244206,120.209402,Cloud to Cloud,18241,3220,10
2026-10-07T14:31:53.425642834Z,15.21945,119.689367,Cloud to Ground,-20604,0,14
2026-10-07T14:31:55.974281233Z,16.207724,120.206607,Cloud to Cloud,9315,18872,7
2026-10-07T14:31:56.573185743Z,14.483871,119.069411,Cloud to Cloud,14116,7232,6
2026-10-07T14:31:56.526141662Z,14.528983,119.071352,Cloud to Ground,15379,0,14
2026-10-07T14:31:56.629134712Z,14.639815,119.058749,Cloud to Cloud,-4541,13728,5
2026-10-07T14:31:56.771094171Z,14.675371,118.934978,Cloud to Cloud,-9921,4004,7
2026-10-07T14:31:57.777092204Z,14.710289,119.173378,Cloud to Ground,-14179,0,8
2026-10-07T14:31:57.773575147Z,14.545848,119.171213,Cloud to Ground,-10170,0,11
2026-10-07T14:31:57.777661609Z,14.559995,119.148356,Cloud to Ground,34700,0,11
2026-10-07T14:31:57.677397000Z,14.747,118.9119,Cloud to Ground,40501,0,7
2026-10-07T14:31:59.574005030Z,16.279243,120.236714,Cloud to Cloud,-5281,4684,9
2026-10-07T14:31:59.432054925Z,16.273538,120.231001,Cloud to Cloud,-4967,3028,8
2026-10-07T14:31:59.548992613Z,16.193769,120.255131,Cloud to Cloud,21083,12745,10
2026-10-07T14:31:59.848188132Z,14.632708,119.036981,Cloud to Cloud,-14023,3025,7
2026-10-07T14:31:59.880970995Z,14.655074,119.28559,Cloud to Cloud,5460,7828,10
2026-10-07T14:31:59.430242189Z,16.281807,119.092288,Cloud to Cloud,10183,18753,5
2026-10-07T14:32:00.312403432Z,2.911387,116.877947,Cloud to Ground,-28758,0,17
2026-10-07T14:32:00.348141452Z,2.91936,116.875214,Cloud to Ground,-11692,0,9
2026-10-07T14:32:00.575435340Z,2.869036,116.898296,Cloud to Ground,11838,0,14
2026-10-07T14:32:00.229317871Z,2.873269,116.909373,Cloud to Ground,11867,0,15
2026-10-07T14:32:01.893429845Z,14.648445,119.037654,Cloud to Ground,85316,0,7
2026-10-07T14:32:02.031648000Z,14.743,119.0286,Cloud to Ground,36389,0,11
2026-10-07T14:32:03.859905463Z,16.316296,120.155296,Cloud to Cloud,8939,3025,7
2026-10-07T14:32:04.686191062Z,14.649001,119.016376,Cloud to Cloud,-15305,16326,7
2026-10-07T14:32:03.780330153Z,14.66731,119.019541,Cloud to Cloud,13385,16056,8
2026-10-07T14:32:04.183036987Z,14.665429,119.042842,Cloud to Ground,31743,0,8
2026-10-07T14:32:04.203763404Z,14.546929,119.159914,Cloud to Cloud,7215,3014,9
2026-10-07T14:32:06.530891055Z,16.279803,120.150994,Cloud to Ground,11036,0,8
2026-10-07T14:32:08.212482488Z,16.345591,120.287226,Cloud to Ground,-6351,0,8
2026-10-07T14:32:07.801162370Z,16.410388,120.321263,Cloud to Ground,38058,0,11
2026-10-07T14:32:07.414766000Z,16.3587,120.1099,Cloud to Ground,-38777,0,8
2026-10-07T14:32:07.917862424Z,16.313684,120.15384,Cloud to Ground,-18363,0,10
2026-10-07T14:32:07.338246000Z,16.6431,120.2156,Cloud to Ground,53008,0,7
2026-10-07T14:32:07.337716464Z,15.263756,119.72707,Cloud to Ground,-19047,0,12
2026-10-07T14:32:07.228200000Z,15.2682,119.5571,Cloud to Ground,-25832,0,6
2026-10-07T14:32:07.460151426Z,15.247423,119.632802,Cloud to Ground,-19768,0,6
2026-10-07T14:32:07.925531364Z,14.62635,119.14095,Cloud to Cloud,-27748,3973,10
2026-10-07T14:32:08.082773804Z,16.421306,120.202856,Cloud to Ground,-19376,0,7
2026-10-07T14:32:09.962824198Z,14.795039,119.096755,Cloud to Ground,9376,0,7
2026-10-07T14:32:09.182765975Z,14.646783,119.115023,Cloud to Ground,-8814,0,6
2026-10-07T14:32:09.448164000Z,16.2797,119.109,Cloud to Ground,-20998,0,6
2026-10-07T14:32:09.843195931Z,16.304873,119.186404,Cloud to Ground,-12779,0,10
2026-10-07T14:32:09.717691689Z,16.30631,119.189789,Cloud to Ground,-11680,0,7
2026-10-07T14:32:09.931743574Z,16.315394,119.193049,Cloud to Cloud,-6575,7576,7
2026-10-07T14:32:10.160511450Z,16.345709,119.11138,Cloud to Cloud,14543,7456,12
2026-10-07T14:32:09.626034000Z,16.4836,119.2336,Cloud to Ground,46491,0,6
2026-10-07T14:32:10.634908640Z,14.683205,119.190103,Cloud to Ground,-15527,0,10
2026-10-07T14:32:11.971360454Z,14.637355,119.091868,Cloud to Ground,-4260,0,8
2026-10-07T14:32:11.674017519Z,14.632771,119.022346,Cloud to Ground,30223,0,8
2026-10-07T14:32:12.906299992Z,16.209323,120.194385,Cloud to Cloud,8985,14405,12
2026-10-07T14:32:13.534041802Z,14.584316,119.872233,Cloud to Cloud,-5100,3030,6
2026-10-07T14:32:13.488172980Z,14.502627,119.884223,Cloud to Cloud,12424,3002,11
2026-10-07T14:32:14.670287727Z,1.01429,114.876286,Cloud to Ground,-23257,0,21
2026-10-07T14:32:14.721722500Z,0.996387,114.861924,Cloud to Ground,14166,0,17
2026-10-07T14:32:14.683264368Z,1.025026,114.90437,Cloud to Ground,52504,0,21
2026-10-07T14:32:17.503487770Z,14.698881,119.088072,Cloud to Ground,-15594,0,10
2026-10-07T14:32:17.323328062Z,14.699802,119.088461,Cloud to Ground,-13641,0,10
2026-10-07T14:32:17.315431889Z,14.658454,119.096127,Cloud to Ground,-13441,0,6
2026-10-07T14:32:17.739458798Z,14.580504,118.998458,Cloud to Cloud,-12601,8203,7
2026-10-07T14:32:17.443308212Z,14.657991,119.005421,Cloud to Ground,-11405,0,7
2026-10-07T14:32:16.962867704Z,14.684156,119.086646,Cloud to Ground,-10175,0,11
2026-10-07T14:32:17.027141633Z,14.729412,119.043191,Cloud to Cloud,20735,4958,8
2026-10-07T14:32:17.063634747Z,14.780315,119.118842,Cloud to Ground,22605,0,8
2026-10-07T14:32:16.888425553Z,14.764354,119.10344,Cloud to Ground,90257,0,9
2026-10-07T14:32:17.099989409Z,16.341202,120.192521,Cloud to Ground,-33035,0,9
2026-10-07T14:32:17.397395000Z,16.3761,120.0634,Cloud to Ground,-31571,0,12
2026-10-07T14:32:18.869716222Z,16.274123,119.043068,Cloud to Cloud,9793,4464,11
2026-10-07T14:32:19.622203154Z,2.027984,117.777077,Cloud to Ground,12554,0,10
2026-10-07T14:32:19.157892982Z,16.300246,120.121437,Cloud to Cloud,16150,6611,10
2026-10-07T14:32:19.904329398Z,14.694175,119.018548,Cloud to Cloud,4810,3025,6
2026-10-07T14:32:20.236627987Z,14.740962,119.056149,Cloud to Cloud,16041,14103,5
2026-10-07T14:32:20.210206119Z,14.741131,119.062352,Cloud to Cloud,19931,3069,6
2026-10-07T14:32:20.726382261Z,16.279538,120.129817,Cloud to Cloud,10443,3006,6
2026-10-07T14:32:24.986373925Z,14.628019,119.243835,Cloud to Cloud,4592,7235,7
2026-10-07T14:32:25.816150620Z,16.306066,120.171211,Cloud to Cloud,-5326,3009,5
2026-10-07T14:32:26.104775574Z,14.689241,118.9619,Cloud to Cloud,26402,6356,10
2026-10-07T14:32:26.467712824Z,14.678796,119.194854,Cloud to Cloud,-6927,7728,6
2026-10-07T14:32:27.739902848Z,14.666502,119.008919,Cloud to Ground,-14147,0,7
2026-10-07T14:32:27.429848320Z,14.651411,119.027676,Cloud to Cloud,3066,7693,5
2026-10-07T14:32:27.999005964Z,14.660471,118.948896,Cloud to Cloud,5176,7013,6
2026-10-07T14:32:28.132340190Z,15.887762,120.038446,Cloud to Ground,-35292,0,8
2026-10-07T14:32:28.107865971Z,16.246708,120.142059,Cloud to Cloud,-12255,4417,9
2026-10-07T14:32:28.320592813Z,16.211482,120.177766,Cloud to Cloud,10291,12219,7
2026-10-07T14:32:29.771491943Z,14.498121,119.050407,Cloud to Ground,103392,0,8
2026-10-07T14:32:29.575299615Z,14.732038,119.123502,Cloud to Ground,-19589,0,10
2026-10-07T14:32:30.073879104Z,14.710612,119.122292,Cloud to Ground,-6314,0,6
2026-10-07T14:32:29.455669000Z,16.4513,120.2758,Cloud to Ground,48917,0,6
2026-10-07T14:32:29.333260000Z,16.4265,120.298,Cloud to Ground,65610,0,6
2026-10-07T14:32:30.432234217Z,14.692845,119.260709,Cloud to Cloud,4517,3393,7
2026-10-07T14:32:32.366635579Z,14.591921,119.20861,Cloud to Ground,-19439,0,8
2026-10-07T14:32:32.364797965Z,14.709487,119.207544,Cloud to Cloud,-8822,17927,7
2026-10-07T14:32:32.420691476Z,14.719863,119.207314,Cloud to Ground,-7630,0,12
2026-10-07T14:32:32.928585836Z,14.758253,119.136688,Cloud to Cloud,23034,3083,6
2026-10-07T14:32:34.549926765Z,16.345149,120.303008,Cloud to Cloud,11266,9922,12
2026-10-07T14:32:34.442641473Z,16.33287,120.211162,Cloud to Ground,15122,0,11
2026-10-07T14:32:34.139203203Z,15.155801,119.696749,Cloud to Cloud,-19740,9896,13
2026-10-07T14:32:34.140511000Z,15.301,119.4536,Cloud to Ground,-27933,0,8
2026-10-07T14:32:34.053034000Z,15.0195,119.3877,Cloud to Ground,-12687,0,5
2026-10-07T14:32:34.682991184Z,14.589194,119.085404,Cloud to Cloud,-14553,10230,7
2026-10-07T14:32:34.737736735Z,14.547454,119.095054,Cloud to Cloud,7823,18562,8
2026-10-07T14:32:35.444905700Z,16.242981,119.0852,Cloud to Ground,-52101,0,15
2026-10-07T14:32:35.668076731Z,16.238861,119.063331,Cloud to Ground,-15394,0,10
2026-10-07T14:32:36.373130409Z,16.287073,120.138995,Cloud to Ground,-99851,0,10
2026-10-07T14:32:37.303693865Z,14.665309,118.898132,Cloud to Cloud,9706,16138,8
2026-10-07T14:32:37.600588939Z,14.698519,118.977733,Cloud to Cloud,15952,15304,11
2026-10-07T14:32:37.483519780Z,14.714841,119.120588,Cloud to Ground,-34656,0,10
2026-10-07T14:32:37.352321137Z,14.707808,119.117628,Cloud to Ground,-16596,0,9
2026-10-07T14:32:37.536089265Z,14.703114,119.110023,Cloud to Ground,-13364,0,7
2026-10-07T14:32:37.122249758Z,14.679934,119.122888,Cloud to Ground,-12937,0,7
2026-10-07T14:32:37.655621821Z,14.700729,119.111863,Cloud to Ground,-8799,0,8
2026-10-07T14:32:37.428911694Z,14.674608,119.116449,Cloud to Ground,-6510,0,6
2026-10-07T14:32:37.737835691Z,14.767514,119.095753,Cloud to Cloud,24235,4533,8
2026-10-07T14:32:37.160203000Z,14.7956,119.0085,Cloud to Ground,34050,0,6
2026-10-07T14:32:37.078205000Z,14.8734,119.1635,Cloud to Ground,52940,0,5
2026-10-07T14:32:38.910430643Z,16.28209,120.200524,Cloud to Cloud,-7307,18145,15
2026-10-07T14:32:38.716047791Z,16.288811,120.12813,Cloud to Cloud,15389,3077,8
2026-10-07T14:32:38.772024475Z,16.294522,120.305987,Cloud to Ground,-29184,0,12
2026-10-07T14:32:39.895085229Z,14.625431,119.914385,Cloud to Cloud,16712,3126,7
2026-10-07T14:32:39.539609190Z,14.545344,120.009168,Cloud to Ground,-46195,0,7
2026-10-07T14:32:39.683172699Z,14.561537,119.99369,Cloud to Ground,-40655,0,17
2026-10-07T14:32:39.614978397Z,14.568031,120.003467,Cloud to Ground,-14058,0,11
2026-10-07T14:32:42.383790465Z,15.668801,125.064505,Cloud to Cloud,35510,3010,8
2026-10-07T14:32:42.386404866Z,15.788926,125.04072,Cloud to Cloud,7326,3895,9
2026-10-07T14:32:43.632814340Z,3.317572,116.378523,Cloud to Ground,-12050,0,8
2026-10-07T14:32:43.753448053Z,14.708747,119.008048,Cloud to Cloud,4517,5789,5
2026-10-07T14:32:44.199441622Z,16.317382,120.191054,Cloud to Ground,-14506,0,6
2026-10-07T14:32:44.729631956Z,16.234638,119.034479,Cloud to Cloud,-9103,7836,6
2026-10-07T14:32:45.761232847Z,14.707863,119.075047,Cloud to Ground,-27270,0,12
2026-10-07T14:32:45.906307053Z,14.691683,119.083687,Cloud to Ground,-21692,0,10
2026-10-07T14:32:45.990607017Z,14.709309,119.086861,Cloud to Ground,-12896,0,8
2026-10-07T14:32:45.807776329Z,14.674479,119.087446,Cloud to Ground,-10573,0,6
2026-10-07T14:32:45.974931913Z,14.679314,119.084939,Cloud to Ground,-8799,0,5
2026-10-07T14:32:46.080822757Z,14.676773,119.081628,Cloud to Ground,-7719,0,6
2026-10-07T14:32:45.940785834Z,14.675421,119.080697,Cloud to Cloud,-7697,4441,6
2026-10-07T14:32:46.048838727Z,14.697674,119.086589,Cloud to Ground,-7199,0,11
2026-10-07T14:32:46.000941745Z,14.67634,119.081525,Cloud to Cloud,-6360,5514,6
2026-10-07T14:32:46.843826457Z,14.585286,119.075337,Cloud to Cloud,4596,6989,8
2026-10-07T14:32:46.616858889Z,14.723778,118.987778,Cloud to Cloud,-10869,3073,6
2026-10-07T14:32:46.815105014Z,14.673226,118.98063,Cloud to Cloud,-6606,11448,7
2026-10-07T14:32:46.142526000Z,14.4314,118.8994,Cloud to Ground,-8640,0,5
2026-10-07T14:32:46.590118000Z,16.3408,120.1313,Cloud to Ground,-12593,0,6
2026-10-07T14:32:47.520387427Z,9.573852,114.760612,Cloud to Ground,-31651,0,15
2026-10-07T14:32:47.571686188Z,9.62664,114.864854,Cloud to Ground,-12619,0,7
2026-10-07T14:32:47.536682024Z,9.622312,114.846979,Cloud to Ground,82265,0,8
2026-10-07T14:32:47.710795150Z,15.859929,120.095103,Cloud to Ground,-10682,0,7
2026-10-07T14:32:47.607626316Z,16.340443,120.294025,Cloud to Ground,-12082,0,7
2026-10-07T14:32:47.770337279Z,16.356309,120.301853,Cloud to Ground,-7519,0,7
2026-10-07T14:32:47.885883000Z,16.4653,120.242,Cloud to Ground,28932,0,5
2026-10-07T14:32:47.471362397Z,10.130591,113.853708,Cloud to Cloud,-15310,3572,8
2026-10-07T14:32:47.484823781Z,10.170887,113.815994,Cloud to Ground,10021,0,8
2026-10-07T14:32:47.463758160Z,10.177748,113.795312,Cloud to Ground,18051,0,15
2026-10-07T14:32:49.127441859Z,14.462532,119.046345,Cloud to Cloud,17938,6770,8
2026-10-07T14:32:48.431863474Z,14.426869,119.003961,Cloud to Cloud,19945,3754,7
2026-10-07T14:32:48.093624000Z,14.7756,118.9709,Cloud to Ground,-13399,0,7
2026-10-07T14:32:48.216751000Z,16.3628,120.0942,Cloud to Ground,30530,0,5
2026-10-07T14:32:49.299976578Z,14.670621,119.021782,Cloud to Ground,-4422,0,6
2026-10-07T14:32:51.589366543Z,3.335461,116.959031,Cloud to Ground,31789,0,10
2026-10-07T14:32:53.362562000Z,14.7537,119.0948,Cloud to Ground,-17168,0,6
2026-10-07T14:32:53.675587000Z,8.8943,128.3186,Cloud to Ground,6400,0,5
2026-10-07T14:32:54.254502539Z,2.040332,117.770417,Cloud to Ground,20038,0,13
2026-10-07T14:32:54.316867696Z,16.180735,120.245777,Cloud to Cloud,-7785,3280,20
2026-10-07T14:32:54.310267831Z,16.316617,120.156952,Cloud to Ground,-60187,0,15
2026-10-07T14:32:55.842536000Z,14.8881,119.221,Cloud to Ground,20758,0,5
2026-10-07T14:32:55.874088979Z,14.702683,119.045737,Cloud to Cloud,9530,16609,6
2026-10-07T14:32:55.984458000Z,14.7119,118.9963,Cloud to Ground,22444,0,11
2026-10-07T14:32:57.117266847Z,14.774108,119.193044,Cloud to Ground,-19640,0,10
2026-10-07T14:32:57.134596710Z,14.643171,119.121447,Cloud to Ground,-16621,0,9
2026-10-07T14:32:57.002084417Z,14.686332,119.238062,Cloud to Ground,-15604,0,12
2026-10-07T14:32:57.187549340Z,14.659953,119.24121,Cloud to Ground,-7484,0,6
2026-10-07T14:32:56.901711274Z,14.654453,119.205625,Cloud to Cloud,-5650,8108,7
2026-10-07T14:32:56.977868682Z,14.627756,119.191753,Cloud to Cloud,3283,7895,5
2026-10-07T14:32:57.045753000Z,14.4803,118.9979,Cloud to Ground,-10669,0,5
2026-10-07T14:32:59.249968553Z,14.687806,118.897881,Cloud to Cloud,8273,5361,8
2026-10-07T14:33:00.702584531Z,16.317242,120.20451,Cloud to Ground,63528,0,9
2026-10-07T14:33:02.814475183Z,14.59057,119.070004,Cloud to Cloud,15064,6425,10
2026-10-07T14:33:02.642678994Z,14.670971,119.247764,Cloud to Cloud,2078,16871,6
2026-10-07T14:33:02.782541848Z,14.662022,119.131822,Cloud to Ground,-14178,0,5
2026-10-07T14:33:02.180574268Z,16.317746,120.186959,Cloud to Ground,-21358,0,10
2026-10-07T14:33:02.269872964Z,16.299773,120.276045,Cloud to Ground,-8304,0,6
2026-10-07T14:33:03.054543094Z,16.308648,120.190708,Cloud to Cloud,-6324,19814,11
2026-10-07T14:33:03.096778681Z,16.306241,120.188966,Cloud to Cloud,-5310,17844,6
2026-10-07T14:33:02.601326037Z,16.203053,120.226302,Cloud to Ground,16546,0,7
2026-10-07T14:33:02.372878790Z,16.229633,120.217653,Cloud to Ground,21416,0,8
2026-10-07T14:33:02.106705000Z,16.3305,120.0725,Cloud to Ground,-26677,0,5
2026-10-07T14:33:02.274798958Z,14.505008,119.988021,Cloud to Ground,-8591,0,7
2026-10-07T14:33:02.364650000Z,14.5458,119.8989,Cloud to Ground,-6061,0,5
2026-10-07T14:33:04.717480925Z,17.180837,116.687887,Cloud to Ground,-29760,0,15
2026-10-07T14:33:04.941232252Z,17.177417,116.688881,Cloud to Cloud,-23513,3000,12
2026-10-07T14:33:05.125439838Z,17.159113,116.675205,Cloud to Ground,15238,0,11
2026-10-07T14:33:04.981724854Z,17.154124,116.65485,Cloud to Ground,18728,0,9
2026-10-07T14:33:05.085294592Z,17.15123,116.580469,Cloud to Ground,21226,0,12
2026-10-07T14:33:05.330158493Z,17.161933,116.688051,Cloud to Ground,28462,0,10
2026-10-07T14:33:04.665557000Z,17.2098,116.7539,Cloud to Ground,29237,0,5
2026-10-07T14:33:04.758546063Z,17.136113,116.552929,Cloud to Ground,33680,0,10
2026-10-07T14:33:04.874916110Z,17.177089,116.684332,Cloud to Ground,38648,0,15
2026-10-07T14:33:04.618100822Z,17.15712,116.663345,Cloud to Ground,38782,0,11
2026-10-07T14:33:05.909605000Z,14.695,118.9186,Cloud to Ground,-8906,0,8
2026-10-07T14:33:06.210006441Z,14.532873,119.009699,Cloud to Cloud,-12852,3041,11
2026-10-07T14:33:06.050566078Z,14.678643,119.145149,Cloud to Ground,-31180,0,14
2026-10-07T14:33:07.226495587Z,14.70675,119.139591,Cloud to Ground,-17188,0,10
2026-10-07T14:33:07.535989725Z,14.67796,119.142884,Cloud to Ground,-15433,0,8
2026-10-07T14:33:06.640841583Z,14.702516,119.13538,Cloud to Ground,-13132,0,11
2026-10-07T14:33:06.403672706Z,14.685893,119.138983,Cloud to Ground,-12674,0,10
2026-10-07T14:33:06.055953949Z,14.663775,119.120976,Cloud to Ground,-12494,0,10
2026-10-07T14:33:06.147676871Z,14.704581,119.136784,Cloud to Ground,-10801,0,10
2026-10-07T14:33:06.815498903Z,14.664248,119.145145,Cloud to Ground,-9896,0,6
2026-10-07T14:33:05.955225518Z,14.663839,119.145241,Cloud to Ground,-9391,0,6
2026-10-07T14:33:06.374931193Z,14.673693,119.143779,Cloud to Ground,-8354,0,7
2026-10-07T14:33:05.935178938Z,14.713361,119.04562,Cloud to Cloud,8617,5697,6
2026-10-07T14:33:06.532344100Z,14.70779,119.026578,Cloud to Ground,35601,0,7
2026-10-07T14:33:06.245123763Z,16.168589,119.106564,Cloud to Cloud,11235,13072,10
2026-10-07T14:33:07.684069471Z,14.584825,119.012039,Cloud to Cloud,-12087,4166,6
2026-10-07T14:33:07.556901000Z,14.4868,119.1483,Cloud to Ground,14752,0,7
2026-10-07T14:33:07.730987580Z,14.441692,119.070899,Cloud to Cloud,17754,3004,9
2026-10-07T14:33:08.302350903Z,14.325371,119.137954,Cloud to Ground,-19786,0,8
2026-10-07T14:33:10.083550570Z,3.327938,116.395163,Cloud to Ground,-21011,0,20
2026-10-07T14:33:10.084364669Z,3.34631,116.443555,Cloud to Cloud,-19950,5008,28
2026-10-07T14:33:09.924511524Z,3.319364,116.45638,Cloud to Ground,16086,0,16
2026-10-07T14:33:09.992313247Z,3.305337,116.427895,Cloud to Ground,20780,0,14
2026-10-07T14:33:09.878217363Z,3.297269,116.443321,Cloud to Ground,41881,0,20
2026-10-07T14:33:09.827446946Z,3.31025,116.425576,Cloud to Ground,55013,0,16
2026-10-07T14:33:10.408256351Z,3.285657,116.409397,Cloud to Ground,58258,0,17
2026-10-07T14:33:11.548463223Z,16.288067,120.178711,Cloud to Ground,-108617,0,11
2026-10-07T14:33:11.874565603Z,16.316569,120.162395,Cloud to Ground,-57772,0,11
2026-10-07T14:33:12.752252442Z,14.669039,119.097588,Cloud to Ground,-13920,0,10
2026-10-07T14:33:13.689420346Z,14.739754,119.093641,Cloud to Cloud,-13976,11376,8
2026-10-07T14:33:14.949367822Z,14.61496,118.80604,Cloud to Ground,-7093,0,7
2026-10-07T14:33:14.124721574Z,14.679315,119.021663,Cloud to Cloud,8071,3048,6
2026-10-07T14:33:14.781683196Z,14.721047,119.029864,Cloud to Cloud,9979,3036,6
2026-10-07T14:33:14.742372226Z,16.266667,119.075061,Cloud to Ground,-20686,0,11
2026-10-07T14:33:14.736353268Z,16.271058,120.20425,Cloud to Cloud,-6039,13860,6
2026-10-07T14:33:14.065883321Z,16.215248,120.17271,Cloud to Cloud,6515,14806,9
2026-10-07T14:33:15.814980953Z,16.325885,120.216611,Cloud to Cloud,8052,11468,9
2026-10-07T14:33:16.338633104Z,14.70218,119.095452,Cloud to Ground,-73400,0,15
2026-10-07T14:33:16.324907841Z,14.681548,119.074804,Cloud to Cloud,-15725,17905,10
2026-10-07T14:33:16.617816147Z,14.710463,119.206246,Cloud to Ground,-9364,0,7
2026-10-07T14:33:17.195760444Z,14.677468,118.898728,Cloud to Cloud,4728,7087,6
2026-10-07T14:33:18.675371897Z,14.607203,119.085204,Cloud to Cloud,14929,7334,7
2026-10-07T14:33:18.610181238Z,16.287564,120.168888,Cloud to Ground,-149533,0,13
2026-10-07T14:33:19.343515345Z,6.418974,118.408659,Cloud to Ground,167083,0,23
2026-10-07T14:33:19.354736477Z,16.281839,120.301096,Cloud to Cloud,-5234,19065,7
2026-10-07T14:33:19.492725991Z,16.140635,120.204123,Cloud to Cloud,-11526,13403,7
2026-10-07T14:33:21.932449922Z,14.864429,119.123655,Cloud to Cloud,-14751,3032,10
2026-10-07T14:33:22.306705051Z,14.65334,119.025854,Cloud to Cloud,-14424,3016,5
2026-10-07T14:33:22.551085413Z,14.644081,119.04529,Cloud to Cloud,9150,19703,10
2026-10-07T14:33:22.240357891Z,14.725444,119.121351,Cloud to Cloud,-7888,3058,10
2026-10-07T14:33:22.806454909Z,14.514252,119.146411,Cloud to Cloud,-15579,4254,7
2026-10-07T14:33:22.249482087Z,14.53727,119.106795,Cloud to Cloud,12643,19937,8
2026-10-07T14:33:23.184735273Z,16.293661,120.167916,Cloud to Ground,-76914,0,8
2026-10-07T14:33:23.299705295Z,16.319206,120.22781,Cloud to Ground,-35676,0,19
2026-10-07T14:33:23.620787312Z,16.311749,120.14664,Cloud to Ground,-10423,0,7
2026-10-07T14:33:23.685309920Z,16.349438,120.157196,Cloud to Cloud,10852,3023,6
2026-10-07T14:33:23.665011052Z,16.347443,120.144247,Cloud to Ground,17575,0,7
2026-10-07T14:33:24.160323000Z,0.1063,113.2336,Cloud to Ground,7419,0,6
2026-10-07T14:33:25.136871163Z,14.662532,119.052419,Cloud to Cloud,-9340,8065,6
2026-10-07T14:33:24.965532375Z,14.719641,119.022481,Cloud to Cloud,16445,8947,10
2026-10-07T14:33:24.209916000Z,16.4645,120.2786,Cloud to Ground,74931,0,5
2026-10-07T14:33:25.498127846Z,16.215537,119.033931,Cloud to Ground,-33031,0,13
2026-10-07T14:33:25.612402125Z,16.251609,119.129556,Cloud to Ground,-7673,0,10
2026-10-07T14:33:25.333441961Z,16.156036,119.106925,Cloud to Ground,-12636,0,7
2026-10-07T14:33:25.932747344Z,16.293165,120.211578,Cloud to Ground,-3710,0,7
2026-10-07T14:33:26.039927623Z,16.332453,120.16276,Cloud to Cloud,12190,17785,9
2026-10-07T14:33:25.960030355Z,16.288683,120.171562,Cloud to Ground,36093,0,7
2026-10-07T14:33:26.966132855Z,16.289483,120.16097,Cloud to Ground,-174110,0,11
2026-10-07T14:33:26.734616122Z,15.295015,119.736829,Cloud to Ground,-11379,0,12
2026-10-07T14:33:26.605007000Z,15.2752,119.445,Cloud to Ground,-9617,0,7
2026-10-07T14:33:26.965672000Z,15.246,119.5347,Cloud to Ground,-130879,0,5
2026-10-07T14:33:28.311244803Z,14.66999,119.181589,Cloud to Ground,-50539,0,7
2026-10-07T14:33:27.765164586Z,14.651834,119.098253,Cloud to Ground,-25660,0,12
2026-10-07T14:33:27.863168102Z,14.668547,119.197654,Cloud to Ground,-14040,0,6
2026-10-07T14:33:27.857552000Z,14.7183,119.0793,Cloud to Ground,15190,0,7
2026-10-07T14:33:27.858964547Z,14.74456,119.119207,Cloud to Ground,46589,0,7
2026-10-07T14:33:29.648454239Z,16.296835,120.17311,Cloud to Ground,-11464,0,13
2026-10-07T14:33:29.690024586Z,16.301546,120.162654,Cloud to Cloud,-8624,7066,9
2026-10-07T14:33:30.191745849Z,14.661264,118.960978,Cloud to Ground,-4988,0,5
2026-10-07T14:33:31.365868402Z,14.685096,118.967348,Cloud to Cloud,19683,19826,10
2026-10-07T14:33:32.027807465Z,16.328236,120.263713,Cloud to Ground,-74621,0,12
2026-10-07T14:33:32.599063197Z,16.334527,120.18745,Cloud to Ground,-24841,0,6
2026-10-07T14:33:32.555039895Z,16.356671,120.303758,Cloud to Ground,-18233,0,12
2026-10-07T14:33:32.777290000Z,16.3856,120.056,Cloud to Ground,-25674,0,11
2026-10-07T14:33:32.578138771Z,14.64835,118.931113,Cloud to Cloud,13853,15706,10
2026-10-07T14:33:32.355790912Z,14.649142,119.099014,Cloud to Ground,-51465,0,8
2026-10-07T14:33:32.828861000Z,14.7239,119.0516,Cloud to Ground,-12358,0,5
2026-10-07T14:33:32.882391890Z,14.714451,119.128747,Cloud to Ground,-11078,0,8
2026-10-07T14:33:32.111037684Z,14.564958,120.038378,Cloud to Ground,-26049,0,11
2026-10-07T14:33:32.304816372Z,14.526502,119.941401,Cloud to Ground,-15274,0,11
2026-10-07T14:33:35.052055746Z,16.26539,120.148654,Cloud to Cloud,-4478,5912,6
2026-10-07T14:33:35.097068256Z,14.648959,119.114051,Cloud to Cloud,9573,19326,9
2026-10-07T14:33:37.409610621Z,16.295263,120.153705,Cloud to Ground,-126672,0,10
2026-10-07T14:33:37.412196321Z,16.249918,119.176232,Cloud to Ground,-99952,0,8
2026-10-07T14:33:37.891390999Z,16.256704,119.178965,Cloud to Ground,-21353,0,11
2026-10-07T14:33:38.399676191Z,14.708122,119.081938,Cloud to Cloud,12325,3081,5
2026-10-07T14:33:38.419753625Z,14.645708,119.149406,Cloud to Ground,-7972,0,6
2026-10-07T14:33:39.509323565Z,14.262715,118.917421,Cloud to Cloud,19065,3974,6
2026-10-07T14:33:39.617015203Z,14.69651,119.024016,Cloud to Cloud,7407,3000,7
2026-10-07T14:33:39.759681408Z,16.324892,120.19993,Cloud to Cloud,5511,6743,10
2026-10-07T14:33:40.575609150Z,16.288486,120.165405,Cloud to Ground,-134893,0,9
2026-10-07T14:33:41.381286201Z,16.286933,120.121601,Cloud to Cloud,-5967,3100,11
2026-10-07T14:33:41.240643430Z,16.28145,120.176018,Cloud to Cloud,-5088,11153,11
2026-10-07T14:33:41.191709535Z,16.2944,120.157864,Cloud to Cloud,-4017,5584,7
2026-10-07T14:33:40.435652649Z,14.704292,119.12449,Cloud to Ground,-26739,0,12
2026-10-07T14:33:40.584002427Z,14.677198,119.118918,Cloud to Ground,-7566,0,7
2026-10-07T14:33:40.527520414Z,14.680372,119.095535,Cloud to Ground,37905,0,7
2026-10-07T14:33:41.428901379Z,14.733913,118.911809,Cloud to Cloud,-13464,4354,7
2026-10-07T14:33:41.723357321Z,14.714418,118.969602,Cloud to Cloud,11747,3051,9
2026-10-07T14:33:42.432000751Z,16.160407,119.035018,Cloud to Cloud,-8717,17831,8
2026-10-07T14:33:43.473099745Z,3.321838,116.400789,Cloud to Cloud,8974,3109,6
2026-10-07T14:33:43.955884608Z,14.694752,119.210937,Cloud to Ground,-22074,0,7
2026-10-07T14:33:44.053683734Z,14.688425,119.227404,Cloud to Ground,-21962,0,7
2026-10-07T14:33:43.822001855Z,14.668117,119.07934,Cloud to Cloud,-6609,19594,5
2026-10-07T14:33:44.427100180Z,14.692174,118.951869,Cloud to Cloud,7569,3050,7
2026-10-07T14:33:44.423941508Z,14.635299,118.98062,Cloud to Cloud,8281,17179,5
2026-10-07T14:33:43.972612524Z,14.753474,119.006018,Cloud to Cloud,11335,3005,5
2026-10-07T14:33:43.984968235Z,14.689223,119.010637,Cloud to Cloud,17031,14151,6
2026-10-07T14:33:43.747122000Z,14.7359,118.7958,Cloud to Ground,17908,0,5
2026-10-07T14:33:43.465134579Z,16.299013,120.180336,Cloud to Ground,-20819,0,8
2026-10-07T14:33:43.430557201Z,16.334397,120.188182,Cloud to Ground,29767,0,9
2026-10-07T14:33:44.187058141Z,14.558758,119.086847,Cloud to Cloud,14805,4064,13
2026-10-07T14:33:44.693623456Z,14.695707,119.069517,Cloud to Cloud,-7031,3219,9
2026-10-07T14:33:44.222480000Z,14.7573,119.1146,Cloud to Ground,21336,0,5
2026-10-07T14:33:45.817734339Z,16.333045,120.189234,Cloud to Cloud,3978,4102,5
2026-10-07T14:33:47.993330366Z,16.301393,120.129365,Cloud to Cloud,3831,18719,5
2026-10-07T14:33:47.996329609Z,14.671746,118.971793,Cloud to Ground,-19451,0,8
2026-10-07T14:33:47.822011000Z,14.8265,119.1322,Cloud to Ground,-11710,0,5
2026-10-07T14:33:47.805301628Z,15.312671,119.396308,Cloud to Ground,21712,0,12
2026-10-07T14:33:47.843203466Z,15.324337,119.726621,Cloud to Cloud,-4043,3066,10
2026-10-07T14:33:48.327393993Z,15.454359,130.074505,Cloud to Ground,-26678,0,12
2026-10-07T14:33:48.306442481Z,15.475612,130.119614,Cloud to Cloud,-20158,3046,9
2026-10-07T14:33:48.126596933Z,14.721857,119.07387,Cloud to Ground,-35304,0,8
2026-10-07T14:33:48.357103886Z,14.718802,119.074159,Cloud to Ground,-15699,0,7
2026-10-07T14:33:48.172819982Z,14.681847,119.075161,Cloud to Ground,-7962,0,5
2026-10-07T14:33:48.339675833Z,16.181919,120.274936,Cloud to Cloud,7929,10421,7
2026-10-07T14:33:50.573225808Z,14.648417,119.040728,Cloud to Ground,-19610,0,10
2026-10-07T14:33:51.713940855Z,14.679927,118.945978,Cloud to Cloud,4998,18431,6
2026-10-07T14:33:51.429116778Z,14.572877,119.024985,Cloud to Cloud,-14465,4272,6
2026-10-07T14:33:51.405431656Z,14.6223,119.029756,Cloud to Cloud,-8337,6660,7
2026-10-07T14:33:52.235189192Z,14.551825,119.150025,Cloud to Cloud,5911,19330,8
2026-10-07T14:33:51.638698771Z,14.550318,119.241931,Cloud to Ground,23090,0,8
2026-10-07T14:33:52.126191788Z,16.214766,120.266346,Cloud to Cloud,4201,15185,6
2026-10-07T14:33:52.088821000Z,16.481,120.2568,Cloud to Ground,-28121,0,6
2026-10-07T14:33:52.995945253Z,16.35452,119.096987,Cloud to Ground,-13145,0,8
2026-10-07T14:33:54.948580143Z,8.922543,128.362918,Cloud to Ground,-24541,0,10
2026-10-07T14:33:54.187026858Z,19.464487,133.305603,Cloud to Ground,-18827,0,7
2026-10-07T14:33:54.197479172Z,19.800831,133.179051,Cloud to Ground,17737,0,9
2026-10-07T14:33:54.195527956Z,19.692445,133.282429,Cloud to Ground,-16386,0,8
2026-10-07T14:33:54.182542708Z,19.723572,133.296541,Cloud to Ground,-14493,0,15
2026-10-07T14:33:56.869268198Z,14.649587,119.232916,Cloud to Ground,-22525,0,12
2026-10-07T14:33:56.877129580Z,16.328324,119.269684,Cloud to Cloud,13882,17440,12
2026-10-07T14:33:57.586812454Z,14.680287,119.148248,Cloud to Cloud,-5550,6003,8
2026-10-07T14:33:59.240099241Z,2.039612,117.839533,Cloud to Ground,27930,0,15
2026-10-07T14:33:59.705408664Z,2.03509,117.851111,Cloud to Ground,75411,0,14
2026-10-07T14:33:59.731717000Z,14.7689,118.9796,Cloud to Ground,-23754,0,12
2026-10-07T14:34:01.377731595Z,14.72597,119.02906,Cloud to Cloud,-11891,4891,7
2026-10-07T14:34:01.374684000Z,15.3044,119.6052,Cloud to Ground,-32220,0,9
2026-10-07T14:34:02.511145805Z,14.562348,119.036506,Cloud to Ground,30746,0,8
2026-10-07T14:34:02.948453000Z,14.7398,118.957,Cloud to Ground,-10884,0,8
2026-10-07T14:34:03.821672464Z,14.755087,119.056029,Cloud to Ground,-25786,0,15
2026-10-07T14:34:03.993955703Z,14.672779,119.115192,Cloud to Ground,-32091,0,12
2026-10-07T14:34:04.216801171Z,14.616635,119.117615,Cloud to Ground,-16274,0,6
2026-10-07T14:34:04.188725348Z,14.649129,119.122037,Cloud to Ground,-13652,0,9
2026-10-07T14:34:03.900603556Z,14.65763,119.112844,Cloud to Ground,-10545,0,11
2026-10-07T14:34:04.624208697Z,2.888686,116.876342,Cloud to Ground,12040,0,11
2026-10-07T14:34:05.162769100Z,14.711663,119.063638,Cloud to Ground,23830,0,8
2026-10-07T14:34:05.202328964Z,14.675573,118.956813,Cloud to Ground,30219,0,10
2026-10-07T14:34:05.867307171Z,16.35899,119.103807,Cloud to Cloud,-5250,13067,8
2026-10-07T14:34:06.805740164Z,16.328509,120.20457,Cloud to Ground,48123,0,10
2026-10-07T14:34:07.732111513Z,16.463966,120.161749,Cloud to Ground,-22465,0,7
2026-10-07T14:34:07.060885634Z,16.343322,120.29967,Cloud to Cloud,5995,16971,6
2026-10-07T14:34:07.770822155Z,16.33148,120.167925,Cloud to Cloud,-14476,15774,11
2026-10-07T14:34:07.806893714Z,16.339434,120.23513,Cloud to Ground,-11996,0,12
2026-10-07T14:34:08.046644501Z,16.307319,120.187611,Cloud to Cloud,-3569,5454,6
2026-10-07T14:34:07.659494037Z,16.327234,120.199347,Cloud to Cloud,5069,3202,5
2026-10-07T14:34:07.557267687Z,14.541978,119.103638,Cloud to Cloud,13085,3008,7
2026-10-07T14:34:07.418499798Z,14.662508,119.018508,Cloud to Cloud,-12149,3918,11
2026-10-07T14:34:07.803197723Z,14.669194,119.110427,Cloud to Cloud,-9074,3054,12
2026-10-07T14:34:07.524076427Z,14.589869,118.801599,Cloud to Cloud,-5135,3135,7
2026-10-07T14:34:09.147743862Z,14.564334,119.043007,Cloud to Cloud,9680,12678,9
2026-10-07T14:34:10.306540628Z,14.521926,119.050858,Cloud to Cloud,7244,18023,8
2026-10-07T14:34:10.130055567Z,14.523315,119.06405,Cloud to Cloud,12184,18699,7
2026-10-07T14:34:10.705823422Z,14.602178,118.984994,Cloud to Ground,-10618,0,8
2026-10-07T14:34:10.256718288Z,14.617678,119.000746,Cloud to Cloud,10356,7130,8
2026-10-07T14:34:10.389791025Z,16.163947,120.32005,Cloud to Cloud,3391,9209,7
2026-10-07T14:34:11.664092000Z,14.6325,118.8305,Cloud to Ground,-20482,0,5
2026-10-07T14:34:12.838904941Z,16.218606,119.06158,Cloud to Ground,-31614,0,11
2026-10-07T14:34:12.215466753Z,16.189139,119.030975,Cloud to Ground,-10682,0,9
2026-10-07T14:34:12.305030496Z,14.653627,119.085389,Cloud to Ground,-10217,0,10
2026-10-07T14:34:12.399388220Z,14.702833,119.037675,Cloud to Cloud,14671,19658,5
2026-10-07T14:34:11.898153841Z,14.645411,118.925912,Cloud to Cloud,19085,3043,10
2026-10-07T14:34:11.865168000Z,14.6873,118.957,Cloud to Ground,29704,0,10
2026-10-07T14:34:13.308470355Z,14.675341,119.022167,Cloud to Ground,18268,0,7
2026-10-07T14:34:15.258687050Z,14.586882,119.926944,Cloud to Cloud,-9876,11326,6
2026-10-07T14:34:15.417552426Z,14.628604,119.981276,Cloud to Cloud,-7937,3061,10
2026-10-07T14:34:16.219869012Z,16.30238,120.197805,Cloud to Ground,-44440,0,14
2026-10-07T14:34:16.092575055Z,16.303978,120.212442,Cloud to Ground,-31629,0,10
2026-10-07T14:34:15.435396162Z,16.255735,120.16556,Cloud to Cloud,10863,4525,8
2026-10-07T14:34:16.920100476Z,14.689651,119.006067,Cloud to Ground,-13224,0,8
2026-10-07T14:34:16.967356485Z,14.735822,118.99036,Cloud to Cloud,13362,3005,6
2026-10-07T14:34:16.719516000Z,14.8499,119.0633,Cloud to Ground,15537,0,8
2026-10-07T14:34:17.506394188Z,14.522647,119.176245,Cloud to Cloud,12118,5775,7
2026-10-07T14:34:17.591720190Z,14.707495,119.198942,Cloud to Ground,-24047,0,12
2026-10-07T14:34:17.648077585Z,14.7096,119.199571,Cloud to Ground,-18226,0,11
2026-10-07T14:34:17.707360394Z,14.716355,119.190874,Cloud to Ground,-12928,0,9
2026-10-07T14:34:17.516310331Z,14.696314,119.190645,Cloud to Ground,-12828,0,8
2026-10-07T14:34:17.659319000Z,16.4432,120.3209,Cloud to Ground,-3412,0,8
2026-10-07T14:34:20.179986998Z,14.689037,119.098406,Cloud to Cloud,-6979,17193,7
2026-10-07T14:34:20.856140846Z,14.760274,119.057377,Cloud to Cloud,-6723,11957,6
2026-10-07T14:34:20.820112097Z,14.584999,119.11352,Cloud to Cloud,5045,7821,6
2026-10-07T14:34:21.740229153Z,3.34632,116.875657,Cloud to Ground,27445,0,14
2026-10-07T14:34:21.618247490Z,10.179451,113.779446,Cloud to Cloud,18462,6848,7
2026-10-07T14:34:22.994563396Z,16.281884,120.142821,Cloud to Ground,-153833,0,7
2026-10-07T14:34:23.374095980Z,16.319056,120.177155,Cloud to Cloud,6999,4591,5
2026-10-07T14:34:22.547384713Z,16.318868,120.177103,Cloud to Ground,31118,0,9
2026-10-07T14:34:22.420899270Z,14.704187,119.133854,Cloud to Ground,-18861,0,11
2026-10-07T14:34:22.638557255Z,14.670198,119.141525,Cloud to Ground,-9715,0,6
2026-10-07T14:34:22.332930951Z,14.627921,119.105195,Cloud to Cloud,-5042,13506,7
2026-10-07T14:34:22.537948736Z,14.746991,119.102942,Cloud to Cloud,12060,10320,5
2026-10-07T14:34:22.652947966Z,14.719914,119.040367,Cloud to Cloud,13540,8310,5
2026-10-07T14:34:22.572145700Z,14.732561,119.066404,Cloud to Cloud,14492,14077,6
2026-10-07T14:34:22.101495193Z,14.739099,119.05568,Cloud to Ground,61118,0,12
2026-10-07T14:34:23.261771033Z,6.568528,123.316071,Cloud to Ground,-57771,0,9
2026-10-07T14:34:23.957418349Z,14.694508,118.944455,Cloud to Cloud,22383,6426,8
2026-10-07T14:34:24.559828396Z,16.236487,120.154056,Cloud to Cloud,17454,3021,6
2026-10-07T14:34:24.657087000Z,10.5105,125.2855,Cloud to Ground,-10385,0,7
2026-10-07T14:34:25.205008172Z,16.250804,119.026153,Cloud to Cloud,-6873,17668,6
2026-10-07T14:34:26.321200107Z,14.778115,119.124918,Cloud to Ground,-11496,0,6
2026-10-07T14:34:26.470116917Z,14.769146,119.201863,Cloud to Cloud,-6465,3018,6
2026-10-07T14:34:26.828000766Z,14.710642,119.034875,Cloud to Ground,-13518,0,5
2026-10-07T14:34:26.138501939Z,16.335523,120.191975,Cloud to Cloud,-4488,5556,7
2026-10-07T14:34:27.059469325Z,14.495126,119.088365,Cloud to Cloud,-18964,13938,10
2026-10-07T14:34:28.010347612Z,2.833973,116.717022,Cloud to Ground,16528,0,9
2026-10-07T14:34:29.572112589Z,16.002183,120.292362,Cloud to Cloud,12211,8603,8
2026-10-07T14:34:29.165147361Z,16.317316,120.190639,Cloud to Ground,-36491,0,11
2026-10-07T14:34:29.263347399Z,16.322779,120.184694,Cloud to Ground,-27378,0,11
2026-10-07T14:34:30.787369307Z,14.658147,118.976885,Cloud to Ground,-12518,0,5
2026-10-07T14:34:31.754153622Z,15.209406,119.645761,Cloud to Cloud,-10965,15217,11
2026-10-07T14:34:32.445020068Z,14.629593,118.811382,Cloud to Cloud,3296,5143,7
2026-10-07T14:34:33.774691146Z,14.69122,119.09754,Cloud to Ground,-32199,0,12
2026-10-07T14:34:34.720555726Z,14.492807,119.144683,Cloud to Cloud,-8689,4657,7
2026-10-07T14:34:34.737987618Z,14.636951,119.157639,Cloud to Ground,-35606,0,8
2026-10-07T14:34:34.347224290Z,16.308542,120.28878,Cloud to Cloud,-58703,12564,8
2026-10-07T14:34:36.264487000Z,1.0099,114.8834,Cloud to Ground,-24539,0,6
2026-10-07T14:34:36.470641793Z,1.007208,114.915983,Cloud to Ground,56764,0,19
2026-10-07T14:34:37.093790079Z,14.504618,119.007435,Cloud to Cloud,11165,7376,9
2026-10-07T14:34:37.652837904Z,14.574988,118.875734,Cloud to Cloud,5309,3019,8
2026-10-07T14:34:37.928085122Z,14.739485,119.132524,Cloud to Cloud,-6645,16891,6
2026-10-07T14:34:37.356076154Z,14.698212,119.094808,Cloud to Cloud,-6362,13010,5
2026-10-07T14:34:37.614700673Z,14.714205,118.945205,Cloud to Cloud,16174,6600,9
2026-10-07T14:34:37.626305290Z,16.344603,120.108518,Cloud to Ground,-24354,0,10
2026-10-07T14:34:39.242880704Z,9.618207,114.825241,Cloud to Ground,34439,0,11
2026-10-07T14:34:39.266231771Z,9.667992,114.853514,Cloud to Ground,101031,0,10
2026-10-07T14:34:39.449106534Z,14.683575,118.916398,Cloud to Cloud,9031,5510,7
2026-10-07T14:34:39.958733038Z,14.600991,119.202978,Cloud to Ground,-8522,0,6
2026-10-07T14:34:39.983482520Z,14.582086,119.13156,Cloud to Cloud,6004,18444,6
2026-10-07T14:34:39.501032211Z,14.602655,119.057797,Cloud to Cloud,8951,15020,6
2026-10-07T14:34:39.973653673Z,14.729292,119.174721,Cloud to Ground,-8692,0,7
2026-10-07T14:34:41.351619038Z,14.652833,119.084655,Cloud to Ground,-41246,0,14
2026-10-07T14:34:41.477229873Z,14.653171,119.099023,Cloud to Ground,-31113,0,8
2026-10-07T14:34:41.532094297Z,14.625474,118.997486,Cloud to Ground,-12711,0,8
2026-10-07T14:34:41.423377016Z,14.651697,119.087444,Cloud to Ground,-10464,0,12
2026-10-07T14:34:42.013447146Z,14.659483,119.088034,Cloud to Ground,-9882,0,8
2026-10-07T14:34:42.093784136Z,14.630281,119.093282,Cloud to Ground,-8145,0,6
2026-10-07T14:34:41.699320995Z,14.641675,118.921828,Cloud to Cloud,16062,3028,10
2026-10-07T14:34:41.287521985Z,16.291923,120.313853,Cloud to Ground,31807,0,10
2026-10-07T14:34:42.323792470Z,14.505758,119.996137,Cloud to Cloud,-3667,17672,5
2026-10-07T14:34:44.918880344Z,14.693459,119.25573,Cloud to Cloud,4312,4952,7
2026-10-07T14:34:44.978719447Z,14.594906,119.065043,Cloud to Ground,15634,0,8
2026-10-07T14:34:45.822146719Z,14.641801,118.933325,Cloud to Cloud,-4947,18372,5
2026-10-07T14:34:45.506261029Z,14.613644,118.887821,Cloud to Cloud,7772,6571,8
2026-10-07T14:34:45.481430248Z,14.582176,119.319832,Cloud to Cloud,10808,3016,7
2026-10-07T14:34:45.523335000Z,16.1613,119.0231,Cloud to Ground,-5487,0,6
2026-10-07T14:34:47.483413435Z,16.317524,120.171437,Cloud to Cloud,5364,4961,7
2026-10-07T14:34:47.143343318Z,16.3454,119.089005,Cloud to Cloud,3650,7999,5
2026-10-07T14:34:48.790981573Z,16.216894,120.255997,Cloud to Ground,40571,0,8
2026-10-07T14:34:48.350368628Z,16.262524,120.149293,Cloud to Cloud,4438,5230,6
2026-10-07T14:34:49.363619740Z,16.33466,120.221099,Cloud to Ground,-7582,0,9
2026-10-07T14:34:49.482036893Z,16.334337,120.201063,Cloud to Cloud,-5950,3021,5
2026-10-07T14:34:49.436134356Z,16.308712,120.292901,Cloud to Ground,-4869,0,5
2026-10-07T14:34:48.933025654Z,16.409854,120.338549,Cloud to Ground,29318,0,9
2026-10-07T14:34:48.720683048Z,16.354356,120.302904,Cloud to Ground,38385,0,12
2026-10-07T14:34:49.713255108Z,17.125606,119.483257,Cloud to Cloud,18516,3005,9
2026-10-07T14:34:49.447194745Z,16.273606,120.127193,Cloud to Ground,-7864,0,8
2026-10-07T14:34:49.497691106Z,14.516165,119.077974,Cloud to Cloud,7839,14497,6
2026-10-07T14:34:49.392800759Z,16.221847,119.063236,Cloud to Ground,-28257,0,12
2026-10-07T14:34:49.656492000Z,15.8366,118.9008,Cloud to Ground,-8991,0,6
2026-10-07T14:34:51.008167573Z,2.021237,117.729784,Cloud to Ground,-8524,0,7
2026-10-07T14:34:50.813780647Z,2.047353,117.786955,Cloud to Ground,15167,0,20
2026-10-07T14:34:50.812504266Z,2.047971,117.782485,Cloud to Ground,33648,0,21
2026-10-07T14:34:51.985775000Z,14.8732,119.2161,Cloud to Ground,26794,0,6
2026-10-07T14:34:51.910748000Z,14.8808,119.1762,Cloud to Ground,39495,0,5
2026-10-07T14:34:52.986300496Z,14.71287,119.045101,Cloud to Ground,-12656,0,7
2026-10-07T14:34:52.149628937Z,14.725015,119.200512,Cloud to Ground,-15973,0,10
2026-10-07T14:34:52.506532533Z,14.718054,119.192975,Cloud to Ground,-11190,0,8
2026-10-07T14:34:52.264381612Z,14.708645,119.19281,Cloud to Ground,-5371,0,10
2026-10-07T14:34:54.729616718Z,16.269662,120.121857,Cloud to Cloud,4181,3048,8
2026-10-07T14:34:54.724760700Z,16.281329,120.136,Cloud to Cloud,4882,7381,6
2026-10-07T14:34:56.142283444Z,5.986443,118.620667,Cloud to Ground,32187,0,8
2026-10-07T14:34:56.093388762Z,5.997606,118.662347,Cloud to Ground,171241,0,16
2026-10-07T14:34:56.532143031Z,17.196248,116.819514,Cloud to Cloud,-12050,6798,6
2026-10-07T14:34:56.259314764Z,14.621408,118.793061,Cloud to Cloud,5769,3011,10
2026-10-07T14:34:58.793367851Z,14.496235,119.030369,Cloud to Cloud,-13470,15532,7
2026-10-07T14:34:58.782860407Z,16.311856,120.168415,Cloud to Cloud,-4243,18231,6
2026-10-07T14:34:58.172902313Z,16.256216,120.161925,Cloud to Cloud,4995,6961,7
2026-10-07T14:34:59.100278100Z,14.622143,119.065421,Cloud to Ground,-10966,0,8
2026-10-07T14:34:59.048815266Z,14.663578,118.972098,Cloud to Cloud,4576,4515,7
2026-10-07T14:34:59.343730927Z,14.661666,118.998645,Cloud to Cloud,4948,3065,5
2026-10-07T14:34:59.357082082Z,14.687119,119.254124,Cloud to Cloud,4913,4239,8
2026-10-07T14:35:00.359249906Z,14.593146,119.157315,Cloud to Cloud,10466,18973,10
2026-10-07T14:35:00.735813151Z,14.654854,119.03745,Cloud to Cloud,-7270,16618,9
2026-10-07T14:35:01.580946842Z,14.682703,118.937776,Cloud to Cloud,11290,13138,6
2026-10-07T14:35:02.807063246Z,14.576229,119.153741,Cloud to Cloud,8939,14340,7
2026-10-07T14:35:02.841363425Z,14.678328,119.087491,Cloud to Ground,81957,0,8
2026-10-07T14:35:02.736119167Z,14.632059,119.000377,Cloud to Cloud,-22470,6449,9
2026-10-07T14:35:02.765839805Z,14.581277,119.048898,Cloud to Ground,-7045,0,7
2026-10-07T14:35:03.851225256Z,15.066754,119.630135,Cloud to Cloud,13519,6570,11
2026-10-07T14:35:04.007095007Z,15.257242,119.684739,Cloud to Ground,-7176,0,13
2026-10-07T14:35:06.272705757Z,16.280487,120.208103,Cloud to Cloud,12919,3798,8
2026-10-07T14:35:07.019662829Z,14.681474,119.003146,Cloud to Cloud,11261,19266,7
2026-10-07T14:35:09.893076783Z,14.709312,119.187473,Cloud to Cloud,-26025,3463,7
2026-10-07T14:35:08.931461750Z,14.718174,119.152973,Cloud to Ground,-10574,0,8
2026-10-07T14:35:09.623966595Z,14.655183,119.15459,Cloud to Cloud,16035,6173,7
2026-10-07T14:35:08.626860089Z,16.265592,120.137427,Cloud to Cloud,6648,17617,7
2026-10-07T14:35:09.071265052Z,16.235931,120.213169,Cloud to Cloud,22177,6881,8
2026-10-07T14:35:08.960243966Z,16.27441,120.209242,Cloud to Ground,28922,0,8
2026-10-07T14:35:08.741068000Z,15.3701,119.3137,Cloud to Ground,8672,0,6
2026-10-07T14:35:09.786062685Z,14.552449,119.021602,Cloud to Cloud,-11773,16959,8
2026-10-07T14:35:09.307905000Z,14.8496,119.1596,Cloud to Ground,26894,0,7
2026-10-07T14:35:11.461203053Z,6.522024,123.273058,Cloud to Ground,-23779,0,14
2026-10-07T14:35:11.395289841Z,6.626798,123.341702,Cloud to Ground,-62257,0,14
2026-10-07T14:35:11.500723709Z,6.630035,123.278432,Cloud to Ground,-14161,0,8
2026-10-07T14:35:12.340439920Z,16.306617,119.219786,Cloud to Cloud,-7463,4435,7
2026-10-07T14:35:12.848313985Z,14.542646,119.05056,Cloud to Ground,-11297,0,7
2026-10-07T14:35:12.431104801Z,14.603355,118.98204,Cloud to Ground,22567,0,10
2026-10-07T14:35:12.729923533Z,14.556231,118.786553,Cloud to Cloud,-5360,3029,8
2026-10-07T14:35:12.079921881Z,16.090456,120.244016,Cloud to Cloud,9077,4473,9
2026-10-07T14:35:13.799485824Z,14.561777,119.039973,Cloud to Cloud,13627,5171,7
2026-10-07T14:35:13.764183341Z,14.674035,119.003678,Cloud to Ground,-13302,0,7
2026-10-07T14:35:13.791783993Z,14.708714,119.075163,Cloud to Cloud,-9723,16667,10
2026-10-07T14:35:13.026707329Z,16.354266,119.077005,Cloud to Cloud,12939,3010,6
2026-10-07T14:35:14.904378268Z,14.692666,118.945415,Cloud to Ground,30630,0,11
2026-10-07T14:35:15.964351999Z,14.683319,119.055277,Cloud to Ground,-37041,0,9
2026-10-07T14:35:16.007487612Z,14.71665,119.135189,Cloud to Ground,-33039,0,7
2026-10-07T14:35:16.120090089Z,14.699772,119.127512,Cloud to Ground,-20630,0,12
2026-10-07T14:35:16.396240729Z,14.72186,119.127463,Cloud to Ground,-16275,0,10
2026-10-07T14:35:16.156056734Z,14.677159,119.038536,Cloud to Ground,-13893,0,7
2026-10-07T14:35:16.572752992Z,14.700165,119.127403,Cloud to Ground,-10052,0,7
2026-10-07T14:35:15.929497373Z,14.679414,119.132067,Cloud to Ground,-7383,0,6
2026-10-07T14:35:16.164413302Z,14.704313,119.123421,Cloud to Ground,-6116,0,7
2026-10-07T14:35:15.881987822Z,14.730865,119.025032,Cloud to Cloud,21753,6670,7
2026-10-07T14:35:16.305091506Z,14.722497,119.022943,Cloud to Ground,32953,0,7
2026-10-07T14:35:15.865310000Z,14.8704,119.1816,Cloud to Ground,23559,0,6
2026-10-07T14:35:15.513944012Z,16.17571,120.220024,Cloud to Cloud,18439,5992,9
2026-10-07T14:35:15.170359950Z,16.170361,120.197119,Cloud to Cloud,31048,9044,7
2026-10-07T14:35:16.050676681Z,14.599367,118.784371,Cloud to Cloud,11958,5984,9
2026-10-07T14:35:16.286688000Z,16.4217,120.2177,Cloud to Ground,72769,0,5
2026-10-07T14:35:18.928315964Z,14.645029,119.020796,Cloud to Cloud,6293,3187,6
2026-10-07T14:35:19.977351956Z,16.259237,120.122641,Cloud to Cloud,-5536,3006,8
2026-10-07T14:35:20.173372918Z,16.188699,120.20503,Cloud to Cloud,10351,16594,10
2026-10-07T14:35:21.974186533Z,16.329057,120.061785,Cloud to Cloud,-6067,3094,9
2026-10-07T14:35:22.325855961Z,14.564176,119.868061,Cloud to Ground,39992,0,7
2026-10-07T14:35:22.853955758Z,14.673518,119.980899,Cloud to Ground,37025,0,10
2026-10-07T14:35:22.610465305Z,14.571427,119.997388,Cloud to Ground,-23194,0,14
2026-10-07T14:35:22.695995834Z,14.560546,119.990935,Cloud to Ground,-12588,0,7
2026-10-07T14:35:22.782607163Z,14.55369,119.987921,Cloud to Ground,-11655,0,8
2026-10-07T14:35:22.474370331Z,14.686688,119.028813,Cloud to Ground,-9475,0,8
2026-10-07T14:35:22.391005000Z,14.7117,119.0499,Cloud to Ground,24606,0,10
2026-10-07T14:35:22.290067374Z,16.205049,120.161404,Cloud to Cloud,18991,12243,10
2026-10-07T14:35:25.959385415Z,14.674133,119.094181,Cloud to Cloud,-10567,16502,10
2026-10-07T14:35:25.465956600Z,14.615473,119.071963,Cloud to Cloud,-5799,11115,7
2026-10-07T14:35:25.790584845Z,14.322777,119.037021,Cloud to Cloud,-18596,3746,7
2026-10-07T14:35:25.758795387Z,16.269839,120.184752,Cloud to Cloud,4918,7249,5
2026-10-07T14:35:28.725473638Z,15.707418,118.985209,Cloud to Cloud,-13969,17933,7
2026-10-07T14:35:28.904498925Z,16.45096,119.167292,Cloud to Cloud,-11556,4415,5
2026-10-07T14:35:28.598925265Z,16.447059,119.218925,Cloud to Cloud,-10725,17397,6
2026-10-07T14:35:28.793652439Z,16.474607,119.191032,Cloud to Cloud,5082,6480,6
2026-10-07T14:35:29.280962849Z,14.707846,119.0235,Cloud to Cloud,-6134,6056,5
2026-10-07T14:35:29.602306975Z,14.644693,118.977513,Cloud to Cloud,22510,5788,14
2026-10-07T14:35:29.737074596Z,14.567541,119.076433,Cloud to Cloud,20916,6187,12
2026-10-07T14:35:29.627689203Z,14.560645,119.042693,Cloud to Cloud,34269,19878,7
2026-10-07T14:35:29.854330781Z,16.267961,120.118766,Cloud to Cloud,-8523,3701,7
2026-10-07T14:35:30.342614918Z,14.718204,119.093695,Cloud to Ground,-37282,0,10
2026-10-07T14:35:32.070760265Z,14.733688,119.114337,Cloud to Ground,-19552,0,12
2026-10-07T14:35:31.596971535Z,14.734722,119.101564,Cloud to Ground,-16214,0,11
2026-10-07T14:35:32.150949146Z,14.717806,119.109617,Cloud to Ground,-15252,0,8
2026-10-07T14:35:32.907191642Z,14.752073,119.058779,Cloud to Cloud,-9306,3005,8
2026-10-07T14:35:30.670100592Z,14.652101,119.041343,Cloud to Cloud,-9069,5172,6
2026-10-07T14:35:30.415702808Z,14.710522,119.084436,Cloud to Cloud,-8584,3006,8
2026-10-07T14:35:30.428425216Z,14.68798,119.088613,Cloud to Ground,-7447,0,7
2026-10-07T14:35:31.917205787Z,14.722588,119.107736,Cloud to Cloud,-7041,4580,8
2026-10-07T14:35:32.233376184Z,14.720108,119.108908,Cloud to Ground,-6707,0,9
2026-10-07T14:35:31.849850781Z,14.703139,119.111888,Cloud to Cloud,-6595,13118,6
2026-10-07T14:35:31.142272642Z,14.733938,119.03092,Cloud to Cloud,4508,9934,6
2026-10-07T14:35:31.991653917Z,14.7174,119.063583,Cloud to Cloud,13070,7931,8
2026-10-07T14:35:30.598341524Z,16.228088,119.204816,Cloud to Cloud,11811,9309,8
2026-10-07T14:35:31.131001615Z,15.687149,125.032984,Cloud to Cloud,14219,6246,9
2026-10-07T14:35:31.209120657Z,15.673523,125.036838,Cloud to Ground,26911,0,11
2026-10-07T14:35:32.901836352Z,14.698399,118.978678,Cloud to Cloud,5627,3003,6
2026-10-07T14:35:33.980017820Z,14.666507,118.963304,Cloud to Cloud,-8692,3068,9
2026-10-07T14:35:33.949543110Z,14.648708,119.036309,Cloud to Cloud,-6605,16376,7
2026-10-07T14:35:33.819179573Z,16.175589,119.144827,Cloud to Cloud,20974,3109,9
2026-10-07T14:35:34.358705250Z,16.259279,120.182265,Cloud to Ground,61671,0,10
2026-10-07T14:35:34.358262000Z,15.2081,119.6027,Cloud to Ground,57253,0,5
2026-10-07T14:35:35.341522519Z,16.32432,120.192334,Cloud to Ground,-8450,0,7
2026-10-07T14:35:36.774126916Z,14.667558,119.102097,Cloud to Ground,-28187,0,13
2026-10-07T14:35:36.862192235Z,14.656914,119.105846,Cloud to Ground,-9500,0,7
2026-10-07T14:35:36.895680428Z,14.658221,119.104573,Cloud to Ground,-8186,0,7
2026-10-07T14:35:36.531008792Z,14.577845,119.085304,Cloud to Cloud,12923,3709,8
2026-10-07T14:35:36.718261000Z,14.8578,119.2145,Cloud to Ground,51268,0,8
2026-10-07T14:35:37.223223244Z,16.260374,120.191787,Cloud to Cloud,4906,3298,6
2026-10-07T14:35:39.280152144Z,15.402188,119.666728,Cloud to Ground,-22428,0,18
2026-10-07T14:35:39.220180336Z,15.130208,119.737587,Cloud to Cloud,10467,17154,8
2026-10-07T14:35:39.218504909Z,15.125091,119.692487,Cloud to Cloud,17265,18188,13
2026-10-07T14:35:39.095706174Z,16.297443,120.126769,Cloud to Cloud,-16013,15804,7
2026-10-07T14:35:38.944948173Z,16.304395,120.188305,Cloud to Cloud,-4769,3909,8
2026-10-07T14:35:39.447534822Z,17.310234,116.318255,Cloud to Ground,-43820,0,17
2026-10-07T14:35:39.648028346Z,17.323761,116.305945,Cloud to Ground,-36149,0,13
2026-10-07T14:35:39.648631453Z,17.302566,116.276459,Cloud to Ground,-22749,0,10
2026-10-07T14:35:39.510824326Z,17.341367,116.393249,Cloud to Ground,-16398,0,9
2026-10-07T14:35:39.712685131Z,17.268442,116.298218,Cloud to Ground,-14582,0,9
2026-10-07T14:35:39.473853366Z,17.297777,116.291636,Cloud to Ground,64992,0,12
2026-10-07T14:35:39.711525653Z,17.273635,116.231116,Cloud to Ground,79990,0,15
2026-10-07T14:35:40.590904853Z,1.666657,115.637966,Cloud to Ground,-21345,0,21
2026-10-07T14:35:40.613791306Z,1.710519,115.841992,Cloud to Cloud,-10584,3024,10
2026-10-07T14:35:40.594230786Z,1.778241,115.807188,Cloud to Ground,30125,0,20
2026-10-07T14:35:40.940954989Z,14.747651,119.073641,Cloud to Cloud,15218,3048,7
2026-10-07T14:35:40.521797000Z,14.9601,119.4189,Cloud to Ground,15854,0,7
2026-10-07T14:35:42.703252989Z,1.989591,117.921003,Cloud to Ground,-9198,0,12
2026-10-07T14:35:42.161859869Z,2.143555,117.78756,Cloud to Cloud,-9830,4492,17
2026-10-07T14:35:42.379969018Z,14.368147,118.990321,Cloud to Cloud,16905,17925,7
2026-10-07T14:35:41.977400956Z,14.672224,119.095426,Cloud to Cloud,-9357,14491,5
2026-10-07T14:35:41.994019356Z,14.654825,119.02036,Cloud to Cloud,-6861,3104,8
2026-10-07T14:35:42.535606505Z,14.680103,119.085558,Cloud to Cloud,17222,7898,8
2026-10-07T14:35:42.369919768Z,14.704403,119.322672,Cloud to Cloud,7890,19952,7
2026-10-07T14:35:43.884451384Z,14.62343,119.193407,Cloud to Cloud,4179,19028,6
2026-10-07T14:35:43.974013502Z,16.284192,120.289864,Cloud to Cloud,9155,7990,6
2026-10-07T14:35:45.677280191Z,14.651056,119.054974,Cloud to Cloud,-4343,7807,9
2026-10-07T14:35:46.365719948Z,14.594701,118.96932,Cloud to Cloud,20766,19467,6
2026-10-07T14:35:47.316184832Z,16.148283,120.075285,Cloud to Cloud,5545,18196,7
2026-10-07T14:35:47.796222535Z,16.206553,120.250249,Cloud to Cloud,8228,12495,6
2026-10-07T14:35:47.736002151Z,14.803796,119.109532,Cloud to Ground,-21118,0,16
2026-10-07T14:35:47.564897456Z,14.673693,119.058181,Cloud to Cloud,6607,3012,6
2026-10-07T14:35:47.610010910Z,14.576753,119.03642,Cloud to Cloud,15748,5572,7
2026-10-07T14:35:47.798262000Z,14.6891,118.957,Cloud to Ground,-25240,0,10
2026-10-07T14:35:48.480672576Z,14.699072,119.062205,Cloud to Cloud,-10938,4506,9
2026-10-07T14:35:49.479614384Z,14.636874,119.078261,Cloud to Cloud,7650,3697,6
2026-10-07T14:35:49.675976838Z,14.675431,118.963585,Cloud to Ground,-11764,0,8
2026-10-07T14:35:49.512134437Z,14.619074,118.958836,Cloud to Ground,25534,0,13
2026-10-07T14:35:49.284312736Z,14.71085,119.160587,Cloud to Ground,-9165,0,6
2026-10-07T14:35:49.726565110Z,14.533442,119.023189,Cloud to Cloud,22553,3008,7
2026-10-07T14:35:49.467896000Z,14.6915,118.7926,Cloud to Ground,-9382,0,7
2026-10-07T14:35:49.234327853Z,15.367978,119.402672,Cloud to Ground,7411,0,8
2026-10-07T14:35:50.593484195Z,16.436242,120.181369,Cloud to Ground,-22944,0,21
2026-10-07T14:35:50.698133000Z,16.4431,120.0428,Cloud to Ground,-39323,0,5
2026-10-07T14:35:51.245920651Z,16.268618,120.049161,Cloud to Cloud,-9746,18878,17
2026-10-07T14:35:53.767315406Z,14.729658,119.155487,Cloud to Ground,-17411,0,11
2026-10-07T14:35:53.424562842Z,14.727396,119.111487,Cloud to Ground,-16213,0,11
2026-10-07T14:35:53.700181842Z,14.733536,119.161898,Cloud to Ground,-14604,0,10
2026-10-07T14:35:53.452292348Z,14.732572,119.123132,Cloud to Ground,-8113,0,6
2026-10-07T14:35:52.789528365Z,14.722224,119.05677,Cloud to Cloud,5768,3008,6
2026-10-07T14:35:52.776802246Z,14.671388,118.990936,Cloud to Cloud,11680,3512,6
2026-10-07T14:35:53.382793601Z,14.660956,119.080896,Cloud to Ground,16370,0,10
2026-10-07T14:35:53.529807290Z,14.739575,119.05149,Cloud to Ground,44617,0,7
2026-10-07T14:35:53.628283000Z,14.7514,118.9246,Cloud to Ground,25566,0,5
2026-10-07T14:35:54.695763768Z,16.248063,120.118527,Cloud to Cloud,6084,3024,7
2026-10-07T14:35:54.338076655Z,16.327041,120.191919,Cloud to Ground,22095,0,9
2026-10-07T14:35:55.199685570Z,14.635506,119.018017,Cloud to Cloud,-9746,3012,8
2026-10-07T14:35:54.545736963Z,14.672341,118.973215,Cloud to Cloud,3969,6658,5
2026-10-07T14:35:53.851215253Z,14.673875,118.978633,Cloud to Cloud,7916,4620,7
2026-10-07T14:35:56.243815864Z,14.659618,118.977334,Cloud to Cloud,-13470,4180,6
2026-10-07T14:35:56.079694488Z,14.36076,119.035417,Cloud to Cloud,-20339,7309,8
2026-10-07T14:35:57.341512555Z,14.529424,119.996194,Cloud to Ground,-27577,0,7
2026-10-07T14:35:57.207830099Z,14.492497,119.909404,Cloud to Ground,-37806,0,8
2026-10-07T14:35:57.242636000Z,14.5631,119.8949,Cloud to Ground,-17747,0,5
2026-10-07T14:35:57.621862620Z,14.742681,119.109861,Cloud to Ground,-14254,0,8
2026-10-07T14:35:58.771170711Z,16.235057,119.023662,Cloud to Ground,-35377,0,10
2026-10-07T14:35:58.781779407Z,14.589022,119.081421,Cloud to Cloud,8308,19197,8
2026-10-07T14:35:59.011115000Z,16.2802,118.8582,Cloud to Ground,-17494,0,10
2026-10-07T14:35:59.377347000Z,16.343,118.9941,Cloud to Ground,-21926,0,8
2026-10-07T14:36:00.398703753Z,14.552931,119.028821,Cloud to Ground,10841,0,7
2026-10-07T14:36:00.380529909Z,14.568669,119.064175,Cloud to Cloud,22395,16397,11
2026-10-07T14:36:00.463658759Z,14.745992,119.163745,Cloud to Ground,-8829,0,7
2026-10-07T14:36:01.432318218Z,7.331093,127.264782,Cloud to Cloud,-11989,12802,8
2026-10-07T14:36:01.393146000Z,7.0958,127.2357,Cloud to Ground,-9174,0,5
2026-10-07T14:36:01.243209054Z,7.049467,127.173349,Cloud to Cloud,18170,12095,11
2026-10-07T14:36:02.646086581Z,7.109114,127.454262,Cloud to Ground,-32650,0,21
2026-10-07T14:36:02.484773731Z,7.203482,127.421021,Cloud to Ground,-32166,0,12
2026-10-07T14:36:02.384663503Z,7.11774,127.444737,Cloud to Ground,-31513,0,23
2026-10-07T14:36:02.264304586Z,7.123286,127.449108,Cloud to Ground,-23214,0,13
2026-10-07T14:36:02.094518000Z,7.1769,127.3863,Cloud to Ground,-13531,0,5
2026-10-07T14:36:02.019419000Z,7.205,127.2141,Cloud to Ground,25923,0,5
2026-10-07T14:36:02.865984443Z,3.394067,116.478407,Cloud to Ground,56291,0,21
2026-10-07T14:36:02.671115280Z,3.392826,116.432008,Cloud to Ground,63009,0,12
2026-10-07T14:36:02.552196805Z,14.646462,119.032897,Cloud to Ground,-21953,0,8
2026-10-07T14:36:03.576916523Z,2.831596,116.897582,Cloud to Ground,-19859,0,26
2026-10-07T14:36:05.548191800Z,16.331338,120.255898,Cloud to Cloud,7995,7339,9
2026-10-07T14:36:06.383779315Z,14.687689,119.07775,Cloud to Cloud,-15173,3000,6
2026-10-07T14:36:06.358039685Z,14.641039,118.941711,Cloud to Cloud,-7752,18700,7
2026-10-07T14:36:06.484535087Z,14.727742,119.118718,Cloud to Ground,-7720,0,7
2026-10-07T14:36:06.523685081Z,14.704171,119.003972,Cloud to Cloud,5412,7671,7
2026-10-07T14:36:06.489513030Z,14.670538,118.903878,Cloud to Cloud,21126,3402,10
2026-10-07T14:36:07.616190859Z,14.627191,118.981053,Cloud to Cloud,11466,4289,8
2026-10-07T14:36:07.565172786Z,14.674268,118.959051,Cloud to Ground,15925,0,6
2026-10-07T14:36:07.452468086Z,15.260512,119.654314,Cloud to Ground,-26350,0,9
2026-10-07T14:36:07.306110324Z,15.26821,119.733284,Cloud to Ground,-25527,0,10
2026-10-07T14:36:07.610756492Z,15.305456,119.74466,Cloud to Ground,-17035,0,11
2026-10-07T14:36:07.696365801Z,15.261072,119.641676,Cloud to Ground,-10821,0,12
2026-10-07T14:36:07.327363882Z,15.339235,119.706263,Cloud to Ground,30755,0,16
2026-10-07T14:36:08.792459916Z,16.251549,120.163187,Cloud to Ground,22648,0,8
2026-10-07T14:36:09.848143624Z,14.679051,119.055639,Cloud to Cloud,15471,5499,10
2026-10-07T14:36:09.551403456Z,11.971215,122.972249,Cloud to Ground,-35061,0,12
2026-10-07T14:36:09.538128000Z,12.0761,123.023,Cloud to Ground,16565,0,5
2026-10-07T14:36:12.403948438Z,14.520288,119.122849,Cloud to Cloud,12500,15571,7
2026-10-07T14:36:12.340882960Z,14.670461,119.167302,Cloud to Cloud,5534,9532,7
2026-10-07T14:36:12.251260476Z,14.423411,119.173173,Cloud to Cloud,-14476,15155,7
2026-10-07T14:36:15.464183101Z,16.445011,119.163191,Cloud to Ground,-45479,0,12
2026-10-07T14:36:15.783565844Z,16.4564,119.173184,Cloud to Ground,-35244,0,13
2026-10-07T14:36:15.625070218Z,16.453981,119.181238,Cloud to Ground,-21076,0,10
2026-10-07T14:36:15.537319998Z,16.444858,119.170709,Cloud to Ground,-13488,0,10
2026-10-07T14:36:15.664536809Z,16.444243,119.158094,Cloud to Ground,-11667,0,7
2026-10-07T14:36:15.514029000Z,16.539,119.2772,Cloud to Ground,27085,0,5
2026-10-07T14:36:16.668295877Z,14.657847,119.098255,Cloud to Ground,-32384,0,11
2026-10-07T14:36:16.845780684Z,14.637121,119.09775,Cloud to Ground,-12926,0,6
2026-10-07T14:36:16.585037585Z,14.700577,118.997102,Cloud to Ground,54826,0,11
2026-10-07T14:36:19.886771383Z,16.284064,120.177045,Cloud to Cloud,3044,4225,6
2026-10-07T14:36:19.574426998Z,16.275294,120.258688,Cloud to Cloud,17003,14855,8
2026-10-07T14:36:18.955822602Z,16.260431,120.17686,Cloud to Ground,93582,0,10
2026-10-07T14:36:20.275051650Z,14.718942,119.193836,Cloud to Ground,-30446,0,10
2026-10-07T14:36:20.743839000Z,15.4827,130.0927,Cloud to Ground,-21877,0,5
2026-10-07T14:36:21.684593506Z,3.380443,116.981099,Cloud to Ground,21026,0,11
2026-10-07T14:36:21.707781501Z,16.214247,120.254724,Cloud to Cloud,14361,15394,12
2026-10-07T14:36:23.776747330Z,14.595025,118.782519,Cloud to Cloud,-3688,4568,7
2026-10-07T14:36:23.919208413Z,14.625968,119.093122,Cloud to Cloud,-21904,5159,6
2026-10-07T14:36:24.453410913Z,14.63564,119.012168,Cloud to Cloud,-7803,3005,6
2026-10-07T14:36:24.993046100Z,14.571041,119.059166,Cloud to Cloud,20895,5944,8
2026-10-07T14:36:24.771156336Z,14.708293,119.194956,Cloud to Cloud,5577,6046,7
2026-10-07T14:36:24.151111399Z,16.287179,120.205527,Cloud to Cloud,8557,12979,9
2026-10-07T14:36:24.383184134Z,16.289777,120.198105,Cloud to Cloud,11166,15292,10
2026-10-07T14:36:25.687576000Z,6.4269,118.3157,Cloud to Ground,-37227,0,7
2026-10-07T14:36:25.674890256Z,6.417418,118.347902,Cloud to Ground,-35397,0,18
2026-10-07T14:36:25.722204163Z,6.41096,118.285049,Cloud to Cloud,21129,3040,8
2026-10-07T14:36:25.822719955Z,6.411355,118.342092,Cloud to Ground,22347,0,10
2026-10-07T14:36:25.750022376Z,6.45776,118.329864,Cloud to Ground,25976,0,7
2026-10-07T14:36:25.102722464Z,14.644262,118.902339,Cloud to Cloud,-10093,5042,9
2026-10-07T14:36:25.029725000Z,14.4859,118.9154,Cloud to Ground,-3831,0,5
2026-10-07T14:36:26.057169064Z,14.695233,118.999212,Cloud to Ground,74863,0,12
2026-10-07T14:36:27.691777104Z,14.735651,119.154084,Cloud to Ground,-33552,0,8
2026-10-07T14:36:27.800937286Z,14.729752,119.14354,Cloud to Ground,-8752,0,9
2026-10-07T14:36:29.973942818Z,1.745914,115.827171,Cloud to Ground,-19404,0,13
2026-10-07T14:36:29.213962949Z,14.70549,119.056809,Cloud to Cloud,-13389,3001,8
2026-10-07T14:36:29.448827970Z,14.632408,118.85045,Cloud to Cloud,-5040,3037,7
2026-10-07T14:36:29.191586850Z,16.290315,120.111266,Cloud to Ground,-7546,0,9
2026-10-07T14:36:28.905160869Z,16.287765,120.152263,Cloud to Cloud,8244,7110,9
2026-10-07T14:36:31.370607243Z,16.194094,120.210289,Cloud to Cloud,12644,17296,6
2026-10-07T14:36:31.235933372Z,16.176515,120.34143,Cloud to Cloud,5443,3057,8
2026-10-07T14:36:31.827113161Z,14.551135,119.194593,Cloud to Cloud,2533,3945,7
2026-10-07T14:36:32.856552000Z,14.9034,119.1903,Cloud to Ground,42734,0,6
2026-10-07T14:36:33.486641600Z,16.303748,120.229546,Cloud to Cloud,-11177,13953,7
2026-10-07T14:36:33.268090579Z,16.278157,120.118685,Cloud to Cloud,3141,4539,6
2026-10-07T14:36:34.017356345Z,14.57305,119.108706,Cloud to Cloud,3952,10799,6
2026-10-07T14:36:34.193772247Z,16.458795,119.181709,Cloud to Ground,-17428,0,10
2026-10-07T14:36:35.009532134Z,16.233731,119.053565,Cloud to Ground,-18516,0,11
2026-10-07T14:36:35.108681801Z,16.280174,119.153264,Cloud to Ground,-6745,0,7
2026-10-07T14:36:35.805352520Z,14.4375,118.996474,Cloud to Cloud,22738,19362,7
2026-10-07T14:36:38.379923330Z,14.731952,119.219279,Cloud to Ground,-38287,0,14
2026-10-07T14:36:38.961505106Z,14.67986,119.156196,Cloud to Cloud,-29072,3607,12
2026-10-07T14:36:38.853567286Z,14.575085,119.109607,Cloud to Cloud,-11811,10530,9
2026-10-07T14:36:38.306180788Z,16.285317,120.178268,Cloud to Ground,-7837,0,8
2026-10-07T14:36:39.420921436Z,16.240917,120.312063,Cloud to Cloud,3389,12051,7
2026-10-07T14:36:39.797162023Z,15.132274,119.726333,Cloud to Cloud,7578,12127,9
2026-10-07T14:36:39.314719175Z,14.673152,119.054027,Cloud to Ground,-5706,0,7
2026-10-07T14:36:40.287221440Z,16.235616,120.215649,Cloud to Ground,-66414,0,10
2026-10-07T14:36:40.357871839Z,16.438313,120.249788,Cloud to Ground,34845,0,8
2026-10-07T14:36:40.155193933Z,14.700056,119.100131,Cloud to Ground,-13848,0,7
2026-10-07T14:36:41.845842478Z,14.674008,119.106025,Cloud to Cloud,-10594,5866,7
2026-10-07T14:36:41.796932719Z,14.691755,119.097347,Cloud to Ground,-5721,0,8
2026-10-07T14:36:41.306106329Z,16.362169,120.151587,Cloud to Ground,-6903,0,8
2026-10-07T14:36:41.231603178Z,16.3685,120.278439,Cloud to Cloud,-7647,13120,6
2026-10-07T14:36:42.821502577Z,14.624925,119.283997,Cloud to Ground,-3605,0,7
2026-10-07T14:36:43.150954232Z,14.534452,118.870737,Cloud to Ground,-4637,0,8
2026-10-07T14:36:43.268767771Z,14.71941,119.094471,Cloud to Ground,-30897,0,6
2026-10-07T14:36:43.366383058Z,14.71764,119.10346,Cloud to Ground,-16524,0,12
2026-10-07T14:36:42.758486162Z,14.611069,119.085045,Cloud to Ground,-12013,0,12
2026-10-07T14:36:43.494757750Z,14.697617,119.098833,Cloud to Ground,-8414,0,9
2026-10-07T14:36:43.940266675Z,14.691728,119.100055,Cloud to Ground,-8179,0,8
2026-10-07T14:36:42.779669984Z,14.605775,119.101219,Cloud to Ground,-7324,0,10
2026-10-07T14:36:43.335808473Z,14.707801,119.097398,Cloud to Ground,-7057,0,8
2026-10-07T14:36:43.569316750Z,14.680297,119.101411,Cloud to Cloud,-6607,4604,6
2026-10-07T14:36:43.814078713Z,14.68151,119.102611,Cloud to Cloud,-6326,7719,6
2026-10-07T14:36:43.852699615Z,14.688096,119.096493,Cloud to Ground,-5961,0,8
2026-10-07T14:36:43.321324257Z,14.681181,119.101142,Cloud to Cloud,-5648,3825,6
2026-10-07T14:36:43.432790954Z,14.701851,119.068787,Cloud to Ground,17241,0,10
2026-10-07T14:36:43.139202000Z,14.7036,118.9535,Cloud to Ground,-9345,0,7
2026-10-07T14:36:44.699620855Z,14.672097,118.940858,Cloud to Cloud,16005,11983,12
2026-10-07T14:36:45.321425660Z,9.609076,114.656031,Cloud to Cloud,6022,5851,6
2026-10-07T14:36:45.306273734Z,9.656433,114.644094,Cloud to Ground,25792,0,7
2026-10-07T14:36:45.819907009Z,14.677838,118.999023,Cloud to Ground,-8038,0,8
2026-10-07T14:36:45.745296000Z,14.7331,118.9728,Cloud to Ground,-7824,0,9
2026-10-07T14:36:45.933936087Z,14.642735,118.9464,Cloud to Cloud,8342,3004,8
2026-10-07T14:36:48.237114749Z,16.289844,120.176148,Cloud to Cloud,5010,4827,8
2026-10-07T14:36:48.756939180Z,14.743104,118.990018,Cloud to Cloud,-6628,17921,6
2026-10-07T14:36:48.665109000Z,14.6706,119.9049,Cloud to Ground,-6606,0,5
2026-10-07T14:36:49.626984555Z,16.238021,120.156075,Cloud to Cloud,-12651,13814,13
2026-10-07T14:36:49.321011527Z,14.503707,118.995062,Cloud to Cloud,18407,3040,7
2026-10-07T14:36:49.447736753Z,14.619939,119.009742,Cloud to Ground,-5367,0,7
2026-10-07T14:36:49.345047037Z,14.646552,119.244805,Cloud to Cloud,3815,3832,9
2026-10-07T14:36:50.902313000Z,16.286,118.9021,Cloud to Ground,-26624,0,8
2026-10-07T14:36:50.796411350Z,16.238635,119.1224,Cloud to Ground,-27805,0,8
2026-10-07T14:36:50.997354010Z,16.149062,119.121231,Cloud to Cloud,-8349,13749,7
2026-10-07T14:36:50.861961000Z,16.2469,119.0454,Cloud to Ground,-5685,0,7
2026-10-07T14:36:51.832723463Z,8.929447,128.935546,Cloud to Ground,-28110,0,8
2026-10-07T14:36:51.860024569Z,8.929489,128.845072,Cloud to Ground,-19163,0,22
2026-10-07T14:36:51.423974547Z,8.812604,128.919343,Cloud to Ground,36780,0,15
2026-10-07T14:36:51.425049000Z,8.5571,128.8125,Cloud to Ground,-61697,0,7
2026-10-07T14:36:51.012739649Z,16.078517,119.035323,Cloud to Cloud,-33660,9556,7
2026-10-07T14:36:52.387461555Z,8.991136,128.686728,Cloud to Ground,-33751,0,22
2026-10-07T14:36:52.363562065Z,8.981829,128.673366,Cloud to Cloud,-27292,15781,17
2026-10-07T14:36:52.549981086Z,8.975564,128.720585,Cloud to Ground,-21494,0,16
2026-10-07T14:36:52.500949000Z,9.097,128.8763,Cloud to Ground,-9298,0,5
2026-10-07T14:36:52.772047790Z,16.245195,120.127432,Cloud to Cloud,5292,13717,8
2026-10-07T14:36:52.060867699Z,14.717876,119.098006,Cloud to Ground,-45906,0,9
2026-10-07T14:36:53.995892227Z,14.589544,118.813415,Cloud to Cloud,4927,12687,7
2026-10-07T14:36:54.763071355Z,14.74731,119.172907,Cloud to Ground,-11242,0,10
2026-10-07T14:36:54.866257525Z,14.724492,119.179786,Cloud to Ground,-10047,0,6
2026-10-07T14:36:54.636221262Z,14.715985,119.176052,Cloud to Cloud,-6583,19750,6
2026-10-07T14:36:54.806868331Z,14.715366,119.085223,Cloud to Ground,-6239,0,7
2026-10-07T14:36:54.926253374Z,14.781459,119.105029,Cloud to Cloud,33698,3010,6
2026-10-07T14:36:54.827854183Z,14.69431,118.855558,Cloud to Cloud,-6220,6859,8
2026-10-07T14:36:54.605936671Z,14.705275,118.951763,Cloud to Cloud,9819,3013,8
2026-10-07T14:36:54.563839000Z,14.7208,118.9051,Cloud to Ground,12905,0,8
2026-10-07T14:36:54.476097159Z,16.317523,120.219797,Cloud to Cloud,-2306,19954,6
2026-10-07T14:36:54.696770797Z,16.222304,120.319329,Cloud to Cloud,12103,3003,7
2026-10-07T14:36:54.688559000Z,14.1411,118.8696,Cloud to Ground,-19326,0,5
2026-10-07T14:36:56.635879881Z,14.704892,119.081579,Cloud to Ground,-32022,0,8
2026-10-07T14:36:58.533544867Z,16.343554,120.248919,Cloud to Ground,-12293,0,10
2026-10-07T14:36:58.618318671Z,16.367948,120.168987,Cloud to Cloud,13632,16548,7
2026-10-07T14:36:58.377309666Z,14.535412,119.053137,Cloud to Cloud,13375,11246,7
2026-10-07T14:36:58.334151963Z,14.75497,119.122713,Cloud to Ground,-13298,0,9
2026-10-07T14:36:58.511972228Z,14.619498,119.100366,Cloud to Ground,-8878,0,6
2026-10-07T14:36:58.479762368Z,14.687982,119.249956,Cloud to Cloud,5161,11341,7
2026-10-07T14:37:00.655492345Z,16.337221,120.192064,Cloud to Cloud,13239,5708,8
2026-10-07T14:37:01.528312190Z,16.239186,120.094426,Cloud to Cloud,-7754,18294,8
2026-10-07T14:37:01.543414680Z,14.658109,118.971693,Cloud to Cloud,14974,3043,7
2026-10-07T14:37:01.679967160Z,14.579272,118.879623,Cloud to Cloud,-6083,6343,8
2026-10-07T14:37:01.814110154Z,14.517015,119.051377,Cloud to Cloud,14521,13381,7
2026-10-07T14:37:02.017916517Z,14.60191,119.251806,Cloud to Cloud,6581,5085,9
2026-10-07T14:37:03.876207000Z,14.4811,118.9581,Cloud to Ground,-13412,0,5
2026-10-07T14:37:03.598995130Z,14.631516,119.093356,Cloud to Ground,-29302,0,7
2026-10-07T14:37:04.573320524Z,14.689679,119.097405,Cloud to Ground,-24044,0,9
2026-10-07T14:37:04.851061000Z,14.6611,118.9977,Cloud to Ground,-12328,0,5
2026-10-07T14:37:04.670066966Z,14.657866,119.095807,Cloud to Ground,-10592,0,6
2026-10-07T14:37:04.069477812Z,14.684778,119.091309,Cloud to Cloud,-10388,19303,7
2026-10-07T14:37:03.645537908Z,14.641639,118.998937,Cloud to Ground,-10358,0,9
2026-10-07T14:37:03.933830401Z,14.657125,119.096434,Cloud to Ground,-8809,0,6
2026-10-07T14:37:03.688441303Z,14.659452,119.09616,Cloud to Cloud,-8048,17741,6
2026-10-07T14:37:04.411332244Z,14.660666,119.095882,Cloud to Cloud,-6852,3927,6
2026-10-07T14:37:04.749481441Z,14.743336,119.110328,Cloud to Cloud,4068,12048,7
2026-10-07T14:37:04.683061279Z,14.572929,119.046037,Cloud to Cloud,17756,16172,7
2026-10-07T14:37:04.777190479Z,14.723698,119.023938,Cloud to Cloud,29674,3002,6
2026-10-07T14:37:04.021694619Z,14.576226,119.050879,Cloud to Cloud,35136,9881,7
2026-10-07T14:37:04.374438425Z,16.143636,120.249513,Cloud to Cloud,11949,15351,14
2026-10-07T14:37:05.002421000Z,10.4114,124.402,Cloud to Ground,-32452,0,7
2026-10-07T14:37:05.066119000Z,10.3587,124.3384,Cloud to Ground,-23442,0,5
2026-10-07T14:37:05.037868000Z,10.31,124.3722,Cloud to Ground,-19070,0,6
2026-10-07T14:37:06.755009899Z,14.672489,118.925867,Cloud to Cloud,-9461,7686,8
2026-10-07T14:37:06.738813292Z,14.5902,118.908469,Cloud to Cloud,-8783,3027,7
2026-10-07T14:37:06.123812950Z,14.381527,119.029564,Cloud to Cloud,20765,5156,9
2026-10-07T14:37:06.057449248Z,14.514015,119.054662,Cloud to Cloud,12436,3008,7
2026-10-07T14:37:06.112532981Z,16.26083,120.172557,Cloud to Cloud,20678,3019,10
2026-10-07T14:37:07.884962106Z,6.515507,123.314825,Cloud to Ground,-25664,0,7
2026-10-07T14:37:07.687871000Z,6.4036,123.1966,Cloud to Ground,-11797,0,6
2026-10-07T14:37:07.049326324Z,14.612576,119.107557,Cloud to Cloud,-13355,5349,6
2026-10-07T14:37:06.367486583Z,14.579297,119.121681,Cloud to Cloud,11579,9249,9
2026-10-07T14:37:09.285663434Z,0.970143,114.927358,Cloud to Ground,-12725,0,10
2026-10-07T14:37:09.924325572Z,1.007105,114.869813,Cloud to Ground,16555,0,16
2026-10-07T14:37:09.394747386Z,1.007815,114.875161,Cloud to Ground,20006,0,17
2026-10-07T14:37:09.326820076Z,1.008593,114.8824,Cloud to Ground,43335,0,23
2026-10-07T14:37:09.532051699Z,1.009171,114.871815,Cloud to Ground,43917,0,20
2026-10-07T14:37:09.248699863Z,0.983684,114.932685,Cloud to Ground,46222,0,20
2026-10-07T14:37:10.226036642Z,16.653987,119.239965,Cloud to Cloud,-17269,3027,11
2026-10-07T14:37:11.983005350Z,14.702044,119.068913,Cloud to Cloud,-5764,19239,7
2026-10-07T14:37:13.661672172Z,14.640383,119.004858,Cloud to Cloud,23136,3775,7
2026-10-07T14:37:13.700697007Z,14.593265,119.111932,Cloud to Cloud,13393,16660,11
2026-10-07T14:37:13.681593959Z,16.459405,119.259967,Cloud to Cloud,6405,17488,8
2026-10-07T14:37:13.641908000Z,16.5046,119.1301,Cloud to Ground,-19647,0,8
2026-10-07T14:37:15.034548601Z,14.700377,119.268714,Cloud to Cloud,5145,10061,10
2026-10-07T14:37:15.536596623Z,15.20806,119.497511,Cloud to Cloud,8864,3003,6
2026-10-07T14:37:15.115738887Z,14.557618,119.04215,Cloud to Cloud,9314,6180,7
2026-10-07T14:37:15.038820682Z,16.169019,120.274319,Cloud to Cloud,4585,4957,7
2026-10-07T14:37:15.196210000Z,15.534,129.9164,Cloud to Ground,-23190,0,5
2026-10-07T14:37:15.261743000Z,15.5457,129.9595,Cloud to Ground,-19292,0,5
2026-10-07T14:37:16.328876834Z,16.248449,120.150084,Cloud to Ground,23004,0,6
2026-10-07T14:37:17.363648836Z,6.042149,118.710201,Cloud to Ground,14834,0,10
2026-10-07T14:37:17.625094168Z,14.570571,119.119185,Cloud to Ground,83101,0,7
2026-10-07T14:37:17.725717572Z,14.661854,119.015272,Cloud to Cloud,20053,12845,10
2026-10-07T14:37:17.122569507Z,16.291058,120.211318,Cloud to Ground,28321,0,10
2026-10-07T14:37:18.494872167Z,3.337349,116.538568,Cloud to Cloud,-15211,6351,15
2026-10-07T14:37:18.498491702Z,3.330298,116.484015,Cloud to Ground,22436,0,23
2026-10-07T14:37:18.196075348Z,14.591659,119.330213,Cloud to Cloud,-7571,3001,11
2026-10-07T14:37:19.051028922Z,14.587615,118.909497,Cloud to Cloud,-6147,3006,6
2026-10-07T14:37:19.062501648Z,14.548597,118.839235,Cloud to Cloud,5085,10959,7
2026-10-07T14:37:20.111828319Z,16.248803,120.174251,Cloud to Cloud,7856,11000,7
2026-10-07T14:37:19.532028659Z,16.261427,120.19055,Cloud to Cloud,17821,6290,10
2026-10-07T14:37:20.412672261Z,16.34059,120.306314,Cloud to Ground,26893,0,11
2026-10-07T14:37:21.748449424Z,14.764499,119.252684,Cloud to Cloud,12150,4666,10
2026-10-07T14:37:21.488065823Z,16.325426,119.11096,Cloud to Cloud,7402,6233,7
2026-10-07T14:37:22.515582738Z,14.736101,119.186252,Cloud to Ground,-18236,0,9
2026-10-07T14:37:22.686671403Z,14.647241,119.131151,Cloud to Ground,23262,0,7
2026-10-07T14:37:22.622296542Z,14.757724,119.298497,Cloud to Cloud,-3298,12831,6
2026-10-07T14:37:22.687117000Z,15.7869,119.8626,Cloud to Ground,-5312,0,5
2026-10-07T14:37:23.943521848Z,0.162855,113.258514,Cloud to Ground,-10010,0,13
2026-10-07T14:37:23.452795961Z,15.247823,119.575722,Cloud to Cloud,-6417,3580,7
2026-10-07T14:37:23.425048760Z,15.134026,119.68585,Cloud to Cloud,13675,7241,9
2026-10-07T14:37:23.838746266Z,14.516115,119.075784,Cloud to Cloud,10683,15690,7
2026-10-07T14:37:23.857531226Z,14.549862,119.088194,Cloud to Cloud,13541,7704,6
2026-10-07T14:37:24.089328465Z,14.64586,119.155124,Cloud to Cloud,-9921,6892,10
2026-10-07T14:37:26.658443466Z,14.661803,119.007775,Cloud to Cloud,4620,6278,6
2026-10-07T14:37:26.481297409Z,16.347028,120.341803,Cloud to Cloud,22701,3048,7
2026-10-07T14:37:26.548759325Z,16.281304,120.132919,Cloud to Ground,15918,0,10
2026-10-07T14:37:27.609547000Z,14.7727,119.0156,Cloud to Ground,28795,0,5
2026-10-07T14:37:28.097556111Z,2.166412,117.716794,Cloud to Ground,-7074,0,7
2026-10-07T14:37:28.096788582Z,2.05445,117.763038,Cloud to Ground,15720,0,22
2026-10-07T14:37:28.065265174Z,14.764265,119.120763,Cloud to Ground,-16511,0,12
2026-10-07T14:37:30.782149200Z,16.332778,120.154283,Cloud to Ground,-63185,0,13
2026-10-07T14:37:30.264090519Z,14.47357,118.970805,Cloud to Cloud,16109,17781,6
2026-10-07T14:37:31.468628671Z,16.147712,120.234573,Cloud to Cloud,23895,3690,10
2026-10-07T14:37:31.281612302Z,16.335155,120.258979,Cloud to Ground,-23951,0,11
2026-10-07T14:37:31.282398082Z,16.395613,120.252431,Cloud to Ground,-22364,0,9
2026-10-07T14:37:31.131955522Z,14.697352,119.083246,Cloud to Cloud,-19670,3723,5
2026-10-07T14:37:31.117383863Z,14.710824,119.008216,Cloud to Cloud,-14495,3927,12
2026-10-07T14:37:31.099513198Z,14.685352,118.952584,Cloud to Ground,18924,0,8
2026-10-07T14:37:33.837980062Z,17.091685,116.293016,Cloud to Ground,-7018,0,10
2026-10-07T14:37:33.833218134Z,17.117023,116.421171,Cloud to Cloud,9334,6291,7
2026-10-07T14:37:33.631812776Z,17.153981,116.644099,Cloud to Cloud,-6175,6071,8
2026-10-07T14:37:33.697279510Z,17.120812,116.536729,Cloud to Cloud,-5898,3038,7
2026-10-07T14:37:33.763581820Z,17.141015,116.578992,Cloud to Cloud,-5476,18715,8
2026-10-07T14:37:33.540047999Z,17.13633,116.656355,Cloud to Ground,26459,0,13
2026-10-07T14:37:34.032407322Z,14.724165,119.109321,Cloud to Ground,-18532,0,8
2026-10-07T14:37:36.687273143Z,14.662496,119.043897,Cloud to Cloud,-18983,6207,8
2026-10-07T14:37:36.505633002Z,14.674193,119.036448,Cloud to Ground,-8583,0,9
2026-10-07T14:37:36.134401612Z,14.538241,119.091826,Cloud to Ground,36634,0,10
2026-10-07T14:37:36.177781122Z,14.543629,118.899964,Cloud to Cloud,13588,3053,9
2026-10-07T14:37:36.654372593Z,14.589448,118.936441,Cloud to Cloud,42818,7776,13
2026-10-07T14:37:36.824255630Z,14.563572,119.194192,Cloud to Cloud,-10235,6806,10
2026-10-07T14:37:36.898242472Z,14.593412,119.121819,Cloud to Cloud,13866,16590,5
2026-10-07T14:37:38.333784032Z,16.259495,119.067801,Cloud to Ground,-19745,0,10
2026-10-07T14:37:38.401550000Z,15.8128,118.9001,Cloud to Ground,-10678,0,5
2026-10-07T14:37:39.290795533Z,14.809275,119.086101,Cloud to Cloud,20363,15147,9
2026-10-07T14:37:39.074461900Z,14.697946,119.01953,Cloud to Ground,-34444,0,8
2026-10-07T14:37:39.237450977Z,14.511015,119.021128,Cloud to Ground,81732,0,7
2026-10-07T14:37:39.910529846Z,14.712806,119.022785,Cloud to Cloud,14066,12754,8
2026-10-07T14:37:40.072813151Z,14.389002,119.92213,Cloud to Ground,14797,0,11
2026-10-07T14:37:40.028979220Z,14.403639,119.937902,Cloud to Cloud,14984,9204,8
2026-10-07T14:37:40.312008729Z,14.365878,119.877797,Cloud to Cloud,20379,3016,10
2026-10-07T14:37:43.077586788Z,14.631281,119.082622,Cloud to Cloud,-12769,5383,7
2026-10-07T14:37:43.844299568Z,14.634869,119.014674,Cloud to Ground,-8614,0,7
2026-10-07T14:37:43.401650463Z,14.65896,118.998082,Cloud to Cloud,-5259,4654,7
2026-10-07T14:37:43.829592262Z,14.668453,119.03109,Cloud to Cloud,-4213,3049,6
2026-10-07T14:37:43.419895745Z,15.781977,119.396896,Cloud to Cloud,10954,10794,8
2026-10-07T14:37:45.136619468Z,14.642064,118.922438,Cloud to Cloud,12862,16531,11
2026-10-07T14:37:45.489012273Z,14.696102,119.095305,Cloud to Ground,-6993,0,7
2026-10-07T14:37:47.415460261Z,14.642349,119.237148,Cloud to Cloud,-3528,4771,7
2026-10-07T14:37:47.154498690Z,14.623536,119.058539,Cloud to Ground,-7515,0,10
2026-10-07T14:37:47.137820322Z,14.6459,118.992966,Cloud to Cloud,-4484,5783,7
2026-10-07T14:37:47.251985820Z,14.563857,119.045324,Cloud to Cloud,13091,19965,12
2026-10-07T14:37:48.579158165Z,14.703095,118.983516,Cloud to Cloud,-23424,17952,9
2026-10-07T14:37:49.778822584Z,14.757914,119.079666,Cloud to Cloud,-14333,17808,10
2026-10-07T14:37:49.526285414Z,14.59569,119.1078,Cloud to Cloud,18146,5064,7
2026-10-07T14:37:50.434142802Z,14.59867,119.174178,Cloud to Cloud,7726,9684,9
2026-10-07T14:37:50.505105001Z,14.566902,119.090058,Cloud to Cloud,13786,3022,8
2026-10-07T14:37:50.267086279Z,16.309746,119.054005,Cloud to Cloud,12836,9139,8
2026-10-07T14:37:52.884026899Z,14.543624,118.619073,Cloud to Cloud,7412,3103,7
2026-10-07T14:37:52.465164683Z,14.666761,119.101422,Cloud to Ground,-46634,0,8
2026-10-07T14:37:52.352139000Z,14.6725,119.0165,Cloud to Ground,-27950,0,9
2026-10-07T14:37:52.519051086Z,14.67478,119.090998,Cloud to Ground,-15511,0,10
2026-10-07T14:37:52.919532797Z,14.631551,119.09823,Cloud to Ground,-9566,0,6
2026-10-07T14:37:53.155901578Z,14.74015,119.007672,Cloud to Cloud,-9313,3043,6
2026-10-07T14:37:52.646697677Z,14.634137,119.100157,Cloud to Ground,-9264,0,6
2026-10-07T14:37:53.283009821Z,14.572055,119.052607,Cloud to Ground,12512,0,10
2026-10-07T14:37:52.848579685Z,14.703044,119.032564,Cloud to Cloud,14830,3017,7
2026-10-07T14:37:53.224924422Z,14.580917,119.072002,Cloud to Cloud,16798,3041,12
2026-10-07T14:37:53.152666599Z,14.697391,119.119762,Cloud to Cloud,18980,4337,10
2026-10-07T14:37:52.814329853Z,14.701946,119.099594,Cloud to Cloud,33958,18368,10
2026-10-07T14:37:51.866142239Z,14.592559,119.064581,Cloud to Ground,44660,0,7
2026-10-07T14:37:53.892697434Z,14.466188,119.913554,Cloud to Cloud,-20613,15114,10
2026-10-07T14:37:53.197509944Z,10.340683,124.224969,Cloud to Ground,-20554,0,21
2026-10-07T14:37:53.105487963Z,10.23155,124.287064,Cloud to Ground,-19112,0,9
2026-10-07T14:37:54.645493249Z,14.731191,119.063071,Cloud to Ground,-10576,0,9
2026-10-07T14:37:54.596824736Z,16.274545,120.293035,Cloud to Ground,59647,0,8
2026-10-07T14:37:54.096822000Z,16.2426,119.8957,Cloud to Ground,-30667,0,5
2026-10-07T14:37:55.741566174Z,16.216284,120.215451,Cloud to Cloud,-9391,13056,6
2026-10-07T14:37:55.831728659Z,16.280977,120.133374,Cloud to Cloud,5240,3052,7
2026-10-07T14:37:57.013155576Z,2.050567,117.757883,Cloud to Ground,-14594,0,10
2026-10-07T14:37:57.577945870Z,16.258914,119.148576,Cloud to Ground,-21035,0,9
2026-10-07T14:37:57.664199845Z,16.227165,119.044253,Cloud to Ground,-20366,0,8
2026-10-07T14:37:57.443352000Z,16.3012,119.0684,Cloud to Ground,-19908,0,5
2026-10-07T14:37:57.491727295Z,16.232635,119.049066,Cloud to Ground,-8389,0,10
2026-10-07T14:37:57.779013826Z,16.22778,119.031349,Cloud to Ground,-7118,0,7
2026-10-07T14:37:57.862307235Z,14.588142,119.115435,Cloud to Cloud,5717,6886,8
2026-10-07T14:37:57.748347317Z,14.689226,118.972359,Cloud to Cloud,14124,11831,7
2026-10-07T14:37:57.515445559Z,14.649322,118.921347,Cloud to Cloud,14446,9316,7
2026-10-07T14:37:57.634748037Z,14.616799,118.947334,Cloud to Cloud,15441,13052,6
2026-10-07T14:38:00.909408561Z,16.303421,120.209281,Cloud to Ground,37985,0,8
2026-10-07T14:38:00.742487771Z,16.255905,120.101125,Cloud to Cloud,8435,6853,8
2026-10-07T14:38:00.853870000Z,14.7804,118.8497,Cloud to Ground,-11589,0,10
2026-10-07T14:38:01.570996186Z,14.786093,119.119154,Cloud to Ground,-12410,0,12
2026-10-07T14:38:01.191379757Z,14.751077,119.122994,Cloud to Cloud,-10850,3052,7
2026-10-07T14:38:01.334676024Z,14.654623,119.098207,Cloud to Cloud,26790,16515,7
2026-10-07T14:38:02.291256256Z,16.20642,119.057663,Cloud to Cloud,5410,17453,7
2026-10-07T14:38:03.656010984Z,14.624423,119.094655,Cloud to Cloud,-5664,4088,8
2026-10-07T14:38:03.308323828Z,14.677244,119.014897,Cloud to Cloud,-4749,9246,8
2026-10-07T14:38:03.993093989Z,14.665667,119.093225,Cloud to Cloud,7522,12581,8
2026-10-07T14:38:03.667348919Z,14.387148,119.000877,Cloud to Cloud,18983,3152,8
2026-10-07T14:38:04.170054410Z,14.588947,118.975262,Cloud to Cloud,-6232,3020,9
2026-10-07T14:38:06.048018002Z,16.452988,119.179443,Cloud to Ground,-45288,0,11
2026-10-07T14:38:06.095313788Z,16.486103,119.202752,Cloud to Ground,22366,0,7
2026-10-07T14:38:06.199309000Z,16.5156,118.9959,Cloud to Ground,-49195,0,6
2026-10-07T14:38:07.322290369Z,14.71483,118.853842,Cloud to Cloud,7039,3839,8
2026-10-07T14:38:07.059887929Z,14.698393,118.857509,Cloud to Cloud,9799,3043,8
2026-10-07T14:38:07.187224150Z,14.808719,118.860119,Cloud to Cloud,-10232,7583,8
2026-10-07T14:38:07.034057902Z,14.748859,119.081098,Cloud to Ground,-39208,0,9
2026-10-07T14:38:06.922717453Z,14.732536,119.075368,Cloud to Ground,-37137,0,12
2026-10-07T14:38:06.982689334Z,14.72149,119.143435,Cloud to Ground,-16455,0,10
2026-10-07T14:38:07.114599876Z,14.767063,119.101954,Cloud to Cloud,-15666,6527,8
2026-10-07T14:38:07.159353272Z,14.732402,119.075432,Cloud to Cloud,-12686,12659,7
2026-10-07T14:38:07.444488434Z,16.201633,119.007608,Cloud to Ground,-10249,0,10
2026-10-07T14:38:08.145089565Z,15.123217,119.674869,Cloud to Cloud,13097,15781,6
2026-10-07T14:38:08.086185000Z,15.3007,119.5578,Cloud to Ground,18753,0,10
2026-10-07T14:38:10.603058706Z,14.686524,118.979397,Cloud to Ground,-7111,0,8
2026-10-07T14:38:11.489512521Z,14.677487,119.028108,Cloud to Ground,-56314,0,8
2026-10-07T14:38:11.490084226Z,14.588281,119.143526,Cloud to Cloud,-26710,7830,12
2026-10-07T14:38:11.226603503Z,14.709387,119.100025,Cloud to Ground,-19162,0,8
2026-10-07T14:38:11.355565293Z,14.65641,119.096954,Cloud to Ground,-8054,0,7
2026-10-07T14:38:11.156873000Z,14.8572,119.1209,Cloud to Ground,57536,0,6
2026-10-07T14:38:11.287689115Z,14.783924,119.106647,Cloud to Ground,68594,0,10
2026-10-07T14:38:13.294375649Z,16.264339,120.132751,Cloud to Cloud,-5674,12647,14
2026-10-07T14:38:14.416390180Z,14.660863,118.870995,Cloud to Ground,-10396,0,8
2026-10-07T14:38:14.845419944Z,14.609386,118.892005,Cloud to Ground,-6919,0,7
2026-10-07T14:38:14.440425700Z,14.635007,118.81067,Cloud to Cloud,5741,19794,7
2026-10-07T14:38:14.439867897Z,14.697203,118.968234,Cloud to Ground,-22305,0,7
2026-10-07T14:38:14.481725005Z,14.623974,119.052287,Cloud to Ground,-13963,0,10
2026-10-07T14:38:14.321224447Z,14.656771,118.975669,Cloud to Ground,-5832,0,7
2026-10-07T14:38:15.116987979Z,14.550044,119.081145,Cloud to Cloud,16348,3071,7
2026-10-07T14:38:14.666333709Z,16.339012,120.250001,Cloud to Ground,-16331,0,8
2026-10-07T14:38:14.603267000Z,16.377,120.0772,Cloud to Ground,-20401,0,7
2026-10-07T14:38:14.541183000Z,16.3306,119.9787,Cloud to Ground,-34831,0,7
2026-10-07T14:38:15.551233597Z,14.544601,119.19552,Cloud to Ground,-30854,0,6
2026-10-07T14:38:15.324830304Z,14.55969,119.199339,Cloud to Ground,-28735,0,14
2026-10-07T14:38:15.623090892Z,14.545204,119.19525,Cloud to Ground,-23621,0,6
2026-10-07T14:38:15.553164368Z,14.652409,119.196694,Cloud to Ground,-17387,0,12
2026-10-07T14:38:15.277680546Z,14.582867,119.204221,Cloud to Cloud,4868,4561,8
2026-10-07T14:38:16.299100177Z,14.736426,119.086373,Cloud to Ground,-17816,0,7
2026-10-07T14:38:16.329661559Z,14.684486,119.082718,Cloud to Ground,-4517,0,7
2026-10-07T14:38:17.366731952Z,14.639628,118.983783,Cloud to Cloud,-10889,3022,8
2026-10-07T14:38:18.561851542Z,5.945589,118.178259,Cloud to Ground,30195,0,19
2026-10-07T14:38:19.020093807Z,14.69451,118.984982,Cloud to Ground,-4679,0,5
2026-10-07T14:38:20.947741112Z,14.63466,119.0948,Cloud to Ground,-30468,0,8
2026-10-07T14:38:21.205400929Z,14.647083,119.090652,Cloud to Ground,-13960,0,8
2026-10-07T14:38:21.275819322Z,14.641003,118.902745,Cloud to Cloud,5701,3008,8
2026-10-07T14:38:22.474876811Z,14.718701,118.920533,Cloud to Cloud,-4109,15008,6
2026-10-07T14:38:23.671017310Z,14.685028,118.92078,Cloud to Cloud,-8694,16904,9
2026-10-07T14:38:24.516311693Z,14.651572,119.010917,Cloud to Cloud,11867,4231,7
2026-10-07T14:38:25.963123000Z,14.703,118.7122,Cloud to Ground,-5289,0,5
2026-10-07T14:38:26.121740545Z,14.747765,119.109014,Cloud to Ground,-8795,0,7
2026-10-07T14:38:27.776561893Z,14.689691,119.172968,Cloud to Ground,42395,0,12
2026-10-07T14:38:28.670033260Z,14.654634,119.0021,Cloud to Cloud,16195,16992,7
2026-10-07T14:38:28.786048483Z,14.637665,119.036608,Cloud to Cloud,18349,18285,7
2026-10-07T14:38:28.546811511Z,16.245792,119.074078,Cloud to Ground,-45933,0,12
2026-10-07T14:38:28.962340545Z,16.271779,119.153467,Cloud to Ground,-17847,0,8
2026-10-07T14:38:28.683496312Z,16.241306,119.144262,Cloud to Ground,-17626,0,9
2026-10-07T14:38:29.117078517Z,16.270486,119.131718,Cloud to Ground,-6653,0,11
2026-10-07T14:38:28.770857000Z,16.3385,118.8712,Cloud to Ground,-22675,0,5
2026-10-07T14:38:28.964774139Z,16.269484,118.91636,Cloud to Cloud,-20727,12487,13
2026-10-07T14:38:28.621946000Z,16.4637,119.1748,Cloud to Ground,48129,0,8
2026-10-07T14:38:28.485423483Z,16.272629,120.177652,Cloud to Cloud,-6642,14357,8
2026-10-07T14:38:30.486013985Z,14.533797,119.146446,Cloud to Cloud,-11833,19777,10
2026-10-07T14:38:30.880021751Z,14.709409,119.056746,Cloud to Cloud,-6860,12391,9
2026-10-07T14:38:30.772773152Z,14.727847,119.057766,Cloud to Cloud,-6665,17628,10
2026-10-07T14:38:30.821775002Z,14.690635,119.063665,Cloud to Ground,-5908,0,6
2026-10-07T14:38:30.400553000Z,14.7005,118.8152,Cloud to Ground,14517,0,5
2026-10-07T14:38:31.697921574Z,14.683467,118.994865,Cloud to Cloud,-8802,6193,7
2026-10-07T14:38:32.580004509Z,14.450245,119.957681,Cloud to Cloud,10571,14776,7
2026-10-07T14:38:34.118777837Z,14.5713,119.111147,Cloud to Cloud,20114,10506,11
2026-10-07T14:38:36.570925243Z,14.676025,118.927505,Cloud to Cloud,16581,5920,11
2026-10-07T14:38:36.834716222Z,14.749039,119.179784,Cloud to Ground,-40148,0,8
2026-10-07T14:38:36.933401271Z,14.735938,119.094316,Cloud to Ground,-29147,0,10
2026-10-07T14:38:37.382669880Z,14.731216,119.111648,Cloud to Cloud,-8398,15172,7
2026-10-07T14:38:36.866249269Z,15.368444,119.389368,Cloud to Cloud,2080,4624,6
2026-10-07T14:38:38.001225020Z,6.405631,118.264225,Cloud to Ground,20330,0,8
2026-10-07T14:38:37.941143159Z,6.404542,118.268643,Cloud to Ground,34956,0,12
2026-10-07T14:38:37.341374941Z,14.554822,119.121559,Cloud to Cloud,-16284,3019,9
2026-10-07T14:38:37.387753406Z,14.553225,119.149266,Cloud to Cloud,-8755,18186,9
2026-10-07T14:38:37.068286727Z,14.562252,119.11154,Cloud to Cloud,23158,3001,7
2026-10-07T14:38:37.337884000Z,14.4918,118.9609,Cloud to Ground,-11656,0,5
2026-10-07T14:38:38.980562473Z,14.646607,119.2251,Cloud to Cloud,6846,6954,11
2026-10-07T14:38:38.906998791Z,14.647139,119.211045,Cloud to Cloud,7370,7133,16
2026-10-07T14:38:39.721716290Z,6.142731,118.73539,Cloud to Ground,-42299,0,24
2026-10-07T14:38:39.631441245Z,6.013066,118.681211,Cloud to Ground,-20146,0,11
2026-10-07T14:38:39.658549162Z,5.999289,118.625706,Cloud to Ground,-17840,0,10
2026-10-07T14:38:39.745016178Z,5.99028,118.625819,Cloud to Ground,28780,0,7
2026-10-07T14:38:39.762536889Z,5.998935,118.629973,Cloud to Ground,34678,0,11
2026-10-07T14:38:39.573616749Z,16.277495,120.149733,Cloud to Cloud,5826,19164,8
2026-10-07T14:38:40.893817518Z,16.433895,119.190863,Cloud to Ground,-49656,0,14
2026-10-07T14:38:41.714442708Z,1.809603,115.682794,Cloud to Ground,-10547,0,14
2026-10-07T14:38:41.108955107Z,16.148796,127.089863,Cloud to Ground,18451,0,8
2026-10-07T14:38:41.257227009Z,16.168956,127.093007,Cloud to Ground,26436,0,11
2026-10-07T14:38:41.379007770Z,16.012891,127.133711,Cloud to Cloud,14058,9459,9
2026-10-07T14:38:41.121128064Z,16.050688,127.049527,Cloud to Cloud,17360,3007,9
2026-10-07T14:38:41.107848010Z,16.061798,127.036384,Cloud to Cloud,32771,5214,8
2026-10-07T14:38:41.836065276Z,14.677677,119.033958,Cloud to Cloud,-10789,6446,8
2026-10-07T14:38:42.247726090Z,14.642406,118.927084,Cloud to Ground,-10022,0,6
2026-10-07T14:38:42.922975000Z,8.4176,120.9909,Cloud to Ground,-47125,0,12
2026-10-07T14:38:44.512163470Z,14.62712,119.009528,Cloud to Ground,-33060,0,10
2026-10-07T14:38:44.778927112Z,14.673342,119.083948,Cloud to Ground,-14376,0,11
2026-10-07T14:38:44.126490797Z,14.692923,119.034631,Cloud to Cloud,-14007,19310,7
2026-10-07T14:38:45.592755297Z,14.674929,119.009886,Cloud to Cloud,11925,4723,10
2026-10-07T14:38:46.044874843Z,1.086671,114.906993,Cloud to Ground,31437,0,18
2026-10-07T14:38:46.794480939Z,14.718156,119.18887,Cloud to Ground,-11015,0,7
2026-10-07T14:38:46.804616049Z,16.246918,119.033689,Cloud to Ground,-28720,0,12
2026-10-07T14:38:47.160579975Z,16.250288,119.034462,Cloud to Ground,-11535,0,10
2026-10-07T14:38:46.824667249Z,16.284876,119.05452,Cloud to Cloud,22367,3004,6
2026-10-07T14:38:47.593794715Z,14.592166,119.950712,Cloud to Ground,-69284,0,14
2026-10-07T14:38:47.439312635Z,14.417817,119.88495,Cloud to Cloud,31343,19633,8
2026-10-07T14:38:47.409888393Z,14.519187,119.834996,Cloud to Ground,-13453,0,11
2026-10-07T14:38:47.594653070Z,14.545077,119.827098,Cloud to Cloud,13472,11687,10
2026-10-07T14:38:47.609543098Z,16.144862,119.098519,Cloud to Ground,-13472,0,6
2026-10-07T14:38:47.018872427Z,14.564174,119.163165,Cloud to Ground,51030,0,8
2026-10-07T14:38:47.268729000Z,16.5049,119.2989,Cloud to Ground,76852,0,7
2026-10-07T14:38:48.940570182Z,7.062304,127.217816,Cloud to Cloud,10199,18016,8
2026-10-07T14:38:49.976040209Z,14.924838,119.073454,Cloud to Ground,16883,0,8
2026-10-07T14:38:49.451461623Z,14.557518,119.017491,Cloud to Cloud,13955,8126,8
2026-10-07T14:38:49.973558588Z,14.762606,119.097273,Cloud to Cloud,-16596,7302,8
2026-10-07T14:38:49.254511268Z,16.390985,120.120041,Cloud to Ground,-36643,0,7
2026-10-07T14:38:49.545644165Z,16.362762,120.119156,Cloud to Ground,-33131,0,11
2026-10-07T14:38:49.332331110Z,16.360574,120.110609,Cloud to Ground,-10922,0,8
2026-10-07T14:38:49.254253000Z,16.0776,119.0708,Cloud to Ground,-33288,0,5
2026-10-07T14:38:51.630456101Z,14.619882,118.864697,Cloud to Cloud,4341,13707,6
2026-10-07T14:38:51.479637245Z,14.682397,118.886661,Cloud to Cloud,4744,3012,7
2026-10-07T14:38:51.446067775Z,14.680972,119.035902,Cloud to Ground,-13750,0,7
2026-10-07T14:38:52.585276000Z,14.568113,119.096769,Cloud to Cloud,-13984,6445,7
2026-10-07T14:38:52.584102534Z,14.73749,119.090317,Cloud to Ground,-30271,0,10
2026-10-07T14:38:52.602753672Z,14.75924,119.020854,Cloud to Cloud,7537,9128,6
2026-10-07T14:38:55.548304082Z,14.7168,119.014819,Cloud to Ground,32303,0,10
2026-10-07T14:38:56.366708672Z,8.561241,128.590055,Cloud to Cloud,-26200,19766,14
2026-10-07T14:38:56.291967103Z,8.831771,128.39006,Cloud to Ground,-17060,0,8
2026-10-07T14:38:56.535104000Z,8.9101,128.4747,Cloud to Ground,14954,0,8
2026-10-07T14:38:56.269744030Z,14.546928,119.085603,Cloud to Ground,-19169,0,13
2026-10-07T14:38:56.515581838Z,14.30986,118.972897,Cloud to Cloud,-20370,17494,8
2026-10-07T14:38:56.429055708Z,14.796729,118.883568,Cloud to Cloud,-15458,3049,8
2026-10-07T14:38:56.836411000Z,8.9459,124.177,Cloud to Ground,-71095,0,10
2026-10-07T14:38:56.876394999Z,8.789499,124.181669,Cloud to Cloud,-31092,6513,7
2026-10-07T14:38:57.154467335Z,1.89693,116.799231,Cloud to Ground,-17775,0,15
2026-10-07T14:38:56.932995469Z,1.858558,116.75966,Cloud to Ground,17481,0,12
2026-10-07T14:38:57.606449016Z,15.358632,119.374795,Cloud to Ground,-14096,0,7
2026-10-07T14:38:57.406765132Z,15.212272,119.428681,Cloud to Cloud,-16939,3223,12
2026-10-07T14:38:58.693955271Z,16.112052,119.501456,Cloud to Cloud,5981,16799,8
2026-10-07T14:38:58.577161000Z,15.764,119.6741,Cloud to Ground,158973,0,5
2026-10-07T14:38:58.576698090Z,14.674846,118.990714,Cloud to Ground,-46873,0,12
2026-10-07T14:38:58.613043821Z,14.696173,119.073384,Cloud to Ground,-31455,0,10
2026-10-07T14:38:58.892357090Z,14.692015,119.026218,Cloud to Ground,-27700,0,8
2026-10-07T14:38:58.676193920Z,14.688636,119.082716,Cloud to Ground,-26546,0,10
2026-10-07T14:38:59.275438300Z,3.292312,116.456996,Cloud to Ground,-34999,0,24
2026-10-07T14:38:59.634211847Z,3.296399,116.460348,Cloud to Cloud,-10991,3663,21
2026-10-07T14:38:59.340513567Z,3.292098,116.466125,Cloud to Cloud,-8185,3551,13
2026-10-07T14:38:59.964996705Z,14.626012,119.109763,Cloud to Ground,30247,0,7
2026-10-07T14:39:00.528431932Z,14.700648,119.052264,Cloud to Cloud,-12893,3882,7
2026-10-07T14:39:01.835967458Z,14.662205,119.090264,Cloud to Ground,-11793,0,12
2026-10-07T14:39:01.915259058Z,14.664888,119.088541,Cloud to Ground,-9745,0,12
2026-10-07T14:39:03.919257887Z,10.220413,124.271768,Cloud to Ground,-16862,0,8
2026-10-07T14:39:03.680745197Z,10.429931,124.006722,Cloud to Ground,-22538,0,11
2026-10-07T14:39:03.109895140Z,14.540289,119.079118,Cloud to Cloud,18981,13813,10
2026-10-07T14:39:04.582505841Z,16.263135,120.125639,Cloud to Cloud,4819,5737,7
2026-10-07T14:39:05.208210020Z,11.165818,124.1761,Cloud to Ground,-46652,0,25
2026-10-07T14:39:05.267096991Z,11.160022,124.10602,Cloud to Ground,-15385,0,15
2026-10-07T14:39:06.927539782Z,14.740184,119.047081,Cloud to Ground,-14776,0,7
2026-10-07T14:39:07.935617745Z,16.462806,119.170871,Cloud to Cloud,-5123,18201,7
2026-10-07T14:39:07.091690300Z,16.383842,120.020017,Cloud to Cloud,9359,19563,8
2026-10-07T14:39:09.560953039Z,14.648771,118.809887,Cloud to Cloud,-5041,6135,8
2026-10-07T14:39:09.818466065Z,14.700164,118.892398,Cloud to Cloud,16096,4728,5
2026-10-07T14:39:09.964356131Z,14.755745,119.121317,Cloud to Ground,-21649,0,8
2026-10-07T14:39:10.230526467Z,14.752128,119.107915,Cloud to Ground,-15913,0,13
2026-10-07T14:39:09.718909913Z,14.628899,118.957109,Cloud to Cloud,-13362,4303,7
2026-10-07T14:39:09.383224086Z,14.654335,118.983732,Cloud to Cloud,3774,5061,5
2026-10-07T14:39:09.706227127Z,14.692187,119.044758,Cloud to Cloud,16331,16977,8
2026-10-07T14:39:09.145969000Z,16.48,120.2173,Cloud to Ground,41365,0,6
2026-10-07T14:39:10.397544878Z,17.477228,110.530617,Cloud to Cloud,-8596,3141,12
2026-10-07T14:39:10.399889107Z,17.461568,110.501917,Cloud to Ground,17117,0,12
2026-10-07T14:39:10.527055155Z,14.651026,118.954838,Cloud to Ground,-9509,0,8
2026-10-07T14:39:10.878823405Z,14.677152,119.027218,Cloud to Cloud,-8334,4821,9
2026-10-07T14:39:11.664221790Z,15.272477,119.572309,Cloud to Cloud,-8631,4872,7
2026-10-07T14:39:11.620132628Z,15.133846,119.676275,Cloud to Cloud,11583,17798,12
2026-10-07T14:39:11.745429000Z,15.4481,119.8095,Cloud to Ground,52963,0,8
2026-10-07T14:39:11.826358774Z,14.631506,119.006403,Cloud to Ground,-48714,0,13
2026-10-07T14:39:11.916509050Z,14.71757,119.09845,Cloud to Ground,-16761,0,12
2026-10-07T14:39:11.937586332Z,14.641829,119.071734,Cloud to Cloud,19124,3000,10
2026-10-07T14:39:13.152094823Z,14.576887,119.124422,Cloud to Cloud,11243,19904,9
2026-10-07T14:39:13.139726283Z,14.569774,119.100895,Cloud to Cloud,19660,18181,8
2026-10-07T14:39:13.223217160Z,14.664582,119.03173,Cloud to Cloud,-4775,3649,5
2026-10-07T14:39:13.124692372Z,14.665073,118.992218,Cloud to Ground,12353,0,12
2026-10-07T14:39:13.596430515Z,14.685152,118.920924,Cloud to Cloud,20643,15563,9
2026-10-07T14:39:14.900488345Z,14.542366,118.800937,Cloud to Cloud,5115,3004,8
2026-10-07T14:39:14.181052000Z,14.8581,119.0699,Cloud to Ground,28584,0,7
2026-10-07T14:39:15.971927584Z,16.245991,119.177847,Cloud to Cloud,-32353,17120,8
2026-10-07T14:39:15.993109128Z,16.337316,119.108376,Cloud to Ground,-27705,0,11
2026-10-07T14:39:16.129923635Z,16.34555,119.115981,Cloud to Ground,-26530,0,12
2026-10-07T14:39:15.004045206Z,14.670682,119.024713,Cloud to Ground,-15604,0,6
2026-10-07T14:39:14.884847446Z,14.648002,119.109423,Cloud to Cloud,-14301,17896,10
2026-10-07T14:39:15.355991503Z,14.677949,119.029462,Cloud to Cloud,13880,14003,10
2026-10-07T14:39:16.794970445Z,14.568866,119.918317,Cloud to Cloud,18206,3004,8
2026-10-07T14:39:16.963448000Z,16.5136,119.1899,Cloud to Ground,55957,0,7
2026-10-07T14:39:16.860831000Z,16.3355,118.9923,Cloud to Ground,-19271,0,11
2026-10-07T14:39:17.065898000Z,16.4019,118.9823,Cloud to Ground,-13727,0,6
2026-10-07T14:39:19.511274612Z,15.481679,130.080918,Cloud to Cloud,-24763,4086,9
2026-10-07T14:39:19.462522892Z,15.479577,130.043236,Cloud to Ground,-21537,0,12
2026-10-07T14:39:20.575350559Z,16.264946,120.140694,Cloud to Cloud,5489,17255,10
2026-10-07T14:39:20.166722109Z,14.663733,118.963873,Cloud to Cloud,-12325,9134,7
2026-10-07T14:39:20.146307543Z,14.679479,118.892757,Cloud to Cloud,5393,3017,7
2026-10-07T14:39:21.098984652Z,11.986135,123.058407,Cloud to Ground,-67508,0,18
2026-10-07T14:39:23.754627727Z,16.337939,120.229652,Cloud to Ground,-12874,0,11
2026-10-07T14:39:23.872042180Z,14.717977,119.0954,Cloud to Ground,-10190,0,12
2026-10-07T14:39:23.453289297Z,14.699613,119.090507,Cloud to Ground,-6435,0,8
2026-10-07T14:39:24.882136858Z,14.727888,119.131077,Cloud to Cloud,-10096,3097,7
2026-10-07T14:39:24.003612000Z,14.8643,119.0992,Cloud to Ground,30873,0,6
2026-10-07T14:39:25.010345964Z,14.592716,119.113043,Cloud to Cloud,12488,7124,10
2026-10-07T14:39:27.074381315Z,14.631464,118.856935,Cloud to Cloud,4944,15166,7
2026-10-07T14:39:27.227421853Z,14.589109,118.859007,Cloud to Cloud,6389,5513,8
2026-10-07T14:39:27.411128302Z,14.570791,119.08015,Cloud to Cloud,10649,19674,10
2026-10-07T14:39:27.173309707Z,14.773918,119.092074,Cloud to Ground,24272,0,7
2026-10-07T14:39:27.198986976Z,14.648781,119.260933,Cloud to Cloud,4791,4545,8
2026-10-07T14:39:28.392009657Z,14.757256,119.105112,Cloud to Ground,-15377,0,12
2026-10-07T14:39:28.440833855Z,14.718576,119.104108,Cloud to Ground,-8097,0,6
2026-10-07T14:39:29.215769556Z,16.320696,120.18957,Cloud to Cloud,-3814,3002,6
2026-10-07T14:39:29.330946780Z,16.309973,120.157572,Cloud to Cloud,5837,3011,8
2026-10-07T14:39:29.476880721Z,16.270836,120.17128,Cloud to Ground,31375,0,9
2026-10-07T14:39:30.154928332Z,14.535479,119.866806,Cloud to Ground,-47083,0,16
2026-10-07T14:39:30.027826834Z,14.54785,119.966364,Cloud to Ground,-23388,0,7
2026-10-07T14:39:30.348301090Z,14.55369,119.966422,Cloud to Ground,-17960,0,7
2026-10-07T14:39:30.277287972Z,14.526151,119.955887,Cloud to Ground,-6709,0,8
2026-10-07T14:39:30.971443011Z,16.450018,119.29671,Cloud to Ground,-19335,0,9
2026-10-07T14:39:31.048090000Z,16.5184,119.2678,Cloud to Ground,43619,0,7
2026-10-07T14:39:31.632919379Z,14.650955,119.000897,Cloud to Ground,-10589,0,7
2026-10-07T14:39:33.764287473Z,14.626399,118.987074,Cloud to Ground,-53365,0,12
2026-10-07T14:39:34.430986229Z,14.652237,118.992571,Cloud to Cloud,-7403,3008,7
2026-10-07T14:39:34.491417526Z,14.751604,119.036786,Cloud to Ground,-20944,0,12
2026-10-07T14:39:34.962213065Z,14.652416,119.22056,Cloud to Cloud,-6279,5630,8
2026-10-07T14:39:36.686695183Z,14.679318,118.968577,Cloud to Ground,-38253,0,10
2026-10-07T14:39:36.705645897Z,14.693517,119.026636,Cloud to Ground,-29789,0,10
2026-10-07T14:39:37.694959526Z,16.272429,120.16846,Cloud to Cloud,-10506,10720,7
2026-10-07T14:39:37.614351302Z,16.217367,120.181337,Cloud to Cloud,-5500,7844,8
2026-10-07T14:39:37.708678184Z,16.390833,120.050782,Cloud to Ground,-11936,0,11
2026-10-07T14:39:40.963805062Z,3.008604,116.815819,Cloud to Cloud,-12889,3044,24
2026-10-07T14:39:40.961597429Z,2.914831,116.873788,Cloud to Ground,11612,0,13
2026-10-07T14:39:40.995941286Z,14.645025,118.831718,Cloud to Cloud,8813,17170,7
2026-10-07T14:39:40.763410577Z,14.72922,118.666838,Cloud to Cloud,7339,7846,7
2026-10-07T14:39:41.320788984Z,14.691153,118.9957,Cloud to Cloud,-7037,10189,5
2026-10-07T14:39:40.745327074Z,14.641466,119.003027,Cloud to Ground,46132,0,10
2026-10-07T14:39:40.692936912Z,16.152932,119.020612,Cloud to Cloud,-5596,3042,10
2026-10-07T14:39:40.306450670Z,16.17954,118.969032,Cloud to Cloud,9660,3919,7
2026-10-07T14:39:41.416463257Z,10.328735,124.253377,Cloud to Ground,-26395,0,20
2026-10-07T14:39:41.729465658Z,14.738617,119.074905,Cloud to Cloud,13987,9102,8
2026-10-07T14:39:41.601498251Z,14.626645,119.132288,Cloud to Cloud,14117,13216,10
2026-10-07T14:39:43.674058995Z,14.786628,119.11607,Cloud to Ground,-18460,0,9
2026-10-07T14:39:44.234048258Z,14.563829,119.093179,Cloud to Cloud,8088,19282,11
2026-10-07T14:39:44.052845000Z,15.8418,119.9434,Cloud to Ground,-8297,0,5
2026-10-07T14:39:45.926607000Z,16.3037,118.9615,Cloud to Ground,-123223,0,8
2026-10-07T14:39:45.033195176Z,14.645005,118.974689,Cloud to Ground,-37866,0,11
2026-10-07T14:39:45.175942000Z,14.6657,118.925,Cloud to Ground,-28206,0,12
2026-10-07T14:39:45.081378495Z,14.669774,119.064347,Cloud to Ground,-9062,0,7
2026-10-07T14:39:44.447875871Z,14.67336,118.987027,Cloud to Cloud,4657,8039,5
2026-10-07T14:39:44.904802070Z,14.672809,118.983445,Cloud to Cloud,4784,7738,5
2026-10-07T14:39:44.585296608Z,14.668344,118.995384,Cloud to Cloud,5071,3016,5
2026-10-07T14:39:44.517369821Z,14.658963,118.976135,Cloud to Cloud,7549,4645,7
2026-10-07T14:39:46.445665019Z,16.261941,119.057679,Cloud to Ground,-30409,0,11
2026-10-07T14:39:45.993589170Z,16.267161,119.063972,Cloud to Ground,-26211,0,11
2026-10-07T14:39:46.010733854Z,16.264479,119.052005,Cloud to Ground,-7049,0,5
2026-10-07T14:39:47.436744990Z,14.668701,118.986114,Cloud to Ground,-29176,0,9
2026-10-07T14:39:47.096895550Z,14.737926,119.101361,Cloud to Ground,-31488,0,7
2026-10-07T14:39:47.194529458Z,14.735312,119.102424,Cloud to Ground,-23638,0,10
2026-10-07T14:39:49.208214312Z,14.698245,119.03214,Cloud to Ground,-19230,0,8
2026-10-07T14:39:50.806168339Z,14.630434,118.820297,Cloud to Cloud,4999,7802,7
2026-10-07T14:39:50.933867352Z,14.577172,119.093174,Cloud to Cloud,5460,9663,10
2026-10-07T14:39:50.654094371Z,14.570487,119.055796,Cloud to Cloud,9934,5911,8
2026-10-07T14:39:50.703271740Z,16.176155,120.286211,Cloud to Cloud,5182,12687,8
2026-10-07T14:39:50.476614672Z,16.270569,120.156305,Cloud to Cloud,3129,18838,5
2026-10-07T14:39:51.004378723Z,16.269817,120.159589,Cloud to Cloud,6965,4234,6
2026-10-07T14:39:52.029877395Z,6.567509,123.272584,Cloud to Ground,-89970,0,12
2026-10-07T14:39:52.128640496Z,6.519619,123.306136,Cloud to Ground,-62721,0,8
2026-10-07T14:39:52.135654802Z,6.513617,123.219944,Cloud to Ground,-16111,0,14
2026-10-07T14:39:52.275470555Z,6.501294,123.241675,Cloud to Cloud,-13655,3556,19
2026-10-07T14:39:52.274597000Z,6.5643,123.5231,Cloud to Ground,28963,0,7
2026-10-07T14:39:52.198542000Z,6.358,123.1277,Cloud to Ground,-40059,0,9
2026-10-07T14:39:52.599913471Z,14.646177,119.138284,Cloud to Ground,-25457,0,9
2026-10-07T14:39:51.958381193Z,14.708917,119.144227,Cloud to Ground,-17967,0,11
2026-10-07T14:39:53.067860705Z,14.639945,119.13857,Cloud to Ground,-10310,0,7
2026-10-07T14:39:52.412688000Z,14.6052,118.8368,Cloud to Ground,-21419,0,6
2026-10-07T14:39:52.658692000Z,14.6419,118.8863,Cloud to Ground,28923,0,10
2026-10-07T14:39:53.368407000Z,14.3677,119.1606,Cloud to Ground,13332,0,5
2026-10-07T14:39:53.158954897Z,14.500715,119.175319,Cloud to Cloud,-4209,3021,7
2026-10-07T14:39:53.501715000Z,14.5002,119.235,Cloud to Ground,9486,0,11
2026-10-07T14:39:53.152959000Z,14.7981,119.3734,Cloud to Ground,12148,0,5
2026-10-07T14:39:54.797014324Z,3.321884,116.492296,Cloud to Ground,30841,0,13
2026-10-07T14:39:54.698665351Z,3.335462,116.438297,Cloud to Ground,38081,0,17
2026-10-07T14:39:57.591171000Z,16.4924,120.1405,Cloud to Ground,-10096,0,5
2026-10-07T14:39:59.863030206Z,14.468151,119.136682,Cloud to Cloud,-20324,16663,6
2026-10-07T14:39:59.206005191Z,14.709058,118.919008,Cloud to Cloud,8520,6743,8
2026-10-07T14:40:00.529238989Z,14.698456,119.003248,Cloud to Ground,-10655,0,7
2026-10-07T14:40:00.566670133Z,14.706801,119.086131,Cloud to Cloud,-4571,12761,7
2026-10-07T14:40:00.530367845Z,14.641746,119.102593,Cloud to Cloud,4804,3000,6
2026-10-07T14:40:00.643054000Z,14.895,119.031,Cloud to Ground,-22105,0,5
2026-10-07T14:40:01.504936251Z,14.820149,119.033372,Cloud to Cloud,-8255,4629,7
2026-10-07T14:40:02.479822591Z,14.531781,119.071699,Cloud to Cloud,4823,16868,7
2026-10-07T14:40:03.235053787Z,16.334686,119.20298,Cloud to Ground,-20686,0,10
2026-10-07T14:40:04.296172376Z,14.609779,118.988927,Cloud to Cloud,-6244,18789,7
2026-10-07T14:40:04.435233836Z,14.676834,118.999198,Cloud to Ground,-4944,0,5
2026-10-07T14:40:04.455816260Z,14.692906,119.066968,Cloud to Cloud,-4327,18783,7
2026-10-07T14:40:05.110617005Z,16.315211,120.177727,Cloud to Cloud,11879,15700,9
2026-10-07T14:40:05.087011628Z,16.353164,120.204877,Cloud to Cloud,12992,3931,10
2026-10-07T14:40:05.165006025Z,16.088289,120.136947,Cloud to Cloud,18173,3420,8
2026-10-07T14:40:06.812988025Z,14.719081,119.101089,Cloud to Cloud,-30138,15711,7
2026-10-07T14:40:06.892698358Z,14.673359,119.094679,Cloud to Ground,-15985,0,12
2026-10-07T14:40:06.589308585Z,14.621589,118.914022,Cloud to Cloud,-4372,7886,7
2026-10-07T14:40:06.907687562Z,14.6648,119.000427,Cloud to Cloud,-13750,18563,8
2026-10-07T14:40:06.814348000Z,14.6571,118.7976,Cloud to Ground,24802,0,6
2026-10-07T14:40:06.715571000Z,14.707,118.6866,Cloud to Ground,42676,0,6
2026-10-07T14:40:07.903711144Z,6.420744,118.325449,Cloud to Ground,27388,0,10
2026-10-07T14:40:07.694760370Z,6.415194,118.37636,Cloud to Ground,29264,0,19
2026-10-07T14:40:07.655847910Z,6.416904,118.382071,Cloud to Ground,62676,0,21
2026-10-07T14:40:07.603583594Z,6.418163,118.387236,Cloud to Ground,70738,0,22
2026-10-07T14:40:07.198446864Z,16.151161,118.906802,Cloud to Ground,-9096,0,8
2026-10-07T14:40:07.713350229Z,14.708051,119.059043,Cloud to Ground,-26778,0,12
2026-10-07T14:40:07.826457833Z,14.473266,118.910215,Cloud to Cloud,-10560,17795,7
2026-10-07T14:40:08.811565775Z,14.703324,119.004435,Cloud to Cloud,15055,4353,7
2026-10-07T14:40:10.648043147Z,14.732819,119.064595,Cloud to Ground,-18476,0,10
2026-10-07T14:40:10.746374050Z,14.695871,118.849978,Cloud to Cloud,10633,10582,8
2026-10-07T14:40:10.338044670Z,10.187853,113.81129,Cloud to Cloud,18452,7532,6
2026-10-07T14:40:10.292294267Z,10.195461,113.844729,Cloud to Ground,88250,0,12
2026-10-07T14:40:11.453137989Z,2.916735,117.005824,Cloud to Ground,-21230,0,20
2026-10-07T14:40:11.635573945Z,14.75441,119.243724,Cloud to Cloud,-16191,5443,8
2026-10-07T14:40:11.295347504Z,14.5296,119.161206,Cloud to Cloud,9823,7929,8
2026-10-07T14:40:11.289920142Z,14.669436,119.202532,Cloud to Cloud,-14306,11209,8
2026-10-07T14:40:11.386069781Z,14.65944,119.288169,Cloud to Cloud,5010,10150,6
2026-10-07T14:40:13.913249679Z,14.746761,119.148724,Cloud to Ground,-14915,0,7
2026-10-07T14:40:13.556529000Z,16.5253,120.2491,Cloud to Ground,23248,0,7
2026-10-07T14:40:14.954695000Z,14.37,118.8708,Cloud to Ground,-6686,0,6
2026-10-07T14:40:15.005839951Z,14.700159,119.065627,Cloud to Ground,-5897,0,7
2026-10-07T14:40:18.604912215Z,16.252955,120.139176,Cloud to Cloud,6451,4441,7
2026-10-07T14:40:18.677231717Z,16.253197,120.133865,Cloud to Cloud,6762,19862,10
2026-10-07T14:40:19.772939624Z,16.216684,119.160887,Cloud to Cloud,-8336,13239,9
2026-10-07T14:40:19.590352378Z,16.32606,119.114242,Cloud to Ground,-36798,0,16
2026-10-07T14:40:19.820106966Z,16.374062,119.220324,Cloud to Cloud,-9999,5644,11
2026-10-07T14:40:19.918097652Z,16.370575,119.204305,Cloud to Ground,-7177,0,8
2026-10-07T14:40:19.157493443Z,15.25923,119.617881,Cloud to Cloud,-14245,19464,7
2026-10-07T14:40:19.152175000Z,14.7229,118.9029,Cloud to Ground,-19665,0,10
2026-10-07T14:40:19.183545164Z,14.665234,118.859035,Cloud to Cloud,9313,3016,8
2026-10-07T14:40:20.988928320Z,2.083505,117.758086,Cloud to Ground,31177,0,17
2026-10-07T14:40:20.421522174Z,14.657168,119.344542,Cloud to Cloud,-3091,7870,8
2026-10-07T14:40:20.676330234Z,14.641565,118.968973,Cloud to Cloud,-25494,10589,10
2026-10-07T14:40:20.107980343Z,14.612345,119.109379,Cloud to Cloud,43926,7438,9
2026-10-07T14:40:20.292215370Z,14.812163,119.05635,Cloud to Cloud,-5264,4796,6
2026-10-07T14:40:20.159760108Z,14.755033,119.053462,Cloud to Cloud,7877,3017,6
2026-10-07T14:40:22.886619550Z,16.417659,120.151566,Cloud to Ground,-18918,0,10
2026-10-07T14:40:23.026382044Z,16.393767,120.076569,Cloud to Ground,-13110,0,8
2026-10-07T14:40:22.500443519Z,14.699115,119.038497,Cloud to Ground,-46312,0,8
2026-10-07T14:40:22.647908000Z,14.6114,118.9279,Cloud to Ground,-12865,0,6
2026-10-07T14:40:24.265887443Z,14.604457,118.916864,Cloud to Cloud,4979,10730,8
2026-10-07T14:40:25.970977000Z,15.3863,119.7196,Cloud to Ground,56475,0,8
2026-10-07T14:40:26.007549585Z,15.165351,119.652259,Cloud to Ground,26082,0,8
2026-10-07T14:40:26.083793667Z,15.2639,119.659369,Cloud to Cloud,10837,3016,11
2026-10-07T14:40:26.253478000Z,15.5308,119.9591,Cloud to Ground,31472,0,5
2026-10-07T14:40:26.090565536Z,14.561388,119.087733,Cloud to Cloud,9444,19869,8
2026-10-07T14:40:26.559465637Z,14.620512,118.88714,Cloud to Cloud,6241,3966,8
2026-10-07T14:40:26.361178440Z,14.661743,118.939752,Cloud to Ground,19279,0,8
2026-10-07T14:40:28.416721000Z,14.7245,118.9598,Cloud to Ground,-24742,0,11
2026-10-07T14:40:29.133253315Z,16.286867,119.149756,Cloud to Ground,-35882,0,11
2026-10-07T14:40:29.179935982Z,16.262313,119.060264,Cloud to Ground,-29446,0,13
2026-10-07T14:40:29.194243776Z,16.180148,119.025969,Cloud to Ground,-4548,0,6
2026-10-07T14:40:29.831881144Z,14.738933,119.081157,Cloud to Ground,-36390,0,9
2026-10-07T14:40:29.404807416Z,14.697576,118.991003,Cloud to Ground,-26361,0,12
2026-10-07T14:40:30.353096058Z,14.647075,119.01715,Cloud to Cloud,-12108,19666,6
2026-10-07T14:40:29.884374878Z,14.697668,119.074754,Cloud to Ground,-8447,0,6
2026-10-07T14:40:29.477194935Z,14.816317,119.082087,Cloud to Cloud,22003,5013,7
2026-10-07T14:40:33.987964425Z,7.156721,127.195621,Cloud to Cloud,-5461,15396,6
2026-10-07T14:40:33.968493000Z,7.0801,127.3614,Cloud to Ground,-17618,0,5
2026-10-07T14:40:33.131816862Z,14.682943,119.073672,Cloud to Cloud,-9522,7205,6
2026-10-07T14:40:33.094892000Z,14.766,118.9454,Cloud to Ground,-13456,0,9
2026-10-07T14:40:37.421651345Z,14.673087,119.037186,Cloud to Cloud,-11129,7255,6
2026-10-07T14:40:37.515987617Z,14.619672,118.858509,Cloud to Cloud,-7031,12049,5
2026-10-07T14:40:37.787472831Z,14.677607,118.905383,Cloud to Cloud,14543,5535,9
2026-10-07T14:40:37.600148519Z,16.458544,120.138901,Cloud to Ground,-17344,0,6
2026-10-07T14:40:37.797508399Z,16.336518,120.210063,Cloud to Ground,-7286,0,6
2026-10-07T14:40:37.111691996Z,16.312157,120.173271,Cloud to Cloud,8717,18857,10
2026-10-07T14:40:37.243198000Z,16.5594,120.1982,Cloud to Ground,-9874,0,5
2026-10-07T14:40:38.343787890Z,14.652269,119.006925,Cloud to Cloud,5536,15921,7
2026-10-07T14:40:39.443345712Z,6.053706,118.736887,Cloud to Ground,-102543,0,24
2026-10-07T14:40:41.530871287Z,14.702451,119.073993,Cloud to Ground,-21192,0,10
2026-10-07T14:40:42.487029984Z,14.80171,119.099784,Cloud to Ground,-8290,0,12
2026-10-07T14:40:44.536859062Z,0.155047,113.292806,Cloud to Ground,-10826,0,13
2026-10-07T14:40:45.470941532Z,16.174029,120.208236,Cloud to Cloud,9458,8013,7
2026-10-07T14:40:47.256069453Z,14.572604,119.106183,Cloud to Cloud,3619,7021,7
2026-10-07T14:40:47.378939318Z,14.661344,119.052598,Cloud to Ground,-21303,0,7
2026-10-07T14:40:47.311953000Z,14.5988,118.9654,Cloud to Ground,-10048,0,7
2026-10-07T14:40:47.316336065Z,14.674456,118.999306,Cloud to Cloud,2867,10669,6
2026-10-07T14:40:47.306967421Z,14.660472,119.071328,Cloud to Cloud,7212,3023,10
2026-10-07T14:40:47.312357000Z,15.4855,119.622,Cloud to Ground,5772,0,5
2026-10-07T14:40:48.123108723Z,14.685085,119.038859,Cloud to Cloud,-7498,3002,8
2026-10-07T14:40:49.928029000Z,14.8852,119.1367,Cloud to Ground,15374,0,7
2026-10-07T14:40:50.928839217Z,3.316423,116.546855,Cloud to Ground,16052,0,12
2026-10-07T14:40:50.693810504Z,3.316378,116.531294,Cloud to Ground,28850,0,14
2026-10-07T14:40:50.848560975Z,16.441219,119.167021,Cloud to Ground,-27740,0,10
2026-10-07T14:40:50.172663972Z,11.078076,124.134735,Cloud to Ground,-41070,0,10
2026-10-07T14:40:52.510492329Z,14.73217,119.122493,Cloud to Ground,-17361,0,8
2026-10-07T14:40:52.168998757Z,14.666546,119.166173,Cloud to Cloud,-7571,6819,10
2026-10-07T14:40:52.266257171Z,14.737907,119.035097,Cloud to Cloud,14794,3024,6
2026-10-07T14:40:51.880792095Z,14.743443,119.100692,Cloud to Ground,33293,0,7
2026-10-07T14:40:51.249822398Z,16.488579,119.287338,Cloud to Ground,-10709,0,10
2026-10-07T14:40:52.096201679Z,14.572054,119.100631,Cloud to Cloud,15373,18375,8
2026-10-07T14:40:52.024477194Z,14.658756,118.970636,Cloud to Cloud,14458,15283,10
2026-10-07T14:40:54.755146271Z,14.752037,119.114981,Cloud to Ground,-14573,0,8
2026-10-07T14:40:54.225170631Z,14.535012,119.087599,Cloud to Ground,-45038,0,10
2026-10-07T14:40:54.314271447Z,14.550085,119.180107,Cloud to Ground,-31512,0,7
2026-10-07T14:40:54.264203776Z,14.546079,119.176228,Cloud to Ground,-19405,0,8
2026-10-07T14:40:54.590920823Z,14.565771,119.180626,Cloud to Ground,-8958,0,6
2026-10-07T14:40:54.250166278Z,14.539551,119.177678,Cloud to Ground,-7536,0,6
2026-10-07T14:40:54.546299000Z,14.6112,119.0253,Cloud to Ground,-28841,0,8
2026-10-07T14:40:55.328912274Z,16.289126,120.162637,Cloud to Cloud,4801,16145,8
2026-10-07T14:40:55.586115000Z,14.5945,119.8028,Cloud to Ground,-9053,0,7
2026-10-07T14:40:56.498213310Z,14.685155,118.879419,Cloud to Cloud,8965,4315,8
2026-10-07T14:40:56.658943612Z,14.73371,119.086949,Cloud to Ground,-19897,0,12
2026-10-07T14:40:56.334623684Z,14.692744,119.095507,Cloud to Ground,-10524,0,6
2026-10-07T14:40:56.412491967Z,14.648045,119.072053,Cloud to Ground,-10272,0,10
2026-10-07T14:40:57.022335171Z,14.722032,119.090861,Cloud to Cloud,-8189,7680,7
2026-10-07T14:40:56.258656022Z,14.76972,119.114439,Cloud to Ground,90302,0,10
2026-10-07T14:40:56.247718000Z,14.9433,119.3295,Cloud to Ground,28127,0,5
2026-10-07T14:40:58.476313680Z,14.652782,118.990601,Cloud to Cloud,11043,15263,9
2026-10-07T14:40:58.411338000Z,14.4781,118.9147,Cloud to Ground,-5763,0,6
2026-10-07T14:40:58.436701314Z,14.445444,118.970176,Cloud to Cloud,13472,3597,7
2026-10-07T14:40:59.119313246Z,9.265215,125.354982,Cloud to Ground,-36208,0,14
2026-10-07T14:40:59.276378416Z,9.235363,125.377329,Cloud to Ground,-21106,0,9
2026-10-07T14:41:02.104068000Z,14.5929,119.0774,Cloud to Ground,-13067,0,5
2026-10-07T14:41:01.891471062Z,14.602644,119.049009,Cloud to Cloud,-11169,6236,7
2026-10-07T14:41:01.861366771Z,14.543748,119.000263,Cloud to Ground,23569,0,8
2026-10-07T14:41:01.875983497Z,14.658894,119.116497,Cloud to Ground,29924,0,10
2026-10-07T14:41:01.983413000Z,14.6928,118.8631,Cloud to Ground,-3749,0,5
2026-10-07T14:41:02.760715891Z,16.361906,120.12854,Cloud to Cloud,15795,16803,7
2026-10-07T14:41:02.290512407Z,16.282887,120.171443,Cloud to Ground,22196,0,13
2026-10-07T14:41:02.022452000Z,16.6,120.3958,Cloud to Ground,397,0,6
2026-10-07T14:41:02.003266969Z,15.113685,119.71847,Cloud to Cloud,6860,3635,9
2026-10-07T14:41:01.998776125Z,15.13818,119.737407,Cloud to Cloud,11099,7219,7
2026-10-07T14:41:02.035881309Z,15.125721,119.677507,Cloud to Cloud,23624,16316,8
2026-10-07T14:41:02.880061204Z,14.639023,119.091741,Cloud to Cloud,12309,9153,7
2026-10-07T14:41:02.225868000Z,8.8406,128.8801,Cloud to Ground,12670,0,7
2026-10-07T14:41:03.698094888Z,16.271704,120.250568,Cloud to Cloud,-6860,13505,6
2026-10-07T14:41:03.713938377Z,16.314388,120.171926,Cloud to Ground,-5123,0,6
2026-10-07T14:41:03.625397380Z,16.307149,120.104503,Cloud to Ground,14908,0,11
2026-10-07T14:41:05.566050225Z,14.43081,119.910233,Cloud to Cloud,13672,3027,8
2026-10-07T14:41:05.731286041Z,14.517506,119.771985,Cloud to Cloud,8309,4912,7
2026-10-07T14:41:05.163358000Z,14.666,118.8795,Cloud to Ground,-29473,0,10
2026-10-07T14:41:05.328707416Z,14.624829,118.84777,Cloud to Cloud,8704,16975,7
2026-10-07T14:41:05.364561891Z,14.680952,119.10072,Cloud to Ground,-15500,0,8
2026-10-07T14:41:05.584364000Z,14.7285,119.0896,Cloud to Ground,-7167,0,5
2026-10-07T14:41:05.367896328Z,14.722355,119.060756,Cloud to Cloud,17657,7572,8
2026-10-07T14:41:05.209242000Z,10.5135,125.3551,Cloud to Ground,-7272,0,6
2026-10-07T14:41:05.211236000Z,10.4849,125.2803,Cloud to Ground,11065,0,5
2026-10-07T14:41:06.525946899Z,1.009028,114.848163,Cloud to Ground,-9809,0,9
2026-10-07T14:41:06.150083094Z,0.9855,114.848856,Cloud to Ground,17423,0,16
2026-10-07T14:41:05.939725411Z,2.810033,116.858057,Cloud to Ground,-50542,0,24
2026-10-07T14:41:05.644525471Z,2.835276,116.794377,Cloud to Cloud,13787,19141,7
2026-10-07T14:41:06.020713628Z,2.750886,116.918265,Cloud to Ground,57807,0,13
2026-10-07T14:41:06.915778000Z,14.7243,118.8855,Cloud to Ground,-24894,0,8
2026-10-07T14:41:07.490582218Z,14.687644,119.029238,Cloud to Ground,-14251,0,6
2026-10-07T14:41:10.630761336Z,14.642025,118.91977,Cloud to Cloud,8577,3417,7
2026-10-07T14:41:12.198771697Z,0.953511,114.795295,Cloud to Ground,-18415,0,12
2026-10-07T14:41:13.309866661Z,16.262958,119.054987,Cloud to Ground,-88364,0,12
2026-10-07T14:41:13.660199814Z,16.248511,119.048789,Cloud to Ground,-39108,0,12
2026-10-07T14:41:13.397308106Z,16.272436,119.042659,Cloud to Ground,-36603,0,12
2026-10-07T14:41:13.450562182Z,16.257561,119.062397,Cloud to Ground,-25489,0,12
2026-10-07T14:41:13.861310147Z,16.242054,119.023891,Cloud to Ground,58809,0,8
2026-10-07T14:41:14.581555886Z,14.564218,119.062489,Cloud to Ground,-22475,0,7
2026-10-07T14:41:14.433424835Z,14.687949,119.010215,Cloud to Ground,-37099,0,13
2026-10-07T14:41:14.346942861Z,14.734868,119.078353,Cloud to Ground,-28413,0,11
2026-10-07T14:41:14.665103074Z,14.695124,119.099878,Cloud to Ground,-11800,0,6
2026-10-07T14:41:14.712860085Z,14.694194,119.098986,Cloud to Cloud,-10571,18488,6
2026-10-07T14:41:14.617822640Z,16.221216,120.085953,Cloud to Cloud,-7026,7848,9
2026-10-07T14:41:15.486561794Z,14.469594,118.702667,Cloud to Cloud,-4536,13303,7
2026-10-07T14:41:16.984201210Z,1.00208,114.911174,Cloud to Ground,16905,0,17
2026-10-07T14:41:16.682748700Z,14.671733,118.976074,Cloud to Cloud,-6155,18583,9
2026-10-07T14:41:16.150599683Z,14.642022,119.066984,Cloud to Ground,-12539,0,10
2026-10-07T14:41:18.532408000Z,17.2088,116.6833,Cloud to Ground,-6393,0,14
2026-10-07T14:41:18.530788402Z,17.140594,116.654967,Cloud to Cloud,14126,6171,10
2026-10-07T14:41:18.530093546Z,17.155208,116.640727,Cloud to Ground,38673,0,16
2026-10-07T14:41:18.696238704Z,17.1452,116.740147,Cloud to Ground,92791,0,10
2026-10-07T14:41:18.129579655Z,16.210325,120.229894,Cloud to Cloud,-18121,18376,8
2026-10-07T14:41:18.021324543Z,16.183683,120.239431,Cloud to Cloud,15120,5671,7
2026-10-07T14:41:19.786830210Z,14.650723,119.215571,Cloud to Cloud,5088,3041,9
2026-10-07T14:41:19.908108937Z,14.539649,118.984671,Cloud to Cloud,15624,16061,7
2026-10-07T14:41:19.987937564Z,14.456837,119.012324,Cloud to Cloud,28845,5317,6
2026-10-07T14:41:20.610835066Z,14.639941,118.826351,Cloud to Cloud,5872,9394,12
2026-10-07T14:41:19.694063515Z,14.755126,119.094283,Cloud to Ground,-22222,0,5
2026-10-07T14:41:19.785068384Z,14.767063,119.10519,Cloud to Ground,-20995,0,8
2026-10-07T14:41:19.769992692Z,14.625025,119.035736,Cloud to Cloud,-15075,3778,10
2026-10-07T14:41:19.641173126Z,14.720336,119.097637,Cloud to Ground,-12969,0,6
2026-10-07T14:41:20.147970481Z,14.744765,119.086798,Cloud to Ground,-12899,0,11
2026-10-07T14:41:20.238567635Z,14.746766,119.092342,Cloud to Ground,-12230,0,10
2026-10-07T14:41:19.942303758Z,14.7432,119.09152,Cloud to Ground,-10955,0,10
2026-10-07T14:41:20.319854219Z,14.722882,119.098101,Cloud to Cloud,-9232,12837,6
2026-10-07T14:41:19.977977313Z,14.72183,119.098471,Cloud to Cloud,-8069,17677,6
2026-10-07T14:41:19.813988459Z,14.722741,119.097364,Cloud to Cloud,-7589,4455,6
2026-10-07T14:41:20.191082491Z,14.72313,119.102247,Cloud to Cloud,-7523,4863,5
2026-10-07T14:41:19.727921945Z,14.720394,119.098543,Cloud to Cloud,-7062,4238,6
2026-10-07T14:41:20.364880006Z,14.715251,119.002941,Cloud to Ground,-6463,0,6
2026-10-07T14:41:19.730399180Z,14.73292,119.097764,Cloud to Cloud,-6434,11013,6
2026-10-07T14:41:19.964220641Z,14.654423,118.960572,Cloud to Cloud,10520,3006,8
2026-10-07T14:41:20.005952847Z,14.701928,118.997175,Cloud to Cloud,14054,3005,6
2026-10-07T14:41:19.574051575Z,14.638349,119.050604,Cloud to Cloud,16514,15228,6
2026-10-07T14:41:19.874900105Z,14.772187,119.098712,Cloud to Ground,18148,0,10
2026-10-07T14:41:20.050994218Z,14.781103,119.003356,Cloud to Cloud,27085,3024,7
2026-10-07T14:41:19.685527083Z,14.673665,118.960002,Cloud to Cloud,27644,4131,7
2026-10-07T14:41:20.094648041Z,14.789044,119.033383,Cloud to Ground,36875,0,7
2026-10-07T14:41:22.937056769Z,14.674503,118.972134,Cloud to Cloud,5269,16194,8
2026-10-07T14:41:22.903032000Z,14.8872,119.0518,Cloud to Ground,50105,0,7
2026-10-07T14:41:25.075462382Z,14.549116,119.930083,Cloud to Ground,-19855,0,7
2026-10-07T14:41:24.656962331Z,14.599397,119.929793,Cloud to Ground,-10660,0,13
2026-10-07T14:41:24.401210018Z,14.562972,119.846644,Cloud to Ground,-8595,0,10
2026-10-07T14:41:24.823840303Z,14.597929,119.932277,Cloud to Ground,-6629,0,11
2026-10-07T14:41:24.731766985Z,14.651968,119.845388,Cloud to Ground,27049,0,8
2026-10-07T14:41:24.170856135Z,14.619473,118.973474,Cloud to Cloud,-10088,4515,7
2026-10-07T14:41:24.247918364Z,14.701237,119.0043,Cloud to Cloud,6884,3028,6
2026-10-07T14:41:24.633681721Z,14.536774,119.084164,Cloud to Cloud,18758,3604,7
2026-10-07T14:41:24.250638417Z,14.661523,119.099928,Cloud to Cloud,8366,19716,6
2026-10-07T14:41:27.955951297Z,1.73744,115.810858,Cloud to Ground,43853,0,22
2026-10-07T14:41:27.941253262Z,1.74278,115.772138,Cloud to Ground,52574,0,13
2026-10-07T14:41:28.467354651Z,17.525782,121.887542,Cloud to Ground,-10471,0,9
2026-10-07T14:41:29.630981895Z,14.669535,118.961977,Cloud to Ground,-36607,0,13
2026-10-07T14:41:29.747259860Z,14.69426,119.030111,Cloud to Ground,-19270,0,10
2026-10-07T14:41:29.787884264Z,14.737602,118.960679,Cloud to Cloud,21610,5198,6
