timestamp,latitude,longitude,type,amplitude_ka,height_m,num_sensors
2026-09-18T05:00:55.113342021Z,8.686685,111.775453,Cloud to Ground,-27257,0,9
2026-09-18T05:00:55.084061394Z,8.664389,111.69727,Cloud to Ground,-23833,0,12
2026-09-18T05:00:55.173821559Z,8.713757,111.788982,Cloud to Ground,-16159,0,13
2026-09-18T05:00:55.084546664Z,8.7616,111.810872,Cloud to Ground,-15199,0,9
2026-09-18T05:00:55.121975522Z,8.732073,111.78521,Cloud to Ground,20099,0,9
2026-09-18T05:00:56.032999314Z,6.882876,111.290715,Cloud to Ground,-11346,0,8
2026-09-18T05:00:56.856456093Z,19.270548,111.676051,Cloud to Cloud,-24776,3031,8
2026-09-18T05:00:56.865721780Z,19.24251,111.56584,Cloud to Cloud,-8059,3318,7
2026-09-18T05:00:57.456201075Z,19.23159,111.581925,Cloud to Ground,12224,0,11
2026-09-18T05:00:57.535278792Z,19.234518,111.672488,Cloud to Ground,24565,0,8
2026-09-18T05:00:57.090316421Z,17.995396,112.700411,Cloud to Ground,11602,0,9
2026-09-18T05:00:57.092097192Z,17.864424,112.708086,Cloud to Cloud,21209,3068,10
2026-09-18T05:00:57.646949056Z,18.077097,112.572801,Cloud to Ground,-20728,0,10
2026-09-18T05:00:57.643986650Z,17.909593,112.829992,Cloud to Cloud,-52435,3000,11
2026-09-18T05:00:57.721466327Z,17.920539,112.822002,Cloud to Ground,-16356,0,7
2026-09-18T05:00:57.641229003Z,17.997682,112.810742,Cloud to Cloud,-9784,19974,6
2026-09-18T05:00:57.090855809Z,17.979744,112.801016,Cloud to Ground,10141,0,7
2026-09-18T05:00:57.383352000Z,17.9051,112.8183,Cloud to Ground,70890,0,11
2026-09-18T05:00:59.495409000Z,14.0408,122.8135,Cloud to Ground,-21342,0,5
2026-09-18T05:00:59.827074427Z,14.034931,122.825502,Cloud to Ground,-19334,0,12
2026-09-18T05:00:59.549210151Z,14.033658,122.828053,Cloud to Ground,-18183,0,9
2026-09-18T05:00:59.834812996Z,13.998034,122.829328,Cloud to Ground,-8747,0,7
2026-09-18T05:00:59.594730947Z,14.024117,122.806671,Cloud to Cloud,7455,7614,8
2026-09-18T05:00:59.468398112Z,13.9607,122.844983,Cloud to Cloud,7654,6306,8
2026-09-18T05:00:59.902027187Z,13.984855,122.767411,Cloud to Cloud,13720,19158,7
2026-09-18T05:01:02.421403594Z,13.937125,122.295344,Cloud to Ground,-77006,0,11
2026-09-18T05:01:02.412699640Z,13.865746,122.31113,Cloud to Ground,-18291,0,8
2026-09-18T05:01:02.413144479Z,13.869718,122.305646,Cloud to Ground,-12056,0,9
2026-09-18T05:01:02.411349656Z,13.870485,122.310348,Cloud to Cloud,-11841,13530,9
2026-09-18T05:01:02.651729255Z,13.911189,122.256546,Cloud to Cloud,-6473,15967,6
2026-09-18T05:01:03.503924041Z,18.050913,112.485217,Cloud to Cloud,-11280,4776,6
2026-09-18T05:01:05.090085641Z,6.59091,110.303668,Cloud to Ground,-51525,0,26
2026-09-18T05:01:07.022675095Z,8.79273,111.75216,Cloud to Ground,-20413,0,15
2026-09-18T05:01:06.923635035Z,8.691728,111.683751,Cloud to Cloud,-11027,12638,6
2026-09-18T05:01:07.133452438Z,8.730369,111.722524,Cloud to Cloud,7459,5638,7
2026-09-18T05:01:07.296819727Z,8.739177,111.812059,Cloud to Ground,8471,0,6
2026-09-18T05:01:06.955746999Z,8.706526,111.768703,Cloud to Ground,25379,0,11
2026-09-18T05:01:07.129532000Z,8.7509,111.7482,Cloud to Ground,26699,0,6
2026-09-18T05:01:07.266280000Z,8.7103,111.7721,Cloud to Ground,46309,0,11
2026-09-18T05:01:08.290049673Z,6.9916,111.925361,Cloud to Cloud,-24070,16341,11
2026-09-18T05:01:08.441030491Z,7.072778,111.866655,Cloud to Ground,-16521,0,12
2026-09-18T05:01:08.317094301Z,7.053617,111.923116,Cloud to Cloud,-11756,4458,10
2026-09-18T05:01:08.311015376Z,6.992425,111.906777,Cloud to Cloud,-10106,7412,7
2026-09-18T05:01:08.291378000Z,7.1181,111.8794,Cloud to Ground,-9492,0,5
2026-09-18T05:01:08.307453228Z,7.009755,111.928769,Cloud to Ground,-7464,0,6
2026-09-18T05:01:08.346790387Z,7.022278,111.909739,Cloud to Ground,18979,0,8
2026-09-18T05:01:10.781618140Z,12.179438,125.472668,Cloud to Cloud,9122,19037,9
2026-09-18T05:01:12.604642618Z,6.791707,112.467443,Cloud to Ground,-10473,0,7
2026-09-18T05:01:13.514234686Z,6.944076,111.34474,Cloud to Cloud,-22489,19317,21
2026-09-18T05:01:13.736974485Z,6.873868,111.334795,Cloud to Ground,9469,0,7
2026-09-18T05:01:13.662658883Z,6.879684,111.337212,Cloud to Ground,9824,0,7
2026-09-18T05:01:13.802739000Z,6.914,111.2419,Cloud to Ground,18776,0,6
2026-09-18T05:01:13.493591904Z,8.794909,111.707569,Cloud to Ground,-20163,0,13
2026-09-18T05:01:13.460257659Z,8.709737,111.665684,Cloud to Cloud,14410,3110,6
2026-09-18T05:01:13.708634917Z,8.706296,111.78949,Cloud to Ground,14521,0,7
2026-09-18T05:01:13.512712790Z,8.751441,111.752196,Cloud to Ground,16149,0,9
2026-09-18T05:01:13.105450373Z,8.758424,111.662744,Cloud to Ground,22727,0,12
2026-09-18T05:01:14.258668000Z,10.672565,119.505399,Cloud to Cloud,16593,19706,9
2026-09-18T05:01:14.422756403Z,10.774651,119.476081,Cloud to Ground,-18778,0,11
2026-09-18T05:01:14.257325171Z,10.780363,119.428612,Cloud to Cloud,15465,18162,8
2026-09-18T05:01:16.859778889Z,9.254977,126.118822,Cloud to Ground,-27984,0,11
2026-09-18T05:01:17.261225321Z,6.913306,111.302971,Cloud to Ground,-30105,0,9
2026-09-18T05:01:17.235081777Z,6.890699,111.293384,Cloud to Ground,-27860,0,7
2026-09-18T05:01:19.069495380Z,8.75532,117.544736,Cloud to Ground,21956,0,11
2026-09-18T05:01:19.067232752Z,18.024364,113.348721,Cloud to Cloud,-11059,3216,10
2026-09-18T05:01:20.070352938Z,8.513374,111.945213,Cloud to Ground,-19703,0,11
2026-09-18T05:01:20.067769000Z,8.4274,111.9217,Cloud to Ground,82195,0,5
2026-09-18T05:01:19.890220430Z,6.627897,110.079972,Cloud to Ground,-17286,0,8
2026-09-18T05:01:20.205414559Z,6.657864,110.159435,Cloud to Ground,14716,0,6
2026-09-18T05:01:20.089096060Z,6.677047,110.170234,Cloud to Ground,37196,0,10
2026-09-18T05:01:20.967782902Z,14.617005,120.977149,Cloud to Ground,-11826,0,11
2026-09-18T05:01:21.121222431Z,14.61861,120.978471,Cloud to Ground,-8810,0,10
2026-09-18T05:01:20.145579000Z,6.6701,110.2918,Cloud to Ground,17763,0,6
2026-09-18T05:01:23.170174308Z,13.599211,123.363665,Cloud to Ground,-28182,0,15
2026-09-18T05:01:23.297608823Z,13.596832,123.360376,Cloud to Ground,-19497,0,11
2026-09-18T05:01:26.670522671Z,6.852687,111.280759,Cloud to Ground,-18825,0,6
2026-09-18T05:01:26.188466767Z,18.140952,115.142622,Cloud to Ground,-12061,0,9
2026-09-18T05:01:26.091157662Z,18.131048,115.140667,Cloud to Cloud,3334,3020,6
2026-09-18T05:01:25.860457032Z,18.101683,115.102364,Cloud to Cloud,4321,7835,8
2026-09-18T05:01:26.038152615Z,18.138567,115.165237,Cloud to Ground,10725,0,12
2026-09-18T05:01:25.858577777Z,18.147643,115.248516,Cloud to Ground,11979,0,9
2026-09-18T05:01:27.618184000Z,8.6988,111.5765,Cloud to Ground,20873,0,5
2026-09-18T05:01:27.797880398Z,8.701587,111.781246,Cloud to Ground,16802,0,14
2026-09-18T05:01:27.544771365Z,8.698288,111.747512,Cloud to Ground,22172,0,9
2026-09-18T05:01:27.648029866Z,8.723268,111.794049,Cloud to Ground,25882,0,9
2026-09-18T05:01:27.707900091Z,8.702005,111.743212,Cloud to Ground,27242,0,9
2026-09-18T05:01:27.847907849Z,8.718673,111.772484,Cloud to Ground,32204,0,8
2026-09-18T05:01:27.325249396Z,18.913408,112.905039,Cloud to Ground,109864,0,13
2026-09-18T05:01:27.317709114Z,18.904734,113.023433,Cloud to Cloud,-54964,10121,17
2026-09-18T05:01:28.265830370Z,7.543966,126.038951,Cloud to Ground,-14025,0,21
2026-09-18T05:01:28.337069525Z,7.565007,126.046206,Cloud to Ground,-13096,0,8
2026-09-18T05:01:29.979257417Z,9.071979,126.05984,Cloud to Ground,9516,0,10
2026-09-18T05:01:29.707268491Z,18.536902,110.702706,Cloud to Ground,18569,0,9
2026-09-18T05:01:33.872650872Z,18.428889,110.51835,Cloud to Ground,-10314,0,9
2026-09-18T05:01:33.909933291Z,18.41017,110.468058,Cloud to Ground,20887,0,11
2026-09-18T05:01:33.871962278Z,18.403646,110.467348,Cloud to Ground,34826,0,14
2026-09-18T05:01:33.870093756Z,18.424946,110.46174,Cloud to Ground,76919,0,20
2026-09-18T05:01:35.132709705Z,7.747424,110.001999,Cloud to Ground,-30703,0,11
2026-09-18T05:01:35.214411557Z,7.75169,110.022503,Cloud to Ground,-14776,0,24
2026-09-18T05:01:36.372696965Z,17.970438,112.689933,Cloud to Ground,-19023,0,7
2026-09-18T05:01:36.653568418Z,17.98481,112.666165,Cloud to Ground,-17648,0,12
2026-09-18T05:01:36.994589391Z,17.97737,112.675669,Cloud to Ground,-17102,0,10
2026-09-18T05:01:36.887803696Z,17.988171,112.680123,Cloud to Ground,-8503,0,6
2026-09-18T05:01:36.341824826Z,17.955282,112.695794,Cloud to Ground,22383,0,13
2026-09-18T05:01:36.357429840Z,17.926458,112.516506,Cloud to Cloud,24306,5886,9
2026-09-18T05:01:37.850087911Z,7.248256,112.505761,Cloud to Ground,-103487,0,15
2026-09-18T05:01:37.216264496Z,6.966287,112.290471,Cloud to Ground,24683,0,8
2026-09-18T05:01:37.501767969Z,7.035521,112.36329,Cloud to Ground,-86989,0,12
2026-09-18T05:01:37.330381748Z,7.017395,112.383066,Cloud to Cloud,-20559,3020,7
2026-09-18T05:01:37.181731588Z,6.918081,111.657295,Cloud to Ground,15023,0,8
2026-09-18T05:01:38.660118224Z,6.9187,111.317839,Cloud to Ground,-18383,0,6
2026-09-18T05:01:38.372440552Z,6.847915,111.236006,Cloud to Ground,-12976,0,10
2026-09-18T05:01:38.679982372Z,6.891071,111.291053,Cloud to Ground,-10521,0,9
2026-09-18T05:01:38.395653634Z,6.881427,111.292852,Cloud to Cloud,14936,3011,7
2026-09-18T05:01:40.398857305Z,8.612629,112.178019,Cloud to Cloud,-9499,5393,6
2026-09-18T05:01:40.555237196Z,8.591417,112.1612,Cloud to Ground,-7165,0,7
2026-09-18T05:01:40.556636258Z,8.488929,112.149326,Cloud to Ground,10279,0,8
2026-09-18T05:01:40.429497990Z,8.479974,112.080756,Cloud to Ground,12396,0,8
2026-09-18T05:01:42.998390913Z,6.908299,111.484196,Cloud to Ground,28990,0,20
2026-09-18T05:01:42.490879576Z,12.393665,125.223054,Cloud to Ground,-17354,0,13
2026-09-18T05:01:42.314274995Z,12.416422,125.257004,Cloud to Cloud,13708,18265,7
2026-09-18T05:01:42.277303915Z,12.381551,125.286466,Cloud to Cloud,14773,10469,10
2026-09-18T05:01:42.273843441Z,12.424877,125.321602,Cloud to Cloud,73372,11134,10
2026-09-18T05:01:44.128180860Z,8.763163,111.759703,Cloud to Ground,20512,0,10
2026-09-18T05:01:46.426381132Z,19.259098,111.656438,Cloud to Ground,-37253,0,14
2026-09-18T05:01:46.473055016Z,19.297773,111.600944,Cloud to Cloud,-9690,5631,6
2026-09-18T05:01:46.587269000Z,19.1915,111.7419,Cloud to Ground,121992,0,5
2026-09-18T05:01:49.596369338Z,14.010082,122.765281,Cloud to Ground,-25472,0,12
2026-09-18T05:01:49.790425927Z,14.011943,122.779608,Cloud to Ground,-24069,0,11
2026-09-18T05:01:49.633463990Z,14.009754,122.771972,Cloud to Ground,-23630,0,10
2026-09-18T05:01:49.670071034Z,14.083264,122.751477,Cloud to Ground,-21271,0,20
2026-09-18T05:01:51.969162193Z,18.306804,111.701928,Cloud to Ground,-43680,0,14
2026-09-18T05:01:51.712213789Z,18.310373,111.697251,Cloud to Ground,-42629,0,17
2026-09-18T05:01:52.188511009Z,18.304232,111.732635,Cloud to Ground,-34059,0,9
2026-09-18T05:01:51.741522943Z,18.294157,111.702163,Cloud to Cloud,-33152,3623,11
2026-09-18T05:01:51.780706523Z,18.299086,111.696396,Cloud to Ground,16270,0,14
2026-09-18T05:01:52.189243272Z,18.269629,111.678356,Cloud to Ground,17328,0,10
2026-09-18T05:01:52.340783409Z,18.308129,111.617408,Cloud to Ground,30885,0,12
2026-09-18T05:01:51.680384842Z,18.285183,111.70096,Cloud to Ground,55255,0,11
2026-09-18T05:01:51.765616715Z,18.312656,111.705484,Cloud to Ground,67471,0,17
2026-09-18T05:01:51.741983925Z,18.290898,111.693463,Cloud to Ground,97977,0,10
2026-09-18T05:01:52.162171458Z,7.906461,111.194138,Cloud to Ground,12586,0,8
2026-09-18T05:01:52.302806009Z,6.878189,111.307692,Cloud to Ground,-18189,0,20
2026-09-18T05:01:52.558989000Z,7.997,111.2732,Cloud to Ground,13718,0,6
2026-09-18T05:01:58.504625086Z,8.709378,111.777734,Cloud to Ground,58168,0,6
2026-09-18T05:01:58.775321676Z,13.921872,122.773567,Cloud to Cloud,11098,18195,8
2026-09-18T05:01:58.792195946Z,13.904227,122.252144,Cloud to Ground,-128209,0,15
2026-09-18T05:01:58.944668189Z,13.910872,122.278403,Cloud to Ground,-26966,0,13
2026-09-18T05:01:59.068864818Z,13.874216,122.326354,Cloud to Cloud,-21875,7039,11
2026-09-18T05:01:59.074399915Z,13.836408,122.319592,Cloud to Cloud,-19398,4598,7
2026-09-18T05:01:58.782955458Z,13.876507,122.304335,Cloud to Cloud,-15812,17051,7
2026-09-18T05:01:58.949500291Z,13.866445,122.316372,Cloud to Cloud,-13977,3014,9
2026-09-18T05:01:58.887136445Z,13.870085,122.307046,Cloud to Cloud,-13102,3004,10
2026-09-18T05:01:59.215713837Z,13.940713,122.234948,Cloud to Cloud,-6012,7748,9
2026-09-18T05:01:59.722832360Z,6.824614,112.381483,Cloud to Cloud,13225,7076,7
2026-09-18T05:01:59.589238780Z,6.841369,112.415133,Cloud to Ground,15998,0,8
2026-09-18T05:01:59.560143881Z,6.840568,112.466612,Cloud to Ground,38461,0,15
2026-09-18T05:01:59.494893476Z,6.850454,112.450161,Cloud to Ground,103895,0,20
2026-09-18T05:01:59.572883622Z,6.98965,112.45863,Cloud to Ground,-22911,0,13
2026-09-18T05:02:00.360538235Z,9.147717,125.996292,Cloud to Cloud,9953,7052,7
2026-09-18T05:02:00.293536509Z,9.183745,125.989937,Cloud to Cloud,13774,18680,7
2026-09-18T05:02:00.408707297Z,13.768153,123.391387,Cloud to Ground,-55245,0,8
2026-09-18T05:02:00.414655342Z,13.837161,123.358612,Cloud to Ground,-44055,0,12
2026-09-18T05:02:01.206255609Z,13.91016,123.382758,Cloud to Cloud,-16904,16688,12
2026-09-18T05:02:00.656511247Z,13.854607,123.423091,Cloud to Ground,-15353,0,8
2026-09-18T05:02:00.773181939Z,13.859815,123.32675,Cloud to Ground,-11438,0,9
2026-09-18T05:02:01.005934258Z,13.901049,123.357028,Cloud to Ground,33346,0,8
2026-09-18T05:02:00.364807000Z,6.6404,110.1632,Cloud to Ground,41796,0,6
2026-09-18T05:02:00.192531000Z,6.5473,110.2263,Cloud to Ground,39359,0,6
2026-09-18T05:02:02.881566724Z,6.880635,111.28907,Cloud to Ground,42948,0,13
2026-09-18T05:02:02.969120451Z,8.817901,113.952845,Cloud to Cloud,15251,3007,7
2026-09-18T05:02:03.077578018Z,8.780481,113.817596,Cloud to Cloud,8907,3116,7
2026-09-18T05:02:02.968035886Z,8.750051,113.879786,Cloud to Ground,22273,0,11
2026-09-18T05:02:05.566997014Z,14.628358,120.975801,Cloud to Ground,-23476,0,13
2026-09-18T05:02:05.484872549Z,14.626931,120.970555,Cloud to Ground,-16360,0,12
2026-09-18T05:02:05.803590762Z,14.620327,120.993528,Cloud to Ground,-14652,0,13
2026-09-18T05:02:05.730762098Z,14.621876,120.993374,Cloud to Ground,-12809,0,12
2026-09-18T05:02:06.335673664Z,14.623452,120.990329,Cloud to Cloud,-10341,9146,7
2026-09-18T05:02:06.351357548Z,14.619482,120.992134,Cloud to Ground,-8125,0,10
2026-09-18T05:02:05.968393474Z,14.619915,120.990933,Cloud to Ground,-7356,0,13
2026-09-18T05:02:05.842365642Z,14.620057,120.990179,Cloud to Ground,-6536,0,8
2026-09-18T05:02:06.394088463Z,14.625591,121.00591,Cloud to Ground,-5097,0,7
2026-09-18T05:02:05.804219072Z,14.584326,120.993625,Cloud to Cloud,13143,17667,12
2026-09-18T05:02:07.261458127Z,6.841646,111.166969,Cloud to Ground,8635,0,7
2026-09-18T05:02:07.255284837Z,6.834913,111.187016,Cloud to Cloud,13843,3018,8
2026-09-18T05:02:07.366313168Z,6.825749,111.183423,Cloud to Ground,22895,0,8
2026-09-18T05:02:07.308839569Z,6.884328,111.298124,Cloud to Ground,-19526,0,9
2026-09-18T05:02:07.273960999Z,6.881204,111.284766,Cloud to Ground,-9092,0,7
2026-09-18T05:02:11.975732441Z,8.790546,111.694626,Cloud to Ground,42007,0,22
2026-09-18T05:02:12.975162909Z,8.721382,111.7714,Cloud to Ground,-10432,0,11
2026-09-18T05:02:13.186203567Z,13.928896,122.25,Cloud to Ground,-21584,0,11
2026-09-18T05:02:14.746508913Z,7.629851,110.003018,Cloud to Ground,-57723,0,25
2026-09-18T05:02:15.965418104Z,8.755195,111.759809,Cloud to Cloud,18920,7541,10
2026-09-18T05:02:17.763417996Z,6.815063,111.158182,Cloud to Ground,-13343,0,9
2026-09-18T05:02:21.237309579Z,13.526566,123.238934,Cloud to Cloud,7548,5312,10
2026-09-18T05:02:24.390092913Z,8.714218,111.691972,Cloud to Cloud,-35147,10783,14
2026-09-18T05:02:24.276114684Z,8.705758,111.781671,Cloud to Ground,-32641,0,11
2026-09-18T05:02:24.483346764Z,8.709267,111.753731,Cloud to Ground,-23193,0,7
2026-09-18T05:02:24.242402642Z,8.660619,111.697603,Cloud to Cloud,-17545,14003,12
2026-09-18T05:02:24.253425118Z,8.691121,111.771479,Cloud to Cloud,-12376,13031,9
2026-09-18T05:02:24.659308813Z,8.692762,111.775572,Cloud to Ground,16698,0,7
2026-09-18T05:02:24.913143698Z,19.263718,111.642282,Cloud to Cloud,-33845,3043,8
2026-09-18T05:02:24.995295208Z,19.274172,111.633433,Cloud to Ground,-21811,0,10
2026-09-18T05:02:25.255491889Z,19.246565,111.662278,Cloud to Cloud,12563,12300,8
2026-09-18T05:02:25.027079238Z,19.254012,111.654915,Cloud to Cloud,13252,10968,7
2026-09-18T05:02:24.936256620Z,19.260042,111.628069,Cloud to Ground,18211,0,8
2026-09-18T05:02:26.963892786Z,6.893207,111.275714,Cloud to Ground,-28969,0,8
2026-09-18T05:02:26.948895266Z,6.899916,111.146152,Cloud to Ground,13986,0,14
2026-09-18T05:02:26.809864894Z,14.245585,120.706605,Cloud to Cloud,-15006,8958,8
2026-09-18T05:02:27.596950997Z,8.738459,111.987652,Cloud to Ground,-71640,0,12
2026-09-18T05:02:27.599979306Z,8.726884,111.997889,Cloud to Ground,-31172,0,9
2026-09-18T05:02:27.595436248Z,8.763317,111.996851,Cloud to Ground,64974,0,11
2026-09-18T05:02:27.594988615Z,8.735467,111.961529,Cloud to Ground,69858,0,16
2026-09-18T05:02:30.380620360Z,8.720322,111.789805,Cloud to Ground,-14309,0,8
2026-09-18T05:02:31.990234866Z,14.651203,120.94668,Cloud to Ground,-12093,0,9
2026-09-18T05:02:31.828122815Z,14.640434,120.968042,Cloud to Cloud,3247,16291,6
2026-09-18T05:02:33.226818756Z,18.013816,112.607667,Cloud to Cloud,-14934,5190,9
2026-09-18T05:02:33.596249096Z,18.014418,112.656118,Cloud to Cloud,-7685,3026,8
2026-09-18T05:02:33.059943743Z,18.016851,112.602552,Cloud to Cloud,-7680,3102,7
2026-09-18T05:02:33.376500367Z,17.988609,112.582308,Cloud to Cloud,7359,18152,6
2026-09-18T05:02:33.820141630Z,14.83707,120.761939,Cloud to Cloud,-5209,4461,7
2026-09-18T05:02:34.801811343Z,6.895608,111.292644,Cloud to Ground,-9727,0,8
2026-09-18T05:02:36.928691713Z,8.753297,111.747771,Cloud to Ground,-8854,0,6
2026-09-18T05:02:41.459195019Z,12.432632,125.280688,Cloud to Cloud,8323,14999,12
2026-09-18T05:02:42.220400619Z,6.744283,112.451908,Cloud to Ground,-20033,0,11
2026-09-18T05:02:42.233293527Z,6.7248,112.408335,Cloud to Ground,-13006,0,7
2026-09-18T05:02:42.600033010Z,6.807176,112.461413,Cloud to Ground,18151,0,10
2026-09-18T05:02:42.219566638Z,6.778414,112.448081,Cloud to Ground,19264,0,9
2026-09-18T05:02:43.389407973Z,6.911755,111.644989,Cloud to Ground,17738,0,7
2026-09-18T05:02:43.329746370Z,12.901048,114.566499,Cloud to Ground,-6538,0,6
2026-09-18T05:02:45.915111763Z,6.879867,111.307471,Cloud to Ground,-11645,0,7
2026-09-18T05:02:46.494101864Z,9.22397,126.002719,Cloud to Cloud,11350,16424,11
2026-09-18T05:02:46.941713223Z,14.591285,120.995532,Cloud to Cloud,14726,15916,11
2026-09-18T05:02:50.676942667Z,7.446454,112.332207,Cloud to Cloud,10867,9497,9
2026-09-18T05:02:50.188493873Z,7.248812,112.2129,Cloud to Ground,-50076,0,11
2026-09-18T05:02:50.194974501Z,7.327466,112.244587,Cloud to Ground,-21138,0,10
2026-09-18T05:02:50.189246980Z,7.268027,112.233805,Cloud to Ground,-18125,0,8
2026-09-18T05:02:50.257267902Z,7.311756,112.275679,Cloud to Ground,-13288,0,7
2026-09-18T05:02:50.192162017Z,7.278762,112.239667,Cloud to Ground,20344,0,10
2026-09-18T05:02:50.882254000Z,7.442,112.1914,Cloud to Ground,24880,0,6
2026-09-18T05:02:50.463433447Z,8.714337,111.794682,Cloud to Ground,-7747,0,6
2026-09-18T05:02:50.260411060Z,8.763839,111.799619,Cloud to Ground,29457,0,9
2026-09-18T05:02:50.300938265Z,8.679932,111.672909,Cloud to Ground,19485,0,11
2026-09-18T05:02:50.546233200Z,7.248796,112.049382,Cloud to Ground,-9750,0,7
2026-09-18T05:02:50.540618497Z,7.264892,112.029132,Cloud to Ground,8089,0,7
2026-09-18T05:02:51.019610087Z,7.205047,112.025393,Cloud to Ground,11376,0,7
2026-09-18T05:02:51.036669368Z,7.212263,112.101768,Cloud to Ground,31961,0,8
2026-09-18T05:02:52.097534546Z,9.061397,126.05467,Cloud to Cloud,8660,11252,7
2026-09-18T05:02:52.228655805Z,9.445377,125.702395,Cloud to Cloud,-8125,7580,8
2026-09-18T05:02:54.451984864Z,7.888716,111.193563,Cloud to Ground,22538,0,9
2026-09-18T05:02:54.838975445Z,6.873035,111.280716,Cloud to Ground,-29333,0,17
2026-09-18T05:02:54.881684501Z,6.935499,111.23404,Cloud to Ground,-23291,0,14
2026-09-18T05:02:54.975062028Z,6.898389,111.296868,Cloud to Ground,8432,0,7
2026-09-18T05:02:54.933849155Z,6.901377,111.303248,Cloud to Ground,12783,0,8
2026-09-18T05:02:54.906471522Z,6.900775,111.299944,Cloud to Ground,18902,0,7
2026-09-18T05:02:56.547889374Z,7.663411,111.452383,Cloud to Cloud,-22467,3057,7
2026-09-18T05:02:57.295965976Z,8.530969,112.094394,Cloud to Ground,24179,0,10
2026-09-18T05:02:57.438957994Z,7.484994,111.603831,Cloud to Ground,-140772,0,26
2026-09-18T05:02:57.157920116Z,18.899223,112.99401,Cloud to Ground,-75167,0,15
2026-09-18T05:02:57.184580883Z,18.903298,112.995066,Cloud to Ground,-20127,0,9
2026-09-18T05:02:57.604686935Z,18.903806,113.02586,Cloud to Cloud,17520,3555,6
2026-09-18T05:02:57.576612064Z,18.899201,113.020018,Cloud to Ground,26973,0,10
2026-09-18T05:02:58.762558391Z,6.900197,111.329981,Cloud to Ground,9834,0,7
2026-09-18T05:02:58.691207700Z,6.902535,111.328927,Cloud to Ground,10231,0,8
2026-09-18T05:02:58.847420909Z,6.862078,111.314178,Cloud to Ground,27997,0,6
2026-09-18T05:02:58.363554000Z,6.8924,111.2683,Cloud to Ground,51110,0,5
2026-09-18T05:02:58.425228326Z,6.886015,111.32437,Cloud to Ground,53960,0,17
2026-09-18T05:02:58.614899030Z,17.969515,112.754841,Cloud to Ground,-11218,0,7
2026-09-18T05:02:58.841939070Z,17.991164,112.712965,Cloud to Cloud,-6532,12037,7
2026-09-18T05:02:58.302589903Z,17.996508,112.792938,Cloud to Ground,5938,0,7
2026-09-18T05:02:58.306727081Z,17.969983,112.765917,Cloud to Ground,18385,0,8
2026-09-18T05:02:58.785144607Z,17.988236,112.625643,Cloud to Ground,23801,0,8
2026-09-18T05:02:58.304830479Z,17.982676,112.688549,Cloud to Ground,24086,0,14
2026-09-18T05:02:59.812257004Z,7.667979,110.011963,Cloud to Ground,14079,0,8
2026-09-18T05:02:59.722983339Z,7.691185,110.01269,Cloud to Ground,29446,0,8
2026-09-18T05:02:59.734037415Z,11.047246,118.069628,Cloud to Cloud,16716,11376,9
2026-09-18T05:03:00.500758584Z,8.774353,111.763547,Cloud to Ground,26890,0,13
2026-09-18T05:03:00.828299470Z,8.690052,111.679153,Cloud to Cloud,9857,17804,6
2026-09-18T05:03:00.958821601Z,8.714962,111.690582,Cloud to Cloud,15465,3292,7
2026-09-18T05:03:01.232888312Z,6.87591,111.295586,Cloud to Ground,-11670,0,6
2026-09-18T05:03:01.215249027Z,6.868294,111.294108,Cloud to Cloud,-10794,3013,6
2026-09-18T05:03:01.184260093Z,6.911326,111.212464,Cloud to Ground,60296,0,17
2026-09-18T05:03:01.861307676Z,12.206794,125.462266,Cloud to Ground,11963,0,7
2026-09-18T05:03:02.816246687Z,14.668244,120.941868,Cloud to Ground,-13683,0,12
2026-09-18T05:03:02.843900230Z,14.671539,120.945776,Cloud to Ground,-5869,0,8
2026-09-18T05:03:03.145907295Z,19.352591,111.634858,Cloud to Ground,-38368,0,14
2026-09-18T05:03:03.183275427Z,19.372751,111.623304,Cloud to Ground,-28970,0,11
2026-09-18T05:03:03.097589054Z,19.337252,111.561586,Cloud to Cloud,-6993,6219,7
2026-09-18T05:03:03.127561866Z,19.378105,111.618612,Cloud to Cloud,15557,4857,7
2026-09-18T05:03:03.247773110Z,19.347234,111.481358,Cloud to Ground,28407,0,9
2026-09-18T05:03:03.104728000Z,19.3564,111.6404,Cloud to Ground,347241,0,10
2026-09-18T05:03:04.111036282Z,14.026171,122.779149,Cloud to Cloud,-5725,5115,9
2026-09-18T05:03:05.377248502Z,6.622746,110.740737,Cloud to Ground,-11142,0,7
2026-09-18T05:03:05.359702895Z,6.627629,110.754618,Cloud to Ground,17177,0,9
2026-09-18T05:03:05.358183457Z,6.634157,110.667168,Cloud to Ground,19846,0,8
2026-09-18T05:03:05.358780481Z,6.619098,110.747817,Cloud to Ground,20690,0,11
2026-09-18T05:03:08.308095587Z,13.922022,122.278588,Cloud to Ground,-104058,0,8
2026-09-18T05:03:08.618123000Z,13.9221,122.2378,Cloud to Ground,-22536,0,5
2026-09-18T05:03:08.619424138Z,13.933393,122.257841,Cloud to Ground,-10825,0,9
2026-09-18T05:03:08.323228937Z,13.915839,122.238641,Cloud to Cloud,4897,6438,8
2026-09-18T05:03:08.698713305Z,13.840956,122.206659,Cloud to Cloud,7430,10922,13
2026-09-18T05:03:08.233246514Z,18.655134,110.730251,Cloud to Ground,7379,0,7
2026-09-18T05:03:08.021981576Z,19.263937,111.604284,Cloud to Ground,-20298,0,10
2026-09-18T05:03:08.363339849Z,19.267112,111.602196,Cloud to Ground,-15422,0,6
2026-09-18T05:03:08.280332794Z,19.242422,111.628465,Cloud to Cloud,12135,19214,6
2026-09-18T05:03:08.253595713Z,19.299857,111.574455,Cloud to Cloud,13480,3114,8
2026-09-18T05:03:08.176055570Z,19.265693,111.605288,Cloud to Ground,13661,0,8
2026-09-18T05:03:09.859074162Z,6.90682,111.304371,Cloud to Ground,20709,0,7
2026-09-18T05:03:09.791784212Z,6.894772,111.165555,Cloud to Ground,-29849,0,15
2026-09-18T05:03:09.990547780Z,8.213122,117.127622,Cloud to Cloud,-14929,12839,13
2026-09-18T05:03:10.057301272Z,8.235048,117.108061,Cloud to Cloud,-14197,3034,11
2026-09-18T05:03:09.992444505Z,8.261572,117.101156,Cloud to Cloud,-13764,7115,8
2026-09-18T05:03:10.032637744Z,8.182921,117.142155,Cloud to Cloud,-9600,6878,7
2026-09-18T05:03:10.543515973Z,8.522183,112.225244,Cloud to Ground,9767,0,7
2026-09-18T05:03:10.544222758Z,8.515882,112.25,Cloud to Ground,15620,0,11
2026-09-18T05:03:10.546104027Z,8.504444,112.226082,Cloud to Ground,31403,0,12
2026-09-18T05:03:10.293261570Z,13.896331,122.811616,Cloud to Cloud,-13520,3019,7
2026-09-18T05:03:10.128477925Z,13.905427,122.804238,Cloud to Cloud,11725,18245,6
2026-09-18T05:03:10.310133725Z,13.902061,122.800698,Cloud to Cloud,13822,14190,9
2026-09-18T05:03:12.051143850Z,9.222016,125.862198,Cloud to Ground,-10818,0,10
2026-09-18T05:03:11.983039000Z,9.2345,125.9978,Cloud to Ground,-53148,0,6
2026-09-18T05:03:12.190691485Z,9.216803,126.004416,Cloud to Ground,-34618,0,23
2026-09-18T05:03:14.013946797Z,8.604877,110.142643,Cloud to Ground,21907,0,9
2026-09-18T05:03:14.015263885Z,8.599293,110.127805,Cloud to Ground,31883,0,12
2026-09-18T05:03:16.447239931Z,6.730556,110.029817,Cloud to Ground,-30459,0,16
2026-09-18T05:03:16.444109054Z,6.777396,110.086766,Cloud to Ground,-16574,0,9
2026-09-18T05:03:16.460016288Z,6.702913,110.173348,Cloud to Ground,-13255,0,6
2026-09-18T05:03:16.449004337Z,6.779142,110.131839,Cloud to Ground,-12315,0,11
2026-09-18T05:03:16.445235572Z,6.689382,110.078112,Cloud to Ground,63474,0,8
2026-09-18T05:03:18.340192341Z,8.818544,111.810242,Cloud to Ground,-10078,0,8
2026-09-18T05:03:22.079958551Z,12.435126,125.274274,Cloud to Cloud,6156,14019,7
2026-09-18T05:03:22.308258233Z,12.42058,125.238864,Cloud to Cloud,8627,18436,7
2026-09-18T05:03:22.091403438Z,12.427837,125.28292,Cloud to Cloud,9555,19919,12
2026-09-18T05:03:24.440600400Z,6.904373,111.183201,Cloud to Ground,-27091,0,10
2026-09-18T05:03:24.537201204Z,6.881665,111.32234,Cloud to Ground,35077,0,20
2026-09-18T05:03:25.193078093Z,7.675392,110.00177,Cloud to Ground,-23807,0,11
2026-09-18T05:03:26.540529608Z,8.689386,111.650307,Cloud to Ground,-32715,0,8
2026-09-18T05:03:26.219817748Z,8.696289,111.764678,Cloud to Ground,-31230,0,11
2026-09-18T05:03:26.598116806Z,8.703471,111.76681,Cloud to Ground,7993,0,8
2026-09-18T05:03:26.756659269Z,8.714589,111.787255,Cloud to Ground,10538,0,9
2026-09-18T05:03:26.271490489Z,8.707081,111.779717,Cloud to Ground,15460,0,12
2026-09-18T05:03:26.110612514Z,8.647769,111.698048,Cloud to Ground,34420,0,9
2026-09-18T05:03:26.764425747Z,7.127645,112.648921,Cloud to Ground,-20520,0,10
2026-09-18T05:03:26.142045476Z,7.060994,112.425243,Cloud to Ground,-10712,0,8
2026-09-18T05:03:27.099216000Z,6.8946,111.3554,Cloud to Ground,1069,0,6
2026-09-18T05:03:26.649589288Z,6.87331,111.279966,Cloud to Ground,59695,0,6
2026-09-18T05:03:26.559961828Z,6.651686,110.196383,Cloud to Ground,37660,0,12
2026-09-18T05:03:28.109042807Z,8.789837,117.531343,Cloud to Ground,17246,0,10
2026-09-18T05:03:31.306757519Z,6.933137,111.409356,Cloud to Ground,-40138,0,12
2026-09-18T05:03:31.308298494Z,6.915063,111.35625,Cloud to Ground,34690,0,8
2026-09-18T05:03:34.068837016Z,6.87945,111.157462,Cloud to Ground,34381,0,13
2026-09-18T05:03:41.380777944Z,8.5218,111.961822,Cloud to Ground,-28690,0,19
2026-09-18T05:03:41.390178567Z,8.48143,111.982261,Cloud to Ground,-10390,0,6
2026-09-18T05:03:41.408134841Z,8.462577,111.99028,Cloud to Ground,-8020,0,7
2026-09-18T05:03:41.381724996Z,8.487969,112.014727,Cloud to Ground,9177,0,10
2026-09-18T05:03:42.162815594Z,8.67395,111.726056,Cloud to Cloud,-11627,18551,7
2026-09-18T05:03:42.500189930Z,6.893026,111.306136,Cloud to Ground,7798,0,6
2026-09-18T05:03:43.208600402Z,11.002087,110.056778,Cloud to Ground,-45353,0,10
2026-09-18T05:03:43.214041823Z,11.032936,110.127469,Cloud to Ground,145759,0,10
2026-09-18T05:03:43.311371297Z,13.927742,122.254925,Cloud to Ground,-54378,0,14
2026-09-18T05:03:43.492806190Z,13.925305,122.271757,Cloud to Ground,-48156,0,12
2026-09-18T05:03:43.385437509Z,13.928646,122.250246,Cloud to Ground,-33889,0,13
2026-09-18T05:03:43.773338883Z,13.929921,122.277607,Cloud to Ground,-20475,0,10
2026-09-18T05:03:44.542914925Z,14.663386,120.984074,Cloud to Cloud,-45127,4603,10
2026-09-18T05:03:44.262045520Z,14.738681,121.030418,Cloud to Cloud,8705,3010,7
2026-09-18T05:03:44.541588591Z,14.703653,120.794569,Cloud to Ground,-14116,0,12
2026-09-18T05:03:46.606828356Z,6.911033,111.291313,Cloud to Ground,45097,0,9
2026-09-18T05:03:47.437093016Z,6.882823,111.288658,Cloud to Ground,26657,0,14
2026-09-18T05:03:47.462630072Z,6.822055,111.184436,Cloud to Ground,24333,0,12
2026-09-18T05:03:49.139787826Z,8.54008,112.068055,Cloud to Ground,-22119,0,8
2026-09-18T05:03:49.108428859Z,8.53654,112.091622,Cloud to Ground,-10302,0,9
2026-09-18T05:03:49.217137853Z,8.548608,112.141101,Cloud to Ground,-8460,0,8
2026-09-18T05:03:50.375191141Z,8.779526,111.685606,Cloud to Ground,26273,0,18
2026-09-18T05:03:53.741425095Z,12.456951,125.238554,Cloud to Ground,-11968,0,7
2026-09-18T05:03:53.686560191Z,12.441297,125.287774,Cloud to Cloud,-8308,18168,10
2026-09-18T05:03:55.101732187Z,9.118643,125.911392,Cloud to Cloud,-9567,4999,15
2026-09-18T05:03:54.720841223Z,9.142385,125.900158,Cloud to Cloud,11845,15006,7
2026-09-18T05:03:54.627250257Z,6.896527,111.307444,Cloud to Ground,-35773,0,8
2026-09-18T05:03:54.476846171Z,19.527373,112.252291,Cloud to Ground,-15101,0,8
2026-09-18T05:03:54.439784795Z,19.52962,112.032726,Cloud to Cloud,-9311,5385,6
2026-09-18T05:03:54.321843049Z,19.567816,112.102916,Cloud to Ground,18694,0,12
2026-09-18T05:03:54.073365198Z,18.001328,113.263647,Cloud to Ground,38425,0,8
2026-09-18T05:03:55.857088503Z,14.616583,120.970597,Cloud to Cloud,5625,3561,8
2026-09-18T05:03:56.004643796Z,14.562072,121.010386,Cloud to Cloud,9575,15169,7
2026-09-18T05:03:57.576088107Z,6.781761,112.437708,Cloud to Ground,-17436,0,9
2026-09-18T05:03:58.635546021Z,8.786284,111.684137,Cloud to Ground,29492,0,5
2026-09-18T05:03:59.310170125Z,7.080228,111.542897,Cloud to Ground,-29249,0,16
2026-09-18T05:03:59.214058103Z,6.911291,111.656249,Cloud to Ground,36737,0,15
2026-09-18T05:03:59.231643000Z,6.8634,111.7007,Cloud to Ground,40841,0,8
2026-09-18T05:03:59.184187000Z,6.9062,111.611,Cloud to Ground,51100,0,7
2026-09-18T05:04:03.020611804Z,8.654705,111.687821,Cloud to Ground,15256,0,11
2026-09-18T05:04:02.794534581Z,8.648124,111.655031,Cloud to Ground,25938,0,8
2026-09-18T05:04:02.637449107Z,6.887259,111.31226,Cloud to Ground,-27948,0,19
2026-09-18T05:04:02.660654998Z,6.855714,111.253914,Cloud to Ground,29560,0,10
2026-09-18T05:04:04.807624640Z,18.302757,111.703564,Cloud to Ground,-109804,0,19
2026-09-18T05:04:04.803565810Z,18.305626,111.673141,Cloud to Ground,-90518,0,18
2026-09-18T05:04:07.593091766Z,18.31696,111.686749,Cloud to Ground,-42176,0,10
2026-09-18T05:04:07.498463995Z,18.298705,111.684627,Cloud to Ground,-39242,0,13
2026-09-18T05:04:07.526984111Z,18.294052,111.684666,Cloud to Ground,-17355,0,10
2026-09-18T05:04:07.655335703Z,18.309633,111.69619,Cloud to Cloud,-15537,3002,10
2026-09-18T05:04:08.953657976Z,7.701301,111.447349,Cloud to Ground,-14171,0,8
2026-09-18T05:04:09.082059180Z,14.628943,120.949531,Cloud to Ground,-21168,0,12
2026-09-18T05:04:09.011914169Z,14.650086,120.935827,Cloud to Ground,-16215,0,9
2026-09-18T05:04:10.853675234Z,7.929149,111.233697,Cloud to Ground,23924,0,8
2026-09-18T05:04:12.604537814Z,8.577578,112.159563,Cloud to Cloud,8262,11813,9
2026-09-18T05:04:12.921521000Z,8.5811,112.3341,Cloud to Ground,-25387,0,5
2026-09-18T05:04:13.257591265Z,6.896298,111.273677,Cloud to Ground,-9554,0,7
2026-09-18T05:04:14.212482702Z,8.656171,110.280585,Cloud to Ground,16225,0,12
2026-09-18T05:04:14.214031717Z,8.653439,110.208674,Cloud to Ground,29319,0,12
2026-09-18T05:04:14.211332686Z,8.609426,110.179152,Cloud to Ground,55650,0,11
2026-09-18T05:04:15.305456783Z,18.008019,113.355457,Cloud to Cloud,-14386,19730,10
2026-09-18T05:04:17.171281090Z,8.754724,111.759608,Cloud to Ground,44441,0,8
2026-09-18T05:04:17.716872000Z,14.0168,122.7673,Cloud to Ground,9884,0,6
2026-09-18T05:04:17.718191625Z,13.948053,122.802867,Cloud to Cloud,10673,6965,7
2026-09-18T05:04:17.908763586Z,13.919924,122.837748,Cloud to Cloud,16216,14042,13
2026-09-18T05:04:20.031771416Z,9.110935,126.058923,Cloud to Cloud,11652,17177,11
2026-09-18T05:04:20.492402758Z,9.280216,126.020786,Cloud to Ground,-16884,0,8
2026-09-18T05:04:20.344370151Z,9.307546,125.854653,Cloud to Ground,-23767,0,17
2026-09-18T05:04:20.151854974Z,9.301516,125.896552,Cloud to Ground,-16494,0,25
2026-09-18T05:04:22.756939763Z,6.85405,112.324238,Cloud to Ground,-21763,0,16
2026-09-18T05:04:23.048599459Z,6.785161,112.31017,Cloud to Ground,-11033,0,7
2026-09-18T05:04:23.052136125Z,6.846424,112.415559,Cloud to Ground,-28514,0,8
2026-09-18T05:04:23.134455193Z,6.850251,112.458316,Cloud to Ground,10330,0,8
2026-09-18T05:04:22.853506430Z,6.842573,112.454845,Cloud to Ground,20660,0,9
2026-09-18T05:04:22.936766447Z,6.847386,112.440236,Cloud to Ground,20891,0,9
2026-09-18T05:04:22.809994446Z,6.836978,112.459486,Cloud to Ground,35845,0,17
2026-09-18T05:04:23.051147772Z,6.859213,112.451972,Cloud to Ground,57876,0,13
2026-09-18T05:04:24.921542187Z,6.968224,111.286454,Cloud to Ground,-31125,0,20
2026-09-18T05:04:25.200870022Z,6.890207,111.275503,Cloud to Ground,60072,0,10
2026-09-18T05:04:27.960933761Z,6.976867,111.292164,Cloud to Ground,-55203,0,28
2026-09-18T05:04:28.119274527Z,6.902951,111.32243,Cloud to Ground,-16849,0,11
2026-09-18T05:04:28.271407274Z,6.899535,111.310486,Cloud to Ground,-13992,0,8
2026-09-18T05:04:28.203241476Z,6.893303,111.308051,Cloud to Cloud,-8203,16666,6
2026-09-18T05:04:28.070165197Z,6.948871,111.245017,Cloud to Ground,11300,0,6
2026-09-18T05:04:28.093340049Z,6.900902,111.33356,Cloud to Ground,26161,0,8
2026-09-18T05:04:31.108639839Z,8.718479,111.783746,Cloud to Ground,-22928,0,17
2026-09-18T05:04:30.695609926Z,8.710647,111.806348,Cloud to Ground,-22307,0,16
2026-09-18T05:04:30.617887975Z,8.798,111.850537,Cloud to Cloud,-20073,13475,12
2026-09-18T05:04:30.898642962Z,8.729561,111.791346,Cloud to Ground,41282,0,14
2026-09-18T05:04:30.763724910Z,8.736236,111.678275,Cloud to Ground,-43291,0,9
2026-09-18T05:04:31.699522281Z,13.916792,123.379249,Cloud to Ground,-98530,0,13
2026-09-18T05:04:31.893083036Z,13.917135,123.377921,Cloud to Ground,-37203,0,13
2026-09-18T05:04:32.081283298Z,13.910415,123.411555,Cloud to Ground,-30971,0,13
2026-09-18T05:04:32.069740500Z,13.88171,123.405652,Cloud to Cloud,-20529,6546,10
2026-09-18T05:04:31.693122299Z,13.836412,123.411388,Cloud to Cloud,-13920,15042,12
2026-09-18T05:04:34.528031274Z,14.608074,120.924412,Cloud to Cloud,-9940,12726,6
2026-09-18T05:04:37.108234550Z,7.630652,110.015501,Cloud to Ground,15796,0,8
2026-09-18T05:04:36.961975735Z,13.971713,122.31009,Cloud to Cloud,-18834,17306,7
2026-09-18T05:04:36.914301637Z,13.897213,122.272742,Cloud to Cloud,3526,19757,5
2026-09-18T05:04:36.920917708Z,13.89983,122.268619,Cloud to Cloud,8038,10935,7
2026-09-18T05:04:37.799429752Z,13.938717,122.251864,Cloud to Ground,-14373,0,11
2026-09-18T05:04:37.682593638Z,18.856271,113.386903,Cloud to Ground,21723,0,10
2026-09-18T05:04:37.127891855Z,18.023865,112.474613,Cloud to Cloud,-15392,18625,7
2026-09-18T05:04:38.371911417Z,8.759446,111.759865,Cloud to Ground,-21346,0,13
2026-09-18T05:04:38.451750232Z,6.900954,111.281705,Cloud to Cloud,-12390,7094,6
2026-09-18T05:04:38.162981608Z,19.514694,113.301337,Cloud to Ground,-40405,0,14
2026-09-18T05:04:38.002930653Z,19.519223,113.25408,Cloud to Cloud,8146,3200,8
2026-09-18T05:04:38.284797301Z,19.511487,113.212784,Cloud to Ground,8987,0,8
2026-09-18T05:04:37.986262650Z,19.500591,113.166084,Cloud to Ground,21631,0,10
2026-09-18T05:04:40.384246406Z,12.462754,125.310604,Cloud to Ground,-14953,0,9
2026-09-18T05:04:40.387947946Z,12.411836,125.258281,Cloud to Cloud,14645,19315,7
2026-09-18T05:04:41.597071012Z,8.672096,111.692185,Cloud to Ground,11941,0,7
2026-09-18T05:04:43.316726625Z,18.437363,110.534948,Cloud to Cloud,-14312,3231,9
2026-09-18T05:04:43.313857470Z,18.453443,110.433161,Cloud to Ground,13998,0,9
2026-09-18T05:04:43.330432129Z,18.421843,110.407708,Cloud to Cloud,15832,9349,11
2026-09-18T05:04:43.317941337Z,18.411102,110.453721,Cloud to Ground,16456,0,12
2026-09-18T05:04:43.311766581Z,18.426059,110.440835,Cloud to Ground,33680,0,13
2026-09-18T05:04:46.636879368Z,13.600112,123.365699,Cloud to Ground,-39844,0,16
2026-09-18T05:04:47.120496854Z,8.724995,111.800723,Cloud to Ground,12897,0,7
2026-09-18T05:04:47.076095666Z,8.709827,111.784526,Cloud to Ground,30600,0,9
2026-09-18T05:04:47.254992962Z,8.726703,111.803083,Cloud to Ground,43829,0,7
2026-09-18T05:04:47.161522242Z,6.905242,111.299494,Cloud to Ground,-19063,0,10
2026-09-18T05:04:47.632768924Z,13.61584,123.235364,Cloud to Ground,-27096,0,7
2026-09-18T05:04:47.631349248Z,13.557662,123.241837,Cloud to Ground,29287,0,9
2026-09-18T05:04:47.629012137Z,13.573166,123.258296,Cloud to Ground,36620,0,16
2026-09-18T05:04:47.070917267Z,19.257999,111.609019,Cloud to Cloud,-52791,16488,16
2026-09-18T05:04:47.072369627Z,19.248917,111.521048,Cloud to Cloud,-17548,3071,14
2026-09-18T05:04:47.640741373Z,19.26175,111.511659,Cloud to Cloud,9500,3027,7
2026-09-18T05:04:47.109790538Z,19.257929,111.571362,Cloud to Ground,12740,0,7
2026-09-18T05:04:47.513021369Z,19.27825,111.596275,Cloud to Cloud,16866,16675,8
2026-09-18T05:04:47.182999596Z,19.26714,111.612486,Cloud to Ground,20932,0,6
2026-09-18T05:04:47.212535874Z,19.319556,111.564321,Cloud to Ground,21281,0,7
2026-09-18T05:04:47.146295038Z,19.269763,111.488493,Cloud to Ground,21750,0,11
2026-09-18T05:04:49.050814966Z,18.898569,112.901672,Cloud to Cloud,-103232,3005,9
2026-09-18T05:04:49.055515000Z,18.8738,112.9765,Cloud to Ground,82409,0,8
2026-09-18T05:04:49.177120513Z,10.678179,119.488024,Cloud to Cloud,15781,3138,8
2026-09-18T05:04:50.963788729Z,19.348741,111.64568,Cloud to Ground,-101363,0,16
2026-09-18T05:04:51.010853327Z,19.342651,111.62245,Cloud to Cloud,-53855,4958,14
2026-09-18T05:04:50.976084623Z,19.361324,111.614693,Cloud to Cloud,13455,15873,8
2026-09-18T05:04:51.717522583Z,6.713877,110.165669,Cloud to Ground,24069,0,7
2026-09-18T05:04:52.233103413Z,6.557253,110.03856,Cloud to Ground,-12411,0,7
2026-09-18T05:04:52.229115000Z,6.5899,110.0584,Cloud to Ground,51795,0,5
2026-09-18T05:04:53.282399142Z,6.886513,111.171819,Cloud to Ground,-35011,0,17
2026-09-18T05:04:53.475716022Z,6.881346,111.173087,Cloud to Ground,-19660,0,15
2026-09-18T05:04:53.444877410Z,6.883326,111.173484,Cloud to Ground,-15096,0,13
2026-09-18T05:04:53.176603707Z,6.889874,111.259507,Cloud to Ground,-13372,0,10
2026-09-18T05:04:53.417723026Z,6.916411,111.333907,Cloud to Ground,24088,0,8
2026-09-18T05:04:53.206310869Z,6.921977,111.321442,Cloud to Ground,32626,0,10
2026-09-18T05:04:53.524046283Z,8.684477,111.615491,Cloud to Ground,-18401,0,10
2026-09-18T05:04:53.405950310Z,8.706269,111.655072,Cloud to Ground,22684,0,7
2026-09-18T05:04:53.533489006Z,19.342311,111.649058,Cloud to Ground,-19629,0,8
2026-09-18T05:04:54.975094127Z,6.86647,111.290638,Cloud to Ground,-10062,0,7
2026-09-18T05:04:54.808532902Z,8.767194,111.751942,Cloud to Ground,-10446,0,6
2026-09-18T05:04:57.099038818Z,8.534489,112.12489,Cloud to Cloud,-9418,3002,7
2026-09-18T05:04:57.888558523Z,17.926929,112.756908,Cloud to Ground,-34134,0,15
2026-09-18T05:04:58.435366437Z,17.984205,112.56221,Cloud to Cloud,-25035,13750,9
2026-09-18T05:04:58.434173180Z,17.958083,112.667852,Cloud to Ground,-14138,0,10
2026-09-18T05:04:58.270898696Z,17.939334,112.667598,Cloud to Ground,-13956,0,5
2026-09-18T05:04:57.365580872Z,17.999127,112.775219,Cloud to Ground,-7941,0,6
2026-09-18T05:04:57.290990000Z,18.0066,112.7658,Cloud to Ground,3469,0,5
2026-09-18T05:04:58.174010913Z,17.971149,112.633789,Cloud to Cloud,11305,6329,9
2026-09-18T05:04:58.175115750Z,17.987472,112.801996,Cloud to Ground,13806,0,7
2026-09-18T05:04:57.290413200Z,17.992215,112.768682,Cloud to Ground,14683,0,12
2026-09-18T05:04:57.289949678Z,17.993449,112.677749,Cloud to Cloud,15637,19079,8
2026-09-18T05:04:58.199062039Z,18.028235,112.793242,Cloud to Ground,21251,0,8
2026-09-18T05:04:58.201939846Z,17.965393,112.661286,Cloud to Ground,29819,0,17
2026-09-18T05:04:58.325065653Z,8.765301,113.849312,Cloud to Ground,-37735,0,15
2026-09-18T05:04:58.280440086Z,8.753112,113.774731,Cloud to Ground,-10098,0,7
2026-09-18T05:05:01.543972276Z,6.910619,111.316566,Cloud to Ground,-10498,0,9
2026-09-18T05:05:01.428819732Z,7.090775,112.451565,Cloud to Ground,-25205,0,9
2026-09-18T05:05:01.435408764Z,7.110668,112.434585,Cloud to Ground,-15615,0,6
2026-09-18T05:05:01.427111983Z,7.061194,112.402306,Cloud to Ground,18068,0,9
2026-09-18T05:05:02.535511329Z,18.001461,113.332776,Cloud to Ground,32755,0,12
2026-09-18T05:05:03.028468387Z,14.607406,121.016556,Cloud to Ground,-7520,0,10
2026-09-18T05:05:08.918253000Z,6.8836,111.3661,Cloud to Ground,-24341,0,6
2026-09-18T05:05:09.169876828Z,6.970575,111.145251,Cloud to Ground,-13633,0,8
2026-09-18T05:05:08.937506000Z,6.9136,111.2047,Cloud to Ground,24287,0,6
2026-09-18T05:05:09.241091219Z,8.606896,112.122709,Cloud to Ground,-26932,0,14
2026-09-18T05:05:09.182088792Z,8.52298,112.095358,Cloud to Ground,7325,0,7
2026-09-18T05:05:10.249379817Z,6.621315,112.314964,Cloud to Ground,18601,0,10
2026-09-18T05:05:12.469907666Z,7.969958,111.194117,Cloud to Ground,9544,0,7
2026-09-18T05:05:12.693330971Z,7.94157,111.287793,Cloud to Cloud,-8660,8732,7
2026-09-18T05:05:12.666539305Z,7.976672,111.357276,Cloud to Ground,8144,0,6
2026-09-18T05:05:12.390516767Z,8.745227,117.547766,Cloud to Cloud,-6269,7368,8
2026-09-18T05:05:14.015141934Z,8.76634,111.732461,Cloud to Ground,49931,0,7
2026-09-18T05:05:14.456732069Z,6.5866,110.715385,Cloud to Ground,-35519,0,9
2026-09-18T05:05:14.459555377Z,6.57192,110.700272,Cloud to Cloud,-30410,5131,9
2026-09-18T05:05:14.453278330Z,6.609817,110.630619,Cloud to Ground,13756,0,8
2026-09-18T05:05:14.454814736Z,6.587272,110.715782,Cloud to Ground,18600,0,12
2026-09-18T05:05:15.390069612Z,6.88901,111.290028,Cloud to Ground,-21970,0,19
2026-09-18T05:05:15.452763361Z,6.918866,111.315214,Cloud to Ground,26923,0,8
2026-09-18T05:05:16.895838601Z,6.95042,111.545735,Cloud to Ground,26262,0,18
2026-09-18T05:05:16.539476670Z,6.917538,112.384171,Cloud to Ground,-48505,0,14
2026-09-18T05:05:16.205461698Z,13.921423,122.924234,Cloud to Cloud,5598,5894,7
2026-09-18T05:05:17.204514732Z,7.114389,111.873938,Cloud to Cloud,-14063,3038,8
2026-09-18T05:05:18.014062670Z,7.667058,111.441633,Cloud to Ground,-28977,0,12
2026-09-18T05:05:18.013343150Z,7.620024,111.355507,Cloud to Ground,8805,0,7
2026-09-18T05:05:18.453257013Z,14.621039,121.017554,Cloud to Cloud,4643,3997,7
2026-09-18T05:05:20.505952712Z,14.627781,120.88085,Cloud to Ground,-16012,0,12
2026-09-18T05:05:20.706702142Z,14.626379,120.883729,Cloud to Ground,-14446,0,12
2026-09-18T05:05:20.640229787Z,14.606091,120.873198,Cloud to Ground,-12794,0,13
2026-09-18T05:05:20.871389432Z,14.600988,120.963732,Cloud to Ground,-12592,0,10
2026-09-18T05:05:20.709559962Z,14.665075,120.987654,Cloud to Cloud,-10202,6117,6
2026-09-18T05:05:21.265951231Z,6.891635,111.269681,Cloud to Ground,-14478,0,6
2026-09-18T05:05:22.864404498Z,6.826454,112.496403,Cloud to Ground,27702,0,11
2026-09-18T05:05:22.208739380Z,6.749158,112.422224,Cloud to Ground,22809,0,16
2026-09-18T05:05:23.448652595Z,6.896645,111.307202,Cloud to Ground,-8926,0,8
2026-09-18T05:05:23.564725721Z,6.907382,111.301147,Cloud to Ground,9468,0,7
2026-09-18T05:05:27.228617996Z,7.64989,110.028756,Cloud to Ground,-26066,0,16
2026-09-18T05:05:27.105702180Z,14.630382,120.967278,Cloud to Ground,-15189,0,12
2026-09-18T05:05:27.247439347Z,14.627724,120.96623,Cloud to Ground,-5905,0,6
2026-09-18T05:05:28.267931183Z,8.642927,111.670609,Cloud to Ground,9258,0,9
2026-09-18T05:05:28.443794495Z,8.436067,112.019186,Cloud to Ground,20734,0,10
2026-09-18T05:05:28.466212903Z,8.535933,112.147319,Cloud to Ground,13241,0,11
2026-09-18T05:05:30.876576352Z,9.128952,126.05595,Cloud to Cloud,12158,9145,7
2026-09-18T05:05:30.490052250Z,14.176606,122.736517,Cloud to Ground,-16359,0,18
2026-09-18T05:05:30.331001084Z,13.927097,122.253522,Cloud to Ground,-119944,0,8
2026-09-18T05:05:30.866775424Z,13.911072,122.2691,Cloud to Ground,-69277,0,13
2026-09-18T05:05:30.463699219Z,13.914876,122.277151,Cloud to Ground,-28764,0,12
2026-09-18T05:05:30.390139269Z,13.915578,122.274208,Cloud to Ground,-22791,0,9
2026-09-18T05:05:30.496640899Z,13.911988,122.270832,Cloud to Ground,-20944,0,9
2026-09-18T05:05:30.418359429Z,13.912619,122.271363,Cloud to Ground,-17998,0,10
2026-09-18T05:05:31.160061227Z,9.257485,126.042887,Cloud to Ground,-42351,0,10
2026-09-18T05:05:37.034934973Z,6.913211,111.322818,Cloud to Ground,7865,0,7
2026-09-18T05:05:36.995035515Z,6.898595,111.296931,Cloud to Ground,41200,0,11
2026-09-18T05:05:37.429206991Z,8.737842,111.779997,Cloud to Ground,-8880,0,7
2026-09-18T05:05:37.674517367Z,8.789142,111.745673,Cloud to Ground,20146,0,8
2026-09-18T05:05:39.364723967Z,6.875927,111.273557,Cloud to Cloud,-6612,3662,6
2026-09-18T05:05:41.100322713Z,9.193279,125.857953,Cloud to Cloud,-8898,8717,10
2026-09-18T05:05:45.873369604Z,8.756516,111.731703,Cloud to Ground,-9972,0,9
2026-09-18T05:05:45.595380334Z,8.727703,111.670477,Cloud to Ground,15495,0,12
2026-09-18T05:05:45.945925869Z,6.891983,111.32056,Cloud to Ground,16265,0,8
2026-09-18T05:05:45.443179942Z,6.887433,111.316302,Cloud to Ground,56053,0,17
2026-09-18T05:05:45.407191333Z,18.404862,112.796165,Cloud to Cloud,-15987,3484,11
2026-09-18T05:05:45.407959903Z,18.428608,112.783266,Cloud to Cloud,-12785,10974,10
2026-09-18T05:05:45.405577563Z,18.383461,112.713829,Cloud to Ground,14949,0,10
2026-09-18T05:05:47.365823537Z,8.708931,111.774682,Cloud to Ground,-8271,0,7
2026-09-18T05:05:47.320909508Z,8.686312,111.778225,Cloud to Cloud,12215,11243,8
2026-09-18T05:05:47.855340510Z,17.934683,113.276661,Cloud to Ground,-24042,0,14
2026-09-18T05:05:47.953163032Z,17.980594,113.31173,Cloud to Ground,-12035,0,8
2026-09-18T05:05:47.856586300Z,17.949035,113.240398,Cloud to Cloud,-9718,17993,9
2026-09-18T05:05:49.712830635Z,7.282913,112.16918,Cloud to Ground,-27042,0,15
2026-09-18T05:05:49.264700033Z,7.298631,112.228572,Cloud to Ground,-9144,0,7
2026-09-18T05:05:49.084319509Z,7.26784,112.229295,Cloud to Ground,16816,0,11
2026-09-18T05:05:49.106531599Z,7.242069,112.231329,Cloud to Ground,18534,0,15
2026-09-18T05:05:49.080993749Z,7.199191,112.136217,Cloud to Ground,48480,0,11
2026-09-18T05:05:50.354521496Z,6.919673,111.307771,Cloud to Ground,-9899,0,6
2026-09-18T05:05:50.689047341Z,6.834857,111.180594,Cloud to Cloud,10067,6272,8
2026-09-18T05:05:50.748553900Z,6.850059,111.18644,Cloud to Ground,11127,0,7
2026-09-18T05:05:50.718795470Z,6.885073,111.26577,Cloud to Ground,13572,0,7
2026-09-18T05:05:50.667844565Z,6.841394,111.189564,Cloud to Ground,26228,0,11
2026-09-18T05:05:50.529775574Z,18.056013,112.524683,Cloud to Cloud,-9269,3653,7
2026-09-18T05:05:50.642111248Z,17.988712,112.480733,Cloud to Ground,-7540,0,6
2026-09-18T05:05:50.287915167Z,18.036683,112.606014,Cloud to Cloud,-6094,13458,8
2026-09-18T05:05:50.281144343Z,18.046121,112.605816,Cloud to Ground,13000,0,13
2026-09-18T05:05:50.283262356Z,18.018893,112.617358,Cloud to Ground,86946,0,8
2026-09-18T05:05:51.342221915Z,8.549663,112.089794,Cloud to Cloud,6804,3068,6
2026-09-18T05:05:51.093786722Z,8.53906,112.138393,Cloud to Ground,9871,0,11
2026-09-18T05:05:53.854848854Z,13.999975,122.912982,Cloud to Ground,-6720,0,11
2026-09-18T05:05:55.604857690Z,7.64381,110.034086,Cloud to Ground,-26713,0,13
2026-09-18T05:05:55.549868081Z,6.564404,110.284823,Cloud to Ground,-41681,0,10
2026-09-18T05:05:55.623325423Z,6.620746,110.316515,Cloud to Ground,-25763,0,9
2026-09-18T05:05:55.150257198Z,14.613651,120.972936,Cloud to Ground,-20804,0,12
2026-09-18T05:05:55.203602630Z,14.613826,120.965968,Cloud to Ground,-14971,0,12
2026-09-18T05:05:57.964466331Z,6.832138,111.286718,Cloud to Ground,-42024,0,7
2026-09-18T05:05:58.036892437Z,6.945877,111.271173,Cloud to Ground,-25655,0,15
2026-09-18T05:05:57.983927040Z,6.903483,111.323339,Cloud to Ground,6692,0,6
2026-09-18T05:06:00.676855403Z,12.172109,125.460984,Cloud to Ground,46086,0,6
2026-09-18T05:06:03.903291551Z,8.790259,111.774903,Cloud to Ground,-66740,0,19
2026-09-18T05:06:04.048938191Z,8.746954,111.832484,Cloud to Cloud,-29566,3013,7
2026-09-18T05:06:03.929342692Z,8.799303,111.792603,Cloud to Ground,-26629,0,14
2026-09-18T05:06:04.093041834Z,8.7402,111.82947,Cloud to Ground,15339,0,6
2026-09-18T05:06:04.530913895Z,8.751391,111.827975,Cloud to Ground,25335,0,8
2026-09-18T05:06:03.690385457Z,6.887169,111.292122,Cloud to Ground,-23858,0,12
2026-09-18T05:06:03.596038888Z,6.924903,111.29992,Cloud to Ground,37397,0,10
2026-09-18T05:06:03.967239000Z,8.9053,111.7394,Cloud to Ground,51044,0,5
2026-09-18T05:06:04.050730057Z,8.6825,111.673594,Cloud to Ground,-38530,0,7
2026-09-18T05:06:04.686844664Z,12.396538,125.297713,Cloud to Cloud,20485,9726,10
2026-09-18T05:06:04.620175007Z,12.424823,125.311503,Cloud to Cloud,22999,19604,10
2026-09-18T05:06:04.408485000Z,8.6433,111.7564,Cloud to Ground,53179,0,6
2026-09-18T05:06:08.290884126Z,6.880892,111.276203,Cloud to Ground,-13049,0,7
2026-09-18T05:06:13.643010342Z,8.757254,111.800734,Cloud to Cloud,-8683,3136,7
2026-09-18T05:06:13.525414909Z,8.731168,111.773904,Cloud to Ground,20649,0,11
2026-09-18T05:06:14.923118415Z,8.519856,112.055496,Cloud to Ground,8427,0,9
2026-09-18T05:06:14.498076640Z,8.553009,112.154874,Cloud to Cloud,-15902,3015,12
2026-09-18T05:06:14.461549232Z,8.566705,112.161295,Cloud to Ground,22486,0,10
2026-09-18T05:06:14.563638485Z,10.682997,119.489663,Cloud to Cloud,15997,3217,9
2026-09-18T05:06:16.882291571Z,19.248315,111.612796,Cloud to Ground,-39041,0,14
2026-09-18T05:06:16.943634298Z,19.256901,111.607314,Cloud to Ground,-26307,0,11
2026-09-18T05:06:16.972943698Z,19.265154,111.590325,Cloud to Ground,-11878,0,5
2026-09-18T05:06:16.903841292Z,19.247221,111.621768,Cloud to Ground,15917,0,10
2026-09-18T05:06:16.944811969Z,19.264037,111.609418,Cloud to Ground,16632,0,12
2026-09-18T05:06:17.963547185Z,6.873811,111.180572,Cloud to Ground,-41636,0,20
2026-09-18T05:06:17.368781875Z,7.015168,112.354831,Cloud to Ground,-84949,0,13
2026-09-18T05:06:17.131971525Z,6.981966,112.383861,Cloud to Ground,40464,0,24
2026-09-18T05:06:17.842059581Z,6.873962,111.318996,Cloud to Ground,-23272,0,11
2026-09-18T05:06:18.088734962Z,6.878527,111.303365,Cloud to Ground,-21159,0,13
2026-09-18T05:06:17.896394569Z,6.912048,111.322662,Cloud to Ground,11788,0,10
2026-09-18T05:06:18.436027000Z,6.8477,111.2843,Cloud to Ground,17526,0,5
2026-09-18T05:06:18.187969863Z,6.890451,111.319078,Cloud to Ground,23320,0,14
2026-09-18T05:06:18.566683716Z,6.904181,111.331693,Cloud to Ground,26489,0,7
2026-09-18T05:06:18.357089349Z,6.891014,111.318702,Cloud to Ground,31641,0,11
2026-09-18T05:06:18.520738786Z,19.509254,112.102043,Cloud to Cloud,-23870,6523,11
2026-09-18T05:06:18.400021094Z,19.544142,112.075907,Cloud to Ground,26069,0,14
2026-09-18T05:06:18.399476456Z,19.542461,112.229855,Cloud to Ground,-77968,0,19
2026-09-18T05:06:18.421992231Z,19.532289,112.240347,Cloud to Ground,-14304,0,8
2026-09-18T05:06:18.432976109Z,19.552625,112.210443,Cloud to Cloud,14858,7592,6
2026-09-18T05:06:18.402526707Z,19.546847,112.231406,Cloud to Ground,23852,0,9
2026-09-18T05:06:18.397730211Z,19.531618,112.23907,Cloud to Ground,45470,0,18
2026-09-18T05:06:20.547024330Z,13.920779,122.360327,Cloud to Ground,-61719,0,13
2026-09-18T05:06:20.667614622Z,13.924457,122.365652,Cloud to Ground,-16338,0,10
2026-09-18T05:06:20.887889941Z,13.932022,122.371708,Cloud to Ground,-13551,0,12
2026-09-18T05:06:20.661455562Z,13.910855,122.360908,Cloud to Cloud,-4441,14394,8
2026-09-18T05:06:23.385824442Z,18.463237,112.612859,Cloud to Cloud,-53458,6410,14
2026-09-18T05:06:23.575241859Z,18.396157,112.566032,Cloud to Ground,-26704,0,10
2026-09-18T05:06:23.576507348Z,18.412233,112.568824,Cloud to Cloud,-13922,11407,7
2026-09-18T05:06:23.391275502Z,18.464706,112.63096,Cloud to Ground,-13419,0,10
2026-09-18T05:06:23.384885902Z,18.474935,112.624207,Cloud to Ground,-11416,0,12
2026-09-18T05:06:23.383174725Z,18.484816,112.620103,Cloud to Cloud,-6466,19148,7
2026-09-18T05:06:23.394567019Z,18.465103,112.590318,Cloud to Ground,19052,0,7
2026-09-18T05:06:23.383944982Z,18.452437,112.630317,Cloud to Ground,23492,0,10
2026-09-18T05:06:25.105276388Z,6.870682,111.28567,Cloud to Ground,-14445,0,17
2026-09-18T05:06:25.251610467Z,6.871395,111.300664,Cloud to Ground,42814,0,22
2026-09-18T05:06:25.845665757Z,8.80872,128.286179,Cloud to Cloud,8101,18723,11
2026-09-18T05:06:27.606301060Z,18.099486,111.383435,Cloud to Ground,29794,0,10
2026-09-18T05:06:27.871540594Z,18.201325,110.996691,Cloud to Cloud,16686,15117,7
2026-09-18T05:06:27.099655166Z,18.332636,111.688165,Cloud to Ground,-48667,0,14
2026-09-18T05:06:27.315665815Z,18.330086,111.608182,Cloud to Ground,-18635,0,8
2026-09-18T05:06:27.310717464Z,18.24233,111.542646,Cloud to Ground,-14172,0,11
2026-09-18T05:06:27.101843428Z,18.344132,111.706954,Cloud to Ground,-12818,0,12
2026-09-18T05:06:27.109854366Z,18.329519,111.68354,Cloud to Ground,-8982,0,8
2026-09-18T05:06:27.552322302Z,18.303374,111.633657,Cloud to Ground,-7316,0,7
2026-09-18T05:06:27.097304490Z,18.333952,111.628116,Cloud to Ground,22017,0,10
2026-09-18T05:06:27.432593978Z,18.284461,111.569569,Cloud to Ground,25871,0,14
2026-09-18T05:06:27.319320585Z,18.217509,111.413097,Cloud to Cloud,-7595,3007,8
2026-09-18T05:06:27.326962737Z,18.221274,111.368605,Cloud to Cloud,10795,16924,8
2026-09-18T05:06:27.599552962Z,18.16931,111.470639,Cloud to Cloud,15596,4477,8
2026-09-18T05:06:27.748589135Z,18.02723,110.944097,Cloud to Ground,-23750,0,16
2026-09-18T05:06:28.045605226Z,18.090884,111.008021,Cloud to Ground,9555,0,7
2026-09-18T05:06:27.791463063Z,18.019561,111.063437,Cloud to Cloud,18030,4664,8
2026-09-18T05:06:28.089119788Z,8.802875,117.523787,Cloud to Cloud,14410,10948,12
2026-09-18T05:06:28.086667317Z,8.747798,117.554514,Cloud to Ground,33555,0,16
2026-09-18T05:06:28.651015536Z,6.997755,112.576596,Cloud to Cloud,-12242,3997,10
2026-09-18T05:06:28.684192337Z,7.024818,112.584582,Cloud to Ground,-10769,0,7
2026-09-18T05:06:28.411063475Z,6.979996,112.524052,Cloud to Ground,-10170,0,9
2026-09-18T05:06:29.318322174Z,8.536452,112.13296,Cloud to Ground,-19170,0,11
2026-09-18T05:06:29.205873000Z,8.5723,112.3798,Cloud to Ground,29440,0,5
2026-09-18T05:06:29.421637864Z,6.940158,112.425246,Cloud to Ground,-22468,0,13
2026-09-18T05:06:29.508059857Z,6.97342,112.431551,Cloud to Ground,-18885,0,12
2026-09-18T05:06:31.765165456Z,8.752904,111.809542,Cloud to Ground,-13020,0,8
2026-09-18T05:06:32.538185956Z,6.954741,111.449588,Cloud to Ground,-52341,0,21
2026-09-18T05:06:32.210919002Z,18.541968,110.786388,Cloud to Ground,-21374,0,11
2026-09-18T05:06:33.250681929Z,6.892198,111.27537,Cloud to Ground,-17314,0,22
2026-09-18T05:06:34.520895270Z,6.884314,111.306769,Cloud to Ground,-10747,0,10
2026-09-18T05:06:34.806448567Z,6.895391,111.302928,Cloud to Cloud,23840,4177,15
2026-09-18T05:06:36.675759410Z,13.620423,123.246028,Cloud to Ground,-12402,0,9
2026-09-18T05:06:36.537579178Z,13.570595,123.232878,Cloud to Cloud,14431,17020,7
2026-09-18T05:06:37.365502320Z,8.516543,112.118219,Cloud to Cloud,-10636,9509,8
2026-09-18T05:06:37.880370246Z,14.590724,120.925107,Cloud to Ground,-25802,0,11
2026-09-18T05:06:37.684380858Z,14.592374,120.92425,Cloud to Ground,-20448,0,13
2026-09-18T05:06:37.777908324Z,14.591702,120.922689,Cloud to Ground,-19014,0,11
2026-09-18T05:06:38.147802094Z,14.592995,120.92638,Cloud to Ground,-12227,0,12
2026-09-18T05:06:38.165225622Z,14.613829,120.949702,Cloud to Cloud,-9693,13585,10
2026-09-18T05:06:38.660179235Z,14.605091,120.998862,Cloud to Ground,-7380,0,7
2026-09-18T05:06:37.917508778Z,14.579834,120.931888,Cloud to Cloud,15816,3624,7
2026-09-18T05:06:40.028775284Z,19.365509,111.626845,Cloud to Ground,-104512,0,15
2026-09-18T05:06:40.052538329Z,19.364721,111.539846,Cloud to Cloud,11913,11415,10
2026-09-18T05:06:40.030694282Z,19.350013,111.662424,Cloud to Ground,14591,0,7
2026-09-18T05:06:40.027203985Z,19.351095,111.552499,Cloud to Ground,16943,0,10
2026-09-18T05:06:44.535519569Z,6.717953,110.213342,Cloud to Ground,-27094,0,14
2026-09-18T05:06:44.534565627Z,6.641319,110.208136,Cloud to Ground,17420,0,8
2026-09-18T05:06:44.534981111Z,6.622189,110.19809,Cloud to Ground,23079,0,21
2026-09-18T05:06:45.655303392Z,12.316423,125.280354,Cloud to Ground,22692,0,10
2026-09-18T05:06:45.666742293Z,12.304347,125.309112,Cloud to Cloud,48400,6152,9
2026-09-18T05:06:46.193010869Z,18.003044,113.313152,Cloud to Cloud,-8267,6820,10
2026-09-18T05:06:46.199505297Z,18.001644,113.313379,Cloud to Cloud,10549,6742,8
2026-09-18T05:06:47.061771717Z,6.885291,111.308206,Cloud to Ground,-48294,0,8
2026-09-18T05:06:47.065164210Z,6.880269,111.30951,Cloud to Ground,-22937,0,16
2026-09-18T05:06:49.173168261Z,13.948083,122.101717,Cloud to Cloud,-8570,14653,11
2026-09-18T05:06:50.350474654Z,8.673376,110.284842,Cloud to Ground,-21309,0,7
2026-09-18T05:06:50.324816052Z,8.682385,110.265237,Cloud to Ground,-16598,0,8
2026-09-18T05:06:53.133472381Z,7.937694,111.348771,Cloud to Ground,-24650,0,8
2026-09-18T05:06:54.222633846Z,18.589821,110.781417,Cloud to Ground,-30832,0,9
2026-09-18T05:06:54.288727275Z,18.587457,110.776162,Cloud to Ground,-26375,0,7
2026-09-18T05:06:54.345015841Z,18.581729,110.723987,Cloud to Ground,12689,0,11
2026-09-18T05:06:54.101473628Z,18.575721,110.671217,Cloud to Ground,17623,0,12
2026-09-18T05:06:54.017612000Z,18.4409,110.8153,Cloud to Ground,54807,0,5
2026-09-18T05:06:54.168588594Z,17.997041,112.595913,Cloud to Cloud,-26464,3025,14
2026-09-18T05:06:54.034486411Z,17.994567,112.471423,Cloud to Ground,7050,0,7
2026-09-18T05:06:54.294923208Z,13.982177,122.798662,Cloud to Cloud,-28171,3000,10
2026-09-18T05:06:54.298156631Z,13.943291,122.784326,Cloud to Cloud,9133,18621,6
2026-09-18T05:06:55.324078333Z,6.865443,111.293904,Cloud to Ground,-27772,0,19
2026-09-18T05:06:55.481278907Z,6.876649,111.312875,Cloud to Ground,15571,0,5
2026-09-18T05:06:55.706104312Z,18.106742,112.512372,Cloud to Ground,18247,0,9
2026-09-18T05:06:55.302158271Z,14.575395,120.996835,Cloud to Cloud,11768,18524,7
2026-09-18T05:06:56.976329715Z,14.533312,120.975111,Cloud to Cloud,7986,6287,8
2026-09-18T05:06:57.005313155Z,8.606101,112.12729,Cloud to Ground,-22567,0,11
2026-09-18T05:06:57.000921708Z,8.514792,112.121992,Cloud to Ground,-13871,0,14
2026-09-18T05:06:57.217756649Z,8.508751,112.187972,Cloud to Ground,12290,0,9
2026-09-18T05:06:57.777203791Z,8.697597,111.802383,Cloud to Ground,8319,0,9
2026-09-18T05:06:57.762608750Z,8.727592,111.811559,Cloud to Ground,15987,0,13
2026-09-18T05:06:58.094132346Z,8.474851,112.305461,Cloud to Ground,-22152,0,13
2026-09-18T05:06:59.865920538Z,7.642617,110.005458,Cloud to Ground,-64420,0,12
2026-09-18T05:07:00.319397000Z,6.8785,111.2706,Cloud to Ground,43883,0,5
2026-09-18T05:07:00.267989032Z,6.891929,111.326381,Cloud to Ground,51890,0,14
2026-09-18T05:07:01.686398495Z,6.908765,111.282539,Cloud to Ground,-37312,0,9
2026-09-18T05:07:01.910621855Z,14.248704,121.332412,Cloud to Cloud,5235,18797,7
2026-09-18T05:07:01.909321201Z,14.198606,121.378474,Cloud to Cloud,12128,5288,10
2026-09-18T05:07:01.418743516Z,14.597241,120.940108,Cloud to Ground,-12098,0,12
2026-09-18T05:07:01.525700093Z,14.604194,120.914741,Cloud to Ground,-6609,0,9
2026-09-18T05:07:01.420604082Z,14.594758,120.910997,Cloud to Ground,-6540,0,8
2026-09-18T05:07:06.133887152Z,8.795131,111.778203,Cloud to Ground,-28107,0,8
2026-09-18T05:07:06.257509125Z,8.724796,111.826711,Cloud to Ground,7675,0,7
2026-09-18T05:07:06.279704920Z,8.691619,111.762583,Cloud to Ground,26188,0,9
2026-09-18T05:07:06.203940068Z,8.830089,111.809116,Cloud to Ground,35410,0,19
2026-09-18T05:07:06.826208495Z,6.728957,112.352438,Cloud to Ground,22474,0,8
2026-09-18T05:07:06.827659926Z,6.757051,112.445042,Cloud to Ground,-20342,0,12
2026-09-18T05:07:07.231292416Z,6.77112,112.445703,Cloud to Ground,-15135,0,5
2026-09-18T05:07:09.613428655Z,13.917562,122.327393,Cloud to Ground,-67408,0,12
2026-09-18T05:07:09.671129136Z,13.900383,122.327057,Cloud to Ground,-30701,0,14
2026-09-18T05:07:09.794455066Z,13.904879,122.331378,Cloud to Ground,-19167,0,10
2026-09-18T05:07:09.604921229Z,13.836564,122.333481,Cloud to Ground,-18413,0,11
2026-09-18T05:07:09.732756626Z,13.925947,122.237502,Cloud to Ground,-16418,0,10
2026-09-18T05:07:09.603930971Z,13.821844,122.330085,Cloud to Cloud,-10741,14262,8
2026-09-18T05:07:09.027262000Z,7.6956,111.4071,Cloud to Ground,-22379,0,6
2026-09-18T05:07:10.832359301Z,6.789711,111.181063,Cloud to Ground,10223,0,8
2026-09-18T05:07:12.339415397Z,8.487468,112.061604,Cloud to Cloud,-24821,18372,14
2026-09-18T05:07:12.425182895Z,18.900762,112.983177,Cloud to Ground,-84699,0,12
2026-09-18T05:07:12.461101381Z,18.911148,112.984292,Cloud to Ground,19310,0,12
2026-09-18T05:07:13.032201457Z,8.633181,111.660242,Cloud to Ground,28926,0,9
2026-09-18T05:07:14.757652890Z,6.8718,112.3629,Cloud to Ground,-21676,0,10
2026-09-18T05:07:14.689436135Z,6.837997,112.477762,Cloud to Cloud,-18897,3517,7
2026-09-18T05:07:14.956314831Z,6.879036,112.49843,Cloud to Ground,10959,0,6
2026-09-18T05:07:14.993160359Z,6.86765,112.495196,Cloud to Ground,18527,0,8
2026-09-18T05:07:14.648451492Z,6.88883,112.49459,Cloud to Ground,33371,0,10
2026-09-18T05:07:17.406511785Z,6.868286,111.29115,Cloud to Ground,-27508,0,14
2026-09-18T05:07:17.678510434Z,6.907408,111.312898,Cloud to Ground,34796,0,10
2026-09-18T05:07:19.103596168Z,14.603481,120.953777,Cloud to Ground,-19852,0,11
2026-09-18T05:07:19.024056798Z,14.603989,120.952579,Cloud to Ground,-14796,0,15
2026-09-18T05:07:18.957489586Z,14.602076,120.953019,Cloud to Ground,-12397,0,12
2026-09-18T05:07:19.142752294Z,14.604405,120.955684,Cloud to Ground,-9701,0,10
2026-09-18T05:07:19.414843570Z,14.595193,120.955304,Cloud to Cloud,10392,6515,10
2026-09-18T05:07:21.438527822Z,9.079763,126.126519,Cloud to Cloud,7868,12692,7
2026-09-18T05:07:24.092876187Z,6.830034,111.191328,Cloud to Ground,7442,0,8
2026-09-18T05:07:26.384674915Z,6.919832,111.680813,Cloud to Cloud,-15050,3031,9
2026-09-18T05:07:26.394782184Z,6.939702,111.682642,Cloud to Ground,-11474,0,8
2026-09-18T05:07:26.357928537Z,6.942062,111.597529,Cloud to Cloud,-9572,6467,6
2026-09-18T05:07:26.448075900Z,6.909868,111.700297,Cloud to Ground,52540,0,14
2026-09-18T05:07:26.368108207Z,6.925202,111.701699,Cloud to Ground,171299,0,15
2026-09-18T05:07:26.794454709Z,8.773558,111.649858,Cloud to Ground,46979,0,13
2026-09-18T05:07:26.855314494Z,18.027644,113.302885,Cloud to Ground,-10436,0,7
2026-09-18T05:07:26.882370508Z,17.955403,113.259641,Cloud to Cloud,15681,3250,8
2026-09-18T05:07:28.841379677Z,6.949697,111.350379,Cloud to Cloud,-16155,4255,24
2026-09-18T05:07:28.759912000Z,6.8699,111.2568,Cloud to Ground,43780,0,10
2026-09-18T05:07:30.143698836Z,8.728877,111.802423,Cloud to Ground,-38682,0,14
2026-09-18T05:07:30.336226675Z,8.801708,111.831161,Cloud to Ground,37597,0,11
2026-09-18T05:07:30.264416888Z,14.656358,120.998424,Cloud to Cloud,12804,13762,7
2026-09-18T05:07:30.163048005Z,14.53029,120.984218,Cloud to Cloud,6600,16837,8
2026-09-18T05:07:30.303636009Z,14.551277,120.961245,Cloud to Cloud,12795,4086,7
2026-09-18T05:07:31.301183399Z,12.416969,125.283172,Cloud to Cloud,11498,17866,8
2026-09-18T05:07:31.271608496Z,12.393392,125.259342,Cloud to Cloud,12633,8636,10
2026-09-18T05:07:33.916840045Z,7.728968,110.003187,Cloud to Ground,-34645,0,18
2026-09-18T05:07:34.253327000Z,7.6224,110.0369,Cloud to Ground,130728,0,9
2026-09-18T05:07:35.253495556Z,13.976656,122.896044,Cloud to Cloud,5939,4627,7
2026-09-18T05:07:35.257993246Z,13.948146,122.813244,Cloud to Cloud,8237,16238,8
2026-09-18T05:07:35.304214842Z,13.968125,122.924758,Cloud to Ground,30545,0,15
2026-09-18T05:07:35.453762663Z,14.054262,122.95516,Cloud to Ground,-8005,0,8
2026-09-18T05:07:38.122571524Z,8.711766,111.668658,Cloud to Ground,-19226,0,12
2026-09-18T05:07:37.892169286Z,8.710129,111.713958,Cloud to Cloud,-17451,3071,10
2026-09-18T05:07:38.113584289Z,8.728605,111.686766,Cloud to Ground,19301,0,8
2026-09-18T05:07:38.545464474Z,18.494607,112.718892,Cloud to Ground,14843,0,9
2026-09-18T05:07:38.552825810Z,18.405988,112.77926,Cloud to Cloud,-10993,5326,7
2026-09-18T05:07:38.546849886Z,18.396081,112.705565,Cloud to Ground,9350,0,9
2026-09-18T05:07:38.548554008Z,18.405888,112.773769,Cloud to Cloud,15249,3014,10
2026-09-18T05:07:40.606135309Z,8.508745,112.144109,Cloud to Ground,-57232,0,10
2026-09-18T05:07:40.641151094Z,8.515715,112.133875,Cloud to Ground,-18369,0,14
2026-09-18T05:07:40.602129122Z,8.477476,112.052655,Cloud to Ground,-9709,0,10
2026-09-18T05:07:40.590193885Z,8.525407,112.129268,Cloud to Ground,-8026,0,6
2026-09-18T05:07:40.806482173Z,8.549325,112.157332,Cloud to Ground,26498,0,7
2026-09-18T05:07:40.546969984Z,13.969175,122.835215,Cloud to Cloud,-8527,6729,8
2026-09-18T05:07:40.313375022Z,13.998762,122.779147,Cloud to Cloud,3525,5331,6
2026-09-18T05:07:40.292980930Z,13.95369,122.81237,Cloud to Cloud,18558,16294,15
2026-09-18T05:07:42.903732088Z,13.911116,122.28004,Cloud to Cloud,4178,17160,5
2026-09-18T05:07:44.261773329Z,6.936521,111.311122,Cloud to Ground,-9971,0,6
2026-09-18T05:07:44.595427226Z,10.668674,119.509623,Cloud to Cloud,10018,16457,10
2026-09-18T05:07:44.586333650Z,10.678768,119.504559,Cloud to Cloud,13946,3364,8
2026-09-18T05:07:45.429041220Z,6.852499,111.175666,Cloud to Cloud,-12329,6505,9
2026-09-18T05:07:44.998757937Z,6.852462,111.316455,Cloud to Ground,-30330,0,10
2026-09-18T05:07:45.500241317Z,6.921477,111.347368,Cloud to Ground,8702,0,7
2026-09-18T05:07:45.724746267Z,6.866947,111.322736,Cloud to Ground,15498,0,6
2026-09-18T05:07:45.066196000Z,6.8933,111.2676,Cloud to Ground,19491,0,5
2026-09-18T05:07:45.426360220Z,6.917633,111.334635,Cloud to Ground,28797,0,9
2026-09-18T05:07:45.000469722Z,6.913411,111.309839,Cloud to Ground,30641,0,10
2026-09-18T05:07:45.040074946Z,6.956908,111.341111,Cloud to Ground,50435,0,14
2026-09-18T05:07:47.047005699Z,9.214519,125.866846,Cloud to Cloud,-7811,11352,10
2026-09-18T05:07:47.321996875Z,14.583027,121.013049,Cloud to Cloud,10511,6056,6
2026-09-18T05:07:47.353105638Z,14.60633,120.950221,Cloud to Cloud,13327,7535,10
2026-09-18T05:07:49.903097591Z,17.919378,112.765852,Cloud to Cloud,-21209,3009,10
2026-09-18T05:07:50.093599490Z,17.985216,112.656294,Cloud to Cloud,-8587,7279,8
2026-09-18T05:07:49.485378546Z,17.951687,112.680548,Cloud to Cloud,5149,3227,8
2026-09-18T05:07:50.920054565Z,8.556607,112.159272,Cloud to Ground,27322,0,11
2026-09-18T05:07:50.938398685Z,8.508888,112.050052,Cloud to Ground,12098,0,6
2026-09-18T05:07:50.995253849Z,8.520108,112.032475,Cloud to Ground,12318,0,9
2026-09-18T05:07:50.098758948Z,18.079853,112.823627,Cloud to Cloud,-44749,6460,9
2026-09-18T05:07:49.904444440Z,18.019367,112.757913,Cloud to Cloud,4944,4423,10
2026-09-18T05:07:49.841575223Z,18.024407,112.75123,Cloud to Cloud,6846,16097,8
2026-09-18T05:07:50.663166616Z,18.057994,112.580245,Cloud to Cloud,5991,3162,9
2026-09-18T05:07:50.922161195Z,7.055689,112.436408,Cloud to Ground,-9883,0,8
2026-09-18T05:07:51.021115382Z,7.07208,112.415199,Cloud to Ground,28130,0,10
2026-09-18T05:07:51.926679885Z,6.891232,111.337102,Cloud to Ground,-10331,0,7
2026-09-18T05:07:52.472002078Z,13.941038,122.250001,Cloud to Ground,-23722,0,13
2026-09-18T05:07:52.538270969Z,13.900741,122.252441,Cloud to Ground,-21103,0,13
2026-09-18T05:07:52.422107745Z,13.939551,122.248348,Cloud to Ground,-20848,0,13
2026-09-18T05:07:52.695306284Z,13.892032,122.262014,Cloud to Cloud,-12898,12654,10
2026-09-18T05:07:52.632356325Z,13.930102,122.238223,Cloud to Ground,-7299,0,9
2026-09-18T05:07:52.393369276Z,13.927155,122.237872,Cloud to Cloud,-5034,3263,5
2026-09-18T05:07:53.920502176Z,6.854072,112.463885,Cloud to Ground,24037,0,8
2026-09-18T05:07:53.901148052Z,6.845422,112.455481,Cloud to Ground,53986,0,13
2026-09-18T05:07:53.833928803Z,6.835625,112.461861,Cloud to Ground,125523,0,17
2026-09-18T05:07:57.542817180Z,13.866582,123.337372,Cloud to Cloud,-13157,19086,11
2026-09-18T05:07:57.548548759Z,13.81555,123.300171,Cloud to Cloud,8493,11314,8
2026-09-18T05:07:57.544883739Z,13.807361,123.289478,Cloud to Cloud,11189,3245,10
2026-09-18T05:07:58.606084082Z,8.157951,112.980762,Cloud to Ground,-20346,0,12
2026-09-18T05:07:58.382898509Z,8.305698,112.590359,Cloud to Ground,-76893,0,10
2026-09-18T05:07:58.380288955Z,8.253217,112.53878,Cloud to Ground,-19537,0,11
2026-09-18T05:07:58.509065573Z,6.855442,111.307509,Cloud to Ground,-14564,0,22
2026-09-18T05:07:59.403107579Z,8.136181,112.694171,Cloud to Ground,-11018,0,8
2026-09-18T05:08:00.061291916Z,8.192575,112.760454,Cloud to Ground,18435,0,11
2026-09-18T05:08:01.286290727Z,8.11801,112.738022,Cloud to Ground,21891,0,9
2026-09-18T05:08:01.089704542Z,8.227003,112.827036,Cloud to Cloud,-19744,15008,13
2026-09-18T05:08:05.318514203Z,18.353316,111.672287,Cloud to Cloud,-13670,18963,7
2026-09-18T05:08:05.517533590Z,18.268516,111.680646,Cloud to Cloud,-12597,3466,10
2026-09-18T05:08:05.320015582Z,18.343734,111.683665,Cloud to Ground,-8871,0,7
2026-09-18T05:08:05.506354731Z,18.277704,111.511607,Cloud to Cloud,-6490,4419,6
2026-09-18T05:08:05.499780518Z,18.284895,111.601247,Cloud to Cloud,6692,19862,8
2026-09-18T05:08:05.631284254Z,18.288009,111.609467,Cloud to Cloud,6704,16144,8
2026-09-18T05:08:05.471222814Z,18.349774,111.607528,Cloud to Ground,7830,0,7
2026-09-18T05:08:05.321957581Z,18.337786,111.577884,Cloud to Ground,13017,0,10
2026-09-18T05:08:05.467642762Z,18.347362,111.687116,Cloud to Ground,13452,0,8
2026-09-18T05:08:05.325995234Z,18.334213,111.573149,Cloud to Ground,21747,0,10
2026-09-18T05:08:06.521183667Z,6.955002,111.29565,Cloud to Ground,-44556,0,24
2026-09-18T05:08:06.873220165Z,6.885116,111.342339,Cloud to Ground,-15816,0,11
2026-09-18T05:08:06.865636133Z,6.967159,111.352226,Cloud to Ground,56195,0,16
2026-09-18T05:08:06.898433349Z,8.549819,112.158538,Cloud to Ground,11794,0,11
2026-09-18T05:08:06.860817915Z,8.484428,112.059733,Cloud to Cloud,-11250,3034,9
2026-09-18T05:08:10.186342127Z,8.853834,128.481623,Cloud to Ground,-27687,0,15
2026-09-18T05:08:10.175159969Z,8.804039,128.461214,Cloud to Cloud,-7298,12597,15
2026-09-18T05:08:10.272110427Z,8.818841,128.557556,Cloud to Ground,24671,0,14
2026-09-18T05:08:10.635672778Z,8.767374,117.532338,Cloud to Cloud,-12755,10221,8
2026-09-18T05:08:10.673675611Z,8.694662,117.576482,Cloud to Cloud,10915,11661,6
2026-09-18T05:08:10.879237898Z,8.794993,117.526286,Cloud to Cloud,16275,5470,10
2026-09-18T05:08:11.371971630Z,12.474423,125.365941,Cloud to Ground,-44896,0,10
2026-09-18T05:08:11.451814119Z,12.376084,125.33979,Cloud to Cloud,-10727,19292,11
2026-09-18T05:08:11.347575541Z,12.412137,125.333327,Cloud to Cloud,-9704,4221,12
2026-09-18T05:08:12.206713730Z,18.539901,110.709328,Cloud to Ground,11547,0,9
2026-09-18T05:08:12.538335582Z,18.557047,110.759671,Cloud to Ground,15076,0,6
2026-09-18T05:08:12.171924688Z,18.548889,110.68474,Cloud to Cloud,16004,11319,10
2026-09-18T05:08:12.167699949Z,18.548208,110.780389,Cloud to Ground,16179,0,7
2026-09-18T05:08:13.033591862Z,8.627852,110.165345,Cloud to Ground,29155,0,10
2026-09-18T05:08:12.947210542Z,18.038626,113.290566,Cloud to Cloud,-14951,5044,7
2026-09-18T05:08:12.749743521Z,18.001481,113.276878,Cloud to Cloud,-10754,3041,7
2026-09-18T05:08:13.011848577Z,17.985003,113.184831,Cloud to Ground,9840,0,10
2026-09-18T05:08:12.744597214Z,18.010701,113.320587,Cloud to Ground,11595,0,8
2026-09-18T05:08:13.073898223Z,17.990106,113.320714,Cloud to Ground,14360,0,10
2026-09-18T05:08:14.696371380Z,8.687241,111.794327,Cloud to Ground,-37193,0,9
2026-09-18T05:08:14.637146749Z,8.789713,111.770503,Cloud to Ground,-32930,0,16
2026-09-18T05:08:14.821193310Z,8.662102,111.714509,Cloud to Ground,-11563,0,8
2026-09-18T05:08:14.883311884Z,8.726843,111.797593,Cloud to Ground,16672,0,7
2026-09-18T05:08:14.727232000Z,8.7168,111.7626,Cloud to Ground,29229,0,5
2026-09-18T05:08:15.003443392Z,6.899552,111.324837,Cloud to Ground,-11678,0,5
2026-09-18T05:08:15.066093579Z,6.888328,111.322472,Cloud to Ground,9965,0,10
2026-09-18T05:08:14.988985373Z,6.854649,111.292861,Cloud to Ground,23753,0,14
2026-09-18T05:08:15.357222774Z,6.918729,111.339724,Cloud to Ground,30309,0,12
2026-09-18T05:08:17.700786439Z,6.816948,112.395088,Cloud to Ground,-22249,0,12
2026-09-18T05:08:17.931382232Z,6.807741,112.464255,Cloud to Ground,-13607,0,11
2026-09-18T05:08:20.656604074Z,8.478029,112.054844,Cloud to Cloud,10633,13327,7
2026-09-18T05:08:20.522844206Z,8.577378,112.137667,Cloud to Ground,-23029,0,9
2026-09-18T05:08:20.424211824Z,9.127884,126.024,Cloud to Cloud,11758,16914,6
2026-09-18T05:08:21.766650775Z,7.357054,111.644205,Cloud to Ground,-15112,0,9
2026-09-18T05:08:21.423605623Z,7.423252,111.606089,Cloud to Cloud,13749,4668,8
2026-09-18T05:08:21.096975526Z,7.683062,111.306502,Cloud to Ground,23969,0,12
2026-09-18T05:08:22.877367768Z,6.950713,111.201718,Cloud to Ground,34924,0,9
2026-09-18T05:08:29.748494404Z,13.929043,122.293493,Cloud to Cloud,4704,17919,7
2026-09-18T05:08:29.745862239Z,13.926899,122.291609,Cloud to Cloud,8019,12647,8
2026-09-18T05:08:32.302311443Z,6.947399,111.27716,Cloud to Ground,-51092,0,24
2026-09-18T05:08:32.380963461Z,7.00825,111.350014,Cloud to Ground,-32286,0,15
2026-09-18T05:08:32.372166615Z,6.840924,111.293982,Cloud to Ground,-31055,0,17
2026-09-18T05:08:32.287769786Z,6.929518,111.340628,Cloud to Ground,-26757,0,7
2026-09-18T05:08:32.374103083Z,6.885637,111.307339,Cloud to Ground,-22905,0,14
2026-09-18T05:08:32.550826769Z,6.860499,111.283283,Cloud to Ground,21185,0,7
2026-09-18T05:08:32.691494521Z,6.895337,111.337404,Cloud to Ground,29800,0,9
2026-09-18T05:08:32.502976225Z,6.870464,111.311698,Cloud to Ground,30405,0,12
2026-09-18T05:08:32.450194091Z,6.856738,111.323462,Cloud to Ground,32094,0,10
2026-09-18T05:08:32.411811843Z,6.852921,111.317095,Cloud to Ground,48773,0,16
2026-09-18T05:08:32.617184419Z,6.950205,111.322325,Cloud to Ground,68779,0,15
2026-09-18T05:08:32.276113447Z,6.863891,111.315846,Cloud to Ground,221454,0,18
2026-09-18T05:08:33.395965184Z,6.89698,111.509391,Cloud to Ground,-26379,0,10
2026-09-18T05:08:33.420890814Z,6.900037,111.510087,Cloud to Ground,-19119,0,11
2026-09-18T05:08:33.400300601Z,6.868498,111.48994,Cloud to Ground,11079,0,7
2026-09-18T05:08:33.379904779Z,6.916023,111.498332,Cloud to Ground,18532,0,9
2026-09-18T05:08:33.820599173Z,8.49576,112.096493,Cloud to Ground,15259,0,10
2026-09-18T05:08:33.761141909Z,8.51532,112.111783,Cloud to Ground,16314,0,9
2026-09-18T05:08:33.698712382Z,8.480419,112.002184,Cloud to Ground,-29112,0,19
2026-09-18T05:08:34.248696476Z,8.778777,113.944887,Cloud to Cloud,-8542,7298,11
2026-09-18T05:08:36.089422562Z,14.828871,120.844544,Cloud to Ground,14782,0,14
2026-09-18T05:08:36.247649781Z,14.623417,120.954877,Cloud to Cloud,-14717,12023,7
2026-09-18T05:08:35.913405636Z,14.550205,120.983182,Cloud to Cloud,9938,6725,8
2026-09-18T05:08:37.021931382Z,7.015909,112.578355,Cloud to Ground,-16830,0,10
2026-09-18T05:08:36.681103500Z,7.00942,112.573242,Cloud to Ground,10246,0,6
2026-09-18T05:08:37.909082143Z,12.476126,125.283366,Cloud to Cloud,5875,10275,6
2026-09-18T05:08:38.149851792Z,12.365106,125.265325,Cloud to Cloud,-8363,4512,8
2026-09-18T05:08:37.547914911Z,12.354581,125.327831,Cloud to Cloud,16276,4697,8
2026-09-18T05:08:39.846552085Z,6.566944,110.212911,Cloud to Ground,-24029,0,10
2026-09-18T05:08:39.923462000Z,6.6225,110.1415,Cloud to Ground,29254,0,5
2026-09-18T05:08:39.876522107Z,6.689391,110.32298,Cloud to Ground,31565,0,9
2026-09-18T05:08:41.368633359Z,8.419447,112.071239,Cloud to Ground,16398,0,8
2026-09-18T05:08:41.013906411Z,8.500093,112.149213,Cloud to Ground,-9101,0,8
2026-09-18T05:08:41.297953314Z,14.618171,120.952378,Cloud to Ground,-17622,0,13
2026-09-18T05:08:44.686263667Z,17.964183,112.622368,Cloud to Ground,-13407,0,8
2026-09-18T05:08:44.679182879Z,17.974093,112.620289,Cloud to Cloud,-7738,18598,9
2026-09-18T05:08:44.674956011Z,17.965035,112.602197,Cloud to Cloud,5976,3003,9
2026-09-18T05:08:44.673619180Z,17.953068,112.521749,Cloud to Ground,13682,0,7
2026-09-18T05:08:49.967764886Z,19.243495,111.312633,Cloud to Ground,11315,0,7
2026-09-18T05:08:49.801719073Z,19.240734,111.409263,Cloud to Ground,19804,0,9
2026-09-18T05:08:49.875743388Z,19.241684,111.458071,Cloud to Ground,31727,0,8
2026-09-18T05:08:49.760160600Z,19.234662,111.602492,Cloud to Ground,-43941,0,15
2026-09-18T05:08:50.115484131Z,19.245392,111.608482,Cloud to Cloud,5893,16136,6
2026-09-18T05:08:49.941945931Z,13.902003,122.281409,Cloud to Cloud,4197,17678,6
2026-09-18T05:08:50.571776514Z,6.95321,111.262093,Cloud to Ground,-64596,0,21
2026-09-18T05:08:50.588045977Z,6.911297,111.315854,Cloud to Ground,-31719,0,10
2026-09-18T05:08:50.550877161Z,6.872766,111.311736,Cloud to Ground,183273,0,20
2026-09-18T05:08:50.440971342Z,13.925202,123.375926,Cloud to Ground,-100124,0,15
2026-09-18T05:08:50.518462511Z,13.929632,123.377295,Cloud to Ground,-55812,0,11
2026-09-18T05:08:50.962263662Z,13.927918,123.373399,Cloud to Ground,-34109,0,9
2026-09-18T05:08:51.162198501Z,13.938185,123.391798,Cloud to Cloud,-5604,8617,5
2026-09-18T05:08:52.676536653Z,8.754193,111.795179,Cloud to Ground,-12800,0,8
2026-09-18T05:08:53.133502996Z,6.838357,112.454772,Cloud to Ground,44531,0,11
2026-09-18T05:08:53.770172000Z,9.2576,126.1539,Cloud to Ground,18619,0,5
2026-09-18T05:08:54.173587304Z,14.625307,120.942977,Cloud to Cloud,8533,7763,8
2026-09-18T05:08:59.792730789Z,11.036087,110.161226,Cloud to Ground,-44148,0,9
2026-09-18T05:08:59.927550530Z,11.009854,110.084878,Cloud to Ground,-18599,0,9
2026-09-18T05:08:59.790545369Z,11.013608,110.130794,Cloud to Ground,-11440,0,7
2026-09-18T05:08:59.787578936Z,10.994578,110.069879,Cloud to Ground,23517,0,13
2026-09-18T05:08:59.788089555Z,10.987573,110.068257,Cloud to Ground,27140,0,12
2026-09-18T05:08:59.258877555Z,18.522196,110.773371,Cloud to Ground,-47970,0,10
2026-09-18T05:08:59.026193704Z,18.556557,110.768573,Cloud to Ground,-39754,0,14
2026-09-18T05:08:59.409737005Z,18.523835,110.778144,Cloud to Cloud,11539,17068,8
2026-09-18T05:09:03.961916723Z,8.734218,111.780837,Cloud to Cloud,-13073,13253,11
2026-09-18T05:09:03.457148222Z,13.895024,122.149864,Cloud to Cloud,25779,19724,12
2026-09-18T05:09:04.303928845Z,8.494919,112.145342,Cloud to Ground,-51353,0,14
2026-09-18T05:09:04.157634060Z,8.581504,112.129839,Cloud to Ground,-42619,0,13
2026-09-18T05:09:04.192924303Z,8.522351,112.15174,Cloud to Ground,22815,0,7
2026-09-18T05:09:04.198315230Z,14.531156,122.051587,Cloud to Ground,-16380,0,17
2026-09-18T05:09:04.103313298Z,13.893328,122.254222,Cloud to Ground,-28689,0,13
2026-09-18T05:09:04.342228516Z,13.920324,122.229429,Cloud to Ground,-21173,0,12
2026-09-18T05:09:04.812097200Z,13.865265,122.289087,Cloud to Ground,-17166,0,7
2026-09-18T05:09:07.945461841Z,6.910475,111.323676,Cloud to Ground,-12189,0,9
2026-09-18T05:09:07.978713033Z,6.888574,111.324975,Cloud to Ground,-11737,0,13
2026-09-18T05:09:07.961688435Z,6.909596,111.330454,Cloud to Ground,24573,0,12
2026-09-18T05:09:08.009592223Z,6.849164,111.215561,Cloud to Ground,11896,0,8
2026-09-18T05:09:08.156221125Z,8.692175,111.728166,Cloud to Ground,11875,0,7
2026-09-18T05:09:19.978071104Z,6.874865,111.160882,Cloud to Ground,-43913,0,27
2026-09-18T05:09:20.118904967Z,6.871836,111.173996,Cloud to Ground,-32305,0,27
2026-09-18T05:09:19.790983171Z,6.868038,111.303821,Cloud to Ground,-32172,0,19
2026-09-18T05:09:19.777238838Z,6.858625,111.261576,Cloud to Ground,9616,0,7
2026-09-18T05:09:19.923744476Z,6.854495,111.300897,Cloud to Ground,25170,0,10
2026-09-18T05:09:19.892484065Z,6.862136,111.253398,Cloud to Ground,43918,0,9
2026-09-18T05:09:22.583862357Z,9.668561,111.484214,Cloud to Ground,-18091,0,9
2026-09-18T05:09:22.586697830Z,9.642397,111.414876,Cloud to Ground,18884,0,8
2026-09-18T05:09:23.633924730Z,8.761145,111.798604,Cloud to Ground,19761,0,9
2026-09-18T05:09:24.845517821Z,8.750645,111.786953,Cloud to Ground,-11230,0,8
2026-09-18T05:09:26.777786712Z,6.9037,111.280102,Cloud to Ground,-9964,0,7
2026-09-18T05:09:28.855656032Z,13.943802,122.274843,Cloud to Ground,-99101,0,14
2026-09-18T05:09:28.953042899Z,13.940959,122.256994,Cloud to Ground,-43777,0,10
2026-09-18T05:09:29.016418445Z,13.942074,122.263947,Cloud to Ground,-27777,0,12
2026-09-18T05:09:29.057885134Z,13.94496,122.263538,Cloud to Ground,-13776,0,14
2026-09-18T05:09:28.978900775Z,13.938278,122.268368,Cloud to Cloud,-4995,18493,6
2026-09-18T05:09:29.107640000Z,13.9867,122.2155,Cloud to Ground,4700,0,6
2026-09-18T05:09:29.162936732Z,17.996012,112.603806,Cloud to Ground,-9841,0,6
2026-09-18T05:09:28.627174530Z,17.95845,112.535115,Cloud to Cloud,8409,3000,7
2026-09-18T05:09:28.629037148Z,17.954998,112.469374,Cloud to Ground,15446,0,14
2026-09-18T05:09:29.632248300Z,18.192616,115.144182,Cloud to Cloud,-10466,17975,9
2026-09-18T05:09:29.613665662Z,18.194181,115.14343,Cloud to Ground,-10199,0,6
2026-09-18T05:09:30.881893031Z,8.656021,111.665274,Cloud to Ground,9214,0,7
2026-09-18T05:09:32.708760291Z,7.968984,111.370259,Cloud to Ground,-14614,0,9
2026-09-18T05:09:32.707226957Z,7.93982,111.355538,Cloud to Ground,11963,0,10
2026-09-18T05:09:32.706573314Z,7.948205,111.321424,Cloud to Ground,19515,0,9
2026-09-18T05:09:33.417285799Z,6.897096,111.314812,Cloud to Ground,-14366,0,6
2026-09-18T05:09:33.414600372Z,6.89655,111.416956,Cloud to Ground,23116,0,8
2026-09-18T05:09:33.539709539Z,6.906401,111.415786,Cloud to Ground,37823,0,12
2026-09-18T05:09:33.257759083Z,6.861541,111.4156,Cloud to Ground,87803,0,24
2026-09-18T05:09:33.717291511Z,6.767566,112.457478,Cloud to Ground,20985,0,16
2026-09-18T05:09:33.809412690Z,14.691831,120.915905,Cloud to Cloud,-18237,3122,10
2026-09-18T05:09:33.799175871Z,14.754041,120.893736,Cloud to Cloud,-17665,3000,12
2026-09-18T05:09:33.797797957Z,14.692435,120.943558,Cloud to Ground,27325,0,11
2026-09-18T05:09:34.457386464Z,18.337542,111.608058,Cloud to Ground,-24033,0,14
2026-09-18T05:09:34.479612380Z,18.352324,111.600319,Cloud to Ground,-12610,0,6
2026-09-18T05:09:34.746085930Z,18.349251,111.598017,Cloud to Cloud,3880,13895,6
2026-09-18T05:09:34.456562631Z,18.330859,111.526478,Cloud to Cloud,9055,5881,9
2026-09-18T05:09:34.459946244Z,18.364627,111.598535,Cloud to Ground,18468,0,8
2026-09-18T05:09:35.321530805Z,12.240423,125.542239,Cloud to Cloud,23022,16735,13
2026-09-18T05:09:35.321015880Z,12.16801,125.433572,Cloud to Ground,24260,0,9
2026-09-18T05:09:37.157261458Z,8.711228,111.75,Cloud to Cloud,-14352,3017,10
2026-09-18T05:09:37.158476479Z,8.73237,111.782377,Cloud to Ground,10546,0,9
2026-09-18T05:09:37.004071890Z,8.703641,111.728919,Cloud to Ground,14634,0,10
2026-09-18T05:09:39.692698251Z,7.089048,112.057999,Cloud to Ground,-89682,0,20
2026-09-18T05:09:39.794801595Z,7.128615,112.126436,Cloud to Ground,-30803,0,10
2026-09-18T05:09:39.596496340Z,7.217304,112.122434,Cloud to Ground,-29810,0,14
2026-09-18T05:09:39.774133800Z,7.107452,112.117154,Cloud to Ground,-28187,0,7
2026-09-18T05:09:40.158627603Z,7.132692,112.124652,Cloud to Ground,-22790,0,10
2026-09-18T05:09:39.603367688Z,7.095957,112.045537,Cloud to Ground,13735,0,8
2026-09-18T05:09:39.904027043Z,7.131054,112.071098,Cloud to Ground,13960,0,9
2026-09-18T05:09:39.595865505Z,7.104327,112.102132,Cloud to Ground,19505,0,18
2026-09-18T05:09:39.990809981Z,7.08751,112.052611,Cloud to Ground,24005,0,9
2026-09-18T05:09:39.595035057Z,7.116221,112.113148,Cloud to Ground,31904,0,17
2026-09-18T05:09:39.597616307Z,7.150298,112.120575,Cloud to Ground,33287,0,8
2026-09-18T05:09:39.885097769Z,7.127497,112.066063,Cloud to Ground,52006,0,15
2026-09-18T05:09:40.755375793Z,7.046391,111.783047,Cloud to Ground,-41513,0,23
2026-09-18T05:09:41.009351181Z,7.068475,111.717741,Cloud to Ground,-27385,0,13
2026-09-18T05:09:41.866347100Z,6.910796,111.318589,Cloud to Ground,-26111,0,17
2026-09-18T05:09:41.839022546Z,6.924373,111.339136,Cloud to Ground,-16738,0,10
2026-09-18T05:09:41.884304880Z,6.914712,111.358099,Cloud to Ground,19199,0,8
2026-09-18T05:09:41.862982286Z,6.890475,111.341818,Cloud to Ground,21665,0,8
2026-09-18T05:09:41.823024272Z,6.887016,111.333314,Cloud to Ground,31235,0,18
2026-09-18T05:09:44.660299407Z,18.036019,112.732316,Cloud to Cloud,-6751,19798,6
2026-09-18T05:09:44.642960207Z,18.012668,112.7572,Cloud to Cloud,8774,5941,8
2026-09-18T05:09:45.533144627Z,8.481401,112.122002,Cloud to Ground,-35694,0,8
2026-09-18T05:09:45.587284859Z,8.475024,112.124814,Cloud to Ground,-22672,0,10
2026-09-18T05:09:45.422138762Z,8.575588,112.190948,Cloud to Cloud,-17406,4389,24
2026-09-18T05:09:45.802104926Z,8.515826,112.149546,Cloud to Ground,8584,0,7
2026-09-18T05:09:45.486176000Z,8.582,112.3907,Cloud to Ground,27169,0,5
2026-09-18T05:09:48.824338076Z,8.803128,128.543864,Cloud to Ground,-48326,0,12
2026-09-18T05:09:48.814921828Z,8.794014,128.487367,Cloud to Cloud,-5719,9676,15
2026-09-18T05:09:49.862508056Z,8.109928,111.384091,Cloud to Ground,28871,0,11
2026-09-18T05:09:49.207022825Z,14.622502,120.894316,Cloud to Ground,-20120,0,11
2026-09-18T05:09:49.305947863Z,14.596317,120.943707,Cloud to Ground,-14436,0,12
2026-09-18T05:09:52.663239000Z,8.7267,111.8403,Cloud to Ground,18628,0,6
2026-09-18T05:09:54.801217256Z,6.863444,111.289659,Cloud to Ground,-16231,0,6
2026-09-18T05:09:54.772868515Z,6.904585,111.317712,Cloud to Cloud,-11646,12072,6
2026-09-18T05:09:54.881384456Z,6.903199,111.305832,Cloud to Cloud,-10778,19684,8
2026-09-18T05:09:55.124144839Z,6.897083,111.694833,Cloud to Cloud,-9082,6491,8
2026-09-18T05:09:57.741763514Z,14.861538,120.719441,Cloud to Cloud,5246,3221,9
2026-09-18T05:09:59.358508044Z,6.919912,112.380981,Cloud to Ground,-29574,0,18
2026-09-18T05:09:59.358954598Z,6.859565,112.393663,Cloud to Ground,-12505,0,9
2026-09-18T05:09:59.356193510Z,6.799131,112.286803,Cloud to Ground,22859,0,7
2026-09-18T05:10:00.617637011Z,19.63881,113.186731,Cloud to Cloud,-19718,3279,7
2026-09-18T05:10:00.611284169Z,19.544763,113.223439,Cloud to Cloud,-16821,3407,14
2026-09-18T05:10:00.751208123Z,19.536168,113.235225,Cloud to Cloud,-16007,6217,10
2026-09-18T05:10:00.612861883Z,19.499811,113.249706,Cloud to Cloud,10485,3035,9
2026-09-18T05:10:00.667779914Z,13.929614,122.26454,Cloud to Cloud,4591,3014,5
2026-09-18T05:10:00.664992983Z,13.92275,122.269898,Cloud to Cloud,5694,5918,7
2026-09-18T05:10:00.713524366Z,13.922354,122.26322,Cloud to Cloud,6232,3458,7
2026-09-18T05:10:00.877385030Z,13.918494,122.343679,Cloud to Cloud,10120,3388,6
2026-09-18T05:10:01.486257464Z,8.724905,111.74706,Cloud to Ground,-23506,0,8
2026-09-18T05:10:01.260718485Z,6.937786,111.178604,Cloud to Ground,52607,0,14
2026-09-18T05:10:01.762095949Z,9.209117,125.983983,Cloud to Ground,-18606,0,10
2026-09-18T05:10:01.906995883Z,9.258087,125.950132,Cloud to Ground,-15670,0,7
2026-09-18T05:10:01.091760569Z,18.869633,112.822063,Cloud to Cloud,14645,3084,9
2026-09-18T05:10:01.031531564Z,18.873867,112.812534,Cloud to Ground,23639,0,11
2026-09-18T05:10:05.824881559Z,12.470172,125.258995,Cloud to Cloud,-4785,5482,7
2026-09-18T05:10:05.645403104Z,12.422383,125.25913,Cloud to Cloud,13169,19254,10
2026-09-18T05:10:07.040029210Z,8.501923,112.31108,Cloud to Ground,-14436,0,8
2026-09-18T05:10:06.828383077Z,8.514955,112.301539,Cloud to Ground,-11667,0,10
2026-09-18T05:10:07.013769843Z,8.505174,112.313019,Cloud to Ground,-7827,0,7
2026-09-18T05:10:06.679037123Z,8.495159,112.296945,Cloud to Ground,-6546,0,6
2026-09-18T05:10:06.714464886Z,8.504298,112.296839,Cloud to Cloud,8862,17466,6
2026-09-18T05:10:06.674682698Z,8.500875,112.281037,Cloud to Ground,35584,0,11
2026-09-18T05:10:09.259895656Z,7.654986,110.064216,Cloud to Ground,-63921,0,11
2026-09-18T05:10:09.330352140Z,7.655525,110.067077,Cloud to Ground,-45410,0,10
2026-09-18T05:10:09.362217871Z,7.719013,110.00352,Cloud to Ground,-35339,0,11
2026-09-18T05:10:09.331182897Z,7.651718,110.0284,Cloud to Ground,-13756,0,12
2026-09-18T05:10:10.223802544Z,7.074526,112.456568,Cloud to Ground,-17447,0,9
2026-09-18T05:10:09.797688059Z,7.113346,112.459027,Cloud to Ground,-15628,0,11
2026-09-18T05:10:09.738063219Z,7.058507,112.450756,Cloud to Ground,-15574,0,8
2026-09-18T05:10:09.735970501Z,7.021042,112.38294,Cloud to Ground,25622,0,8
2026-09-18T05:10:11.613061675Z,8.538372,112.168562,Cloud to Ground,-19557,0,8
2026-09-18T05:10:11.389735456Z,8.549095,112.183245,Cloud to Ground,-13838,0,8
2026-09-18T05:10:11.622504863Z,8.553463,112.236017,Cloud to Cloud,8644,13589,11
2026-09-18T05:10:11.663725713Z,8.55816,112.184751,Cloud to Cloud,8874,7855,7
2026-09-18T05:10:11.376413672Z,8.544999,112.185521,Cloud to Ground,9725,0,11
2026-09-18T05:10:11.369783199Z,8.460544,112.058046,Cloud to Ground,12121,0,10
2026-09-18T05:10:11.629635648Z,8.502748,112.035129,Cloud to Ground,12590,0,7
2026-09-18T05:10:11.318703159Z,8.507902,112.124784,Cloud to Ground,20663,0,11
2026-09-18T05:10:12.476034455Z,6.923006,111.32786,Cloud to Ground,-23290,0,9
2026-09-18T05:10:12.870363064Z,6.926537,111.29649,Cloud to Ground,-11850,0,10
2026-09-18T05:10:12.463786907Z,6.921571,111.329686,Cloud to Ground,18768,0,8
2026-09-18T05:10:12.527831489Z,6.921173,111.335743,Cloud to Ground,26344,0,14
2026-09-18T05:10:12.918577375Z,6.853359,111.187146,Cloud to Ground,14107,0,8
2026-09-18T05:10:12.833191344Z,6.820881,111.176916,Cloud to Ground,16877,0,7
2026-09-18T05:10:12.526059674Z,6.898524,111.202446,Cloud to Ground,24584,0,11
2026-09-18T05:10:12.429072761Z,8.761755,111.795512,Cloud to Ground,24319,0,9
2026-09-18T05:10:12.397270544Z,8.679547,111.705008,Cloud to Ground,23479,0,10
2026-09-18T05:10:15.306727132Z,19.898018,120.128546,Cloud to Cloud,-14297,14818,15
2026-09-18T05:10:15.308324249Z,19.918615,120.120364,Cloud to Cloud,7032,19729,7
2026-09-18T05:10:15.301481250Z,19.899061,120.087663,Cloud to Ground,9966,0,7
2026-09-18T05:10:15.314353595Z,19.905395,120.108765,Cloud to Cloud,11496,19986,7
2026-09-18T05:10:15.300113815Z,19.905268,120.117003,Cloud to Cloud,11894,7196,6
2026-09-18T05:10:15.303589529Z,19.906944,120.110991,Cloud to Cloud,12128,19264,6
2026-09-18T05:10:15.302007964Z,19.912149,120.124504,Cloud to Ground,19173,0,16
2026-09-18T05:10:14.786089997Z,13.877025,122.272512,Cloud to Cloud,-33174,8215,11
2026-09-18T05:10:15.183600993Z,13.917902,122.233301,Cloud to Ground,-28395,0,12
2026-09-18T05:10:14.809144773Z,13.921726,122.235746,Cloud to Ground,-26578,0,11
2026-09-18T05:10:15.094559027Z,13.920361,122.236024,Cloud to Ground,-22153,0,11
2026-09-18T05:10:14.990178149Z,13.889409,122.245997,Cloud to Ground,-20620,0,10
2026-09-18T05:10:15.035640629Z,13.921175,122.236587,Cloud to Ground,-16854,0,11
2026-09-18T05:10:14.880595572Z,13.924316,122.240901,Cloud to Ground,-13805,0,9
2026-09-18T05:10:15.322443075Z,13.930371,122.241246,Cloud to Ground,-13492,0,8
2026-09-18T05:10:17.703470275Z,8.24527,117.113724,Cloud to Cloud,-11943,3944,11
2026-09-18T05:10:17.707246713Z,8.259824,117.107702,Cloud to Cloud,-7304,3753,7
2026-09-18T05:10:17.704221789Z,8.275529,117.09864,Cloud to Cloud,6757,3187,10
2026-09-18T05:10:17.705328000Z,8.2359,117.1006,Cloud to Ground,10342,0,5
2026-09-18T05:10:17.435497010Z,8.685256,111.718616,Cloud to Ground,-11938,0,9
2026-09-18T05:10:18.912077086Z,6.616919,110.323404,Cloud to Ground,14965,0,7
2026-09-18T05:10:18.840119899Z,6.59007,110.296128,Cloud to Ground,17561,0,10
2026-09-18T05:10:18.815951902Z,6.675461,110.343629,Cloud to Ground,25464,0,11
2026-09-18T05:10:18.876050887Z,6.575055,110.30215,Cloud to Ground,29593,0,14
2026-09-18T05:10:18.793603698Z,6.582845,110.292635,Cloud to Ground,57115,0,16
2026-09-18T05:10:18.780517714Z,18.527885,110.675268,Cloud to Ground,23084,0,9
2026-09-18T05:10:18.781950911Z,18.559754,110.781956,Cloud to Ground,12361,0,9
2026-09-18T05:10:18.722657567Z,18.574515,110.766317,Cloud to Cloud,16826,12563,9
2026-09-18T05:10:21.179897582Z,18.151542,115.180101,Cloud to Cloud,-9285,3196,7
2026-09-18T05:10:21.194894711Z,18.12274,115.181019,Cloud to Ground,15811,0,7
2026-09-18T05:10:25.204799782Z,9.255677,125.852254,Cloud to Cloud,9163,16605,16
2026-09-18T05:10:25.737808707Z,17.965185,112.630079,Cloud to Cloud,6704,13221,7
2026-09-18T05:10:27.075200432Z,18.145682,114.693,Cloud to Cloud,-52225,3019,16
2026-09-18T05:10:27.178170957Z,18.137455,114.701593,Cloud to Ground,-22329,0,13
2026-09-18T05:10:27.129720845Z,18.148149,114.692362,Cloud to Ground,-15661,0,11
2026-09-18T05:10:27.209194900Z,18.133291,114.681072,Cloud to Ground,43604,0,16
2026-09-18T05:10:27.241665722Z,18.12339,114.72217,Cloud to Ground,77226,0,13
2026-09-18T05:10:27.458846698Z,13.798993,123.395474,Cloud to Cloud,10340,6894,13
2026-09-18T05:10:29.170278726Z,17.99691,113.23709,Cloud to Cloud,-14703,6066,11
2026-09-18T05:10:29.214635636Z,18.002149,113.295196,Cloud to Ground,-8532,0,6
2026-09-18T05:10:29.168620655Z,17.986223,113.233565,Cloud to Cloud,-6848,3004,6
2026-09-18T05:10:29.183073942Z,17.990887,113.285916,Cloud to Cloud,-6280,7455,7
2026-09-18T05:10:29.162014894Z,17.970513,113.217517,Cloud to Cloud,11048,7595,8
2026-09-18T05:10:29.163152076Z,17.986947,113.195467,Cloud to Ground,40304,0,10
2026-09-18T05:10:30.176355377Z,12.48821,125.343943,Cloud to Cloud,-16848,11937,10
2026-09-18T05:10:31.008509523Z,6.91059,111.26687,Cloud to Ground,67039,0,8
2026-09-18T05:10:38.206741691Z,6.860156,111.242236,Cloud to Ground,-13479,0,7
2026-09-18T05:10:38.254490456Z,6.897555,111.306047,Cloud to Ground,-11478,0,6
2026-09-18T05:10:38.494324459Z,6.944834,111.307698,Cloud to Ground,9766,0,7
2026-09-18T05:10:38.337350513Z,6.842573,111.212559,Cloud to Ground,13041,0,7
2026-09-18T05:10:38.202171752Z,6.927408,111.210726,Cloud to Ground,18878,0,14
2026-09-18T05:10:39.729433531Z,8.697259,111.70102,Cloud to Cloud,-15142,3717,8
2026-09-18T05:10:39.184977251Z,7.686023,110.040353,Cloud to Ground,21343,0,7
2026-09-18T05:10:39.462746947Z,9.051823,126.078387,Cloud to Cloud,10144,13290,9
2026-09-18T05:10:39.497650224Z,9.116191,125.875811,Cloud to Cloud,-9168,6601,8
2026-09-18T05:10:39.658811013Z,9.150323,125.917259,Cloud to Cloud,12980,19287,17
2026-09-18T05:10:43.098242200Z,8.509111,112.159236,Cloud to Ground,-32150,0,16
2026-09-18T05:10:43.125069514Z,8.510118,112.154704,Cloud to Ground,-28191,0,9
2026-09-18T05:10:43.293223398Z,8.474402,112.06979,Cloud to Cloud,-16703,4601,7
2026-09-18T05:10:43.159213000Z,8.5077,112.1177,Cloud to Ground,-3199,0,5
2026-09-18T05:10:43.149489851Z,8.525908,112.156865,Cloud to Cloud,19535,3007,11
2026-09-18T05:10:43.944430348Z,18.580777,110.758529,Cloud to Ground,-39463,0,12
2026-09-18T05:10:44.000087518Z,18.586725,110.755511,Cloud to Ground,-34999,0,7
2026-09-18T05:10:44.029745935Z,18.575937,110.730825,Cloud to Ground,14511,0,8
2026-09-18T05:10:44.228651047Z,18.56137,110.629342,Cloud to Ground,21976,0,10
2026-09-18T05:10:47.187728154Z,14.260679,121.31746,Cloud to Cloud,4900,15492,7
2026-09-18T05:10:47.311646597Z,14.1623,121.293776,Cloud to Ground,-6333,0,9
2026-09-18T05:10:49.797232252Z,6.947275,111.296204,Cloud to Ground,-79218,0,10
2026-09-18T05:10:49.590559678Z,6.935905,111.289164,Cloud to Ground,-44600,0,19
2026-09-18T05:10:49.617843992Z,6.858738,111.315132,Cloud to Ground,-22428,0,14
2026-09-18T05:10:49.695078348Z,6.949612,111.35301,Cloud to Ground,-15503,0,30
2026-09-18T05:10:49.931680291Z,6.857622,111.323145,Cloud to Ground,50400,0,17
2026-09-18T05:10:53.730882971Z,8.340701,111.888608,Cloud to Ground,-21230,0,9
2026-09-18T05:10:53.725694375Z,8.351318,111.882995,Cloud to Ground,-8156,0,8
2026-09-18T05:10:53.661490640Z,8.425368,111.941973,Cloud to Ground,15591,0,10
2026-09-18T05:10:53.911657398Z,13.933132,122.274323,Cloud to Cloud,4261,4530,6
2026-09-18T05:10:53.958738557Z,13.927461,122.295387,Cloud to Cloud,5710,12123,8
2026-09-18T05:10:54.941625420Z,8.745874,111.832583,Cloud to Cloud,-7603,13471,7
2026-09-18T05:10:54.575065000Z,9.2236,126.1574,Cloud to Ground,7711,0,6
2026-09-18T05:10:54.347710585Z,9.240791,126.097783,Cloud to Ground,24555,0,14
2026-09-18T05:10:57.956344182Z,18.140482,115.15788,Cloud to Cloud,-9619,3010,11
2026-09-18T05:10:59.982584162Z,6.903281,111.201108,Cloud to Ground,-28422,0,19
2026-09-18T05:10:59.761519287Z,6.922871,111.332694,Cloud to Ground,8916,0,7
2026-09-18T05:10:59.722903583Z,6.922284,111.316479,Cloud to Ground,27449,0,10
2026-09-18T05:10:59.802930000Z,6.8848,111.2671,Cloud to Ground,33084,0,8
2026-09-18T05:10:59.356735155Z,13.907208,122.222351,Cloud to Ground,-44156,0,11
2026-09-18T05:10:59.894886140Z,13.908735,122.227814,Cloud to Ground,-30240,0,12
2026-09-18T05:10:59.478033000Z,13.9338,122.2072,Cloud to Ground,-26269,0,10
2026-09-18T05:10:59.609184955Z,13.908294,122.230451,Cloud to Ground,-22004,0,10
2026-09-18T05:10:59.703282113Z,13.910071,122.22842,Cloud to Ground,-18429,0,12
2026-09-18T05:11:00.169878884Z,13.964814,122.907129,Cloud to Cloud,10089,18822,14
2026-09-18T05:11:00.184100498Z,13.978412,122.926326,Cloud to Cloud,12831,9753,7
2026-09-18T05:11:00.166698960Z,13.973821,122.939762,Cloud to Cloud,13919,15403,7
2026-09-18T05:11:00.189518683Z,13.990145,122.930375,Cloud to Cloud,17709,19629,6
2026-09-18T05:11:00.164458000Z,14.0374,122.8539,Cloud to Ground,23917,0,5
2026-09-18T05:11:00.163625931Z,13.961668,122.921063,Cloud to Ground,42462,0,12
2026-09-18T05:11:01.862266673Z,18.93422,112.972198,Cloud to Ground,-11990,0,6
2026-09-18T05:11:02.433780294Z,18.878674,112.917266,Cloud to Ground,-10591,0,7
2026-09-18T05:11:01.434732046Z,18.163764,112.453526,Cloud to Ground,15330,0,7
2026-09-18T05:11:03.787722765Z,7.98113,111.366971,Cloud to Ground,-19025,0,8
2026-09-18T05:11:03.786396490Z,7.955117,111.360616,Cloud to Ground,57317,0,8
2026-09-18T05:11:04.545095674Z,6.882391,111.479349,Cloud to Ground,15411,0,9
2026-09-18T05:11:04.542943105Z,6.887946,111.503065,Cloud to Ground,36486,0,13
2026-09-18T05:11:04.138328923Z,14.575926,120.977845,Cloud to Ground,32061,0,11
2026-09-18T05:11:04.098470543Z,12.408089,125.305314,Cloud to Cloud,8271,4017,11
2026-09-18T05:11:05.262244989Z,8.484474,112.13896,Cloud to Ground,-45961,0,8
2026-09-18T05:11:05.210137045Z,8.468602,112.130436,Cloud to Ground,-23485,0,11
2026-09-18T05:11:05.191128628Z,8.531902,112.16654,Cloud to Ground,-10382,0,9
2026-09-18T05:11:05.366413000Z,8.472,112.0913,Cloud to Ground,26710,0,5
2026-09-18T05:11:07.095870550Z,13.98947,122.76098,Cloud to Cloud,3800,18079,8
2026-09-18T05:11:07.076520991Z,13.939108,122.789981,Cloud to Cloud,7979,3277,9
2026-09-18T05:11:07.079221306Z,13.929464,122.712028,Cloud to Cloud,13738,3459,9
2026-09-18T05:11:07.164631874Z,13.962043,122.808159,Cloud to Cloud,17297,12000,10
2026-09-18T05:11:09.601238595Z,8.718032,111.741197,Cloud to Ground,17878,0,8
2026-09-18T05:11:09.410729387Z,6.800764,112.41569,Cloud to Ground,-13656,0,7
2026-09-18T05:11:09.325895626Z,6.739171,112.320714,Cloud to Ground,-40686,0,15
2026-09-18T05:11:09.330706816Z,6.693855,112.361485,Cloud to Ground,17288,0,7
2026-09-18T05:11:11.943495030Z,8.767799,113.903245,Cloud to Cloud,-18019,6871,8
2026-09-18T05:11:11.956689612Z,8.717932,113.846881,Cloud to Ground,-15600,0,9
2026-09-18T05:11:11.959297072Z,8.741873,113.935737,Cloud to Cloud,-11859,18243,8
2026-09-18T05:11:11.452263477Z,8.795513,113.996679,Cloud to Cloud,-9067,4156,6
2026-09-18T05:11:11.938199671Z,8.742946,113.885896,Cloud to Cloud,7205,3024,7
2026-09-18T05:11:13.600103540Z,6.895683,111.679302,Cloud to Ground,-13461,0,9
2026-09-18T05:11:13.739574604Z,6.930202,111.597796,Cloud to Cloud,-8455,3042,6
2026-09-18T05:11:13.931162837Z,6.904837,111.610598,Cloud to Ground,9439,0,7
2026-09-18T05:11:13.538598741Z,6.924527,111.689346,Cloud to Cloud,20492,3001,7
2026-09-18T05:11:14.858820657Z,7.655681,110.028138,Cloud to Cloud,-11780,6469,6
