timestamp,latitude,longitude,type,amplitude_ka,height_m,num_sensors
2026-09-16T08:00:57.767717289Z,11.65627,125.203392,Cloud to Cloud,-8280,10754,6
2026-09-16T08:00:57.146610847Z,11.679687,125.227125,Cloud to Ground,16822,0,9
2026-09-16T08:00:58.330047925Z,6.542783,118.56247,Cloud to Ground,-28180,0,21
2026-09-16T08:00:58.429842583Z,6.593352,118.549206,Cloud to Ground,15179,0,7
2026-09-16T08:00:58.738934400Z,15.493124,120.977768,Cloud to Cloud,-4553,3029,6
2026-09-16T08:00:59.590444624Z,10.673293,130.414041,Cloud to Cloud,-10759,19909,14
2026-09-16T08:00:59.146337112Z,10.686338,130.459064,Cloud to Ground,18597,0,9
2026-09-16T08:00:59.518343613Z,14.073968,114.153665,Cloud to Ground,36675,0,11
2026-09-16T08:01:00.114504095Z,10.68021,130.607351,Cloud to Ground,11228,0,11
2026-09-16T08:01:00.237166229Z,15.338858,121.069656,Cloud to Cloud,-10596,15628,8
2026-09-16T08:01:00.272153942Z,22.664555,120.565274,Cloud to Cloud,4580,12004,6
2026-09-16T08:01:00.416023974Z,22.774278,120.519787,Cloud to Cloud,-4683,3228,7
2026-09-16T08:01:00.424462450Z,22.929,120.480168,Cloud to Cloud,3677,13548,6
2026-09-16T08:01:00.208001609Z,22.799971,120.522411,Cloud to Cloud,4496,17228,7
2026-09-16T08:01:00.233591570Z,22.815885,120.528948,Cloud to Cloud,4615,3196,7
2026-09-16T08:01:00.264930680Z,22.797649,120.526087,Cloud to Cloud,5874,4294,6
2026-09-16T08:01:00.213529487Z,22.793246,120.518649,Cloud to Cloud,6052,15700,7
2026-09-16T08:01:00.190146869Z,22.854179,120.510718,Cloud to Cloud,6141,11089,8
2026-09-16T08:01:00.182041944Z,22.811188,120.508293,Cloud to Ground,11909,0,9
2026-09-16T08:01:01.400428251Z,10.716407,130.651505,Cloud to Ground,-17858,0,9
2026-09-16T08:01:01.626722992Z,10.681208,130.503512,Cloud to Ground,-27634,0,11
2026-09-16T08:01:00.931708933Z,10.713925,130.514284,Cloud to Ground,-23497,0,11
2026-09-16T08:01:00.981039032Z,10.682743,130.487109,Cloud to Ground,-13601,0,8
2026-09-16T08:01:03.413458315Z,13.984673,120.900466,Cloud to Cloud,20970,3625,9
2026-09-16T08:01:04.498913062Z,5.478224,118.370209,Cloud to Ground,-23653,0,22
2026-09-16T08:01:04.903728109Z,5.480332,118.416451,Cloud to Ground,-14068,0,10
2026-09-16T08:01:04.501189000Z,5.3742,118.4571,Cloud to Ground,-34950,0,5
2026-09-16T08:01:04.497792424Z,5.364025,118.419148,Cloud to Ground,38754,0,19
2026-09-16T08:01:04.193121003Z,12.398573,124.944795,Cloud to Cloud,13142,19655,11
2026-09-16T08:01:03.770620656Z,12.488754,124.985929,Cloud to Ground,18202,0,9
2026-09-16T08:01:04.022065300Z,12.409158,124.978258,Cloud to Ground,20945,0,10
2026-09-16T08:01:05.007671887Z,22.732788,120.511844,Cloud to Cloud,2607,10688,6
2026-09-16T08:01:04.992639140Z,22.720477,120.516227,Cloud to Cloud,3020,14615,6
2026-09-16T08:01:05.206557329Z,22.675217,120.455917,Cloud to Cloud,3488,3145,7
2026-09-16T08:01:04.982062506Z,22.710675,120.504767,Cloud to Cloud,6203,12374,6
2026-09-16T08:01:05.191986550Z,22.735572,120.50838,Cloud to Cloud,9568,18846,7
2026-09-16T08:01:06.532369106Z,11.967487,125.494405,Cloud to Cloud,17152,18428,8
2026-09-16T08:01:10.574033311Z,12.348674,124.449699,Cloud to Cloud,10415,14199,8
2026-09-16T08:01:10.232730000Z,12.1328,125.4968,Cloud to Ground,-30000,0,9
2026-09-16T08:01:11.919275640Z,11.78108,121.991694,Cloud to Ground,-10478,0,6
2026-09-16T08:01:11.044441396Z,12.395242,124.552188,Cloud to Ground,-8277,0,5
2026-09-16T08:01:12.573689562Z,10.345128,124.894429,Cloud to Cloud,26493,4362,7
2026-09-16T08:01:13.536929428Z,10.243438,124.407998,Cloud to Ground,-17587,0,8
2026-09-16T08:01:14.319683012Z,16.588921,120.541593,Cloud to Cloud,12941,6254,10
2026-09-16T08:01:14.457413508Z,12.171384,125.297786,Cloud to Cloud,10855,9567,10
2026-09-16T08:01:15.383873350Z,12.256588,124.73208,Cloud to Cloud,-20787,7228,7
2026-09-16T08:01:15.434207076Z,12.265215,124.702282,Cloud to Ground,-13406,0,7
2026-09-16T08:01:15.848799251Z,12.320651,124.797184,Cloud to Ground,-25334,0,8
2026-09-16T08:01:19.306014039Z,11.664585,122.342915,Cloud to Ground,-19848,0,18
2026-09-16T08:01:20.497964158Z,16.499852,120.472446,Cloud to Ground,12852,0,7
2026-09-16T08:01:20.365317494Z,16.720704,120.461028,Cloud to Cloud,18946,3483,12
2026-09-16T08:01:20.465963966Z,16.710632,120.47595,Cloud to Ground,38664,0,14
2026-09-16T08:01:21.034975584Z,10.744999,130.571081,Cloud to Ground,15420,0,12
2026-09-16T08:01:21.921024033Z,15.841689,121.042281,Cloud to Cloud,9665,19614,9
2026-09-16T08:01:22.564442798Z,15.365352,121.057852,Cloud to Cloud,-8056,4205,9
2026-09-16T08:01:25.174028888Z,10.079569,132.392265,Cloud to Ground,51311,0,28
2026-09-16T08:01:25.194074131Z,10.081192,132.599768,Cloud to Cloud,-12392,15165,10
2026-09-16T08:01:25.148259400Z,10.087904,132.598102,Cloud to Ground,15933,0,15
2026-09-16T08:01:25.722608888Z,14.227621,120.99045,Cloud to Cloud,13725,12719,10
2026-09-16T08:01:25.946815000Z,13.3346,122.6624,Cloud to Ground,-19675,0,7
2026-09-16T08:01:25.818465102Z,13.351066,122.682003,Cloud to Cloud,-5987,4818,5
2026-09-16T08:01:27.216022128Z,0.203542,110.880822,Cloud to Cloud,-22258,5779,19
2026-09-16T08:01:27.919639898Z,12.286824,124.604645,Cloud to Cloud,7594,16964,5
2026-09-16T08:01:28.032440134Z,15.00423,120.991888,Cloud to Cloud,-15468,5761,10
2026-09-16T08:01:28.908325323Z,15.427152,121.017135,Cloud to Cloud,6539,19029,7
2026-09-16T08:01:29.257032788Z,10.64676,130.606067,Cloud to Ground,42459,0,8
2026-09-16T08:01:30.380278209Z,9.655558,131.260174,Cloud to Cloud,9871,15954,8
2026-09-16T08:01:31.195747395Z,9.992959,129.971529,Cloud to Cloud,19490,4301,20
2026-09-16T08:01:31.195080910Z,10.071369,130.310622,Cloud to Ground,15830,0,12
2026-09-16T08:01:31.299901474Z,10.096487,130.134111,Cloud to Ground,-19300,0,7
2026-09-16T08:01:31.196357352Z,10.114833,130.205897,Cloud to Cloud,-9036,3358,11
2026-09-16T08:01:31.196968947Z,10.071,130.186361,Cloud to Ground,14270,0,9
2026-09-16T08:01:31.769467573Z,5.883125,117.287063,Cloud to Ground,-64101,0,9
2026-09-16T08:01:31.849184404Z,5.875664,117.276799,Cloud to Ground,17608,0,7
2026-09-16T08:01:32.678188249Z,15.707924,121.178971,Cloud to Cloud,17096,3001,7
2026-09-16T08:01:32.232321571Z,15.031929,121.040999,Cloud to Cloud,-12524,3763,7
2026-09-16T08:01:33.971226000Z,11.6656,125.2234,Cloud to Ground,-23955,0,8
2026-09-16T08:01:34.275774413Z,11.552807,125.186028,Cloud to Cloud,20284,3156,7
2026-09-16T08:01:35.647924719Z,5.63278,118.530752,Cloud to Ground,9899,0,10
2026-09-16T08:01:35.684399670Z,17.161373,120.577445,Cloud to Ground,-52093,0,13
2026-09-16T08:01:35.759037770Z,17.167627,120.56277,Cloud to Ground,-41406,0,15
2026-09-16T08:01:35.799584532Z,17.164539,120.565797,Cloud to Ground,-7885,0,9
2026-09-16T08:01:36.034811356Z,17.168805,120.57146,Cloud to Ground,-7671,0,7
2026-09-16T08:01:35.716586127Z,17.168539,120.567456,Cloud to Ground,51997,0,16
2026-09-16T08:01:35.784852000Z,17.1717,120.5384,Cloud to Ground,58037,0,5
2026-09-16T08:01:38.380236135Z,13.690483,123.974239,Cloud to Ground,20954,0,9
2026-09-16T08:01:41.349050000Z,11.5526,122.3193,Cloud to Ground,-24893,0,6
2026-09-16T08:01:42.863316485Z,10.664353,130.613685,Cloud to Ground,27287,0,12
2026-09-16T08:01:42.389097552Z,14.044351,120.843961,Cloud to Cloud,-8949,14786,7
2026-09-16T08:01:42.206935981Z,16.477653,120.650536,Cloud to Cloud,-4985,4607,9
2026-09-16T08:01:43.666449388Z,10.760634,130.48765,Cloud to Ground,-10840,0,14
2026-09-16T08:01:43.078138953Z,10.711678,130.471802,Cloud to Ground,27884,0,8
2026-09-16T08:01:43.451296948Z,16.775009,120.593178,Cloud to Cloud,5686,4625,7
2026-09-16T08:01:43.455912045Z,16.768656,120.577082,Cloud to Cloud,13457,18293,12
2026-09-16T08:01:44.668374776Z,4.857352,117.816143,Cloud to Ground,-63980,0,15
2026-09-16T08:01:44.719068245Z,4.908461,117.796526,Cloud to Cloud,-29837,7698,17
2026-09-16T08:01:44.713863420Z,4.799105,117.801544,Cloud to Ground,-19921,0,14
2026-09-16T08:01:44.742376638Z,4.901247,117.783019,Cloud to Ground,33308,0,10
2026-09-16T08:01:44.371517050Z,5.838203,118.035821,Cloud to Ground,-25954,0,10
2026-09-16T08:01:43.951522617Z,5.842082,118.034715,Cloud to Cloud,-17712,3090,12
2026-09-16T08:01:44.771981394Z,10.685297,130.419565,Cloud to Ground,19618,0,10
2026-09-16T08:01:44.645122127Z,12.35231,124.588455,Cloud to Ground,36697,0,9
2026-09-16T08:01:45.220403522Z,11.960576,125.398618,Cloud to Cloud,11089,19642,8
2026-09-16T08:01:46.129181258Z,11.578166,122.94397,Cloud to Ground,46002,0,13
2026-09-16T08:01:46.603707236Z,11.278076,122.981722,Cloud to Ground,32174,0,9
2026-09-16T08:01:46.295164000Z,11.54,122.8173,Cloud to Ground,18524,0,6
2026-09-16T08:01:46.177254000Z,11.5261,122.7265,Cloud to Ground,-10796,0,6
2026-09-16T08:01:47.539664755Z,17.255816,120.75006,Cloud to Ground,-60740,0,16
2026-09-16T08:01:47.575888065Z,17.282595,120.726561,Cloud to Ground,-43158,0,13
2026-09-16T08:01:47.528232272Z,17.603679,120.600737,Cloud to Cloud,-9883,6926,8
2026-09-16T08:01:47.753159730Z,11.786555,125.260854,Cloud to Cloud,15474,7237,9
2026-09-16T08:01:48.101213771Z,4.963748,118.247766,Cloud to Ground,31493,0,15
2026-09-16T08:01:48.102003327Z,4.972765,118.240921,Cloud to Ground,34711,0,12
2026-09-16T08:01:52.943611707Z,6.986777,116.64859,Cloud to Ground,-92186,0,14
2026-09-16T08:01:52.957347356Z,6.971469,116.653967,Cloud to Cloud,14100,3770,8
2026-09-16T08:01:53.138696857Z,7.053038,116.632925,Cloud to Cloud,16460,5681,11
2026-09-16T08:01:53.081201677Z,7.048158,116.637979,Cloud to Cloud,19646,3204,9
2026-09-16T08:01:53.165233213Z,6.968014,116.595094,Cloud to Ground,20001,0,9
2026-09-16T08:01:53.028785152Z,7.037037,116.662582,Cloud to Ground,23092,0,9
2026-09-16T08:01:53.094895656Z,7.013753,116.640297,Cloud to Cloud,28413,6282,9
2026-09-16T08:01:53.111407748Z,7.063739,116.629861,Cloud to Ground,37623,0,13
2026-09-16T08:01:53.134809971Z,6.982624,116.657737,Cloud to Ground,44904,0,19
2026-09-16T08:01:53.187064056Z,7.052351,116.628145,Cloud to Ground,49276,0,18
2026-09-16T08:01:52.959244499Z,7.059776,116.630206,Cloud to Ground,56316,0,14
2026-09-16T08:01:52.978614108Z,7.047475,116.635787,Cloud to Ground,56757,0,12
2026-09-16T08:01:53.225541359Z,6.982871,116.658487,Cloud to Ground,71715,0,22
2026-09-16T08:01:52.035840531Z,5.65497,118.510027,Cloud to Ground,23078,0,18
2026-09-16T08:01:52.987538754Z,3.049136,113.966213,Cloud to Ground,-20318,0,8
2026-09-16T08:01:52.558916043Z,10.317917,124.325983,Cloud to Cloud,-13087,3030,12
2026-09-16T08:01:52.530763158Z,10.25011,124.287976,Cloud to Ground,17213,0,16
2026-09-16T08:01:52.783024278Z,11.832382,121.521166,Cloud to Ground,-6046,0,8
2026-09-16T08:01:53.959593098Z,5.616001,118.505935,Cloud to Ground,-17691,0,17
2026-09-16T08:01:53.834821743Z,5.637602,118.528074,Cloud to Ground,30435,0,18
2026-09-16T08:01:53.193237863Z,3.036528,114.080514,Cloud to Cloud,23692,3024,20
2026-09-16T08:01:53.287352028Z,15.487417,120.976154,Cloud to Cloud,-24218,3200,14
2026-09-16T08:01:57.125841873Z,10.669257,130.47921,Cloud to Ground,35132,0,18
2026-09-16T08:01:57.007815709Z,12.02432,121.25546,Cloud to Ground,-25526,0,10
2026-09-16T08:01:56.644714338Z,11.994402,121.344831,Cloud to Ground,-15073,0,9
2026-09-16T08:01:57.000131518Z,11.982265,121.289178,Cloud to Cloud,12387,5195,7
2026-09-16T08:01:56.647139214Z,12.016544,121.313987,Cloud to Cloud,12545,3031,8
2026-09-16T08:01:57.070061176Z,11.487169,122.445554,Cloud to Cloud,13815,12348,7
2026-09-16T08:01:58.789399662Z,4.301869,116.760584,Cloud to Ground,41602,0,16
2026-09-16T08:01:58.392162033Z,11.704498,125.223176,Cloud to Ground,-83128,0,11
2026-09-16T08:01:58.464517000Z,11.6975,125.1744,Cloud to Ground,-29743,0,5
2026-09-16T08:01:58.430312760Z,11.635078,125.218102,Cloud to Cloud,-15217,6547,8
2026-09-16T08:01:59.175491875Z,7.072054,116.86261,Cloud to Cloud,-58034,4350,7
2026-09-16T08:01:59.375886893Z,7.028841,116.855229,Cloud to Ground,-33096,0,8
2026-09-16T08:01:59.174966352Z,7.013774,116.867718,Cloud to Ground,21323,0,16
2026-09-16T08:01:59.847716600Z,10.655708,130.622752,Cloud to Ground,14208,0,11
2026-09-16T08:01:59.982483924Z,12.498166,125.007842,Cloud to Ground,11940,0,8
2026-09-16T08:02:00.502511653Z,10.469408,131.659356,Cloud to Ground,-21229,0,9
2026-09-16T08:01:59.836447000Z,13.9518,120.6973,Cloud to Ground,-18080,0,6
2026-09-16T08:02:00.098765156Z,13.933574,120.734468,Cloud to Ground,-18010,0,9
2026-09-16T08:01:59.985927890Z,13.934738,120.723028,Cloud to Ground,-13247,0,10
2026-09-16T08:02:00.602363672Z,12.322853,124.806894,Cloud to Cloud,7932,19768,5
2026-09-16T08:02:00.045417496Z,12.383551,124.937017,Cloud to Cloud,11318,18948,9
2026-09-16T08:02:01.398141714Z,11.67269,125.229129,Cloud to Ground,23073,0,9
2026-09-16T08:02:01.419811487Z,14.586144,120.197127,Cloud to Cloud,15573,11668,8
2026-09-16T08:02:01.418454412Z,14.621042,120.210794,Cloud to Cloud,17882,12994,13
2026-09-16T08:02:03.800535724Z,5.704413,118.488522,Cloud to Ground,-12571,0,17
2026-09-16T08:02:03.112272803Z,11.730366,122.015682,Cloud to Ground,-97788,0,11
2026-09-16T08:02:03.150396000Z,11.7395,122.0759,Cloud to Ground,-24405,0,5
2026-09-16T08:02:03.113263384Z,11.70874,122.085544,Cloud to Ground,-23558,0,7
2026-09-16T08:02:03.279380356Z,11.736208,122.022757,Cloud to Ground,-9868,0,5
2026-09-16T08:02:02.661522194Z,11.785447,122.003942,Cloud to Cloud,-6641,4091,8
2026-09-16T08:02:03.986336883Z,12.34945,124.54882,Cloud to Ground,53003,0,10
2026-09-16T08:02:03.036307982Z,16.07466,120.894253,Cloud to Cloud,-11858,3046,8
2026-09-16T08:02:04.450034468Z,12.444526,124.52241,Cloud to Ground,-13290,0,11
2026-09-16T08:02:06.552178665Z,15.4397,121.015313,Cloud to Cloud,8966,7080,8
2026-09-16T08:02:06.666350286Z,16.290927,121.884913,Cloud to Cloud,9872,7139,11
2026-09-16T08:02:07.596439719Z,10.732523,130.44543,Cloud to Ground,23026,0,7
2026-09-16T08:02:09.782656622Z,10.523753,130.889289,Cloud to Ground,40137,0,22
2026-09-16T08:02:09.537920000Z,10.6249,130.4052,Cloud to Ground,-34009,0,6
2026-09-16T08:02:09.485208232Z,12.197207,124.884813,Cloud to Cloud,14317,4757,8
2026-09-16T08:02:11.610061967Z,17.091984,121.645195,Cloud to Cloud,5501,19051,7
2026-09-16T08:02:14.921897891Z,15.813859,121.159382,Cloud to Cloud,8629,14868,8
2026-09-16T08:02:14.907960580Z,15.811728,121.03832,Cloud to Cloud,-5797,16140,10
2026-09-16T08:02:15.341225316Z,5.425482,118.388059,Cloud to Cloud,-10581,8423,14
2026-09-16T08:02:15.829427272Z,10.667112,130.478172,Cloud to Ground,31873,0,9
2026-09-16T08:02:15.032116713Z,16.767998,120.509253,Cloud to Cloud,-6595,14268,7
2026-09-16T08:02:16.145447963Z,18.716249,122.132096,Cloud to Cloud,10183,19658,6
2026-09-16T08:02:17.273705590Z,16.598464,120.730593,Cloud to Cloud,8854,3089,8
2026-09-16T08:02:17.287752185Z,16.548954,120.773647,Cloud to Ground,20247,0,8
2026-09-16T08:02:17.469300680Z,17.275591,120.772637,Cloud to Ground,-21182,0,11
2026-09-16T08:02:18.859643566Z,10.702903,130.500741,Cloud to Ground,31782,0,15
2026-09-16T08:02:19.836587609Z,13.269583,122.723835,Cloud to Cloud,8557,17719,7
2026-09-16T08:02:20.944591614Z,10.668802,130.417576,Cloud to Ground,13492,0,7
2026-09-16T08:02:20.625639399Z,19.805854,123.746884,Cloud to Ground,-156073,0,15
2026-09-16T08:02:21.202404965Z,5.70475,118.498186,Cloud to Ground,-18312,0,18
2026-09-16T08:02:24.571922430Z,16.603956,120.495034,Cloud to Cloud,7643,3733,12
2026-09-16T08:02:24.491075934Z,14.456363,120.911433,Cloud to Ground,-9787,0,10
2026-09-16T08:02:25.783248900Z,10.639726,130.472395,Cloud to Cloud,6592,15018,8
2026-09-16T08:02:26.986667256Z,17.128206,120.584566,Cloud to Ground,-67608,0,13
2026-09-16T08:02:27.114569468Z,17.128374,120.586204,Cloud to Ground,-39116,0,8
2026-09-16T08:02:27.036215125Z,17.080074,120.636159,Cloud to Cloud,-23902,8081,14
2026-09-16T08:02:27.172937168Z,17.126876,120.579713,Cloud to Ground,-10788,0,10
2026-09-16T08:02:26.388630559Z,17.054553,120.550832,Cloud to Cloud,-9738,4684,10
2026-09-16T08:02:27.115589356Z,17.182066,120.544324,Cloud to Cloud,-7488,5302,8
2026-09-16T08:02:27.398387790Z,13.61489,110.086778,Cloud to Ground,50218,0,6
2026-09-16T08:02:27.361148560Z,15.414606,121.056144,Cloud to Cloud,4232,15006,7
2026-09-16T08:02:27.352993606Z,15.417517,121.044748,Cloud to Cloud,6380,4854,9
2026-09-16T08:02:30.596831671Z,5.928372,118.004572,Cloud to Ground,-40117,0,25
2026-09-16T08:02:30.588038343Z,5.825782,117.994803,Cloud to Cloud,-14679,5839,10
2026-09-16T08:02:31.560992671Z,15.485517,121.001781,Cloud to Ground,-9087,0,10
2026-09-16T08:02:31.618457881Z,13.798482,123.255401,Cloud to Cloud,-4866,17569,7
2026-09-16T08:02:31.149741840Z,13.786454,123.281405,Cloud to Ground,57625,0,10
2026-09-16T08:02:31.007971570Z,12.318026,124.811505,Cloud to Cloud,-13214,6397,8
2026-09-16T08:02:32.246150000Z,11.7235,125.1361,Cloud to Ground,-46128,0,10
2026-09-16T08:02:34.217818156Z,5.664433,118.48905,Cloud to Ground,14521,0,16
2026-09-16T08:02:35.835430143Z,6.715032,118.610173,Cloud to Ground,-19355,0,18
2026-09-16T08:02:35.800715571Z,6.734234,118.57152,Cloud to Ground,24199,0,9
2026-09-16T08:02:35.968792567Z,6.595035,118.642157,Cloud to Ground,19673,0,8
2026-09-16T08:02:36.190119000Z,6.6032,118.6086,Cloud to Ground,21320,0,6
2026-09-16T08:02:36.034899329Z,10.638296,130.480315,Cloud to Ground,18890,0,10
2026-09-16T08:02:37.099799074Z,4.315417,116.475587,Cloud to Ground,-59007,0,12
2026-09-16T08:02:37.171117934Z,4.292294,116.475037,Cloud to Ground,15611,0,14
2026-09-16T08:02:36.705951483Z,4.316208,116.427688,Cloud to Ground,29268,0,17
2026-09-16T08:02:37.587769862Z,11.49496,125.497862,Cloud to Cloud,13330,12461,9
2026-09-16T08:02:37.001298243Z,15.836108,121.005311,Cloud to Cloud,8472,8615,7
2026-09-16T08:02:37.036506979Z,15.797758,121.05482,Cloud to Ground,17779,0,9
2026-09-16T08:02:39.717944611Z,22.697972,120.48893,Cloud to Ground,-4730,0,6
2026-09-16T08:02:40.072260710Z,22.682822,120.443139,Cloud to Cloud,-3096,3930,6
2026-09-16T08:02:40.061203911Z,22.792297,120.509437,Cloud to Cloud,3777,3015,6
2026-09-16T08:02:40.060507912Z,22.673672,120.451629,Cloud to Cloud,5154,14834,6
2026-09-16T08:02:39.718799224Z,22.745758,120.480875,Cloud to Cloud,5310,8939,7
2026-09-16T08:02:39.519763247Z,22.703759,120.482413,Cloud to Cloud,6182,10747,7
2026-09-16T08:02:39.513332348Z,22.724571,120.492315,Cloud to Cloud,6298,12089,7
2026-09-16T08:02:39.722987218Z,22.725061,120.510716,Cloud to Cloud,7427,9090,7
2026-09-16T08:02:40.755582664Z,11.588198,123.181373,Cloud to Cloud,19641,4362,10
2026-09-16T08:02:40.734243000Z,11.6458,123.0944,Cloud to Ground,-20414,0,7
2026-09-16T08:02:40.799949000Z,11.6896,123.1241,Cloud to Ground,33843,0,8
2026-09-16T08:02:41.275014153Z,13.759367,122.850151,Cloud to Cloud,12116,5665,9
2026-09-16T08:02:41.156095940Z,10.761176,119.524043,Cloud to Cloud,13506,9144,9
2026-09-16T08:02:41.633419721Z,11.54716,122.443282,Cloud to Cloud,11885,3031,8
2026-09-16T08:02:41.120789000Z,11.4685,122.3819,Cloud to Ground,-3226,0,5
2026-09-16T08:02:42.598230619Z,22.800852,120.528746,Cloud to Cloud,2620,13280,5
2026-09-16T08:02:43.863174595Z,16.710631,120.497814,Cloud to Ground,-67735,0,16
2026-09-16T08:02:43.884710911Z,16.703658,120.498688,Cloud to Ground,-30188,0,18
2026-09-16T08:02:43.916876129Z,16.710497,120.500717,Cloud to Ground,-29793,0,12
2026-09-16T08:02:44.013331141Z,16.70819,120.524071,Cloud to Ground,-28022,0,14
2026-09-16T08:02:44.121396274Z,16.710916,120.521847,Cloud to Ground,-24153,0,8
2026-09-16T08:02:43.900571401Z,16.709953,120.49234,Cloud to Ground,-16006,0,10
2026-09-16T08:02:44.122012476Z,16.671818,120.510526,Cloud to Cloud,13622,3251,12
2026-09-16T08:02:43.237641545Z,13.761262,123.948264,Cloud to Cloud,10103,12052,9
2026-09-16T08:02:43.236788423Z,13.701982,123.96293,Cloud to Cloud,11942,6144,7
2026-09-16T08:02:44.730323552Z,10.697934,130.594461,Cloud to Ground,-20633,0,7
2026-09-16T08:02:45.148087614Z,5.907261,117.355458,Cloud to Cloud,-29962,3431,20
2026-09-16T08:02:46.755381897Z,16.750493,120.582677,Cloud to Cloud,8986,7766,7
2026-09-16T08:02:47.296873460Z,12.406104,124.947043,Cloud to Cloud,10078,7337,7
2026-09-16T08:02:47.289791906Z,12.420977,124.963003,Cloud to Ground,63925,0,8
2026-09-16T08:02:48.368243791Z,17.080268,120.545123,Cloud to Cloud,-6650,17620,6
2026-09-16T08:02:49.328408332Z,22.980438,110.980875,Cloud to Cloud,12211,6031,11
2026-09-16T08:02:50.518412963Z,10.676548,130.624996,Cloud to Ground,-29466,0,19
2026-09-16T08:02:50.489411624Z,10.751899,130.533135,Cloud to Ground,-73344,0,19
2026-09-16T08:02:50.562865684Z,10.705398,130.492237,Cloud to Ground,-36568,0,25
2026-09-16T08:02:51.269232660Z,10.689476,130.487874,Cloud to Ground,-13391,0,6
2026-09-16T08:02:52.631573147Z,15.57453,120.088868,Cloud to Cloud,13508,3024,11
2026-09-16T08:02:54.056759780Z,4.764113,117.775174,Cloud to Ground,-33678,0,26
2026-09-16T08:02:55.739814897Z,5.71345,118.477583,Cloud to Ground,-27932,0,11
2026-09-16T08:02:55.704513160Z,5.620545,118.495777,Cloud to Ground,-25866,0,26
2026-09-16T08:02:55.657435399Z,5.618154,118.518941,Cloud to Ground,30300,0,19
2026-09-16T08:02:55.634464672Z,5.618191,118.52199,Cloud to Ground,87711,0,25
2026-09-16T08:02:55.382742560Z,12.190716,124.721067,Cloud to Cloud,10469,10312,8
2026-09-16T08:02:55.394209906Z,12.186904,124.725758,Cloud to Cloud,36621,3014,7
2026-09-16T08:02:56.783678766Z,15.463752,121.068383,Cloud to Ground,-7304,0,7
2026-09-16T08:02:57.662066119Z,12.287897,124.469905,Cloud to Ground,-14731,0,7
2026-09-16T08:02:58.443048655Z,5.897523,117.313268,Cloud to Ground,10487,0,10
2026-09-16T08:02:58.520299422Z,5.974489,117.283797,Cloud to Ground,42997,0,11
2026-09-16T08:03:00.578326280Z,11.535418,122.392763,Cloud to Ground,32094,0,9
2026-09-16T08:03:01.122782221Z,7.030969,116.650121,Cloud to Ground,-18921,0,17
2026-09-16T08:03:02.041327080Z,9.595402,131.309701,Cloud to Cloud,-15641,19336,7
2026-09-16T08:03:01.590909061Z,9.643392,131.25,Cloud to Ground,21527,0,20
2026-09-16T08:03:01.971798883Z,11.589141,122.17553,Cloud to Ground,57942,0,8
2026-09-16T08:03:02.110502933Z,16.466095,120.608555,Cloud to Cloud,8030,7178,8
2026-09-16T08:03:02.440667903Z,16.525884,120.556382,Cloud to Cloud,12606,3248,7
2026-09-16T08:03:03.481580224Z,5.793996,118.067534,Cloud to Ground,-20948,0,15
2026-09-16T08:03:03.476299735Z,5.791168,118.07295,Cloud to Ground,27997,0,18
2026-09-16T08:03:03.766074269Z,15.805112,121.048022,Cloud to Ground,-22141,0,7
2026-09-16T08:03:03.796172884Z,15.817831,121.06877,Cloud to Cloud,-7664,15838,7
2026-09-16T08:03:03.785436308Z,15.815108,121.053381,Cloud to Cloud,17731,19149,9
2026-09-16T08:03:03.722971452Z,15.827486,121.086816,Cloud to Cloud,18766,17321,7
2026-09-16T08:03:05.586530703Z,11.788355,125.171698,Cloud to Cloud,14552,15374,8
2026-09-16T08:03:05.616477000Z,11.6706,125.1656,Cloud to Ground,-35266,0,5
2026-09-16T08:03:05.473150651Z,11.686015,125.185915,Cloud to Ground,-17524,0,8
2026-09-16T08:03:05.496763000Z,11.7116,125.285,Cloud to Ground,-26974,0,6
2026-09-16T08:03:10.458733480Z,10.647321,130.595793,Cloud to Ground,-19981,0,11
2026-09-16T08:03:10.021298689Z,10.656621,130.623737,Cloud to Ground,-14608,0,17
2026-09-16T08:03:10.305487009Z,17.171244,120.545827,Cloud to Cloud,-9776,3039,6
2026-09-16T08:03:12.279339577Z,17.313788,120.714399,Cloud to Ground,-67973,0,14
2026-09-16T08:03:12.320157868Z,17.296478,120.724505,Cloud to Ground,-30601,0,10
2026-09-16T08:03:12.789319679Z,17.292232,120.772594,Cloud to Ground,-13038,0,8
2026-09-16T08:03:12.372363000Z,17.3563,120.7916,Cloud to Ground,28204,0,5
2026-09-16T08:03:12.066060347Z,11.690234,121.971703,Cloud to Cloud,20083,14165,8
2026-09-16T08:03:13.379130834Z,11.14329,132.398586,Cloud to Ground,22744,0,12
2026-09-16T08:03:13.417013699Z,11.134352,132.403934,Cloud to Ground,30907,0,18
2026-09-16T08:03:15.951801125Z,5.910231,118.073256,Cloud to Ground,-17561,0,11
2026-09-16T08:03:16.010735259Z,12.091408,125.382092,Cloud to Cloud,8552,8351,8
2026-09-16T08:03:16.008018841Z,12.128851,125.319822,Cloud to Cloud,9195,17259,8
2026-09-16T08:03:16.005050810Z,12.088155,125.403764,Cloud to Cloud,10647,18910,9
2026-09-16T08:03:16.007215000Z,12.1816,125.389,Cloud to Ground,26513,0,10
2026-09-16T08:03:18.118033369Z,16.063568,120.456314,Cloud to Ground,-18257,0,8
2026-09-16T08:03:18.165211554Z,16.440474,120.5894,Cloud to Cloud,-4896,19471,7
2026-09-16T08:03:18.288114323Z,16.421704,120.566215,Cloud to Cloud,12098,8599,7
2026-09-16T08:03:19.884635906Z,22.944329,110.691755,Cloud to Cloud,-15155,3103,8
2026-09-16T08:03:20.399981269Z,22.935313,110.660824,Cloud to Cloud,14658,3870,6
2026-09-16T08:03:19.988918275Z,22.986076,110.626598,Cloud to Ground,22229,0,9
2026-09-16T08:03:19.133897214Z,12.337275,124.430462,Cloud to Cloud,-4915,8112,5
2026-09-16T08:03:20.445007432Z,15.272812,121.032634,Cloud to Cloud,-9046,19523,11
2026-09-16T08:03:21.016660951Z,10.739867,119.353861,Cloud to Cloud,12344,18290,7
2026-09-16T08:03:23.285266048Z,14.338802,120.987093,Cloud to Ground,21746,0,9
2026-09-16T08:03:24.066648008Z,18.711569,122.127896,Cloud to Cloud,4300,19074,5
2026-09-16T08:03:25.645344123Z,15.790866,121.046241,Cloud to Cloud,-8144,13078,11
2026-09-16T08:03:27.659824954Z,22.87707,111.287888,Cloud to Cloud,-19934,3037,7
2026-09-16T08:03:27.242546009Z,16.765075,120.494224,Cloud to Ground,-64025,0,10
2026-09-16T08:03:26.349230701Z,16.707093,120.50461,Cloud to Ground,-41265,0,11
2026-09-16T08:03:27.340895531Z,16.760173,120.478121,Cloud to Ground,-35734,0,11
2026-09-16T08:03:26.426465930Z,16.715159,120.503984,Cloud to Ground,-24218,0,10
2026-09-16T08:03:26.503439343Z,16.709814,120.48853,Cloud to Ground,-18680,0,10
2026-09-16T08:03:26.669787039Z,16.70966,120.485196,Cloud to Ground,-16182,0,10
2026-09-16T08:03:26.548436194Z,16.710652,120.491222,Cloud to Ground,-15795,0,12
2026-09-16T08:03:27.340351050Z,16.705196,120.5149,Cloud to Ground,-15105,0,7
2026-09-16T08:03:26.574208830Z,16.711886,120.488416,Cloud to Ground,-11862,0,10
2026-09-16T08:03:27.271890367Z,16.759873,120.469326,Cloud to Ground,-11728,0,10
2026-09-16T08:03:27.137826408Z,16.711011,120.482066,Cloud to Ground,-9219,0,8
2026-09-16T08:03:27.357009680Z,16.747322,120.456741,Cloud to Cloud,4566,7443,6
2026-09-16T08:03:29.609411535Z,12.235375,124.881896,Cloud to Cloud,-10173,19595,9
2026-09-16T08:03:30.064133932Z,10.391034,131.480005,Cloud to Ground,-73906,0,13
2026-09-16T08:03:30.098478020Z,10.39498,131.66778,Cloud to Ground,44846,0,20
2026-09-16T08:03:30.602619429Z,11.785508,125.12178,Cloud to Cloud,12718,13750,9
2026-09-16T08:03:30.466797121Z,11.655308,125.180671,Cloud to Ground,28102,0,9
2026-09-16T08:03:30.499264040Z,12.150375,124.745954,Cloud to Cloud,11764,18471,7
2026-09-16T08:03:31.228722468Z,11.772226,122.089999,Cloud to Cloud,22552,3040,8
2026-09-16T08:03:35.928489065Z,8.021793,117.651291,Cloud to Ground,18817,0,10
2026-09-16T08:03:35.007276350Z,10.672991,130.450775,Cloud to Ground,16359,0,8
2026-09-16T08:03:36.824348305Z,5.833112,118.055979,Cloud to Ground,29590,0,11
2026-09-16T08:03:36.384328774Z,5.755479,117.950887,Cloud to Cloud,17036,3220,7
2026-09-16T08:03:36.259337654Z,5.064351,118.131212,Cloud to Ground,-52288,0,16
2026-09-16T08:03:36.260512000Z,4.9892,118.2066,Cloud to Ground,38854,0,5
2026-09-16T08:03:38.045297902Z,10.950816,131.342243,Cloud to Ground,-44587,0,15
2026-09-16T08:03:38.039792683Z,10.934391,131.371367,Cloud to Ground,-39187,0,16
2026-09-16T08:03:38.091635000Z,10.9033,131.3197,Cloud to Ground,12901,0,5
2026-09-16T08:03:38.570209261Z,11.665869,125.17459,Cloud to Ground,-44980,0,11
2026-09-16T08:03:38.283017388Z,11.675876,125.138104,Cloud to Ground,-35428,0,8
2026-09-16T08:03:37.960307112Z,11.634374,125.185833,Cloud to Ground,32157,0,7
2026-09-16T08:03:38.398641000Z,11.6834,125.0278,Cloud to Ground,-20773,0,6
2026-09-16T08:03:39.904076931Z,5.39892,118.387782,Cloud to Cloud,9123,3015,10
2026-09-16T08:03:40.028198808Z,4.349529,117.688539,Cloud to Ground,24821,0,12
2026-09-16T08:03:42.542670272Z,11.722659,125.449563,Cloud to Ground,-22867,0,16
2026-09-16T08:03:42.543621570Z,11.585345,125.526812,Cloud to Cloud,13683,8492,7
2026-09-16T08:03:42.542157134Z,11.601396,125.517527,Cloud to Ground,19781,0,7
2026-09-16T08:03:42.707791000Z,11.6841,125.5353,Cloud to Ground,61993,0,7
2026-09-16T08:03:44.860775738Z,15.873671,120.952327,Cloud to Cloud,-8148,9310,8
2026-09-16T08:03:44.503639000Z,13.7877,123.9649,Cloud to Ground,-11248,0,7
2026-09-16T08:03:45.995961595Z,5.091571,117.680111,Cloud to Ground,-33849,0,18
2026-09-16T08:03:45.996837450Z,5.019726,117.691461,Cloud to Ground,29140,0,17
2026-09-16T08:03:45.459871334Z,15.295712,121.114633,Cloud to Cloud,12052,16611,7
2026-09-16T08:03:45.687685909Z,16.486615,120.52825,Cloud to Ground,-24060,0,11
2026-09-16T08:03:45.917663148Z,12.426723,124.967153,Cloud to Cloud,-24919,3348,10
2026-09-16T08:03:46.251865816Z,12.357112,124.918319,Cloud to Ground,-16815,0,8
2026-09-16T08:03:45.924251000Z,12.5245,125.0298,Cloud to Ground,-92146,0,12
2026-09-16T08:03:46.419377640Z,12.534607,124.951391,Cloud to Cloud,-19668,10918,16
2026-09-16T08:03:46.171984781Z,14.631825,120.155789,Cloud to Cloud,42308,3000,11
2026-09-16T08:03:47.223475064Z,10.643614,130.490734,Cloud to Ground,35900,0,15
2026-09-16T08:03:49.818265027Z,12.275952,124.809367,Cloud to Ground,29584,0,10
2026-09-16T08:03:50.368273509Z,17.203111,120.796026,Cloud to Cloud,21453,4334,12
2026-09-16T08:03:50.370048000Z,17.2935,120.6503,Cloud to Ground,-26613,0,8
2026-09-16T08:03:51.534591089Z,15.719066,121.027166,Cloud to Cloud,-2054,17865,6
2026-09-16T08:03:53.739452453Z,12.349589,124.456622,Cloud to Ground,-6249,0,7
2026-09-16T08:03:53.738345388Z,12.27988,124.599189,Cloud to Ground,-14163,0,7
2026-09-16T08:03:53.496066723Z,12.445222,124.548129,Cloud to Cloud,-6962,3624,8
2026-09-16T08:03:55.674193851Z,16.993698,121.650405,Cloud to Cloud,-7829,5001,8
2026-09-16T08:03:58.289613463Z,10.052378,130.252173,Cloud to Ground,-21140,0,12
2026-09-16T08:03:58.966359496Z,10.728736,130.418107,Cloud to Ground,-14893,0,8
2026-09-16T08:03:58.393870382Z,10.688875,130.464677,Cloud to Ground,14387,0,8
2026-09-16T08:03:59.011485795Z,10.665927,130.645506,Cloud to Cloud,-9341,11619,8
2026-09-16T08:03:59.406556271Z,16.205268,120.735417,Cloud to Cloud,-7427,7626,12
2026-09-16T08:03:59.025385961Z,11.758105,125.16957,Cloud to Ground,25930,0,10
2026-09-16T08:04:03.610449667Z,5.88759,117.32583,Cloud to Ground,32303,0,14
2026-09-16T08:04:03.969230152Z,5.896339,117.336898,Cloud to Ground,39258,0,18
2026-09-16T08:04:08.240803984Z,22.752018,120.502297,Cloud to Cloud,3058,16343,6
2026-09-16T08:04:08.318467061Z,22.751188,120.51366,Cloud to Cloud,3766,11685,6
2026-09-16T08:04:07.922118449Z,22.716695,120.505683,Cloud to Cloud,3994,4574,7
2026-09-16T08:04:08.063608082Z,22.720016,120.513549,Cloud to Cloud,4015,14473,6
2026-09-16T08:04:08.532638610Z,22.745842,120.509044,Cloud to Cloud,5458,3302,7
2026-09-16T08:04:07.960893910Z,22.713996,120.511856,Cloud to Cloud,7037,14864,6
2026-09-16T08:04:07.928446311Z,22.758894,120.4843,Cloud to Cloud,8609,15876,7
2026-09-16T08:04:08.134379389Z,5.09456,118.313167,Cloud to Cloud,-9538,7768,15
2026-09-16T08:04:08.137605927Z,5.088912,118.305661,Cloud to Cloud,-8462,9081,10
2026-09-16T08:04:10.360740907Z,19.805487,123.788724,Cloud to Cloud,7373,3002,7
2026-09-16T08:04:10.348597306Z,19.800161,123.797591,Cloud to Cloud,17318,3020,9
2026-09-16T08:04:11.885288000Z,5.6378,118.4909,Cloud to Ground,-12284,0,5
2026-09-16T08:04:12.099918057Z,6.715877,118.731419,Cloud to Ground,-24724,0,14
2026-09-16T08:04:12.110234000Z,6.722,118.6638,Cloud to Ground,62548,0,5
2026-09-16T08:04:15.599863173Z,11.283298,124.933598,Cloud to Cloud,27758,19511,7
2026-09-16T08:04:15.386374777Z,11.724485,125.196027,Cloud to Ground,-50235,0,10
2026-09-16T08:04:15.692939000Z,11.7306,125.1426,Cloud to Ground,-20416,0,8
2026-09-16T08:04:15.618318653Z,11.804336,125.089828,Cloud to Ground,41273,0,7
2026-09-16T08:04:15.807807725Z,11.954454,121.365656,Cloud to Ground,25909,0,12
2026-09-16T08:04:16.539831587Z,10.632248,130.460353,Cloud to Cloud,11154,10456,8
2026-09-16T08:04:18.387905675Z,6.17791,117.132537,Cloud to Cloud,-23610,3012,10
2026-09-16T08:04:18.205464256Z,10.730646,130.567661,Cloud to Cloud,-10742,17999,16
2026-09-16T08:04:18.061652707Z,10.662457,130.450233,Cloud to Cloud,-8035,10127,12
2026-09-16T08:04:18.086748921Z,10.651078,130.479276,Cloud to Cloud,8471,17172,9
2026-09-16T08:04:19.002945808Z,10.53123,130.909204,Cloud to Ground,25983,0,14
2026-09-16T08:04:19.969482545Z,12.416774,124.956106,Cloud to Cloud,-6029,3788,6
2026-09-16T08:04:20.102232788Z,12.347946,124.926084,Cloud to Cloud,10058,18017,8
2026-09-16T08:04:19.674786812Z,12.336373,124.906835,Cloud to Ground,19411,0,8
2026-09-16T08:04:19.805257200Z,22.983434,120.568369,Cloud to Ground,-3069,0,6
2026-09-16T08:04:20.013222320Z,22.962883,120.576171,Cloud to Cloud,-2719,14264,7
2026-09-16T08:04:19.766150931Z,22.976045,120.568236,Cloud to Cloud,9300,5908,7
2026-09-16T08:04:21.082025955Z,10.230762,124.414055,Cloud to Cloud,-20346,6709,11
2026-09-16T08:04:22.187284000Z,12.0352,125.4459,Cloud to Ground,-10402,0,7
2026-09-16T08:04:23.682755462Z,11.712452,121.506939,Cloud to Cloud,15366,14488,7
2026-09-16T08:04:23.677975036Z,11.74169,121.494798,Cloud to Cloud,16211,18802,7
2026-09-16T08:04:24.946462076Z,15.034951,121.046234,Cloud to Cloud,-11929,19068,7
2026-09-16T08:04:25.354646090Z,12.286404,124.741539,Cloud to Cloud,12943,17644,7
2026-09-16T08:04:26.672304484Z,15.48493,121.092172,Cloud to Cloud,5105,19129,5
2026-09-16T08:04:28.844185487Z,16.701379,120.433258,Cloud to Ground,-17360,0,10
2026-09-16T08:04:28.869172756Z,16.776164,120.534715,Cloud to Ground,-8977,0,8
2026-09-16T08:04:28.205716000Z,11.5198,122.303,Cloud to Ground,-31798,0,7
2026-09-16T08:04:28.270955000Z,11.5206,122.3874,Cloud to Ground,-21823,0,7
2026-09-16T08:04:29.312500677Z,16.559807,120.759127,Cloud to Ground,-10642,0,13
2026-09-16T08:04:29.296715358Z,16.618594,120.736359,Cloud to Cloud,-8932,10244,10
2026-09-16T08:04:29.265162000Z,16.6443,120.7371,Cloud to Ground,17748,0,6
2026-09-16T08:04:30.275980678Z,10.797058,130.64975,Cloud to Cloud,14680,3055,9
2026-09-16T08:04:30.195703794Z,10.686925,130.636358,Cloud to Ground,-16955,0,26
2026-09-16T08:04:30.078871686Z,10.686964,130.66321,Cloud to Ground,-13802,0,15
2026-09-16T08:04:33.347632531Z,10.593642,131.582698,Cloud to Ground,-43251,0,20
2026-09-16T08:04:33.350947430Z,10.549134,131.511659,Cloud to Cloud,11101,3007,8
2026-09-16T08:04:38.025965700Z,17.123086,120.830406,Cloud to Cloud,-10583,5890,8
2026-09-16T08:04:39.362756112Z,17.127592,120.581354,Cloud to Ground,-29793,0,11
2026-09-16T08:04:39.445040618Z,17.134714,120.594573,Cloud to Ground,-12881,0,8
2026-09-16T08:04:39.412007000Z,17.1015,120.5267,Cloud to Ground,26631,0,5
2026-09-16T08:04:39.219782609Z,12.082641,125.42008,Cloud to Cloud,22388,19398,9
2026-09-16T08:04:40.416140699Z,4.589703,117.291856,Cloud to Ground,24035,0,11
2026-09-16T08:04:40.673492434Z,4.519254,117.348323,Cloud to Ground,50976,0,27
2026-09-16T08:04:41.356210175Z,10.711372,130.539936,Cloud to Ground,-11315,0,12
2026-09-16T08:04:41.842306031Z,10.701517,130.585602,Cloud to Ground,-9382,0,7
2026-09-16T08:04:41.774051744Z,11.81502,121.305084,Cloud to Cloud,11863,19375,7
2026-09-16T08:04:41.907747336Z,12.406196,124.746284,Cloud to Cloud,12515,5461,7
2026-09-16T08:04:41.901255738Z,12.402058,124.75328,Cloud to Cloud,25619,18541,7
2026-09-16T08:04:43.959795942Z,16.483493,120.597335,Cloud to Cloud,7415,14065,6
2026-09-16T08:04:46.244755948Z,10.527212,131.553298,Cloud to Cloud,-12131,17251,13
2026-09-16T08:04:48.840416709Z,10.668922,130.479454,Cloud to Ground,22158,0,8
2026-09-16T08:04:49.943383396Z,15.391747,121.082915,Cloud to Cloud,-11930,12338,8
2026-09-16T08:04:49.885844508Z,15.467595,121.053148,Cloud to Cloud,9221,19410,11
2026-09-16T08:04:49.113370441Z,16.002566,121.026427,Cloud to Cloud,11945,19228,7
2026-09-16T08:04:49.132879933Z,11.859855,125.495653,Cloud to Ground,29933,0,7
2026-09-16T08:04:51.782117693Z,13.760013,123.930893,Cloud to Cloud,-9999,6310,9
2026-09-16T08:04:52.074664412Z,13.75336,123.991325,Cloud to Cloud,-6085,19415,6
2026-09-16T08:04:51.782706855Z,13.697195,123.939239,Cloud to Cloud,13114,6246,10
2026-09-16T08:04:52.825632000Z,11.548,125.1903,Cloud to Ground,-7729,0,5
2026-09-16T08:04:54.947610823Z,10.4001,131.544899,Cloud to Ground,-30175,0,29
2026-09-16T08:04:55.049619063Z,10.446534,131.615124,Cloud to Ground,-17409,0,12
2026-09-16T08:04:54.298782060Z,12.390269,124.542555,Cloud to Cloud,-7977,9836,7
2026-09-16T08:04:53.777937647Z,12.319415,124.515174,Cloud to Cloud,11564,18407,11
2026-09-16T08:04:54.030101491Z,12.333408,124.553969,Cloud to Cloud,12068,19243,9
2026-09-16T08:04:54.253063314Z,12.351754,124.576199,Cloud to Cloud,21200,12044,10
2026-09-16T08:04:55.014641733Z,14.358191,120.973505,Cloud to Cloud,10312,17236,6
2026-09-16T08:04:57.683605396Z,16.395158,120.461841,Cloud to Cloud,-9209,3005,7
2026-09-16T08:04:57.374245306Z,16.717458,120.506352,Cloud to Cloud,8438,3019,9
2026-09-16T08:04:58.400039698Z,10.620403,130.51209,Cloud to Ground,21894,0,14
2026-09-16T08:04:58.759873367Z,10.709937,130.560494,Cloud to Cloud,-15312,3239,12
2026-09-16T08:04:59.589936923Z,15.418533,121.011881,Cloud to Cloud,6543,17725,8
2026-09-16T08:05:00.244796666Z,5.828269,117.996287,Cloud to Cloud,-9264,16612,7
2026-09-16T08:05:00.161545213Z,5.867464,117.962873,Cloud to Cloud,15901,3011,12
2026-09-16T08:05:01.327013879Z,5.722741,118.494807,Cloud to Ground,-16389,0,17
2026-09-16T08:05:01.150582877Z,17.311962,120.767635,Cloud to Ground,-35012,0,15
2026-09-16T08:05:01.102818453Z,17.281177,120.757779,Cloud to Ground,-25132,0,11
2026-09-16T08:05:01.063132747Z,17.293527,120.782286,Cloud to Ground,-8035,0,9
2026-09-16T08:05:04.384752580Z,15.727142,120.176358,Cloud to Ground,29145,0,8
2026-09-16T08:05:04.415508510Z,15.550459,120.118956,Cloud to Cloud,21789,3754,10
2026-09-16T08:05:04.711888024Z,11.952377,125.379919,Cloud to Cloud,10106,16666,8
2026-09-16T08:05:04.709826086Z,11.951165,125.364534,Cloud to Cloud,11043,16509,9
2026-09-16T08:05:04.292504962Z,12.03396,124.919459,Cloud to Cloud,13932,16986,9
2026-09-16T08:05:04.261854215Z,12.006587,124.918072,Cloud to Cloud,16357,7160,8
2026-09-16T08:05:05.504591508Z,11.829178,125.090019,Cloud to Cloud,8661,4584,7
2026-09-16T08:05:05.778408032Z,11.665409,125.226142,Cloud to Cloud,16278,11235,8
2026-09-16T08:05:06.414563575Z,4.329257,116.349044,Cloud to Ground,-25929,0,9
2026-09-16T08:05:05.812066342Z,4.308868,116.395434,Cloud to Cloud,-10158,5454,14
2026-09-16T08:05:06.413853389Z,4.270763,116.493241,Cloud to Ground,45027,0,18
2026-09-16T08:05:06.253677097Z,4.291611,116.499073,Cloud to Ground,102799,0,28
2026-09-16T08:05:06.191896406Z,22.968692,120.587018,Cloud to Cloud,-2070,8262,6
2026-09-16T08:05:10.323552463Z,5.902547,117.305559,Cloud to Ground,-17064,0,17
2026-09-16T08:05:12.001986094Z,15.621884,121.026656,Cloud to Cloud,11023,7164,7
2026-09-16T08:05:13.741165367Z,4.843861,117.831487,Cloud to Ground,-89688,0,17
2026-09-16T08:05:13.852612790Z,4.838254,117.819294,Cloud to Cloud,8478,9357,7
2026-09-16T08:05:13.951740242Z,4.865076,117.843405,Cloud to Ground,17327,0,11
2026-09-16T08:05:14.733656798Z,2.612314,112.697919,Cloud to Ground,-12374,0,18
2026-09-16T08:05:15.120053000Z,2.5734,112.7014,Cloud to Ground,35896,0,5
2026-09-16T08:05:14.336219100Z,16.295547,121.896124,Cloud to Ground,-131525,0,13
2026-09-16T08:05:14.997386000Z,10.2747,124.4133,Cloud to Ground,-905,0,6
2026-09-16T08:05:15.307675565Z,12.306045,124.788137,Cloud to Cloud,-11544,5094,8
2026-09-16T08:05:15.290247499Z,12.342397,124.785859,Cloud to Cloud,12457,18783,6
2026-09-16T08:05:17.775829852Z,12.499559,124.973925,Cloud to Ground,-58452,0,8
2026-09-16T08:05:17.835268886Z,12.502408,124.986884,Cloud to Ground,-47612,0,12
2026-09-16T08:05:18.003942000Z,12.4978,124.9012,Cloud to Ground,-24183,0,6
2026-09-16T08:05:18.184882000Z,12.4791,124.8946,Cloud to Ground,-12606,0,5
2026-09-16T08:05:18.890209640Z,5.627248,118.594973,Cloud to Ground,-15415,0,14
2026-09-16T08:05:18.089233996Z,16.741525,120.83119,Cloud to Cloud,7591,16085,7
2026-09-16T08:05:18.407275229Z,22.646566,120.414292,Cloud to Cloud,3675,5841,6
2026-09-16T08:05:20.651640237Z,7.811637,119.019746,Cloud to Ground,-117796,0,19
2026-09-16T08:05:20.770974201Z,7.794114,119.028043,Cloud to Ground,-54406,0,10
2026-09-16T08:05:20.668222768Z,7.891632,119.101383,Cloud to Ground,15425,0,8
2026-09-16T08:05:20.678209935Z,6.998952,116.660155,Cloud to Cloud,23718,9253,11
2026-09-16T08:05:22.433333705Z,12.38996,124.590627,Cloud to Cloud,6365,19731,7
2026-09-16T08:05:23.115117721Z,13.416859,120.58092,Cloud to Cloud,14787,3259,8
2026-09-16T08:05:23.106441163Z,13.311027,120.521101,Cloud to Cloud,6155,12692,8
2026-09-16T08:05:23.096384116Z,13.315959,120.530608,Cloud to Ground,35480,0,7
2026-09-16T08:05:23.097238416Z,13.305552,120.538843,Cloud to Ground,41503,0,13
2026-09-16T08:05:23.644495465Z,11.58379,122.390478,Cloud to Cloud,7587,5645,6
2026-09-16T08:05:25.206148739Z,12.10009,125.337633,Cloud to Cloud,15327,15953,12
2026-09-16T08:05:25.202876469Z,12.150519,125.383355,Cloud to Cloud,26553,17446,11
2026-09-16T08:05:26.633826986Z,16.491098,121.685709,Cloud to Ground,-106621,0,11
2026-09-16T08:05:26.624279000Z,16.4995,121.6235,Cloud to Ground,-47206,0,11
2026-09-16T08:05:26.778000764Z,16.491368,121.667446,Cloud to Ground,-25811,0,10
2026-09-16T08:05:26.669358828Z,16.473471,121.683857,Cloud to Cloud,6675,6967,6
2026-09-16T08:05:26.722655000Z,16.5,121.5982,Cloud to Ground,28074,0,5
2026-09-16T08:05:27.448052074Z,5.712041,118.443527,Cloud to Ground,-17746,0,11
2026-09-16T08:05:27.983394243Z,5.613243,118.527634,Cloud to Ground,-19401,0,16
2026-09-16T08:05:27.730075344Z,5.618613,118.529313,Cloud to Ground,-19107,0,21
2026-09-16T08:05:27.597752506Z,5.603434,118.500812,Cloud to Ground,26377,0,18
2026-09-16T08:05:27.506143671Z,5.597691,118.535926,Cloud to Ground,32252,0,15
2026-09-16T08:05:28.506585422Z,5.734406,118.468402,Cloud to Ground,-18476,0,14
2026-09-16T08:05:28.890876782Z,10.39099,131.813107,Cloud to Cloud,15249,5254,13
2026-09-16T08:05:28.013930789Z,10.649511,130.488884,Cloud to Ground,40107,0,10
2026-09-16T08:05:29.443991331Z,6.805445,118.673974,Cloud to Ground,-22080,0,18
2026-09-16T08:05:30.602251055Z,10.267573,132.812949,Cloud to Cloud,-26578,5226,13
2026-09-16T08:05:30.877085951Z,11.643832,125.186302,Cloud to Cloud,11574,14318,9
2026-09-16T08:05:31.342712182Z,10.310372,132.735756,Cloud to Ground,-15870,0,8
2026-09-16T08:05:31.423745023Z,16.376439,120.618823,Cloud to Cloud,-14839,10307,11
2026-09-16T08:05:31.033037109Z,16.495728,120.613851,Cloud to Cloud,8371,18234,7
2026-09-16T08:05:31.457733875Z,16.426061,120.658615,Cloud to Cloud,11734,6900,9
2026-09-16T08:05:31.187054690Z,11.84581,125.394456,Cloud to Cloud,8279,18629,7
2026-09-16T08:05:32.339130361Z,15.408959,121.052217,Cloud to Cloud,1995,18344,6
2026-09-16T08:05:32.330966184Z,15.405983,121.061052,Cloud to Cloud,3102,13371,8
2026-09-16T08:05:33.729769999Z,0.224763,110.82782,Cloud to Ground,-14532,0,10
2026-09-16T08:05:33.713229107Z,0.167959,110.878316,Cloud to Ground,-13282,0,12
2026-09-16T08:05:33.341706775Z,20.561876,117.941346,Cloud to Ground,-122435,0,14
2026-09-16T08:05:33.337384839Z,20.632172,117.945204,Cloud to Cloud,-46506,9793,10
2026-09-16T08:05:33.399369190Z,22.988955,120.580158,Cloud to Cloud,-2942,8614,5
2026-09-16T08:05:34.953671776Z,16.528723,120.780274,Cloud to Cloud,20531,17287,11
2026-09-16T08:05:36.663415045Z,15.31609,121.034665,Cloud to Cloud,-4095,4928,6
2026-09-16T08:05:39.368279504Z,18.392144,121.016901,Cloud to Cloud,9091,14531,9
2026-09-16T08:05:40.687223100Z,12.334566,124.521299,Cloud to Cloud,4976,12501,7
2026-09-16T08:05:40.244685193Z,12.353165,124.580735,Cloud to Cloud,7411,19414,9
2026-09-16T08:05:40.499212403Z,12.413909,124.557157,Cloud to Cloud,8094,3432,6
2026-09-16T08:05:42.663355577Z,10.448792,134.800372,Cloud to Ground,-16327,0,11
2026-09-16T08:05:42.667998740Z,10.474859,134.877018,Cloud to Ground,-11442,0,13
2026-09-16T08:05:42.628365959Z,10.385966,134.868981,Cloud to Ground,17315,0,13
2026-09-16T08:05:43.839663011Z,11.838317,122.079246,Cloud to Cloud,-25465,18562,9
2026-09-16T08:05:43.648431000Z,22.9808,110.7043,Cloud to Ground,-73296,0,6
2026-09-16T08:05:43.658457185Z,22.9869,110.739324,Cloud to Cloud,-22146,3032,9
2026-09-16T08:05:43.550524449Z,17.048445,120.561186,Cloud to Cloud,17866,18768,12
2026-09-16T08:05:44.541473584Z,11.712731,121.863514,Cloud to Cloud,5649,3006,6
2026-09-16T08:05:44.495661383Z,11.721112,121.976233,Cloud to Ground,-45605,0,11
2026-09-16T08:05:44.356304665Z,11.652222,121.958558,Cloud to Cloud,6487,14839,6
2026-09-16T08:05:44.539215095Z,11.643654,121.930821,Cloud to Cloud,14207,5579,7
2026-09-16T08:05:45.267534045Z,11.734751,125.203482,Cloud to Cloud,-6379,18882,7
2026-09-16T08:05:45.116403424Z,15.808416,121.066006,Cloud to Cloud,-8620,12302,6
2026-09-16T08:05:46.384589093Z,2.132433,115.422866,Cloud to Ground,23828,0,21
2026-09-16T08:05:47.936801519Z,10.670926,130.639756,Cloud to Ground,-53120,0,20
2026-09-16T08:05:47.260368770Z,16.847765,120.526247,Cloud to Cloud,8364,7307,9
2026-09-16T08:05:47.521461578Z,11.954554,125.508298,Cloud to Cloud,19695,17198,9
2026-09-16T08:05:47.335476000Z,11.4774,122.3637,Cloud to Ground,-14078,0,5
2026-09-16T08:05:48.298415147Z,10.609073,130.887629,Cloud to Ground,-24466,0,31
2026-09-16T08:05:48.028566696Z,10.684534,130.516257,Cloud to Ground,-27820,0,30
2026-09-16T08:05:48.400952850Z,10.600194,130.483369,Cloud to Ground,20190,0,8
2026-09-16T08:05:50.482489773Z,15.38128,121.024975,Cloud to Cloud,16032,19287,7
2026-09-16T08:05:50.530736000Z,11.5698,125.5159,Cloud to Ground,-21011,0,8
2026-09-16T08:05:50.029871000Z,11.5388,125.5093,Cloud to Ground,32025,0,5
2026-09-16T08:05:51.904429505Z,12.3422,124.738855,Cloud to Ground,18953,0,7
2026-09-16T08:05:52.489193305Z,17.11056,120.579319,Cloud to Ground,-41087,0,11
2026-09-16T08:05:52.429017689Z,17.111626,120.589848,Cloud to Ground,-31387,0,13
2026-09-16T08:05:52.513842097Z,17.105678,120.577049,Cloud to Ground,-16597,0,11
2026-09-16T08:05:52.536561226Z,17.104513,120.565557,Cloud to Ground,-14089,0,7
2026-09-16T08:05:52.886916434Z,17.122032,120.585405,Cloud to Ground,-11730,0,6
2026-09-16T08:05:54.015404469Z,17.378587,120.504641,Cloud to Ground,39038,0,11
2026-09-16T08:05:54.696364015Z,12.278436,124.783094,Cloud to Cloud,17935,19144,9
2026-09-16T08:05:54.189183000Z,11.7692,121.6378,Cloud to Ground,-17055,0,7
2026-09-16T08:05:54.134206000Z,11.7728,121.6739,Cloud to Ground,23787,0,6
2026-09-16T08:05:55.507100844Z,5.968999,117.302305,Cloud to Cloud,-24521,11959,17
2026-09-16T08:05:55.645991718Z,5.999753,117.290043,Cloud to Cloud,-15187,9078,14
2026-09-16T08:05:56.810180692Z,7.682083,122.069649,Cloud to Ground,-21517,0,23
2026-09-16T08:05:56.677146393Z,7.601023,122.07663,Cloud to Cloud,-19526,3223,10
2026-09-16T08:05:57.873327849Z,3.301029,114.415864,Cloud to Ground,69232,0,29
2026-09-16T08:05:59.780477775Z,12.423676,124.947264,Cloud to Cloud,17182,3842,7
2026-09-16T08:05:59.773443738Z,12.430263,124.971234,Cloud to Ground,17901,0,8
2026-09-16T08:06:02.010399719Z,14.603152,120.175026,Cloud to Ground,22531,0,11
2026-09-16T08:06:03.716264700Z,9.643349,131.388023,Cloud to Ground,10013,0,11
2026-09-16T08:06:03.520168114Z,10.340876,125.057801,Cloud to Ground,37266,0,16
2026-09-16T08:06:03.637013473Z,12.044982,124.867266,Cloud to Ground,31555,0,8
2026-09-16T08:06:05.252452877Z,11.860803,125.135744,Cloud to Ground,-50863,0,7
2026-09-16T08:06:05.538238000Z,11.8863,125.1278,Cloud to Ground,-32236,0,10
2026-09-16T08:06:05.235879154Z,11.80716,125.158644,Cloud to Cloud,-24433,19168,10
2026-09-16T08:06:05.384896000Z,11.9031,125.1446,Cloud to Ground,-24013,0,6
2026-09-16T08:06:05.318817114Z,11.870946,125.154523,Cloud to Ground,-16364,0,8
2026-09-16T08:06:05.187334815Z,10.288644,124.426502,Cloud to Ground,-66934,0,11
2026-09-16T08:06:05.479994635Z,10.302373,124.436074,Cloud to Ground,-27240,0,6
2026-09-16T08:06:07.184170538Z,16.689534,120.492441,Cloud to Ground,-15964,0,12
2026-09-16T08:06:07.241301000Z,16.7294,120.397,Cloud to Ground,-12919,0,5
2026-09-16T08:06:07.759159698Z,16.692874,120.480119,Cloud to Ground,-9070,0,10
2026-09-16T08:06:07.266117935Z,16.693829,120.479934,Cloud to Ground,-5237,0,6
2026-09-16T08:06:07.708132000Z,16.688,120.4875,Cloud to Ground,60313,0,11
2026-09-16T08:06:08.379803679Z,10.687505,130.483115,Cloud to Ground,16285,0,10
2026-09-16T08:06:08.850818730Z,11.776108,125.116185,Cloud to Cloud,8889,16804,6
2026-09-16T08:06:11.116529192Z,11.493919,122.466399,Cloud to Ground,45919,0,12
2026-09-16T08:06:13.820821007Z,6.700488,118.71775,Cloud to Ground,-29590,0,8
2026-09-16T08:06:13.892546000Z,6.719,118.6655,Cloud to Ground,22589,0,7
2026-09-16T08:06:13.864367317Z,6.714874,118.74038,Cloud to Ground,22699,0,8
2026-09-16T08:06:15.168023460Z,12.282311,124.609325,Cloud to Cloud,-6326,3619,6
2026-09-16T08:06:15.611131395Z,12.301222,124.877835,Cloud to Cloud,11064,3380,7
2026-09-16T08:06:16.833634571Z,12.032476,125.359824,Cloud to Cloud,10985,3039,10
2026-09-16T08:06:18.779922715Z,11.684585,125.144548,Cloud to Ground,-39876,0,8
2026-09-16T08:06:18.477900728Z,11.743802,125.096942,Cloud to Ground,-34558,0,24
2026-09-16T08:06:18.685042976Z,11.703204,125.032207,Cloud to Ground,-22934,0,23
2026-09-16T08:06:19.000073000Z,11.7181,125.0868,Cloud to Ground,-20788,0,7
2026-09-16T08:06:19.021167814Z,22.803968,120.524694,Cloud to Ground,-22826,0,11
2026-09-16T08:06:19.023029941Z,22.827075,120.513762,Cloud to Cloud,3474,11509,6
2026-09-16T08:06:19.026449180Z,22.821532,120.516863,Cloud to Cloud,3845,13197,5
2026-09-16T08:06:19.016744809Z,22.813757,120.526735,Cloud to Cloud,6037,12993,6
2026-09-16T08:06:19.008430119Z,22.741773,120.505567,Cloud to Cloud,6534,6971,7
2026-09-16T08:06:19.027517166Z,22.700622,120.467151,Cloud to Cloud,8302,3722,6
2026-09-16T08:06:19.039164300Z,22.795545,120.522584,Cloud to Cloud,10544,3803,10
2026-09-16T08:06:19.450939998Z,13.663744,123.980288,Cloud to Cloud,18459,3252,9
2026-09-16T08:06:19.441094696Z,13.656165,124.045393,Cloud to Ground,214684,0,8
2026-09-16T08:06:21.733509135Z,11.790083,121.311826,Cloud to Ground,-50134,0,11
2026-09-16T08:06:21.778948659Z,11.757978,121.35477,Cloud to Cloud,-24813,15638,12
2026-09-16T08:06:21.112294588Z,17.279872,121.912315,Cloud to Cloud,9725,3000,9
2026-09-16T08:06:21.114821972Z,17.265067,121.847481,Cloud to Cloud,13299,15795,6
2026-09-16T08:06:22.852871205Z,8.706932,125.350831,Cloud to Ground,-23567,0,10
2026-09-16T08:06:22.008429305Z,15.015728,121.048981,Cloud to Cloud,9754,4182,11
2026-09-16T08:06:22.862350987Z,22.767258,120.454264,Cloud to Cloud,-2444,19962,7
2026-09-16T08:06:22.804937718Z,22.725143,120.481623,Cloud to Cloud,5982,3065,6
2026-09-16T08:06:23.171162235Z,12.250517,124.674274,Cloud to Ground,-22492,0,8
2026-09-16T08:06:25.421044084Z,15.375222,121.049978,Cloud to Cloud,-7152,17988,7
2026-09-16T08:06:27.838892297Z,16.707515,120.521135,Cloud to Cloud,3569,19094,7
2026-09-16T08:06:28.892660674Z,14.440579,120.981809,Cloud to Cloud,4501,13962,6
2026-09-16T08:06:28.622698105Z,14.47493,121.027486,Cloud to Cloud,7973,4549,8
2026-09-16T08:06:29.080498488Z,2.547577,112.783054,Cloud to Cloud,-16545,7861,15
2026-09-16T08:06:29.344744083Z,2.478849,112.832736,Cloud to Ground,81215,0,22
2026-09-16T08:06:30.271685717Z,7.032173,116.647293,Cloud to Ground,-29218,0,17
2026-09-16T08:06:30.445820588Z,6.998226,116.684871,Cloud to Cloud,-10008,7945,15
2026-09-16T08:06:33.071484977Z,10.441578,131.662657,Cloud to Cloud,-15306,7505,20
2026-09-16T08:06:33.070716297Z,10.37267,131.713328,Cloud to Cloud,9509,3292,16
2026-09-16T08:06:33.072311925Z,10.397656,131.811318,Cloud to Ground,-31335,0,16
2026-09-16T08:06:33.063086839Z,15.527,121.073585,Cloud to Cloud,4397,17602,6
2026-09-16T08:06:34.627687470Z,12.192418,124.894074,Cloud to Cloud,18482,3016,8
2026-09-16T08:06:34.558892000Z,11.8734,125.5486,Cloud to Ground,-14654,0,9
2026-09-16T08:06:36.151738491Z,12.434301,124.957562,Cloud to Ground,-44859,0,9
2026-09-16T08:06:36.187969499Z,12.438609,124.958244,Cloud to Ground,-20112,0,8
2026-09-16T08:06:36.249125677Z,12.264205,124.993262,Cloud to Cloud,62301,5797,8
2026-09-16T08:06:38.177083857Z,11.681999,125.232673,Cloud to Cloud,14739,14854,8
2026-09-16T08:06:39.068305451Z,12.330578,124.513253,Cloud to Cloud,12133,10409,10
2026-09-16T08:06:38.710537809Z,12.324431,124.500964,Cloud to Cloud,14116,11975,7
2026-09-16T08:06:41.260013459Z,15.382774,120.972916,Cloud to Cloud,6817,7892,8
2026-09-16T08:06:42.359414559Z,10.710716,130.445626,Cloud to Ground,-47955,0,8
2026-09-16T08:06:42.477908278Z,10.722309,130.503261,Cloud to Ground,-15723,0,25
2026-09-16T08:06:42.417085146Z,10.712605,130.512394,Cloud to Ground,-13217,0,24
2026-09-16T08:06:42.593827027Z,10.701278,130.508579,Cloud to Ground,-11503,0,8
2026-09-16T08:06:44.385234335Z,16.398684,121.738706,Cloud to Cloud,21998,8996,7
2026-09-16T08:06:44.875973894Z,15.422497,121.029413,Cloud to Cloud,-5565,8830,7
2026-09-16T08:06:48.855050636Z,16.421141,120.64696,Cloud to Cloud,10341,16537,8
2026-09-16T08:06:49.095028616Z,16.533892,120.564711,Cloud to Cloud,-12180,14156,11
2026-09-16T08:06:48.856063171Z,16.516596,120.556296,Cloud to Cloud,4972,5033,7
2026-09-16T08:06:49.964553766Z,11.694086,125.252105,Cloud to Ground,12484,0,7
2026-09-16T08:06:51.206997233Z,5.566709,118.638596,Cloud to Cloud,26507,17786,11
2026-09-16T08:06:51.407831050Z,22.989397,120.565149,Cloud to Cloud,-1996,3164,6
2026-09-16T08:06:51.408397283Z,22.98227,120.564248,Cloud to Cloud,-1759,9788,6
2026-09-16T08:06:54.410990704Z,14.460855,120.91051,Cloud to Cloud,-5548,16508,7
2026-09-16T08:06:54.455564955Z,14.459524,120.905506,Cloud to Cloud,-4593,5177,6
2026-09-16T08:06:54.389234409Z,14.468267,120.919009,Cloud to Cloud,-4159,3120,8
2026-09-16T08:06:56.551680000Z,6.5772,118.5372,Cloud to Ground,22276,0,6
2026-09-16T08:06:58.326250955Z,16.104892,121.086244,Cloud to Cloud,15003,3395,14
2026-09-16T08:06:58.303226337Z,15.984397,121.037905,Cloud to Cloud,11449,6742,7
2026-09-16T08:06:58.298022499Z,15.996269,121.062987,Cloud to Ground,31883,0,16
2026-09-16T08:07:00.513162728Z,14.349561,120.95179,Cloud to Cloud,14411,17716,7
2026-09-16T08:07:01.899710253Z,11.754116,122.141749,Cloud to Cloud,14205,11732,11
2026-09-16T08:07:01.840182529Z,22.958702,120.494231,Cloud to Cloud,-3320,3000,5
2026-09-16T08:07:02.595136443Z,16.611607,120.771342,Cloud to Cloud,-7507,13460,7
2026-09-16T08:07:02.557160439Z,16.598547,120.736167,Cloud to Ground,22163,0,13
2026-09-16T08:07:02.590556526Z,16.518741,120.770109,Cloud to Cloud,25075,11526,9
2026-09-16T08:07:03.121024274Z,11.704618,121.966838,Cloud to Ground,-25095,0,6
2026-09-16T08:07:06.766647667Z,11.581828,122.400412,Cloud to Cloud,8471,16202,5
2026-09-16T08:07:08.181739474Z,17.098104,120.579647,Cloud to Ground,-66925,0,14
2026-09-16T08:07:08.220928454Z,17.08926,120.566067,Cloud to Ground,-63108,0,14
2026-09-16T08:07:08.335698066Z,17.09226,120.559529,Cloud to Ground,-30177,0,13
2026-09-16T08:07:08.366702511Z,17.1245,120.582736,Cloud to Ground,-8375,0,8
2026-09-16T08:07:08.205060102Z,17.079732,120.561483,Cloud to Cloud,6725,8012,6
2026-09-16T08:07:08.284950000Z,17.1395,120.5276,Cloud to Ground,44501,0,6
2026-09-16T08:07:08.215772038Z,22.995395,110.71673,Cloud to Cloud,14560,7048,7
2026-09-16T08:07:08.412142403Z,16.922525,120.876115,Cloud to Cloud,8453,5623,7
2026-09-16T08:07:10.993968550Z,2.528955,112.674071,Cloud to Ground,-23769,0,5
2026-09-16T08:07:10.883242007Z,2.463921,112.629103,Cloud to Ground,35150,0,14
2026-09-16T08:07:10.688619483Z,11.705656,121.765266,Cloud to Ground,18792,0,8
2026-09-16T08:07:11.278416457Z,16.841196,120.593192,Cloud to Cloud,15824,13494,12
2026-09-16T08:07:11.561914163Z,16.725484,120.593907,Cloud to Cloud,-26221,18154,9
2026-09-16T08:07:11.280270855Z,16.727304,120.705147,Cloud to Cloud,16777,7388,10
2026-09-16T08:07:15.179419662Z,10.707387,130.47964,Cloud to Cloud,11010,7165,7
2026-09-16T08:07:15.203233728Z,16.121326,121.725089,Cloud to Cloud,14576,15960,12
2026-09-16T08:07:15.201172000Z,16.1305,121.7784,Cloud to Ground,27103,0,6
2026-09-16T08:07:15.201950770Z,16.058894,121.790442,Cloud to Cloud,37671,19826,11
2026-09-16T08:07:17.882280340Z,16.608422,120.629575,Cloud to Ground,13461,0,7
2026-09-16T08:07:18.299353184Z,6.323801,117.160392,Cloud to Cloud,41754,3000,11
2026-09-16T08:07:18.265548857Z,5.986698,117.291569,Cloud to Cloud,-55431,14137,23
2026-09-16T08:07:18.705315183Z,5.994577,117.28606,Cloud to Ground,-27759,0,16
2026-09-16T08:07:19.322931456Z,15.40977,121.049877,Cloud to Cloud,-9663,3308,7
2026-09-16T08:07:19.356733026Z,15.436627,121.046459,Cloud to Ground,-5810,0,7
2026-09-16T08:07:20.730168348Z,12.630338,123.415423,Cloud to Cloud,16517,3077,9
2026-09-16T08:07:20.771725223Z,12.615703,123.409998,Cloud to Cloud,21339,3008,10
2026-09-16T08:07:21.983129755Z,11.613404,125.433708,Cloud to Ground,-52821,0,9
2026-09-16T08:07:21.981571629Z,11.569167,125.503188,Cloud to Ground,-25435,0,10
2026-09-16T08:07:21.979026153Z,15.456923,121.056881,Cloud to Cloud,5274,15090,6
2026-09-16T08:07:24.138172000Z,5.3477,118.4592,Cloud to Ground,-15736,0,5
2026-09-16T08:07:24.134538011Z,5.336312,118.421085,Cloud to Cloud,-11554,7064,8
2026-09-16T08:07:25.574057026Z,15.429154,120.955037,Cloud to Cloud,6056,3418,12
2026-09-16T08:07:25.787433494Z,17.089491,120.564436,Cloud to Cloud,-9190,6603,11
2026-09-16T08:07:26.832276913Z,4.933886,118.058748,Cloud to Cloud,-15487,6391,16
2026-09-16T08:07:26.249367382Z,15.337068,121.061585,Cloud to Cloud,-3473,6800,6
2026-09-16T08:07:26.036234846Z,12.347802,124.787006,Cloud to Cloud,11374,3685,6
2026-09-16T08:07:26.004321427Z,12.274075,124.784197,Cloud to Cloud,33627,7877,9
2026-09-16T08:07:26.571464000Z,10.3846,134.8285,Cloud to Ground,12334,0,6
2026-09-16T08:07:30.979755528Z,10.681783,130.68506,Cloud to Ground,29446,0,11
2026-09-16T08:07:30.595935972Z,10.541456,130.782593,Cloud to Ground,-13092,0,17
2026-09-16T08:07:30.657082653Z,10.705128,130.434377,Cloud to Ground,-43740,0,18
2026-09-16T08:07:30.791058802Z,10.687114,130.46819,Cloud to Ground,-35927,0,16
2026-09-16T08:07:31.141113380Z,10.657925,130.500366,Cloud to Ground,-22385,0,10
2026-09-16T08:07:30.843052779Z,10.650679,130.502748,Cloud to Ground,-18412,0,7
2026-09-16T08:07:30.726152791Z,10.684712,130.53156,Cloud to Ground,-16135,0,25
2026-09-16T08:07:30.878730142Z,10.664498,130.49841,Cloud to Ground,-15332,0,12
2026-09-16T08:07:31.142619675Z,10.626513,130.521971,Cloud to Cloud,13183,18958,11
2026-09-16T08:07:30.100400683Z,11.405322,122.465455,Cloud to Cloud,13439,19559,10
2026-09-16T08:07:30.582511043Z,12.139851,125.42946,Cloud to Ground,-24019,0,6
2026-09-16T08:07:32.987035316Z,4.818683,117.66072,Cloud to Ground,-18453,0,11
2026-09-16T08:07:32.590874858Z,14.646988,120.446888,Cloud to Cloud,10985,17688,7
2026-09-16T08:07:32.762451868Z,22.99441,120.567189,Cloud to Cloud,-2617,8537,5
2026-09-16T08:07:33.718180939Z,4.846973,117.810177,Cloud to Ground,23786,0,11
2026-09-16T08:07:33.610235109Z,16.664694,120.503478,Cloud to Cloud,5911,10770,7
2026-09-16T08:07:36.094183941Z,12.395726,124.924235,Cloud to Cloud,16177,4090,9
2026-09-16T08:07:36.168497000Z,11.7428,125.1647,Cloud to Ground,-59642,0,11
2026-09-16T08:07:36.315316408Z,11.713328,125.200087,Cloud to Ground,-21482,0,6
2026-09-16T08:07:36.382557000Z,11.9832,125.3804,Cloud to Ground,8351,0,6
2026-09-16T08:07:37.394222444Z,10.463801,131.779682,Cloud to Ground,-21284,0,26
2026-09-16T08:07:37.397742850Z,10.401445,131.813214,Cloud to Ground,14551,0,11
2026-09-16T08:07:37.393785483Z,10.393915,131.793803,Cloud to Ground,15430,0,12
2026-09-16T08:07:37.394632717Z,10.430557,131.789223,Cloud to Ground,24197,0,12
2026-09-16T08:07:37.119881257Z,12.221359,124.582355,Cloud to Cloud,-14593,7382,10
2026-09-16T08:07:38.591903336Z,11.349841,124.844289,Cloud to Cloud,10465,11045,12
2026-09-16T08:07:39.201092680Z,5.828749,117.384362,Cloud to Cloud,11591,4772,13
2026-09-16T08:07:39.198841373Z,5.82522,117.388844,Cloud to Ground,16479,0,12
2026-09-16T08:07:39.992331854Z,17.006426,121.619895,Cloud to Cloud,6112,4193,6
2026-09-16T08:07:40.192749137Z,16.54918,120.510488,Cloud to Cloud,-8560,8089,11
2026-09-16T08:07:39.985371197Z,16.538464,120.491992,Cloud to Cloud,4077,16798,7
2026-09-16T08:07:41.661123504Z,12.318941,124.540414,Cloud to Cloud,12454,19649,11
2026-09-16T08:07:41.589959588Z,12.405136,124.576575,Cloud to Cloud,-21516,19240,14
2026-09-16T08:07:41.608146000Z,11.6238,123.0765,Cloud to Ground,16310,0,6
2026-09-16T08:07:42.718897045Z,11.885226,125.12665,Cloud to Ground,-37457,0,9
2026-09-16T08:07:42.705421265Z,11.811703,125.105036,Cloud to Cloud,-15227,3727,7
2026-09-16T08:07:42.802791891Z,11.888243,125.145713,Cloud to Ground,-7664,0,5
2026-09-16T08:07:42.713909828Z,12.116916,124.820581,Cloud to Ground,-38094,0,7
2026-09-16T08:07:42.946969512Z,12.125607,124.793776,Cloud to Ground,-13117,0,6
2026-09-16T08:07:43.115411357Z,12.127058,124.796319,Cloud to Ground,-10701,0,6
2026-09-16T08:07:43.636794000Z,19.7961,123.7137,Cloud to Ground,-61654,0,10
2026-09-16T08:07:43.635357514Z,19.817334,123.703328,Cloud to Cloud,-14699,3028,8
2026-09-16T08:07:43.641620012Z,19.777237,123.749592,Cloud to Cloud,10118,4930,7
2026-09-16T08:07:43.633383022Z,19.776321,123.748231,Cloud to Cloud,10262,18195,6
2026-09-16T08:07:44.817553981Z,12.298861,124.92668,Cloud to Cloud,11289,18489,7
2026-09-16T08:07:46.894693526Z,11.706506,121.769081,Cloud to Cloud,18323,8929,7
2026-09-16T08:07:46.803944367Z,11.941598,125.465658,Cloud to Cloud,-14755,6245,11
2026-09-16T08:07:46.806361971Z,11.980734,125.371015,Cloud to Cloud,-14568,16388,7
2026-09-16T08:07:46.905837477Z,11.969138,125.449435,Cloud to Cloud,15114,19964,8
2026-09-16T08:07:46.054768020Z,14.434963,120.936048,Cloud to Cloud,-5049,19672,8
2026-09-16T08:07:47.975509416Z,5.189021,122.611327,Cloud to Ground,30294,0,19
2026-09-16T08:07:47.478451040Z,22.971009,110.760129,Cloud to Cloud,22361,4112,16
2026-09-16T08:07:47.556302204Z,22.982776,110.678298,Cloud to Cloud,42473,3011,17
2026-09-16T08:07:48.417551372Z,4.588891,117.145389,Cloud to Cloud,-25582,3317,18
2026-09-16T08:07:48.938977227Z,4.680373,117.360497,Cloud to Ground,-85783,0,12
2026-09-16T08:07:48.941559000Z,4.7034,117.3385,Cloud to Ground,228277,0,12
2026-09-16T08:07:48.108932216Z,17.071802,120.541543,Cloud to Cloud,11068,6493,10
2026-09-16T08:07:50.056045724Z,12.466115,124.528603,Cloud to Cloud,5222,19735,5
2026-09-16T08:07:50.152890158Z,12.428503,124.532139,Cloud to Cloud,9340,18774,8
2026-09-16T08:07:50.261655021Z,12.523626,124.555637,Cloud to Cloud,12773,11944,10
2026-09-16T08:07:51.047502200Z,13.686947,124.015475,Cloud to Cloud,14190,4046,9
2026-09-16T08:07:51.048354000Z,13.7661,123.9369,Cloud to Ground,-30959,0,5
2026-09-16T08:07:53.325700036Z,15.446644,120.972577,Cloud to Cloud,-6127,16626,6
2026-09-16T08:07:55.197927763Z,12.207789,124.58355,Cloud to Cloud,5327,13933,8
2026-09-16T08:07:55.137389846Z,12.2842,124.638233,Cloud to Ground,-6801,0,8
2026-09-16T08:07:55.069401840Z,16.52168,120.614035,Cloud to Cloud,-9258,11450,7
2026-09-16T08:07:55.270446000Z,16.5254,120.5958,Cloud to Ground,-4422,0,5
2026-09-16T08:07:56.864838495Z,17.172201,120.551154,Cloud to Cloud,-6833,4832,10
2026-09-16T08:07:57.460058000Z,17.1083,120.4281,Cloud to Ground,28000,0,8
2026-09-16T08:07:58.117649000Z,11.9911,121.2903,Cloud to Ground,-136263,0,14
2026-09-16T08:07:59.444109481Z,15.284489,121.044547,Cloud to Cloud,-7947,17930,7
2026-09-16T08:07:59.219659675Z,14.264071,120.972066,Cloud to Cloud,11484,18095,7
2026-09-16T08:08:02.676221420Z,16.999801,121.635605,Cloud to Cloud,4625,6657,6
2026-09-16T08:08:03.671811498Z,4.220992,116.395603,Cloud to Ground,7134,0,11
2026-09-16T08:08:03.816249521Z,22.561573,111.052151,Cloud to Cloud,-8285,13801,6
2026-09-16T08:08:03.817279990Z,22.535137,111.023685,Cloud to Ground,17384,0,8
2026-09-16T08:08:04.291815860Z,13.178811,123.716425,Cloud to Ground,53080,0,12
2026-09-16T08:08:05.281096389Z,22.956293,120.491797,Cloud to Cloud,-5525,7623,8
2026-09-16T08:08:05.276356400Z,22.971714,120.49536,Cloud to Cloud,-3724,7458,6
2026-09-16T08:08:05.277325675Z,22.958792,120.499816,Cloud to Cloud,-3591,8594,7
2026-09-16T08:08:05.281988663Z,22.974385,120.486625,Cloud to Cloud,-3308,8491,6
2026-09-16T08:08:05.349838711Z,22.990756,120.547897,Cloud to Cloud,4375,12164,7
2026-09-16T08:08:05.055337000Z,11.901,125.1234,Cloud to Ground,-10543,0,5
2026-09-16T08:08:05.118736000Z,12.0273,121.2062,Cloud to Ground,-29322,0,9
2026-09-16T08:08:08.227212852Z,0.180787,110.887911,Cloud to Ground,-56378,0,23
2026-09-16T08:08:08.357124873Z,5.673984,118.431899,Cloud to Ground,-29665,0,18
2026-09-16T08:08:08.060565765Z,5.604863,118.521733,Cloud to Cloud,-16457,16693,24
2026-09-16T08:08:08.144671776Z,5.590058,118.486242,Cloud to Ground,-14511,0,18
2026-09-16T08:08:08.893652305Z,16.971272,121.594951,Cloud to Cloud,-10396,7419,7
2026-09-16T08:08:08.743001368Z,16.979256,121.627062,Cloud to Cloud,-9135,9495,9
2026-09-16T08:08:08.070979375Z,16.996167,120.522015,Cloud to Cloud,8690,7879,7
2026-09-16T08:08:09.903394612Z,11.773717,121.722262,Cloud to Cloud,18487,5376,7
2026-09-16T08:08:10.656265245Z,15.3247,121.024842,Cloud to Cloud,-8821,3061,8
2026-09-16T08:08:12.045185430Z,12.279161,124.788121,Cloud to Ground,-44956,0,8
2026-09-16T08:08:12.100626634Z,12.289882,124.811129,Cloud to Cloud,8179,13791,5
2026-09-16T08:08:12.302535719Z,22.699447,120.493562,Cloud to Cloud,-6670,6352,8
2026-09-16T08:08:12.301828472Z,22.712795,120.491717,Cloud to Ground,-2572,0,6
2026-09-16T08:08:12.138342629Z,22.690594,120.501884,Cloud to Cloud,3913,13033,6
2026-09-16T08:08:12.087498731Z,22.689542,120.509309,Cloud to Cloud,5278,8880,7
2026-09-16T08:08:12.082953193Z,22.701232,120.435323,Cloud to Cloud,5721,6967,6
2026-09-16T08:08:12.081810282Z,22.679098,120.495564,Cloud to Cloud,6182,7815,7
2026-09-16T08:08:12.087040116Z,22.696303,120.505416,Cloud to Cloud,8500,11035,7
2026-09-16T08:08:15.875463182Z,15.202871,120.975639,Cloud to Cloud,-5619,15112,5
2026-09-16T08:08:16.700793401Z,15.377777,121.041063,Cloud to Cloud,-7902,6716,9
2026-09-16T08:08:16.724163858Z,15.314483,121.118405,Cloud to Cloud,-17522,3784,12
2026-09-16T08:08:18.989612269Z,11.992582,125.502851,Cloud to Cloud,19916,8681,11
2026-09-16T08:08:18.928055368Z,16.811636,120.544781,Cloud to Ground,-80248,0,12
2026-09-16T08:08:18.461007410Z,16.836827,120.593887,Cloud to Cloud,-50857,19826,18
2026-09-16T08:08:18.964661556Z,16.809436,120.54169,Cloud to Ground,-9624,0,9
2026-09-16T08:08:18.644157854Z,18.734956,120.723078,Cloud to Cloud,-9569,8684,7
2026-09-16T08:08:18.686472618Z,18.679465,120.674917,Cloud to Cloud,-8412,4243,5
2026-09-16T08:08:18.617251000Z,18.6953,120.6284,Cloud to Ground,24453,0,5
2026-09-16T08:08:18.531808767Z,12.325473,124.545309,Cloud to Cloud,14571,9657,7
2026-09-16T08:08:18.864500821Z,11.843148,122.035537,Cloud to Cloud,-16235,12195,7
2026-09-16T08:08:18.722840000Z,11.8174,121.9705,Cloud to Ground,-12845,0,8
2026-09-16T08:08:19.840568267Z,11.659759,122.116937,Cloud to Cloud,-7974,3368,5
2026-09-16T08:08:19.776601334Z,12.296575,124.603878,Cloud to Ground,12174,0,5
2026-09-16T08:08:19.378292209Z,15.408223,121.028116,Cloud to Cloud,13601,5278,8
2026-09-16T08:08:20.926691653Z,4.832175,117.866719,Cloud to Ground,9640,0,10
2026-09-16T08:08:20.986104887Z,4.813152,117.81793,Cloud to Ground,18629,0,17
2026-09-16T08:08:21.040667367Z,4.846861,117.842147,Cloud to Cloud,20362,3611,12
2026-09-16T08:08:22.486978748Z,9.60319,131.24255,Cloud to Ground,30917,0,12
2026-09-16T08:08:23.596183841Z,11.834352,121.299655,Cloud to Ground,-45308,0,13
2026-09-16T08:08:23.587441147Z,11.763647,121.351911,Cloud to Cloud,-27758,7792,10
2026-09-16T08:08:23.618099235Z,11.720227,121.325672,Cloud to Cloud,-16331,4476,9
2026-09-16T08:08:23.678383308Z,11.814414,121.314288,Cloud to Ground,-5987,0,5
2026-09-16T08:08:24.486648177Z,12.465318,124.78802,Cloud to Ground,-17084,0,7
2026-09-16T08:08:24.529199901Z,12.400639,124.763415,Cloud to Cloud,13152,8932,8
2026-09-16T08:08:24.504258703Z,17.064266,120.542515,Cloud to Cloud,13551,4396,8
2026-09-16T08:08:24.509828454Z,16.960284,120.599749,Cloud to Cloud,14554,5872,7
2026-09-16T08:08:24.766767969Z,14.418447,120.923545,Cloud to Ground,-11324,0,9
2026-09-16T08:08:24.797417488Z,14.413796,120.935689,Cloud to Ground,-8388,0,8
2026-09-16T08:08:25.852236000Z,11.5624,122.3044,Cloud to Ground,-19881,0,6
2026-09-16T08:08:26.619993635Z,12.412975,124.922665,Cloud to Ground,-51201,0,11
2026-09-16T08:08:26.995452636Z,12.412477,124.916104,Cloud to Ground,-30155,0,7
2026-09-16T08:08:26.757047711Z,12.307503,124.973026,Cloud to Cloud,14601,3028,8
2026-09-16T08:08:27.199638826Z,14.684987,120.340931,Cloud to Cloud,9811,4918,9
2026-09-16T08:08:28.754167897Z,16.709132,120.497925,Cloud to Ground,-23831,0,12
2026-09-16T08:08:28.871333801Z,16.679363,120.47993,Cloud to Ground,-17874,0,10
2026-09-16T08:08:29.049042603Z,16.677616,120.480953,Cloud to Ground,-15864,0,10
2026-09-16T08:08:28.796766728Z,16.710025,120.490555,Cloud to Ground,-10825,0,6
2026-09-16T08:08:28.675603368Z,16.686758,120.481241,Cloud to Ground,-9809,0,10
2026-09-16T08:08:29.101299599Z,16.678726,120.481964,Cloud to Ground,-9028,0,9
2026-09-16T08:08:28.708044739Z,12.369941,124.57764,Cloud to Cloud,13658,11910,8
2026-09-16T08:08:29.388225684Z,5.892512,117.323576,Cloud to Ground,-45983,0,15
2026-09-16T08:08:29.383902506Z,5.912194,117.325193,Cloud to Ground,-23413,0,19
2026-09-16T08:08:30.191323860Z,17.082212,120.568759,Cloud to Ground,-39064,0,14
2026-09-16T08:08:30.093935479Z,17.084748,120.568457,Cloud to Ground,-34631,0,14
2026-09-16T08:08:29.962189832Z,17.084133,120.570838,Cloud to Ground,-27878,0,12
2026-09-16T08:08:30.459439720Z,17.08301,120.569991,Cloud to Ground,-22748,0,12
2026-09-16T08:08:30.000294060Z,17.082085,120.564408,Cloud to Cloud,-20719,3800,12
2026-09-16T08:08:30.733076917Z,17.080769,120.564542,Cloud to Ground,-16278,0,9
2026-09-16T08:08:30.548718326Z,17.084808,120.567882,Cloud to Ground,-14250,0,11
2026-09-16T08:08:30.026307754Z,17.084516,120.565486,Cloud to Ground,-13130,0,9
2026-09-16T08:08:30.125720782Z,17.080258,120.560565,Cloud to Cloud,-10320,3149,8
2026-09-16T08:08:30.598162472Z,17.083955,120.563867,Cloud to Cloud,-9370,13205,9
2026-09-16T08:08:30.297726014Z,17.08138,120.564479,Cloud to Ground,-8087,0,9
2026-09-16T08:08:30.304893781Z,17.061744,120.55495,Cloud to Ground,-6911,0,7
2026-09-16T08:08:32.983432208Z,11.560649,122.183506,Cloud to Cloud,12417,7809,10
2026-09-16T08:08:32.982463421Z,11.577712,122.18142,Cloud to Cloud,38822,19913,8
2026-09-16T08:08:33.690778343Z,5.91413,117.936201,Cloud to Ground,-27187,0,15
2026-09-16T08:08:35.641243145Z,10.431484,131.810557,Cloud to Cloud,-21153,5139,9
2026-09-16T08:08:35.145801755Z,10.467658,131.736941,Cloud to Ground,-12684,0,16
2026-09-16T08:08:35.624493628Z,16.54402,120.63807,Cloud to Ground,13640,0,10
2026-09-16T08:08:35.262613031Z,16.604649,120.537635,Cloud to Cloud,-5906,7357,7
2026-09-16T08:08:35.570777523Z,12.212465,124.516394,Cloud to Cloud,6905,3188,9
2026-09-16T08:08:36.591983324Z,4.740664,117.388751,Cloud to Cloud,-14863,16502,12
2026-09-16T08:08:36.614788238Z,2.552935,112.788077,Cloud to Ground,-25044,0,14
2026-09-16T08:08:36.469018085Z,10.444187,131.708424,Cloud to Ground,-14412,0,10
2026-09-16T08:08:36.457714022Z,10.352814,131.664894,Cloud to Cloud,13917,12967,20
2026-09-16T08:08:36.456578536Z,10.3674,131.747897,Cloud to Ground,30537,0,18
2026-09-16T08:08:37.866639562Z,10.661261,130.518629,Cloud to Ground,-11317,0,22
2026-09-16T08:08:37.723065338Z,10.668488,130.538407,Cloud to Ground,26109,0,20
2026-09-16T08:08:39.967634723Z,15.882112,120.951493,Cloud to Cloud,-7584,3472,8
2026-09-16T08:08:39.671193104Z,16.917496,121.57617,Cloud to Ground,-19428,0,12
2026-09-16T08:08:39.535036818Z,16.949908,121.556155,Cloud to Cloud,-6144,4125,7
2026-09-16T08:08:39.531536146Z,16.950654,121.56338,Cloud to Cloud,11211,7466,9
2026-09-16T08:08:40.301566966Z,2.62312,112.65695,Cloud to Ground,-13887,0,11
2026-09-16T08:08:41.298968533Z,15.845107,121.048792,Cloud to Cloud,6485,6766,9
2026-09-16T08:08:42.207012000Z,11.008859,131.333787,Cloud to Cloud,-49256,16950,20
2026-09-16T08:08:44.706852108Z,11.714701,125.229782,Cloud to Ground,-50713,0,9
2026-09-16T08:08:44.232544686Z,15.324701,121.05525,Cloud to Cloud,-10710,9163,8
2026-09-16T08:08:45.201271264Z,12.61492,123.396342,Cloud to Cloud,12934,3079,8
2026-09-16T08:08:45.035712000Z,11.7187,125.1191,Cloud to Ground,-10607,0,5
2026-09-16T08:08:47.880527977Z,22.96052,120.484102,Cloud to Ground,-10924,0,8
2026-09-16T08:08:47.910716049Z,22.927883,120.475591,Cloud to Cloud,5325,3002,7
2026-09-16T08:08:48.222341315Z,5.668987,118.566001,Cloud to Cloud,-10866,4772,24
2026-09-16T08:08:48.288847424Z,12.312061,124.672853,Cloud to Cloud,10873,4980,10
2026-09-16T08:08:50.650812305Z,16.379787,120.705553,Cloud to Ground,-15272,0,8
2026-09-16T08:08:50.510570826Z,16.599208,120.724558,Cloud to Ground,-15837,0,8
2026-09-16T08:08:50.507081027Z,16.593897,120.74179,Cloud to Cloud,9453,18708,13
2026-09-16T08:08:52.478301556Z,17.090376,120.564536,Cloud to Ground,-50359,0,15
2026-09-16T08:08:52.603583567Z,17.055842,120.595323,Cloud to Cloud,5033,17570,9
2026-09-16T08:08:52.418282000Z,17.0899,120.4903,Cloud to Ground,36019,0,5
2026-09-16T08:08:53.591742646Z,4.270339,116.500376,Cloud to Ground,93994,0,27
2026-09-16T08:08:53.747797904Z,11.978512,125.454528,Cloud to Ground,11909,0,10
2026-09-16T08:08:55.932267278Z,15.398238,120.995913,Cloud to Cloud,4691,18844,5
2026-09-16T08:08:56.707486316Z,12.365996,124.585172,Cloud to Ground,56815,0,7
2026-09-16T08:08:56.832454000Z,12.4048,124.4064,Cloud to Ground,5218,0,5
2026-09-16T08:08:56.346686833Z,16.48962,121.653295,Cloud to Ground,-137116,0,18
2026-09-16T08:08:56.387164399Z,16.491537,121.655292,Cloud to Ground,-49859,0,16
2026-09-16T08:08:56.443065342Z,16.505415,121.662108,Cloud to Ground,-27913,0,7
2026-09-16T08:08:56.518970000Z,16.5289,121.6365,Cloud to Ground,25428,0,8
2026-09-16T08:08:59.343379032Z,6.582327,118.614065,Cloud to Ground,-20517,0,22
2026-09-16T08:08:59.471471307Z,6.5551,118.635232,Cloud to Ground,-15790,0,20
2026-09-16T08:09:00.089687045Z,10.704513,130.538039,Cloud to Ground,-28196,0,18
2026-09-16T08:09:00.581494008Z,10.670615,130.620555,Cloud to Ground,-21512,0,24
2026-09-16T08:09:00.769240878Z,10.689403,130.496638,Cloud to Ground,-19938,0,7
2026-09-16T08:08:59.961029253Z,10.708559,130.619228,Cloud to Ground,-19930,0,16
2026-09-16T08:08:59.848450923Z,10.739325,130.582817,Cloud to Ground,-17003,0,16
2026-09-16T08:09:00.653983462Z,10.662091,130.606991,Cloud to Ground,-13171,0,10
2026-09-16T08:09:00.024048498Z,10.689462,130.624796,Cloud to Ground,-12523,0,24
2026-09-16T08:09:00.975728581Z,10.662068,130.600655,Cloud to Ground,-12113,0,8
2026-09-16T08:09:01.292424104Z,10.66973,130.598363,Cloud to Ground,-10348,0,7
2026-09-16T08:09:00.228640694Z,12.422486,124.543475,Cloud to Cloud,7015,6308,7
2026-09-16T08:09:02.097014441Z,15.414323,121.155754,Cloud to Cloud,-9655,15775,8
2026-09-16T08:09:04.499858262Z,10.264728,132.840109,Cloud to Ground,21920,0,20
2026-09-16T08:09:04.212301893Z,17.053897,120.52638,Cloud to Ground,36070,0,9
2026-09-16T08:09:04.425983209Z,15.439793,121.137128,Cloud to Cloud,-8115,3012,7
2026-09-16T08:09:05.943690380Z,15.998182,121.049035,Cloud to Ground,25088,0,12
2026-09-16T08:09:07.106161746Z,22.935549,110.980595,Cloud to Ground,-24865,0,9
2026-09-16T08:09:07.123236112Z,11.821191,125.059458,Cloud to Cloud,11651,14089,9
2026-09-16T08:09:07.122590116Z,11.648366,125.189836,Cloud to Cloud,-17964,5253,8
2026-09-16T08:09:09.434418370Z,15.808041,121.046031,Cloud to Cloud,5323,18003,6
2026-09-16T08:09:09.413226661Z,15.753414,121.039803,Cloud to Cloud,11488,3933,11
2026-09-16T08:09:11.367243322Z,10.942959,119.454516,Cloud to Cloud,24945,3127,8
2026-09-16T08:09:11.409737334Z,12.296078,124.8773,Cloud to Ground,-11771,0,11
2026-09-16T08:09:11.185283293Z,16.552236,120.479463,Cloud to Cloud,8341,3901,7
2026-09-16T08:09:11.361075487Z,16.797356,120.592793,Cloud to Cloud,-14116,3004,6
2026-09-16T08:09:11.172509733Z,16.759768,120.57482,Cloud to Cloud,17489,17846,11
2026-09-16T08:09:12.237848000Z,11.5329,122.4733,Cloud to Ground,-16864,0,5
2026-09-16T08:09:13.336564793Z,22.755581,120.475238,Cloud to Cloud,1880,3908,6
2026-09-16T08:09:13.284545927Z,22.730378,120.48466,Cloud to Cloud,4025,12680,7
2026-09-16T08:09:13.174199993Z,22.70396,120.484283,Cloud to Cloud,4186,10229,7
2026-09-16T08:09:14.680193684Z,2.56519,112.723981,Cloud to Ground,-16794,0,12
2026-09-16T08:09:14.677938131Z,2.566696,112.580138,Cloud to Ground,106586,0,16
2026-09-16T08:09:14.888289295Z,15.401204,121.040591,Cloud to Cloud,-5466,15188,7
2026-09-16T08:09:15.898115542Z,3.29989,114.525145,Cloud to Ground,10090,0,11
2026-09-16T08:09:15.217781152Z,12.706736,123.39854,Cloud to Cloud,5843,15191,7
2026-09-16T08:09:16.009864839Z,16.434938,120.659765,Cloud to Cloud,16808,3487,11
2026-09-16T08:09:17.639580220Z,5.843678,117.397182,Cloud to Ground,18408,0,20
2026-09-16T08:09:17.361421360Z,11.769025,121.361861,Cloud to Cloud,12539,14735,7
2026-09-16T08:09:19.495656590Z,4.891771,118.100851,Cloud to Ground,-54418,0,12
2026-09-16T08:09:19.571424242Z,4.92015,118.037468,Cloud to Ground,-22562,0,21
2026-09-16T08:09:19.674282115Z,4.924465,118.048167,Cloud to Ground,-21788,0,20
2026-09-16T08:09:19.678322249Z,4.974675,118.057804,Cloud to Ground,14432,0,13
2026-09-16T08:09:20.983922396Z,5.827404,118.072467,Cloud to Cloud,-18656,17113,11
2026-09-16T08:09:20.963034195Z,5.841225,118.071728,Cloud to Ground,13709,0,12
2026-09-16T08:09:20.967076000Z,5.8608,118.0531,Cloud to Ground,32925,0,6
2026-09-16T08:09:22.709653407Z,0.17587,110.903112,Cloud to Ground,-21400,0,14
2026-09-16T08:09:22.686587016Z,16.354449,121.863607,Cloud to Ground,13669,0,16
2026-09-16T08:09:23.493612749Z,12.349087,124.673081,Cloud to Ground,-16102,0,9
2026-09-16T08:09:23.510854331Z,12.399053,124.779077,Cloud to Cloud,12611,4376,8
2026-09-16T08:09:25.606937678Z,12.512288,124.773231,Cloud to Ground,23111,0,7
2026-09-16T08:09:25.996162621Z,12.332614,124.735202,Cloud to Ground,-10254,0,5
2026-09-16T08:09:26.435656949Z,17.11667,120.611259,Cloud to Cloud,13493,3812,12
2026-09-16T08:09:26.427691658Z,17.080383,120.535932,Cloud to Cloud,21304,8570,9
2026-09-16T08:09:29.609193827Z,10.630754,130.466087,Cloud to Ground,20501,0,7
2026-09-16T08:09:29.677588009Z,12.083716,121.223725,Cloud to Cloud,-19948,19174,22
2026-09-16T08:09:29.744313027Z,11.902436,121.313968,Cloud to Cloud,12681,15944,6
2026-09-16T08:09:29.676870861Z,11.950424,121.30171,Cloud to Cloud,15900,12390,9
2026-09-16T08:09:29.679035160Z,11.991313,121.270085,Cloud to Cloud,26405,19279,10
2026-09-16T08:09:29.678182306Z,11.93226,121.3082,Cloud to Ground,60964,0,9
2026-09-16T08:09:30.322726738Z,12.30098,124.58265,Cloud to Cloud,5876,6798,7
2026-09-16T08:09:30.347021496Z,12.219063,124.56258,Cloud to Cloud,10966,4013,9
2026-09-16T08:09:32.027583062Z,5.720612,118.48952,Cloud to Cloud,-38741,7328,15
2026-09-16T08:09:32.132341056Z,5.718358,118.509756,Cloud to Ground,-35926,0,14
2026-09-16T08:09:32.242112729Z,5.682333,118.444539,Cloud to Ground,-24932,0,18
2026-09-16T08:09:32.085927626Z,5.611308,118.476661,Cloud to Ground,-18058,0,20
2026-09-16T08:09:32.379683808Z,5.663307,118.488716,Cloud to Ground,33259,0,9
2026-09-16T08:09:32.324319000Z,5.614,118.4521,Cloud to Ground,37018,0,5
2026-09-16T08:09:32.508659000Z,5.6047,118.4921,Cloud to Ground,51884,0,6
2026-09-16T08:09:34.588022000Z,11.8935,125.1137,Cloud to Ground,-7744,0,6
2026-09-16T08:09:34.968512761Z,11.832703,125.147107,Cloud to Cloud,14605,17717,10
2026-09-16T08:09:36.889207809Z,10.733523,130.645183,Cloud to Ground,17502,0,10
2026-09-16T08:09:36.644474562Z,10.67906,130.681835,Cloud to Ground,18059,0,7
2026-09-16T08:09:36.388193912Z,10.753821,130.517755,Cloud to Ground,-25379,0,10
2026-09-16T08:09:36.499611734Z,10.707646,130.504119,Cloud to Ground,-17516,0,26
2026-09-16T08:09:36.440623526Z,10.688542,130.498028,Cloud to Ground,-16747,0,13
2026-09-16T08:09:37.075527684Z,10.706567,130.491151,Cloud to Ground,-16316,0,14
2026-09-16T08:09:36.759735701Z,10.691844,130.503463,Cloud to Ground,-11837,0,11
2026-09-16T08:09:36.717007264Z,10.713936,130.496495,Cloud to Ground,-11618,0,15
2026-09-16T08:09:36.372601023Z,10.68904,130.520576,Cloud to Cloud,-10942,18590,8
2026-09-16T08:09:37.159278073Z,10.701158,130.503881,Cloud to Ground,-9412,0,7
2026-09-16T08:09:36.631282978Z,10.723466,130.47688,Cloud to Cloud,9319,18122,14
2026-09-16T08:09:38.706085759Z,11.543028,122.407987,Cloud to Cloud,-4276,4229,6
2026-09-16T08:09:38.687423582Z,11.534481,122.397118,Cloud to Cloud,6358,11423,6
2026-09-16T08:09:38.855494949Z,12.427147,124.980656,Cloud to Ground,13144,0,8
2026-09-16T08:09:39.801638453Z,16.856861,120.610093,Cloud to Ground,17125,0,12
2026-09-16T08:09:39.802972661Z,16.781348,120.66138,Cloud to Cloud,22615,4717,8
2026-09-16T08:09:40.375289412Z,12.003927,125.487135,Cloud to Cloud,-13116,19079,9
2026-09-16T08:09:42.199842951Z,15.815894,121.018409,Cloud to Cloud,-7620,13721,8
2026-09-16T08:09:43.591328355Z,11.751989,121.898343,Cloud to Cloud,5906,19737,6
2026-09-16T08:09:43.245219645Z,11.675666,121.891709,Cloud to Cloud,5964,19484,5
2026-09-16T08:09:43.589824085Z,11.69877,121.969554,Cloud to Cloud,12386,3554,7
2026-09-16T08:09:44.799097775Z,17.068767,120.550726,Cloud to Cloud,6890,17129,7
2026-09-16T08:09:45.230655220Z,17.09411,120.55138,Cloud to Cloud,8665,8255,9
2026-09-16T08:09:44.794311102Z,17.069855,120.548587,Cloud to Cloud,15523,7283,6
2026-09-16T08:09:46.084592908Z,16.500131,120.609524,Cloud to Ground,-30463,0,13
2026-09-16T08:09:46.298862154Z,12.392562,124.633452,Cloud to Cloud,17651,19910,8
2026-09-16T08:09:49.465433000Z,14.4543,120.8946,Cloud to Ground,-16435,0,6
2026-09-16T08:09:49.584640456Z,14.428753,120.921385,Cloud to Ground,-14722,0,9
2026-09-16T08:09:49.737460231Z,14.428429,120.921063,Cloud to Ground,-11602,0,10
2026-09-16T08:09:51.866958000Z,11.5932,122.3559,Cloud to Ground,-14610,0,8
2026-09-16T08:09:52.751575139Z,11.565098,122.405378,Cloud to Ground,-8556,0,5
2026-09-16T08:09:53.430871800Z,2.610774,112.715677,Cloud to Ground,-11621,0,10
2026-09-16T08:09:53.388676118Z,2.632315,112.728421,Cloud to Ground,14409,0,8
2026-09-16T08:09:54.679038727Z,20.50672,117.908806,Cloud to Ground,37999,0,10
2026-09-16T08:09:55.906369058Z,16.254464,120.697899,Cloud to Ground,-15673,0,8
2026-09-16T08:09:55.033037712Z,22.956545,120.488669,Cloud to Cloud,-12089,4508,11
2026-09-16T08:09:55.032314306Z,22.963141,120.492225,Cloud to Cloud,-5357,12467,7
2026-09-16T08:09:55.037545953Z,22.971504,120.491167,Cloud to Cloud,-3746,3901,6
2026-09-16T08:09:57.229228591Z,20.607626,118.040287,Cloud to Cloud,-4881,4155,8
2026-09-16T08:09:57.409169418Z,20.578369,117.998656,Cloud to Cloud,6556,6583,7
2026-09-16T08:09:57.227206426Z,20.60833,118.032965,Cloud to Cloud,6797,14612,8
2026-09-16T08:09:57.400999990Z,20.585028,117.998887,Cloud to Ground,9058,0,7
2026-09-16T08:09:58.682533623Z,16.536344,120.840113,Cloud to Cloud,-9870,17740,9
2026-09-16T08:09:58.142347886Z,12.702965,123.412192,Cloud to Cloud,29822,6865,7
2026-09-16T08:09:59.954916194Z,15.818195,120.882002,Cloud to Cloud,12853,3021,16
2026-09-16T08:09:59.941827993Z,15.816427,120.87969,Cloud to Ground,37646,0,16
2026-09-16T08:10:00.412431000Z,11.674,122.0514,Cloud to Ground,8436,0,6
2026-09-16T08:10:02.467321713Z,15.417151,121.071893,Cloud to Cloud,4749,15899,6
2026-09-16T08:10:05.436453000Z,12.1552,124.745,Cloud to Ground,-11089,0,5
2026-09-16T08:10:06.711400112Z,17.057869,120.568453,Cloud to Ground,-78133,0,16
2026-09-16T08:10:06.935855759Z,17.071201,120.559536,Cloud to Ground,-25533,0,9
2026-09-16T08:10:07.068005537Z,17.137456,120.643996,Cloud to Cloud,-18456,7697,7
2026-09-16T08:10:07.467016590Z,17.068101,120.55719,Cloud to Cloud,-14214,4325,9
2026-09-16T08:10:06.888717219Z,17.06981,120.559254,Cloud to Ground,-13932,0,11
2026-09-16T08:10:06.699023801Z,17.139074,120.574461,Cloud to Ground,-10199,0,7
2026-09-16T08:10:06.966152171Z,17.07415,120.557999,Cloud to Ground,-10179,0,10
2026-09-16T08:10:07.298343859Z,17.129675,120.520247,Cloud to Cloud,7952,3038,6
2026-09-16T08:10:07.156924000Z,17.0959,120.5523,Cloud to Ground,41146,0,7
2026-09-16T08:10:07.407655000Z,17.0908,120.5378,Cloud to Ground,42377,0,6
2026-09-16T08:10:06.606963691Z,22.951308,110.758519,Cloud to Ground,-26326,0,8
2026-09-16T08:10:06.605011750Z,22.975223,110.733694,Cloud to Cloud,-21362,3301,9
2026-09-16T08:10:07.914285896Z,10.404024,124.44404,Cloud to Ground,-28243,0,19
2026-09-16T08:10:08.141758777Z,10.399996,124.448373,Cloud to Ground,-25366,0,10
2026-09-16T08:10:09.693289224Z,12.230047,124.605714,Cloud to Cloud,12350,9946,8
2026-09-16T08:10:09.727673025Z,12.209588,124.572238,Cloud to Cloud,16792,14524,9
2026-09-16T08:10:10.031471172Z,12.353678,124.559672,Cloud to Ground,-7843,0,7
2026-09-16T08:10:09.753355564Z,12.353805,124.4985,Cloud to Cloud,11455,9722,8
2026-09-16T08:10:10.201737077Z,16.864985,120.584825,Cloud to Cloud,-9861,14145,7
2026-09-16T08:10:11.000342167Z,10.729838,130.571025,Cloud to Ground,-37165,0,18
2026-09-16T08:10:11.430671187Z,10.689522,130.512534,Cloud to Ground,-20780,0,21
2026-09-16T08:10:11.186124234Z,10.672437,130.567666,Cloud to Ground,-19974,0,20
2026-09-16T08:10:11.696216786Z,10.687178,130.568603,Cloud to Ground,-17057,0,26
2026-09-16T08:10:11.110660346Z,10.718419,130.591884,Cloud to Ground,-13460,0,11
2026-09-16T08:10:11.955772929Z,10.703447,130.557162,Cloud to Ground,-12518,0,24
2026-09-16T08:10:11.021244386Z,10.675002,130.550256,Cloud to Cloud,11228,3297,12
2026-09-16T08:10:11.252757000Z,10.7214,130.6577,Cloud to Ground,24717,0,8
2026-09-16T08:10:12.966742225Z,7.804379,119.02439,Cloud to Ground,20519,0,10
2026-09-16T08:10:12.086880252Z,16.266405,121.845294,Cloud to Ground,36778,0,14
2026-09-16T08:10:13.637844957Z,10.546972,130.989556,Cloud to Ground,14195,0,12
2026-09-16T08:10:14.674813658Z,6.572735,118.616794,Cloud to Cloud,9641,14940,10
2026-09-16T08:10:14.674140473Z,6.508283,118.654765,Cloud to Ground,39016,0,14
2026-09-16T08:10:14.049153033Z,15.799196,121.014762,Cloud to Cloud,-13695,14692,7
2026-09-16T08:10:16.587436513Z,12.27121,124.79593,Cloud to Cloud,-82863,3008,8
2026-09-16T08:10:16.991241713Z,12.207433,124.516928,Cloud to Cloud,7034,17057,7
2026-09-16T08:10:16.948021000Z,11.5495,122.4609,Cloud to Ground,-24637,0,5
2026-09-16T08:10:17.004526000Z,11.5643,122.2166,Cloud to Ground,-29194,0,5
2026-09-16T08:10:18.128710855Z,22.699854,120.466523,Cloud to Cloud,-8358,16009,7
2026-09-16T08:10:18.265167332Z,22.706657,120.435822,Cloud to Cloud,4215,11189,8
2026-09-16T08:10:18.038967753Z,22.703464,120.504993,Cloud to Cloud,4900,19461,8
2026-09-16T08:10:18.047160032Z,22.709238,120.499347,Cloud to Cloud,9653,15505,7
2026-09-16T08:10:18.055353023Z,22.745675,120.481485,Cloud to Cloud,15029,17666,7
2026-09-16T08:10:19.117902253Z,5.898619,117.3156,Cloud to Ground,34506,0,20
2026-09-16T08:10:19.434390816Z,6.000298,117.284648,Cloud to Ground,-63411,0,19
2026-09-16T08:10:18.806965277Z,5.749048,115.961548,Cloud to Ground,16808,0,9
2026-09-16T08:10:18.837554414Z,5.749587,115.974951,Cloud to Ground,17577,0,7
2026-09-16T08:10:19.184757434Z,5.815379,115.946942,Cloud to Ground,29855,0,7
2026-09-16T08:10:19.026965720Z,5.736268,115.964345,Cloud to Ground,31543,0,20
2026-09-16T08:10:19.104687645Z,5.812877,115.945314,Cloud to Ground,32467,0,10
2026-09-16T08:10:19.303861604Z,13.379759,120.370718,Cloud to Cloud,13865,14737,10
2026-09-16T08:10:20.273588789Z,11.845344,125.159243,Cloud to Ground,-47589,0,11
2026-09-16T08:10:20.886990026Z,17.065124,120.561213,Cloud to Cloud,-6772,16017,8
2026-09-16T08:10:21.270041453Z,17.105918,120.555018,Cloud to Cloud,6719,11864,6
2026-09-16T08:10:24.364149102Z,15.985873,121.728834,Cloud to Cloud,-14299,14065,10
2026-09-16T08:10:24.366260608Z,15.989922,121.71549,Cloud to Cloud,11604,14948,9
2026-09-16T08:10:25.320512000Z,11.8319,121.2557,Cloud to Ground,-25926,0,10
2026-09-16T08:10:28.894695787Z,11.075832,132.439313,Cloud to Cloud,-7736,3195,19
2026-09-16T08:10:32.495819230Z,10.371951,131.717957,Cloud to Cloud,10750,18097,16
2026-09-16T08:10:32.736656160Z,10.437678,131.862802,Cloud to Ground,15896,0,14
2026-09-16T08:10:32.494716723Z,10.458364,131.824953,Cloud to Cloud,17937,4658,8
2026-09-16T08:10:32.621994115Z,15.937186,121.763866,Cloud to Ground,12824,0,8
2026-09-16T08:10:32.599732334Z,16.140486,121.747671,Cloud to Ground,32029,0,14
2026-09-16T08:10:33.574483539Z,14.587516,120.378305,Cloud to Cloud,14514,5682,9
2026-09-16T08:10:33.715785000Z,12.4127,124.4064,Cloud to Ground,4903,0,5
2026-09-16T08:10:34.151158605Z,12.371854,124.588021,Cloud to Cloud,13186,8373,8
2026-09-16T08:10:34.107242353Z,12.382639,124.583394,Cloud to Cloud,13808,17008,7
2026-09-16T08:10:35.711399276Z,16.8989,120.58822,Cloud to Cloud,13371,14186,6
2026-09-16T08:10:35.617054113Z,10.185439,124.460078,Cloud to Ground,16218,0,9
2026-09-16T08:10:36.857312397Z,10.739984,130.65229,Cloud to Ground,-22234,0,9
2026-09-16T08:10:36.705682694Z,10.733086,130.587326,Cloud to Ground,-16299,0,16
2026-09-16T08:10:37.361194307Z,10.76665,130.685779,Cloud to Ground,-13714,0,9
2026-09-16T08:10:37.069115796Z,10.790871,130.754382,Cloud to Ground,15128,0,10
2026-09-16T08:10:36.114942000Z,11.7788,121.6947,Cloud to Ground,-29488,0,10
2026-09-16T08:10:37.828924641Z,11.695562,125.232458,Cloud to Ground,-10910,0,8
2026-09-16T08:10:37.314265254Z,11.693311,125.229253,Cloud to Ground,-10798,0,7
2026-09-16T08:10:37.986993225Z,14.395811,120.989731,Cloud to Cloud,9870,15837,6
2026-09-16T08:10:40.810756852Z,15.944402,119.943826,Cloud to Cloud,11687,5717,8
2026-09-16T08:10:40.392990621Z,16.813267,120.56975,Cloud to Ground,34399,0,10
2026-09-16T08:10:40.668292925Z,17.160238,120.642704,Cloud to Cloud,-12994,18662,7
2026-09-16T08:10:40.702038968Z,17.100141,120.519953,Cloud to Cloud,6519,14902,8
2026-09-16T08:10:40.362314848Z,15.456304,121.020042,Cloud to Cloud,10444,6697,7
2026-09-16T08:10:41.474229163Z,4.666039,117.424831,Cloud to Ground,-51094,0,12
2026-09-16T08:10:41.849425496Z,4.658335,117.418848,Cloud to Ground,18957,0,11
2026-09-16T08:10:41.607668120Z,4.641348,117.388892,Cloud to Ground,21890,0,18
2026-09-16T08:10:41.550588049Z,4.671834,117.457084,Cloud to Ground,25423,0,14
2026-09-16T08:10:41.778158478Z,4.63709,117.395807,Cloud to Ground,28859,0,11
2026-09-16T08:10:41.671642986Z,4.660796,117.424089,Cloud to Ground,84921,0,33
2026-09-16T08:10:41.816226199Z,22.976915,120.492636,Cloud to Ground,-10896,0,9
2026-09-16T08:10:41.811419298Z,22.945567,120.507914,Cloud to Cloud,-5479,9449,7
2026-09-16T08:10:41.817241487Z,22.939566,120.486796,Cloud to Cloud,-4111,3025,6
2026-09-16T08:10:41.819991680Z,22.962496,120.497152,Cloud to Cloud,-4049,4060,8
2026-09-16T08:10:41.815160066Z,22.948687,120.476115,Cloud to Cloud,-3091,3000,8
2026-09-16T08:10:41.903917890Z,22.95422,120.511197,Cloud to Cloud,6256,15562,7
2026-09-16T08:10:45.430034419Z,11.87918,125.391874,Cloud to Ground,-34509,0,7
2026-09-16T08:10:45.137836334Z,11.857663,125.35605,Cloud to Cloud,11499,5487,7
2026-09-16T08:10:46.174265081Z,22.996396,120.486837,Cloud to Cloud,-4483,11605,7
2026-09-16T08:10:47.009976766Z,12.802962,124.13156,Cloud to Cloud,-13095,16056,7
2026-09-16T08:10:47.016447356Z,12.728163,124.111339,Cloud to Cloud,6615,6096,7
2026-09-16T08:10:47.168270811Z,12.216138,124.531527,Cloud to Cloud,16016,11772,7
2026-09-16T08:10:47.079360599Z,12.220042,124.523834,Cloud to Cloud,25269,19557,7
2026-09-16T08:10:48.955815630Z,4.934219,117.821194,Cloud to Cloud,-13505,3496,14
2026-09-16T08:10:48.848584322Z,4.81138,117.864023,Cloud to Ground,-31978,0,13
2026-09-16T08:10:48.884400771Z,4.794161,117.843033,Cloud to Ground,24018,0,14
2026-09-16T08:10:48.853528410Z,4.789702,117.838245,Cloud to Ground,294236,0,17
2026-09-16T08:10:49.197827810Z,5.596644,118.535196,Cloud to Ground,13252,0,10
2026-09-16T08:10:48.980285650Z,5.610675,118.527221,Cloud to Ground,13636,0,9
2026-09-16T08:10:49.050060738Z,5.598342,118.531942,Cloud to Ground,16278,0,14
2026-09-16T08:10:49.489145000Z,11.6091,122.346,Cloud to Ground,-27440,0,6
2026-09-16T08:10:49.565118468Z,11.648132,122.32009,Cloud to Ground,-21956,0,17
2026-09-16T08:10:49.597681000Z,11.5077,122.418,Cloud to Ground,-19068,0,6
2026-09-16T08:10:50.153088450Z,11.578188,122.376475,Cloud to Ground,-6242,0,5
2026-09-16T08:10:49.702157907Z,11.565972,122.377208,Cloud to Ground,125598,0,9
2026-09-16T08:10:49.831006000Z,11.6001,122.2106,Cloud to Ground,-17447,0,5
2026-09-16T08:10:49.891121000Z,11.5798,122.2568,Cloud to Ground,-12564,0,5
2026-09-16T08:10:50.545730868Z,16.599378,120.736456,Cloud to Cloud,3495,14097,7
2026-09-16T08:10:50.534187038Z,16.526683,120.775058,Cloud to Cloud,16634,3015,11
2026-09-16T08:10:52.556267557Z,11.367736,124.938318,Cloud to Ground,-28659,0,17
2026-09-16T08:10:54.088575451Z,11.985756,125.525217,Cloud to Cloud,13270,3089,8
2026-09-16T08:10:54.936444000Z,11.9696,125.4006,Cloud to Ground,-30376,0,8
2026-09-16T08:10:54.332729770Z,12.637513,123.412189,Cloud to Cloud,15137,10603,9
2026-09-16T08:10:55.733850472Z,13.788318,122.789524,Cloud to Cloud,13186,7181,8
2026-09-16T08:10:57.024536000Z,11.8037,125.0104,Cloud to Ground,8160,0,7
2026-09-16T08:10:58.825285233Z,9.592854,131.25,Cloud to Ground,47794,0,21
2026-09-16T08:10:58.773800786Z,11.890556,121.367473,Cloud to Ground,91196,0,12
2026-09-16T08:10:58.775385000Z,12.0384,121.3485,Cloud to Ground,-33056,0,6
2026-09-16T08:10:58.785701027Z,11.969748,121.321338,Cloud to Cloud,6144,15640,5
2026-09-16T08:11:00.228682735Z,14.442767,120.89796,Cloud to Cloud,4246,18617,6
2026-09-16T08:11:02.215945129Z,2.542475,112.784205,Cloud to Ground,12641,0,10
2026-09-16T08:11:02.542839767Z,12.344772,124.497055,Cloud to Cloud,-17346,19182,8
2026-09-16T08:11:04.691020682Z,14.451268,120.966409,Cloud to Cloud,-6054,4464,7
2026-09-16T08:11:04.849452675Z,22.560005,111.019221,Cloud to Cloud,-15790,3449,12
2026-09-16T08:11:04.851461049Z,22.542655,111.015301,Cloud to Cloud,-13425,3107,7
2026-09-16T08:11:07.834378014Z,17.106993,120.552141,Cloud to Cloud,7056,19573,8
2026-09-16T08:11:08.368379934Z,6.971377,116.685055,Cloud to Ground,-123286,0,14
2026-09-16T08:11:08.365033909Z,6.966502,116.69773,Cloud to Ground,-56786,0,16
2026-09-16T08:11:08.614010608Z,6.965801,116.685354,Cloud to Cloud,-25106,5986,8
2026-09-16T08:11:08.616942000Z,7.0019,116.6982,Cloud to Ground,11240,0,5
2026-09-16T08:11:08.401047132Z,7.030713,116.661405,Cloud to Cloud,29916,4861,9
2026-09-16T08:11:12.579988380Z,12.293429,124.582142,Cloud to Cloud,10706,19159,7
2026-09-16T08:11:13.571673106Z,16.678458,120.503606,Cloud to Ground,-72914,0,13
2026-09-16T08:11:13.361995662Z,16.716604,120.512452,Cloud to Ground,-37639,0,14
2026-09-16T08:11:13.282815303Z,16.707596,120.504489,Cloud to Ground,-27596,0,12
2026-09-16T08:11:13.702870511Z,16.674406,120.488482,Cloud to Ground,-18099,0,7
2026-09-16T08:11:13.928271586Z,16.670084,120.478854,Cloud to Ground,-17465,0,9
2026-09-16T08:11:13.645505714Z,16.674803,120.490239,Cloud to Ground,-12301,0,9
2026-09-16T08:11:14.274313272Z,11.671871,122.108418,Cloud to Cloud,11838,14493,8
2026-09-16T08:11:14.328145486Z,11.673297,122.111248,Cloud to Ground,19126,0,9
2026-09-16T08:11:15.770912556Z,12.053818,124.811648,Cloud to Cloud,22328,19009,8
2026-09-16T08:11:16.328766547Z,3.280648,114.508138,Cloud to Ground,-67548,0,25
2026-09-16T08:11:16.467981806Z,3.30535,114.511869,Cloud to Ground,55925,0,16
2026-09-16T08:11:16.336259639Z,3.28943,114.515532,Cloud to Ground,117744,0,28
2026-09-16T08:11:16.671027509Z,12.392328,124.965301,Cloud to Cloud,-16947,9480,8
2026-09-16T08:11:16.595074260Z,12.428677,124.955651,Cloud to Cloud,-15668,15708,9
2026-09-16T08:11:16.245268000Z,12.1487,124.7903,Cloud to Ground,-20957,0,6
2026-09-16T08:11:16.172910000Z,12.1582,124.684,Cloud to Ground,-25199,0,7
2026-09-16T08:11:17.330527955Z,16.914945,121.538795,Cloud to Ground,-23147,0,7
2026-09-16T08:11:18.907038409Z,15.484799,121.033023,Cloud to Cloud,-7647,12914,8
2026-09-16T08:11:18.640512878Z,11.549717,125.397656,Cloud to Ground,35712,0,17
2026-09-16T08:11:19.244231850Z,11.638467,125.426248,Cloud to Ground,-47401,0,11
2026-09-16T08:11:19.339698616Z,11.638156,125.42595,Cloud to Ground,-13782,0,5
2026-09-16T08:11:19.282689928Z,11.614198,125.277441,Cloud to Ground,-32686,0,11
2026-09-16T08:11:20.378704880Z,5.805893,117.331938,Cloud to Cloud,41100,3549,15
2026-09-16T08:11:20.928094869Z,5.181065,118.241844,Cloud to Ground,-33761,0,19
2026-09-16T08:11:20.926895867Z,5.191325,118.251154,Cloud to Cloud,-18993,10050,13
2026-09-16T08:11:20.931726039Z,5.198383,118.248989,Cloud to Ground,-17455,0,12
2026-09-16T08:11:20.938418087Z,5.188287,118.247402,Cloud to Cloud,-9748,18525,12
2026-09-16T08:11:20.256079426Z,15.32685,121.068699,Cloud to Cloud,-9728,17940,7
2026-09-16T08:11:22.275306003Z,10.472435,130.640427,Cloud to Ground,31276,0,12
2026-09-16T08:11:22.874663639Z,16.464191,120.507946,Cloud to Cloud,9716,5362,7
2026-09-16T08:11:23.928078604Z,22.975004,120.491622,Cloud to Cloud,-6593,19595,7
2026-09-16T08:11:23.613891583Z,22.960144,120.487699,Cloud to Ground,-4829,0,7
2026-09-16T08:11:23.916698320Z,22.978823,120.480792,Cloud to Cloud,-2465,3023,5
2026-09-16T08:11:24.921020758Z,2.538575,112.781728,Cloud to Ground,-36465,0,16
2026-09-16T08:11:24.900197222Z,2.538593,112.830409,Cloud to Ground,112902,0,33
2026-09-16T08:11:25.584444901Z,11.693914,125.225962,Cloud to Cloud,22545,13680,8
2026-09-16T08:11:26.336803988Z,10.765158,130.750842,Cloud to Ground,15592,0,11
2026-09-16T08:11:26.262540203Z,10.54569,130.88927,Cloud to Ground,18676,0,10
2026-09-16T08:11:26.265543745Z,10.564175,130.973356,Cloud to Ground,47807,0,16
2026-09-16T08:11:27.273391000Z,11.3648,122.8914,Cloud to Ground,72986,0,9
2026-09-16T08:11:27.126494000Z,11.5504,123.1406,Cloud to Ground,85406,0,18
2026-09-16T08:11:28.057714432Z,10.200137,124.423072,Cloud to Cloud,15845,12621,7
2026-09-16T08:11:30.065535422Z,11.701906,125.240864,Cloud to Ground,-24390,0,10
2026-09-16T08:11:30.145948000Z,11.7118,125.1299,Cloud to Ground,-12857,0,6
2026-09-16T08:11:33.235978127Z,12.220004,124.531555,Cloud to Cloud,3832,5860,7
2026-09-16T08:11:32.739167792Z,12.291982,124.581475,Cloud to Ground,15432,0,10
2026-09-16T08:11:35.054293865Z,11.89824,125.489068,Cloud to Ground,30949,0,10
2026-09-16T08:11:37.111488291Z,11.010665,119.365676,Cloud to Cloud,16274,10137,10
2026-09-16T08:11:40.988679931Z,14.439229,120.930056,Cloud to Cloud,-4923,4561,7
2026-09-16T08:11:41.147618793Z,14.299534,120.921978,Cloud to Ground,-13466,0,7
2026-09-16T08:11:42.603671042Z,16.186249,121.918875,Cloud to Cloud,25973,3005,12
2026-09-16T08:11:42.661659464Z,16.257191,121.830657,Cloud to Ground,-4396,0,7
2026-09-16T08:11:42.172093302Z,15.787194,121.021585,Cloud to Cloud,-9847,3045,8
2026-09-16T08:11:42.204335821Z,12.395078,124.768674,Cloud to Cloud,21444,3880,9
2026-09-16T08:11:42.468886563Z,12.307941,124.882046,Cloud to Cloud,15362,4721,8
2026-09-16T08:11:42.981115415Z,12.422976,124.587181,Cloud to Cloud,-12085,18448,10
2026-09-16T08:11:43.187184053Z,12.229898,124.576666,Cloud to Cloud,14045,3021,7
2026-09-16T08:11:43.737757041Z,16.611887,120.479456,Cloud to Cloud,9360,4756,8
2026-09-16T08:11:43.767822729Z,17.059253,120.522858,Cloud to Cloud,6758,6822,7
2026-09-16T08:11:44.311243279Z,13.768652,123.936266,Cloud to Cloud,-48547,19171,12
2026-09-16T08:11:44.309510235Z,13.695773,123.989608,Cloud to Cloud,13041,5359,11
2026-09-16T08:11:44.310353671Z,13.681855,123.979424,Cloud to Ground,24049,0,11
2026-09-16T08:11:45.023334701Z,13.081692,123.721314,Cloud to Cloud,-72776,16358,9
2026-09-16T08:11:45.024656385Z,13.159145,123.698762,Cloud to Ground,-14800,0,7
2026-09-16T08:11:45.900982548Z,17.13841,120.577623,Cloud to Cloud,4661,12211,7
2026-09-16T08:11:45.557928652Z,17.167289,120.599266,Cloud to Cloud,7251,8427,6
2026-09-16T08:11:45.885295215Z,17.147957,120.587865,Cloud to Cloud,9223,3180,8
2026-09-16T08:11:46.201275891Z,17.542251,120.580591,Cloud to Cloud,6005,6740,9
2026-09-16T08:11:46.173943198Z,17.503345,120.580032,Cloud to Ground,83087,0,13
2026-09-16T08:11:55.165408000Z,5.8352,117.9618,Cloud to Ground,-16183,0,6
2026-09-16T08:11:54.906923112Z,5.84684,118.008921,Cloud to Ground,19362,0,17
2026-09-16T08:11:54.957232140Z,0.167569,110.873962,Cloud to Ground,8792,0,8
2026-09-16T08:11:54.870809465Z,12.435031,124.570928,Cloud to Ground,33550,0,7
2026-09-16T08:11:54.652518947Z,12.222209,124.544674,Cloud to Ground,28383,0,8
2026-09-16T08:11:54.451299021Z,13.074368,120.950532,Cloud to Ground,27411,0,10
2026-09-16T08:11:55.679973292Z,14.704636,120.42316,Cloud to Ground,-16959,0,10
2026-09-16T08:11:55.738548000Z,14.7384,120.3006,Cloud to Ground,4472,0,5
2026-09-16T08:11:56.205821704Z,11.941064,121.273166,Cloud to Cloud,14079,7727,7
2026-09-16T08:11:57.625337319Z,16.961836,121.657709,Cloud to Cloud,-11785,3522,13
2026-09-16T08:12:04.280320337Z,12.397512,124.57905,Cloud to Ground,-13299,0,11
2026-09-16T08:12:04.458774191Z,12.417726,124.600609,Cloud to Ground,-9125,0,7
2026-09-16T08:12:04.551264748Z,12.395566,124.586854,Cloud to Cloud,-8561,19980,7
2026-09-16T08:12:04.025652000Z,12.4337,124.5852,Cloud to Ground,6708,0,5
2026-09-16T08:12:05.931627196Z,17.913913,121.138683,Cloud to Cloud,-34692,3623,18
2026-09-16T08:12:05.936243509Z,17.917865,121.132644,Cloud to Cloud,8692,4109,6
2026-09-16T08:12:05.941552548Z,17.918207,121.147337,Cloud to Cloud,9592,3506,6
2026-09-16T08:12:05.503353823Z,16.520421,120.616315,Cloud to Cloud,7239,4766,11
2026-09-16T08:12:08.031352000Z,12.0022,125.4618,Cloud to Ground,-11695,0,5
2026-09-16T08:12:08.322399029Z,11.926692,125.463771,Cloud to Cloud,13543,13470,10
2026-09-16T08:12:07.954077271Z,11.924839,125.385904,Cloud to Ground,22133,0,7
2026-09-16T08:12:07.371659000Z,10.3157,124.4321,Cloud to Ground,16430,0,6
2026-09-16T08:12:09.823071003Z,4.86457,118.08856,Cloud to Ground,-32918,0,27
2026-09-16T08:12:09.873760134Z,4.859679,118.110642,Cloud to Ground,21594,0,20
2026-09-16T08:12:09.800353329Z,4.972726,118.047985,Cloud to Cloud,-56845,5047,22
2026-09-16T08:12:09.369121211Z,12.427346,124.921132,Cloud to Ground,-50093,0,11
2026-09-16T08:12:09.414881630Z,11.927069,125.088249,Cloud to Cloud,-21780,4699,7
2026-09-16T08:12:09.478473888Z,12.474795,124.842769,Cloud to Ground,-21549,0,8
2026-09-16T08:12:09.675465309Z,12.247274,124.764389,Cloud to Cloud,-17863,16612,7
2026-09-16T08:12:09.083471710Z,12.318022,124.745033,Cloud to Cloud,16090,18189,9
2026-09-16T08:12:09.551240146Z,12.291891,124.795028,Cloud to Cloud,16751,8639,7
2026-09-16T08:12:09.098563946Z,12.296513,124.76493,Cloud to Cloud,17674,8457,7
2026-09-16T08:12:09.087786217Z,12.313332,124.748082,Cloud to Cloud,22765,7604,7
2026-09-16T08:12:09.532697753Z,11.830024,125.137072,Cloud to Cloud,21144,16557,8
2026-09-16T08:12:11.437263987Z,22.849364,111.072996,Cloud to Cloud,-19369,6626,7
2026-09-16T08:12:12.816401310Z,12.292574,124.57711,Cloud to Cloud,13157,10324,7
2026-09-16T08:12:13.507763000Z,14.4587,120.9525,Cloud to Ground,-17680,0,5
2026-09-16T08:12:14.945535830Z,17.137341,120.672599,Cloud to Cloud,10980,3093,10
2026-09-16T08:12:14.881448454Z,17.076494,120.510421,Cloud to Ground,13213,0,10
2026-09-16T08:12:14.583816549Z,14.024169,120.927789,Cloud to Cloud,15778,15992,7
2026-09-16T08:12:14.582156130Z,14.000061,120.854541,Cloud to Cloud,23535,4620,11
2026-09-16T08:12:16.933831234Z,12.298128,124.564396,Cloud to Cloud,-5522,6823,9
2026-09-16T08:12:22.694335692Z,11.363585,122.449968,Cloud to Cloud,13326,5341,9
2026-09-16T08:12:23.451027148Z,10.213409,124.393904,Cloud to Cloud,11926,17654,7
2026-09-16T08:12:23.642986000Z,16.8954,120.557,Cloud to Ground,-43011,0,6
2026-09-16T08:12:24.676196205Z,10.702337,130.627388,Cloud to Ground,-53969,0,16
2026-09-16T08:12:24.702604334Z,10.683692,130.61616,Cloud to Ground,-15029,0,17
2026-09-16T08:12:25.484591921Z,10.688266,130.666574,Cloud to Ground,-37193,0,29
2026-09-16T08:12:31.424224076Z,10.4277,131.674546,Cloud to Ground,-16071,0,14
2026-09-16T08:12:31.476906964Z,10.416075,131.639848,Cloud to Cloud,-10537,18942,8
2026-09-16T08:12:31.468988000Z,10.4453,131.7254,Cloud to Ground,29032,0,5
2026-09-16T08:12:32.282359468Z,9.585971,131.259772,Cloud to Ground,-16321,0,11
2026-09-16T08:12:32.280348600Z,9.588122,131.259827,Cloud to Ground,43088,0,10
2026-09-16T08:12:32.565038152Z,11.606049,122.362359,Cloud to Cloud,7059,13356,5
2026-09-16T08:12:33.814117000Z,16.6699,120.6292,Cloud to Ground,-46055,0,7
2026-09-16T08:12:33.548223762Z,16.579354,120.730834,Cloud to Ground,-23238,0,14
2026-09-16T08:12:33.543877270Z,16.58629,120.643967,Cloud to Cloud,-11550,18112,12
2026-09-16T08:12:33.545829302Z,16.60186,120.699553,Cloud to Cloud,5459,8774,7
2026-09-16T08:12:34.256339997Z,6.976752,116.683603,Cloud to Ground,-33517,0,11
2026-09-16T08:12:34.221035630Z,6.95751,116.696357,Cloud to Ground,288842,0,24
2026-09-16T08:12:35.964676277Z,17.078526,120.516805,Cloud to Cloud,11672,3026,9
2026-09-16T08:12:36.636511803Z,12.367866,124.97692,Cloud to Ground,-15899,0,9
2026-09-16T08:12:36.212569588Z,16.737263,120.579563,Cloud to Cloud,13062,3002,6
2026-09-16T08:12:37.161260924Z,16.496703,120.5693,Cloud to Cloud,-5019,13106,7
2026-09-16T08:12:39.658211170Z,11.737915,121.410708,Cloud to Ground,26317,0,9
2026-09-16T08:12:39.175242859Z,11.967969,125.419687,Cloud to Ground,42560,0,7
2026-09-16T08:12:39.552700236Z,11.849954,125.494448,Cloud to Cloud,19485,16411,9
2026-09-16T08:12:39.640998243Z,11.794652,125.517433,Cloud to Cloud,21010,3370,8
2026-09-16T08:12:42.814950544Z,22.716754,120.532397,Cloud to Ground,-72054,0,11
2026-09-16T08:12:42.773659249Z,12.342601,124.569519,Cloud to Cloud,18012,18981,7
2026-09-16T08:12:43.509232987Z,4.928367,118.217126,Cloud to Ground,11745,0,12
2026-09-16T08:12:44.972287821Z,13.156443,123.736197,Cloud to Cloud,-30997,3081,14
2026-09-16T08:12:44.997049481Z,13.207919,123.685876,Cloud to Ground,-25076,0,8
2026-09-16T08:12:45.155221592Z,13.209614,123.686088,Cloud to Ground,-17300,0,10
2026-09-16T08:12:45.114431878Z,13.118073,123.732178,Cloud to Cloud,26051,5962,7
2026-09-16T08:12:44.146989187Z,10.012285,129.628894,Cloud to Ground,29833,0,16
2026-09-16T08:12:48.205433095Z,12.686726,123.377893,Cloud to Cloud,17184,4661,8
2026-09-16T08:12:48.634738466Z,22.983327,120.464404,Cloud to Ground,-34138,0,9
2026-09-16T08:12:48.630182697Z,22.937089,120.483442,Cloud to Ground,-17377,0,7
2026-09-16T08:12:48.633664269Z,22.942531,120.476999,Cloud to Ground,-16940,0,8
2026-09-16T08:12:48.622242063Z,22.993089,120.461972,Cloud to Cloud,2303,3001,6
2026-09-16T08:12:49.871419001Z,16.419367,120.471946,Cloud to Cloud,-14359,13185,7
2026-09-16T08:12:49.765895586Z,16.71191,120.524824,Cloud to Cloud,-6630,12561,6
2026-09-16T08:12:50.913385000Z,8.4411,126.0745,Cloud to Ground,-28685,0,8
2026-09-16T08:12:51.102871114Z,8.384871,126.095086,Cloud to Ground,-15646,0,7
2026-09-16T08:12:54.167946554Z,11.754175,121.344337,Cloud to Cloud,12664,4581,7
2026-09-16T08:12:55.490919351Z,11.677849,125.257522,Cloud to Cloud,-29185,19059,10
2026-09-16T08:12:55.565019474Z,11.692534,125.25814,Cloud to Cloud,25007,14514,8
2026-09-16T08:12:55.175839081Z,12.262811,124.800068,Cloud to Cloud,11984,5973,8
2026-09-16T08:12:56.822722000Z,12.5126,124.7429,Cloud to Ground,21831,0,8
2026-09-16T08:12:57.976604587Z,11.755548,121.991162,Cloud to Cloud,4126,19110,6
2026-09-16T08:12:59.369766683Z,12.040926,124.850449,Cloud to Cloud,18383,15709,7
2026-09-16T08:13:01.067058802Z,2.568527,112.731611,Cloud to Ground,16080,0,9
2026-09-16T08:13:01.037094605Z,2.53431,112.730765,Cloud to Ground,31329,0,19
2026-09-16T08:13:01.008308371Z,2.533749,112.735052,Cloud to Ground,42710,0,12
2026-09-16T08:13:00.958784213Z,2.575542,112.740205,Cloud to Ground,80254,0,31
2026-09-16T08:13:00.389882000Z,11.7201,125.1562,Cloud to Ground,-14897,0,10
2026-09-16T08:13:04.153742051Z,10.371358,134.769151,Cloud to Ground,-16528,0,25
2026-09-16T08:13:04.153167484Z,10.369803,134.926834,Cloud to Ground,19060,0,15
2026-09-16T08:13:05.503890000Z,10.2622,124.378,Cloud to Ground,10485,0,7
2026-09-16T08:13:06.273293789Z,12.370018,124.59834,Cloud to Ground,55665,0,12
2026-09-16T08:13:08.693500329Z,16.936571,120.619212,Cloud to Cloud,27019,19126,8
2026-09-16T08:13:08.436272935Z,17.000102,120.487704,Cloud to Cloud,6169,19897,7
2026-09-16T08:13:08.164433534Z,12.28523,124.58651,Cloud to Cloud,6015,17786,8
2026-09-16T08:13:09.596523000Z,5.755,117.4718,Cloud to Ground,48338,0,5
2026-09-16T08:13:09.598674575Z,5.875044,117.406248,Cloud to Ground,-17564,0,12
2026-09-16T08:13:09.724306000Z,5.8397,117.3827,Cloud to Ground,48971,0,9
2026-09-16T08:13:12.569687210Z,15.803141,120.88218,Cloud to Cloud,8770,12387,9
2026-09-16T08:13:14.210335796Z,11.956156,125.45848,Cloud to Cloud,-17025,12441,8
2026-09-16T08:13:14.021884902Z,11.938771,125.486433,Cloud to Ground,18272,0,7
2026-09-16T08:13:14.069600347Z,11.86087,125.495144,Cloud to Ground,26028,0,8
2026-09-16T08:13:14.263625995Z,11.861772,125.494289,Cloud to Cloud,28032,4410,8
2026-09-16T08:13:13.678710586Z,11.990423,125.491243,Cloud to Ground,29673,0,9
2026-09-16T08:13:13.533173914Z,22.695044,120.478533,Cloud to Cloud,-2976,17045,6
2026-09-16T08:13:13.990666686Z,22.950084,120.477475,Cloud to Ground,-4620,0,7
2026-09-16T08:13:13.986710504Z,22.945545,120.478058,Cloud to Cloud,-3212,10008,6
2026-09-16T08:13:13.983437806Z,22.956821,120.474976,Cloud to Cloud,-2963,9779,5
2026-09-16T08:13:14.005899939Z,22.979987,120.4992,Cloud to Cloud,2149,8024,6
2026-09-16T08:13:15.333946444Z,11.726807,122.124586,Cloud to Cloud,17083,15155,12
2026-09-16T08:13:15.334480921Z,11.729219,122.133103,Cloud to Cloud,26263,3316,12
2026-09-16T08:13:15.335401545Z,11.717706,122.13983,Cloud to Ground,36664,0,9
2026-09-16T08:13:16.564069761Z,12.878011,124.035342,Cloud to Cloud,14895,8614,7
2026-09-16T08:13:16.427246697Z,11.622232,121.877322,Cloud to Cloud,3435,18814,5
2026-09-16T08:13:16.551489664Z,14.676763,120.347278,Cloud to Ground,-7318,0,7
2026-09-16T08:13:16.535508190Z,14.690421,120.371682,Cloud to Cloud,-6532,9889,7
2026-09-16T08:13:17.073232534Z,22.941794,120.580047,Cloud to Ground,-25161,0,13
2026-09-16T08:13:17.118078547Z,22.93943,120.561134,Cloud to Ground,16158,0,8
2026-09-16T08:13:18.447697494Z,13.370022,120.340285,Cloud to Cloud,23198,19992,8
2026-09-16T08:13:19.981613357Z,11.580448,122.378964,Cloud to Ground,-12683,0,6
2026-09-16T08:13:19.161904081Z,16.182756,120.714331,Cloud to Cloud,11902,7967,10
2026-09-16T08:13:20.022158609Z,11.740445,121.702399,Cloud to Ground,-67670,0,10
2026-09-16T08:13:20.010863989Z,11.705598,121.770405,Cloud to Cloud,-25955,18185,11
2026-09-16T08:13:20.093370000Z,11.7236,121.5508,Cloud to Ground,-18997,0,6
2026-09-16T08:13:20.323535324Z,11.82766,125.136824,Cloud to Ground,45813,0,10
2026-09-16T08:13:21.458409384Z,17.071409,120.542904,Cloud to Ground,-18204,0,7
2026-09-16T08:13:20.988841254Z,17.079962,120.548887,Cloud to Ground,-11318,0,9
2026-09-16T08:13:23.998211442Z,10.370115,131.682859,Cloud to Ground,10895,0,8
2026-09-16T08:13:23.951133942Z,10.41575,131.841085,Cloud to Ground,20995,0,13
2026-09-16T08:13:23.948156953Z,10.312837,131.861799,Cloud to Cloud,17135,4960,10
2026-09-16T08:13:23.132017643Z,14.79382,120.444983,Cloud to Ground,-15835,0,18
2026-09-16T08:13:25.357589733Z,15.423808,120.948385,Cloud to Cloud,5161,14556,9
2026-09-16T08:13:27.221729475Z,5.680786,118.51414,Cloud to Cloud,-8630,16970,10
2026-09-16T08:13:27.221513605Z,22.585584,110.964518,Cloud to Cloud,-12028,3107,9
2026-09-16T08:13:27.197626896Z,22.555158,110.998981,Cloud to Ground,100699,0,18
2026-09-16T08:13:27.200013456Z,22.376521,111.146828,Cloud to Ground,33923,0,7
2026-09-16T08:13:27.215815973Z,22.558768,111.102936,Cloud to Cloud,-7576,6042,6
2026-09-16T08:13:29.162191673Z,11.467239,122.428998,Cloud to Cloud,15273,9674,8
2026-09-16T08:13:30.283614745Z,15.24694,121.03102,Cloud to Cloud,-8526,8650,9
2026-09-16T08:13:34.325620675Z,11.062679,132.593379,Cloud to Ground,27866,0,22
2026-09-16T08:13:34.772473798Z,12.379742,124.564765,Cloud to Cloud,14289,10989,5
2026-09-16T08:13:35.208520282Z,12.360625,124.552547,Cloud to Cloud,14448,8801,7
2026-09-16T08:13:34.815831726Z,12.360328,124.568912,Cloud to Cloud,15119,4293,8
2026-09-16T08:13:34.764008062Z,12.360422,124.593572,Cloud to Ground,44253,0,10
2026-09-16T08:13:34.992739667Z,14.706422,120.344156,Cloud to Cloud,13443,3068,10
2026-09-16T08:13:35.524166458Z,12.400156,124.91355,Cloud to Ground,-61310,0,10
2026-09-16T08:13:35.604096110Z,12.399859,124.911718,Cloud to Ground,-31730,0,10
2026-09-16T08:13:35.663291228Z,12.42454,124.762515,Cloud to Ground,-13023,0,14
2026-09-16T08:13:37.602242534Z,16.036573,121.807152,Cloud to Cloud,11877,5440,7
2026-09-16T08:13:37.572834030Z,16.073946,121.791238,Cloud to Cloud,15217,8758,14
2026-09-16T08:13:37.758425500Z,16.492357,120.561535,Cloud to Cloud,-13462,16967,12
2026-09-16T08:13:38.033372917Z,14.406043,120.955215,Cloud to Cloud,-12194,5917,7
2026-09-16T08:13:42.318698640Z,4.885868,118.070499,Cloud to Ground,-87547,0,25
2026-09-16T08:13:43.089304333Z,4.873465,118.091408,Cloud to Ground,25252,0,8
2026-09-16T08:13:42.725908000Z,4.7769,118.0588,Cloud to Ground,27673,0,5
2026-09-16T08:13:42.524111922Z,4.861591,118.085919,Cloud to Ground,66561,0,7
2026-09-16T08:13:42.519967950Z,11.83481,122.065692,Cloud to Cloud,4931,19273,5
2026-09-16T08:13:43.301540082Z,12.005545,125.378985,Cloud to Ground,24036,0,13
2026-09-16T08:13:43.533661674Z,12.03386,121.539045,Cloud to Cloud,-17284,3815,10
2026-09-16T08:13:44.072916611Z,4.200717,116.506347,Cloud to Ground,43552,0,25
2026-09-16T08:13:44.017574698Z,4.212545,116.472566,Cloud to Ground,199869,0,17
2026-09-16T08:13:44.399581198Z,22.928893,110.70107,Cloud to Ground,-33795,0,11
2026-09-16T08:13:44.669483215Z,22.981604,110.519922,Cloud to Cloud,17950,5213,9
2026-09-16T08:13:44.567991365Z,16.980798,121.608185,Cloud to Ground,-10294,0,10
2026-09-16T08:13:44.784182514Z,16.890704,121.614236,Cloud to Cloud,11625,13995,7
2026-09-16T08:13:48.004452000Z,16.6804,120.5219,Cloud to Ground,-17213,0,5
2026-09-16T08:13:47.967702007Z,16.710856,120.508793,Cloud to Cloud,5517,19251,7
2026-09-16T08:13:48.007593892Z,16.613151,120.672967,Cloud to Cloud,-10311,3920,8
2026-09-16T08:13:49.681564716Z,12.158036,124.606739,Cloud to Cloud,12130,19475,8
2026-09-16T08:13:49.606031000Z,12.3045,124.5397,Cloud to Ground,22879,0,13
2026-09-16T08:13:51.874659488Z,9.60427,131.132826,Cloud to Ground,-14811,0,23
2026-09-16T08:13:51.875295150Z,9.593172,131.252038,Cloud to Ground,18448,0,28
2026-09-16T08:13:56.102850300Z,11.954458,121.302652,Cloud to Cloud,5047,19259,6
2026-09-16T08:13:56.108853966Z,11.96627,121.291423,Cloud to Cloud,7703,6631,7
2026-09-16T08:13:56.812483466Z,17.075289,120.544394,Cloud to Cloud,14571,18651,9
2026-09-16T08:13:57.435427880Z,11.707409,125.243981,Cloud to Ground,-67986,0,14
2026-09-16T08:13:57.889006000Z,11.6927,125.1686,Cloud to Ground,-35537,0,8
2026-09-16T08:13:57.568123000Z,11.7968,125.1641,Cloud to Ground,-19488,0,7
2026-09-16T08:13:57.494623763Z,11.636464,125.128433,Cloud to Ground,-15275,0,10
2026-09-16T08:13:57.706841000Z,11.7149,125.1364,Cloud to Ground,-13395,0,6
2026-09-16T08:13:57.058016000Z,11.5354,122.2638,Cloud to Ground,-24444,0,7
2026-09-16T08:13:58.059957518Z,12.764435,123.330725,Cloud to Ground,-53513,0,18
2026-09-16T08:13:59.474021379Z,16.549539,120.642567,Cloud to Cloud,9734,4050,7
2026-09-16T08:13:59.464715300Z,16.51589,120.635341,Cloud to Cloud,21039,3785,11
2026-09-16T08:13:59.236900000Z,16.2434,121.6677,Cloud to Ground,-9781,0,7
2026-09-16T08:14:00.550784376Z,12.364622,124.644561,Cloud to Ground,38811,0,9
2026-09-16T08:14:01.452643602Z,10.683374,130.953827,Cloud to Ground,33591,0,19
2026-09-16T08:14:01.606640426Z,15.819648,120.937625,Cloud to Cloud,5010,15029,9
2026-09-16T08:14:02.796916116Z,13.231396,123.686027,Cloud to Ground,-18029,0,7
2026-09-16T08:14:02.723262593Z,13.224811,123.686041,Cloud to Ground,-12836,0,8
2026-09-16T08:14:02.746398771Z,11.749646,121.325693,Cloud to Cloud,12238,3599,10
2026-09-16T08:14:02.257209834Z,13.297685,120.527944,Cloud to Cloud,22139,7293,8
2026-09-16T08:14:02.047367390Z,12.254809,124.649191,Cloud to Cloud,5006,19491,5
2026-09-16T08:14:03.873414042Z,16.49902,121.68518,Cloud to Ground,9702,0,9
2026-09-16T08:14:05.435238756Z,16.266742,121.838117,Cloud to Ground,-129475,0,14
2026-09-16T08:14:05.432905894Z,16.255184,121.819895,Cloud to Ground,-68443,0,7
2026-09-16T08:14:06.209222016Z,11.833496,125.148367,Cloud to Ground,73623,0,8
2026-09-16T08:14:07.125404593Z,14.368924,120.97567,Cloud to Cloud,10456,3184,7
2026-09-16T08:14:08.926374663Z,13.664893,123.96909,Cloud to Cloud,10318,4335,9
2026-09-16T08:14:08.927815587Z,13.653514,123.986457,Cloud to Ground,27336,0,11
2026-09-16T08:14:08.926988732Z,13.651038,123.993032,Cloud to Ground,61524,0,11
2026-09-16T08:14:09.384906790Z,2.9941,114.011041,Cloud to Cloud,18547,7151,16
2026-09-16T08:14:09.384164117Z,3.001087,114.020061,Cloud to Ground,28494,0,16
2026-09-16T08:14:09.387937606Z,3.114542,114.023398,Cloud to Cloud,-23846,4604,17
2026-09-16T08:14:09.734323204Z,10.30886,124.48063,Cloud to Ground,18560,0,7
2026-09-16T08:14:11.323122145Z,12.513569,124.50163,Cloud to Ground,-23300,0,7
2026-09-16T08:14:11.681412861Z,12.517139,124.536433,Cloud to Ground,-7201,0,6
2026-09-16T08:14:11.325040281Z,12.468433,124.569121,Cloud to Ground,55007,0,11
2026-09-16T08:14:12.582353794Z,12.332546,124.842426,Cloud to Cloud,13823,4284,9
2026-09-16T08:14:12.079651790Z,16.262491,121.880657,Cloud to Cloud,-10426,11487,10
2026-09-16T08:14:13.594243481Z,2.536445,112.783765,Cloud to Ground,-32161,0,14
2026-09-16T08:14:13.613206613Z,2.602543,112.728375,Cloud to Ground,-16719,0,26
2026-09-16T08:14:14.613914077Z,14.399963,120.911497,Cloud to Cloud,5377,3004,6
2026-09-16T08:14:14.647893290Z,12.383485,125.016728,Cloud to Ground,34289,0,8
2026-09-16T08:14:16.584009643Z,12.371618,124.549156,Cloud to Cloud,13070,16857,9
2026-09-16T08:14:16.594242841Z,12.227555,124.456659,Cloud to Cloud,-5791,3652,7
2026-09-16T08:14:16.923981883Z,17.033895,120.514066,Cloud to Cloud,8904,3049,10
2026-09-16T08:14:18.450397607Z,16.745237,120.52143,Cloud to Cloud,19462,8916,7
2026-09-16T08:14:18.573004982Z,22.979924,120.48311,Cloud to Cloud,-5809,4836,8
2026-09-16T08:14:19.286874452Z,16.909373,121.560358,Cloud to Cloud,7034,16533,6
2026-09-16T08:14:22.907323207Z,12.041166,124.845506,Cloud to Cloud,8518,7224,6
2026-09-16T08:14:23.150701822Z,17.039626,120.823091,Cloud to Ground,-12497,0,9
2026-09-16T08:14:23.114052941Z,11.60518,122.161662,Cloud to Cloud,12662,11839,8
2026-09-16T08:14:25.526149975Z,10.404928,131.87098,Cloud to Cloud,-15203,3035,8
2026-09-16T08:14:25.519909934Z,10.420025,131.846907,Cloud to Ground,10643,0,10
2026-09-16T08:14:25.520994364Z,10.418088,131.838735,Cloud to Ground,18880,0,14
2026-09-16T08:14:25.914585008Z,10.387554,131.89885,Cloud to Ground,30286,0,14
2026-09-16T08:14:25.899587989Z,15.499282,121.070623,Cloud to Cloud,4682,4776,6
2026-09-16T08:14:29.090215962Z,18.344907,121.023451,Cloud to Cloud,7664,18909,5
2026-09-16T08:14:28.976400886Z,18.374813,120.960617,Cloud to Cloud,11777,16506,11
2026-09-16T08:14:29.554522006Z,11.733908,121.711217,Cloud to Ground,-45615,0,12
2026-09-16T08:14:29.669033000Z,11.7521,121.6754,Cloud to Ground,-23814,0,8
2026-09-16T08:14:29.542125123Z,11.702497,121.784653,Cloud to Cloud,-10057,3840,7
2026-09-16T08:14:32.444219935Z,4.870967,118.109544,Cloud to Ground,-43866,0,13
2026-09-16T08:14:32.512482877Z,4.864978,118.080759,Cloud to Ground,-20247,0,21
2026-09-16T08:14:32.870747326Z,4.872003,118.045201,Cloud to Ground,10379,0,7
2026-09-16T08:14:33.134819128Z,12.358213,124.586127,Cloud to Cloud,11289,8407,6
2026-09-16T08:14:34.745242287Z,22.94761,120.486679,Cloud to Cloud,-5301,11318,8
2026-09-16T08:14:34.740795111Z,22.94461,120.480414,Cloud to Cloud,-3123,8811,5
2026-09-16T08:14:35.207356178Z,11.813534,125.149845,Cloud to Ground,34382,0,9
2026-09-16T08:14:37.791861164Z,11.553472,122.417354,Cloud to Cloud,9815,3002,8
2026-09-16T08:14:37.797585378Z,11.552606,122.417224,Cloud to Cloud,14823,17117,7
2026-09-16T08:14:37.790084186Z,11.56018,122.387478,Cloud to Cloud,14940,19696,8
2026-09-16T08:14:40.397504422Z,4.885833,117.825542,Cloud to Ground,26719,0,8
2026-09-16T08:14:40.795727927Z,4.814098,117.953289,Cloud to Ground,-16242,0,30
2026-09-16T08:14:40.214318670Z,5.827434,117.423213,Cloud to Ground,36567,0,16
2026-09-16T08:14:40.297184681Z,5.840055,117.391916,Cloud to Ground,54345,0,17
2026-09-16T08:14:40.519743631Z,11.333667,124.90152,Cloud to Ground,-15884,0,10
2026-09-16T08:14:41.316499548Z,22.950342,110.823875,Cloud to Ground,-15008,0,9
2026-09-16T08:14:42.647516060Z,11.892293,125.486415,Cloud to Cloud,11806,15324,11
2026-09-16T08:14:42.477606913Z,11.905583,125.427407,Cloud to Cloud,20295,6804,13
2026-09-16T08:14:42.863451452Z,13.884902,122.732779,Cloud to Cloud,12060,6085,10
2026-09-16T08:14:42.604870849Z,11.834751,125.160027,Cloud to Ground,40697,0,10
2026-09-16T08:14:44.738052200Z,22.9874,120.497894,Cloud to Cloud,-6321,13815,7
2026-09-16T08:14:46.366817627Z,6.948298,116.613628,Cloud to Ground,-26590,0,9
2026-09-16T08:14:45.744214900Z,6.94377,116.642093,Cloud to Cloud,-20935,3574,8
2026-09-16T08:14:46.461845359Z,6.936835,116.634642,Cloud to Ground,-14981,0,14
2026-09-16T08:14:45.738054900Z,7.055061,116.645151,Cloud to Cloud,-10696,11373,17
2026-09-16T08:14:45.738970944Z,7.027073,116.663571,Cloud to Cloud,19141,11712,6
2026-09-16T08:14:45.727958765Z,6.951869,116.659609,Cloud to Cloud,29990,14709,11
2026-09-16T08:14:46.531851160Z,6.942482,116.620964,Cloud to Ground,38931,0,14
2026-09-16T08:14:45.792633673Z,6.973154,116.680095,Cloud to Ground,40719,0,20
2026-09-16T08:14:45.726191645Z,6.923336,116.697416,Cloud to Ground,47638,0,16
2026-09-16T08:14:46.421402600Z,7.009195,116.590737,Cloud to Ground,53704,0,9
2026-09-16T08:14:47.074818769Z,16.076697,121.039726,Cloud to Cloud,-7585,3002,7
2026-09-16T08:14:48.902363489Z,14.610912,120.391124,Cloud to Cloud,17099,12557,10
2026-09-16T08:14:48.374377000Z,11.9282,125.349,Cloud to Ground,9472,0,6
2026-09-16T08:14:49.991564168Z,12.167983,124.773631,Cloud to Cloud,17258,3297,9
2026-09-16T08:14:50.012196406Z,12.299388,124.700255,Cloud to Cloud,9737,11806,7
2026-09-16T08:14:51.916422547Z,5.569778,118.364543,Cloud to Cloud,-15014,3728,15
2026-09-16T08:14:54.851192691Z,10.013744,129.633212,Cloud to Ground,18464,0,13
2026-09-16T08:14:55.116532431Z,11.737977,121.387493,Cloud to Cloud,10440,7772,9
2026-09-16T08:14:55.109239012Z,11.801452,121.340677,Cloud to Cloud,11374,14891,6
2026-09-16T08:14:56.476752511Z,15.630393,120.016077,Cloud to Cloud,17172,9744,7
2026-09-16T08:14:56.478769993Z,15.622895,120.036719,Cloud to Ground,34267,0,16
2026-09-16T08:14:56.596320000Z,15.9111,119.9841,Cloud to Ground,-11974,0,5
2026-09-16T08:14:57.366159842Z,16.715497,120.514505,Cloud to Ground,-46346,0,16
2026-09-16T08:14:57.125302744Z,16.699348,120.524491,Cloud to Ground,-34633,0,15
2026-09-16T08:14:57.433118288Z,16.717003,120.524701,Cloud to Ground,-31519,0,16
2026-09-16T08:14:57.488719051Z,16.715502,120.52408,Cloud to Ground,-27865,0,10
2026-09-16T08:14:57.254006205Z,16.716164,120.509408,Cloud to Ground,-22466,0,7
2026-09-16T08:14:57.191720000Z,16.712,120.5049,Cloud to Ground,16317,0,8
2026-09-16T08:14:57.873167522Z,11.770185,125.125351,Cloud to Ground,18520,0,8
2026-09-16T08:14:57.581001989Z,11.713763,125.149411,Cloud to Ground,25970,0,10
2026-09-16T08:14:57.374461000Z,10.3247,124.4492,Cloud to Ground,-32529,0,6
2026-09-16T08:14:59.784546115Z,13.228452,123.663504,Cloud to Ground,-13839,0,8
2026-09-16T08:14:59.539966027Z,13.192301,123.707514,Cloud to Cloud,14845,18676,7
2026-09-16T08:15:00.261242802Z,10.353271,131.734306,Cloud to Ground,18323,0,17
2026-09-16T08:15:01.757288000Z,5.7578,117.3794,Cloud to Ground,17061,0,8
2026-09-16T08:15:02.579755534Z,16.939487,120.577083,Cloud to Ground,-37523,0,13
2026-09-16T08:15:02.580854509Z,17.080668,120.565723,Cloud to Cloud,-9512,8157,12
2026-09-16T08:15:02.747380300Z,17.067958,120.551766,Cloud to Cloud,5822,3809,9
2026-09-16T08:15:02.742625468Z,17.0823,120.517372,Cloud to Cloud,8793,6911,8
2026-09-16T08:15:03.577140006Z,15.747781,120.953679,Cloud to Cloud,-11151,13231,8
2026-09-16T08:15:04.315260285Z,12.87901,124.021968,Cloud to Cloud,12251,7005,9
2026-09-16T08:15:05.469536198Z,16.519948,120.640209,Cloud to Cloud,-2839,10620,7
2026-09-16T08:15:05.810396012Z,16.518927,120.616514,Cloud to Cloud,5262,7220,6
2026-09-16T08:15:05.467589175Z,16.528437,120.620046,Cloud to Cloud,5600,14443,6
2026-09-16T08:15:05.464192504Z,16.520125,120.620807,Cloud to Cloud,7933,19500,10
2026-09-16T08:15:06.973302556Z,11.600523,123.208733,Cloud to Cloud,22368,10065,10
2026-09-16T08:15:06.409089000Z,12.6855,123.4065,Cloud to Ground,-19095,0,8
2026-09-16T08:15:06.405812256Z,12.633381,123.401254,Cloud to Cloud,13859,5164,8
2026-09-16T08:15:07.167913147Z,11.725435,123.085248,Cloud to Ground,48686,0,20
2026-09-16T08:15:08.750721169Z,12.412264,124.953009,Cloud to Cloud,-7176,18094,6
2026-09-16T08:15:08.157670491Z,15.450383,121.065701,Cloud to Cloud,16795,18741,7
2026-09-16T08:15:12.623967475Z,2.514402,112.737669,Cloud to Ground,29784,0,14
2026-09-16T08:15:12.480462067Z,2.553871,112.743546,Cloud to Ground,31726,0,13
2026-09-16T08:15:12.558060416Z,2.538769,112.7582,Cloud to Ground,53906,0,17
2026-09-16T08:15:12.505901579Z,2.55717,112.750338,Cloud to Ground,66618,0,21
2026-09-16T08:15:12.551565534Z,2.558512,112.746504,Cloud to Ground,67713,0,16
2026-09-16T08:15:12.454473209Z,2.512647,112.720339,Cloud to Ground,158880,0,22
2026-09-16T08:15:12.153597433Z,9.681885,131.224614,Cloud to Ground,-18874,0,18
2026-09-16T08:15:12.407189435Z,22.542524,110.904611,Cloud to Cloud,-18964,3020,11
2026-09-16T08:15:13.930318032Z,22.942038,120.568424,Cloud to Cloud,-9918,3839,8
2026-09-16T08:15:13.927950651Z,22.954965,120.56149,Cloud to Cloud,-6354,18345,8
2026-09-16T08:15:15.638649121Z,11.714192,125.261793,Cloud to Ground,-100292,0,13
2026-09-16T08:15:15.774510442Z,11.709407,125.24104,Cloud to Ground,-51429,0,10
2026-09-16T08:15:15.854836633Z,11.765182,125.2876,Cloud to Ground,-19787,0,10
2026-09-16T08:15:15.364340390Z,13.683118,121.676227,Cloud to Ground,27980,0,11
2026-09-16T08:15:15.093235602Z,11.818465,125.134373,Cloud to Ground,45386,0,8
2026-09-16T08:15:15.738892000Z,11.7134,125.0731,Cloud to Ground,-15587,0,6
2026-09-16T08:15:15.786904253Z,22.94853,120.480213,Cloud to Ground,-26212,0,12
2026-09-16T08:15:15.785464261Z,22.933253,120.480701,Cloud to Ground,-7358,0,8
2026-09-16T08:15:15.790750300Z,22.978164,120.491106,Cloud to Cloud,6180,3281,6
2026-09-16T08:15:16.813940980Z,11.749368,125.609272,Cloud to Cloud,25392,15374,8
2026-09-16T08:15:17.176034400Z,10.553384,131.023769,Cloud to Ground,-21246,0,15
2026-09-16T08:15:17.381605091Z,10.57162,130.99323,Cloud to Ground,-18546,0,15
2026-09-16T08:15:17.174402676Z,10.565994,130.977108,Cloud to Ground,19313,0,11
2026-09-16T08:15:18.618190723Z,11.658806,122.103415,Cloud to Cloud,16924,19309,12
2026-09-16T08:15:18.618637376Z,11.666645,122.106521,Cloud to Ground,44208,0,8
2026-09-16T08:15:19.368391082Z,12.271904,124.748867,Cloud to Cloud,14145,6134,8
2026-09-16T08:15:19.610397051Z,12.209561,124.784333,Cloud to Cloud,24806,6687,8
2026-09-16T08:15:22.480479257Z,10.262009,124.373536,Cloud to Cloud,7848,10672,9
2026-09-16T08:15:22.857109772Z,14.654705,120.368575,Cloud to Ground,-47813,0,12
2026-09-16T08:15:22.849603979Z,14.581287,120.407876,Cloud to Cloud,-29890,19806,11
2026-09-16T08:15:22.896776015Z,14.670543,120.352272,Cloud to Ground,-22246,0,12
2026-09-16T08:15:22.961135000Z,14.6601,120.3424,Cloud to Ground,-18748,0,7
2026-09-16T08:15:23.069426000Z,14.6792,120.2638,Cloud to Ground,-13610,0,5
2026-09-16T08:15:23.240708559Z,14.666991,120.272458,Cloud to Ground,-10322,0,9
2026-09-16T08:15:24.682522790Z,11.583042,121.855317,Cloud to Cloud,8384,19296,6
2026-09-16T08:15:25.647681632Z,15.255007,120.970515,Cloud to Cloud,-8184,5778,5
2026-09-16T08:15:25.755659151Z,16.3979,120.573491,Cloud to Cloud,23286,6322,11
2026-09-16T08:15:28.980763251Z,15.242557,121.032517,Cloud to Cloud,11986,3007,7
2026-09-16T08:15:31.145896182Z,11.832416,125.166081,Cloud to Ground,47979,0,9
2026-09-16T08:15:32.821152200Z,15.818026,120.941567,Cloud to Ground,-18272,0,11
2026-09-16T08:15:32.781492101Z,15.820156,120.951974,Cloud to Ground,-8234,0,9
2026-09-16T08:15:33.595914337Z,15.962411,121.038893,Cloud to Cloud,4167,12956,7
2026-09-16T08:15:36.081894575Z,22.920897,110.996709,Cloud to Cloud,-11103,9134,8
2026-09-16T08:15:38.585324538Z,12.117419,124.876218,Cloud to Cloud,5756,17593,5
2026-09-16T08:15:38.580858649Z,12.026902,124.900692,Cloud to Ground,14028,0,10
2026-09-16T08:15:40.857580197Z,11.818663,122.068687,Cloud to Cloud,14596,4077,6
2026-09-16T08:15:40.860834076Z,11.757361,122.118536,Cloud to Cloud,18703,19591,9
2026-09-16T08:15:40.893278032Z,11.760388,122.11122,Cloud to Cloud,34317,14791,6
2026-09-16T08:15:40.705919610Z,11.532712,122.400167,Cloud to Cloud,11376,10235,7
2026-09-16T08:15:41.706115047Z,16.819918,120.722119,Cloud to Cloud,21029,7871,8
2026-09-16T08:15:41.650620002Z,16.897941,120.652144,Cloud to Cloud,10364,18407,9
2026-09-16T08:15:41.654562609Z,16.922754,120.716162,Cloud to Cloud,13071,4907,12
2026-09-16T08:15:42.799016506Z,11.823289,125.138139,Cloud to Cloud,-5633,18580,7
2026-09-16T08:15:42.303877979Z,11.836389,125.147912,Cloud to Ground,13808,0,7
2026-09-16T08:15:42.609515000Z,11.8703,125.0539,Cloud to Ground,-10824,0,5
2026-09-16T08:15:43.940986391Z,12.295167,124.601363,Cloud to Cloud,9374,15562,8
2026-09-16T08:15:43.564617361Z,16.67416,120.497644,Cloud to Cloud,-6521,15923,7
2026-09-16T08:15:46.593780472Z,16.616162,120.65735,Cloud to Ground,20932,0,10
2026-09-16T08:15:47.651482117Z,11.809855,122.105096,Cloud to Ground,18072,0,7
2026-09-16T08:15:47.546220118Z,11.739766,122.008382,Cloud to Ground,-26074,0,10
2026-09-16T08:15:47.130233601Z,11.732455,121.999561,Cloud to Ground,-25741,0,9
2026-09-16T08:15:47.246975141Z,11.742343,122.004185,Cloud to Ground,-22619,0,8
2026-09-16T08:15:47.585742309Z,11.737845,122.002406,Cloud to Ground,-20270,0,8
2026-09-16T08:15:47.175152657Z,11.740381,122.007772,Cloud to Ground,-12118,0,7
2026-09-16T08:15:47.547073937Z,11.722519,121.998148,Cloud to Cloud,-10623,17693,8
2026-09-16T08:15:47.200950334Z,11.741966,122.002473,Cloud to Ground,-7367,0,5
2026-09-16T08:15:47.678397315Z,11.75225,121.976408,Cloud to Cloud,12546,19859,9
2026-09-16T08:15:49.814800387Z,11.795113,125.258366,Cloud to Cloud,33275,19742,7
2026-09-16T08:15:49.934352052Z,22.938351,120.470384,Cloud to Cloud,-3012,16588,6
2026-09-16T08:15:49.879122642Z,11.8725,125.135672,Cloud to Cloud,13909,4765,5
2026-09-16T08:15:49.958604000Z,10.199,132.7998,Cloud to Ground,9765,0,6
2026-09-16T08:15:51.329646645Z,17.081635,120.526725,Cloud to Cloud,7046,9955,7
2026-09-16T08:15:51.577553281Z,16.988554,120.527741,Cloud to Cloud,-11569,3003,8
2026-09-16T08:15:51.415588778Z,12.407427,125.031943,Cloud to Ground,16211,0,10
2026-09-16T08:15:52.845161070Z,5.652805,117.659535,Cloud to Ground,22132,0,16
2026-09-16T08:15:52.092682337Z,10.683339,130.655755,Cloud to Ground,-201793,0,17
2026-09-16T08:15:52.091233019Z,10.743031,130.670091,Cloud to Ground,-43694,0,12
2026-09-16T08:15:51.979637000Z,12.0241,125.4895,Cloud to Ground,-100015,0,13
2026-09-16T08:15:52.038707128Z,12.019309,125.526672,Cloud to Ground,-37156,0,13
2026-09-16T08:15:51.972794917Z,11.934669,125.494427,Cloud to Cloud,-15985,8868,8
2026-09-16T08:15:52.063431006Z,11.989016,125.481911,Cloud to Ground,-14911,0,6
2026-09-16T08:15:52.032119285Z,11.93038,125.530998,Cloud to Cloud,40336,3028,13
2026-09-16T08:15:52.779206000Z,12.0206,125.3458,Cloud to Ground,-22018,0,5
2026-09-16T08:15:52.084066869Z,11.944081,125.393696,Cloud to Ground,26273,0,7
2026-09-16T08:15:53.644830190Z,8.734753,125.32021,Cloud to Ground,-53129,0,22
2026-09-16T08:15:53.798848597Z,8.664643,125.34561,Cloud to Ground,-23585,0,9
2026-09-16T08:15:53.870443265Z,4.894393,118.121112,Cloud to Ground,-72267,0,15
2026-09-16T08:15:53.863327966Z,4.852531,118.094261,Cloud to Ground,-17807,0,9
2026-09-16T08:15:54.275217932Z,4.893352,118.136955,Cloud to Ground,15237,0,11
2026-09-16T08:15:53.912374265Z,4.860628,118.114922,Cloud to Ground,31066,0,14
2026-09-16T08:15:53.902549404Z,4.949799,118.080379,Cloud to Ground,31906,0,20
2026-09-16T08:15:53.976717752Z,4.866274,118.1214,Cloud to Ground,36808,0,13
2026-09-16T08:15:53.934234872Z,4.868241,118.121217,Cloud to Ground,38398,0,15
2026-09-16T08:15:54.156665715Z,5.029211,118.036242,Cloud to Ground,38867,0,11
2026-09-16T08:15:56.017128861Z,12.287149,124.59402,Cloud to Cloud,13602,19562,8
2026-09-16T08:15:58.414046000Z,12.4694,124.5439,Cloud to Ground,-12720,0,7
2026-09-16T08:15:59.163866705Z,12.29464,124.695694,Cloud to Cloud,6701,12976,7
2026-09-16T08:15:59.482286005Z,16.224514,121.813232,Cloud to Cloud,-4972,7304,8
2026-09-16T08:16:00.760250144Z,16.52199,120.618216,Cloud to Cloud,8293,4270,9
2026-09-16T08:16:01.322906276Z,15.737258,120.918208,Cloud to Cloud,-6771,3709,10
2026-09-16T08:16:01.531236000Z,12.4039,124.9397,Cloud to Ground,-34601,0,5
2026-09-16T08:16:03.830064364Z,12.105289,124.96592,Cloud to Cloud,-20231,6735,10
2026-09-16T08:16:04.767513965Z,17.062525,121.640907,Cloud to Ground,-12630,0,7
2026-09-16T08:16:05.260596854Z,5.830247,117.94968,Cloud to Ground,25825,0,15
2026-09-16T08:16:05.121386000Z,5.8356,117.9593,Cloud to Ground,56367,0,5
2026-09-16T08:16:05.362229790Z,11.908918,125.498346,Cloud to Cloud,-16801,8880,8
2026-09-16T08:16:07.185787033Z,22.969507,120.555277,Cloud to Ground,-7045,0,7
2026-09-16T08:16:07.433148952Z,22.965189,120.455957,Cloud to Cloud,-6903,16562,7
2026-09-16T08:16:07.492985426Z,22.956398,120.500185,Cloud to Cloud,1819,19336,6
2026-09-16T08:16:07.068512640Z,22.998054,120.562238,Cloud to Cloud,3203,13083,7
2026-09-16T08:16:07.765135930Z,22.944508,120.497961,Cloud to Cloud,4202,3014,7
2026-09-16T08:16:08.529435372Z,11.806406,125.1581,Cloud to Ground,14836,0,6
2026-09-16T08:16:08.538262811Z,12.310268,124.744171,Cloud to Ground,30455,0,8
2026-09-16T08:16:08.881843738Z,11.681761,125.242763,Cloud to Ground,-14905,0,9
2026-09-16T08:16:10.182619605Z,10.429427,131.684835,Cloud to Ground,-38489,0,21
2026-09-16T08:16:09.904472059Z,10.369763,131.737367,Cloud to Ground,18299,0,10
2026-09-16T08:16:10.201225677Z,10.364062,131.65824,Cloud to Cloud,19548,17627,12
2026-09-16T08:16:11.735586210Z,18.301474,122.306421,Cloud to Ground,-91764,0,13
2026-09-16T08:16:12.371991658Z,12.452221,124.608419,Cloud to Ground,16500,0,9
2026-09-16T08:16:12.922416309Z,11.799967,125.127368,Cloud to Cloud,12120,9575,8
2026-09-16T08:16:13.396587000Z,10.3434,124.4336,Cloud to Ground,622,0,7
2026-09-16T08:16:13.483239000Z,10.3324,124.4212,Cloud to Ground,12633,0,5
2026-09-16T08:16:14.028845956Z,15.807626,120.895607,Cloud to Cloud,12583,3926,8
2026-09-16T08:16:17.287164966Z,12.622919,123.402103,Cloud to Ground,29468,0,10
2026-09-16T08:16:18.809604791Z,16.13752,121.731104,Cloud to Cloud,4907,13788,8
2026-09-16T08:16:18.800171205Z,16.062209,121.770596,Cloud to Ground,42827,0,11
2026-09-16T08:16:18.801414413Z,16.08452,121.774245,Cloud to Ground,43304,0,11
2026-09-16T08:16:18.398391190Z,11.827612,125.164778,Cloud to Ground,27582,0,10
2026-09-16T08:16:19.867829262Z,5.602752,118.495132,Cloud to Cloud,-17495,4143,17
2026-09-16T08:16:19.585308348Z,5.615267,118.525486,Cloud to Ground,-17242,0,13
2026-09-16T08:16:19.177814719Z,13.658292,123.988358,Cloud to Ground,39519,0,8
2026-09-16T08:16:19.178270989Z,13.655851,123.985946,Cloud to Ground,67610,0,7
2026-09-16T08:16:22.635270000Z,11.5339,122.1914,Cloud to Ground,-20645,0,5
2026-09-16T08:16:23.044062620Z,16.510968,120.618469,Cloud to Ground,21534,0,8
2026-09-16T08:16:23.115130890Z,16.438816,120.673487,Cloud to Cloud,27471,3358,11
2026-09-16T08:16:24.489084861Z,10.957253,119.447691,Cloud to Cloud,25223,4262,8
2026-09-16T08:16:24.011520695Z,22.703615,120.478091,Cloud to Cloud,3751,7694,8
2026-09-16T08:16:24.017651886Z,22.710331,120.488476,Cloud to Cloud,4288,9921,7
2026-09-16T08:16:24.028663607Z,22.75,120.457102,Cloud to Cloud,5210,14054,7
2026-09-16T08:16:24.023843530Z,22.713165,120.480445,Cloud to Cloud,5818,8234,8
2026-09-16T08:16:25.245422803Z,2.68439,112.667622,Cloud to Ground,-14474,0,11
2026-09-16T08:16:26.228071000Z,12.4094,124.6218,Cloud to Ground,-61954,0,5
2026-09-16T08:16:26.282121244Z,12.485598,124.598803,Cloud to Ground,-27244,0,17
2026-09-16T08:16:27.656826326Z,0.904277,112.604107,Cloud to Ground,-16296,0,8
2026-09-16T08:16:27.893911107Z,0.919711,112.610714,Cloud to Ground,12375,0,10
2026-09-16T08:16:27.710981390Z,0.921437,112.622462,Cloud to Ground,17008,0,13
2026-09-16T08:16:27.674266406Z,0.92616,112.645729,Cloud to Ground,53291,0,25
2026-09-16T08:16:27.099970929Z,16.98521,120.579244,Cloud to Ground,-30382,0,10
2026-09-16T08:16:26.742064910Z,16.971497,120.488608,Cloud to Cloud,7848,3055,6
2026-09-16T08:16:27.318159288Z,16.701675,120.563251,Cloud to Cloud,16129,12120,8
2026-09-16T08:16:27.549769568Z,16.68905,120.576107,Cloud to Cloud,19414,3025,7
2026-09-16T08:16:27.329237000Z,17.0702,120.517,Cloud to Ground,6118,0,6
2026-09-16T08:16:27.183806400Z,17.081152,120.519676,Cloud to Ground,12789,0,10
2026-09-16T08:16:28.614597522Z,11.070409,132.539717,Cloud to Ground,9749,0,11
2026-09-16T08:16:28.644750394Z,11.689473,125.220262,Cloud to Cloud,-14315,10797,8
2026-09-16T08:16:29.927849384Z,16.578467,120.694972,Cloud to Cloud,-33042,12698,10
2026-09-16T08:16:29.924356188Z,16.59802,120.751625,Cloud to Ground,25844,0,13
2026-09-16T08:16:33.136446000Z,11.9125,121.4937,Cloud to Ground,-35057,0,10
2026-09-16T08:16:33.219973010Z,11.898448,121.523972,Cloud to Ground,-17143,0,7
2026-09-16T08:16:34.368609162Z,10.304322,124.478447,Cloud to Ground,50115,0,13
2026-09-16T08:16:36.331113544Z,22.943558,120.470167,Cloud to Cloud,-4576,8294,7
2026-09-16T08:16:36.426260663Z,22.990947,120.446657,Cloud to Cloud,-1997,9963,5
2026-09-16T08:16:37.564050192Z,0.963389,112.386419,Cloud to Ground,14974,0,14
2026-09-16T08:16:38.359570124Z,15.942877,121.68536,Cloud to Cloud,-11324,9715,10
2026-09-16T08:16:39.211411968Z,5.839537,117.40266,Cloud to Ground,14517,0,13
2026-09-16T08:16:39.844495097Z,5.883992,117.364687,Cloud to Ground,16103,0,10
2026-09-16T08:16:39.452466970Z,5.921632,117.372412,Cloud to Cloud,28588,7314,25
2026-09-16T08:16:39.736621000Z,5.8476,117.2927,Cloud to Ground,39525,0,5
2026-09-16T08:16:39.084407809Z,12.085961,124.823022,Cloud to Cloud,13110,19767,7
2026-09-16T08:16:39.820109000Z,11.6095,122.1548,Cloud to Ground,-10889,0,6
2026-09-16T08:16:40.925649588Z,9.94918,129.807921,Cloud to Ground,-33063,0,10
2026-09-16T08:16:40.876195942Z,9.958301,129.824168,Cloud to Cloud,-13829,15513,16
2026-09-16T08:16:40.848003624Z,9.986458,129.692424,Cloud to Ground,-61393,0,13
2026-09-16T08:16:40.875378323Z,9.953773,129.695152,Cloud to Ground,-18911,0,29
2026-09-16T08:16:41.055139645Z,9.936854,129.693193,Cloud to Ground,-14381,0,14
2026-09-16T08:16:41.103739148Z,9.939722,129.684563,Cloud to Ground,-14136,0,13
2026-09-16T08:16:40.278236196Z,14.45693,120.942171,Cloud to Cloud,-7516,17075,7
2026-09-16T08:16:40.507826145Z,12.044462,121.528938,Cloud to Cloud,9650,16448,6
2026-09-16T08:16:41.402662000Z,11.9817,125.3957,Cloud to Ground,-26707,0,8
2026-09-16T08:16:41.232128857Z,11.934349,125.409621,Cloud to Cloud,10088,3447,7
2026-09-16T08:16:41.235648346Z,12.002417,125.314914,Cloud to Ground,13633,0,12
2026-09-16T08:16:44.995148077Z,22.934059,120.56016,Cloud to Cloud,-3080,5951,7
2026-09-16T08:16:44.815016598Z,13.838012,120.698588,Cloud to Cloud,21570,17337,11
2026-09-16T08:16:45.257079644Z,10.387463,131.827475,Cloud to Ground,-17585,0,10
2026-09-16T08:16:45.481738458Z,10.303946,131.898876,Cloud to Cloud,18417,3029,13
2026-09-16T08:16:45.031127286Z,16.751637,120.59732,Cloud to Cloud,-9761,9950,10
2026-09-16T08:16:45.671988000Z,11.6935,125.1938,Cloud to Ground,-26762,0,8
2026-09-16T08:16:45.935776000Z,11.7443,125.185,Cloud to Ground,-22226,0,5
2026-09-16T08:16:45.619592991Z,11.678753,125.247282,Cloud to Ground,-20088,0,7
2026-09-16T08:16:45.745387088Z,11.722839,125.220607,Cloud to Ground,-19350,0,7
2026-09-16T08:16:46.238695505Z,12.451713,124.595749,Cloud to Ground,13588,0,7
2026-09-16T08:16:47.264557460Z,6.940576,116.7329,Cloud to Ground,-38434,0,12
2026-09-16T08:16:46.721196783Z,6.961624,116.703443,Cloud to Ground,-29455,0,14
2026-09-16T08:16:46.725109803Z,7.015542,116.680474,Cloud to Ground,-18721,0,13
2026-09-16T08:16:46.722859259Z,6.935455,116.718437,Cloud to Cloud,67979,11006,29
2026-09-16T08:16:47.808355370Z,11.807506,124.991891,Cloud to Cloud,-15215,16507,12
2026-09-16T08:16:47.131709298Z,11.809027,125.172904,Cloud to Ground,21001,0,9
2026-09-16T08:16:47.368167875Z,11.845065,121.316812,Cloud to Cloud,-9165,7983,10
2026-09-16T08:16:48.798962056Z,11.658395,122.145237,Cloud to Cloud,6376,18286,5
2026-09-16T08:16:48.926474854Z,11.569368,122.239777,Cloud to Cloud,-12525,10889,7
2026-09-16T08:16:48.065060623Z,11.74024,125.108226,Cloud to Ground,12209,0,7
2026-09-16T08:16:49.564140632Z,4.677603,117.42703,Cloud to Ground,43263,0,21
2026-09-16T08:16:49.601675527Z,4.675938,117.423321,Cloud to Ground,43793,0,28
2026-09-16T08:16:49.516697215Z,4.651204,117.459346,Cloud to Ground,44298,0,14
2026-09-16T08:16:49.456123591Z,4.665697,117.419934,Cloud to Ground,76943,0,23
2026-09-16T08:16:50.104273935Z,5.626316,117.663896,Cloud to Cloud,-11574,5763,16
2026-09-16T08:16:49.709468376Z,5.672842,117.666972,Cloud to Ground,29456,0,16
2026-09-16T08:16:49.188216592Z,13.175192,123.712105,Cloud to Ground,13595,0,11
2026-09-16T08:16:49.079055957Z,13.152629,123.717253,Cloud to Cloud,15407,4767,10
2026-09-16T08:16:49.080254363Z,13.226868,123.696362,Cloud to Ground,23222,0,8
2026-09-16T08:16:50.009135000Z,14.551018,120.936839,Cloud to Ground,-11936,0,12
2026-09-16T08:16:49.650792532Z,14.466661,120.966814,Cloud to Ground,-10151,0,9
2026-09-16T08:16:51.270840179Z,12.939196,124.035556,Cloud to Ground,-19046,0,10
2026-09-16T08:16:51.304003254Z,12.925985,124.018767,Cloud to Ground,-15019,0,8
2026-09-16T08:16:51.216085537Z,16.457328,120.583528,Cloud to Cloud,-9735,7995,8
2026-09-16T08:16:52.212730130Z,5.538834,118.668481,Cloud to Cloud,19730,6447,7
2026-09-16T08:16:52.131896535Z,5.641748,118.577205,Cloud to Ground,16086,0,12
2026-09-16T08:16:53.329166996Z,12.41298,124.931241,Cloud to Cloud,11774,7778,7
2026-09-16T08:16:53.868469216Z,11.607682,121.955914,Cloud to Cloud,-6617,19269,7
2026-09-16T08:16:54.801121046Z,12.114078,124.831348,Cloud to Cloud,21718,15626,8
2026-09-16T08:16:54.805218925Z,12.468516,124.803008,Cloud to Cloud,8450,19857,7
2026-09-16T08:16:54.864995587Z,12.29623,124.564662,Cloud to Cloud,7190,16083,6
2026-09-16T08:16:54.865544955Z,12.298365,124.569331,Cloud to Cloud,9123,19720,8
2026-09-16T08:16:54.914707169Z,12.231648,124.524873,Cloud to Cloud,18126,4143,10
2026-09-16T08:16:56.724739812Z,11.81146,121.346087,Cloud to Ground,-22413,0,9
2026-09-16T08:16:58.995338824Z,11.842488,125.466793,Cloud to Cloud,9970,14188,7
2026-09-16T08:16:58.997533292Z,11.828622,125.434636,Cloud to Cloud,21310,6192,7
2026-09-16T08:16:58.315313731Z,16.537612,121.666851,Cloud to Ground,-13443,0,7
2026-09-16T08:16:59.634437608Z,14.535683,120.413106,Cloud to Cloud,-9491,4946,7
2026-09-16T08:17:02.324321889Z,11.729478,121.816944,Cloud to Cloud,-4510,4636,5
2026-09-16T08:17:01.741178048Z,11.744724,121.748079,Cloud to Cloud,4989,19163,6
2026-09-16T08:17:02.085148272Z,22.954575,120.50515,Cloud to Cloud,3107,7856,8
2026-09-16T08:17:03.540525734Z,17.043448,120.470515,Cloud to Cloud,-12091,17036,10
2026-09-16T08:17:03.304653688Z,15.738496,120.970262,Cloud to Cloud,-12041,15304,7
2026-09-16T08:17:04.891376349Z,16.244419,121.851812,Cloud to Ground,-169763,0,15
2026-09-16T08:17:05.059840681Z,16.24366,121.84792,Cloud to Ground,-53118,0,16
2026-09-16T08:17:05.178106798Z,16.246002,121.847683,Cloud to Ground,-24564,0,11
2026-09-16T08:17:04.929834657Z,16.240036,121.848663,Cloud to Cloud,-16048,3000,10
2026-09-16T08:17:05.316401027Z,16.249097,121.855751,Cloud to Ground,-10484,0,10
2026-09-16T08:17:06.286300220Z,10.375779,131.75528,Cloud to Cloud,11524,14153,12
2026-09-16T08:17:07.541991032Z,15.409637,120.966165,Cloud to Ground,-8420,0,11
2026-09-16T08:17:09.188675157Z,12.408024,124.639722,Cloud to Cloud,-5378,15916,5
2026-09-16T08:17:09.194638471Z,13.685956,121.690712,Cloud to Cloud,11075,5195,8
2026-09-16T08:17:09.132719000Z,13.7844,121.6368,Cloud to Ground,-13481,0,11
2026-09-16T08:17:10.622294822Z,10.292706,134.337959,Cloud to Ground,19010,0,16
2026-09-16T08:17:11.693015161Z,14.679664,120.337211,Cloud to Cloud,12316,10633,7
2026-09-16T08:17:11.099977250Z,12.062513,121.576148,Cloud to Ground,-66176,0,10
2026-09-16T08:17:12.167508006Z,16.67862,120.653818,Cloud to Cloud,8261,17832,10
2026-09-16T08:17:14.577591992Z,12.352028,124.951868,Cloud to Cloud,5186,4784,5
2026-09-16T08:17:14.552630706Z,12.353488,124.953626,Cloud to Cloud,9305,3010,6
2026-09-16T08:17:14.530706958Z,11.812945,125.168293,Cloud to Cloud,10825,18599,5
2026-09-16T08:17:15.087128038Z,22.984732,120.537966,Cloud to Cloud,-9483,8215,9
2026-09-16T08:17:16.976972589Z,2.463197,112.619506,Cloud to Ground,17161,0,15
2026-09-16T08:17:16.626156760Z,2.482006,112.614851,Cloud to Ground,52891,0,13
2026-09-16T08:17:16.848552374Z,2.460008,112.628903,Cloud to Ground,104096,0,22
2026-09-16T08:17:16.417503725Z,10.77814,130.524802,Cloud to Ground,18083,0,17
2026-09-16T08:17:16.421290572Z,10.632563,130.45924,Cloud to Cloud,10925,12248,8
2026-09-16T08:17:17.064767183Z,17.195327,120.855909,Cloud to Ground,-17832,0,19
2026-09-16T08:17:17.079245835Z,17.126861,120.881339,Cloud to Cloud,-12401,5555,14
2026-09-16T08:17:17.198543716Z,17.150042,120.936076,Cloud to Ground,10218,0,9
2026-09-16T08:17:17.259331147Z,11.753746,125.59511,Cloud to Cloud,13268,16234,7
2026-09-16T08:17:20.175055340Z,0.842324,112.333805,Cloud to Ground,-17040,0,18
2026-09-16T08:17:20.174614231Z,0.785711,112.367951,Cloud to Ground,59753,0,29
2026-09-16T08:17:20.095435116Z,12.61089,123.396979,Cloud to Ground,23584,0,9
2026-09-16T08:17:21.667921861Z,4.872395,118.10459,Cloud to Ground,-8738,0,8
2026-09-16T08:17:22.814295919Z,11.837273,125.133701,Cloud to Cloud,17167,4745,5
2026-09-16T08:17:22.268751099Z,16.521299,120.618184,Cloud to Cloud,16292,4278,9
2026-09-16T08:17:25.975663515Z,11.50728,122.418958,Cloud to Cloud,15449,15445,8
2026-09-16T08:17:25.662893117Z,11.529115,122.41437,Cloud to Cloud,24269,18663,9
2026-09-16T08:17:25.380095000Z,11.836,125.0314,Cloud to Ground,20057,0,6
2026-09-16T08:17:26.802331989Z,14.622507,120.431695,Cloud to Cloud,8772,6390,8
2026-09-16T08:17:28.456454776Z,10.336627,131.671219,Cloud to Cloud,14277,8324,19
2026-09-16T08:17:28.900432508Z,16.517368,120.657236,Cloud to Cloud,-10046,8643,9
2026-09-16T08:17:29.605594000Z,11.7834,122.059,Cloud to Ground,-14567,0,7
2026-09-16T08:17:29.610925076Z,11.74352,122.002586,Cloud to Cloud,5149,14123,5
2026-09-16T08:17:29.602596549Z,11.68679,122.030662,Cloud to Cloud,14548,17509,8
2026-09-16T08:17:30.746802321Z,22.962986,120.459595,Cloud to Cloud,3205,18012,7
2026-09-16T08:17:31.570586263Z,16.887036,120.553994,Cloud to Cloud,10641,12885,8
2026-09-16T08:17:31.573382951Z,16.889411,120.531674,Cloud to Cloud,10854,19901,9
2026-09-16T08:17:33.074271663Z,16.061338,121.173378,Cloud to Cloud,-5423,9509,8
2026-09-16T08:17:33.033040191Z,22.952754,120.46817,Cloud to Cloud,-7632,14158,7
2026-09-16T08:17:33.060304425Z,22.965875,120.504164,Cloud to Ground,-5722,0,8
2026-09-16T08:17:33.185654863Z,22.952522,120.507941,Cloud to Cloud,-5650,4249,8
2026-09-16T08:17:33.095058529Z,22.978312,120.501406,Cloud to Cloud,-2634,10881,6
2026-09-16T08:17:32.994686165Z,22.980258,120.483883,Cloud to Cloud,-1248,3775,5
2026-09-16T08:17:34.763464635Z,13.945218,120.834609,Cloud to Cloud,-7249,13100,6
2026-09-16T08:17:34.880235655Z,13.842941,120.598274,Cloud to Ground,-8233,0,8
2026-09-16T08:17:35.190136404Z,16.90586,120.630797,Cloud to Ground,18268,0,8
2026-09-16T08:17:35.782082897Z,12.034719,125.461108,Cloud to Cloud,-20452,14807,7
2026-09-16T08:17:35.564208000Z,12.0269,125.5052,Cloud to Ground,-19722,0,6
2026-09-16T08:17:35.971090654Z,12.010556,125.458724,Cloud to Cloud,-16238,8179,10
2026-09-16T08:17:35.560296635Z,12.014824,125.475061,Cloud to Ground,22946,0,9
2026-09-16T08:17:37.043028009Z,13.793093,122.776899,Cloud to Cloud,18045,18263,7
2026-09-16T08:17:38.745267845Z,5.641956,117.677947,Cloud to Ground,-11776,0,18
2026-09-16T08:17:38.692336190Z,22.994251,120.543679,Cloud to Cloud,-2750,11120,5
2026-09-16T08:17:38.495634063Z,12.460296,124.546022,Cloud to Cloud,9548,19652,8
2026-09-16T08:17:38.492351570Z,12.39711,124.516431,Cloud to Cloud,19695,12334,9
2026-09-16T08:17:39.802771299Z,4.195032,116.328583,Cloud to Ground,-12699,0,23
2026-09-16T08:17:39.799706606Z,4.130113,116.368154,Cloud to Ground,19596,0,14
2026-09-16T08:17:39.767041118Z,11.840522,125.138558,Cloud to Ground,-18900,0,8
2026-09-16T08:17:39.735216294Z,11.842662,125.141217,Cloud to Ground,-17126,0,7
2026-09-16T08:17:40.670604767Z,11.837022,125.132877,Cloud to Ground,-13606,0,5
2026-09-16T08:17:42.097568055Z,16.404166,120.554095,Cloud to Cloud,6383,19212,8
2026-09-16T08:17:42.830589965Z,16.754886,120.781833,Cloud to Cloud,-18975,4022,12
2026-09-16T08:17:43.625816005Z,11.607918,125.567643,Cloud to Ground,85558,0,15
2026-09-16T08:17:43.459740151Z,17.044386,120.792478,Cloud to Cloud,10158,17919,7
2026-09-16T08:17:43.355643138Z,16.975448,120.881275,Cloud to Cloud,53629,3036,11
2026-09-16T08:17:48.060600661Z,11.828793,125.176383,Cloud to Ground,44505,0,10
2026-09-16T08:17:48.860501195Z,15.794364,120.922567,Cloud to Cloud,-5411,18604,7
2026-09-16T08:17:49.264244170Z,16.731107,120.520466,Cloud to Cloud,4565,11965,9
2026-09-16T08:17:49.277560626Z,16.655032,120.477375,Cloud to Cloud,5279,12208,6
2026-09-16T08:17:49.888209625Z,11.815289,125.175951,Cloud to Ground,24429,0,9
2026-09-16T08:17:50.334562760Z,16.609863,120.506642,Cloud to Cloud,-10140,7806,9
2026-09-16T08:17:50.356613446Z,17.049203,120.496599,Cloud to Ground,-6356,0,6
2026-09-16T08:17:50.599887527Z,17.0559,120.510179,Cloud to Cloud,-5229,16600,6
2026-09-16T08:17:50.045484679Z,17.039547,120.458172,Cloud to Cloud,9638,14196,7
2026-09-16T08:17:51.795227299Z,22.962301,120.512439,Cloud to Cloud,-4233,12226,7
2026-09-16T08:17:51.937074989Z,13.745668,121.653666,Cloud to Cloud,3849,17628,5
2026-09-16T08:17:52.835989763Z,12.293437,124.798959,Cloud to Cloud,13589,14579,7
2026-09-16T08:17:52.601926186Z,12.348945,124.885723,Cloud to Ground,-14097,0,7
2026-09-16T08:17:52.644633044Z,11.657319,123.13792,Cloud to Ground,27641,0,10
2026-09-16T08:17:52.521022554Z,11.579028,123.199851,Cloud to Ground,35745,0,7
2026-09-16T08:17:53.323274166Z,11.905103,121.351311,Cloud to Ground,15257,0,10
2026-09-16T08:17:53.316558649Z,11.905799,121.318862,Cloud to Cloud,26302,5277,7
2026-09-16T08:17:55.922010818Z,14.770147,120.412837,Cloud to Ground,23363,0,17
2026-09-16T08:17:56.848891917Z,10.832312,130.639332,Cloud to Ground,-56572,0,20
2026-09-16T08:17:56.814905401Z,10.660212,130.684871,Cloud to Ground,-60461,0,19
2026-09-16T08:17:56.864724227Z,10.724548,130.633335,Cloud to Cloud,-18678,3018,21
2026-09-16T08:17:57.416717977Z,5.65855,117.66504,Cloud to Ground,51802,0,24
2026-09-16T08:17:57.396906217Z,22.979121,120.543731,Cloud to Cloud,-4732,8095,8
2026-09-16T08:17:58.495046328Z,11.820323,121.340744,Cloud to Cloud,7380,12040,5
2026-09-16T08:18:00.053662041Z,5.851514,118.476486,Cloud to Cloud,-11733,3736,21
2026-09-16T08:18:00.057648549Z,5.740811,118.552272,Cloud to Cloud,-8444,3417,16
2026-09-16T08:18:02.927997882Z,5.49872,117.783619,Cloud to Cloud,-15101,15798,12
2026-09-16T08:18:03.760415960Z,20.572177,117.823865,Cloud to Ground,-50816,0,11
2026-09-16T08:18:04.899213831Z,10.38576,131.824717,Cloud to Ground,-13429,0,10
2026-09-16T08:18:04.991541046Z,14.331041,120.932168,Cloud to Cloud,12327,7466,7
2026-09-16T08:18:04.261113014Z,11.859663,125.427136,Cloud to Cloud,12409,19128,8
2026-09-16T08:18:04.238791771Z,11.853565,125.440852,Cloud to Cloud,16264,16708,8
2026-09-16T08:18:06.673138603Z,15.823051,120.956354,Cloud to Cloud,-8586,18717,12
2026-09-16T08:18:06.705088361Z,15.817087,120.951266,Cloud to Ground,-8398,0,6
2026-09-16T08:18:06.420005533Z,15.805837,120.902287,Cloud to Cloud,-5349,12640,7
2026-09-16T08:18:06.546259421Z,11.957073,125.413195,Cloud to Ground,34037,0,7
2026-09-16T08:18:06.137379168Z,17.044204,120.55086,Cloud to Cloud,-6954,7436,6
2026-09-16T08:18:06.773979371Z,11.747915,122.113529,Cloud to Cloud,16337,17902,7
2026-09-16T08:18:08.009899967Z,11.658517,122.005514,Cloud to Cloud,-15575,12788,9
2026-09-16T08:18:08.102069613Z,11.698352,121.998449,Cloud to Cloud,9975,3386,6
2026-09-16T08:18:10.853231487Z,11.778979,125.106971,Cloud to Cloud,12515,16423,10
2026-09-16T08:18:10.513360308Z,11.683649,125.149855,Cloud to Cloud,17142,4583,8
2026-09-16T08:18:10.827394924Z,22.961272,120.53328,Cloud to Cloud,-6694,9864,8
2026-09-16T08:18:10.655417207Z,22.977763,120.542881,Cloud to Cloud,-2419,8049,5
2026-09-16T08:18:10.821959531Z,22.957058,120.552806,Cloud to Cloud,8015,10225,8
2026-09-16T08:18:11.704146988Z,15.420344,121.026056,Cloud to Cloud,6020,18728,9
2026-09-16T08:18:11.706378000Z,15.4448,120.9104,Cloud to Ground,-8645,0,6
2026-09-16T08:18:12.911137703Z,11.980873,123.34761,Cloud to Cloud,29330,10035,12
2026-09-16T08:18:14.675502242Z,16.525655,120.61761,Cloud to Cloud,17581,6504,10
2026-09-16T08:18:14.408087703Z,14.640937,120.492474,Cloud to Cloud,-19360,5852,8
2026-09-16T08:18:14.709136751Z,14.713225,120.413252,Cloud to Ground,-15514,0,11
2026-09-16T08:18:14.757689000Z,14.6949,120.4336,Cloud to Ground,-14769,0,6
2026-09-16T08:18:14.442320920Z,14.711504,120.413613,Cloud to Ground,-12117,0,10
2026-09-16T08:18:14.800409751Z,14.713894,120.418376,Cloud to Ground,-11016,0,8
2026-09-16T08:18:14.932085993Z,14.712816,120.418749,Cloud to Ground,-9611,0,9
2026-09-16T08:18:15.059898326Z,14.71261,120.422014,Cloud to Ground,-5148,0,5
2026-09-16T08:18:17.713075044Z,0.946096,112.625638,Cloud to Ground,13988,0,14
2026-09-16T08:18:17.476602966Z,16.972649,121.731545,Cloud to Cloud,-11176,7763,8
2026-09-16T08:18:18.493278000Z,11.611,122.3909,Cloud to Ground,-12121,0,5
2026-09-16T08:18:18.169404978Z,11.551716,122.392376,Cloud to Cloud,16665,5584,7
2026-09-16T08:18:19.669838972Z,22.966388,120.463519,Cloud to Ground,-6742,0,8
2026-09-16T08:18:19.454528152Z,22.979872,120.494917,Cloud to Cloud,-2277,10846,5
2026-09-16T08:18:21.825904241Z,11.86917,125.124353,Cloud to Ground,21094,0,9
2026-09-16T08:18:22.551499224Z,16.708451,120.54924,Cloud to Ground,-62695,0,17
2026-09-16T08:18:22.258284485Z,16.70989,120.554595,Cloud to Ground,-59424,0,14
2026-09-16T08:18:22.741413701Z,16.709063,120.54653,Cloud to Ground,-44968,0,16
2026-09-16T08:18:22.343087566Z,16.7382,120.511876,Cloud to Ground,-43401,0,13
2026-09-16T08:18:22.442989212Z,16.708724,120.547445,Cloud to Ground,-35496,0,13
2026-09-16T08:18:23.269328325Z,16.708113,120.541608,Cloud to Ground,-26808,0,12
2026-09-16T08:18:22.296562568Z,16.707961,120.542421,Cloud to Ground,-20426,0,9
2026-09-16T08:18:22.624782789Z,16.757281,120.599884,Cloud to Ground,-17666,0,13
2026-09-16T08:18:22.802494662Z,16.710275,120.538977,Cloud to Ground,-13191,0,10
2026-09-16T08:18:22.902844430Z,16.707188,120.536215,Cloud to Ground,-12168,0,10
2026-09-16T08:18:22.380651691Z,16.720363,120.540859,Cloud to Cloud,9984,11242,8
2026-09-16T08:18:22.623698000Z,16.7048,120.5698,Cloud to Ground,19229,0,5
2026-09-16T08:18:22.591959109Z,12.293891,124.716151,Cloud to Cloud,14306,11648,8
2026-09-16T08:18:23.946282412Z,4.934694,118.097655,Cloud to Ground,-22549,0,13
2026-09-16T08:18:24.084765787Z,22.985244,120.54449,Cloud to Cloud,-3968,7885,6
2026-09-16T08:18:25.053874285Z,4.208141,116.477914,Cloud to Ground,-50676,0,30
2026-09-16T08:18:25.085989077Z,4.202416,116.486544,Cloud to Ground,24620,0,18
2026-09-16T08:18:25.183889768Z,4.212694,116.528104,Cloud to Ground,84350,0,24
2026-09-16T08:18:26.708682680Z,12.02951,125.457038,Cloud to Ground,-27777,0,10
2026-09-16T08:18:26.782748000Z,12.0516,125.3235,Cloud to Ground,-25714,0,6
2026-09-16T08:18:26.745155178Z,12.00457,125.246049,Cloud to Cloud,-7140,18372,8
2026-09-16T08:18:27.758461098Z,5.632208,117.650444,Cloud to Ground,55259,0,17
2026-09-16T08:18:27.720911609Z,10.32611,131.602413,Cloud to Cloud,19486,12121,8
2026-09-16T08:18:28.499529812Z,4.841174,117.887162,Cloud to Ground,-15502,0,24
2026-09-16T08:18:28.449581983Z,4.843642,117.90252,Cloud to Ground,29286,0,14
2026-09-16T08:18:28.517638869Z,16.971092,120.511868,Cloud to Cloud,-7158,5637,8
2026-09-16T08:18:28.683986917Z,17.056871,120.525383,Cloud to Cloud,-5817,5058,9
2026-09-16T08:18:28.384053692Z,17.095942,120.5577,Cloud to Ground,26860,0,6
2026-09-16T08:18:30.808610931Z,16.586338,120.698268,Cloud to Cloud,12756,19421,9
2026-09-16T08:18:31.781195442Z,16.837176,120.701218,Cloud to Ground,17069,0,7
2026-09-16T08:18:31.738188714Z,16.916814,120.63997,Cloud to Ground,-42904,0,16
2026-09-16T08:18:31.735478131Z,16.914667,120.637568,Cloud to Cloud,17985,4623,8
2026-09-16T08:18:33.218847209Z,15.970202,121.05139,Cloud to Cloud,9247,3012,8
2026-09-16T08:18:33.230418000Z,15.5069,120.9608,Cloud to Ground,2537,0,6
2026-09-16T08:18:34.968071533Z,14.661611,120.404426,Cloud to Cloud,-3434,3185,6
2026-09-16T08:18:35.234946679Z,12.329077,124.54108,Cloud to Ground,14857,0,9
2026-09-16T08:18:36.469207286Z,19.783806,123.751097,Cloud to Cloud,12066,6871,6
2026-09-16T08:18:37.843619277Z,18.08168,121.133673,Cloud to Cloud,-24787,4760,10
2026-09-16T08:18:37.433373033Z,11.767631,125.172593,Cloud to Cloud,-15468,3993,10
2026-09-16T08:18:37.360940000Z,11.8358,125.0033,Cloud to Ground,-20388,0,5
2026-09-16T08:18:37.287786462Z,11.838585,124.977019,Cloud to Ground,-12885,0,7
2026-09-16T08:18:37.882997091Z,11.828409,125.012531,Cloud to Ground,-12713,0,11
2026-09-16T08:18:37.166700000Z,11.8622,125.1001,Cloud to Ground,-57721,0,5
2026-09-16T08:18:37.236573012Z,11.920216,125.085458,Cloud to Ground,-20788,0,9
2026-09-16T08:18:38.662686717Z,6.952431,116.884033,Cloud to Cloud,12636,15428,12
2026-09-16T08:18:38.583790898Z,7.078436,116.763302,Cloud to Cloud,-29020,19966,18
2026-09-16T08:18:38.620592099Z,6.994907,116.755145,Cloud to Cloud,12334,11366,10
2026-09-16T08:18:38.580982262Z,6.996671,116.782003,Cloud to Ground,45072,0,13
2026-09-16T08:18:38.581666177Z,7.070185,116.762269,Cloud to Ground,83711,0,12
2026-09-16T08:18:38.828885669Z,16.248447,120.604299,Cloud to Ground,-11856,0,8
2026-09-16T08:18:39.186037527Z,16.54188,120.629286,Cloud to Cloud,-10117,12340,7
2026-09-16T08:18:39.124166155Z,16.642045,120.663054,Cloud to Cloud,10416,6150,11
2026-09-16T08:18:39.228032586Z,16.570025,120.706893,Cloud to Cloud,12839,3164,9
2026-09-16T08:18:39.978385568Z,12.368371,124.576414,Cloud to Cloud,-7919,11592,5
2026-09-16T08:18:39.787971434Z,12.317087,124.653266,Cloud to Cloud,27167,5035,9
2026-09-16T08:18:41.777335369Z,11.963927,121.585789,Cloud to Cloud,-5815,17114,7
2026-09-16T08:18:41.642228704Z,12.030095,121.521635,Cloud to Ground,-17403,0,7
2026-09-16T08:18:41.711658634Z,12.034864,121.523481,Cloud to Ground,-14142,0,8
2026-09-16T08:18:41.776886072Z,12.03444,121.520589,Cloud to Ground,-5131,0,5
2026-09-16T08:18:41.545663013Z,11.976559,125.411019,Cloud to Ground,36110,0,7
2026-09-16T08:18:42.089400668Z,11.79802,121.345146,Cloud to Ground,-50153,0,12
2026-09-16T08:18:41.881874039Z,11.7992,121.345145,Cloud to Ground,-24068,0,12
2026-09-16T08:18:41.919299188Z,11.801541,121.344256,Cloud to Ground,-10359,0,8
2026-09-16T08:18:42.326390972Z,11.800546,121.348571,Cloud to Ground,-9531,0,6
2026-09-16T08:18:42.944112360Z,12.589444,123.40148,Cloud to Cloud,20634,5774,12
2026-09-16T08:18:42.401561488Z,16.671258,120.537863,Cloud to Ground,19296,0,11
2026-09-16T08:18:43.460780487Z,15.984466,121.063307,Cloud to Cloud,17375,14075,11
2026-09-16T08:18:43.949644052Z,11.838208,121.411228,Cloud to Cloud,-9883,6545,9
2026-09-16T08:18:44.833532319Z,11.700444,125.23372,Cloud to Cloud,13875,18739,8
2026-09-16T08:18:45.516087000Z,10.3181,124.523,Cloud to Ground,-11995,0,6
2026-09-16T08:18:45.420460682Z,10.303829,124.478896,Cloud to Ground,36346,0,12
2026-09-16T08:18:45.752391709Z,16.145281,121.705596,Cloud to Cloud,-3866,10768,7
2026-09-16T08:18:45.749314618Z,16.143134,121.720206,Cloud to Cloud,7075,18243,7
2026-09-16T08:18:46.572954079Z,22.962426,110.959502,Cloud to Ground,-31749,0,13
2026-09-16T08:18:46.737774580Z,22.972722,110.945537,Cloud to Cloud,-11226,18427,6
2026-09-16T08:18:47.371152450Z,22.976713,120.542134,Cloud to Cloud,-3159,8227,5
2026-09-16T08:18:47.521773662Z,22.983251,120.535189,Cloud to Ground,-3007,0,6
2026-09-16T08:18:49.708568118Z,11.723819,125.580352,Cloud to Ground,20449,0,7
2026-09-16T08:18:50.848957258Z,9.950949,129.830267,Cloud to Ground,-188097,0,14
2026-09-16T08:18:50.844935755Z,9.910225,129.645482,Cloud to Ground,-24844,0,10
2026-09-16T08:18:51.017810668Z,9.956757,129.658846,Cloud to Ground,-12946,0,14
2026-09-16T08:18:51.714306633Z,16.791328,120.469785,Cloud to Cloud,8294,10669,9
2026-09-16T08:18:52.449989179Z,22.968562,120.484093,Cloud to Ground,-14366,0,9
2026-09-16T08:18:52.611587288Z,22.956827,120.494254,Cloud to Ground,-6243,0,8
2026-09-16T08:18:52.529976492Z,22.999989,120.450032,Cloud to Cloud,-4220,14111,6
2026-09-16T08:18:52.528140665Z,22.974479,120.47888,Cloud to Cloud,2688,6616,5
2026-09-16T08:18:52.467558279Z,15.788685,120.980255,Cloud to Cloud,-11274,3070,9
2026-09-16T08:18:54.472087134Z,22.983337,120.539642,Cloud to Cloud,-2065,8278,6
2026-09-16T08:18:55.386772412Z,12.434252,124.585597,Cloud to Ground,-11649,0,8
2026-09-16T08:18:55.518290726Z,12.369735,124.565387,Cloud to Cloud,10591,6889,9
2026-09-16T08:18:55.424474258Z,12.373734,124.610688,Cloud to Cloud,12124,6547,10
2026-09-16T08:18:55.531792788Z,12.374435,124.557743,Cloud to Cloud,13181,6906,7
2026-09-16T08:18:56.130976517Z,5.666222,117.662004,Cloud to Ground,20573,0,12
2026-09-16T08:18:56.043694162Z,11.540784,122.391949,Cloud to Cloud,12647,17907,8
2026-09-16T08:18:56.073113480Z,11.524581,122.419407,Cloud to Cloud,14355,5606,7
2026-09-16T08:18:59.429947000Z,11.7815,125.2353,Cloud to Ground,10281,0,7
2026-09-16T08:19:00.198372343Z,10.373562,131.772403,Cloud to Ground,10230,0,11
2026-09-16T08:19:00.977257485Z,10.432193,131.73184,Cloud to Cloud,-9526,14663,15
2026-09-16T08:19:00.983984437Z,10.416466,131.729277,Cloud to Cloud,12826,3026,10
2026-09-16T08:19:00.544693477Z,10.390729,131.599589,Cloud to Cloud,-11074,4090,16
2026-09-16T08:19:00.448680966Z,12.031664,125.504311,Cloud to Cloud,8620,15040,6
2026-09-16T08:19:01.265318616Z,10.457558,131.878431,Cloud to Cloud,23862,5053,12
2026-09-16T08:19:01.951117357Z,22.97089,120.538545,Cloud to Cloud,-2698,8976,6
2026-09-16T08:19:01.948126123Z,22.973263,120.525409,Cloud to Cloud,2535,3002,6
2026-09-16T08:19:02.443691890Z,17.107788,120.528732,Cloud to Ground,-9622,0,7
2026-09-16T08:19:02.067660076Z,13.123252,123.725845,Cloud to Cloud,13431,6531,10
2026-09-16T08:19:02.893656212Z,14.460957,120.998865,Cloud to Cloud,8201,13911,6
2026-09-16T08:19:04.034285510Z,11.762932,125.09378,Cloud to Cloud,11729,15595,7
2026-09-16T08:19:03.850153002Z,11.749119,125.04024,Cloud to Cloud,15070,17991,10
2026-09-16T08:19:03.281060034Z,13.685397,121.696255,Cloud to Cloud,11621,19054,6
2026-09-16T08:19:04.927613080Z,10.286638,124.477067,Cloud to Ground,13492,0,9
2026-09-16T08:19:04.981056462Z,12.869527,124.019478,Cloud to Cloud,15128,6602,8
2026-09-16T08:19:04.976586104Z,12.871943,124.021526,Cloud to Cloud,19713,3304,11
2026-09-16T08:19:04.490972627Z,12.298881,124.793122,Cloud to Cloud,14865,17937,9
2026-09-16T08:19:05.673396266Z,18.331181,120.975157,Cloud to Ground,-10537,0,10
2026-09-16T08:19:05.735017992Z,18.336518,120.907924,Cloud to Cloud,9081,19746,5
2026-09-16T08:19:06.685742355Z,16.648866,120.624629,Cloud to Cloud,5311,5027,8
2026-09-16T08:19:06.133937204Z,13.89972,120.604604,Cloud to Cloud,-6202,6698,8
2026-09-16T08:19:07.323165089Z,11.918527,121.300646,Cloud to Ground,15933,0,10
2026-09-16T08:19:07.317632165Z,11.919444,121.307126,Cloud to Ground,16861,0,8
2026-09-16T08:19:08.446540264Z,11.596904,125.001551,Cloud to Ground,-15513,0,9
2026-09-16T08:19:08.665587587Z,11.817436,125.134726,Cloud to Ground,22918,0,5
2026-09-16T08:19:08.460496520Z,11.239605,125.250581,Cloud to Ground,16136,0,10
2026-09-16T08:19:09.762479428Z,15.795019,120.919727,Cloud to Cloud,-5007,3698,6
2026-09-16T08:19:10.730475101Z,16.893887,120.660301,Cloud to Cloud,-9701,12318,8
2026-09-16T08:19:10.450962866Z,16.776193,120.703885,Cloud to Cloud,11325,17684,7
2026-09-16T08:19:10.784894456Z,15.338793,120.99064,Cloud to Cloud,12069,3020,10
2026-09-16T08:19:10.460651292Z,11.986617,125.479484,Cloud to Ground,-59327,0,8
2026-09-16T08:19:10.361421963Z,12.022975,125.368022,Cloud to Ground,-24287,0,24
2026-09-16T08:19:10.561667167Z,22.970749,120.539735,Cloud to Cloud,-3560,9690,5
2026-09-16T08:19:14.420389863Z,16.717361,120.556978,Cloud to Cloud,5263,9906,7
2026-09-16T08:19:14.910458951Z,15.758402,120.96563,Cloud to Cloud,12795,6747,11
2026-09-16T08:19:16.893661901Z,16.153719,121.100884,Cloud to Cloud,-16477,11824,12
2026-09-16T08:19:17.202814858Z,4.226438,116.407074,Cloud to Ground,11072,0,11
2026-09-16T08:19:17.522687103Z,17.017347,120.514191,Cloud to Cloud,8605,14117,8
2026-09-16T08:19:17.510934222Z,17.018538,120.519934,Cloud to Cloud,21839,4147,13
2026-09-16T08:19:17.888755729Z,14.400575,120.913818,Cloud to Cloud,6152,8603,7
2026-09-16T08:19:18.118619662Z,2.537114,112.798407,Cloud to Ground,-31909,0,13
2026-09-16T08:19:18.210342000Z,2.5998,112.7204,Cloud to Ground,27164,0,5
2026-09-16T08:19:18.297603454Z,2.550453,112.757881,Cloud to Ground,36271,0,16
2026-09-16T08:19:18.132902927Z,2.541934,112.801874,Cloud to Ground,118842,0,27
2026-09-16T08:19:18.915982937Z,16.002317,121.056237,Cloud to Cloud,9734,6607,7
2026-09-16T08:19:18.900939814Z,13.916917,120.624376,Cloud to Cloud,-5112,16632,8
2026-09-16T08:19:18.620254614Z,22.726826,120.462446,Cloud to Cloud,4461,19370,5
2026-09-16T08:19:18.629623268Z,22.695043,120.474933,Cloud to Cloud,4692,15135,7
2026-09-16T08:19:18.621833356Z,22.743375,120.474487,Cloud to Cloud,5018,18110,7
2026-09-16T08:19:19.630194140Z,10.297629,132.779857,Cloud to Ground,-26058,0,26
2026-09-16T08:19:19.687603110Z,10.249371,132.704357,Cloud to Ground,-19227,0,23
2026-09-16T08:19:19.652782343Z,10.213204,132.719381,Cloud to Ground,-16472,0,27
2026-09-16T08:19:19.252346840Z,15.340138,121.014767,Cloud to Cloud,9041,13120,9
2026-09-16T08:19:19.213477850Z,15.407804,120.971662,Cloud to Cloud,21572,19399,12
2026-09-16T08:19:21.680582197Z,14.640759,120.341256,Cloud to Cloud,5209,5882,7
2026-09-16T08:19:22.493666960Z,11.814981,125.152423,Cloud to Ground,24184,0,8
2026-09-16T08:19:23.925796428Z,4.813515,118.127108,Cloud to Ground,-47960,0,18
2026-09-16T08:19:23.994907470Z,4.806565,118.094222,Cloud to Cloud,-18073,7902,27
2026-09-16T08:19:23.993931395Z,4.785717,118.106171,Cloud to Ground,-11471,0,19
2026-09-16T08:19:24.446217515Z,4.807476,118.132342,Cloud to Ground,12825,0,9
2026-09-16T08:19:24.097345675Z,4.799081,118.119476,Cloud to Ground,14264,0,11
2026-09-16T08:19:24.048543013Z,4.777514,118.101062,Cloud to Ground,44455,0,16
2026-09-16T08:19:24.303499821Z,4.806228,118.127246,Cloud to Ground,100488,0,21
2026-09-16T08:19:24.287609338Z,12.314793,124.600251,Cloud to Ground,-76537,0,8
2026-09-16T08:19:23.851331361Z,12.346291,124.561863,Cloud to Cloud,10998,15772,7
2026-09-16T08:19:23.905936649Z,12.34986,124.567357,Cloud to Cloud,11643,19362,7
2026-09-16T08:19:26.309606113Z,5.610865,117.597837,Cloud to Ground,18953,0,8
2026-09-16T08:19:25.988437027Z,5.615205,117.65803,Cloud to Ground,38426,0,13
2026-09-16T08:19:25.647077403Z,11.945189,125.443201,Cloud to Ground,16758,0,7
2026-09-16T08:19:25.281946610Z,11.937095,125.414727,Cloud to Ground,30104,0,10
2026-09-16T08:19:26.149147500Z,5.730664,117.601904,Cloud to Ground,-23988,0,22
2026-09-16T08:19:29.848829723Z,11.177135,119.528669,Cloud to Cloud,42607,6923,10
2026-09-16T08:19:29.400795172Z,22.988802,120.537055,Cloud to Cloud,-3437,8675,5
2026-09-16T08:19:30.096806153Z,11.671938,121.954119,Cloud to Cloud,37793,18738,8
2026-09-16T08:19:31.513697653Z,14.697652,120.463591,Cloud to Cloud,-12970,5085,7
2026-09-16T08:19:31.760278133Z,11.738436,122.100917,Cloud to Cloud,8092,13066,7
2026-09-16T08:19:31.280631203Z,13.136806,123.710513,Cloud to Cloud,-19625,10250,8
2026-09-16T08:19:32.782345910Z,10.351799,131.652122,Cloud to Cloud,13661,8993,11
2026-09-16T08:19:32.814264047Z,10.371534,131.766438,Cloud to Ground,18984,0,20
2026-09-16T08:19:33.224571712Z,10.382532,131.775176,Cloud to Ground,25495,0,17
2026-09-16T08:19:33.022682574Z,22.948656,120.503932,Cloud to Cloud,-3953,10859,7
2026-09-16T08:19:33.032661621Z,22.954947,120.503751,Cloud to Cloud,-2498,9164,6
2026-09-16T08:19:34.344401403Z,12.265918,124.745217,Cloud to Ground,18672,0,11
2026-09-16T08:19:35.762207918Z,16.991199,120.528702,Cloud to Cloud,-10453,16919,6
2026-09-16T08:19:35.834155436Z,16.990066,120.515356,Cloud to Cloud,5296,8926,7
2026-09-16T08:19:35.535636265Z,17.021064,120.498466,Cloud to Cloud,6754,9292,6
2026-09-16T08:19:35.499856770Z,13.880218,120.633722,Cloud to Ground,-12686,0,8
2026-09-16T08:19:38.474534143Z,10.669998,130.680199,Cloud to Ground,-150047,0,18
2026-09-16T08:19:38.728817774Z,10.72963,130.625137,Cloud to Ground,-35195,0,14
2026-09-16T08:19:38.470579697Z,10.655158,130.687649,Cloud to Ground,-29063,0,21
2026-09-16T08:19:38.621115630Z,10.754118,130.63372,Cloud to Cloud,-27334,3189,33
2026-09-16T08:19:38.680712359Z,10.660233,130.497836,Cloud to Ground,-16660,0,9
2026-09-16T08:19:38.736875720Z,10.666424,130.521891,Cloud to Ground,-12932,0,12
2026-09-16T08:19:37.920309718Z,11.859145,125.145193,Cloud to Ground,-15953,0,9
2026-09-16T08:19:38.007160030Z,11.789958,125.093183,Cloud to Ground,16854,0,6
2026-09-16T08:19:40.426721423Z,12.300383,124.555788,Cloud to Ground,-16529,0,10
2026-09-16T08:19:40.442808831Z,12.301694,124.566759,Cloud to Cloud,-6404,19169,6
2026-09-16T08:19:40.478936299Z,12.239965,124.541056,Cloud to Cloud,13133,18066,10
2026-09-16T08:19:40.029822414Z,12.221057,124.543657,Cloud to Cloud,15006,3003,8
2026-09-16T08:19:41.806001647Z,22.972537,120.541616,Cloud to Cloud,-4793,12305,8
2026-09-16T08:19:41.798028013Z,22.969019,120.547852,Cloud to Cloud,-3864,5018,7
2026-09-16T08:19:41.637541921Z,22.964363,120.533852,Cloud to Cloud,-3856,8831,7
2026-09-16T08:19:41.778655809Z,22.986997,120.539559,Cloud to Cloud,-2344,12024,6
2026-09-16T08:19:41.021951142Z,12.398966,124.852886,Cloud to Cloud,18746,15646,8
2026-09-16T08:19:42.205799022Z,16.7917,120.497817,Cloud to Ground,-37320,0,13
2026-09-16T08:19:42.772069722Z,16.7676,120.495075,Cloud to Cloud,-15122,10095,12
2026-09-16T08:19:42.494254092Z,16.766152,120.490213,Cloud to Cloud,-8502,3010,9
2026-09-16T08:19:42.379115000Z,16.7902,120.4388,Cloud to Ground,26907,0,5
2026-09-16T08:19:41.801003259Z,16.717892,120.522142,Cloud to Cloud,29851,15077,9
2026-09-16T08:19:43.187686604Z,10.302547,124.467314,Cloud to Ground,25248,0,8
2026-09-16T08:19:43.286537040Z,14.465298,120.892453,Cloud to Cloud,13569,6328,6
2026-09-16T08:19:45.043106609Z,22.960578,120.491527,Cloud to Ground,-3489,0,7
2026-09-16T08:19:46.789206000Z,12.0124,125.4025,Cloud to Ground,11660,0,5
2026-09-16T08:19:46.428683948Z,11.945679,125.413983,Cloud to Cloud,18252,13986,7
2026-09-16T08:19:46.363220989Z,11.986583,125.410392,Cloud to Ground,31376,0,7
2026-09-16T08:19:47.456526270Z,5.59208,122.69996,Cloud to Ground,32799,0,17
2026-09-16T08:19:47.841039634Z,11.828846,125.116335,Cloud to Cloud,10859,17355,9
2026-09-16T08:19:47.185027697Z,17.001704,120.518603,Cloud to Ground,-61042,0,14
2026-09-16T08:19:48.278752607Z,11.679202,125.177669,Cloud to Cloud,-20572,3086,7
2026-09-16T08:19:48.174025663Z,11.742871,122.010194,Cloud to Ground,-22956,0,9
2026-09-16T08:19:48.614145146Z,11.700833,121.948548,Cloud to Ground,-17459,0,6
2026-09-16T08:19:48.614732803Z,11.710196,121.956147,Cloud to Ground,-10369,0,7
2026-09-16T08:19:49.092451529Z,16.267023,121.827241,Cloud to Ground,-130349,0,10
2026-09-16T08:19:49.978816000Z,20.5662,117.8402,Cloud to Ground,-26980,0,5
2026-09-16T08:19:51.599689949Z,11.303603,125.297558,Cloud to Ground,-18814,0,9
2026-09-16T08:19:54.458543292Z,11.532843,122.429721,Cloud to Cloud,13854,14821,8
2026-09-16T08:19:54.454292500Z,11.692303,122.338743,Cloud to Cloud,21734,5768,11
2026-09-16T08:19:54.189171621Z,11.812816,125.13443,Cloud to Cloud,13082,18014,5
2026-09-16T08:19:56.577023415Z,5.651515,117.649769,Cloud to Cloud,10915,3268,9
2026-09-16T08:19:56.510842359Z,5.657407,117.695746,Cloud to Ground,22270,0,9
2026-09-16T08:19:56.341744238Z,5.652081,117.686811,Cloud to Ground,30917,0,7
2026-09-16T08:19:56.186687215Z,5.654804,117.642051,Cloud to Ground,38229,0,13
2026-09-16T08:19:56.674522404Z,22.586727,110.971945,Cloud to Cloud,-47158,7845,11
2026-09-16T08:19:56.673616251Z,22.548556,111.003743,Cloud to Ground,31403,0,10
2026-09-16T08:19:56.573235000Z,12.6646,123.4051,Cloud to Ground,-20635,0,9
2026-09-16T08:19:56.572115446Z,12.609985,123.427623,Cloud to Ground,69281,0,9
2026-09-16T08:19:56.064596312Z,22.960716,120.54404,Cloud to Cloud,-3366,5651,5
2026-09-16T08:19:57.698140153Z,12.323432,124.582943,Cloud to Ground,27838,0,10
2026-09-16T08:19:58.072080000Z,13.9467,120.5311,Cloud to Ground,-15707,0,7
2026-09-16T08:19:59.306587126Z,15.815124,121.017975,Cloud to Cloud,6737,8978,9
2026-09-16T08:19:59.315955067Z,15.79592,120.986994,Cloud to Cloud,8048,12058,8
2026-09-16T08:20:00.820527977Z,13.804269,122.779473,Cloud to Cloud,12805,3731,8
2026-09-16T08:20:00.513871113Z,17.012504,120.52102,Cloud to Ground,-21001,0,12
2026-09-16T08:20:00.528925752Z,17.020124,120.528463,Cloud to Cloud,6728,3839,6
2026-09-16T08:20:00.619040881Z,17.018808,120.524154,Cloud to Cloud,8510,5878,6
2026-09-16T08:20:00.508579331Z,17.019576,120.546667,Cloud to Cloud,11372,3509,10
2026-09-16T08:20:00.045744316Z,13.745487,121.653685,Cloud to Cloud,4595,15187,6
2026-09-16T08:20:00.142341576Z,16.10571,121.030419,Cloud to Cloud,10227,4351,10
2026-09-16T08:20:01.811756500Z,11.772755,125.103372,Cloud to Ground,-14787,0,7
2026-09-16T08:20:03.347193496Z,19.537629,123.465628,Cloud to Cloud,5419,19826,6
2026-09-16T08:20:03.357484593Z,19.528098,123.470054,Cloud to Cloud,13384,3009,7
2026-09-16T08:20:04.711126719Z,10.257402,132.702331,Cloud to Ground,-20960,0,26
2026-09-16T08:20:04.739335812Z,10.279715,132.833714,Cloud to Cloud,12937,18490,7
2026-09-16T08:20:04.461355072Z,11.693873,122.091149,Cloud to Cloud,4645,19139,5
2026-09-16T08:20:05.249160640Z,10.465026,131.815134,Cloud to Ground,-9435,0,11
2026-09-16T08:20:06.031348505Z,14.468021,120.992634,Cloud to Cloud,-3488,3968,6
2026-09-16T08:20:08.466489804Z,16.413859,120.672529,Cloud to Ground,-16752,0,11
2026-09-16T08:20:08.471956719Z,16.516656,120.597807,Cloud to Ground,-97148,0,14
2026-09-16T08:20:08.616226129Z,16.508264,120.579014,Cloud to Ground,-45567,0,8
2026-09-16T08:20:08.661679938Z,16.517215,120.586535,Cloud to Ground,-34195,0,13
2026-09-16T08:20:08.690814870Z,16.514683,120.586516,Cloud to Ground,-33047,0,13
2026-09-16T08:20:08.742525315Z,16.496661,120.600327,Cloud to Ground,-28440,0,11
2026-09-16T08:20:08.768464960Z,16.518819,120.577963,Cloud to Ground,-17265,0,8
2026-09-16T08:20:09.752874321Z,16.683042,120.516931,Cloud to Ground,-47740,0,12
2026-09-16T08:20:10.294572983Z,16.688381,120.522175,Cloud to Ground,-35802,0,13
2026-09-16T08:20:10.050702752Z,16.684035,120.514994,Cloud to Ground,-30371,0,11
2026-09-16T08:20:09.996116960Z,16.68519,120.513759,Cloud to Ground,-24807,0,11
2026-09-16T08:20:09.613114945Z,16.678536,120.495178,Cloud to Cloud,-23254,6934,9
2026-09-16T08:20:10.099418724Z,16.679996,120.508654,Cloud to Ground,-21495,0,6
2026-09-16T08:20:10.411336737Z,16.687662,120.515066,Cloud to Ground,-16879,0,7
2026-09-16T08:20:09.668415481Z,16.681681,120.504696,Cloud to Ground,-14699,0,12
2026-09-16T08:20:09.693484328Z,16.685404,120.502628,Cloud to Ground,-12044,0,9
2026-09-16T08:20:10.296980373Z,16.686305,120.496021,Cloud to Cloud,14116,13366,6
2026-09-16T08:20:09.575797995Z,6.87792,116.580113,Cloud to Cloud,-36784,5012,8
2026-09-16T08:20:09.569088046Z,6.932379,116.615187,Cloud to Ground,-13085,0,11
2026-09-16T08:20:10.151602703Z,6.887115,116.569811,Cloud to Ground,19106,0,7
2026-09-16T08:20:10.032619428Z,6.889051,116.57016,Cloud to Ground,25885,0,7
2026-09-16T08:20:10.446531000Z,6.9104,116.6115,Cloud to Ground,56530,0,12
2026-09-16T08:20:10.130220233Z,6.922478,116.609354,Cloud to Ground,63586,0,15
2026-09-16T08:20:10.995437192Z,10.316278,124.474025,Cloud to Ground,-98385,0,13
2026-09-16T08:20:11.236652000Z,10.3525,124.4326,Cloud to Ground,-43395,0,12
2026-09-16T08:20:11.336057000Z,10.3698,124.4762,Cloud to Ground,-38815,0,8
2026-09-16T08:20:11.286599458Z,10.325955,124.483051,Cloud to Ground,-18222,0,10
2026-09-16T08:20:10.415599303Z,16.680124,120.646958,Cloud to Cloud,-10737,5115,8
2026-09-16T08:20:11.579964000Z,12.0259,125.313,Cloud to Ground,30063,0,6
2026-09-16T08:20:13.673456372Z,15.932967,121.507363,Cloud to Ground,30708,0,13
2026-09-16T08:20:13.454809654Z,22.97154,120.543431,Cloud to Cloud,-6057,8997,7
2026-09-16T08:20:13.453319047Z,22.955968,120.537773,Cloud to Cloud,-4774,11542,7
2026-09-16T08:20:13.450977330Z,22.982384,120.542494,Cloud to Cloud,-3277,10044,6
2026-09-16T08:20:13.545891330Z,22.959301,120.541677,Cloud to Cloud,4397,7111,7
2026-09-16T08:20:18.614124892Z,4.107566,116.553611,Cloud to Ground,106281,0,12
2026-09-16T08:20:19.391907162Z,16.80292,120.454156,Cloud to Cloud,6328,7808,7
2026-09-16T08:20:20.220905013Z,17.010023,121.568619,Cloud to Cloud,-19918,4985,7
2026-09-16T08:20:20.236579166Z,16.962052,121.600482,Cloud to Cloud,8549,15403,7
2026-09-16T08:20:20.922401571Z,12.392752,124.561796,Cloud to Ground,-10266,0,7
2026-09-16T08:20:21.531124666Z,16.488103,120.392446,Cloud to Cloud,-12066,3004,11
2026-09-16T08:20:21.117899305Z,16.972163,120.468857,Cloud to Cloud,5441,12290,7
2026-09-16T08:20:21.106465170Z,17.004094,120.488281,Cloud to Cloud,10371,3008,7
2026-09-16T08:20:21.909818437Z,11.726103,125.040913,Cloud to Cloud,5934,10177,7
2026-09-16T08:20:22.008509381Z,11.734347,125.044911,Cloud to Cloud,7722,4483,8
2026-09-16T08:20:21.785770406Z,11.737961,125.054132,Cloud to Cloud,15159,17150,7
2026-09-16T08:20:21.669411400Z,11.684987,125.04597,Cloud to Cloud,16862,16443,10
2026-09-16T08:20:21.928619915Z,22.986465,120.535694,Cloud to Cloud,-1901,8036,6
2026-09-16T08:20:23.454401280Z,16.145443,121.827693,Cloud to Cloud,26183,11743,10
2026-09-16T08:20:24.837449013Z,5.661058,117.667363,Cloud to Ground,19269,0,17
2026-09-16T08:20:24.681079479Z,10.572855,130.97533,Cloud to Ground,26541,0,15
2026-09-16T08:20:24.725573741Z,11.88451,125.144832,Cloud to Ground,-40843,0,8
2026-09-16T08:20:24.746004926Z,13.878073,120.587392,Cloud to Ground,-10250,0,8
2026-09-16T08:20:26.465020053Z,15.821479,120.920141,Cloud to Cloud,-5040,3162,10
2026-09-16T08:20:28.691174116Z,4.602768,117.293033,Cloud to Ground,22405,0,17
2026-09-16T08:20:28.736156008Z,15.57591,120.958941,Cloud to Cloud,-5565,16392,8
2026-09-16T08:20:28.744757270Z,15.47557,121.062833,Cloud to Cloud,-11471,8700,11
2026-09-16T08:20:29.161923662Z,22.966405,120.538567,Cloud to Cloud,-4680,14787,8
2026-09-16T08:20:31.398090929Z,5.656708,117.640463,Cloud to Cloud,-9412,3001,7
2026-09-16T08:20:34.923557544Z,9.961904,129.895839,Cloud to Ground,-32416,0,12
2026-09-16T08:20:34.960816059Z,9.95298,129.741263,Cloud to Ground,-13912,0,12
2026-09-16T08:20:34.680660292Z,12.342092,124.593,Cloud to Cloud,-35590,19883,12
2026-09-16T08:20:34.802994000Z,11.7452,121.9963,Cloud to Ground,-21920,0,8
2026-09-16T08:20:34.698956982Z,11.747131,122.041998,Cloud to Ground,-18690,0,9
2026-09-16T08:20:34.461982366Z,11.746827,122.041863,Cloud to Ground,-15874,0,6
2026-09-16T08:20:34.607342491Z,11.747349,122.034895,Cloud to Ground,-5250,0,5
2026-09-16T08:20:34.205074000Z,11.7636,121.903,Cloud to Ground,-29359,0,7
2026-09-16T08:20:36.083729398Z,12.037706,125.48419,Cloud to Ground,23249,0,11
2026-09-16T08:20:36.133204000Z,11.6295,122.2565,Cloud to Ground,-56782,0,6
2026-09-16T08:20:36.373518000Z,11.6157,122.3437,Cloud to Ground,-33277,0,5
2026-09-16T08:20:38.708055392Z,16.969254,120.38013,Cloud to Cloud,-19352,7915,8
2026-09-16T08:20:38.920236522Z,15.945941,121.449433,Cloud to Ground,-115434,0,16
2026-09-16T08:20:38.960023969Z,15.947114,121.455373,Cloud to Ground,-33564,0,12
2026-09-16T08:20:39.064944275Z,16.026748,121.439332,Cloud to Ground,-18635,0,16
2026-09-16T08:20:39.107690851Z,15.946827,121.45141,Cloud to Ground,-12673,0,9
2026-09-16T08:20:38.678742738Z,17.009987,120.484858,Cloud to Cloud,7893,14338,8
2026-09-16T08:20:39.154990103Z,17.002432,120.544404,Cloud to Cloud,20561,5956,11
2026-09-16T08:20:39.318032534Z,12.415554,124.833237,Cloud to Ground,-17992,0,10
2026-09-16T08:20:40.822684201Z,12.240105,124.763598,Cloud to Cloud,-17574,6624,8
2026-09-16T08:20:40.828215949Z,12.303514,124.884686,Cloud to Cloud,-19835,4399,8
2026-09-16T08:20:40.744232204Z,12.363743,124.881478,Cloud to Cloud,9298,11471,6
2026-09-16T08:20:41.751916933Z,10.372652,131.749492,Cloud to Cloud,-22602,15819,14
2026-09-16T08:20:41.753451331Z,10.389305,131.772036,Cloud to Ground,9255,0,16
2026-09-16T08:20:41.628486858Z,16.078698,120.992863,Cloud to Cloud,21118,3041,9
2026-09-16T08:20:42.554095026Z,10.235892,132.708068,Cloud to Ground,-18376,0,13
2026-09-16T08:20:42.577381725Z,10.223678,132.857313,Cloud to Cloud,13545,18621,13
2026-09-16T08:20:43.591993783Z,11.888894,125.489141,Cloud to Cloud,9638,13940,7
2026-09-16T08:20:45.037059125Z,11.785167,121.336351,Cloud to Ground,-34889,0,10
2026-09-16T08:20:45.077158940Z,11.784601,121.336967,Cloud to Ground,-25894,0,9
2026-09-16T08:20:45.144443012Z,11.778299,121.346052,Cloud to Ground,-13086,0,6
2026-09-16T08:20:45.901126258Z,22.978469,120.533307,Cloud to Cloud,3762,5974,6
2026-09-16T08:20:46.257587899Z,15.797017,120.995786,Cloud to Ground,-19479,0,12
2026-09-16T08:20:46.371916399Z,16.071058,121.122099,Cloud to Cloud,12285,11860,8
2026-09-16T08:20:46.329832699Z,16.070421,121.115464,Cloud to Cloud,18911,4097,7
2026-09-16T08:20:47.741938918Z,11.818613,125.064355,Cloud to Ground,-68218,0,14
2026-09-16T08:20:47.897116000Z,11.8596,125.0547,Cloud to Ground,-25366,0,6
2026-09-16T08:20:47.241324445Z,11.739134,125.031947,Cloud to Cloud,22323,16011,8
2026-09-16T08:20:47.680254000Z,11.793,121.958,Cloud to Ground,8753,0,5
2026-09-16T08:20:48.745022386Z,10.264906,124.497638,Cloud to Cloud,-16957,3005,9
2026-09-16T08:20:48.782765796Z,11.689662,125.557243,Cloud to Cloud,-12848,19027,15
2026-09-16T08:20:49.832092707Z,16.523346,120.585534,Cloud to Cloud,6326,14744,7
2026-09-16T08:20:50.010678200Z,16.521577,120.576852,Cloud to Cloud,6904,3005,10
2026-09-16T08:20:49.819859096Z,16.522269,120.609408,Cloud to Cloud,30585,3769,11
2026-09-16T08:20:49.545350219Z,11.864461,121.451568,Cloud to Cloud,20091,17997,7
2026-09-16T08:20:49.550425000Z,11.8562,121.4499,Cloud to Ground,20650,0,5
2026-09-16T08:20:49.260038000Z,11.6138,125.4941,Cloud to Ground,-14947,0,6
2026-09-16T08:20:51.800271938Z,17.056182,120.504666,Cloud to Ground,18559,0,10
2026-09-16T08:20:51.338717535Z,17.019642,120.508457,Cloud to Ground,30708,0,12
2026-09-16T08:20:51.391356023Z,22.923459,120.503514,Cloud to Cloud,-3603,17858,7
2026-09-16T08:20:52.795083835Z,15.28878,120.984884,Cloud to Cloud,-19814,3017,8
2026-09-16T08:20:52.794240537Z,15.266967,120.996481,Cloud to Cloud,-17877,6385,11
2026-09-16T08:20:53.141890220Z,15.336922,120.967504,Cloud to Cloud,-5568,8602,7
2026-09-16T08:20:53.911793452Z,5.441204,117.815046,Cloud to Ground,-49619,0,16
2026-09-16T08:20:53.902028611Z,5.422296,117.806292,Cloud to Ground,-34302,0,20
2026-09-16T08:20:53.940045406Z,5.402797,117.782994,Cloud to Ground,30132,0,11
2026-09-16T08:20:54.186773371Z,5.508084,117.750669,Cloud to Ground,-21936,0,21
2026-09-16T08:20:55.305995949Z,16.088702,121.008371,Cloud to Cloud,17404,9830,6
2026-09-16T08:20:56.205864911Z,17.176777,120.491755,Cloud to Cloud,-7642,14890,6
2026-09-16T08:20:56.845229926Z,18.247182,121.258835,Cloud to Cloud,12764,6687,7
2026-09-16T08:20:57.226596751Z,10.421273,131.852661,Cloud to Cloud,10922,4435,7
2026-09-16T08:20:58.505484285Z,16.148626,121.723219,Cloud to Cloud,13625,6311,9
2026-09-16T08:20:59.998261804Z,16.068581,120.958151,Cloud to Cloud,-9146,7083,7
2026-09-16T08:20:59.978227024Z,16.063423,120.95278,Cloud to Cloud,-5456,17061,7
2026-09-16T08:20:59.047787390Z,17.761123,121.845726,Cloud to Cloud,12928,3076,11
2026-09-16T08:21:01.317544677Z,16.280878,121.907734,Cloud to Cloud,-7973,18792,6
2026-09-16T08:21:01.344773126Z,16.246276,121.791434,Cloud to Cloud,7245,3947,6
2026-09-16T08:21:03.468215220Z,13.181053,123.728103,Cloud to Cloud,-25430,5176,9
2026-09-16T08:21:03.466624047Z,13.139509,123.71661,Cloud to Cloud,27389,5831,10
2026-09-16T08:21:04.240892755Z,10.597062,130.884467,Cloud to Ground,28135,0,26
2026-09-16T08:21:04.214061336Z,10.510736,130.919019,Cloud to Ground,8384,0,10
2026-09-16T08:21:04.206606620Z,10.531712,130.726061,Cloud to Cloud,-11192,3025,16
2026-09-16T08:21:04.207362958Z,10.520294,130.72363,Cloud to Cloud,-10380,6945,14
2026-09-16T08:21:04.871042863Z,11.853249,121.377061,Cloud to Ground,31569,0,14
2026-09-16T08:21:05.671279343Z,4.836146,118.015541,Cloud to Ground,-22667,0,14
2026-09-16T08:21:05.588817187Z,14.566597,120.377887,Cloud to Cloud,15257,18314,10
2026-09-16T08:21:05.434782182Z,14.624541,120.495543,Cloud to Cloud,-48337,6136,14
2026-09-16T08:21:05.579410156Z,14.716018,120.444753,Cloud to Ground,-23957,0,7
2026-09-16T08:21:05.515259529Z,14.710068,120.43444,Cloud to Ground,-17586,0,8
2026-09-16T08:21:05.700985908Z,11.942791,125.404816,Cloud to Ground,24751,0,9
2026-09-16T08:21:05.801128000Z,11.6499,122.3,Cloud to Ground,-20024,0,7
2026-09-16T08:21:06.466780040Z,5.009114,117.84745,Cloud to Ground,-26392,0,18
2026-09-16T08:21:06.475120791Z,4.837121,117.934574,Cloud to Ground,17338,0,17
2026-09-16T08:21:06.325756386Z,4.948596,117.917615,Cloud to Cloud,-32869,3029,16
2026-09-16T08:21:07.885463674Z,15.944164,120.967896,Cloud to Ground,-26789,0,9
2026-09-16T08:21:08.040833316Z,15.945377,120.964901,Cloud to Ground,-15071,0,8
2026-09-16T08:21:08.302420502Z,15.946226,120.964499,Cloud to Ground,-11537,0,8
2026-09-16T08:21:08.140356228Z,15.518897,120.987391,Cloud to Ground,-11175,0,7
2026-09-16T08:21:08.044701832Z,16.042525,121.000196,Cloud to Cloud,13351,6931,11
2026-09-16T08:21:08.282576000Z,12.1779,124.6619,Cloud to Ground,-3235,0,5
2026-09-16T08:21:08.876138000Z,11.8633,125.2268,Cloud to Ground,38511,0,5
2026-09-16T08:21:09.744215911Z,16.630996,120.599191,Cloud to Ground,-29501,0,12
2026-09-16T08:21:09.828612528Z,16.631419,120.593473,Cloud to Ground,-18698,0,12
2026-09-16T08:21:10.097462583Z,16.632568,120.5992,Cloud to Ground,-17187,0,11
2026-09-16T08:21:09.886437424Z,16.631979,120.58633,Cloud to Ground,-16477,0,9
2026-09-16T08:21:09.666600303Z,16.651323,120.5844,Cloud to Cloud,-11601,7353,8
2026-09-16T08:21:09.566719176Z,11.796384,125.053147,Cloud to Ground,-16134,0,6
2026-09-16T08:21:09.363250171Z,22.964639,120.546781,Cloud to Cloud,-6513,8709,8
2026-09-16T08:21:09.745788867Z,16.50269,120.598607,Cloud to Cloud,-17765,16948,8
2026-09-16T08:21:10.425761159Z,16.516431,120.692808,Cloud to Ground,19712,0,10
2026-09-16T08:21:10.434876000Z,16.5368,120.6338,Cloud to Ground,20990,0,5
2026-09-16T08:21:10.129912597Z,22.949325,120.49126,Cloud to Cloud,2601,3000,6
2026-09-16T08:21:11.763085137Z,15.954291,120.94193,Cloud to Cloud,35355,19093,11
2026-09-16T08:21:12.482944170Z,11.738482,122.021502,Cloud to Ground,-26940,0,6
2026-09-16T08:21:12.343559000Z,11.7762,121.985,Cloud to Ground,-17273,0,6
2026-09-16T08:21:13.237854162Z,11.734118,122.014971,Cloud to Ground,-11689,0,8
2026-09-16T08:21:13.082338592Z,11.735747,122.013734,Cloud to Ground,-10584,0,7
2026-09-16T08:21:12.927294455Z,11.735483,122.016101,Cloud to Ground,-10211,0,6
2026-09-16T08:21:13.537803345Z,11.736387,122.012701,Cloud to Ground,-9802,0,5
2026-09-16T08:21:13.027504189Z,11.735697,122.01421,Cloud to Ground,-9229,0,6
2026-09-16T08:21:12.515368988Z,11.735413,122.013917,Cloud to Ground,-7912,0,5
2026-09-16T08:21:14.730837086Z,22.976788,110.946653,Cloud to Ground,26315,0,9
2026-09-16T08:21:15.797788694Z,5.929196,117.989722,Cloud to Ground,-13872,0,20
2026-09-16T08:21:15.317462897Z,11.74757,121.750002,Cloud to Cloud,10712,12062,6
2026-09-16T08:21:15.290846611Z,11.699335,121.778219,Cloud to Ground,70634,0,12
2026-09-16T08:21:16.067604739Z,5.854942,118.043766,Cloud to Cloud,-14391,15472,13
2026-09-16T08:21:18.996390894Z,11.567913,122.341857,Cloud to Cloud,-5829,17779,5
2026-09-16T08:21:19.045075825Z,17.046737,120.806671,Cloud to Ground,-9243,0,9
2026-09-16T08:21:19.201241109Z,17.03185,120.822493,Cloud to Ground,37950,0,12
2026-09-16T08:21:19.481125575Z,11.566674,123.211513,Cloud to Cloud,12254,6714,9
2026-09-16T08:21:22.559120391Z,16.065236,121.712391,Cloud to Cloud,5038,11282,7
2026-09-16T08:21:24.566515725Z,11.653811,122.135458,Cloud to Cloud,15905,17941,9
2026-09-16T08:21:24.760916000Z,12.4153,124.6912,Cloud to Ground,-36418,0,6
2026-09-16T08:21:24.317511434Z,12.358159,124.681052,Cloud to Cloud,18367,12220,9
2026-09-16T08:21:24.544610527Z,11.922377,125.50342,Cloud to Cloud,-14978,14235,8
2026-09-16T08:21:24.803393000Z,12.1795,125.5338,Cloud to Ground,3236,0,6
2026-09-16T08:21:25.197418433Z,5.769842,117.650713,Cloud to Cloud,-23283,16932,14
2026-09-16T08:21:25.356426441Z,5.713853,117.729398,Cloud to Ground,27352,0,12
2026-09-16T08:21:25.463688180Z,10.460172,131.830041,Cloud to Ground,-15585,0,14
2026-09-16T08:21:25.058149000Z,10.4352,131.6294,Cloud to Ground,3127,0,5
2026-09-16T08:21:25.032176000Z,4.784,117.8769,Cloud to Ground,9797,0,5
2026-09-16T08:21:26.408663891Z,8.759611,125.43456,Cloud to Ground,-37299,0,11
2026-09-16T08:21:28.391948548Z,0.851952,112.662051,Cloud to Ground,34306,0,24
2026-09-16T08:21:30.151547843Z,17.023903,120.497631,Cloud to Ground,-43021,0,6
2026-09-16T08:21:29.588608476Z,17.022335,120.513602,Cloud to Ground,-38641,0,7
2026-09-16T08:21:30.317730852Z,11.80022,125.126758,Cloud to Cloud,10689,11096,9
2026-09-16T08:21:31.963314552Z,4.229201,116.399471,Cloud to Ground,-27233,0,12
2026-09-16T08:21:31.077852318Z,15.344675,121.128648,Cloud to Cloud,-14326,6984,8
2026-09-16T08:21:33.999719449Z,14.449618,120.905241,Cloud to Cloud,17105,7446,11
2026-09-16T08:21:34.855181272Z,14.315386,121.001998,Cloud to Cloud,14222,11053,10
2026-09-16T08:21:34.210131533Z,16.367971,120.510039,Cloud to Ground,-4064,0,8
2026-09-16T08:21:34.555426391Z,16.740334,120.516908,Cloud to Cloud,6099,8662,9
2026-09-16T08:21:35.978852802Z,10.271222,132.875882,Cloud to Ground,12940,0,8
2026-09-16T08:21:35.923442595Z,10.265008,132.857511,Cloud to Ground,14520,0,9
2026-09-16T08:21:35.882360820Z,10.278284,132.84846,Cloud to Ground,22404,0,6
2026-09-16T08:21:35.824980631Z,10.2654,132.692815,Cloud to Ground,-51307,0,30
2026-09-16T08:21:35.915095031Z,10.26593,132.714117,Cloud to Ground,-16051,0,24
2026-09-16T08:21:36.377933229Z,10.243117,132.705283,Cloud to Ground,-13192,0,10
2026-09-16T08:21:35.481681572Z,17.0104,120.478435,Cloud to Ground,16289,0,10
2026-09-16T08:21:36.382790602Z,14.659049,120.314214,Cloud to Cloud,12233,9670,9
2026-09-16T08:21:37.743277260Z,12.320062,124.818102,Cloud to Cloud,13736,3014,8
2026-09-16T08:21:37.214963035Z,22.924133,120.481469,Cloud to Cloud,-4069,12688,7
2026-09-16T08:21:37.985129117Z,12.386335,124.897422,Cloud to Cloud,6106,19275,5
2026-09-16T08:21:38.205878121Z,12.384125,124.913507,Cloud to Cloud,9096,17465,7
2026-09-16T08:21:40.855325086Z,16.070031,121.016274,Cloud to Ground,39914,0,12
2026-09-16T08:21:40.956333487Z,11.946374,125.413232,Cloud to Cloud,6446,19201,5
2026-09-16T08:21:41.555974402Z,10.270444,124.56586,Cloud to Ground,-21147,0,12
2026-09-16T08:21:41.570183027Z,10.361071,124.413006,Cloud to Ground,-40377,0,20
2026-09-16T08:21:42.059036249Z,10.381479,124.450884,Cloud to Ground,-18829,0,9
2026-09-16T08:21:41.512892000Z,10.2308,124.4044,Cloud to Ground,-31929,0,7
2026-09-16T08:21:45.401351244Z,10.666151,130.525522,Cloud to Ground,-47021,0,28
2026-09-16T08:21:45.210734479Z,10.671341,130.479651,Cloud to Cloud,-33222,8930,10
2026-09-16T08:21:45.485140244Z,10.685242,130.569149,Cloud to Ground,-24181,0,32
2026-09-16T08:21:45.306412978Z,10.724901,130.502209,Cloud to Ground,-20185,0,14
2026-09-16T08:21:45.179764664Z,11.860928,125.147896,Cloud to Ground,-51280,0,14
2026-09-16T08:21:44.926664000Z,11.9073,125.0907,Cloud to Ground,-37068,0,5
2026-09-16T08:21:44.982459616Z,11.849431,125.121489,Cloud to Ground,-31955,0,7
2026-09-16T08:21:44.912363291Z,11.789531,125.141122,Cloud to Cloud,-16336,19184,9
2026-09-16T08:21:46.054871333Z,5.646689,117.613904,Cloud to Ground,-14436,0,21
2026-09-16T08:21:48.495962000Z,11.7421,125.2456,Cloud to Ground,21307,0,6
2026-09-16T08:21:51.738022619Z,11.795912,125.132394,Cloud to Ground,-11863,0,6
2026-09-16T08:21:51.498379999Z,11.743532,125.01095,Cloud to Ground,22008,0,8
2026-09-16T08:21:51.798845332Z,11.861964,125.463941,Cloud to Cloud,11393,4842,8
2026-09-16T08:21:52.945545985Z,22.963444,120.5447,Cloud to Cloud,-5355,9564,7
2026-09-16T08:21:53.116962583Z,22.964611,120.543357,Cloud to Cloud,-4520,16172,6
2026-09-16T08:21:52.947146852Z,22.990235,120.527361,Cloud to Cloud,-2689,12662,7
2026-09-16T08:21:53.283982937Z,2.556459,112.593399,Cloud to Ground,100630,0,14
2026-09-16T08:21:53.870625901Z,10.21235,130.348464,Cloud to Ground,-31236,0,21
2026-09-16T08:21:53.000328000Z,12.5459,124.4555,Cloud to Ground,-14616,0,7
2026-09-16T08:21:53.042765799Z,12.770032,124.139587,Cloud to Cloud,-16199,6201,8
2026-09-16T08:21:53.051580543Z,12.706802,124.132889,Cloud to Cloud,14581,18819,7
2026-09-16T08:21:53.910768375Z,16.783418,120.452482,Cloud to Cloud,9249,19811,7
2026-09-16T08:21:53.037817630Z,16.080016,121.070523,Cloud to Cloud,-12384,12763,10
2026-09-16T08:21:52.963403997Z,16.053453,121.017088,Cloud to Cloud,-10842,18068,7
2026-09-16T08:21:54.006497443Z,12.303232,124.598964,Cloud to Cloud,12805,12476,8
2026-09-16T08:21:55.420766076Z,16.734175,121.608726,Cloud to Cloud,12035,3003,12
2026-09-16T08:21:56.045025550Z,12.640747,123.540993,Cloud to Ground,38188,0,10
2026-09-16T08:21:57.394308934Z,13.883154,120.661642,Cloud to Cloud,-11027,9982,7
2026-09-16T08:21:58.901532746Z,19.687013,123.620115,Cloud to Cloud,13174,18237,7
2026-09-16T08:21:58.874785943Z,16.317857,120.636726,Cloud to Cloud,9507,7848,10
2026-09-16T08:21:59.635254904Z,16.773887,120.505794,Cloud to Cloud,8490,12100,8
2026-09-16T08:21:59.869635961Z,17.024667,120.489924,Cloud to Cloud,5639,15282,9
2026-09-16T08:21:59.530677308Z,17.02656,120.493224,Cloud to Cloud,14358,4073,11
2026-09-16T08:22:00.172712563Z,11.747475,122.019662,Cloud to Ground,-31802,0,10
2026-09-16T08:22:00.347805326Z,11.751589,122.033551,Cloud to Ground,-29121,0,8
2026-09-16T08:22:00.290399455Z,11.74908,122.042388,Cloud to Ground,-27182,0,9
2026-09-16T08:22:00.071799775Z,11.744803,122.020879,Cloud to Ground,-24880,0,10
2026-09-16T08:22:00.209167412Z,11.74459,122.024636,Cloud to Ground,-17608,0,7
2026-09-16T08:22:01.306314681Z,11.737399,121.912159,Cloud to Ground,-14435,0,5
2026-09-16T08:22:01.258583466Z,11.736293,121.91357,Cloud to Ground,-7689,0,5
2026-09-16T08:22:01.884127000Z,5.859,117.9995,Cloud to Ground,31752,0,7
2026-09-16T08:22:02.644582120Z,14.674081,120.380317,Cloud to Ground,-7990,0,7
2026-09-16T08:22:02.992648759Z,11.893125,125.146143,Cloud to Ground,-11695,0,7
2026-09-16T08:22:02.469957422Z,12.183778,124.667789,Cloud to Cloud,-14866,11302,9
2026-09-16T08:22:02.504775350Z,15.428179,120.978399,Cloud to Cloud,-18190,16235,7
2026-09-16T08:22:03.932356486Z,16.592569,120.739538,Cloud to Cloud,11312,8955,13
2026-09-16T08:22:04.897201704Z,11.999162,125.368269,Cloud to Ground,-24242,0,25
2026-09-16T08:22:05.008536098Z,11.989499,125.347353,Cloud to Ground,-10513,0,10
2026-09-16T08:22:04.765638000Z,11.9874,125.504,Cloud to Ground,-57145,0,6
2026-09-16T08:22:04.862462850Z,12.003221,125.488029,Cloud to Ground,-53278,0,11
2026-09-16T08:22:05.559992421Z,11.976875,125.465826,Cloud to Cloud,-21454,19785,9
2026-09-16T08:22:04.861308173Z,12.015254,125.554821,Cloud to Ground,-12115,0,12
2026-09-16T08:22:04.723511000Z,11.9835,125.6117,Cloud to Ground,78193,0,6
2026-09-16T08:22:04.417688732Z,15.332081,120.99525,Cloud to Cloud,16481,17619,7
2026-09-16T08:22:04.499295313Z,16.07502,121.015535,Cloud to Ground,64133,0,11
2026-09-16T08:22:07.457925931Z,4.155778,116.481373,Cloud to Ground,31333,0,20
2026-09-16T08:22:07.512637338Z,4.164288,116.498503,Cloud to Ground,39137,0,19
2026-09-16T08:22:07.855689000Z,4.0006,116.5843,Cloud to Ground,13791,0,6
2026-09-16T08:22:07.604636652Z,15.795799,120.849315,Cloud to Cloud,5803,19955,9
2026-09-16T08:22:07.258110804Z,16.910274,121.556156,Cloud to Cloud,-10172,5345,7
2026-09-16T08:22:07.256361424Z,16.911245,121.59334,Cloud to Ground,9133,0,12
2026-09-16T08:22:07.976925625Z,15.696754,120.911617,Cloud to Cloud,13093,7162,9
2026-09-16T08:22:08.344108866Z,15.942686,121.554497,Cloud to Cloud,6403,14301,8
2026-09-16T08:22:08.650304397Z,15.940573,121.547591,Cloud to Cloud,10065,19154,7
2026-09-16T08:22:08.504873638Z,15.81718,121.5605,Cloud to Cloud,-7487,14964,8
2026-09-16T08:22:08.151419112Z,16.080784,121.032739,Cloud to Cloud,9660,19173,7
2026-09-16T08:22:08.109120977Z,17.059636,120.424832,Cloud to Cloud,-7484,7608,8
2026-09-16T08:22:08.037403963Z,17.028987,120.456651,Cloud to Cloud,4692,14154,7
2026-09-16T08:22:07.812844428Z,17.019048,120.464005,Cloud to Cloud,10129,18779,6
2026-09-16T08:22:08.030284004Z,17.012582,120.51032,Cloud to Ground,10957,0,12
2026-09-16T08:22:08.462837573Z,22.981192,120.532236,Cloud to Cloud,-3752,9446,6
2026-09-16T08:22:08.498850758Z,12.012957,123.952219,Cloud to Ground,90078,0,9
2026-09-16T08:22:09.546230236Z,5.6655,118.503451,Cloud to Cloud,19761,3025,7
2026-09-16T08:22:09.997850264Z,13.845259,120.68509,Cloud to Cloud,24630,10733,9
2026-09-16T08:22:10.065852522Z,11.594862,122.37522,Cloud to Cloud,5821,11132,5
2026-09-16T08:22:10.792252175Z,16.491963,120.545099,Cloud to Cloud,15985,5208,8
2026-09-16T08:22:12.043449618Z,16.095066,121.030319,Cloud to Cloud,11483,14580,8
2026-09-16T08:22:15.213435939Z,11.831175,121.304931,Cloud to Ground,-36411,0,9
2026-09-16T08:22:16.156896763Z,22.746546,120.451185,Cloud to Cloud,-2990,13310,7
2026-09-16T08:22:16.201351271Z,22.78543,120.477472,Cloud to Cloud,3547,6453,7
2026-09-16T08:22:16.117242770Z,22.728416,120.467113,Cloud to Cloud,4118,14342,6
2026-09-16T08:22:16.115168157Z,22.714662,120.472183,Cloud to Cloud,4195,8260,8
2026-09-16T08:22:16.108680352Z,22.721353,120.470718,Cloud to Cloud,4372,9065,7
2026-09-16T08:22:16.103548081Z,22.718909,120.473202,Cloud to Cloud,5455,9957,7
2026-09-16T08:22:16.105085395Z,22.727898,120.47334,Cloud to Cloud,8578,10078,7
2026-09-16T08:22:16.106276507Z,22.727422,120.469786,Cloud to Cloud,10274,11932,8
2026-09-16T08:22:16.141224363Z,22.705063,120.465096,Cloud to Ground,19951,0,10
2026-09-16T08:22:16.315372905Z,16.36995,120.597217,Cloud to Cloud,-14465,4122,8
2026-09-16T08:22:16.306803981Z,11.8539,125.474997,Cloud to Cloud,15596,12231,8
2026-09-16T08:22:17.008689029Z,14.370771,120.987411,Cloud to Cloud,13998,6529,8
2026-09-16T08:22:18.284694112Z,12.612175,123.391576,Cloud to Cloud,12720,10395,9
2026-09-16T08:22:18.275911593Z,12.602108,123.414454,Cloud to Ground,43025,0,11
2026-09-16T08:22:18.276855081Z,12.669951,123.392269,Cloud to Ground,53108,0,13
2026-09-16T08:22:21.536646091Z,15.774081,120.986101,Cloud to Cloud,5689,5054,12
2026-09-16T08:22:22.039968000Z,22.9629,120.5264,Cloud to Ground,-18101,0,6
2026-09-16T08:22:22.140758224Z,22.954361,120.538642,Cloud to Cloud,-4868,7993,8
2026-09-16T08:22:22.025894578Z,22.971215,120.535119,Cloud to Cloud,-3536,7758,6
2026-09-16T08:22:22.026672970Z,22.977614,120.529024,Cloud to Cloud,-2942,9625,6
2026-09-16T08:22:22.562595942Z,16.773371,121.520015,Cloud to Cloud,-7994,8379,7
2026-09-16T08:22:23.517161585Z,17.024352,120.491766,Cloud to Cloud,24529,9949,10
2026-09-16T08:22:23.902691689Z,16.88705,120.465824,Cloud to Cloud,-11222,11456,8
2026-09-16T08:22:24.796194249Z,13.732533,121.63734,Cloud to Cloud,3554,18020,6
2026-09-16T08:22:24.258567552Z,17.045177,120.550396,Cloud to Cloud,3221,3080,6
2026-09-16T08:22:25.887884763Z,4.208325,116.402074,Cloud to Ground,-11141,0,10
2026-09-16T08:22:26.689667663Z,11.72934,125.367826,Cloud to Ground,-27950,0,10
2026-09-16T08:22:26.310752442Z,11.815672,125.046334,Cloud to Ground,-65294,0,11
2026-09-16T08:22:26.551438514Z,12.403514,124.603702,Cloud to Ground,-40002,0,10
2026-09-16T08:22:26.622000000Z,12.4244,124.4659,Cloud to Ground,-39692,0,8
2026-09-16T08:22:27.051884000Z,12.4362,124.5379,Cloud to Ground,-12971,0,5
2026-09-16T08:22:27.052477709Z,12.371379,124.643095,Cloud to Cloud,10802,17347,10
2026-09-16T08:22:28.705299799Z,4.982282,118.040017,Cloud to Ground,20919,0,7
2026-09-16T08:22:28.567720542Z,4.969701,118.108511,Cloud to Ground,28218,0,10
2026-09-16T08:22:28.518708872Z,4.875078,118.145076,Cloud to Ground,-110571,0,16
2026-09-16T08:22:28.545466036Z,4.864147,118.141921,Cloud to Ground,-30259,0,24
2026-09-16T08:22:28.642111702Z,4.859048,118.095829,Cloud to Ground,-15017,0,26
2026-09-16T08:22:28.557631997Z,4.864893,118.064284,Cloud to Cloud,-14207,4369,13
2026-09-16T08:22:29.070090394Z,22.90603,120.471888,Cloud to Cloud,-5824,8328,8
2026-09-16T08:22:30.757181845Z,16.085017,121.002543,Cloud to Ground,26253,0,12
2026-09-16T08:22:32.508935798Z,22.965698,120.556102,Cloud to Cloud,-2767,12246,6
2026-09-16T08:22:32.497421970Z,13.880688,120.631765,Cloud to Ground,-8375,0,8
2026-09-16T08:22:32.439343227Z,13.89102,120.622365,Cloud to Ground,-7658,0,8
2026-09-16T08:22:32.437741000Z,13.9419,120.4964,Cloud to Ground,-29480,0,5
2026-09-16T08:22:32.334407000Z,13.8772,120.4789,Cloud to Ground,-25435,0,5
2026-09-16T08:22:32.988889356Z,14.420339,120.938798,Cloud to Cloud,4792,17686,5
2026-09-16T08:22:33.519923286Z,19.907937,123.587924,Cloud to Ground,12258,0,7
2026-09-16T08:22:33.917171789Z,13.158224,123.707903,Cloud to Ground,-15247,0,7
2026-09-16T08:22:33.747519644Z,13.145705,123.705615,Cloud to Cloud,14254,5649,12
2026-09-16T08:22:34.443081817Z,11.791808,125.108881,Cloud to Ground,25392,0,9
2026-09-16T08:22:34.207777723Z,13.909188,120.633522,Cloud to Cloud,6535,16867,6
2026-09-16T08:22:34.765550663Z,16.32638,120.62045,Cloud to Cloud,-9126,19262,11
2026-09-16T08:22:35.287520179Z,12.96234,124.047922,Cloud to Ground,-19533,0,7
2026-09-16T08:22:35.569897321Z,12.870882,124.027934,Cloud to Cloud,12853,3288,7
2026-09-16T08:22:35.286207099Z,12.887598,124.058656,Cloud to Ground,45640,0,9
2026-09-16T08:22:35.068012320Z,22.981753,120.532692,Cloud to Cloud,-2467,7716,6
2026-09-16T08:22:35.150387062Z,22.954072,120.560751,Cloud to Cloud,5397,18588,8
2026-09-16T08:22:35.174620360Z,15.270345,121.00014,Cloud to Cloud,-19884,19182,11
2026-09-16T08:22:36.913937584Z,10.419945,131.981687,Cloud to Ground,34707,0,24
2026-09-16T08:22:36.481582363Z,14.474913,120.963753,Cloud to Ground,-8145,0,6
2026-09-16T08:22:36.441855955Z,14.480949,121.001427,Cloud to Cloud,-4965,15780,5
2026-09-16T08:22:36.363695538Z,12.422954,124.9409,Cloud to Cloud,10960,11008,7
2026-09-16T08:22:37.229882243Z,10.232956,131.976333,Cloud to Cloud,5391,5238,6
2026-09-16T08:22:39.181715397Z,5.740744,117.575402,Cloud to Ground,-11296,0,18
2026-09-16T08:22:39.611447863Z,5.730998,117.585617,Cloud to Ground,29009,0,8
2026-09-16T08:22:39.045597587Z,5.626945,117.629345,Cloud to Ground,-10257,0,22
2026-09-16T08:22:39.224525000Z,5.6097,117.6205,Cloud to Ground,21059,0,5
2026-09-16T08:22:39.493804732Z,5.625675,117.604554,Cloud to Cloud,22739,3027,13
2026-09-16T08:22:39.067839995Z,16.149651,121.089009,Cloud to Ground,-48378,0,9
2026-09-16T08:22:38.985005249Z,16.084325,121.024651,Cloud to Ground,35215,0,10
2026-09-16T08:22:43.466908000Z,11.5951,122.3108,Cloud to Ground,-35226,0,11
2026-09-16T08:22:43.291496033Z,11.662489,122.286908,Cloud to Ground,-26499,0,23
2026-09-16T08:22:43.365043000Z,11.6113,122.3116,Cloud to Ground,-19112,0,9
2026-09-16T08:22:46.996561719Z,16.072751,120.980603,Cloud to Cloud,8676,18524,8
2026-09-16T08:22:46.964410313Z,16.063332,120.964257,Cloud to Cloud,11460,3001,7
2026-09-16T08:22:46.232073337Z,12.282294,124.815184,Cloud to Ground,-10152,0,8
2026-09-16T08:22:47.139823577Z,15.988602,121.041471,Cloud to Cloud,14352,13168,9
2026-09-16T08:22:47.005491928Z,12.41084,124.766613,Cloud to Cloud,10127,18634,8
2026-09-16T08:22:47.215982892Z,12.380957,124.679273,Cloud to Cloud,8787,6436,6
2026-09-16T08:22:48.954604344Z,11.792632,125.240422,Cloud to Cloud,11453,3226,6
2026-09-16T08:22:48.956375000Z,11.773,125.3325,Cloud to Ground,15031,0,5
2026-09-16T08:22:51.588573091Z,12.319304,124.590447,Cloud to Ground,-27755,0,10
2026-09-16T08:22:51.571152358Z,12.271367,124.545551,Cloud to Cloud,-6208,16553,6
2026-09-16T08:22:52.010921738Z,11.638509,122.464855,Cloud to Cloud,15044,16905,8
2026-09-16T08:22:52.012118701Z,11.642133,122.497136,Cloud to Cloud,18249,18960,8
2026-09-16T08:22:52.520722960Z,11.74146,125.036038,Cloud to Cloud,7226,16603,10
2026-09-16T08:22:53.600986194Z,9.973552,129.827359,Cloud to Ground,-192872,0,12
2026-09-16T08:22:53.597480110Z,9.953718,129.825854,Cloud to Ground,-25526,0,11
2026-09-16T08:22:53.197556032Z,4.836127,118.028633,Cloud to Ground,-43394,0,22
2026-09-16T08:22:53.258984881Z,4.832238,118.0246,Cloud to Ground,-14807,0,18
2026-09-16T08:22:53.296234107Z,4.824633,118.021606,Cloud to Cloud,13122,17865,13
2026-09-16T08:22:53.485377585Z,4.820325,118.03344,Cloud to Ground,13200,0,14
2026-09-16T08:22:53.348593131Z,4.830953,118.042454,Cloud to Ground,16818,0,10
2026-09-16T08:22:54.848519554Z,10.654602,130.89311,Cloud to Cloud,-32393,12874,14
2026-09-16T08:22:54.851944400Z,10.560894,130.835251,Cloud to Cloud,-13606,3205,11
2026-09-16T08:22:54.849714705Z,10.592308,130.836452,Cloud to Cloud,-10685,5580,16
2026-09-16T08:22:54.847054923Z,10.573158,130.974293,Cloud to Ground,17849,0,24
2026-09-16T08:22:55.610988370Z,15.950559,121.672172,Cloud to Cloud,4866,9854,6
2026-09-16T08:22:56.640202953Z,17.002248,120.523383,Cloud to Ground,-78707,0,15
2026-09-16T08:22:56.689062293Z,16.994488,120.517075,Cloud to Ground,-36986,0,13
2026-09-16T08:22:56.716813643Z,16.996673,120.511232,Cloud to Ground,-10650,0,6
2026-09-16T08:22:56.736841865Z,18.318559,120.96784,Cloud to Ground,-90545,0,13
2026-09-16T08:22:56.794579382Z,18.319499,120.969564,Cloud to Ground,-55443,0,14
2026-09-16T08:22:58.744628519Z,11.808679,125.420028,Cloud to Cloud,13392,17211,8
2026-09-16T08:22:58.395985871Z,16.509301,120.622411,Cloud to Cloud,10063,4618,10
2026-09-16T08:22:58.323165243Z,16.508275,120.630921,Cloud to Cloud,12572,3888,12
2026-09-16T08:22:59.298704728Z,16.576374,120.5492,Cloud to Cloud,5943,5051,6
2026-09-16T08:22:59.225189763Z,17.000068,120.529201,Cloud to Cloud,-9192,18395,7
2026-09-16T08:22:59.209337201Z,17.002571,120.533049,Cloud to Ground,-9188,0,7
2026-09-16T08:23:01.750441437Z,22.964175,120.559724,Cloud to Cloud,-5109,5940,6
2026-09-16T08:23:01.606285736Z,22.937407,120.563941,Cloud to Cloud,-3859,10996,6
2026-09-16T08:23:02.645724385Z,14.649534,120.339143,Cloud to Cloud,6707,14875,6
2026-09-16T08:23:02.336969007Z,16.652966,120.513433,Cloud to Cloud,10885,3001,7
2026-09-16T08:23:03.246741589Z,16.505695,121.652223,Cloud to Ground,-8263,0,7
2026-09-16T08:23:05.825327305Z,11.653211,122.08807,Cloud to Cloud,32403,13060,9
2026-09-16T08:23:05.977669252Z,13.893729,120.606472,Cloud to Ground,-16500,0,11
2026-09-16T08:23:06.557219149Z,11.687414,122.047837,Cloud to Ground,-42542,0,10
2026-09-16T08:23:06.162623859Z,11.810143,125.11814,Cloud to Cloud,-12931,18660,8
2026-09-16T08:23:07.018122361Z,17.009382,120.480699,Cloud to Ground,-6417,0,7
2026-09-16T08:23:07.057196228Z,16.772134,120.48445,Cloud to Cloud,10923,3055,8
2026-09-16T08:23:07.181888105Z,16.725442,120.481654,Cloud to Cloud,11219,3004,6
2026-09-16T08:23:07.103207532Z,16.745038,120.494426,Cloud to Cloud,13646,3096,7
2026-09-16T08:23:07.517810730Z,15.946131,121.002271,Cloud to Cloud,-17538,3011,8
2026-09-16T08:23:07.904459861Z,15.421506,120.931375,Cloud to Ground,-9738,0,6
2026-09-16T08:23:08.859911951Z,10.669377,130.701328,Cloud to Ground,-119064,0,21
2026-09-16T08:23:09.767180972Z,10.739719,130.66225,Cloud to Ground,-22696,0,16
2026-09-16T08:23:09.513274958Z,10.667484,130.695765,Cloud to Ground,-22693,0,10
2026-09-16T08:23:09.643869639Z,10.73048,130.632804,Cloud to Ground,-20025,0,21
2026-09-16T08:23:09.804593416Z,10.646746,130.686514,Cloud to Ground,-16989,0,19
2026-09-16T08:23:08.194106859Z,6.926292,116.594337,Cloud to Ground,-18312,0,11
2026-09-16T08:23:08.192114935Z,6.828942,116.608607,Cloud to Ground,41064,0,23
2026-09-16T08:23:08.946455000Z,11.6048,122.3198,Cloud to Ground,-25181,0,5
2026-09-16T08:23:08.776018000Z,11.6009,122.3307,Cloud to Ground,-23474,0,7
2026-09-16T08:23:09.697360781Z,10.660107,130.514179,Cloud to Ground,-25490,0,10
2026-09-16T08:23:09.564665832Z,10.669253,130.556078,Cloud to Ground,-21857,0,27
2026-09-16T08:23:09.528458000Z,10.7521,130.5005,Cloud to Ground,-68688,0,9
2026-09-16T08:23:09.882478777Z,16.525013,120.581879,Cloud to Ground,-12584,0,10
2026-09-16T08:23:10.678512361Z,22.950829,120.536935,Cloud to Ground,-10139,0,8
2026-09-16T08:23:10.642617795Z,22.897673,120.510823,Cloud to Cloud,-8982,19101,7
2026-09-16T08:23:10.696876793Z,22.954282,120.542837,Cloud to Ground,-6868,0,7
2026-09-16T08:23:10.819718006Z,22.975759,120.5342,Cloud to Ground,-3829,0,5
2026-09-16T08:23:10.937115357Z,22.957213,120.541228,Cloud to Cloud,5107,5929,7
2026-09-16T08:23:12.745955072Z,16.074792,121.820788,Cloud to Cloud,28537,16850,6
2026-09-16T08:23:12.155500549Z,22.895636,120.485967,Cloud to Cloud,-3169,13591,6
2026-09-16T08:23:12.158548886Z,22.905511,120.472977,Cloud to Cloud,-2446,7000,5
2026-09-16T08:23:14.126648412Z,11.784943,125.092875,Cloud to Ground,14742,0,6
2026-09-16T08:23:14.014279064Z,17.0191,120.518815,Cloud to Cloud,-9168,3000,7
2026-09-16T08:23:13.890380670Z,17.008206,120.547937,Cloud to Cloud,-6861,3168,7
2026-09-16T08:23:14.802470216Z,16.091219,120.999709,Cloud to Cloud,14437,6991,10
2026-09-16T08:23:15.848254040Z,11.919548,121.285768,Cloud to Cloud,-13312,4111,6
2026-09-16T08:23:16.082615918Z,11.894286,121.307152,Cloud to Cloud,-11413,15585,8
2026-09-16T08:23:15.849780289Z,11.930049,121.297515,Cloud to Ground,13798,0,7
2026-09-16T08:23:17.359069442Z,15.805943,120.883878,Cloud to Ground,-6618,0,8
2026-09-16T08:23:19.880097135Z,9.840884,129.060166,Cloud to Cloud,10516,3109,13
2026-09-16T08:23:19.891012521Z,9.870672,129.041267,Cloud to Cloud,11997,15322,10
2026-09-16T08:23:20.174236145Z,15.456537,120.899857,Cloud to Cloud,-5440,6607,7
2026-09-16T08:23:21.885311559Z,17.002581,120.483443,Cloud to Cloud,-4870,17730,7
2026-09-16T08:23:22.448859996Z,15.452079,120.998952,Cloud to Cloud,-7558,10256,8
2026-09-16T08:23:22.240460942Z,13.892143,120.631453,Cloud to Ground,-15046,0,8
2026-09-16T08:23:22.260825647Z,13.891786,120.630822,Cloud to Ground,-12361,0,9
2026-09-16T08:23:22.337161460Z,13.889341,120.623105,Cloud to Ground,-5700,0,5
2026-09-16T08:23:23.966392852Z,14.60505,120.922364,Cloud to Ground,-14605,0,18
2026-09-16T08:23:24.120899755Z,14.521256,120.957805,Cloud to Ground,-14991,0,10
2026-09-16T08:23:24.179016829Z,14.519205,120.960527,Cloud to Ground,-13845,0,11
2026-09-16T08:23:24.212838860Z,14.525872,120.973173,Cloud to Ground,-10371,0,10
2026-09-16T08:23:24.144813133Z,14.519221,120.965431,Cloud to Ground,-7442,0,9
2026-09-16T08:23:25.165602723Z,11.753095,124.986532,Cloud to Cloud,7888,8433,6
2026-09-16T08:23:26.266774495Z,11.781838,125.086397,Cloud to Ground,-58700,0,15
2026-09-16T08:23:26.357320000Z,11.8047,125.0799,Cloud to Ground,-23815,0,5
2026-09-16T08:23:26.396830611Z,11.786778,125.103243,Cloud to Ground,-11131,0,6
2026-09-16T08:23:26.939594333Z,11.783691,125.097776,Cloud to Ground,-8902,0,5
2026-09-16T08:23:26.289829793Z,11.79479,125.09904,Cloud to Cloud,6976,17405,7
2026-09-16T08:23:26.210516758Z,16.98048,120.520329,Cloud to Cloud,8011,17122,6
2026-09-16T08:23:26.812191000Z,10.4107,124.5115,Cloud to Ground,-54016,0,5
2026-09-16T08:23:28.241252000Z,11.5547,125.1363,Cloud to Ground,-24458,0,10
2026-09-16T08:23:29.639972534Z,15.415979,120.932065,Cloud to Cloud,-7276,7573,11
2026-09-16T08:23:30.325374465Z,12.622159,123.521439,Cloud to Cloud,6858,5420,7
2026-09-16T08:23:30.326779046Z,12.650655,123.528233,Cloud to Cloud,14199,17549,10
2026-09-16T08:23:31.837542147Z,11.787767,125.111499,Cloud to Ground,34655,0,10
2026-09-16T08:23:32.990657641Z,11.611835,121.880739,Cloud to Cloud,10848,19869,8
2026-09-16T08:23:32.865892195Z,16.074448,121.022085,Cloud to Cloud,24712,14369,11
2026-09-16T08:23:33.648352483Z,16.995015,120.51809,Cloud to Ground,-57282,0,13
2026-09-16T08:23:33.675810657Z,16.989322,120.48921,Cloud to Ground,-19135,0,11
2026-09-16T08:23:33.691105864Z,16.994117,120.512463,Cloud to Ground,-13443,0,11
2026-09-16T08:23:34.468249000Z,16.9963,120.43,Cloud to Ground,-12413,0,6
2026-09-16T08:23:34.418630772Z,16.990815,120.505123,Cloud to Ground,-10900,0,7
2026-09-16T08:23:34.603385796Z,16.990942,120.508449,Cloud to Ground,-10107,0,10
2026-09-16T08:23:34.403670381Z,16.991544,120.508638,Cloud to Ground,-9644,0,8
2026-09-16T08:23:33.755710000Z,17.0153,120.4767,Cloud to Ground,312,0,8
2026-09-16T08:23:34.190880822Z,16.970803,120.50427,Cloud to Ground,16535,0,10
2026-09-16T08:23:33.895329316Z,12.237576,124.608199,Cloud to Cloud,-25825,5814,7
2026-09-16T08:23:34.057530004Z,12.250531,124.588435,Cloud to Cloud,13211,13292,7
2026-09-16T08:23:33.901315536Z,12.162062,124.607759,Cloud to Ground,25705,0,7
2026-09-16T08:23:35.585408470Z,15.932004,121.581656,Cloud to Cloud,-7878,18455,8
2026-09-16T08:23:35.646905060Z,15.941915,121.537886,Cloud to Cloud,10235,19869,10
2026-09-16T08:23:35.219087449Z,15.942235,121.530677,Cloud to Cloud,10629,7130,8
2026-09-16T08:23:35.065268291Z,11.784846,125.092404,Cloud to Cloud,14066,6497,5
2026-09-16T08:23:37.792399000Z,11.6146,122.3832,Cloud to Ground,-15238,0,6
2026-09-16T08:23:38.205996874Z,22.986863,120.540196,Cloud to Cloud,-1921,3007,6
2026-09-16T08:23:38.236650351Z,22.94813,120.553699,Cloud to Cloud,-1853,6606,6
2026-09-16T08:23:38.296147248Z,22.976384,120.504742,Cloud to Cloud,-1461,4370,6
2026-09-16T08:23:38.332871018Z,22.986798,120.554719,Cloud to Cloud,5682,8101,7
2026-09-16T08:23:39.968506218Z,5.631932,118.506874,Cloud to Ground,-26280,0,21
2026-09-16T08:23:39.706033058Z,5.611856,118.49546,Cloud to Ground,-16317,0,13
2026-09-16T08:23:39.737780691Z,5.626063,118.522388,Cloud to Ground,-12764,0,20
2026-09-16T08:23:40.155032921Z,5.623605,118.50989,Cloud to Ground,9914,0,10
2026-09-16T08:23:39.906467938Z,11.938437,125.501272,Cloud to Ground,-82989,0,16
2026-09-16T08:23:40.018249589Z,15.778664,120.994815,Cloud to Cloud,-11280,17266,9
2026-09-16T08:23:41.124347781Z,11.812647,121.422352,Cloud to Ground,-48104,0,11
2026-09-16T08:23:41.192904805Z,11.827974,121.374219,Cloud to Cloud,7116,13279,6
2026-09-16T08:23:43.091300983Z,4.228876,116.461502,Cloud to Ground,-26844,0,20
2026-09-16T08:23:43.178815890Z,4.140342,116.476543,Cloud to Ground,14166,0,13
2026-09-16T08:23:43.072358059Z,4.146528,116.495999,Cloud to Ground,39811,0,23
2026-09-16T08:23:43.377964059Z,12.410397,124.614494,Cloud to Ground,11065,0,7
2026-09-16T08:23:43.364793327Z,12.408556,124.612226,Cloud to Ground,14045,0,7
2026-09-16T08:23:43.391973698Z,11.797697,122.086608,Cloud to Cloud,5961,17138,6
2026-09-16T08:23:43.194191242Z,11.060416,119.521572,Cloud to Ground,39015,0,8
2026-09-16T08:23:44.711269928Z,12.885409,124.010385,Cloud to Cloud,17601,16563,10
2026-09-16T08:23:45.195749706Z,15.457812,120.989427,Cloud to Cloud,-24322,9659,7
2026-09-16T08:23:46.419564135Z,17.007626,120.481272,Cloud to Cloud,17794,7399,10
2026-09-16T08:23:45.994462785Z,16.69105,120.498061,Cloud to Ground,-9920,0,8
2026-09-16T08:23:46.017894507Z,16.675861,120.521066,Cloud to Ground,16830,0,12
2026-09-16T08:23:46.229985000Z,16.5816,120.6603,Cloud to Ground,-106674,0,7
2026-09-16T08:23:46.334838487Z,16.522518,120.591892,Cloud to Ground,-68607,0,12
2026-09-16T08:23:46.422334528Z,16.516022,120.59286,Cloud to Ground,-63888,0,12
2026-09-16T08:23:46.270975649Z,16.51882,120.594088,Cloud to Ground,-54037,0,13
2026-09-16T08:23:46.383179325Z,16.516012,120.588194,Cloud to Ground,-49354,0,12
2026-09-16T08:23:46.504509618Z,16.516641,120.603963,Cloud to Ground,-44113,0,13
2026-09-16T08:23:46.547488716Z,16.498119,120.576672,Cloud to Ground,-39058,0,14
2026-09-16T08:23:46.750120266Z,16.494998,120.584123,Cloud to Ground,-29048,0,13
2026-09-16T08:23:46.316778936Z,12.035849,121.502787,Cloud to Ground,12156,0,5
2026-09-16T08:23:47.507753628Z,13.730383,121.636744,Cloud to Cloud,6604,4784,6
2026-09-16T08:23:49.264388857Z,14.490393,120.891371,Cloud to Cloud,-12719,4613,7
2026-09-16T08:23:50.751733972Z,4.816004,118.045702,Cloud to Ground,-17270,0,15
2026-09-16T08:23:50.671019600Z,4.820247,118.031494,Cloud to Ground,40509,0,25
2026-09-16T08:23:50.001846873Z,11.827962,125.464143,Cloud to Cloud,-15038,11248,8
2026-09-16T08:23:51.745026254Z,5.641714,117.640854,Cloud to Ground,-18509,0,25
2026-09-16T08:23:51.827686431Z,5.641679,117.636204,Cloud to Ground,14067,0,12
2026-09-16T08:23:51.574473732Z,5.636872,117.634821,Cloud to Ground,18117,0,13
2026-09-16T08:23:51.660720000Z,5.6705,117.6079,Cloud to Ground,47969,0,8
2026-09-16T08:23:51.102492923Z,19.653262,123.640791,Cloud to Cloud,6358,7189,6
2026-09-16T08:23:52.900452623Z,12.626093,123.522794,Cloud to Ground,-20027,0,7
2026-09-16T08:23:52.803565000Z,12.6591,123.4248,Cloud to Ground,-86872,0,8
2026-09-16T08:23:52.918611000Z,12.7149,123.4052,Cloud to Ground,-23142,0,8
2026-09-16T08:23:53.732847457Z,11.782148,125.106985,Cloud to Ground,40389,0,7
2026-09-16T08:23:54.091497712Z,15.763389,121.007532,Cloud to Cloud,-11096,8707,7
2026-09-16T08:23:54.468374366Z,16.964298,121.56496,Cloud to Cloud,-31954,4338,7
2026-09-16T08:23:54.466934160Z,16.960985,121.571331,Cloud to Cloud,-17337,18419,8
2026-09-16T08:23:54.846923193Z,11.71079,125.021654,Cloud to Cloud,13936,7017,8
2026-09-16T08:23:55.446136936Z,11.781747,125.086729,Cloud to Ground,20396,0,6
2026-09-16T08:23:56.950683828Z,12.499656,124.844848,Cloud to Cloud,9924,12238,5
2026-09-16T08:23:57.658969171Z,16.376682,120.590614,Cloud to Ground,-21098,0,13
2026-09-16T08:23:57.686615594Z,16.318338,120.652999,Cloud to Cloud,14163,5457,7
2026-09-16T08:23:59.005813355Z,13.216299,123.731705,Cloud to Ground,-17740,0,11
2026-09-16T08:23:59.003813469Z,13.198633,123.669447,Cloud to Cloud,-9497,4956,10
2026-09-16T08:24:00.492040871Z,16.114264,120.879608,Cloud to Ground,-16529,0,16
2026-09-16T08:24:01.656774388Z,0.937752,112.649951,Cloud to Ground,-20900,0,23
2026-09-16T08:24:01.986714000Z,10.4305,124.3976,Cloud to Ground,-41715,0,11
2026-09-16T08:24:01.863030000Z,10.8261,124.809,Cloud to Ground,-43112,0,7
2026-09-16T08:24:02.478630917Z,15.428942,120.951283,Cloud to Cloud,13772,5246,8
2026-09-16T08:24:02.174931000Z,10.8485,124.6724,Cloud to Ground,-53414,0,14
2026-09-16T08:24:04.217365250Z,22.970679,120.534009,Cloud to Cloud,-10383,9111,8
2026-09-16T08:24:04.541655075Z,22.987127,120.551765,Cloud to Cloud,-5337,11803,5
2026-09-16T08:24:04.218136791Z,22.971605,120.535147,Cloud to Cloud,-3257,6858,6
2026-09-16T08:24:04.263212531Z,22.966258,120.538219,Cloud to Cloud,-3058,8479,6
2026-09-16T08:24:05.599540000Z,12.0509,125.4102,Cloud to Ground,-35120,0,12
2026-09-16T08:24:05.366877000Z,12.0422,125.366,Cloud to Ground,-25315,0,10
2026-09-16T08:24:05.910257635Z,12.030838,125.48375,Cloud to Ground,-23097,0,9
2026-09-16T08:24:06.199753020Z,12.002294,125.392226,Cloud to Ground,-16752,0,8
2026-09-16T08:24:05.759358289Z,12.026022,125.469629,Cloud to Ground,-15309,0,8
2026-09-16T08:24:05.529147000Z,12.0388,125.332,Cloud to Ground,-13879,0,6
2026-09-16T08:24:06.596049341Z,12.035748,125.472418,Cloud to Ground,-12247,0,6
2026-09-16T08:24:05.316288655Z,11.708359,122.443364,Cloud to Cloud,5446,13049,6
2026-09-16T08:24:06.350251616Z,2.541688,112.785754,Cloud to Ground,92940,0,20
2026-09-16T08:24:09.440683237Z,16.070393,120.956485,Cloud to Cloud,-15033,11676,12
2026-09-16T08:24:09.913933583Z,16.183359,121.815435,Cloud to Cloud,8277,5239,10
2026-09-16T08:24:10.800276026Z,15.363179,120.973012,Cloud to Cloud,-4697,3003,6
2026-09-16T08:24:11.336991380Z,11.791477,125.097788,Cloud to Ground,37694,0,7
2026-09-16T08:24:11.404121792Z,12.5841,123.414894,Cloud to Cloud,38200,13333,8
2026-09-16T08:24:11.114788091Z,15.790853,120.918698,Cloud to Cloud,10301,6291,8
2026-09-16T08:24:13.889259636Z,10.014617,129.573107,Cloud to Cloud,11692,7606,14
2026-09-16T08:24:13.888170397Z,10.014645,129.598833,Cloud to Ground,21936,0,22
2026-09-16T08:24:13.891410490Z,10.018415,129.56465,Cloud to Cloud,22362,10894,20
2026-09-16T08:24:15.506016839Z,11.787011,125.088269,Cloud to Ground,15438,0,5
2026-09-16T08:24:16.045125280Z,11.594312,122.161383,Cloud to Cloud,21413,5829,7
2026-09-16T08:24:16.176667622Z,11.665346,122.103495,Cloud to Cloud,11263,16293,8
2026-09-16T08:24:17.248202430Z,5.671992,117.626674,Cloud to Cloud,14651,12545,7
2026-09-16T08:24:17.253186461Z,11.693476,121.953555,Cloud to Cloud,5407,19947,5
2026-09-16T08:24:17.179552302Z,11.557745,121.923475,Cloud to Cloud,-12519,3226,7
2026-09-16T08:24:18.025960582Z,11.692136,125.063505,Cloud to Cloud,9634,11361,8
2026-09-16T08:24:19.978682867Z,10.521504,131.924004,Cloud to Ground,-10743,0,12
2026-09-16T08:24:19.142890046Z,12.340298,124.780332,Cloud to Ground,35161,0,10
2026-09-16T08:24:19.240790769Z,12.871103,124.018068,Cloud to Cloud,12963,10942,7
2026-09-16T08:24:20.237099796Z,17.013905,120.46142,Cloud to Cloud,16421,19322,11
2026-09-16T08:24:22.956151778Z,22.968573,120.53885,Cloud to Ground,-4046,0,6
2026-09-16T08:24:24.513931957Z,8.512147,126.16944,Cloud to Ground,-16860,0,21
2026-09-16T08:24:24.299468677Z,8.412979,126.236344,Cloud to Ground,-68244,0,12
2026-09-16T08:24:24.984518000Z,11.7892,121.6621,Cloud to Ground,-23420,0,10
2026-09-16T08:24:26.441671060Z,22.954885,120.555878,Cloud to Ground,-3551,0,7
2026-09-16T08:24:26.318737163Z,15.657263,121.05407,Cloud to Cloud,-11311,3580,10
2026-09-16T08:24:26.254156604Z,16.289842,121.856702,Cloud to Cloud,-10111,10464,7
2026-09-16T08:24:27.057460387Z,16.726092,120.524466,Cloud to Cloud,7593,15598,6
2026-09-16T08:24:29.978008144Z,10.475379,124.42554,Cloud to Ground,-31650,0,27
2026-09-16T08:24:30.291823514Z,5.744409,117.608249,Cloud to Ground,17823,0,14
2026-09-16T08:24:30.138145535Z,5.648635,117.665393,Cloud to Ground,-14441,0,24
2026-09-16T08:24:29.728193545Z,5.6395,117.641412,Cloud to Ground,22957,0,11
2026-09-16T08:24:30.045312699Z,5.649988,117.627509,Cloud to Ground,28443,0,19
2026-09-16T08:24:30.415158225Z,10.394932,124.474111,Cloud to Ground,-25783,0,7
2026-09-16T08:24:30.416960000Z,10.3271,124.3594,Cloud to Ground,21956,0,6
2026-09-16T08:24:30.536169702Z,17.008507,120.514579,Cloud to Cloud,-16493,17878,12
2026-09-16T08:24:30.409151855Z,16.515676,120.600149,Cloud to Cloud,23957,19531,9
2026-09-16T08:24:31.324864363Z,10.402065,131.697471,Cloud to Ground,-31929,0,19
2026-09-16T08:24:31.342187141Z,10.351489,131.750001,Cloud to Ground,-11572,0,12
2026-09-16T08:24:30.879627409Z,10.399289,131.651755,Cloud to Ground,-9402,0,18
2026-09-16T08:24:31.394121676Z,12.262309,124.633668,Cloud to Cloud,-26155,5253,9
2026-09-16T08:24:31.400198000Z,12.4242,124.6089,Cloud to Ground,-69010,0,9
2026-09-16T08:24:31.493546000Z,12.3927,124.6254,Cloud to Ground,-38407,0,5
2026-09-16T08:24:31.537673000Z,12.4419,124.5187,Cloud to Ground,-30931,0,5
2026-09-16T08:24:32.138320111Z,12.41662,124.598918,Cloud to Ground,-12859,0,5
2026-09-16T08:24:31.994198502Z,12.420533,124.598299,Cloud to Ground,-11775,0,6
2026-09-16T08:24:31.553644796Z,12.409679,124.614485,Cloud to Ground,-10962,0,5
2026-09-16T08:24:31.489338007Z,12.405317,124.609741,Cloud to Ground,56882,0,12
2026-09-16T08:24:32.954183876Z,22.730745,120.474093,Cloud to Cloud,3101,11421,7
2026-09-16T08:24:32.946297514Z,22.73198,120.472836,Cloud to Cloud,3109,13247,6
2026-09-16T08:24:32.939282653Z,22.720825,120.475216,Cloud to Cloud,3557,13124,6
2026-09-16T08:24:32.123201348Z,22.94497,120.468935,Cloud to Ground,-4848,0,7
2026-09-16T08:24:32.126235649Z,22.925611,120.478803,Cloud to Cloud,-4730,7939,7
2026-09-16T08:24:33.525107222Z,14.485621,120.928178,Cloud to Cloud,-14001,8430,10
2026-09-16T08:24:36.815237455Z,11.791041,125.093941,Cloud to Ground,22206,0,9
2026-09-16T08:24:37.347171355Z,16.730384,120.483213,Cloud to Cloud,-6860,12183,7
2026-09-16T08:24:37.728798375Z,17.059834,120.496161,Cloud to Cloud,-7371,6180,6
2026-09-16T08:24:37.735477232Z,11.856781,125.355388,Cloud to Ground,-23637,0,8
2026-09-16T08:24:37.512220787Z,11.940967,125.462582,Cloud to Ground,-59451,0,12
2026-09-16T08:24:37.683587000Z,11.9541,125.3793,Cloud to Ground,-17575,0,5
2026-09-16T08:24:37.628554000Z,11.9517,125.2192,Cloud to Ground,-39724,0,6
2026-09-16T08:24:38.538778922Z,12.418922,124.986918,Cloud to Cloud,13041,13878,7
2026-09-16T08:24:38.492351946Z,11.778649,125.077115,Cloud to Cloud,-13638,15187,11
2026-09-16T08:24:38.584202299Z,11.780856,125.113661,Cloud to Cloud,-8073,16834,8
2026-09-16T08:24:38.608678386Z,11.725246,125.068238,Cloud to Cloud,8687,12000,8
2026-09-16T08:24:38.520228216Z,11.724168,125.105632,Cloud to Cloud,12717,16970,6
2026-09-16T08:24:38.643751991Z,11.72477,125.087794,Cloud to Cloud,14510,12651,8
2026-09-16T08:24:38.429356000Z,11.8956,125.1314,Cloud to Ground,-9741,0,5
2026-09-16T08:24:38.474101845Z,16.688442,120.480602,Cloud to Cloud,4609,3005,7
2026-09-16T08:24:39.704558348Z,11.684675,122.291443,Cloud to Ground,-33833,0,16
2026-09-16T08:24:39.760073000Z,11.6079,122.2943,Cloud to Ground,-26437,0,9
2026-09-16T08:24:40.584974359Z,13.794176,120.732992,Cloud to Cloud,16829,4757,10
2026-09-16T08:24:40.532045378Z,13.906739,120.632199,Cloud to Cloud,13369,18453,6
2026-09-16T08:24:41.871444666Z,4.811738,118.029332,Cloud to Cloud,-21008,17454,21
2026-09-16T08:24:41.849191214Z,4.826151,118.04108,Cloud to Ground,21810,0,16
2026-09-16T08:24:41.407264355Z,12.717799,123.520007,Cloud to Ground,-99458,0,10
2026-09-16T08:24:41.913296036Z,17.014315,120.528235,Cloud to Cloud,9174,7960,6
2026-09-16T08:24:45.235832000Z,14.2029,121.063,Cloud to Ground,-4262,0,5
2026-09-16T08:24:46.480654801Z,16.749643,120.646857,Cloud to Cloud,-14667,3004,8
2026-09-16T08:24:46.467005507Z,16.897274,120.624799,Cloud to Cloud,22211,8893,10
2026-09-16T08:24:46.468755367Z,16.905672,120.621637,Cloud to Ground,26868,0,16
2026-09-16T08:24:46.627488062Z,22.986722,120.535013,Cloud to Cloud,-3817,11550,6
2026-09-16T08:24:46.112499035Z,15.465816,121.102606,Cloud to Cloud,9687,6168,8
2026-09-16T08:24:46.560553070Z,13.891268,120.640095,Cloud to Cloud,5393,19252,5
2026-09-16T08:24:46.598829000Z,12.1444,124.8404,Cloud to Ground,10769,0,6
2026-09-16T08:24:47.642856557Z,2.394597,112.742644,Cloud to Ground,16791,0,9
2026-09-16T08:24:47.465134264Z,2.409367,112.761262,Cloud to Ground,51028,0,17
2026-09-16T08:24:47.483422989Z,12.262974,124.89355,Cloud to Cloud,10144,19697,6
2026-09-16T08:24:47.564654709Z,12.185846,124.783695,Cloud to Cloud,-8273,16023,7
2026-09-16T08:24:47.399284620Z,12.180962,124.776625,Cloud to Cloud,19933,16331,10
2026-09-16T08:24:47.398843087Z,12.131298,124.800097,Cloud to Ground,54340,0,9
2026-09-16T08:24:47.403308000Z,12.2481,124.5137,Cloud to Ground,15645,0,5
2026-09-16T08:24:48.578323696Z,11.875819,125.466106,Cloud to Cloud,13811,15308,8
2026-09-16T08:24:49.307028043Z,11.803968,125.099752,Cloud to Ground,-51709,0,9
2026-09-16T08:24:49.666246324Z,11.806953,125.101147,Cloud to Ground,-32400,0,9
2026-09-16T08:24:49.769968327Z,11.806713,125.10312,Cloud to Ground,-15607,0,6
2026-09-16T08:24:51.224596331Z,15.800434,120.955695,Cloud to Cloud,-11205,8861,11
2026-09-16T08:24:51.203281231Z,15.786194,120.863109,Cloud to Cloud,15908,18856,10
2026-09-16T08:24:52.510133303Z,11.788655,125.095663,Cloud to Cloud,12261,4446,7
2026-09-16T08:24:53.523404596Z,16.010263,121.734608,Cloud to Ground,28251,0,7
2026-09-16T08:24:54.604611384Z,4.225698,116.402514,Cloud to Ground,11173,0,12
2026-09-16T08:24:54.281704664Z,15.994931,121.68327,Cloud to Ground,-12428,0,9
2026-09-16T08:24:54.177640000Z,16.1215,121.9034,Cloud to Ground,37267,0,5
2026-09-16T08:24:55.426937848Z,16.24485,121.792808,Cloud to Cloud,6793,18176,7
2026-09-16T08:24:55.658290751Z,16.273381,121.795377,Cloud to Cloud,10305,4937,8
2026-09-16T08:24:55.821709598Z,11.822156,124.985049,Cloud to Ground,41169,0,16
2026-09-16T08:24:56.343102259Z,12.799227,123.930085,Cloud to Cloud,27117,16272,13
2026-09-16T08:24:58.805622491Z,15.747,121.031115,Cloud to Cloud,16163,17852,7
2026-09-16T08:24:58.307354383Z,17.00277,120.493502,Cloud to Ground,-74030,0,14
2026-09-16T08:24:57.969176154Z,16.993522,120.507525,Cloud to Ground,-33969,0,13
2026-09-16T08:24:59.633915195Z,10.27561,132.730511,Cloud to Ground,-24888,0,24
2026-09-16T08:24:59.662630146Z,10.281769,132.728694,Cloud to Ground,-22960,0,20
2026-09-16T08:24:59.728287509Z,12.455941,124.814236,Cloud to Ground,19106,0,8
2026-09-16T08:25:00.238384948Z,16.47906,120.519229,Cloud to Ground,-157013,0,14
2026-09-16T08:25:00.337448393Z,16.485704,120.547529,Cloud to Ground,-54780,0,14
2026-09-16T08:25:00.321189840Z,16.487392,120.547755,Cloud to Ground,-31298,0,11
2026-09-16T08:25:00.377591163Z,16.483449,120.534824,Cloud to Ground,-26201,0,10
2026-09-16T08:25:00.300769713Z,16.485003,120.540624,Cloud to Ground,-24539,0,11
2026-09-16T08:25:00.284500047Z,16.487692,120.544166,Cloud to Ground,-23035,0,12
2026-09-16T08:25:00.338727122Z,16.524046,120.613315,Cloud to Ground,-12705,0,9
2026-09-16T08:25:00.721466565Z,16.521736,120.510523,Cloud to Cloud,-10169,3495,7
2026-09-16T08:25:01.884180854Z,4.915528,117.985011,Cloud to Cloud,-24500,16853,20
2026-09-16T08:25:01.796027229Z,19.601479,123.529468,Cloud to Ground,-5953,0,8
2026-09-16T08:25:01.229465885Z,18.331986,120.874212,Cloud to Cloud,10530,17939,5
2026-09-16T08:25:01.219187974Z,18.345021,120.988402,Cloud to Cloud,17810,9916,12
2026-09-16T08:25:02.203307317Z,15.904678,121.496854,Cloud to Cloud,9571,14850,10
2026-09-16T08:25:02.196863881Z,15.818251,121.503033,Cloud to Cloud,19682,4154,9
2026-09-16T08:25:03.488561595Z,5.765246,117.625475,Cloud to Cloud,-20845,3828,10
2026-09-16T08:25:03.920734728Z,5.701661,117.621031,Cloud to Ground,15664,0,7
2026-09-16T08:25:04.151881097Z,5.649449,117.625354,Cloud to Ground,20609,0,12
2026-09-16T08:25:04.223969287Z,4.180091,116.411534,Cloud to Ground,26526,0,7
2026-09-16T08:25:04.242934559Z,4.128621,116.401419,Cloud to Ground,35812,0,15
2026-09-16T08:25:04.144802876Z,4.127409,116.432213,Cloud to Ground,212113,0,32
2026-09-16T08:25:04.161972522Z,13.838042,120.6777,Cloud to Cloud,-26964,8387,7
2026-09-16T08:25:04.305540927Z,13.89545,120.620487,Cloud to Ground,-13643,0,5
2026-09-16T08:25:04.124615000Z,13.969,120.5012,Cloud to Ground,5281,0,5
2026-09-16T08:25:04.158475948Z,15.360659,120.917735,Cloud to Ground,-11758,0,7
2026-09-16T08:25:04.606633060Z,14.404929,121.002288,Cloud to Cloud,16244,6561,8
2026-09-16T08:25:05.537018715Z,16.338622,120.590391,Cloud to Cloud,-4510,13119,8
2026-09-16T08:25:05.117558128Z,16.340274,120.613455,Cloud to Cloud,7837,11037,7
2026-09-16T08:25:05.602132793Z,16.401279,120.565149,Cloud to Cloud,11198,19757,11
2026-09-16T08:25:05.481140061Z,15.586902,120.954188,Cloud to Ground,-11789,0,12
2026-09-16T08:25:05.309660785Z,15.586598,120.960985,Cloud to Ground,-10887,0,5
2026-09-16T08:25:05.149230000Z,11.8393,121.388,Cloud to Ground,-46714,0,14
2026-09-16T08:25:06.644968856Z,7.015524,116.802289,Cloud to Cloud,-41898,10024,21
2026-09-16T08:25:06.728578345Z,7.008686,116.950829,Cloud to Cloud,-6054,3994,7
2026-09-16T08:25:06.641759473Z,6.931041,116.83514,Cloud to Ground,57203,0,15
2026-09-16T08:25:06.912066112Z,11.570794,125.592873,Cloud to Cloud,-13947,15037,10
2026-09-16T08:25:07.361159970Z,17.033185,120.507247,Cloud to Ground,44774,0,9
2026-09-16T08:25:08.996087801Z,17.021624,120.497832,Cloud to Ground,-6902,0,9
2026-09-16T08:25:10.046312647Z,16.054222,120.987664,Cloud to Cloud,-5597,9751,9
2026-09-16T08:25:10.373463059Z,15.78974,121.033287,Cloud to Cloud,9166,4621,8
2026-09-16T08:25:10.042343981Z,15.377981,120.94728,Cloud to Cloud,-6688,9568,7
2026-09-16T08:25:10.357069350Z,15.709371,121.07993,Cloud to Cloud,4968,15973,7
2026-09-16T08:25:11.598619436Z,12.208035,124.607208,Cloud to Cloud,11706,7601,9
2026-09-16T08:25:11.654660449Z,12.212672,124.612986,Cloud to Ground,16047,0,11
2026-09-16T08:25:11.485940082Z,12.195953,124.586771,Cloud to Cloud,16231,7126,8
2026-09-16T08:25:12.249215448Z,10.216564,130.395341,Cloud to Ground,28350,0,17
2026-09-16T08:25:13.767883559Z,11.538526,122.372136,Cloud to Cloud,6064,11948,6
2026-09-16T08:25:13.740950183Z,22.995904,120.542592,Cloud to Ground,-3963,0,7
2026-09-16T08:25:14.171796000Z,11.6457,122.2023,Cloud to Ground,-35721,0,5
2026-09-16T08:25:15.868492209Z,5.609746,118.549873,Cloud to Ground,11672,0,10
2026-09-16T08:25:19.895179469Z,15.837544,120.977436,Cloud to Cloud,-8618,16426,10
2026-09-16T08:25:19.574730593Z,16.49886,120.485856,Cloud to Cloud,8220,5240,8
2026-09-16T08:25:19.376259151Z,16.838024,120.477245,Cloud to Ground,-10441,0,7
2026-09-16T08:25:19.566679483Z,11.741724,125.572752,Cloud to Cloud,-19853,3047,7
2026-09-16T08:25:20.180728625Z,22.914414,120.487005,Cloud to Ground,-7668,0,7
2026-09-16T08:25:20.184412109Z,22.90053,120.476698,Cloud to Cloud,-6182,4203,6
2026-09-16T08:25:20.182633085Z,22.934406,120.485063,Cloud to Cloud,-5639,9100,8
2026-09-16T08:25:20.787351819Z,16.443978,120.661902,Cloud to Cloud,-19231,5810,7
2026-09-16T08:25:20.788888000Z,16.983,120.8218,Cloud to Ground,6759,0,8
2026-09-16T08:25:20.966404207Z,16.965575,120.835257,Cloud to Ground,51306,0,12
2026-09-16T08:25:22.631830445Z,12.386683,124.518237,Cloud to Ground,-17755,0,11
2026-09-16T08:25:25.002911000Z,16.4886,120.5536,Cloud to Ground,-280,0,8
2026-09-16T08:25:24.558192000Z,16.4859,120.5696,Cloud to Ground,13329,0,8
2026-09-16T08:25:25.002472822Z,16.500242,120.70371,Cloud to Cloud,7267,18096,10
2026-09-16T08:25:25.920724055Z,15.685449,120.952959,Cloud to Cloud,5701,11575,7
2026-09-16T08:25:25.703625767Z,12.347281,124.888756,Cloud to Cloud,11720,19490,7
2026-09-16T08:25:26.068569089Z,16.092838,121.014163,Cloud to Cloud,7727,14180,7
2026-09-16T08:25:26.932836118Z,11.71835,125.113208,Cloud to Cloud,24887,13605,10
2026-09-16T08:25:27.408309382Z,11.837443,121.43647,Cloud to Cloud,-4617,3007,5
2026-09-16T08:25:27.052601431Z,11.765928,121.431007,Cloud to Ground,29784,0,10
2026-09-16T08:25:28.169429937Z,13.738563,121.622624,Cloud to Ground,-65933,0,11
2026-09-16T08:25:28.369153998Z,13.721271,121.641939,Cloud to Ground,-25722,0,12
2026-09-16T08:25:28.232196949Z,13.723238,121.645261,Cloud to Ground,-24871,0,10
2026-09-16T08:25:28.362874369Z,13.652183,121.654983,Cloud to Cloud,-17652,7808,7
2026-09-16T08:25:28.162999919Z,13.667444,121.645821,Cloud to Cloud,-13859,18452,7
2026-09-16T08:25:28.335936125Z,16.084719,121.127784,Cloud to Cloud,17593,11273,16
2026-09-16T08:25:29.755502766Z,17.018521,120.472122,Cloud to Cloud,-7419,13985,8
2026-09-16T08:25:29.609540263Z,16.991328,120.485847,Cloud to Cloud,11123,6123,7
2026-09-16T08:25:29.073864775Z,17.033482,120.50871,Cloud to Cloud,29377,4667,12
2026-09-16T08:25:30.716934225Z,13.892289,120.625677,Cloud to Ground,-61786,0,14
2026-09-16T08:25:30.753562000Z,13.8727,120.5629,Cloud to Ground,-36340,0,5
2026-09-16T08:25:30.901501728Z,13.878038,120.624899,Cloud to Ground,-7581,0,5
2026-09-16T08:25:32.767570589Z,15.413704,120.940127,Cloud to Cloud,-5709,19603,9
2026-09-16T08:25:32.628043755Z,15.708502,120.983187,Cloud to Ground,-12638,0,11
2026-09-16T08:25:32.531608975Z,15.745044,121.027737,Cloud to Ground,41950,0,16
2026-09-16T08:25:32.864089295Z,11.741042,122.018623,Cloud to Cloud,-32386,19693,9
2026-09-16T08:25:32.863361818Z,11.732638,122.027234,Cloud to Cloud,-20528,3669,8
2026-09-16T08:25:32.338680509Z,17.292518,121.743998,Cloud to Ground,7387,0,7
2026-09-16T08:25:33.116865862Z,5.723501,117.616762,Cloud to Cloud,14093,6369,12
2026-09-16T08:25:33.058029033Z,5.635667,117.66498,Cloud to Ground,15038,0,11
2026-09-16T08:25:33.014559123Z,5.630615,117.664004,Cloud to Ground,19244,0,11
2026-09-16T08:25:33.505983470Z,10.638528,130.698727,Cloud to Ground,26209,0,16
2026-09-16T08:25:33.840570174Z,22.954833,110.988247,Cloud to Cloud,-14645,7318,7
2026-09-16T08:25:33.478727000Z,22.9928,110.8616,Cloud to Ground,20441,0,6
2026-09-16T08:25:34.313128674Z,16.829736,121.486019,Cloud to Cloud,18412,19873,12
2026-09-16T08:25:35.584552047Z,15.49191,121.006258,Cloud to Ground,-13071,0,10
2026-09-16T08:25:36.289200195Z,16.808275,120.530301,Cloud to Cloud,5337,13561,7
2026-09-16T08:25:38.699705595Z,11.737545,125.539937,Cloud to Cloud,11042,11713,10
2026-09-16T08:25:38.048384715Z,15.594605,120.965908,Cloud to Ground,-9192,0,11
2026-09-16T08:25:39.459069235Z,12.028487,125.468901,Cloud to Cloud,-5201,14610,6
2026-09-16T08:25:40.487765760Z,15.966658,120.999042,Cloud to Cloud,10823,9694,8
2026-09-16T08:25:41.123078820Z,14.522037,120.850349,Cloud to Ground,-6367,0,7
2026-09-16T08:25:42.455298683Z,11.838922,125.037791,Cloud to Cloud,-16234,12632,13
2026-09-16T08:25:43.272202010Z,5.157905,117.872246,Cloud to Ground,16023,0,10
2026-09-16T08:25:43.283798370Z,5.163088,117.872701,Cloud to Ground,23122,0,16
2026-09-16T08:25:43.342656027Z,10.762688,131.135034,Cloud to Cloud,15294,4907,8
2026-09-16T08:25:43.385467776Z,16.550049,120.687524,Cloud to Cloud,7842,16261,10
2026-09-16T08:25:43.384294749Z,16.543729,120.598096,Cloud to Cloud,11901,6621,10
2026-09-16T08:25:44.485844241Z,17.056068,120.530942,Cloud to Cloud,7845,5360,12
2026-09-16T08:25:44.925442869Z,11.074611,119.520589,Cloud to Cloud,15673,7861,9
2026-09-16T08:25:45.850573441Z,15.675647,120.938447,Cloud to Cloud,-6861,5596,10
2026-09-16T08:25:45.866068246Z,15.657811,120.93545,Cloud to Cloud,4432,3000,7
2026-09-16T08:25:46.582247590Z,2.440089,113.65384,Cloud to Ground,18534,0,12
2026-09-16T08:25:46.152571727Z,10.301636,124.517826,Cloud to Ground,12857,0,7
2026-09-16T08:25:46.368016841Z,13.965693,120.930593,Cloud to Cloud,-13531,7835,8
2026-09-16T08:25:46.645648315Z,16.285626,121.823575,Cloud to Cloud,12829,13421,11
2026-09-16T08:25:48.771596458Z,5.656625,117.644378,Cloud to Ground,13304,0,11
2026-09-16T08:25:48.816176020Z,5.65583,117.651927,Cloud to Ground,18709,0,10
2026-09-16T08:25:49.785706854Z,16.985293,120.492395,Cloud to Cloud,5073,7017,6
2026-09-16T08:25:49.497218506Z,16.223361,120.511502,Cloud to Cloud,20943,4356,7
2026-09-16T08:25:49.944821754Z,13.8177,120.658299,Cloud to Cloud,14106,17561,9
2026-09-16T08:25:49.837461481Z,13.830786,120.662253,Cloud to Cloud,15455,4620,9
2026-09-16T08:25:49.937573226Z,11.77963,125.125809,Cloud to Ground,46522,0,10
2026-09-16T08:25:50.886019109Z,11.806849,125.10657,Cloud to Ground,-16598,0,9
2026-09-16T08:25:51.114988928Z,11.806787,125.103831,Cloud to Ground,-15580,0,8
2026-09-16T08:25:50.906286799Z,11.797242,125.092384,Cloud to Ground,-14038,0,6
2026-09-16T08:25:50.947792748Z,11.805909,125.102641,Cloud to Ground,-11975,0,5
2026-09-16T08:25:51.393228549Z,11.805906,125.105807,Cloud to Ground,-10088,0,5
2026-09-16T08:25:50.951920569Z,11.803942,125.106344,Cloud to Ground,-7037,0,5
2026-09-16T08:25:50.696374000Z,11.8436,124.8715,Cloud to Ground,-26473,0,8
2026-09-16T08:25:50.552773121Z,15.50056,120.983945,Cloud to Cloud,-11089,6725,9
2026-09-16T08:25:51.541538948Z,10.46567,134.709402,Cloud to Ground,-51226,0,11
2026-09-16T08:25:51.372008425Z,10.434595,134.682984,Cloud to Ground,-17602,0,18
2026-09-16T08:25:52.282642503Z,11.649475,122.124732,Cloud to Cloud,17104,19253,6
2026-09-16T08:25:52.271358354Z,12.61896,123.529598,Cloud to Cloud,41866,12654,8
2026-09-16T08:25:53.442959022Z,11.973315,125.411237,Cloud to Ground,-16124,0,8
2026-09-16T08:25:53.406792838Z,12.034057,125.51002,Cloud to Ground,-60458,0,11
2026-09-16T08:25:53.545553420Z,12.034616,125.511792,Cloud to Ground,-26949,0,6
2026-09-16T08:25:54.190664663Z,16.976346,120.640016,Cloud to Ground,-15237,0,16
2026-09-16T08:25:55.320498143Z,16.863319,120.820529,Cloud to Ground,-15007,0,7
2026-09-16T08:25:56.029948953Z,13.221099,123.698224,Cloud to Cloud,10553,17332,8
2026-09-16T08:25:56.048881721Z,12.87478,124.020046,Cloud to Cloud,13440,15076,7
2026-09-16T08:25:56.880032000Z,11.3049,125.1414,Cloud to Ground,-40604,0,10
2026-09-16T08:25:57.177429559Z,17.041296,120.505553,Cloud to Cloud,8597,14040,8
2026-09-16T08:26:00.955228845Z,12.014483,123.334093,Cloud to Ground,37633,0,9
2026-09-16T08:26:00.449490910Z,12.425976,124.721133,Cloud to Ground,63525,0,8
2026-09-16T08:26:01.201412926Z,13.888139,120.622668,Cloud to Ground,-32736,0,11
2026-09-16T08:26:01.224663299Z,13.898941,120.622652,Cloud to Ground,-17967,0,9
2026-09-16T08:26:01.314567305Z,13.884812,120.627404,Cloud to Ground,-16197,0,10
2026-09-16T08:26:01.201708596Z,22.955489,120.52541,Cloud to Cloud,-18331,10905,7
2026-09-16T08:26:01.298487052Z,22.980797,120.517384,Cloud to Ground,-2743,0,6
2026-09-16T08:26:01.697886000Z,16.9316,121.6442,Cloud to Ground,10895,0,5
2026-09-16T08:26:02.474197341Z,5.670399,117.641384,Cloud to Cloud,17084,13739,14
2026-09-16T08:26:02.461567477Z,12.38025,124.871373,Cloud to Cloud,-16266,8171,10
2026-09-16T08:26:04.764189686Z,2.885555,114.006955,Cloud to Ground,-81736,0,17
2026-09-16T08:26:04.759459319Z,2.87094,114.00071,Cloud to Ground,-19385,0,13
2026-09-16T08:26:04.758865945Z,2.865665,113.989607,Cloud to Ground,-15217,0,13
2026-09-16T08:26:04.775557154Z,2.87855,113.979004,Cloud to Ground,-10644,0,8
2026-09-16T08:26:05.366408634Z,15.694061,120.920302,Cloud to Cloud,-11194,16151,11
2026-09-16T08:26:05.906763806Z,14.440064,120.949313,Cloud to Ground,-11206,0,8
2026-09-16T08:26:05.444738303Z,14.464823,120.960452,Cloud to Ground,-9584,0,8
2026-09-16T08:26:05.408555447Z,14.46648,120.97151,Cloud to Ground,-8221,0,7
2026-09-16T08:26:06.915829293Z,16.792332,120.561663,Cloud to Cloud,14987,4859,11
2026-09-16T08:26:06.919001248Z,16.900029,120.576104,Cloud to Cloud,-12911,3000,12
2026-09-16T08:26:06.529525646Z,16.988406,120.471926,Cloud to Cloud,8063,3038,5
2026-09-16T08:26:06.871269137Z,12.191627,124.54545,Cloud to Ground,23898,0,10
2026-09-16T08:26:08.706395749Z,4.972379,118.215119,Cloud to Ground,-67609,0,12
2026-09-16T08:26:08.866731583Z,4.852164,118.10671,Cloud to Ground,13145,0,11
2026-09-16T08:26:08.840692380Z,4.851306,118.13915,Cloud to Ground,23813,0,15
2026-09-16T08:26:08.678216700Z,11.660293,123.285977,Cloud to Ground,-17673,0,7
2026-09-16T08:26:08.698383073Z,16.235928,121.798317,Cloud to Cloud,7997,3131,7
2026-09-16T08:26:08.071977071Z,15.689046,120.941827,Cloud to Ground,14266,0,7
2026-09-16T08:26:09.850100884Z,16.473935,120.592269,Cloud to Cloud,7029,13927,7
2026-09-16T08:26:11.251726225Z,8.500651,126.175856,Cloud to Ground,-32318,0,11
2026-09-16T08:26:11.394879959Z,8.412791,126.234429,Cloud to Ground,-22884,0,7
2026-09-16T08:26:11.325129266Z,8.413022,126.247823,Cloud to Ground,-16739,0,9
2026-09-16T08:26:11.642087507Z,10.345597,131.635291,Cloud to Cloud,-14507,3845,15
2026-09-16T08:26:11.697147883Z,16.393541,120.590685,Cloud to Cloud,-9565,12076,10
2026-09-16T08:26:11.405093084Z,16.322127,120.64351,Cloud to Cloud,16292,4466,7
2026-09-16T08:26:11.084390933Z,11.79961,125.113566,Cloud to Ground,22274,0,9
2026-09-16T08:26:12.290150158Z,15.707424,120.913303,Cloud to Cloud,-18408,3374,20
2026-09-16T08:26:13.411077175Z,16.766794,121.577505,Cloud to Cloud,-10039,4033,10
2026-09-16T08:26:13.816059556Z,15.726595,120.906495,Cloud to Cloud,-4192,17404,5
2026-09-16T08:26:14.896070845Z,16.68104,120.518393,Cloud to Ground,-39655,0,13
2026-09-16T08:26:14.772232983Z,16.685228,120.529669,Cloud to Ground,-29454,0,14
2026-09-16T08:26:14.936280959Z,16.67929,120.51975,Cloud to Ground,-29202,0,13
2026-09-16T08:26:14.836285727Z,16.680093,120.520586,Cloud to Ground,-24465,0,11
2026-09-16T08:26:15.009623158Z,16.681278,120.511692,Cloud to Ground,-22832,0,7
2026-09-16T08:26:14.966355732Z,16.680071,120.513971,Cloud to Ground,-17894,0,11
2026-09-16T08:26:14.858403857Z,16.680302,120.511445,Cloud to Ground,-10484,0,7
2026-09-16T08:26:15.471559559Z,16.679221,120.522979,Cloud to Cloud,-8502,6208,7
2026-09-16T08:26:15.200884963Z,16.680046,120.515946,Cloud to Ground,-7571,0,6
2026-09-16T08:26:15.075627000Z,16.6843,120.5232,Cloud to Ground,41529,0,6
2026-09-16T08:26:15.370203048Z,22.94829,120.543562,Cloud to Ground,-4519,0,5
2026-09-16T08:26:16.304640383Z,17.003389,120.487154,Cloud to Cloud,-10225,9884,12
2026-09-16T08:26:16.399348000Z,11.9622,125.3297,Cloud to Ground,-5666,0,6
2026-09-16T08:26:16.015229000Z,11.9639,125.3745,Cloud to Ground,13371,0,5
2026-09-16T08:26:18.899350326Z,17.05397,120.503383,Cloud to Ground,58236,0,11
2026-09-16T08:26:18.885158347Z,13.79034,120.643547,Cloud to Cloud,12080,3136,7
2026-09-16T08:26:18.794081259Z,15.740619,120.921759,Cloud to Cloud,-9519,19843,10
2026-09-16T08:26:20.685953688Z,11.791433,125.555698,Cloud to Cloud,14139,8120,7
2026-09-16T08:26:20.584098234Z,11.854181,125.545054,Cloud to Cloud,23959,18595,8
2026-09-16T08:26:20.703481110Z,11.93397,125.535311,Cloud to Ground,27092,0,16
2026-09-16T08:26:20.236831691Z,17.056999,120.50068,Cloud to Cloud,5909,12503,6
2026-09-16T08:26:20.188451640Z,22.949475,120.554574,Cloud to Cloud,-4674,3678,8
2026-09-16T08:26:21.680622380Z,12.668993,123.528524,Cloud to Cloud,13837,10743,10
2026-09-16T08:26:22.138098394Z,14.467895,120.98193,Cloud to Cloud,-12415,18672,9
2026-09-16T08:26:22.129575000Z,12.755,123.4069,Cloud to Ground,-34167,0,6
2026-09-16T08:26:24.486727563Z,10.415826,131.98999,Cloud to Ground,-13334,0,14
2026-09-16T08:26:24.184589605Z,10.378179,131.880066,Cloud to Cloud,17296,15107,10
2026-09-16T08:26:26.605888458Z,11.811213,125.515207,Cloud to Ground,19855,0,13
2026-09-16T08:26:28.818586311Z,16.030547,120.897076,Cloud to Cloud,-5862,13007,6
2026-09-16T08:26:28.295332001Z,14.394737,120.967284,Cloud to Cloud,11186,13813,8
2026-09-16T08:26:29.104101874Z,22.77388,111.236542,Cloud to Ground,-24046,0,7
2026-09-16T08:26:29.121250696Z,16.483986,120.443254,Cloud to Cloud,13640,3010,7
2026-09-16T08:26:29.472014589Z,17.002754,120.441182,Cloud to Cloud,-11424,8108,8
2026-09-16T08:26:29.684932794Z,16.91692,121.730299,Cloud to Cloud,-15823,5729,9
2026-09-16T08:26:34.016894835Z,5.632917,117.639103,Cloud to Cloud,-9878,17206,19
2026-09-16T08:26:33.961621949Z,5.689414,117.635744,Cloud to Ground,18801,0,6
2026-09-16T08:26:33.716213564Z,5.63615,117.606195,Cloud to Ground,22406,0,12
2026-09-16T08:26:34.226208512Z,5.692894,117.635268,Cloud to Ground,24707,0,8
2026-09-16T08:26:33.927414873Z,5.750956,117.611714,Cloud to Ground,33442,0,7
2026-09-16T08:26:33.360708598Z,4.312022,116.589415,Cloud to Cloud,-27305,3406,14
2026-09-16T08:26:33.383472128Z,22.945258,120.535474,Cloud to Cloud,-5276,10161,7
2026-09-16T08:26:33.384342704Z,22.970471,120.535335,Cloud to Ground,-3712,0,6
2026-09-16T08:26:33.384802859Z,22.969567,120.537735,Cloud to Cloud,-2542,9105,6
2026-09-16T08:26:33.476992097Z,22.97659,120.535261,Cloud to Cloud,2034,3149,6
2026-09-16T08:26:33.714843673Z,22.96607,120.573157,Cloud to Cloud,5474,18020,8
2026-09-16T08:26:33.478946467Z,12.681342,123.459018,Cloud to Cloud,16130,19671,7
2026-09-16T08:26:35.572099094Z,15.643087,120.937579,Cloud to Cloud,5703,17107,7
2026-09-16T08:26:35.182920680Z,16.286143,121.909178,Cloud to Cloud,-6091,10836,7
2026-09-16T08:26:37.016058192Z,15.553064,121.675414,Cloud to Cloud,-21629,3809,8
2026-09-16T08:26:37.504419303Z,16.170618,121.711941,Cloud to Cloud,-6142,14198,7
2026-09-16T08:26:37.012724233Z,16.094345,121.755886,Cloud to Cloud,20660,16958,11
2026-09-16T08:26:37.013484359Z,16.059333,121.793724,Cloud to Cloud,53287,5472,9
2026-09-16T08:26:37.197854000Z,11.7004,121.9983,Cloud to Ground,-36997,0,6
2026-09-16T08:26:37.054566038Z,11.69209,122.03001,Cloud to Ground,-17501,0,8
2026-09-16T08:26:38.648367931Z,9.94097,129.901304,Cloud to Ground,-35579,0,13
2026-09-16T08:26:38.522778692Z,10.013608,129.694549,Cloud to Cloud,-11164,3153,12
2026-09-16T08:26:38.806876531Z,11.645706,122.346839,Cloud to Ground,-17427,0,10
2026-09-16T08:26:38.604553851Z,15.72077,120.983158,Cloud to Cloud,-16719,5753,10
2026-09-16T08:26:41.672672428Z,2.676419,112.833459,Cloud to Ground,71112,0,18
2026-09-16T08:26:41.595169065Z,2.556302,112.802898,Cloud to Ground,-17819,0,19
2026-09-16T08:26:41.660923963Z,2.554087,112.816497,Cloud to Ground,-10495,0,12
2026-09-16T08:26:41.755676238Z,2.55278,112.836533,Cloud to Ground,10005,0,9
2026-09-16T08:26:41.558564372Z,2.553985,112.807624,Cloud to Ground,174537,0,25
2026-09-16T08:26:42.330711639Z,11.90632,125.545769,Cloud to Cloud,-15792,3001,7
2026-09-16T08:26:42.500938641Z,11.85322,125.545335,Cloud to Cloud,-11450,11291,9
2026-09-16T08:26:42.232400138Z,11.860543,125.536355,Cloud to Ground,26447,0,11
2026-09-16T08:26:43.574923441Z,11.827584,121.379307,Cloud to Ground,27153,0,8
2026-09-16T08:26:43.155556255Z,22.678879,120.478039,Cloud to Cloud,5129,3002,6
2026-09-16T08:26:43.116308777Z,22.712092,120.476706,Cloud to Cloud,6912,13308,7
2026-09-16T08:26:43.118185250Z,22.710561,120.474417,Cloud to Cloud,7488,8160,8
2026-09-16T08:26:44.483158994Z,17.04492,120.506962,Cloud to Ground,44060,0,13
2026-09-16T08:26:45.725868602Z,5.62822,118.578689,Cloud to Ground,32677,0,12
2026-09-16T08:26:46.495542909Z,16.532299,120.555653,Cloud to Ground,-19870,0,13
2026-09-16T08:26:46.593925523Z,16.526565,120.605688,Cloud to Ground,-19607,0,8
2026-09-16T08:26:46.699100095Z,16.523421,120.549722,Cloud to Ground,-17262,0,11
2026-09-16T08:26:46.971573383Z,16.526167,120.551327,Cloud to Ground,-15184,0,10
2026-09-16T08:26:46.458022271Z,16.521563,120.55654,Cloud to Ground,-13077,0,8
2026-09-16T08:26:46.518343065Z,16.978147,120.507124,Cloud to Ground,-59826,0,15
2026-09-16T08:26:46.586181241Z,16.981618,120.531788,Cloud to Ground,-39656,0,14
2026-09-16T08:26:47.122647049Z,16.983427,120.520853,Cloud to Ground,-28566,0,12
2026-09-16T08:26:46.629498803Z,16.984898,120.512704,Cloud to Ground,-23975,0,10
2026-09-16T08:26:47.379265775Z,16.985675,120.514845,Cloud to Cloud,-11176,3492,6
2026-09-16T08:26:47.278524636Z,16.984406,120.507111,Cloud to Ground,-8136,0,7
2026-09-16T08:26:47.955035790Z,4.835081,118.009111,Cloud to Cloud,6909,3013,8
2026-09-16T08:26:47.205877725Z,15.849207,121.056307,Cloud to Cloud,10335,18351,8
2026-09-16T08:26:47.140785162Z,14.644904,120.368375,Cloud to Cloud,20887,15296,8
2026-09-16T08:26:48.111681070Z,16.629569,121.494209,Cloud to Cloud,5436,6676,6
2026-09-16T08:26:48.104578444Z,16.628507,121.511077,Cloud to Cloud,10631,12867,9
2026-09-16T08:26:48.616936136Z,11.703009,125.046673,Cloud to Cloud,-15291,16076,8
2026-09-16T08:26:48.561567288Z,11.789539,125.113079,Cloud to Ground,-61026,0,12
2026-09-16T08:26:49.179030608Z,11.793739,125.109604,Cloud to Ground,-19157,0,8
2026-09-16T08:26:49.098962635Z,11.794112,125.109459,Cloud to Ground,-15370,0,9
2026-09-16T08:26:49.569404452Z,11.693636,125.168984,Cloud to Cloud,25812,7744,7
2026-09-16T08:26:49.085903312Z,12.286646,124.792873,Cloud to Cloud,11372,6662,8
2026-09-16T08:26:49.029318314Z,12.394152,124.773233,Cloud to Cloud,15306,13814,8
2026-09-16T08:26:50.643680090Z,13.907118,120.626995,Cloud to Ground,-53286,0,13
2026-09-16T08:26:50.718429623Z,13.897936,120.628798,Cloud to Ground,-43335,0,6
2026-09-16T08:26:50.789763441Z,13.815719,120.642365,Cloud to Cloud,-16294,11850,7
2026-09-16T08:26:50.933093751Z,15.772219,120.895134,Cloud to Ground,-14844,0,7
2026-09-16T08:26:50.442077353Z,12.190566,124.567605,Cloud to Cloud,12175,3597,10
2026-09-16T08:26:51.564065389Z,16.962989,120.442059,Cloud to Ground,-25665,0,6
2026-09-16T08:26:51.003915142Z,15.697088,121.044712,Cloud to Cloud,-12840,6163,11
2026-09-16T08:26:51.218206777Z,15.343153,121.000869,Cloud to Cloud,17584,6676,9
2026-09-16T08:26:51.433616816Z,15.812643,121.520731,Cloud to Ground,25554,0,13
2026-09-16T08:26:52.968643133Z,16.968157,120.528622,Cloud to Ground,-41756,0,13
2026-09-16T08:26:52.971977533Z,17.014484,120.493961,Cloud to Cloud,-11916,9415,6
2026-09-16T08:26:52.985410440Z,16.647351,120.564871,Cloud to Ground,-18655,0,6
2026-09-16T08:26:54.728951797Z,15.42901,120.986937,Cloud to Cloud,-4792,17046,8
2026-09-16T08:26:54.401540402Z,15.423879,120.965685,Cloud to Cloud,10173,19966,11
2026-09-16T08:26:54.927131537Z,12.336471,124.864468,Cloud to Cloud,13820,8150,9
2026-09-16T08:26:54.159048000Z,5.3582,117.7908,Cloud to Ground,15681,0,5
2026-09-16T08:26:56.564112268Z,17.048526,120.502498,Cloud to Cloud,8105,13917,6
2026-09-16T08:26:59.609179800Z,15.31222,120.93927,Cloud to Cloud,-10028,7942,10
2026-09-16T08:27:00.191594994Z,16.254746,121.835165,Cloud to Cloud,12945,13152,10
2026-09-16T08:27:02.930568854Z,11.640707,121.861779,Cloud to Ground,60776,0,8
2026-09-16T08:27:03.015588822Z,11.227875,125.194097,Cloud to Cloud,14745,7080,10
2026-09-16T08:27:04.950719755Z,14.509522,120.95257,Cloud to Cloud,-11574,3002,8
2026-09-16T08:27:04.207996685Z,15.669782,120.997068,Cloud to Cloud,-3531,14647,6
2026-09-16T08:27:04.660679250Z,11.867278,125.532523,Cloud to Cloud,-20001,6895,8
2026-09-16T08:27:07.051147000Z,16.9855,120.4609,Cloud to Ground,-5225,0,9
2026-09-16T08:27:07.636623000Z,17.0602,120.5543,Cloud to Ground,-15486,0,7
2026-09-16T08:27:09.375742683Z,10.371872,131.855025,Cloud to Ground,13675,0,14
2026-09-16T08:27:09.459733052Z,10.383763,131.862464,Cloud to Ground,16673,0,16
2026-09-16T08:27:09.185793867Z,10.479368,131.615681,Cloud to Ground,-79083,0,23
2026-09-16T08:27:08.984034723Z,10.398294,131.626155,Cloud to Ground,-22269,0,18
2026-09-16T08:27:09.313060041Z,10.402583,131.678958,Cloud to Ground,-18908,0,15
2026-09-16T08:27:09.417565454Z,10.384536,131.69323,Cloud to Ground,-14993,0,21
2026-09-16T08:27:09.039580789Z,10.351607,131.627489,Cloud to Ground,-10173,0,11
2026-09-16T08:27:09.303565177Z,10.404976,131.710154,Cloud to Cloud,7553,10525,16
2026-09-16T08:27:09.199081921Z,10.475341,131.490953,Cloud to Ground,-23080,0,11
2026-09-16T08:27:09.340200219Z,12.850935,124.072011,Cloud to Cloud,18129,17931,12
2026-09-16T08:27:09.747814860Z,15.735337,120.948969,Cloud to Cloud,7343,18764,8
2026-09-16T08:27:10.024993618Z,17.900665,121.858104,Cloud to Ground,-110536,0,14
2026-09-16T08:27:10.018229667Z,17.923438,121.865651,Cloud to Cloud,-23465,5900,10
2026-09-16T08:27:10.107840390Z,17.904985,121.824897,Cloud to Cloud,11302,3036,13
2026-09-16T08:27:13.860234283Z,15.735875,120.930555,Cloud to Cloud,-12162,19549,10
2026-09-16T08:27:13.450857979Z,11.570442,122.39802,Cloud to Ground,27053,0,9
2026-09-16T08:27:14.489855971Z,17.050572,120.500519,Cloud to Cloud,10447,12385,9
2026-09-16T08:27:16.455608258Z,16.826618,120.701554,Cloud to Ground,-29417,0,13
2026-09-16T08:27:16.457134245Z,16.821042,120.681429,Cloud to Cloud,-12897,6248,7
2026-09-16T08:27:16.427541781Z,16.895075,120.720503,Cloud to Cloud,6373,5242,8
2026-09-16T08:27:16.459353760Z,16.824838,120.666304,Cloud to Cloud,10598,3124,8
2026-09-16T08:27:16.843531404Z,22.984361,120.531227,Cloud to Cloud,4602,18700,6
2026-09-16T08:27:17.482116096Z,15.288779,120.964291,Cloud to Cloud,-7314,3003,8
2026-09-16T08:27:17.451981312Z,15.368596,120.936182,Cloud to Cloud,22670,7818,18
2026-09-16T08:27:18.844494423Z,13.919714,120.615297,Cloud to Ground,-37987,0,13
2026-09-16T08:27:18.924247025Z,13.878857,120.604748,Cloud to Ground,-15257,0,9
2026-09-16T08:27:18.574203378Z,22.980457,120.536148,Cloud to Cloud,-5556,19884,7
2026-09-16T08:27:18.806642826Z,22.919329,120.543858,Cloud to Cloud,5849,5472,6
2026-09-16T08:27:19.223453638Z,16.70318,120.495023,Cloud to Ground,-15170,0,10
2026-09-16T08:27:19.772899869Z,15.570389,121.024742,Cloud to Cloud,-13811,3434,7
2026-09-16T08:27:19.894429586Z,15.577874,120.984312,Cloud to Cloud,9669,3335,11
2026-09-16T08:27:19.375185000Z,11.9442,125.4608,Cloud to Ground,7423,0,5
2026-09-16T08:27:20.916582396Z,15.702844,121.116073,Cloud to Cloud,-7258,12387,11
2026-09-16T08:27:20.322957428Z,15.668899,120.994714,Cloud to Cloud,-15639,3145,7
2026-09-16T08:27:21.922516028Z,16.977106,120.497412,Cloud to Cloud,8562,14011,7
2026-09-16T08:27:21.408745010Z,12.327618,124.610725,Cloud to Cloud,17854,10701,10
2026-09-16T08:27:21.093080310Z,16.142355,121.062251,Cloud to Cloud,7125,3873,8
2026-09-16T08:27:22.114318758Z,16.666193,120.477472,Cloud to Cloud,-19836,3891,8
2026-09-16T08:27:22.652630411Z,16.477153,120.518984,Cloud to Ground,-45103,0,11
2026-09-16T08:27:22.813275894Z,16.514516,120.555577,Cloud to Ground,-29811,0,13
2026-09-16T08:27:22.570946043Z,11.827684,121.628983,Cloud to Cloud,18050,12296,8
2026-09-16T08:27:22.567292596Z,11.827572,121.606051,Cloud to Ground,19179,0,7
2026-09-16T08:27:22.582290000Z,12.5305,124.8418,Cloud to Ground,-33753,0,7
2026-09-16T08:27:23.981440164Z,4.828682,118.05571,Cloud to Cloud,-13161,3548,20
2026-09-16T08:27:23.862104013Z,4.823521,118.046004,Cloud to Ground,73243,0,23
2026-09-16T08:27:23.921043591Z,4.822549,118.045726,Cloud to Ground,108056,0,23
2026-09-16T08:27:24.529556727Z,5.717581,118.505811,Cloud to Ground,25880,0,21
2026-09-16T08:27:24.568468000Z,5.636913,118.573665,Cloud to Ground,-17949,0,17
2026-09-16T08:27:24.249494337Z,15.747926,120.911085,Cloud to Cloud,-12065,11883,10
2026-09-16T08:27:24.231705279Z,15.772192,120.954236,Cloud to Cloud,15478,19367,11
2026-09-16T08:27:27.526461957Z,11.741349,122.058711,Cloud to Cloud,-24563,10125,10
2026-09-16T08:27:27.892389230Z,11.752967,122.057896,Cloud to Cloud,9123,18361,5
2026-09-16T08:27:27.522387917Z,11.751321,122.058695,Cloud to Cloud,12267,19301,5
2026-09-16T08:27:27.561519970Z,11.678842,122.127749,Cloud to Cloud,8273,11255,8
2026-09-16T08:27:27.984330419Z,15.724011,120.883309,Cloud to Cloud,5315,17910,10
2026-09-16T08:27:28.172751768Z,15.511604,120.916927,Cloud to Cloud,4959,17266,8
2026-09-16T08:27:29.443453947Z,11.992169,125.483286,Cloud to Ground,-26857,0,7
2026-09-16T08:27:30.399718690Z,15.741964,120.910746,Cloud to Ground,-11029,0,11
2026-09-16T08:27:30.366518347Z,15.741178,120.992783,Cloud to Cloud,-7159,16393,9
2026-09-16T08:27:30.343233527Z,13.890002,120.621611,Cloud to Cloud,6738,16856,7
2026-09-16T08:27:32.832171696Z,17.060322,120.494789,Cloud to Ground,46621,0,13
2026-09-16T08:27:32.338983533Z,13.685793,121.67476,Cloud to Cloud,8607,3981,7
2026-09-16T08:27:33.059157425Z,11.833462,121.377937,Cloud to Ground,11458,0,7
2026-09-16T08:27:33.560733290Z,17.062819,120.491004,Cloud to Cloud,6817,12620,6
2026-09-16T08:27:33.504733822Z,15.493776,120.949033,Cloud to Cloud,4215,4570,8
2026-09-16T08:27:34.047386275Z,15.770974,121.044004,Cloud to Cloud,4667,3033,7
2026-09-16T08:27:34.905359392Z,15.739411,120.995542,Cloud to Cloud,-11443,10356,8
2026-09-16T08:27:34.537554499Z,12.445026,124.824715,Cloud to Ground,-10393,0,7
2026-09-16T08:27:34.914131459Z,12.367741,124.815329,Cloud to Ground,37067,0,8
2026-09-16T08:27:35.571177399Z,17.029671,120.476065,Cloud to Cloud,-9982,18667,8
2026-09-16T08:27:36.075696527Z,14.658882,120.306038,Cloud to Cloud,15917,3015,6
2026-09-16T08:27:37.783771534Z,4.206196,116.395498,Cloud to Ground,21726,0,25
2026-09-16T08:27:37.036662149Z,12.361097,124.922875,Cloud to Cloud,-10251,10121,9
2026-09-16T08:27:37.115866672Z,12.392872,124.929314,Cloud to Ground,-6628,0,7
2026-09-16T08:27:40.306418590Z,14.466149,120.961496,Cloud to Cloud,8681,17319,6
2026-09-16T08:27:40.904591544Z,15.447973,120.956159,Cloud to Cloud,-12493,7518,10
2026-09-16T08:27:40.259553367Z,12.125542,124.599797,Cloud to Cloud,39239,6334,7
2026-09-16T08:27:40.306558899Z,12.169356,124.494505,Cloud to Cloud,13047,19930,7
2026-09-16T08:27:41.067322762Z,16.989974,120.505436,Cloud to Cloud,10486,14096,11
2026-09-16T08:27:41.721721000Z,4.1831,116.5463,Cloud to Ground,-31524,0,5
2026-09-16T08:27:41.399869000Z,4.1538,116.5015,Cloud to Ground,19821,0,8
2026-09-16T08:27:43.553608264Z,16.477269,120.602315,Cloud to Cloud,-6534,13241,5
2026-09-16T08:27:43.522044284Z,16.375946,120.649186,Cloud to Cloud,19167,4333,8
2026-09-16T08:27:43.696290122Z,12.309485,124.602839,Cloud to Ground,-15518,0,9
2026-09-16T08:27:43.005988332Z,15.704778,121.043425,Cloud to Cloud,-23230,10021,9
2026-09-16T08:27:44.784408729Z,13.829954,120.66207,Cloud to Cloud,17470,15705,8
2026-09-16T08:27:46.477782067Z,15.844256,120.939311,Cloud to Cloud,-9326,7340,8
2026-09-16T08:27:47.900935420Z,5.83731,118.109875,Cloud to Ground,14146,0,16
2026-09-16T08:27:48.133555226Z,15.949678,121.681746,Cloud to Cloud,4709,15192,6
2026-09-16T08:27:49.114005924Z,5.647888,117.648669,Cloud to Ground,15663,0,10
2026-09-16T08:27:49.246200260Z,5.719034,117.648426,Cloud to Ground,19622,0,7
2026-09-16T08:27:49.383860710Z,16.908584,121.703985,Cloud to Cloud,-14569,19955,7
2026-09-16T08:27:49.695094000Z,13.9187,120.7034,Cloud to Ground,-26589,0,8
2026-09-16T08:27:49.562507617Z,13.889792,120.621816,Cloud to Ground,-18184,0,9
2026-09-16T08:27:49.594192511Z,13.888543,120.62259,Cloud to Ground,-9051,0,8
2026-09-16T08:27:49.545014960Z,13.898577,120.615025,Cloud to Cloud,18298,6933,10
2026-09-16T08:27:49.508220000Z,13.8414,120.4121,Cloud to Ground,-41378,0,7
2026-09-16T08:27:50.670672880Z,4.328691,116.427082,Cloud to Ground,-19580,0,15
2026-09-16T08:27:50.621968432Z,4.24384,116.489588,Cloud to Ground,-14696,0,23
2026-09-16T08:27:51.033726367Z,4.190778,116.488281,Cloud to Ground,15831,0,7
2026-09-16T08:27:50.467946806Z,4.157749,116.4952,Cloud to Ground,20820,0,16
2026-09-16T08:27:50.548600346Z,4.146094,116.502834,Cloud to Ground,59583,0,13
2026-09-16T08:27:50.787585530Z,4.166007,116.518435,Cloud to Ground,79556,0,20
2026-09-16T08:27:51.768080256Z,15.755173,120.96348,Cloud to Cloud,7665,17560,5
2026-09-16T08:27:52.913509000Z,11.9387,125.5079,Cloud to Ground,-44810,0,7
2026-09-16T08:27:53.058071987Z,11.947332,125.565545,Cloud to Ground,-24092,0,11
2026-09-16T08:27:53.236238169Z,11.947842,125.571373,Cloud to Ground,-19364,0,11
2026-09-16T08:27:53.109215001Z,11.947707,125.56816,Cloud to Ground,-11727,0,5
2026-09-16T08:27:53.504759656Z,11.948464,125.571353,Cloud to Ground,-10308,0,5
2026-09-16T08:27:52.992591115Z,11.935924,125.553025,Cloud to Ground,34797,0,8
2026-09-16T08:27:54.098417723Z,16.932161,120.532259,Cloud to Cloud,-9497,9823,7
2026-09-16T08:27:53.710223923Z,16.89665,120.566629,Cloud to Cloud,16550,17013,9
2026-09-16T08:27:54.771971505Z,16.823831,120.526428,Cloud to Cloud,8400,15752,8
2026-09-16T08:27:55.049851891Z,17.063058,120.487234,Cloud to Ground,40564,0,11
2026-09-16T08:27:55.627680105Z,15.826566,120.907993,Cloud to Ground,-8845,0,6
2026-09-16T08:27:56.766715693Z,15.749231,120.957495,Cloud to Cloud,11975,5808,7
2026-09-16T08:27:57.062475273Z,10.271695,132.91732,Cloud to Ground,20586,0,10
2026-09-16T08:27:57.181174143Z,10.264341,132.913731,Cloud to Ground,21309,0,19
2026-09-16T08:27:57.138515104Z,10.258683,132.883222,Cloud to Ground,34062,0,16
2026-09-16T08:27:57.320639930Z,11.556368,122.38803,Cloud to Cloud,-5276,13804,5
2026-09-16T08:27:58.865255892Z,19.85598,123.41935,Cloud to Ground,21350,0,8
2026-09-16T08:27:58.222636558Z,15.282342,120.925487,Cloud to Cloud,-13739,10544,7
2026-09-16T08:27:59.924409185Z,16.852586,120.876857,Cloud to Cloud,-6493,17631,7
2026-09-16T08:28:00.366966952Z,16.825509,120.497863,Cloud to Cloud,-3895,19065,6
2026-09-16T08:28:00.403563531Z,14.405132,120.955484,Cloud to Cloud,12692,5946,6
2026-09-16T08:28:01.992900293Z,19.648092,123.360046,Cloud to Cloud,9931,8595,9
2026-09-16T08:28:00.539504010Z,16.67454,120.506569,Cloud to Ground,-12570,0,8
2026-09-16T08:28:00.748591590Z,16.63172,120.544735,Cloud to Ground,-12430,0,8
2026-09-16T08:28:01.388765033Z,16.706918,120.518559,Cloud to Ground,20037,0,14
2026-09-16T08:28:01.569805424Z,16.517301,120.53791,Cloud to Cloud,12221,3023,7
2026-09-16T08:28:01.097736443Z,16.503816,120.531706,Cloud to Cloud,12370,5356,9
2026-09-16T08:28:02.637715410Z,16.986386,120.481299,Cloud to Ground,-56315,0,14
2026-09-16T08:28:03.473270540Z,16.98422,120.467286,Cloud to Ground,-38329,0,12
2026-09-16T08:28:03.028130455Z,16.985663,120.468473,Cloud to Ground,-13179,0,10
2026-09-16T08:28:03.104974000Z,16.9939,120.4744,Cloud to Ground,32440,0,8
2026-09-16T08:28:01.915765783Z,19.593912,123.507594,Cloud to Cloud,8915,19397,8
2026-09-16T08:28:01.991578893Z,19.585219,123.506479,Cloud to Cloud,8934,3005,9
2026-09-16T08:28:02.023569256Z,19.583647,123.51523,Cloud to Cloud,9186,3030,8
2026-09-16T08:28:02.844153782Z,11.655279,122.075637,Cloud to Cloud,-15882,11362,7
2026-09-16T08:28:02.964240156Z,12.272912,124.72295,Cloud to Cloud,14799,18575,8
2026-09-16T08:28:03.152459268Z,16.145799,121.082685,Cloud to Ground,-17047,0,9
2026-09-16T08:28:03.092216573Z,16.162389,121.086193,Cloud to Ground,-14540,0,9
2026-09-16T08:28:03.260399000Z,16.1632,121.0849,Cloud to Ground,25494,0,8
2026-09-16T08:28:04.363328400Z,15.70883,120.983534,Cloud to Ground,-7269,0,5
2026-09-16T08:28:05.944925726Z,11.931597,125.555024,Cloud to Ground,22933,0,10
2026-09-16T08:28:05.667221694Z,15.735676,120.935008,Cloud to Ground,-9295,0,10
2026-09-16T08:28:06.378682080Z,5.513693,117.730035,Cloud to Ground,-70310,0,16
2026-09-16T08:28:06.424298175Z,5.510777,117.711233,Cloud to Ground,-38343,0,28
2026-09-16T08:28:06.366815033Z,5.509442,117.649489,Cloud to Cloud,-16102,9179,16
2026-09-16T08:28:06.972587232Z,15.363321,121.024392,Cloud to Cloud,9439,19452,8
2026-09-16T08:28:06.101497297Z,17.062123,120.477994,Cloud to Cloud,6167,17331,6
2026-09-16T08:28:06.800188532Z,11.129575,119.552272,Cloud to Cloud,16832,16501,8
2026-09-16T08:28:06.725376000Z,11.1854,119.3776,Cloud to Ground,-32303,0,10
2026-09-16T08:28:06.875376024Z,15.764987,121.028962,Cloud to Cloud,-12082,19061,7
2026-09-16T08:28:06.504037000Z,5.4928,117.8184,Cloud to Ground,45285,0,6
2026-09-16T08:28:07.947364188Z,10.541997,131.040034,Cloud to Ground,18121,0,16
2026-09-16T08:28:08.304138712Z,10.499313,130.919247,Cloud to Cloud,8536,3033,14
2026-09-16T08:28:07.948506617Z,10.520871,130.950036,Cloud to Cloud,9075,3035,17
2026-09-16T08:28:08.575744496Z,6.382499,118.451951,Cloud to Ground,33250,0,14
2026-09-16T08:28:09.496472332Z,22.929142,111.055347,Cloud to Cloud,-15346,3089,7
2026-09-16T08:28:09.254807193Z,15.698838,121.009842,Cloud to Cloud,6393,6376,7
2026-09-16T08:28:10.705172000Z,12.0597,123.2369,Cloud to Ground,-16204,0,8
2026-09-16T08:28:13.036419409Z,5.533922,117.864521,Cloud to Ground,20815,0,18
2026-09-16T08:28:13.091051919Z,12.027055,123.972244,Cloud to Ground,20192,0,7
2026-09-16T08:28:15.542555661Z,16.982928,120.487347,Cloud to Cloud,10131,13556,6
2026-09-16T08:28:15.926189041Z,16.979395,120.494751,Cloud to Cloud,10819,6644,9
2026-09-16T08:28:15.892358609Z,16.967542,120.485623,Cloud to Cloud,14360,4462,6
2026-09-16T08:28:16.848226125Z,11.887558,121.575676,Cloud to Ground,-26939,0,11
2026-09-16T08:28:17.840882158Z,11.790555,125.110371,Cloud to Ground,-60135,0,12
2026-09-16T08:28:18.315703515Z,11.790568,125.110705,Cloud to Ground,-27166,0,10
2026-09-16T08:28:18.572162066Z,11.793083,125.118403,Cloud to Ground,-17103,0,9
2026-09-16T08:28:18.008299538Z,11.790022,125.11178,Cloud to Ground,-9623,0,5
2026-09-16T08:28:18.145233313Z,2.562465,114.395207,Cloud to Cloud,8244,6416,11
2026-09-16T08:28:18.364830000Z,11.875,124.8215,Cloud to Ground,-21620,0,5
2026-09-16T08:28:19.954114576Z,11.9774,123.913676,Cloud to Cloud,9378,10395,8
2026-09-16T08:28:19.438719269Z,11.781243,125.492073,Cloud to Cloud,7592,12774,7
2026-09-16T08:28:19.836599711Z,11.854789,125.465632,Cloud to Cloud,16552,16057,10
2026-09-16T08:28:20.270341257Z,15.54498,121.052179,Cloud to Cloud,-36212,11077,7
2026-09-16T08:28:21.524004593Z,16.049498,120.999582,Cloud to Cloud,10890,19608,10
2026-09-16T08:28:21.455669479Z,11.83052,121.405431,Cloud to Ground,-103419,0,10
2026-09-16T08:28:22.137143781Z,11.569571,122.429657,Cloud to Cloud,10584,3026,10
2026-09-16T08:28:23.431161218Z,4.123511,116.518794,Cloud to Ground,10727,0,8
2026-09-16T08:28:24.762784062Z,6.903221,116.830859,Cloud to Ground,-67494,0,22
2026-09-16T08:28:24.617308069Z,6.909566,116.832752,Cloud to Ground,-46080,0,12
2026-09-16T08:28:25.158395173Z,6.975584,116.816803,Cloud to Ground,-29329,0,9
2026-09-16T08:28:24.616172852Z,6.987269,116.818347,Cloud to Ground,-21791,0,13
2026-09-16T08:28:24.618548135Z,6.908794,116.843573,Cloud to Ground,61011,0,19
2026-09-16T08:28:24.580237045Z,12.410433,124.955703,Cloud to Cloud,13396,15928,8
2026-09-16T08:28:24.581000000Z,12.4957,124.9551,Cloud to Ground,16579,0,5
2026-09-16T08:28:25.132532644Z,17.06158,120.486631,Cloud to Cloud,13760,7993,12
2026-09-16T08:28:25.913741458Z,13.899662,120.609669,Cloud to Cloud,-7063,7393,5
2026-09-16T08:28:25.892295087Z,13.742631,121.613665,Cloud to Cloud,15464,18445,11
2026-09-16T08:28:26.464755132Z,5.655577,117.646702,Cloud to Ground,-14344,0,13
2026-09-16T08:28:26.088669183Z,5.758139,117.639467,Cloud to Ground,-21528,0,10
2026-09-16T08:28:27.743644523Z,15.357843,120.907056,Cloud to Cloud,10448,9214,6
2026-09-16T08:28:27.507874421Z,14.57343,120.421273,Cloud to Cloud,7848,16029,9
2026-09-16T08:28:27.812312244Z,12.065549,125.3957,Cloud to Cloud,-11758,17889,12
2026-09-16T08:28:27.918391461Z,12.033195,125.482863,Cloud to Cloud,11942,15903,6
2026-09-16T08:28:27.541596678Z,11.989537,125.525857,Cloud to Cloud,17812,19793,8
2026-09-16T08:28:28.424419673Z,0.926342,112.434235,Cloud to Ground,153969,0,31
2026-09-16T08:28:28.022609149Z,22.947634,120.524682,Cloud to Ground,-9969,0,8
2026-09-16T08:28:28.019590277Z,22.964227,120.523392,Cloud to Cloud,-8038,8388,6
2026-09-16T08:28:28.020007345Z,22.947039,120.529241,Cloud to Cloud,-6250,8514,6
2026-09-16T08:28:27.995067933Z,22.942014,120.517462,Cloud to Cloud,-5258,10852,5
2026-09-16T08:28:29.684370434Z,10.699247,130.530373,Cloud to Ground,-8881,0,16
2026-09-16T08:28:29.036251831Z,12.405614,124.760096,Cloud to Cloud,12943,3221,8
2026-09-16T08:28:29.168288185Z,12.390547,124.795146,Cloud to Cloud,15538,4177,11
2026-09-16T08:28:31.895805086Z,16.263204,121.812337,Cloud to Cloud,7558,16780,7
2026-09-16T08:28:31.898243026Z,16.259005,121.805261,Cloud to Cloud,11104,14157,8
2026-09-16T08:28:31.942190113Z,16.185766,121.851348,Cloud to Cloud,11887,5659,11
2026-09-16T08:28:31.892333395Z,16.261642,121.803878,Cloud to Cloud,14358,18680,8
2026-09-16T08:28:33.883645055Z,15.667409,120.995879,Cloud to Cloud,-11263,7549,8
2026-09-16T08:28:34.761002819Z,11.187584,131.813908,Cloud to Ground,-27614,0,26
2026-09-16T08:28:34.859783804Z,16.967413,120.488142,Cloud to Cloud,-5711,6010,7
2026-09-16T08:28:34.647336877Z,17.063145,120.471694,Cloud to Cloud,-6183,11866,7
2026-09-16T08:28:34.067828584Z,17.024758,120.500264,Cloud to Cloud,31436,6696,10
2026-09-16T08:28:35.746620741Z,16.839782,121.521544,Cloud to Cloud,-13021,10387,8
2026-09-16T08:28:35.706903314Z,15.737255,120.929912,Cloud to Cloud,-7664,3930,13
2026-09-16T08:28:36.178422776Z,16.500751,120.617249,Cloud to Ground,-86407,0,14
2026-09-16T08:28:36.308794289Z,16.500951,120.617056,Cloud to Ground,-56808,0,14
2026-09-16T08:28:36.376378773Z,16.500511,120.620535,Cloud to Ground,-45800,0,13
2026-09-16T08:28:36.196151494Z,16.481014,120.630936,Cloud to Cloud,12377,18094,7
2026-09-16T08:28:36.593205236Z,12.401941,124.710988,Cloud to Ground,19711,0,6
2026-09-16T08:28:37.280447863Z,8.887964,125.668177,Cloud to Ground,-25533,0,12
2026-09-16T08:28:37.841007000Z,16.0514,121.6466,Cloud to Ground,14604,0,7
2026-09-16T08:28:38.922987156Z,16.82697,120.674718,Cloud to Cloud,7765,15252,7
2026-09-16T08:28:38.811562072Z,16.786042,120.728679,Cloud to Cloud,25744,12066,14
2026-09-16T08:28:39.449554366Z,4.183359,116.47748,Cloud to Ground,21610,0,13
2026-09-16T08:28:39.523365451Z,12.591936,123.45802,Cloud to Cloud,9422,11242,7
2026-09-16T08:28:39.502463913Z,12.594601,123.456536,Cloud to Cloud,12300,6440,8
2026-09-16T08:28:39.207987736Z,11.692875,122.091276,Cloud to Cloud,16027,19432,7
2026-09-16T08:28:39.499303313Z,11.956549,121.552782,Cloud to Ground,42042,0,11
2026-09-16T08:28:39.982334477Z,11.908116,125.439265,Cloud to Cloud,13978,7456,8
2026-09-16T08:28:40.292923086Z,12.011553,123.321394,Cloud to Ground,35043,0,9
2026-09-16T08:28:43.174969404Z,10.276513,131.684071,Cloud to Cloud,20922,7493,12
2026-09-16T08:28:43.177647892Z,10.206621,131.787054,Cloud to Cloud,20762,4394,8
2026-09-16T08:28:44.236201049Z,10.449759,131.720288,Cloud to Ground,-52191,0,24
2026-09-16T08:28:44.270167795Z,10.427762,131.666676,Cloud to Ground,-17182,0,14
2026-09-16T08:28:44.636360983Z,10.382609,131.697527,Cloud to Ground,-16191,0,23
2026-09-16T08:28:44.281871031Z,15.541172,120.977337,Cloud to Cloud,-10396,12074,9
2026-09-16T08:28:45.662266235Z,16.64446,120.492711,Cloud to Cloud,9663,19268,9
2026-09-16T08:28:45.388768080Z,16.599814,120.544643,Cloud to Cloud,12188,13909,9
2026-09-16T08:28:45.479848256Z,16.640539,120.503412,Cloud to Ground,27046,0,10
2026-09-16T08:28:46.607253371Z,15.736305,120.958378,Cloud to Cloud,-5509,13745,6
2026-09-16T08:28:46.898317475Z,22.921632,120.531341,Cloud to Cloud,-3390,15899,5
2026-09-16T08:28:46.739821340Z,22.952301,120.537826,Cloud to Cloud,-2889,11450,5
2026-09-16T08:28:46.910891392Z,22.954303,120.523844,Cloud to Cloud,-2828,8300,7
2026-09-16T08:28:46.164163033Z,16.980889,120.491419,Cloud to Cloud,8261,19942,9
2026-09-16T08:28:48.508172974Z,16.037692,121.027772,Cloud to Ground,-14318,0,12
2026-09-16T08:28:48.426248295Z,16.014614,121.034789,Cloud to Cloud,-5335,5345,7
2026-09-16T08:28:48.639660513Z,16.239585,121.108783,Cloud to Cloud,4447,5294,8
2026-09-16T08:28:48.317799000Z,15.8921,120.9859,Cloud to Ground,-17323,0,7
2026-09-16T08:28:48.551171157Z,15.846391,121.016904,Cloud to Cloud,5622,5877,8
2026-09-16T08:28:48.308989186Z,19.598199,123.511208,Cloud to Cloud,5498,13300,5
2026-09-16T08:28:48.367448075Z,13.906982,120.589983,Cloud to Cloud,5504,18819,8
2026-09-16T08:28:49.836726194Z,2.552907,112.742217,Cloud to Ground,-39203,0,18
2026-09-16T08:28:49.835048015Z,2.490241,112.794001,Cloud to Ground,-15569,0,11
2026-09-16T08:28:49.519340271Z,11.848993,125.57602,Cloud to Cloud,-19334,14423,10
2026-09-16T08:28:49.517821628Z,11.926527,125.489457,Cloud to Ground,-56183,0,9
2026-09-16T08:28:49.650959000Z,11.9388,125.4686,Cloud to Ground,-29606,0,8
2026-09-16T08:28:49.336369347Z,11.9304,125.370852,Cloud to Ground,-21139,0,21
2026-09-16T08:28:49.386027000Z,11.9511,125.3445,Cloud to Ground,-13446,0,6
2026-09-16T08:28:49.228052669Z,11.969396,125.385205,Cloud to Ground,-13035,0,21
2026-09-16T08:28:49.112507154Z,11.888961,125.450293,Cloud to Cloud,-12869,19427,10
2026-09-16T08:28:50.086155389Z,2.347571,112.810953,Cloud to Ground,33041,0,16
2026-09-16T08:28:50.135682264Z,17.068101,120.480589,Cloud to Cloud,11844,14588,6
2026-09-16T08:28:50.544894374Z,16.336058,120.584231,Cloud to Ground,-16374,0,12
2026-09-16T08:28:50.546374307Z,16.283881,120.64178,Cloud to Ground,22992,0,8
2026-09-16T08:28:50.347401339Z,12.37806,124.784672,Cloud to Cloud,9692,15252,7
2026-09-16T08:28:50.232277841Z,11.810079,125.176936,Cloud to Cloud,18013,18594,7
2026-09-16T08:28:50.224407476Z,11.752122,125.169738,Cloud to Cloud,18867,19501,8
2026-09-16T08:28:51.030676324Z,12.844641,124.064917,Cloud to Cloud,14485,14849,9
2026-09-16T08:28:52.230683212Z,4.132003,116.524076,Cloud to Ground,11569,0,9
2026-09-16T08:28:52.096378273Z,4.142268,116.529433,Cloud to Ground,12902,0,14
2026-09-16T08:28:54.033237305Z,4.982428,118.16992,Cloud to Ground,-52138,0,9
2026-09-16T08:28:54.242506442Z,4.942622,118.162026,Cloud to Ground,-22077,0,18
2026-09-16T08:28:54.263630182Z,4.953465,118.176576,Cloud to Ground,-17337,0,17
2026-09-16T08:28:54.163452007Z,4.951583,118.155691,Cloud to Ground,-15744,0,24
2026-09-16T08:28:54.071522000Z,4.959,118.1074,Cloud to Ground,31981,0,5
2026-09-16T08:28:53.990360172Z,4.961382,118.179046,Cloud to Ground,181362,0,30
2026-09-16T08:28:53.093430124Z,9.962655,129.766369,Cloud to Cloud,-24337,11275,9
2026-09-16T08:28:53.078579184Z,9.901451,129.835198,Cloud to Ground,-190853,0,11
2026-09-16T08:28:53.697785716Z,16.229946,121.718428,Cloud to Ground,-12667,0,7
2026-09-16T08:28:53.463182866Z,10.205953,124.495889,Cloud to Cloud,16133,4356,7
2026-09-16T08:28:54.838407646Z,5.023269,118.234321,Cloud to Ground,-87171,0,21
2026-09-16T08:28:55.997323072Z,11.851476,121.380632,Cloud to Ground,-6043,0,5
2026-09-16T08:28:55.302134567Z,11.745254,121.359467,Cloud to Cloud,12908,5580,6
2026-09-16T08:28:56.082825836Z,15.642796,121.064528,Cloud to Cloud,-31222,3026,9
2026-09-16T08:28:57.686338879Z,13.903481,120.667081,Cloud to Cloud,-19067,15415,10
2026-09-16T08:28:57.651964704Z,13.904639,120.624875,Cloud to Cloud,6591,3691,6
2026-09-16T08:28:57.148083145Z,16.380732,120.649239,Cloud to Cloud,-8770,6410,7
2026-09-16T08:28:58.311592442Z,11.684985,122.066559,Cloud to Cloud,11274,16927,6
2026-09-16T08:28:58.147207406Z,11.650647,121.906159,Cloud to Ground,-67125,0,12
2026-09-16T08:28:58.198127388Z,11.653389,121.915793,Cloud to Ground,-6742,0,7
2026-09-16T08:28:58.199164000Z,11.5171,121.896,Cloud to Ground,-17715,0,7
2026-09-16T08:28:58.579702675Z,12.686078,123.467656,Cloud to Ground,10950,0,7
2026-09-16T08:28:58.643580429Z,12.620358,123.451505,Cloud to Cloud,18342,19864,7
2026-09-16T08:29:00.006907573Z,12.070478,123.269639,Cloud to Cloud,8425,8632,6
2026-09-16T08:28:59.996291495Z,12.074489,123.283382,Cloud to Cloud,11346,15806,6
2026-09-16T08:28:59.991673031Z,15.778564,120.991065,Cloud to Cloud,3266,14098,6
2026-09-16T08:29:00.952389766Z,16.700232,120.585125,Cloud to Cloud,-14132,7906,10
2026-09-16T08:29:00.948593995Z,16.709216,120.528199,Cloud to Cloud,-12396,15547,7
2026-09-16T08:29:01.021824239Z,16.947943,120.426906,Cloud to Cloud,7280,11053,6
2026-09-16T08:29:00.936940567Z,17.002727,120.470402,Cloud to Cloud,8059,19351,9
2026-09-16T08:29:00.951699627Z,17.005532,120.482155,Cloud to Cloud,8228,10034,6
2026-09-16T08:29:01.234504297Z,16.912065,120.637726,Cloud to Cloud,-11877,5398,12
2026-09-16T08:29:01.192469146Z,15.442321,120.995735,Cloud to Cloud,4477,18451,7
2026-09-16T08:29:01.789809696Z,14.484904,120.946159,Cloud to Cloud,4479,9838,6
2026-09-16T08:29:02.385836182Z,17.895909,121.873403,Cloud to Ground,-85505,0,16
2026-09-16T08:29:02.559802756Z,17.843511,121.601671,Cloud to Ground,-18063,0,11
2026-09-16T08:29:02.636370328Z,17.86588,121.616527,Cloud to Ground,-10856,0,12
2026-09-16T08:29:03.951600338Z,16.776884,120.551502,Cloud to Cloud,8769,15775,8
2026-09-16T08:29:03.348634886Z,12.394059,124.789374,Cloud to Cloud,10108,11412,8
2026-09-16T08:29:03.331440290Z,12.454415,124.826405,Cloud to Cloud,18872,7331,7
2026-09-16T08:29:04.216269863Z,10.323298,132.926632,Cloud to Ground,14816,0,9
2026-09-16T08:29:04.366514365Z,10.292108,132.737219,Cloud to Ground,-21674,0,26
2026-09-16T08:29:04.293766211Z,10.264387,132.732229,Cloud to Ground,-19355,0,24
2026-09-16T08:29:04.116230369Z,10.303398,132.788133,Cloud to Ground,-14864,0,18
2026-09-16T08:29:04.494359523Z,10.592604,125.144089,Cloud to Ground,-44298,0,15
2026-09-16T08:29:06.619892849Z,22.725252,120.470633,Cloud to Cloud,5834,6801,8
2026-09-16T08:29:09.874723313Z,16.987436,120.494504,Cloud to Cloud,-9946,7001,12
2026-09-16T08:29:10.110871874Z,17.048192,120.537587,Cloud to Cloud,-7717,4586,13
2026-09-16T08:29:09.883296853Z,16.996154,120.481751,Cloud to Cloud,8303,8473,11
2026-09-16T08:29:10.025989838Z,17.001922,120.470515,Cloud to Cloud,8834,11075,8
2026-09-16T08:29:09.886493677Z,16.995147,120.521894,Cloud to Cloud,9396,3003,9
2026-09-16T08:29:09.679292622Z,16.994434,120.514048,Cloud to Cloud,10588,15193,8
2026-09-16T08:29:10.975075516Z,16.78519,120.885216,Cloud to Cloud,10143,9304,12
2026-09-16T08:29:10.977352283Z,16.859945,120.833667,Cloud to Cloud,10849,5986,9
2026-09-16T08:29:10.676536545Z,15.722152,120.897914,Cloud to Cloud,-6136,16697,8
2026-09-16T08:29:11.917862582Z,11.592486,122.386169,Cloud to Cloud,9009,15239,6
2026-09-16T08:29:12.929755515Z,13.824829,120.673935,Cloud to Cloud,-39079,4899,8
2026-09-16T08:29:12.948276196Z,13.892656,120.621297,Cloud to Ground,-32357,0,10
2026-09-16T08:29:12.996674930Z,13.891893,120.618317,Cloud to Ground,-18316,0,6
2026-09-16T08:29:12.969833010Z,13.881677,120.609516,Cloud to Ground,-14345,0,9
2026-09-16T08:29:12.370871814Z,15.434321,121.006348,Cloud to Cloud,-7801,3471,7
2026-09-16T08:29:13.157907928Z,18.318572,120.968865,Cloud to Cloud,8352,17743,6
2026-09-16T08:29:13.209644026Z,18.364818,120.969603,Cloud to Cloud,10830,17742,7
2026-09-16T08:29:13.655189720Z,18.307627,120.819078,Cloud to Cloud,-18603,8405,6
2026-09-16T08:29:13.024600000Z,18.3652,120.8484,Cloud to Ground,10737,0,5
2026-09-16T08:29:13.676118201Z,22.935326,120.528356,Cloud to Ground,-4002,0,7
2026-09-16T08:29:14.936631339Z,17.025122,120.447046,Cloud to Cloud,13523,5750,8
2026-09-16T08:29:15.240271105Z,11.809651,121.623809,Cloud to Cloud,-18750,19302,8
2026-09-16T08:29:16.212650541Z,15.29345,120.978091,Cloud to Cloud,13572,18636,8
2026-09-16T08:29:16.169064826Z,15.672729,120.99219,Cloud to Cloud,-9864,13632,8
2026-09-16T08:29:16.849144842Z,10.797909,124.687681,Cloud to Cloud,21578,18629,7
2026-09-16T08:29:17.604910173Z,12.281511,124.752113,Cloud to Cloud,12819,11171,7
2026-09-16T08:29:17.627694763Z,12.216156,124.773088,Cloud to Cloud,15682,5365,7
2026-09-16T08:29:18.422070985Z,5.629698,117.667594,Cloud to Ground,-21153,0,8
2026-09-16T08:29:18.384402046Z,5.635198,117.667441,Cloud to Ground,-20392,0,23
2026-09-16T08:29:18.326144295Z,5.619289,117.657272,Cloud to Ground,41706,0,18
2026-09-16T08:29:18.430461896Z,15.701367,120.892208,Cloud to Cloud,-13055,3256,12
2026-09-16T08:29:18.032340650Z,14.655312,120.333274,Cloud to Cloud,12230,3864,6
2026-09-16T08:29:18.357003511Z,12.591258,123.438588,Cloud to Cloud,14205,19501,6
2026-09-16T08:29:18.310606546Z,12.621554,123.496326,Cloud to Ground,21520,0,8
2026-09-16T08:29:18.022028061Z,12.694134,123.494477,Cloud to Ground,40955,0,9
2026-09-16T08:29:18.968071730Z,19.597639,123.518157,Cloud to Cloud,7929,3005,6
2026-09-16T08:29:19.339830553Z,15.41493,121.003209,Cloud to Cloud,-8134,4413,8
2026-09-16T08:29:19.427809367Z,12.471121,124.841747,Cloud to Ground,32584,0,6
2026-09-16T08:29:20.769582453Z,15.738984,120.936429,Cloud to Cloud,9241,3002,9
2026-09-16T08:29:21.953178720Z,16.973528,120.465855,Cloud to Ground,-49083,0,13
2026-09-16T08:29:22.525662083Z,16.978068,120.462806,Cloud to Ground,-20038,0,12
2026-09-16T08:29:22.575263487Z,16.978172,120.465939,Cloud to Ground,-12524,0,9
2026-09-16T08:29:22.797718772Z,16.977313,120.456817,Cloud to Ground,-12335,0,11
2026-09-16T08:29:22.904356747Z,16.976064,120.458024,Cloud to Ground,-10634,0,11
2026-09-16T08:29:21.977373712Z,16.974991,120.457909,Cloud to Ground,-10601,0,10
2026-09-16T08:29:22.943944223Z,16.977747,120.459522,Cloud to Ground,-10446,0,9
2026-09-16T08:29:22.814736961Z,16.976897,120.457392,Cloud to Ground,-9723,0,11
2026-09-16T08:29:23.149570503Z,16.976042,120.454495,Cloud to Ground,-9147,0,10
2026-09-16T08:29:22.387380675Z,17.011695,120.475015,Cloud to Cloud,-5356,9193,6
2026-09-16T08:29:21.928977124Z,17.068269,120.4785,Cloud to Cloud,8168,14474,9
2026-09-16T08:29:21.409232067Z,11.082086,119.526778,Cloud to Ground,17513,0,9
2026-09-16T08:29:23.836720176Z,15.707441,121.071555,Cloud to Cloud,-42515,11230,8
2026-09-16T08:29:23.190482406Z,15.59301,120.949003,Cloud to Cloud,-4537,18174,7
2026-09-16T08:29:23.177690029Z,16.445612,120.584122,Cloud to Ground,-9772,0,11
2026-09-16T08:29:23.173068805Z,16.489738,120.588804,Cloud to Cloud,7549,12287,13
2026-09-16T08:29:25.005751872Z,12.388886,124.624061,Cloud to Ground,-79484,0,10
2026-09-16T08:29:25.070188000Z,12.3793,124.6533,Cloud to Ground,-31773,0,5
2026-09-16T08:29:25.234474107Z,12.436069,124.553499,Cloud to Ground,-28921,0,17
2026-09-16T08:29:25.524093073Z,11.826203,121.586704,Cloud to Ground,10863,0,6
2026-09-16T08:29:31.574345885Z,15.415896,120.990343,Cloud to Ground,34196,0,15
2026-09-16T08:29:31.475937712Z,22.925474,120.544439,Cloud to Cloud,-3987,8710,8
2026-09-16T08:29:31.690677806Z,22.964414,120.569162,Cloud to Cloud,7736,16632,9
2026-09-16T08:29:32.414010759Z,11.929018,121.690862,Cloud to Ground,15218,0,8
2026-09-16T08:29:32.497180359Z,14.409655,120.917637,Cloud to Cloud,-5868,3001,7
2026-09-16T08:29:32.304730000Z,11.9277,125.1735,Cloud to Ground,11998,0,5
2026-09-16T08:29:33.043528042Z,11.936746,125.566321,Cloud to Cloud,11770,7745,5
2026-09-16T08:29:33.212133936Z,12.006703,125.468739,Cloud to Ground,-18769,0,7
2026-09-16T08:29:33.186776631Z,12.31528,124.850451,Cloud to Cloud,10883,3874,8
2026-09-16T08:29:34.805031422Z,15.676914,120.959374,Cloud to Cloud,6230,19366,7
2026-09-16T08:29:34.910159600Z,15.675448,120.972112,Cloud to Cloud,9900,16018,7
2026-09-16T08:29:36.804378407Z,12.689904,123.489828,Cloud to Cloud,10731,15118,6
2026-09-16T08:29:36.283136660Z,12.350608,124.482988,Cloud to Cloud,16545,18347,7
2026-09-16T08:29:38.358973434Z,15.791305,121.012139,Cloud to Cloud,7177,13712,8
2026-09-16T08:29:39.327595508Z,11.167969,131.996447,Cloud to Ground,10523,0,14
2026-09-16T08:29:39.362406034Z,11.17693,131.970947,Cloud to Ground,23370,0,11
2026-09-16T08:29:39.484047442Z,12.461876,124.8219,Cloud to Ground,-48234,0,11
2026-09-16T08:29:39.740577000Z,12.4762,124.7817,Cloud to Ground,-34936,0,6
2026-09-16T08:29:39.643795000Z,12.4584,124.7433,Cloud to Ground,-18487,0,6
2026-09-16T08:29:39.713801000Z,12.4714,124.759,Cloud to Ground,-16502,0,5
2026-09-16T08:29:39.550460485Z,12.456107,124.695295,Cloud to Ground,-15144,0,9
2026-09-16T08:29:39.317417970Z,22.978489,120.518681,Cloud to Cloud,4466,9386,6
2026-09-16T08:29:42.168095832Z,4.228237,116.442873,Cloud to Ground,-17362,0,10
2026-09-16T08:29:41.985973220Z,4.162916,116.489209,Cloud to Cloud,-12492,19175,12
2026-09-16T08:29:43.610074178Z,6.914808,116.843991,Cloud to Ground,39418,0,18
2026-09-16T08:29:43.336333421Z,5.392351,117.855925,Cloud to Ground,-33246,0,18
2026-09-16T08:29:43.590710164Z,15.731035,120.969541,Cloud to Cloud,-9909,12699,11
2026-09-16T08:29:43.448301155Z,11.859596,125.445257,Cloud to Cloud,6955,17227,8
2026-09-16T08:29:45.467744161Z,5.544099,117.759437,Cloud to Ground,-70205,0,12
2026-09-16T08:29:45.067378356Z,17.044081,120.539264,Cloud to Cloud,-12034,5493,6
2026-09-16T08:29:45.602070052Z,11.795482,125.10944,Cloud to Cloud,-10758,8885,7
2026-09-16T08:29:46.640646566Z,12.191464,124.551952,Cloud to Cloud,28383,3001,7
2026-09-16T08:29:46.465002928Z,12.290856,124.624772,Cloud to Ground,-91278,0,12
2026-09-16T08:29:46.640085000Z,12.3027,124.5592,Cloud to Ground,-28682,0,5
2026-09-16T08:29:47.445330675Z,11.88869,125.183104,Cloud to Ground,-22730,0,10
2026-09-16T08:29:47.366143405Z,11.88638,125.182492,Cloud to Ground,-20046,0,8
2026-09-16T08:29:47.564778296Z,11.89145,125.192059,Cloud to Ground,-10520,0,5
2026-09-16T08:30:24.426163039Z,15.64037,120.983977,Cloud to Cloud,-19868,14079,8
2026-09-16T08:30:25.524062551Z,16.177664,120.565712,Cloud to Cloud,-11678,12346,7
2026-09-16T08:30:25.967696725Z,16.555601,120.509688,Cloud to Ground,17152,0,8
2026-09-16T08:30:25.967110000Z,16.8165,120.5797,Cloud to Ground,-11687,0,5
2026-09-16T08:30:26.003529936Z,16.87423,120.531507,Cloud to Cloud,4521,10791,7
2026-09-16T08:30:25.371135835Z,16.802224,120.520247,Cloud to Cloud,16663,18768,12
2026-09-16T08:30:25.266851617Z,15.431215,121.041783,Cloud to Cloud,-9312,3003,7
2026-09-16T08:30:25.885867446Z,11.789432,125.09779,Cloud to Ground,-23537,0,6
2026-09-16T08:30:26.652208671Z,5.619666,118.566568,Cloud to Ground,-24118,0,17
2026-09-16T08:30:26.671959733Z,5.605261,118.570545,Cloud to Ground,-15846,0,18
2026-09-16T08:30:26.708521433Z,5.601057,118.489976,Cloud to Cloud,18654,16020,8
2026-09-16T08:30:26.487405969Z,22.924433,120.529867,Cloud to Ground,-4408,0,7
2026-09-16T08:30:26.503084813Z,11.647216,122.468316,Cloud to Cloud,13631,9633,7
2026-09-16T08:30:27.191178764Z,5.734976,118.513949,Cloud to Ground,11728,0,7
2026-09-16T08:30:28.848817026Z,16.352448,120.587003,Cloud to Cloud,8186,13090,9
2026-09-16T08:30:31.249024125Z,4.118568,116.591197,Cloud to Ground,-12094,0,11
2026-09-16T08:30:31.636680788Z,15.476369,121.020288,Cloud to Cloud,4616,13719,9
2026-09-16T08:30:31.751317280Z,12.374498,124.805427,Cloud to Cloud,12875,15849,7
2026-09-16T08:30:32.268176170Z,11.89859,121.731083,Cloud to Ground,-69899,0,11
2026-09-16T08:30:32.985180761Z,16.888323,120.542329,Cloud to Cloud,9023,3019,7
2026-09-16T08:30:32.912778000Z,16.8675,120.5342,Cloud to Ground,26706,0,5
2026-09-16T08:30:34.131121266Z,17.019345,120.499068,Cloud to Cloud,4637,3034,7
2026-09-16T08:30:33.877254956Z,17.019219,120.535548,Cloud to Cloud,9170,10548,10
2026-09-16T08:30:35.417430562Z,10.168471,130.365474,Cloud to Ground,-18540,0,11
2026-09-16T08:30:35.415320730Z,10.168664,130.351135,Cloud to Cloud,-17413,18187,13
2026-09-16T08:30:35.432728874Z,10.160906,130.406977,Cloud to Cloud,15716,7803,22
2026-09-16T08:30:35.421407484Z,10.187681,130.371654,Cloud to Ground,27942,0,12
2026-09-16T08:30:35.626749992Z,5.624166,117.694989,Cloud to Ground,-17538,0,24
2026-09-16T08:30:35.216444377Z,4.093584,121.996916,Cloud to Cloud,15146,6142,18
2026-09-16T08:30:36.714530364Z,2.571899,112.772402,Cloud to Ground,19541,0,24
2026-09-16T08:30:36.611642917Z,11.622172,122.328299,Cloud to Ground,-16460,0,8
2026-09-16T08:30:37.569909976Z,11.105681,119.569565,Cloud to Cloud,15509,18649,6
2026-09-16T08:30:37.479775415Z,15.430315,120.968218,Cloud to Ground,-6105,0,6
2026-09-16T08:30:37.110984000Z,16.0398,121.681,Cloud to Ground,23396,0,5
2026-09-16T08:30:38.907354692Z,4.156744,116.493084,Cloud to Ground,14826,0,14
2026-09-16T08:30:38.588809299Z,17.081395,120.592767,Cloud to Ground,-44796,0,14
2026-09-16T08:30:38.262705557Z,17.02811,120.57432,Cloud to Ground,47250,0,13
2026-09-16T08:30:38.634081019Z,17.497419,120.600287,Cloud to Cloud,-20297,7796,17
2026-09-16T08:30:38.487887533Z,17.488224,120.547294,Cloud to Ground,49314,0,14
2026-09-16T08:30:39.074481523Z,15.850547,121.020392,Cloud to Cloud,5307,11406,7
2026-09-16T08:30:39.073207434Z,15.670314,121.04043,Cloud to Cloud,14023,3002,7
2026-09-16T08:30:41.467269368Z,11.797802,125.482397,Cloud to Ground,24156,0,13
2026-09-16T08:30:43.533913009Z,16.941613,121.566697,Cloud to Ground,-39716,0,8
2026-09-16T08:30:43.538686004Z,16.952525,121.525298,Cloud to Cloud,-7171,4051,8
2026-09-16T08:30:43.472313071Z,16.765623,120.873922,Cloud to Cloud,24649,3144,12
2026-09-16T08:30:43.274365314Z,11.610727,125.603169,Cloud to Ground,-18575,0,10
2026-09-16T08:30:44.903725046Z,16.367887,121.688986,Cloud to Cloud,7729,15057,7
2026-09-16T08:30:44.904902000Z,16.1587,121.6644,Cloud to Ground,6841,0,5
2026-09-16T08:30:44.905829897Z,16.156923,121.706188,Cloud to Cloud,7843,11916,6
2026-09-16T08:30:45.619377346Z,11.238917,131.878847,Cloud to Ground,-22439,0,14
2026-09-16T08:30:45.658581643Z,11.190311,131.850084,Cloud to Ground,-14798,0,23
2026-09-16T08:30:45.693769237Z,11.2024,131.797035,Cloud to Ground,-13178,0,8
2026-09-16T08:30:46.223972115Z,12.08099,123.276138,Cloud to Ground,-37406,0,10
2026-09-16T08:30:46.561218000Z,12.0794,123.2376,Cloud to Ground,-26352,0,6
2026-09-16T08:30:46.464043000Z,12.0893,123.1985,Cloud to Ground,-24265,0,6
2026-09-16T08:30:46.298618000Z,12.1061,123.1403,Cloud to Ground,-21642,0,6
2026-09-16T08:30:47.277614188Z,13.912147,120.631359,Cloud to Cloud,6227,15837,7
2026-09-16T08:30:48.088912729Z,12.389307,124.764154,Cloud to Cloud,10181,4857,7
2026-09-16T08:30:48.412770370Z,12.463806,124.823373,Cloud to Cloud,-7871,10757,6
2026-09-16T08:30:48.934819943Z,12.615827,123.455851,Cloud to Ground,16145,0,6
2026-09-16T08:30:49.686997818Z,15.752851,120.988599,Cloud to Ground,-14314,0,10
2026-09-16T08:30:49.500981964Z,15.769244,121.047339,Cloud to Cloud,17775,17621,8
2026-09-16T08:30:49.950490000Z,11.7127,121.9129,Cloud to Ground,-19364,0,5
2026-09-16T08:30:50.101395000Z,11.7743,121.9869,Cloud to Ground,-33885,0,6
2026-09-16T08:30:50.189685782Z,11.759848,122.027833,Cloud to Ground,-20058,0,9
2026-09-16T08:30:50.992745322Z,15.769287,120.994007,Cloud to Cloud,-7445,14273,6
2026-09-16T08:30:51.289125797Z,2.804042,113.989011,Cloud to Ground,30136,0,18
2026-09-16T08:30:51.159094769Z,2.848187,113.988477,Cloud to Ground,39000,0,22
2026-09-16T08:30:52.011662079Z,14.559177,120.270182,Cloud to Cloud,-12596,3283,5
2026-09-16T08:30:52.055555433Z,14.653476,120.304547,Cloud to Cloud,7348,14600,9
2026-09-16T08:30:52.144364000Z,4.1674,116.3773,Cloud to Ground,42319,0,6
2026-09-16T08:30:53.406983181Z,15.263853,121.009028,Cloud to Cloud,-16497,4228,7
2026-09-16T08:30:53.387772635Z,15.399874,121.045956,Cloud to Cloud,-8515,13260,6
2026-09-16T08:30:54.851289434Z,6.393465,118.476862,Cloud to Ground,13054,0,9
2026-09-16T08:30:54.384593231Z,11.725739,125.562205,Cloud to Cloud,21867,3034,7
2026-09-16T08:30:54.554492559Z,11.853702,125.491798,Cloud to Cloud,13837,18229,10
2026-09-16T08:30:54.333830422Z,11.850502,125.479045,Cloud to Cloud,14162,14362,10
2026-09-16T08:30:54.626568889Z,15.746353,121.012194,Cloud to Ground,-17712,0,13
2026-09-16T08:30:54.314549173Z,15.463215,120.980274,Cloud to Cloud,-12563,15198,7
2026-09-16T08:30:55.952813103Z,5.663436,117.659298,Cloud to Ground,19737,0,12
2026-09-16T08:30:55.579717515Z,19.653571,123.470204,Cloud to Cloud,10326,14627,8
2026-09-16T08:30:55.931851809Z,17.093931,120.39039,Cloud to Cloud,-4087,6903,6
2026-09-16T08:30:56.024991925Z,5.789669,117.598852,Cloud to Ground,41990,0,8
2026-09-16T08:30:56.646465098Z,5.701622,118.579955,Cloud to Ground,-14185,0,12
2026-09-16T08:30:57.006700689Z,5.613521,118.639874,Cloud to Cloud,-9582,8902,16
2026-09-16T08:30:59.198493646Z,16.267181,121.795623,Cloud to Ground,-19329,0,14
2026-09-16T08:30:59.212701688Z,16.258416,121.782862,Cloud to Cloud,-4755,8455,12
2026-09-16T08:31:00.779471000Z,11.8667,121.5748,Cloud to Ground,-45380,0,5
2026-09-16T08:31:00.991589907Z,11.821362,121.608332,Cloud to Ground,28938,0,6
2026-09-16T08:31:00.674323449Z,16.916048,120.454902,Cloud to Cloud,-7118,10487,6
2026-09-16T08:31:01.665851247Z,0.967788,112.449582,Cloud to Cloud,-16918,3421,21
2026-09-16T08:31:02.887215032Z,15.614038,120.95879,Cloud to Cloud,-11420,9378,7
2026-09-16T08:31:02.807317401Z,16.452617,120.559929,Cloud to Cloud,-6812,13416,9
2026-09-16T08:31:02.541199566Z,16.410769,120.58351,Cloud to Cloud,6340,16953,6
2026-09-16T08:31:03.712524503Z,10.52959,131.012741,Cloud to Ground,20951,0,14
2026-09-16T08:31:03.711910747Z,10.523203,131.048329,Cloud to Ground,96714,0,19
2026-09-16T08:31:03.779738682Z,10.257005,132.76689,Cloud to Ground,-18154,0,26
2026-09-16T08:31:03.994312594Z,12.207293,124.614984,Cloud to Cloud,14233,7788,7
2026-09-16T08:31:04.232892967Z,12.451279,124.830577,Cloud to Ground,-48560,0,7
2026-09-16T08:31:04.513102368Z,12.458796,124.843815,Cloud to Ground,-25372,0,8
2026-09-16T08:31:04.290403399Z,12.450763,124.827712,Cloud to Ground,-11822,0,6
2026-09-16T08:31:04.400679317Z,12.454441,124.832692,Cloud to Ground,-8186,0,6
2026-09-16T08:31:05.141447356Z,7.053154,116.755543,Cloud to Ground,56115,0,18
2026-09-16T08:31:05.106315544Z,6.964104,116.789719,Cloud to Ground,-44558,0,11
2026-09-16T08:31:04.765744760Z,6.970096,116.804309,Cloud to Ground,-21744,0,10
2026-09-16T08:31:05.318622274Z,6.953426,116.786874,Cloud to Cloud,22314,3727,7
2026-09-16T08:31:05.038985704Z,15.686914,121.061546,Cloud to Cloud,14597,3024,7
2026-09-16T08:31:07.733746391Z,11.97449,125.515637,Cloud to Ground,-17543,0,7
2026-09-16T08:31:07.602542191Z,12.054428,125.466735,Cloud to Ground,-16876,0,18
2026-09-16T08:31:07.855650000Z,12.0373,125.5311,Cloud to Ground,27894,0,5
2026-09-16T08:31:07.520653000Z,11.9555,125.4234,Cloud to Ground,-37764,0,6
2026-09-16T08:31:07.856616082Z,11.901034,125.421123,Cloud to Ground,-25766,0,8
2026-09-16T08:31:07.914194222Z,11.96577,125.383846,Cloud to Ground,-25383,0,14
2026-09-16T08:31:07.734854244Z,11.932223,125.373905,Cloud to Ground,-24450,0,13
2026-09-16T08:31:09.965518142Z,16.247843,121.054045,Cloud to Cloud,-14463,8461,10
2026-09-16T08:31:10.024335575Z,4.90963,118.122996,Cloud to Ground,20227,0,21
2026-09-16T08:31:10.093450838Z,17.079839,120.514511,Cloud to Cloud,5760,18879,8
2026-09-16T08:31:10.141010883Z,16.994921,120.475703,Cloud to Ground,-11903,0,8
2026-09-16T08:31:10.326940423Z,17.00517,120.446007,Cloud to Cloud,13709,3009,9
2026-09-16T08:31:11.863733587Z,15.75982,121.021279,Cloud to Cloud,-13547,3021,8
2026-09-16T08:31:11.353001490Z,15.515666,121.035864,Cloud to Cloud,-10833,3900,7
2026-09-16T08:31:13.720950244Z,15.846355,121.027517,Cloud to Cloud,7666,3377,9
2026-09-16T08:31:13.746542198Z,15.874274,121.104163,Cloud to Ground,25950,0,7
2026-09-16T08:31:13.358312905Z,15.738143,120.99532,Cloud to Cloud,-9147,16230,10
2026-09-16T08:31:13.468683754Z,15.481093,121.054377,Cloud to Cloud,-5773,8648,9
2026-09-16T08:31:13.909597882Z,12.346652,124.626182,Cloud to Cloud,7005,10332,10
2026-09-16T08:31:13.856945536Z,12.315874,124.619446,Cloud to Cloud,7286,10249,9
2026-09-16T08:31:14.398361985Z,12.357514,124.621344,Cloud to Cloud,15126,5899,8
2026-09-16T08:31:14.491395012Z,16.26463,121.811884,Cloud to Cloud,5051,18547,7
2026-09-16T08:31:14.472281265Z,16.257278,121.801588,Cloud to Cloud,12808,9589,10
2026-09-16T08:31:15.744021761Z,15.772332,120.985766,Cloud to Cloud,3576,9243,6
2026-09-16T08:31:15.379874833Z,13.882886,120.614675,Cloud to Ground,-17733,0,10
2026-09-16T08:31:15.418900440Z,13.89632,120.611236,Cloud to Ground,-15430,0,11
2026-09-16T08:31:15.352325959Z,13.8394,120.665689,Cloud to Cloud,-13918,4968,11
2026-09-16T08:31:17.260709074Z,11.956261,123.920349,Cloud to Cloud,33381,19371,8
2026-09-16T08:31:18.016884726Z,11.773642,125.069079,Cloud to Ground,21178,0,7
2026-09-16T08:31:18.015364951Z,11.763904,125.171998,Cloud to Ground,-23836,0,7
2026-09-16T08:31:19.989799707Z,11.108326,119.596508,Cloud to Cloud,13284,4416,9
2026-09-16T08:31:19.758777279Z,11.112891,119.6001,Cloud to Cloud,13366,18949,9
2026-09-16T08:31:19.557487468Z,15.546315,121.010278,Cloud to Cloud,13020,18233,8
2026-09-16T08:31:19.449229699Z,12.479936,124.84208,Cloud to Ground,26207,0,9
2026-09-16T08:31:20.153581496Z,16.936569,120.483648,Cloud to Cloud,4337,3156,6
2026-09-16T08:31:20.754757053Z,15.557178,120.970178,Cloud to Cloud,13256,6664,8
2026-09-16T08:31:21.430501017Z,2.652021,112.731195,Cloud to Ground,16235,0,17
2026-09-16T08:31:22.161586532Z,12.597081,123.489082,Cloud to Cloud,10933,12016,7
2026-09-16T08:31:21.832272262Z,12.609204,123.461863,Cloud to Ground,11656,0,7
2026-09-16T08:31:21.684379574Z,12.829861,123.990882,Cloud to Cloud,4238,4053,7
2026-09-16T08:31:22.733958245Z,3.907852,116.601195,Cloud to Cloud,-11440,7199,12
2026-09-16T08:31:22.595281885Z,4.131768,116.503315,Cloud to Cloud,-9135,6204,10
2026-09-16T08:31:22.947694313Z,15.677371,121.101104,Cloud to Cloud,-21842,7416,8
2026-09-16T08:31:23.645621054Z,4.856031,118.005287,Cloud to Ground,-108110,0,19
2026-09-16T08:31:23.713329036Z,4.842765,118.001287,Cloud to Ground,-18071,0,19
2026-09-16T08:31:24.085437015Z,4.84732,117.996061,Cloud to Ground,-13216,0,19
2026-09-16T08:31:23.718374051Z,4.921697,117.979782,Cloud to Ground,21993,0,15
2026-09-16T08:31:23.760218955Z,4.83973,118.013414,Cloud to Ground,32747,0,10
2026-09-16T08:31:23.720899010Z,4.965866,117.970224,Cloud to Ground,58648,0,8
2026-09-16T08:31:24.360295877Z,15.666825,121.040591,Cloud to Cloud,16711,18820,10
2026-09-16T08:31:25.064253237Z,11.813683,121.463365,Cloud to Ground,-38225,0,8
2026-09-16T08:31:25.116818000Z,11.8333,121.4415,Cloud to Ground,-27927,0,6
2026-09-16T08:31:25.167540000Z,11.8173,121.3362,Cloud to Ground,-18333,0,5
2026-09-16T08:31:25.108728907Z,11.827509,121.402552,Cloud to Ground,-16342,0,12
2026-09-16T08:31:25.181002342Z,11.866889,121.439415,Cloud to Cloud,15470,17086,8
2026-09-16T08:31:25.058203168Z,11.825938,121.405744,Cloud to Ground,45300,0,11
2026-09-16T08:31:25.497801402Z,11.912604,125.431661,Cloud to Ground,26170,0,10
2026-09-16T08:31:26.825665379Z,16.374875,120.657019,Cloud to Cloud,9341,4934,9
2026-09-16T08:31:26.828494658Z,16.466798,120.584509,Cloud to Cloud,8085,12511,9
2026-09-16T08:31:27.173254751Z,17.006457,120.480258,Cloud to Cloud,7045,3001,6
2026-09-16T08:31:26.591736952Z,16.963744,120.504628,Cloud to Cloud,7383,4557,7
2026-09-16T08:31:26.594249445Z,17.001108,120.526699,Cloud to Cloud,11467,14160,6
2026-09-16T08:31:26.587438913Z,16.972241,120.510217,Cloud to Cloud,31898,5820,12
2026-09-16T08:31:27.034042754Z,16.700793,120.524589,Cloud to Ground,-5465,0,7
2026-09-16T08:31:28.411260869Z,5.398709,114.384914,Cloud to Ground,51298,0,8
2026-09-16T08:31:28.556824922Z,5.310564,114.392281,Cloud to Ground,71674,0,21
2026-09-16T08:31:28.492750683Z,5.36924,114.375234,Cloud to Ground,102296,0,10
2026-09-16T08:31:29.284487614Z,16.277134,121.759372,Cloud to Ground,-7188,0,7
2026-09-16T08:31:30.590315942Z,15.87512,121.449888,Cloud to Cloud,-15553,3025,8
2026-09-16T08:31:30.588096315Z,15.803065,121.505111,Cloud to Ground,43448,0,11
2026-09-16T08:31:30.203329612Z,15.739694,120.979019,Cloud to Cloud,13709,16540,7
2026-09-16T08:31:31.802419101Z,5.709269,117.602334,Cloud to Ground,-35123,0,18
2026-09-16T08:31:31.765240313Z,5.65125,117.661109,Cloud to Cloud,-18928,4010,24
2026-09-16T08:31:31.703649946Z,5.740527,117.630014,Cloud to Ground,-15312,0,19
2026-09-16T08:31:31.725982000Z,5.62,117.6573,Cloud to Ground,36851,0,7
2026-09-16T08:31:31.080212855Z,16.020097,120.841314,Cloud to Cloud,-20304,7525,12
2026-09-16T08:31:32.288134078Z,15.719497,121.002217,Cloud to Cloud,3901,18714,5
2026-09-16T08:31:34.096582129Z,9.895798,129.476983,Cloud to Cloud,9390,13899,7
2026-09-16T08:31:34.346366116Z,14.475462,120.984617,Cloud to Ground,-42601,0,9
2026-09-16T08:31:34.159064330Z,16.917695,120.797653,Cloud to Ground,-26672,0,10
2026-09-16T08:31:34.306595935Z,16.919551,120.799439,Cloud to Ground,-18843,0,10
2026-09-16T08:31:33.472505271Z,16.890967,120.875397,Cloud to Cloud,-17786,3007,8
2026-09-16T08:31:33.945382531Z,16.912843,120.796365,Cloud to Ground,-13044,0,8
2026-09-16T08:31:34.324952622Z,16.91739,120.798485,Cloud to Ground,-10095,0,10
2026-09-16T08:31:33.980917451Z,16.915162,120.795866,Cloud to Ground,-5731,0,6
2026-09-16T08:31:33.809829177Z,16.925196,120.807207,Cloud to Cloud,5469,13233,6
2026-09-16T08:31:33.451267939Z,16.953006,120.872087,Cloud to Cloud,8463,17833,10
2026-09-16T08:31:34.664574885Z,16.144848,120.525338,Cloud to Ground,-18391,0,7
2026-09-16T08:31:37.067965388Z,17.019313,120.42942,Cloud to Cloud,9115,13913,5
2026-09-16T08:31:37.379455758Z,16.680119,120.530876,Cloud to Ground,-33506,0,12
2026-09-16T08:31:37.287762204Z,16.677444,120.542782,Cloud to Ground,-12265,0,10
2026-09-16T08:31:38.626975215Z,15.451055,121.163766,Cloud to Cloud,8662,5670,10
2026-09-16T08:31:39.309091394Z,12.677797,123.487566,Cloud to Cloud,-26485,3911,7
2026-09-16T08:31:39.439093365Z,12.54676,123.450764,Cloud to Cloud,-5312,7918,6
2026-09-16T08:31:39.357880074Z,12.57693,123.476361,Cloud to Cloud,17225,6129,10
2026-09-16T08:31:39.340575801Z,12.599551,123.480815,Cloud to Cloud,19232,12192,10
2026-09-16T08:31:39.291611655Z,12.608278,123.480514,Cloud to Ground,23683,0,8
2026-09-16T08:31:41.042835818Z,15.743659,121.038368,Cloud to Cloud,3673,19980,6
2026-09-16T08:31:41.797215567Z,19.758402,123.559488,Cloud to Ground,-29020,0,15
2026-09-16T08:31:41.687738533Z,19.819056,123.594349,Cloud to Cloud,8567,3002,6
2026-09-16T08:31:41.685034286Z,19.81572,123.589247,Cloud to Cloud,14091,3100,6
2026-09-16T08:31:42.440474907Z,11.738457,122.065275,Cloud to Cloud,10652,18311,8
2026-09-16T08:31:42.441904460Z,11.672327,122.113793,Cloud to Cloud,20023,3009,8
2026-09-16T08:31:43.865822954Z,9.913963,129.822842,Cloud to Ground,-57737,0,20
2026-09-16T08:31:43.241735738Z,22.93892,120.521471,Cloud to Ground,-7580,0,7
2026-09-16T08:31:43.405313276Z,22.936188,120.51628,Cloud to Cloud,-4781,19729,6
2026-09-16T08:31:44.572250112Z,5.626766,118.527303,Cloud to Cloud,-12150,7230,14
2026-09-16T08:31:44.459943358Z,11.93974,125.370364,Cloud to Ground,-29720,0,7
2026-09-16T08:31:44.440843197Z,11.953528,125.499073,Cloud to Ground,-67727,0,14
2026-09-16T08:31:44.593699741Z,11.959681,125.49639,Cloud to Ground,-45399,0,14
2026-09-16T08:31:44.497805349Z,11.960491,125.493693,Cloud to Ground,-42894,0,12
2026-09-16T08:31:45.228404169Z,12.838735,124.026789,Cloud to Cloud,10968,17822,10
2026-09-16T08:31:45.225296180Z,12.879821,124.000685,Cloud to Cloud,15112,16446,8
2026-09-16T08:31:47.251812028Z,4.082006,116.540495,Cloud to Ground,-13603,0,16
2026-09-16T08:31:47.678135128Z,4.143634,116.477974,Cloud to Ground,-13322,0,19
2026-09-16T08:31:47.657197852Z,4.245437,116.669329,Cloud to Cloud,-26393,6429,16
2026-09-16T08:31:48.472191272Z,16.902498,120.581359,Cloud to Ground,27223,0,11
2026-09-16T08:31:48.185267305Z,17.021565,121.141052,Cloud to Ground,-24227,0,10
2026-09-16T08:31:49.859808540Z,10.378551,131.624192,Cloud to Ground,-18917,0,13
2026-09-16T08:31:48.799717160Z,16.988262,120.488913,Cloud to Cloud,-16457,6872,10
2026-09-16T08:31:49.004518493Z,16.955682,120.451039,Cloud to Ground,-10964,0,8
2026-09-16T08:31:48.442491397Z,16.976184,120.501529,Cloud to Cloud,8713,5561,8
2026-09-16T08:31:49.429534799Z,10.582974,125.133672,Cloud to Ground,39588,0,7
2026-09-16T08:31:49.099142244Z,12.401777,124.775769,Cloud to Cloud,13438,14241,7
2026-09-16T08:31:50.367037667Z,10.158407,131.528676,Cloud to Ground,25526,0,32
2026-09-16T08:31:50.306147383Z,15.618486,120.976709,Cloud to Cloud,-20616,17424,8
2026-09-16T08:31:50.481096581Z,15.61139,121.057379,Cloud to Cloud,-12992,8923,12
2026-09-16T08:31:51.714578987Z,16.483887,120.559415,Cloud to Ground,-20554,0,13
2026-09-16T08:31:51.675226644Z,16.487137,120.612682,Cloud to Ground,-14270,0,11
2026-09-16T08:31:51.873755928Z,16.477862,120.539586,Cloud to Ground,-8152,0,7
2026-09-16T08:31:51.676423000Z,16.4826,120.5756,Cloud to Ground,20658,0,5
2026-09-16T08:31:52.164216524Z,18.419036,120.981942,Cloud to Cloud,10387,3733,5
2026-09-16T08:31:52.168035239Z,18.429468,120.993449,Cloud to Cloud,11911,9185,6
2026-09-16T08:31:52.229090608Z,18.395261,120.962733,Cloud to Cloud,14403,4332,5
2026-09-16T08:31:52.162074668Z,18.409748,121.056399,Cloud to Ground,17335,0,9
2026-09-16T08:31:52.418936379Z,10.690314,130.751369,Cloud to Ground,-30444,0,14
2026-09-16T08:31:52.502991277Z,10.698401,130.597921,Cloud to Ground,-34064,0,19
2026-09-16T08:31:52.569071699Z,10.692156,130.630786,Cloud to Ground,-33983,0,31
2026-09-16T08:31:52.494938169Z,10.689992,130.626887,Cloud to Ground,-27849,0,30
2026-09-16T08:31:55.594892577Z,13.896786,120.613862,Cloud to Cloud,6676,13092,7
2026-09-16T08:31:55.371625764Z,13.904756,120.614808,Cloud to Ground,13085,0,9
2026-09-16T08:31:55.356941000Z,13.9603,120.7317,Cloud to Ground,18920,0,6
2026-09-16T08:31:55.591280336Z,11.629874,123.336804,Cloud to Cloud,-54070,4011,7
2026-09-16T08:31:55.178438258Z,16.232954,121.800638,Cloud to Cloud,-5801,3793,9
2026-09-16T08:31:56.658605585Z,0.976466,112.533928,Cloud to Ground,23095,0,7
2026-09-16T08:31:56.526751813Z,0.970657,112.49042,Cloud to Ground,24465,0,15
2026-09-16T08:31:56.401242545Z,0.948633,112.486124,Cloud to Ground,58174,0,24
2026-09-16T08:31:56.687975778Z,15.773338,121.021903,Cloud to Ground,-12006,0,8
2026-09-16T08:31:56.671474679Z,15.69948,121.062499,Cloud to Cloud,-11877,16158,7
2026-09-16T08:31:56.244561146Z,15.617942,120.983351,Cloud to Cloud,-16805,3821,6
2026-09-16T08:31:57.336901482Z,16.914412,121.739531,Cloud to Cloud,-12667,6824,8
2026-09-16T08:31:58.417869420Z,15.350754,121.052609,Cloud to Cloud,11046,14168,11
2026-09-16T08:31:59.100200836Z,11.470441,125.167536,Cloud to Cloud,17728,19772,10
2026-09-16T08:31:59.986357771Z,18.373501,120.831097,Cloud to Cloud,9421,16301,7
2026-09-16T08:32:00.454732521Z,18.355764,120.89709,Cloud to Cloud,13326,7390,8
2026-09-16T08:32:00.027472881Z,18.363629,120.824109,Cloud to Cloud,20953,10004,11
2026-09-16T08:32:00.545015699Z,12.208889,124.513796,Cloud to Cloud,13364,13561,9
2026-09-16T08:32:00.597588776Z,12.216583,124.536234,Cloud to Cloud,13825,4790,7
2026-09-16T08:32:00.540330807Z,12.205722,124.561853,Cloud to Cloud,17366,18191,7
2026-09-16T08:32:00.093436182Z,12.607115,123.487401,Cloud to Cloud,13879,17021,6
2026-09-16T08:32:01.874461621Z,4.553566,117.180542,Cloud to Ground,-22347,0,24
2026-09-16T08:32:02.452118678Z,14.491032,121.002802,Cloud to Cloud,-3618,19308,6
2026-09-16T08:32:02.902334368Z,15.657955,121.05141,Cloud to Cloud,-14623,4569,9
2026-09-16T08:32:03.692907268Z,5.653077,117.647731,Cloud to Ground,48232,0,16
2026-09-16T08:32:03.728618448Z,5.744458,117.605303,Cloud to Ground,-22378,0,16
2026-09-16T08:32:03.109629159Z,11.838679,125.50983,Cloud to Ground,14758,0,11
2026-09-16T08:32:03.087958391Z,11.891331,125.442207,Cloud to Ground,16361,0,7
2026-09-16T08:32:03.183028921Z,15.743474,121.011466,Cloud to Cloud,8400,6825,8
2026-09-16T08:32:03.326763000Z,16.3395,121.6677,Cloud to Ground,79800,0,5
2026-09-16T08:32:05.963909531Z,11.190269,131.837947,Cloud to Ground,-22946,0,27
2026-09-16T08:32:05.783826056Z,11.215933,131.816104,Cloud to Ground,-16360,0,16
2026-09-16T08:32:06.080693655Z,11.209739,131.821296,Cloud to Ground,-15831,0,10
2026-09-16T08:32:05.878073966Z,11.192674,131.836666,Cloud to Ground,-15036,0,14
2026-09-16T08:32:05.919823189Z,11.186968,131.843853,Cloud to Ground,-14358,0,20
2026-09-16T08:32:06.138714736Z,11.205191,131.810682,Cloud to Cloud,-13229,17700,12
2026-09-16T08:32:05.253558927Z,15.865279,120.999395,Cloud to Cloud,-14228,6662,8
2026-09-16T08:32:06.016415038Z,11.226826,131.98545,Cloud to Ground,13644,0,11
2026-09-16T08:32:06.549612231Z,14.484274,120.96619,Cloud to Ground,-11511,0,8
2026-09-16T08:32:10.641444000Z,12.6917,123.4064,Cloud to Ground,-28481,0,5
2026-09-16T08:32:10.690331673Z,12.751047,123.403413,Cloud to Ground,-21729,0,16
2026-09-16T08:32:10.566564906Z,16.532306,120.555905,Cloud to Cloud,-21089,11655,14
2026-09-16T08:32:10.086806070Z,12.463912,124.820851,Cloud to Ground,-21591,0,10
2026-09-16T08:32:10.065819098Z,12.436765,124.740683,Cloud to Cloud,-18335,7001,12
2026-09-16T08:32:10.216916000Z,12.443,124.719,Cloud to Ground,-13612,0,6
2026-09-16T08:32:10.714597840Z,12.614563,123.52364,Cloud to Cloud,-15964,14394,9
2026-09-16T08:32:11.662214661Z,19.595033,123.533749,Cloud to Cloud,-8202,5287,7
2026-09-16T08:32:11.439435102Z,19.595952,123.549294,Cloud to Cloud,-7423,10781,7
2026-09-16T08:32:11.785077306Z,19.600623,123.516118,Cloud to Cloud,-3996,3020,7
2026-09-16T08:32:11.492639192Z,19.602306,123.521248,Cloud to Cloud,5492,3017,5
2026-09-16T08:32:11.568899710Z,19.611459,123.509539,Cloud to Cloud,6347,3513,7
2026-09-16T08:32:12.597187683Z,15.684253,120.994245,Cloud to Cloud,-26016,3002,7
2026-09-16T08:32:12.711487059Z,15.047662,120.843513,Cloud to Cloud,8418,3508,8
2026-09-16T08:32:13.733752910Z,16.688608,120.515434,Cloud to Cloud,7773,10367,10
2026-09-16T08:32:14.527459438Z,16.287011,121.795382,Cloud to Cloud,4153,17750,7
2026-09-16T08:32:14.201543850Z,16.270702,121.79235,Cloud to Ground,21664,0,11
2026-09-16T08:32:14.074106725Z,11.938176,125.452387,Cloud to Ground,-26295,0,9
2026-09-16T08:32:14.138528000Z,11.9474,125.3648,Cloud to Ground,-19858,0,5
2026-09-16T08:32:14.212622169Z,11.947804,125.469743,Cloud to Ground,-19831,0,6
2026-09-16T08:32:14.358410892Z,11.943555,125.46324,Cloud to Ground,-13181,0,6
2026-09-16T08:32:14.418865419Z,11.878483,125.443419,Cloud to Cloud,-9619,19644,7
2026-09-16T08:32:15.926893198Z,11.976048,125.546184,Cloud to Ground,13764,0,6
2026-09-16T08:32:17.999751638Z,5.826362,118.071344,Cloud to Ground,15884,0,10
2026-09-16T08:32:17.761723299Z,13.890763,120.606181,Cloud to Ground,-51649,0,9
2026-09-16T08:32:17.823310000Z,13.9221,120.5709,Cloud to Ground,-26136,0,6
2026-09-16T08:32:17.970739882Z,14.4877,120.994304,Cloud to Cloud,4392,19573,6
2026-09-16T08:32:17.973007910Z,14.486633,120.985607,Cloud to Cloud,7505,18300,7
2026-09-16T08:32:18.017420947Z,5.337891,117.856725,Cloud to Ground,14310,0,14
2026-09-16T08:32:18.099265598Z,15.646092,120.985579,Cloud to Ground,-21201,0,7
2026-09-16T08:32:17.704140548Z,15.675832,120.953495,Cloud to Cloud,-8499,17593,7
2026-09-16T08:32:19.121961270Z,15.567815,120.948165,Cloud to Cloud,-11371,5182,8
2026-09-16T08:32:20.104533634Z,4.015701,122.037327,Cloud to Ground,50242,0,16
2026-09-16T08:32:20.869385420Z,10.185274,130.38583,Cloud to Cloud,14139,3010,8
2026-09-16T08:32:21.805657530Z,15.326706,120.945011,Cloud to Cloud,11740,5560,7
2026-09-16T08:32:20.718141024Z,15.737614,121.079853,Cloud to Cloud,-11073,8870,12
2026-09-16T08:32:21.896634574Z,15.745291,120.989982,Cloud to Ground,-4826,0,7
2026-09-16T08:32:21.207872503Z,15.773802,121.001322,Cloud to Ground,19911,0,8
2026-09-16T08:32:22.245665393Z,4.136177,116.459091,Cloud to Ground,-11285,0,11
2026-09-16T08:32:22.631892860Z,14.490161,120.948293,Cloud to Cloud,-11804,5160,6
2026-09-16T08:32:23.084731147Z,10.27608,132.664328,Cloud to Ground,-23542,0,7
2026-09-16T08:32:23.021098959Z,10.268417,132.753964,Cloud to Cloud,-12987,16587,15
2026-09-16T08:32:22.959014211Z,10.258935,132.745955,Cloud to Ground,-12109,0,20
2026-09-16T08:32:23.534028930Z,15.413332,121.004765,Cloud to Cloud,24151,8508,8
2026-09-16T08:32:24.704397106Z,11.254466,124.586005,Cloud to Cloud,11911,17547,9
2026-09-16T08:32:24.964396012Z,12.304208,124.874194,Cloud to Cloud,8577,12688,9
2026-09-16T08:32:24.626323021Z,11.883558,121.434869,Cloud to Ground,34967,0,6
2026-09-16T08:32:24.630262211Z,11.820084,121.327251,Cloud to Cloud,-11019,7197,7
2026-09-16T08:32:25.940123599Z,11.981098,121.283524,Cloud to Ground,-62274,0,12
2026-09-16T08:32:25.941500000Z,12.0426,121.3343,Cloud to Ground,-42142,0,5
2026-09-16T08:32:25.992182890Z,11.97548,121.366124,Cloud to Ground,46204,0,9
2026-09-16T08:32:26.030411221Z,15.875954,121.717791,Cloud to Ground,21878,0,11
2026-09-16T08:32:26.856208581Z,16.375724,120.511382,Cloud to Cloud,11211,7804,7
2026-09-16T08:32:30.070526119Z,11.871955,121.552658,Cloud to Cloud,-16642,6139,8
2026-09-16T08:32:31.182687680Z,4.165078,116.492663,Cloud to Ground,-31643,0,27
2026-09-16T08:32:31.309942545Z,4.156991,116.490017,Cloud to Ground,-20297,0,22
2026-09-16T08:32:31.458462381Z,4.14241,116.494049,Cloud to Ground,11776,0,10
2026-09-16T08:32:31.499531918Z,4.15754,116.481519,Cloud to Ground,18086,0,14
2026-09-16T08:32:31.380655508Z,4.153599,116.523698,Cloud to Ground,31483,0,25
2026-09-16T08:32:32.205958824Z,4.15337,116.534832,Cloud to Ground,34882,0,11
2026-09-16T08:32:32.018710474Z,4.151105,116.520829,Cloud to Ground,35004,0,17
2026-09-16T08:32:31.239256730Z,4.153521,116.505689,Cloud to Ground,42369,0,14
2026-09-16T08:32:32.688723219Z,19.579058,123.521247,Cloud to Cloud,-2733,17443,6
2026-09-16T08:32:32.514846510Z,16.25121,121.765489,Cloud to Cloud,8847,10079,8
2026-09-16T08:32:32.802364415Z,11.974545,121.618419,Cloud to Ground,-31163,0,11
2026-09-16T08:32:34.649563886Z,15.366471,120.953834,Cloud to Cloud,-13180,10356,8
2026-09-16T08:32:35.868910025Z,12.438097,124.590208,Cloud to Ground,-19163,0,10
2026-09-16T08:32:36.735858966Z,16.85653,120.643781,Cloud to Ground,-168891,0,13
2026-09-16T08:32:36.864872397Z,16.856613,120.642983,Cloud to Ground,-112704,0,16
2026-09-16T08:32:36.900297855Z,16.851098,120.646726,Cloud to Cloud,6562,10556,6
2026-09-16T08:32:39.701095432Z,5.757044,117.595173,Cloud to Ground,-39637,0,23
2026-09-16T08:32:40.477152040Z,5.654339,117.614686,Cloud to Cloud,9462,3059,10
2026-09-16T08:32:40.199272829Z,5.665786,117.613711,Cloud to Cloud,13057,3003,13
2026-09-16T08:32:39.732869222Z,5.657494,117.59891,Cloud to Cloud,17594,3048,13
2026-09-16T08:32:39.992646459Z,5.663399,117.625857,Cloud to Ground,21978,0,19
2026-09-16T08:32:39.388170542Z,12.390075,124.830438,Cloud to Cloud,18051,9757,8
2026-09-16T08:32:40.790405636Z,5.64459,117.744026,Cloud to Ground,-20454,0,12
2026-09-16T08:32:40.768056847Z,16.832634,120.438773,Cloud to Cloud,9382,10423,9
2026-09-16T08:32:40.271376066Z,14.516772,121.023457,Cloud to Cloud,5479,18394,7
2026-09-16T08:32:40.322779093Z,14.518071,120.981301,Cloud to Cloud,6729,18788,7
2026-09-16T08:32:41.344932679Z,11.886474,125.459848,Cloud to Cloud,11913,17236,10
2026-09-16T08:32:41.478821963Z,15.562511,121.015114,Cloud to Cloud,-24257,3025,7
2026-09-16T08:32:42.447177652Z,12.391177,124.752892,Cloud to Cloud,-24583,19924,7
2026-09-16T08:32:42.232835000Z,12.4322,124.7546,Cloud to Ground,-24548,0,6
2026-09-16T08:32:44.571783815Z,16.363403,120.571115,Cloud to Cloud,6174,3035,7
2026-09-16T08:32:44.571123923Z,16.53523,120.544619,Cloud to Ground,-43760,0,8
2026-09-16T08:32:44.491255198Z,16.468976,120.529595,Cloud to Ground,-23068,0,12
2026-09-16T08:32:45.604517890Z,10.373958,131.784564,Cloud to Cloud,-16402,4817,8
2026-09-16T08:32:45.646403531Z,10.348609,131.685473,Cloud to Ground,21341,0,20
2026-09-16T08:32:45.676663775Z,10.350694,131.591756,Cloud to Cloud,-17081,3016,13
2026-09-16T08:32:45.580647850Z,15.691264,120.945411,Cloud to Cloud,-20854,19117,13
2026-09-16T08:32:44.930139245Z,15.653739,120.996913,Cloud to Cloud,-6558,10802,9
2026-09-16T08:32:46.199616598Z,15.452132,120.94448,Cloud to Ground,-7381,0,8
2026-09-16T08:32:46.769167581Z,17.894803,121.855453,Cloud to Cloud,20110,7753,8
2026-09-16T08:32:49.680362354Z,15.280415,120.977024,Cloud to Cloud,-9824,19809,7
2026-09-16T08:32:49.221944851Z,11.534759,125.111029,Cloud to Cloud,19565,4377,9
2026-09-16T08:32:49.025374229Z,11.704823,123.29889,Cloud to Ground,-9397,0,7
2026-09-16T08:32:50.096297000Z,8.9216,123.0328,Cloud to Ground,-87337,0,5
2026-09-16T08:32:51.633353381Z,14.489863,120.962726,Cloud to Cloud,-19241,4382,10
2026-09-16T08:32:51.782121037Z,14.534587,121.035837,Cloud to Ground,13853,0,11
2026-09-16T08:32:52.130169934Z,15.600139,120.995077,Cloud to Cloud,-11241,6297,8
2026-09-16T08:32:53.345492327Z,15.756758,120.988096,Cloud to Cloud,-10697,10074,6
2026-09-16T08:32:52.118378313Z,15.684121,120.92414,Cloud to Ground,-6317,0,7
2026-09-16T08:32:52.801352917Z,15.687888,120.978036,Cloud to Cloud,12899,10135,12
2026-09-16T08:32:53.409741794Z,11.954536,125.515686,Cloud to Ground,19999,0,13
2026-09-16T08:32:53.018698212Z,11.864635,125.477334,Cloud to Cloud,16564,19972,6
2026-09-16T08:32:54.337619084Z,17.017798,120.508292,Cloud to Cloud,-5161,19895,7
2026-09-16T08:32:54.303623980Z,16.967781,120.464731,Cloud to Cloud,3683,5821,7
2026-09-16T08:32:53.948248141Z,17.006947,120.447896,Cloud to Cloud,9758,12800,8
2026-09-16T08:32:53.524418128Z,12.690655,123.484177,Cloud to Ground,42587,0,8
2026-09-16T08:32:54.949573300Z,4.943928,118.210049,Cloud to Ground,30729,0,17
2026-09-16T08:32:54.302979000Z,17.0882,120.3209,Cloud to Ground,-19303,0,5
2026-09-16T08:32:56.078353421Z,15.537439,120.951006,Cloud to Cloud,-16126,4470,10
2026-09-16T08:32:57.221723405Z,19.604691,123.507251,Cloud to Cloud,8478,15439,5
2026-09-16T08:32:57.163818292Z,15.596633,120.987309,Cloud to Cloud,-20736,17027,7
2026-09-16T08:32:57.749548146Z,12.286567,124.723031,Cloud to Cloud,27488,14690,6
2026-09-16T08:32:56.842573153Z,12.381472,124.781316,Cloud to Cloud,7087,19675,7
2026-09-16T08:32:56.765779657Z,12.370518,124.802615,Cloud to Cloud,14452,6299,11
2026-09-16T08:32:57.038346065Z,12.392114,124.82827,Cloud to Ground,28767,0,10
2026-09-16T08:32:58.323790953Z,11.20966,131.981396,Cloud to Ground,15357,0,10
2026-09-16T08:32:58.258953322Z,11.227104,131.955197,Cloud to Cloud,17783,3214,12
2026-09-16T08:32:58.092481501Z,15.898921,121.497617,Cloud to Ground,-87466,0,12
2026-09-16T08:32:58.079765438Z,15.84073,121.490107,Cloud to Cloud,-18218,12686,7
2026-09-16T08:32:58.216838861Z,15.899278,121.488224,Cloud to Ground,-17019,0,11
2026-09-16T08:32:58.231529356Z,15.901902,121.486943,Cloud to Ground,-8147,0,7
2026-09-16T08:32:57.814315999Z,15.909895,121.491004,Cloud to Ground,25685,0,22
2026-09-16T08:32:58.846199844Z,15.618879,121.09577,Cloud to Cloud,-14013,5249,7
2026-09-16T08:32:59.606534473Z,4.972104,117.980691,Cloud to Ground,-19233,0,23
2026-09-16T08:32:59.537607138Z,4.893929,118.041444,Cloud to Ground,-46846,0,11
2026-09-16T08:32:59.478102920Z,4.818872,118.063999,Cloud to Ground,141590,0,35
2026-09-16T08:32:59.338004938Z,17.04442,120.596824,Cloud to Cloud,-9891,13117,7
2026-09-16T08:32:59.548348037Z,17.044336,120.616709,Cloud to Ground,31325,0,12
2026-09-16T08:33:01.791647577Z,10.483591,131.908892,Cloud to Cloud,-14994,3086,13
2026-09-16T08:33:02.310512580Z,16.358987,120.408645,Cloud to Cloud,-8381,14509,10
2026-09-16T08:33:02.608381768Z,16.981247,120.492428,Cloud to Cloud,-8285,3007,9
2026-09-16T08:33:02.220623635Z,16.99691,120.450601,Cloud to Cloud,-8178,3754,6
2026-09-16T08:33:02.068993245Z,17.017308,120.442278,Cloud to Cloud,3973,3003,5
2026-09-16T08:33:02.137522084Z,16.935708,120.451709,Cloud to Cloud,9175,19138,7
2026-09-16T08:33:02.607082427Z,16.97075,120.49404,Cloud to Ground,10358,0,7
2026-09-16T08:33:03.102745716Z,19.807069,123.580481,Cloud to Cloud,-9527,14430,7
2026-09-16T08:33:03.414322807Z,15.610044,121.006329,Cloud to Cloud,-9765,4674,10
2026-09-16T08:33:04.703096955Z,15.593834,120.968223,Cloud to Cloud,-7752,19662,8
2026-09-16T08:33:04.572303499Z,11.819936,121.7701,Cloud to Ground,61287,0,10
2026-09-16T08:33:04.811998802Z,14.641278,120.331325,Cloud to Cloud,5662,11183,6
2026-09-16T08:33:04.559731884Z,14.600606,120.430492,Cloud to Cloud,7828,19213,7
2026-09-16T08:33:05.744305601Z,15.446252,121.019791,Cloud to Ground,-6925,0,5
2026-09-16T08:33:06.954379293Z,15.730036,120.999022,Cloud to Cloud,-15766,16135,11
2026-09-16T08:33:07.389753044Z,9.952773,129.75535,Cloud to Ground,18567,0,8
2026-09-16T08:33:07.388391201Z,9.793701,129.920079,Cloud to Ground,27763,0,10
2026-09-16T08:33:07.892702449Z,16.406602,120.634529,Cloud to Cloud,13315,18849,10
2026-09-16T08:33:07.913382847Z,16.492704,120.582344,Cloud to Ground,-32856,0,9
2026-09-16T08:33:07.831243124Z,16.509606,120.601073,Cloud to Ground,-29326,0,11
2026-09-16T08:33:07.945681859Z,16.507324,120.595271,Cloud to Ground,-25853,0,9
2026-09-16T08:33:07.988359315Z,16.505498,120.584408,Cloud to Ground,-22780,0,11
2026-09-16T08:33:07.874856267Z,16.507623,120.590624,Cloud to Ground,-18438,0,10
2026-09-16T08:33:07.890059774Z,16.508722,120.688435,Cloud to Cloud,16136,5958,8
2026-09-16T08:33:08.556727413Z,12.462792,124.824303,Cloud to Ground,-59841,0,8
2026-09-16T08:33:08.539305944Z,12.40033,124.808419,Cloud to Cloud,-20320,19058,11
2026-09-16T08:33:08.595401000Z,12.4888,124.7285,Cloud to Ground,-19468,0,5
2026-09-16T08:33:08.545966309Z,12.388037,124.807293,Cloud to Cloud,-17052,10987,9
2026-09-16T08:33:08.713489641Z,12.405693,124.788627,Cloud to Ground,-15815,0,7
2026-09-16T08:33:08.992851855Z,12.475959,124.819139,Cloud to Ground,-12203,0,6
2026-09-16T08:33:08.482030170Z,11.82648,125.463254,Cloud to Cloud,18120,11259,10
2026-09-16T08:33:09.548185070Z,11.659492,122.065597,Cloud to Ground,-17170,0,8
2026-09-16T08:33:09.054555049Z,11.666369,122.071717,Cloud to Cloud,20179,3493,8
2026-09-16T08:33:11.107814000Z,11.6772,122.3498,Cloud to Ground,-23952,0,7
2026-09-16T08:33:13.840826857Z,5.736246,117.673493,Cloud to Ground,-28783,0,12
2026-09-16T08:33:13.610345606Z,5.581525,117.723906,Cloud to Ground,-17476,0,19
2026-09-16T08:33:13.608863160Z,5.51001,117.763239,Cloud to Cloud,12680,3009,12
2026-09-16T08:33:13.482513733Z,16.0462,121.707456,Cloud to Cloud,-4628,3015,7
2026-09-16T08:33:14.067369250Z,15.734866,120.955308,Cloud to Cloud,-7160,18469,5
2026-09-16T08:33:15.089790348Z,5.870812,118.10587,Cloud to Ground,-14715,0,21
2026-09-16T08:33:15.092001657Z,15.702241,121.086082,Cloud to Cloud,-10874,15836,9
2026-09-16T08:33:15.178031266Z,11.807514,121.355788,Cloud to Ground,12662,0,8
2026-09-16T08:33:16.438243132Z,15.685179,120.970223,Cloud to Cloud,7005,11705,8
2026-09-16T08:33:17.494736737Z,10.467223,131.835038,Cloud to Ground,-12049,0,16
2026-09-16T08:33:17.891899596Z,12.555343,123.488112,Cloud to Cloud,-17831,13826,8
2026-09-16T08:33:17.811515448Z,15.712234,120.927257,Cloud to Cloud,8713,15171,11
2026-09-16T08:33:18.270210810Z,16.272099,121.800714,Cloud to Ground,-8320,0,7
2026-09-16T08:33:18.297719087Z,16.206076,121.836933,Cloud to Cloud,11672,3002,10
2026-09-16T08:33:18.935407259Z,14.491751,120.957569,Cloud to Cloud,9255,14049,6
2026-09-16T08:33:18.951884911Z,14.424829,120.969323,Cloud to Cloud,10309,13806,8
2026-09-16T08:33:19.595843822Z,11.609841,125.052259,Cloud to Cloud,-13771,19384,9
2026-09-16T08:33:20.652463328Z,16.386132,120.571692,Cloud to Cloud,21053,8356,12
2026-09-16T08:33:20.472986428Z,16.293136,120.647226,Cloud to Cloud,7654,7411,16
2026-09-16T08:33:20.471935690Z,16.300857,120.646841,Cloud to Cloud,13825,6844,10
2026-09-16T08:33:20.283021757Z,11.820862,122.569398,Cloud to Cloud,13358,19879,7
2026-09-16T08:33:20.935226096Z,15.610476,120.989747,Cloud to Cloud,-11240,6265,8
2026-09-16T08:33:21.386521471Z,4.121093,116.469306,Cloud to Ground,-22696,0,17
2026-09-16T08:33:21.622808065Z,4.138123,116.516374,Cloud to Ground,-13175,0,18
2026-09-16T08:33:21.686430283Z,4.129101,116.520687,Cloud to Ground,-12303,0,10
2026-09-16T08:33:21.128767932Z,0.964126,112.41946,Cloud to Ground,-23268,0,16
2026-09-16T08:33:21.155727228Z,0.954409,112.409554,Cloud to Ground,-15423,0,17
2026-09-16T08:33:21.189234826Z,0.906785,112.244413,Cloud to Ground,-28232,0,20
2026-09-16T08:33:21.581182128Z,15.724265,121.041161,Cloud to Cloud,-12206,3818,9
2026-09-16T08:33:22.655837634Z,15.682062,120.952776,Cloud to Cloud,5089,18929,7
2026-09-16T08:33:22.802564627Z,15.599713,120.998111,Cloud to Cloud,8982,10919,11
2026-09-16T08:33:23.049331703Z,2.136307,113.493593,Cloud to Ground,9999,0,12
2026-09-16T08:33:23.646134488Z,15.664211,120.96747,Cloud to Cloud,-14620,4877,7
2026-09-16T08:33:24.993919515Z,15.587825,121.01031,Cloud to Cloud,4179,13952,5
2026-09-16T08:33:24.886655000Z,16.9181,120.4864,Cloud to Ground,-20706,0,9
2026-09-16T08:33:25.144893776Z,16.426047,120.483098,Cloud to Cloud,-12689,14497,10
2026-09-16T08:33:25.256646664Z,16.858474,120.685029,Cloud to Cloud,14530,6326,8
2026-09-16T08:33:27.688911905Z,4.063694,116.561921,Cloud to Ground,12989,0,16
2026-09-16T08:33:27.474813889Z,4.100813,116.531452,Cloud to Ground,19619,0,11
2026-09-16T08:33:28.100565222Z,4.092365,116.544626,Cloud to Cloud,32483,19278,16
2026-09-16T08:33:27.558347871Z,4.1244,116.540299,Cloud to Ground,41990,0,27
2026-09-16T08:33:28.072962414Z,11.932737,125.502292,Cloud to Ground,-56574,0,13
2026-09-16T08:33:28.386262970Z,11.926757,125.501568,Cloud to Ground,-43788,0,7
2026-09-16T08:33:28.151568657Z,11.922814,125.510039,Cloud to Ground,-22113,0,9
2026-09-16T08:33:28.224178220Z,11.928327,125.503901,Cloud to Ground,-18436,0,11
2026-09-16T08:33:28.466844922Z,11.929315,125.512329,Cloud to Cloud,-8513,15447,8
2026-09-16T08:33:28.822974196Z,11.85469,125.380507,Cloud to Ground,-17986,0,7
2026-09-16T08:33:28.582972485Z,11.904548,125.356812,Cloud to Ground,-12293,0,12
2026-09-16T08:33:29.362975023Z,15.682201,120.941109,Cloud to Cloud,-10651,3001,7
2026-09-16T08:33:30.208189965Z,5.662492,117.63629,Cloud to Ground,-22345,0,22
2026-09-16T08:33:30.906493708Z,5.707038,117.682643,Cloud to Ground,23806,0,10
2026-09-16T08:33:30.808745640Z,16.882992,121.680345,Cloud to Ground,-11835,0,7
2026-09-16T08:33:31.833685894Z,10.537232,130.979305,Cloud to Cloud,11756,7784,12
2026-09-16T08:33:31.158081168Z,15.773085,121.040774,Cloud to Cloud,12367,4998,5
2026-09-16T08:33:31.955551969Z,12.318281,124.755645,Cloud to Cloud,-9390,4315,11
2026-09-16T08:33:31.683225247Z,12.319608,124.831387,Cloud to Cloud,13233,9503,8
2026-09-16T08:33:31.684913811Z,12.381129,124.802121,Cloud to Cloud,16662,12793,8
2026-09-16T08:33:32.103175716Z,15.696437,120.971985,Cloud to Cloud,6186,5557,8
2026-09-16T08:33:33.033924103Z,15.722244,120.933227,Cloud to Cloud,10331,19639,14
2026-09-16T08:33:34.433134366Z,15.677361,120.923746,Cloud to Cloud,-8783,19038,5
2026-09-16T08:33:34.319169130Z,15.659714,120.962619,Cloud to Cloud,-6511,3004,6
2026-09-16T08:33:34.558950588Z,15.686244,120.944152,Cloud to Cloud,-6243,12166,11
2026-09-16T08:33:33.979127805Z,15.751965,120.944356,Cloud to Cloud,5773,15309,5
2026-09-16T08:33:34.953135138Z,11.835273,125.440904,Cloud to Cloud,11290,12306,7
2026-09-16T08:33:35.223433764Z,16.445593,120.521125,Cloud to Ground,-56068,0,7
2026-09-16T08:33:35.437900185Z,16.479523,120.542043,Cloud to Ground,-35484,0,14
2026-09-16T08:33:35.119727521Z,16.479704,120.540778,Cloud to Ground,-20367,0,10
2026-09-16T08:33:35.151222466Z,16.509134,120.610158,Cloud to Ground,-15524,0,8
2026-09-16T08:33:35.484627083Z,16.475772,120.534733,Cloud to Ground,-12612,0,9
2026-09-16T08:33:35.440205741Z,16.498509,120.55522,Cloud to Ground,-10860,0,8
2026-09-16T08:33:35.566240037Z,16.478329,120.536455,Cloud to Ground,-6440,0,9
2026-09-16T08:33:35.279308018Z,16.478276,120.542544,Cloud to Cloud,-6037,5598,7
2026-09-16T08:33:35.081671444Z,14.521798,120.955814,Cloud to Cloud,-6649,14478,8
2026-09-16T08:33:36.030291427Z,15.445053,120.974847,Cloud to Cloud,-5286,4874,6
2026-09-16T08:33:36.526147209Z,16.506005,120.412147,Cloud to Cloud,13798,7328,7
2026-09-16T08:33:36.297250455Z,16.951564,120.503556,Cloud to Ground,-22605,0,11
2026-09-16T08:33:36.266139360Z,16.956198,120.492799,Cloud to Ground,-19482,0,12
2026-09-16T08:33:36.238895185Z,16.95267,120.482938,Cloud to Cloud,-12093,16244,5
2026-09-16T08:33:36.407129080Z,16.967597,120.491023,Cloud to Ground,-10442,0,7
2026-09-16T08:33:36.920664439Z,17.041122,120.445128,Cloud to Cloud,-7489,13765,6
2026-09-16T08:33:36.406598000Z,17.0086,120.3408,Cloud to Ground,-32223,0,5
2026-09-16T08:33:37.212394331Z,15.6735,120.942953,Cloud to Cloud,7974,4542,10
2026-09-16T08:33:37.337018154Z,12.32083,124.609949,Cloud to Cloud,-14580,11444,9
2026-09-16T08:33:36.952538881Z,12.296216,124.678013,Cloud to Cloud,19637,16866,10
2026-09-16T08:33:37.638474525Z,12.302555,124.604877,Cloud to Cloud,22310,15268,7
2026-09-16T08:33:39.833728776Z,15.973332,121.051506,Cloud to Cloud,12350,5867,14
2026-09-16T08:33:40.952856540Z,15.734079,120.952971,Cloud to Cloud,-4834,5272,8
2026-09-16T08:33:42.404594653Z,15.683523,120.934846,Cloud to Cloud,5771,10555,9
2026-09-16T08:33:42.100348634Z,14.502352,120.974001,Cloud to Cloud,4501,14206,7
2026-09-16T08:33:43.070134718Z,10.167689,123.84943,Cloud to Ground,-58795,0,12
2026-09-16T08:33:45.990673952Z,16.479367,120.582897,Cloud to Cloud,12303,7420,7
2026-09-16T08:33:45.922757718Z,11.549713,125.124662,Cloud to Cloud,36484,7529,7
2026-09-16T08:33:45.509475976Z,11.97187,123.941535,Cloud to Cloud,49535,16993,9
2026-09-16T08:33:45.080706000Z,5.5346,118.5218,Cloud to Ground,-62989,0,5
2026-09-16T08:33:46.590913417Z,16.870976,120.685412,Cloud to Cloud,11640,18370,7
2026-09-16T08:33:46.135004700Z,11.759259,125.076629,Cloud to Ground,-13188,0,7
2026-09-16T08:33:47.136898518Z,22.928586,120.515462,Cloud to Cloud,7477,6227,8
2026-09-16T08:33:47.137628376Z,22.925176,120.520862,Cloud to Cloud,8240,8327,8
2026-09-16T08:33:47.201054736Z,22.841733,120.473658,Cloud to Cloud,-3102,5488,6
2026-09-16T08:33:50.402607694Z,15.763569,121.04306,Cloud to Cloud,9994,6871,8
2026-09-16T08:33:51.871952763Z,16.929588,121.659188,Cloud to Cloud,14207,9784,8
2026-09-16T08:33:51.211517983Z,16.834878,121.687684,Cloud to Cloud,-19257,5606,7
2026-09-16T08:33:51.926556523Z,16.096304,121.814339,Cloud to Ground,-15844,0,7
2026-09-16T08:33:51.524729382Z,22.771901,120.452071,Cloud to Cloud,9205,4554,7
2026-09-16T08:33:51.540606469Z,22.702669,120.470193,Cloud to Ground,25736,0,9
2026-09-16T08:33:52.504784617Z,15.428275,121.065534,Cloud to Cloud,24383,3797,7
2026-09-16T08:33:52.418814553Z,15.675464,121.029102,Cloud to Cloud,-10462,13520,9
2026-09-16T08:33:53.053833380Z,15.620735,120.978458,Cloud to Cloud,-8628,3708,7
2026-09-16T08:33:53.549720526Z,4.818255,118.052824,Cloud to Ground,53359,0,17
2026-09-16T08:33:54.566066934Z,12.210454,124.582029,Cloud to Cloud,11452,5620,8
2026-09-16T08:33:54.482122850Z,12.373528,124.840251,Cloud to Ground,-24164,0,8
2026-09-16T08:33:54.318769556Z,11.38488,125.160802,Cloud to Cloud,18937,7846,7
2026-09-16T08:33:54.764123520Z,12.471326,124.829706,Cloud to Ground,-43243,0,7
2026-09-16T08:33:54.472984000Z,12.5135,124.7586,Cloud to Ground,-32152,0,8
2026-09-16T08:33:54.933808420Z,12.471471,124.833449,Cloud to Ground,-25002,0,7
2026-09-16T08:33:54.390475690Z,12.463371,124.728203,Cloud to Cloud,-8437,10297,6
2026-09-16T08:33:55.058630000Z,11.6417,122.3901,Cloud to Ground,-17366,0,5
2026-09-16T08:33:55.056709000Z,11.5992,122.4023,Cloud to Ground,-13838,0,5
2026-09-16T08:33:55.214853653Z,11.56832,122.401727,Cloud to Cloud,14050,7279,7
2026-09-16T08:33:55.165816839Z,11.525649,122.434896,Cloud to Cloud,19937,3001,9
2026-09-16T08:33:55.816714970Z,15.799649,121.025526,Cloud to Cloud,5763,17406,7
2026-09-16T08:33:55.190274000Z,12.435,124.6921,Cloud to Ground,-23195,0,6
2026-09-16T08:33:57.046929652Z,11.765905,121.430669,Cloud to Cloud,-37450,16460,8
2026-09-16T08:33:57.313003000Z,11.8582,121.3579,Cloud to Ground,-25510,0,8
2026-09-16T08:33:57.881729178Z,15.690049,121.091071,Cloud to Cloud,-17991,5159,6
2026-09-16T08:33:58.909248984Z,16.776078,121.419047,Cloud to Cloud,11237,19207,6
2026-09-16T08:33:59.771398907Z,15.728506,121.003108,Cloud to Cloud,-12211,3003,12
2026-09-16T08:34:00.308784367Z,11.897847,125.435201,Cloud to Cloud,10456,19906,7
2026-09-16T08:34:00.395034052Z,11.920669,125.403695,Cloud to Cloud,11645,13235,7
2026-09-16T08:34:00.787391928Z,15.410535,120.998921,Cloud to Cloud,-11483,19000,10
2026-09-16T08:34:00.414443494Z,12.368659,124.626216,Cloud to Cloud,7584,3473,9
2026-09-16T08:34:01.792521768Z,11.186777,132.027323,Cloud to Ground,18557,0,10
2026-09-16T08:34:01.735783276Z,11.20745,131.858091,Cloud to Ground,-15210,0,26
2026-09-16T08:34:01.589038693Z,15.780157,121.01932,Cloud to Cloud,9059,18224,9
2026-09-16T08:34:01.151123073Z,13.499951,121.659007,Cloud to Cloud,-16017,7067,7
2026-09-16T08:34:02.477411884Z,10.562189,125.055219,Cloud to Cloud,7738,13947,7
2026-09-16T08:34:02.190587220Z,10.626625,125.04631,Cloud to Ground,16406,0,11
2026-09-16T08:34:02.836431508Z,15.592842,120.984931,Cloud to Cloud,10134,15593,8
2026-09-16T08:34:03.683448252Z,15.754212,120.945544,Cloud to Cloud,-4715,5981,7
2026-09-16T08:34:03.574734561Z,15.770298,121.017255,Cloud to Cloud,-3523,18473,7
2026-09-16T08:34:04.435587105Z,15.68282,120.935172,Cloud to Cloud,-15672,5951,9
2026-09-16T08:34:04.225895949Z,16.038539,121.00163,Cloud to Cloud,5529,12392,9
2026-09-16T08:34:04.243374347Z,15.972842,121.059917,Cloud to Cloud,22228,7620,7
2026-09-16T08:34:05.593733285Z,16.3735,120.540615,Cloud to Cloud,-24274,3022,8
2026-09-16T08:34:05.572449292Z,16.342335,120.566281,Cloud to Cloud,-12202,11962,10
2026-09-16T08:34:05.254573194Z,16.397882,120.527125,Cloud to Cloud,-8640,9952,8
2026-09-16T08:34:05.643846036Z,16.297876,120.601434,Cloud to Cloud,21418,9701,9
2026-09-16T08:34:06.672295446Z,15.73067,120.962451,Cloud to Ground,-10976,0,8
2026-09-16T08:34:06.417532191Z,15.61932,121.030027,Cloud to Cloud,-11144,3001,7
2026-09-16T08:34:07.767897908Z,12.840899,123.911806,Cloud to Cloud,-13721,3374,7
2026-09-16T08:34:07.733277303Z,12.857058,123.951663,Cloud to Cloud,13814,18419,9
2026-09-16T08:34:08.070074978Z,11.94537,125.520303,Cloud to Cloud,10242,19524,8
2026-09-16T08:34:08.579781907Z,12.617529,123.495944,Cloud to Cloud,-12735,19820,12
2026-09-16T08:34:08.277327105Z,12.606982,123.502348,Cloud to Ground,38510,0,11
2026-09-16T08:34:09.391839525Z,16.53282,120.583032,Cloud to Ground,-23168,0,11
2026-09-16T08:34:09.760060218Z,16.533002,120.578899,Cloud to Ground,-17997,0,13
2026-09-16T08:34:09.860809285Z,16.533737,120.575832,Cloud to Ground,-11126,0,10
2026-09-16T08:34:09.310827350Z,16.531677,120.575317,Cloud to Ground,-10721,0,9
2026-09-16T08:34:09.476016321Z,16.535432,120.578984,Cloud to Ground,-9261,0,10
2026-09-16T08:34:09.945496138Z,16.536174,120.574597,Cloud to Ground,-6858,0,7
2026-09-16T08:34:09.678174497Z,16.534612,120.576566,Cloud to Ground,-6765,0,7
2026-09-16T08:34:09.632523915Z,16.535106,120.575406,Cloud to Cloud,-5199,4897,7
2026-09-16T08:34:09.477410049Z,16.563269,120.514854,Cloud to Cloud,-5096,16316,7
2026-09-16T08:34:09.237526756Z,11.837655,125.077141,Cloud to Ground,14850,0,12
2026-09-16T08:34:10.609432549Z,15.89805,121.503663,Cloud to Cloud,6779,14463,7
2026-09-16T08:34:10.493368523Z,15.924058,121.495216,Cloud to Cloud,13982,17458,9
2026-09-16T08:34:10.439009247Z,15.805265,121.05359,Cloud to Cloud,-16040,10259,10
2026-09-16T08:34:10.707570102Z,19.605826,123.532919,Cloud to Cloud,5532,19163,5
2026-09-16T08:34:10.268574887Z,19.571716,123.539363,Cloud to Cloud,6936,7057,6
2026-09-16T08:34:13.825344376Z,12.400207,124.588184,Cloud to Cloud,7017,16270,5
2026-09-16T08:34:13.839881322Z,12.390354,124.670047,Cloud to Cloud,9979,4288,7
2026-09-16T08:34:13.648843815Z,12.303859,124.553362,Cloud to Cloud,-9191,5226,10
2026-09-16T08:34:13.895916087Z,11.841165,125.366381,Cloud to Cloud,16153,16700,8
2026-09-16T08:34:14.346869000Z,12.0521,123.3273,Cloud to Ground,19388,0,5
2026-09-16T08:34:15.041581936Z,15.65223,120.89778,Cloud to Cloud,12436,18122,6
2026-09-16T08:34:16.469877643Z,19.606853,123.504433,Cloud to Cloud,8844,6241,7
2026-09-16T08:34:16.596753740Z,11.960338,121.619898,Cloud to Cloud,10737,4213,8
2026-09-16T08:34:17.444320466Z,15.685961,120.917289,Cloud to Cloud,3938,3768,7
2026-09-16T08:34:17.370270399Z,15.47893,121.026783,Cloud to Cloud,16744,6343,7
2026-09-16T08:34:18.097469870Z,10.398456,131.788733,Cloud to Cloud,11949,3380,10
2026-09-16T08:34:19.522135884Z,10.552197,129.845932,Cloud to Ground,-56357,0,28
2026-09-16T08:34:19.141054727Z,11.699002,123.126228,Cloud to Ground,26037,0,17
2026-09-16T08:34:19.166202962Z,16.965119,120.461253,Cloud to Ground,-44637,0,12
2026-09-16T08:34:18.781260682Z,16.963683,120.459304,Cloud to Ground,-35665,0,12
2026-09-16T08:34:18.886717409Z,16.964972,120.463587,Cloud to Ground,-35471,0,14
2026-09-16T08:34:18.946159574Z,16.964986,120.460625,Cloud to Ground,-34297,0,13
2026-09-16T08:34:19.073035665Z,16.983945,120.434466,Cloud to Ground,-30153,0,7
2026-09-16T08:34:19.727626631Z,16.964728,120.454107,Cloud to Ground,-21203,0,11
2026-09-16T08:34:18.810087627Z,16.959599,120.480006,Cloud to Ground,-6950,0,6
2026-09-16T08:34:20.266019299Z,1.034934,112.540841,Cloud to Ground,94210,0,30
2026-09-16T08:34:20.992183264Z,11.66919,123.210255,Cloud to Ground,-36721,0,7
2026-09-16T08:34:20.332812184Z,12.37537,124.815365,Cloud to Cloud,7196,16885,8
2026-09-16T08:34:20.449912039Z,15.253326,120.947944,Cloud to Cloud,-12844,9994,9
2026-09-16T08:34:21.363147156Z,15.669344,120.899517,Cloud to Cloud,-8767,18746,7
2026-09-16T08:34:23.411474620Z,16.418928,120.499156,Cloud to Cloud,-9999,3006,9
2026-09-16T08:34:23.636152897Z,16.490109,120.611412,Cloud to Cloud,-10253,17601,11
2026-09-16T08:34:23.626731350Z,15.432529,121.008638,Cloud to Cloud,-7775,3780,12
2026-09-16T08:34:23.088823764Z,15.403757,120.994925,Cloud to Cloud,5448,4773,8
2026-09-16T08:34:24.027858276Z,13.871246,120.617253,Cloud to Ground,-42932,0,11
2026-09-16T08:34:25.836295619Z,12.34026,124.894253,Cloud to Cloud,11596,4675,9
2026-09-16T08:34:25.476769702Z,14.487559,120.972235,Cloud to Cloud,4371,14801,5
2026-09-16T08:34:26.179413718Z,4.197737,116.451604,Cloud to Ground,-17404,0,20
2026-09-16T08:34:25.986366682Z,4.142925,116.491107,Cloud to Ground,-13533,0,13
2026-09-16T08:34:26.229670028Z,4.134747,116.481256,Cloud to Ground,11407,0,10
2026-09-16T08:34:26.944495848Z,15.954831,120.869334,Cloud to Cloud,-15579,6986,8
2026-09-16T08:34:26.726349098Z,15.702265,120.978029,Cloud to Cloud,6088,5140,6
2026-09-16T08:34:29.041690859Z,15.505831,120.978101,Cloud to Cloud,13141,4559,9
2026-09-16T08:34:30.047518053Z,11.8216,122.525632,Cloud to Cloud,-10465,13643,8
2026-09-16T08:34:31.073588750Z,11.825839,125.490228,Cloud to Cloud,6226,16077,7
2026-09-16T08:34:30.812573267Z,11.829917,125.476754,Cloud to Cloud,16729,5665,7
2026-09-16T08:34:30.245818676Z,16.059913,120.894015,Cloud to Cloud,-11508,14211,10
2026-09-16T08:34:30.004591094Z,16.075616,120.97502,Cloud to Cloud,-5309,19345,9
2026-09-16T08:34:32.979710407Z,5.840624,117.569282,Cloud to Ground,166849,0,11
2026-09-16T08:34:33.089299516Z,5.65965,117.610239,Cloud to Ground,-14104,0,16
2026-09-16T08:34:32.969498584Z,5.695797,117.634053,Cloud to Ground,-13976,0,18
2026-09-16T08:34:33.162786235Z,5.723872,117.607643,Cloud to Ground,19600,0,14
2026-09-16T08:34:33.111187000Z,5.6423,117.6753,Cloud to Ground,35083,0,7
2026-09-16T08:34:33.764903183Z,22.941595,111.014524,Cloud to Cloud,20429,6919,7
2026-09-16T08:34:34.106099246Z,11.649994,125.570815,Cloud to Cloud,-13552,6992,8
2026-09-16T08:34:34.210568729Z,11.955752,125.453232,Cloud to Ground,17527,0,12
2026-09-16T08:34:35.317341481Z,12.423403,124.76741,Cloud to Cloud,-15068,6840,7
2026-09-16T08:34:35.215744873Z,12.447086,124.82235,Cloud to Cloud,7220,7477,6
2026-09-16T08:34:34.940712639Z,12.468509,124.833047,Cloud to Ground,30998,0,7
2026-09-16T08:34:34.956242000Z,12.4874,124.695,Cloud to Ground,7359,0,5
2026-09-16T08:34:34.245728324Z,15.627983,120.965358,Cloud to Cloud,7238,12651,8
2026-09-16T08:34:35.664441880Z,5.858279,118.065027,Cloud to Ground,36620,0,17
2026-09-16T08:34:35.286875966Z,16.876593,121.693961,Cloud to Cloud,-11930,14871,11
2026-09-16T08:34:37.322248836Z,16.476455,120.57282,Cloud to Ground,-11896,0,15
2026-09-16T08:34:37.164595145Z,16.443804,120.54419,Cloud to Cloud,8127,3024,7
2026-09-16T08:34:37.324751935Z,16.315108,120.596798,Cloud to Cloud,-13758,3003,8
2026-09-16T08:34:37.155183762Z,15.95756,121.66007,Cloud to Cloud,5126,11445,7
2026-09-16T08:34:37.196917348Z,15.885816,121.652024,Cloud to Cloud,5773,7170,7
2026-09-16T08:34:37.151638894Z,15.882649,121.710725,Cloud to Cloud,12572,4334,9
2026-09-16T08:34:37.116488683Z,15.641407,120.947192,Cloud to Cloud,-8517,17610,7
2026-09-16T08:34:38.367505432Z,15.685693,121.007526,Cloud to Cloud,-5031,4569,11
2026-09-16T08:34:38.380409130Z,15.655096,120.919539,Cloud to Cloud,-4205,19146,6
2026-09-16T08:34:38.807250114Z,16.985612,120.465425,Cloud to Cloud,-3708,12395,6
2026-09-16T08:34:39.058469131Z,17.02293,120.479937,Cloud to Cloud,3729,13271,7
2026-09-16T08:34:38.701010504Z,16.991742,120.4511,Cloud to Cloud,7914,3019,6
2026-09-16T08:34:39.737537371Z,15.578948,120.926046,Cloud to Ground,35598,0,11
2026-09-16T08:34:39.064390990Z,16.731957,120.458196,Cloud to Cloud,5495,3738,6
2026-09-16T08:34:40.453904296Z,11.250231,131.878841,Cloud to Ground,-23660,0,19
2026-09-16T08:34:40.283500993Z,11.212002,131.824938,Cloud to Ground,-11915,0,10
2026-09-16T08:34:40.257677408Z,11.707698,122.079796,Cloud to Cloud,6601,12911,6
2026-09-16T08:34:40.237508732Z,11.711937,122.087095,Cloud to Cloud,8533,17080,6
2026-09-16T08:34:40.355768785Z,15.352721,120.976586,Cloud to Cloud,-20800,17303,7
2026-09-16T08:34:41.198938805Z,16.951989,121.690725,Cloud to Cloud,11522,12584,6
2026-09-16T08:34:42.259358448Z,12.24642,124.552271,Cloud to Cloud,19032,7972,7
2026-09-16T08:34:43.590850567Z,19.602547,123.460078,Cloud to Ground,-8245,0,7
2026-09-16T08:34:43.291899198Z,12.376567,124.77321,Cloud to Cloud,10269,13554,10
2026-09-16T08:34:43.097377534Z,12.365658,124.771683,Cloud to Cloud,10657,5227,7
2026-09-16T08:34:43.519444585Z,12.405333,124.809644,Cloud to Ground,12969,0,11
2026-09-16T08:34:43.663477450Z,12.31947,124.724947,Cloud to Ground,24076,0,8
2026-09-16T08:34:45.911037511Z,14.674099,120.463245,Cloud to Ground,-11904,0,11
2026-09-16T08:34:45.910577984Z,14.631479,120.555748,Cloud to Cloud,9252,11842,8
2026-09-16T08:34:45.955590049Z,12.915639,124.071194,Cloud to Cloud,9379,12475,6
2026-09-16T08:34:45.956930878Z,12.827289,124.065518,Cloud to Cloud,15896,8968,8
2026-09-16T08:34:45.959745444Z,12.8501,124.062549,Cloud to Cloud,16358,7348,8
2026-09-16T08:34:45.828304383Z,11.754672,125.619823,Cloud to Ground,40609,0,7
2026-09-16T08:34:46.684198000Z,11.744,125.1634,Cloud to Ground,-13342,0,6
2026-09-16T08:34:48.399238267Z,4.151139,116.468768,Cloud to Ground,-13278,0,15
2026-09-16T08:34:48.348340846Z,10.603305,131.040276,Cloud to Ground,-15600,0,25
2026-09-16T08:34:48.259635330Z,10.544512,130.942017,Cloud to Ground,-31660,0,23
2026-09-16T08:34:48.068976406Z,15.68574,121.034386,Cloud to Cloud,-12233,4246,16
2026-09-16T08:34:48.909522864Z,15.430259,120.972789,Cloud to Cloud,-22982,6659,8
2026-09-16T08:34:49.406595772Z,15.612093,120.953028,Cloud to Cloud,-18844,3423,16
2026-09-16T08:34:50.215842215Z,10.149189,130.37332,Cloud to Cloud,-10747,10847,7
2026-09-16T08:34:50.569955685Z,15.715961,120.927623,Cloud to Cloud,-10816,9475,7
2026-09-16T08:34:51.018106471Z,5.632198,118.620061,Cloud to Ground,13283,0,10
2026-09-16T08:34:51.649043132Z,11.969165,125.513781,Cloud to Ground,32092,0,10
2026-09-16T08:34:52.094051535Z,19.562678,123.519905,Cloud to Cloud,2904,14245,7
2026-09-16T08:34:52.646764246Z,10.436366,125.190934,Cloud to Cloud,19622,6012,9
2026-09-16T08:34:52.645519000Z,10.5278,125.2117,Cloud to Ground,-28993,0,5
2026-09-16T08:34:53.674061512Z,18.314693,120.899358,Cloud to Cloud,-8369,13174,6
2026-09-16T08:34:53.545717713Z,18.366599,120.837831,Cloud to Cloud,8858,18849,5
2026-09-16T08:34:53.679358173Z,15.713096,120.980869,Cloud to Cloud,-13875,7627,9
2026-09-16T08:34:53.747383874Z,4.934886,118.036227,Cloud to Cloud,-58667,7335,33
2026-09-16T08:34:54.042754930Z,4.914664,118.011135,Cloud to Ground,-37303,0,21
2026-09-16T08:34:53.920790823Z,4.837067,118.046506,Cloud to Ground,-17124,0,28
2026-09-16T08:34:53.969323706Z,4.83903,118.073735,Cloud to Ground,-14351,0,15
2026-09-16T08:34:54.563153919Z,16.908296,121.664668,Cloud to Cloud,-6727,7659,7
2026-09-16T08:34:55.514261466Z,5.233392,117.941825,Cloud to Ground,-20331,0,25
2026-09-16T08:34:55.153260713Z,14.517558,121.0258,Cloud to Cloud,5394,5529,7
2026-09-16T08:34:55.233371488Z,15.574864,120.925298,Cloud to Ground,-11471,0,7
2026-09-16T08:34:56.054446418Z,15.573329,121.010682,Cloud to Ground,-9433,0,6
2026-09-16T08:34:55.725968730Z,15.599504,120.952362,Cloud to Cloud,21139,3076,8
2026-09-16T08:34:55.917425268Z,15.873529,121.636468,Cloud to Cloud,7422,3029,6
2026-09-16T08:34:55.363891152Z,12.2845,124.660522,Cloud to Cloud,22133,3475,9
2026-09-16T08:34:56.860242901Z,10.558923,131.814314,Cloud to Ground,-25086,0,18
2026-09-16T08:34:56.938762744Z,10.512972,131.848026,Cloud to Ground,-16318,0,20
2026-09-16T08:34:56.892446804Z,10.511734,131.843422,Cloud to Ground,-12362,0,19
2026-09-16T08:34:57.213805000Z,10.4968,131.8998,Cloud to Ground,30833,0,5
2026-09-16T08:34:56.493618735Z,16.952063,120.502713,Cloud to Cloud,-18431,16108,9
2026-09-16T08:34:56.059120653Z,15.995111,121.683212,Cloud to Ground,-10259,0,7
2026-09-16T08:34:57.109525993Z,10.493506,132.060831,Cloud to Ground,11736,0,11
2026-09-16T08:34:57.202675903Z,12.459954,124.847079,Cloud to Ground,25941,0,9
2026-09-16T08:34:57.284063000Z,12.4741,124.6573,Cloud to Ground,9078,0,6
2026-09-16T08:34:57.649803415Z,15.499563,121.029263,Cloud to Cloud,-17525,17801,11
2026-09-16T08:34:58.337111835Z,9.940806,129.906186,Cloud to Ground,-147017,0,13
2026-09-16T08:34:58.593955010Z,10.528098,130.820334,Cloud to Cloud,12495,4425,7
2026-09-16T08:34:58.331582289Z,9.933627,129.780493,Cloud to Cloud,-17139,11839,12
2026-09-16T08:34:58.642425802Z,9.947246,129.708494,Cloud to Ground,-16076,0,23
2026-09-16T08:34:58.726727309Z,9.95807,129.752878,Cloud to Ground,-11865,0,27
2026-09-16T08:34:58.413471048Z,9.927498,129.767831,Cloud to Cloud,12767,4863,16
2026-09-16T08:34:58.860199636Z,15.410022,120.973557,Cloud to Cloud,-18760,19575,16
2026-09-16T08:34:59.825612899Z,10.644725,130.689549,Cloud to Ground,12918,0,10
2026-09-16T08:34:59.833944723Z,10.738192,130.776918,Cloud to Cloud,-8690,3043,11
2026-09-16T08:34:59.299203700Z,10.521112,130.749268,Cloud to Ground,-19445,0,13
2026-09-16T08:34:59.822684037Z,10.687836,130.879599,Cloud to Ground,-20207,0,10
2026-09-16T08:35:00.725726005Z,16.498636,120.581345,Cloud to Ground,-46511,0,18
2026-09-16T08:35:00.681710922Z,16.489854,120.572337,Cloud to Ground,-21989,0,7
2026-09-16T08:35:00.407641806Z,15.747229,121.080527,Cloud to Cloud,-20138,6727,10
2026-09-16T08:35:00.699787774Z,15.66932,121.064113,Cloud to Cloud,-8699,15577,6
2026-09-16T08:35:00.646707000Z,16.4972,120.7688,Cloud to Ground,21076,0,5
2026-09-16T08:35:01.202360566Z,15.612284,120.983239,Cloud to Cloud,-21504,5212,16
2026-09-16T08:35:01.934750143Z,15.568219,121.011132,Cloud to Cloud,-14184,10136,9
2026-09-16T08:35:01.026584912Z,10.793484,124.918579,Cloud to Ground,19992,0,9
2026-09-16T08:35:01.610430690Z,15.906977,121.50079,Cloud to Ground,-29379,0,19
2026-09-16T08:35:02.567788174Z,13.804656,120.683055,Cloud to Cloud,14197,16115,8
2026-09-16T08:35:02.161901785Z,15.696393,121.006468,Cloud to Cloud,-23365,14178,9
2026-09-16T08:35:03.458516427Z,15.432658,120.997133,Cloud to Cloud,-13438,6421,11
2026-09-16T08:35:03.583764612Z,11.940503,125.513378,Cloud to Ground,-37573,0,7
2026-09-16T08:35:03.584186083Z,11.898141,125.505823,Cloud to Ground,-25932,0,7
2026-09-16T08:35:03.247036835Z,11.95809,125.508069,Cloud to Ground,-25665,0,6
2026-09-16T08:35:03.076154233Z,11.970084,125.479353,Cloud to Ground,-20987,0,7
2026-09-16T08:35:03.370259000Z,11.9379,125.432,Cloud to Ground,-17357,0,5
2026-09-16T08:35:03.300417184Z,11.959133,125.501172,Cloud to Ground,-13272,0,5
2026-09-16T08:35:05.930754084Z,15.786342,121.023722,Cloud to Cloud,-13008,7774,11
2026-09-16T08:35:07.629457873Z,16.764853,120.559449,Cloud to Cloud,-7112,6144,7
2026-09-16T08:35:07.121503514Z,16.688584,120.519547,Cloud to Cloud,4902,19904,6
2026-09-16T08:35:07.775075098Z,15.775202,121.018197,Cloud to Cloud,-11114,11135,13
2026-09-16T08:35:07.496960000Z,12.076,123.1908,Cloud to Ground,-71531,0,5
2026-09-16T08:35:08.859617817Z,15.681068,121.008382,Cloud to Cloud,-9005,18311,12
2026-09-16T08:35:09.127372946Z,17.110391,120.484818,Cloud to Ground,-5426,0,12
2026-09-16T08:35:10.092076146Z,11.879,125.510222,Cloud to Cloud,13917,17455,8
2026-09-16T08:35:11.950641067Z,10.320775,124.476984,Cloud to Ground,-69493,0,10
2026-09-16T08:35:11.979140255Z,12.457011,124.816048,Cloud to Ground,15108,0,8
2026-09-16T08:35:11.838228118Z,19.600562,123.349627,Cloud to Ground,11653,0,7
2026-09-16T08:35:11.973012934Z,19.611942,123.394747,Cloud to Ground,13744,0,11
2026-09-16T08:35:12.003338813Z,19.57608,123.509947,Cloud to Cloud,10085,16672,8
2026-09-16T08:35:12.113492479Z,19.577147,123.506529,Cloud to Cloud,13330,18143,7
2026-09-16T08:35:12.365200011Z,12.36678,124.833355,Cloud to Cloud,9034,6219,7
2026-09-16T08:35:12.155205412Z,12.379892,124.766769,Cloud to Ground,17552,0,7
2026-09-16T08:35:13.764951706Z,15.763092,120.974034,Cloud to Cloud,6217,17643,6
2026-09-16T08:35:14.631252258Z,15.61409,121.000815,Cloud to Cloud,-11472,3001,7
2026-09-16T08:35:14.650406688Z,15.665937,120.89903,Cloud to Cloud,-17249,6690,8
2026-09-16T08:35:15.267642014Z,15.771702,120.956593,Cloud to Cloud,-15552,19817,9
2026-09-16T08:35:15.099527824Z,15.437029,120.986584,Cloud to Cloud,-2504,7607,6
2026-09-16T08:35:15.713314447Z,15.724851,121.043518,Cloud to Cloud,-17376,10882,10
2026-09-16T08:35:15.745848762Z,15.735509,121.070033,Cloud to Cloud,-16488,9161,9
2026-09-16T08:35:16.154665471Z,16.800498,121.710605,Cloud to Cloud,-12015,16160,10
2026-09-16T08:35:16.237077939Z,16.889139,121.701095,Cloud to Cloud,7258,5051,11
2026-09-16T08:35:16.015680821Z,15.647745,120.905417,Cloud to Ground,-6335,0,8
2026-09-16T08:35:16.856181613Z,16.489032,120.534702,Cloud to Cloud,8034,7842,8
2026-09-16T08:35:16.282991634Z,16.797991,120.596688,Cloud to Cloud,13479,10890,9
2026-09-16T08:35:18.738880623Z,15.549223,120.979092,Cloud to Cloud,-30992,6032,9
2026-09-16T08:35:19.750384527Z,12.363195,125.434264,Cloud to Ground,78838,0,9
2026-09-16T08:35:20.096940870Z,12.68855,123.480904,Cloud to Ground,-82383,0,14
2026-09-16T08:35:20.195960323Z,12.669069,123.497958,Cloud to Ground,-67588,0,8
2026-09-16T08:35:20.089361756Z,12.622052,123.500098,Cloud to Cloud,-31200,7001,8
2026-09-16T08:35:20.129974701Z,12.756661,123.447076,Cloud to Ground,-29893,0,15
2026-09-16T08:35:20.556106300Z,12.675816,123.485094,Cloud to Ground,-15988,0,7
2026-09-16T08:35:20.128600863Z,12.698163,123.471323,Cloud to Cloud,15025,3342,12
2026-09-16T08:35:20.599130146Z,15.425072,121.032525,Cloud to Cloud,-31789,3000,8
2026-09-16T08:35:21.070576321Z,15.601943,120.928552,Cloud to Cloud,12384,3002,8
2026-09-16T08:35:20.635727925Z,15.647232,120.945859,Cloud to Cloud,21968,4715,7
2026-09-16T08:35:21.466032170Z,10.559951,131.117907,Cloud to Cloud,-16495,9882,15
2026-09-16T08:35:21.775173483Z,11.940645,121.55643,Cloud to Ground,19514,0,7
2026-09-16T08:35:21.435442275Z,12.262742,124.640611,Cloud to Cloud,7978,3319,10
2026-09-16T08:35:22.387993575Z,16.945223,120.485765,Cloud to Ground,-64324,0,10
2026-09-16T08:35:22.230097707Z,16.943443,120.484535,Cloud to Ground,-45116,0,14
2026-09-16T08:35:22.799891672Z,16.945155,120.478446,Cloud to Ground,-31477,0,14
2026-09-16T08:35:22.897657860Z,16.944685,120.470059,Cloud to Ground,-10152,0,7
2026-09-16T08:35:22.843385768Z,12.366961,124.771895,Cloud to Ground,18395,0,7
2026-09-16T08:35:22.847104910Z,12.459498,124.840086,Cloud to Cloud,8314,6938,5
2026-09-16T08:35:22.930591830Z,15.668029,120.925524,Cloud to Cloud,-25923,9789,14
2026-09-16T08:35:23.819027686Z,15.678032,120.909945,Cloud to Ground,-8221,0,7
2026-09-16T08:35:23.682581613Z,15.733033,121.031831,Cloud to Cloud,-7317,15995,8
2026-09-16T08:35:24.797143198Z,16.397246,120.565728,Cloud to Cloud,-9835,18798,7
2026-09-16T08:35:25.428511559Z,12.069923,121.583124,Cloud to Cloud,6466,11876,6
2026-09-16T08:35:25.447126182Z,11.765651,125.163144,Cloud to Cloud,12627,3429,10
2026-09-16T08:35:26.999277484Z,13.701618,120.581075,Cloud to Cloud,10055,4321,8
2026-09-16T08:35:26.480229461Z,12.079556,125.410233,Cloud to Ground,13946,0,12
2026-09-16T08:35:28.676995525Z,16.898165,120.631597,Cloud to Cloud,-5685,8771,9
2026-09-16T08:35:29.517104076Z,6.370693,118.461608,Cloud to Ground,-71031,0,18
2026-09-16T08:35:29.616185558Z,6.461532,118.430716,Cloud to Ground,-20689,0,21
2026-09-16T08:35:29.585015537Z,6.382765,118.4468,Cloud to Ground,-17123,0,21
2026-09-16T08:35:29.771477759Z,6.414652,118.446237,Cloud to Ground,-13272,0,14
2026-09-16T08:35:29.572086000Z,6.3863,118.4874,Cloud to Ground,27346,0,5
2026-09-16T08:35:29.509477992Z,6.386461,118.479466,Cloud to Ground,35314,0,9
2026-09-16T08:35:30.107775850Z,12.385244,124.910735,Cloud to Ground,-16710,0,8
2026-09-16T08:35:30.861938640Z,15.618305,121.010486,Cloud to Cloud,-15296,7852,14
2026-09-16T08:35:30.193931959Z,15.819961,121.007052,Cloud to Cloud,7431,17431,6
2026-09-16T08:35:31.457094621Z,16.003322,121.676644,Cloud to Cloud,6206,8504,9
2026-09-16T08:35:31.811587461Z,15.696196,120.992091,Cloud to Cloud,10986,3042,11
2026-09-16T08:35:32.366136638Z,4.18608,116.45222,Cloud to Ground,-12051,0,17
2026-09-16T08:35:32.517430283Z,4.109473,116.426924,Cloud to Cloud,17012,18265,14
2026-09-16T08:35:32.880918199Z,5.913608,117.930745,Cloud to Ground,-14890,0,14
2026-09-16T08:35:32.847861346Z,5.812898,117.979349,Cloud to Ground,-14826,0,10
2026-09-16T08:35:32.602167234Z,5.942965,117.929089,Cloud to Cloud,-10608,19003,18
2026-09-16T08:35:32.438035229Z,5.878672,118.006813,Cloud to Ground,28049,0,7
2026-09-16T08:35:32.773029970Z,15.829795,120.938161,Cloud to Cloud,8709,6693,8
2026-09-16T08:35:33.103063234Z,16.239806,121.731603,Cloud to Cloud,4537,10947,8
2026-09-16T08:35:32.751614706Z,16.261575,121.755231,Cloud to Cloud,7751,15618,9
2026-09-16T08:35:32.748884203Z,16.249351,121.727889,Cloud to Cloud,7830,3052,7
2026-09-16T08:35:32.869511318Z,11.956357,125.531039,Cloud to Ground,23953,0,8
2026-09-16T08:35:34.329259969Z,10.437814,131.718313,Cloud to Ground,-76619,0,27
2026-09-16T08:35:34.918420481Z,15.643471,120.974617,Cloud to Cloud,-11152,5234,13
2026-09-16T08:35:34.340461152Z,12.453023,124.801197,Cloud to Ground,24806,0,9
2026-09-16T08:35:35.904435162Z,8.614251,125.41962,Cloud to Ground,-26925,0,9
2026-09-16T08:35:35.558531970Z,16.442251,120.408105,Cloud to Cloud,10535,18099,7
2026-09-16T08:35:35.530874077Z,16.950047,120.435633,Cloud to Cloud,4365,8821,6
2026-09-16T08:35:35.527245745Z,16.977933,120.454279,Cloud to Cloud,14498,19287,12
2026-09-16T08:35:35.852873400Z,15.772609,120.854317,Cloud to Cloud,-9996,3614,11
2026-09-16T08:35:36.161187000Z,8.6541,125.3333,Cloud to Ground,-26235,0,6
2026-09-16T08:35:37.357189375Z,9.956217,129.884289,Cloud to Cloud,11909,4667,15
2026-09-16T08:35:37.357849528Z,9.967471,129.951429,Cloud to Ground,15711,0,11
2026-09-16T08:35:38.385831750Z,16.830116,120.513619,Cloud to Cloud,8224,5142,9
2026-09-16T08:35:38.330569172Z,16.824167,120.493037,Cloud to Cloud,13405,18842,10
2026-09-16T08:35:38.748148332Z,11.910502,125.551795,Cloud to Ground,-11437,0,9
2026-09-16T08:35:38.398271893Z,11.872158,125.537648,Cloud to Cloud,16213,9517,8
2026-09-16T08:35:38.340583751Z,11.903672,125.452854,Cloud to Ground,37836,0,11
2026-09-16T08:35:38.309478172Z,15.818348,120.943266,Cloud to Cloud,5109,4823,6
2026-09-16T08:35:40.244963453Z,15.793292,121.030699,Cloud to Cloud,5155,4116,9
2026-09-16T08:35:40.586111425Z,11.746214,121.41832,Cloud to Ground,25340,0,8
2026-09-16T08:35:40.583947594Z,11.747747,121.407397,Cloud to Ground,29879,0,10
2026-09-16T08:35:41.485061043Z,19.578556,123.499913,Cloud to Ground,-9394,0,8
2026-09-16T08:35:41.409060613Z,19.592457,123.494243,Cloud to Cloud,-8179,7315,6
2026-09-16T08:35:41.643599774Z,19.579226,123.502917,Cloud to Ground,-7353,0,7
2026-09-16T08:35:41.577935573Z,19.580761,123.493216,Cloud to Cloud,2778,8767,6
2026-09-16T08:35:41.392724648Z,19.583474,123.484695,Cloud to Cloud,6666,13617,7
2026-09-16T08:35:41.382474715Z,19.58422,123.49606,Cloud to Cloud,7359,19821,8
2026-09-16T08:35:41.850432683Z,16.904842,121.696152,Cloud to Cloud,-7465,4398,6
2026-09-16T08:35:42.054363053Z,15.40325,120.9802,Cloud to Cloud,-3868,14555,6
2026-09-16T08:35:44.308608908Z,12.446812,124.838277,Cloud to Cloud,-9177,18394,11
2026-09-16T08:35:44.342490759Z,12.467295,124.841954,Cloud to Cloud,6736,11641,5
2026-09-16T08:35:44.258157525Z,12.388173,124.823016,Cloud to Cloud,11225,18054,10
2026-09-16T08:35:45.643582227Z,4.920323,118.224052,Cloud to Ground,12129,0,14
2026-09-16T08:35:45.642682381Z,4.924489,118.217298,Cloud to Ground,42987,0,18
2026-09-16T08:35:45.334556661Z,15.57755,121.024495,Cloud to Cloud,-13735,14370,11
2026-09-16T08:35:47.727896778Z,5.925866,118.066244,Cloud to Cloud,-11918,3068,19
2026-09-16T08:35:47.723209745Z,5.852208,118.030774,Cloud to Cloud,10617,10741,8
2026-09-16T08:35:47.074640459Z,10.795596,131.289673,Cloud to Ground,15750,0,22
2026-09-16T08:35:47.072937198Z,10.821757,131.389541,Cloud to Ground,61490,0,19
2026-09-16T08:35:47.761944075Z,16.533631,120.576701,Cloud to Cloud,9368,19510,7
2026-09-16T08:35:48.059782916Z,16.855591,120.672802,Cloud to Cloud,-11461,10321,10
2026-09-16T08:35:48.656794940Z,12.40515,124.622421,Cloud to Ground,-27496,0,12
2026-09-16T08:35:49.413288440Z,16.384197,120.482616,Cloud to Cloud,-8798,15004,7
2026-09-16T08:35:50.270496335Z,12.438183,124.925295,Cloud to Ground,-25052,0,7
2026-09-16T08:35:50.576953104Z,15.607745,120.946936,Cloud to Cloud,13362,15196,10
2026-09-16T08:35:50.939462110Z,18.679709,120.63576,Cloud to Cloud,9644,12195,6
2026-09-16T08:35:51.133343518Z,16.478687,120.59413,Cloud to Cloud,-17836,11866,10
2026-09-16T08:35:51.362591095Z,12.588527,123.484693,Cloud to Cloud,16115,6370,7
2026-09-16T08:35:51.363842253Z,12.583086,123.486237,Cloud to Cloud,27042,5977,7
2026-09-16T08:35:53.597930898Z,15.493307,120.915168,Cloud to Cloud,6745,16151,10
2026-09-16T08:35:53.275905720Z,15.400866,120.993756,Cloud to Cloud,6271,12648,5
2026-09-16T08:35:54.140594716Z,15.788422,120.942353,Cloud to Cloud,7534,9301,12
2026-09-16T08:35:54.060100916Z,15.708301,121.039579,Cloud to Cloud,7308,16941,12
2026-09-16T08:35:55.412351392Z,12.382972,124.77563,Cloud to Ground,75198,0,11
2026-09-16T08:35:55.763836356Z,12.205807,124.559268,Cloud to Cloud,-24007,19360,7
2026-09-16T08:35:55.773672836Z,12.211046,124.588314,Cloud to Cloud,-18141,3645,7
2026-09-16T08:35:55.424438652Z,12.190644,124.616351,Cloud to Cloud,20275,4321,8
2026-09-16T08:35:55.222621912Z,15.462082,120.924196,Cloud to Cloud,15113,17194,13
2026-09-16T08:35:55.246184772Z,11.578673,122.393123,Cloud to Cloud,6627,13641,5
2026-09-16T08:35:54.789071000Z,11.9569,125.5244,Cloud to Ground,12901,0,5
2026-09-16T08:35:55.205552833Z,11.867055,125.51999,Cloud to Cloud,13951,16626,10
2026-09-16T08:35:56.308173338Z,12.008412,125.475692,Cloud to Cloud,-10824,16694,10
2026-09-16T08:35:56.672788487Z,15.759388,120.917497,Cloud to Cloud,12625,19964,6
2026-09-16T08:35:56.501951024Z,15.96674,121.590501,Cloud to Ground,-17042,0,12
2026-09-16T08:35:57.181226166Z,16.978931,120.448744,Cloud to Cloud,5172,3012,6
2026-09-16T08:35:57.398464321Z,16.929358,120.502148,Cloud to Cloud,7082,4315,11
2026-09-16T08:35:58.603280000Z,8.3675,126.1814,Cloud to Ground,-145103,0,8
2026-09-16T08:35:58.678331888Z,8.433928,126.153325,Cloud to Ground,-22930,0,17
2026-09-16T08:35:58.757979877Z,8.35472,126.235797,Cloud to Ground,-22886,0,9
2026-09-16T08:35:58.365614156Z,15.700142,120.934785,Cloud to Cloud,-12317,19811,9
2026-09-16T08:36:03.275777188Z,11.894171,121.693486,Cloud to Cloud,11652,16307,8
2026-09-16T08:36:04.898975288Z,15.594113,120.929769,Cloud to Cloud,-14120,3158,13
2026-09-16T08:36:04.105757016Z,15.519305,121.127607,Cloud to Ground,-47333,0,18
2026-09-16T08:36:04.109361579Z,15.527661,121.124645,Cloud to Cloud,9284,4702,13
2026-09-16T08:36:04.105134792Z,15.458814,121.146457,Cloud to Cloud,9830,15150,11
2026-09-16T08:36:05.457669114Z,16.647783,120.58745,Cloud to Ground,-10204,0,8
2026-09-16T08:36:05.466910453Z,16.642851,120.588791,Cloud to Ground,20264,0,17
2026-09-16T08:36:05.469424163Z,16.638577,120.599444,Cloud to Ground,32945,0,15
2026-09-16T08:36:05.665073000Z,14.4565,120.9598,Cloud to Ground,-10068,0,5
2026-09-16T08:36:05.765221525Z,14.472754,120.966021,Cloud to Ground,24492,0,8
2026-09-16T08:36:06.144255427Z,13.831773,120.667705,Cloud to Ground,32960,0,7
2026-09-16T08:36:06.226959810Z,16.494677,120.66775,Cloud to Cloud,-10976,16862,8
2026-09-16T08:36:06.074801230Z,16.465204,120.533909,Cloud to Ground,-20259,0,11
2026-09-16T08:36:06.262740146Z,16.530748,120.581296,Cloud to Ground,-13928,0,13
2026-09-16T08:36:06.327645841Z,16.530204,120.579099,Cloud to Ground,-8692,0,9
2026-09-16T08:36:07.658353814Z,4.09324,122.021085,Cloud to Cloud,9773,5972,12
2026-09-16T08:36:07.611824975Z,4.021741,122.042639,Cloud to Ground,15725,0,21
2026-09-16T08:36:08.353956274Z,5.732815,117.706022,Cloud to Ground,-14895,0,23
2026-09-16T08:36:08.294945015Z,5.722592,117.749378,Cloud to Ground,128498,0,25
2026-09-16T08:36:08.284668485Z,5.88835,117.77747,Cloud to Ground,-17970,0,18
2026-09-16T08:36:08.763001907Z,12.338695,124.83928,Cloud to Cloud,7398,19025,7
2026-09-16T08:36:09.050524956Z,12.32439,124.804758,Cloud to Cloud,18333,10206,7
2026-09-16T08:36:10.278700193Z,4.094299,116.545844,Cloud to Ground,7876,0,7
2026-09-16T08:36:10.769140566Z,15.715405,120.97832,Cloud to Ground,-10156,0,8
2026-09-16T08:36:11.057317637Z,10.278278,133.187247,Cloud to Ground,74454,0,23
2026-09-16T08:36:11.008226071Z,16.833463,120.497233,Cloud to Cloud,-5765,3052,7
2026-09-16T08:36:11.341888378Z,16.964258,120.463789,Cloud to Ground,-37921,0,12
2026-09-16T08:36:10.927099205Z,16.962962,120.461522,Cloud to Ground,-31669,0,12
2026-09-16T08:36:11.772766353Z,16.963139,120.463991,Cloud to Ground,-31638,0,13
2026-09-16T08:36:11.101130460Z,16.959086,120.464527,Cloud to Ground,-27907,0,7
2026-09-16T08:36:11.023340190Z,16.963096,120.458932,Cloud to Ground,-25117,0,10
2026-09-16T08:36:11.239027973Z,16.963122,120.451699,Cloud to Ground,-15717,0,7
2026-09-16T08:36:11.949896579Z,16.96195,120.455562,Cloud to Ground,-11246,0,9
2026-09-16T08:36:11.391474934Z,16.961092,120.44663,Cloud to Ground,-10858,0,10
2026-09-16T08:36:11.856901787Z,16.961208,120.455281,Cloud to Ground,-14495,0,8
2026-09-16T08:36:11.188359055Z,16.962798,120.462011,Cloud to Ground,-13759,0,7
2026-09-16T08:36:12.695076395Z,11.655618,122.111152,Cloud to Cloud,32998,17490,7
2026-09-16T08:36:12.694228451Z,11.665244,122.100324,Cloud to Cloud,33503,7720,7
2026-09-16T08:36:13.463874049Z,12.4377,124.833279,Cloud to Ground,-17029,0,9
2026-09-16T08:36:13.038952350Z,16.27495,121.82692,Cloud to Cloud,-9574,14765,10
2026-09-16T08:36:13.208064714Z,16.83747,120.46328,Cloud to Cloud,12353,7902,12
2026-09-16T08:36:14.216963670Z,13.546741,121.663677,Cloud to Cloud,5468,15673,6
2026-09-16T08:36:14.202929000Z,13.5084,121.6304,Cloud to Ground,23261,0,8
2026-09-16T08:36:14.200907370Z,13.483641,121.708155,Cloud to Ground,30377,0,10
2026-09-16T08:36:14.546519903Z,12.290887,124.676498,Cloud to Ground,42727,0,10
2026-09-16T08:36:15.719540785Z,15.654793,120.908781,Cloud to Cloud,-8418,12640,13
2026-09-16T08:36:15.276644142Z,19.60548,123.468014,Cloud to Ground,-4826,0,5
2026-09-16T08:36:17.545920808Z,10.562504,130.901326,Cloud to Cloud,-10273,11571,21
2026-09-16T08:36:18.132794910Z,15.678325,120.965001,Cloud to Ground,11372,0,10
2026-09-16T08:36:19.406930724Z,15.721141,120.869433,Cloud to Cloud,-17614,7270,8
2026-09-16T08:36:19.408960167Z,15.711058,120.918062,Cloud to Cloud,-12656,4026,11
2026-09-16T08:36:19.405151148Z,15.770785,120.895209,Cloud to Ground,140067,0,13
2026-09-16T08:36:19.312127491Z,12.390137,124.787676,Cloud to Ground,43360,0,11
2026-09-16T08:36:19.007909000Z,11.5825,125.1064,Cloud to Ground,-27770,0,6
2026-09-16T08:36:20.851110000Z,11.9619,125.4684,Cloud to Ground,-40799,0,5
2026-09-16T08:36:20.405366000Z,11.9922,125.4475,Cloud to Ground,-37067,0,10
2026-09-16T08:36:20.474776000Z,11.9946,125.4873,Cloud to Ground,-27575,0,5
2026-09-16T08:36:20.626614382Z,11.936641,125.481486,Cloud to Ground,-18664,0,8
2026-09-16T08:36:20.806778108Z,11.875603,125.436671,Cloud to Cloud,-13682,18541,7
2026-09-16T08:36:21.472918650Z,4.94425,118.039908,Cloud to Ground,-27591,0,17
2026-09-16T08:36:21.381524080Z,4.825785,118.033237,Cloud to Ground,-93800,0,15
2026-09-16T08:36:21.956696011Z,4.845577,118.058988,Cloud to Cloud,-12846,3147,25
2026-09-16T08:36:21.436973452Z,4.839851,118.053311,Cloud to Ground,56177,0,31
2026-09-16T08:36:24.077442310Z,12.692741,123.499859,Cloud to Ground,-36938,0,10
2026-09-16T08:36:24.048548496Z,12.660381,123.486353,Cloud to Ground,18651,0,7
2026-09-16T08:36:24.033384000Z,12.6832,123.3188,Cloud to Ground,-8870,0,10
2026-09-16T08:36:24.769607247Z,16.840671,120.704789,Cloud to Cloud,-19026,16396,10
2026-09-16T08:36:24.770572833Z,16.80936,120.689702,Cloud to Cloud,12303,8493,7
2026-09-16T08:36:25.992272988Z,11.755724,121.424227,Cloud to Cloud,11776,5791,6
2026-09-16T08:36:25.053224688Z,14.833719,120.10536,Cloud to Ground,-40668,0,15
2026-09-16T08:36:25.275465799Z,15.403446,120.999705,Cloud to Ground,13192,0,8
2026-09-16T08:36:25.403105110Z,16.042487,120.972307,Cloud to Cloud,-5369,17789,7
2026-09-16T08:36:26.684543302Z,11.862923,121.319509,Cloud to Ground,-30269,0,7
2026-09-16T08:36:27.025586407Z,11.85983,121.320527,Cloud to Ground,-9587,0,8
2026-09-16T08:36:26.421824116Z,15.697752,120.934903,Cloud to Ground,-20115,0,7
2026-09-16T08:36:29.481096740Z,6.452646,118.445673,Cloud to Ground,-42809,0,16
2026-09-16T08:36:29.482100521Z,6.362972,118.48138,Cloud to Ground,-12953,0,17
2026-09-16T08:36:29.627588684Z,6.356996,118.481304,Cloud to Ground,-12705,0,14
2026-09-16T08:36:29.680656853Z,6.357862,118.501596,Cloud to Ground,-11714,0,15
2026-09-16T08:36:29.972191080Z,6.420071,118.479125,Cloud to Ground,36747,0,6
2026-09-16T08:36:29.565276066Z,6.452231,118.456028,Cloud to Ground,47814,0,8
2026-09-16T08:36:29.322533039Z,6.361967,118.503492,Cloud to Ground,88117,0,10
2026-09-16T08:36:29.401087040Z,6.20333,118.568229,Cloud to Ground,41996,0,19
2026-09-16T08:36:29.577156716Z,15.439193,120.955572,Cloud to Cloud,-22752,11658,7
2026-09-16T08:36:29.587825786Z,15.606873,120.949525,Cloud to Ground,-13353,0,7
2026-09-16T08:36:29.311083913Z,15.683366,120.994401,Cloud to Cloud,11693,13479,8
2026-09-16T08:36:29.945596411Z,11.994368,125.459351,Cloud to Ground,-14079,0,8
2026-09-16T08:36:30.088790000Z,6.4668,118.2974,Cloud to Ground,-17152,0,6
2026-09-16T08:36:31.095869235Z,16.038596,121.039197,Cloud to Cloud,-10338,11690,10
2026-09-16T08:36:32.034590746Z,16.987533,121.731481,Cloud to Cloud,-8776,12435,10
2026-09-16T08:36:33.827064694Z,4.707128,117.636367,Cloud to Ground,-20086,0,16
2026-09-16T08:36:33.322093307Z,10.281417,123.813718,Cloud to Ground,36468,0,10
2026-09-16T08:36:33.522579877Z,15.53049,120.972298,Cloud to Cloud,2237,17291,5
2026-09-16T08:36:34.515018379Z,12.464589,124.810658,Cloud to Cloud,7017,15715,6
2026-09-16T08:36:34.982625694Z,11.21531,131.881914,Cloud to Cloud,-32864,15951,29
2026-09-16T08:36:35.086446824Z,11.182289,131.864893,Cloud to Ground,-22779,0,30
2026-09-16T08:36:35.128245962Z,11.20729,131.820057,Cloud to Ground,-21950,0,10
2026-09-16T08:36:35.376834315Z,11.176938,131.85558,Cloud to Ground,-18793,0,29
2026-09-16T08:36:35.195216281Z,11.166409,131.827026,Cloud to Ground,-14655,0,27
2026-09-16T08:36:35.046322654Z,11.222609,131.804421,Cloud to Ground,-13987,0,13
2026-09-16T08:36:35.242162710Z,11.238111,131.992329,Cloud to Ground,22149,0,11
2026-09-16T08:36:35.569998749Z,16.553423,120.581781,Cloud to Ground,-28847,0,12
2026-09-16T08:36:35.992215036Z,16.553724,120.577282,Cloud to Ground,-16880,0,11
2026-09-16T08:36:35.592345775Z,16.561554,120.579743,Cloud to Ground,-14936,0,10
2026-09-16T08:36:35.853954664Z,16.540064,120.592539,Cloud to Ground,-13018,0,10
2026-09-16T08:36:35.764458852Z,16.556207,120.580805,Cloud to Ground,-11039,0,9
2026-09-16T08:36:35.941878862Z,16.554569,120.580044,Cloud to Ground,-6680,0,6
2026-09-16T08:36:35.653870985Z,16.518382,120.58939,Cloud to Ground,-6339,0,6
2026-09-16T08:36:35.282565270Z,15.457449,120.887947,Cloud to Cloud,-10882,17593,11
2026-09-16T08:36:36.170113000Z,10.7575,133.6825,Cloud to Ground,-71208,0,10
2026-09-16T08:36:38.586274216Z,15.714105,121.001327,Cloud to Ground,-9078,0,10
2026-09-16T08:36:38.064472000Z,4.1026,116.4081,Cloud to Ground,10886,0,7
2026-09-16T08:36:39.661457032Z,15.634907,120.907357,Cloud to Cloud,7081,16977,7
2026-09-16T08:36:40.134159819Z,12.328708,124.831325,Cloud to Cloud,5342,18460,8
2026-09-16T08:36:39.704699744Z,12.349519,124.773508,Cloud to Cloud,10500,13447,7
2026-09-16T08:36:39.781657423Z,12.393884,124.793756,Cloud to Cloud,10883,15086,7
2026-09-16T08:36:40.364837073Z,5.632046,118.621055,Cloud to Ground,21326,0,17
2026-09-16T08:36:40.672845313Z,15.743296,120.929126,Cloud to Cloud,5167,8727,7
2026-09-16T08:36:41.329471034Z,16.95578,120.468144,Cloud to Ground,-88228,0,12
2026-09-16T08:36:41.431139761Z,16.958447,120.496831,Cloud to Ground,-49358,0,13
2026-09-16T08:36:41.331038723Z,16.949641,120.492519,Cloud to Cloud,-14264,10983,13
2026-09-16T08:36:41.886473290Z,15.712332,120.928762,Cloud to Ground,-9574,0,10
2026-09-16T08:36:43.908969670Z,19.573097,123.481518,Cloud to Ground,-21132,0,12
2026-09-16T08:36:43.989054863Z,19.577611,123.510201,Cloud to Cloud,-7580,17595,6
2026-09-16T08:36:43.947939459Z,19.585042,123.517214,Cloud to Cloud,5584,19862,6
2026-09-16T08:36:43.604517690Z,13.886564,120.604229,Cloud to Ground,-20013,0,11
2026-09-16T08:36:43.640373000Z,13.8738,120.5471,Cloud to Ground,-19072,0,6
2026-09-16T08:36:43.557384241Z,13.834019,120.633382,Cloud to Cloud,-17567,5092,8
2026-09-16T08:36:43.810942172Z,13.885487,120.609102,Cloud to Ground,-7890,0,6
2026-09-16T08:36:43.811881632Z,13.909699,120.602953,Cloud to Cloud,7035,3020,7
2026-09-16T08:36:43.733114000Z,13.9777,120.3257,Cloud to Ground,-27843,0,5
2026-09-16T08:36:43.574597282Z,14.069516,120.429487,Cloud to Cloud,-17557,3106,18
2026-09-16T08:36:44.758841185Z,15.367769,120.946914,Cloud to Cloud,-3009,7095,7
2026-09-16T08:36:44.081427550Z,12.457369,124.808586,Cloud to Ground,27580,0,9
2026-09-16T08:36:46.459983191Z,15.960079,121.553537,Cloud to Cloud,10360,14199,8
2026-09-16T08:36:46.681785227Z,15.723471,120.975558,Cloud to Cloud,5171,13857,6
2026-09-16T08:36:46.478492617Z,15.677982,120.935147,Cloud to Cloud,13352,14803,11
2026-09-16T08:36:46.458575508Z,15.691415,120.977905,Cloud to Cloud,25020,3443,9
2026-09-16T08:36:47.651515074Z,16.47571,120.523097,Cloud to Cloud,-8474,6325,11
2026-09-16T08:36:47.688819167Z,16.483984,120.526366,Cloud to Cloud,5926,13863,6
2026-09-16T08:36:47.541869869Z,16.464488,120.520704,Cloud to Ground,51856,0,13
2026-09-16T08:36:48.966566843Z,16.758687,120.497069,Cloud to Cloud,-14343,16227,7
2026-09-16T08:36:48.629415243Z,16.816721,120.491522,Cloud to Cloud,14047,18313,11
2026-09-16T08:36:50.635718659Z,19.528148,123.430955,Cloud to Cloud,8773,3414,7
2026-09-16T08:36:50.046810833Z,15.809081,120.956071,Cloud to Cloud,9079,10318,11
2026-09-16T08:36:50.137718203Z,16.850867,120.795518,Cloud to Ground,-148415,0,16
2026-09-16T08:36:50.218285680Z,16.868766,120.776495,Cloud to Ground,-36037,0,10
2026-09-16T08:36:50.174212366Z,16.841646,120.813267,Cloud to Ground,-32204,0,9
2026-09-16T08:36:50.263272770Z,16.866642,120.796498,Cloud to Ground,-24587,0,10
2026-09-16T08:36:50.210460711Z,16.841879,120.806217,Cloud to Ground,-12569,0,10
2026-09-16T08:36:50.163578573Z,16.860252,120.856256,Cloud to Cloud,-11277,17784,8
2026-09-16T08:36:50.158748971Z,16.85432,120.805603,Cloud to Cloud,8120,3014,9
2026-09-16T08:36:50.150929836Z,16.862837,120.810873,Cloud to Cloud,14396,9132,10
2026-09-16T08:36:50.182206581Z,15.5966,120.939381,Cloud to Cloud,-12054,3587,9
2026-09-16T08:36:50.248099306Z,12.392784,124.786306,Cloud to Cloud,12703,8164,6
2026-09-16T08:36:51.238654121Z,11.793866,125.117219,Cloud to Ground,-27180,0,8
2026-09-16T08:36:51.353237866Z,11.799665,125.119272,Cloud to Ground,-26625,0,8
2026-09-16T08:36:51.439662000Z,11.945,125.1392,Cloud to Ground,10106,0,5
2026-09-16T08:36:52.682518107Z,11.885546,125.425729,Cloud to Cloud,9312,15409,8
2026-09-16T08:36:52.660091049Z,11.89194,125.447712,Cloud to Cloud,15370,16554,7
2026-09-16T08:36:52.083081077Z,18.255996,120.822515,Cloud to Cloud,-9996,7702,6
2026-09-16T08:36:53.014585832Z,11.832677,125.576748,Cloud to Cloud,-17582,12104,7
2026-09-16T08:36:53.178875788Z,14.625613,120.537976,Cloud to Cloud,16626,18207,7
2026-09-16T08:36:54.965716712Z,4.186036,116.532974,Cloud to Cloud,-16560,3008,17
2026-09-16T08:36:55.144782199Z,4.211467,116.495248,Cloud to Cloud,-7980,3210,12
2026-09-16T08:36:55.043113725Z,4.125894,116.498497,Cloud to Cloud,18667,13272,20
2026-09-16T08:36:55.281238341Z,11.738067,125.062053,Cloud to Cloud,16681,3647,8
2026-09-16T08:36:55.231224012Z,11.745092,125.08201,Cloud to Cloud,19595,19058,9
2026-09-16T08:36:55.299093998Z,16.334438,121.847403,Cloud to Cloud,-9393,3006,8
2026-09-16T08:36:55.324842728Z,16.29277,121.838994,Cloud to Cloud,8625,19021,7
2026-09-16T08:36:56.076736303Z,10.564884,125.146591,Cloud to Cloud,21052,3851,7
2026-09-16T08:36:56.612372843Z,12.106756,124.087688,Cloud to Ground,-16610,0,8
2026-09-16T08:36:57.529892952Z,15.692023,120.913329,Cloud to Ground,-11178,0,7
2026-09-16T08:36:57.536756772Z,15.40283,121.016735,Cloud to Cloud,-16453,19818,7
2026-09-16T08:36:58.261624620Z,15.746403,120.994499,Cloud to Ground,-11731,0,10
2026-09-16T08:36:59.925930742Z,15.642752,120.950721,Cloud to Cloud,-11285,18755,12
2026-09-16T08:37:00.724373782Z,10.667474,121.897829,Cloud to Ground,-83496,0,9
2026-09-16T08:37:00.848154276Z,10.673066,121.893296,Cloud to Ground,-28209,0,9
2026-09-16T08:37:00.882383199Z,10.665186,121.906627,Cloud to Ground,-27379,0,9
2026-09-16T08:37:00.027354738Z,12.402267,125.003058,Cloud to Ground,14162,0,8
2026-09-16T08:37:00.169060945Z,12.309085,124.869021,Cloud to Cloud,16538,19423,8
2026-09-16T08:37:01.925978748Z,12.384459,124.82027,Cloud to Cloud,15955,3053,11
2026-09-16T08:37:01.512333268Z,12.454462,124.825974,Cloud to Ground,38031,0,9
2026-09-16T08:37:03.479319841Z,9.93933,129.909545,Cloud to Cloud,-35661,9955,15
2026-09-16T08:37:03.477547753Z,9.941207,129.890724,Cloud to Ground,35414,0,14
2026-09-16T08:37:03.476863806Z,9.935893,129.869391,Cloud to Ground,77765,0,24
2026-09-16T08:37:03.478410549Z,9.975226,129.738932,Cloud to Ground,-27020,0,22
2026-09-16T08:37:03.010112379Z,12.679852,123.475455,Cloud to Ground,-139540,0,10
2026-09-16T08:37:03.043746455Z,12.682267,123.487645,Cloud to Ground,-20874,0,9
2026-09-16T08:37:03.070783007Z,12.706518,123.498603,Cloud to Cloud,23555,3100,8
2026-09-16T08:37:03.131925000Z,12.6727,123.3766,Cloud to Ground,-25155,0,7
2026-09-16T08:37:03.073287653Z,12.748454,123.414418,Cloud to Ground,-18506,0,22
2026-09-16T08:37:03.211949000Z,12.7006,123.3276,Cloud to Ground,-18008,0,5
2026-09-16T08:37:03.833850000Z,11.5896,122.357,Cloud to Ground,17526,0,6
2026-09-16T08:37:03.151491184Z,12.92927,123.937964,Cloud to Ground,-29264,0,15
2026-09-16T08:37:03.150631360Z,12.862388,123.926623,Cloud to Cloud,21486,3144,7
2026-09-16T08:37:03.306391932Z,19.786801,123.716879,Cloud to Cloud,9356,19800,5
2026-09-16T08:37:03.933815000Z,11.1551,119.4749,Cloud to Ground,21437,0,5
2026-09-16T08:37:04.546099412Z,19.581198,123.492956,Cloud to Cloud,-5712,3006,6
2026-09-16T08:37:04.719009693Z,19.572665,123.510011,Cloud to Cloud,-3918,14027,7
2026-09-16T08:37:05.961092000Z,17.0747,120.6334,Cloud to Ground,-7816,0,5
2026-09-16T08:37:06.680825744Z,11.944687,125.537007,Cloud to Cloud,10604,7859,8
2026-09-16T08:37:08.145570499Z,3.875368,116.320381,Cloud to Ground,12034,0,13
2026-09-16T08:37:07.931658370Z,3.884151,116.334532,Cloud to Ground,53618,0,24
2026-09-16T08:37:07.325056591Z,15.637757,120.993209,Cloud to Cloud,12510,16410,11
2026-09-16T08:37:07.355276919Z,15.717902,120.991754,Cloud to Ground,53256,0,16
2026-09-16T08:37:08.471095551Z,11.996737,125.465587,Cloud to Cloud,7314,6744,9
2026-09-16T08:37:09.821499293Z,15.729448,120.981272,Cloud to Ground,-13136,0,12
2026-09-16T08:37:09.809384127Z,15.71928,120.987241,Cloud to Cloud,9157,19239,7
2026-09-16T08:37:09.605922000Z,12.0878,121.5209,Cloud to Ground,11350,0,7
2026-09-16T08:37:10.436155018Z,12.456396,124.801597,Cloud to Ground,38333,0,8
2026-09-16T08:37:11.462792847Z,6.44308,118.450429,Cloud to Ground,-10179,0,14
2026-09-16T08:37:12.556129201Z,16.517096,120.586531,Cloud to Ground,-16461,0,12
2026-09-16T08:37:12.403640398Z,16.48892,120.5577,Cloud to Ground,-12796,0,11
2026-09-16T08:37:13.592723260Z,10.827548,131.387709,Cloud to Ground,53863,0,28
2026-09-16T08:37:13.591760438Z,10.823139,131.393294,Cloud to Ground,64891,0,17
2026-09-16T08:37:13.300300434Z,16.947152,120.495267,Cloud to Ground,-56192,0,16
2026-09-16T08:37:13.970429428Z,16.958035,120.491812,Cloud to Ground,-42749,0,16
2026-09-16T08:37:13.365261100Z,16.956796,120.48914,Cloud to Ground,-39043,0,13
2026-09-16T08:37:14.080499755Z,16.956858,120.478871,Cloud to Ground,-7685,0,7
2026-09-16T08:37:13.394185642Z,12.310609,124.636816,Cloud to Ground,-63659,0,11
2026-09-16T08:37:13.504259503Z,12.210679,124.570272,Cloud to Ground,18495,0,7
2026-09-16T08:37:15.443112708Z,15.340035,120.908568,Cloud to Cloud,9040,19780,7
2026-09-16T08:37:15.426329664Z,15.986767,121.649452,Cloud to Ground,18623,0,11
2026-09-16T08:37:17.183235474Z,12.500943,124.786967,Cloud to Ground,23302,0,11
2026-09-16T08:37:17.433810783Z,12.359284,124.798828,Cloud to Cloud,5997,6816,8
2026-09-16T08:37:17.613396165Z,12.371595,124.809546,Cloud to Ground,12166,0,6
2026-09-16T08:37:18.082585146Z,15.743502,121.001412,Cloud to Cloud,5361,19108,6
2026-09-16T08:37:18.101288026Z,15.736008,121.009239,Cloud to Cloud,10728,8918,9
2026-09-16T08:37:19.378162988Z,16.396017,120.552671,Cloud to Cloud,-3564,14064,5
2026-09-16T08:37:20.595711000Z,5.4361,118.5818,Cloud to Ground,-28965,0,8
2026-09-16T08:37:21.364608378Z,16.730236,121.361225,Cloud to Ground,-26307,0,10
2026-09-16T08:37:21.223744135Z,16.743941,121.436359,Cloud to Ground,-14345,0,8
2026-09-16T08:37:21.486532733Z,16.749758,121.419582,Cloud to Ground,-13110,0,10
2026-09-16T08:37:21.192147312Z,15.691804,121.026395,Cloud to Cloud,-11652,4591,10
2026-09-16T08:37:22.340168065Z,15.457104,120.996208,Cloud to Cloud,-6248,6154,12
2026-09-16T08:37:23.089763377Z,13.55991,121.674674,Cloud to Ground,-88615,0,10
2026-09-16T08:37:23.161959187Z,13.546774,121.67755,Cloud to Ground,-26839,0,10
2026-09-16T08:37:23.080792292Z,13.492084,121.705177,Cloud to Cloud,-18559,5704,12
2026-09-16T08:37:23.208113873Z,13.552154,121.681921,Cloud to Ground,-12975,0,12
2026-09-16T08:37:23.243484729Z,13.546261,121.672059,Cloud to Ground,-5734,0,5
2026-09-16T08:37:23.120367880Z,13.532389,121.643017,Cloud to Cloud,10528,12553,8
2026-09-16T08:37:24.999661375Z,16.301568,120.450962,Cloud to Cloud,9978,5480,8
2026-09-16T08:37:25.602136165Z,16.497264,120.433968,Cloud to Cloud,22980,5856,7
2026-09-16T08:37:25.661261051Z,16.988023,120.473094,Cloud to Cloud,8704,3879,6
2026-09-16T08:37:26.974718324Z,12.292707,124.771564,Cloud to Cloud,13551,14041,10
2026-09-16T08:37:28.934221931Z,10.389317,131.690633,Cloud to Ground,-11033,0,9
2026-09-16T08:37:28.933512067Z,10.256146,131.819008,Cloud to Ground,13310,0,12
2026-09-16T08:37:28.932337376Z,10.371413,131.83148,Cloud to Ground,16975,0,18
2026-09-16T08:37:28.937438186Z,10.311766,131.767669,Cloud to Cloud,23641,5497,9
2026-09-16T08:37:28.726695984Z,19.577702,123.469703,Cloud to Cloud,6390,4506,6
2026-09-16T08:37:28.469641064Z,19.585705,123.499991,Cloud to Cloud,9241,4507,8
2026-09-16T08:37:29.096004076Z,16.396913,120.51358,Cloud to Ground,-30366,0,12
2026-09-16T08:37:29.070965966Z,16.396092,120.510466,Cloud to Ground,-26127,0,13
2026-09-16T08:37:29.214995252Z,16.397468,120.516422,Cloud to Ground,-15657,0,10
2026-09-16T08:37:29.022699278Z,16.395427,120.511498,Cloud to Ground,-12126,0,10
2026-09-16T08:37:29.122945069Z,16.394313,120.506186,Cloud to Ground,-10403,0,10
2026-09-16T08:37:28.832484640Z,12.379868,124.616108,Cloud to Cloud,10985,7703,8
2026-09-16T08:37:29.485143601Z,12.329528,124.549567,Cloud to Cloud,19894,8064,8
2026-09-16T08:37:29.650530821Z,16.238338,121.783734,Cloud to Cloud,14112,9085,9
2026-09-16T08:37:29.802863317Z,12.010182,125.609861,Cloud to Ground,-50234,0,8
2026-09-16T08:37:29.773092423Z,10.456297,131.850471,Cloud to Ground,-27366,0,33
2026-09-16T08:37:29.531228843Z,4.142282,116.536338,Cloud to Cloud,-58326,3273,25
2026-09-16T08:37:30.271725151Z,4.058201,116.56033,Cloud to Ground,-25891,0,20
2026-09-16T08:37:30.604237214Z,4.049317,116.580762,Cloud to Ground,61489,0,25
2026-09-16T08:37:30.670116421Z,2.437094,112.795126,Cloud to Ground,12372,0,13
2026-09-16T08:37:30.949330639Z,2.35266,112.689736,Cloud to Ground,42138,0,13
2026-09-16T08:37:30.632519843Z,15.770119,120.789087,Cloud to Cloud,-13073,14343,13
2026-09-16T08:37:32.752216953Z,10.642318,131.073758,Cloud to Ground,-19321,0,20
2026-09-16T08:37:32.748238500Z,10.322569,131.171745,Cloud to Ground,22204,0,12
2026-09-16T08:37:32.747221928Z,10.54905,130.96038,Cloud to Ground,-16777,0,8
2026-09-16T08:37:32.746622865Z,10.516523,131.015304,Cloud to Cloud,11196,18319,10
2026-09-16T08:37:33.421409417Z,15.402967,121.014906,Cloud to Cloud,4700,18603,5
2026-09-16T08:37:35.682861803Z,11.952088,125.496645,Cloud to Ground,14533,0,7
2026-09-16T08:37:35.921434140Z,15.862944,120.92703,Cloud to Cloud,-12998,3003,7
2026-09-16T08:37:38.513998877Z,15.993365,121.639667,Cloud to Cloud,11633,15188,10
2026-09-16T08:37:38.442971695Z,15.416908,121.074935,Cloud to Cloud,-13948,3073,8
2026-09-16T08:37:39.236918226Z,16.881323,121.682255,Cloud to Cloud,-12004,9581,8
2026-09-16T08:37:40.691188099Z,11.362492,125.269288,Cloud to Ground,-12475,0,16
2026-09-16T08:37:41.637767681Z,12.090952,124.107778,Cloud to Cloud,9519,17968,5
2026-09-16T08:37:41.290902000Z,13.8891,120.6066,Cloud to Ground,-30912,0,5
2026-09-16T08:37:41.295818461Z,13.900577,120.621599,Cloud to Cloud,6245,15452,6
2026-09-16T08:37:42.843674253Z,12.684158,123.47754,Cloud to Ground,-102028,0,11
2026-09-16T08:37:42.831977985Z,12.703023,123.497603,Cloud to Cloud,-22692,3030,9
2026-09-16T08:37:43.132346459Z,12.65123,123.482439,Cloud to Cloud,-19755,17608,14
2026-09-16T08:37:43.141522638Z,12.586847,123.463163,Cloud to Cloud,14524,10589,8
2026-09-16T08:37:42.725737086Z,12.367049,124.787733,Cloud to Cloud,17109,6911,9
2026-09-16T08:37:43.546892748Z,11.920068,125.350043,Cloud to Ground,-14073,0,16
2026-09-16T08:37:43.003653206Z,15.690184,120.935435,Cloud to Cloud,11341,18301,9
2026-09-16T08:37:44.931665603Z,6.479133,118.439379,Cloud to Ground,-41202,0,13
2026-09-16T08:37:44.961518432Z,6.357907,118.489528,Cloud to Ground,-31433,0,14
2026-09-16T08:37:45.082745483Z,6.471313,118.435913,Cloud to Ground,-28589,0,22
2026-09-16T08:37:44.914379039Z,6.359731,118.463439,Cloud to Ground,-22027,0,16
2026-09-16T08:37:45.030436000Z,6.3334,118.4746,Cloud to Ground,27246,0,5
2026-09-16T08:37:45.201751598Z,6.429679,118.466993,Cloud to Ground,32951,0,10
2026-09-16T08:37:44.610415338Z,15.635488,120.914474,Cloud to Cloud,-27312,17276,7
2026-09-16T08:37:44.990689080Z,11.84226,121.755564,Cloud to Ground,19117,0,7
2026-09-16T08:37:45.548657484Z,12.357634,124.76985,Cloud to Cloud,12212,8182,7
2026-09-16T08:37:45.502151166Z,12.359542,124.765995,Cloud to Cloud,17447,14855,7
2026-09-16T08:37:45.421261436Z,12.37188,124.774454,Cloud to Ground,42707,0,8
2026-09-16T08:37:45.755133829Z,15.782032,120.974659,Cloud to Cloud,5159,17059,6
2026-09-16T08:37:46.900301649Z,19.583404,123.486428,Cloud to Cloud,3345,6966,5
2026-09-16T08:37:46.787767934Z,19.603989,123.480944,Cloud to Cloud,6176,4395,7
2026-09-16T08:37:46.845169415Z,19.590932,123.479864,Cloud to Cloud,9375,16098,8
2026-09-16T08:37:46.869904266Z,19.591515,123.480965,Cloud to Cloud,12306,19181,6
2026-09-16T08:37:46.158367275Z,11.958723,121.593647,Cloud to Ground,-62281,0,9
2026-09-16T08:37:47.742444785Z,4.125671,116.563851,Cloud to Ground,-17859,0,13
2026-09-16T08:37:47.913726000Z,16.953,120.6715,Cloud to Ground,38219,0,5
2026-09-16T08:37:47.722346729Z,19.552923,123.27255,Cloud to Cloud,10179,10362,7
2026-09-16T08:37:48.479447323Z,5.669982,122.754139,Cloud to Ground,18371,0,22
2026-09-16T08:37:48.201794107Z,16.965351,120.469592,Cloud to Ground,-40890,0,11
2026-09-16T08:37:47.986709619Z,17.005113,120.458903,Cloud to Ground,-13489,0,7
2026-09-16T08:37:48.561722527Z,16.964402,120.461001,Cloud to Ground,-12254,0,9
2026-09-16T08:37:48.716703312Z,16.953549,120.455161,Cloud to Ground,-11562,0,6
2026-09-16T08:37:48.288907721Z,17.002089,120.455352,Cloud to Ground,-11048,0,9
2026-09-16T08:37:48.035072772Z,12.328011,125.510526,Cloud to Ground,-28263,0,10
2026-09-16T08:37:48.017573906Z,12.256367,125.534538,Cloud to Cloud,-18910,6621,11
2026-09-16T08:37:50.242753575Z,15.341096,120.897982,Cloud to Cloud,10661,3825,7
2026-09-16T08:37:50.430464381Z,15.706971,121.028027,Cloud to Ground,-9501,0,7
2026-09-16T08:37:50.045896959Z,15.772661,121.048656,Cloud to Cloud,4771,16931,5
2026-09-16T08:37:51.371921646Z,4.820766,118.109251,Cloud to Ground,10133,0,15
2026-09-16T08:37:51.264677730Z,4.177508,116.55318,Cloud to Cloud,-24040,8171,19
2026-09-16T08:37:51.553013965Z,11.732705,122.064961,Cloud to Cloud,-16553,15877,8
2026-09-16T08:37:51.555042943Z,11.73007,122.083974,Cloud to Cloud,7665,18189,10
2026-09-16T08:37:52.220827000Z,12.0693,123.2827,Cloud to Ground,19936,0,6
2026-09-16T08:37:53.045930000Z,4.1271,116.5426,Cloud to Ground,-14801,0,5
2026-09-16T08:37:54.957129091Z,5.316978,117.864907,Cloud to Ground,-104195,0,18
2026-09-16T08:37:55.222305125Z,5.394796,117.826776,Cloud to Ground,-59621,0,21
2026-09-16T08:37:55.998059567Z,10.557942,129.832573,Cloud to Ground,-95000,0,36
2026-09-16T08:37:55.989666599Z,10.500806,129.885969,Cloud to Cloud,-24437,4384,18
2026-09-16T08:37:56.156412490Z,10.525985,129.837747,Cloud to Ground,-15818,0,27
2026-09-16T08:37:56.080288442Z,10.510317,129.877841,Cloud to Ground,-11324,0,20
2026-09-16T08:37:55.526010785Z,11.871215,121.54803,Cloud to Ground,-8503,0,5
2026-09-16T08:37:55.437422000Z,11.8245,121.7534,Cloud to Ground,-50904,0,6
2026-09-16T08:37:55.273169198Z,11.909379,125.590639,Cloud to Cloud,16497,18481,8
2026-09-16T08:37:55.183899927Z,12.465925,124.819908,Cloud to Ground,42099,0,7
2026-09-16T08:37:56.169813615Z,15.716502,120.912981,Cloud to Cloud,-16009,11396,6
2026-09-16T08:37:57.246514651Z,14.595664,120.299889,Cloud to Cloud,-14354,12736,7
2026-09-16T08:37:57.720995018Z,16.12173,121.080713,Cloud to Cloud,8070,11473,6
2026-09-16T08:37:57.462129813Z,16.041239,121.116578,Cloud to Cloud,15540,17728,11
2026-09-16T08:37:58.288778015Z,16.046094,120.959109,Cloud to Cloud,4672,10657,7
2026-09-16T08:37:59.310630083Z,15.622089,120.969485,Cloud to Ground,20013,0,8
2026-09-16T08:38:00.981152087Z,10.221805,130.432351,Cloud to Ground,-17784,0,18
2026-09-16T08:38:00.078574565Z,16.747027,121.45076,Cloud to Cloud,-9422,3155,7
2026-09-16T08:38:00.067278516Z,16.785777,121.498236,Cloud to Cloud,-6155,7376,8
2026-09-16T08:38:01.400089412Z,11.2651,125.325095,Cloud to Ground,35635,0,10
2026-09-16T08:38:02.453962106Z,15.713148,121.037675,Cloud to Cloud,-33583,11255,10
2026-09-16T08:38:02.417827804Z,15.725119,121.024791,Cloud to Cloud,-9852,8738,10
2026-09-16T08:38:02.208140509Z,16.677041,120.531704,Cloud to Ground,-20501,0,12
2026-09-16T08:38:03.931509360Z,4.946309,118.100355,Cloud to Ground,-10309,0,8
2026-09-16T08:38:03.150682726Z,10.569615,130.710087,Cloud to Ground,-17844,0,22
2026-09-16T08:38:03.162967575Z,15.718827,121.001661,Cloud to Cloud,4731,3024,7
2026-09-16T08:38:04.044030617Z,10.5364,130.860281,Cloud to Ground,-17820,0,8
2026-09-16T08:38:04.215819259Z,15.478054,121.16156,Cloud to Cloud,-2507,17998,6
2026-09-16T08:38:05.427420844Z,14.505325,120.959657,Cloud to Cloud,5063,12752,5
2026-09-16T08:38:05.135376942Z,16.842856,120.625733,Cloud to Cloud,4470,5600,6
2026-09-16T08:38:05.136976220Z,16.874117,120.650872,Cloud to Cloud,9008,6988,10
2026-09-16T08:38:05.140682437Z,16.872858,120.639206,Cloud to Cloud,10899,9596,10
2026-09-16T08:38:05.195286328Z,16.862073,120.636475,Cloud to Cloud,12253,18862,10
2026-09-16T08:38:05.140090240Z,16.781956,120.678532,Cloud to Cloud,12481,11620,9
2026-09-16T08:38:05.078151809Z,16.792532,120.479717,Cloud to Ground,-18970,0,10
2026-09-16T08:38:05.459652997Z,16.753859,120.408869,Cloud to Cloud,-6327,3064,7
2026-09-16T08:38:05.637947233Z,16.781165,120.484701,Cloud to Cloud,11420,7326,10
2026-09-16T08:38:06.577396216Z,11.989339,125.352993,Cloud to Ground,-46382,0,22
2026-09-16T08:38:06.853033202Z,12.031148,125.378581,Cloud to Ground,-32253,0,17
2026-09-16T08:38:06.703625089Z,12.015698,125.345042,Cloud to Ground,-26869,0,15
2026-09-16T08:38:06.627571000Z,12.0169,125.407,Cloud to Ground,-17017,0,6
2026-09-16T08:38:07.106588825Z,15.43691,120.645172,Cloud to Cloud,6654,19458,7
2026-09-16T08:38:07.087997596Z,16.515062,120.574748,Cloud to Ground,-18508,0,9
2026-09-16T08:38:08.490219732Z,12.453102,124.797652,Cloud to Ground,19631,0,7
2026-09-16T08:38:08.602330271Z,15.712039,121.06678,Cloud to Cloud,-11221,18548,9
2026-09-16T08:38:08.829071092Z,16.079265,120.953652,Cloud to Cloud,-8163,4422,9
2026-09-16T08:38:09.339983135Z,16.078613,120.940445,Cloud to Ground,-7187,0,8
2026-09-16T08:38:09.195618514Z,12.359149,124.775046,Cloud to Ground,109502,0,9
2026-09-16T08:38:09.687931194Z,15.670627,120.918076,Cloud to Cloud,15952,13966,9
2026-09-16T08:38:10.937135891Z,10.447428,131.822535,Cloud to Ground,11810,0,9
2026-09-16T08:38:10.568089269Z,10.379383,131.649906,Cloud to Ground,-36964,0,20
2026-09-16T08:38:10.625551514Z,10.352336,131.682898,Cloud to Ground,-15047,0,16
2026-09-16T08:38:10.699848060Z,10.359179,131.665093,Cloud to Ground,-14897,0,20
2026-09-16T08:38:10.779985777Z,10.359799,131.673208,Cloud to Ground,-13517,0,18
2026-09-16T08:38:10.507859105Z,11.720686,121.388868,Cloud to Cloud,13764,14851,8
2026-09-16T08:38:10.874610045Z,19.583897,123.512998,Cloud to Cloud,2483,19308,5
2026-09-16T08:38:10.478882967Z,12.163893,124.600378,Cloud to Cloud,10453,3537,8
2026-09-16T08:38:10.614207986Z,12.180929,124.549888,Cloud to Cloud,11491,6796,10
2026-09-16T08:38:11.491534788Z,15.496808,121.001688,Cloud to Cloud,-10974,8911,11
2026-09-16T08:38:11.727843278Z,12.320878,124.630608,Cloud to Cloud,14512,5958,9
2026-09-16T08:38:12.262919687Z,16.751548,120.857614,Cloud to Cloud,13276,5489,10
2026-09-16T08:38:12.532112267Z,15.564645,121.020787,Cloud to Cloud,-13597,3035,7
2026-09-16T08:38:12.262546000Z,15.7934,120.908,Cloud to Ground,-40217,0,6
2026-09-16T08:38:12.069184841Z,15.724755,120.947987,Cloud to Cloud,-11173,18416,6
2026-09-16T08:38:12.380855081Z,13.380236,120.376099,Cloud to Ground,-8243,0,6
2026-09-16T08:38:12.181880262Z,13.424371,120.388292,Cloud to Ground,15521,0,7
2026-09-16T08:38:14.330666612Z,15.795644,120.963387,Cloud to Cloud,5541,17444,9
2026-09-16T08:38:14.497757327Z,16.906894,120.496297,Cloud to Cloud,-8753,10451,10
2026-09-16T08:38:15.725985134Z,0.762538,112.380612,Cloud to Ground,64964,0,30
2026-09-16T08:38:15.160341113Z,16.417262,120.530959,Cloud to Cloud,9772,9926,7
2026-09-16T08:38:16.775611116Z,11.864481,125.533914,Cloud to Cloud,15437,7427,9
2026-09-16T08:38:16.818661000Z,12.1939,124.8763,Cloud to Ground,19294,0,5
2026-09-16T08:38:17.167902025Z,15.379756,120.91421,Cloud to Cloud,18151,8138,8
2026-09-16T08:38:17.397779234Z,15.264153,120.944967,Cloud to Ground,-13369,0,10
2026-09-16T08:38:17.643793939Z,12.242336,124.786724,Cloud to Ground,-14114,0,12
2026-09-16T08:38:17.609864000Z,12.2223,124.8966,Cloud to Ground,-38005,0,6
2026-09-16T08:38:19.523621764Z,16.039341,120.944521,Cloud to Cloud,4441,13643,6
2026-09-16T08:38:20.252303786Z,15.990061,121.654508,Cloud to Ground,24815,0,10
2026-09-16T08:38:20.767678492Z,15.717047,120.931315,Cloud to Cloud,-6775,12302,6
2026-09-16T08:38:20.104360000Z,11.4252,125.1348,Cloud to Ground,-18569,0,5
2026-09-16T08:38:22.603384025Z,12.467063,124.824885,Cloud to Ground,35289,0,7
2026-09-16T08:38:22.867682084Z,15.951707,121.572864,Cloud to Cloud,5281,5545,7
2026-09-16T08:38:23.076155175Z,15.666786,120.961417,Cloud to Cloud,-4756,9858,8
2026-09-16T08:38:23.165530113Z,16.928304,121.643184,Cloud to Cloud,9903,6072,8
2026-09-16T08:38:23.698719548Z,16.870501,120.643718,Cloud to Cloud,7117,9567,8
2026-09-16T08:38:24.891876538Z,11.931274,121.57645,Cloud to Cloud,30016,5064,9
2026-09-16T08:38:25.386032533Z,15.798596,120.972775,Cloud to Cloud,2890,17446,6
2026-09-16T08:38:25.287111784Z,16.425035,120.571956,Cloud to Cloud,-9953,10328,9
2026-09-16T08:38:26.251419732Z,15.497947,120.926082,Cloud to Ground,14921,0,9
2026-09-16T08:38:27.568680867Z,4.062288,116.443071,Cloud to Ground,15733,0,19
2026-09-16T08:38:27.886980963Z,15.739525,120.946901,Cloud to Ground,-11978,0,11
2026-09-16T08:38:29.217415220Z,11.856986,121.566553,Cloud to Ground,-10478,0,6
2026-09-16T08:38:29.235395536Z,11.857274,121.567428,Cloud to Ground,-6464,0,5
2026-09-16T08:38:29.053821000Z,11.8974,121.471,Cloud to Ground,-26996,0,11
2026-09-16T08:38:29.412750000Z,12.4241,124.5852,Cloud to Ground,-28264,0,12
2026-09-16T08:38:29.396545452Z,12.319387,124.704044,Cloud to Cloud,-20077,5457,9
2026-09-16T08:38:29.906423802Z,12.392711,124.674046,Cloud to Ground,-12402,0,6
2026-09-16T08:38:29.481403580Z,12.389364,124.647506,Cloud to Ground,-9298,0,7
2026-09-16T08:38:29.634331000Z,12.3066,124.654,Cloud to Ground,19411,0,5
2026-09-16T08:38:30.020750461Z,10.465194,125.151125,Cloud to Cloud,20250,17225,10
2026-09-16T08:38:30.407214000Z,10.6256,125.0041,Cloud to Ground,-15219,0,5
2026-09-16T08:38:31.926241455Z,20.723465,131.17644,Cloud to Ground,16000,0,7
2026-09-16T08:38:31.724555247Z,20.738948,131.166914,Cloud to Ground,17132,0,9
2026-09-16T08:38:31.422793000Z,12.6919,123.4888,Cloud to Ground,-105138,0,13
2026-09-16T08:38:31.500386252Z,12.683648,123.49032,Cloud to Ground,-14462,0,10
2026-09-16T08:38:31.523785601Z,12.682141,123.489284,Cloud to Ground,-11022,0,9
2026-09-16T08:38:31.195089170Z,15.678955,120.924163,Cloud to Cloud,11321,6281,9
2026-09-16T08:38:32.024329892Z,12.841315,123.922039,Cloud to Cloud,11953,3935,10
2026-09-16T08:38:32.022640423Z,12.852108,123.915846,Cloud to Cloud,13377,5392,8
2026-09-16T08:38:32.526028600Z,12.952482,124.002247,Cloud to Cloud,-10085,19586,11
2026-09-16T08:38:32.381159524Z,15.762417,120.946154,Cloud to Ground,-10247,0,8
2026-09-16T08:38:32.397357657Z,15.521719,121.011864,Cloud to Cloud,-24455,15218,10
2026-09-16T08:38:33.645457736Z,16.274711,120.479923,Cloud to Cloud,10181,3570,7
2026-09-16T08:38:33.649394410Z,16.721773,120.545156,Cloud to Cloud,12137,12103,8
2026-09-16T08:38:33.365043790Z,16.857394,120.481918,Cloud to Cloud,4528,4211,7
2026-09-16T08:38:33.634269931Z,12.517106,124.665976,Cloud to Cloud,-27041,7643,10
2026-09-16T08:38:35.667158192Z,5.846999,117.584634,Cloud to Ground,-69177,0,20
2026-09-16T08:38:35.688490874Z,16.88863,120.663402,Cloud to Ground,-31547,0,13
2026-09-16T08:38:35.581085644Z,16.872318,120.653646,Cloud to Ground,-21296,0,8
2026-09-16T08:38:35.538025454Z,16.848043,120.656129,Cloud to Ground,-10500,0,9
2026-09-16T08:38:35.732505397Z,16.887028,120.655426,Cloud to Cloud,-8016,18962,7
2026-09-16T08:38:35.180826732Z,16.837452,120.811821,Cloud to Cloud,11638,12734,7
2026-09-16T08:38:37.087571849Z,4.912246,117.993255,Cloud to Ground,-39356,0,15
2026-09-16T08:38:37.135136458Z,4.854413,117.948533,Cloud to Cloud,13303,5696,10
2026-09-16T08:38:36.859844000Z,4.8525,117.9935,Cloud to Ground,51196,0,8
2026-09-16T08:38:38.505106233Z,16.656061,120.473198,Cloud to Cloud,7696,3971,8
2026-09-16T08:38:39.794456098Z,4.103339,116.498269,Cloud to Ground,32246,0,23
2026-09-16T08:38:40.911835890Z,13.48628,121.684926,Cloud to Cloud,13549,8513,10
2026-09-16T08:38:40.482901000Z,12.098,123.2305,Cloud to Ground,11701,0,6
2026-09-16T08:38:41.283742432Z,11.933944,121.604072,Cloud to Cloud,4471,7689,5
2026-09-16T08:38:41.444233791Z,11.978358,125.466671,Cloud to Cloud,13942,14033,10
2026-09-16T08:38:42.144374638Z,12.449608,124.818521,Cloud to Cloud,6391,6364,5
2026-09-16T08:38:42.492655591Z,12.349302,124.777179,Cloud to Cloud,16978,14163,11
2026-09-16T08:38:42.459841914Z,12.316544,124.827253,Cloud to Cloud,26488,8976,7
2026-09-16T08:38:42.821739424Z,15.738819,120.971531,Cloud to Ground,-10137,0,6
2026-09-16T08:38:42.867195731Z,11.854419,125.396246,Cloud to Cloud,21385,5992,10
2026-09-16T08:38:43.267415271Z,16.902079,120.473223,Cloud to Ground,-18515,0,13
2026-09-16T08:38:43.553451909Z,16.939755,120.452187,Cloud to Ground,-9023,0,9
2026-09-16T08:38:44.627458247Z,11.246427,119.507032,Cloud to Cloud,-18280,3313,8
2026-09-16T08:38:44.878336281Z,11.187308,119.489219,Cloud to Cloud,-13381,17917,6
2026-09-16T08:38:44.726938000Z,11.2584,119.3401,Cloud to Ground,-31590,0,7
2026-09-16T08:38:45.579357979Z,5.857522,118.091031,Cloud to Ground,-33879,0,13
2026-09-16T08:38:48.746344949Z,12.313885,124.631316,Cloud to Cloud,13834,10901,7
2026-09-16T08:38:48.999743961Z,12.332094,124.622363,Cloud to Ground,15524,0,9
2026-09-16T08:38:49.038070798Z,12.329062,124.630879,Cloud to Cloud,16963,11796,11
2026-09-16T08:38:48.696787174Z,12.259323,124.62983,Cloud to Cloud,20284,4543,7
2026-09-16T08:38:48.258525215Z,11.951219,125.509135,Cloud to Ground,21402,0,8
2026-09-16T08:38:49.712793152Z,4.09892,116.486638,Cloud to Ground,-19542,0,18
2026-09-16T08:38:50.173064007Z,4.145111,116.499624,Cloud to Cloud,-14218,12857,12
2026-09-16T08:38:49.781417048Z,4.129257,116.501527,Cloud to Ground,10036,0,9
2026-09-16T08:38:50.372547034Z,4.120767,116.515973,Cloud to Cloud,14230,7755,15
2026-09-16T08:38:49.818683137Z,4.073788,116.500132,Cloud to Ground,15000,0,8
2026-09-16T08:38:49.608492726Z,4.078307,116.514799,Cloud to Ground,31118,0,13
2026-09-16T08:38:49.932453167Z,4.131985,116.531895,Cloud to Ground,39556,0,13
2026-09-16T08:38:49.385401439Z,12.098562,124.097612,Cloud to Ground,-72552,0,13
2026-09-16T08:38:49.662716723Z,12.101453,124.089004,Cloud to Ground,-22041,0,7
2026-09-16T08:38:49.377535720Z,12.083044,124.08893,Cloud to Cloud,55573,10453,11
2026-09-16T08:38:50.925578521Z,19.617248,123.507518,Cloud to Cloud,-12649,15041,6
2026-09-16T08:38:50.732766872Z,19.577094,123.503406,Cloud to Cloud,-7693,18674,8
2026-09-16T08:38:50.172570000Z,4.1765,116.3833,Cloud to Ground,35356,0,8
2026-09-16T08:38:51.319788769Z,3.984837,116.418003,Cloud to Ground,103957,0,23
2026-09-16T08:38:51.517599553Z,10.196078,130.434533,Cloud to Ground,-17085,0,19
2026-09-16T08:38:51.757962089Z,10.197499,130.593721,Cloud to Ground,17320,0,14
2026-09-16T08:38:51.276507304Z,16.067573,121.670222,Cloud to Cloud,-5484,12778,7
2026-09-16T08:38:54.409406636Z,4.14362,116.449503,Cloud to Ground,-13554,0,17
2026-09-16T08:38:55.359000167Z,15.758721,120.916588,Cloud to Ground,49516,0,13
2026-09-16T08:38:55.904057084Z,15.298002,120.953007,Cloud to Cloud,-20863,5282,12
2026-09-16T08:38:56.030768839Z,15.374918,120.896588,Cloud to Cloud,-9916,3016,7
2026-09-16T08:38:57.134466489Z,11.952681,121.577881,Cloud to Ground,-91973,0,9
2026-09-16T08:38:57.862950236Z,11.833753,125.39538,Cloud to Ground,-26348,0,9
2026-09-16T08:38:57.190787000Z,11.9495,125.2523,Cloud to Ground,-40119,0,8
2026-09-16T08:38:57.264268000Z,11.9454,125.4652,Cloud to Ground,-40738,0,5
2026-09-16T08:38:57.371363000Z,11.9399,125.4103,Cloud to Ground,-21523,0,6
2026-09-16T08:38:58.837413913Z,12.353325,124.592712,Cloud to Cloud,24069,6279,7
2026-09-16T08:38:59.453277106Z,15.962675,120.953986,Cloud to Cloud,6764,7120,7
2026-09-16T08:38:59.461018222Z,16.027471,121.163888,Cloud to Cloud,14492,3035,7
2026-09-16T08:38:59.492464992Z,15.707928,120.989336,Cloud to Cloud,13540,10591,14
2026-09-16T08:39:00.129238166Z,16.79006,120.476894,Cloud to Cloud,-11017,3124,7
2026-09-16T08:39:00.077212261Z,17.008731,120.463012,Cloud to Cloud,8901,8022,8
2026-09-16T08:39:01.029805322Z,15.760779,121.038704,Cloud to Ground,-7857,0,11
2026-09-16T08:39:02.402314269Z,12.471573,124.832936,Cloud to Ground,40263,0,8
2026-09-16T08:39:03.664851036Z,9.806614,129.926192,Cloud to Ground,23900,0,14
2026-09-16T08:39:03.769621349Z,10.014438,129.744483,Cloud to Ground,-19091,0,14
2026-09-16T08:39:03.667399922Z,9.957667,129.734442,Cloud to Cloud,-11075,3004,10
2026-09-16T08:39:03.665813389Z,9.891279,129.725785,Cloud to Ground,23692,0,11
2026-09-16T08:39:03.892374283Z,15.678566,120.939453,Cloud to Cloud,-8205,7245,8
2026-09-16T08:39:05.166993196Z,15.82543,120.984637,Cloud to Cloud,-10597,17653,9
2026-09-16T08:39:04.859195376Z,15.903545,121.011006,Cloud to Cloud,12472,13337,6
2026-09-16T08:39:04.998792000Z,16.0436,120.8926,Cloud to Ground,-2611,0,6
2026-09-16T08:39:04.635065809Z,12.840219,124.046282,Cloud to Cloud,13220,13667,9
2026-09-16T08:39:05.934374361Z,11.94836,125.451436,Cloud to Ground,19519,0,11
2026-09-16T08:39:06.514683241Z,11.83647,121.396977,Cloud to Ground,-75670,0,12
2026-09-16T08:39:06.994794243Z,11.818063,121.3629,Cloud to Cloud,7530,7258,6
2026-09-16T08:39:07.003750344Z,11.817672,121.362543,Cloud to Cloud,9171,3096,8
2026-09-16T08:39:07.004659600Z,11.825055,121.376865,Cloud to Cloud,11533,4945,9
2026-09-16T08:39:06.547766000Z,12.1127,121.2534,Cloud to Ground,-31018,0,6
2026-09-16T08:39:06.532583983Z,11.895967,125.573776,Cloud to Cloud,11210,7634,7
2026-09-16T08:39:06.960116070Z,15.760462,120.971905,Cloud to Cloud,13626,4941,6
2026-09-16T08:39:09.911846559Z,10.507501,121.586762,Cloud to Cloud,-25452,6192,10
2026-09-16T08:39:09.913140010Z,10.509303,121.642182,Cloud to Cloud,14784,17654,12
2026-09-16T08:39:09.892120019Z,16.396236,120.531484,Cloud to Ground,20564,0,16
2026-09-16T08:39:10.263729718Z,16.491564,120.554642,Cloud to Ground,-21682,0,13
2026-09-16T08:39:10.095790709Z,16.4984,120.547066,Cloud to Ground,-19498,0,12
2026-09-16T08:39:10.049480490Z,16.503298,120.561348,Cloud to Cloud,-10293,19764,9
2026-09-16T08:39:10.830481573Z,15.32234,120.950583,Cloud to Cloud,13709,17784,7
2026-09-16T08:39:11.423606423Z,16.834249,120.536736,Cloud to Cloud,12911,13758,8
2026-09-16T08:39:11.620829793Z,14.505389,120.970691,Cloud to Cloud,4298,5227,6
2026-09-16T08:39:12.366126857Z,15.673864,120.899368,Cloud to Ground,-6858,0,8
2026-09-16T08:39:12.298199718Z,15.686299,120.963901,Cloud to Cloud,4954,17846,7
2026-09-16T08:39:12.606562316Z,16.883862,120.516785,Cloud to Cloud,-6876,3422,10
2026-09-16T08:39:13.800233236Z,4.856176,118.08499,Cloud to Ground,-15922,0,8
2026-09-16T08:39:13.632661681Z,4.916,118.078874,Cloud to Cloud,-12686,17566,10
2026-09-16T08:39:13.555497970Z,15.883382,121.07909,Cloud to Cloud,-14653,3013,10
2026-09-16T08:39:13.569994900Z,11.785309,125.107879,Cloud to Ground,-15524,0,7
2026-09-16T08:39:13.505249631Z,11.738527,125.023,Cloud to Ground,-18380,0,7
2026-09-16T08:39:14.414574123Z,15.795869,121.077091,Cloud to Cloud,5754,15200,7
2026-09-16T08:39:14.874048134Z,19.587106,123.475226,Cloud to Cloud,8145,15446,5
2026-09-16T08:39:14.915642724Z,19.546645,123.432279,Cloud to Cloud,18276,17109,7
2026-09-16T08:39:14.976420049Z,12.007259,125.348142,Cloud to Ground,-17795,0,11
2026-09-16T08:39:17.109035277Z,4.954042,118.007079,Cloud to Ground,138814,0,9
2026-09-16T08:39:17.134925585Z,4.840906,118.025991,Cloud to Ground,-9840,0,22
2026-09-16T08:39:17.202066767Z,4.84415,118.037942,Cloud to Ground,36603,0,19
2026-09-16T08:39:17.427236496Z,4.137,116.5544,Cloud to Ground,-15189,0,10
2026-09-16T08:39:17.415729770Z,15.741161,120.969011,Cloud to Cloud,5199,12454,6
2026-09-16T08:39:18.808643594Z,4.24811,121.709147,Cloud to Ground,-32205,0,13
2026-09-16T08:39:18.660144987Z,10.346816,131.818795,Cloud to Ground,-67918,0,17
2026-09-16T08:39:18.706311943Z,16.116988,121.713732,Cloud to Cloud,18383,3690,10
2026-09-16T08:39:18.733072836Z,16.189945,121.664488,Cloud to Ground,19930,0,11
2026-09-16T08:39:19.298075625Z,16.964927,120.471734,Cloud to Ground,-54399,0,12
2026-09-16T08:39:19.487936824Z,16.939424,120.474547,Cloud to Ground,-18994,0,11
2026-09-16T08:39:19.542295000Z,16.9446,120.5873,Cloud to Ground,33867,0,5
2026-09-16T08:39:20.621515432Z,16.867154,120.633549,Cloud to Cloud,14921,18330,8
2026-09-16T08:39:21.038060363Z,10.113509,130.389588,Cloud to Ground,-26240,0,27
2026-09-16T08:39:20.973555044Z,10.180012,130.425825,Cloud to Ground,-22329,0,17
2026-09-16T08:39:22.489142530Z,6.378788,118.483901,Cloud to Ground,-82948,0,15
2026-09-16T08:39:22.522660046Z,6.347097,118.497846,Cloud to Ground,-10400,0,13
2026-09-16T08:39:23.223837888Z,12.300587,124.835108,Cloud to Ground,32056,0,7
2026-09-16T08:39:23.370431627Z,12.443379,124.83162,Cloud to Ground,-8060,0,7
2026-09-16T08:39:23.357717296Z,12.453261,124.831211,Cloud to Cloud,11733,9486,6
2026-09-16T08:39:23.002391323Z,12.456995,124.831951,Cloud to Ground,15835,0,9
2026-09-16T08:39:23.189637650Z,15.506852,120.980377,Cloud to Cloud,-11089,19274,8
2026-09-16T08:39:24.554623245Z,5.770735,117.707212,Cloud to Ground,-19232,0,20
2026-09-16T08:39:24.830923948Z,16.072237,121.060302,Cloud to Cloud,-9128,17931,7
2026-09-16T08:39:24.343451964Z,15.67718,120.959461,Cloud to Cloud,-13285,14430,10
2026-09-16T08:39:24.308684178Z,15.671009,120.926785,Cloud to Cloud,-10556,18887,6
2026-09-16T08:39:24.146563000Z,11.9183,125.281,Cloud to Ground,-33744,0,11
2026-09-16T08:39:23.851020000Z,11.9139,125.279,Cloud to Ground,10349,0,5
2026-09-16T08:39:25.453622186Z,11.869784,121.554682,Cloud to Ground,-8491,0,6
2026-09-16T08:39:25.707535000Z,5.4881,117.7598,Cloud to Ground,29335,0,5
2026-09-16T08:39:25.802695000Z,5.569,117.7264,Cloud to Ground,43757,0,8
2026-09-16T08:39:26.908631484Z,11.54826,125.048723,Cloud to Ground,12405,0,11
2026-09-16T08:39:26.862669843Z,11.561497,125.157994,Cloud to Cloud,-31761,3000,8
2026-09-16T08:39:27.234092828Z,10.428479,132.02541,Cloud to Ground,-11432,0,17
2026-09-16T08:39:27.203173144Z,10.47925,131.826323,Cloud to Ground,-40692,0,18
2026-09-16T08:39:27.138105090Z,10.447604,131.833316,Cloud to Ground,-32924,0,14
2026-09-16T08:39:27.173076019Z,10.464223,131.819465,Cloud to Ground,-32087,0,21
2026-09-16T08:39:27.217580232Z,10.422824,131.871301,Cloud to Ground,-13449,0,24
2026-09-16T08:39:27.605722053Z,16.868308,120.663999,Cloud to Cloud,7730,19586,8
2026-09-16T08:39:28.811113364Z,5.906618,117.956464,Cloud to Cloud,-25058,3059,12
2026-09-16T08:39:28.500228004Z,5.838801,118.006761,Cloud to Ground,24529,0,24
2026-09-16T08:39:28.537425806Z,12.04877,125.482588,Cloud to Ground,-16937,0,18
2026-09-16T08:39:28.750046264Z,12.116468,125.330278,Cloud to Ground,-19884,0,12
2026-09-16T08:39:28.682617320Z,11.922186,125.445061,Cloud to Ground,-39411,0,7
2026-09-16T08:39:28.634128390Z,11.984016,125.387237,Cloud to Ground,-24022,0,18
2026-09-16T08:39:29.201384272Z,11.919524,125.468589,Cloud to Ground,-16409,0,8
2026-09-16T08:39:29.008000682Z,11.908433,125.448907,Cloud to Ground,-13071,0,8
2026-09-16T08:39:28.300432520Z,15.946417,121.563351,Cloud to Cloud,-6634,7925,9
2026-09-16T08:39:28.040850274Z,15.91913,121.580756,Cloud to Ground,33856,0,8
2026-09-16T08:39:28.422471301Z,15.787862,120.924169,Cloud to Ground,34896,0,12
2026-09-16T08:39:29.141589374Z,11.974547,125.553772,Cloud to Ground,-19239,0,9
2026-09-16T08:39:28.823696118Z,11.977687,125.556835,Cloud to Ground,-18116,0,7
2026-09-16T08:39:29.430942529Z,11.983245,125.567616,Cloud to Ground,-14950,0,6
2026-09-16T08:39:29.714798856Z,15.98417,121.680101,Cloud to Cloud,6293,6179,7
2026-09-16T08:39:30.135704542Z,16.46635,120.537834,Cloud to Cloud,10139,14653,11
2026-09-16T08:39:32.994415895Z,15.771971,121.099474,Cloud to Cloud,2664,9833,6
2026-09-16T08:39:32.698240892Z,12.45534,124.66308,Cloud to Ground,-51128,0,11
2026-09-16T08:39:33.407145592Z,12.472582,124.663179,Cloud to Ground,-28531,0,11
2026-09-16T08:39:32.814780000Z,12.5014,124.6168,Cloud to Ground,-27542,0,5
2026-09-16T08:39:32.682195599Z,12.391326,124.628324,Cloud to Cloud,-19060,7869,11
2026-09-16T08:39:33.028885070Z,12.465124,124.658327,Cloud to Ground,-7622,0,5
2026-09-16T08:39:33.644927839Z,4.130891,116.536163,Cloud to Ground,13746,0,16
2026-09-16T08:39:33.952173745Z,14.90325,120.044793,Cloud to Ground,-17979,0,12
2026-09-16T08:39:33.954616903Z,14.884111,120.087797,Cloud to Ground,-14326,0,8
2026-09-16T08:39:33.446273597Z,11.287185,125.15251,Cloud to Ground,-18152,0,19
2026-09-16T08:39:33.353848000Z,11.3134,125.2209,Cloud to Ground,-14705,0,8
2026-09-16T08:39:34.340412437Z,3.884289,116.330027,Cloud to Ground,16445,0,11
2026-09-16T08:39:34.300873912Z,3.879089,116.329485,Cloud to Ground,20109,0,8
2026-09-16T08:39:34.189500979Z,3.887856,116.302163,Cloud to Ground,22493,0,17
2026-09-16T08:39:34.190001848Z,3.886014,116.339458,Cloud to Ground,23697,0,16
2026-09-16T08:39:34.227511224Z,3.886636,116.335952,Cloud to Ground,39605,0,20
2026-09-16T08:39:34.262877347Z,3.888579,116.341117,Cloud to Ground,43997,0,14
2026-09-16T08:39:34.451836065Z,3.888803,116.344562,Cloud to Ground,46421,0,22
2026-09-16T08:39:34.146336774Z,3.885334,116.337034,Cloud to Ground,47970,0,20
2026-09-16T08:39:34.458666415Z,15.312517,121.020807,Cloud to Cloud,1525,3001,7
2026-09-16T08:39:34.570899000Z,11.6026,125.5214,Cloud to Ground,35616,0,8
2026-09-16T08:39:36.500934790Z,4.148288,116.520266,Cloud to Ground,34295,0,19
2026-09-16T08:39:36.777263983Z,12.324985,125.330328,Cloud to Ground,17668,0,11
2026-09-16T08:39:36.622369000Z,12.3545,125.4791,Cloud to Ground,-28974,0,5
2026-09-16T08:39:36.204268000Z,12.1495,123.0612,Cloud to Ground,-28163,0,7
2026-09-16T08:39:38.247319489Z,19.583478,123.50108,Cloud to Cloud,6663,16022,5
2026-09-16T08:39:38.298825661Z,19.599688,123.49762,Cloud to Cloud,8978,13656,8
2026-09-16T08:39:38.465217390Z,19.584742,123.540915,Cloud to Cloud,10683,17499,7
2026-09-16T08:39:38.096838696Z,15.80256,120.976713,Cloud to Cloud,6299,18612,9
2026-09-16T08:39:39.026300336Z,12.761653,123.397735,Cloud to Ground,-35717,0,17
2026-09-16T08:39:39.112165437Z,12.631515,123.51434,Cloud to Ground,-55665,0,7
2026-09-16T08:39:39.050565505Z,12.593954,123.459865,Cloud to Cloud,-22954,3017,8
2026-09-16T08:39:39.613521054Z,15.577062,120.998244,Cloud to Cloud,-12411,3052,7
2026-09-16T08:39:39.806512719Z,16.968075,120.452389,Cloud to Cloud,8890,3013,9
2026-09-16T08:39:40.094850982Z,17.073343,120.535462,Cloud to Cloud,9715,17694,10
2026-09-16T08:39:40.837734435Z,16.959431,120.471889,Cloud to Ground,-11000,0,10
2026-09-16T08:39:40.977742288Z,16.995339,120.437908,Cloud to Ground,-10209,0,8
2026-09-16T08:39:41.190512204Z,15.686624,120.963245,Cloud to Ground,-12553,0,12
2026-09-16T08:39:42.128105532Z,16.670735,120.514511,Cloud to Ground,-53174,0,14
2026-09-16T08:39:43.554464776Z,11.569858,122.376417,Cloud to Cloud,21796,19164,10
2026-09-16T08:39:43.561610603Z,18.281431,120.839919,Cloud to Cloud,9597,5138,5
2026-09-16T08:39:43.504907842Z,18.274486,120.847386,Cloud to Ground,18966,0,16
2026-09-16T08:39:43.138923226Z,12.409212,124.92455,Cloud to Cloud,14981,18098,7
2026-09-16T08:39:45.301885703Z,15.355323,121.0352,Cloud to Cloud,15220,3335,10
2026-09-16T08:39:45.242651623Z,15.608241,120.93241,Cloud to Cloud,12507,6525,9
2026-09-16T08:39:46.568545293Z,12.376338,124.680313,Cloud to Cloud,6279,15676,5
2026-09-16T08:39:48.197092325Z,15.393095,120.933856,Cloud to Cloud,-11461,5499,8
2026-09-16T08:39:48.308244746Z,15.986787,121.616685,Cloud to Cloud,23045,4470,12
2026-09-16T08:39:49.228355863Z,15.698715,120.960942,Cloud to Cloud,12330,3222,7
2026-09-16T08:39:49.223529685Z,15.760045,120.925699,Cloud to Ground,75106,0,14
2026-09-16T08:39:49.223928000Z,16.6413,121.6142,Cloud to Ground,-37190,0,5
2026-09-16T08:39:50.542190398Z,11.818566,121.371308,Cloud to Cloud,8644,17996,7
2026-09-16T08:39:50.327943442Z,11.820993,121.369983,Cloud to Cloud,14547,4275,9
2026-09-16T08:39:50.270298825Z,11.758412,121.415826,Cloud to Ground,41123,0,7
2026-09-16T08:39:51.880358094Z,11.970178,125.565276,Cloud to Ground,28079,0,9
2026-09-16T08:39:51.143644884Z,16.806683,120.462413,Cloud to Cloud,-10313,14698,10
2026-09-16T08:39:52.358983988Z,16.401554,120.506425,Cloud to Ground,17548,0,10
2026-09-16T08:39:52.546387583Z,15.798959,120.995593,Cloud to Cloud,8145,3000,8
2026-09-16T08:39:52.716576181Z,11.79703,125.530001,Cloud to Cloud,12280,19930,11
2026-09-16T08:39:53.869004563Z,0.77602,112.404193,Cloud to Ground,27600,0,21
2026-09-16T08:39:54.275375389Z,0.777785,112.399031,Cloud to Ground,30714,0,11
2026-09-16T08:39:53.963076472Z,0.778745,112.399266,Cloud to Ground,31110,0,23
2026-09-16T08:39:54.074221000Z,0.7483,112.4133,Cloud to Ground,41912,0,5
2026-09-16T08:39:53.722104409Z,4.22974,116.511457,Cloud to Ground,-17424,0,10
2026-09-16T08:39:53.842394603Z,5.503768,118.602131,Cloud to Ground,33144,0,25
2026-09-16T08:39:54.594626697Z,11.856106,125.628367,Cloud to Ground,16188,0,7
2026-09-16T08:39:54.597750123Z,11.783482,125.633683,Cloud to Cloud,17300,12920,9
2026-09-16T08:39:54.257981896Z,12.172275,124.52887,Cloud to Cloud,20426,13268,7
2026-09-16T08:39:54.134923458Z,12.205586,124.617669,Cloud to Ground,29814,0,7
2026-09-16T08:39:54.713506199Z,15.90847,121.566281,Cloud to Cloud,-15932,15155,9
2026-09-16T08:39:54.828419432Z,15.871929,121.543166,Cloud to Ground,-15931,0,11
2026-09-16T08:39:55.123941927Z,18.246974,120.861641,Cloud to Cloud,8451,6168,5
2026-09-16T08:39:54.683144152Z,18.216671,120.868216,Cloud to Cloud,9054,9498,5
2026-09-16T08:39:55.769462478Z,15.590997,121.018059,Cloud to Cloud,-12692,11912,8
2026-09-16T08:39:55.215389921Z,15.434067,120.953757,Cloud to Cloud,-21418,3009,7
2026-09-16T08:39:55.169481643Z,15.510794,120.919384,Cloud to Cloud,12907,15726,12
2026-09-16T08:39:55.197674659Z,15.509419,120.900675,Cloud to Cloud,20733,13767,14
2026-09-16T08:39:55.777871000Z,8.6924,125.3909,Cloud to Ground,-52017,0,5
2026-09-16T08:39:55.807762000Z,8.6854,125.3891,Cloud to Ground,-28786,0,6
2026-09-16T08:39:56.804045756Z,19.541681,123.474316,Cloud to Cloud,-5688,19746,6
2026-09-16T08:39:56.720104387Z,19.588387,123.463361,Cloud to Cloud,5787,14181,6
2026-09-16T08:39:56.668845928Z,19.587208,123.46186,Cloud to Cloud,9216,17848,8
2026-09-16T08:39:56.777654198Z,19.583438,123.464117,Cloud to Cloud,17426,16478,8
2026-09-16T08:39:56.724430811Z,19.571307,123.46453,Cloud to Ground,26528,0,7
2026-09-16T08:39:56.083023906Z,15.879378,121.00847,Cloud to Cloud,-19548,3009,11
2026-09-16T08:39:56.304808157Z,12.862784,123.974706,Cloud to Cloud,12501,5296,7
2026-09-16T08:39:58.562638409Z,4.123353,116.452149,Cloud to Cloud,19632,7052,9
2026-09-16T08:39:58.811643341Z,4.182677,116.483514,Cloud to Ground,51406,0,7
2026-09-16T08:39:58.723851031Z,4.148164,116.50411,Cloud to Ground,58504,0,29
2026-09-16T08:39:58.495992721Z,4.144757,116.505989,Cloud to Ground,78652,0,16
2026-09-16T08:39:58.213642869Z,15.425466,120.946238,Cloud to Cloud,-9604,16596,6
2026-09-16T08:39:59.979376196Z,15.494153,120.990227,Cloud to Cloud,-10963,19416,9
2026-09-16T08:40:00.162749919Z,10.791379,133.78824,Cloud to Cloud,-22898,17590,20
2026-09-16T08:40:00.769611702Z,10.709695,133.829435,Cloud to Ground,-16774,0,12
2026-09-16T08:40:00.190241715Z,10.704123,133.876075,Cloud to Ground,15509,0,8
2026-09-16T08:40:00.582235523Z,10.743609,133.866667,Cloud to Ground,18617,0,10
2026-09-16T08:40:00.213150834Z,10.711928,133.884542,Cloud to Ground,22065,0,15
2026-09-16T08:40:00.293957041Z,16.970696,120.469949,Cloud to Ground,-73447,0,14
2026-09-16T08:40:00.839317737Z,16.976,120.470272,Cloud to Cloud,-9717,7490,9
2026-09-16T08:40:00.396532000Z,16.9811,120.4507,Cloud to Ground,15454,0,6
2026-09-16T08:40:01.403342213Z,15.435742,120.997,Cloud to Ground,-7958,0,6
2026-09-16T08:40:02.555375275Z,1.389314,112.934851,Cloud to Ground,40072,0,22
2026-09-16T08:40:02.892779622Z,10.168049,130.450506,Cloud to Ground,-22453,0,30
2026-09-16T08:40:03.243720596Z,10.17661,130.448855,Cloud to Cloud,12728,3017,14
2026-09-16T08:40:02.577255965Z,13.464193,121.706477,Cloud to Cloud,12586,15473,6
2026-09-16T08:40:02.569630443Z,13.481094,121.71118,Cloud to Ground,48581,0,9
2026-09-16T08:40:02.961515779Z,15.607454,121.001948,Cloud to Cloud,-13236,3000,8
2026-09-16T08:40:02.122301474Z,13.817366,120.677441,Cloud to Cloud,13955,3836,7
2026-09-16T08:40:03.376873710Z,11.897028,125.543097,Cloud to Ground,-39201,0,9
2026-09-16T08:40:03.754931430Z,11.904257,125.556897,Cloud to Ground,-31089,0,7
2026-09-16T08:40:03.666748969Z,11.889731,125.583519,Cloud to Ground,-24642,0,9
2026-09-16T08:40:04.166962019Z,11.903429,125.555198,Cloud to Ground,-23780,0,7
2026-09-16T08:40:03.828325143Z,11.899434,125.551149,Cloud to Ground,-17193,0,5
2026-09-16T08:40:04.079247632Z,15.504872,120.974564,Cloud to Cloud,-14174,3302,11
2026-09-16T08:40:06.923106678Z,11.937282,121.603255,Cloud to Ground,14484,0,8
2026-09-16T08:40:07.003272896Z,16.853128,120.651532,Cloud to Cloud,-10521,6480,10
2026-09-16T08:40:06.741632210Z,16.865157,120.646871,Cloud to Cloud,10834,13452,11
2026-09-16T08:40:06.728354216Z,16.950523,120.664455,Cloud to Cloud,11078,6857,7
2026-09-16T08:40:06.757415000Z,16.8575,120.4525,Cloud to Ground,20706,0,7
2026-09-16T08:40:06.765515022Z,16.749213,120.76877,Cloud to Cloud,12451,5802,8
2026-09-16T08:40:07.974864972Z,14.510187,120.961804,Cloud to Cloud,10387,4891,10
2026-09-16T08:40:07.485798443Z,15.734041,120.940909,Cloud to Cloud,8438,19855,12
2026-09-16T08:40:08.272035042Z,14.52647,120.401796,Cloud to Cloud,22176,6897,7
2026-09-16T08:40:08.044355453Z,15.607147,120.911644,Cloud to Cloud,-8314,11249,7
2026-09-16T08:40:09.162520201Z,16.886592,121.598618,Cloud to Ground,-8952,0,7
2026-09-16T08:40:09.441016616Z,15.659192,120.963267,Cloud to Cloud,10035,17249,9
2026-09-16T08:40:09.064839923Z,11.972783,125.554532,Cloud to Ground,-15737,0,10
2026-09-16T08:40:09.226400028Z,12.044167,125.492691,Cloud to Ground,-23305,0,15
2026-09-16T08:40:11.073879219Z,10.326879,133.024386,Cloud to Cloud,-18012,3254,10
2026-09-16T08:40:11.211628121Z,10.357906,133.013943,Cloud to Cloud,-10153,5798,11
2026-09-16T08:40:11.020812260Z,10.346736,133.262395,Cloud to Ground,-38111,0,24
2026-09-16T08:40:11.974170168Z,16.505336,120.562557,Cloud to Ground,-32594,0,12
2026-09-16T08:40:12.117674373Z,16.516059,120.575703,Cloud to Ground,-25011,0,13
2026-09-16T08:40:12.000262103Z,16.517526,120.556772,Cloud to Ground,-22090,0,14
2026-09-16T08:40:12.055860313Z,16.513443,120.565254,Cloud to Ground,-20116,0,9
2026-09-16T08:40:12.193951908Z,16.469666,120.530318,Cloud to Ground,-15654,0,12
2026-09-16T08:40:12.423013992Z,16.468321,120.530171,Cloud to Ground,-14592,0,9
2026-09-16T08:40:12.612941382Z,16.467169,120.532269,Cloud to Ground,-6566,0,8
2026-09-16T08:40:12.511808963Z,15.98588,121.638862,Cloud to Ground,21721,0,13
2026-09-16T08:40:15.442362614Z,11.867623,121.559784,Cloud to Ground,-78452,0,11
2026-09-16T08:40:15.457703318Z,11.799216,121.622914,Cloud to Ground,-53552,0,11
2026-09-16T08:40:15.638396484Z,11.782205,121.623169,Cloud to Cloud,-31171,7768,9
2026-09-16T08:40:15.746471153Z,12.830961,123.930929,Cloud to Cloud,9991,11523,8
2026-09-16T08:40:15.744162643Z,12.844647,123.943109,Cloud to Cloud,13798,9111,12
2026-09-16T08:40:18.378971240Z,12.340451,124.662683,Cloud to Cloud,10167,19444,8
2026-09-16T08:40:17.991402746Z,12.388891,124.692675,Cloud to Ground,32135,0,9
2026-09-16T08:40:17.132038929Z,12.666381,123.478013,Cloud to Ground,-45350,0,12
2026-09-16T08:40:17.237431779Z,12.672001,123.489339,Cloud to Ground,-23974,0,9
2026-09-16T08:40:17.529610000Z,12.6814,123.4403,Cloud to Ground,-22378,0,5
2026-09-16T08:40:17.435936568Z,12.621472,123.557115,Cloud to Ground,14376,0,10
2026-09-16T08:40:17.346301000Z,12.816,123.5284,Cloud to Ground,-42194,0,7
2026-09-16T08:40:18.738836808Z,4.089111,116.507011,Cloud to Ground,30606,0,8
2026-09-16T08:40:18.584518878Z,12.07542,123.969804,Cloud to Ground,13315,0,8
2026-09-16T08:40:20.282198526Z,11.70658,122.027962,Cloud to Cloud,-5139,18622,5
2026-09-16T08:40:19.818694291Z,11.735828,122.044182,Cloud to Cloud,11101,19717,9
2026-09-16T08:40:19.815365898Z,11.678848,122.077394,Cloud to Cloud,11469,7174,8
2026-09-16T08:40:19.815910356Z,11.669497,122.091583,Cloud to Ground,25634,0,8
2026-09-16T08:40:19.816890205Z,11.65027,122.095601,Cloud to Ground,33573,0,7
2026-09-16T08:40:21.342934333Z,5.421428,117.843238,Cloud to Ground,-54050,0,13
2026-09-16T08:40:21.346088401Z,5.390562,117.862076,Cloud to Cloud,-37859,3958,16
2026-09-16T08:40:21.346628633Z,5.313294,117.886195,Cloud to Ground,-26242,0,8
2026-09-16T08:40:22.278882781Z,12.357481,124.774306,Cloud to Cloud,10636,19036,7
2026-09-16T08:40:21.663327127Z,12.43961,124.811461,Cloud to Ground,32950,0,8
2026-09-16T08:40:22.795411539Z,15.515456,120.942129,Cloud to Cloud,-11236,7038,12
2026-09-16T08:40:21.926172292Z,12.262501,124.540989,Cloud to Cloud,-28410,5797,12
2026-09-16T08:40:22.063733513Z,12.249787,124.599529,Cloud to Ground,-23669,0,11
2026-09-16T08:40:24.691932346Z,15.730974,120.974875,Cloud to Cloud,4685,3005,6
2026-09-16T08:40:24.835554993Z,15.708015,120.919284,Cloud to Cloud,6448,12505,6
2026-09-16T08:40:24.444154000Z,9.0111,123.0121,Cloud to Ground,-48373,0,9
2026-09-16T08:40:25.341356609Z,16.459323,120.574471,Cloud to Cloud,9448,8874,11
2026-09-16T08:40:25.572323581Z,16.445514,120.56283,Cloud to Cloud,10886,3744,10
2026-09-16T08:40:25.280220128Z,15.414412,121.000321,Cloud to Cloud,-11692,16256,11
2026-09-16T08:40:26.657997713Z,15.719287,120.952652,Cloud to Cloud,3300,19449,6
2026-09-16T08:40:27.588596102Z,6.292423,118.523341,Cloud to Cloud,34245,18768,7
2026-09-16T08:40:28.657543096Z,15.669137,120.927656,Cloud to Cloud,-10668,19048,9
2026-09-16T08:40:28.583532856Z,15.737471,120.978242,Cloud to Cloud,-10235,18617,7
2026-09-16T08:40:28.955533202Z,15.723484,120.942115,Cloud to Cloud,12266,15737,6
2026-09-16T08:40:28.560982518Z,16.664604,120.533688,Cloud to Ground,-22321,0,9
2026-09-16T08:40:28.868253664Z,16.422843,120.485425,Cloud to Ground,-13551,0,7
2026-09-16T08:40:29.777645000Z,11.8607,125.6404,Cloud to Ground,-18094,0,5
2026-09-16T08:40:29.131694000Z,12.0112,125.3431,Cloud to Ground,-20459,0,8
2026-09-16T08:40:29.868284661Z,11.929227,125.542005,Cloud to Ground,-22631,0,14
2026-09-16T08:40:30.079991000Z,11.9235,125.521,Cloud to Ground,-1957,0,5
2026-09-16T08:40:29.852698206Z,11.839741,125.497627,Cloud to Cloud,19452,3954,8
2026-09-16T08:40:29.049393000Z,11.9764,125.2183,Cloud to Ground,-19259,0,5
2026-09-16T08:40:30.428408382Z,12.386753,124.989928,Cloud to Ground,17560,0,9
2026-09-16T08:40:30.709489106Z,11.929083,125.089374,Cloud to Ground,-42862,0,11
2026-09-16T08:40:30.897067124Z,12.378155,124.823993,Cloud to Cloud,-17092,5312,8
2026-09-16T08:40:31.439820207Z,11.081619,132.077558,Cloud to Ground,26657,0,17
2026-09-16T08:40:31.441371433Z,11.085276,131.927989,Cloud to Ground,-18198,0,29
2026-09-16T08:40:31.423496734Z,11.110605,131.912551,Cloud to Cloud,-11315,4209,12
2026-09-16T08:40:31.030950970Z,15.566483,120.941573,Cloud to Cloud,-12199,19115,11
2026-09-16T08:40:33.446269253Z,16.751981,120.779937,Cloud to Cloud,11440,12792,7
2026-09-16T08:40:33.552828261Z,16.861452,120.66514,Cloud to Ground,26245,0,13
2026-09-16T08:40:35.514228689Z,12.485908,124.613041,Cloud to Ground,36842,0,12
2026-09-16T08:40:35.462869451Z,12.313728,124.646268,Cloud to Cloud,-22554,19065,8
2026-09-16T08:40:35.381172820Z,12.363721,124.615326,Cloud to Cloud,14290,5938,6
2026-09-16T08:40:35.055506068Z,12.386461,124.631863,Cloud to Ground,34427,0,12
2026-09-16T08:40:36.048344011Z,12.014138,123.298242,Cloud to Cloud,11747,4817,7
2026-09-16T08:40:35.928607357Z,11.962544,123.282887,Cloud to Ground,27378,0,8
2026-09-16T08:40:36.276520937Z,4.167353,116.534658,Cloud to Ground,-10886,0,16
2026-09-16T08:40:36.450866420Z,19.600081,123.489411,Cloud to Cloud,5710,19842,6
2026-09-16T08:40:36.527560714Z,19.57115,123.474134,Cloud to Cloud,9382,15032,7
2026-09-16T08:40:36.553652168Z,19.572054,123.468587,Cloud to Cloud,13264,14518,7
2026-09-16T08:40:36.209496391Z,16.562313,120.558218,Cloud to Ground,-10864,0,9
2026-09-16T08:40:38.863788421Z,15.658156,120.93186,Cloud to Cloud,-9920,10570,12
2026-09-16T08:40:38.159961983Z,15.630272,120.91116,Cloud to Ground,-10718,0,8
2026-09-16T08:40:39.087459338Z,10.586743,130.977641,Cloud to Cloud,-16682,14604,16
2026-09-16T08:40:39.234565632Z,16.947868,120.457401,Cloud to Ground,-73113,0,14
2026-09-16T08:40:39.314983111Z,16.949955,120.45369,Cloud to Ground,-45304,0,15
2026-09-16T08:40:40.076774824Z,16.946561,120.448705,Cloud to Ground,-35483,0,10
2026-09-16T08:40:39.401085600Z,16.943607,120.445109,Cloud to Ground,-22804,0,10
2026-09-16T08:40:40.178812644Z,16.942384,120.443336,Cloud to Ground,-17611,0,12
2026-09-16T08:40:39.834600000Z,16.9793,120.3525,Cloud to Ground,-14851,0,8
2026-09-16T08:40:39.402440053Z,16.950094,120.438156,Cloud to Cloud,-9454,14013,6
2026-09-16T08:40:39.274355797Z,16.942933,120.43059,Cloud to Ground,-8366,0,7
2026-09-16T08:40:40.958956745Z,5.848043,117.711606,Cloud to Cloud,-27007,5912,21
2026-09-16T08:40:40.815996019Z,12.422798,124.796039,Cloud to Ground,19537,0,6
2026-09-16T08:40:40.362355610Z,15.479781,121.022185,Cloud to Ground,8253,0,7
2026-09-16T08:40:41.122246006Z,15.632373,120.911659,Cloud to Cloud,-21626,15073,15
2026-09-16T08:40:42.710812382Z,11.937708,121.616225,Cloud to Cloud,3705,9220,5
2026-09-16T08:40:42.754997463Z,12.363948,124.676224,Cloud to Cloud,19212,5599,10
2026-09-16T08:40:42.191787739Z,12.360363,124.646745,Cloud to Cloud,25720,4262,5
2026-09-16T08:40:43.096118962Z,15.938619,121.59118,Cloud to Cloud,-11409,6433,12
2026-09-16T08:40:43.406254585Z,15.965192,121.629122,Cloud to Cloud,-6688,18799,7
2026-09-16T08:40:43.488472650Z,16.855462,120.432848,Cloud to Cloud,6350,19175,9
2026-09-16T08:40:45.500386565Z,10.761265,133.623129,Cloud to Ground,-17026,0,10
2026-09-16T08:40:45.449681614Z,10.705252,133.877038,Cloud to Cloud,9172,4523,9
2026-09-16T08:40:45.897909804Z,10.696563,133.899744,Cloud to Ground,16695,0,11
2026-09-16T08:40:45.582096075Z,10.691318,133.690217,Cloud to Cloud,-14312,12529,10
2026-09-16T08:40:45.633582878Z,10.674973,133.713445,Cloud to Ground,-13070,0,16
2026-09-16T08:40:45.724344870Z,10.716181,133.772251,Cloud to Ground,-13015,0,9
2026-09-16T08:40:45.816885436Z,10.677147,133.720579,Cloud to Ground,-12177,0,12
2026-09-16T08:40:45.950285533Z,15.335402,120.9461,Cloud to Cloud,-2989,9549,5
2026-09-16T08:40:46.568665742Z,12.304568,124.661559,Cloud to Cloud,10217,19693,9
2026-09-16T08:40:46.386963368Z,12.312058,124.66226,Cloud to Cloud,19278,19034,10
2026-09-16T08:40:46.230554911Z,12.296522,124.668123,Cloud to Ground,22308,0,10
2026-09-16T08:40:47.466534084Z,4.138485,116.530412,Cloud to Ground,18680,0,9
2026-09-16T08:40:47.152476254Z,15.750657,120.917661,Cloud to Cloud,10484,18391,9
2026-09-16T08:40:47.711869873Z,16.89697,121.691103,Cloud to Cloud,8472,7028,8
2026-09-16T08:40:47.519125000Z,15.5234,120.9078,Cloud to Ground,6007,0,5
2026-09-16T08:40:48.075948281Z,16.372178,120.491104,Cloud to Cloud,6259,6869,7
2026-09-16T08:40:48.392451593Z,11.893308,125.51724,Cloud to Cloud,-21273,3458,10
2026-09-16T08:40:48.696247779Z,11.918736,125.448118,Cloud to Ground,-16487,0,9
2026-09-16T08:40:48.398801891Z,11.831965,125.497601,Cloud to Ground,25823,0,10
2026-09-16T08:40:49.676257258Z,15.470734,120.853176,Cloud to Cloud,-14070,4355,10
2026-09-16T08:40:49.970230106Z,15.442154,120.917213,Cloud to Ground,13687,0,9
2026-09-16T08:40:49.683601108Z,15.652132,120.890056,Cloud to Cloud,-8633,17576,7
2026-09-16T08:40:49.682700628Z,15.7161,120.864284,Cloud to Cloud,8002,19408,13
2026-09-16T08:40:49.129992201Z,15.761085,120.950655,Cloud to Cloud,-18428,13083,18
2026-09-16T08:40:50.336290341Z,16.02521,120.848637,Cloud to Cloud,7699,13604,7
2026-09-16T08:40:50.805111417Z,12.332407,124.806401,Cloud to Cloud,13804,17597,7
2026-09-16T08:40:50.545076778Z,12.429783,124.867562,Cloud to Ground,12560,0,7
2026-09-16T08:40:52.985619399Z,4.11311,116.491232,Cloud to Ground,15104,0,14
2026-09-16T08:40:52.425300018Z,4.109241,116.504174,Cloud to Ground,24013,0,16
2026-09-16T08:40:52.504361867Z,4.12043,116.51383,Cloud to Ground,29774,0,16
2026-09-16T08:40:52.338850705Z,4.110665,116.501884,Cloud to Ground,59956,0,22
2026-09-16T08:40:53.669196734Z,15.72989,120.992248,Cloud to Cloud,-15222,6502,22
2026-09-16T08:40:53.604166486Z,15.754822,120.958986,Cloud to Cloud,-8767,17629,6
2026-09-16T08:40:54.195797882Z,15.80807,120.940093,Cloud to Cloud,4973,16010,6
2026-09-16T08:40:53.676343730Z,15.73673,120.96078,Cloud to Cloud,8424,3436,8
2026-09-16T08:40:54.146714000Z,13.4524,120.3691,Cloud to Ground,-16456,0,5
2026-09-16T08:40:55.044677079Z,12.099863,124.868737,Cloud to Ground,-14811,0,11
2026-09-16T08:40:55.045751016Z,12.012002,124.863607,Cloud to Cloud,11856,3099,10
2026-09-16T08:40:55.057093907Z,15.650183,120.987858,Cloud to Cloud,9110,18089,10
2026-09-16T08:40:55.951372755Z,15.395646,120.93419,Cloud to Cloud,-10125,7405,6
2026-09-16T08:40:56.372499506Z,8.375811,126.118745,Cloud to Cloud,-9588,11827,14
2026-09-16T08:40:56.345544629Z,8.33925,126.117852,Cloud to Cloud,13557,5101,14
2026-09-16T08:40:56.342801000Z,8.3543,126.2166,Cloud to Ground,-31074,0,5
2026-09-16T08:40:56.685060499Z,16.819924,120.573519,Cloud to Cloud,15855,13154,15
2026-09-16T08:40:57.180867794Z,15.989587,121.695983,Cloud to Cloud,-11453,11460,7
2026-09-16T08:40:57.824388319Z,17.504435,120.550702,Cloud to Ground,27645,0,10
2026-09-16T08:40:57.621972342Z,17.18339,120.584664,Cloud to Ground,56699,0,13
2026-09-16T08:40:58.472241038Z,3.893753,116.278781,Cloud to Ground,-14829,0,15
2026-09-16T08:40:59.308890548Z,5.640992,117.597411,Cloud to Ground,-99934,0,17
2026-09-16T08:40:59.585653009Z,16.38532,120.517737,Cloud to Ground,17776,0,7
2026-09-16T08:40:59.912341374Z,11.734306,121.790403,Cloud to Cloud,11847,7458,7
2026-09-16T08:40:59.914111211Z,11.802312,121.73559,Cloud to Cloud,11853,19963,6
2026-09-16T08:40:59.912790659Z,11.672122,121.847992,Cloud to Cloud,16448,8036,7
2026-09-16T08:40:59.911890500Z,11.739684,121.76426,Cloud to Cloud,18561,17263,8
2026-09-16T08:41:00.650786644Z,11.548206,122.031643,Cloud to Cloud,9025,15588,5
2026-09-16T08:41:00.642967053Z,11.483303,122.07692,Cloud to Cloud,31381,18185,9
2026-09-16T08:41:00.644186441Z,11.474886,122.087126,Cloud to Cloud,39236,4927,12
2026-09-16T08:41:00.687812867Z,11.704585,121.866867,Cloud to Ground,-103505,0,12
2026-09-16T08:41:01.377528487Z,12.383764,124.899131,Cloud to Cloud,11478,13803,8
2026-09-16T08:41:01.056146439Z,16.046104,121.120385,Cloud to Cloud,9857,15138,9
2026-09-16T08:41:02.300122819Z,19.511812,123.43804,Cloud to Cloud,9581,14067,6
2026-09-16T08:41:03.171601062Z,16.231984,121.749746,Cloud to Cloud,8976,19451,7
2026-09-16T08:41:04.794298425Z,9.923018,129.752637,Cloud to Cloud,-14197,3354,10
2026-09-16T08:41:04.791855186Z,9.990479,129.832083,Cloud to Ground,-47995,0,25
2026-09-16T08:41:04.860042456Z,11.872133,121.567617,Cloud to Ground,-17823,0,6
2026-09-16T08:41:04.782277360Z,11.8735,121.566739,Cloud to Ground,-14972,0,8
2026-09-16T08:41:05.072268688Z,11.872527,121.565081,Cloud to Ground,-13023,0,8
2026-09-16T08:41:05.032902676Z,11.870324,121.569048,Cloud to Ground,-12474,0,7
2026-09-16T08:41:04.949044891Z,11.868325,121.56404,Cloud to Ground,-7649,0,5
2026-09-16T08:41:05.525581385Z,10.306385,133.179356,Cloud to Ground,13490,0,12
2026-09-16T08:41:05.448212603Z,16.895215,121.789989,Cloud to Ground,12477,0,7
2026-09-16T08:41:05.121063896Z,12.442444,124.673601,Cloud to Ground,48541,0,8
2026-09-16T08:41:06.432021136Z,11.819495,125.636993,Cloud to Ground,-17727,0,8
2026-09-16T08:41:06.430936367Z,11.842394,125.667304,Cloud to Cloud,-16285,11228,9
2026-09-16T08:41:06.494640848Z,11.776011,125.570512,Cloud to Cloud,-10255,12160,8
2026-09-16T08:41:07.893741612Z,12.144035,124.057348,Cloud to Cloud,-16555,6874,11
2026-09-16T08:41:07.857377432Z,11.995647,124.044004,Cloud to Ground,26078,0,9
2026-09-16T08:41:07.941503721Z,15.798206,120.938511,Cloud to Cloud,-9155,17448,7
2026-09-16T08:41:08.130986372Z,15.796968,120.925612,Cloud to Cloud,7900,19976,8
2026-09-16T08:41:10.190031276Z,15.651159,121.003941,Cloud to Ground,-8302,0,7
2026-09-16T08:41:11.457335458Z,4.246184,116.422371,Cloud to Ground,16971,0,18
2026-09-16T08:41:11.580563693Z,11.929666,125.517648,Cloud to Cloud,11177,18824,9
2026-09-16T08:41:11.808951734Z,16.080568,120.970383,Cloud to Cloud,-4537,6410,6
2026-09-16T08:41:11.819056074Z,16.050537,120.951436,Cloud to Cloud,6025,8320,7
2026-09-16T08:41:11.537090615Z,15.525949,120.896442,Cloud to Cloud,-4701,10383,6
2026-09-16T08:41:12.051914259Z,4.143073,116.478303,Cloud to Cloud,-21748,6271,24
2026-09-16T08:41:12.539775521Z,15.626347,121.023586,Cloud to Cloud,-22000,18784,7
2026-09-16T08:41:13.512218596Z,4.070325,116.509255,Cloud to Ground,39230,0,6
2026-09-16T08:41:13.323888574Z,10.432022,132.027695,Cloud to Ground,11078,0,15
2026-09-16T08:41:13.195570010Z,10.272143,132.098432,Cloud to Cloud,14573,4285,10
2026-09-16T08:41:13.539031509Z,10.427229,131.908909,Cloud to Cloud,-12785,5234,10
2026-09-16T08:41:13.770401532Z,15.739395,120.937993,Cloud to Cloud,-6743,5853,5
2026-09-16T08:41:13.901318202Z,15.646566,121.005953,Cloud to Cloud,-14434,9297,11
2026-09-16T08:41:14.776821627Z,12.441074,124.799106,Cloud to Cloud,12658,7538,6
2026-09-16T08:41:15.522149128Z,16.803048,120.533917,Cloud to Cloud,26821,15809,8
2026-09-16T08:41:15.800902004Z,16.56181,121.630219,Cloud to Ground,-18976,0,6
2026-09-16T08:41:15.502804293Z,16.025509,121.781412,Cloud to Cloud,24632,12953,8
2026-09-16T08:41:15.640635046Z,15.996476,121.620725,Cloud to Cloud,-13850,18255,12
2026-09-16T08:41:15.601280375Z,16.004181,121.651438,Cloud to Cloud,-9109,19342,8
2026-09-16T08:41:15.672386497Z,15.973947,121.631476,Cloud to Cloud,-8608,16703,6
2026-09-16T08:41:15.568345435Z,16.006166,121.639925,Cloud to Cloud,-7879,3010,8
2026-09-16T08:41:15.542471279Z,15.992608,121.62596,Cloud to Cloud,-6175,8916,8
2026-09-16T08:41:15.553451908Z,15.930484,121.679911,Cloud to Cloud,19637,5759,11
2026-09-16T08:41:15.357648012Z,15.502177,120.960317,Cloud to Cloud,-18859,3176,8
2026-09-16T08:41:17.568698265Z,15.914399,121.483449,Cloud to Cloud,6767,3000,6
2026-09-16T08:41:18.387880522Z,14.694755,120.361906,Cloud to Ground,-23084,0,12
2026-09-16T08:41:19.925244826Z,10.713384,133.707249,Cloud to Ground,-15239,0,12
2026-09-16T08:41:20.300144956Z,10.711201,133.866479,Cloud to Ground,12216,0,12
2026-09-16T08:41:20.035136110Z,10.715362,133.874692,Cloud to Ground,15953,0,11
2026-09-16T08:41:20.147900581Z,10.720089,133.872507,Cloud to Ground,16188,0,15
2026-09-16T08:41:20.767341692Z,12.374001,124.636482,Cloud to Cloud,11311,7179,7
2026-09-16T08:41:20.911771842Z,12.676146,123.473557,Cloud to Ground,-63633,0,11
2026-09-16T08:41:20.800303344Z,12.678755,123.482313,Cloud to Ground,-56701,0,8
2026-09-16T08:41:20.659981000Z,12.7035,123.5115,Cloud to Ground,-28596,0,5
2026-09-16T08:41:21.421448162Z,10.367569,131.827325,Cloud to Ground,-27147,0,15
2026-09-16T08:41:21.417896641Z,10.368425,131.841985,Cloud to Ground,-15526,0,16
2026-09-16T08:41:21.417244290Z,10.35797,131.816725,Cloud to Ground,41476,0,20
2026-09-16T08:41:21.754382898Z,16.836053,120.644112,Cloud to Cloud,-7996,4416,6
2026-09-16T08:41:21.745622954Z,16.849915,120.663491,Cloud to Cloud,17308,10124,11
2026-09-16T08:41:22.979372046Z,11.733442,125.046523,Cloud to Cloud,8637,11723,7
