timestamp,latitude,longitude,type,amplitude_ka,height_m,num_sensors
2026-10-09T06:01:04.912872866Z,2.995303,113.004562,Cloud to Ground,-12932,0,14
2026-10-09T06:01:05.964683348Z,7.220169,125.260996,Cloud to Ground,-10191,0,7
2026-10-09T06:01:06.947312488Z,4.750131,111.824642,Cloud to Ground,-16841,0,18
2026-10-09T06:01:06.957285318Z,4.750707,111.817122,Cloud to Ground,-12547,0,11
2026-10-09T06:01:06.887017301Z,4.689056,111.817459,Cloud to Ground,-11090,0,8
2026-10-09T06:01:06.868309432Z,4.688194,111.825133,Cloud to Ground,-10545,0,6
2026-10-09T06:01:06.667524547Z,1.097474,117.750731,Cloud to Ground,21459,0,13
2026-10-09T06:01:07.735557633Z,10.836948,122.167284,Cloud to Cloud,-10595,18745,6
2026-10-09T06:01:08.511355565Z,8.816355,117.291809,Cloud to Ground,-84017,0,10
2026-10-09T06:01:08.535541593Z,8.793704,117.273441,Cloud to Ground,-17581,0,9
2026-10-09T06:01:08.500154360Z,8.834887,117.275867,Cloud to Cloud,-10068,18148,8
2026-10-09T06:01:08.195147918Z,7.377285,131.535188,Cloud to Ground,-14253,0,10
2026-10-09T06:01:19.179067633Z,8.139108,125.251973,Cloud to Ground,-13139,0,14
2026-10-09T06:01:21.656132290Z,6.372721,124.85125,Cloud to Ground,11985,0,9
2026-10-09T06:01:23.033372890Z,9.246581,122.87123,Cloud to Cloud,-23681,11581,9
2026-10-09T06:01:23.190369000Z,9.38359,122.899967,Cloud to Cloud,-3157,15125,5
2026-10-09T06:01:24.896636525Z,6.520674,124.491551,Cloud to Cloud,9749,19937,9
2026-10-09T06:01:24.877318409Z,11.128203,124.517956,Cloud to Ground,24138,0,8
2026-10-09T06:01:25.058334410Z,5.922038,117.051729,Cloud to Ground,25843,0,9
2026-10-09T06:01:26.570342132Z,8.15258,125.253228,Cloud to Ground,16509,0,11
2026-10-09T06:01:26.466151996Z,9.389803,118.387325,Cloud to Cloud,-21044,14640,11
2026-10-09T06:01:26.192008344Z,9.425436,118.392089,Cloud to Cloud,-10561,18305,7
2026-10-09T06:01:26.507399779Z,8.245383,125.233032,Cloud to Ground,-11792,0,13
2026-10-09T06:01:27.675549101Z,4.462048,116.107583,Cloud to Cloud,-37056,7724,17
2026-10-09T06:01:27.817723042Z,4.415452,116.126314,Cloud to Ground,-21792,0,19
2026-10-09T06:01:27.978135497Z,4.46895,116.062227,Cloud to Cloud,14518,13199,6
2026-10-09T06:01:27.852755673Z,4.405717,116.117985,Cloud to Ground,21565,0,14
2026-10-09T06:01:27.816285448Z,4.403308,116.109874,Cloud to Ground,27075,0,19
2026-10-09T06:01:27.740224502Z,4.408428,116.113327,Cloud to Ground,45513,0,20
2026-10-09T06:01:28.262600547Z,11.211435,124.560414,Cloud to Ground,-24042,0,10
2026-10-09T06:01:29.849234553Z,7.913643,110.730427,Cloud to Ground,16112,0,8
2026-10-09T06:01:29.850147430Z,7.87354,110.740506,Cloud to Ground,18255,0,9
2026-10-09T06:01:30.619474360Z,8.271197,123.535869,Cloud to Ground,16491,0,7
2026-10-09T06:01:32.771959414Z,18.680907,123.450743,Cloud to Cloud,2254,3489,6
2026-10-09T06:01:32.772945562Z,18.710857,123.451236,Cloud to Cloud,3959,5407,7
2026-10-09T06:01:32.705260414Z,18.710321,123.446888,Cloud to Cloud,9086,5758,8
2026-10-09T06:01:33.322553248Z,7.246485,130.529332,Cloud to Ground,-39555,0,16
2026-10-09T06:01:33.320476610Z,7.266293,130.649282,Cloud to Ground,22182,0,16
2026-10-09T06:01:34.977309534Z,7.404614,131.55809,Cloud to Ground,21927,0,18
2026-10-09T06:01:35.327639017Z,7.530239,131.580749,Cloud to Cloud,-8223,3954,13
2026-10-09T06:01:36.601820740Z,15.039592,111.693454,Cloud to Ground,-17403,0,13
2026-10-09T06:01:37.703761083Z,7.99284,125.371274,Cloud to Cloud,10246,18111,6
2026-10-09T06:01:37.042658364Z,9.423638,118.273744,Cloud to Cloud,-12368,5585,8
2026-10-09T06:01:39.297366587Z,9.329798,118.407474,Cloud to Cloud,12196,8687,7
2026-10-09T06:01:44.230596644Z,8.216661,125.164785,Cloud to Cloud,-11520,19300,10
2026-10-09T06:01:46.308397157Z,12.962158,132.441483,Cloud to Cloud,22777,3046,12
2026-10-09T06:01:46.283026955Z,13.250916,132.30984,Cloud to Ground,-127249,0,27
2026-10-09T06:01:46.279862071Z,13.260975,132.331897,Cloud to Ground,-48297,0,22
2026-10-09T06:01:46.529480250Z,13.276609,132.314754,Cloud to Cloud,15150,3037,12
2026-10-09T06:01:46.685845250Z,13.287504,132.323758,Cloud to Cloud,19786,12323,11
2026-10-09T06:01:46.418465042Z,13.257443,132.158051,Cloud to Ground,-46279,0,30
2026-10-09T06:01:46.614676292Z,13.276539,132.147908,Cloud to Ground,-15931,0,13
2026-10-09T06:01:48.324335994Z,15.379041,113.324281,Cloud to Ground,11013,0,8
2026-10-09T06:01:50.484863611Z,4.454382,116.140314,Cloud to Cloud,-9614,3781,14
2026-10-09T06:01:50.478879022Z,4.385372,116.11102,Cloud to Ground,6717,0,7
2026-10-09T06:01:52.303368051Z,8.794872,117.27466,Cloud to Cloud,-24298,19857,10
2026-10-09T06:01:52.687928196Z,8.771667,117.260042,Cloud to Cloud,-13229,15118,9
2026-10-09T06:01:52.575426320Z,8.799428,117.274484,Cloud to Cloud,-6985,4866,7
2026-10-09T06:01:52.221412871Z,1.403179,118.487329,Cloud to Cloud,-12504,3285,6
2026-10-09T06:01:52.241032557Z,1.355608,118.491799,Cloud to Ground,-11715,0,8
2026-10-09T06:01:53.921144141Z,7.931014,131.244866,Cloud to Ground,-19922,0,35
2026-10-09T06:01:54.313897835Z,7.88127,131.222761,Cloud to Ground,-8209,0,7
2026-10-09T06:01:54.282125439Z,7.936646,131.257644,Cloud to Cloud,-7700,14899,20
2026-10-09T06:01:54.299139670Z,7.843786,131.37568,Cloud to Ground,-19561,0,19
2026-10-09T06:01:55.187367829Z,2.882737,122.109083,Cloud to Ground,-24182,0,20
2026-10-09T06:01:55.010197096Z,2.804278,122.123854,Cloud to Ground,-11548,0,12
2026-10-09T06:01:56.438819890Z,18.948322,110.545731,Cloud to Ground,-7919,0,9
2026-10-09T06:01:56.444107015Z,18.904147,110.464403,Cloud to Ground,8545,0,6
2026-10-09T06:01:56.433429377Z,18.937798,110.434838,Cloud to Cloud,11821,5160,7
2026-10-09T06:01:56.812194854Z,14.168285,112.974515,Cloud to Ground,9247,0,9
2026-10-09T06:01:56.812915726Z,14.156741,112.903127,Cloud to Ground,16358,0,8
2026-10-09T06:01:57.039869325Z,12.576307,115.296417,Cloud to Ground,15613,0,8
2026-10-09T06:01:57.016985000Z,12.582,115.2554,Cloud to Ground,30905,0,9
2026-10-09T06:02:01.218500732Z,14.975226,111.703687,Cloud to Ground,13202,0,9
2026-10-09T06:02:04.227497611Z,7.494634,131.546834,Cloud to Ground,-16605,0,22
2026-10-09T06:02:04.501260838Z,7.507702,131.560001,Cloud to Ground,12318,0,10
2026-10-09T06:02:04.218208138Z,7.440655,131.450846,Cloud to Cloud,-9056,18817,16
2026-10-09T06:02:07.642049667Z,9.414472,118.341663,Cloud to Cloud,-10815,5696,6
2026-10-09T06:02:08.651455889Z,6.49079,124.467357,Cloud to Ground,-13124,0,12
2026-10-09T06:02:08.083020317Z,7.867627,123.328507,Cloud to Cloud,14297,17522,7
2026-10-09T06:02:08.034342000Z,7.9447,119.4098,Cloud to Ground,-104749,0,8
2026-10-09T06:02:08.203759957Z,7.990167,119.374889,Cloud to Ground,-34462,0,12
2026-10-09T06:02:08.065194000Z,7.9637,119.4262,Cloud to Ground,14790,0,10
2026-10-09T06:02:09.999595814Z,11.142801,124.4795,Cloud to Cloud,-6629,17242,9
2026-10-09T06:02:10.108472748Z,7.890954,123.312329,Cloud to Ground,21864,0,14
2026-10-09T06:02:10.818451888Z,6.401396,124.825321,Cloud to Cloud,5344,17023,5
2026-10-09T06:02:10.045504052Z,9.146371,115.384491,Cloud to Cloud,19633,3065,7
2026-10-09T06:02:11.488524000Z,8.1584,125.2371,Cloud to Ground,-12764,0,5
2026-10-09T06:02:11.691919000Z,8.2439,125.3871,Cloud to Ground,899,0,5
2026-10-09T06:02:13.949911565Z,14.81106,111.120245,Cloud to Ground,10668,0,12
2026-10-09T06:02:15.684076065Z,8.2007,125.16775,Cloud to Ground,-9762,0,6
2026-10-09T06:02:21.776927791Z,7.885624,132.058144,Cloud to Ground,11968,0,11
2026-10-09T06:02:21.774061546Z,7.893718,132.09249,Cloud to Ground,19896,0,10
2026-10-09T06:02:24.616543056Z,15.35923,113.414682,Cloud to Cloud,-5321,18774,6
2026-10-09T06:02:26.159046538Z,11.124799,124.499199,Cloud to Ground,11450,0,8
2026-10-09T06:02:28.250234516Z,8.04136,125.286556,Cloud to Cloud,13846,13411,10
2026-10-09T06:02:28.204953246Z,8.037102,125.320284,Cloud to Cloud,23219,9477,10
2026-10-09T06:02:28.145959337Z,7.912855,116.736961,Cloud to Cloud,-17026,16716,9
2026-10-09T06:02:28.683082875Z,7.985129,116.722874,Cloud to Cloud,7819,3183,6
2026-10-09T06:02:28.143912378Z,7.894598,116.748724,Cloud to Cloud,16445,17992,10
2026-10-09T06:02:28.225368216Z,8.217181,125.211718,Cloud to Cloud,-16279,5189,12
2026-10-09T06:02:29.839328927Z,8.856046,117.259045,Cloud to Cloud,-18108,3818,12
2026-10-09T06:02:29.871062776Z,8.767613,117.303951,Cloud to Cloud,-20332,7741,9
2026-10-09T06:02:33.971481185Z,6.026724,117.017657,Cloud to Cloud,-23521,6148,17
2026-10-09T06:02:33.754021740Z,4.489289,116.073523,Cloud to Ground,-28607,0,14
2026-10-09T06:02:34.074696566Z,11.129545,124.527883,Cloud to Ground,28117,0,10
2026-10-09T06:02:36.508665128Z,5.798487,117.098389,Cloud to Cloud,21753,3113,9
2026-10-09T06:02:36.513272714Z,9.318553,122.947371,Cloud to Cloud,6125,10157,5
2026-10-09T06:02:36.355406387Z,9.319518,122.947973,Cloud to Cloud,7340,18510,5
2026-10-09T06:02:36.706435714Z,7.518461,131.534198,Cloud to Ground,-75069,0,17
2026-10-09T06:02:36.823476617Z,7.490904,131.576246,Cloud to Ground,-26649,0,20
2026-10-09T06:02:36.887526258Z,7.45859,131.41689,Cloud to Ground,-25390,0,13
2026-10-09T06:02:37.082823303Z,7.417694,131.563682,Cloud to Ground,-19373,0,15
2026-10-09T06:02:38.179335365Z,7.416337,131.515948,Cloud to Ground,-18862,0,13
2026-10-09T06:02:37.582793865Z,7.409282,131.580672,Cloud to Ground,-18297,0,25
2026-10-09T06:02:37.785769682Z,7.409475,131.587719,Cloud to Ground,-17952,0,18
2026-10-09T06:02:37.958791484Z,7.365739,131.711496,Cloud to Ground,-13635,0,10
2026-10-09T06:02:36.994067812Z,7.406934,131.572913,Cloud to Ground,-11944,0,20
2026-10-09T06:02:37.505423537Z,7.441812,131.415525,Cloud to Ground,-10148,0,12
2026-10-09T06:02:38.355219716Z,7.431613,131.498764,Cloud to Ground,-8053,0,20
2026-10-09T06:02:37.247248866Z,7.424868,131.601612,Cloud to Ground,6053,0,8
2026-10-09T06:02:37.611960208Z,7.42428,131.616645,Cloud to Ground,9805,0,6
2026-10-09T06:02:37.951631635Z,7.374017,131.673216,Cloud to Ground,14980,0,12
2026-10-09T06:02:36.806844345Z,7.417828,131.468407,Cloud to Ground,15027,0,12
2026-10-09T06:02:37.958161577Z,7.382837,131.559726,Cloud to Ground,16842,0,7
2026-10-09T06:02:36.946827000Z,7.417,131.5572,Cloud to Ground,22245,0,7
2026-10-09T06:02:37.146307355Z,9.146992,118.044264,Cloud to Cloud,-10604,19158,6
2026-10-09T06:02:38.526521068Z,8.162933,125.198118,Cloud to Ground,-12157,0,10
2026-10-09T06:02:42.658664287Z,8.165561,123.626501,Cloud to Cloud,17172,7346,7
2026-10-09T06:02:45.929418776Z,8.214936,125.227537,Cloud to Cloud,-15680,13490,16
2026-10-09T06:02:46.025370340Z,8.292715,125.255845,Cloud to Cloud,10385,8618,9
2026-10-09T06:02:46.544461000Z,9.3113,123.0935,Cloud to Ground,8358,0,6
2026-10-09T06:02:48.520063317Z,12.495026,115.663174,Cloud to Cloud,-19244,3123,9
2026-10-09T06:02:48.491264656Z,12.495455,115.668067,Cloud to Cloud,-16617,10667,8
2026-10-09T06:02:48.493887325Z,12.499521,115.657278,Cloud to Cloud,-12983,6671,10
2026-10-09T06:02:48.491874038Z,12.4793,115.658048,Cloud to Cloud,-8949,6403,7
2026-10-09T06:02:48.489733820Z,12.469331,115.579108,Cloud to Ground,11975,0,7
2026-10-09T06:02:48.328462712Z,15.35952,113.378689,Cloud to Ground,-5151,0,6
2026-10-09T06:02:54.500726852Z,9.944885,118.79253,Cloud to Cloud,-7524,10889,8
2026-10-09T06:02:54.506944035Z,9.985365,118.78754,Cloud to Cloud,-6170,16650,7
2026-10-09T06:02:54.605254778Z,9.975364,118.777701,Cloud to Cloud,-6028,15843,8
2026-10-09T06:02:56.344770929Z,6.371443,124.872865,Cloud to Ground,12067,0,14
2026-10-09T06:02:57.700753000Z,7.9349,131.2995,Cloud to Ground,-92886,0,7
2026-10-09T06:02:57.745750700Z,7.915472,131.236399,Cloud to Ground,-44787,0,35
2026-10-09T06:02:57.698471285Z,7.926252,131.363795,Cloud to Ground,-23241,0,8
2026-10-09T06:02:57.784952083Z,7.926016,131.213279,Cloud to Ground,-21281,0,14
2026-10-09T06:02:57.766910193Z,7.769594,131.362952,Cloud to Ground,-13859,0,16
2026-10-09T06:02:58.051302359Z,10.719236,122.145295,Cloud to Cloud,-19621,3661,7
2026-10-09T06:03:00.075318325Z,8.975258,115.637676,Cloud to Cloud,11336,3209,19
2026-10-09T06:03:02.992428673Z,7.950107,110.854304,Cloud to Ground,-11206,0,7
2026-10-09T06:03:02.986554907Z,7.884244,110.745428,Cloud to Ground,12342,0,6
2026-10-09T06:03:03.956045201Z,7.385054,131.480114,Cloud to Ground,14691,0,10
2026-10-09T06:03:03.958794000Z,7.4941,131.6588,Cloud to Ground,-9727,0,5
2026-10-09T06:03:05.822526998Z,4.391743,116.111391,Cloud to Ground,-26618,0,27
2026-10-09T06:03:05.876456920Z,4.376081,116.094153,Cloud to Cloud,12267,3577,11
2026-10-09T06:03:05.919873651Z,4.386328,116.108981,Cloud to Ground,25768,0,16
2026-10-09T06:03:06.171738759Z,4.383176,116.111936,Cloud to Ground,32467,0,17
2026-10-09T06:03:05.956640558Z,4.390572,116.110206,Cloud to Ground,32736,0,18
2026-10-09T06:03:06.061511629Z,4.38553,116.109756,Cloud to Ground,45861,0,14
2026-10-09T06:03:06.009869517Z,4.386804,116.107048,Cloud to Ground,52716,0,21
2026-10-09T06:03:05.728602352Z,4.384744,116.110353,Cloud to Ground,110172,0,18
2026-10-09T06:03:05.723179792Z,3.785777,116.538667,Cloud to Ground,-36741,0,19
2026-10-09T06:03:05.901628955Z,7.576917,122.807639,Cloud to Cloud,18997,4664,12
2026-10-09T06:03:05.904560306Z,7.827311,122.841449,Cloud to Ground,41361,0,15
2026-10-09T06:03:06.933202532Z,12.560879,115.284633,Cloud to Cloud,-25357,3067,10
2026-10-09T06:03:08.970624000Z,8.1306,125.1494,Cloud to Ground,-15906,0,11
2026-10-09T06:03:08.969780514Z,8.105265,125.14446,Cloud to Ground,20472,0,15
2026-10-09T06:03:08.643530002Z,13.300047,132.393045,Cloud to Ground,-14466,0,10
2026-10-09T06:03:08.113460088Z,13.33121,132.298097,Cloud to Ground,-74027,0,29
2026-10-09T06:03:09.782495268Z,9.122363,117.975304,Cloud to Cloud,-17289,5899,9
2026-10-09T06:03:10.072649348Z,9.106467,117.872003,Cloud to Cloud,-16698,14674,7
2026-10-09T06:03:09.736653931Z,9.064238,118.000382,Cloud to Cloud,7528,5016,7
2026-10-09T06:03:10.068089075Z,9.025624,117.838322,Cloud to Ground,16606,0,9
2026-10-09T06:03:09.768393738Z,9.121784,117.954877,Cloud to Cloud,22533,3335,7
2026-10-09T06:03:11.524853177Z,7.881531,123.188647,Cloud to Ground,18453,0,10
2026-10-09T06:03:13.171832747Z,5.990895,117.010591,Cloud to Cloud,-13504,6158,18
2026-10-09T06:03:13.325383210Z,6.007048,117.008476,Cloud to Ground,-12208,0,10
2026-10-09T06:03:14.428337761Z,6.489691,124.444866,Cloud to Ground,24547,0,9
2026-10-09T06:03:14.435844896Z,8.165136,125.232331,Cloud to Ground,12666,0,16
2026-10-09T06:03:15.011537000Z,11.8899,125.1498,Cloud to Ground,-22320,0,7
2026-10-09T06:03:15.038227707Z,11.817608,125.159857,Cloud to Cloud,9021,7889,7
2026-10-09T06:03:15.031986490Z,11.817366,125.156245,Cloud to Cloud,11284,14087,7
2026-10-09T06:03:20.029872104Z,1.084147,117.747308,Cloud to Cloud,12977,15575,11
2026-10-09T06:03:21.077669133Z,15.13766,113.386216,Cloud to Ground,-13560,0,8
2026-10-09T06:03:22.874149179Z,10.795356,122.169594,Cloud to Cloud,14929,10141,9
2026-10-09T06:03:22.261343000Z,9.4664,122.8429,Cloud to Ground,5397,0,5
2026-10-09T06:03:24.821958270Z,7.339552,131.569838,Cloud to Ground,16469,0,11
2026-10-09T06:03:24.766162115Z,7.472273,131.4858,Cloud to Ground,-21752,0,14
2026-10-09T06:03:25.251705390Z,7.435605,131.486634,Cloud to Ground,-14375,0,36
2026-10-09T06:03:25.078292844Z,7.423468,131.484214,Cloud to Ground,-9863,0,24
2026-10-09T06:03:25.181106631Z,7.372062,131.340779,Cloud to Ground,-9108,0,13
2026-10-09T06:03:25.265842976Z,7.414871,131.627437,Cloud to Cloud,7542,7227,8
2026-10-09T06:03:26.192273716Z,12.232733,121.110213,Cloud to Ground,41162,0,7
2026-10-09T06:03:28.898545994Z,11.126465,124.520632,Cloud to Ground,14680,0,8
2026-10-09T06:03:31.172524450Z,2.827652,122.153967,Cloud to Ground,-26375,0,23
2026-10-09T06:03:31.090016980Z,13.414714,132.321211,Cloud to Ground,-14431,0,12
2026-10-09T06:03:33.569641721Z,15.514593,110.963769,Cloud to Ground,36752,0,12
2026-10-09T06:03:33.641755000Z,15.4335,111.2399,Cloud to Ground,-460624,0,8
2026-10-09T06:03:34.442047030Z,4.370401,115.921328,Cloud to Ground,-21989,0,14
2026-10-09T06:03:34.437965127Z,4.380103,115.935013,Cloud to Ground,-18736,0,13
2026-10-09T06:03:35.583969463Z,1.348996,118.467881,Cloud to Ground,13248,0,8
2026-10-09T06:03:35.488242399Z,1.279221,118.408874,Cloud to Ground,-11500,0,10
2026-10-09T06:03:35.067072273Z,11.086514,124.529946,Cloud to Cloud,-5567,14550,7
2026-10-09T06:03:37.647088076Z,7.355889,131.510599,Cloud to Ground,-9308,0,16
2026-10-09T06:03:37.341537394Z,7.462905,131.446896,Cloud to Cloud,-7735,9544,20
2026-10-09T06:03:37.716398910Z,7.456773,131.400221,Cloud to Cloud,15551,15569,12
2026-10-09T06:03:37.312696234Z,7.413328,131.483649,Cloud to Ground,16257,0,17
2026-10-09T06:03:40.858758041Z,4.718499,111.766416,Cloud to Ground,-9356,0,8
2026-10-09T06:03:41.986212915Z,3.128766,121.767024,Cloud to Cloud,16006,16107,7
2026-10-09T06:03:42.025081454Z,3.047773,121.704822,Cloud to Ground,32718,0,10
2026-10-09T06:03:42.032515329Z,6.584937,124.581461,Cloud to Ground,-35195,0,12
2026-10-09T06:03:46.573424198Z,17.445838,123.690738,Cloud to Cloud,7421,5311,8
2026-10-09T06:03:48.683845411Z,6.342387,124.425165,Cloud to Ground,17778,0,11
2026-10-09T06:03:48.870955130Z,6.31954,124.401716,Cloud to Ground,31861,0,9
2026-10-09T06:03:48.683224418Z,6.350629,124.432164,Cloud to Ground,40137,0,19
2026-10-09T06:03:49.213128740Z,6.402486,124.335548,Cloud to Ground,-24972,0,13
2026-10-09T06:03:49.083739145Z,6.453759,124.424525,Cloud to Ground,-24420,0,17
2026-10-09T06:03:49.130473469Z,5.787881,124.489305,Cloud to Ground,-15349,0,13
2026-10-09T06:03:50.546618310Z,6.424953,124.835934,Cloud to Cloud,-15811,5230,12
2026-10-09T06:03:50.637262818Z,6.366238,124.853429,Cloud to Cloud,-9482,19190,16
2026-10-09T06:03:50.991917566Z,9.397467,122.949592,Cloud to Cloud,-7643,4581,6
2026-10-09T06:03:53.027322495Z,4.086119,116.120556,Cloud to Ground,55705,0,28
2026-10-09T06:03:54.316020352Z,7.235466,125.289461,Cloud to Ground,-18195,0,15
2026-10-09T06:03:54.789650452Z,8.203432,125.202057,Cloud to Cloud,-17606,5600,15
2026-10-09T06:03:54.145323727Z,13.081106,111.690883,Cloud to Cloud,16963,16692,7
2026-10-09T06:03:54.146289057Z,13.082731,111.6783,Cloud to Ground,40477,0,10
2026-10-09T06:03:55.030955000Z,7.9254,123.2538,Cloud to Ground,-18605,0,6
2026-10-09T06:03:55.039896968Z,7.977329,123.230439,Cloud to Cloud,12146,3068,9
2026-10-09T06:03:56.799764115Z,4.384365,116.123706,Cloud to Ground,-60451,0,15
2026-10-09T06:03:57.069505493Z,4.484614,116.087742,Cloud to Ground,-17423,0,15
2026-10-09T06:03:56.809174863Z,4.467446,116.095131,Cloud to Ground,-16459,0,17
2026-10-09T06:03:56.945088811Z,4.383117,116.109123,Cloud to Ground,-14111,0,15
2026-10-09T06:03:56.900353911Z,4.460155,116.096147,Cloud to Ground,-12075,0,17
2026-10-09T06:03:57.170469007Z,4.39456,116.064849,Cloud to Ground,-10378,0,12
2026-10-09T06:03:56.854489640Z,4.439506,116.113124,Cloud to Cloud,18826,17485,7
2026-10-09T06:03:57.068134071Z,4.418528,116.082083,Cloud to Ground,22678,0,20
2026-10-09T06:03:56.835423799Z,4.44489,116.110058,Cloud to Cloud,24582,5192,21
2026-10-09T06:03:56.118950690Z,4.144574,127.174444,Cloud to Ground,19309,0,12
2026-10-09T06:03:58.053429443Z,7.421862,131.488983,Cloud to Ground,-34785,0,37
2026-10-09T06:03:58.161051012Z,7.403269,131.5765,Cloud to Ground,-22994,0,24
2026-10-09T06:03:58.225654741Z,7.418838,131.570959,Cloud to Ground,-21796,0,25
2026-10-09T06:03:58.536371918Z,7.410043,131.580386,Cloud to Ground,-19794,0,14
2026-10-09T06:03:58.597094999Z,7.41166,131.569588,Cloud to Ground,-17274,0,19
2026-10-09T06:03:58.250904972Z,7.404215,131.593258,Cloud to Ground,-12873,0,12
2026-10-09T06:03:58.154388196Z,7.447857,131.468987,Cloud to Cloud,12717,3008,22
2026-10-09T06:03:58.174620244Z,7.419571,131.611846,Cloud to Cloud,12934,18671,8
2026-10-09T06:03:58.573950281Z,7.247032,130.345032,Cloud to Ground,-15768,0,25
2026-10-09T06:03:58.576544807Z,7.239467,130.424244,Cloud to Cloud,-14284,4642,11
2026-10-09T06:03:59.713179653Z,10.715315,122.203735,Cloud to Cloud,14573,14253,6
2026-10-09T06:04:02.998907943Z,9.322577,115.445283,Cloud to Cloud,11744,7498,10
2026-10-09T06:04:06.091739878Z,12.410262,122.85972,Cloud to Ground,-58288,0,10
2026-10-09T06:04:06.167053690Z,12.417195,122.86043,Cloud to Ground,-37512,0,12
2026-10-09T06:04:06.126703772Z,12.41485,122.852568,Cloud to Ground,-29869,0,11
2026-10-09T06:04:06.120527087Z,12.475485,122.805006,Cloud to Cloud,-20226,11688,14
2026-10-09T06:04:06.144902759Z,12.44449,122.824875,Cloud to Cloud,-19714,3174,8
2026-10-09T06:04:06.108462899Z,12.365295,122.896111,Cloud to Cloud,-17318,17958,10
2026-10-09T06:04:06.125005265Z,12.438099,122.852449,Cloud to Ground,-17221,0,9
2026-10-09T06:04:09.564102101Z,9.34224,118.320114,Cloud to Cloud,18624,8614,6
2026-10-09T06:04:10.923856193Z,10.79747,122.241022,Cloud to Cloud,-15865,3017,9
2026-10-09T06:04:11.003807013Z,10.843005,122.210336,Cloud to Cloud,-4321,14630,6
2026-10-09T06:04:10.627043501Z,10.814673,122.271825,Cloud to Cloud,5411,13078,9
2026-10-09T06:04:10.623430704Z,10.785006,122.241652,Cloud to Cloud,16681,3376,11
2026-10-09T06:04:11.783675198Z,8.924245,117.209621,Cloud to Ground,-16633,0,6
2026-10-09T06:04:13.702660000Z,8.2667,125.3905,Cloud to Ground,-26923,0,6
2026-10-09T06:04:13.756673711Z,8.179491,125.253151,Cloud to Ground,-26475,0,9
2026-10-09T06:04:13.627104000Z,8.2035,125.3311,Cloud to Ground,-20648,0,7
2026-10-09T06:04:14.336760652Z,8.150182,125.309485,Cloud to Ground,17615,0,10
2026-10-09T06:04:13.655675142Z,8.163216,125.154286,Cloud to Ground,-21591,0,13
2026-10-09T06:04:13.435709138Z,12.563235,115.305841,Cloud to Ground,-23573,0,9
2026-10-09T06:04:13.604965898Z,12.576613,115.296808,Cloud to Cloud,13582,3126,11
2026-10-09T06:04:13.515022837Z,12.582648,115.301735,Cloud to Ground,26973,0,17
2026-10-09T06:04:15.936054028Z,7.904167,131.388374,Cloud to Ground,-9260,0,7
2026-10-09T06:04:15.939117235Z,7.891269,131.365336,Cloud to Ground,13755,0,13
2026-10-09T06:04:17.144980137Z,6.973789,120.745721,Cloud to Cloud,8720,17103,7
2026-10-09T06:04:17.144147269Z,7.101316,120.767565,Cloud to Cloud,11810,4849,8
2026-10-09T06:04:17.210984329Z,3.050889,121.71056,Cloud to Ground,10056,0,12
2026-10-09T06:04:17.156339863Z,3.072463,121.720196,Cloud to Ground,24627,0,14
2026-10-09T06:04:17.491590819Z,13.374025,132.324847,Cloud to Cloud,-15152,7610,8
2026-10-09T06:04:17.583257000Z,11.1888,124.5456,Cloud to Ground,-10010,0,5
2026-10-09T06:04:18.544985476Z,13.119009,110.759801,Cloud to Ground,-29149,0,10
2026-10-09T06:04:18.499459185Z,13.097147,110.725002,Cloud to Cloud,-18176,13604,7
2026-10-09T06:04:21.954809653Z,9.057982,126.003337,Cloud to Ground,-19326,0,15
2026-10-09T06:04:22.062785187Z,5.902584,117.067539,Cloud to Ground,-11024,0,12
2026-10-09T06:04:22.351387860Z,7.970583,123.146082,Cloud to Cloud,-16436,19578,14
2026-10-09T06:04:24.251608001Z,3.146103,121.374147,Cloud to Ground,-24344,0,17
2026-10-09T06:04:24.258415480Z,3.211654,121.396307,Cloud to Cloud,-6524,5160,11
2026-10-09T06:04:24.248730180Z,3.126959,121.369294,Cloud to Ground,35588,0,24
2026-10-09T06:04:25.858233132Z,7.851237,110.672702,Cloud to Ground,-11389,0,8
2026-10-09T06:04:24.743219343Z,15.368107,113.372438,Cloud to Cloud,-14681,14543,9
2026-10-09T06:04:24.791332747Z,15.368453,113.357223,Cloud to Cloud,-13388,4446,7
2026-10-09T06:04:25.086925914Z,15.360118,113.429707,Cloud to Ground,-10156,0,6
2026-10-09T06:04:24.739800122Z,15.356041,113.373371,Cloud to Cloud,14312,13241,13
2026-10-09T06:04:24.774498882Z,15.377344,113.377163,Cloud to Cloud,20565,10794,9
2026-10-09T06:04:26.367219544Z,7.790032,122.936739,Cloud to Ground,23593,0,18
2026-10-09T06:04:28.612315564Z,6.931194,110.470971,Cloud to Ground,-18293,0,8
2026-10-09T06:04:28.619531220Z,6.952985,110.51247,Cloud to Ground,10781,0,16
2026-10-09T06:04:28.397923360Z,7.062143,110.629437,Cloud to Ground,-47431,0,10
2026-10-09T06:04:28.448444896Z,7.04306,110.497723,Cloud to Ground,-28651,0,22
2026-10-09T06:04:28.618900296Z,7.037627,110.459112,Cloud to Ground,-24621,0,12
2026-10-09T06:04:28.408775030Z,7.03086,110.581278,Cloud to Cloud,-17675,8141,21
2026-10-09T06:04:28.418465512Z,7.098906,110.502582,Cloud to Ground,-14781,0,11
2026-10-09T06:04:28.411165500Z,7.015518,110.614411,Cloud to Cloud,17851,17803,9
2026-10-09T06:04:28.447129000Z,7.0225,110.5829,Cloud to Ground,34451,0,10
2026-10-09T06:04:30.557954473Z,9.018633,126.0187,Cloud to Cloud,12827,17145,7
2026-10-09T06:04:31.555913796Z,11.708557,124.877402,Cloud to Cloud,17707,13467,9
2026-10-09T06:04:33.126902000Z,7.912209,123.27423,Cloud to Ground,-88486,0,15
2026-10-09T06:04:33.046748959Z,7.985887,123.230771,Cloud to Ground,-71429,0,27
2026-10-09T06:04:33.683511946Z,7.970691,123.204036,Cloud to Ground,-29554,0,12
2026-10-09T06:04:33.233495840Z,7.890444,123.269615,Cloud to Ground,-27994,0,12
2026-10-09T06:04:33.188970526Z,7.898541,123.274352,Cloud to Ground,-20515,0,18
2026-10-09T06:04:33.529690641Z,7.969452,123.207318,Cloud to Ground,-20129,0,12
2026-10-09T06:04:33.288721824Z,7.904519,123.235381,Cloud to Cloud,-17066,6216,22
2026-10-09T06:04:33.392249000Z,7.9376,123.3329,Cloud to Ground,-16289,0,5
2026-10-09T06:04:33.109339193Z,7.383301,131.482217,Cloud to Ground,-10425,0,18
2026-10-09T06:04:33.151333935Z,7.42496,131.606632,Cloud to Ground,-13230,0,18
2026-10-09T06:04:38.124934224Z,9.482216,122.878415,Cloud to Ground,-14937,0,14
2026-10-09T06:04:39.522145033Z,18.677713,123.435884,Cloud to Cloud,6320,16330,6
2026-10-09T06:04:42.945908688Z,9.028604,117.891492,Cloud to Cloud,17704,11216,8
2026-10-09T06:04:42.947105506Z,9.053307,118.008724,Cloud to Ground,15389,0,8
2026-10-09T06:04:42.391190784Z,18.816324,110.39408,Cloud to Ground,59115,0,7
2026-10-09T06:04:42.121504780Z,18.957349,110.460939,Cloud to Ground,17514,0,6
2026-10-09T06:04:42.389815837Z,18.909975,110.433499,Cloud to Ground,23803,0,14
2026-10-09T06:04:43.903651689Z,4.73735,111.786173,Cloud to Ground,-43029,0,13
2026-10-09T06:04:43.961697124Z,4.654513,111.801348,Cloud to Ground,-25031,0,22
2026-10-09T06:04:43.936113679Z,4.68445,111.729932,Cloud to Ground,-15757,0,11
2026-10-09T06:04:43.888053530Z,4.694894,111.843545,Cloud to Ground,9180,0,7
2026-10-09T06:04:44.087644253Z,4.657324,111.83227,Cloud to Ground,22337,0,12
2026-10-09T06:04:44.721722618Z,15.350379,113.367212,Cloud to Cloud,-10659,9051,6
2026-10-09T06:04:45.582864880Z,8.722209,117.374469,Cloud to Cloud,-21763,11573,10
2026-10-09T06:04:45.494707755Z,8.80484,117.322667,Cloud to Ground,-22861,0,7
2026-10-09T06:04:45.530427488Z,8.82964,117.278728,Cloud to Cloud,-9543,3023,6
2026-10-09T06:04:45.576705304Z,8.833245,117.27278,Cloud to Ground,-7852,0,7
2026-10-09T06:04:45.725699522Z,8.879641,117.287114,Cloud to Ground,32259,0,9
2026-10-09T06:04:45.666106665Z,8.84977,117.289393,Cloud to Cloud,42131,9956,11
2026-10-09T06:04:49.421191752Z,4.399916,116.134367,Cloud to Ground,-37293,0,16
2026-10-09T06:04:49.542849784Z,4.402611,116.118029,Cloud to Cloud,-16936,3238,22
2026-10-09T06:04:49.491143916Z,4.481,116.1064,Cloud to Ground,34082,0,24
2026-10-09T06:04:49.493705897Z,4.379044,116.119468,Cloud to Ground,45317,0,27
2026-10-09T06:04:51.085441647Z,3.221215,121.609576,Cloud to Cloud,16837,5494,7
2026-10-09T06:04:51.087533047Z,3.172415,121.557494,Cloud to Ground,36987,0,22
2026-10-09T06:04:55.773857698Z,6.386686,117.564954,Cloud to Ground,-16826,0,16
2026-10-09T06:04:55.444857475Z,2.970744,121.659763,Cloud to Cloud,-26747,8066,20
2026-10-09T06:04:55.420350604Z,3.040697,121.69507,Cloud to Ground,14843,0,16
2026-10-09T06:04:55.618507721Z,11.820646,125.089959,Cloud to Cloud,12980,13072,8
2026-10-09T06:04:56.044713741Z,8.107362,125.127033,Cloud to Cloud,7328,3731,8
2026-10-09T06:04:56.802973178Z,8.041295,123.146057,Cloud to Ground,-17885,0,8
2026-10-09T06:04:56.949076245Z,10.639991,122.032623,Cloud to Cloud,-13353,6740,10
2026-10-09T06:04:57.083271163Z,10.794912,122.070875,Cloud to Cloud,-5784,3459,7
2026-10-09T06:04:59.909572231Z,15.292244,111.47011,Cloud to Ground,-20453,0,9
2026-10-09T06:04:59.908067504Z,15.283359,111.408648,Cloud to Ground,10527,0,10
2026-10-09T06:04:59.918663659Z,15.288783,111.482037,Cloud to Cloud,13612,17131,11
2026-10-09T06:04:59.910591401Z,15.292618,111.459768,Cloud to Ground,19711,0,11
2026-10-09T06:05:00.159441581Z,9.233979,117.535656,Cloud to Cloud,-16114,18800,10
2026-10-09T06:05:00.154106716Z,9.237028,117.551014,Cloud to Cloud,-13011,10801,8
2026-10-09T06:05:00.172549733Z,9.154012,117.576738,Cloud to Cloud,-7170,18706,6
2026-10-09T06:05:00.011147552Z,7.914455,131.346978,Cloud to Ground,-23150,0,18
2026-10-09T06:05:00.018907581Z,7.951692,131.375137,Cloud to Cloud,-4930,5371,6
2026-10-09T06:05:00.061531942Z,7.962244,131.208664,Cloud to Cloud,-10805,13846,8
2026-10-09T06:05:00.012294752Z,7.933377,131.208933,Cloud to Cloud,8454,3730,8
2026-10-09T06:05:00.009863248Z,7.923376,131.246296,Cloud to Cloud,9566,7806,11
2026-10-09T06:05:01.255192162Z,7.714599,116.700228,Cloud to Cloud,-110379,3033,14
2026-10-09T06:05:01.252636625Z,7.788673,116.685946,Cloud to Ground,-101830,0,11
2026-10-09T06:05:01.454976869Z,7.730746,116.701091,Cloud to Ground,-35529,0,9
2026-10-09T06:05:01.884138483Z,8.389065,123.73278,Cloud to Ground,30784,0,26
2026-10-09T06:05:01.763504318Z,7.538673,131.573856,Cloud to Ground,-52842,0,36
2026-10-09T06:05:02.892806967Z,8.858007,117.256244,Cloud to Ground,-20741,0,7
2026-10-09T06:05:02.944379422Z,8.856992,117.24291,Cloud to Ground,-9596,0,12
2026-10-09T06:05:02.403733888Z,8.345142,123.514671,Cloud to Cloud,-15764,8553,11
2026-10-09T06:05:03.912732259Z,7.425163,131.588942,Cloud to Ground,-11520,0,18
2026-10-09T06:05:03.888209814Z,7.448566,131.496624,Cloud to Ground,-29891,0,32
2026-10-09T06:05:04.378605600Z,7.47895,131.467867,Cloud to Ground,-16043,0,23
2026-10-09T06:05:04.477664050Z,7.477434,131.439092,Cloud to Ground,-10532,0,15
2026-10-09T06:05:04.444265290Z,7.231862,130.447174,Cloud to Cloud,14606,8407,10
2026-10-09T06:05:05.286842114Z,13.25946,132.305523,Cloud to Ground,-29627,0,30
2026-10-09T06:05:05.291905901Z,13.313235,132.275009,Cloud to Ground,-16308,0,20
2026-10-09T06:05:05.318791066Z,13.264727,132.3358,Cloud to Ground,21688,0,20
2026-10-09T06:05:07.102699134Z,9.272631,118.401756,Cloud to Cloud,14402,7663,7
2026-10-09T06:05:07.941214038Z,15.302279,113.338413,Cloud to Ground,15823,0,7
2026-10-09T06:05:10.476944663Z,4.457705,116.107079,Cloud to Cloud,19335,6374,15
2026-10-09T06:05:10.770470581Z,4.402045,116.112409,Cloud to Ground,25411,0,16
2026-10-09T06:05:10.462598574Z,4.400008,116.12398,Cloud to Ground,120641,0,30
2026-10-09T06:05:11.718828485Z,12.272073,121.11528,Cloud to Cloud,-16871,6559,8
2026-10-09T06:05:11.718153260Z,12.267231,121.123233,Cloud to Ground,-11483,0,9
2026-10-09T06:05:11.617377000Z,12.3513,121.1415,Cloud to Ground,4290,0,9
2026-10-09T06:05:12.897144263Z,8.303361,133.70237,Cloud to Ground,-103455,0,29
2026-10-09T06:05:12.894837039Z,8.236158,133.728582,Cloud to Ground,-30125,0,23
2026-10-09T06:05:16.459041402Z,10.813428,122.145578,Cloud to Cloud,14774,19473,10
2026-10-09T06:05:19.292903581Z,16.515787,112.583051,Cloud to Cloud,-55004,3101,12
2026-10-09T06:05:19.286962263Z,16.48173,112.564276,Cloud to Cloud,-48162,17198,9
2026-10-09T06:05:20.067303912Z,6.922856,120.778415,Cloud to Cloud,36617,7809,9
2026-10-09T06:05:20.063417765Z,6.936261,120.766531,Cloud to Ground,128167,0,12
2026-10-09T06:05:20.150498504Z,7.028059,120.703478,Cloud to Ground,30226,0,10
2026-10-09T06:05:21.443067633Z,7.906521,123.202752,Cloud to Ground,12571,0,14
2026-10-09T06:05:24.939768536Z,19.054205,110.787831,Cloud to Cloud,10346,7205,9
2026-10-09T06:05:28.979883380Z,7.757096,132.205251,Cloud to Ground,52494,0,23
2026-10-09T06:05:28.511961035Z,7.780457,132.026948,Cloud to Cloud,-12116,18616,9
2026-10-09T06:05:28.539239353Z,7.842004,132.107181,Cloud to Cloud,-11460,14564,10
2026-10-09T06:05:28.509560503Z,7.787996,132.071524,Cloud to Cloud,-10211,6661,27
2026-10-09T06:05:29.144974020Z,12.567826,115.302296,Cloud to Ground,-29828,0,12
2026-10-09T06:05:29.173461588Z,12.56519,115.30272,Cloud to Cloud,-17425,4136,12
2026-10-09T06:05:29.163893261Z,12.560348,115.278478,Cloud to Cloud,-11796,4531,6
2026-10-09T06:05:29.218879145Z,12.551349,115.297899,Cloud to Cloud,-6898,5542,8
2026-10-09T06:05:30.321803571Z,3.05847,121.722589,Cloud to Ground,-59888,0,26
2026-10-09T06:05:30.394992142Z,3.054718,121.743652,Cloud to Ground,-28975,0,20
2026-10-09T06:05:30.490520581Z,3.050718,121.72125,Cloud to Ground,-17583,0,13
2026-10-09T06:05:30.370225830Z,3.045664,121.699967,Cloud to Cloud,12220,3918,15
2026-10-09T06:05:31.572750702Z,7.43139,131.5842,Cloud to Ground,14462,0,20
2026-10-09T06:05:31.628760366Z,7.378536,131.436132,Cloud to Cloud,-8843,5331,12
2026-10-09T06:05:31.782459836Z,7.387138,131.471654,Cloud to Cloud,12135,16780,13
2026-10-09T06:05:31.568955188Z,7.393225,131.453772,Cloud to Cloud,22611,4127,8
2026-10-09T06:05:31.232167652Z,15.362164,113.384801,Cloud to Ground,-20297,0,10
2026-10-09T06:05:30.940946379Z,15.372446,113.384499,Cloud to Cloud,-15082,4928,10
2026-10-09T06:05:30.941499870Z,15.370023,113.376138,Cloud to Cloud,-9525,12501,6
2026-10-09T06:05:30.955269575Z,15.411192,113.347301,Cloud to Cloud,-7892,12277,6
2026-10-09T06:05:30.925506971Z,15.369511,113.377017,Cloud to Ground,4982,0,9
2026-10-09T06:05:32.546714633Z,7.941879,123.16379,Cloud to Ground,29899,0,16
2026-10-09T06:05:33.053317139Z,7.952096,131.234397,Cloud to Cloud,10364,3665,9
2026-10-09T06:05:33.058018116Z,7.920725,131.212432,Cloud to Cloud,12868,18990,9
2026-10-09T06:05:34.098978931Z,13.332294,132.202511,Cloud to Cloud,-11763,6998,19
2026-10-09T06:05:35.726516884Z,11.170058,124.507814,Cloud to Ground,-18109,0,19
2026-10-09T06:05:37.311258110Z,8.369004,123.549367,Cloud to Cloud,-12118,5041,9
2026-10-09T06:05:37.703592847Z,9.349239,122.874226,Cloud to Cloud,15739,6384,7
2026-10-09T06:05:37.761228818Z,10.143025,123.914146,Cloud to Cloud,29863,13674,9
2026-10-09T06:05:38.436190633Z,8.137219,125.238397,Cloud to Cloud,-6440,9570,9
2026-10-09T06:05:38.212576260Z,7.806689,123.357247,Cloud to Cloud,10707,11226,8
2026-10-09T06:05:39.278415987Z,8.89282,115.837163,Cloud to Cloud,-42567,9937,15
2026-10-09T06:05:39.310593083Z,8.977627,115.846408,Cloud to Ground,27414,0,17
2026-10-09T06:05:40.817759882Z,7.886948,123.224345,Cloud to Ground,-40594,0,17
2026-10-09T06:05:40.894881775Z,7.890507,123.20763,Cloud to Ground,-22237,0,25
2026-10-09T06:05:41.004804877Z,7.896575,123.223411,Cloud to Ground,-14633,0,14
2026-10-09T06:05:41.129670524Z,7.969166,123.151041,Cloud to Ground,-26292,0,25
2026-10-09T06:05:40.905709741Z,7.959926,123.138857,Cloud to Ground,-25507,0,21
2026-10-09T06:05:41.002451291Z,7.969602,123.135645,Cloud to Ground,-16333,0,14
2026-10-09T06:05:41.059310135Z,7.973267,123.150269,Cloud to Ground,-14062,0,12
2026-10-09T06:05:41.429924661Z,8.842774,117.240373,Cloud to Cloud,-12277,10495,8
2026-10-09T06:05:41.965044867Z,5.906979,117.065617,Cloud to Ground,57196,0,19
2026-10-09T06:05:43.201562857Z,7.200631,126.126203,Cloud to Ground,-22010,0,22
2026-10-09T06:05:43.252888970Z,7.273354,126.113463,Cloud to Ground,-16958,0,14
2026-10-09T06:05:43.103393000Z,7.2401,126.2218,Cloud to Ground,15507,0,6
2026-10-09T06:05:43.009693101Z,17.77423,123.173868,Cloud to Ground,-82944,0,16
2026-10-09T06:05:44.962905595Z,4.664139,111.827052,Cloud to Ground,-10897,0,5
2026-10-09T06:05:44.831331785Z,4.783339,111.851951,Cloud to Ground,-34033,0,12
2026-10-09T06:05:46.703820581Z,4.42537,116.026138,Cloud to Ground,-45347,0,31
2026-10-09T06:05:46.983806068Z,4.421394,116.112943,Cloud to Ground,-18282,0,13
2026-10-09T06:05:46.753956643Z,4.401413,116.113277,Cloud to Ground,24046,0,14
2026-10-09T06:05:47.007703087Z,4.400995,116.11816,Cloud to Ground,24914,0,16
2026-10-09T06:05:46.786908857Z,4.404588,116.119424,Cloud to Ground,57290,0,16
2026-10-09T06:05:46.235863877Z,9.925487,124.376045,Cloud to Cloud,13635,19480,9
2026-10-09T06:05:48.436002543Z,15.340688,113.292954,Cloud to Ground,21674,0,9
2026-10-09T06:05:49.858667052Z,6.796403,120.910312,Cloud to Ground,64205,0,20
2026-10-09T06:05:49.967870561Z,7.966586,131.237648,Cloud to Ground,-18557,0,11
2026-10-09T06:05:50.460505694Z,7.900152,131.237735,Cloud to Ground,-13814,0,28
2026-10-09T06:05:49.992542044Z,7.939526,131.234436,Cloud to Ground,-13192,0,20
2026-10-09T06:05:49.953725557Z,7.939242,131.272897,Cloud to Cloud,13801,14092,28
2026-10-09T06:05:50.602441200Z,6.458601,124.468196,Cloud to Ground,-21157,0,7
2026-10-09T06:05:50.402611278Z,7.8343,131.37605,Cloud to Ground,-18324,0,14
2026-10-09T06:05:50.461199022Z,7.896528,131.379597,Cloud to Ground,11998,0,9
2026-10-09T06:05:50.670527516Z,8.005621,131.320005,Cloud to Ground,17490,0,7
2026-10-09T06:05:50.373557615Z,11.786927,125.118715,Cloud to Cloud,13884,17099,6
2026-10-09T06:05:52.054335707Z,13.419248,132.260626,Cloud to Ground,-24202,0,12
2026-10-09T06:05:52.080713520Z,13.435158,132.303672,Cloud to Ground,-20300,0,17
2026-10-09T06:05:52.150287797Z,13.365356,132.210654,Cloud to Ground,-18472,0,28
2026-10-09T06:05:52.228236406Z,13.370843,132.337219,Cloud to Cloud,9640,7351,9
2026-10-09T06:05:52.100499160Z,13.373039,132.353802,Cloud to Cloud,10860,18423,9
2026-10-09T06:05:52.110966789Z,13.349719,132.371258,Cloud to Ground,30112,0,13
2026-10-09T06:05:53.464530322Z,7.881074,123.16883,Cloud to Ground,43788,0,9
2026-10-09T06:05:53.232116515Z,9.879273,118.816779,Cloud to Cloud,23537,19078,6
2026-10-09T06:05:53.212554523Z,12.426128,122.789708,Cloud to Ground,-24395,0,13
2026-10-09T06:05:53.251539950Z,12.418754,122.834533,Cloud to Ground,-15872,0,7
2026-10-09T06:05:54.238336656Z,7.984433,123.240133,Cloud to Ground,-27039,0,16
2026-10-09T06:05:54.168644205Z,7.905589,123.299718,Cloud to Ground,-22749,0,10
2026-10-09T06:05:54.169835466Z,7.910893,123.311095,Cloud to Ground,-17186,0,15
2026-10-09T06:05:56.829383303Z,7.877151,123.195963,Cloud to Ground,27107,0,22
2026-10-09T06:05:57.080717302Z,7.408349,131.614843,Cloud to Ground,-8218,0,8
2026-10-09T06:05:57.074920649Z,7.433302,131.450047,Cloud to Cloud,12971,5123,8
2026-10-09T06:05:57.070538359Z,7.418479,131.481648,Cloud to Ground,18706,0,15
2026-10-09T06:05:57.291868000Z,7.3112,131.6517,Cloud to Ground,6872,0,5
2026-10-09T06:06:00.159742610Z,8.069021,125.257989,Cloud to Cloud,11074,14839,10
2026-10-09T06:06:00.066722125Z,7.995961,125.205218,Cloud to Cloud,18207,13930,11
2026-10-09T06:06:02.752144058Z,7.96392,119.415532,Cloud to Ground,15707,0,10
2026-10-09T06:06:02.754968721Z,8.036978,119.55538,Cloud to Cloud,-16882,5463,12
2026-10-09T06:06:02.753157137Z,7.860239,119.4849,Cloud to Cloud,20977,8895,8
2026-10-09T06:06:02.983569295Z,13.328276,132.413145,Cloud to Ground,15198,0,10
2026-10-09T06:06:03.303399187Z,9.301562,118.4446,Cloud to Cloud,18022,16315,10
2026-10-09T06:06:03.320063054Z,9.410061,118.380654,Cloud to Cloud,-10965,3001,6
2026-10-09T06:06:04.768583007Z,8.294602,125.298343,Cloud to Cloud,8728,5058,7
2026-10-09T06:06:05.370343436Z,5.532065,116.759641,Cloud to Ground,17074,0,15
2026-10-09T06:06:06.349340685Z,15.363179,113.383624,Cloud to Cloud,-13106,7432,8
2026-10-09T06:06:06.386014140Z,15.363016,113.3519,Cloud to Cloud,-7223,17844,7
2026-10-09T06:06:06.682609414Z,15.34631,113.282875,Cloud to Cloud,-7032,7263,8
2026-10-09T06:06:06.345206727Z,15.349351,113.300819,Cloud to Cloud,2669,3017,5
2026-10-09T06:06:06.403188439Z,15.34412,113.308279,Cloud to Ground,8837,0,10
2026-10-09T06:06:08.592293303Z,7.457322,131.451369,Cloud to Ground,-18253,0,27
2026-10-09T06:06:08.657695699Z,7.454416,131.475436,Cloud to Ground,-16620,0,28
2026-10-09T06:06:08.713907578Z,7.434416,131.422516,Cloud to Ground,-13822,0,11
2026-10-09T06:06:09.174625997Z,3.680389,113.51553,Cloud to Ground,-25438,0,16
2026-10-09T06:06:10.288969092Z,8.009675,125.342715,Cloud to Cloud,8954,19331,7
2026-10-09T06:06:10.199289436Z,8.217723,125.205501,Cloud to Ground,-20707,0,7
2026-10-09T06:06:10.250141814Z,8.147615,125.259577,Cloud to Ground,22254,0,18
2026-10-09T06:06:12.111409825Z,6.450763,124.634419,Cloud to Ground,-51910,0,24
2026-10-09T06:06:12.425449699Z,5.946014,123.865419,Cloud to Ground,-39759,0,27
2026-10-09T06:06:12.183283492Z,5.979763,123.849149,Cloud to Ground,41353,0,23
2026-10-09T06:06:14.856078923Z,15.585621,113.140051,Cloud to Cloud,-13553,3017,8
2026-10-09T06:06:14.853418000Z,15.5953,113.128,Cloud to Ground,25011,0,14
2026-10-09T06:06:14.850848109Z,15.597811,113.134048,Cloud to Cloud,47560,12434,14
2026-10-09T06:06:15.147327394Z,14.120762,110.148672,Cloud to Ground,-37528,0,9
2026-10-09T06:06:15.121253879Z,14.136871,110.090012,Cloud to Ground,-17676,0,10
2026-10-09T06:06:15.120783638Z,14.107779,110.118712,Cloud to Cloud,-16568,3710,11
2026-10-09T06:06:16.930775167Z,9.061978,117.993553,Cloud to Cloud,-17213,7464,9
2026-10-09T06:06:16.932188115Z,9.09839,117.986545,Cloud to Cloud,-12953,10922,6
2026-10-09T06:06:17.161589189Z,10.754606,122.095564,Cloud to Ground,39716,0,13
2026-10-09T06:06:17.550768867Z,10.719024,122.188206,Cloud to Cloud,10789,6406,6
2026-10-09T06:06:18.607136740Z,4.485267,116.090909,Cloud to Ground,-25846,0,17
2026-10-09T06:06:18.139527233Z,4.463915,116.100369,Cloud to Ground,-14707,0,13
2026-10-09T06:06:18.544417819Z,4.479939,116.082297,Cloud to Ground,24120,0,15
2026-10-09T06:06:19.131683550Z,8.236635,125.35212,Cloud to Ground,-48474,0,11
2026-10-09T06:06:20.762356155Z,3.162489,121.569457,Cloud to Ground,-32160,0,22
2026-10-09T06:06:20.811145407Z,3.163689,121.560605,Cloud to Ground,-21460,0,22
2026-10-09T06:06:20.771071000Z,3.16,121.5792,Cloud to Ground,71713,0,8
2026-10-09T06:06:20.229009916Z,15.35719,113.387029,Cloud to Ground,-39853,0,14
2026-10-09T06:06:20.197066036Z,15.364244,113.376946,Cloud to Cloud,-14646,12301,11
2026-10-09T06:06:20.329861785Z,15.355618,113.35502,Cloud to Cloud,10804,3164,8
2026-10-09T06:06:25.317636539Z,7.882034,123.166277,Cloud to Ground,29216,0,10
2026-10-09T06:06:30.092918080Z,1.366418,118.480261,Cloud to Ground,-12895,0,11
2026-10-09T06:06:32.616187683Z,11.223177,125.317854,Cloud to Cloud,11467,16643,7
2026-10-09T06:06:32.615411430Z,11.228543,125.350708,Cloud to Cloud,13433,19067,10
2026-10-09T06:06:33.479115218Z,4.396936,116.111114,Cloud to Ground,14831,0,17
2026-10-09T06:06:33.517291203Z,4.399628,116.112741,Cloud to Ground,17577,0,16
2026-10-09T06:06:33.497971324Z,4.400223,116.1118,Cloud to Ground,19722,0,16
2026-10-09T06:06:33.465172692Z,4.398635,116.12045,Cloud to Ground,37689,0,16
2026-10-09T06:06:33.434370175Z,4.398437,116.122719,Cloud to Ground,95425,0,18
2026-10-09T06:06:33.127724275Z,9.310927,122.975182,Cloud to Cloud,-20108,16269,7
2026-10-09T06:06:35.288105981Z,7.90533,131.355281,Cloud to Ground,-34604,0,20
2026-10-09T06:06:35.318878958Z,7.9045,131.357862,Cloud to Ground,-33995,0,21
2026-10-09T06:06:35.558391634Z,7.89298,131.371354,Cloud to Ground,-29950,0,16
2026-10-09T06:06:35.136370160Z,8.031062,131.335631,Cloud to Ground,-28460,0,13
2026-10-09T06:06:35.248011783Z,8.008906,131.349113,Cloud to Ground,-25114,0,23
2026-10-09T06:06:35.456450850Z,7.911295,131.360828,Cloud to Ground,-21769,0,24
2026-10-09T06:06:35.867612409Z,7.916988,131.394472,Cloud to Ground,13615,0,10
2026-10-09T06:06:35.196292463Z,7.900455,131.382833,Cloud to Ground,18046,0,21
2026-10-09T06:06:35.151746023Z,7.902303,131.398911,Cloud to Ground,20366,0,24
2026-10-09T06:06:35.770082469Z,8.010157,131.358165,Cloud to Ground,22114,0,15
2026-10-09T06:06:34.997174341Z,7.962013,131.382655,Cloud to Ground,116576,0,13
2026-10-09T06:06:34.156239685Z,19.058772,110.795845,Cloud to Cloud,18059,5187,12
2026-10-09T06:06:34.156666541Z,19.034381,110.799733,Cloud to Ground,34975,0,11
2026-10-09T06:06:35.099137846Z,7.157086,131.552399,Cloud to Ground,-16722,0,15
2026-10-09T06:06:35.058569652Z,7.939254,131.252018,Cloud to Ground,-44300,0,32
2026-10-09T06:06:37.680422154Z,7.912961,123.225853,Cloud to Ground,18250,0,9
2026-10-09T06:06:37.813091462Z,7.825055,123.285071,Cloud to Cloud,15931,3535,7
2026-10-09T06:06:38.980127472Z,9.474441,122.8865,Cloud to Ground,-11830,0,11
2026-10-09T06:06:38.098031289Z,1.355739,118.40955,Cloud to Ground,-16193,0,8
2026-10-09T06:06:39.423988396Z,7.408349,131.470615,Cloud to Ground,24103,0,16
2026-10-09T06:06:39.419028695Z,7.433363,131.593169,Cloud to Ground,26974,0,26
2026-10-09T06:06:41.209950568Z,15.370291,113.382036,Cloud to Ground,-14935,0,10
2026-10-09T06:06:41.180681490Z,15.36029,113.380389,Cloud to Cloud,-13370,3137,9
2026-10-09T06:06:41.279225902Z,15.3582,113.34614,Cloud to Cloud,-10371,17920,12
2026-10-09T06:06:41.175469482Z,15.36093,113.383011,Cloud to Cloud,-9384,3070,7
2026-10-09T06:06:41.417235741Z,15.326526,113.28067,Cloud to Ground,7301,0,7
2026-10-09T06:06:41.194045289Z,15.17683,113.347837,Cloud to Cloud,-26545,5247,9
2026-10-09T06:06:43.792535980Z,8.143443,125.235439,Cloud to Ground,20441,0,18
2026-10-09T06:06:43.355517715Z,7.042722,120.689125,Cloud to Ground,-24768,0,21
2026-10-09T06:06:47.951120018Z,9.431398,122.956271,Cloud to Cloud,-7055,14488,7
2026-10-09T06:06:48.922369240Z,8.271973,123.672839,Cloud to Ground,28902,0,8
2026-10-09T06:06:49.500060493Z,1.358629,118.464913,Cloud to Ground,-12885,0,12
2026-10-09T06:06:50.491973066Z,8.98586,115.746149,Cloud to Ground,15512,0,12
2026-10-09T06:06:50.612439685Z,7.944992,123.204114,Cloud to Cloud,-11898,3047,10
2026-10-09T06:06:51.075970540Z,7.956408,123.145737,Cloud to Ground,-9778,0,16
2026-10-09T06:06:50.975231537Z,7.892848,123.209235,Cloud to Ground,13144,0,8
2026-10-09T06:06:50.956865867Z,7.952213,123.272837,Cloud to Cloud,17672,10328,9
2026-10-09T06:06:51.037211869Z,7.978546,125.419378,Cloud to Cloud,-11513,16797,8
2026-10-09T06:06:53.249937235Z,4.467333,116.077354,Cloud to Ground,-20411,0,10
2026-10-09T06:06:53.197668680Z,4.369273,116.10147,Cloud to Cloud,-10979,3037,13
2026-10-09T06:06:53.262262592Z,4.397885,116.100077,Cloud to Cloud,10137,7273,6
2026-10-09T06:06:54.196211033Z,11.105691,124.515237,Cloud to Cloud,-8068,14052,8
2026-10-09T06:06:56.902236155Z,7.882416,123.172963,Cloud to Cloud,10738,3164,6
2026-10-09T06:06:56.827939304Z,15.378075,113.374632,Cloud to Cloud,-6246,15848,6
2026-10-09T06:06:56.828774610Z,15.369394,113.338182,Cloud to Cloud,6431,7405,7
2026-10-09T06:06:56.847208200Z,15.373125,113.302137,Cloud to Ground,14897,0,7
2026-10-09T06:06:59.257361460Z,7.89428,123.192604,Cloud to Ground,-28527,0,10
2026-10-09T06:06:59.544208524Z,7.973429,123.146256,Cloud to Ground,-27848,0,7
2026-10-09T06:06:59.362684241Z,7.965304,123.149381,Cloud to Ground,-18098,0,24
2026-10-09T06:06:59.401259694Z,7.964196,123.138151,Cloud to Ground,-14534,0,10
2026-10-09T06:06:59.663194379Z,7.961549,123.145415,Cloud to Ground,-13830,0,17
2026-10-09T06:06:59.439542716Z,7.950611,123.119675,Cloud to Ground,-10963,0,13
2026-10-09T06:07:00.471780703Z,7.819028,123.248517,Cloud to Ground,31958,0,8
2026-10-09T06:07:00.636998957Z,7.973896,123.139519,Cloud to Ground,-34243,0,19
2026-10-09T06:07:00.422065550Z,19.009639,110.43285,Cloud to Ground,-23796,0,9
2026-10-09T06:07:02.209484240Z,7.523584,131.587431,Cloud to Ground,-56957,0,27
2026-10-09T06:07:02.256189763Z,7.515209,131.567673,Cloud to Ground,-41690,0,27
2026-10-09T06:07:02.658640542Z,7.477259,131.492837,Cloud to Ground,-12956,0,20
2026-10-09T06:07:02.632710000Z,7.4685,131.6271,Cloud to Ground,11369,0,6
2026-10-09T06:07:02.304228242Z,7.434967,131.652226,Cloud to Ground,11444,0,8
2026-10-09T06:07:02.233214041Z,7.517061,131.582226,Cloud to Cloud,24375,3033,16
2026-10-09T06:07:04.875155820Z,3.047862,121.703218,Cloud to Cloud,-15852,16290,12
2026-10-09T06:07:04.051206692Z,2.949227,112.847476,Cloud to Cloud,-16400,3242,18
2026-10-09T06:07:04.076990820Z,2.939796,112.869266,Cloud to Ground,-14471,0,8
2026-10-09T06:07:05.243493646Z,14.995517,111.753544,Cloud to Ground,-15940,0,8
2026-10-09T06:07:06.934792179Z,8.118442,125.285267,Cloud to Cloud,-15434,17965,16
2026-10-09T06:07:08.464703473Z,7.933509,123.139296,Cloud to Ground,27655,0,18
2026-10-09T06:07:12.064283471Z,14.851692,112.138199,Cloud to Cloud,-8893,16614,12
2026-10-09T06:07:12.076734024Z,14.820295,112.063015,Cloud to Ground,7494,0,7
2026-10-09T06:07:12.067351470Z,14.820616,112.081528,Cloud to Ground,23347,0,9
2026-10-09T06:07:12.065111554Z,14.835933,112.067568,Cloud to Ground,45014,0,10
2026-10-09T06:07:13.487877372Z,4.719831,111.835073,Cloud to Ground,-113073,0,21
2026-10-09T06:07:13.483531793Z,4.704944,111.839736,Cloud to Ground,-95379,0,16
2026-10-09T06:07:13.924249014Z,4.75413,111.87085,Cloud to Ground,12801,0,8
2026-10-09T06:07:13.569149603Z,4.690984,111.837476,Cloud to Ground,34396,0,19
2026-10-09T06:07:13.245504882Z,15.248354,113.302235,Cloud to Ground,-12211,0,6
2026-10-09T06:07:13.288476425Z,15.364994,113.387657,Cloud to Cloud,-19041,3007,7
2026-10-09T06:07:13.169663580Z,15.35891,113.366873,Cloud to Cloud,-14412,3062,12
2026-10-09T06:07:14.059343218Z,8.855012,115.772772,Cloud to Cloud,14506,3639,11
2026-10-09T06:07:14.059823872Z,8.939308,115.850098,Cloud to Cloud,9079,15550,9
2026-10-09T06:07:14.057953883Z,8.895316,115.866144,Cloud to Ground,131174,0,18
2026-10-09T06:07:16.730839722Z,7.890824,131.265279,Cloud to Cloud,-12771,18555,14
2026-10-09T06:07:16.594891540Z,7.998545,131.303824,Cloud to Cloud,-10757,12375,10
2026-10-09T06:07:16.584548120Z,7.937826,131.362761,Cloud to Ground,13732,0,17
2026-10-09T06:07:16.591894178Z,7.955644,131.239715,Cloud to Ground,16234,0,22
2026-10-09T06:07:17.564423529Z,2.444009,122.047006,Cloud to Ground,-8964,0,13
2026-10-09T06:07:18.638795040Z,13.251358,132.309409,Cloud to Cloud,-10883,3167,12
2026-10-09T06:07:18.607454225Z,13.275339,132.334765,Cloud to Cloud,6576,6754,7
2026-10-09T06:07:18.608628413Z,13.26603,132.322217,Cloud to Ground,31283,0,16
2026-10-09T06:07:20.595599380Z,7.910086,123.13927,Cloud to Cloud,16488,18023,6
2026-10-09T06:07:21.358042621Z,7.881303,123.193602,Cloud to Cloud,-13461,16332,9
2026-10-09T06:07:23.116956001Z,13.425651,132.267065,Cloud to Cloud,-12272,4260,19
2026-10-09T06:07:26.442911953Z,9.323599,118.224361,Cloud to Ground,-23172,0,11
2026-10-09T06:07:26.443649885Z,9.298938,118.205308,Cloud to Ground,30210,0,14
2026-10-09T06:07:31.557194610Z,8.548298,125.408072,Cloud to Ground,-35678,0,19
2026-10-09T06:07:33.858120325Z,7.957302,123.124149,Cloud to Ground,16014,0,15
2026-10-09T06:07:34.832773128Z,8.812118,117.249512,Cloud to Cloud,-10143,3006,6
2026-10-09T06:07:34.703374281Z,9.766164,118.681827,Cloud to Cloud,21332,11284,9
2026-10-09T06:07:34.937748549Z,7.408483,131.602265,Cloud to Ground,-17198,0,21
2026-10-09T06:07:34.950239224Z,7.465067,131.444364,Cloud to Ground,-16653,0,13
2026-10-09T06:07:34.713660129Z,7.394493,131.474807,Cloud to Ground,-11968,0,22
2026-10-09T06:07:34.754373813Z,7.459722,131.505146,Cloud to Ground,-11088,0,28
2026-10-09T06:07:34.783214859Z,7.472335,131.463516,Cloud to Cloud,13575,16629,13
2026-10-09T06:07:35.111916902Z,7.799303,122.936669,Cloud to Cloud,-6080,18555,7
2026-10-09T06:07:35.108819508Z,9.813006,118.812644,Cloud to Ground,-10842,0,8
2026-10-09T06:07:35.616201531Z,15.301897,113.229248,Cloud to Cloud,6012,3040,7
2026-10-09T06:07:38.397463087Z,2.96331,113.126416,Cloud to Ground,19756,0,13
2026-10-09T06:07:38.398830948Z,2.979209,113.103319,Cloud to Ground,27046,0,8
2026-10-09T06:07:41.259324979Z,1.456772,118.443983,Cloud to Cloud,-14584,19393,11
2026-10-09T06:07:42.687830310Z,8.250979,123.564666,Cloud to Ground,25997,0,19
2026-10-09T06:07:42.753963186Z,8.328654,123.495868,Cloud to Ground,-11175,0,12
2026-10-09T06:07:44.791803144Z,8.083399,123.269937,Cloud to Ground,-22640,0,27
2026-10-09T06:07:44.655687936Z,7.96586,123.311359,Cloud to Ground,-21652,0,11
2026-10-09T06:07:45.437861649Z,9.281468,117.971948,Cloud to Ground,-13764,0,8
2026-10-09T06:07:45.432439001Z,9.27092,117.962537,Cloud to Ground,-12346,0,10
2026-10-09T06:07:45.468949155Z,9.276861,117.941723,Cloud to Ground,12411,0,8
2026-10-09T06:07:45.421915599Z,9.200151,117.932387,Cloud to Ground,12549,0,9
2026-10-09T06:07:45.453709174Z,9.306724,117.94889,Cloud to Cloud,13316,14747,7
2026-10-09T06:07:45.419509690Z,9.27415,117.950604,Cloud to Ground,27586,0,8
2026-10-09T06:07:46.078733111Z,7.939112,123.147298,Cloud to Ground,21554,0,9
2026-10-09T06:07:46.967485151Z,7.421525,131.600019,Cloud to Ground,-24675,0,24
2026-10-09T06:07:47.029359073Z,7.477012,131.398694,Cloud to Ground,-23850,0,12
2026-10-09T06:07:49.413570947Z,7.890127,131.311028,Cloud to Cloud,-12596,16695,18
2026-10-09T06:07:49.704316871Z,7.999602,131.37222,Cloud to Cloud,-10530,7891,14
2026-10-09T06:07:49.414259000Z,7.8476,131.4536,Cloud to Ground,26529,0,9
2026-10-09T06:07:49.674062663Z,7.882436,123.185396,Cloud to Ground,36953,0,10
2026-10-09T06:07:49.078521867Z,4.405387,116.080942,Cloud to Cloud,-15581,17549,21
2026-10-09T06:07:49.066442295Z,4.395523,116.12841,Cloud to Ground,-11157,0,12
2026-10-09T06:07:49.069694593Z,4.397123,116.128528,Cloud to Ground,27210,0,19
2026-10-09T06:07:49.108281531Z,4.391037,116.124899,Cloud to Ground,91290,0,29
2026-10-09T06:07:49.037294454Z,4.39839,116.130813,Cloud to Ground,153586,0,15
2026-10-09T06:07:50.816200960Z,7.776327,123.264172,Cloud to Cloud,17445,4372,8
2026-10-09T06:07:50.965729577Z,7.785755,123.26124,Cloud to Cloud,19215,11732,8
2026-10-09T06:07:51.074035734Z,7.953701,123.180044,Cloud to Cloud,-13865,18325,13
2026-10-09T06:07:50.774358298Z,7.88234,123.210968,Cloud to Ground,12241,0,12
2026-10-09T06:07:50.690845011Z,7.892482,123.198247,Cloud to Ground,15823,0,12
2026-10-09T06:07:50.144681114Z,14.076589,110.109586,Cloud to Cloud,-14034,5514,7
2026-10-09T06:07:50.167462272Z,14.095585,110.105637,Cloud to Ground,44408,0,12
2026-10-09T06:07:50.557014806Z,19.003891,110.424424,Cloud to Ground,-29884,0,7
2026-10-09T06:07:50.637757267Z,19.043546,110.397464,Cloud to Ground,14132,0,7
2026-10-09T06:07:55.750109449Z,7.926509,125.326381,Cloud to Ground,13025,0,7
2026-10-09T06:07:55.755675000Z,8.1335,125.1671,Cloud to Ground,20134,0,8
2026-10-09T06:07:57.730600427Z,6.393782,124.495214,Cloud to Ground,39530,0,19
2026-10-09T06:07:57.779596860Z,12.378982,122.825488,Cloud to Ground,-13723,0,10
2026-10-09T06:07:58.144457177Z,16.657854,114.398382,Cloud to Cloud,-12058,4347,8
2026-10-09T06:07:58.173886519Z,16.574532,114.482961,Cloud to Cloud,-10001,3001,6
2026-10-09T06:07:58.261755498Z,15.366377,113.360333,Cloud to Cloud,-9980,19278,10
2026-10-09T06:07:58.318180129Z,15.342188,113.304617,Cloud to Cloud,8158,3016,8
2026-10-09T06:07:58.485883140Z,15.353133,113.274117,Cloud to Ground,13592,0,10
2026-10-09T06:08:05.197361291Z,1.387657,118.506719,Cloud to Ground,-8722,0,16
2026-10-09T06:08:09.878700256Z,7.236523,125.33649,Cloud to Cloud,-27334,12545,13
2026-10-09T06:08:11.145867805Z,7.992021,123.187234,Cloud to Ground,-28947,0,30
2026-10-09T06:08:13.994468026Z,8.865894,117.252316,Cloud to Cloud,-17024,12337,11
2026-10-09T06:08:13.812809702Z,8.878222,117.35943,Cloud to Cloud,-11041,12592,11
2026-10-09T06:08:13.771255651Z,8.814598,117.404069,Cloud to Ground,12569,0,12
2026-10-09T06:08:13.774067710Z,8.808334,117.316104,Cloud to Ground,24028,0,20
2026-10-09T06:08:13.683494375Z,12.52306,115.317641,Cloud to Ground,-15232,0,7
2026-10-09T06:08:13.700951895Z,12.58288,115.269919,Cloud to Ground,38020,0,7
2026-10-09T06:08:15.736807142Z,6.899121,110.483259,Cloud to Cloud,17016,16855,10
2026-10-09T06:08:15.742407248Z,6.921899,110.574934,Cloud to Ground,-11224,0,7
2026-10-09T06:08:16.130079714Z,6.330207,124.882062,Cloud to Ground,30111,0,21
2026-10-09T06:08:16.627194863Z,2.914578,112.895815,Cloud to Ground,-13390,0,5
2026-10-09T06:08:16.458943977Z,2.898144,112.799602,Cloud to Ground,-10681,0,19
2026-10-09T06:08:16.963357504Z,7.403112,131.496148,Cloud to Ground,15657,0,13
2026-10-09T06:08:17.373695406Z,9.121014,117.966333,Cloud to Cloud,-11424,6869,8
2026-10-09T06:08:17.668815687Z,9.404647,118.285739,Cloud to Ground,16964,0,8
2026-10-09T06:08:17.692562689Z,3.681206,113.539214,Cloud to Ground,29106,0,14
2026-10-09T06:08:20.944673070Z,7.305911,130.566589,Cloud to Cloud,-20578,4191,18
2026-10-09T06:08:20.569209461Z,18.953185,110.505605,Cloud to Cloud,-14486,3045,8
2026-10-09T06:08:20.562368919Z,18.944656,110.420494,Cloud to Ground,21982,0,14
2026-10-09T06:08:20.665463695Z,12.846679,114.934626,Cloud to Cloud,-11257,16356,13
2026-10-09T06:08:20.737739013Z,12.841232,114.888698,Cloud to Cloud,6409,5921,7
2026-10-09T06:08:21.654678988Z,9.102776,125.897644,Cloud to Cloud,-11172,8764,13
2026-10-09T06:08:21.917141878Z,4.462987,116.082368,Cloud to Ground,-19335,0,10
2026-10-09T06:08:21.097825834Z,15.341291,113.384161,Cloud to Cloud,-15195,3123,7
2026-10-09T06:08:21.114680727Z,15.363633,113.37756,Cloud to Cloud,-14673,4942,12
2026-10-09T06:08:21.330369810Z,15.367118,113.385046,Cloud to Ground,-9746,0,5
2026-10-09T06:08:21.041385402Z,15.33543,113.287528,Cloud to Cloud,22035,19193,7
2026-10-09T06:08:27.670552000Z,6.4623,124.5823,Cloud to Ground,-4990,0,6
2026-10-09T06:08:27.692288684Z,6.44354,124.578683,Cloud to Ground,13907,0,17
2026-10-09T06:08:30.079022000Z,7.8714,122.9227,Cloud to Ground,-13482,0,6
2026-10-09T06:08:31.852241558Z,8.525832,125.428989,Cloud to Ground,16746,0,17
2026-10-09T06:08:31.606085310Z,7.882221,123.182722,Cloud to Ground,22407,0,10
2026-10-09T06:08:32.152094677Z,7.882189,123.315613,Cloud to Cloud,14087,7904,10
2026-10-09T06:08:32.462039331Z,7.920553,131.222896,Cloud to Ground,19119,0,11
2026-10-09T06:08:32.402981093Z,7.932805,131.245798,Cloud to Cloud,31189,6618,22
2026-10-09T06:08:32.409286000Z,7.989,131.3486,Cloud to Ground,-18645,0,8
2026-10-09T06:08:32.412737331Z,7.933307,131.36226,Cloud to Cloud,-11580,6006,16
2026-10-09T06:08:32.898501473Z,7.945515,131.368143,Cloud to Cloud,9634,7163,7
2026-10-09T06:08:34.469013385Z,13.36054,132.432017,Cloud to Ground,12420,0,8
2026-10-09T06:08:34.815259565Z,16.932811,128.66016,Cloud to Cloud,-14470,3337,10
2026-10-09T06:08:34.735443159Z,16.950603,128.865398,Cloud to Ground,27319,0,12
2026-10-09T06:08:34.939534666Z,17.059098,128.627794,Cloud to Ground,-16722,0,11
2026-10-09T06:08:35.928287597Z,7.040992,120.716283,Cloud to Ground,-19308,0,23
2026-10-09T06:08:37.920604991Z,5.975374,116.999289,Cloud to Ground,-14956,0,13
2026-10-09T06:08:37.993901348Z,5.947604,117.011203,Cloud to Cloud,8057,18916,5
2026-10-09T06:08:37.539037973Z,8.331649,125.389741,Cloud to Ground,22656,0,17
2026-10-09T06:08:40.287716280Z,15.368886,113.373681,Cloud to Ground,-63451,0,15
2026-10-09T06:08:40.344921185Z,15.363039,113.373587,Cloud to Ground,-44111,0,12
2026-10-09T06:08:40.241994708Z,15.391738,113.383563,Cloud to Ground,-41106,0,14
2026-10-09T06:08:40.223080725Z,15.350089,113.314687,Cloud to Ground,-17445,0,7
2026-10-09T06:08:40.390703956Z,15.366548,113.370972,Cloud to Ground,-15807,0,8
2026-10-09T06:08:40.408192867Z,15.367013,113.373444,Cloud to Ground,16480,0,10
2026-10-09T06:08:40.433715916Z,15.370765,113.373039,Cloud to Ground,19211,0,10
2026-10-09T06:08:40.262130722Z,15.369497,113.378554,Cloud to Ground,60621,0,13
2026-10-09T06:08:40.513801655Z,15.363339,113.318879,Cloud to Ground,69479,0,14
2026-10-09T06:08:41.798835774Z,7.474776,131.51058,Cloud to Ground,-52832,0,34
2026-10-09T06:08:41.864751718Z,7.427862,131.615233,Cloud to Ground,-30446,0,27
2026-10-09T06:08:41.952505551Z,7.477602,131.448055,Cloud to Ground,-12543,0,13
2026-10-09T06:08:41.832503604Z,7.499522,131.623014,Cloud to Cloud,11733,6309,7
2026-10-09T06:08:41.851798581Z,7.516507,131.584172,Cloud to Ground,32955,0,28
2026-10-09T06:08:42.627780826Z,11.863995,123.589607,Cloud to Cloud,21943,16801,10
2026-10-09T06:08:44.716935187Z,1.353784,118.489145,Cloud to Ground,10788,0,12
2026-10-09T06:08:44.504015000Z,7.9177,123.3008,Cloud to Ground,13120,0,5
2026-10-09T06:08:44.499470879Z,7.914146,123.293678,Cloud to Ground,24299,0,19
2026-10-09T06:08:45.862345058Z,10.39562,124.941132,Cloud to Cloud,-12634,19556,8
2026-10-09T06:08:47.143017376Z,9.277407,125.846342,Cloud to Cloud,-10182,5029,9
2026-10-09T06:08:49.720410276Z,7.934483,116.760207,Cloud to Ground,47036,0,10
2026-10-09T06:08:50.081992000Z,9.4128,118.44,Cloud to Ground,-9507,0,5
2026-10-09T06:08:56.480792385Z,7.88429,123.23452,Cloud to Ground,13620,0,12
2026-10-09T06:08:56.739682000Z,7.9782,123.1896,Cloud to Ground,15917,0,5
2026-10-09T06:08:58.397121044Z,12.509649,116.250714,Cloud to Cloud,-12298,12375,7
2026-10-09T06:08:58.444419949Z,12.474035,116.27866,Cloud to Ground,7776,0,6
2026-10-09T06:08:58.434118025Z,12.429201,116.219421,Cloud to Cloud,8020,10575,10
2026-10-09T06:08:58.401151926Z,12.495489,116.300504,Cloud to Cloud,17038,5134,10
2026-10-09T06:08:59.326278792Z,7.41547,131.509916,Cloud to Cloud,-6680,5600,23
2026-10-09T06:08:59.086802221Z,7.39569,131.477331,Cloud to Cloud,9810,15062,7
2026-10-09T06:08:59.076211518Z,7.432566,131.517947,Cloud to Ground,26150,0,21
2026-10-09T06:08:59.324425251Z,7.411079,131.634952,Cloud to Ground,8013,0,7
2026-10-09T06:09:00.409821585Z,7.933845,131.238216,Cloud to Cloud,9100,3158,11
2026-10-09T06:09:00.586476487Z,7.930405,131.40335,Cloud to Cloud,-9226,14747,11
2026-10-09T06:09:00.273171604Z,14.974291,111.629367,Cloud to Ground,13626,0,11
2026-10-09T06:09:01.982579052Z,4.367353,116.16218,Cloud to Ground,-17154,0,9
2026-10-09T06:09:02.329208222Z,7.94205,119.39114,Cloud to Cloud,-31109,18180,21
2026-10-09T06:09:02.152546255Z,7.856455,119.444177,Cloud to Ground,-20600,0,9
2026-10-09T06:09:02.230341666Z,7.92314,119.384668,Cloud to Cloud,-16981,17879,18
2026-10-09T06:09:02.248049617Z,7.928191,119.393219,Cloud to Ground,-11946,0,14
2026-10-09T06:09:02.535760153Z,8.374907,123.699627,Cloud to Ground,-31586,0,9
2026-10-09T06:09:04.303164383Z,7.896402,123.160349,Cloud to Ground,25242,0,9
2026-10-09T06:09:05.859724557Z,8.829872,117.257188,Cloud to Ground,-11283,0,6
2026-10-09T06:09:06.836161283Z,7.869253,110.738432,Cloud to Cloud,18585,6949,7
2026-10-09T06:09:07.009152989Z,8.034938,123.206747,Cloud to Ground,-19016,0,28
2026-10-09T06:09:07.228401000Z,8.0385,123.3613,Cloud to Ground,-17045,0,6
2026-10-09T06:09:09.262368204Z,15.395913,113.364058,Cloud to Cloud,-20272,4428,9
2026-10-09T06:09:09.065315000Z,15.389,113.4256,Cloud to Ground,-13778,0,6
2026-10-09T06:09:09.072421888Z,15.361053,113.371908,Cloud to Ground,-9915,0,7
2026-10-09T06:09:09.090390728Z,15.373261,113.370422,Cloud to Cloud,-9003,15436,9
2026-10-09T06:09:09.096766733Z,15.371984,113.363516,Cloud to Cloud,-4678,4618,5
2026-10-09T06:09:10.906638895Z,13.121861,111.754925,Cloud to Ground,-53622,0,14
2026-10-09T06:09:10.921274860Z,13.106413,111.695013,Cloud to Cloud,-9504,5737,5
2026-10-09T06:09:11.123568893Z,3.227664,121.520748,Cloud to Cloud,-13692,3519,17
2026-10-09T06:09:11.098155597Z,3.164066,121.550464,Cloud to Ground,-9063,0,13
2026-10-09T06:09:12.812622489Z,7.916578,123.167451,Cloud to Cloud,-11335,5961,11
2026-10-09T06:09:16.224568810Z,2.788258,122.176159,Cloud to Cloud,-16717,6629,14
2026-10-09T06:09:17.325199556Z,7.097647,120.662716,Cloud to Ground,-11954,0,17
2026-10-09T06:09:17.658215997Z,12.865489,114.927968,Cloud to Cloud,9168,3126,9
2026-10-09T06:09:18.262144118Z,1.30018,118.507088,Cloud to Cloud,-16618,4340,11
2026-10-09T06:09:18.243484000Z,1.3799,118.4502,Cloud to Ground,566,0,5
2026-10-09T06:09:21.235065651Z,6.43755,124.76872,Cloud to Ground,21205,0,14
2026-10-09T06:09:22.194745969Z,7.211352,130.347142,Cloud to Cloud,-16432,12321,7
2026-10-09T06:09:22.431339455Z,7.230913,130.348423,Cloud to Ground,-13712,0,9
2026-10-09T06:09:23.421886648Z,2.869777,112.86274,Cloud to Ground,-22098,0,11
2026-10-09T06:09:26.852172862Z,9.862187,118.582076,Cloud to Cloud,-12786,3207,6
2026-10-09T06:09:28.739744939Z,13.380706,132.28292,Cloud to Cloud,-13219,11649,8
2026-10-09T06:09:30.139352802Z,8.795072,117.31151,Cloud to Cloud,-20022,6993,12
2026-10-09T06:09:30.194995414Z,8.821402,117.347621,Cloud to Cloud,-11735,18195,6
2026-10-09T06:09:32.726629527Z,7.954675,123.162323,Cloud to Ground,35074,0,13
2026-10-09T06:09:32.684760161Z,7.4238,131.608696,Cloud to Ground,24075,0,15
2026-10-09T06:09:32.983585937Z,7.45766,131.466702,Cloud to Cloud,-8156,7224,11
2026-10-09T06:09:32.678658451Z,7.427981,131.492297,Cloud to Ground,19502,0,18
2026-10-09T06:09:35.699879010Z,7.979085,131.243888,Cloud to Ground,-78066,0,32
2026-10-09T06:09:35.780927848Z,7.989458,131.330592,Cloud to Ground,-29288,0,22
2026-10-09T06:09:35.788372491Z,7.93358,131.358142,Cloud to Ground,-23107,0,24
2026-10-09T06:09:35.919341488Z,7.929813,131.365684,Cloud to Ground,-23105,0,22
2026-10-09T06:09:35.832622313Z,7.931574,131.360428,Cloud to Cloud,-15065,14623,23
2026-10-09T06:09:35.946786352Z,7.962445,131.251028,Cloud to Ground,-11214,0,20
2026-10-09T06:09:36.370630046Z,8.039851,131.345901,Cloud to Cloud,12652,18031,10
2026-10-09T06:09:35.827604000Z,7.9365,131.3521,Cloud to Ground,16152,0,5
2026-10-09T06:09:35.716449693Z,7.935263,131.373338,Cloud to Ground,23989,0,17
2026-10-09T06:09:35.874493533Z,7.937255,131.399579,Cloud to Ground,28746,0,16
2026-10-09T06:09:36.221503794Z,8.011093,123.322507,Cloud to Ground,-15348,0,24
2026-10-09T06:09:37.730340396Z,6.481009,124.382391,Cloud to Cloud,-7884,18239,7
2026-10-09T06:09:37.932813634Z,15.448474,113.305228,Cloud to Cloud,-9639,7864,5
2026-10-09T06:09:37.696943560Z,15.358952,113.365014,Cloud to Cloud,-19737,3042,10
2026-10-09T06:09:37.972415858Z,15.343549,113.365469,Cloud to Ground,-8428,0,6
2026-10-09T06:09:37.691904631Z,15.363294,113.365323,Cloud to Ground,-5508,0,6
2026-10-09T06:09:37.926403938Z,15.3758,113.361477,Cloud to Cloud,12493,5694,9
2026-10-09T06:09:37.537716953Z,15.354502,113.369038,Cloud to Cloud,15496,3732,10
2026-10-09T06:09:38.424013076Z,6.398909,124.490896,Cloud to Ground,-31112,0,12
2026-10-09T06:09:39.540308964Z,11.801523,125.078995,Cloud to Ground,-27984,0,8
2026-10-09T06:09:40.481730065Z,4.44868,116.079599,Cloud to Ground,-30267,0,30
2026-10-09T06:09:40.912223165Z,4.425083,116.098766,Cloud to Ground,-19551,0,7
2026-10-09T06:09:40.900123933Z,4.389643,116.122499,Cloud to Ground,-15686,0,16
2026-10-09T06:09:40.511120914Z,4.382193,116.101472,Cloud to Ground,-14996,0,11
2026-10-09T06:09:40.724217963Z,4.469646,116.107502,Cloud to Ground,-8304,0,10
2026-10-09T06:09:40.281235269Z,8.92349,115.867422,Cloud to Cloud,-23480,16352,10
2026-10-09T06:09:40.279929836Z,8.980422,115.856186,Cloud to Cloud,-18557,5911,15
2026-10-09T06:09:40.278619664Z,8.933104,115.84765,Cloud to Ground,42921,0,12
2026-10-09T06:09:41.852080756Z,13.281635,132.955652,Cloud to Ground,-12300,0,12
2026-10-09T06:09:41.848518971Z,13.336714,133.048799,Cloud to Ground,-20649,0,20
2026-10-09T06:09:41.850320533Z,13.289119,133.119413,Cloud to Ground,-10823,0,7
2026-10-09T06:09:41.859211485Z,13.295438,133.125778,Cloud to Cloud,9307,3695,7
2026-10-09T06:09:41.846719870Z,13.279253,133.121171,Cloud to Ground,49594,0,22
2026-10-09T06:09:44.716779318Z,12.565029,115.295212,Cloud to Cloud,-14942,3033,13
2026-10-09T06:09:44.775385533Z,12.574306,115.288333,Cloud to Cloud,-13954,3046,8
2026-10-09T06:09:44.779380062Z,12.573589,115.289392,Cloud to Cloud,5513,3013,5
2026-10-09T06:09:44.801766546Z,12.588135,115.293386,Cloud to Cloud,7960,19676,5
2026-10-09T06:09:45.692105476Z,7.959097,123.189961,Cloud to Cloud,-13498,7964,11
2026-10-09T06:09:45.749048822Z,7.896963,123.220242,Cloud to Ground,10742,0,7
2026-10-09T06:09:46.345470588Z,3.756689,113.456296,Cloud to Ground,-16772,0,20
2026-10-09T06:09:46.247155007Z,3.680123,113.501042,Cloud to Ground,10099,0,10
2026-10-09T06:09:50.348519834Z,15.325519,111.472907,Cloud to Ground,-41486,0,11
2026-10-09T06:09:50.347577468Z,15.310314,111.402724,Cloud to Ground,14738,0,10
2026-10-09T06:09:50.367996462Z,15.326694,111.370293,Cloud to Ground,17161,0,8
2026-10-09T06:09:50.350528994Z,15.301243,111.39073,Cloud to Cloud,18770,8657,8
2026-10-09T06:09:50.603621467Z,15.310555,111.438204,Cloud to Cloud,18979,4380,5
2026-10-09T06:09:50.354102436Z,15.328436,111.390242,Cloud to Ground,27840,0,10
2026-10-09T06:09:50.120667665Z,11.143396,124.614178,Cloud to Ground,-28914,0,10
2026-10-09T06:09:50.768110000Z,9.0424,117.9464,Cloud to Ground,-289,0,5
2026-10-09T06:09:53.877388621Z,9.439406,118.386545,Cloud to Cloud,-39560,4185,18
2026-10-09T06:09:53.165611445Z,7.878018,123.201142,Cloud to Ground,39339,0,11
2026-10-09T06:09:54.529950795Z,8.143451,123.668308,Cloud to Ground,-69446,0,11
2026-10-09T06:09:55.392747716Z,8.052591,125.320042,Cloud to Cloud,-16787,14847,7
2026-10-09T06:09:56.362976684Z,7.489808,131.438121,Cloud to Ground,-44774,0,19
2026-10-09T06:09:56.516260180Z,7.443336,131.487767,Cloud to Ground,-20658,0,25
2026-10-09T06:09:56.401714986Z,7.442594,131.562693,Cloud to Ground,-18044,0,20
2026-10-09T06:09:56.545532701Z,7.484127,131.435534,Cloud to Ground,-12891,0,13
2026-10-09T06:09:56.438060192Z,7.440027,131.615096,Cloud to Ground,33529,0,20
2026-10-09T06:09:57.252349623Z,1.393485,118.492041,Cloud to Ground,-19140,0,18
2026-10-09T06:09:57.745951000Z,9.3329,118.2645,Cloud to Ground,11326,0,6
2026-10-09T06:09:57.745238888Z,9.229502,118.270564,Cloud to Cloud,17714,19610,8
2026-10-09T06:09:57.744657453Z,9.307912,118.242572,Cloud to Ground,26241,0,10
2026-10-09T06:09:57.744111248Z,9.285762,118.274738,Cloud to Cloud,27729,13043,14
2026-10-09T06:09:57.515670870Z,14.123639,110.190416,Cloud to Ground,-33343,0,7
2026-10-09T06:09:57.457112830Z,14.062277,110.045954,Cloud to Ground,-129207,0,9
2026-10-09T06:09:57.441753453Z,14.086656,110.099106,Cloud to Ground,-39669,0,14
2026-10-09T06:09:57.535606779Z,13.926583,110.060566,Cloud to Cloud,-18326,7333,7
2026-10-09T06:09:57.613979577Z,13.965112,110.093629,Cloud to Cloud,-13723,16968,8
2026-10-09T06:09:58.261730000Z,8.207415,125.016937,Cloud to Ground,13505,0,12
2026-10-09T06:09:59.813478431Z,1.288135,118.642762,Cloud to Ground,19905,0,11
2026-10-09T06:10:01.421810021Z,7.914255,131.242336,Cloud to Ground,-11052,0,10
2026-10-09T06:10:00.934382474Z,7.948216,131.207842,Cloud to Cloud,10707,17988,7
2026-10-09T06:10:02.168587231Z,7.93789,123.136304,Cloud to Cloud,-11199,5578,8
2026-10-09T06:10:02.308449387Z,7.804274,123.286715,Cloud to Cloud,22610,3494,8
2026-10-09T06:10:06.699186253Z,19.024265,110.442486,Cloud to Ground,-9874,0,8
2026-10-09T06:10:06.706113064Z,19.017041,110.36256,Cloud to Cloud,-7115,14439,8
2026-10-09T06:10:06.709683884Z,19.027399,110.440758,Cloud to Cloud,3828,3113,7
2026-10-09T06:10:06.697818218Z,19.020628,110.372504,Cloud to Ground,11409,0,9
2026-10-09T06:10:06.308805169Z,13.628616,115.956676,Cloud to Ground,8509,0,7
2026-10-09T06:10:07.568144656Z,3.010442,112.88665,Cloud to Ground,-10027,0,7
2026-10-09T06:10:08.446614348Z,15.384424,113.386497,Cloud to Ground,-31364,0,12
2026-10-09T06:10:08.526755269Z,15.357037,113.408546,Cloud to Ground,-24133,0,10
2026-10-09T06:10:08.528829801Z,15.3732,113.357566,Cloud to Cloud,-7661,3358,7
2026-10-09T06:10:08.640640387Z,15.364904,113.365475,Cloud to Cloud,9526,3253,8
2026-10-09T06:10:08.711264604Z,15.428455,113.434975,Cloud to Ground,11321,0,7
2026-10-09T06:10:08.575209202Z,15.37821,113.393036,Cloud to Ground,23646,0,13
2026-10-09T06:10:09.949462988Z,14.994894,111.732501,Cloud to Cloud,-12927,3842,8
2026-10-09T06:10:09.975672365Z,15.004716,111.724129,Cloud to Ground,-10631,0,10
2026-10-09T06:10:09.976159276Z,15.030743,111.637734,Cloud to Ground,19265,0,7
2026-10-09T06:10:12.391747556Z,4.365091,116.174588,Cloud to Ground,10186,0,13
2026-10-09T06:10:16.210359640Z,7.449823,131.623106,Cloud to Ground,-9029,0,8
2026-10-09T06:10:15.914918563Z,7.424277,131.645093,Cloud to Ground,15433,0,12
2026-10-09T06:10:16.262259249Z,7.375369,131.553338,Cloud to Ground,-12299,0,11
2026-10-09T06:10:15.943393814Z,7.464209,131.497975,Cloud to Cloud,-10713,8880,12
2026-10-09T06:10:15.963368762Z,7.477359,131.479255,Cloud to Cloud,-9087,13842,14
2026-10-09T06:10:15.910301674Z,7.463343,131.47446,Cloud to Cloud,10305,17458,8
2026-10-09T06:10:15.922471778Z,7.417866,131.501507,Cloud to Cloud,12375,3325,9
2026-10-09T06:10:18.832803498Z,7.892106,123.336161,Cloud to Cloud,15688,7558,11
2026-10-09T06:10:18.889528949Z,12.420989,116.310547,Cloud to Ground,-17705,0,8
2026-10-09T06:10:18.922091252Z,12.44674,116.282623,Cloud to Cloud,15187,4410,10
2026-10-09T06:10:19.581415782Z,6.522668,124.575973,Cloud to Cloud,-26324,14380,18
2026-10-09T06:10:19.567541750Z,6.461031,124.627079,Cloud to Ground,46193,0,19
2026-10-09T06:10:19.226901524Z,1.364147,118.530505,Cloud to Ground,10633,0,7
2026-10-09T06:10:19.308109847Z,1.358272,118.520491,Cloud to Ground,18524,0,12
2026-10-09T06:10:19.176564367Z,1.361284,118.497382,Cloud to Ground,21994,0,19
2026-10-09T06:10:19.081453596Z,1.362879,118.524475,Cloud to Ground,37971,0,24
2026-10-09T06:10:20.534592110Z,8.368448,123.559408,Cloud to Ground,14792,0,14
2026-10-09T06:10:20.071946129Z,7.234855,125.992696,Cloud to Ground,-19651,0,12
2026-10-09T06:10:20.187412983Z,7.229444,126.018348,Cloud to Ground,-14819,0,18
2026-10-09T06:10:20.153567008Z,7.260617,126.074337,Cloud to Ground,-12767,0,14
2026-10-09T06:10:22.681612779Z,7.110631,120.68001,Cloud to Cloud,-23764,6832,22
2026-10-09T06:10:22.712204511Z,7.033809,120.716298,Cloud to Cloud,-21080,3616,18
2026-10-09T06:10:22.741510333Z,7.107145,120.684654,Cloud to Cloud,-19015,11884,25
2026-10-09T06:10:23.690129772Z,6.378443,124.494418,Cloud to Ground,16993,0,11
2026-10-09T06:10:23.669580162Z,6.389107,124.51081,Cloud to Ground,26608,0,14
2026-10-09T06:10:23.901763265Z,4.480729,116.143945,Cloud to Cloud,-13112,18762,11
2026-10-09T06:10:24.015290316Z,9.236456,123.007694,Cloud to Cloud,10236,18247,7
2026-10-09T06:10:24.039025825Z,9.314319,122.957072,Cloud to Cloud,20773,3002,10
2026-10-09T06:10:25.880460151Z,5.957759,117.064388,Cloud to Cloud,-18749,7229,19
2026-10-09T06:10:26.177127501Z,7.87925,123.203244,Cloud to Ground,20938,0,8
2026-10-09T06:10:26.027198581Z,7.447573,131.486593,Cloud to Ground,-12736,0,8
2026-10-09T06:10:26.115904509Z,7.433589,131.581811,Cloud to Ground,-12168,0,18
2026-10-09T06:10:26.806052493Z,12.920143,111.546643,Cloud to Cloud,6829,6291,7
2026-10-09T06:10:28.630182472Z,13.330231,132.137626,Cloud to Cloud,-10066,5688,14
2026-10-09T06:10:31.352226105Z,7.988383,131.270752,Cloud to Cloud,-11639,3106,11
2026-10-09T06:10:31.120833370Z,7.934484,131.243864,Cloud to Ground,19642,0,11
2026-10-09T06:10:31.654738478Z,15.289554,113.199505,Cloud to Cloud,14927,4295,9
2026-10-09T06:10:31.585240877Z,15.362022,113.371578,Cloud to Ground,-6853,0,6
2026-10-09T06:10:38.422148816Z,8.545151,125.439689,Cloud to Ground,-32261,0,16
2026-10-09T06:10:38.431876841Z,8.635491,125.409355,Cloud to Ground,-30271,0,23
2026-10-09T06:10:38.490918052Z,8.594739,125.410032,Cloud to Ground,-19926,0,9
2026-10-09T06:10:38.601687753Z,8.578305,125.284526,Cloud to Ground,-16304,0,18
2026-10-09T06:10:38.538194374Z,8.553106,125.294286,Cloud to Ground,-12019,0,15
2026-10-09T06:10:38.421718968Z,8.511656,125.343607,Cloud to Cloud,-7375,7955,8
2026-10-09T06:10:38.437894201Z,5.783691,125.824956,Cloud to Ground,22429,0,15
2026-10-09T06:10:39.225208771Z,7.904705,123.289101,Cloud to Cloud,12108,8355,14
2026-10-09T06:10:39.342368489Z,9.031368,115.748143,Cloud to Ground,-21279,0,12
2026-10-09T06:10:39.329280155Z,9.050535,115.745853,Cloud to Cloud,-13179,4683,13
2026-10-09T06:10:39.909562397Z,2.939833,112.839104,Cloud to Ground,-19406,0,15
2026-10-09T06:10:39.092379411Z,7.419857,131.528479,Cloud to Ground,34859,0,17
2026-10-09T06:10:40.852264243Z,6.44383,124.365447,Cloud to Ground,-24032,0,25
2026-10-09T06:10:40.883326281Z,6.395176,124.337847,Cloud to Cloud,-8513,13838,10
2026-10-09T06:10:40.851494625Z,6.349738,124.414592,Cloud to Ground,31994,0,11
2026-10-09T06:10:40.903531866Z,9.747332,118.696367,Cloud to Cloud,20255,3868,7
2026-10-09T06:10:40.625407494Z,7.150777,125.335023,Cloud to Cloud,-13110,17571,10
2026-10-09T06:10:43.218041301Z,8.166958,125.270563,Cloud to Cloud,-7206,10561,7
2026-10-09T06:10:43.952404759Z,11.109764,124.518125,Cloud to Cloud,7116,11079,8
2026-10-09T06:10:49.216434430Z,12.938827,111.619103,Cloud to Ground,-13674,0,7
2026-10-09T06:10:54.668993587Z,7.948099,131.373317,Cloud to Cloud,-8338,8424,7
2026-10-09T06:10:54.529740284Z,7.928954,131.237086,Cloud to Ground,16079,0,14
2026-10-09T06:10:58.164594494Z,7.898427,123.196832,Cloud to Ground,-22146,0,15
2026-10-09T06:10:58.052428822Z,7.967596,123.263452,Cloud to Ground,-51545,0,14
2026-10-09T06:10:58.469624000Z,7.901,123.3596,Cloud to Ground,-35634,0,9
2026-10-09T06:10:58.110469748Z,7.901498,123.300298,Cloud to Ground,-30229,0,22
2026-10-09T06:10:58.289774822Z,7.884462,123.302646,Cloud to Ground,-27793,0,18
2026-10-09T06:10:58.268435602Z,7.954539,123.314171,Cloud to Ground,-25701,0,16
2026-10-09T06:10:58.136705750Z,7.89363,123.304968,Cloud to Cloud,-22218,4266,18
2026-10-09T06:10:58.518331245Z,7.449858,131.617578,Cloud to Ground,-58071,0,22
2026-10-09T06:10:58.617952189Z,7.43817,131.614303,Cloud to Ground,-32268,0,26
2026-10-09T06:10:58.555826471Z,7.440878,131.607147,Cloud to Ground,-19329,0,17
2026-10-09T06:10:58.539868435Z,7.439534,131.588577,Cloud to Ground,-16288,0,13
2026-10-09T06:10:58.843537720Z,7.446903,131.629674,Cloud to Ground,14564,0,12
2026-10-09T06:10:58.691849460Z,7.522301,131.599198,Cloud to Ground,15100,0,7
2026-10-09T06:10:58.929736083Z,7.534635,131.59535,Cloud to Ground,19348,0,10
2026-10-09T06:10:58.786635584Z,7.446527,131.628594,Cloud to Ground,19950,0,14
2026-10-09T06:10:58.740907986Z,7.451134,131.631269,Cloud to Ground,31307,0,14
2026-10-09T06:11:00.409287296Z,8.202434,125.210887,Cloud to Ground,-22676,0,14
2026-10-09T06:11:00.356292572Z,8.222381,125.224943,Cloud to Ground,-18324,0,18
2026-10-09T06:11:00.632933277Z,12.896877,114.917404,Cloud to Ground,-20028,0,7
2026-10-09T06:11:00.576387837Z,12.887345,114.919744,Cloud to Cloud,-15372,14354,11
2026-10-09T06:11:00.597748585Z,12.861788,114.837596,Cloud to Cloud,21058,9879,8
2026-10-09T06:11:05.991855728Z,11.995814,120.036937,Cloud to Ground,-11925,0,7
2026-10-09T06:11:06.677379340Z,12.19838,121.170831,Cloud to Ground,-8040,0,8
2026-10-09T06:11:07.457536925Z,4.745134,111.808273,Cloud to Ground,-30786,0,24
2026-10-09T06:11:07.464020673Z,4.74061,111.787919,Cloud to Ground,-20607,0,13
2026-10-09T06:11:07.526747980Z,4.754648,111.733588,Cloud to Ground,-12531,0,8
2026-10-09T06:11:07.455600306Z,4.682081,111.816023,Cloud to Ground,12592,0,11
2026-10-09T06:11:07.454791326Z,4.674717,111.81375,Cloud to Ground,31500,0,15
2026-10-09T06:11:07.363637466Z,7.879474,123.188248,Cloud to Ground,18374,0,15
2026-10-09T06:11:08.738362037Z,1.353554,118.473296,Cloud to Ground,-15874,0,14
2026-10-09T06:11:08.991056482Z,14.985373,111.707215,Cloud to Cloud,-9912,7969,11
2026-10-09T06:11:08.944632454Z,15.001243,111.72906,Cloud to Ground,9289,0,5
2026-10-09T06:11:09.020633238Z,14.977124,111.649222,Cloud to Ground,11641,0,9
2026-10-09T06:11:09.043590715Z,14.979117,111.652744,Cloud to Ground,21100,0,10
2026-10-09T06:11:08.997662478Z,14.977828,111.638587,Cloud to Ground,33960,0,11
2026-10-09T06:11:08.948742760Z,14.971223,111.634076,Cloud to Ground,38256,0,11
2026-10-09T06:11:09.842243649Z,15.372092,113.376385,Cloud to Ground,-131041,0,14
2026-10-09T06:11:09.929368582Z,15.362516,113.37217,Cloud to Ground,-37200,0,11
2026-10-09T06:11:09.925363431Z,15.367719,113.369273,Cloud to Ground,-32084,0,15
2026-10-09T06:11:10.074763324Z,15.35682,113.380974,Cloud to Ground,-20627,0,12
2026-10-09T06:11:11.851282858Z,12.423869,116.28173,Cloud to Ground,-109803,0,13
2026-10-09T06:11:12.055897465Z,12.407891,116.279238,Cloud to Cloud,11520,8436,7
2026-10-09T06:11:11.937825444Z,12.500062,116.271702,Cloud to Cloud,14896,3374,10
2026-10-09T06:11:13.767309391Z,11.8431,125.139684,Cloud to Ground,20017,0,10
2026-10-09T06:11:13.753229862Z,11.84413,124.997121,Cloud to Cloud,-14992,7502,15
2026-10-09T06:11:15.571838663Z,13.066695,110.717571,Cloud to Ground,-12081,0,8
2026-10-09T06:11:15.560962093Z,13.085961,110.652557,Cloud to Ground,18991,0,12
2026-10-09T06:11:15.561982079Z,13.070535,110.631046,Cloud to Ground,22096,0,7
2026-10-09T06:11:15.560258508Z,13.099491,110.642029,Cloud to Ground,25127,0,11
2026-10-09T06:11:17.999737963Z,9.104771,125.948984,Cloud to Ground,17104,0,18
2026-10-09T06:11:20.084648887Z,8.265998,123.66982,Cloud to Ground,36865,0,7
2026-10-09T06:11:20.251741908Z,7.973258,131.354309,Cloud to Ground,-11432,0,13
2026-10-09T06:11:21.418821611Z,3.675046,113.509297,Cloud to Ground,-20155,0,11
2026-10-09T06:11:21.482016948Z,3.675061,113.529018,Cloud to Ground,30944,0,15
2026-10-09T06:11:21.435269000Z,3.6685,113.4671,Cloud to Ground,57332,0,7
2026-10-09T06:11:22.525876551Z,13.303433,132.339056,Cloud to Cloud,-13350,3086,8
2026-10-09T06:11:22.053421986Z,13.374794,132.263409,Cloud to Cloud,-9145,9629,17
2026-10-09T06:11:23.738047375Z,9.297159,117.959745,Cloud to Ground,-18213,0,13
2026-10-09T06:11:23.769730180Z,9.221472,117.980865,Cloud to Ground,-13043,0,14
2026-10-09T06:11:23.744017084Z,9.206702,117.934741,Cloud to Ground,11972,0,10
2026-10-09T06:11:23.743511150Z,9.222089,117.981715,Cloud to Ground,15575,0,7
2026-10-09T06:11:24.951283994Z,9.376766,118.311635,Cloud to Ground,24208,0,15
2026-10-09T06:11:25.252478708Z,7.220284,126.027491,Cloud to Cloud,8860,12993,10
2026-10-09T06:11:28.006719166Z,9.425935,122.883023,Cloud to Ground,-25925,0,13
2026-10-09T06:11:29.439181873Z,5.874789,117.053986,Cloud to Ground,-24466,0,15
2026-10-09T06:11:30.583064452Z,6.88743,120.770576,Cloud to Ground,45276,0,14
2026-10-09T06:11:30.636189885Z,7.45676,131.543458,Cloud to Ground,-13234,0,28
2026-10-09T06:11:30.597448596Z,7.398488,131.514277,Cloud to Cloud,16356,3022,11
2026-10-09T06:11:33.421046223Z,7.890577,123.100619,Cloud to Ground,29863,0,17
2026-10-09T06:11:33.840623408Z,7.873935,123.190127,Cloud to Ground,26497,0,18
2026-10-09T06:11:35.914463476Z,1.356615,118.473942,Cloud to Ground,-19282,0,22
2026-10-09T06:11:36.575494302Z,10.183172,118.98377,Cloud to Cloud,18596,4486,14
2026-10-09T06:11:38.080869740Z,8.883109,115.690781,Cloud to Cloud,22940,6792,9
2026-10-09T06:11:38.491787867Z,13.421615,132.280847,Cloud to Cloud,-10016,3044,13
2026-10-09T06:11:41.449047000Z,6.784,120.8454,Cloud to Ground,-20317,0,9
2026-10-09T06:11:41.386967665Z,6.787195,120.926839,Cloud to Ground,23762,0,11
2026-10-09T06:11:41.351088942Z,6.783896,120.927403,Cloud to Ground,31712,0,16
2026-10-09T06:11:41.959131551Z,9.215984,117.542113,Cloud to Ground,-29970,0,18
2026-10-09T06:11:41.981802998Z,9.27595,117.503728,Cloud to Ground,-20896,0,8
2026-10-09T06:11:41.064678000Z,7.9421,131.3751,Cloud to Ground,16219,0,7
2026-10-09T06:11:44.990652979Z,7.871204,123.223041,Cloud to Ground,-10434,0,7
2026-10-09T06:11:44.160652018Z,7.460528,131.504811,Cloud to Ground,-21617,0,35
2026-10-09T06:11:44.207972831Z,7.439987,131.609898,Cloud to Ground,-21103,0,15
2026-10-09T06:11:44.245812121Z,7.460529,131.641239,Cloud to Ground,14194,0,9
2026-10-09T06:11:46.222255045Z,15.346475,113.369888,Cloud to Cloud,-12381,13724,8
2026-10-09T06:11:46.010761357Z,15.360042,113.345398,Cloud to Cloud,-11431,18945,12
2026-10-09T06:11:45.989297536Z,15.374247,113.349104,Cloud to Ground,11821,0,8
2026-10-09T06:11:47.783005685Z,4.358911,116.013551,Cloud to Ground,13610,0,12
2026-10-09T06:11:48.153997534Z,4.358045,116.0145,Cloud to Ground,17499,0,17
2026-10-09T06:11:47.841003713Z,4.334308,116.031816,Cloud to Ground,22410,0,16
2026-10-09T06:11:48.054246933Z,4.365318,116.022444,Cloud to Ground,26110,0,17
2026-10-09T06:11:47.750791184Z,4.365529,116.026471,Cloud to Ground,65988,0,18
2026-10-09T06:11:47.393778826Z,7.974002,123.168463,Cloud to Ground,-40955,0,20
2026-10-09T06:11:47.269881832Z,7.961222,123.15616,Cloud to Ground,-26309,0,11
2026-10-09T06:11:47.218849800Z,7.895667,123.207832,Cloud to Ground,-15265,0,21
2026-10-09T06:11:47.192312389Z,7.816141,123.273323,Cloud to Ground,22012,0,9
2026-10-09T06:11:47.316596001Z,7.876351,123.207734,Cloud to Ground,23316,0,7
2026-10-09T06:11:47.446593686Z,7.886728,123.242415,Cloud to Ground,35606,0,9
2026-10-09T06:11:47.262051872Z,14.962522,111.593126,Cloud to Ground,-16665,0,8
2026-10-09T06:11:47.076967664Z,14.988464,111.651191,Cloud to Cloud,-9980,9662,7
2026-10-09T06:11:47.035517525Z,14.983841,111.642483,Cloud to Ground,25895,0,10
2026-10-09T06:11:49.845652983Z,13.328202,133.081379,Cloud to Ground,-25667,0,23
2026-10-09T06:11:49.844133388Z,13.275621,133.141404,Cloud to Ground,-7205,0,5
2026-10-09T06:11:49.847159108Z,13.280369,133.118325,Cloud to Ground,28592,0,15
2026-10-09T06:11:51.685729588Z,7.970423,119.418261,Cloud to Ground,-34574,0,20
2026-10-09T06:11:51.814684383Z,7.973657,119.408176,Cloud to Ground,25690,0,9
2026-10-09T06:11:51.770907000Z,9.2969,117.584,Cloud to Ground,20593,0,5
2026-10-09T06:11:54.081824747Z,9.108645,117.954722,Cloud to Cloud,-12582,13639,8
2026-10-09T06:11:54.078274598Z,9.156427,117.934602,Cloud to Cloud,12348,13772,7
2026-10-09T06:11:54.080202187Z,9.150259,117.946385,Cloud to Ground,20219,0,12
2026-10-09T06:11:55.522294965Z,12.831632,114.849947,Cloud to Cloud,7361,3000,6
2026-10-09T06:11:57.117915809Z,4.718523,111.826563,Cloud to Ground,-17920,0,10
2026-10-09T06:11:57.116857418Z,4.75446,111.874066,Cloud to Ground,26760,0,21
2026-10-09T06:11:56.991635919Z,4.777419,111.868999,Cloud to Ground,120147,0,14
2026-10-09T06:11:56.141581000Z,15.2996,111.3546,Cloud to Ground,-15967,0,7
2026-10-09T06:11:56.161947861Z,15.290033,111.358021,Cloud to Ground,-6537,0,8
2026-10-09T06:11:56.143169480Z,15.286174,111.296951,Cloud to Cloud,6859,5907,11
2026-10-09T06:11:56.142236108Z,15.285231,111.310905,Cloud to Ground,9215,0,9
2026-10-09T06:11:58.507594971Z,8.320207,123.610344,Cloud to Ground,18581,0,11
2026-10-09T06:11:58.368548117Z,9.317017,118.393559,Cloud to Ground,-46889,0,10
2026-10-09T06:11:57.900973566Z,9.348035,118.394749,Cloud to Cloud,-6267,16674,7
2026-10-09T06:11:58.410382000Z,9.3259,118.3538,Cloud to Ground,6743,0,5
2026-10-09T06:11:57.899372769Z,9.344839,118.472889,Cloud to Ground,25311,0,12
2026-10-09T06:11:58.525920436Z,12.244383,121.128789,Cloud to Ground,32047,0,15
2026-10-09T06:11:59.210163751Z,5.946597,117.062288,Cloud to Cloud,-17583,19361,12
2026-10-09T06:11:59.233636019Z,5.897604,117.012499,Cloud to Cloud,-13438,6471,14
2026-10-09T06:11:59.144352054Z,5.9051,117.069915,Cloud to Cloud,9921,10489,9
2026-10-09T06:11:59.960976000Z,7.8844,123.1489,Cloud to Ground,7069,0,5
2026-10-09T06:12:00.701006000Z,9.8392,118.7606,Cloud to Ground,-12854,0,6
2026-10-09T06:12:02.674456000Z,12.4514,122.7927,Cloud to Ground,-30893,0,8
2026-10-09T06:12:02.681446159Z,12.407241,122.84583,Cloud to Cloud,11306,17569,9
2026-10-09T06:12:02.673125933Z,12.31836,122.869007,Cloud to Cloud,15731,4991,8
2026-10-09T06:12:02.673680954Z,12.349738,122.882956,Cloud to Cloud,28655,17686,11
2026-10-09T06:12:04.390943647Z,8.601075,125.480394,Cloud to Ground,-14007,0,8
2026-10-09T06:12:05.193528567Z,9.324184,122.942896,Cloud to Cloud,8973,13321,6
2026-10-09T06:12:05.027579852Z,11.797892,125.107471,Cloud to Cloud,10782,17834,8
2026-10-09T06:12:06.735024223Z,9.245931,118.119991,Cloud to Ground,14608,0,8
2026-10-09T06:12:06.738777195Z,9.357475,118.203231,Cloud to Cloud,-18731,12880,8
2026-10-09T06:12:06.947894062Z,9.335629,118.207476,Cloud to Ground,-13090,0,6
2026-10-09T06:12:06.736185604Z,9.294386,118.235964,Cloud to Ground,33914,0,14
2026-10-09T06:12:06.732767624Z,9.294025,118.237984,Cloud to Ground,42644,0,14
2026-10-09T06:12:06.761893229Z,14.842212,112.086283,Cloud to Ground,27905,0,9
2026-10-09T06:12:08.582614629Z,7.89756,123.230966,Cloud to Ground,15868,0,9
2026-10-09T06:12:08.484821154Z,13.274529,132.285427,Cloud to Cloud,-12643,3719,8
2026-10-09T06:12:08.223635179Z,13.221427,132.357185,Cloud to Ground,10437,0,8
2026-10-09T06:12:11.652295167Z,1.306064,118.496705,Cloud to Cloud,-22463,3206,7
2026-10-09T06:12:12.537762171Z,14.101329,110.184434,Cloud to Ground,-30170,0,13
2026-10-09T06:12:12.573795832Z,14.10012,110.098991,Cloud to Ground,-20231,0,13
2026-10-09T06:12:12.762237030Z,14.115672,110.189408,Cloud to Cloud,10735,18912,9
2026-10-09T06:12:12.708344835Z,14.091269,110.181345,Cloud to Cloud,17157,17924,7
2026-10-09T06:12:12.668743872Z,14.100494,110.105619,Cloud to Ground,30176,0,13
2026-10-09T06:12:12.588052848Z,14.097586,110.190252,Cloud to Ground,36890,0,13
2026-10-09T06:12:13.327649969Z,15.315115,113.210079,Cloud to Ground,-20794,0,7
2026-10-09T06:12:13.099590879Z,15.34828,113.33729,Cloud to Ground,-9607,0,6
2026-10-09T06:12:15.874507092Z,7.261319,132.178426,Cloud to Ground,14727,0,16
2026-10-09T06:12:17.765408208Z,9.069083,125.829688,Cloud to Cloud,-11562,5798,10
2026-10-09T06:12:17.463501519Z,6.922391,120.774409,Cloud to Cloud,18464,14011,6
2026-10-09T06:12:18.776363636Z,4.438683,116.087159,Cloud to Ground,-16679,0,7
2026-10-09T06:12:18.668348215Z,4.426432,116.067772,Cloud to Cloud,-10745,15413,9
2026-10-09T06:12:18.712517547Z,4.379999,116.074524,Cloud to Ground,20034,0,8
2026-10-09T06:12:18.880255905Z,7.415201,131.474477,Cloud to Ground,-12792,0,10
2026-10-09T06:12:18.847522464Z,7.439816,131.524609,Cloud to Cloud,14680,7893,19
2026-10-09T06:12:18.842968373Z,7.427064,131.636798,Cloud to Ground,24638,0,16
2026-10-09T06:12:18.789053044Z,7.922601,131.390655,Cloud to Cloud,9996,6125,11
2026-10-09T06:12:18.924250667Z,7.925903,131.270613,Cloud to Ground,-13694,0,8
2026-10-09T06:12:18.867279978Z,7.916893,131.260812,Cloud to Ground,-12163,0,9
2026-10-09T06:12:18.202894645Z,7.958509,131.188857,Cloud to Ground,23791,0,11
2026-10-09T06:12:19.678976214Z,7.807919,123.146166,Cloud to Cloud,-10848,6556,7
2026-10-09T06:12:19.719845703Z,7.885795,123.217367,Cloud to Cloud,4859,8404,7
2026-10-09T06:12:19.224527478Z,7.477304,131.404023,Cloud to Ground,9124,0,18
2026-10-09T06:12:23.509195734Z,7.889601,131.233328,Cloud to Cloud,13075,3016,10
2026-10-09T06:12:23.084775795Z,11.834481,123.614756,Cloud to Cloud,20493,11776,10
2026-10-09T06:12:23.087960673Z,11.809601,123.627902,Cloud to Cloud,29249,6057,11
2026-10-09T06:12:24.672306616Z,8.806269,115.760579,Cloud to Cloud,10914,5996,8
2026-10-09T06:12:24.797846770Z,8.989635,115.821775,Cloud to Cloud,-18872,16554,11
2026-10-09T06:12:24.668351002Z,8.959468,115.822727,Cloud to Ground,60606,0,21
2026-10-09T06:12:25.467827739Z,15.386863,113.368708,Cloud to Ground,-21594,0,11
2026-10-09T06:12:25.578995953Z,15.389723,113.358714,Cloud to Ground,-17051,0,8
2026-10-09T06:12:25.527030455Z,15.384539,113.373745,Cloud to Ground,-15834,0,7
2026-10-09T06:12:25.578162534Z,15.394275,113.377354,Cloud to Ground,-13629,0,9
2026-10-09T06:12:25.710123593Z,15.372266,113.271283,Cloud to Cloud,-12838,15068,8
2026-10-09T06:12:25.498078818Z,15.389466,113.372328,Cloud to Cloud,-11321,18434,11
2026-10-09T06:12:25.720959039Z,15.328051,113.237692,Cloud to Cloud,-9719,18918,7
2026-10-09T06:12:25.702152198Z,15.324277,113.254977,Cloud to Cloud,-9344,4487,6
2026-10-09T06:12:25.689909077Z,15.381095,113.362202,Cloud to Cloud,7841,3269,9
2026-10-09T06:12:26.914682919Z,7.926902,123.125771,Cloud to Cloud,-10472,5161,19
2026-10-09T06:12:28.556232742Z,15.563554,110.857255,Cloud to Ground,-23205,0,9
2026-10-09T06:12:28.506773140Z,15.571077,110.77148,Cloud to Ground,7769,0,7
2026-10-09T06:12:28.497579964Z,15.550917,110.778206,Cloud to Ground,11311,0,7
2026-10-09T06:12:29.763864665Z,1.338967,118.483558,Cloud to Ground,24720,0,17
2026-10-09T06:12:29.869106100Z,13.641365,116.045602,Cloud to Cloud,-13877,11579,8
2026-10-09T06:12:30.196923562Z,13.627189,116.020117,Cloud to Cloud,-5702,7687,7
2026-10-09T06:12:30.128459275Z,13.61426,116.054439,Cloud to Cloud,6719,6373,6
2026-10-09T06:12:29.867128423Z,13.640771,116.041331,Cloud to Ground,34144,0,8
2026-10-09T06:12:30.090235230Z,1.428732,118.459581,Cloud to Cloud,-15089,4427,19
2026-10-09T06:12:30.688685468Z,7.45111,131.598614,Cloud to Ground,-32720,0,17
2026-10-09T06:12:30.588094317Z,7.448642,131.588077,Cloud to Ground,32420,0,20
2026-10-09T06:12:30.519785168Z,7.49678,131.428501,Cloud to Ground,-30769,0,13
2026-10-09T06:12:30.792064176Z,7.496616,131.468038,Cloud to Ground,-15660,0,9
2026-10-09T06:12:30.643077898Z,7.456834,131.48131,Cloud to Ground,-13204,0,22
2026-10-09T06:12:30.689702334Z,7.43447,131.455568,Cloud to Cloud,-9993,7006,7
2026-10-09T06:12:31.204850484Z,7.573656,131.603431,Cloud to Ground,-25484,0,23
2026-10-09T06:12:31.288979231Z,7.570265,131.618923,Cloud to Cloud,10821,3808,7
2026-10-09T06:12:31.003692715Z,12.404749,115.25936,Cloud to Ground,-17794,0,8
2026-10-09T06:12:31.020994931Z,12.506532,115.254887,Cloud to Ground,-29941,0,12
2026-10-09T06:12:31.177884670Z,12.518173,115.262046,Cloud to Ground,-13588,0,11
2026-10-09T06:12:31.125920000Z,12.5501,115.256,Cloud to Ground,24958,0,5
2026-10-09T06:12:33.023396000Z,6.4258,124.4742,Cloud to Ground,6160,0,5
2026-10-09T06:12:33.027272885Z,6.395439,124.489798,Cloud to Cloud,13762,19071,14
2026-10-09T06:12:37.281449832Z,12.414459,116.280067,Cloud to Ground,-94389,0,11
2026-10-09T06:12:37.272549492Z,12.365178,116.323846,Cloud to Ground,-60349,0,12
2026-10-09T06:12:37.352521892Z,12.433485,116.272901,Cloud to Ground,-27914,0,9
2026-10-09T06:12:37.717208149Z,11.75924,125.088371,Cloud to Cloud,15715,7494,6
2026-10-09T06:12:37.695008179Z,11.765408,125.015795,Cloud to Cloud,19140,6312,9
2026-10-09T06:12:37.309479220Z,12.40237,116.169068,Cloud to Cloud,-35963,3032,14
2026-10-09T06:12:39.245551051Z,13.367975,132.366919,Cloud to Cloud,-13134,3070,8
2026-10-09T06:12:40.111259702Z,13.353728,132.275912,Cloud to Ground,-12614,0,8
2026-10-09T06:12:43.889845647Z,12.419798,116.197017,Cloud to Cloud,-15901,3022,8
2026-10-09T06:12:43.887741015Z,12.417578,116.1977,Cloud to Cloud,-5445,6444,7
2026-10-09T06:12:49.424686071Z,4.425973,116.080689,Cloud to Cloud,8004,3828,7
2026-10-09T06:12:49.405541722Z,4.367643,116.064682,Cloud to Cloud,9851,5951,9
2026-10-09T06:12:49.123986360Z,7.422911,131.637442,Cloud to Ground,28419,0,15
2026-10-09T06:12:49.605486070Z,7.924924,131.232928,Cloud to Ground,15036,0,7
2026-10-09T06:12:50.527344012Z,7.927752,123.379577,Cloud to Cloud,15587,19727,6
2026-10-09T06:12:50.516143176Z,7.926598,123.378483,Cloud to Cloud,16982,18473,7
2026-10-09T06:12:50.555668543Z,8.008518,123.322969,Cloud to Ground,19698,0,10
2026-10-09T06:12:50.488067734Z,8.05472,123.367229,Cloud to Cloud,22250,18007,7
2026-10-09T06:12:50.444763498Z,8.013397,123.316808,Cloud to Ground,33797,0,14
2026-10-09T06:12:50.449727197Z,7.9567,131.328478,Cloud to Ground,14709,0,9
2026-10-09T06:12:52.455136563Z,8.056762,123.273993,Cloud to Ground,27848,0,10
2026-10-09T06:12:52.829519520Z,7.792234,123.289859,Cloud to Cloud,9809,17815,8
2026-10-09T06:12:52.172681819Z,9.077619,115.775155,Cloud to Ground,47950,0,11
2026-10-09T06:12:57.994907288Z,3.16845,121.489792,Cloud to Ground,-12980,0,12
2026-10-09T06:12:58.202640679Z,7.81029,123.124726,Cloud to Ground,27039,0,15
2026-10-09T06:12:59.687079875Z,8.023019,131.257402,Cloud to Cloud,-11871,17734,12
2026-10-09T06:13:00.272109064Z,15.004918,111.699359,Cloud to Ground,-26947,0,13
2026-10-09T06:13:00.279956920Z,14.979293,111.623806,Cloud to Ground,29892,0,11
2026-10-09T06:13:04.762276969Z,5.96288,117.041981,Cloud to Ground,-67603,0,24
2026-10-09T06:13:04.795391300Z,5.888953,117.074135,Cloud to Ground,-26693,0,21
2026-10-09T06:13:04.753998560Z,5.883814,117.094003,Cloud to Ground,-22580,0,15
2026-10-09T06:13:04.839928770Z,5.908025,116.995013,Cloud to Ground,-19644,0,26
2026-10-09T06:13:04.865225305Z,5.889566,117.084279,Cloud to Ground,31443,0,20
2026-10-09T06:13:06.365602103Z,7.960967,123.268833,Cloud to Ground,-41915,0,27
2026-10-09T06:13:06.759990889Z,7.924554,123.301314,Cloud to Ground,-35478,0,9
2026-10-09T06:13:06.487769355Z,7.975653,123.259298,Cloud to Ground,-31861,0,17
2026-10-09T06:13:06.538719652Z,7.904757,123.301326,Cloud to Ground,-24220,0,15
2026-10-09T06:13:06.612219340Z,7.904856,123.180686,Cloud to Ground,-21117,0,14
2026-10-09T06:13:06.422276668Z,7.948651,123.197117,Cloud to Ground,-20921,0,18
2026-10-09T06:13:06.991152607Z,7.901554,123.311479,Cloud to Ground,18807,0,12
2026-10-09T06:13:06.317659999Z,7.911832,115.230275,Cloud to Ground,-65444,0,12
2026-10-09T06:13:06.311396212Z,7.973301,115.22169,Cloud to Ground,-56064,0,15
2026-10-09T06:13:06.311953806Z,7.964713,115.229847,Cloud to Cloud,-42693,4752,10
2026-10-09T06:13:06.312369382Z,7.982458,115.223039,Cloud to Ground,-27564,0,10
2026-10-09T06:13:07.654513000Z,1.382,118.5139,Cloud to Ground,-17204,0,5
2026-10-09T06:13:07.529763884Z,1.356285,118.506238,Cloud to Ground,66314,0,29
2026-10-09T06:13:11.182753545Z,8.094635,123.302924,Cloud to Ground,-10523,0,15
2026-10-09T06:13:11.927225879Z,7.796778,123.283803,Cloud to Cloud,8846,10880,7
2026-10-09T06:13:12.383924446Z,8.240688,125.348392,Cloud to Ground,-53154,0,22
2026-10-09T06:13:11.997761030Z,8.205898,125.34797,Cloud to Ground,21561,0,16
2026-10-09T06:13:12.013879359Z,8.206717,125.360886,Cloud to Ground,26243,0,22
2026-10-09T06:13:12.774712749Z,8.145232,125.201177,Cloud to Ground,-15871,0,16
2026-10-09T06:13:12.537054831Z,1.284338,118.652395,Cloud to Cloud,-23707,7444,17
2026-10-09T06:13:12.656782602Z,18.843587,110.478028,Cloud to Cloud,5990,13626,6
2026-10-09T06:13:15.015714000Z,15.3658,113.3427,Cloud to Ground,-34579,0,5
2026-10-09T06:13:15.016320695Z,15.361859,113.357507,Cloud to Cloud,-18331,3132,11
2026-10-09T06:13:15.110531462Z,15.360564,113.34418,Cloud to Cloud,-7045,10185,6
2026-10-09T06:13:15.044285067Z,15.343268,113.397438,Cloud to Cloud,19636,4316,8
2026-10-09T06:13:14.960687785Z,15.357964,113.34841,Cloud to Ground,19740,0,7
2026-10-09T06:13:18.645541450Z,11.934167,120.095509,Cloud to Cloud,22639,5817,10
2026-10-09T06:13:20.533293790Z,8.566894,125.361482,Cloud to Ground,-21121,0,14
2026-10-09T06:13:20.937741805Z,14.980869,113.476035,Cloud to Ground,14454,0,12
2026-10-09T06:13:20.939571544Z,15.002757,113.558012,Cloud to Cloud,21678,7052,9
2026-10-09T06:13:21.604313789Z,8.256255,123.597522,Cloud to Ground,-15488,0,18
2026-10-09T06:13:23.365846682Z,6.332097,124.88805,Cloud to Ground,14695,0,19
2026-10-09T06:13:23.364193241Z,6.336775,124.880524,Cloud to Ground,26557,0,19
2026-10-09T06:13:25.215985647Z,8.974059,125.970234,Cloud to Cloud,12097,14281,7
2026-10-09T06:13:25.381086785Z,9.086427,115.679584,Cloud to Ground,20371,0,9
2026-10-09T06:13:27.633053523Z,7.434711,131.617698,Cloud to Ground,-49527,0,29
2026-10-09T06:13:27.526835325Z,7.441987,131.512338,Cloud to Ground,-25189,0,33
2026-10-09T06:13:27.489238368Z,11.056504,124.546498,Cloud to Cloud,18010,3219,7
2026-10-09T06:13:28.219327879Z,7.77617,123.308644,Cloud to Cloud,5876,3235,7
2026-10-09T06:13:31.275362704Z,13.352396,132.210941,Cloud to Cloud,-19342,15466,11
2026-10-09T06:13:31.285881038Z,13.334367,132.310208,Cloud to Cloud,-7487,3032,7
2026-10-09T06:13:32.258737465Z,11.492263,125.350635,Cloud to Cloud,11747,18662,7
2026-10-09T06:13:32.259667361Z,11.524735,125.279444,Cloud to Ground,13572,0,16
2026-10-09T06:13:33.904799995Z,5.788239,125.826606,Cloud to Ground,24248,0,29
2026-10-09T06:13:33.702864798Z,12.504046,115.267935,Cloud to Cloud,-23926,12013,7
2026-10-09T06:13:33.882890583Z,12.519209,115.25,Cloud to Ground,-15680,0,8
2026-10-09T06:13:33.937467632Z,12.541049,115.26191,Cloud to Ground,17955,0,7
2026-10-09T06:13:33.630322361Z,12.534239,115.263123,Cloud to Ground,23689,0,15
2026-10-09T06:13:34.154514472Z,9.317362,122.966664,Cloud to Cloud,-12514,17480,6
2026-10-09T06:13:35.634278713Z,7.878183,123.208323,Cloud to Cloud,-11979,14703,13
2026-10-09T06:13:37.105965000Z,15.3094,111.5081,Cloud to Ground,-24111,0,5
2026-10-09T06:13:37.101103863Z,15.338351,111.459346,Cloud to Ground,-16287,0,7
2026-10-09T06:13:37.104887321Z,17.642218,113.549926,Cloud to Ground,19327,0,10
2026-10-09T06:13:39.517603313Z,9.877238,118.678808,Cloud to Cloud,-16403,12858,8
2026-10-09T06:13:39.419189491Z,9.736237,118.746797,Cloud to Ground,-19122,0,10
2026-10-09T06:13:39.243955863Z,9.758446,118.717646,Cloud to Cloud,13539,14140,7
2026-10-09T06:13:40.412430306Z,12.882213,114.904943,Cloud to Cloud,-9853,15561,10
2026-10-09T06:13:42.934713216Z,5.883006,116.975282,Cloud to Ground,23330,0,21
2026-10-09T06:13:43.053302987Z,5.947324,117.054215,Cloud to Ground,-15928,0,12
2026-10-09T06:13:43.079658796Z,6.01125,117.076287,Cloud to Cloud,-14080,16035,7
2026-10-09T06:13:43.163265352Z,5.946161,117.04874,Cloud to Cloud,-13350,7739,9
2026-10-09T06:13:44.050318166Z,9.283242,118.434883,Cloud to Cloud,25363,18367,7
2026-10-09T06:13:44.002059604Z,7.918671,131.234479,Cloud to Cloud,22554,11076,8
2026-10-09T06:13:44.899687318Z,15.358302,113.325006,Cloud to Ground,-9256,0,7
2026-10-09T06:13:44.892516612Z,15.362157,113.322115,Cloud to Ground,-5596,0,5
2026-10-09T06:13:44.627246000Z,8.0881,131.3284,Cloud to Ground,7167,0,5
2026-10-09T06:13:45.840624340Z,12.412707,116.264778,Cloud to Ground,-98500,0,12
2026-10-09T06:13:45.831415869Z,12.448896,116.26411,Cloud to Ground,-27941,0,12
2026-10-09T06:13:46.064361732Z,12.470216,116.272667,Cloud to Ground,-17936,0,7
2026-10-09T06:13:45.963116820Z,12.453461,116.27767,Cloud to Cloud,-14785,11546,13
2026-10-09T06:13:46.012370468Z,12.472666,116.275481,Cloud to Ground,-14218,0,10
2026-10-09T06:13:46.118679000Z,12.464471,116.27185,Cloud to Ground,-13955,0,5
2026-10-09T06:13:46.184638051Z,12.439706,116.258065,Cloud to Cloud,-5324,14433,5
2026-10-09T06:13:46.010170050Z,12.454871,116.266103,Cloud to Cloud,10236,7731,10
2026-10-09T06:13:46.182679802Z,12.503515,116.25842,Cloud to Cloud,17604,3190,8
2026-10-09T06:13:46.678320975Z,8.867749,117.322819,Cloud to Cloud,-14233,14262,12
2026-10-09T06:13:46.742787335Z,8.726921,117.419298,Cloud to Cloud,-14023,7354,13
2026-10-09T06:13:46.486877827Z,8.84226,117.328201,Cloud to Cloud,-11452,15902,13
2026-10-09T06:13:46.665539988Z,8.893883,117.35917,Cloud to Cloud,-6899,9106,8
2026-10-09T06:13:46.818011783Z,8.674229,117.453864,Cloud to Ground,14964,0,8
2026-10-09T06:13:46.682241761Z,8.851465,117.379718,Cloud to Cloud,17453,3018,6
2026-10-09T06:13:46.485614182Z,8.780248,117.363758,Cloud to Ground,51994,0,17
2026-10-09T06:13:48.284072401Z,1.348835,118.483447,Cloud to Cloud,-18281,7760,20
2026-10-09T06:13:48.266157538Z,1.339806,118.482364,Cloud to Cloud,-17903,3163,19
2026-10-09T06:13:48.265754117Z,1.338726,118.476697,Cloud to Ground,-17653,0,17
2026-10-09T06:13:48.342851871Z,7.872836,110.712905,Cloud to Ground,8941,0,7
2026-10-09T06:13:49.191680756Z,9.191634,117.54095,Cloud to Cloud,12139,3014,7
2026-10-09T06:13:49.181570986Z,9.213607,117.551421,Cloud to Ground,30791,0,17
2026-10-09T06:13:49.627584125Z,11.152155,124.462904,Cloud to Cloud,-16910,16330,8
2026-10-09T06:13:49.626654805Z,11.138617,124.604661,Cloud to Ground,-17303,0,12
2026-10-09T06:13:50.301556680Z,7.962216,123.185565,Cloud to Cloud,-11360,5718,8
2026-10-09T06:13:50.393929000Z,7.9035,123.2307,Cloud to Ground,-8262,0,6
2026-10-09T06:13:51.804851525Z,7.908647,123.358532,Cloud to Ground,32384,0,16
2026-10-09T06:13:51.432520000Z,8.9742,115.8109,Cloud to Ground,-16173,0,5
2026-10-09T06:13:54.261787950Z,7.445288,131.531405,Cloud to Ground,29375,0,34
2026-10-09T06:13:54.318309646Z,7.417723,131.640333,Cloud to Cloud,-8404,19623,13
2026-10-09T06:13:54.334841158Z,7.411926,131.697894,Cloud to Ground,5957,0,7
2026-10-09T06:13:54.259493312Z,7.418125,131.628572,Cloud to Ground,21011,0,20
2026-10-09T06:13:55.655600636Z,14.977978,111.714142,Cloud to Ground,-22969,0,9
2026-10-09T06:13:55.695127711Z,15.005455,111.719632,Cloud to Cloud,-14193,3084,6
2026-10-09T06:13:55.772520245Z,15.02778,111.836307,Cloud to Cloud,-7950,18169,6
2026-10-09T06:14:01.352717146Z,2.903424,112.855518,Cloud to Cloud,-12669,19962,10
2026-10-09T06:14:01.413701304Z,2.908394,112.850881,Cloud to Ground,23009,0,6
2026-10-09T06:14:03.804435478Z,7.987644,131.24472,Cloud to Cloud,-8054,7138,25
2026-10-09T06:14:03.816094472Z,7.948371,131.218141,Cloud to Cloud,-6790,7872,7
2026-10-09T06:14:03.487640582Z,7.925522,131.270472,Cloud to Cloud,11400,17295,15
2026-10-09T06:14:04.619458853Z,1.359269,118.506351,Cloud to Ground,-19824,0,12
2026-10-09T06:14:04.464579840Z,1.348507,118.462719,Cloud to Ground,104548,0,19
2026-10-09T06:14:04.139464059Z,14.100106,110.169377,Cloud to Ground,-38676,0,12
2026-10-09T06:14:04.282211840Z,14.122045,110.165595,Cloud to Ground,-27848,0,11
2026-10-09T06:14:04.125124347Z,14.096973,110.100245,Cloud to Cloud,-22612,3000,11
2026-10-09T06:14:04.222233961Z,14.098726,110.186469,Cloud to Ground,28904,0,14
2026-10-09T06:14:07.041303105Z,15.005477,111.719931,Cloud to Ground,-44729,0,13
2026-10-09T06:14:07.076195698Z,15.013977,111.719899,Cloud to Cloud,-7563,3944,9
2026-10-09T06:14:08.296833523Z,9.338062,122.949828,Cloud to Cloud,-19411,7962,7
2026-10-09T06:14:10.509662237Z,13.322351,132.327209,Cloud to Ground,-13962,0,13
2026-10-09T06:14:10.442988109Z,13.386048,132.253696,Cloud to Ground,-33601,0,19
2026-10-09T06:14:11.371065541Z,13.268006,133.122139,Cloud to Ground,-20224,0,14
2026-10-09T06:14:11.379960954Z,13.322161,133.066967,Cloud to Ground,-17357,0,9
2026-10-09T06:14:11.369904755Z,13.286622,133.127235,Cloud to Ground,-14491,0,7
2026-10-09T06:14:11.379506273Z,13.322579,133.089666,Cloud to Ground,-10255,0,12
2026-10-09T06:14:14.026429610Z,1.357067,118.462271,Cloud to Cloud,7756,6517,8
2026-10-09T06:14:14.166606705Z,1.370075,118.440376,Cloud to Ground,8175,0,9
2026-10-09T06:14:14.713860807Z,22.322395,127.576613,Cloud to Cloud,-8685,5177,9
2026-10-09T06:14:14.502742694Z,22.278074,127.45658,Cloud to Cloud,15059,3011,12
2026-10-09T06:14:15.784270306Z,5.9625,117.053602,Cloud to Cloud,-64481,3012,21
2026-10-09T06:14:15.997326673Z,5.972352,117.069972,Cloud to Cloud,-30675,7557,14
2026-10-09T06:14:15.786525953Z,5.866426,117.071283,Cloud to Cloud,-17109,7833,9
2026-10-09T06:14:15.909428525Z,5.890253,117.091846,Cloud to Ground,33408,0,12
2026-10-09T06:14:15.847115602Z,5.960977,117.046151,Cloud to Ground,77640,0,10
2026-10-09T06:14:15.147837592Z,8.318682,123.673382,Cloud to Cloud,-12938,11177,17
2026-10-09T06:14:16.341426000Z,13.1368,111.6782,Cloud to Ground,-30106,0,10
2026-10-09T06:14:16.343422667Z,13.086438,111.609066,Cloud to Ground,22616,0,8
2026-10-09T06:14:16.340461313Z,13.159108,111.666996,Cloud to Ground,30763,0,8
2026-10-09T06:14:17.536273262Z,15.379007,113.361501,Cloud to Ground,-56513,0,12
2026-10-09T06:14:17.880720565Z,15.402371,113.368672,Cloud to Ground,-31768,0,12
2026-10-09T06:14:17.589452275Z,15.36903,113.357165,Cloud to Ground,-31448,0,13
2026-10-09T06:14:17.718496069Z,15.401952,113.368731,Cloud to Ground,-23588,0,12
2026-10-09T06:14:17.573897475Z,15.367999,113.362301,Cloud to Cloud,-15884,4521,10
2026-10-09T06:14:17.637352131Z,15.384572,113.333277,Cloud to Cloud,26997,6483,14
2026-10-09T06:14:17.536813000Z,16.5453,114.3423,Cloud to Ground,111227,0,5
2026-10-09T06:14:18.438070967Z,7.949867,131.237939,Cloud to Cloud,15804,5927,24
2026-10-09T06:14:19.427246602Z,4.366888,116.06935,Cloud to Cloud,-15706,3103,14
2026-10-09T06:14:19.069282135Z,11.63892,124.895628,Cloud to Cloud,-14628,4963,8
2026-10-09T06:14:19.055922330Z,11.658624,124.88576,Cloud to Cloud,22480,12293,7
2026-10-09T06:14:19.077859035Z,11.58865,124.906571,Cloud to Ground,27798,0,8
2026-10-09T06:14:22.780217582Z,7.938428,131.34912,Cloud to Ground,17154,0,16
2026-10-09T06:14:23.069033000Z,7.4448,131.6488,Cloud to Ground,-10676,0,5
2026-10-09T06:14:23.164594800Z,7.425986,131.648064,Cloud to Ground,9252,0,7
2026-10-09T06:14:24.857850444Z,9.442573,122.902564,Cloud to Cloud,-16233,16651,11
2026-10-09T06:14:24.258831299Z,7.731533,132.072561,Cloud to Ground,44226,0,25
2026-10-09T06:14:24.258139128Z,7.750251,131.929034,Cloud to Cloud,-9957,18008,24
2026-10-09T06:14:26.982553612Z,13.149608,132.315826,Cloud to Ground,-26576,0,17
2026-10-09T06:14:27.139922836Z,13.123902,132.502096,Cloud to Ground,-17286,0,12
2026-10-09T06:14:26.960836833Z,13.159956,132.471183,Cloud to Cloud,-14226,3092,14
2026-10-09T06:14:27.355720258Z,13.155838,132.478371,Cloud to Cloud,13419,17768,9
2026-10-09T06:14:26.927818817Z,13.164065,132.489189,Cloud to Ground,83120,0,12
2026-10-09T06:14:27.551855520Z,12.950237,111.555977,Cloud to Ground,28696,0,11
2026-10-09T06:14:27.554971498Z,12.940778,111.5493,Cloud to Ground,33177,0,6
2026-10-09T06:14:30.988431333Z,11.865938,123.486293,Cloud to Ground,-30008,0,24
2026-10-09T06:14:30.990839294Z,11.902834,123.517671,Cloud to Ground,-18267,0,7
2026-10-09T06:14:31.002082450Z,11.833284,123.617603,Cloud to Cloud,25122,7673,8
2026-10-09T06:14:30.987061592Z,11.82063,123.617322,Cloud to Ground,77363,0,8
2026-10-09T06:14:31.123780581Z,1.373237,118.478389,Cloud to Ground,52956,0,21
2026-10-09T06:14:32.323715910Z,6.693384,120.726915,Cloud to Ground,-41654,0,13
2026-10-09T06:14:32.184551020Z,8.31965,123.63512,Cloud to Ground,21361,0,16
2026-10-09T06:14:32.281631190Z,7.115808,120.700616,Cloud to Ground,-35157,0,23
2026-10-09T06:14:32.273772296Z,6.966127,120.767606,Cloud to Cloud,-43278,18629,8
2026-10-09T06:14:35.676780106Z,8.140594,125.286811,Cloud to Ground,-43053,0,11
2026-10-09T06:14:35.668829503Z,8.125677,125.283998,Cloud to Ground,-17817,0,11
2026-10-09T06:14:37.644597030Z,7.935322,123.288587,Cloud to Cloud,13536,5685,6
2026-10-09T06:14:39.391919109Z,5.946052,117.041524,Cloud to Cloud,-16317,16866,17
2026-10-09T06:14:40.452933912Z,1.348552,118.477791,Cloud to Ground,-17965,0,12
2026-10-09T06:14:40.572349023Z,1.352078,118.507353,Cloud to Ground,22542,0,22
2026-10-09T06:14:40.700853998Z,15.003399,111.717986,Cloud to Ground,-63346,0,12
2026-10-09T06:14:42.769031784Z,8.359586,123.719481,Cloud to Ground,20653,0,12
2026-10-09T06:14:42.275847819Z,7.446456,131.61209,Cloud to Ground,-13100,0,10
2026-10-09T06:14:42.273993836Z,7.449808,131.652875,Cloud to Ground,-12391,0,11
2026-10-09T06:14:42.414709219Z,7.497424,131.52046,Cloud to Ground,-28353,0,22
2026-10-09T06:14:42.358411509Z,7.477673,131.499741,Cloud to Ground,-27023,0,36
2026-10-09T06:14:42.288827085Z,7.48704,131.514656,Cloud to Ground,-25112,0,39
2026-10-09T06:14:43.630313425Z,9.287089,115.480083,Cloud to Cloud,9991,9682,7
2026-10-09T06:14:43.808450560Z,14.468295,130.909236,Cloud to Ground,-26225,0,15
2026-10-09T06:14:44.150441672Z,14.424443,130.918221,Cloud to Ground,-13534,0,12
2026-10-09T06:14:43.810980666Z,14.434025,130.903566,Cloud to Cloud,-10404,13997,7
2026-10-09T06:14:44.699751603Z,7.980408,123.32063,Cloud to Ground,16635,0,14
2026-10-09T06:14:44.597995605Z,4.742104,111.83703,Cloud to Ground,-39213,0,13
2026-10-09T06:14:47.727997974Z,8.003685,131.220464,Cloud to Cloud,-9240,13546,8
2026-10-09T06:14:47.232662967Z,7.937967,131.254169,Cloud to Ground,14341,0,7
2026-10-09T06:14:48.050802790Z,4.447962,116.099204,Cloud to Ground,-19365,0,12
2026-10-09T06:14:48.000272504Z,4.496379,116.100728,Cloud to Ground,-16516,0,7
2026-10-09T06:14:48.511849548Z,2.937619,112.830408,Cloud to Cloud,-19017,6383,16
2026-10-09T06:14:49.389923500Z,0.856333,121.546416,Cloud to Cloud,-13618,13880,21
2026-10-09T06:14:50.903331109Z,1.359136,118.487048,Cloud to Ground,38040,0,24
2026-10-09T06:14:50.457688715Z,7.168299,126.126617,Cloud to Ground,23184,0,18
2026-10-09T06:14:51.168552622Z,8.219011,125.213592,Cloud to Cloud,-11315,7170,14
2026-10-09T06:14:51.123423176Z,10.722237,122.212505,Cloud to Cloud,9820,5621,9
2026-10-09T06:14:51.124284441Z,10.72343,122.211238,Cloud to Cloud,14618,12023,9
2026-10-09T06:14:51.514185773Z,10.717187,122.177185,Cloud to Cloud,34947,8079,8
2026-10-09T06:14:54.082431319Z,9.376756,122.915669,Cloud to Cloud,-13510,6739,11
2026-10-09T06:14:56.554888000Z,6.3429,124.5098,Cloud to Ground,-10605,0,8
2026-10-09T06:14:56.552473032Z,6.387292,124.494319,Cloud to Ground,29753,0,18
2026-10-09T06:14:58.161641054Z,9.433473,118.266386,Cloud to Cloud,-12101,5472,8
2026-10-09T06:14:58.171005777Z,9.370182,118.255508,Cloud to Ground,15434,0,12
2026-10-09T06:14:58.900586095Z,12.219913,121.163071,Cloud to Ground,-44349,0,11
2026-10-09T06:14:59.459145969Z,15.35006,113.34609,Cloud to Ground,-68878,0,13
2026-10-09T06:14:59.418396674Z,15.352884,113.348257,Cloud to Ground,-8975,0,7
2026-10-09T06:14:59.398363697Z,15.32048,113.2725,Cloud to Ground,13963,0,8
2026-10-09T06:15:00.852368118Z,2.97576,112.860578,Cloud to Ground,-16016,0,12
2026-10-09T06:15:02.146451033Z,2.91203,112.752511,Cloud to Ground,-12874,0,7
2026-10-09T06:15:04.027864926Z,2.879893,112.899617,Cloud to Ground,-10916,0,7
2026-10-09T06:15:04.078485312Z,2.821811,112.923186,Cloud to Ground,15289,0,11
2026-10-09T06:15:05.557886007Z,7.879559,123.147437,Cloud to Ground,-60301,0,29
2026-10-09T06:15:05.619902916Z,7.970902,123.191037,Cloud to Ground,-47219,0,20
2026-10-09T06:15:05.707773443Z,7.956611,123.179674,Cloud to Ground,-37404,0,19
2026-10-09T06:15:05.750030955Z,7.964318,123.160694,Cloud to Ground,-23001,0,13
2026-10-09T06:15:06.171458411Z,7.890527,123.222858,Cloud to Ground,-18457,0,9
2026-10-09T06:15:05.614664476Z,7.963423,123.150531,Cloud to Ground,34914,0,15
2026-10-09T06:15:05.887232238Z,15.004439,111.709473,Cloud to Ground,-26763,0,10
2026-10-09T06:15:06.160043294Z,15.015838,111.706805,Cloud to Ground,-8375,0,7
2026-10-09T06:15:05.989342479Z,15.011337,111.716324,Cloud to Cloud,9003,3035,8
2026-10-09T06:15:05.971540390Z,15.018637,111.723338,Cloud to Ground,26542,0,7
2026-10-09T06:15:08.209215836Z,12.438611,116.249576,Cloud to Ground,-124263,0,16
2026-10-09T06:15:08.215515765Z,12.420508,116.261034,Cloud to Ground,-103925,0,12
2026-10-09T06:15:08.514690849Z,12.425142,116.261575,Cloud to Cloud,-31399,3026,9
2026-10-09T06:15:08.331911613Z,12.463602,116.266746,Cloud to Cloud,24154,3039,12
2026-10-09T06:15:08.350065201Z,12.440662,116.253229,Cloud to Cloud,26510,13925,16
2026-10-09T06:15:08.971360000Z,8.1358,125.2809,Cloud to Ground,10453,0,7
2026-10-09T06:15:09.042850948Z,8.023837,125.289737,Cloud to Cloud,20842,6958,10
2026-10-09T06:15:09.845631925Z,7.932759,131.220983,Cloud to Ground,23402,0,8
2026-10-09T06:15:10.760057706Z,11.02041,124.616485,Cloud to Cloud,15286,3378,7
2026-10-09T06:15:10.459689000Z,7.9681,131.321,Cloud to Ground,-10150,0,5
2026-10-09T06:15:13.556556716Z,1.378273,118.510103,Cloud to Ground,7627,0,9
2026-10-09T06:15:13.570674285Z,1.379438,118.509673,Cloud to Ground,13563,0,9
2026-10-09T06:15:13.436925451Z,1.379204,118.507453,Cloud to Ground,19868,0,15
2026-10-09T06:15:14.243181554Z,9.389201,118.301646,Cloud to Cloud,-61999,11781,11
2026-10-09T06:15:13.569685326Z,9.33271,118.393921,Cloud to Cloud,-17344,19523,11
2026-10-09T06:15:14.119429184Z,9.325108,118.37506,Cloud to Cloud,-9436,18091,5
2026-10-09T06:15:14.264353591Z,9.349202,118.311652,Cloud to Cloud,8082,3021,6
2026-10-09T06:15:15.000815535Z,12.521746,115.259614,Cloud to Ground,-36927,0,12
2026-10-09T06:15:15.024955164Z,12.528787,115.262259,Cloud to Cloud,6681,3101,9
2026-10-09T06:15:17.692810138Z,7.907272,123.180852,Cloud to Ground,35896,0,8
2026-10-09T06:15:17.405503961Z,4.425527,116.06632,Cloud to Cloud,-20026,18065,7
2026-10-09T06:15:17.766537943Z,4.449804,116.06539,Cloud to Ground,-16282,0,7
2026-10-09T06:15:19.749363591Z,7.346999,131.53965,Cloud to Cloud,-11988,12209,11
2026-10-09T06:15:19.752843966Z,7.444306,131.477534,Cloud to Ground,20169,0,15
2026-10-09T06:15:20.967135611Z,13.431092,132.290975,Cloud to Ground,-22633,0,13
2026-10-09T06:15:21.101496920Z,13.362001,132.335211,Cloud to Ground,-16788,0,9
2026-10-09T06:15:20.672434006Z,13.360118,132.34196,Cloud to Ground,14314,0,16
2026-10-09T06:15:21.345722116Z,7.884552,123.186899,Cloud to Ground,27167,0,12
2026-10-09T06:15:21.660812631Z,8.246003,123.596381,Cloud to Ground,40280,0,17
2026-10-09T06:15:21.063904063Z,14.886733,110.855547,Cloud to Ground,-32440,0,7
2026-10-09T06:15:21.040046081Z,14.898646,110.764708,Cloud to Cloud,-17372,3406,12
2026-10-09T06:15:22.071133555Z,7.887102,123.245759,Cloud to Cloud,-11374,15870,13
2026-10-09T06:15:22.829479441Z,18.71538,125.356979,Cloud to Cloud,3904,7470,5
2026-10-09T06:15:22.744464734Z,18.736271,125.35382,Cloud to Cloud,3995,14705,5
2026-10-09T06:15:22.746569487Z,18.730317,125.350627,Cloud to Cloud,5589,5722,7
2026-10-09T06:15:22.927373175Z,18.7313,125.354826,Cloud to Cloud,6205,6278,7
2026-10-09T06:15:22.751665191Z,18.717822,125.350014,Cloud to Cloud,6225,15737,5
2026-10-09T06:15:22.740560333Z,18.728807,125.358018,Cloud to Cloud,18113,12529,10
2026-10-09T06:15:22.742747000Z,18.7515,125.3405,Cloud to Ground,20093,0,7
2026-10-09T06:15:22.885333000Z,18.760647,125.178307,Cloud to Cloud,8543,3001,8
2026-10-09T06:15:22.190352000Z,6.3532,124.8375,Cloud to Ground,-9119,0,7
2026-10-09T06:15:23.911769326Z,15.010499,111.713604,Cloud to Ground,-22834,0,12
2026-10-09T06:15:23.818356252Z,15.044125,111.740773,Cloud to Cloud,-14105,9641,11
2026-10-09T06:15:23.848014394Z,15.004541,111.717588,Cloud to Cloud,11961,3055,8
2026-10-09T06:15:27.211601616Z,5.850709,117.074988,Cloud to Ground,-23159,0,14
2026-10-09T06:15:27.306120329Z,5.851008,117.092877,Cloud to Ground,36751,0,14
2026-10-09T06:15:27.139651226Z,5.954308,117.047833,Cloud to Ground,-60605,0,29
2026-10-09T06:15:27.170262584Z,5.950238,117.063042,Cloud to Cloud,-30030,7559,21
2026-10-09T06:15:27.169500898Z,5.988259,117.111559,Cloud to Cloud,14618,5847,11
2026-10-09T06:15:27.515305692Z,7.883393,123.081092,Cloud to Ground,-16745,0,15
2026-10-09T06:15:28.258735540Z,7.99454,123.307319,Cloud to Ground,21203,0,11
2026-10-09T06:15:27.893058988Z,7.967016,123.314991,Cloud to Ground,34120,0,24
2026-10-09T06:15:29.725965804Z,7.945141,131.360085,Cloud to Ground,-20703,0,8
2026-10-09T06:15:32.477908312Z,9.046015,118.020147,Cloud to Cloud,12030,7871,7
2026-10-09T06:15:32.610901537Z,7.949963,131.397513,Cloud to Ground,19899,0,9
2026-10-09T06:15:32.616983771Z,7.916438,131.232437,Cloud to Cloud,-15450,7803,9
2026-10-09T06:15:32.670811063Z,7.972081,131.28238,Cloud to Cloud,-11301,3066,33
2026-10-09T06:15:33.011872640Z,7.934364,123.393739,Cloud to Cloud,16068,15615,11
2026-10-09T06:15:33.026907097Z,8.196882,125.221408,Cloud to Ground,-12960,0,10
2026-10-09T06:15:36.603929684Z,1.34968,118.501808,Cloud to Ground,17753,0,12
2026-10-09T06:15:36.781724891Z,1.358205,118.487875,Cloud to Ground,21030,0,17
2026-10-09T06:15:36.573245854Z,1.354289,118.509044,Cloud to Ground,31174,0,25
2026-10-09T06:15:36.302894457Z,9.249043,118.279214,Cloud to Cloud,22366,14357,7
2026-10-09T06:15:36.304459771Z,9.281338,118.13453,Cloud to Ground,14181,0,9
2026-10-09T06:15:38.497878749Z,7.837369,123.202487,Cloud to Ground,20393,0,9
2026-10-09T06:15:40.172074000Z,8.2359,125.3205,Cloud to Ground,-15694,0,5
2026-10-09T06:15:39.880407175Z,8.199917,125.270831,Cloud to Cloud,12345,11397,7
2026-10-09T06:15:39.428952936Z,16.435677,112.544716,Cloud to Ground,-27967,0,12
2026-10-09T06:15:39.357769373Z,16.43581,112.558896,Cloud to Ground,8180,0,6
2026-10-09T06:15:39.090825819Z,16.511084,112.484442,Cloud to Cloud,12524,14113,7
2026-10-09T06:15:39.194918944Z,16.570317,112.502831,Cloud to Ground,83250,0,19
2026-10-09T06:15:39.554464329Z,15.318864,111.366677,Cloud to Ground,-46259,0,11
2026-10-09T06:15:41.245315451Z,9.210886,118.017289,Cloud to Ground,-32120,0,13
2026-10-09T06:15:41.287437326Z,9.210998,117.996003,Cloud to Ground,-26268,0,10
2026-10-09T06:15:41.439373712Z,8.007375,123.318521,Cloud to Ground,25753,0,15
2026-10-09T06:15:41.304280843Z,1.352023,118.434403,Cloud to Ground,-19188,0,15
2026-10-09T06:15:43.260613096Z,4.468377,116.157169,Cloud to Ground,-20264,0,10
2026-10-09T06:15:45.789674627Z,4.364195,116.034497,Cloud to Ground,-47319,0,26
2026-10-09T06:15:46.177591355Z,4.457904,116.022083,Cloud to Cloud,-25608,5799,17
2026-10-09T06:15:46.052450183Z,4.36218,116.037525,Cloud to Cloud,-10741,19758,20
2026-10-09T06:15:46.214967400Z,4.437381,116.035354,Cloud to Cloud,8577,17470,9
2026-10-09T06:15:45.911273963Z,4.35964,116.028769,Cloud to Ground,13562,0,12
2026-10-09T06:15:46.094887852Z,4.455765,116.035605,Cloud to Cloud,22070,15384,7
2026-10-09T06:15:45.803808626Z,4.357529,116.028525,Cloud to Ground,22386,0,11
2026-10-09T06:15:45.851467843Z,4.36567,116.016056,Cloud to Ground,34793,0,18
2026-10-09T06:15:46.005635000Z,4.4297,116.1107,Cloud to Ground,36267,0,5
2026-10-09T06:15:47.271868597Z,8.239436,123.525889,Cloud to Ground,-18595,0,15
2026-10-09T06:15:47.038613787Z,9.429285,118.507847,Cloud to Cloud,-20006,3030,9
2026-10-09T06:15:47.890315504Z,7.420645,131.648391,Cloud to Ground,-11461,0,12
2026-10-09T06:15:47.901698638Z,7.42524,131.621659,Cloud to Ground,-10488,0,16
2026-10-09T06:15:47.925915115Z,7.418174,131.633458,Cloud to Ground,15704,0,12
2026-10-09T06:15:48.975999595Z,12.952279,111.546948,Cloud to Ground,31747,0,14
2026-10-09T06:15:49.165656677Z,12.710056,111.599503,Cloud to Ground,-20192,0,10
2026-10-09T06:15:51.686045565Z,9.238406,125.877536,Cloud to Ground,-17716,0,7
2026-10-09T06:15:53.353544897Z,6.696489,134.586854,Cloud to Ground,77485,0,30
2026-10-09T06:15:54.001011576Z,2.911368,112.898244,Cloud to Ground,12895,0,8
2026-10-09T06:15:54.403791210Z,7.138143,125.343186,Cloud to Ground,31152,0,22
2026-10-09T06:15:54.762221734Z,7.928843,131.270512,Cloud to Cloud,8851,3535,11
2026-10-09T06:15:54.754882337Z,7.921348,131.277061,Cloud to Cloud,19123,17212,17
2026-10-09T06:15:54.295978741Z,14.962294,111.742918,Cloud to Ground,-40617,0,12
2026-10-09T06:15:54.422040318Z,14.982537,111.748555,Cloud to Ground,12031,0,12
2026-10-09T06:15:54.231211191Z,14.979614,111.741301,Cloud to Ground,12773,0,10
2026-10-09T06:15:54.395417911Z,14.984848,111.751398,Cloud to Cloud,13688,18726,8
2026-10-09T06:15:54.651561510Z,14.988807,111.750651,Cloud to Cloud,17187,14424,10
2026-10-09T06:15:54.196431000Z,14.9545,111.7432,Cloud to Ground,66582,0,9
2026-10-09T06:15:55.467691885Z,3.17554,121.604588,Cloud to Ground,-45967,0,16
2026-10-09T06:15:55.505328819Z,3.167085,121.598532,Cloud to Ground,16835,0,7
2026-10-09T06:15:55.437574000Z,7.0322,120.7044,Cloud to Ground,-22486,0,6
2026-10-09T06:15:55.546908289Z,7.08767,120.688109,Cloud to Ground,11591,0,8
2026-10-09T06:15:55.394887000Z,7.0866,120.6898,Cloud to Ground,27046,0,5
2026-10-09T06:15:55.076127701Z,15.168783,113.36642,Cloud to Ground,15990,0,6
2026-10-09T06:15:55.079739000Z,15.3674,113.3647,Cloud to Ground,-45486,0,8
2026-10-09T06:15:55.080551435Z,15.363175,113.345832,Cloud to Cloud,-16992,3201,10
2026-10-09T06:15:55.472506103Z,15.372989,113.300396,Cloud to Ground,-14895,0,7
2026-10-09T06:15:55.089986171Z,15.371232,113.336981,Cloud to Ground,-13051,0,6
2026-10-09T06:15:55.093285415Z,15.332388,113.251229,Cloud to Cloud,20537,12108,6
2026-10-09T06:15:55.320032285Z,12.337472,122.818075,Cloud to Ground,-12867,0,9
2026-10-09T06:15:55.261499331Z,12.322574,122.868047,Cloud to Cloud,27704,3002,13
2026-10-09T06:15:57.179383649Z,11.565772,125.160113,Cloud to Cloud,25622,18945,8
2026-10-09T06:15:59.542826003Z,8.332621,123.620343,Cloud to Ground,-41585,0,18
2026-10-09T06:15:59.593244492Z,8.242868,123.637604,Cloud to Ground,-13175,0,17
2026-10-09T06:16:01.140617670Z,8.168371,125.3148,Cloud to Ground,-33746,0,32
2026-10-09T06:16:01.337377063Z,8.173988,123.464242,Cloud to Cloud,14445,10930,10
2026-10-09T06:16:01.319191003Z,8.187047,123.469667,Cloud to Cloud,21665,17261,8
2026-10-09T06:16:01.366757555Z,1.359152,118.523772,Cloud to Ground,12306,0,11
2026-10-09T06:16:01.526690558Z,1.355573,118.480862,Cloud to Ground,27960,0,14
2026-10-09T06:16:01.302518972Z,1.362104,118.497884,Cloud to Ground,40048,0,26
2026-10-09T06:16:01.526134000Z,1.3892,118.331,Cloud to Ground,30867,0,5
2026-10-09T06:16:02.019437634Z,11.504792,125.424654,Cloud to Cloud,13349,13025,7
2026-10-09T06:16:02.038695750Z,11.502811,125.388653,Cloud to Cloud,14910,16337,7
2026-10-09T06:16:03.115592936Z,7.982434,123.166912,Cloud to Ground,16145,0,14
2026-10-09T06:16:03.977603618Z,7.875595,123.141959,Cloud to Cloud,-11876,5061,19
2026-10-09T06:16:03.896984000Z,7.8136,123.1416,Cloud to Ground,12940,0,7
2026-10-09T06:16:05.414223141Z,9.060652,125.869866,Cloud to Cloud,13030,11769,16
2026-10-09T06:16:06.212575786Z,7.957062,123.313825,Cloud to Ground,17696,0,10
2026-10-09T06:16:09.630494867Z,7.850383,123.207609,Cloud to Ground,17194,0,10
2026-10-09T06:16:09.145653174Z,7.877453,123.234028,Cloud to Ground,26853,0,17
2026-10-09T06:16:10.978514832Z,7.980802,131.315332,Cloud to Cloud,-10960,10404,10
2026-10-09T06:16:12.578931816Z,9.09719,125.835436,Cloud to Ground,-11432,0,9
2026-10-09T06:16:14.775833838Z,1.437968,118.454428,Cloud to Ground,-16538,0,10
2026-10-09T06:16:14.731067763Z,1.379612,118.467453,Cloud to Ground,-12987,0,14
2026-10-09T06:16:16.347718585Z,15.233366,111.247364,Cloud to Cloud,26789,9488,8
2026-10-09T06:16:16.376800043Z,15.270104,111.451411,Cloud to Cloud,-16421,3040,7
2026-10-09T06:16:16.438721913Z,15.300454,111.337323,Cloud to Cloud,5219,4608,6
2026-10-09T06:16:16.345245364Z,15.283667,111.392577,Cloud to Ground,13086,0,9
2026-10-09T06:16:16.346861761Z,15.283669,111.385616,Cloud to Ground,19908,0,7
2026-10-09T06:16:17.381004465Z,15.009932,111.717037,Cloud to Ground,-38109,0,15
2026-10-09T06:16:17.667308985Z,15.005021,111.720103,Cloud to Ground,-27869,0,12
2026-10-09T06:16:17.712445294Z,12.438737,116.262084,Cloud to Ground,-96711,0,7
2026-10-09T06:16:17.719487496Z,12.415244,116.262729,Cloud to Ground,-72558,0,13
2026-10-09T06:16:17.825749882Z,12.444525,116.267494,Cloud to Ground,-19000,0,6
2026-10-09T06:16:18.206104858Z,2.881757,112.868262,Cloud to Ground,-12563,0,8
2026-10-09T06:16:18.221371606Z,2.882823,112.876561,Cloud to Ground,7966,0,7
2026-10-09T06:16:18.447496936Z,9.047408,125.947661,Cloud to Ground,31667,0,9
2026-10-09T06:16:18.351723195Z,7.425672,131.52494,Cloud to Ground,18258,0,17
2026-10-09T06:16:18.362850283Z,7.422207,131.652777,Cloud to Ground,-10008,0,10
2026-10-09T06:16:19.056460982Z,13.20472,132.417041,Cloud to Ground,-39548,0,21
2026-10-09T06:16:19.052867646Z,13.135414,132.478131,Cloud to Ground,17660,0,16
2026-10-09T06:16:19.052389184Z,13.130507,132.481612,Cloud to Ground,22571,0,13
2026-10-09T06:16:19.826017436Z,13.316299,132.338951,Cloud to Cloud,-15227,13009,7
2026-10-09T06:16:19.908164636Z,13.30081,132.320923,Cloud to Ground,-11016,0,8
2026-10-09T06:16:19.808595389Z,13.327456,132.352394,Cloud to Ground,15129,0,16
2026-10-09T06:16:19.833057805Z,13.384419,132.263273,Cloud to Ground,-19065,0,19
2026-10-09T06:16:19.963356719Z,13.379134,132.245562,Cloud to Ground,-10930,0,16
2026-10-09T06:16:19.217729000Z,7.806,123.0408,Cloud to Ground,-8919,0,5
2026-10-09T06:16:21.966105238Z,6.383991,124.484338,Cloud to Ground,31713,0,11
2026-10-09T06:16:21.163591476Z,9.051931,125.851713,Cloud to Cloud,10940,14893,7
2026-10-09T06:16:22.294673517Z,1.481902,118.422978,Cloud to Cloud,-15538,13512,16
2026-10-09T06:16:24.783347939Z,9.314849,122.960188,Cloud to Cloud,4891,18007,5
2026-10-09T06:16:24.880844418Z,9.31595,122.955481,Cloud to Cloud,9930,10865,6
2026-10-09T06:16:24.702039000Z,9.4019,122.9266,Cloud to Ground,-8709,0,7
2026-10-09T06:16:25.471306530Z,8.853396,117.325168,Cloud to Cloud,11017,5069,9
2026-10-09T06:16:25.486057709Z,8.785459,117.278387,Cloud to Cloud,12547,4805,11
2026-10-09T06:16:25.639724752Z,7.897926,123.104083,Cloud to Ground,-16342,0,17
2026-10-09T06:16:25.110623948Z,9.429473,118.462843,Cloud to Ground,-20109,0,8
2026-10-09T06:16:25.154814000Z,9.4795,118.4469,Cloud to Ground,16353,0,8
2026-10-09T06:16:25.461069292Z,15.445718,113.566888,Cloud to Ground,-4470,0,7
2026-10-09T06:16:25.283005367Z,15.366631,113.351631,Cloud to Cloud,-4531,15352,5
2026-10-09T06:16:25.415960094Z,15.363483,113.341326,Cloud to Ground,6863,0,7
2026-10-09T06:16:26.868512612Z,0.862593,121.547384,Cloud to Ground,27455,0,16
2026-10-09T06:16:28.019945693Z,9.56649,118.522735,Cloud to Cloud,20657,19067,8
2026-10-09T06:16:29.952117552Z,8.133148,125.296419,Cloud to Ground,17198,0,8
2026-10-09T06:16:29.910047402Z,7.970597,131.279512,Cloud to Cloud,-15379,14020,14
2026-10-09T06:16:30.278660322Z,7.968633,131.197138,Cloud to Cloud,10258,10352,8
2026-10-09T06:16:29.781254840Z,7.945038,131.291624,Cloud to Cloud,17998,3654,21
2026-10-09T06:16:30.471957691Z,8.156497,125.184063,Cloud to Cloud,-4503,3043,5
2026-10-09T06:16:30.247024062Z,7.935631,131.385653,Cloud to Ground,-8903,0,11
2026-10-09T06:16:32.873913038Z,9.042684,125.868285,Cloud to Cloud,9066,3000,14
2026-10-09T06:16:32.317160188Z,13.172231,111.733108,Cloud to Cloud,-22219,18411,9
2026-10-09T06:16:32.515397068Z,13.147023,111.679061,Cloud to Ground,12522,0,8
2026-10-09T06:16:32.322063306Z,13.125789,111.676938,Cloud to Ground,15200,0,14
2026-10-09T06:16:32.331354644Z,13.110091,111.664019,Cloud to Cloud,19050,4548,5
2026-10-09T06:16:32.344544539Z,13.127324,111.676275,Cloud to Cloud,20285,7346,6
2026-10-09T06:16:32.315002102Z,13.140906,111.680444,Cloud to Ground,26310,0,6
2026-10-09T06:16:33.834070187Z,9.283803,115.481496,Cloud to Cloud,11895,3103,7
2026-10-09T06:16:34.786530746Z,15.00974,111.714805,Cloud to Ground,-6829,0,10
2026-10-09T06:16:35.664890990Z,9.136235,118.01527,Cloud to Cloud,15240,6895,7
2026-10-09T06:16:35.941170698Z,11.988789,120.04116,Cloud to Cloud,9011,17426,9
2026-10-09T06:16:35.938311443Z,11.912415,120.09604,Cloud to Cloud,17673,11106,8
2026-10-09T06:16:37.883324647Z,13.340502,133.082761,Cloud to Ground,-13867,0,10
2026-10-09T06:16:37.921299478Z,13.340125,133.091737,Cloud to Ground,-11340,0,7
2026-10-09T06:16:37.542797000Z,7.8046,122.9932,Cloud to Ground,-57577,0,10
2026-10-09T06:16:39.547027402Z,7.884881,123.182308,Cloud to Ground,26968,0,10
2026-10-09T06:16:39.766955872Z,7.809133,123.106322,Cloud to Ground,12597,0,10
2026-10-09T06:16:40.691758674Z,1.357297,118.495215,Cloud to Ground,22738,0,17
2026-10-09T06:16:40.796002557Z,1.357711,118.500851,Cloud to Ground,31786,0,19
2026-10-09T06:16:40.635692824Z,1.359997,118.502773,Cloud to Ground,42085,0,29
2026-10-09T06:16:42.641301337Z,6.719552,125.372112,Cloud to Ground,-45455,0,34
2026-10-09T06:16:42.407154504Z,5.957062,117.039341,Cloud to Ground,-9807,0,10
2026-10-09T06:16:42.553053025Z,6.031125,117.125493,Cloud to Ground,-28933,0,14
2026-10-09T06:16:43.827314819Z,14.428224,130.869767,Cloud to Ground,33266,0,14
2026-10-09T06:16:44.519305689Z,9.388131,118.302085,Cloud to Ground,17317,0,11
2026-10-09T06:16:44.507772897Z,9.34043,118.336795,Cloud to Cloud,23075,17840,7
2026-10-09T06:16:44.507235328Z,9.351995,118.328305,Cloud to Cloud,25295,18834,7
2026-10-09T06:16:44.829544721Z,7.55384,131.653638,Cloud to Cloud,27833,7656,10
2026-10-09T06:16:44.728008146Z,7.444652,131.65535,Cloud to Ground,-65076,0,34
2026-10-09T06:16:44.856082712Z,7.454776,131.635614,Cloud to Ground,-20603,0,15
2026-10-09T06:16:45.115245797Z,7.444392,131.682707,Cloud to Ground,7772,0,7
2026-10-09T06:16:45.282263164Z,2.947254,112.79775,Cloud to Ground,-15974,0,16
2026-10-09T06:16:45.229143063Z,7.317987,130.58868,Cloud to Ground,-36466,0,34
2026-10-09T06:16:45.510443875Z,7.366401,130.591844,Cloud to Ground,-23064,0,31
2026-10-09T06:16:45.081797162Z,7.5053,131.462013,Cloud to Ground,-36605,0,14
2026-10-09T06:16:45.006784954Z,7.473727,131.520646,Cloud to Ground,-24309,0,34
2026-10-09T06:16:44.937913758Z,7.459079,131.54366,Cloud to Ground,-16268,0,34
2026-10-09T06:16:44.765278092Z,7.477698,131.531505,Cloud to Ground,-14271,0,32
2026-10-09T06:16:46.278009934Z,11.814983,125.094095,Cloud to Cloud,13292,14506,5
2026-10-09T06:16:46.275154196Z,11.810695,125.09703,Cloud to Ground,22041,0,11
2026-10-09T06:16:48.025138782Z,6.634905,125.348701,Cloud to Cloud,-26787,12391,11
2026-10-09T06:16:47.882935986Z,6.645978,125.349511,Cloud to Ground,-24547,0,9
2026-10-09T06:16:48.512423069Z,8.625216,125.394801,Cloud to Ground,-78593,0,35
2026-10-09T06:16:48.571656602Z,8.564386,125.302441,Cloud to Ground,-16947,0,13
2026-10-09T06:16:49.191181416Z,9.329703,118.437226,Cloud to Ground,30994,0,14
2026-10-09T06:16:51.135129052Z,6.750163,120.94213,Cloud to Ground,-27467,0,17
2026-10-09T06:16:51.268671295Z,6.743287,120.943859,Cloud to Ground,17198,0,14
2026-10-09T06:16:51.083086980Z,6.774835,120.936545,Cloud to Ground,18491,0,12
2026-10-09T06:16:52.806345576Z,9.026695,125.846068,Cloud to Cloud,21371,6989,7
2026-10-09T06:16:52.762625441Z,7.927287,131.240582,Cloud to Ground,22761,0,10
2026-10-09T06:16:52.233513433Z,14.092026,110.070273,Cloud to Ground,-45208,0,15
2026-10-09T06:16:52.243568000Z,14.1311,110.1472,Cloud to Ground,144110,0,14
2026-10-09T06:16:53.779673636Z,9.038136,125.969512,Cloud to Ground,28678,0,6
2026-10-09T06:16:53.114547650Z,7.959242,131.386944,Cloud to Cloud,-18527,3978,24
2026-10-09T06:16:55.232351114Z,13.316827,132.317114,Cloud to Ground,15291,0,14
2026-10-09T06:16:56.264141220Z,8.060946,123.264879,Cloud to Cloud,-17017,8557,15
2026-10-09T06:16:56.733217504Z,7.719484,131.909249,Cloud to Ground,-20544,0,19
2026-10-09T06:16:56.731839433Z,7.760078,132.063842,Cloud to Ground,19055,0,20
2026-10-09T06:16:59.108751032Z,4.818968,111.856303,Cloud to Ground,-27211,0,7
2026-10-09T06:16:59.121761411Z,4.757605,111.826185,Cloud to Ground,-16185,0,6
2026-10-09T06:16:59.128230813Z,4.818878,111.836554,Cloud to Ground,-15117,0,13
2026-10-09T06:16:59.173557725Z,4.817122,111.811564,Cloud to Ground,-14879,0,10
2026-10-09T06:16:59.106387616Z,4.828241,111.849955,Cloud to Ground,-12204,0,10
2026-10-09T06:17:01.890954079Z,6.745899,125.376974,Cloud to Cloud,13084,19151,7
2026-10-09T06:17:01.704526752Z,15.361517,113.396798,Cloud to Cloud,-12999,16476,9
2026-10-09T06:17:02.776081244Z,1.332627,118.463684,Cloud to Ground,14954,0,11
2026-10-09T06:17:02.642634485Z,1.34265,118.479432,Cloud to Ground,15812,0,9
2026-10-09T06:17:02.934856524Z,15.018827,111.604654,Cloud to Ground,-36184,0,15
2026-10-09T06:17:02.776698247Z,15.02938,111.725548,Cloud to Ground,-44920,0,13
2026-10-09T06:17:06.363580825Z,8.161331,125.337135,Cloud to Cloud,27716,10999,13
2026-10-09T06:17:06.730160085Z,7.850053,123.283663,Cloud to Ground,-11883,0,10
2026-10-09T06:17:06.364678000Z,8.4241,125.2172,Cloud to Ground,11309,0,6
2026-10-09T06:17:07.988367517Z,14.889185,110.730425,Cloud to Ground,-7088,0,8
2026-10-09T06:17:08.202015843Z,7.791348,123.300681,Cloud to Cloud,5961,12420,7
2026-10-09T06:17:08.129701837Z,7.908933,123.208071,Cloud to Cloud,-9005,12391,10
2026-10-09T06:17:08.179752260Z,7.887609,123.232943,Cloud to Ground,12654,0,9
2026-10-09T06:17:08.818394748Z,18.701732,125.337636,Cloud to Cloud,-4655,5269,6
2026-10-09T06:17:09.143807601Z,18.686006,125.295025,Cloud to Cloud,-3373,17722,7
2026-10-09T06:17:08.788735968Z,18.720977,125.342829,Cloud to Cloud,10819,7424,13
2026-10-09T06:17:09.463847004Z,9.643076,118.523388,Cloud to Cloud,10335,3185,7
2026-10-09T06:17:11.129384421Z,4.373552,116.165851,Cloud to Ground,-19125,0,11
2026-10-09T06:17:12.132884461Z,2.881355,112.860429,Cloud to Cloud,-20373,16486,15
2026-10-09T06:17:13.839934811Z,4.422846,116.086809,Cloud to Ground,-22162,0,9
2026-10-09T06:17:13.826050172Z,4.351808,116.100442,Cloud to Cloud,-12090,4928,11
2026-10-09T06:17:13.834660136Z,4.421334,116.082775,Cloud to Ground,-10999,0,12
2026-10-09T06:17:14.961220786Z,4.365768,116.206796,Cloud to Ground,-50622,0,15
2026-10-09T06:17:14.951063406Z,4.332621,116.208421,Cloud to Ground,21931,0,13
2026-10-09T06:17:15.126840940Z,7.923186,131.234243,Cloud to Ground,21277,0,10
2026-10-09T06:17:15.761024800Z,10.727737,122.172606,Cloud to Cloud,9854,13863,6
2026-10-09T06:17:15.501515824Z,10.669443,122.172592,Cloud to Cloud,14304,14407,9
2026-10-09T06:17:16.764612867Z,7.975498,123.143831,Cloud to Cloud,-15546,11808,14
2026-10-09T06:17:16.582132258Z,2.90115,112.914758,Cloud to Ground,-15607,0,14
2026-10-09T06:17:17.677328676Z,9.339863,125.700101,Cloud to Ground,-18478,0,15
2026-10-09T06:17:17.636130751Z,1.381891,118.519826,Cloud to Ground,41885,0,26
2026-10-09T06:17:20.627500327Z,8.352438,123.632224,Cloud to Cloud,20451,3241,21
2026-10-09T06:17:25.412404650Z,1.372459,118.475195,Cloud to Ground,-14678,0,12
2026-10-09T06:17:26.114320802Z,8.757222,117.315372,Cloud to Cloud,-20780,7798,7
2026-10-09T06:17:26.347834230Z,8.754817,117.301865,Cloud to Ground,-8242,0,8
2026-10-09T06:17:27.696503001Z,7.822996,123.46608,Cloud to Cloud,-17499,6292,10
2026-10-09T06:17:27.670156140Z,8.095319,123.300153,Cloud to Ground,-94069,0,26
2026-10-09T06:17:27.893827131Z,8.031479,123.342532,Cloud to Ground,-33604,0,10
2026-10-09T06:17:27.658139121Z,8.018573,123.35125,Cloud to Cloud,-21164,6126,15
2026-10-09T06:17:28.315303000Z,8.0377,123.3261,Cloud to Ground,-19626,0,5
2026-10-09T06:17:28.848189872Z,8.099643,123.278617,Cloud to Ground,-17493,0,10
2026-10-09T06:17:28.395568354Z,8.097616,123.282923,Cloud to Ground,-13811,0,12
2026-10-09T06:17:30.773340411Z,7.862157,131.347194,Cloud to Cloud,-20097,6536,17
2026-10-09T06:17:30.556538300Z,7.953854,131.338241,Cloud to Cloud,-9681,10391,11
2026-10-09T06:17:31.167454669Z,7.133165,125.366433,Cloud to Ground,22035,0,12
2026-10-09T06:17:31.169597195Z,7.23448,125.337176,Cloud to Ground,-15661,0,9
2026-10-09T06:17:31.006770677Z,7.912642,131.180051,Cloud to Cloud,10788,18392,12
2026-10-09T06:17:32.571777922Z,9.308017,122.971304,Cloud to Cloud,11946,11329,8
2026-10-09T06:17:33.520729092Z,15.35123,113.341917,Cloud to Cloud,-31282,4270,10
2026-10-09T06:17:33.610622756Z,15.360764,113.345211,Cloud to Cloud,-16122,8098,7
2026-10-09T06:17:33.754244823Z,15.380886,113.3206,Cloud to Ground,-13161,0,8
2026-10-09T06:17:33.506675013Z,15.364169,113.314533,Cloud to Ground,26453,0,11
2026-10-09T06:17:33.544755146Z,15.363822,113.316645,Cloud to Ground,26696,0,8
2026-10-09T06:17:33.915120042Z,15.352359,113.284269,Cloud to Ground,32219,0,8
2026-10-09T06:17:33.788913000Z,15.0511,111.6655,Cloud to Ground,26388,0,6
2026-10-09T06:17:33.757593517Z,15.034701,111.723129,Cloud to Cloud,62077,17321,12
2026-10-09T06:17:35.328917467Z,12.416109,116.274235,Cloud to Ground,-57679,0,11
2026-10-09T06:17:35.318148981Z,12.427064,116.259789,Cloud to Ground,-24325,0,7
2026-10-09T06:17:35.318591400Z,12.430854,116.25782,Cloud to Ground,-18360,0,10
2026-10-09T06:17:35.370090741Z,12.419153,116.271648,Cloud to Ground,-13501,0,10
2026-10-09T06:17:35.391310341Z,12.41705,116.261737,Cloud to Ground,-9947,0,7
2026-10-09T06:17:36.992865989Z,7.044142,121.999046,Cloud to Ground,-36954,0,20
2026-10-09T06:17:36.242035635Z,3.252476,121.705678,Cloud to Ground,34392,0,8
2026-10-09T06:17:36.493355346Z,3.260791,121.606428,Cloud to Ground,-51013,0,30
2026-10-09T06:17:36.243664851Z,3.176079,121.630023,Cloud to Ground,23214,0,21
2026-10-09T06:17:39.162863855Z,9.647426,118.587254,Cloud to Cloud,9887,3485,10
2026-10-09T06:17:40.432273239Z,7.977382,123.162841,Cloud to Ground,17786,0,7
2026-10-09T06:17:40.404492129Z,3.235557,121.347417,Cloud to Ground,-20773,0,12
2026-10-09T06:17:40.403186625Z,3.233932,121.349627,Cloud to Ground,-17823,0,12
2026-10-09T06:17:40.401855934Z,3.225363,121.340779,Cloud to Ground,-13922,0,12
2026-10-09T06:17:40.395549940Z,3.300767,121.395207,Cloud to Cloud,12660,11671,7
2026-10-09T06:17:40.396858000Z,3.1673,121.3811,Cloud to Ground,16156,0,5
2026-10-09T06:17:44.486552283Z,0.880136,121.573541,Cloud to Ground,13125,0,8
2026-10-09T06:17:44.671661281Z,5.916188,117.044457,Cloud to Ground,-11995,0,12
2026-10-09T06:17:44.070019983Z,7.46762,131.44694,Cloud to Ground,-67924,0,27
2026-10-09T06:17:44.115468812Z,7.547365,131.58608,Cloud to Ground,-24098,0,26
2026-10-09T06:17:44.371480348Z,7.461373,131.606083,Cloud to Ground,-13878,0,15
2026-10-09T06:17:44.391283230Z,7.489144,131.614897,Cloud to Ground,8970,0,9
2026-10-09T06:17:44.113468510Z,7.440825,131.588528,Cloud to Ground,12637,0,12
2026-10-09T06:17:44.154122830Z,7.464564,131.608,Cloud to Ground,20218,0,19
2026-10-09T06:17:45.152873095Z,9.051125,125.850895,Cloud to Ground,32455,0,10
2026-10-09T06:17:45.421999529Z,14.997554,131.287995,Cloud to Ground,-9769,0,14
2026-10-09T06:17:45.372894617Z,14.967295,131.479748,Cloud to Ground,-47286,0,16
2026-10-09T06:17:45.409764573Z,15.00786,131.465209,Cloud to Ground,16086,0,7
2026-10-09T06:17:45.079271336Z,11.737171,125.152387,Cloud to Cloud,16040,19258,10
2026-10-09T06:17:47.222604476Z,15.022194,111.714752,Cloud to Ground,-22767,0,9
2026-10-09T06:17:47.249766066Z,15.031026,111.728573,Cloud to Cloud,11251,11007,8
2026-10-09T06:17:47.448905098Z,15.038929,111.728738,Cloud to Cloud,13329,18454,8
2026-10-09T06:17:47.354780052Z,15.03689,111.718908,Cloud to Cloud,14645,12807,7
2026-10-09T06:17:47.158152000Z,15.0221,111.6959,Cloud to Ground,24194,0,5
2026-10-09T06:17:49.562725956Z,1.269086,118.607323,Cloud to Ground,-18161,0,17
2026-10-09T06:17:50.059006032Z,9.318684,122.952731,Cloud to Cloud,14952,14588,9
2026-10-09T06:17:50.403437855Z,2.878921,112.929437,Cloud to Ground,-9861,0,8
2026-10-09T06:17:51.361367592Z,12.793769,114.859491,Cloud to Cloud,-10784,8392,9
2026-10-09T06:17:51.232290683Z,12.880652,114.848451,Cloud to Cloud,-9068,7847,7
2026-10-09T06:17:51.348171850Z,12.874851,114.909094,Cloud to Cloud,-8223,7915,8
2026-10-09T06:17:52.566280775Z,7.936245,131.233001,Cloud to Ground,20658,0,12
2026-10-09T06:17:54.096817203Z,1.356535,118.463978,Cloud to Ground,24618,0,9
2026-10-09T06:17:55.139110078Z,8.089397,125.268283,Cloud to Ground,13397,0,8
2026-10-09T06:17:55.826753000Z,6.6628,125.328,Cloud to Ground,-316,0,10
2026-10-09T06:17:56.874814206Z,7.794731,123.109442,Cloud to Ground,27787,0,17
2026-10-09T06:17:56.938593168Z,7.657578,123.205506,Cloud to Cloud,5982,4716,8
2026-10-09T06:17:58.921112187Z,9.323994,118.338206,Cloud to Cloud,23788,4993,7
2026-10-09T06:17:58.900978522Z,9.397277,118.282925,Cloud to Ground,14336,0,10
2026-10-09T06:17:58.183375719Z,9.424918,118.451589,Cloud to Ground,-16479,0,9
2026-10-09T06:17:58.249559011Z,9.42731,118.454587,Cloud to Ground,-15879,0,7
2026-10-09T06:17:58.069833000Z,9.4659,118.4818,Cloud to Ground,35096,0,12
2026-10-09T06:18:01.539538696Z,9.336422,118.211683,Cloud to Cloud,13478,6078,7
2026-10-09T06:18:01.914260350Z,12.960232,111.542577,Cloud to Cloud,-9284,12620,6
2026-10-09T06:18:01.707635531Z,12.996942,111.650328,Cloud to Cloud,-6149,16354,6
2026-10-09T06:18:01.580024353Z,12.982584,111.584956,Cloud to Ground,15046,0,6
2026-10-09T06:18:05.337559808Z,1.348044,118.444485,Cloud to Cloud,-12794,3039,9
2026-10-09T06:18:10.551003362Z,7.924417,123.384837,Cloud to Cloud,12754,7770,8
2026-10-09T06:18:10.495915000Z,8.0224,123.3127,Cloud to Ground,11760,0,6
2026-10-09T06:18:11.459045106Z,9.03961,125.95321,Cloud to Ground,24970,0,9
2026-10-09T06:18:12.274808000Z,7.3154,130.7285,Cloud to Ground,7245,0,5
2026-10-09T06:18:12.429825949Z,7.280337,130.668762,Cloud to Ground,13822,0,12
2026-10-09T06:18:12.272188267Z,7.282758,130.602529,Cloud to Ground,19651,0,8
2026-10-09T06:18:13.835356123Z,8.109999,125.307858,Cloud to Ground,18762,0,11
2026-10-09T06:18:14.143288698Z,7.955941,125.431666,Cloud to Cloud,16937,5894,10
2026-10-09T06:18:15.947296924Z,1.381833,118.467535,Cloud to Ground,-22471,0,18
2026-10-09T06:18:15.860263768Z,15.375766,113.372869,Cloud to Cloud,-16713,6054,8
2026-10-09T06:18:15.880864458Z,15.348738,113.339261,Cloud to Cloud,-16411,12757,9
2026-10-09T06:18:15.915873086Z,15.369199,113.33744,Cloud to Cloud,-12165,18234,7
2026-10-09T06:18:15.826570659Z,15.364295,113.286824,Cloud to Cloud,-6222,4613,6
2026-10-09T06:18:16.165749865Z,15.362541,113.245925,Cloud to Cloud,8485,6277,10
2026-10-09T06:18:15.828779981Z,15.358989,113.241176,Cloud to Ground,11954,0,7
2026-10-09T06:18:18.587335193Z,7.251344,126.066378,Cloud to Cloud,-10818,19903,15
2026-10-09T06:18:18.486414000Z,15.0599,111.6776,Cloud to Ground,29978,0,11
2026-10-09T06:18:19.536410910Z,7.726271,123.206223,Cloud to Cloud,-14222,7189,10
2026-10-09T06:18:20.344547228Z,9.040282,125.862442,Cloud to Cloud,21542,7264,18
2026-10-09T06:18:24.193068416Z,7.899314,123.445555,Cloud to Cloud,6563,7639,9
2026-10-09T06:18:24.934492845Z,9.0514,125.944124,Cloud to Ground,26865,0,8
2026-10-09T06:18:24.545483483Z,7.991071,131.178261,Cloud to Cloud,-12377,12264,15
2026-10-09T06:18:25.138215263Z,7.926791,131.240895,Cloud to Cloud,-12278,3295,13
2026-10-09T06:18:25.771884286Z,11.204588,124.542288,Cloud to Ground,-16106,0,8
2026-10-09T06:18:27.697684404Z,8.916271,117.323862,Cloud to Cloud,15493,19422,10
2026-10-09T06:18:28.130094000Z,8.2567,125.387,Cloud to Ground,280,0,6
2026-10-09T06:18:28.126756243Z,8.209768,125.356582,Cloud to Ground,16399,0,7
2026-10-09T06:18:28.693756975Z,7.427518,131.643301,Cloud to Ground,-17004,0,16
2026-10-09T06:18:28.743418009Z,7.439365,131.627821,Cloud to Ground,13244,0,10
2026-10-09T06:18:28.690042122Z,7.396333,131.487135,Cloud to Cloud,23768,4021,7
2026-10-09T06:18:29.152157088Z,7.522655,131.575687,Cloud to Ground,-13388,0,8
2026-10-09T06:18:30.147935034Z,9.039629,125.971009,Cloud to Ground,24062,0,8
2026-10-09T06:18:31.326367574Z,4.392526,116.189279,Cloud to Cloud,-13055,3035,14
2026-10-09T06:18:31.469457767Z,4.416531,116.218897,Cloud to Cloud,-11525,4198,14
2026-10-09T06:18:32.461844751Z,1.363254,118.487364,Cloud to Ground,-18285,0,12
2026-10-09T06:18:32.494234072Z,1.444691,118.476701,Cloud to Ground,18591,0,11
2026-10-09T06:18:32.506131273Z,1.361168,118.499113,Cloud to Ground,19217,0,20
2026-10-09T06:18:32.482512278Z,1.364632,118.504792,Cloud to Ground,61020,0,26
2026-10-09T06:18:32.645970185Z,1.365526,118.50769,Cloud to Ground,64288,0,17
2026-10-09T06:18:33.542113417Z,1.364296,118.487294,Cloud to Ground,15401,0,18
2026-10-09T06:18:33.597184419Z,1.365677,118.48985,Cloud to Ground,18340,0,13
2026-10-09T06:18:33.470989823Z,1.365722,118.489643,Cloud to Ground,20987,0,18
2026-10-09T06:18:33.488143206Z,12.968999,111.669179,Cloud to Ground,-23828,0,8
2026-10-09T06:18:33.712777790Z,12.955015,111.527688,Cloud to Ground,-14434,0,9
2026-10-09T06:18:33.371722936Z,12.959716,111.551623,Cloud to Cloud,7445,18402,6
2026-10-09T06:18:36.810807942Z,8.118405,123.674662,Cloud to Cloud,29516,3010,11
2026-10-09T06:18:37.633349009Z,4.447972,116.066636,Cloud to Cloud,-51742,3341,23
2026-10-09T06:18:37.988244731Z,7.830324,132.068839,Cloud to Ground,33360,0,7
2026-10-09T06:18:37.218620066Z,17.728083,123.136152,Cloud to Ground,-23324,0,9
2026-10-09T06:18:37.217899536Z,17.725758,123.156294,Cloud to Ground,-13901,0,10
2026-10-09T06:18:37.220058006Z,17.736817,123.152873,Cloud to Cloud,8151,3011,8
2026-10-09T06:18:38.524352333Z,15.006915,111.692735,Cloud to Cloud,3877,12922,7
2026-10-09T06:18:38.259344232Z,15.012836,111.637261,Cloud to Cloud,15456,16983,5
2026-10-09T06:18:39.731301475Z,9.348268,118.239648,Cloud to Cloud,-6376,3081,7
2026-10-09T06:18:41.151474057Z,7.266206,130.44898,Cloud to Cloud,13873,15534,15
2026-10-09T06:18:41.160005000Z,7.2486,130.6632,Cloud to Ground,6077,0,5
2026-10-09T06:18:42.590061009Z,15.386913,113.353748,Cloud to Ground,-23265,0,8
2026-10-09T06:18:42.639357588Z,15.38088,113.328903,Cloud to Cloud,-16597,3607,12
2026-10-09T06:18:42.508570879Z,15.384803,113.334014,Cloud to Ground,-8777,0,9
2026-10-09T06:18:42.536888897Z,15.372324,113.266664,Cloud to Ground,23651,0,7
2026-10-09T06:18:43.182810163Z,8.04548,123.222964,Cloud to Ground,-10657,0,20
2026-10-09T06:18:43.496516954Z,9.091976,125.83518,Cloud to Ground,22583,0,18
2026-10-09T06:18:43.589545807Z,14.093947,110.118211,Cloud to Cloud,-16255,6408,8
2026-10-09T06:18:43.664382916Z,14.091466,110.066197,Cloud to Ground,11859,0,12
2026-10-09T06:18:43.584300219Z,14.107341,110.065474,Cloud to Ground,17072,0,8
2026-10-09T06:18:43.586914365Z,14.114211,110.178348,Cloud to Ground,23018,0,8
2026-10-09T06:18:44.500333383Z,4.471683,116.017154,Cloud to Cloud,16337,19708,9
2026-10-09T06:18:46.308601821Z,1.377138,118.468626,Cloud to Ground,-13908,0,14
2026-10-09T06:18:46.067288033Z,1.45235,118.450416,Cloud to Cloud,-11839,3041,12
2026-10-09T06:18:46.620613652Z,8.948919,126.026858,Cloud to Ground,14314,0,12
2026-10-09T06:18:47.504930031Z,7.753663,123.287255,Cloud to Cloud,14746,7617,8
2026-10-09T06:18:49.326287236Z,5.85882,117.130002,Cloud to Ground,-40020,0,15
2026-10-09T06:18:49.976380973Z,11.893695,124.89932,Cloud to Ground,-19081,0,17
2026-10-09T06:18:49.712563239Z,11.756977,125.101242,Cloud to Cloud,14013,15542,7
2026-10-09T06:18:50.161861812Z,14.218234,132.872476,Cloud to Ground,-12724,0,9
2026-10-09T06:18:50.163499548Z,14.134726,132.923485,Cloud to Ground,15608,0,10
2026-10-09T06:18:50.164801204Z,14.163633,132.906725,Cloud to Ground,18049,0,26
2026-10-09T06:18:50.167324630Z,14.161225,132.886634,Cloud to Ground,20559,0,12
2026-10-09T06:18:50.268901046Z,12.894318,114.921048,Cloud to Ground,13384,0,14
2026-10-09T06:18:50.134895427Z,11.892984,125.054335,Cloud to Ground,-21392,0,9
2026-10-09T06:18:50.135906768Z,11.853828,125.127513,Cloud to Ground,-10825,0,12
2026-10-09T06:18:51.635916721Z,8.130158,125.126995,Cloud to Cloud,-17767,11813,25
2026-10-09T06:18:51.345135440Z,8.618058,125.500959,Cloud to Ground,-41330,0,27
2026-10-09T06:18:51.116863000Z,8.5637,125.5132,Cloud to Ground,-16704,0,6
2026-10-09T06:18:51.937526235Z,8.118173,125.281655,Cloud to Ground,19664,0,12
2026-10-09T06:18:51.754023428Z,8.106413,125.295931,Cloud to Cloud,40350,7102,24
2026-10-09T06:18:51.221986662Z,15.313958,111.455823,Cloud to Ground,-20596,0,8
2026-10-09T06:18:51.208568867Z,15.313983,111.362878,Cloud to Ground,16951,0,6
2026-10-09T06:18:51.207133052Z,15.28744,111.349831,Cloud to Ground,40425,0,8
2026-10-09T06:18:52.078665896Z,13.421656,132.32501,Cloud to Cloud,-12389,10059,19
2026-10-09T06:18:53.599607167Z,7.927814,123.358908,Cloud to Ground,-30890,0,10
2026-10-09T06:18:53.669919677Z,7.921534,123.363383,Cloud to Ground,-27480,0,13
2026-10-09T06:18:53.738648502Z,7.993148,123.312891,Cloud to Ground,-27350,0,14
2026-10-09T06:18:53.381551490Z,8.976456,115.712691,Cloud to Cloud,-35321,3605,14
2026-10-09T06:18:53.379578615Z,9.039367,115.704306,Cloud to Cloud,-11840,16711,9
2026-10-09T06:18:56.588842506Z,6.387174,124.481341,Cloud to Ground,24213,0,14
2026-10-09T06:18:58.589871113Z,7.033173,120.733429,Cloud to Ground,-115044,0,21
2026-10-09T06:18:58.611854000Z,7.068,120.7939,Cloud to Ground,-29399,0,5
2026-10-09T06:18:58.648970681Z,7.097001,120.685594,Cloud to Cloud,11721,16683,7
2026-10-09T06:18:58.699827000Z,7.0358,120.6935,Cloud to Ground,21941,0,9
2026-10-09T06:18:58.161538238Z,1.354496,118.491097,Cloud to Ground,-17275,0,11
2026-10-09T06:18:58.493385741Z,12.408776,116.262512,Cloud to Ground,-93528,0,13
2026-10-09T06:18:58.480884180Z,12.422154,116.260701,Cloud to Ground,35633,0,12
2026-10-09T06:18:59.745419124Z,7.987706,131.280346,Cloud to Ground,-32797,0,33
2026-10-09T06:18:59.645595448Z,7.998669,131.213687,Cloud to Ground,-30133,0,14
2026-10-09T06:18:59.612266487Z,8.044171,131.308495,Cloud to Cloud,-29265,3301,13
2026-10-09T06:18:59.673590720Z,7.973492,131.280589,Cloud to Ground,-14858,0,28
2026-10-09T06:18:59.555605563Z,7.936044,131.382775,Cloud to Ground,-66282,0,29
2026-10-09T06:18:59.604898723Z,7.943988,131.391022,Cloud to Ground,-26018,0,24
2026-10-09T06:19:00.560389575Z,9.287718,122.967295,Cloud to Cloud,21160,17535,8
2026-10-09T06:19:00.593310821Z,9.405058,122.987694,Cloud to Cloud,11138,19093,7
2026-10-09T06:19:00.476543151Z,7.988972,131.246621,Cloud to Ground,-13941,0,7
2026-10-09T06:19:06.643051651Z,12.923569,111.513057,Cloud to Ground,-6860,0,5
2026-10-09T06:19:06.604835418Z,12.964079,111.573326,Cloud to Cloud,10721,9706,6
2026-10-09T06:19:08.544810857Z,7.971193,131.304038,Cloud to Cloud,-9688,3345,10
2026-10-09T06:19:08.077011454Z,7.932474,131.218459,Cloud to Cloud,15543,3046,6
2026-10-09T06:19:09.781335000Z,8.4291,125.2622,Cloud to Ground,3219,0,5
2026-10-09T06:19:10.344570714Z,9.144369,117.960841,Cloud to Ground,27318,0,10
2026-10-09T06:19:10.622065515Z,9.266755,117.972831,Cloud to Cloud,-16047,15321,9
2026-10-09T06:19:10.616240757Z,9.333921,117.954676,Cloud to Cloud,16272,13016,10
2026-10-09T06:19:10.317316148Z,12.135216,121.203077,Cloud to Cloud,-15473,18658,6
2026-10-09T06:19:10.301313264Z,12.142715,121.205605,Cloud to Cloud,14425,16568,7
2026-10-09T06:19:11.341156927Z,9.435859,118.483631,Cloud to Cloud,11581,17773,5
2026-10-09T06:19:12.509977453Z,13.12363,111.634389,Cloud to Ground,39774,0,12
2026-10-09T06:19:13.766285299Z,9.048665,125.858343,Cloud to Cloud,6019,3827,6
2026-10-09T06:19:13.487628228Z,9.509052,118.423772,Cloud to Cloud,13284,15245,7
2026-10-09T06:19:13.221330975Z,12.87462,114.865857,Cloud to Cloud,9184,3034,7
2026-10-09T06:19:15.962572102Z,15.018161,111.667263,Cloud to Cloud,42099,3239,14
2026-10-09T06:19:23.972393787Z,7.518083,131.62171,Cloud to Ground,-127389,0,35
2026-10-09T06:19:24.236076385Z,7.437071,131.646753,Cloud to Ground,9206,0,15
2026-10-09T06:19:24.043907611Z,2.818527,112.921245,Cloud to Ground,-12739,0,10
2026-10-09T06:19:24.207259093Z,2.809583,112.915299,Cloud to Ground,20741,0,13
2026-10-09T06:19:24.090784354Z,2.810903,112.955336,Cloud to Ground,23333,0,15
2026-10-09T06:19:24.008946771Z,2.808737,112.929199,Cloud to Ground,45812,0,16
2026-10-09T06:19:25.997027530Z,2.993818,123.909221,Cloud to Cloud,-14569,7998,24
2026-10-09T06:19:26.891724351Z,18.726275,125.333398,Cloud to Ground,-10728,0,11
2026-10-09T06:19:26.919595459Z,18.718245,125.324829,Cloud to Cloud,3577,18464,5
2026-10-09T06:19:26.667578882Z,18.716212,125.320836,Cloud to Cloud,4228,5430,7
2026-10-09T06:19:26.716206613Z,18.717264,125.327678,Cloud to Cloud,5602,16740,7
2026-10-09T06:19:26.676858085Z,18.710353,125.339742,Cloud to Cloud,6603,3199,9
2026-10-09T06:19:26.670582435Z,18.715044,125.384819,Cloud to Ground,58252,0,11
2026-10-09T06:19:26.668804154Z,18.774723,125.165101,Cloud to Cloud,11218,16499,8
2026-10-09T06:19:26.151807000Z,9.4071,122.9002,Cloud to Ground,7540,0,5
2026-10-09T06:19:27.912083164Z,8.29544,123.515623,Cloud to Ground,-19209,0,7
2026-10-09T06:19:27.938804098Z,14.172777,111.832151,Cloud to Ground,-7381,0,7
2026-10-09T06:19:28.932437592Z,4.38917,116.189827,Cloud to Ground,-11750,0,9
2026-10-09T06:19:29.721629242Z,7.867723,123.067034,Cloud to Ground,14168,0,11
2026-10-09T06:19:32.830687936Z,12.880097,114.914693,Cloud to Cloud,-6438,19930,7
2026-10-09T06:19:34.510138018Z,9.660509,118.582367,Cloud to Cloud,21294,3026,7
2026-10-09T06:19:35.934901565Z,9.341878,118.324643,Cloud to Cloud,-28436,5267,7
2026-10-09T06:19:35.934236370Z,9.382103,118.29894,Cloud to Ground,22472,0,12
2026-10-09T06:19:37.439800585Z,5.889463,117.100161,Cloud to Cloud,-13759,15083,7
2026-10-09T06:19:41.746922000Z,15.0324,111.6442,Cloud to Ground,-54466,0,6
2026-10-09T06:19:41.822054945Z,15.020485,111.72105,Cloud to Ground,-21767,0,11
2026-10-09T06:19:41.899267001Z,15.023497,111.723919,Cloud to Cloud,6016,17760,6
2026-10-09T06:19:46.671095540Z,8.032693,123.316867,Cloud to Cloud,-18543,15467,9
2026-10-09T06:19:46.739886102Z,8.025283,123.31589,Cloud to Ground,28394,0,17
2026-10-09T06:19:46.756439571Z,8.020173,123.320592,Cloud to Ground,36227,0,19
2026-10-09T06:19:48.915873333Z,7.92587,123.260198,Cloud to Cloud,-7191,19895,7
2026-10-09T06:19:49.391262013Z,15.322002,111.324649,Cloud to Cloud,-7154,18974,7
2026-10-09T06:19:49.387403522Z,15.328695,111.346814,Cloud to Ground,69018,0,13
2026-10-09T06:19:52.324249792Z,7.870173,123.214012,Cloud to Cloud,11369,17757,7
2026-10-09T06:19:53.674465767Z,3.171182,121.613521,Cloud to Cloud,19099,18076,12
2026-10-09T06:19:53.991798230Z,9.355782,122.933469,Cloud to Cloud,-5072,3576,5
2026-10-09T06:19:53.306288826Z,7.911607,131.228977,Cloud to Cloud,12782,13425,8
2026-10-09T06:19:55.994560693Z,9.031793,125.955264,Cloud to Ground,27174,0,6
2026-10-09T06:20:01.594430217Z,14.920497,113.689636,Cloud to Cloud,-48983,18911,15
2026-10-09T06:20:01.606467546Z,14.895644,113.708597,Cloud to Ground,-42183,0,9
2026-10-09T06:20:04.507198712Z,4.356534,116.286223,Cloud to Ground,24439,0,11
2026-10-09T06:20:04.319766836Z,4.456858,116.266513,Cloud to Ground,-47128,0,16
2026-10-09T06:20:05.137878000Z,14.1562,112.9438,Cloud to Ground,-47846,0,5
2026-10-09T06:20:05.139434433Z,14.126947,112.964232,Cloud to Ground,-17266,0,11
2026-10-09T06:20:05.163396656Z,14.130015,112.891284,Cloud to Ground,16387,0,14
2026-10-09T06:20:05.141211444Z,14.127873,112.874491,Cloud to Ground,19072,0,10
2026-10-09T06:20:06.649055723Z,6.395022,124.383578,Cloud to Ground,-19950,0,13
2026-10-09T06:20:06.346741894Z,6.41559,124.399558,Cloud to Ground,-15835,0,23
2026-10-09T06:20:06.299774836Z,6.39812,124.361404,Cloud to Ground,-14378,0,15
2026-10-09T06:20:06.464801356Z,13.268268,133.124167,Cloud to Ground,-45707,0,22
2026-10-09T06:20:06.578415575Z,13.324113,133.108927,Cloud to Ground,-16472,0,14
2026-10-09T06:20:06.465515477Z,13.272712,133.136403,Cloud to Ground,61557,0,22
2026-10-09T06:20:06.425194945Z,13.26866,133.136354,Cloud to Ground,281144,0,22
2026-10-09T06:20:07.841297428Z,8.755967,117.318007,Cloud to Cloud,-21860,12993,6
2026-10-09T06:20:07.829413444Z,8.761936,117.33482,Cloud to Ground,-17297,0,10
2026-10-09T06:20:07.932130368Z,8.834684,117.288656,Cloud to Cloud,-13020,9331,8
2026-10-09T06:20:07.827672963Z,8.756471,117.319515,Cloud to Ground,19841,0,16
2026-10-09T06:20:07.828616000Z,8.7773,117.3202,Cloud to Ground,26287,0,6
2026-10-09T06:20:07.507942801Z,9.430993,115.378591,Cloud to Ground,52264,0,14
2026-10-09T06:20:08.517254160Z,15.361763,113.323551,Cloud to Cloud,-39035,17305,8
2026-10-09T06:20:08.589725681Z,15.373318,113.317879,Cloud to Ground,-18588,0,12
2026-10-09T06:20:08.627143437Z,15.37694,113.32923,Cloud to Cloud,-18039,3214,9
2026-10-09T06:20:08.541302094Z,15.37036,113.35471,Cloud to Cloud,14369,9918,7
2026-10-09T06:20:08.527764000Z,15.3726,113.297,Cloud to Ground,121092,0,5
2026-10-09T06:20:09.361584959Z,9.088275,125.827104,Cloud to Ground,21099,0,25
2026-10-09T06:20:09.314692682Z,0.851136,121.53766,Cloud to Ground,-14171,0,16
2026-10-09T06:20:10.056409194Z,7.899515,116.843852,Cloud to Cloud,-46555,17254,18
2026-10-09T06:20:10.040079631Z,7.879709,116.888083,Cloud to Ground,-15056,0,8
2026-10-09T06:20:10.016145436Z,7.881054,116.869548,Cloud to Cloud,-14582,3009,8
2026-10-09T06:20:10.024242197Z,7.766369,116.795659,Cloud to Ground,74273,0,9
2026-10-09T06:20:11.347469386Z,7.412614,131.730769,Cloud to Ground,27129,0,21
2026-10-09T06:20:11.324708085Z,7.432078,131.566236,Cloud to Cloud,-14684,15113,11
2026-10-09T06:20:15.616992002Z,11.54686,125.125192,Cloud to Cloud,18642,4988,9
2026-10-09T06:20:16.564453111Z,8.343509,123.752673,Cloud to Cloud,18197,6219,7
2026-10-09T06:20:16.404245137Z,12.929668,111.629957,Cloud to Ground,-34373,0,8
2026-10-09T06:20:16.280583285Z,12.963641,111.555773,Cloud to Ground,6712,0,6
2026-10-09T06:20:16.283084666Z,12.949471,111.55374,Cloud to Ground,19369,0,8
2026-10-09T06:20:17.837365382Z,5.294205,124.68648,Cloud to Ground,-26526,0,18
2026-10-09T06:20:17.743195000Z,5.1938,124.6559,Cloud to Ground,25588,0,8
2026-10-09T06:20:18.325548902Z,6.453508,124.625385,Cloud to Cloud,10933,4324,10
2026-10-09T06:20:19.407299553Z,1.49305,118.400505,Cloud to Ground,10717,0,10
2026-10-09T06:20:21.026178760Z,8.020479,123.320112,Cloud to Ground,-96485,0,18
2026-10-09T06:20:21.152450114Z,9.687136,118.458932,Cloud to Cloud,7959,6381,8
2026-10-09T06:20:23.914299873Z,4.453262,116.159792,Cloud to Cloud,-14895,19060,14
2026-10-09T06:20:26.113525405Z,9.027394,115.688986,Cloud to Cloud,-15653,19092,10
2026-10-09T06:20:26.110846266Z,9.020313,115.686356,Cloud to Ground,16986,0,22
2026-10-09T06:20:26.819278515Z,7.871447,123.224719,Cloud to Ground,-19351,0,13
2026-10-09T06:20:28.523355189Z,3.68861,113.516518,Cloud to Ground,-19389,0,11
2026-10-09T06:20:28.397524527Z,9.719772,118.432078,Cloud to Cloud,-8679,13546,7
2026-10-09T06:20:29.030896846Z,7.292793,130.711212,Cloud to Ground,-38963,0,24
2026-10-09T06:20:29.049325765Z,7.260225,130.453748,Cloud to Cloud,-13067,3063,12
2026-10-09T06:20:29.036911645Z,7.361013,130.613438,Cloud to Cloud,-58259,14508,20
2026-10-09T06:20:29.187464000Z,7.4185,130.6256,Cloud to Ground,-8941,0,5
2026-10-09T06:20:29.241115710Z,7.298815,130.581325,Cloud to Cloud,9859,6660,17
2026-10-09T06:20:29.227732559Z,7.321294,130.605287,Cloud to Cloud,19260,4534,30
2026-10-09T06:20:31.334831280Z,3.268159,115.962447,Cloud to Ground,-19566,0,11
2026-10-09T06:20:31.474651433Z,9.4748,118.457419,Cloud to Cloud,-6363,3038,9
2026-10-09T06:20:32.859231388Z,7.444358,131.475185,Cloud to Ground,23329,0,12
2026-10-09T06:20:32.101955000Z,11.1154,124.6033,Cloud to Ground,-28329,0,7
2026-10-09T06:20:33.372424257Z,7.927132,131.212255,Cloud to Ground,-16363,0,19
2026-10-09T06:20:33.277652120Z,14.980318,131.298117,Cloud to Ground,-81066,0,28
2026-10-09T06:20:33.405264768Z,15.008747,131.306671,Cloud to Ground,-23431,0,16
2026-10-09T06:20:33.273401499Z,15.007556,131.504657,Cloud to Ground,-33972,0,20
2026-10-09T06:20:33.327905080Z,15.069122,131.440828,Cloud to Cloud,-20418,15575,16
2026-10-09T06:20:33.308294522Z,14.995195,131.498144,Cloud to Cloud,-15973,3030,16
2026-10-09T06:20:33.449341057Z,14.983623,131.51143,Cloud to Ground,5674,0,8
2026-10-09T06:20:33.553834146Z,15.009044,131.47635,Cloud to Ground,28552,0,14
2026-10-09T06:20:33.339265151Z,15.003091,131.470788,Cloud to Ground,44780,0,20
2026-10-09T06:20:34.039461020Z,8.087923,125.491493,Cloud to Cloud,23213,3486,8
2026-10-09T06:20:34.942892737Z,9.288837,122.969837,Cloud to Cloud,7624,15731,5
2026-10-09T06:20:34.248380917Z,13.140865,111.667887,Cloud to Ground,15332,0,12
2026-10-09T06:20:37.383092922Z,11.824542,125.079269,Cloud to Cloud,-8430,4099,9
2026-10-09T06:20:37.285805000Z,11.9121,125.1118,Cloud to Ground,11420,0,5
2026-10-09T06:20:38.837777624Z,7.026234,120.745068,Cloud to Cloud,-33851,3503,24
2026-10-09T06:20:38.791306298Z,7.123848,120.684607,Cloud to Ground,-25049,0,17
2026-10-09T06:20:41.755119144Z,15.292509,111.458181,Cloud to Cloud,-9056,15063,8
2026-10-09T06:20:41.877148820Z,15.293229,111.394464,Cloud to Cloud,-6065,15963,5
2026-10-09T06:20:41.749228984Z,15.294266,111.368147,Cloud to Ground,22062,0,7
2026-10-09T06:20:41.746900358Z,15.297908,111.444048,Cloud to Ground,44667,0,10
2026-10-09T06:20:42.656846014Z,7.795647,123.074589,Cloud to Cloud,-10066,3683,10
2026-10-09T06:20:42.672343784Z,10.689544,122.130083,Cloud to Cloud,-11239,4821,7
2026-10-09T06:20:42.642107766Z,10.678186,122.079346,Cloud to Cloud,15544,15855,6
2026-10-09T06:20:43.662941429Z,9.25767,117.993015,Cloud to Cloud,-19536,3004,11
2026-10-09T06:20:43.666631261Z,9.26322,117.986631,Cloud to Cloud,-17995,11881,13
2026-10-09T06:20:43.668303560Z,9.19521,118.021585,Cloud to Cloud,-11186,15785,6
2026-10-09T06:20:43.662262442Z,9.168815,118.043006,Cloud to Cloud,36841,3105,7
2026-10-09T06:20:43.389281603Z,1.372547,118.458476,Cloud to Ground,-16169,0,19
2026-10-09T06:20:43.625746052Z,1.378264,118.457545,Cloud to Ground,-15901,0,14
2026-10-09T06:20:43.597394775Z,1.373528,118.454461,Cloud to Ground,-15446,0,15
2026-10-09T06:20:43.583817172Z,1.451062,118.442929,Cloud to Ground,-14445,0,19
2026-10-09T06:20:43.576921380Z,15.571032,113.114907,Cloud to Cloud,-16594,3163,10
2026-10-09T06:20:45.166742695Z,2.910263,112.911378,Cloud to Ground,-17575,0,13
2026-10-09T06:20:45.445402067Z,17.580663,113.462482,Cloud to Cloud,-25408,3509,7
2026-10-09T06:20:46.299105357Z,7.928995,123.383328,Cloud to Ground,26516,0,11
2026-10-09T06:20:48.990693573Z,7.943605,123.302234,Cloud to Ground,-21224,0,13
2026-10-09T06:20:48.539442483Z,7.903667,123.336442,Cloud to Ground,20961,0,15
2026-10-09T06:20:49.622350090Z,13.378719,132.267725,Cloud to Ground,-17287,0,26
2026-10-09T06:20:49.623372114Z,13.323314,132.319372,Cloud to Cloud,-16419,3917,13
2026-10-09T06:20:49.620970068Z,13.363734,132.274258,Cloud to Cloud,-16177,3289,12
2026-10-09T06:20:50.119714655Z,9.380829,122.898671,Cloud to Ground,18901,0,10
2026-10-09T06:20:52.686883178Z,2.932562,112.76116,Cloud to Ground,-12948,0,10
2026-10-09T06:20:53.668479000Z,8.1075,125.2069,Cloud to Ground,5892,0,5
2026-10-09T06:20:53.665119803Z,8.025073,125.295406,Cloud to Cloud,7664,3991,7
2026-10-09T06:20:53.754764292Z,8.106496,125.282065,Cloud to Ground,26680,0,20
2026-10-09T06:20:53.582053922Z,1.369646,118.479598,Cloud to Ground,-20063,0,14
2026-10-09T06:20:55.217594754Z,7.845886,123.269121,Cloud to Cloud,-27809,4467,12
2026-10-09T06:20:54.679279000Z,7.924,123.3014,Cloud to Ground,8786,0,7
2026-10-09T06:20:55.611368282Z,8.689208,125.280579,Cloud to Cloud,12673,13564,13
2026-10-09T06:20:57.654799194Z,8.407912,125.361451,Cloud to Ground,-13969,0,10
2026-10-09T06:20:57.540119571Z,13.162303,110.813102,Cloud to Ground,12257,0,7
2026-10-09T06:20:57.697790878Z,13.163521,110.784967,Cloud to Ground,18036,0,7
2026-10-09T06:20:57.541200096Z,13.173227,110.85726,Cloud to Ground,25706,0,9
2026-10-09T06:21:00.365329656Z,7.991801,123.335992,Cloud to Ground,24389,0,19
2026-10-09T06:21:02.096489089Z,8.271725,123.61135,Cloud to Ground,-17071,0,14
2026-10-09T06:21:02.193225823Z,15.010787,111.692293,Cloud to Cloud,-6127,4655,7
2026-10-09T06:21:02.194690858Z,14.998195,111.596725,Cloud to Ground,26566,0,10
2026-10-09T06:21:03.900638291Z,8.778144,117.318482,Cloud to Cloud,-33163,15298,12
2026-10-09T06:21:04.129275604Z,8.835411,117.281673,Cloud to Cloud,-16059,18899,9
2026-10-09T06:21:04.156703414Z,8.812805,117.290675,Cloud to Cloud,-10595,19342,11
2026-10-09T06:21:03.897996700Z,8.824752,117.294285,Cloud to Cloud,15993,5313,9
2026-10-09T06:21:06.120325179Z,7.287471,130.617535,Cloud to Cloud,15029,3077,12
2026-10-09T06:21:07.276932000Z,8.0263,123.3554,Cloud to Ground,25816,0,7
2026-10-09T06:21:09.648895601Z,7.484757,131.50901,Cloud to Ground,-48215,0,37
2026-10-09T06:21:09.697302271Z,7.468083,131.44709,Cloud to Ground,-16438,0,18
2026-10-09T06:21:09.680960323Z,7.478323,131.505079,Cloud to Ground,12606,0,10
2026-10-09T06:21:09.029746907Z,12.349997,115.216371,Cloud to Cloud,14031,3419,7
2026-10-09T06:21:11.665393546Z,7.879228,123.356921,Cloud to Cloud,-6997,3007,7
2026-10-09T06:21:13.208783346Z,14.161397,132.90164,Cloud to Ground,-31811,0,12
2026-10-09T06:21:13.214186740Z,14.168257,132.894812,Cloud to Cloud,-8501,6714,9
2026-10-09T06:21:13.210205226Z,14.162736,132.889865,Cloud to Cloud,11542,4957,9
2026-10-09T06:21:13.206906662Z,14.071785,132.892397,Cloud to Cloud,13297,12350,7
2026-10-09T06:21:14.962310550Z,1.404796,118.613892,Cloud to Ground,-8879,0,8
2026-10-09T06:21:14.884329939Z,1.381023,118.452736,Cloud to Ground,-12369,0,8
2026-10-09T06:21:17.508202837Z,9.641941,118.351935,Cloud to Ground,-7763,0,7
2026-10-09T06:21:17.623434211Z,5.772567,117.995228,Cloud to Ground,16212,0,18
2026-10-09T06:21:19.632684667Z,18.797546,125.36821,Cloud to Ground,-21908,0,11
2026-10-09T06:21:19.381539000Z,18.7085,125.3365,Cloud to Ground,-21890,0,6
2026-10-09T06:21:19.536397739Z,18.717264,125.317735,Cloud to Cloud,-6842,17491,6
2026-10-09T06:21:19.391564939Z,18.706275,125.325842,Cloud to Cloud,3220,12551,7
2026-10-09T06:21:19.379728103Z,18.717665,125.320551,Cloud to Cloud,14311,14892,9
2026-10-09T06:21:19.382599681Z,18.716159,125.359451,Cloud to Ground,24377,0,14
2026-10-09T06:21:19.687470954Z,18.662748,125.118385,Cloud to Ground,8033,0,10
2026-10-09T06:21:21.567756788Z,8.03066,123.216291,Cloud to Ground,16376,0,11
2026-10-09T06:21:22.061682152Z,4.693605,111.999632,Cloud to Ground,16323,0,7
2026-10-09T06:21:22.133934289Z,4.790946,111.954272,Cloud to Ground,45450,0,14
2026-10-09T06:21:22.248380863Z,4.815025,111.810911,Cloud to Ground,-26776,0,14
2026-10-09T06:21:22.304800671Z,4.801408,111.775536,Cloud to Ground,-20764,0,19
2026-10-09T06:21:22.237510910Z,4.722493,111.778264,Cloud to Ground,16545,0,7
2026-10-09T06:21:22.060925000Z,4.885,111.8759,Cloud to Ground,32154,0,5
2026-10-09T06:21:22.242317828Z,4.738896,111.660642,Cloud to Ground,-13764,0,13
2026-10-09T06:21:24.321802619Z,9.367623,115.377049,Cloud to Cloud,-33199,5469,13
2026-10-09T06:21:24.396719000Z,9.3542,115.3187,Cloud to Ground,35382,0,5
2026-10-09T06:21:24.753683472Z,7.914066,123.186856,Cloud to Ground,-21129,0,9
2026-10-09T06:21:24.155355595Z,2.815257,112.925834,Cloud to Ground,-64066,0,28
2026-10-09T06:21:28.175208159Z,4.150926,122.650811,Cloud to Ground,-34469,0,23
2026-10-09T06:21:28.194087154Z,4.096015,122.679873,Cloud to Cloud,-14927,5638,13
2026-10-09T06:21:28.202963810Z,6.490103,124.450163,Cloud to Ground,39806,0,22
2026-10-09T06:21:29.924394266Z,15.359078,113.254615,Cloud to Cloud,5218,3052,6
2026-10-09T06:21:29.881217043Z,15.383657,113.339778,Cloud to Ground,15594,0,9
2026-10-09T06:21:30.039623000Z,15.3421,113.3203,Cloud to Ground,61925,0,5
2026-10-09T06:21:30.339209246Z,7.854675,123.477673,Cloud to Cloud,18125,5992,7
2026-10-09T06:21:30.104437399Z,8.156775,123.452475,Cloud to Cloud,15015,19110,6
2026-10-09T06:21:30.126525766Z,8.159296,123.452018,Cloud to Cloud,16968,19677,8
2026-10-09T06:21:30.297765087Z,8.071083,123.350826,Cloud to Ground,-22689,0,14
2026-10-09T06:21:30.648235383Z,8.066598,123.3224,Cloud to Ground,-20979,0,12
2026-10-09T06:21:30.789885002Z,8.06239,123.323197,Cloud to Ground,-20581,0,12
2026-10-09T06:21:30.699186660Z,8.070989,123.382921,Cloud to Ground,-18321,0,10
2026-10-09T06:21:30.893918070Z,8.06719,123.368948,Cloud to Ground,-9031,0,7
2026-10-09T06:21:31.065519336Z,3.335931,121.615643,Cloud to Ground,20381,0,8
2026-10-09T06:21:31.720412455Z,3.175987,121.711089,Cloud to Ground,-28810,0,19
2026-10-09T06:21:31.336544315Z,3.150621,121.672796,Cloud to Ground,-26713,0,21
2026-10-09T06:21:31.387266522Z,3.172807,121.724128,Cloud to Ground,-24167,0,27
2026-10-09T06:21:31.244261814Z,3.173163,121.713728,Cloud to Ground,-16710,0,26
2026-10-09T06:21:31.423560079Z,3.175708,121.713271,Cloud to Ground,-16701,0,20
2026-10-09T06:21:31.200403837Z,3.255318,121.678751,Cloud to Cloud,11769,5040,9
2026-10-09T06:21:31.204220000Z,3.2565,121.8493,Cloud to Ground,31690,0,8
2026-10-09T06:21:31.558757011Z,4.440383,116.147928,Cloud to Ground,-19559,0,24
2026-10-09T06:21:31.811978748Z,1.334547,118.465465,Cloud to Ground,15320,0,11
2026-10-09T06:21:31.505906832Z,10.696068,122.237501,Cloud to Cloud,-17277,10032,11
2026-10-09T06:21:32.480705030Z,9.018427,125.959606,Cloud to Ground,29294,0,15
2026-10-09T06:21:33.655539843Z,6.38518,124.491964,Cloud to Ground,-23809,0,15
2026-10-09T06:21:33.654576794Z,6.381067,124.492902,Cloud to Ground,25090,0,11
2026-10-09T06:21:36.619518831Z,8.505103,125.457811,Cloud to Ground,-21287,0,14
2026-10-09T06:21:36.942609680Z,8.442195,125.473273,Cloud to Ground,-15924,0,7
2026-10-09T06:21:36.435836507Z,8.528941,125.456024,Cloud to Ground,28622,0,15
2026-10-09T06:21:37.058016030Z,4.383657,116.141942,Cloud to Ground,-16632,0,22
2026-10-09T06:21:37.132441580Z,9.356122,118.34232,Cloud to Ground,-19068,0,8
2026-10-09T06:21:38.843523654Z,9.090843,115.683554,Cloud to Ground,-28022,0,10
2026-10-09T06:21:38.320130012Z,9.020069,115.688481,Cloud to Cloud,-7963,8850,5
2026-10-09T06:21:38.362885632Z,9.039569,115.693361,Cloud to Ground,25678,0,12
2026-10-09T06:21:38.527965000Z,9.0233,115.7525,Cloud to Ground,27969,0,5
2026-10-09T06:21:38.328350866Z,9.009668,115.702424,Cloud to Ground,88628,0,22
2026-10-09T06:21:38.009687689Z,9.053852,125.793219,Cloud to Ground,16716,0,10
2026-10-09T06:21:40.076634925Z,9.427241,122.979117,Cloud to Cloud,11401,19925,8
2026-10-09T06:21:41.515930114Z,1.362943,118.464316,Cloud to Cloud,-12961,5026,13
2026-10-09T06:21:41.025503118Z,10.687773,122.210683,Cloud to Cloud,16095,6595,8
2026-10-09T06:21:42.882344062Z,12.295794,122.896431,Cloud to Cloud,20491,6724,9
2026-10-09T06:21:42.908536000Z,12.4098,122.7855,Cloud to Ground,12743,0,6
2026-10-09T06:21:42.884450000Z,12.3767,122.8431,Cloud to Ground,13170,0,8
2026-10-09T06:21:45.624987551Z,6.651023,125.340357,Cloud to Cloud,-22006,5906,15
2026-10-09T06:21:47.237591643Z,9.303393,122.973216,Cloud to Cloud,7756,7167,6
2026-10-09T06:21:47.021033593Z,7.369988,130.585999,Cloud to Cloud,12832,13340,8
2026-10-09T06:21:49.030003794Z,7.972503,131.263011,Cloud to Cloud,-11162,4223,10
2026-10-09T06:21:48.351428172Z,7.908627,131.224154,Cloud to Cloud,10135,15962,10
2026-10-09T06:21:48.367499158Z,7.981121,131.187872,Cloud to Cloud,14134,3040,10
2026-10-09T06:21:49.779124868Z,7.873422,123.261471,Cloud to Ground,14272,0,18
2026-10-09T06:21:50.169252412Z,1.388847,118.457673,Cloud to Ground,16816,0,9
2026-10-09T06:21:51.784086784Z,2.976796,112.996153,Cloud to Ground,-23590,0,18
2026-10-09T06:21:51.244660839Z,4.376705,116.036795,Cloud to Cloud,-12105,3481,13
2026-10-09T06:21:51.300000492Z,4.46666,116.061751,Cloud to Cloud,-13554,15847,18
2026-10-09T06:21:53.086345477Z,9.478782,118.450939,Cloud to Cloud,21181,7910,8
2026-10-09T06:21:53.122261213Z,9.28516,115.562826,Cloud to Ground,-70605,0,13
2026-10-09T06:21:53.967703999Z,11.737814,124.907007,Cloud to Cloud,-14693,5085,11
2026-10-09T06:21:54.210371583Z,15.042782,111.5884,Cloud to Ground,-23408,0,11
2026-10-09T06:21:54.192504601Z,14.995605,111.639493,Cloud to Ground,-19932,0,10
2026-10-09T06:21:54.185912026Z,15.006996,111.704091,Cloud to Ground,-14060,0,12
2026-10-09T06:21:55.211816998Z,9.525679,118.490058,Cloud to Cloud,-6190,14072,9
2026-10-09T06:21:57.729608280Z,13.967767,133.411594,Cloud to Ground,-16392,0,16
2026-10-09T06:21:58.978988649Z,7.458158,131.534916,Cloud to Ground,-35724,0,36
2026-10-09T06:21:58.782283821Z,7.486384,131.507733,Cloud to Ground,-13935,0,14
2026-10-09T06:21:58.283339767Z,7.76863,132.091365,Cloud to Ground,32377,0,15
2026-10-09T06:21:58.862135271Z,7.440333,131.640925,Cloud to Ground,-17859,0,20
2026-10-09T06:22:00.385962808Z,11.833159,125.130148,Cloud to Ground,-70515,0,11
2026-10-09T06:22:00.436477762Z,11.822142,125.115302,Cloud to Ground,-23744,0,12
2026-10-09T06:22:01.274122849Z,2.875217,112.929588,Cloud to Ground,42566,0,10
2026-10-09T06:22:03.260994394Z,7.775176,122.949276,Cloud to Ground,-32676,0,19
2026-10-09T06:22:03.254034667Z,7.771388,122.951523,Cloud to Ground,22493,0,16
2026-10-09T06:22:03.240790766Z,7.774174,122.947353,Cloud to Ground,31215,0,25
2026-10-09T06:22:03.128082778Z,9.45241,123.023128,Cloud to Cloud,13186,16551,8
2026-10-09T06:22:03.013811787Z,9.353439,122.952971,Cloud to Ground,-24378,0,14
2026-10-09T06:22:03.325786417Z,15.35432,113.228972,Cloud to Ground,-11983,0,5
2026-10-09T06:22:03.197276567Z,15.385337,113.347986,Cloud to Ground,17344,0,7
2026-10-09T06:22:03.323459488Z,15.415841,113.349497,Cloud to Cloud,17974,4003,14
2026-10-09T06:22:05.550853028Z,1.433998,118.444468,Cloud to Ground,-8131,0,13
2026-10-09T06:22:06.549325949Z,10.119882,118.960849,Cloud to Cloud,-10056,17346,8
2026-10-09T06:22:06.570331364Z,10.131239,118.942028,Cloud to Ground,10240,0,7
2026-10-09T06:22:07.045758838Z,3.561854,113.581103,Cloud to Ground,24193,0,11
2026-10-09T06:22:08.586856912Z,7.805595,123.39349,Cloud to Cloud,9031,18435,9
2026-10-09T06:22:08.242716765Z,7.797194,123.134601,Cloud to Ground,-15182,0,9
2026-10-09T06:22:08.783303000Z,7.9724,123.4392,Cloud to Ground,12264,0,6
2026-10-09T06:22:10.069601000Z,9.3932,122.9314,Cloud to Ground,-25294,0,6
2026-10-09T06:22:09.836388486Z,9.291565,122.972221,Cloud to Cloud,-19871,19743,12
2026-10-09T06:22:09.921769000Z,9.3922,122.9084,Cloud to Ground,-18727,0,10
2026-10-09T06:22:09.836842478Z,9.356309,122.931539,Cloud to Ground,-18505,0,11
2026-10-09T06:22:09.986222204Z,9.371568,122.919732,Cloud to Ground,-16625,0,9
2026-10-09T06:22:09.829041197Z,9.475729,118.433086,Cloud to Cloud,-8116,3040,8
2026-10-09T06:22:09.510495593Z,13.37629,132.316514,Cloud to Ground,-15086,0,15
2026-10-09T06:22:09.499053007Z,13.371024,132.317991,Cloud to Ground,-13173,0,20
2026-10-09T06:22:09.502335000Z,13.3518,132.3632,Cloud to Ground,-12931,0,7
2026-10-09T06:22:10.487019900Z,8.81694,117.310206,Cloud to Cloud,-13627,13493,8
2026-10-09T06:22:10.094446430Z,8.821786,117.365097,Cloud to Cloud,-8320,3030,9
2026-10-09T06:22:10.650683302Z,3.167036,121.633665,Cloud to Ground,23646,0,19
2026-10-09T06:22:10.442317590Z,13.008691,111.685673,Cloud to Ground,21020,0,9
2026-10-09T06:22:10.447609059Z,12.993899,111.581839,Cloud to Cloud,-19605,10342,7
2026-10-09T06:22:12.850771654Z,7.450479,131.597857,Cloud to Ground,11928,0,8
2026-10-09T06:22:12.760610354Z,7.479589,131.448834,Cloud to Ground,-19606,0,14
2026-10-09T06:22:12.678942711Z,7.44618,131.429986,Cloud to Ground,-8977,0,10
2026-10-09T06:22:16.948023029Z,3.326332,121.03168,Cloud to Ground,-33619,0,29
2026-10-09T06:22:16.892774136Z,3.259105,121.070673,Cloud to Ground,-15836,0,19
2026-10-09T06:22:16.290891792Z,3.322749,120.854932,Cloud to Cloud,-9210,4834,16
2026-10-09T06:22:17.803795059Z,13.157065,111.727882,Cloud to Cloud,-26350,16435,12
2026-10-09T06:22:17.811565934Z,13.162703,111.725769,Cloud to Cloud,-20142,3012,9
2026-10-09T06:22:17.932713786Z,13.146275,111.670772,Cloud to Cloud,-9387,13396,9
2026-10-09T06:22:17.803099439Z,13.153827,111.704974,Cloud to Ground,-8264,0,7
2026-10-09T06:22:17.804374062Z,13.126301,111.649364,Cloud to Ground,39027,0,9
2026-10-09T06:22:19.641870421Z,1.336426,118.416278,Cloud to Ground,-11773,0,11
2026-10-09T06:22:19.517194009Z,14.118605,112.949869,Cloud to Ground,-6860,0,7
2026-10-09T06:22:19.512616201Z,14.118345,112.910947,Cloud to Cloud,35203,16498,14
2026-10-09T06:22:20.987664348Z,5.777538,117.003542,Cloud to Cloud,-7830,6198,6
2026-10-09T06:22:20.979469927Z,5.875588,117.114242,Cloud to Ground,20610,0,17
2026-10-09T06:22:20.980853646Z,5.819526,117.136272,Cloud to Ground,22637,0,8
2026-10-09T06:22:21.000396047Z,1.279956,118.645805,Cloud to Ground,-11598,0,16
2026-10-09T06:22:22.429400935Z,7.380965,130.711894,Cloud to Cloud,-25098,3612,21
2026-10-09T06:22:22.373651489Z,7.303665,130.655453,Cloud to Ground,24645,0,17
2026-10-09T06:22:25.853809835Z,11.012484,124.583001,Cloud to Ground,14982,0,7
2026-10-09T06:22:26.021716250Z,7.989222,123.373906,Cloud to Cloud,-13610,6041,16
2026-10-09T06:22:27.036310420Z,8.135658,125.149511,Cloud to Ground,37362,0,9
2026-10-09T06:22:28.065665268Z,4.400587,116.059192,Cloud to Ground,-18355,0,13
2026-10-09T06:22:28.650640659Z,4.365011,116.133565,Cloud to Ground,18156,0,17
2026-10-09T06:22:28.747607318Z,12.586699,110.189719,Cloud to Ground,-18076,0,7
2026-10-09T06:22:29.713560408Z,6.519892,124.461367,Cloud to Cloud,-8057,4619,8
2026-10-09T06:22:30.413137214Z,9.291459,125.696466,Cloud to Cloud,16122,13442,13
2026-10-09T06:22:30.410411889Z,9.301742,125.808679,Cloud to Ground,31455,0,17
2026-10-09T06:22:30.908599562Z,9.423048,118.253828,Cloud to Ground,18352,0,12
2026-10-09T06:22:30.910893100Z,9.415874,118.272653,Cloud to Ground,21882,0,12
2026-10-09T06:22:30.797812340Z,19.118981,110.337019,Cloud to Ground,-53540,0,10
2026-10-09T06:22:30.842939321Z,19.110015,110.341536,Cloud to Ground,-17571,0,9
2026-10-09T06:22:32.307331951Z,12.307613,116.309019,Cloud to Cloud,10883,6770,6
2026-10-09T06:22:35.891739787Z,8.078479,125.397809,Cloud to Ground,-18484,0,8
2026-10-09T06:22:35.734339491Z,8.211161,125.307283,Cloud to Ground,-14643,0,7
2026-10-09T06:22:35.572555903Z,8.199879,125.264185,Cloud to Cloud,-8379,19187,14
2026-10-09T06:22:35.838921501Z,8.160232,125.313279,Cloud to Cloud,15989,19334,8
2026-10-09T06:22:36.397456226Z,8.258072,123.569488,Cloud to Ground,-23229,0,16
2026-10-09T06:22:36.330199378Z,8.118085,123.198248,Cloud to Ground,-18348,0,20
2026-10-09T06:22:36.348495169Z,7.978495,123.257648,Cloud to Ground,21274,0,7
2026-10-09T06:22:37.241418368Z,14.87955,113.685003,Cloud to Ground,-50982,0,11
2026-10-09T06:22:37.272112019Z,14.911335,113.68965,Cloud to Ground,19143,0,9
2026-10-09T06:22:37.951297787Z,15.290388,111.363616,Cloud to Ground,16356,0,7
2026-10-09T06:22:37.921122396Z,15.29876,111.361456,Cloud to Ground,32004,0,8
2026-10-09T06:22:37.920571000Z,15.3426,111.4823,Cloud to Ground,-37556,0,6
2026-10-09T06:22:38.746456321Z,9.484194,118.407214,Cloud to Cloud,-10322,16774,6
2026-10-09T06:22:38.889437993Z,9.486984,118.430479,Cloud to Cloud,-9205,14647,7
2026-10-09T06:22:39.633050483Z,8.177499,123.446223,Cloud to Cloud,-19994,5394,9
2026-10-09T06:22:40.883842076Z,2.876936,112.92554,Cloud to Ground,-17992,0,7
2026-10-09T06:22:40.604671172Z,13.279315,133.171374,Cloud to Ground,-31882,0,22
2026-10-09T06:22:40.618950946Z,13.210863,133.153816,Cloud to Cloud,-12317,3108,11
2026-10-09T06:22:40.601755392Z,13.309025,133.110485,Cloud to Ground,11025,0,13
2026-10-09T06:22:40.602701916Z,13.281635,133.114468,Cloud to Ground,48798,0,24
2026-10-09T06:22:40.853405551Z,15.285388,111.34157,Cloud to Cloud,-6315,6321,8
2026-10-09T06:22:41.416451358Z,9.299553,117.95382,Cloud to Ground,-28935,0,15
2026-10-09T06:22:41.418488115Z,9.277268,117.955727,Cloud to Ground,22870,0,11
2026-10-09T06:22:41.421877054Z,11.824391,125.092362,Cloud to Ground,-45704,0,11
2026-10-09T06:22:41.480487652Z,11.833087,125.109897,Cloud to Ground,-36354,0,12
2026-10-09T06:22:41.484714750Z,11.832374,125.114133,Cloud to Ground,-30340,0,17
2026-10-09T06:22:41.747784000Z,11.8442,125.1066,Cloud to Ground,-26295,0,7
2026-10-09T06:22:41.635534189Z,11.833631,125.10932,Cloud to Ground,-13005,0,6
2026-10-09T06:22:42.450491109Z,7.928493,123.388899,Cloud to Ground,33441,0,18
2026-10-09T06:22:43.374560922Z,7.672475,123.186846,Cloud to Cloud,11956,5877,8
2026-10-09T06:22:43.680335827Z,8.047462,123.382521,Cloud to Cloud,-13004,6297,10
2026-10-09T06:22:43.169044776Z,7.863259,123.097376,Cloud to Ground,-11408,0,13
2026-10-09T06:22:44.304453519Z,1.436009,118.444511,Cloud to Ground,-16487,0,10
2026-10-09T06:22:44.142109966Z,1.429286,118.446293,Cloud to Ground,-11834,0,12
2026-10-09T06:22:45.781090870Z,18.70993,125.319173,Cloud to Cloud,12317,17947,10
2026-10-09T06:22:45.778815104Z,18.753002,125.145951,Cloud to Ground,27460,0,7
2026-10-09T06:22:46.631676740Z,9.293973,122.973973,Cloud to Cloud,-17137,3050,6
2026-10-09T06:22:46.797929985Z,9.297538,122.980824,Cloud to Cloud,11105,5875,6
2026-10-09T06:22:48.452460814Z,8.002601,123.338985,Cloud to Cloud,12784,19839,7
2026-10-09T06:22:50.212871418Z,1.336622,118.470941,Cloud to Ground,17431,0,10
2026-10-09T06:22:51.869143281Z,6.642349,124.446483,Cloud to Ground,-34164,0,16
2026-10-09T06:22:51.738422776Z,2.973701,112.903592,Cloud to Ground,-13874,0,10
2026-10-09T06:22:51.736913210Z,2.938144,112.790318,Cloud to Ground,16361,0,11
2026-10-09T06:22:51.126765000Z,3.1706,121.7496,Cloud to Ground,11187,0,5
2026-10-09T06:22:52.434759000Z,6.6252,124.5527,Cloud to Ground,-13872,0,7
2026-10-09T06:22:52.797153347Z,6.656494,124.484287,Cloud to Ground,-13061,0,9
2026-10-09T06:22:52.676990643Z,14.190494,111.828869,Cloud to Ground,25916,0,11
2026-10-09T06:22:53.503560713Z,7.309872,130.650099,Cloud to Cloud,12921,5201,20
2026-10-09T06:22:53.448688750Z,7.282654,130.632238,Cloud to Ground,18092,0,12
2026-10-09T06:22:55.474795732Z,4.457643,116.167764,Cloud to Ground,-12180,0,10
2026-10-09T06:22:55.898285363Z,4.396081,116.167846,Cloud to Ground,18610,0,6
2026-10-09T06:22:55.104999557Z,9.279847,118.48822,Cloud to Cloud,17845,16062,7
2026-10-09T06:22:57.960576812Z,7.42171,131.64966,Cloud to Ground,29376,0,19
2026-10-09T06:22:57.956838350Z,7.39539,131.543083,Cloud to Cloud,18002,4117,11
2026-10-09T06:22:57.268694215Z,14.89896,131.535948,Cloud to Cloud,21596,6317,9
2026-10-09T06:22:57.314620574Z,14.985945,131.32406,Cloud to Cloud,-12344,6200,28
2026-10-09T06:22:57.370567596Z,14.811251,131.571964,Cloud to Cloud,-133090,14446,11
2026-10-09T06:22:57.266847115Z,15.009611,131.486343,Cloud to Ground,-24552,0,13
2026-10-09T06:22:57.273287809Z,15.055269,131.447235,Cloud to Cloud,-13915,18228,8
2026-10-09T06:22:57.364131108Z,15.022684,131.474364,Cloud to Ground,11301,0,12
2026-10-09T06:22:57.399887022Z,15.017594,131.474533,Cloud to Cloud,13412,3018,11
2026-10-09T06:22:59.214379579Z,15.24094,113.254505,Cloud to Cloud,17400,3723,6
2026-10-09T06:23:00.899529129Z,6.768516,125.191395,Cloud to Ground,-28969,0,20
2026-10-09T06:23:06.652804119Z,11.827062,125.219179,Cloud to Cloud,19448,18882,12
2026-10-09T06:23:06.626921666Z,11.86268,125.167543,Cloud to Cloud,19723,18692,9
2026-10-09T06:23:07.899445751Z,8.048464,123.280134,Cloud to Ground,-16439,0,20
2026-10-09T06:23:08.062072000Z,3.1636,121.6198,Cloud to Ground,12021,0,6
2026-10-09T06:23:09.468063953Z,9.021885,115.911694,Cloud to Cloud,-10227,4984,6
2026-10-09T06:23:09.747178275Z,8.980936,115.813322,Cloud to Cloud,-6536,18486,7
2026-10-09T06:23:09.503675166Z,9.003423,115.838461,Cloud to Ground,14000,0,6
2026-10-09T06:23:10.967426933Z,9.378643,115.381149,Cloud to Cloud,-26235,3063,13
2026-10-09T06:23:11.023615231Z,9.369603,115.383271,Cloud to Cloud,-19325,6338,9
2026-10-09T06:23:10.949774758Z,9.335913,115.314952,Cloud to Cloud,-15253,7972,9
2026-10-09T06:23:14.808360403Z,8.766663,117.324616,Cloud to Ground,18687,0,11
2026-10-09T06:23:17.776811855Z,7.051151,120.655766,Cloud to Ground,-20578,0,25
2026-10-09T06:23:17.725562822Z,6.963917,120.789762,Cloud to Ground,-96324,0,11
2026-10-09T06:23:17.739542660Z,7.005847,120.740134,Cloud to Ground,-31363,0,11
2026-10-09T06:23:17.795974333Z,2.808335,112.903415,Cloud to Ground,20284,0,20
2026-10-09T06:23:17.841748000Z,2.802513,112.908891,Cloud to Ground,29064,0,17
2026-10-09T06:23:17.762366128Z,2.810119,112.896279,Cloud to Ground,42479,0,18
2026-10-09T06:23:17.726965000Z,2.8161,112.9043,Cloud to Ground,78512,0,9
2026-10-09T06:23:17.874433000Z,11.6356,125.1113,Cloud to Ground,12007,0,5
2026-10-09T06:23:19.960347102Z,8.14644,123.757277,Cloud to Cloud,-15504,15490,8
2026-10-09T06:23:19.901860417Z,8.166172,123.743526,Cloud to Cloud,-13423,7854,7
2026-10-09T06:23:19.948727410Z,8.252948,123.571228,Cloud to Ground,-15174,0,13
2026-10-09T06:23:19.911204904Z,8.336599,123.611779,Cloud to Ground,-42267,0,20
2026-10-09T06:23:20.478503645Z,8.360067,123.550808,Cloud to Ground,-21983,0,14
2026-10-09T06:23:21.942360079Z,4.414857,116.139857,Cloud to Ground,-13401,0,10
2026-10-09T06:23:22.011268760Z,4.381568,116.146053,Cloud to Ground,-12843,0,9
2026-10-09T06:23:22.910570005Z,7.981751,123.383061,Cloud to Cloud,-37471,6441,9
2026-10-09T06:23:22.934464925Z,7.984547,123.378137,Cloud to Cloud,-16164,5860,13
2026-10-09T06:23:23.651337914Z,8.056742,125.351316,Cloud to Cloud,-19882,17465,10
2026-10-09T06:23:23.323306427Z,8.147833,125.276256,Cloud to Ground,7826,0,9
2026-10-09T06:23:23.525481625Z,8.079896,123.321765,Cloud to Ground,-19335,0,16
2026-10-09T06:23:22.967811496Z,8.075714,123.331228,Cloud to Ground,-12270,0,17
2026-10-09T06:23:23.012088000Z,8.0577,123.4584,Cloud to Ground,-18059,0,8
2026-10-09T06:23:24.375304094Z,7.877582,123.241525,Cloud to Ground,35712,0,24
2026-10-09T06:23:24.668533263Z,7.960831,123.188353,Cloud to Cloud,-19555,14942,19
2026-10-09T06:23:25.434795659Z,4.763232,124.50936,Cloud to Ground,-29352,0,27
2026-10-09T06:23:25.070299583Z,9.511366,118.543417,Cloud to Cloud,-13428,5624,13
2026-10-09T06:23:28.725920381Z,14.202571,132.795563,Cloud to Ground,-19339,0,12
2026-10-09T06:23:28.722466180Z,14.201,132.810873,Cloud to Cloud,8848,15862,10
2026-10-09T06:23:28.723516612Z,14.23208,132.86039,Cloud to Ground,14730,0,8
2026-10-09T06:23:29.608927510Z,11.916765,120.081847,Cloud to Cloud,10998,16371,7
2026-10-09T06:23:30.927319069Z,3.373795,120.905623,Cloud to Cloud,14333,3505,12
2026-10-09T06:23:30.921425533Z,3.454333,120.991321,Cloud to Cloud,23174,18035,8
2026-10-09T06:23:31.812297517Z,2.82072,112.922729,Cloud to Ground,-13904,0,12
2026-10-09T06:23:33.632321492Z,7.312422,130.752953,Cloud to Ground,12620,0,11
2026-10-09T06:23:33.581082832Z,7.29251,130.644869,Cloud to Ground,30984,0,16
2026-10-09T06:23:33.425673933Z,15.371153,113.339312,Cloud to Ground,-18420,0,14
2026-10-09T06:23:33.821661249Z,15.348818,113.229735,Cloud to Ground,-12352,0,6
2026-10-09T06:23:33.444233930Z,15.35667,113.252912,Cloud to Cloud,-10074,11840,9
2026-10-09T06:23:33.429795727Z,15.345006,113.230251,Cloud to Cloud,-8766,3312,9
2026-10-09T06:23:33.535956668Z,15.370262,113.339951,Cloud to Ground,12329,0,10
2026-10-09T06:23:33.481458278Z,15.364075,113.278338,Cloud to Cloud,22658,7693,13
2026-10-09T06:23:33.798013197Z,15.38206,113.344047,Cloud to Ground,31586,0,7
2026-10-09T06:23:36.658518578Z,8.01807,123.208085,Cloud to Ground,40427,0,22
2026-10-09T06:23:37.554072174Z,11.597213,130.260272,Cloud to Ground,-19834,0,17
2026-10-09T06:23:37.531839083Z,11.543083,130.423673,Cloud to Ground,-28446,0,12
2026-10-09T06:23:37.483608103Z,15.34335,111.38258,Cloud to Ground,-15846,0,7
2026-10-09T06:23:37.528161135Z,15.38815,111.316118,Cloud to Ground,-14158,0,6
2026-10-09T06:23:37.326822205Z,15.340171,111.362993,Cloud to Cloud,27853,7602,10
2026-10-09T06:23:37.105772000Z,9.2336,125.9108,Cloud to Ground,-17717,0,7
2026-10-09T06:23:38.766865326Z,11.800189,125.117689,Cloud to Cloud,15670,3022,9
2026-10-09T06:23:38.842923004Z,11.792237,125.166214,Cloud to Ground,24652,0,11
2026-10-09T06:23:38.674919829Z,11.797606,125.153353,Cloud to Ground,25367,0,10
2026-10-09T06:23:38.711468021Z,11.792748,125.092306,Cloud to Ground,43677,0,14
2026-10-09T06:23:39.495754547Z,7.759503,123.170716,Cloud to Cloud,8290,17004,7
2026-10-09T06:23:39.948330195Z,7.90838,123.355844,Cloud to Ground,18122,0,17
2026-10-09T06:23:39.917345629Z,9.68756,118.448004,Cloud to Ground,-19381,0,7
2026-10-09T06:23:40.048649542Z,9.585541,118.482001,Cloud to Cloud,-16617,14414,10
2026-10-09T06:23:39.897352951Z,9.649035,118.446063,Cloud to Cloud,-8137,15991,7
2026-10-09T06:23:43.329469323Z,12.943082,111.695086,Cloud to Ground,17173,0,7
2026-10-09T06:23:44.906580000Z,10.7623,122.0965,Cloud to Ground,-10893,0,10
2026-10-09T06:23:44.877365672Z,10.660763,122.165261,Cloud to Cloud,6333,5798,8
2026-10-09T06:23:44.878683155Z,10.726177,122.117017,Cloud to Ground,43465,0,20
2026-10-09T06:23:44.024523346Z,12.307189,116.378338,Cloud to Ground,-8663,0,6
2026-10-09T06:23:44.915379776Z,11.80895,125.162298,Cloud to Cloud,-6224,14156,7
2026-10-09T06:23:45.671091652Z,8.513924,125.414506,Cloud to Ground,-13700,0,20
2026-10-09T06:23:48.872962315Z,7.924653,131.289955,Cloud to Ground,-14810,0,13
2026-10-09T06:23:48.869608271Z,8.019987,131.366867,Cloud to Ground,26218,0,12
2026-10-09T06:23:48.598445000Z,13.3569,132.2326,Cloud to Ground,-26305,0,5
2026-10-09T06:23:48.597638654Z,13.380364,132.249094,Cloud to Cloud,-21523,3566,11
2026-10-09T06:23:48.993234636Z,13.329922,132.31522,Cloud to Cloud,-12621,7851,9
2026-10-09T06:23:48.596482355Z,13.308134,132.315531,Cloud to Ground,35071,0,21
2026-10-09T06:23:49.499037702Z,19.094935,110.350136,Cloud to Ground,45811,0,9
2026-10-09T06:23:49.968253825Z,8.024913,123.338661,Cloud to Ground,12314,0,16
2026-10-09T06:23:50.069822275Z,8.025116,123.361091,Cloud to Ground,20082,0,15
2026-10-09T06:23:50.754493620Z,7.754975,132.076877,Cloud to Ground,23041,0,24
2026-10-09T06:23:50.753593717Z,7.74913,132.089912,Cloud to Ground,39496,0,22
2026-10-09T06:23:50.756577578Z,7.790544,131.989381,Cloud to Ground,-17245,0,26
2026-10-09T06:23:50.795925687Z,7.758408,131.980616,Cloud to Cloud,-9484,4708,20
2026-10-09T06:23:51.950497979Z,9.572594,118.408027,Cloud to Ground,-14902,0,6
2026-10-09T06:23:53.608582882Z,4.383578,116.172363,Cloud to Ground,19726,0,16
2026-10-09T06:23:53.532714580Z,4.322898,116.306796,Cloud to Cloud,-11349,3213,13
2026-10-09T06:23:53.812262906Z,6.354353,124.696085,Cloud to Cloud,-13287,4678,8
2026-10-09T06:23:53.486355788Z,6.398909,124.510633,Cloud to Ground,12797,0,10
2026-10-09T06:23:53.488427427Z,6.410463,124.505524,Cloud to Ground,15170,0,13
2026-10-09T06:23:53.496824683Z,6.405416,124.506823,Cloud to Ground,19561,0,12
2026-10-09T06:23:56.662288000Z,7.907,123.422,Cloud to Ground,-118126,0,5
2026-10-09T06:23:56.662876760Z,7.96455,123.400403,Cloud to Ground,-60943,0,23
2026-10-09T06:23:56.949105901Z,7.943631,123.359079,Cloud to Ground,36831,0,18
2026-10-09T06:23:56.380868524Z,9.473035,118.43542,Cloud to Ground,-23037,0,7
2026-10-09T06:23:56.531326016Z,9.493893,118.418865,Cloud to Ground,-17342,0,10
2026-10-09T06:23:56.891354395Z,9.496113,118.418264,Cloud to Ground,-16839,0,8
2026-10-09T06:23:57.154642109Z,9.568536,118.375272,Cloud to Cloud,12248,3044,6
2026-10-09T06:23:56.632844000Z,9.5063,118.4061,Cloud to Ground,17182,0,9
2026-10-09T06:23:57.200240401Z,18.681097,125.291326,Cloud to Cloud,3202,5509,6
2026-10-09T06:23:57.111834987Z,18.714967,125.305972,Cloud to Cloud,5618,3118,8
2026-10-09T06:23:57.105403142Z,18.715369,125.305158,Cloud to Cloud,10973,8447,10
2026-10-09T06:23:57.499686191Z,18.711842,125.100544,Cloud to Cloud,8804,3352,10
2026-10-09T06:23:58.871746267Z,7.904961,123.214697,Cloud to Ground,-11510,0,7
2026-10-09T06:23:58.978717151Z,7.849416,123.175243,Cloud to Cloud,9214,16068,10
2026-10-09T06:24:05.009658149Z,8.254299,125.379167,Cloud to Ground,-48280,0,19
2026-10-09T06:24:05.469392143Z,8.316326,125.335974,Cloud to Ground,-15136,0,22
2026-10-09T06:24:05.651680610Z,9.574036,118.531351,Cloud to Cloud,-11969,14786,7
2026-10-09T06:24:05.040418140Z,6.730244,125.259279,Cloud to Cloud,-11938,4465,14
2026-10-09T06:24:05.067542978Z,8.243972,125.268196,Cloud to Ground,-14847,0,16
2026-10-09T06:24:08.706999722Z,7.471576,120.234892,Cloud to Ground,33083,0,16
2026-10-09T06:24:08.258231475Z,8.118596,125.028817,Cloud to Cloud,6179,12674,7
2026-10-09T06:24:09.703973351Z,9.392093,118.452991,Cloud to Cloud,24107,16637,6
2026-10-09T06:24:10.043713316Z,7.294636,130.675729,Cloud to Ground,25491,0,20
2026-10-09T06:24:11.412817713Z,7.464224,131.540962,Cloud to Cloud,-9001,5011,28
2026-10-09T06:24:11.409679616Z,7.440878,131.520949,Cloud to Cloud,14692,8795,15
2026-10-09T06:24:11.404394535Z,7.421287,131.530574,Cloud to Cloud,16158,6611,10
2026-10-09T06:24:11.406200530Z,7.436338,131.645417,Cloud to Ground,-22021,0,20
2026-10-09T06:24:11.634070648Z,12.510251,115.115469,Cloud to Cloud,12238,3182,8
2026-10-09T06:24:13.129323742Z,1.368875,118.472727,Cloud to Cloud,9643,14817,6
2026-10-09T06:24:14.249314500Z,6.146693,117.027156,Cloud to Ground,18182,0,15
2026-10-09T06:24:14.024861870Z,5.969519,117.094592,Cloud to Ground,-46349,0,31
2026-10-09T06:24:14.112717137Z,5.968499,117.062436,Cloud to Ground,-30902,0,19
2026-10-09T06:24:14.119849150Z,5.944084,117.083112,Cloud to Cloud,12285,3020,14
2026-10-09T06:24:14.040175948Z,5.942213,117.076376,Cloud to Ground,14008,0,12
2026-10-09T06:24:15.793509807Z,9.362529,122.925319,Cloud to Cloud,-3846,15405,5
2026-10-09T06:24:15.764659088Z,9.364021,122.921355,Cloud to Cloud,5207,16891,5
2026-10-09T06:24:18.569717184Z,9.474251,118.525977,Cloud to Cloud,5786,18982,8
2026-10-09T06:24:18.045386501Z,3.185682,121.654401,Cloud to Cloud,-14809,6587,19
2026-10-09T06:24:18.046600956Z,3.165842,121.636854,Cloud to Ground,16644,0,11
2026-10-09T06:24:18.049056600Z,3.162555,121.636342,Cloud to Ground,23246,0,20
2026-10-09T06:24:19.139481283Z,11.523335,130.281625,Cloud to Ground,-18694,0,32
2026-10-09T06:24:19.526320456Z,11.481568,130.272723,Cloud to Ground,-11511,0,8
2026-10-09T06:24:19.580956585Z,18.701429,123.429013,Cloud to Ground,-77894,0,14
2026-10-09T06:24:19.628958290Z,18.715729,123.435746,Cloud to Ground,-45510,0,10
2026-10-09T06:24:19.698841075Z,18.698692,123.44816,Cloud to Ground,-30654,0,12
2026-10-09T06:24:19.651397219Z,18.697937,123.436966,Cloud to Ground,-15643,0,7
2026-10-09T06:24:19.725702606Z,18.697665,123.445605,Cloud to Ground,-11015,0,8
2026-10-09T06:24:19.611025561Z,18.701055,123.446461,Cloud to Ground,-6967,0,6
2026-10-09T06:24:19.605470048Z,18.709519,123.452522,Cloud to Cloud,7055,4660,7
2026-10-09T06:24:20.616692194Z,2.966345,112.836444,Cloud to Ground,-17865,0,16
2026-10-09T06:24:21.107111800Z,9.468703,118.490147,Cloud to Cloud,12030,19163,11
2026-10-09T06:24:22.504078121Z,4.350624,116.226297,Cloud to Cloud,-14845,3134,17
2026-10-09T06:24:22.345570050Z,4.449267,116.25,Cloud to Cloud,-11915,4124,9
2026-10-09T06:24:24.759365217Z,8.081235,123.293772,Cloud to Ground,23436,0,11
2026-10-09T06:24:24.460086170Z,1.993504,111.194562,Cloud to Ground,-24290,0,11
2026-10-09T06:24:25.839249588Z,8.035506,123.413394,Cloud to Cloud,9802,9462,8
2026-10-09T06:24:27.550585713Z,7.856274,123.238334,Cloud to Ground,14965,0,14
2026-10-09T06:24:27.262053410Z,8.979551,115.749124,Cloud to Cloud,20505,3020,10
2026-10-09T06:24:27.286518274Z,9.030669,115.833653,Cloud to Cloud,19376,13076,12
2026-10-09T06:24:27.485049120Z,14.82372,111.034066,Cloud to Ground,40793,0,10
2026-10-09T06:24:27.485835000Z,14.8218,111.0581,Cloud to Ground,111678,0,8
2026-10-09T06:24:27.331816050Z,12.284637,122.906397,Cloud to Cloud,18833,7325,6
2026-10-09T06:24:28.192258357Z,9.74755,118.509249,Cloud to Cloud,16131,12622,10
2026-10-09T06:24:29.933125245Z,7.087063,121.953124,Cloud to Ground,-23008,0,17
2026-10-09T06:24:29.799725039Z,7.040295,121.982097,Cloud to Ground,16397,0,12
2026-10-09T06:24:29.105031128Z,1.363412,118.425982,Cloud to Ground,-16810,0,9
2026-10-09T06:24:29.132568746Z,9.507906,118.472533,Cloud to Cloud,-16305,10365,15
2026-10-09T06:24:29.130861231Z,9.390435,118.508038,Cloud to Cloud,-16005,17277,8
2026-10-09T06:24:30.533076800Z,6.677384,125.326511,Cloud to Ground,-21033,0,20
2026-10-09T06:24:30.586075378Z,6.678702,125.309591,Cloud to Cloud,-13756,9677,19
2026-10-09T06:24:30.883970094Z,6.67907,134.629347,Cloud to Ground,-10244,0,16
2026-10-09T06:24:30.948141914Z,6.720742,134.653068,Cloud to Ground,45805,0,27
2026-10-09T06:24:32.334251113Z,9.405333,122.927407,Cloud to Cloud,7711,11440,9
2026-10-09T06:24:32.714955168Z,12.291672,115.201103,Cloud to Cloud,-16397,5284,8
2026-10-09T06:24:35.383999781Z,7.482768,131.475186,Cloud to Ground,-17797,0,26
2026-10-09T06:24:35.338528142Z,7.472572,131.622569,Cloud to Ground,-16507,0,18
2026-10-09T06:24:35.453855563Z,7.473298,131.599695,Cloud to Ground,-16071,0,19
2026-10-09T06:24:35.324315155Z,7.477099,131.617668,Cloud to Ground,22488,0,17
2026-10-09T06:24:35.607207980Z,7.428994,131.568038,Cloud to Ground,26059,0,13
2026-10-09T06:24:35.432469661Z,7.476821,131.578566,Cloud to Ground,31114,0,18
2026-10-09T06:24:35.294851869Z,7.486781,131.605998,Cloud to Ground,43865,0,17
2026-10-09T06:24:35.606780000Z,7.5147,131.6783,Cloud to Ground,72463,0,5
2026-10-09T06:24:36.547282645Z,8.343492,123.632331,Cloud to Cloud,-14834,16549,7
2026-10-09T06:24:36.108083684Z,7.279704,131.426058,Cloud to Ground,-38209,0,26
2026-10-09T06:24:36.165738559Z,7.922945,131.378426,Cloud to Ground,-28197,0,21
2026-10-09T06:24:36.218501999Z,7.941771,131.430504,Cloud to Ground,19199,0,19
2026-10-09T06:24:36.114396420Z,7.966881,131.426113,Cloud to Ground,54306,0,28
2026-10-09T06:24:37.252076572Z,10.192854,118.917841,Cloud to Cloud,17074,12883,9
2026-10-09T06:24:40.844248085Z,8.063269,123.255696,Cloud to Cloud,-10639,3206,24
2026-10-09T06:24:40.740492215Z,7.983856,123.349753,Cloud to Ground,19236,0,8
2026-10-09T06:24:41.149174459Z,8.725815,125.294049,Cloud to Ground,-18185,0,29
2026-10-09T06:24:41.410283322Z,9.145111,125.930424,Cloud to Ground,-24412,0,17
2026-10-09T06:24:41.216869721Z,8.70717,125.400802,Cloud to Ground,-21475,0,18
2026-10-09T06:24:41.762633207Z,14.433718,130.884629,Cloud to Ground,28439,0,13
2026-10-09T06:24:42.603792253Z,8.017694,123.489442,Cloud to Cloud,7419,11596,7
2026-10-09T06:24:42.649537203Z,8.061029,123.435061,Cloud to Cloud,14309,19828,8
2026-10-09T06:24:42.592031061Z,8.082123,123.337607,Cloud to Ground,-16307,0,20
2026-10-09T06:24:43.567691205Z,7.407018,131.735653,Cloud to Ground,-18307,0,15
2026-10-09T06:24:43.565210527Z,7.48212,131.71406,Cloud to Cloud,-13605,7291,17
2026-10-09T06:24:46.324026201Z,1.370273,118.456585,Cloud to Ground,9808,0,7
2026-10-09T06:24:46.849791506Z,7.384185,130.661958,Cloud to Ground,-76191,0,24
2026-10-09T06:24:46.899024558Z,7.354522,130.648634,Cloud to Ground,39680,0,35
2026-10-09T06:24:46.839632444Z,7.314716,130.736625,Cloud to Ground,-25654,0,17
2026-10-09T06:24:47.407975653Z,8.103167,123.148902,Cloud to Cloud,20237,15421,10
2026-10-09T06:24:47.056916201Z,7.350121,130.825109,Cloud to Cloud,11969,15388,11
2026-10-09T06:24:47.992771026Z,14.903371,113.689618,Cloud to Ground,-52618,0,10
2026-10-09T06:24:48.025551674Z,14.899269,113.688063,Cloud to Ground,-41551,0,11
2026-10-09T06:24:48.009790477Z,14.916627,113.687869,Cloud to Cloud,11570,4037,6
2026-10-09T06:24:47.198674517Z,11.203137,124.581353,Cloud to Ground,-33844,0,17
2026-10-09T06:24:46.945719304Z,11.216411,124.553557,Cloud to Cloud,-18272,18755,9
2026-10-09T06:24:48.451495108Z,14.095654,112.769976,Cloud to Ground,12263,0,9
2026-10-09T06:24:49.718819751Z,4.41731,116.227286,Cloud to Ground,-12176,0,12
2026-10-09T06:24:50.937345074Z,7.988265,123.337936,Cloud to Ground,31744,0,13
2026-10-09T06:24:51.662204633Z,8.103586,125.293241,Cloud to Ground,15473,0,14
2026-10-09T06:24:52.020949878Z,7.913623,123.114561,Cloud to Ground,-14002,0,16
2026-10-09T06:24:52.144736910Z,7.75205,123.187614,Cloud to Ground,18252,0,7
2026-10-09T06:24:51.910118773Z,7.75815,123.213781,Cloud to Cloud,19046,14219,7
2026-10-09T06:24:52.333128308Z,1.423045,118.430929,Cloud to Ground,-14925,0,15
2026-10-09T06:24:54.262825945Z,6.68495,125.323975,Cloud to Ground,14660,0,16
2026-10-09T06:24:54.479361608Z,14.996692,131.495426,Cloud to Ground,180693,0,13
2026-10-09T06:24:54.573461214Z,15.017492,131.352935,Cloud to Ground,-13417,0,12
2026-10-09T06:24:54.479949022Z,14.90632,131.504306,Cloud to Cloud,21025,3086,13
2026-10-09T06:24:55.025066762Z,2.816789,112.932477,Cloud to Ground,-43460,0,18
2026-10-09T06:24:55.085227860Z,2.806523,112.908113,Cloud to Ground,-16158,0,9
2026-10-09T06:24:55.582252762Z,2.817761,112.920126,Cloud to Ground,22489,0,9
2026-10-09T06:24:55.161874017Z,2.825411,112.918905,Cloud to Ground,22655,0,12
2026-10-09T06:24:55.723345906Z,2.816827,112.92262,Cloud to Ground,22754,0,17
2026-10-09T06:24:55.079488682Z,2.821834,112.923676,Cloud to Ground,35403,0,17
2026-10-09T06:24:55.197234000Z,2.867,112.8832,Cloud to Ground,35593,0,5
2026-10-09T06:24:55.136582616Z,2.826367,112.923904,Cloud to Ground,49619,0,24
2026-10-09T06:24:55.037455651Z,2.81217,112.935765,Cloud to Ground,76960,0,22
2026-10-09T06:24:55.242012408Z,14.140951,110.009421,Cloud to Ground,-22048,0,7
2026-10-09T06:24:55.216291013Z,14.099368,110.048766,Cloud to Ground,-20468,0,9
2026-10-09T06:24:54.978098328Z,14.056023,110.070672,Cloud to Ground,19993,0,8
2026-10-09T06:24:55.120728569Z,11.828442,125.154634,Cloud to Ground,31801,0,7
2026-10-09T06:24:55.373296514Z,15.34807,111.367272,Cloud to Cloud,-11456,7227,6
2026-10-09T06:24:55.347307866Z,15.35077,111.395409,Cloud to Cloud,8650,18484,6
2026-10-09T06:24:55.334289330Z,15.33282,111.282494,Cloud to Ground,47607,0,10
2026-10-09T06:24:57.782438201Z,7.906692,123.164236,Cloud to Cloud,-21173,14747,12
2026-10-09T06:24:57.727129627Z,7.842059,123.199988,Cloud to Ground,-21061,0,8
2026-10-09T06:24:57.945901413Z,7.898109,123.197855,Cloud to Cloud,-15574,3304,14
2026-10-09T06:24:57.887028127Z,7.851938,123.215018,Cloud to Ground,22585,0,16
2026-10-09T06:25:00.199155136Z,11.752042,125.05052,Cloud to Cloud,-11093,16869,8
2026-10-09T06:25:00.145322000Z,11.8373,125.0953,Cloud to Ground,-46626,0,5
2026-10-09T06:25:00.102878076Z,11.843716,125.109334,Cloud to Ground,-44779,0,11
2026-10-09T06:25:00.197848740Z,11.917196,125.088001,Cloud to Ground,-28420,0,20
2026-10-09T06:25:00.343702053Z,11.822649,125.120996,Cloud to Ground,-11538,0,17
2026-10-09T06:25:00.851934179Z,15.531857,113.13541,Cloud to Ground,-14779,0,6
2026-10-09T06:25:01.380767568Z,8.011077,123.294229,Cloud to Ground,-47900,0,28
2026-10-09T06:25:01.413316041Z,8.082598,123.340926,Cloud to Ground,-31231,0,25
2026-10-09T06:25:01.534053672Z,8.073018,123.309039,Cloud to Ground,-26315,0,21
2026-10-09T06:25:01.492111719Z,7.984525,123.364497,Cloud to Cloud,-13411,3011,8
2026-10-09T06:25:02.322140504Z,9.480486,118.235211,Cloud to Cloud,-20042,7179,12
2026-10-09T06:25:02.085356923Z,13.898508,133.558667,Cloud to Ground,-47319,0,19
2026-10-09T06:25:02.008574077Z,13.897742,133.551562,Cloud to Ground,-37669,0,16
2026-10-09T06:25:02.016258511Z,13.985406,133.520725,Cloud to Cloud,-30412,3326,21
2026-10-09T06:25:02.205999884Z,13.930093,133.542314,Cloud to Ground,16963,0,12
2026-10-09T06:25:02.170587104Z,13.905138,133.559175,Cloud to Ground,38957,0,15
2026-10-09T06:25:04.698825080Z,7.867684,123.280235,Cloud to Ground,16748,0,8
2026-10-09T06:25:07.176449472Z,14.793697,112.12452,Cloud to Cloud,-10482,6057,10
2026-10-09T06:25:07.136711156Z,14.798486,112.078123,Cloud to Ground,122004,0,11
2026-10-09T06:25:08.366212711Z,7.766885,123.384483,Cloud to Cloud,16167,18066,11
2026-10-09T06:25:09.539307289Z,8.642023,132.776782,Cloud to Ground,-11497,0,10
2026-10-09T06:25:09.213268095Z,15.351215,113.258517,Cloud to Cloud,-8737,18589,7
2026-10-09T06:25:09.175571108Z,15.357623,113.284458,Cloud to Cloud,-7419,3099,9
2026-10-09T06:25:09.295219374Z,15.350764,113.231863,Cloud to Ground,10278,0,6
2026-10-09T06:25:09.176144029Z,15.359383,113.265164,Cloud to Cloud,31294,13673,13
2026-10-09T06:25:11.470280196Z,8.069857,123.390338,Cloud to Cloud,-12868,6215,8
2026-10-09T06:25:12.300439376Z,9.506445,118.401158,Cloud to Cloud,7825,13835,7
2026-10-09T06:25:12.721863801Z,7.302892,130.654468,Cloud to Ground,20336,0,10
2026-10-09T06:25:12.731534488Z,7.342163,130.588795,Cloud to Cloud,20676,14693,11
2026-10-09T06:25:13.342852274Z,4.397391,116.091494,Cloud to Ground,-22976,0,14
2026-10-09T06:25:13.194442331Z,4.451632,116.161954,Cloud to Ground,-17434,0,22
2026-10-09T06:25:13.170717020Z,4.451958,116.139995,Cloud to Ground,-15346,0,17
2026-10-09T06:25:13.477556884Z,4.440263,116.181707,Cloud to Ground,23206,0,7
2026-10-09T06:25:13.749530497Z,15.007757,111.588714,Cloud to Ground,22425,0,12
2026-10-09T06:25:14.033916247Z,8.805433,117.334541,Cloud to Ground,-23000,0,8
2026-10-09T06:25:14.035003719Z,8.798179,117.329683,Cloud to Cloud,-22027,16215,9
2026-10-09T06:25:14.109489027Z,8.798782,117.332214,Cloud to Ground,-16502,0,8
2026-10-09T06:25:14.052090335Z,13.364805,133.066342,Cloud to Ground,-29801,0,17
2026-10-09T06:25:14.049944070Z,13.292183,133.122482,Cloud to Ground,-13075,0,10
2026-10-09T06:25:18.218629987Z,11.540685,130.242332,Cloud to Ground,-16720,0,12
2026-10-09T06:25:18.186968297Z,11.577945,130.418277,Cloud to Ground,-10014,0,11
2026-10-09T06:25:21.892738191Z,8.836967,125.975941,Cloud to Cloud,-9939,16633,8
2026-10-09T06:25:21.965795032Z,7.941021,131.397741,Cloud to Ground,-9517,0,19
2026-10-09T06:25:22.103438107Z,12.515757,115.213485,Cloud to Ground,-34091,0,12
2026-10-09T06:25:21.845848744Z,12.51153,115.211767,Cloud to Cloud,-12424,3081,12
2026-10-09T06:25:21.941637000Z,12.467,115.2191,Cloud to Ground,33821,0,8
2026-10-09T06:25:23.736273881Z,1.345024,118.459491,Cloud to Ground,-20391,0,19
2026-10-09T06:25:23.528434087Z,8.260205,125.344451,Cloud to Ground,14135,0,6
2026-10-09T06:25:24.528299689Z,6.53336,124.719219,Cloud to Cloud,-11503,12198,13
2026-10-09T06:25:25.206012882Z,6.493117,124.471676,Cloud to Ground,28511,0,12
2026-10-09T06:25:25.707335573Z,9.336514,118.448624,Cloud to Ground,25862,0,8
2026-10-09T06:25:25.008497508Z,9.426925,118.406382,Cloud to Cloud,19625,13229,14
2026-10-09T06:25:27.819928668Z,18.699236,125.174489,Cloud to Cloud,16031,3173,9
2026-10-09T06:25:27.821497545Z,18.71495,125.283155,Cloud to Cloud,-11068,3002,9
2026-10-09T06:25:27.825576670Z,18.729197,125.318459,Cloud to Ground,-10981,0,7
2026-10-09T06:25:29.835792468Z,11.767293,125.158464,Cloud to Ground,26607,0,8
2026-10-09T06:25:29.859077659Z,11.821941,125.015928,Cloud to Cloud,18794,6317,7
2026-10-09T06:25:31.105096465Z,8.067262,123.501636,Cloud to Cloud,10999,11712,10
2026-10-09T06:25:32.658440899Z,7.302108,130.774282,Cloud to Ground,-12426,0,10
2026-10-09T06:25:35.477606854Z,2.857742,112.92884,Cloud to Ground,-18070,0,14
2026-10-09T06:25:35.120479380Z,9.535851,118.385386,Cloud to Cloud,-10960,7706,8
2026-10-09T06:25:36.813842482Z,6.666802,125.287627,Cloud to Ground,18064,0,10
2026-10-09T06:25:37.113787149Z,7.993186,123.34915,Cloud to Ground,14089,0,10
2026-10-09T06:25:37.603428296Z,9.293042,117.971155,Cloud to Cloud,-17740,14997,8
2026-10-09T06:25:37.609948423Z,9.275808,117.972234,Cloud to Ground,-9890,0,11
2026-10-09T06:25:37.598269000Z,9.2262,117.9831,Cloud to Ground,2290,0,9
2026-10-09T06:25:37.841106026Z,9.905935,124.227826,Cloud to Cloud,-10946,3194,12
2026-10-09T06:25:37.776802266Z,3.342577,115.942429,Cloud to Ground,-24810,0,8
2026-10-09T06:25:37.448857196Z,1.497837,118.417117,Cloud to Ground,-11968,0,12
2026-10-09T06:25:38.227501723Z,12.340515,116.372513,Cloud to Cloud,-53122,6572,8
2026-10-09T06:25:38.228528472Z,12.341963,116.376352,Cloud to Cloud,-18888,4273,12
2026-10-09T06:25:38.259292198Z,12.294613,116.38208,Cloud to Ground,-17870,0,8
2026-10-09T06:25:38.228061395Z,12.352007,116.378986,Cloud to Cloud,-17019,3876,8
2026-10-09T06:25:38.745734673Z,12.410424,116.241798,Cloud to Ground,-101428,0,11
2026-10-09T06:25:38.907388624Z,12.421684,116.215538,Cloud to Cloud,-35052,5652,6
2026-10-09T06:25:38.802881353Z,12.422519,116.189936,Cloud to Cloud,-25806,3328,7
2026-10-09T06:25:38.815696225Z,12.423133,116.242084,Cloud to Cloud,-14967,6201,10
2026-10-09T06:25:38.843138112Z,12.43379,116.215999,Cloud to Ground,16225,0,7
2026-10-09T06:25:40.750606610Z,15.385819,111.31857,Cloud to Ground,27937,0,5
2026-10-09T06:25:41.072578754Z,3.170469,121.718096,Cloud to Ground,-70618,0,22
2026-10-09T06:25:41.243677958Z,3.156767,121.635889,Cloud to Ground,-11557,0,15
2026-10-09T06:25:41.447004071Z,3.187782,121.662295,Cloud to Ground,-8530,0,13
2026-10-09T06:25:41.515598626Z,3.172127,121.712974,Cloud to Ground,31500,0,23
2026-10-09T06:25:41.236823000Z,3.2538,121.5762,Cloud to Ground,5438,0,6
2026-10-09T06:25:44.724599036Z,7.019769,120.754242,Cloud to Ground,-18389,0,7
2026-10-09T06:25:44.728880012Z,7.014799,120.750058,Cloud to Ground,-10427,0,9
2026-10-09T06:25:44.375407000Z,9.48,118.5363,Cloud to Ground,2439,0,5
2026-10-09T06:25:46.470124577Z,15.568276,113.119844,Cloud to Ground,-14590,0,7
2026-10-09T06:25:48.205040000Z,7.9035,123.1206,Cloud to Ground,-17368,0,5
2026-10-09T06:25:48.001170000Z,7.8997,123.1373,Cloud to Ground,-7929,0,5
2026-10-09T06:25:47.950372050Z,7.860174,123.150866,Cloud to Ground,17491,0,10
2026-10-09T06:25:47.218041761Z,14.132009,112.873556,Cloud to Ground,-16082,0,12
2026-10-09T06:25:47.158304503Z,14.102236,112.791725,Cloud to Cloud,-8847,3102,8
2026-10-09T06:25:47.327760186Z,14.130848,112.882996,Cloud to Cloud,6471,5868,7
2026-10-09T06:25:49.635291824Z,9.494933,118.373587,Cloud to Cloud,-11415,7777,7
2026-10-09T06:25:49.555520136Z,1.44634,118.413742,Cloud to Ground,-15738,0,11
2026-10-09T06:25:51.165254117Z,8.258266,123.692539,Cloud to Ground,20552,0,16
2026-10-09T06:25:51.261599179Z,6.755824,125.305565,Cloud to Ground,-26338,0,22
2026-10-09T06:25:51.272638322Z,6.764572,125.314629,Cloud to Cloud,-17392,7023,16
2026-10-09T06:25:51.285157694Z,8.15618,123.789033,Cloud to Cloud,16520,13547,7
2026-10-09T06:25:53.104829757Z,9.628729,118.453117,Cloud to Ground,14820,0,7
2026-10-09T06:25:54.761088351Z,5.860163,117.125889,Cloud to Cloud,-22579,3045,12
2026-10-09T06:25:55.101967297Z,4.499972,116.229387,Cloud to Cloud,-42076,6799,29
2026-10-09T06:25:54.559335164Z,4.428255,116.224128,Cloud to Ground,-21463,0,8
2026-10-09T06:25:54.706266224Z,4.409958,116.21508,Cloud to Ground,-18594,0,10
2026-10-09T06:25:55.275331756Z,4.371275,116.14937,Cloud to Ground,-16034,0,16
2026-10-09T06:25:54.984298280Z,4.442252,116.140333,Cloud to Ground,-14294,0,7
2026-10-09T06:25:54.976190529Z,4.34647,116.204347,Cloud to Ground,-14176,0,10
2026-10-09T06:25:54.494956000Z,4.4308,116.1375,Cloud to Ground,-13128,0,5
2026-10-09T06:25:54.877625154Z,4.377723,116.160362,Cloud to Ground,-9621,0,9
2026-10-09T06:25:55.102918664Z,4.358958,116.236183,Cloud to Ground,27508,0,13
2026-10-09T06:25:55.379778945Z,4.420556,116.249481,Cloud to Ground,38901,0,20
2026-10-09T06:25:55.403860385Z,14.185128,112.94284,Cloud to Cloud,-21293,16426,8
2026-10-09T06:25:55.406281762Z,14.146083,112.896222,Cloud to Ground,20364,0,9
2026-10-09T06:25:55.646985593Z,11.303346,124.586364,Cloud to Ground,-16461,0,11
2026-10-09T06:25:55.394103000Z,11.2155,124.6164,Cloud to Ground,11209,0,5
2026-10-09T06:25:56.331801278Z,8.10249,125.278709,Cloud to Ground,18711,0,14
2026-10-09T06:25:57.103738587Z,8.759057,115.913156,Cloud to Cloud,16751,14784,7
2026-10-09T06:25:58.968410292Z,11.826326,125.179811,Cloud to Ground,25010,0,7
2026-10-09T06:26:00.742515875Z,12.347277,115.198673,Cloud to Ground,21793,0,7
2026-10-09T06:26:01.126353554Z,19.008909,110.322473,Cloud to Ground,-114471,0,16
2026-10-09T06:26:01.222807020Z,19.046477,110.323921,Cloud to Ground,-33379,0,7
2026-10-09T06:26:01.206718976Z,19.079472,110.311701,Cloud to Cloud,8616,17510,6
2026-10-09T06:26:02.053471285Z,8.399589,123.311853,Cloud to Ground,-53661,0,24
2026-10-09T06:26:02.647878657Z,7.943434,123.374802,Cloud to Ground,39151,0,16
2026-10-09T06:26:03.981836040Z,12.987884,111.525279,Cloud to Cloud,8049,6209,7
2026-10-09T06:26:03.983666123Z,12.989781,111.556823,Cloud to Ground,24826,0,6
2026-10-09T06:26:04.880434569Z,1.374567,118.620957,Cloud to Ground,-14103,0,12
2026-10-09T06:26:04.665647151Z,1.360702,118.487217,Cloud to Ground,12224,0,10
2026-10-09T06:26:04.205833297Z,13.019834,111.682267,Cloud to Ground,-38289,0,7
2026-10-09T06:26:04.524091951Z,11.824936,125.141811,Cloud to Ground,65520,0,20
2026-10-09T06:26:06.230338356Z,8.094264,125.305364,Cloud to Ground,-19124,0,24
2026-10-09T06:26:06.549019240Z,8.177481,125.239616,Cloud to Ground,-18893,0,24
2026-10-09T06:26:06.112508306Z,8.14789,125.195565,Cloud to Ground,-18596,0,32
2026-10-09T06:26:06.708915059Z,8.171339,125.228376,Cloud to Ground,-18138,0,19
2026-10-09T06:26:06.066826903Z,8.133038,125.267553,Cloud to Ground,-16381,0,10
2026-10-09T06:26:07.965702283Z,1.362856,118.457694,Cloud to Ground,-14513,0,10
2026-10-09T06:26:07.926773052Z,1.364659,118.452091,Cloud to Ground,-14180,0,11
2026-10-09T06:26:07.475780049Z,7.371163,130.751116,Cloud to Cloud,-28281,6418,21
2026-10-09T06:26:07.546358971Z,7.330019,130.621526,Cloud to Cloud,-20801,10519,21
2026-10-09T06:26:07.577521577Z,7.314763,130.611232,Cloud to Ground,-15478,0,19
2026-10-09T06:26:08.422447178Z,9.568444,118.373428,Cloud to Ground,-15599,0,11
2026-10-09T06:26:10.347007185Z,7.895579,123.133615,Cloud to Ground,9170,0,14
2026-10-09T06:26:10.778197620Z,7.804686,123.239964,Cloud to Cloud,11641,3001,10
2026-10-09T06:26:11.533502943Z,6.541664,124.484848,Cloud to Ground,-84281,0,36
2026-10-09T06:26:12.854277780Z,7.961046,123.375899,Cloud to Ground,23090,0,20
2026-10-09T06:26:13.243898257Z,2.806886,112.89683,Cloud to Ground,-14596,0,11
2026-10-09T06:26:13.782607000Z,8.2428,125.3043,Cloud to Ground,-25323,0,5
2026-10-09T06:26:14.960853370Z,9.27716,115.331849,Cloud to Cloud,-14984,6324,8
2026-10-09T06:26:14.932107600Z,9.36879,115.384696,Cloud to Cloud,-9092,17469,7
2026-10-09T06:26:14.929911204Z,9.36043,115.390736,Cloud to Ground,26707,0,6
2026-10-09T06:26:14.983734000Z,13.3258,132.2799,Cloud to Ground,-20328,0,6
2026-10-09T06:26:14.972728776Z,13.334311,132.321932,Cloud to Cloud,19127,11136,9
2026-10-09T06:26:14.971246732Z,13.299364,132.337024,Cloud to Ground,31545,0,18
2026-10-09T06:26:14.103900000Z,6.5293,124.5128,Cloud to Ground,-8613,0,12
2026-10-09T06:26:15.281899012Z,14.515678,130.858277,Cloud to Ground,-30507,0,12
2026-10-09T06:26:18.224473327Z,9.549549,118.372581,Cloud to Cloud,-8192,15693,7
2026-10-09T06:26:17.747076932Z,9.493592,118.37718,Cloud to Cloud,-6368,17735,7
2026-10-09T06:26:21.598279881Z,8.89943,115.875819,Cloud to Cloud,-13870,16642,6
2026-10-09T06:26:23.508903623Z,9.512442,118.44443,Cloud to Ground,37382,0,9
2026-10-09T06:26:24.277913957Z,8.098892,123.375318,Cloud to Ground,23633,0,9
2026-10-09T06:26:24.624919412Z,7.919581,123.394192,Cloud to Cloud,18375,4287,7
2026-10-09T06:26:24.445230774Z,9.578931,118.533018,Cloud to Ground,20880,0,7
2026-10-09T06:26:24.949450575Z,4.319373,116.221286,Cloud to Ground,-11976,0,7
2026-10-09T06:26:26.716990673Z,7.942769,123.375162,Cloud to Ground,25313,0,14
2026-10-09T06:26:26.604364300Z,7.527376,131.520633,Cloud to Ground,35166,0,18
2026-10-09T06:26:27.152310008Z,7.983544,123.18189,Cloud to Ground,-33318,0,18
2026-10-09T06:26:27.137209257Z,7.906547,123.230204,Cloud to Ground,-22266,0,11
2026-10-09T06:26:27.866646743Z,7.357566,131.691727,Cloud to Ground,-40836,0,15
2026-10-09T06:26:27.982419000Z,7.4597,131.6945,Cloud to Ground,-12044,0,5
2026-10-09T06:26:27.885140672Z,7.516362,131.650095,Cloud to Ground,12249,0,16
2026-10-09T06:26:27.908579733Z,7.441102,131.727708,Cloud to Ground,19295,0,15
2026-10-09T06:26:27.871386686Z,7.435631,131.707556,Cloud to Ground,76234,0,27
2026-10-09T06:26:28.642956883Z,13.15279,132.432961,Cloud to Ground,-22762,0,12
2026-10-09T06:26:28.276473290Z,13.212317,132.386909,Cloud to Cloud,-15705,3002,16
2026-10-09T06:26:29.128361199Z,7.882296,123.116851,Cloud to Cloud,-8009,5646,7
2026-10-09T06:26:29.179610736Z,7.943556,123.261812,Cloud to Cloud,17606,6048,9
2026-10-09T06:26:30.140831293Z,9.490773,118.399731,Cloud to Ground,-45394,0,10
2026-10-09T06:26:30.200064717Z,9.480203,118.402792,Cloud to Ground,-22733,0,10
2026-10-09T06:26:31.926155046Z,15.152574,110.78044,Cloud to Cloud,-20602,15803,9
2026-10-09T06:26:32.088480318Z,5.761491,117.940487,Cloud to Cloud,5422,5150,7
2026-10-09T06:26:33.577063477Z,7.898566,123.446564,Cloud to Cloud,-22372,4244,8
2026-10-09T06:26:33.562344978Z,7.997463,123.389087,Cloud to Ground,-44238,0,19
2026-10-09T06:26:33.650198087Z,8.065708,123.30392,Cloud to Ground,-34671,0,17
2026-10-09T06:26:33.698840317Z,8.063449,123.319712,Cloud to Ground,-21346,0,23
2026-10-09T06:26:33.584879554Z,8.058419,123.325376,Cloud to Ground,-17557,0,15
2026-10-09T06:26:33.871682526Z,8.006774,123.255697,Cloud to Ground,-17373,0,21
2026-10-09T06:26:33.755458212Z,8.072749,123.334553,Cloud to Ground,-15795,0,14
2026-10-09T06:26:34.454966809Z,8.355077,125.352007,Cloud to Ground,-46887,0,22
2026-10-09T06:26:34.519773571Z,8.34483,125.341524,Cloud to Ground,-15895,0,16
2026-10-09T06:26:35.994879286Z,5.567203,116.846386,Cloud to Ground,-19639,0,5
2026-10-09T06:26:36.025853772Z,5.568067,116.839339,Cloud to Ground,-11966,0,10
2026-10-09T06:26:36.718103379Z,8.022176,123.269396,Cloud to Cloud,-12342,15700,7
2026-10-09T06:26:36.809244233Z,7.931658,123.274281,Cloud to Ground,-16480,0,6
2026-10-09T06:26:36.502281266Z,2.819781,112.926363,Cloud to Ground,13399,0,6
2026-10-09T06:26:35.780691638Z,2.80821,112.934219,Cloud to Ground,17286,0,11
2026-10-09T06:26:36.261807452Z,2.815782,112.934675,Cloud to Ground,19941,0,12
2026-10-09T06:26:35.907602777Z,2.85236,112.947642,Cloud to Ground,25187,0,14
2026-10-09T06:26:36.096508606Z,2.874519,112.895826,Cloud to Ground,31160,0,8
2026-10-09T06:26:35.957750371Z,2.851506,112.929754,Cloud to Ground,31331,0,7
2026-10-09T06:26:36.095981443Z,2.821767,112.935412,Cloud to Ground,37099,0,17
2026-10-09T06:26:37.965993463Z,8.80873,117.374084,Cloud to Ground,9682,0,7
2026-10-09T06:26:38.991657679Z,1.241753,118.495878,Cloud to Ground,-12091,0,14
2026-10-09T06:26:38.594309194Z,8.749386,117.281171,Cloud to Ground,-41145,0,11
2026-10-09T06:26:38.683158208Z,8.830231,117.250615,Cloud to Ground,51089,0,8
2026-10-09T06:26:38.065441736Z,15.051971,111.679038,Cloud to Ground,-25735,0,11
2026-10-09T06:26:38.151232303Z,15.060935,111.538318,Cloud to Ground,-23214,0,7
2026-10-09T06:26:38.089610405Z,15.005472,111.583114,Cloud to Cloud,-8974,13397,7
2026-10-09T06:26:38.379024080Z,15.016596,111.660766,Cloud to Ground,-8353,0,10
2026-10-09T06:26:39.404350278Z,8.674309,125.401844,Cloud to Ground,-27421,0,19
2026-10-09T06:26:39.328891000Z,8.4927,125.3075,Cloud to Ground,27323,0,6
2026-10-09T06:26:42.842532697Z,15.361835,111.388961,Cloud to Ground,-10507,0,6
2026-10-09T06:26:42.552031358Z,15.367621,111.388129,Cloud to Cloud,-5227,12870,7
2026-10-09T06:26:43.602223078Z,9.495386,118.407082,Cloud to Cloud,-11973,3005,8
2026-10-09T06:26:43.093304954Z,9.439198,118.458832,Cloud to Ground,16946,0,12
2026-10-09T06:26:44.772390005Z,1.379007,118.453392,Cloud to Ground,-14307,0,13
2026-10-09T06:26:44.738282213Z,1.459698,118.445976,Cloud to Ground,16718,0,7
2026-10-09T06:26:45.627765545Z,10.594905,122.070543,Cloud to Cloud,-16756,8807,6
2026-10-09T06:26:46.516300710Z,8.034586,123.326929,Cloud to Cloud,13607,19273,8
2026-10-09T06:26:46.234463891Z,8.044059,123.331844,Cloud to Ground,14641,0,7
2026-10-09T06:26:48.119094868Z,14.963756,111.737754,Cloud to Ground,-15413,0,10
2026-10-09T06:26:48.151811266Z,15.062625,111.708647,Cloud to Ground,15971,0,7
2026-10-09T06:26:48.227741173Z,15.066466,111.684473,Cloud to Ground,25864,0,16
2026-10-09T06:26:48.095913906Z,14.874224,111.724914,Cloud to Cloud,-6610,11795,5
2026-10-09T06:26:49.468634908Z,1.356515,118.550813,Cloud to Ground,-11600,0,7
2026-10-09T06:26:50.725194949Z,9.546639,118.443039,Cloud to Cloud,-26255,5834,14
2026-10-09T06:26:50.971689056Z,9.492922,118.373723,Cloud to Cloud,6931,18922,6
2026-10-09T06:26:50.856909517Z,8.298554,132.465256,Cloud to Ground,21326,0,20
2026-10-09T06:26:54.424563459Z,15.064069,131.437412,Cloud to Cloud,-12680,3021,16
2026-10-09T06:26:54.422819317Z,15.030364,131.462602,Cloud to Cloud,24324,4371,7
2026-10-09T06:26:54.421442672Z,14.941783,131.445588,Cloud to Ground,32651,0,11
2026-10-09T06:26:55.132701141Z,12.323949,116.393454,Cloud to Ground,-27866,0,9
2026-10-09T06:26:55.219986959Z,12.35293,116.3902,Cloud to Cloud,-17168,3010,7
2026-10-09T06:26:55.258410772Z,12.322125,116.397606,Cloud to Cloud,-13709,18122,7
2026-10-09T06:26:55.310459911Z,12.348036,116.363719,Cloud to Cloud,11329,13681,5
2026-10-09T06:26:56.463326749Z,7.943112,123.956351,Cloud to Ground,17112,0,14
2026-10-09T06:26:56.464781089Z,8.018959,123.901577,Cloud to Ground,-21798,0,19
2026-10-09T06:26:57.398620737Z,8.30857,123.607869,Cloud to Ground,-20075,0,10
2026-10-09T06:26:57.141802516Z,8.226796,123.609501,Cloud to Ground,20965,0,17
2026-10-09T06:26:57.641814793Z,15.504506,113.029733,Cloud to Cloud,11815,3002,6
2026-10-09T06:26:58.879183614Z,1.369916,118.454972,Cloud to Ground,-22343,0,19
2026-10-09T06:26:58.742313628Z,1.381606,118.459583,Cloud to Ground,-12814,0,15
2026-10-09T06:26:58.840278891Z,1.401373,118.455133,Cloud to Ground,12069,0,11
2026-10-09T06:26:58.638806953Z,9.566123,118.363984,Cloud to Cloud,-15938,11540,10
2026-10-09T06:26:58.552745367Z,12.478144,115.198256,Cloud to Ground,-48643,0,8
2026-10-09T06:26:58.900233595Z,12.547046,115.222243,Cloud to Cloud,11685,3076,9
2026-10-09T06:26:58.777171818Z,12.522309,115.202853,Cloud to Cloud,14886,18832,6
2026-10-09T06:26:58.593061526Z,12.52435,115.200194,Cloud to Ground,20538,0,6
2026-10-09T06:26:58.523892077Z,12.352803,115.190212,Cloud to Ground,-19409,0,8
2026-10-09T06:26:58.159773248Z,11.771464,125.05714,Cloud to Ground,22171,0,8
2026-10-09T06:26:58.467793559Z,11.819235,125.113669,Cloud to Ground,24568,0,7
2026-10-09T06:26:59.936177165Z,9.466617,118.40141,Cloud to Cloud,-13988,8525,9
2026-10-09T06:26:59.749245127Z,9.648649,118.465568,Cloud to Ground,-38421,0,11
2026-10-09T06:26:59.675628371Z,9.647574,118.464634,Cloud to Ground,-25820,0,11
2026-10-09T06:26:59.780148194Z,9.695962,118.439389,Cloud to Cloud,25811,14919,7
2026-10-09T06:26:59.189054195Z,7.869079,123.251005,Cloud to Ground,17927,0,11
2026-10-09T06:26:59.918599819Z,11.526033,130.416009,Cloud to Ground,-19886,0,11
2026-10-09T06:26:59.919097260Z,11.524138,130.419431,Cloud to Ground,-19672,0,12
2026-10-09T06:27:00.074115271Z,11.536132,130.29092,Cloud to Ground,-14872,0,20
2026-10-09T06:26:59.971562281Z,11.541758,130.30375,Cloud to Ground,-13746,0,20
2026-10-09T06:26:59.935874000Z,11.5292,130.3707,Cloud to Ground,25877,0,5
2026-10-09T06:27:01.858115045Z,8.347903,125.327738,Cloud to Ground,-12368,0,7
2026-10-09T06:27:01.190188828Z,8.321834,125.324696,Cloud to Ground,-11250,0,7
2026-10-09T06:27:01.267122690Z,8.218102,125.312191,Cloud to Ground,-18484,0,22
2026-10-09T06:27:01.580745735Z,8.232579,125.348946,Cloud to Ground,19290,0,19
2026-10-09T06:27:01.644231484Z,9.029985,115.842346,Cloud to Cloud,-29606,15129,15
2026-10-09T06:27:01.147846591Z,8.403514,125.134572,Cloud to Ground,-23446,0,8
2026-10-09T06:27:01.345080809Z,11.136759,124.618503,Cloud to Ground,25130,0,12
2026-10-09T06:27:01.026496000Z,6.5196,124.4873,Cloud to Ground,-7405,0,6
2026-10-09T06:27:04.909920058Z,9.457108,118.401772,Cloud to Ground,-26228,0,13
2026-10-09T06:27:04.845295000Z,9.465,118.3893,Cloud to Ground,20940,0,8
2026-10-09T06:27:06.774809349Z,6.702545,125.255352,Cloud to Cloud,-18463,12857,16
2026-10-09T06:27:06.668157594Z,6.757044,125.274665,Cloud to Ground,-16880,0,16
2026-10-09T06:27:06.612525728Z,9.547551,118.37169,Cloud to Ground,11264,0,7
2026-10-09T06:27:07.314064165Z,9.47671,118.522793,Cloud to Cloud,10049,3009,6
2026-10-09T06:27:07.273020845Z,2.889933,112.879873,Cloud to Ground,-12843,0,7
2026-10-09T06:27:08.129396826Z,13.382092,132.22402,Cloud to Ground,-13838,0,7
2026-10-09T06:27:08.131480256Z,13.354158,132.185931,Cloud to Cloud,-13692,8898,10
2026-10-09T06:27:08.133594422Z,13.30717,132.289242,Cloud to Ground,-13626,0,9
2026-10-09T06:27:08.127169106Z,13.294427,132.310031,Cloud to Ground,27100,0,8
2026-10-09T06:27:09.443204472Z,8.125013,123.391453,Cloud to Ground,-24003,0,14
2026-10-09T06:27:09.443956042Z,8.020943,123.36848,Cloud to Ground,26562,0,15
2026-10-09T06:27:10.933704002Z,7.763464,123.099788,Cloud to Ground,19943,0,7
2026-10-09T06:27:11.541874433Z,9.545778,118.345484,Cloud to Ground,-13645,0,11
2026-10-09T06:27:11.387029782Z,7.77167,122.959444,Cloud to Ground,-30651,0,18
2026-10-09T06:27:11.404186833Z,7.788204,122.959069,Cloud to Ground,10763,0,17
2026-10-09T06:27:11.388255340Z,7.767123,122.952226,Cloud to Ground,14035,0,12
2026-10-09T06:27:11.662763912Z,4.450978,116.157877,Cloud to Ground,-23354,0,20
2026-10-09T06:27:11.622391126Z,4.37537,116.180128,Cloud to Ground,-19537,0,19
2026-10-09T06:27:11.672415580Z,4.457021,116.175274,Cloud to Ground,-13343,0,12
2026-10-09T06:27:11.950629168Z,4.349048,116.237229,Cloud to Ground,-10275,0,9
2026-10-09T06:27:11.808704827Z,7.319198,130.736214,Cloud to Ground,-19853,0,11
2026-10-09T06:27:11.838652404Z,7.305458,130.758413,Cloud to Ground,-13798,0,12
2026-10-09T06:27:11.837381752Z,7.308798,130.754913,Cloud to Cloud,-8842,17202,8
2026-10-09T06:27:12.010214013Z,7.362253,130.736623,Cloud to Cloud,12208,19268,8
2026-10-09T06:27:12.259305209Z,7.299464,130.753761,Cloud to Ground,16604,0,10
2026-10-09T06:27:12.233514595Z,7.091564,131.018591,Cloud to Ground,-20794,0,18
2026-10-09T06:27:14.349795825Z,15.037547,111.660224,Cloud to Ground,-20320,0,12
2026-10-09T06:27:16.694194245Z,8.078928,123.315902,Cloud to Ground,-38661,0,20
2026-10-09T06:27:16.815746060Z,8.011646,123.305137,Cloud to Ground,-17403,0,21
2026-10-09T06:27:17.467228784Z,7.88689,123.352875,Cloud to Ground,-24381,0,13
2026-10-09T06:27:17.749971779Z,7.895195,123.418565,Cloud to Ground,18487,0,8
2026-10-09T06:27:18.613787715Z,18.702833,123.449502,Cloud to Ground,-44694,0,12
2026-10-09T06:27:18.681412743Z,18.717383,123.464037,Cloud to Ground,-9001,0,6
2026-10-09T06:27:18.710992285Z,18.731016,123.38244,Cloud to Cloud,-8717,14773,7
2026-10-09T06:27:18.678620269Z,18.714399,123.425373,Cloud to Cloud,3782,15446,5
2026-10-09T06:27:22.566030323Z,6.449968,124.414304,Cloud to Ground,-9850,0,10
2026-10-09T06:27:22.539857309Z,6.377832,124.43664,Cloud to Ground,13597,0,8
2026-10-09T06:27:22.546958327Z,6.400029,124.384837,Cloud to Ground,19582,0,11
2026-10-09T06:27:22.540775868Z,6.37391,124.448889,Cloud to Ground,34199,0,24
2026-10-09T06:27:22.602626245Z,9.631556,118.428411,Cloud to Cloud,-8998,17114,6
2026-10-09T06:27:22.803207059Z,7.93899,123.162809,Cloud to Cloud,-13256,12977,10
2026-10-09T06:27:22.699986586Z,7.888291,123.303934,Cloud to Ground,15116,0,10
2026-10-09T06:27:22.487159397Z,4.35225,116.023554,Cloud to Ground,11088,0,7
2026-10-09T06:27:23.203970795Z,8.667879,132.643145,Cloud to Ground,-72007,0,30
2026-10-09T06:27:23.439014108Z,8.657805,132.663134,Cloud to Ground,-22358,0,35
2026-10-09T06:27:23.428791174Z,8.646586,132.676166,Cloud to Cloud,11601,15732,14
2026-10-09T06:27:23.467110016Z,8.640017,132.803087,Cloud to Ground,13810,0,7
2026-10-09T06:27:25.581425031Z,1.350769,118.427125,Cloud to Ground,-23827,0,14
2026-10-09T06:27:25.453335743Z,1.352912,118.424562,Cloud to Ground,-19558,0,18
2026-10-09T06:27:25.583292694Z,1.361311,118.418359,Cloud to Ground,-15713,0,11
2026-10-09T06:27:25.540932270Z,1.357249,118.43757,Cloud to Ground,-13765,0,17
2026-10-09T06:27:25.472077874Z,1.353585,118.428148,Cloud to Ground,-13755,0,11
2026-10-09T06:27:25.641555186Z,6.482095,124.39256,Cloud to Ground,55565,0,23
2026-10-09T06:27:25.961725769Z,6.712585,125.398075,Cloud to Ground,-33329,0,18
2026-10-09T06:27:26.124326392Z,6.713111,125.359771,Cloud to Ground,-13704,0,19
2026-10-09T06:27:27.722335854Z,8.299232,125.297679,Cloud to Ground,-16257,0,9
2026-10-09T06:27:27.691050859Z,9.571373,118.39785,Cloud to Cloud,-16255,6269,7
2026-10-09T06:27:28.316108788Z,2.847971,112.912314,Cloud to Ground,-18987,0,6
2026-10-09T06:27:29.953213296Z,9.081731,125.95302,Cloud to Cloud,-9691,5681,6
2026-10-09T06:27:29.444488024Z,9.348795,118.490045,Cloud to Cloud,-17849,4997,5
2026-10-09T06:27:30.419170514Z,1.361678,118.455342,Cloud to Cloud,-11741,4759,19
2026-10-09T06:27:30.524659470Z,1.373175,118.447939,Cloud to Ground,18413,0,12
2026-10-09T06:27:30.527719769Z,11.617218,125.107111,Cloud to Cloud,-12483,4784,8
2026-10-09T06:27:30.518498740Z,11.560519,125.145088,Cloud to Cloud,46423,17736,9
2026-10-09T06:27:31.378088142Z,9.13957,118.036319,Cloud to Cloud,38209,3013,8
2026-10-09T06:27:31.379053929Z,9.223955,117.985744,Cloud to Ground,24952,0,12
2026-10-09T06:27:33.347340865Z,11.794008,125.162492,Cloud to Cloud,-17354,5178,7
2026-10-09T06:27:33.397716276Z,11.772669,125.091012,Cloud to Cloud,8732,4848,6
2026-10-09T06:27:33.366047672Z,11.749001,125.100171,Cloud to Cloud,10907,12772,8
2026-10-09T06:27:33.206251629Z,11.817044,125.047362,Cloud to Ground,20267,0,10
2026-10-09T06:27:34.476835517Z,9.462451,118.398097,Cloud to Ground,-21619,0,9
2026-10-09T06:27:34.566550155Z,9.460592,118.395899,Cloud to Ground,-13931,0,7
2026-10-09T06:27:35.682817393Z,12.346944,115.196924,Cloud to Cloud,20274,7410,7
2026-10-09T06:27:35.678222741Z,12.495949,115.202254,Cloud to Cloud,-21350,15026,11
2026-10-09T06:27:35.712219520Z,12.484004,115.117974,Cloud to Cloud,11201,17644,8
2026-10-09T06:27:35.675591940Z,12.544634,115.18831,Cloud to Cloud,12859,14140,6
2026-10-09T06:27:36.417420057Z,8.058898,123.425017,Cloud to Ground,25769,0,6
2026-10-09T06:27:38.720003889Z,9.731798,118.424224,Cloud to Cloud,20560,4826,8
2026-10-09T06:27:40.441714989Z,4.320405,116.208399,Cloud to Ground,-9594,0,11
2026-10-09T06:27:40.966824027Z,7.300144,130.651234,Cloud to Cloud,12300,12720,8
2026-10-09T06:27:40.974548453Z,7.294854,130.781563,Cloud to Ground,16058,0,16
2026-10-09T06:27:40.061917933Z,12.299419,116.397503,Cloud to Ground,-13847,0,10
2026-10-09T06:27:43.885286000Z,9.5685,118.5242,Cloud to Ground,33474,0,7
2026-10-09T06:27:43.155288684Z,14.815361,112.181325,Cloud to Cloud,-43827,3469,10
2026-10-09T06:27:43.152831137Z,14.812528,112.139483,Cloud to Ground,12728,0,7
2026-10-09T06:27:43.153598709Z,14.822001,112.184279,Cloud to Cloud,23426,3109,10
2026-10-09T06:27:44.370875757Z,0.109922,113.708142,Cloud to Ground,-30510,0,18
2026-10-09T06:27:43.977821442Z,9.548388,118.345769,Cloud to Cloud,-17615,4102,14
2026-10-09T06:27:44.298546259Z,9.563604,118.357724,Cloud to Ground,-14083,0,10
2026-10-09T06:27:44.500221011Z,15.372478,113.302779,Cloud to Cloud,-12487,12826,7
2026-10-09T06:27:44.503518225Z,15.383269,113.28151,Cloud to Cloud,-5780,15974,6
2026-10-09T06:27:44.169123127Z,15.286105,113.208419,Cloud to Ground,13121,0,10
2026-10-09T06:27:45.262448216Z,13.032243,111.652616,Cloud to Ground,39549,0,24
2026-10-09T06:27:46.545639871Z,6.264046,124.600432,Cloud to Cloud,-13103,4123,29
2026-10-09T06:27:46.698481562Z,6.218929,124.69273,Cloud to Cloud,23707,6636,12
2026-10-09T06:27:46.543372423Z,6.231097,124.699829,Cloud to Ground,28976,0,11
2026-10-09T06:27:46.546377360Z,6.230651,124.697597,Cloud to Ground,39804,0,21
2026-10-09T06:27:46.010005492Z,8.108588,125.264184,Cloud to Ground,15687,0,12
2026-10-09T06:27:46.597287207Z,18.706704,125.291845,Cloud to Ground,-23513,0,13
2026-10-09T06:27:46.595129929Z,18.709746,125.274732,Cloud to Cloud,3463,16895,6
2026-10-09T06:27:46.606489420Z,18.70107,125.286601,Cloud to Cloud,3649,18516,7
2026-10-09T06:27:46.602926871Z,18.715335,125.325382,Cloud to Cloud,19259,3735,12
2026-10-09T06:27:46.598107077Z,18.693184,125.106689,Cloud to Cloud,14585,3034,12
2026-10-09T06:27:48.139380712Z,7.88421,123.411782,Cloud to Cloud,15662,6948,8
2026-10-09T06:27:48.281709030Z,7.9602,123.35785,Cloud to Cloud,-13727,6314,17
2026-10-09T06:27:48.065694277Z,7.955518,123.346973,Cloud to Ground,10306,0,11
2026-10-09T06:27:48.084116859Z,7.967274,123.36037,Cloud to Ground,19922,0,10
2026-10-09T06:27:48.274610763Z,7.957956,123.351777,Cloud to Ground,20753,0,14
2026-10-09T06:27:49.857396820Z,3.221419,121.722193,Cloud to Ground,-36148,0,27
2026-10-09T06:27:49.753818586Z,3.216533,121.708562,Cloud to Ground,-28021,0,26
2026-10-09T06:27:49.731594379Z,3.198905,121.693883,Cloud to Ground,-14406,0,14
2026-10-09T06:27:49.730704110Z,3.228253,121.725733,Cloud to Ground,-13830,0,8
2026-10-09T06:27:50.397627624Z,3.30514,121.689819,Cloud to Ground,-11554,0,13
2026-10-09T06:27:49.886935021Z,3.223782,121.717331,Cloud to Ground,19492,0,7
2026-10-09T06:27:51.620967098Z,8.347783,125.348645,Cloud to Ground,-30515,0,19
2026-10-09T06:27:51.546403234Z,8.26336,125.360653,Cloud to Ground,-21582,0,18
2026-10-09T06:27:51.360013822Z,8.260058,125.37033,Cloud to Ground,-17159,0,20
2026-10-09T06:27:51.502128521Z,8.262099,125.381085,Cloud to Ground,24903,0,12
2026-10-09T06:27:51.284674000Z,8.2584,125.3528,Cloud to Ground,33136,0,5
2026-10-09T06:27:51.464416211Z,8.324088,125.319907,Cloud to Ground,43430,0,12
2026-10-09T06:27:51.106402950Z,9.411576,118.418314,Cloud to Ground,27513,0,10
2026-10-09T06:27:51.269224988Z,7.51156,131.646699,Cloud to Ground,-50290,0,36
2026-10-09T06:27:51.363701279Z,7.420074,131.689453,Cloud to Ground,-46859,0,27
2026-10-09T06:27:51.323596500Z,7.444761,131.67069,Cloud to Ground,-44297,0,27
2026-10-09T06:27:51.707590188Z,7.45426,131.619482,Cloud to Ground,12385,0,7
2026-10-09T06:27:51.412998792Z,7.421177,131.659413,Cloud to Ground,13706,0,12
2026-10-09T06:27:51.418235838Z,7.446896,131.725883,Cloud to Ground,15343,0,13
2026-10-09T06:27:51.414769188Z,7.424412,131.671306,Cloud to Ground,15669,0,17
2026-10-09T06:27:51.668103030Z,2.824213,112.927011,Cloud to Ground,-19402,0,12
2026-10-09T06:27:51.688102268Z,2.830488,112.935008,Cloud to Ground,37529,0,17
2026-10-09T06:27:52.289762447Z,2.804477,112.929124,Cloud to Ground,37827,0,20
2026-10-09T06:27:55.991498736Z,9.405104,118.474628,Cloud to Cloud,13697,15530,7
2026-10-09T06:27:55.820777759Z,9.532246,118.429122,Cloud to Cloud,16113,7657,7
2026-10-09T06:27:55.959702853Z,1.266393,118.329573,Cloud to Ground,-17378,0,16
2026-10-09T06:27:55.685476620Z,1.399743,118.414876,Cloud to Ground,-12908,0,8
2026-10-09T06:27:56.157970602Z,1.355594,118.434065,Cloud to Ground,-11891,0,13
2026-10-09T06:27:55.264655693Z,10.660325,122.13945,Cloud to Cloud,20328,6436,7
2026-10-09T06:27:58.762264967Z,9.095755,115.665194,Cloud to Cloud,-36639,15587,14
2026-10-09T06:27:57.908435757Z,8.962318,115.858059,Cloud to Ground,-24564,0,8
2026-10-09T06:27:58.764133821Z,9.086695,115.666435,Cloud to Cloud,-23526,18366,14
2026-10-09T06:27:58.137888706Z,8.988515,115.749442,Cloud to Ground,-22124,0,13
2026-10-09T06:27:58.773244132Z,9.050804,115.684496,Cloud to Ground,-18345,0,7
2026-10-09T06:27:58.255607343Z,8.975311,115.760582,Cloud to Ground,-16213,0,15
2026-10-09T06:27:57.623606146Z,9.011984,115.827893,Cloud to Cloud,-15049,3282,10
2026-10-09T06:27:57.580629643Z,9.01067,115.83982,Cloud to Cloud,-14326,8941,10
2026-10-09T06:27:57.546418922Z,9.044617,115.822573,Cloud to Cloud,-13422,18788,10
2026-10-09T06:27:57.664323329Z,8.94724,115.858002,Cloud to Ground,-13417,0,12
2026-10-09T06:27:58.258276447Z,8.969806,115.767592,Cloud to Ground,-13385,0,7
2026-10-09T06:27:58.761525871Z,9.039086,115.601083,Cloud to Ground,16742,0,8
2026-10-09T06:27:58.497942140Z,9.017925,115.862189,Cloud to Ground,21279,0,9
2026-10-09T06:27:58.337198000Z,8.9864,115.8277,Cloud to Ground,39670,0,5
2026-10-09T06:27:58.240398961Z,7.995914,123.345742,Cloud to Ground,-24895,0,11
2026-10-09T06:27:58.622652971Z,17.713019,123.220053,Cloud to Cloud,-9927,4919,7
2026-10-09T06:27:58.555303400Z,17.633116,123.364018,Cloud to Ground,-61356,0,16
2026-10-09T06:27:58.586411385Z,17.637557,123.369612,Cloud to Ground,-26089,0,12
2026-10-09T06:27:58.577192482Z,17.639059,123.369994,Cloud to Ground,-23295,0,15
2026-10-09T06:27:58.673006625Z,17.633074,123.318986,Cloud to Ground,-14919,0,15
2026-10-09T06:28:00.625173415Z,9.499913,118.412361,Cloud to Ground,-16809,0,9
2026-10-09T06:28:00.234632596Z,5.514089,116.824924,Cloud to Ground,6389,0,6
2026-10-09T06:28:00.719283005Z,8.50882,132.577149,Cloud to Ground,43720,0,24
2026-10-09T06:28:00.720256719Z,8.512501,132.476634,Cloud to Ground,-23412,0,29
2026-10-09T06:28:01.125246454Z,8.781887,117.219127,Cloud to Cloud,-17901,13693,9
2026-10-09T06:28:01.128218474Z,8.818704,117.197773,Cloud to Cloud,-11288,9021,9
2026-10-09T06:28:01.130278073Z,8.831871,117.189922,Cloud to Ground,-11202,0,11
2026-10-09T06:28:01.126642514Z,8.750621,117.210363,Cloud to Cloud,16366,19434,10
2026-10-09T06:28:02.138403081Z,9.639011,118.456361,Cloud to Ground,-36575,0,9
2026-10-09T06:28:01.886257020Z,9.623062,118.470616,Cloud to Ground,-35225,0,10
2026-10-09T06:28:01.964289630Z,9.721578,118.443241,Cloud to Ground,-20611,0,12
2026-10-09T06:28:02.016419599Z,9.622468,118.712012,Cloud to Ground,-14225,0,16
2026-10-09T06:28:02.037392786Z,9.600491,118.754447,Cloud to Ground,-12431,0,14
2026-10-09T06:28:02.210584000Z,9.8225,118.3713,Cloud to Ground,-49661,0,6
2026-10-09T06:28:04.171541917Z,7.946766,123.312722,Cloud to Ground,17809,0,12
2026-10-09T06:28:03.967289678Z,7.918046,123.347365,Cloud to Ground,18020,0,7
2026-10-09T06:28:04.891779567Z,8.160468,125.080604,Cloud to Ground,14931,0,12
2026-10-09T06:28:04.795392766Z,7.94547,131.437122,Cloud to Ground,-25404,0,22
2026-10-09T06:28:04.011957401Z,11.82475,125.160245,Cloud to Ground,54300,0,8
2026-10-09T06:28:04.791151512Z,11.632833,125.160161,Cloud to Cloud,-40315,7978,10
2026-10-09T06:28:04.765475540Z,11.896437,125.075058,Cloud to Ground,-78434,0,10
2026-10-09T06:28:04.849957074Z,11.835336,125.14598,Cloud to Ground,-52736,0,9
2026-10-09T06:28:04.792179423Z,11.842512,125.139502,Cloud to Ground,-39206,0,10
2026-10-09T06:28:08.042780857Z,7.983075,123.48111,Cloud to Ground,12411,0,10
2026-10-09T06:28:08.868523487Z,9.53055,118.4121,Cloud to Cloud,-13622,16319,7
2026-10-09T06:28:09.494849704Z,9.14535,115.374527,Cloud to Cloud,13528,15670,12
2026-10-09T06:28:09.514343119Z,9.420493,115.362268,Cloud to Cloud,-15404,14813,10
2026-10-09T06:28:09.492107036Z,9.350438,115.383539,Cloud to Cloud,11047,15488,14
2026-10-09T06:28:10.920992761Z,6.890431,121.066237,Cloud to Ground,22484,0,10
2026-10-09T06:28:11.619005806Z,1.414819,118.410087,Cloud to Cloud,-9576,3004,10
2026-10-09T06:28:12.174454029Z,15.357558,111.372463,Cloud to Ground,-42259,0,15
2026-10-09T06:28:12.177705697Z,15.305136,111.235293,Cloud to Ground,14109,0,10
2026-10-09T06:28:13.305831228Z,9.670306,118.43889,Cloud to Cloud,-24072,6273,8
2026-10-09T06:28:13.483891930Z,9.708169,118.441461,Cloud to Cloud,-14438,8322,8
2026-10-09T06:28:13.247017371Z,9.69563,118.431182,Cloud to Cloud,-13394,13436,10
2026-10-09T06:28:13.434484926Z,15.179957,110.786829,Cloud to Cloud,-28536,6940,6
2026-10-09T06:28:14.706430090Z,9.461788,118.416186,Cloud to Ground,28548,0,14
2026-10-09T06:28:14.813550039Z,9.45445,118.435712,Cloud to Ground,52805,0,15
2026-10-09T06:28:15.442967266Z,8.064912,123.317756,Cloud to Ground,-40281,0,20
2026-10-09T06:28:15.310141333Z,8.080169,123.346234,Cloud to Ground,-32660,0,18
2026-10-09T06:28:15.997829689Z,8.059766,123.316212,Cloud to Ground,-26506,0,22
2026-10-09T06:28:15.379079194Z,7.991578,123.375839,Cloud to Ground,-20392,0,20
2026-10-09T06:28:15.495024522Z,8.01026,123.360124,Cloud to Ground,-17289,0,11
2026-10-09T06:28:16.110127996Z,8.071579,123.319441,Cloud to Ground,-14976,0,11
2026-10-09T06:28:15.657855933Z,8.074072,123.359658,Cloud to Ground,-14914,0,10
2026-10-09T06:28:15.731899862Z,8.072826,123.359079,Cloud to Ground,-10243,0,8
2026-10-09T06:28:15.076101298Z,7.973445,123.283288,Cloud to Cloud,-9308,7906,17
2026-10-09T06:28:15.878061376Z,7.991076,123.373095,Cloud to Ground,17880,0,9
2026-10-09T06:28:15.658341146Z,7.975651,123.373731,Cloud to Ground,19647,0,12
2026-10-09T06:28:15.812618000Z,8.0116,123.3572,Cloud to Ground,43929,0,8
2026-10-09T06:28:15.576897000Z,8.1358,123.5514,Cloud to Ground,-21841,0,5
2026-10-09T06:28:16.382159122Z,9.520353,118.358292,Cloud to Cloud,-13535,6625,11
2026-10-09T06:28:18.442239871Z,4.369044,116.153698,Cloud to Ground,-14983,0,13
2026-10-09T06:28:18.052545945Z,4.416378,116.208248,Cloud to Cloud,-14147,16000,10
2026-10-09T06:28:18.259095287Z,7.324384,130.658758,Cloud to Cloud,11507,6316,19
2026-10-09T06:28:18.178870511Z,7.288359,130.639214,Cloud to Cloud,13679,3108,8
2026-10-09T06:28:19.852393933Z,7.98396,123.114632,Cloud to Ground,-13258,0,12
2026-10-09T06:28:19.689759484Z,8.008974,123.162757,Cloud to Cloud,-10629,19222,15
2026-10-09T06:28:19.877763958Z,7.916872,123.154427,Cloud to Ground,13143,0,11
2026-10-09T06:28:19.376318269Z,7.943823,123.082166,Cloud to Ground,13617,0,10
2026-10-09T06:28:19.960086594Z,12.374708,115.182147,Cloud to Ground,-15783,0,8
2026-10-09T06:28:20.589006364Z,8.310773,123.314383,Cloud to Ground,-59530,0,29
2026-10-09T06:28:20.813194618Z,8.225341,123.406997,Cloud to Ground,-25389,0,16
2026-10-09T06:28:19.974436889Z,12.513355,115.201383,Cloud to Ground,-41157,0,11
2026-10-09T06:28:20.262309325Z,12.500139,115.192331,Cloud to Ground,24540,0,8
2026-10-09T06:28:20.122633814Z,12.522066,115.19911,Cloud to Ground,42127,0,16
2026-10-09T06:28:20.059935927Z,12.513453,115.18999,Cloud to Ground,76205,0,14
2026-10-09T06:28:23.325167732Z,8.246908,125.346575,Cloud to Ground,-20732,0,14
2026-10-09T06:28:23.143782214Z,8.224126,125.40875,Cloud to Ground,-17783,0,10
2026-10-09T06:28:22.939185901Z,8.24138,125.400507,Cloud to Ground,16457,0,10
2026-10-09T06:28:24.247798016Z,15.275973,113.161536,Cloud to Cloud,-19383,5551,7
2026-10-09T06:28:24.631240264Z,12.348087,116.410865,Cloud to Ground,-23726,0,7
2026-10-09T06:28:25.114838930Z,1.329333,118.358854,Cloud to Ground,-16992,0,11
2026-10-09T06:28:26.091481848Z,14.096989,112.742886,Cloud to Ground,13695,0,9
2026-10-09T06:28:26.085785046Z,14.134491,112.763123,Cloud to Ground,28224,0,6
2026-10-09T06:28:28.589119929Z,9.562794,118.369095,Cloud to Ground,-12978,0,10
2026-10-09T06:28:29.218619130Z,8.066062,123.294767,Cloud to Ground,-17024,0,7
2026-10-09T06:28:30.373637625Z,7.258141,120.894554,Cloud to Ground,-24436,0,20
2026-10-09T06:28:30.337463863Z,7.331171,120.91524,Cloud to Cloud,-15926,3021,19
2026-10-09T06:28:30.338278056Z,7.249226,120.984266,Cloud to Ground,19743,0,10
2026-10-09T06:28:35.071567594Z,14.487367,130.849528,Cloud to Cloud,-8043,13470,7
2026-10-09T06:28:35.065538938Z,14.453603,130.864011,Cloud to Ground,43581,0,16
2026-10-09T06:28:37.469821954Z,7.944981,123.400588,Cloud to Ground,-12539,0,11
2026-10-09T06:28:38.927839325Z,7.832552,123.194515,Cloud to Ground,-19281,0,7
2026-10-09T06:28:38.429152673Z,9.53788,118.435468,Cloud to Ground,-13810,0,6
2026-10-09T06:28:38.636427153Z,9.480821,118.377962,Cloud to Ground,36263,0,10
2026-10-09T06:28:38.241224013Z,12.103179,121.197535,Cloud to Cloud,14135,10141,7
2026-10-09T06:28:38.377172647Z,12.110187,121.16075,Cloud to Cloud,14393,14525,7
2026-10-09T06:28:39.009643561Z,7.930766,123.140447,Cloud to Ground,-14428,0,12
2026-10-09T06:28:39.405858316Z,9.740628,118.415809,Cloud to Cloud,-11241,3423,8
2026-10-09T06:28:39.157459872Z,12.362131,116.280031,Cloud to Cloud,-15114,7367,7
2026-10-09T06:28:39.151722115Z,12.410018,116.229161,Cloud to Cloud,-14939,3239,7
2026-10-09T06:28:39.172276649Z,12.437568,116.225077,Cloud to Ground,-8608,0,6
2026-10-09T06:28:42.602144438Z,6.578244,124.465186,Cloud to Cloud,-11261,8658,6
2026-10-09T06:28:43.782238443Z,8.068086,123.292226,Cloud to Ground,-22725,0,15
2026-10-09T06:28:43.818937029Z,8.068738,123.305103,Cloud to Cloud,-13552,19991,11
2026-10-09T06:28:43.714531230Z,8.008343,123.346631,Cloud to Ground,18472,0,17
2026-10-09T06:28:43.586895793Z,8.00245,123.341474,Cloud to Ground,20520,0,18
2026-10-09T06:28:43.701738100Z,7.992754,123.334908,Cloud to Ground,25839,0,19
2026-10-09T06:28:44.830174239Z,8.314967,125.299824,Cloud to Ground,-71121,0,22
2026-10-09T06:28:44.632292334Z,8.316635,125.324963,Cloud to Ground,-57660,0,32
2026-10-09T06:28:44.735005860Z,8.310296,125.308339,Cloud to Ground,-28834,0,21
2026-10-09T06:28:45.963509646Z,13.385353,132.286479,Cloud to Ground,24689,0,16
2026-10-09T06:28:45.961615934Z,13.309568,132.347782,Cloud to Ground,19032,0,13
2026-10-09T06:28:46.712128387Z,9.483279,118.425171,Cloud to Ground,-21982,0,10
2026-10-09T06:28:46.775352300Z,11.834751,125.132607,Cloud to Ground,30838,0,10
2026-10-09T06:28:46.785722423Z,17.651573,123.379103,Cloud to Cloud,-8533,4363,7
2026-10-09T06:28:47.441002742Z,9.500846,118.389035,Cloud to Ground,18194,0,7
2026-10-09T06:28:47.090132698Z,11.742728,125.069365,Cloud to Cloud,11679,5269,9
2026-10-09T06:28:48.712310541Z,7.943242,123.389494,Cloud to Ground,16765,0,11
2026-10-09T06:28:48.676093412Z,7.93398,123.37947,Cloud to Ground,16793,0,13
2026-10-09T06:28:48.951685000Z,8.1372,125.471,Cloud to Ground,-21323,0,6
2026-10-09T06:28:49.027928879Z,8.320453,125.362679,Cloud to Ground,-30356,0,22
2026-10-09T06:28:50.409146810Z,7.906738,123.458013,Cloud to Ground,-25847,0,21
2026-10-09T06:28:50.505462979Z,7.904766,123.480587,Cloud to Ground,48429,0,12
2026-10-09T06:28:50.203360505Z,7.998657,123.422108,Cloud to Ground,-36976,0,18
2026-10-09T06:28:52.729052861Z,0.101198,113.689091,Cloud to Cloud,-14333,3728,11
2026-10-09T06:28:52.457712112Z,6.498976,124.399769,Cloud to Ground,19475,0,8
2026-10-09T06:28:53.479987000Z,15.5639,113.0476,Cloud to Ground,19686,0,6
2026-10-09T06:28:54.465761285Z,7.859051,123.411823,Cloud to Ground,30968,0,16
2026-10-09T06:28:54.490294560Z,7.949351,123.360585,Cloud to Ground,13253,0,11
2026-10-09T06:28:54.632212351Z,1.449122,118.437367,Cloud to Ground,-20073,0,12
2026-10-09T06:28:54.792452808Z,1.369903,118.440369,Cloud to Ground,-15235,0,7
2026-10-09T06:28:54.780154943Z,9.473379,118.385189,Cloud to Cloud,-10390,7986,7
2026-10-09T06:28:54.771432362Z,8.669593,125.426556,Cloud to Ground,-27181,0,14
2026-10-09T06:28:54.771904758Z,8.448358,125.448633,Cloud to Cloud,-23036,3002,10
2026-10-09T06:28:55.145014531Z,6.452379,124.659869,Cloud to Ground,15850,0,18
2026-10-09T06:28:55.142853228Z,6.462312,124.672549,Cloud to Ground,27437,0,15
2026-10-09T06:28:55.273042274Z,2.768878,112.775609,Cloud to Ground,25340,0,13
2026-10-09T06:28:55.271307373Z,3.000071,112.823712,Cloud to Ground,52558,0,17
2026-10-09T06:28:55.397935679Z,8.642643,132.802439,Cloud to Ground,-18638,0,11
2026-10-09T06:28:55.459136757Z,8.652479,132.822794,Cloud to Cloud,-14673,3406,12
2026-10-09T06:28:55.408383000Z,8.6871,132.7192,Cloud to Ground,-46716,0,8
2026-10-09T06:28:56.894534406Z,5.920249,117.088654,Cloud to Ground,-12260,0,9
2026-10-09T06:28:57.551833175Z,6.72397,125.264353,Cloud to Cloud,-14136,16510,12
2026-10-09T06:28:58.201948101Z,9.463085,118.389685,Cloud to Ground,-14823,0,12
2026-10-09T06:28:58.134055000Z,9.4742,118.4461,Cloud to Ground,13677,0,7
2026-10-09T06:28:58.202703905Z,9.479528,118.421802,Cloud to Ground,21531,0,8
2026-10-09T06:28:58.078175582Z,9.53146,118.385027,Cloud to Cloud,27535,3426,8
2026-10-09T06:29:00.360479602Z,3.09938,121.621515,Cloud to Cloud,-20704,11658,24
2026-10-09T06:29:00.438373301Z,3.126076,121.606597,Cloud to Ground,-7505,0,8
2026-10-09T06:29:00.344302500Z,3.12667,121.639468,Cloud to Ground,12057,0,9
2026-10-09T06:29:00.383596731Z,1.372627,118.453937,Cloud to Ground,11625,0,8
2026-10-09T06:29:01.811151551Z,7.305696,130.763173,Cloud to Cloud,-10759,13819,14
2026-10-09T06:29:02.990058455Z,1.34356,118.461219,Cloud to Ground,-14537,0,13
2026-10-09T06:29:02.360700025Z,7.855744,123.311386,Cloud to Ground,-22277,0,19
2026-10-09T06:29:03.409557068Z,5.796199,123.993968,Cloud to Cloud,-9385,4873,7
2026-10-09T06:29:03.475970335Z,5.791417,123.944937,Cloud to Ground,17325,0,10
2026-10-09T06:29:03.404490663Z,5.794244,123.944244,Cloud to Ground,27970,0,20
2026-10-09T06:29:03.513919400Z,3.168216,121.685752,Cloud to Ground,20502,0,15
2026-10-09T06:29:03.378460963Z,3.170216,121.686199,Cloud to Ground,40555,0,21
2026-10-09T06:29:04.878078497Z,9.485661,118.371861,Cloud to Ground,44922,0,10
2026-10-09T06:29:04.394935922Z,9.62934,118.459662,Cloud to Cloud,-6394,3227,7
2026-10-09T06:29:04.755352029Z,8.073381,123.285067,Cloud to Ground,28125,0,15
2026-10-09T06:29:05.717132850Z,9.049534,125.884756,Cloud to Ground,15575,0,13
2026-10-09T06:29:05.830003676Z,7.989,123.355158,Cloud to Cloud,-8388,5219,8
2026-10-09T06:29:06.179994704Z,8.023351,123.40015,Cloud to Ground,21944,0,11
2026-10-09T06:29:07.882336026Z,15.294928,113.219263,Cloud to Cloud,-3914,17595,5
2026-10-09T06:29:08.612475112Z,9.512678,118.355279,Cloud to Ground,-19186,0,8
2026-10-09T06:29:09.746287927Z,6.616777,124.487347,Cloud to Ground,-25796,0,16
2026-10-09T06:29:09.501597636Z,6.025969,124.548702,Cloud to Cloud,-16932,13152,20
2026-10-09T06:29:10.293683517Z,6.526982,124.538469,Cloud to Ground,-17727,0,16
2026-10-09T06:29:10.923373600Z,8.011446,131.395354,Cloud to Cloud,-14831,17722,10
2026-10-09T06:29:10.922416797Z,7.940554,131.424679,Cloud to Cloud,-12484,15224,8
2026-10-09T06:29:10.920497167Z,7.934368,131.395627,Cloud to Ground,20845,0,16
2026-10-09T06:29:11.175481147Z,1.38559,118.36324,Cloud to Ground,-16805,0,27
2026-10-09T06:29:11.016762298Z,4.466538,116.192927,Cloud to Ground,-18834,0,8
2026-10-09T06:29:10.630379187Z,4.445479,116.170417,Cloud to Cloud,-15139,4353,19
2026-10-09T06:29:11.313211785Z,4.441139,116.2103,Cloud to Ground,14259,0,15
2026-10-09T06:29:11.534761671Z,4.44246,116.228864,Cloud to Ground,19382,0,8
2026-10-09T06:29:11.034540366Z,4.513903,116.205799,Cloud to Ground,105874,0,8
2026-10-09T06:29:12.977586340Z,8.075922,123.339649,Cloud to Ground,-15343,0,6
2026-10-09T06:29:13.646007014Z,7.980987,123.165898,Cloud to Ground,-18316,0,10
2026-10-09T06:29:13.641680339Z,7.972126,123.179322,Cloud to Ground,-11487,0,13
2026-10-09T06:29:13.506037861Z,9.494859,118.412097,Cloud to Cloud,-12835,12295,8
2026-10-09T06:29:15.462073702Z,12.492904,115.050388,Cloud to Ground,16979,0,8
2026-10-09T06:29:15.463490172Z,12.586462,114.97532,Cloud to Cloud,9995,5178,8
2026-10-09T06:29:16.664473467Z,8.076745,123.301467,Cloud to Ground,-53182,0,15
2026-10-09T06:29:16.244668067Z,7.994604,123.337639,Cloud to Ground,-24824,0,20
2026-10-09T06:29:16.420642135Z,7.990914,123.363291,Cloud to Ground,-22848,0,23
2026-10-09T06:29:16.325206009Z,7.970671,123.243961,Cloud to Cloud,-18630,15268,14
2026-10-09T06:29:16.511292275Z,8.065152,123.324192,Cloud to Ground,-16002,0,10
2026-10-09T06:29:16.853324356Z,8.025865,123.274813,Cloud to Ground,-14865,0,16
2026-10-09T06:29:16.379763000Z,7.9505,123.3591,Cloud to Ground,50907,0,8
2026-10-09T06:29:16.191763000Z,8.6188,125.324,Cloud to Ground,23061,0,8
2026-10-09T06:29:17.101698910Z,11.14493,125.208955,Cloud to Cloud,15764,14603,8
2026-10-09T06:29:19.752052680Z,7.006276,120.757093,Cloud to Ground,-18656,0,9
2026-10-09T06:29:19.748222538Z,7.089004,120.687743,Cloud to Cloud,-18331,9028,14
2026-10-09T06:29:19.746404227Z,7.02203,120.741001,Cloud to Ground,61554,0,15
2026-10-09T06:29:20.600429602Z,9.552999,118.520989,Cloud to Cloud,11543,4456,8
2026-10-09T06:29:20.733500362Z,9.74231,118.410917,Cloud to Cloud,-9663,4105,8
2026-10-09T06:29:21.469185222Z,8.993445,115.845137,Cloud to Cloud,-41387,15777,11
2026-10-09T06:29:21.524177078Z,8.978921,115.837957,Cloud to Cloud,-9029,3057,10
2026-10-09T06:29:21.650682135Z,9.038075,115.809961,Cloud to Cloud,17785,15848,11
2026-10-09T06:29:21.437024853Z,9.519243,118.356141,Cloud to Cloud,-12654,9602,6
2026-10-09T06:29:21.961547376Z,1.333583,118.460408,Cloud to Ground,-10878,0,17
2026-10-09T06:29:22.573477193Z,8.100794,123.285503,Cloud to Cloud,-17711,7207,7
2026-10-09T06:29:22.239895219Z,8.008554,123.354779,Cloud to Ground,-14143,0,7
2026-10-09T06:29:22.398941954Z,8.003721,123.357284,Cloud to Cloud,-14061,13029,8
2026-10-09T06:29:23.800289244Z,9.423913,118.379176,Cloud to Cloud,-10261,18416,7
2026-10-09T06:29:24.504664503Z,7.364549,131.549711,Cloud to Ground,-18642,0,9
2026-10-09T06:29:24.412359163Z,7.465419,131.580551,Cloud to Ground,-25397,0,25
2026-10-09T06:29:24.412972618Z,7.462399,131.596761,Cloud to Ground,-19490,0,27
2026-10-09T06:29:24.385346000Z,7.4886,131.6076,Cloud to Ground,99401,0,6
2026-10-09T06:29:24.285202142Z,12.482893,115.194235,Cloud to Ground,-72487,0,10
2026-10-09T06:29:24.449134927Z,12.478414,115.188192,Cloud to Ground,-23052,0,9
2026-10-09T06:29:24.385516014Z,12.498107,115.195189,Cloud to Cloud,-15529,8843,9
2026-10-09T06:29:24.489967732Z,12.509547,115.185969,Cloud to Ground,11831,0,9
2026-10-09T06:29:24.371343961Z,12.495744,115.200015,Cloud to Ground,21053,0,11
2026-10-09T06:29:26.703324597Z,8.313717,125.279248,Cloud to Ground,-81039,0,16
2026-10-09T06:29:26.908129685Z,9.269903,125.785053,Cloud to Ground,21470,0,11
2026-10-09T06:29:26.910433614Z,9.25483,125.788024,Cloud to Ground,25016,0,20
2026-10-09T06:29:26.732883677Z,8.229518,125.327303,Cloud to Cloud,-8914,5774,11
2026-10-09T06:29:26.857629348Z,7.958975,123.091603,Cloud to Cloud,-15050,3563,13
2026-10-09T06:29:27.121491827Z,9.593307,118.412098,Cloud to Cloud,-14072,15330,8
2026-10-09T06:29:27.664601135Z,8.305287,125.29084,Cloud to Ground,-16350,0,16
2026-10-09T06:29:28.669094764Z,1.352454,118.486193,Cloud to Ground,-14936,0,7
2026-10-09T06:29:29.282015841Z,15.350282,111.335099,Cloud to Ground,-11335,0,7
2026-10-09T06:29:31.712100675Z,6.412271,124.540075,Cloud to Ground,18745,0,14
2026-10-09T06:29:31.474233615Z,11.179489,124.567516,Cloud to Ground,-20375,0,10
2026-10-09T06:29:31.589655584Z,11.022504,124.636559,Cloud to Cloud,15406,7332,7
2026-10-09T06:29:32.701593371Z,9.438624,118.383981,Cloud to Cloud,-13882,17696,9
2026-10-09T06:29:32.839893964Z,9.524589,118.392693,Cloud to Ground,-13557,0,10
2026-10-09T06:29:35.171654867Z,14.184984,111.782482,Cloud to Cloud,-7147,17232,6
2026-10-09T06:29:35.111290962Z,14.149617,111.713069,Cloud to Ground,19672,0,8
2026-10-09T06:29:37.149282577Z,3.560249,113.50948,Cloud to Ground,54326,0,22
2026-10-09T06:29:38.244481274Z,18.965274,110.25834,Cloud to Cloud,-7800,3018,7
2026-10-09T06:29:38.234172447Z,18.981204,110.239705,Cloud to Cloud,8116,3073,9
2026-10-09T06:29:40.423962673Z,7.464425,131.654153,Cloud to Cloud,-8505,3014,25
2026-10-09T06:29:40.852226000Z,8.5354,132.6033,Cloud to Ground,28218,0,5
2026-10-09T06:29:41.694975153Z,10.78391,119.119967,Cloud to Ground,-32808,0,11
2026-10-09T06:29:41.760891000Z,10.7186,119.1434,Cloud to Ground,14455,0,11
2026-10-09T06:29:43.880312062Z,7.866818,123.286273,Cloud to Ground,-27416,0,16
2026-10-09T06:29:43.649622210Z,7.859468,123.322053,Cloud to Ground,10983,0,14
2026-10-09T06:29:43.767248452Z,7.92396,123.259562,Cloud to Ground,24491,0,17
2026-10-09T06:29:44.753533201Z,7.944727,123.354904,Cloud to Ground,-17715,0,9
2026-10-09T06:29:44.182734872Z,14.102751,112.755753,Cloud to Cloud,13017,3027,9
2026-10-09T06:29:44.179702053Z,14.130849,112.798391,Cloud to Cloud,24896,4403,12
2026-10-09T06:29:45.969484727Z,2.349105,112.761643,Cloud to Ground,26274,0,14
2026-10-09T06:29:47.825982000Z,1.4027,118.4588,Cloud to Ground,13962,0,6
2026-10-09T06:30:29.875485953Z,9.528987,118.322915,Cloud to Cloud,12301,3199,8
2026-10-09T06:30:29.925157749Z,15.274125,113.243699,Cloud to Cloud,12914,19060,9
2026-10-09T06:30:30.008891312Z,12.490511,115.136663,Cloud to Cloud,-37183,3046,12
2026-10-09T06:30:30.050205057Z,12.530527,115.142737,Cloud to Cloud,8015,3284,5
2026-10-09T06:30:29.950976289Z,12.537083,115.13913,Cloud to Ground,36960,0,12
2026-10-09T06:30:30.811060058Z,4.375533,116.198428,Cloud to Ground,-20037,0,11
2026-10-09T06:30:31.121496071Z,4.357725,116.179535,Cloud to Cloud,-9673,3088,11
2026-10-09T06:30:30.991893389Z,7.949329,123.366543,Cloud to Ground,-15909,0,17
2026-10-09T06:30:31.529978721Z,8.001406,123.336414,Cloud to Ground,70524,0,14
2026-10-09T06:30:31.104137032Z,7.960798,131.314012,Cloud to Cloud,-25665,3017,24
2026-10-09T06:30:31.615014564Z,7.94051,131.271714,Cloud to Cloud,-10717,8426,12
2026-10-09T06:30:32.299312913Z,2.99548,123.840429,Cloud to Ground,21532,0,12
2026-10-09T06:30:32.290714020Z,2.925939,123.906064,Cloud to Ground,-28229,0,29
2026-10-09T06:30:32.347392676Z,2.919473,123.899321,Cloud to Cloud,12707,17108,7
2026-10-09T06:30:32.333431492Z,2.923985,123.920095,Cloud to Ground,23045,0,16
2026-10-09T06:30:32.270601077Z,2.928316,123.914772,Cloud to Ground,120771,0,28
2026-10-09T06:30:32.016294930Z,18.742212,125.16742,Cloud to Ground,-16053,0,14
2026-10-09T06:30:32.019079752Z,18.748648,125.195691,Cloud to Cloud,12066,5226,7
2026-10-09T06:30:32.021722644Z,18.732384,125.217652,Cloud to Ground,14740,0,8
2026-10-09T06:30:32.014948191Z,18.786987,125.062823,Cloud to Cloud,11969,14353,11
2026-10-09T06:30:33.893692658Z,9.521709,118.346785,Cloud to Cloud,-11172,9039,7
2026-10-09T06:30:33.804248213Z,14.083271,112.760784,Cloud to Ground,-42460,0,8
2026-10-09T06:30:33.858446180Z,14.118342,112.840647,Cloud to Ground,-6910,0,7
2026-10-09T06:30:34.410006380Z,3.574404,113.515668,Cloud to Ground,-18001,0,8
2026-10-09T06:30:34.666873607Z,9.375278,118.320983,Cloud to Cloud,9698,3003,9
2026-10-09T06:30:34.607511730Z,6.482929,124.466014,Cloud to Ground,-8321,0,8
2026-10-09T06:30:37.967895287Z,12.31216,116.374278,Cloud to Ground,-13943,0,9
2026-10-09T06:30:38.939480996Z,7.909828,123.225777,Cloud to Ground,20367,0,12
2026-10-09T06:30:39.042187628Z,8.954157,115.814813,Cloud to Cloud,-26977,4728,11
2026-10-09T06:30:39.138516308Z,9.089268,115.798397,Cloud to Ground,-26159,0,14
2026-10-09T06:30:39.053365384Z,9.007285,115.838896,Cloud to Cloud,-19839,12465,12
2026-10-09T06:30:39.028012956Z,8.950881,115.777168,Cloud to Cloud,-14766,6685,6
2026-10-09T06:30:39.339832227Z,9.023894,115.839601,Cloud to Cloud,17686,3004,7
2026-10-09T06:30:39.222813498Z,8.999461,115.84272,Cloud to Ground,27340,0,9
2026-10-09T06:30:39.134800137Z,8.956627,115.824699,Cloud to Ground,27383,0,10
2026-10-09T06:30:39.705804571Z,8.032318,123.415059,Cloud to Cloud,-18797,11072,6
2026-10-09T06:30:39.700735427Z,11.603201,130.30408,Cloud to Ground,-30938,0,12
2026-10-09T06:30:39.749023828Z,11.545571,130.281264,Cloud to Ground,-18710,0,20
2026-10-09T06:30:39.830087029Z,11.539855,130.254282,Cloud to Ground,-14406,0,10
2026-10-09T06:30:39.727479472Z,11.548077,130.255271,Cloud to Ground,-14351,0,15
2026-10-09T06:30:39.692184105Z,11.484048,130.456817,Cloud to Ground,-23387,0,15
2026-10-09T06:30:40.376524160Z,8.206048,123.721237,Cloud to Cloud,-25227,15327,9
2026-10-09T06:30:41.292551193Z,1.384767,118.425474,Cloud to Ground,-11312,0,19
2026-10-09T06:30:42.403292162Z,7.957742,123.312988,Cloud to Cloud,-28296,3191,17
2026-10-09T06:30:42.424946863Z,7.960524,123.350685,Cloud to Ground,-12744,0,10
2026-10-09T06:30:42.390274542Z,15.519632,113.078432,Cloud to Ground,-43631,0,11
2026-10-09T06:30:43.373468000Z,8.6801,125.4432,Cloud to Ground,22327,0,8
2026-10-09T06:30:44.963578136Z,2.859537,112.876194,Cloud to Ground,-23232,0,15
2026-10-09T06:30:44.508641953Z,4.815397,111.864525,Cloud to Ground,-15424,0,11
2026-10-09T06:30:44.797630229Z,4.807851,111.905075,Cloud to Ground,41049,0,14
2026-10-09T06:30:45.248385521Z,5.858851,117.989867,Cloud to Cloud,-18121,6780,15
2026-10-09T06:30:45.481574374Z,5.910936,118.004121,Cloud to Ground,39669,0,10
2026-10-09T06:30:46.401013171Z,9.673841,118.433603,Cloud to Ground,20398,0,8
2026-10-09T06:30:46.660262326Z,8.254277,123.385642,Cloud to Ground,34426,0,15
2026-10-09T06:30:46.628999786Z,8.247933,123.376018,Cloud to Ground,36856,0,25
2026-10-09T06:30:46.275639660Z,22.27584,127.04041,Cloud to Cloud,-7298,16530,9
2026-10-09T06:30:46.357710788Z,22.226889,127.135093,Cloud to Ground,-27473,0,7
2026-10-09T06:30:46.299014866Z,22.227282,127.128284,Cloud to Ground,-20914,0,14
2026-10-09T06:30:46.529900689Z,22.226716,127.136452,Cloud to Ground,-11162,0,11
2026-10-09T06:30:46.402945395Z,22.224978,127.124213,Cloud to Ground,-8338,0,8
2026-10-09T06:30:46.432985825Z,22.229,127.142338,Cloud to Ground,-6284,0,7
2026-10-09T06:30:48.654995742Z,8.309846,125.311139,Cloud to Ground,-35893,0,20
2026-10-09T06:30:48.740543558Z,8.243738,125.36242,Cloud to Cloud,-11457,4827,17
2026-10-09T06:30:48.638326753Z,7.937243,123.230311,Cloud to Cloud,-11755,3047,12
2026-10-09T06:30:48.022168526Z,7.857299,123.306144,Cloud to Cloud,-8167,18413,10
2026-10-09T06:30:48.697768622Z,8.417135,125.159854,Cloud to Ground,-18827,0,13
2026-10-09T06:30:49.445348170Z,8.330547,125.319959,Cloud to Ground,23883,0,7
2026-10-09T06:30:49.174800689Z,8.079928,123.347048,Cloud to Ground,15180,0,13
2026-10-09T06:30:50.367272514Z,7.943946,123.369982,Cloud to Ground,-18379,0,8
2026-10-09T06:30:49.923836182Z,7.975856,123.349721,Cloud to Ground,37634,0,9
2026-10-09T06:30:49.927137860Z,9.4684,118.405025,Cloud to Ground,-50650,0,10
2026-10-09T06:30:49.949731889Z,9.453928,118.421599,Cloud to Cloud,-23976,17912,11
2026-10-09T06:30:50.154391738Z,9.540618,118.375208,Cloud to Cloud,-23926,7130,16
2026-10-09T06:30:49.966723058Z,9.552208,118.363375,Cloud to Ground,-20041,0,13
2026-10-09T06:30:50.032553000Z,9.483,118.4748,Cloud to Ground,32548,0,5
2026-10-09T06:30:50.153547135Z,9.301336,118.509706,Cloud to Cloud,-14746,7835,8
2026-10-09T06:30:51.452005009Z,9.360774,118.49071,Cloud to Cloud,9977,6781,5
2026-10-09T06:30:52.794225947Z,6.46522,124.671451,Cloud to Ground,-18227,0,9
2026-10-09T06:30:52.820946000Z,6.6039,124.5304,Cloud to Ground,-16692,0,7
2026-10-09T06:30:52.906625339Z,6.557991,124.589925,Cloud to Ground,-13790,0,13
2026-10-09T06:30:54.522632936Z,7.625724,120.09209,Cloud to Cloud,-25795,3042,21
2026-10-09T06:30:54.398856060Z,7.627154,120.08414,Cloud to Ground,-16618,0,10
2026-10-09T06:30:54.402555614Z,7.534489,120.139613,Cloud to Ground,-131577,0,19
2026-10-09T06:30:54.269426645Z,9.461999,118.383414,Cloud to Ground,-23645,0,8
2026-10-09T06:30:58.779685957Z,8.326023,123.617623,Cloud to Ground,13687,0,11
2026-10-09T06:30:58.211954539Z,7.991871,123.42618,Cloud to Cloud,-17194,16423,16
2026-10-09T06:30:58.102454556Z,8.077171,123.338459,Cloud to Ground,-23091,0,14
2026-10-09T06:30:58.180383071Z,8.087752,123.317656,Cloud to Ground,-19890,0,11
2026-10-09T06:30:58.169590229Z,1.3675,118.478623,Cloud to Ground,13193,0,14
2026-10-09T06:30:58.268370669Z,1.366816,118.472707,Cloud to Ground,26458,0,22
2026-10-09T06:31:00.466945794Z,6.551825,124.512084,Cloud to Ground,-69525,0,23
2026-10-09T06:31:00.509650605Z,6.465974,124.509905,Cloud to Ground,-22771,0,18
2026-10-09T06:31:00.792903794Z,6.466339,124.529652,Cloud to Ground,-14177,0,14
2026-10-09T06:31:00.730547452Z,6.465223,124.5543,Cloud to Ground,10767,0,8
2026-10-09T06:31:02.575835791Z,9.642096,118.421476,Cloud to Cloud,-12645,18650,10
2026-10-09T06:31:02.695837298Z,9.564567,118.469492,Cloud to Cloud,-13304,15813,5
2026-10-09T06:31:02.545448394Z,8.286995,132.307554,Cloud to Ground,-50680,0,26
2026-10-09T06:31:02.587770032Z,8.31991,132.479412,Cloud to Ground,16578,0,18
2026-10-09T06:31:02.571385998Z,8.318383,132.472164,Cloud to Ground,17232,0,19
2026-10-09T06:31:03.696855045Z,7.847276,123.208181,Cloud to Ground,16969,0,12
2026-10-09T06:31:04.967036061Z,17.729839,123.175964,Cloud to Ground,12688,0,8
2026-10-09T06:31:04.966295060Z,17.637067,123.349049,Cloud to Cloud,5010,18266,6
2026-10-09T06:31:06.044188755Z,14.166048,112.70866,Cloud to Cloud,16722,7023,6
2026-10-09T06:31:06.040654897Z,14.137791,112.875655,Cloud to Ground,20459,0,7
2026-10-09T06:31:09.201999675Z,8.03973,123.354589,Cloud to Ground,12239,0,16
2026-10-09T06:31:09.591692525Z,7.842248,123.453882,Cloud to Cloud,18006,7739,8
2026-10-09T06:31:09.310713513Z,8.55563,132.504954,Cloud to Cloud,-18791,18889,14
2026-10-09T06:31:09.308787200Z,8.574704,132.589782,Cloud to Ground,-17317,0,13
2026-10-09T06:31:09.307161142Z,8.50728,132.592648,Cloud to Ground,22638,0,18
2026-10-09T06:31:09.504768927Z,8.614839,132.651417,Cloud to Ground,56579,0,23
2026-10-09T06:31:10.414192701Z,8.987412,115.851328,Cloud to Cloud,-20364,5798,6
2026-10-09T06:31:10.406274215Z,8.969392,115.849525,Cloud to Ground,35917,0,10
2026-10-09T06:31:12.559365022Z,14.177853,111.727376,Cloud to Cloud,12539,11481,8
2026-10-09T06:31:13.371844031Z,4.394883,116.218258,Cloud to Ground,-37621,0,31
2026-10-09T06:31:13.474935737Z,4.394048,116.151744,Cloud to Ground,-12353,0,11
2026-10-09T06:31:13.476227759Z,4.407681,116.117494,Cloud to Cloud,-10513,3003,14
2026-10-09T06:31:13.370696683Z,4.454368,116.199951,Cloud to Ground,148103,0,18
2026-10-09T06:31:14.100387590Z,7.546589,120.488412,Cloud to Ground,22965,0,16
2026-10-09T06:31:14.375631000Z,7.3712,130.7206,Cloud to Ground,-16724,0,7
2026-10-09T06:31:15.540814331Z,2.795041,112.874146,Cloud to Ground,-23236,0,18
2026-10-09T06:31:17.235656132Z,13.339548,112.998225,Cloud to Ground,-27554,0,14
2026-10-09T06:31:17.238552872Z,13.380264,112.987992,Cloud to Ground,16158,0,7
2026-10-09T06:31:20.681821430Z,9.726811,118.458272,Cloud to Ground,-35681,0,14
2026-10-09T06:31:20.575522030Z,9.722403,118.434226,Cloud to Ground,-32274,0,16
2026-10-09T06:31:20.597919865Z,9.673161,118.461882,Cloud to Cloud,-8952,4367,8
2026-10-09T06:31:22.972818166Z,9.448873,118.422943,Cloud to Cloud,-12550,14991,10
2026-10-09T06:31:23.714739624Z,8.000346,123.376969,Cloud to Cloud,-15306,16593,12
2026-10-09T06:31:24.739098716Z,7.86183,123.311978,Cloud to Ground,-15920,0,20
2026-10-09T06:31:24.795727795Z,7.871767,123.298108,Cloud to Ground,18350,0,14
2026-10-09T06:31:26.125059070Z,15.278393,113.306737,Cloud to Cloud,-36984,3080,10
2026-10-09T06:31:25.903438872Z,15.29078,113.300046,Cloud to Ground,-25881,0,11
2026-10-09T06:31:26.171652436Z,15.283912,113.300354,Cloud to Cloud,-18052,3035,12
2026-10-09T06:31:26.352442260Z,15.284533,113.302627,Cloud to Ground,-5551,0,7
2026-10-09T06:31:25.922488400Z,15.248746,113.287784,Cloud to Cloud,-5449,7844,6
2026-10-09T06:31:26.216384383Z,15.286943,113.304544,Cloud to Ground,-4892,0,5
2026-10-09T06:31:27.378533858Z,8.056443,123.287741,Cloud to Ground,21486,0,9
2026-10-09T06:31:28.735344086Z,8.711626,117.288075,Cloud to Cloud,10881,3057,8
2026-10-09T06:31:28.130794903Z,8.838499,117.36622,Cloud to Cloud,-11641,15429,7
2026-10-09T06:31:28.126834478Z,8.828162,117.376722,Cloud to Ground,15669,0,10
2026-10-09T06:31:28.127373079Z,8.827586,117.372182,Cloud to Ground,19832,0,12
2026-10-09T06:31:29.593690805Z,7.844761,123.175226,Cloud to Ground,18666,0,7
2026-10-09T06:31:29.256005949Z,7.887411,123.149494,Cloud to Ground,36506,0,19
2026-10-09T06:31:30.084538386Z,8.016373,123.467182,Cloud to Cloud,7654,12582,7
2026-10-09T06:31:30.361550155Z,8.024005,123.351963,Cloud to Ground,15730,0,7
2026-10-09T06:31:30.045969019Z,8.01393,123.359786,Cloud to Ground,21353,0,10
2026-10-09T06:31:31.666604797Z,8.1188,125.275291,Cloud to Ground,16142,0,11
2026-10-09T06:31:33.973886869Z,9.498812,118.384106,Cloud to Ground,20261,0,9
2026-10-09T06:31:33.070792396Z,6.505342,124.472543,Cloud to Ground,17414,0,13
2026-10-09T06:31:33.071415614Z,6.501981,124.482398,Cloud to Ground,17608,0,13
2026-10-09T06:31:33.711437135Z,7.877712,123.311392,Cloud to Ground,13008,0,8
2026-10-09T06:31:33.677749340Z,13.032989,111.621123,Cloud to Cloud,28771,17602,9
2026-10-09T06:31:33.676047054Z,13.057721,111.496204,Cloud to Ground,5600,0,6
2026-10-09T06:31:34.022446073Z,8.060373,123.383525,Cloud to Cloud,-21044,16236,14
2026-10-09T06:31:34.031545722Z,7.988657,123.375191,Cloud to Cloud,-16682,3021,16
2026-10-09T06:31:34.130609576Z,4.371463,116.21354,Cloud to Ground,-19733,0,18
2026-10-09T06:31:34.329967932Z,4.391872,116.222609,Cloud to Ground,11031,0,6
2026-10-09T06:31:34.149792990Z,4.379061,116.218493,Cloud to Ground,25051,0,12
2026-10-09T06:31:34.225197132Z,4.38891,116.210889,Cloud to Ground,29356,0,16
2026-10-09T06:31:34.304190509Z,4.378334,116.174438,Cloud to Ground,31436,0,13
2026-10-09T06:31:35.348854553Z,9.575871,118.394742,Cloud to Cloud,-18135,15693,18
2026-10-09T06:31:35.409447000Z,9.4725,118.4821,Cloud to Ground,12056,0,9
2026-10-09T06:31:36.120603985Z,8.992527,115.83918,Cloud to Cloud,-18963,3091,9
2026-10-09T06:31:36.081836147Z,9.016603,115.773297,Cloud to Ground,-15456,0,7
2026-10-09T06:31:36.015206602Z,9.032037,115.810802,Cloud to Ground,-13236,0,14
2026-10-09T06:31:36.007418954Z,8.964395,115.856235,Cloud to Ground,22196,0,18
2026-10-09T06:31:36.199972914Z,8.974757,115.848477,Cloud to Ground,23621,0,15
2026-10-09T06:31:36.573609320Z,9.992963,119.027547,Cloud to Cloud,11274,14794,9
2026-10-09T06:31:38.327396410Z,7.682771,123.372212,Cloud to Ground,-15365,0,10
2026-10-09T06:31:38.530387391Z,11.86538,125.008184,Cloud to Ground,-28623,0,9
2026-10-09T06:31:38.479254539Z,11.846298,125.141409,Cloud to Ground,-57975,0,11
2026-10-09T06:31:38.570764702Z,11.840553,125.140902,Cloud to Ground,-21287,0,8
2026-10-09T06:31:39.825465235Z,8.054409,123.311584,Cloud to Cloud,16381,3035,10
2026-10-09T06:31:40.493404080Z,2.897462,112.939278,Cloud to Ground,-27339,0,13
2026-10-09T06:31:40.550021485Z,2.817181,112.969288,Cloud to Ground,57627,0,17
2026-10-09T06:31:40.508428801Z,2.81355,112.94831,Cloud to Ground,64489,0,16
2026-10-09T06:31:40.447107031Z,2.813121,112.934314,Cloud to Ground,205451,0,18
2026-10-09T06:31:40.289340212Z,6.700699,125.345241,Cloud to Cloud,-25055,15782,16
2026-10-09T06:31:42.564114363Z,1.368024,118.453522,Cloud to Ground,18311,0,12
2026-10-09T06:31:42.456301198Z,7.847415,123.191596,Cloud to Cloud,-13561,13600,14
2026-10-09T06:31:42.126502829Z,7.858996,123.2477,Cloud to Ground,9190,0,10
2026-10-09T06:31:42.127840592Z,7.866943,123.26203,Cloud to Ground,22500,0,18
2026-10-09T06:31:44.114086673Z,9.526348,118.402313,Cloud to Cloud,-15966,5898,7
2026-10-09T06:31:44.610641336Z,9.77141,118.468601,Cloud to Cloud,10522,7850,7
2026-10-09T06:31:44.696842245Z,7.485169,131.513005,Cloud to Ground,-38601,0,38
2026-10-09T06:31:44.705098836Z,7.470652,131.600972,Cloud to Ground,20424,0,12
2026-10-09T06:31:45.837697827Z,2.047298,111.380563,Cloud to Ground,10333,0,7
2026-10-09T06:31:45.891812951Z,2.011334,111.41381,Cloud to Ground,18309,0,17
2026-10-09T06:31:49.988948052Z,8.667755,125.331056,Cloud to Ground,23937,0,21
2026-10-09T06:31:50.075863782Z,7.968587,123.250693,Cloud to Ground,-28605,0,9
2026-10-09T06:31:50.103993251Z,7.994887,123.217953,Cloud to Ground,10580,0,10
2026-10-09T06:31:50.113001411Z,3.639227,113.553921,Cloud to Ground,-24483,0,10
2026-10-09T06:31:50.184652563Z,3.578252,113.606514,Cloud to Ground,18648,0,13
2026-10-09T06:31:50.183835853Z,3.594661,113.579639,Cloud to Ground,37856,0,15
2026-10-09T06:31:51.320024361Z,8.054202,123.32923,Cloud to Ground,-63179,0,30
2026-10-09T06:31:51.456756146Z,8.064191,123.316314,Cloud to Ground,-29795,0,15
2026-10-09T06:31:51.835794048Z,8.061478,123.304307,Cloud to Ground,-25107,0,15
2026-10-09T06:31:51.487671803Z,8.06434,123.323607,Cloud to Ground,-24581,0,20
2026-10-09T06:31:51.392243925Z,7.989931,123.387818,Cloud to Ground,-24264,0,20
2026-10-09T06:31:51.521264871Z,8.061418,123.319836,Cloud to Ground,-21276,0,14
2026-10-09T06:31:51.304552322Z,7.978931,123.379504,Cloud to Ground,-13869,0,7
2026-10-09T06:31:53.036152122Z,8.93116,115.846524,Cloud to Cloud,-38024,3016,7
2026-10-09T06:31:53.144810656Z,8.993992,115.847774,Cloud to Ground,-23974,0,12
2026-10-09T06:31:53.044879174Z,9.045246,115.818411,Cloud to Cloud,21241,3039,8
2026-10-09T06:31:53.434578375Z,9.053625,115.823596,Cloud to Ground,28950,0,12
2026-10-09T06:31:53.403748504Z,8.971587,115.848965,Cloud to Ground,48329,0,14
2026-10-09T06:31:53.476871777Z,8.66965,132.692076,Cloud to Ground,-61094,0,34
2026-10-09T06:31:53.557084083Z,8.631146,132.81442,Cloud to Ground,-53206,0,23
2026-10-09T06:31:53.469989636Z,8.656563,132.825029,Cloud to Ground,-18452,0,15
2026-10-09T06:31:53.608696981Z,8.661757,132.832975,Cloud to Ground,25027,0,9
2026-10-09T06:31:53.752416162Z,8.762037,132.795122,Cloud to Ground,-17981,0,12
2026-10-09T06:31:53.583261294Z,7.263938,130.627583,Cloud to Ground,-12843,0,17
2026-10-09T06:31:53.400808159Z,14.478237,130.871256,Cloud to Ground,-99520,0,14
2026-10-09T06:31:53.400041683Z,14.469086,130.849957,Cloud to Ground,52066,0,15
2026-10-09T06:31:54.806286342Z,8.314169,125.322448,Cloud to Ground,-48864,0,26
2026-10-09T06:31:55.433929708Z,9.587703,118.460806,Cloud to Ground,-25360,0,8
2026-10-09T06:31:55.436331757Z,6.489776,124.503658,Cloud to Ground,19470,0,11
2026-10-09T06:31:55.416825483Z,13.188389,132.375942,Cloud to Ground,-21884,0,18
2026-10-09T06:31:55.414172283Z,13.137356,132.453339,Cloud to Ground,29157,0,17
2026-10-09T06:31:55.871983874Z,13.152322,132.421959,Cloud to Ground,36472,0,10
2026-10-09T06:31:55.334673501Z,12.313204,116.383678,Cloud to Ground,-25520,0,11
2026-10-09T06:31:55.458941112Z,12.324003,116.394726,Cloud to Ground,-23997,0,6
2026-10-09T06:31:57.717971000Z,1.3781,118.4128,Cloud to Ground,-21625,0,5
2026-10-09T06:31:57.769284264Z,1.387579,118.42807,Cloud to Ground,-11592,0,8
2026-10-09T06:31:58.922151321Z,7.982776,123.497431,Cloud to Ground,17882,0,12
2026-10-09T06:31:59.665963954Z,9.372857,118.469474,Cloud to Cloud,22443,19623,7
2026-10-09T06:32:00.116536406Z,7.843546,123.292634,Cloud to Ground,21285,0,18
2026-10-09T06:32:02.370908324Z,4.059459,116.040975,Cloud to Ground,-11292,0,8
2026-10-09T06:32:02.335377316Z,4.149362,116.024614,Cloud to Ground,-11183,0,13
2026-10-09T06:32:02.221116149Z,12.633123,115.058622,Cloud to Ground,15875,0,7
2026-10-09T06:32:02.219604141Z,12.478944,115.037125,Cloud to Cloud,18929,5973,6
2026-10-09T06:32:04.646232289Z,18.891831,123.255359,Cloud to Cloud,17187,7553,10
2026-10-09T06:32:04.685344950Z,18.714417,123.398414,Cloud to Cloud,5039,8212,6
2026-10-09T06:32:04.638892312Z,18.731495,123.392342,Cloud to Ground,22345,0,7
2026-10-09T06:32:05.785933584Z,8.040482,123.356437,Cloud to Ground,15385,0,11
2026-10-09T06:32:05.950791610Z,2.787327,112.858453,Cloud to Ground,-12489,0,13
2026-10-09T06:32:05.728438265Z,15.318424,113.28184,Cloud to Cloud,9084,3074,10
2026-10-09T06:32:05.725361096Z,15.290536,113.200006,Cloud to Ground,17052,0,10
2026-10-09T06:32:05.736433884Z,15.289054,113.183339,Cloud to Ground,21965,0,13
2026-10-09T06:32:11.373676501Z,7.937361,123.271598,Cloud to Cloud,13424,10261,20
2026-10-09T06:32:11.734246540Z,9.485966,118.400377,Cloud to Cloud,-11083,12138,10
2026-10-09T06:32:13.043311682Z,9.452599,118.427972,Cloud to Ground,-10733,0,7
2026-10-09T06:32:13.088367395Z,9.48972,118.401207,Cloud to Cloud,10616,3454,7
2026-10-09T06:32:12.973373350Z,9.490253,118.417003,Cloud to Ground,25972,0,9
2026-10-09T06:32:13.010879198Z,9.41809,118.292465,Cloud to Ground,-8277,0,7
2026-10-09T06:32:14.984008917Z,7.979991,123.367503,Cloud to Cloud,-14485,13609,7
2026-10-09T06:32:15.363500391Z,3.165026,121.768714,Cloud to Ground,-64776,0,28
2026-10-09T06:32:15.296114569Z,3.259884,121.716144,Cloud to Ground,-50405,0,32
2026-10-09T06:32:15.245766658Z,9.192503,117.993202,Cloud to Cloud,-30416,7985,13
2026-10-09T06:32:15.244702336Z,9.239486,117.966118,Cloud to Cloud,20573,9061,7
2026-10-09T06:32:17.274629207Z,8.062799,123.29514,Cloud to Ground,18551,0,11
2026-10-09T06:32:17.468398391Z,13.030627,111.600323,Cloud to Cloud,-13022,11498,8
2026-10-09T06:32:21.397449220Z,7.971752,123.322431,Cloud to Ground,14659,0,8
2026-10-09T06:32:21.381752770Z,8.091334,123.324714,Cloud to Ground,-23286,0,10
2026-10-09T06:32:21.092798026Z,8.078218,123.317411,Cloud to Cloud,16001,6205,9
2026-10-09T06:32:22.703787708Z,7.066539,121.988966,Cloud to Ground,19538,0,14
2026-10-09T06:32:24.376889163Z,8.319883,125.301062,Cloud to Cloud,-12813,4331,8
2026-10-09T06:32:24.959470974Z,7.902175,123.155425,Cloud to Ground,-17858,0,14
2026-10-09T06:32:25.125553505Z,7.85436,123.199672,Cloud to Ground,17105,0,8
2026-10-09T06:32:24.889248385Z,4.475924,116.197816,Cloud to Cloud,-14028,5507,13
2026-10-09T06:32:24.367605552Z,10.023734,118.923858,Cloud to Ground,-17125,0,13
2026-10-09T06:32:25.653004618Z,8.006965,123.333064,Cloud to Cloud,-11283,7316,12
2026-10-09T06:32:25.704239820Z,7.927088,123.381431,Cloud to Ground,18317,0,10
2026-10-09T06:32:25.200132579Z,7.967035,123.37639,Cloud to Ground,49388,0,25
2026-10-09T06:32:25.166157114Z,9.68901,118.480629,Cloud to Cloud,-9497,6449,8
2026-10-09T06:32:25.996381883Z,7.95843,131.279108,Cloud to Ground,-49469,0,8
2026-10-09T06:32:26.527938253Z,7.921607,131.378899,Cloud to Cloud,-19202,14216,9
2026-10-09T06:32:26.004071250Z,7.976915,131.339491,Cloud to Cloud,-15412,10902,10
2026-10-09T06:32:26.516177162Z,7.938832,131.215647,Cloud to Cloud,13237,3029,22
2026-10-09T06:32:25.995584171Z,7.941701,131.43629,Cloud to Ground,14979,0,24
2026-10-09T06:32:26.811644112Z,2.126637,112.457268,Cloud to Ground,47539,0,16
2026-10-09T06:32:26.517784157Z,7.440815,131.433372,Cloud to Ground,-17029,0,9
2026-10-09T06:32:26.033418614Z,14.163704,111.734251,Cloud to Ground,11835,0,7
2026-10-09T06:32:26.179140950Z,14.173605,111.675587,Cloud to Ground,15294,0,10
2026-10-09T06:32:26.217904655Z,14.17214,111.808456,Cloud to Cloud,15580,7158,8
2026-10-09T06:32:29.671421996Z,8.008333,123.516157,Cloud to Ground,-8840,0,7
2026-10-09T06:32:29.296509010Z,8.029976,123.333046,Cloud to Cloud,-23592,5986,18
2026-10-09T06:32:29.108543939Z,7.996429,123.265824,Cloud to Ground,-21759,0,13
2026-10-09T06:32:29.163207267Z,8.048169,123.307738,Cloud to Ground,-20568,0,18
2026-10-09T06:32:29.531989882Z,7.980427,123.400407,Cloud to Ground,-20347,0,16
2026-10-09T06:32:29.668957974Z,8.066861,123.351019,Cloud to Ground,-17691,0,8
2026-10-09T06:32:29.866472689Z,8.059704,123.377237,Cloud to Ground,-15900,0,8
2026-10-09T06:32:29.904996633Z,7.970581,123.358586,Cloud to Ground,12390,0,9
2026-10-09T06:32:30.173929000Z,8.01,123.3785,Cloud to Ground,19891,0,7
2026-10-09T06:32:30.480785217Z,9.198334,125.775518,Cloud to Ground,-23726,0,17
2026-10-09T06:32:30.484714654Z,9.206116,125.664677,Cloud to Ground,-26688,0,11
2026-10-09T06:32:31.538630857Z,8.027973,123.391467,Cloud to Ground,15643,0,13
2026-10-09T06:32:32.953234098Z,1.363779,118.408102,Cloud to Ground,-13345,0,14
2026-10-09T06:32:32.719926822Z,1.376866,118.4214,Cloud to Ground,12397,0,7
2026-10-09T06:32:33.660227905Z,8.99196,115.818212,Cloud to Ground,25529,0,7
2026-10-09T06:32:33.683299945Z,15.073464,111.515508,Cloud to Ground,13012,0,6
2026-10-09T06:32:33.672483657Z,14.99341,111.591068,Cloud to Cloud,19085,3140,8
2026-10-09T06:32:33.676770889Z,15.027657,111.552418,Cloud to Cloud,23354,5723,9
2026-10-09T06:32:33.673347000Z,15.2138,111.5224,Cloud to Ground,59364,0,6
2026-10-09T06:32:34.822400141Z,7.850101,123.230634,Cloud to Ground,21147,0,15
2026-10-09T06:32:34.839319947Z,15.559455,113.057727,Cloud to Cloud,-38233,4636,10
2026-10-09T06:32:34.877976642Z,15.556861,113.063005,Cloud to Ground,-23056,0,10
2026-10-09T06:32:34.902039865Z,15.563165,113.060172,Cloud to Ground,-20002,0,7
2026-10-09T06:32:34.949810000Z,15.5758,113.0082,Cloud to Ground,-8743,0,5
2026-10-09T06:32:35.253411000Z,18.996,110.3145,Cloud to Ground,-57941,0,5
2026-10-09T06:32:35.255241494Z,18.962994,110.231217,Cloud to Ground,18890,0,7
2026-10-09T06:32:37.569136105Z,13.208725,112.980621,Cloud to Ground,24673,0,8
2026-10-09T06:32:37.571227450Z,13.323994,112.922544,Cloud to Cloud,12277,12558,10
2026-10-09T06:32:37.580524786Z,13.354268,112.998278,Cloud to Ground,14459,0,11
2026-10-09T06:32:37.570464424Z,13.316687,112.923618,Cloud to Ground,15420,0,11
2026-10-09T06:32:38.082124644Z,10.680205,119.164124,Cloud to Cloud,-13032,3022,7
2026-10-09T06:32:38.097692000Z,10.8025,119.0992,Cloud to Ground,-27277,0,6
2026-10-09T06:32:41.321618290Z,9.141418,115.760106,Cloud to Ground,-28482,0,9
2026-10-09T06:32:41.810625169Z,8.996811,115.74399,Cloud to Ground,-24797,0,15
2026-10-09T06:32:41.369813182Z,9.013291,115.839491,Cloud to Ground,-20410,0,10
2026-10-09T06:32:41.337295209Z,8.981901,115.844542,Cloud to Cloud,13027,3156,6
2026-10-09T06:32:41.424657719Z,9.040836,115.80225,Cloud to Ground,24964,0,9
2026-10-09T06:32:41.299543254Z,9.018758,115.80965,Cloud to Ground,154083,0,15
2026-10-09T06:32:41.365026079Z,8.79583,115.779956,Cloud to Ground,-16790,0,7
2026-10-09T06:32:42.762107345Z,7.305321,130.765095,Cloud to Ground,15190,0,8
2026-10-09T06:32:43.992365758Z,7.926328,123.102594,Cloud to Ground,-20361,0,19
2026-10-09T06:32:43.461704091Z,2.798712,112.87597,Cloud to Ground,-13319,0,9
2026-10-09T06:32:44.950927395Z,8.118876,123.337154,Cloud to Ground,-14518,0,19
2026-10-09T06:32:46.688948567Z,4.75002,111.956944,Cloud to Ground,107581,0,15
2026-10-09T06:32:46.163811663Z,13.317646,132.346969,Cloud to Ground,-36021,0,19
2026-10-09T06:32:46.161712282Z,13.398029,132.32539,Cloud to Ground,-29340,0,10
2026-10-09T06:32:46.161015489Z,13.390474,132.308672,Cloud to Cloud,-20496,3408,14
2026-10-09T06:32:48.721737670Z,7.603454,120.079392,Cloud to Ground,-123709,0,34
2026-10-09T06:32:48.717497314Z,7.60542,120.110226,Cloud to Ground,-26105,0,13
2026-10-09T06:32:50.887643500Z,6.5383,124.487696,Cloud to Ground,-29343,0,17
2026-10-09T06:32:50.444311667Z,6.510209,124.496075,Cloud to Ground,20000,0,10
2026-10-09T06:32:51.822393398Z,5.411322,116.889552,Cloud to Ground,19882,0,13
2026-10-09T06:32:51.831324176Z,5.410578,116.889341,Cloud to Ground,29316,0,24
2026-10-09T06:32:51.808607472Z,7.973986,123.286707,Cloud to Cloud,-17634,3000,14
2026-10-09T06:32:51.218594428Z,8.013134,123.4366,Cloud to Cloud,-7092,3015,7
2026-10-09T06:32:51.321917327Z,12.166169,116.402952,Cloud to Ground,27266,0,10
2026-10-09T06:32:53.991132914Z,8.119598,123.454769,Cloud to Ground,-19174,0,8
2026-10-09T06:32:53.865305986Z,8.08104,123.35085,Cloud to Ground,-27986,0,16
2026-10-09T06:32:54.036465790Z,7.995582,123.411558,Cloud to Ground,17493,0,14
2026-10-09T06:32:54.007640148Z,7.855342,123.444856,Cloud to Ground,15813,0,14
2026-10-09T06:32:54.683480857Z,9.079972,125.85997,Cloud to Cloud,-9817,9261,17
2026-10-09T06:32:54.423960629Z,12.419038,116.235971,Cloud to Cloud,-14959,6180,9
2026-10-09T06:32:54.404386663Z,12.452183,116.108996,Cloud to Ground,18416,0,13
2026-10-09T06:32:54.402677778Z,12.435471,116.12153,Cloud to Ground,54957,0,13
2026-10-09T06:32:56.302499027Z,8.020091,123.363566,Cloud to Ground,-15587,0,9
2026-10-09T06:32:57.256830893Z,14.184816,111.8499,Cloud to Ground,-7530,0,7
2026-10-09T06:32:57.088062000Z,14.2428,111.8338,Cloud to Ground,25261,0,5
2026-10-09T06:32:58.605931013Z,4.366256,116.099066,Cloud to Ground,17304,0,22
2026-10-09T06:32:58.650214954Z,7.890933,123.230605,Cloud to Cloud,-29469,11423,30
2026-10-09T06:32:58.650819522Z,7.897445,123.31225,Cloud to Ground,-23267,0,8
2026-10-09T06:32:58.476917424Z,7.936937,123.255262,Cloud to Ground,-15805,0,14
2026-10-09T06:32:58.967182274Z,7.855013,123.307553,Cloud to Ground,23137,0,8
2026-10-09T06:32:59.132250221Z,7.854861,123.319841,Cloud to Ground,33002,0,8
2026-10-09T06:32:58.887393924Z,7.838968,123.318857,Cloud to Ground,41101,0,12
2026-10-09T06:32:58.718241053Z,4.424545,111.257046,Cloud to Ground,-19837,0,11
2026-10-09T06:32:59.695756093Z,2.901586,112.707284,Cloud to Ground,-16418,0,12
2026-10-09T06:32:59.483825924Z,2.866672,112.877183,Cloud to Ground,18571,0,7
2026-10-09T06:33:00.081760561Z,12.330145,115.166533,Cloud to Ground,-17477,0,7
2026-10-09T06:33:00.022139902Z,12.498717,115.184042,Cloud to Cloud,-38630,17345,12
2026-10-09T06:33:00.124961061Z,12.544308,115.184226,Cloud to Ground,-29707,0,10
2026-10-09T06:33:00.229391753Z,12.505588,115.194764,Cloud to Ground,-23518,0,7
2026-10-09T06:33:00.185207965Z,12.508958,115.177504,Cloud to Ground,-18043,0,20
2026-10-09T06:33:00.288008781Z,12.51235,115.195591,Cloud to Cloud,-12216,3025,7
2026-10-09T06:33:00.411061979Z,12.537339,115.191902,Cloud to Ground,17866,0,11
2026-10-09T06:33:00.057998742Z,12.522449,115.178334,Cloud to Ground,27440,0,8
2026-10-09T06:33:00.062685324Z,12.50197,115.18641,Cloud to Ground,29498,0,10
2026-10-09T06:33:01.333270575Z,11.522693,125.17464,Cloud to Cloud,16296,13467,7
2026-10-09T06:33:01.334014000Z,11.6175,125.1531,Cloud to Ground,-13865,0,5
2026-10-09T06:33:02.015982171Z,14.227286,111.689387,Cloud to Cloud,-22462,10697,8
2026-10-09T06:33:02.059098457Z,14.802253,112.094394,Cloud to Ground,82113,0,8
2026-10-09T06:33:02.020385257Z,14.810808,112.087801,Cloud to Ground,137543,0,11
2026-10-09T06:33:03.356589450Z,1.37467,118.421483,Cloud to Ground,-13856,0,16
2026-10-09T06:33:04.462163115Z,8.054623,123.367587,Cloud to Ground,23511,0,7
2026-10-09T06:33:04.536538378Z,7.977916,123.330523,Cloud to Ground,24425,0,12
2026-10-09T06:33:04.912708769Z,7.895884,123.457836,Cloud to Cloud,7286,5414,7
2026-10-09T06:33:05.854631147Z,7.790587,123.176702,Cloud to Ground,-28854,0,23
2026-10-09T06:33:05.421681779Z,11.83425,124.980535,Cloud to Ground,10127,0,8
2026-10-09T06:33:05.405251746Z,11.834845,125.115708,Cloud to Cloud,-26060,4272,8
2026-10-09T06:33:06.545360198Z,9.494506,118.386025,Cloud to Cloud,-10173,7143,8
2026-10-09T06:33:07.142178243Z,9.685716,118.437239,Cloud to Ground,21578,0,7
2026-10-09T06:33:07.935610288Z,13.406118,115.491877,Cloud to Ground,13100,0,9
2026-10-09T06:33:07.937922173Z,13.393986,115.495506,Cloud to Ground,16036,0,11
2026-10-09T06:33:08.184237392Z,7.935532,115.34526,Cloud to Cloud,-13598,18519,11
2026-10-09T06:33:09.383662657Z,8.819664,117.380917,Cloud to Ground,18885,0,8
2026-10-09T06:33:09.386533213Z,8.831794,117.380328,Cloud to Ground,20023,0,11
2026-10-09T06:33:09.268076471Z,8.023358,123.317024,Cloud to Cloud,-8656,13714,24
2026-10-09T06:33:10.391295805Z,8.802336,117.230197,Cloud to Cloud,-28043,5810,11
2026-10-09T06:33:10.384878837Z,8.84183,117.223134,Cloud to Cloud,-12785,19199,8
2026-10-09T06:33:10.398167891Z,8.789147,117.216088,Cloud to Cloud,-6876,14843,8
2026-10-09T06:33:10.412076232Z,8.774747,117.199239,Cloud to Ground,11636,0,12
2026-10-09T06:33:11.357801478Z,8.112198,125.264202,Cloud to Ground,-10393,0,9
2026-10-09T06:33:13.972604148Z,7.978558,123.383676,Cloud to Ground,-17650,0,18
2026-10-09T06:33:13.971945043Z,8.086473,123.329825,Cloud to Ground,-23297,0,14
2026-10-09T06:33:16.346091138Z,9.610486,118.47029,Cloud to Cloud,-27000,3041,11
2026-10-09T06:33:17.070397494Z,9.58967,118.479617,Cloud to Ground,-16408,0,8
2026-10-09T06:33:16.665980106Z,9.572085,118.476436,Cloud to Ground,15521,0,13
2026-10-09T06:33:16.738690145Z,9.6643,118.426969,Cloud to Ground,51902,0,8
2026-10-09T06:33:17.525277202Z,8.061871,123.301822,Cloud to Cloud,-10669,18476,10
2026-10-09T06:33:16.839402544Z,8.103875,123.346994,Cloud to Ground,14929,0,8
2026-10-09T06:33:16.291291599Z,8.297652,132.340874,Cloud to Cloud,-17401,7501,17
2026-10-09T06:33:16.289549684Z,8.312405,132.341511,Cloud to Cloud,-15816,7139,34
2026-10-09T06:33:16.294727926Z,8.322991,132.343254,Cloud to Cloud,-14085,3084,27
2026-10-09T06:33:17.819266487Z,6.668947,125.350843,Cloud to Ground,22141,0,12
2026-10-09T06:33:20.345208500Z,8.861257,115.730899,Cloud to Cloud,8498,13788,7
2026-10-09T06:33:20.306237991Z,8.993345,115.833442,Cloud to Cloud,-19566,3024,10
2026-10-09T06:33:20.640275522Z,8.99048,115.823043,Cloud to Ground,-18126,0,11
2026-10-09T06:33:20.363530755Z,8.952984,115.84557,Cloud to Cloud,-14890,14870,12
2026-10-09T06:33:20.637358397Z,8.997969,115.846793,Cloud to Ground,-7892,0,7
2026-10-09T06:33:20.458808940Z,8.951003,115.848876,Cloud to Ground,23609,0,12
2026-10-09T06:33:21.475096264Z,8.569159,132.584976,Cloud to Cloud,-32396,3214,19
2026-10-09T06:33:21.476599724Z,8.509617,132.625731,Cloud to Ground,-15311,0,17
2026-10-09T06:33:21.522855000Z,8.5268,132.6075,Cloud to Ground,-9351,0,5
2026-10-09T06:33:22.349549088Z,8.001934,123.420022,Cloud to Ground,17129,0,11
2026-10-09T06:33:23.905135519Z,7.991044,123.340948,Cloud to Ground,-19246,0,9
2026-10-09T06:33:23.965201361Z,18.722532,123.397998,Cloud to Cloud,2179,3056,5
2026-10-09T06:33:23.954903085Z,18.731728,123.407316,Cloud to Cloud,9167,13162,8
2026-10-09T06:33:23.955630560Z,18.718419,123.328377,Cloud to Cloud,12253,3083,13
2026-10-09T06:33:23.957787535Z,18.760947,123.213592,Cloud to Cloud,12092,7636,7
2026-10-09T06:33:24.397657009Z,6.522721,124.402602,Cloud to Ground,-14871,0,12
2026-10-09T06:33:25.183419128Z,7.856023,123.307159,Cloud to Ground,13595,0,7
2026-10-09T06:33:25.185094775Z,13.000121,111.542337,Cloud to Ground,8572,0,9
2026-10-09T06:33:25.185540170Z,13.02184,111.620283,Cloud to Ground,41373,0,10
2026-10-09T06:33:26.319134313Z,6.110134,124.595862,Cloud to Ground,-31733,0,18
2026-10-09T06:33:26.319889000Z,6.3702,124.6975,Cloud to Ground,-9049,0,6
2026-10-09T06:33:26.337998299Z,9.692133,118.453305,Cloud to Cloud,-12458,9629,9
2026-10-09T06:33:27.983415326Z,2.11583,112.57635,Cloud to Ground,22554,0,14
2026-10-09T06:33:27.066389684Z,11.125565,124.667106,Cloud to Ground,-12904,0,8
2026-10-09T06:33:28.362850951Z,12.204255,116.471682,Cloud to Cloud,13571,3208,6
2026-10-09T06:33:28.677062324Z,12.358695,116.420375,Cloud to Cloud,-20295,3011,8
2026-10-09T06:33:30.275940592Z,9.656162,118.555612,Cloud to Cloud,-13862,7004,9
2026-10-09T06:33:30.541247383Z,8.308003,123.399615,Cloud to Cloud,-16644,6153,10
2026-10-09T06:33:30.270612442Z,9.785828,118.495953,Cloud to Cloud,-15577,18808,8
2026-10-09T06:33:32.700508315Z,4.351742,116.195465,Cloud to Ground,-11268,0,15
2026-10-09T06:33:32.603087017Z,4.344876,116.193777,Cloud to Ground,53020,0,23
2026-10-09T06:33:33.194836029Z,9.505558,118.376309,Cloud to Ground,-8839,0,7
2026-10-09T06:33:33.184311000Z,9.5938,118.269,Cloud to Ground,16370,0,8
2026-10-09T06:33:33.040009504Z,15.348259,113.148437,Cloud to Cloud,-6492,7414,7
2026-10-09T06:33:33.015368984Z,15.391099,113.275212,Cloud to Cloud,-5964,13846,7
2026-10-09T06:33:33.009021483Z,15.344659,113.200532,Cloud to Ground,21383,0,9
2026-10-09T06:33:33.008366305Z,15.3265,113.198877,Cloud to Ground,27275,0,9
2026-10-09T06:33:33.012397230Z,14.740936,110.993865,Cloud to Ground,11651,0,6
2026-10-09T06:33:34.105405633Z,7.968459,123.377484,Cloud to Ground,16245,0,10
2026-10-09T06:33:34.640127301Z,8.272898,125.266945,Cloud to Cloud,-9227,9290,13
2026-10-09T06:33:36.596673963Z,7.959687,123.299389,Cloud to Cloud,-9525,6826,14
2026-10-09T06:33:37.177246449Z,6.600873,124.576207,Cloud to Ground,-22329,0,19
2026-10-09T06:33:39.034534629Z,8.013866,123.390197,Cloud to Ground,-12148,0,17
2026-10-09T06:33:39.624491221Z,13.002905,110.869539,Cloud to Ground,58831,0,13
2026-10-09T06:33:39.626181853Z,13.156364,110.818746,Cloud to Ground,12875,0,9
2026-10-09T06:33:39.621706760Z,13.149202,110.825373,Cloud to Ground,16131,0,7
2026-10-09T06:33:39.628102186Z,13.140835,110.797094,Cloud to Ground,28302,0,14
2026-10-09T06:33:40.976605840Z,7.951266,123.254345,Cloud to Ground,-48774,0,25
2026-10-09T06:33:41.012419670Z,7.86295,123.291668,Cloud to Ground,-16795,0,14
2026-10-09T06:33:41.054212000Z,7.8439,123.2691,Cloud to Ground,22566,0,5
2026-10-09T06:33:41.134354649Z,13.30938,112.913426,Cloud to Ground,28988,0,10
2026-10-09T06:33:43.470919957Z,8.164519,125.094026,Cloud to Ground,15366,0,12
2026-10-09T06:33:43.335698258Z,6.88908,110.692435,Cloud to Ground,-26852,0,18
2026-10-09T06:33:43.317016115Z,9.764979,124.142945,Cloud to Ground,34247,0,14
2026-10-09T06:33:44.898383046Z,7.892409,123.192624,Cloud to Ground,-28498,0,11
2026-10-09T06:33:44.515452685Z,15.287521,113.283764,Cloud to Ground,-17832,0,7
2026-10-09T06:33:44.612453359Z,15.296167,113.299763,Cloud to Ground,56736,0,9
2026-10-09T06:33:44.564903015Z,11.720653,125.150214,Cloud to Cloud,-24261,18533,9
2026-10-09T06:33:44.823805624Z,11.870328,125.152055,Cloud to Ground,-62040,0,10
2026-10-09T06:33:44.518206432Z,11.869071,125.121744,Cloud to Ground,-51811,0,10
2026-10-09T06:33:44.621136984Z,11.90849,125.071719,Cloud to Ground,-40799,0,11
2026-10-09T06:33:44.569143432Z,12.039651,124.899815,Cloud to Ground,-21870,0,10
2026-10-09T06:33:44.730200881Z,15.26048,113.169127,Cloud to Ground,35469,0,11
2026-10-09T06:33:46.958001162Z,9.399907,112.744002,Cloud to Ground,-11864,0,9
2026-10-09T06:33:46.991433761Z,9.3528,112.660985,Cloud to Cloud,14481,7885,11
2026-10-09T06:33:47.078815569Z,8.077526,123.365028,Cloud to Cloud,-17689,6395,13
2026-10-09T06:33:47.178559281Z,8.038772,123.401221,Cloud to Ground,-15439,0,8
2026-10-09T06:33:47.109476198Z,8.010371,123.40388,Cloud to Ground,-11113,0,7
2026-10-09T06:33:48.247748925Z,9.617479,118.421975,Cloud to Cloud,16458,3382,10
2026-10-09T06:33:48.385287177Z,9.578616,118.320427,Cloud to Cloud,-12885,18853,9
2026-10-09T06:33:49.521713382Z,14.972166,111.717668,Cloud to Ground,-50013,0,12
2026-10-09T06:33:49.508705331Z,14.958879,111.657359,Cloud to Cloud,-30114,3218,8
2026-10-09T06:33:50.860026542Z,12.620709,115.051915,Cloud to Cloud,-6355,3195,7
2026-10-09T06:33:51.062501523Z,7.965698,123.316275,Cloud to Ground,20734,0,16
2026-10-09T06:33:51.943407640Z,7.969065,123.33881,Cloud to Ground,-16115,0,22
2026-10-09T06:33:52.017864148Z,8.050196,123.365268,Cloud to Cloud,10537,3001,7
2026-10-09T06:33:51.219573821Z,5.600459,116.82692,Cloud to Ground,-25049,0,15
2026-10-09T06:33:51.217701952Z,5.559436,116.836741,Cloud to Ground,-17805,0,11
2026-10-09T06:33:51.226077448Z,5.498094,116.864599,Cloud to Ground,-8979,0,10
2026-10-09T06:33:51.214095148Z,5.479968,116.848815,Cloud to Ground,14785,0,14
2026-10-09T06:33:51.236107713Z,5.492171,116.847886,Cloud to Cloud,16811,18700,12
2026-10-09T06:33:51.378537079Z,5.564184,116.924193,Cloud to Ground,83974,0,18
2026-10-09T06:33:51.614442177Z,7.455857,131.608359,Cloud to Ground,21503,0,12
2026-10-09T06:33:56.679972989Z,8.008192,123.395465,Cloud to Ground,6524,0,8
2026-10-09T06:33:57.821836268Z,14.497497,130.689225,Cloud to Cloud,15928,3208,14
2026-10-09T06:33:57.816999862Z,14.445466,130.873994,Cloud to Ground,-13412,0,12
2026-10-09T06:33:57.839598422Z,14.466884,130.890796,Cloud to Ground,-10114,0,6
2026-10-09T06:33:57.818565482Z,14.49769,130.834989,Cloud to Ground,51232,0,12
2026-10-09T06:33:58.417460430Z,7.891324,123.963877,Cloud to Ground,14338,0,16
2026-10-09T06:33:58.879929530Z,7.505518,120.182164,Cloud to Ground,-22248,0,12
2026-10-09T06:33:59.111137855Z,7.593447,120.093538,Cloud to Cloud,-28636,3566,21
2026-10-09T06:33:59.164458598Z,1.305844,118.310922,Cloud to Ground,-14696,0,15
2026-10-09T06:33:59.066376343Z,0.10112,113.713752,Cloud to Ground,19701,0,15
2026-10-09T06:34:00.735011022Z,8.660442,125.38915,Cloud to Cloud,12727,7816,10
2026-10-09T06:34:00.242783862Z,7.978187,123.385416,Cloud to Ground,-17942,0,7
2026-10-09T06:34:01.087444029Z,8.97318,115.826012,Cloud to Cloud,-18456,3103,7
2026-10-09T06:34:01.118172720Z,9.023194,115.801151,Cloud to Ground,-11859,0,7
2026-10-09T06:34:00.781321329Z,9.029799,115.80722,Cloud to Cloud,16122,3011,12
2026-10-09T06:34:00.550048175Z,9.003354,115.810956,Cloud to Cloud,24268,13169,8
2026-10-09T06:34:01.048908478Z,8.066121,123.130891,Cloud to Cloud,-18358,3026,20
2026-10-09T06:34:02.361915917Z,7.96609,115.343231,Cloud to Ground,-8916,0,7
2026-10-09T06:34:02.333131387Z,7.933265,115.324723,Cloud to Ground,9353,0,8
2026-10-09T06:34:02.085545279Z,7.997847,123.329695,Cloud to Ground,14787,0,16
2026-10-09T06:34:05.607208405Z,6.752969,125.268911,Cloud to Ground,-8855,0,7
2026-10-09T06:34:07.648960306Z,8.151746,125.248874,Cloud to Ground,-12820,0,19
2026-10-09T06:34:07.684053013Z,8.095979,125.296472,Cloud to Ground,22904,0,14
2026-10-09T06:34:08.914998785Z,8.051757,123.351161,Cloud to Ground,-39229,0,16
2026-10-09T06:34:08.765616848Z,7.958012,123.380376,Cloud to Ground,-21325,0,19
2026-10-09T06:34:08.654543778Z,7.964191,123.404483,Cloud to Ground,-17077,0,15
2026-10-09T06:34:08.872819420Z,7.973653,123.333992,Cloud to Ground,17649,0,10
2026-10-09T06:34:08.915897455Z,7.970171,123.376243,Cloud to Ground,36871,0,14
2026-10-09T06:34:08.952667110Z,3.000853,112.742835,Cloud to Ground,20533,0,10
2026-10-09T06:34:08.698632911Z,2.810189,112.919375,Cloud to Ground,-75502,0,15
2026-10-09T06:34:08.942508690Z,2.797749,112.901037,Cloud to Ground,-19084,0,7
2026-10-09T06:34:08.714760139Z,2.871714,112.907636,Cloud to Ground,-14929,0,10
2026-10-09T06:34:09.021467874Z,2.836783,112.831369,Cloud to Ground,-14304,0,21
2026-10-09T06:34:09.197673743Z,2.801039,112.911292,Cloud to Ground,12930,0,9
2026-10-09T06:34:09.289162379Z,2.806007,112.906359,Cloud to Ground,14324,0,12
2026-10-09T06:34:09.035304124Z,2.804413,112.92898,Cloud to Ground,38753,0,13
2026-10-09T06:34:09.286551828Z,2.808559,112.915093,Cloud to Ground,40627,0,17
2026-10-09T06:34:09.130704672Z,2.811819,112.911863,Cloud to Ground,43667,0,18
2026-10-09T06:34:08.911888885Z,2.79058,112.901012,Cloud to Ground,56185,0,13
2026-10-09T06:34:08.704367049Z,2.803003,112.923534,Cloud to Ground,94800,0,32
2026-10-09T06:34:09.511299759Z,8.885288,117.150426,Cloud to Cloud,8302,14005,7
2026-10-09T06:34:09.861014659Z,8.26719,125.409235,Cloud to Ground,17661,0,10
2026-10-09T06:34:10.644508593Z,9.428617,115.209071,Cloud to Ground,-14218,0,13
2026-10-09T06:34:10.617462084Z,9.346318,115.249305,Cloud to Ground,-10979,0,12
2026-10-09T06:34:10.252429867Z,9.613719,118.47918,Cloud to Ground,-17036,0,9
2026-10-09T06:34:10.604349333Z,2.13791,112.596654,Cloud to Ground,26546,0,19
2026-10-09T06:34:11.124274004Z,7.988709,123.406623,Cloud to Ground,14886,0,9
2026-10-09T06:34:12.936927135Z,7.864545,123.252093,Cloud to Ground,9222,0,11
2026-10-09T06:34:12.050719507Z,14.05779,111.785764,Cloud to Ground,20140,0,6
2026-10-09T06:34:12.447316000Z,7.4942,131.4417,Cloud to Ground,-710,0,7
2026-10-09T06:34:13.385799571Z,7.922704,123.173204,Cloud to Cloud,-12283,3217,13
2026-10-09T06:34:14.988873766Z,9.510787,118.357755,Cloud to Ground,18168,0,7
2026-10-09T06:34:14.558787311Z,15.569647,113.061882,Cloud to Cloud,-10624,3498,8
2026-10-09T06:34:14.529559210Z,15.009382,111.64309,Cloud to Ground,14714,0,11
2026-10-09T06:34:15.656214076Z,7.904716,123.152505,Cloud to Ground,-14839,0,13
2026-10-09T06:34:15.690021452Z,8.055336,123.333113,Cloud to Ground,-15791,0,11
2026-10-09T06:34:15.747811846Z,7.988978,123.37417,Cloud to Ground,16242,0,13
2026-10-09T06:34:16.553355064Z,9.802324,124.314055,Cloud to Ground,26197,0,8
2026-10-09T06:34:16.552622098Z,9.859724,124.277342,Cloud to Ground,55392,0,14
2026-10-09T06:34:17.824998255Z,4.341379,116.201681,Cloud to Ground,-23972,0,15
2026-10-09T06:34:18.193098554Z,8.770525,125.386772,Cloud to Ground,-27872,0,24
2026-10-09T06:34:18.448041480Z,8.763444,125.36119,Cloud to Ground,-24021,0,19
2026-10-09T06:34:18.270423123Z,8.750137,125.433479,Cloud to Cloud,19506,17792,8
2026-10-09T06:34:18.566936041Z,8.771701,125.424756,Cloud to Ground,20634,0,9
2026-10-09T06:34:18.367531189Z,8.751507,125.112779,Cloud to Ground,-23772,0,20
2026-10-09T06:34:20.153489310Z,8.334673,132.462097,Cloud to Ground,-12309,0,8
2026-10-09T06:34:20.310269658Z,8.306758,132.496345,Cloud to Ground,11825,0,14
2026-10-09T06:34:20.241656825Z,8.333345,132.46869,Cloud to Ground,13428,0,7
2026-10-09T06:34:20.152965009Z,8.285795,132.472638,Cloud to Ground,16504,0,16
2026-10-09T06:34:20.210764299Z,8.317758,132.503744,Cloud to Ground,19969,0,16
2026-10-09T06:34:20.122496058Z,8.401079,132.46181,Cloud to Ground,63242,0,14
2026-10-09T06:34:21.561599037Z,8.020262,123.382896,Cloud to Cloud,-9824,4097,14
2026-10-09T06:34:21.146877506Z,8.03155,123.411743,Cloud to Ground,19240,0,14
2026-10-09T06:34:23.543460069Z,9.533495,118.371107,Cloud to Ground,-17751,0,11
2026-10-09T06:34:23.271018537Z,9.49886,118.355485,Cloud to Cloud,-13755,16493,12
2026-10-09T06:34:23.710448112Z,9.499442,118.41058,Cloud to Cloud,-13457,6365,10
2026-10-09T06:34:23.303113610Z,8.02186,123.274014,Cloud to Ground,-14059,0,9
2026-10-09T06:34:24.744826311Z,1.366972,118.513721,Cloud to Ground,-14499,0,9
2026-10-09T06:34:24.644437076Z,1.364035,118.516473,Cloud to Ground,-12587,0,8
2026-10-09T06:34:24.862506565Z,8.144038,123.246945,Cloud to Cloud,18533,8324,7
2026-10-09T06:34:25.049352005Z,7.875332,123.419672,Cloud to Cloud,6779,17126,7
2026-10-09T06:34:24.974882705Z,8.011063,123.392219,Cloud to Cloud,-15018,7941,8
2026-10-09T06:34:25.114748444Z,8.055798,123.33565,Cloud to Ground,-11000,0,11
2026-10-09T06:34:25.000378661Z,8.015171,123.373637,Cloud to Ground,14908,0,7
2026-10-09T06:34:27.554087317Z,2.906503,123.907159,Cloud to Cloud,-31195,6435,16
2026-10-09T06:34:27.639496916Z,2.913838,123.907138,Cloud to Cloud,-26902,13387,18
2026-10-09T06:34:27.745197351Z,2.923129,123.931762,Cloud to Ground,17106,0,11
2026-10-09T06:34:27.766952710Z,2.928236,123.939087,Cloud to Ground,34298,0,17
2026-10-09T06:34:27.718845144Z,2.921841,123.934787,Cloud to Ground,40629,0,24
2026-10-09T06:34:27.671798984Z,2.924632,123.932713,Cloud to Ground,58010,0,24
2026-10-09T06:34:27.585292000Z,2.9513,123.914,Cloud to Ground,59215,0,8
2026-10-09T06:34:27.530126585Z,2.924597,123.937827,Cloud to Ground,157031,0,35
2026-10-09T06:34:27.926552000Z,11.2565,125.2457,Cloud to Ground,-9898,0,7
2026-10-09T06:34:29.658178254Z,8.045433,123.341493,Cloud to Ground,24491,0,14
2026-10-09T06:34:30.335303400Z,8.008712,123.434309,Cloud to Ground,-13286,0,16
2026-10-09T06:34:30.198830408Z,12.518423,115.175311,Cloud to Ground,-43916,0,10
2026-10-09T06:34:30.267064336Z,12.529046,115.174198,Cloud to Ground,23157,0,8
2026-10-09T06:34:30.281310000Z,12.5455,115.1862,Cloud to Ground,70340,0,6
2026-10-09T06:34:33.147288428Z,8.255467,123.560797,Cloud to Ground,79463,0,20
2026-10-09T06:34:33.474639330Z,7.878923,123.133814,Cloud to Ground,-22366,0,15
2026-10-09T06:34:33.914801435Z,1.363486,118.458583,Cloud to Ground,-11965,0,7
2026-10-09T06:34:35.232747521Z,7.353078,130.596094,Cloud to Ground,-19483,0,19
2026-10-09T06:34:35.281493592Z,7.35856,130.585692,Cloud to Ground,-12911,0,17
2026-10-09T06:34:35.196058000Z,7.3766,130.7315,Cloud to Ground,-51714,0,6
2026-10-09T06:34:35.887965284Z,7.343534,130.710739,Cloud to Ground,-11273,0,12
2026-10-09T06:34:35.786984926Z,7.334815,130.797026,Cloud to Cloud,15034,7043,13
2026-10-09T06:34:36.996181299Z,7.976358,131.346609,Cloud to Ground,-26754,0,20
2026-10-09T06:34:37.000081960Z,8.026191,131.41376,Cloud to Ground,-16209,0,11
2026-10-09T06:34:37.034027287Z,8.012173,131.43215,Cloud to Ground,-12155,0,11
2026-10-09T06:34:38.582502852Z,8.022705,123.360018,Cloud to Cloud,17272,19274,7
2026-10-09T06:34:38.207513391Z,7.950647,123.258078,Cloud to Cloud,-86683,3201,22
2026-10-09T06:34:38.349758305Z,7.853113,123.335391,Cloud to Ground,-30799,0,21
2026-10-09T06:34:38.263389595Z,7.94634,123.251134,Cloud to Ground,-24972,0,15
2026-10-09T06:34:38.379920311Z,7.869939,123.319719,Cloud to Ground,-17532,0,14
2026-10-09T06:34:38.907692497Z,7.872761,123.312655,Cloud to Cloud,-15745,17548,13
2026-10-09T06:34:38.814340419Z,7.865826,123.291972,Cloud to Ground,-14930,0,13
2026-10-09T06:34:38.292526525Z,7.876468,123.306011,Cloud to Ground,-14121,0,14
2026-10-09T06:34:38.308228975Z,9.478165,118.446617,Cloud to Ground,27787,0,10
2026-10-09T06:34:38.950900831Z,15.454025,113.374703,Cloud to Ground,-25280,0,9
2026-10-09T06:34:38.868315710Z,15.334139,113.341315,Cloud to Ground,12757,0,6
2026-10-09T06:34:38.822347605Z,15.39884,113.312018,Cloud to Ground,17134,0,10
2026-10-09T06:34:38.821893305Z,15.431019,113.386737,Cloud to Ground,22402,0,9
2026-10-09T06:34:40.027177433Z,9.700435,118.398927,Cloud to Cloud,25434,10808,6
2026-10-09T06:34:40.024617471Z,9.619401,118.447877,Cloud to Ground,23921,0,8
2026-10-09T06:34:41.838208094Z,8.060442,123.400343,Cloud to Ground,-28924,0,9
2026-10-09T06:34:41.900098623Z,8.086758,123.371536,Cloud to Ground,-18690,0,14
2026-10-09T06:34:41.723827461Z,7.984635,123.332053,Cloud to Ground,-18684,0,9
2026-10-09T06:34:41.939926302Z,8.000846,123.410908,Cloud to Ground,-18361,0,14
2026-10-09T06:34:42.246799211Z,8.079478,123.384887,Cloud to Ground,-18215,0,11
2026-10-09T06:34:47.500288000Z,8.239097,125.410286,Cloud to Ground,-16349,0,12
2026-10-09T06:34:47.032397575Z,8.084586,123.364739,Cloud to Cloud,-13165,6862,10
2026-10-09T06:34:48.720381703Z,9.072283,115.807066,Cloud to Ground,-112587,0,16
2026-10-09T06:34:48.774918006Z,8.991286,115.843246,Cloud to Ground,-64409,0,12
2026-10-09T06:34:48.713824044Z,9.032253,115.826526,Cloud to Ground,-47071,0,12
2026-10-09T06:34:48.714775538Z,9.056097,115.89708,Cloud to Ground,-18142,0,7
2026-10-09T06:34:49.373022346Z,9.030136,115.804358,Cloud to Ground,18013,0,10
2026-10-09T06:34:48.772665345Z,8.976466,115.798283,Cloud to Ground,18131,0,10
2026-10-09T06:34:49.229836719Z,9.054558,115.794132,Cloud to Cloud,19141,18264,11
2026-10-09T06:34:48.985784928Z,9.036304,115.804551,Cloud to Ground,40293,0,16
2026-10-09T06:34:48.831730731Z,9.023536,115.814355,Cloud to Ground,52007,0,10
2026-10-09T06:34:50.881368988Z,12.202455,116.467396,Cloud to Ground,13154,0,7
2026-10-09T06:34:50.885969523Z,12.324684,116.386886,Cloud to Cloud,11644,3025,6
2026-10-09T06:34:51.106094011Z,1.35267,118.368181,Cloud to Ground,-9451,0,13
2026-10-09T06:34:51.464894667Z,9.70796,118.484401,Cloud to Cloud,-11119,4995,7
2026-10-09T06:34:51.354197198Z,9.552675,118.451786,Cloud to Cloud,10273,6735,10
2026-10-09T06:34:52.238113441Z,7.931333,123.271193,Cloud to Ground,-18880,0,22
2026-10-09T06:34:52.271486098Z,7.851829,123.30711,Cloud to Ground,24124,0,18
2026-10-09T06:34:54.147805344Z,7.184192,110.944223,Cloud to Ground,17620,0,10
2026-10-09T06:34:54.500093921Z,7.282776,110.991776,Cloud to Ground,-55712,0,20
2026-10-09T06:34:55.684199736Z,8.325151,123.388484,Cloud to Cloud,-14374,17036,13
2026-10-09T06:34:55.651767806Z,9.768207,118.485992,Cloud to Cloud,22019,3018,8
2026-10-09T06:34:55.216267753Z,9.535908,118.393571,Cloud to Cloud,-13268,11775,8
2026-10-09T06:34:55.347880936Z,2.148369,112.507458,Cloud to Ground,-20883,0,15
2026-10-09T06:34:56.036034092Z,2.205773,112.546177,Cloud to Ground,18880,0,17
2026-10-09T06:34:56.113316746Z,7.965563,123.266817,Cloud to Ground,10324,0,10
2026-10-09T06:35:00.354071324Z,2.451942,112.749999,Cloud to Ground,-14867,0,11
2026-10-09T06:35:02.424713230Z,7.92475,123.11083,Cloud to Ground,-10956,0,8
2026-10-09T06:35:02.463814575Z,7.869216,123.145852,Cloud to Ground,14289,0,16
2026-10-09T06:35:04.069161335Z,8.157741,123.397753,Cloud to Cloud,-14306,13625,10
2026-10-09T06:35:04.557192045Z,9.63669,118.418868,Cloud to Cloud,-12707,19855,5
2026-10-09T06:35:04.474604831Z,1.415996,118.404996,Cloud to Ground,-18446,0,13
2026-10-09T06:35:05.696734593Z,7.961933,123.400138,Cloud to Ground,17221,0,14
2026-10-09T06:35:06.993085944Z,9.465354,118.406215,Cloud to Cloud,11275,8611,7
2026-10-09T06:35:07.986970570Z,6.846395,110.761069,Cloud to Ground,-16180,0,8
2026-10-09T06:35:07.825152650Z,6.980786,110.752547,Cloud to Ground,-20344,0,20
2026-10-09T06:35:09.845640999Z,6.59773,124.440823,Cloud to Cloud,-11105,5790,8
2026-10-09T06:35:11.047499146Z,8.031725,123.294431,Cloud to Cloud,-9114,15334,7
2026-10-09T06:35:10.903616014Z,8.005443,123.309444,Cloud to Cloud,-6927,3011,9
2026-10-09T06:35:11.189631674Z,9.027137,126.009843,Cloud to Ground,25609,0,16
2026-10-09T06:35:12.820151722Z,4.105402,116.022679,Cloud to Ground,-16199,0,8
2026-10-09T06:35:12.824915218Z,4.031725,116.172997,Cloud to Ground,-14188,0,22
2026-10-09T06:35:12.803432114Z,8.064367,123.386191,Cloud to Cloud,11400,17888,6
2026-10-09T06:35:12.088467990Z,7.999236,123.326793,Cloud to Ground,13572,0,7
2026-10-09T06:35:12.994879265Z,8.148897,125.269142,Cloud to Cloud,-24759,3002,8
2026-10-09T06:35:13.239666901Z,8.091862,125.29329,Cloud to Ground,14049,0,14
2026-10-09T06:35:13.694345997Z,14.100114,112.726939,Cloud to Cloud,10406,3003,9
2026-10-09T06:35:13.692521878Z,14.154691,112.816598,Cloud to Ground,29081,0,10
2026-10-09T06:35:14.508067065Z,8.188502,125.0877,Cloud to Ground,12928,0,15
2026-10-09T06:35:16.488451339Z,7.970912,123.088293,Cloud to Ground,16988,0,11
2026-10-09T06:35:16.547677019Z,14.710325,133.474404,Cloud to Ground,-31759,0,14
2026-10-09T06:35:16.466515674Z,14.838627,133.334729,Cloud to Ground,-13103,0,12
2026-10-09T06:35:16.459540073Z,14.80193,133.467213,Cloud to Ground,-16792,0,10
2026-10-09T06:35:17.569187846Z,9.604879,118.575327,Cloud to Cloud,12953,19097,9
2026-10-09T06:35:17.197066296Z,7.312759,130.816009,Cloud to Ground,25687,0,17
2026-10-09T06:35:17.647187346Z,12.482792,116.273383,Cloud to Cloud,-65557,13352,12
2026-10-09T06:35:17.538892927Z,12.40846,116.24194,Cloud to Cloud,-14445,7694,10
2026-10-09T06:35:17.538460025Z,12.415227,116.247635,Cloud to Ground,26608,0,7
2026-10-09T06:35:19.189350803Z,6.670312,125.368489,Cloud to Ground,-18710,0,17
2026-10-09T06:35:19.311461009Z,8.615046,117.230587,Cloud to Ground,21419,0,8
2026-10-09T06:35:19.315189371Z,8.841047,117.250083,Cloud to Ground,-20478,0,7
2026-10-09T06:35:19.310410776Z,8.847504,117.219781,Cloud to Ground,-18872,0,11
2026-10-09T06:35:19.335161521Z,8.851726,117.209239,Cloud to Cloud,-14431,15333,15
2026-10-09T06:35:20.778305803Z,14.977297,111.723341,Cloud to Ground,-14989,0,9
2026-10-09T06:35:21.798003440Z,7.863744,123.418852,Cloud to Cloud,-8841,16322,7
2026-10-09T06:35:21.611090058Z,7.979045,123.179178,Cloud to Ground,-28985,0,20
2026-10-09T06:35:21.962598074Z,7.96883,123.17691,Cloud to Ground,-24028,0,26
2026-10-09T06:35:22.075884601Z,7.969175,123.177263,Cloud to Ground,-16709,0,10
2026-10-09T06:35:21.795540000Z,7.8499,123.1966,Cloud to Ground,96054,0,7
2026-10-09T06:35:22.223377263Z,8.249852,125.379655,Cloud to Ground,-65711,0,18
2026-10-09T06:35:22.569839526Z,8.321727,125.377194,Cloud to Ground,-48285,0,29
2026-10-09T06:35:22.234824427Z,8.343306,125.358429,Cloud to Ground,-27780,0,15
2026-10-09T06:35:22.285660992Z,8.30341,125.343983,Cloud to Ground,-27114,0,15
2026-10-09T06:35:22.323582000Z,8.322,125.4349,Cloud to Ground,10046,0,7
2026-10-09T06:35:23.187256138Z,4.422354,116.199817,Cloud to Cloud,-16702,4677,15
2026-10-09T06:35:23.511341705Z,9.672465,118.445641,Cloud to Cloud,28124,7414,9
2026-10-09T06:35:23.412048333Z,9.586439,118.475142,Cloud to Ground,-24421,0,10
2026-10-09T06:35:23.449120806Z,9.579428,118.483568,Cloud to Ground,17146,0,16
2026-10-09T06:35:25.238943493Z,8.036866,123.427947,Cloud to Ground,26989,0,9
2026-10-09T06:35:25.460102020Z,7.944052,123.495028,Cloud to Ground,15815,0,8
2026-10-09T06:35:25.423391002Z,9.118124,125.818513,Cloud to Cloud,-16549,4438,8
2026-10-09T06:35:25.929497633Z,9.212242,125.634007,Cloud to Ground,-42885,0,15
2026-10-09T06:35:25.435747831Z,9.246125,125.618405,Cloud to Ground,-30367,0,21
2026-10-09T06:35:25.558561730Z,9.196493,125.586753,Cloud to Ground,-26508,0,16
2026-10-09T06:35:25.592529393Z,9.227075,125.636983,Cloud to Ground,-22595,0,11
2026-10-09T06:35:25.535273033Z,9.228364,125.662965,Cloud to Ground,-18646,0,32
2026-10-09T06:35:25.619682010Z,9.195986,125.638998,Cloud to Ground,-12609,0,7
2026-10-09T06:35:25.959840113Z,9.205993,125.639738,Cloud to Ground,-12451,0,7
2026-10-09T06:35:25.492388282Z,9.287545,125.738646,Cloud to Ground,-38046,0,14
2026-10-09T06:35:25.834367000Z,9.2314,125.8016,Cloud to Ground,17192,0,8
2026-10-09T06:35:26.667774186Z,8.017535,123.367391,Cloud to Ground,36094,0,13
2026-10-09T06:35:26.182970929Z,8.730488,125.378279,Cloud to Ground,-10078,0,12
2026-10-09T06:35:26.639080948Z,8.666216,132.86345,Cloud to Ground,-14789,0,9
2026-10-09T06:35:26.586601552Z,8.783121,132.806018,Cloud to Ground,-12340,0,12
2026-10-09T06:35:26.650904630Z,8.663088,132.834725,Cloud to Ground,13715,0,15
2026-10-09T06:35:26.639827788Z,8.683325,132.855564,Cloud to Ground,25741,0,13
2026-10-09T06:35:26.679949798Z,8.752833,132.812384,Cloud to Ground,29214,0,7
2026-10-09T06:35:26.706526177Z,8.663067,132.831287,Cloud to Ground,36291,0,30
2026-10-09T06:35:26.590661485Z,8.721908,132.723779,Cloud to Ground,-77525,0,35
2026-10-09T06:35:28.390987482Z,4.758855,111.955288,Cloud to Ground,29873,0,13
2026-10-09T06:35:28.345499490Z,4.7464,111.947335,Cloud to Ground,38673,0,14
2026-10-09T06:35:28.196783012Z,4.765538,111.931865,Cloud to Ground,90416,0,11
2026-10-09T06:35:28.203857473Z,4.749884,111.930281,Cloud to Ground,124730,0,16
2026-10-09T06:35:29.883912397Z,15.245934,113.253314,Cloud to Cloud,-10903,9492,7
2026-10-09T06:35:29.853731981Z,15.273154,113.268215,Cloud to Ground,5848,0,5
2026-10-09T06:35:30.534966161Z,15.343678,113.324579,Cloud to Cloud,13008,14758,6
2026-10-09T06:35:30.991954503Z,9.173365,117.986823,Cloud to Cloud,-32605,13994,10
2026-10-09T06:35:30.993372433Z,9.22042,117.969492,Cloud to Ground,-31640,0,14
2026-10-09T06:35:30.989530931Z,9.22119,117.950792,Cloud to Ground,61652,0,11
2026-10-09T06:35:30.663091869Z,11.913965,125.083808,Cloud to Ground,-51667,0,10
2026-10-09T06:35:30.768597359Z,11.888201,125.042875,Cloud to Ground,-42541,0,21
2026-10-09T06:35:30.824363000Z,11.868,125.1549,Cloud to Ground,-42170,0,5
2026-10-09T06:35:31.721370239Z,6.586121,124.426421,Cloud to Ground,-10631,0,9
2026-10-09T06:35:32.649530775Z,9.021531,115.809251,Cloud to Ground,22311,0,10
2026-10-09T06:35:32.885508946Z,8.304358,132.465338,Cloud to Ground,14953,0,11
2026-10-09T06:35:34.301978729Z,14.17151,111.730817,Cloud to Ground,19161,0,6
2026-10-09T06:35:34.052629132Z,13.175051,110.879732,Cloud to Ground,-27446,0,9
2026-10-09T06:35:34.407944443Z,13.179794,110.899213,Cloud to Ground,-24820,0,6
2026-10-09T06:35:34.051951262Z,13.146207,110.817847,Cloud to Ground,19084,0,9
2026-10-09T06:35:34.054495625Z,13.151694,110.817223,Cloud to Ground,37946,0,5
2026-10-09T06:35:34.360752000Z,14.2287,111.8125,Cloud to Ground,16992,0,9
2026-10-09T06:35:36.192782754Z,7.987182,123.356219,Cloud to Ground,16061,0,10
2026-10-09T06:35:38.954040364Z,7.990796,123.451241,Cloud to Ground,-13617,0,8
2026-10-09T06:35:38.735992186Z,7.989922,123.425746,Cloud to Ground,-13488,0,12
2026-10-09T06:35:38.931744301Z,8.076571,123.369664,Cloud to Ground,-9151,0,9
2026-10-09T06:35:39.121045725Z,8.075372,123.350774,Cloud to Ground,-8744,0,10
2026-10-09T06:35:38.472604508Z,13.368039,132.198837,Cloud to Ground,-48067,0,12
2026-10-09T06:35:38.487126460Z,13.305888,132.321924,Cloud to Ground,-32219,0,20
2026-10-09T06:35:38.513481569Z,13.315242,132.275773,Cloud to Ground,-17835,0,7
2026-10-09T06:35:38.492547376Z,13.378813,132.292028,Cloud to Cloud,-14400,17072,10
2026-10-09T06:35:38.491202642Z,13.328452,132.308006,Cloud to Cloud,-11090,4303,12
2026-10-09T06:35:39.805871000Z,9.8439,124.1491,Cloud to Ground,37814,0,5
2026-10-09T06:35:40.806552246Z,9.069064,125.748687,Cloud to Ground,-14166,0,11
2026-10-09T06:35:40.654381401Z,9.511207,118.371723,Cloud to Cloud,-8832,5349,6
2026-10-09T06:35:41.056949068Z,8.909146,115.837212,Cloud to Cloud,-18693,19843,9
2026-10-09T06:35:40.935882561Z,8.974831,115.835167,Cloud to Cloud,-14919,15582,10
2026-10-09T06:35:41.291152331Z,8.89244,115.763651,Cloud to Cloud,-12865,16604,7
2026-10-09T06:35:41.026713828Z,8.954669,115.848356,Cloud to Ground,21731,0,14
2026-10-09T06:35:41.184783181Z,7.446463,131.582144,Cloud to Cloud,-12329,17264,19
2026-10-09T06:35:41.182137595Z,7.437862,131.4691,Cloud to Cloud,14641,6450,9
2026-10-09T06:35:42.853865106Z,9.581031,118.482251,Cloud to Ground,20390,0,12
2026-10-09T06:35:43.409428967Z,8.745338,125.444801,Cloud to Ground,-64127,0,20
2026-10-09T06:35:43.817983665Z,15.01274,111.664492,Cloud to Ground,-22244,0,7
2026-10-09T06:35:43.839083507Z,15.013755,111.630576,Cloud to Ground,-18986,0,8
2026-10-09T06:35:43.511939765Z,12.654896,115.04367,Cloud to Cloud,20479,16229,7
2026-10-09T06:35:43.873532409Z,12.585672,115.108813,Cloud to Ground,-55472,0,18
2026-10-09T06:35:43.927242176Z,12.562999,115.155325,Cloud to Ground,-20832,0,12
2026-10-09T06:35:44.039106954Z,12.537537,115.172802,Cloud to Cloud,-10963,5424,8
2026-10-09T06:35:43.962033854Z,12.606375,115.123111,Cloud to Ground,49339,0,20
2026-10-09T06:35:44.500308116Z,8.525961,123.231247,Cloud to Ground,-21298,0,8
2026-10-09T06:35:44.013288918Z,12.489788,115.079256,Cloud to Ground,-16356,0,6
2026-10-09T06:35:45.469959586Z,7.854658,123.296831,Cloud to Ground,-12383,0,11
2026-10-09T06:35:45.444279881Z,7.862902,123.214157,Cloud to Ground,30380,0,19
2026-10-09T06:35:45.580186741Z,7.297985,130.766959,Cloud to Ground,-10692,0,14
2026-10-09T06:35:46.450183485Z,6.45775,124.416368,Cloud to Ground,-14915,0,10
2026-10-09T06:35:46.461433819Z,6.439737,124.548208,Cloud to Ground,13332,0,12
2026-10-09T06:35:46.865847586Z,6.522766,124.534431,Cloud to Ground,16988,0,11
2026-10-09T06:35:46.463383692Z,6.442912,124.565509,Cloud to Ground,19604,0,17
2026-10-09T06:35:46.450649625Z,6.444484,124.555517,Cloud to Ground,37569,0,22
2026-10-09T06:35:48.255167798Z,13.454809,115.494123,Cloud to Ground,-16134,0,10
2026-10-09T06:35:49.827455948Z,8.003488,123.47864,Cloud to Ground,18317,0,13
2026-10-09T06:35:50.463595649Z,8.012717,123.317393,Cloud to Cloud,-14259,8808,8
2026-10-09T06:35:50.724945375Z,7.940404,123.352465,Cloud to Ground,12479,0,11
2026-10-09T06:35:50.390523991Z,7.97803,123.326395,Cloud to Ground,14124,0,11
2026-10-09T06:35:51.513714149Z,9.746053,118.40189,Cloud to Ground,-13728,0,12
2026-10-09T06:35:53.205023085Z,14.520804,130.663118,Cloud to Ground,40825,0,10
2026-10-09T06:35:53.257293640Z,14.360244,130.862449,Cloud to Cloud,12883,3082,7
2026-10-09T06:35:53.217205839Z,14.475587,130.820395,Cloud to Cloud,-14307,6901,12
2026-10-09T06:35:53.464094449Z,14.483939,130.904492,Cloud to Ground,-13699,0,7
2026-10-09T06:35:53.354365024Z,14.504713,130.822763,Cloud to Cloud,-9594,11176,7
2026-10-09T06:35:53.221262285Z,14.472834,130.86354,Cloud to Cloud,-8659,16843,8
2026-10-09T06:35:55.769858344Z,8.367398,123.094889,Cloud to Cloud,-8725,16882,7
2026-10-09T06:35:55.103116868Z,8.049933,123.325029,Cloud to Ground,15768,0,16
2026-10-09T06:35:56.320211491Z,1.368113,118.432306,Cloud to Ground,9760,0,6
2026-10-09T06:35:56.188398645Z,8.033683,123.33099,Cloud to Ground,-17943,0,13
2026-10-09T06:35:57.049491293Z,12.414585,116.184716,Cloud to Cloud,-12533,6982,9
2026-10-09T06:35:56.673481428Z,12.478553,116.191414,Cloud to Cloud,-11070,18784,8
2026-10-09T06:35:57.059263562Z,12.412947,116.188022,Cloud to Cloud,-3872,12004,7
2026-10-09T06:35:58.774883898Z,5.468199,116.878134,Cloud to Cloud,-14369,17883,8
2026-10-09T06:35:58.793785280Z,5.487486,116.88181,Cloud to Ground,-14337,0,14
2026-10-09T06:35:59.448056074Z,9.550486,118.316722,Cloud to Cloud,-12100,18854,7
2026-10-09T06:35:59.857129180Z,18.708573,123.417937,Cloud to Ground,-32519,0,15
2026-10-09T06:35:59.907557006Z,18.650816,123.363861,Cloud to Cloud,-8251,19609,8
2026-10-09T06:35:59.862679230Z,18.716687,123.398843,Cloud to Cloud,8854,15221,7
2026-10-09T06:35:59.858099604Z,18.735789,123.450038,Cloud to Ground,25470,0,10
2026-10-09T06:36:01.385661967Z,8.081059,123.362998,Cloud to Ground,-46939,0,20
2026-10-09T06:36:01.819978890Z,8.099,123.328368,Cloud to Ground,-38505,0,8
2026-10-09T06:36:01.497197765Z,8.06367,123.34608,Cloud to Ground,-25746,0,9
2026-10-09T06:36:01.498229873Z,7.99161,123.398686,Cloud to Cloud,-17380,3725,19
2026-10-09T06:36:02.018587507Z,7.995419,123.395573,Cloud to Ground,-13690,0,11
2026-10-09T06:36:01.715985600Z,8.065722,123.361645,Cloud to Ground,-12940,0,8
2026-10-09T06:36:01.579286000Z,8.017,123.427,Cloud to Ground,21479,0,10
2026-10-09T06:36:01.819005000Z,8.0228,123.4121,Cloud to Ground,36512,0,5
2026-10-09T06:36:02.369961000Z,7.8687,124.0821,Cloud to Ground,103332,0,6
2026-10-09T06:36:03.108552822Z,4.350031,116.211681,Cloud to Ground,-23868,0,15
2026-10-09T06:36:03.628607397Z,4.356097,116.21788,Cloud to Ground,-18456,0,7
2026-10-09T06:36:04.136345063Z,9.441333,118.4402,Cloud to Cloud,5617,18454,7
2026-10-09T06:36:05.371823832Z,2.977181,123.90844,Cloud to Cloud,-7349,3129,8
2026-10-09T06:36:05.100008838Z,2.882305,123.933026,Cloud to Ground,-15399,0,12
2026-10-09T06:36:05.245944682Z,2.839359,123.913281,Cloud to Ground,25887,0,23
2026-10-09T06:36:05.341442744Z,2.841551,123.920261,Cloud to Ground,32911,0,27
2026-10-09T06:36:05.280710352Z,2.841932,123.918152,Cloud to Ground,36677,0,18
2026-10-09T06:36:05.107489512Z,2.854697,123.936305,Cloud to Ground,205937,0,24
2026-10-09T06:36:05.212951004Z,8.285957,132.466646,Cloud to Ground,-26745,0,19
2026-10-09T06:36:05.080863898Z,8.286974,132.464603,Cloud to Ground,-18914,0,23
2026-10-09T06:36:05.040804529Z,8.282515,132.458668,Cloud to Ground,-15422,0,20
2026-10-09T06:36:04.984771045Z,8.299336,132.481445,Cloud to Ground,15262,0,13
2026-10-09T06:36:05.124975339Z,8.294363,132.475997,Cloud to Ground,16682,0,17
2026-10-09T06:36:06.916243639Z,8.765284,125.355819,Cloud to Ground,-46668,0,21
2026-10-09T06:36:07.003795521Z,8.696933,125.364966,Cloud to Ground,-21237,0,15
2026-10-09T06:36:06.966933749Z,8.777762,125.382647,Cloud to Ground,-18840,0,20
2026-10-09T06:36:06.832955590Z,8.759196,125.355334,Cloud to Ground,-18364,0,20
2026-10-09T06:36:07.246274318Z,8.684745,125.362667,Cloud to Ground,-10002,0,19
2026-10-09T06:36:07.165691000Z,8.7308,125.371,Cloud to Ground,7603,0,13
2026-10-09T06:36:07.101374860Z,8.632609,125.425853,Cloud to Ground,14942,0,7
2026-10-09T06:36:06.143314039Z,7.905914,123.146671,Cloud to Ground,22177,0,12
2026-10-09T06:36:07.051567449Z,7.968853,123.397739,Cloud to Ground,-21262,0,16
2026-10-09T06:36:06.692085290Z,7.974972,123.402981,Cloud to Ground,60405,0,17
2026-10-09T06:36:06.826146522Z,6.840277,111.486305,Cloud to Ground,68812,0,13
2026-10-09T06:36:06.176538843Z,8.675475,132.852738,Cloud to Ground,40196,0,20
2026-10-09T06:36:06.262112256Z,8.668555,132.724169,Cloud to Ground,-24292,0,25
2026-10-09T06:36:07.061698000Z,8.7144,125.0389,Cloud to Ground,38869,0,5
2026-10-09T06:36:09.146718282Z,2.898811,112.850189,Cloud to Ground,22134,0,11
2026-10-09T06:36:09.408469388Z,2.814898,112.923911,Cloud to Ground,-17808,0,6
2026-10-09T06:36:09.532115012Z,2.818133,112.986357,Cloud to Ground,29848,0,15
2026-10-09T06:36:09.335649267Z,2.813149,112.976454,Cloud to Ground,69182,0,21
2026-10-09T06:36:09.075530500Z,2.815119,112.955983,Cloud to Ground,118355,0,19
2026-10-09T06:36:11.245012960Z,15.277247,111.360719,Cloud to Cloud,-26667,3138,7
2026-10-09T06:36:11.248601702Z,15.273005,111.357778,Cloud to Cloud,-19335,3580,8
2026-10-09T06:36:11.462869312Z,15.311299,111.385517,Cloud to Ground,-14336,0,6
2026-10-09T06:36:11.368196491Z,15.307993,111.332132,Cloud to Ground,7337,0,5
2026-10-09T06:36:12.496219602Z,8.822854,117.379568,Cloud to Ground,24017,0,10
2026-10-09T06:36:12.550060351Z,8.835956,117.389337,Cloud to Ground,32877,0,8
2026-10-09T06:36:14.981916099Z,8.087291,125.333245,Cloud to Ground,-21626,0,10
2026-10-09T06:36:14.817814445Z,12.290304,116.410992,Cloud to Ground,22327,0,10
2026-10-09T06:36:14.287070254Z,13.331905,112.917305,Cloud to Ground,21572,0,8
2026-10-09T06:36:16.893637530Z,8.902633,115.892901,Cloud to Ground,-15905,0,8
2026-10-09T06:36:17.154870256Z,6.513446,124.51714,Cloud to Ground,-18343,0,22
2026-10-09T06:36:17.104031767Z,6.519593,124.503896,Cloud to Ground,-13397,0,15
2026-10-09T06:36:17.524576071Z,9.758208,118.484539,Cloud to Cloud,-13513,14034,11
2026-10-09T06:36:18.649832574Z,8.159129,125.132472,Cloud to Ground,19975,0,12
2026-10-09T06:36:18.312362236Z,8.094516,123.401671,Cloud to Cloud,-10519,14688,10
2026-10-09T06:36:18.500394074Z,11.85593,124.960868,Cloud to Cloud,10778,18008,11
2026-10-09T06:36:20.979891379Z,7.858339,123.462919,Cloud to Ground,22666,0,7
2026-10-09T06:36:20.639843979Z,8.242345,123.730288,Cloud to Ground,12703,0,15
2026-10-09T06:36:20.314528448Z,8.074706,123.370026,Cloud to Ground,-27096,0,26
2026-10-09T06:36:20.470467880Z,7.989622,123.388447,Cloud to Ground,-25543,0,23
2026-10-09T06:36:21.136041222Z,7.993708,123.417665,Cloud to Ground,-25210,0,24
2026-10-09T06:36:20.364274526Z,8.078488,123.351717,Cloud to Ground,-22958,0,13
2026-10-09T06:36:20.972429196Z,8.063321,123.343147,Cloud to Ground,-18001,0,11
2026-10-09T06:36:21.032573725Z,8.07894,123.377625,Cloud to Ground,-13075,0,7
2026-10-09T06:36:20.471071832Z,8.067941,123.376089,Cloud to Cloud,18778,10279,16
2026-10-09T06:36:20.626545000Z,8.4273,123.652,Cloud to Ground,16542,0,6
2026-10-09T06:36:22.418985158Z,1.359093,118.415748,Cloud to Ground,-19713,0,9
2026-10-09T06:36:22.399595528Z,1.352297,118.430668,Cloud to Ground,-18261,0,11
2026-10-09T06:36:22.373997000Z,1.6377,118.2332,Cloud to Ground,25552,0,8
2026-10-09T06:36:23.281232193Z,8.002297,123.402498,Cloud to Ground,23008,0,20
2026-10-09T06:36:23.090643108Z,7.901758,123.429133,Cloud to Cloud,-14817,3014,7
2026-10-09T06:36:24.354955418Z,7.924743,123.258711,Cloud to Cloud,-24032,13057,13
2026-10-09T06:36:24.439336319Z,7.939065,123.249267,Cloud to Ground,-14232,0,15
2026-10-09T06:36:24.461602196Z,7.917793,123.274027,Cloud to Cloud,-13024,12777,14
2026-10-09T06:36:23.994604505Z,7.856658,123.298507,Cloud to Ground,17662,0,8
2026-10-09T06:36:24.297898926Z,7.847744,123.314768,Cloud to Ground,47963,0,21
2026-10-09T06:36:24.243164112Z,7.850311,123.310005,Cloud to Ground,50317,0,18
2026-10-09T06:36:24.795043955Z,8.682718,125.396517,Cloud to Ground,17706,0,9
2026-10-09T06:36:26.417378539Z,7.88762,123.120928,Cloud to Ground,18633,0,12
2026-10-09T06:36:27.714929000Z,7.375,130.8335,Cloud to Ground,-14455,0,5
2026-10-09T06:36:28.837735028Z,3.525572,113.388479,Cloud to Ground,90004,0,26
2026-10-09T06:36:30.082200000Z,8.046566,123.424207,Cloud to Ground,25656,0,10
2026-10-09T06:36:30.727643038Z,6.61235,124.40168,Cloud to Cloud,-8778,15622,7
2026-10-09T06:36:32.581656114Z,8.109937,123.402374,Cloud to Cloud,-9063,17470,10
2026-10-09T06:36:32.678464157Z,8.025327,123.371671,Cloud to Ground,18395,0,8
2026-10-09T06:36:33.125762395Z,7.550535,120.29027,Cloud to Ground,-104492,0,15
2026-10-09T06:36:33.123151362Z,7.518287,120.154601,Cloud to Ground,-163656,0,18
2026-10-09T06:36:33.236833052Z,7.527976,120.121742,Cloud to Ground,-69850,0,15
2026-10-09T06:36:33.235531325Z,7.519437,120.154044,Cloud to Ground,-30246,0,17
2026-10-09T06:36:33.984446106Z,8.56155,132.631311,Cloud to Ground,-27571,0,29
2026-10-09T06:36:34.914307449Z,8.001933,123.317584,Cloud to Ground,28296,0,14
2026-10-09T06:36:35.601757757Z,9.726438,118.400722,Cloud to Cloud,-7635,3487,7
2026-10-09T06:36:35.389772926Z,9.730898,118.391124,Cloud to Cloud,-7512,4566,5
2026-10-09T06:36:35.236398849Z,1.293856,118.632584,Cloud to Ground,-13280,0,12
2026-10-09T06:36:35.254173657Z,1.29849,118.618123,Cloud to Ground,-11770,0,10
2026-10-09T06:36:36.436019204Z,7.504795,120.074044,Cloud to Cloud,-15969,3044,14
2026-10-09T06:36:36.249830488Z,7.432192,120.163725,Cloud to Ground,-22296,0,13
2026-10-09T06:36:36.488617056Z,14.142852,112.821343,Cloud to Cloud,9935,7122,10
2026-10-09T06:36:36.487198073Z,14.110979,112.75225,Cloud to Ground,11081,0,10
2026-10-09T06:36:36.487779375Z,14.103309,112.745322,Cloud to Ground,30743,0,9
2026-10-09T06:36:37.735819040Z,9.577755,118.407795,Cloud to Ground,-24132,0,16
2026-10-09T06:36:38.164564910Z,9.563257,118.493287,Cloud to Ground,-16040,0,12
2026-10-09T06:36:38.258105025Z,9.57246,118.409308,Cloud to Cloud,-14437,17953,11
2026-10-09T06:36:38.766226427Z,9.549902,118.412417,Cloud to Cloud,13581,16922,7
2026-10-09T06:36:37.382855781Z,7.981841,123.486153,Cloud to Ground,12907,0,12
2026-10-09T06:36:37.867749996Z,13.413885,115.491925,Cloud to Ground,-14733,0,8
2026-10-09T06:36:37.930773981Z,13.408254,115.476642,Cloud to Cloud,-12863,7047,8
2026-10-09T06:36:39.206546771Z,7.909802,123.12558,Cloud to Ground,27831,0,6
2026-10-09T06:36:39.444190154Z,8.295126,125.314591,Cloud to Ground,-21502,0,16
2026-10-09T06:36:39.543396351Z,8.305543,125.350542,Cloud to Ground,-19697,0,8
2026-10-09T06:36:38.804260780Z,8.32579,125.344697,Cloud to Ground,-19646,0,22
2026-10-09T06:36:38.851704814Z,8.23237,125.387323,Cloud to Ground,19830,0,8
2026-10-09T06:36:41.706790619Z,15.535841,113.017297,Cloud to Cloud,-8244,3020,7
2026-10-09T06:36:41.699099720Z,15.534517,112.987282,Cloud to Cloud,5683,9819,7
2026-10-09T06:36:41.716046885Z,15.531998,112.982934,Cloud to Ground,7873,0,7
2026-10-09T06:36:42.743946809Z,14.180158,111.812113,Cloud to Ground,17417,0,7
2026-10-09T06:36:44.345892276Z,4.357815,116.237388,Cloud to Ground,-30545,0,17
2026-10-09T06:36:44.433709270Z,4.363201,116.240319,Cloud to Ground,-16334,0,8
2026-10-09T06:36:44.960652254Z,4.321872,116.272523,Cloud to Ground,18523,0,9
2026-10-09T06:36:45.019676994Z,4.351373,116.221693,Cloud to Ground,20553,0,13
2026-10-09T06:36:44.509702161Z,4.358043,116.236707,Cloud to Ground,24253,0,13
2026-10-09T06:36:44.687129834Z,4.414391,116.223095,Cloud to Ground,32961,0,8
2026-10-09T06:36:44.628312732Z,4.397497,116.222762,Cloud to Ground,33283,0,9
2026-10-09T06:36:44.409725895Z,4.369072,116.194702,Cloud to Ground,40312,0,16
2026-10-09T06:36:44.853434290Z,4.352422,116.232339,Cloud to Ground,45632,0,18
2026-10-09T06:36:44.771226328Z,4.351018,116.237383,Cloud to Ground,49196,0,16
2026-10-09T06:36:44.958174181Z,4.354671,116.238554,Cloud to Ground,57256,0,19
2026-10-09T06:36:44.449343803Z,4.364478,116.211131,Cloud to Ground,70755,0,23
2026-10-09T06:36:44.352229220Z,4.370976,116.221495,Cloud to Ground,153620,0,18
2026-10-09T06:36:44.117473844Z,8.092733,123.379061,Cloud to Ground,-90420,0,34
2026-10-09T06:36:43.886537570Z,8.088554,123.377713,Cloud to Ground,-37725,0,20
2026-10-09T06:36:43.987283492Z,8.04908,123.378011,Cloud to Ground,-23024,0,15
2026-10-09T06:36:44.013405037Z,8.021453,123.391351,Cloud to Ground,-18760,0,10
2026-10-09T06:36:44.368755823Z,8.005578,123.431389,Cloud to Ground,-17099,0,20
2026-10-09T06:36:43.909206869Z,8.09005,123.39125,Cloud to Ground,-11113,0,10
2026-10-09T06:36:44.531273016Z,8.002169,123.405123,Cloud to Ground,12474,0,10
2026-10-09T06:36:45.299281121Z,15.039877,111.663277,Cloud to Ground,-25102,0,10
2026-10-09T06:36:45.340530524Z,15.033801,111.674971,Cloud to Ground,14684,0,8
2026-10-09T06:36:47.380317581Z,8.044391,123.365127,Cloud to Ground,-18798,0,11
2026-10-09T06:36:47.285409000Z,7.9556,123.4048,Cloud to Ground,10767,0,6
2026-10-09T06:36:47.103993998Z,8.001368,123.412417,Cloud to Ground,21917,0,17
2026-10-09T06:36:46.671758872Z,7.989178,123.368067,Cloud to Ground,31623,0,19
2026-10-09T06:36:46.828949858Z,7.196729,126.279404,Cloud to Ground,22256,0,11
2026-10-09T06:36:47.159885471Z,8.656426,132.878465,Cloud to Ground,51998,0,25
2026-10-09T06:36:47.885310120Z,15.313113,113.254902,Cloud to Cloud,-10223,3876,8
2026-10-09T06:36:47.924100583Z,15.292756,113.237824,Cloud to Cloud,-8751,3019,8
2026-10-09T06:36:47.886541493Z,15.31763,113.246814,Cloud to Cloud,-6430,3415,7
2026-10-09T06:36:50.348143992Z,9.90728,124.283302,Cloud to Ground,26976,0,8
2026-10-09T06:36:51.792131771Z,4.416695,116.128986,Cloud to Cloud,-22558,19312,22
2026-10-09T06:36:52.002119942Z,4.422467,116.159781,Cloud to Ground,-16956,0,14
2026-10-09T06:36:53.712589648Z,7.907644,123.146624,Cloud to Cloud,-12397,19203,23
2026-10-09T06:36:53.992862327Z,7.743799,123.315794,Cloud to Cloud,-20256,15175,8
2026-10-09T06:36:54.827402557Z,6.465327,124.234068,Cloud to Ground,-23400,0,16
2026-10-09T06:36:54.670966750Z,12.129394,116.397374,Cloud to Cloud,15000,6190,7
2026-10-09T06:36:54.874919102Z,12.311174,116.417089,Cloud to Cloud,-10370,3076,10
2026-10-09T06:36:54.878145214Z,12.320514,116.413294,Cloud to Cloud,-5602,3398,6
2026-10-09T06:36:55.192961674Z,6.560966,124.384599,Cloud to Cloud,15442,18179,20
2026-10-09T06:36:55.249629646Z,9.683229,118.451687,Cloud to Ground,37627,0,16
2026-10-09T06:36:56.669872355Z,11.845887,125.087707,Cloud to Ground,-16104,0,7
2026-10-09T06:36:56.600164688Z,11.828863,124.977324,Cloud to Cloud,12327,7384,9
2026-10-09T06:36:59.556709845Z,8.030041,123.376126,Cloud to Ground,-19089,0,11
2026-10-09T06:36:59.146555313Z,8.002889,123.403236,Cloud to Ground,-16883,0,11
2026-10-09T06:36:59.129621963Z,8.009962,123.40088,Cloud to Ground,-14325,0,14
2026-10-09T06:36:59.187236765Z,8.087226,123.41735,Cloud to Cloud,11834,8170,9
2026-10-09T06:36:59.335320840Z,9.603898,118.446694,Cloud to Cloud,-13356,7445,12
2026-10-09T06:36:59.374890107Z,9.510399,118.415871,Cloud to Cloud,-15110,7299,11
2026-10-09T06:36:59.084451314Z,9.455274,118.375929,Cloud to Cloud,-7211,3022,7
2026-10-09T06:37:00.639376530Z,7.912276,123.24966,Cloud to Ground,-13860,0,8
2026-10-09T06:37:00.752570340Z,7.928979,123.24155,Cloud to Ground,-9063,0,11
2026-10-09T06:37:01.832104108Z,7.937093,123.889092,Cloud to Cloud,-8996,17281,13
2026-10-09T06:37:01.818484320Z,7.881947,123.927413,Cloud to Ground,17907,0,13
2026-10-09T06:37:01.795432679Z,8.155097,123.708246,Cloud to Cloud,-23519,5548,9
2026-10-09T06:37:01.143436048Z,7.894769,123.381037,Cloud to Cloud,-19542,5333,9
2026-10-09T06:37:02.905779124Z,1.354993,118.474294,Cloud to Ground,15045,0,14
2026-10-09T06:37:02.851899248Z,8.075045,123.369935,Cloud to Ground,-27468,0,20
2026-10-09T06:37:03.424476846Z,8.065209,123.350542,Cloud to Ground,-21666,0,22
2026-10-09T06:37:03.192715201Z,8.032365,123.380115,Cloud to Ground,-18272,0,11
2026-10-09T06:37:02.936358476Z,7.988277,123.409937,Cloud to Ground,-17736,0,13
2026-10-09T06:37:03.163391143Z,8.040507,123.375587,Cloud to Cloud,-15965,3089,20
2026-10-09T06:37:03.247698992Z,8.072815,123.35516,Cloud to Ground,-15134,0,12
2026-10-09T06:37:03.224887337Z,8.039115,123.36931,Cloud to Ground,-13064,0,11
2026-10-09T06:37:02.891838227Z,8.07242,123.355343,Cloud to Ground,-11973,0,12
2026-10-09T06:37:03.317505000Z,8.0264,123.3958,Cloud to Ground,22006,0,5
2026-10-09T06:37:06.187710211Z,9.360775,115.254144,Cloud to Cloud,-29664,3137,11
2026-10-09T06:37:06.170853306Z,9.394751,115.247086,Cloud to Ground,-11632,0,7
2026-10-09T06:37:07.137935000Z,7.1556,111.0905,Cloud to Ground,36733,0,9
2026-10-09T06:37:17.433718084Z,8.984314,115.809334,Cloud to Ground,-63119,0,24
2026-10-09T06:37:17.534283638Z,8.970874,115.8457,Cloud to Cloud,-45178,3005,12
2026-10-09T06:37:17.557142688Z,9.022762,115.834714,Cloud to Cloud,18737,11086,9
2026-10-09T06:37:17.520507317Z,9.037418,115.79856,Cloud to Ground,26755,0,9
2026-10-09T06:37:18.029696075Z,7.903237,123.385632,Cloud to Cloud,19144,19641,7
2026-10-09T06:37:18.708209532Z,7.330846,130.779961,Cloud to Ground,30664,0,24
2026-10-09T06:37:18.661037319Z,7.37598,130.577432,Cloud to Cloud,-49549,19039,16
2026-10-09T06:37:18.707640011Z,7.344709,130.648937,Cloud to Ground,-23382,0,30
2026-10-09T06:37:18.731812630Z,7.34819,130.639689,Cloud to Cloud,-9692,3627,16
2026-10-09T06:37:18.654943285Z,7.379401,130.595652,Cloud to Cloud,19708,19349,12
2026-10-09T06:37:19.177837648Z,4.334601,116.210382,Cloud to Ground,-15195,0,14
2026-10-09T06:37:19.185154203Z,4.503373,116.094838,Cloud to Ground,-22276,0,21
2026-10-09T06:37:20.752176943Z,15.239249,113.225179,Cloud to Cloud,-9612,10030,7
2026-10-09T06:37:21.167867000Z,15.3324,113.4631,Cloud to Ground,17561,0,5
2026-10-09T06:37:22.729319703Z,2.179687,112.493367,Cloud to Ground,-12876,0,13
2026-10-09T06:37:22.930366412Z,2.076798,112.532207,Cloud to Ground,28277,0,15
2026-10-09T06:37:24.863062542Z,9.531699,118.454807,Cloud to Cloud,-22067,15247,7
2026-10-09T06:37:24.434179826Z,12.547421,115.161005,Cloud to Ground,-142417,0,13
2026-10-09T06:37:24.592768382Z,12.544648,115.161342,Cloud to Ground,-11508,0,10
2026-10-09T06:37:24.493069480Z,12.534451,115.180052,Cloud to Ground,38848,0,14
2026-10-09T06:37:25.329056088Z,8.076506,123.385248,Cloud to Ground,-47348,0,21
2026-10-09T06:37:25.858071927Z,8.061775,123.367283,Cloud to Ground,-18314,0,13
2026-10-09T06:37:25.404367745Z,8.086692,123.386647,Cloud to Ground,-16545,0,13
2026-10-09T06:37:25.486061936Z,9.538887,118.585994,Cloud to Cloud,-16598,6051,9
2026-10-09T06:37:25.106694002Z,9.723007,118.434418,Cloud to Cloud,-15999,13445,7
2026-10-09T06:37:25.089918952Z,9.724142,118.400502,Cloud to Cloud,-14180,16076,12
2026-10-09T06:37:26.273931518Z,1.366649,118.475867,Cloud to Ground,12414,0,13
2026-10-09T06:37:27.921036039Z,8.395678,132.444147,Cloud to Cloud,11358,5433,12
2026-10-09T06:37:28.011817221Z,8.290719,132.339309,Cloud to Cloud,16316,7510,8
2026-10-09T06:37:27.923546331Z,8.302091,132.362732,Cloud to Cloud,17610,17359,18
2026-10-09T06:37:29.547569266Z,8.674481,125.408483,Cloud to Ground,14210,0,12
2026-10-09T06:37:30.217779399Z,7.898548,123.466271,Cloud to Cloud,15187,3051,7
2026-10-09T06:37:33.765052478Z,18.464295,110.668267,Cloud to Cloud,15631,7129,7
2026-10-09T06:37:35.047575284Z,7.648993,123.435566,Cloud to Ground,-7264,0,7
2026-10-09T06:37:35.720549043Z,12.37026,116.130485,Cloud to Ground,10538,0,9
2026-10-09T06:37:35.656004025Z,12.345573,116.118046,Cloud to Cloud,13061,4943,8
2026-10-09T06:37:35.780578961Z,12.284934,116.24786,Cloud to Cloud,11527,8285,7
2026-10-09T06:37:35.650122146Z,12.270505,116.190367,Cloud to Cloud,16279,6930,8
2026-10-09T06:37:37.429265695Z,8.021687,123.336027,Cloud to Ground,23609,0,13
2026-10-09T06:37:37.424641155Z,7.929261,123.33153,Cloud to Ground,17507,0,8
2026-10-09T06:37:39.241381887Z,7.781265,123.199681,Cloud to Cloud,16635,18201,7
2026-10-09T06:37:39.369539479Z,7.90334,123.123459,Cloud to Cloud,-12549,3047,9
2026-10-09T06:37:39.030627333Z,7.900032,123.138321,Cloud to Ground,14585,0,13
2026-10-09T06:37:41.407789873Z,7.899772,124.732673,Cloud to Ground,19199,0,18
2026-10-09T06:37:41.413814298Z,7.892057,124.738559,Cloud to Ground,24994,0,17
2026-10-09T06:37:41.409929018Z,7.896755,124.733629,Cloud to Ground,75035,0,25
2026-10-09T06:37:41.465549638Z,2.902724,123.917854,Cloud to Ground,-25764,0,17
2026-10-09T06:37:41.530481281Z,2.917768,123.907706,Cloud to Ground,30180,0,20
2026-10-09T06:37:42.632722000Z,4.0256,116.054,Cloud to Ground,19472,0,5
2026-10-09T06:37:42.811660555Z,4.017604,116.038542,Cloud to Ground,28511,0,18
2026-10-09T06:37:42.728077542Z,4.01601,116.038946,Cloud to Ground,30367,0,14
2026-10-09T06:37:43.447176024Z,9.201166,117.598482,Cloud to Cloud,-14889,5906,8
2026-10-09T06:37:43.452126945Z,9.256651,117.591338,Cloud to Cloud,-10173,14762,14
2026-10-09T06:37:43.482508711Z,9.161339,117.588966,Cloud to Cloud,10924,5194,7
2026-10-09T06:37:43.444651141Z,9.24984,117.586573,Cloud to Cloud,22745,5571,10
2026-10-09T06:37:43.480888765Z,9.234062,117.551296,Cloud to Ground,24037,0,11
2026-10-09T06:37:44.649740434Z,9.626484,118.450903,Cloud to Cloud,-12843,7145,5
2026-10-09T06:37:45.539023080Z,7.901773,123.298398,Cloud to Ground,-31765,0,8
2026-10-09T06:37:47.148364368Z,8.000522,123.344054,Cloud to Ground,41792,0,24
2026-10-09T06:37:48.164956249Z,7.921244,123.449813,Cloud to Ground,-11220,0,12
2026-10-09T06:37:49.837815449Z,5.868954,118.063288,Cloud to Cloud,-14756,11377,14
2026-10-09T06:37:50.952964908Z,3.704715,113.672619,Cloud to Ground,32252,0,16
2026-10-09T06:37:51.029436755Z,3.698598,113.669878,Cloud to Ground,37657,0,16
2026-10-09T06:37:50.897122985Z,3.704563,113.671143,Cloud to Ground,89944,0,16
2026-10-09T06:37:52.155544874Z,4.85848,111.970282,Cloud to Ground,33028,0,10
2026-10-09T06:37:51.898759459Z,4.799801,111.952726,Cloud to Ground,44722,0,24
2026-10-09T06:37:52.094929581Z,4.868485,111.959594,Cloud to Ground,45761,0,13
2026-10-09T06:37:51.976688603Z,4.856303,111.967501,Cloud to Ground,86599,0,14
2026-10-09T06:37:51.394184627Z,9.297141,125.798468,Cloud to Ground,-16864,0,10
2026-10-09T06:37:53.478449480Z,7.979203,123.391177,Cloud to Ground,10837,0,8
2026-10-09T06:37:53.117799012Z,7.983223,123.393248,Cloud to Ground,22112,0,17
2026-10-09T06:37:53.644274147Z,8.06366,123.350686,Cloud to Cloud,-17038,14079,11
2026-10-09T06:37:56.040392949Z,7.982831,123.469261,Cloud to Ground,49363,0,11
2026-10-09T06:37:56.190066120Z,13.380374,132.297735,Cloud to Ground,-53235,0,29
2026-10-09T06:37:56.963130908Z,13.217888,132.329446,Cloud to Ground,-70981,0,17
2026-10-09T06:37:57.093514206Z,13.235022,132.387756,Cloud to Cloud,-17562,6640,19
2026-10-09T06:37:56.523861086Z,13.295468,132.381418,Cloud to Ground,-14587,0,14
2026-10-09T06:37:57.113663346Z,13.205028,132.357439,Cloud to Cloud,22542,7252,10
2026-10-09T06:37:56.984695449Z,13.284905,132.340981,Cloud to Cloud,25994,3076,11
2026-10-09T06:37:56.187537478Z,13.303968,132.353629,Cloud to Ground,43781,0,18
2026-10-09T06:37:57.049839588Z,5.910713,117.114346,Cloud to Cloud,-13969,6722,8
2026-10-09T06:37:57.077361164Z,13.133918,132.43475,Cloud to Ground,57700,0,13
2026-10-09T06:37:58.426906471Z,8.287654,123.724826,Cloud to Ground,-119934,0,21
2026-10-09T06:38:01.057045959Z,8.08121,123.357801,Cloud to Ground,-37022,0,13
2026-10-09T06:38:01.493738738Z,8.087004,123.384193,Cloud to Ground,-32375,0,14
2026-10-09T06:38:01.090289803Z,8.089207,123.396669,Cloud to Ground,-31075,0,12
2026-10-09T06:38:01.336369531Z,8.000407,123.344031,Cloud to Ground,-25554,0,19
2026-10-09T06:38:01.811875072Z,7.996966,123.41926,Cloud to Ground,-18288,0,19
2026-10-09T06:38:01.116106847Z,8.006007,123.403134,Cloud to Ground,-17341,0,17
2026-10-09T06:38:01.244779033Z,7.994893,123.456121,Cloud to Ground,-15878,0,13
2026-10-09T06:38:01.170394856Z,7.98961,123.432411,Cloud to Ground,-12019,0,16
2026-10-09T06:38:01.392846000Z,8.0062,123.4077,Cloud to Ground,39224,0,8
2026-10-09T06:38:04.164317592Z,7.976435,123.52591,Cloud to Cloud,7054,15396,7
2026-10-09T06:38:04.047400334Z,8.060635,123.45019,Cloud to Ground,-7472,0,7
2026-10-09T06:38:07.338657059Z,9.67894,118.416465,Cloud to Cloud,-23423,16847,10
2026-10-09T06:38:07.075671030Z,13.293286,133.12829,Cloud to Ground,-11987,0,11
2026-10-09T06:38:07.073888441Z,13.319542,133.138181,Cloud to Cloud,14793,3138,9
2026-10-09T06:38:07.072438819Z,13.307507,133.139825,Cloud to Ground,19062,0,12
2026-10-09T06:38:07.073468959Z,13.306052,133.14481,Cloud to Ground,46708,0,13
2026-10-09T06:38:09.750888630Z,8.837769,117.232794,Cloud to Cloud,-32294,3908,20
2026-10-09T06:38:09.784117214Z,8.777123,117.25776,Cloud to Cloud,-8323,16156,8
2026-10-09T06:38:09.747449987Z,8.794581,117.238076,Cloud to Ground,32096,0,7
2026-10-09T06:38:10.868685408Z,14.177077,111.787682,Cloud to Cloud,-31072,19435,7
2026-10-09T06:38:10.892331599Z,14.158404,111.721282,Cloud to Cloud,-18117,12714,6
2026-10-09T06:38:10.952710527Z,14.157522,111.711804,Cloud to Ground,-10542,0,7
2026-10-09T06:38:11.953434028Z,7.982122,122.783172,Cloud to Ground,-12602,0,15
2026-10-09T06:38:11.485790551Z,8.115524,123.294095,Cloud to Ground,-11381,0,13
2026-10-09T06:38:11.752703989Z,8.040384,123.343912,Cloud to Ground,18788,0,10
2026-10-09T06:38:11.148928744Z,8.081186,123.342655,Cloud to Ground,22259,0,12
2026-10-09T06:38:11.709974099Z,11.792071,125.057507,Cloud to Cloud,-19394,3373,10
2026-10-09T06:38:13.551715196Z,2.83847,123.902604,Cloud to Cloud,10016,3403,7
2026-10-09T06:38:13.645909453Z,2.85943,123.953889,Cloud to Ground,12749,0,13
2026-10-09T06:38:13.487064327Z,2.866436,123.963521,Cloud to Ground,32717,0,23
2026-10-09T06:38:13.349521180Z,2.867233,123.962116,Cloud to Ground,54618,0,29
2026-10-09T06:38:13.429423611Z,2.86552,123.962765,Cloud to Ground,65830,0,29
2026-10-09T06:38:13.266623334Z,2.86779,123.964374,Cloud to Ground,67247,0,31
2026-10-09T06:38:13.661981527Z,7.909548,123.131313,Cloud to Ground,17908,0,22
2026-10-09T06:38:14.446753464Z,12.605717,110.047948,Cloud to Ground,10856,0,6
2026-10-09T06:38:17.818099732Z,6.42453,124.442601,Cloud to Ground,20605,0,8
2026-10-09T06:38:18.295422227Z,9.539121,118.416425,Cloud to Cloud,-6008,6463,5
2026-10-09T06:38:18.373067944Z,9.678389,118.526792,Cloud to Cloud,-6373,7520,7
2026-10-09T06:38:18.505071544Z,4.439583,116.20578,Cloud to Cloud,-20395,7202,14
2026-10-09T06:38:18.856700634Z,4.362454,116.2546,Cloud to Ground,9375,0,10
2026-10-09T06:38:18.547077000Z,7.3405,130.7155,Cloud to Ground,-10685,0,7
2026-10-09T06:38:18.542354055Z,7.307197,130.651348,Cloud to Cloud,19568,12900,11
2026-10-09T06:38:18.141557385Z,13.460749,115.520871,Cloud to Ground,-14147,0,10
2026-10-09T06:38:17.998834273Z,13.428037,115.483752,Cloud to Cloud,-11547,7811,12
2026-10-09T06:38:19.250687716Z,8.048854,123.372496,Cloud to Cloud,-8055,3286,14
2026-10-09T06:38:19.999332909Z,15.323934,113.260873,Cloud to Cloud,-26963,7447,11
2026-10-09T06:38:20.028945076Z,15.322702,113.273537,Cloud to Ground,-6595,0,7
2026-10-09T06:38:19.965468440Z,15.322083,113.270683,Cloud to Cloud,-6535,9879,6
2026-10-09T06:38:19.941741000Z,15.3282,113.2211,Cloud to Ground,22459,0,5
2026-10-09T06:38:21.925762100Z,7.695982,123.376299,Cloud to Cloud,10476,14588,9
2026-10-09T06:38:21.251753000Z,12.2894,116.3573,Cloud to Ground,-57638,0,5
2026-10-09T06:38:21.262215450Z,12.296552,116.409709,Cloud to Ground,-46324,0,13
2026-10-09T06:38:21.595787260Z,12.324037,116.427256,Cloud to Ground,-30405,0,7
2026-10-09T06:38:21.471600944Z,12.324665,116.428778,Cloud to Ground,-25313,0,10
2026-10-09T06:38:21.362745838Z,12.328887,116.421173,Cloud to Ground,-17198,0,5
2026-10-09T06:38:21.545353834Z,12.325359,116.422232,Cloud to Ground,-16068,0,9
2026-10-09T06:38:21.252858804Z,12.266028,116.323896,Cloud to Cloud,-7741,3041,7
2026-10-09T06:38:21.345788467Z,12.283057,116.395078,Cloud to Cloud,10472,12155,8
2026-10-09T06:38:22.534855932Z,9.396431,118.524654,Cloud to Cloud,20760,4569,7
2026-10-09T06:38:23.337405064Z,8.041208,123.924153,Cloud to Ground,-13298,0,23
2026-10-09T06:38:23.262247879Z,7.948958,123.946549,Cloud to Ground,14034,0,9
2026-10-09T06:38:23.301189269Z,7.962902,123.953158,Cloud to Ground,39715,0,23
2026-10-09T06:38:23.253364196Z,7.974738,123.440465,Cloud to Ground,18424,0,17
2026-10-09T06:38:23.043052106Z,7.982418,123.435007,Cloud to Ground,27653,0,13
2026-10-09T06:38:24.109456551Z,4.079179,116.03446,Cloud to Ground,-21680,0,15
2026-10-09T06:38:24.107585395Z,4.002533,116.076829,Cloud to Ground,21085,0,17
2026-10-09T06:38:26.985299065Z,7.591534,120.084171,Cloud to Ground,-94271,0,30
2026-10-09T06:38:26.980911398Z,7.517758,120.153322,Cloud to Ground,-88493,0,25
2026-10-09T06:38:26.973395048Z,8.254295,125.423867,Cloud to Ground,-21442,0,13
2026-10-09T06:38:27.660462540Z,8.267298,125.411133,Cloud to Ground,-20250,0,16
2026-10-09T06:38:27.165684991Z,8.193973,125.401092,Cloud to Ground,-19285,0,14
2026-10-09T06:38:27.534668965Z,8.343894,125.375535,Cloud to Ground,-14493,0,7
2026-10-09T06:38:27.865185747Z,8.26193,125.380856,Cloud to Ground,12492,0,9
2026-10-09T06:38:27.728747984Z,8.205509,125.432463,Cloud to Ground,17749,0,9
2026-10-09T06:38:26.884282427Z,8.243631,125.408991,Cloud to Ground,18854,0,9
2026-10-09T06:38:26.934864000Z,8.2435,125.3999,Cloud to Ground,18939,0,5
2026-10-09T06:38:30.745733614Z,2.813647,112.923451,Cloud to Ground,-23990,0,13
2026-10-09T06:38:30.810153948Z,2.786946,112.945106,Cloud to Ground,48128,0,25
2026-10-09T06:38:31.016984843Z,2.90816,112.960173,Cloud to Ground,36431,0,13
2026-10-09T06:38:32.451500100Z,8.035798,123.354172,Cloud to Ground,-15539,0,13
2026-10-09T06:38:32.085298164Z,8.025961,123.37232,Cloud to Ground,23042,0,19
2026-10-09T06:38:32.021733743Z,7.971743,123.409508,Cloud to Ground,28110,0,26
2026-10-09T06:38:34.243048126Z,1.456148,118.455135,Cloud to Ground,-23579,0,20
2026-10-09T06:38:34.451437710Z,1.481488,118.435937,Cloud to Ground,-18308,0,19
2026-10-09T06:38:36.583756244Z,2.847838,123.912794,Cloud to Ground,-30864,0,19
2026-10-09T06:38:36.625775225Z,2.846809,123.940359,Cloud to Ground,-17245,0,20
2026-10-09T06:38:36.506686983Z,2.85095,123.931025,Cloud to Ground,14872,0,9
2026-10-09T06:38:36.544603982Z,2.848852,123.933344,Cloud to Ground,32631,0,22
2026-10-09T06:38:36.468074542Z,2.852001,123.940321,Cloud to Ground,44821,0,24
2026-10-09T06:38:37.502736790Z,9.636599,118.400123,Cloud to Cloud,-9402,15886,8
2026-10-09T06:38:38.762872750Z,8.018471,123.391428,Cloud to Ground,-13162,0,10
2026-10-09T06:38:38.354126140Z,10.195711,118.907673,Cloud to Cloud,-19399,14039,9
2026-10-09T06:38:38.591502632Z,10.163274,118.981039,Cloud to Cloud,-12621,10682,7
2026-10-09T06:38:38.372650086Z,10.133943,118.951344,Cloud to Ground,15438,0,8
2026-10-09T06:38:39.383218683Z,9.543097,118.332542,Cloud to Ground,-12252,0,6
2026-10-09T06:38:40.274774505Z,4.419868,116.188475,Cloud to Ground,12269,0,16
2026-10-09T06:38:40.678747159Z,4.426724,116.21296,Cloud to Ground,19547,0,11
2026-10-09T06:38:40.393226721Z,8.071684,123.164046,Cloud to Cloud,-19251,4174,14
2026-10-09T06:38:40.737418223Z,8.081727,123.181222,Cloud to Ground,13986,0,8
2026-10-09T06:38:40.465939510Z,8.024644,123.307009,Cloud to Ground,-16310,0,7
2026-10-09T06:38:40.801409804Z,8.083077,123.278691,Cloud to Ground,16996,0,11
2026-10-09T06:38:40.395412808Z,7.997452,123.228873,Cloud to Ground,22245,0,20
2026-10-09T06:38:40.486162000Z,14.486873,130.902933,Cloud to Cloud,22501,19243,14
2026-10-09T06:38:40.483423530Z,14.456749,130.814905,Cloud to Cloud,14521,3097,11
2026-10-09T06:38:40.486736064Z,14.357837,130.940528,Cloud to Cloud,23901,6967,12
2026-10-09T06:38:41.258225468Z,7.884249,123.12162,Cloud to Ground,25229,0,6
2026-10-09T06:38:41.103712044Z,12.544679,115.159874,Cloud to Ground,-42537,0,11
2026-10-09T06:38:41.180474894Z,12.546694,115.160926,Cloud to Ground,-22701,0,11
2026-10-09T06:38:41.142172089Z,12.554402,115.145024,Cloud to Ground,-14747,0,7
2026-10-09T06:38:41.148011552Z,12.549687,115.160054,Cloud to Ground,17292,0,11
2026-10-09T06:38:41.121220331Z,12.524842,115.1502,Cloud to Ground,25028,0,8
2026-10-09T06:38:42.729928314Z,14.153501,112.858528,Cloud to Cloud,10118,4932,10
2026-10-09T06:38:42.732360318Z,14.104034,112.793181,Cloud to Ground,17285,0,9
2026-10-09T06:38:43.673595593Z,8.099677,123.587204,Cloud to Cloud,14210,5351,7
2026-10-09T06:38:43.573606068Z,7.89172,123.172128,Cloud to Ground,18636,0,14
2026-10-09T06:38:43.236769686Z,15.368574,111.333432,Cloud to Cloud,-8656,18636,7
2026-10-09T06:38:43.371981275Z,15.309724,111.238526,Cloud to Cloud,-7569,5532,7
2026-10-09T06:38:43.392704000Z,15.353528,111.297495,Cloud to Cloud,6684,4948,9
2026-10-09T06:38:43.167421245Z,15.357425,111.216363,Cloud to Ground,44360,0,12
2026-10-09T06:38:44.356095942Z,8.027609,123.363834,Cloud to Cloud,-12606,14823,14
2026-10-09T06:38:44.647336253Z,7.988319,123.391983,Cloud to Cloud,-11714,19745,9
2026-10-09T06:38:44.514556841Z,8.056079,123.428457,Cloud to Ground,-7221,0,8
2026-10-09T06:38:44.197728729Z,8.03285,123.426924,Cloud to Cloud,10088,6690,7
2026-10-09T06:38:44.585304880Z,8.040981,123.284793,Cloud to Ground,17883,0,10
2026-10-09T06:38:44.281312344Z,7.973271,123.391515,Cloud to Ground,26358,0,17
2026-10-09T06:38:47.957062322Z,7.902844,115.417832,Cloud to Ground,-26191,0,14
2026-10-09T06:38:47.996786689Z,7.92218,115.401983,Cloud to Ground,-24791,0,11
2026-10-09T06:38:48.046287885Z,7.951332,115.397231,Cloud to Cloud,16318,18153,12
2026-10-09T06:38:47.965024437Z,7.935506,115.416473,Cloud to Ground,88248,0,15
2026-10-09T06:38:47.163146541Z,8.046007,123.370252,Cloud to Ground,-37719,0,21
2026-10-09T06:38:47.001663420Z,8.068981,123.350257,Cloud to Ground,-26577,0,15
2026-10-09T06:38:47.196099833Z,7.994547,123.415871,Cloud to Ground,-25071,0,10
2026-10-09T06:38:47.061381843Z,8.069053,123.369008,Cloud to Ground,-21705,0,13
2026-10-09T06:38:47.096047927Z,8.085715,123.353344,Cloud to Ground,-18551,0,15
2026-10-09T06:38:47.359111613Z,7.98479,123.464939,Cloud to Ground,-16368,0,15
2026-10-09T06:38:47.259388449Z,7.97857,123.431164,Cloud to Ground,-15997,0,16
2026-10-09T06:38:47.202533523Z,8.075881,123.380589,Cloud to Ground,-12595,0,9
2026-10-09T06:38:47.256283182Z,7.999544,123.43068,Cloud to Ground,-10800,0,13
2026-10-09T06:38:47.782599418Z,8.515525,132.609602,Cloud to Ground,-14020,0,18
2026-10-09T06:38:47.780827231Z,8.549647,132.49206,Cloud to Cloud,-11291,4843,16
2026-10-09T06:38:48.821683692Z,6.815764,124.367409,Cloud to Cloud,-20190,16518,14
2026-10-09T06:38:48.823748127Z,6.739363,124.430114,Cloud to Ground,65515,0,27
2026-10-09T06:38:50.780310028Z,8.11963,123.125325,Cloud to Cloud,-24529,9664,7
2026-10-09T06:38:50.591405427Z,7.92798,123.272636,Cloud to Cloud,-9947,6028,22
2026-10-09T06:38:50.421083146Z,8.154239,125.091976,Cloud to Ground,33883,0,22
2026-10-09T06:38:52.329738776Z,9.87479,124.199478,Cloud to Ground,-24177,0,24
2026-10-09T06:38:53.387727447Z,4.037284,116.054244,Cloud to Ground,30771,0,13
2026-10-09T06:38:53.065680588Z,8.01314,123.29536,Cloud to Ground,13799,0,18
2026-10-09T06:38:57.303658495Z,7.983327,123.111342,Cloud to Ground,18723,0,13
2026-10-09T06:38:57.417432254Z,8.001177,123.391381,Cloud to Ground,14976,0,11
2026-10-09T06:38:57.693767032Z,7.89286,123.125687,Cloud to Cloud,-4796,9628,7
2026-10-09T06:38:57.579580912Z,9.648834,118.37818,Cloud to Cloud,-7929,6645,9
2026-10-09T06:38:59.344634316Z,7.181475,110.951313,Cloud to Ground,12828,0,10
2026-10-09T06:38:59.346945873Z,7.181635,110.974383,Cloud to Ground,19213,0,10
2026-10-09T06:38:59.237411960Z,6.5418,124.615434,Cloud to Cloud,-26189,16357,24
2026-10-09T06:38:59.233864380Z,6.472389,124.650839,Cloud to Ground,11432,0,12
2026-10-09T06:39:00.633269370Z,6.499747,124.520431,Cloud to Ground,-13789,0,8
2026-10-09T06:39:00.741296605Z,2.854734,123.938854,Cloud to Ground,-38460,0,32
2026-10-09T06:39:00.777814081Z,2.864143,123.912704,Cloud to Cloud,-11469,3303,14
2026-10-09T06:39:00.924642975Z,2.857925,123.925634,Cloud to Ground,12348,0,9
2026-10-09T06:39:00.965746864Z,2.852046,123.92577,Cloud to Ground,14593,0,15
2026-10-09T06:39:00.802088616Z,2.846763,123.917329,Cloud to Ground,24004,0,20
2026-10-09T06:39:00.861413010Z,2.85337,123.9261,Cloud to Ground,53502,0,34
2026-10-09T06:39:01.310975304Z,1.459367,118.464084,Cloud to Ground,-15785,0,10
2026-10-09T06:39:01.703839444Z,1.36662,118.476945,Cloud to Ground,-12927,0,12
2026-10-09T06:39:01.487819396Z,8.003748,123.421922,Cloud to Cloud,-9680,11098,5
2026-10-09T06:39:04.952498115Z,14.096054,112.742075,Cloud to Ground,15030,0,8
2026-10-09T06:39:05.622671938Z,2.242464,112.513087,Cloud to Ground,53088,0,14
2026-10-09T06:39:05.815726714Z,9.574445,118.472852,Cloud to Cloud,-12189,12645,10
2026-10-09T06:39:05.278183226Z,14.143044,111.768802,Cloud to Cloud,-7421,3019,7
2026-10-09T06:39:06.513858442Z,7.988735,123.378771,Cloud to Ground,31812,0,15
2026-10-09T06:39:07.117686830Z,15.296981,113.182406,Cloud to Cloud,-13822,17155,9
2026-10-09T06:39:07.115606842Z,15.341053,113.123758,Cloud to Cloud,5817,17148,6
2026-10-09T06:39:07.108634825Z,15.28876,113.182157,Cloud to Ground,6779,0,8
2026-10-09T06:39:07.121911524Z,15.33745,113.122504,Cloud to Cloud,7699,3009,5
2026-10-09T06:39:07.146454952Z,15.300377,113.164606,Cloud to Ground,9115,0,7
2026-10-09T06:39:07.107276322Z,15.281869,113.176844,Cloud to Ground,9666,0,8
2026-10-09T06:39:07.343751525Z,15.33913,113.213574,Cloud to Ground,16657,0,8
2026-10-09T06:39:08.394364659Z,7.988062,123.42935,Cloud to Ground,15596,0,14
2026-10-09T06:39:10.280686278Z,8.095043,123.354012,Cloud to Ground,-22451,0,13
2026-10-09T06:39:11.523395204Z,1.284638,118.662607,Cloud to Ground,-19693,0,17
2026-10-09T06:39:13.125585766Z,8.050793,123.353881,Cloud to Ground,20179,0,12
2026-10-09T06:39:19.932212511Z,7.424588,130.735825,Cloud to Ground,-67012,0,34
2026-10-09T06:39:20.341918129Z,7.333137,130.778301,Cloud to Ground,-23966,0,22
2026-10-09T06:39:19.998511463Z,7.329605,130.794135,Cloud to Ground,-19208,0,16
2026-10-09T06:39:19.974567145Z,7.339704,130.789257,Cloud to Ground,28411,0,24
2026-10-09T06:39:20.753179886Z,12.033896,124.893793,Cloud to Ground,-32240,0,9
2026-10-09T06:39:21.307190979Z,6.544641,124.427183,Cloud to Ground,31171,0,16
2026-10-09T06:39:21.159109394Z,8.325599,119.092755,Cloud to Ground,-98662,0,22
2026-10-09T06:39:21.149224104Z,8.336153,119.118708,Cloud to Ground,-20950,0,15
2026-10-09T06:39:21.213780174Z,8.354018,118.988353,Cloud to Ground,-18230,0,17
2026-10-09T06:39:21.221401000Z,8.3486,119.0515,Cloud to Ground,25238,0,7
2026-10-09T06:39:22.301379933Z,8.002585,123.401829,Cloud to Ground,47582,0,14
2026-10-09T06:39:22.334756107Z,9.611139,118.486649,Cloud to Cloud,-19578,3401,14
2026-10-09T06:39:22.626935007Z,9.652412,118.476593,Cloud to Ground,17128,0,14
2026-10-09T06:39:23.722535641Z,7.995257,123.404284,Cloud to Ground,31352,0,26
2026-10-09T06:39:24.205919370Z,4.470337,116.197058,Cloud to Ground,16490,0,14
2026-10-09T06:39:23.829161013Z,4.474536,116.206163,Cloud to Ground,27114,0,15
2026-10-09T06:39:23.884992811Z,4.469808,116.194364,Cloud to Ground,33531,0,19
2026-10-09T06:39:23.769128696Z,4.472938,116.208192,Cloud to Ground,88033,0,19
2026-10-09T06:39:25.638926153Z,8.718872,125.397065,Cloud to Cloud,-12073,11940,18
2026-10-09T06:39:24.963405562Z,2.859815,123.956395,Cloud to Ground,-32774,0,26
2026-10-09T06:39:24.920901592Z,2.864437,123.941747,Cloud to Cloud,-14909,16600,12
2026-10-09T06:39:25.335548534Z,2.851296,123.917834,Cloud to Ground,11388,0,10
2026-10-09T06:39:25.271996124Z,2.847973,123.915526,Cloud to Ground,11719,0,10
2026-10-09T06:39:25.002649440Z,2.862451,123.934541,Cloud to Ground,31386,0,20
2026-10-09T06:39:24.892031298Z,2.868976,123.942195,Cloud to Ground,43653,0,26
2026-10-09T06:39:25.064439171Z,2.868096,123.94233,Cloud to Ground,44681,0,26
2026-10-09T06:39:25.535301843Z,9.896807,124.209351,Cloud to Ground,22029,0,9
2026-10-09T06:39:26.353401463Z,3.517662,113.486965,Cloud to Ground,52416,0,19
2026-10-09T06:39:27.833153822Z,9.223024,117.985231,Cloud to Cloud,-26979,15814,7
2026-10-09T06:39:27.823440847Z,9.169598,118.01834,Cloud to Ground,58482,0,16
2026-10-09T06:39:27.631176764Z,7.970788,123.330769,Cloud to Ground,-33484,0,16
2026-10-09T06:39:27.629024522Z,7.999077,123.389456,Cloud to Ground,-16113,0,13
2026-10-09T06:39:27.092047093Z,8.075826,123.321106,Cloud to Ground,-39080,0,22
2026-10-09T06:39:26.999603985Z,8.075882,123.332559,Cloud to Ground,-30682,0,16
2026-10-09T06:39:26.917658049Z,8.070471,123.355997,Cloud to Ground,-26467,0,11
2026-10-09T06:39:26.839798361Z,8.005697,123.398584,Cloud to Cloud,-17278,3260,9
2026-10-09T06:39:26.851911000Z,8.0405,123.4149,Cloud to Ground,24778,0,8
2026-10-09T06:39:27.343736000Z,8.1573,123.682,Cloud to Ground,63850,0,5
2026-10-09T06:39:27.478208552Z,12.296,116.404144,Cloud to Ground,-30657,0,7
2026-10-09T06:39:27.514829420Z,12.283986,116.406362,Cloud to Ground,-15791,0,10
2026-10-09T06:39:27.489433889Z,12.31098,116.39445,Cloud to Ground,16037,0,7
2026-10-09T06:39:27.514287515Z,19.145212,110.229732,Cloud to Ground,-24432,0,9
2026-10-09T06:39:27.720533576Z,19.139561,110.203886,Cloud to Ground,-17124,0,6
2026-10-09T06:39:27.587661201Z,19.155706,110.246991,Cloud to Cloud,12168,16778,6
2026-10-09T06:39:27.698148758Z,19.198484,110.208511,Cloud to Ground,19879,0,8
2026-10-09T06:39:27.483010000Z,19.1534,110.27,Cloud to Ground,105585,0,5
2026-10-09T06:39:28.080579883Z,19.037315,110.327331,Cloud to Ground,-146718,0,15
2026-10-09T06:39:28.137120061Z,19.049471,110.316212,Cloud to Ground,-24046,0,8
2026-10-09T06:39:28.117947689Z,19.033045,110.298343,Cloud to Ground,-23064,0,6
2026-10-09T06:39:28.326774990Z,19.039138,110.319835,Cloud to Ground,-21099,0,9
2026-10-09T06:39:28.099953405Z,19.025314,110.269283,Cloud to Ground,-19129,0,6
2026-10-09T06:39:28.280174843Z,19.041272,110.336494,Cloud to Ground,-13853,0,5
2026-10-09T06:39:28.298845882Z,19.03219,110.2968,Cloud to Ground,-13274,0,6
2026-10-09T06:39:28.344779617Z,19.016803,110.221084,Cloud to Ground,-12460,0,7
2026-10-09T06:39:29.946489003Z,8.032862,123.339536,Cloud to Ground,-14566,0,11
2026-10-09T06:39:30.235621976Z,8.006975,123.459302,Cloud to Cloud,13098,8834,7
2026-10-09T06:39:30.547636067Z,9.582053,118.404234,Cloud to Cloud,-13288,3015,9
2026-10-09T06:39:30.635446662Z,9.556771,118.428305,Cloud to Cloud,-8121,6529,9
2026-10-09T06:39:31.565617557Z,5.977876,113.363129,Cloud to Ground,33693,0,13
2026-10-09T06:39:32.259265107Z,8.093417,125.331873,Cloud to Ground,16435,0,10
2026-10-09T06:39:32.219777953Z,8.099127,125.33976,Cloud to Ground,22617,0,14
2026-10-09T06:39:33.476756597Z,7.932883,123.08319,Cloud to Ground,-13216,0,14
2026-10-09T06:39:33.495591945Z,7.858322,123.132632,Cloud to Ground,9668,0,10
2026-10-09T06:39:33.929976922Z,12.381132,116.326809,Cloud to Ground,-29340,0,10
2026-10-09T06:39:33.795753000Z,12.3894,116.1795,Cloud to Ground,27439,0,7
2026-10-09T06:39:33.798340542Z,12.355609,116.121753,Cloud to Cloud,27729,3657,10
2026-10-09T06:39:34.693593636Z,7.983063,123.417642,Cloud to Ground,18383,0,21
2026-10-09T06:39:34.786265277Z,7.513575,131.371953,Cloud to Ground,-15190,0,20
2026-10-09T06:39:34.790671984Z,7.523196,131.323941,Cloud to Ground,-13601,0,22
2026-10-09T06:39:34.734916049Z,14.950193,111.61391,Cloud to Ground,13603,0,11
2026-10-09T06:39:34.735701494Z,14.944584,111.609229,Cloud to Ground,18680,0,11
2026-10-09T06:39:35.606287116Z,7.995006,123.399519,Cloud to Ground,23135,0,11
2026-10-09T06:39:35.140827558Z,7.883989,123.927985,Cloud to Ground,-16991,0,12
2026-10-09T06:39:36.101776941Z,8.542328,125.674652,Cloud to Cloud,-23509,14259,12
2026-10-09T06:39:36.015324119Z,9.729185,118.473774,Cloud to Cloud,-16858,11176,8
2026-10-09T06:39:36.483246358Z,9.729436,118.415289,Cloud to Cloud,-9967,11955,7
2026-10-09T06:39:36.035446291Z,9.666765,118.52227,Cloud to Ground,18503,0,10
2026-10-09T06:39:36.017466076Z,9.681894,118.516669,Cloud to Ground,19188,0,12
2026-10-09T06:39:36.658298754Z,1.380212,111.858721,Cloud to Ground,-18170,0,10
2026-10-09T06:39:38.953693504Z,9.504448,118.378476,Cloud to Cloud,-18367,19376,8
2026-10-09T06:39:39.203131675Z,9.53348,118.371616,Cloud to Cloud,-7337,14229,8
2026-10-09T06:39:38.486449253Z,15.294314,132.415879,Cloud to Ground,-16565,0,10
2026-10-09T06:39:38.685667354Z,15.230391,132.445644,Cloud to Ground,-14098,0,7
2026-10-09T06:39:38.540071207Z,15.249846,132.429744,Cloud to Ground,12445,0,9
2026-10-09T06:39:39.606127638Z,8.671605,125.394865,Cloud to Ground,7617,0,11
2026-10-09T06:39:39.664642310Z,8.660709,125.385764,Cloud to Ground,12482,0,8
2026-10-09T06:39:39.135255000Z,8.3084,123.4267,Cloud to Ground,-21442,0,6
2026-10-09T06:39:39.374722069Z,8.282126,123.451801,Cloud to Ground,17968,0,9
2026-10-09T06:39:41.852774584Z,8.081332,123.390006,Cloud to Ground,22801,0,8
2026-10-09T06:39:41.104873867Z,12.524638,113.995564,Cloud to Ground,-14645,0,8
2026-10-09T06:39:42.214072000Z,18.6058,125.0784,Cloud to Ground,-74385,0,9
2026-10-09T06:39:42.209558687Z,18.644231,124.961772,Cloud to Cloud,-40280,6345,19
2026-10-09T06:39:43.412042817Z,7.985458,123.400013,Cloud to Ground,19306,0,22
2026-10-09T06:39:43.232684706Z,9.608404,118.67638,Cloud to Cloud,13832,3133,6
2026-10-09T06:39:44.016019599Z,8.07769,123.310585,Cloud to Ground,-18119,0,8
2026-10-09T06:39:44.345657451Z,8.841597,117.222826,Cloud to Ground,-11148,0,9
2026-10-09T06:39:44.347351025Z,8.765921,117.234769,Cloud to Ground,17597,0,15
2026-10-09T06:39:46.570775702Z,2.894776,123.939045,Cloud to Ground,-11413,0,10
2026-10-09T06:39:46.738287177Z,2.895689,123.935638,Cloud to Ground,-8613,0,7
2026-10-09T06:39:46.735262028Z,2.852243,123.950381,Cloud to Ground,7253,0,5
2026-10-09T06:39:46.976784793Z,2.856048,123.948746,Cloud to Ground,7748,0,6
2026-10-09T06:39:46.568550210Z,2.866637,123.951558,Cloud to Ground,13770,0,16
2026-10-09T06:39:46.403849884Z,2.850881,123.928506,Cloud to Ground,14926,0,11
2026-10-09T06:39:46.422826416Z,2.869298,123.950156,Cloud to Ground,24536,0,19
2026-10-09T06:39:46.672919251Z,2.859151,123.941257,Cloud to Ground,35275,0,22
2026-10-09T06:39:46.456917102Z,2.863775,123.945191,Cloud to Ground,37597,0,20
2026-10-09T06:39:46.516397138Z,2.863679,123.94599,Cloud to Ground,42596,0,21
2026-10-09T06:39:46.385616886Z,2.866802,123.949678,Cloud to Ground,45620,0,24
2026-10-09T06:39:46.663107421Z,8.153037,123.387307,Cloud to Ground,24789,0,12
2026-10-09T06:39:46.067705947Z,3.771597,113.591273,Cloud to Ground,61166,0,19
2026-10-09T06:39:47.020511864Z,7.994833,123.36167,Cloud to Ground,13060,0,8
2026-10-09T06:39:49.207595087Z,6.524674,124.499002,Cloud to Ground,9753,0,10
2026-10-09T06:39:50.239851806Z,8.119362,123.443607,Cloud to Ground,11284,0,8
2026-10-09T06:39:50.772019778Z,8.05256,123.355372,Cloud to Ground,18701,0,9
2026-10-09T06:39:50.058190548Z,7.968867,122.782623,Cloud to Ground,-9932,0,7
2026-10-09T06:39:50.295222719Z,7.918009,122.848532,Cloud to Ground,14977,0,9
2026-10-09T06:39:51.243114317Z,7.215293,110.829091,Cloud to Ground,-19210,0,14
2026-10-09T06:39:51.446696702Z,7.12922,110.843356,Cloud to Ground,-7860,0,7
2026-10-09T06:39:51.242000131Z,7.208329,110.716632,Cloud to Ground,9363,0,7
2026-10-09T06:39:52.860977354Z,8.044579,123.439037,Cloud to Ground,-12244,0,9
2026-10-09T06:39:52.533001705Z,0.144744,113.674353,Cloud to Ground,9971,0,8
2026-10-09T06:39:53.033258479Z,7.260954,126.223606,Cloud to Cloud,-12694,17666,14
2026-10-09T06:39:53.244415399Z,7.284382,126.252348,Cloud to Ground,-11379,0,16
2026-10-09T06:39:53.193577393Z,7.303832,126.326948,Cloud to Ground,10630,0,13
2026-10-09T06:39:54.405064000Z,8.9576,115.8857,Cloud to Ground,-29935,0,10
2026-10-09T06:39:54.445746680Z,9.029597,115.837905,Cloud to Cloud,-13982,4222,10
2026-10-09T06:39:54.395965620Z,8.944985,115.839388,Cloud to Cloud,-7916,18977,7
2026-10-09T06:39:54.468379060Z,8.949116,115.789492,Cloud to Ground,12707,0,11
2026-10-09T06:39:54.391008892Z,9.035341,115.819741,Cloud to Ground,22963,0,7
2026-10-09T06:39:54.750968000Z,8.9138,115.9359,Cloud to Ground,48967,0,7
2026-10-09T06:39:56.719737209Z,4.337018,116.248944,Cloud to Ground,-21651,0,18
2026-10-09T06:39:56.844667507Z,8.158337,125.09898,Cloud to Ground,19859,0,16
2026-10-09T06:39:57.103583738Z,4.45642,116.280687,Cloud to Ground,-15062,0,16
2026-10-09T06:39:59.395593383Z,9.505085,118.351503,Cloud to Cloud,9916,5102,9
2026-10-09T06:40:04.783563707Z,8.091032,125.337542,Cloud to Ground,-16149,0,11
2026-10-09T06:40:05.310490000Z,8.1512,125.3357,Cloud to Ground,29735,0,6
2026-10-09T06:40:06.210988670Z,11.829655,124.989603,Cloud to Ground,-34226,0,14
2026-10-09T06:40:06.087380000Z,11.8347,125.2079,Cloud to Ground,-37099,0,5
2026-10-09T06:40:06.003432550Z,11.815195,125.149157,Cloud to Ground,-26371,0,9
2026-10-09T06:40:06.146128000Z,11.8729,125.1821,Cloud to Ground,-17110,0,5
2026-10-09T06:40:07.794648333Z,8.106916,123.333222,Cloud to Ground,-56276,0,20
2026-10-09T06:40:07.632256151Z,8.080963,123.372595,Cloud to Ground,-53422,0,19
2026-10-09T06:40:07.592097231Z,8.08439,123.344342,Cloud to Ground,-34404,0,17
2026-10-09T06:40:07.737411611Z,8.022484,123.397208,Cloud to Ground,-34292,0,17
2026-10-09T06:40:07.660853143Z,7.9995,123.400744,Cloud to Ground,-25628,0,20
2026-10-09T06:40:08.230457198Z,8.069173,123.341304,Cloud to Ground,-25020,0,21
2026-10-09T06:40:08.544644525Z,8.080115,123.3709,Cloud to Ground,-14298,0,12
2026-10-09T06:40:08.356045899Z,7.986018,123.376107,Cloud to Ground,17771,0,10
2026-10-09T06:40:07.044946570Z,8.00352,123.336448,Cloud to Ground,32845,0,19
2026-10-09T06:40:07.876833000Z,8.0717,123.3807,Cloud to Ground,47984,0,8
2026-10-09T06:40:07.035288942Z,8.571519,132.837815,Cloud to Ground,96641,0,24
2026-10-09T06:40:07.031277580Z,8.676163,132.869141,Cloud to Ground,-18006,0,11
2026-10-09T06:40:07.297257471Z,8.699412,132.858712,Cloud to Ground,19031,0,15
2026-10-09T06:40:07.267872890Z,8.753757,132.849631,Cloud to Ground,39000,0,20
2026-10-09T06:40:07.704646439Z,14.468074,130.797884,Cloud to Cloud,13143,4330,7
2026-10-09T06:40:07.707191833Z,14.509717,130.890525,Cloud to Ground,37078,0,13
2026-10-09T06:40:08.556873880Z,7.839107,123.466853,Cloud to Cloud,-19604,16815,12
2026-10-09T06:40:08.715880554Z,9.55597,118.426215,Cloud to Ground,-27303,0,15
2026-10-09T06:40:08.821623584Z,9.5258,118.410793,Cloud to Cloud,-16434,3160,7
2026-10-09T06:40:09.019476776Z,9.507616,118.385832,Cloud to Cloud,13386,9264,7
2026-10-09T06:40:09.439729236Z,6.465136,124.644351,Cloud to Ground,-18840,0,14
2026-10-09T06:40:09.926306641Z,8.181689,123.488272,Cloud to Cloud,19381,15484,7
2026-10-09T06:40:12.699205071Z,2.876014,123.968077,Cloud to Ground,-49930,0,28
2026-10-09T06:40:12.292575459Z,9.942159,124.329137,Cloud to Cloud,9797,3766,7
2026-10-09T06:40:13.388910329Z,8.306979,132.488303,Cloud to Ground,-27728,0,19
2026-10-09T06:40:13.384648627Z,8.369331,132.483816,Cloud to Cloud,-14841,3008,16
2026-10-09T06:40:13.385454905Z,8.294317,132.500432,Cloud to Ground,10984,0,11
2026-10-09T06:40:13.484409384Z,8.314455,132.583557,Cloud to Ground,27553,0,21
2026-10-09T06:40:13.383686216Z,8.298578,132.487653,Cloud to Ground,53763,0,25
2026-10-09T06:40:14.693825950Z,3.506715,113.511952,Cloud to Ground,34577,0,14
2026-10-09T06:40:17.086582553Z,1.276239,118.656948,Cloud to Ground,14375,0,10
2026-10-09T06:40:17.049659792Z,1.280021,118.660228,Cloud to Ground,16306,0,9
2026-10-09T06:40:18.436841668Z,8.411146,119.083899,Cloud to Cloud,-43461,12812,17
2026-10-09T06:40:18.513761892Z,8.420798,119.060401,Cloud to Ground,-22844,0,16
2026-10-09T06:40:18.542435248Z,8.387783,119.071125,Cloud to Ground,31899,0,7
2026-10-09T06:40:18.009782206Z,1.320566,112.105439,Cloud to Ground,-41173,0,28
2026-10-09T06:40:19.509821317Z,4.434804,116.223665,Cloud to Ground,-18911,0,6
2026-10-09T06:40:19.705496389Z,9.641541,118.37289,Cloud to Cloud,-17770,3072,7
2026-10-09T06:40:21.707957477Z,6.538098,124.34859,Cloud to Cloud,-15591,8530,10
2026-10-09T06:40:22.883349250Z,1.314662,118.408236,Cloud to Ground,-14462,0,11
2026-10-09T06:40:22.542071648Z,8.312191,125.468888,Cloud to Ground,11671,0,10
2026-10-09T06:40:22.206576117Z,8.298782,125.437812,Cloud to Ground,15564,0,15
2026-10-09T06:40:22.219199698Z,8.284111,125.427395,Cloud to Ground,19947,0,8
2026-10-09T06:40:22.473377087Z,8.320595,125.259936,Cloud to Ground,-17575,0,21
2026-10-09T06:40:22.786031632Z,8.160356,125.131178,Cloud to Ground,26096,0,16
2026-10-09T06:40:22.846026000Z,9.6295,118.3473,Cloud to Ground,-29726,0,5
2026-10-09T06:40:23.118222890Z,9.495121,118.439674,Cloud to Ground,-22877,0,8
2026-10-09T06:40:22.930490367Z,9.488181,118.439264,Cloud to Ground,-20841,0,8
2026-10-09T06:40:23.033012553Z,9.496836,118.436611,Cloud to Ground,-18456,0,7
2026-10-09T06:40:23.066392330Z,9.574043,118.402892,Cloud to Ground,-15085,0,15
2026-10-09T06:40:22.962032931Z,9.484723,118.439569,Cloud to Ground,-14717,0,8
2026-10-09T06:40:23.360218534Z,9.481132,118.44159,Cloud to Ground,-11300,0,7
2026-10-09T06:40:22.891364026Z,9.58074,118.392634,Cloud to Cloud,12456,13430,6
2026-10-09T06:40:22.893629881Z,9.545075,118.40217,Cloud to Cloud,16356,6421,7
2026-10-09T06:40:23.169125000Z,9.5333,118.5208,Cloud to Ground,18041,0,9
2026-10-09T06:40:23.556191818Z,12.31279,116.403446,Cloud to Cloud,-14639,3033,5
2026-10-09T06:40:24.174285155Z,7.092922,120.326894,Cloud to Ground,-25210,0,12
2026-10-09T06:40:24.296375240Z,7.349998,119.912538,Cloud to Ground,18320,0,9
2026-10-09T06:40:24.326828418Z,7.379012,120.140831,Cloud to Ground,-16554,0,7
2026-10-09T06:40:24.181395094Z,7.507084,120.093603,Cloud to Cloud,-45144,3121,16
2026-10-09T06:40:24.233245010Z,7.469288,120.084645,Cloud to Cloud,-14963,15846,13
2026-10-09T06:40:24.865077231Z,7.98499,123.41174,Cloud to Cloud,-24586,3524,17
2026-10-09T06:40:25.759624612Z,8.61563,125.665484,Cloud to Ground,-18252,0,8
2026-10-09T06:40:28.904821886Z,8.0189,123.376384,Cloud to Ground,17792,0,13
2026-10-09T06:40:28.993940541Z,7.865415,122.823855,Cloud to Ground,-8762,0,5
2026-10-09T06:40:28.989568348Z,7.969996,122.876369,Cloud to Cloud,-8424,7226,9
2026-10-09T06:40:28.835270356Z,7.889212,122.873713,Cloud to Ground,11654,0,10
2026-10-09T06:40:30.534769324Z,8.081127,123.494141,Cloud to Cloud,-10297,19140,12
2026-10-09T06:40:32.129026577Z,8.036975,123.409401,Cloud to Ground,-15766,0,10
2026-10-09T06:40:32.304712799Z,13.427355,132.313315,Cloud to Ground,-27268,0,8
2026-10-09T06:40:32.304215846Z,13.268769,132.376211,Cloud to Cloud,12189,13942,7
2026-10-09T06:40:34.441919418Z,6.547663,125.404978,Cloud to Ground,26009,0,11
2026-10-09T06:40:34.118979936Z,7.990693,123.3827,Cloud to Ground,-14540,0,12
2026-10-09T06:40:35.879001913Z,9.064539,125.721008,Cloud to Cloud,-9228,18903,10
2026-10-09T06:40:35.016807059Z,9.158577,125.851985,Cloud to Ground,22635,0,10
2026-10-09T06:40:35.032428928Z,9.231952,125.830735,Cloud to Ground,23171,0,12
2026-10-09T06:40:36.013263068Z,2.253704,112.431897,Cloud to Ground,-28198,0,33
2026-10-09T06:40:36.193529280Z,2.792091,123.839253,Cloud to Ground,-25387,0,22
2026-10-09T06:40:37.093142404Z,15.292093,113.167138,Cloud to Ground,36241,0,12
2026-10-09T06:40:37.429198656Z,15.328341,113.253907,Cloud to Ground,-12133,0,11
2026-10-09T06:40:39.582412000Z,11.9983,125.2624,Cloud to Ground,24910,0,12
2026-10-09T06:40:40.427878457Z,6.379462,124.620596,Cloud to Ground,36624,0,22
2026-10-09T06:40:40.907328422Z,6.464614,124.552019,Cloud to Ground,-22301,0,15
2026-10-09T06:40:40.858846617Z,7.913599,123.322071,Cloud to Cloud,13480,19033,6
2026-10-09T06:40:41.462401882Z,8.97028,115.839962,Cloud to Ground,-30960,0,19
2026-10-09T06:40:41.561164493Z,8.993536,115.823881,Cloud to Ground,9292,0,8
2026-10-09T06:40:41.506699009Z,9.054168,115.837336,Cloud to Ground,25832,0,12
2026-10-09T06:40:41.558554262Z,8.981503,115.814665,Cloud to Ground,35581,0,11
2026-10-09T06:40:41.476211826Z,8.96161,115.839414,Cloud to Ground,77349,0,21
2026-10-09T06:40:41.287012637Z,7.865427,123.190129,Cloud to Ground,13733,0,11
2026-10-09T06:40:40.861749893Z,7.899504,123.19638,Cloud to Ground,27883,0,18
2026-10-09T06:40:41.360029996Z,7.859074,123.160204,Cloud to Ground,33644,0,18
2026-10-09T06:40:43.126943955Z,7.334055,130.807176,Cloud to Ground,-22244,0,16
2026-10-09T06:40:43.291631542Z,7.371629,130.721815,Cloud to Cloud,-9057,7970,8
2026-10-09T06:40:43.126150000Z,7.3162,130.6951,Cloud to Ground,37177,0,6
2026-10-09T06:40:43.500791886Z,10.140558,118.857046,Cloud to Cloud,33943,12664,7
2026-10-09T06:40:45.524502824Z,1.39905,111.888715,Cloud to Ground,-16071,0,10
2026-10-09T06:40:46.532923001Z,7.987951,123.486849,Cloud to Ground,12555,0,11
2026-10-09T06:40:46.836251151Z,7.989874,123.463179,Cloud to Ground,35800,0,27
2026-10-09T06:40:47.387566556Z,7.933828,123.246967,Cloud to Ground,-20432,0,16
2026-10-09T06:40:47.603240628Z,7.917777,123.330677,Cloud to Ground,-17035,0,8
2026-10-09T06:40:47.106450226Z,7.924592,123.262548,Cloud to Cloud,-13047,12721,14
2026-10-09T06:40:49.000751110Z,6.458985,122.19238,Cloud to Ground,34774,0,27
2026-10-09T06:40:49.001287870Z,6.546025,122.135778,Cloud to Ground,-13174,0,14
2026-10-09T06:40:51.862137162Z,9.634583,118.412519,Cloud to Cloud,-28560,4156,8
2026-10-09T06:40:51.903617190Z,9.642301,118.424592,Cloud to Ground,-16116,0,6
2026-10-09T06:40:52.455468260Z,7.432453,125.345056,Cloud to Ground,18558,0,15
2026-10-09T06:40:53.280998524Z,14.141856,112.846888,Cloud to Ground,12294,0,8
2026-10-09T06:40:54.020262357Z,2.862725,123.953783,Cloud to Ground,-35527,0,22
2026-10-09T06:40:54.246910510Z,2.863229,123.935216,Cloud to Ground,-26962,0,21
2026-10-09T06:40:54.349155248Z,2.848991,123.92346,Cloud to Cloud,11878,12763,11
2026-10-09T06:40:54.654786555Z,6.853705,111.496258,Cloud to Ground,-12710,0,6
2026-10-09T06:40:54.635398276Z,6.827679,111.504334,Cloud to Ground,33891,0,16
2026-10-09T06:40:54.640924325Z,6.886626,111.388007,Cloud to Ground,16035,0,7
2026-10-09T06:40:54.639229982Z,6.871006,111.379833,Cloud to Ground,18020,0,8
2026-10-09T06:40:54.644484846Z,6.875959,111.391458,Cloud to Ground,20378,0,10
2026-10-09T06:40:54.634593437Z,6.782523,111.394143,Cloud to Ground,32770,0,8
2026-10-09T06:40:54.743217000Z,6.9069,111.585,Cloud to Ground,150021,0,10
2026-10-09T06:40:55.607565551Z,8.078315,123.387649,Cloud to Ground,-21302,0,12
2026-10-09T06:40:55.713155695Z,8.079488,123.36974,Cloud to Ground,-11496,0,10
2026-10-09T06:40:55.744850829Z,7.965543,123.447414,Cloud to Ground,27764,0,11
2026-10-09T06:40:55.694154875Z,8.029591,123.403462,Cloud to Ground,39555,0,8
2026-10-09T06:40:56.217955000Z,8.0033,123.424,Cloud to Ground,40385,0,5
2026-10-09T06:40:56.834361635Z,8.847006,117.2222,Cloud to Cloud,-11583,16271,8
2026-10-09T06:40:56.833530097Z,8.776672,117.247212,Cloud to Ground,19390,0,11
2026-10-09T06:40:56.832302510Z,8.778535,117.261045,Cloud to Ground,20554,0,11
2026-10-09T06:40:59.958611664Z,9.486353,118.439795,Cloud to Ground,-40660,0,11
2026-10-09T06:41:00.070495349Z,9.47828,118.439199,Cloud to Ground,-25473,0,8
2026-10-09T06:41:00.013180441Z,9.558915,118.407257,Cloud to Cloud,-13042,8944,13
2026-10-09T06:41:00.110509595Z,9.560732,118.393248,Cloud to Cloud,-13029,16984,13
2026-10-09T06:41:00.310360000Z,9.4876,118.4664,Cloud to Ground,1378,0,5
2026-10-09T06:41:02.163543861Z,6.369803,128.666153,Cloud to Cloud,-21319,18533,30
2026-10-09T06:41:02.170624978Z,6.345749,128.770064,Cloud to Ground,18307,0,15
2026-10-09T06:41:02.164523873Z,6.339365,128.785878,Cloud to Ground,29285,0,25
2026-10-09T06:41:03.027936898Z,9.65223,118.474996,Cloud to Ground,-19332,0,9
2026-10-09T06:41:03.919852561Z,7.890638,123.106048,Cloud to Ground,-18288,0,28
2026-10-09T06:41:03.572717683Z,7.889643,123.203191,Cloud to Ground,-34023,0,22
2026-10-09T06:41:03.590163020Z,7.889386,123.214837,Cloud to Ground,-17521,0,17
2026-10-09T06:41:03.833700000Z,7.8796,123.2122,Cloud to Ground,36810,0,5
2026-10-09T06:41:03.769111529Z,7.870717,123.211675,Cloud to Ground,42115,0,10
2026-10-09T06:41:03.676481000Z,8.5423,132.6504,Cloud to Ground,-29409,0,7
2026-10-09T06:41:05.572375485Z,9.32935,118.494159,Cloud to Cloud,23488,9272,6
2026-10-09T06:41:05.826412775Z,11.738958,125.094942,Cloud to Cloud,6675,15329,6
2026-10-09T06:41:06.875905693Z,12.514622,115.155531,Cloud to Ground,-96694,0,12
2026-10-09T06:41:06.912441222Z,12.506541,115.166583,Cloud to Ground,65675,0,27
2026-10-09T06:41:06.923762230Z,12.308075,115.097215,Cloud to Ground,-19767,0,7
2026-10-09T06:41:07.201119660Z,2.46913,122.189499,Cloud to Ground,-21816,0,15
2026-10-09T06:41:07.228649723Z,2.461285,122.175885,Cloud to Ground,23569,0,17
2026-10-09T06:41:08.001433345Z,7.962779,123.409156,Cloud to Ground,-14746,0,9
2026-10-09T06:41:07.882670128Z,7.923707,123.373173,Cloud to Cloud,13695,4056,10
2026-10-09T06:41:07.783042974Z,7.986558,123.433455,Cloud to Ground,18505,0,20
2026-10-09T06:41:07.759030700Z,3.557976,113.429382,Cloud to Ground,-15095,0,8
2026-10-09T06:41:08.063612630Z,10.031485,119.009326,Cloud to Ground,36194,0,6
2026-10-09T06:41:08.079516634Z,10.19473,118.903594,Cloud to Cloud,-12166,7737,7
2026-10-09T06:41:11.095700778Z,12.279466,116.320349,Cloud to Ground,-18913,0,8
2026-10-09T06:41:11.112727836Z,12.269264,116.386204,Cloud to Cloud,-18364,3019,10
2026-10-09T06:41:11.126185637Z,12.340674,116.353415,Cloud to Cloud,9833,15669,6
2026-10-09T06:41:12.821146552Z,8.092196,123.350121,Cloud to Cloud,16744,3454,7
2026-10-09T06:41:13.933479091Z,8.704575,132.690354,Cloud to Ground,-57987,0,8
2026-10-09T06:41:13.973037935Z,8.686579,132.724446,Cloud to Ground,-20635,0,23
2026-10-09T06:41:14.137141203Z,8.692455,132.732456,Cloud to Ground,-18444,0,29
2026-10-09T06:41:14.010540237Z,8.691438,132.753627,Cloud to Ground,-12045,0,26
2026-10-09T06:41:15.070232415Z,7.997686,123.490844,Cloud to Ground,15280,0,10
2026-10-09T06:41:15.503685369Z,9.720885,118.464509,Cloud to Cloud,-8992,3322,7
2026-10-09T06:41:18.990105168Z,7.927094,123.318162,Cloud to Ground,-16740,0,11
2026-10-09T06:41:18.855894033Z,7.896762,123.174472,Cloud to Ground,-10438,0,8
2026-10-09T06:41:18.668444675Z,7.859487,115.300743,Cloud to Ground,28390,0,12
2026-10-09T06:41:18.674409651Z,7.891429,115.409757,Cloud to Ground,-63046,0,17
2026-10-09T06:41:18.769674683Z,7.979223,115.388222,Cloud to Ground,-12976,0,9
2026-10-09T06:41:18.670740954Z,7.953939,115.392225,Cloud to Ground,26926,0,13
2026-10-09T06:41:19.598612274Z,7.628459,120.096062,Cloud to Cloud,-72809,7170,30
2026-10-09T06:41:19.654195544Z,7.614388,120.091592,Cloud to Cloud,-20100,13855,17
2026-10-09T06:41:19.687540101Z,7.600031,120.097449,Cloud to Cloud,12227,17383,9
2026-10-09T06:41:19.591763888Z,7.291992,120.282246,Cloud to Cloud,-71692,19825,21
2026-10-09T06:41:19.798056000Z,7.6144,120.2154,Cloud to Ground,44251,0,6
2026-10-09T06:41:19.976890095Z,8.053362,123.381007,Cloud to Ground,36420,0,8
2026-10-09T06:41:20.408756445Z,4.458392,116.127741,Cloud to Ground,-19978,0,14
2026-10-09T06:41:20.403527733Z,4.433961,116.233783,Cloud to Ground,11958,0,12
2026-10-09T06:41:20.314834209Z,4.444137,116.252205,Cloud to Ground,18918,0,15
2026-10-09T06:41:20.520054074Z,4.442926,116.247971,Cloud to Ground,28246,0,13
2026-10-09T06:41:20.217788413Z,4.446156,116.253258,Cloud to Ground,111869,0,27
2026-10-09T06:41:21.327423964Z,6.485525,124.479178,Cloud to Cloud,-17125,6510,17
2026-10-09T06:41:21.447550260Z,6.487386,124.485609,Cloud to Cloud,-12483,7492,15
2026-10-09T06:41:21.339407088Z,6.486643,124.532121,Cloud to Ground,24291,0,11
2026-10-09T06:41:21.276589404Z,8.028036,123.50651,Cloud to Ground,-17543,0,11
2026-10-09T06:41:22.017458022Z,2.885582,123.935298,Cloud to Ground,11290,0,10
2026-10-09T06:41:22.207809861Z,2.895632,123.947467,Cloud to Ground,12668,0,18
2026-10-09T06:41:22.051176097Z,2.900285,123.960438,Cloud to Ground,32819,0,21
2026-10-09T06:41:22.169834843Z,2.898941,123.955316,Cloud to Ground,41330,0,27
2026-10-09T06:41:21.968841613Z,2.897561,123.972537,Cloud to Ground,50532,0,26
2026-10-09T06:41:22.107822282Z,2.910929,123.966761,Cloud to Ground,81042,0,26
2026-10-09T06:41:23.062234934Z,1.405497,118.42901,Cloud to Ground,-12010,0,24
2026-10-09T06:41:23.168732725Z,15.381007,113.413006,Cloud to Ground,14233,0,9
2026-10-09T06:41:23.310906357Z,15.41641,113.446812,Cloud to Ground,18685,0,10
2026-10-09T06:41:24.977873016Z,7.973999,123.475067,Cloud to Ground,16191,0,10
2026-10-09T06:41:25.091374773Z,8.043869,123.424884,Cloud to Ground,35141,0,11
2026-10-09T06:41:27.228232616Z,8.058789,123.401224,Cloud to Cloud,-13031,4778,13
2026-10-09T06:41:27.125290730Z,7.969361,123.40975,Cloud to Ground,11906,0,10
2026-10-09T06:41:26.666038166Z,8.026431,123.353528,Cloud to Ground,19928,0,14
2026-10-09T06:41:26.551711715Z,2.098868,112.588637,Cloud to Ground,23773,0,18
2026-10-09T06:41:29.118812937Z,3.516168,113.484661,Cloud to Ground,24375,0,12
2026-10-09T06:41:29.176778096Z,3.529277,113.499709,Cloud to Ground,24724,0,14
2026-10-09T06:41:28.986355692Z,3.520558,113.485591,Cloud to Ground,31333,0,18
2026-10-09T06:41:28.298537000Z,7.9219,123.8545,Cloud to Ground,44942,0,9
2026-10-09T06:41:29.826453250Z,7.880369,122.865525,Cloud to Ground,-8823,0,7
2026-10-09T06:41:29.520587000Z,8.057,122.7484,Cloud to Ground,29117,0,7
2026-10-09T06:41:31.371100789Z,1.276511,118.666143,Cloud to Ground,-15350,0,12
2026-10-09T06:41:31.615525151Z,8.030075,123.297442,Cloud to Cloud,-19067,3443,21
2026-10-09T06:41:31.623485211Z,9.462204,118.428856,Cloud to Ground,-25988,0,9
2026-10-09T06:41:31.558947342Z,9.456195,118.429749,Cloud to Ground,-22657,0,10
2026-10-09T06:41:31.653126296Z,9.535397,118.405095,Cloud to Ground,15842,0,13
2026-10-09T06:41:31.824973618Z,8.686861,132.756207,Cloud to Ground,-17324,0,25
2026-10-09T06:41:31.892231926Z,8.688611,132.757702,Cloud to Ground,-11911,0,24
2026-10-09T06:41:32.007220217Z,8.701798,132.731725,Cloud to Cloud,-9184,7891,15
2026-10-09T06:41:32.433185527Z,8.68311,132.89994,Cloud to Ground,9405,0,7
2026-10-09T06:41:31.789773539Z,8.684955,132.892115,Cloud to Ground,12516,0,15
2026-10-09T06:41:32.069333031Z,8.683432,132.896081,Cloud to Ground,13875,0,10
2026-10-09T06:41:32.258182057Z,8.750637,132.832981,Cloud to Cloud,17385,6884,7
2026-10-09T06:41:31.762204770Z,8.682199,132.886463,Cloud to Ground,32925,0,21
2026-10-09T06:41:32.364880805Z,8.805969,132.757839,Cloud to Cloud,6226,5579,8
2026-10-09T06:41:33.594896780Z,12.392793,116.285855,Cloud to Ground,-21937,0,10
2026-10-09T06:41:33.413148050Z,12.377566,116.244548,Cloud to Cloud,-17549,18995,8
2026-10-09T06:41:33.408034106Z,12.404199,116.230248,Cloud to Cloud,-11492,6287,10
2026-10-09T06:41:33.408824366Z,12.348047,116.15648,Cloud to Ground,22348,0,8
2026-10-09T06:41:33.410071630Z,12.409751,116.217327,Cloud to Ground,30270,0,9
2026-10-09T06:41:33.790657798Z,9.666312,118.454386,Cloud to Ground,-22274,0,10
2026-10-09T06:41:34.038428343Z,9.671614,118.453089,Cloud to Ground,-21048,0,10
2026-10-09T06:41:33.747560581Z,9.667852,118.453683,Cloud to Ground,-18871,0,9
2026-10-09T06:41:33.846762000Z,9.6818,118.4404,Cloud to Ground,17362,0,5
2026-10-09T06:41:34.309385744Z,9.654281,118.466121,Cloud to Ground,52250,0,7
2026-10-09T06:41:36.076798137Z,8.169502,125.124727,Cloud to Ground,17414,0,18
2026-10-09T06:41:36.575370934Z,10.826144,119.271021,Cloud to Ground,18157,0,11
2026-10-09T06:41:37.971025626Z,1.421372,111.902133,Cloud to Ground,-22883,0,12
2026-10-09T06:41:39.728797195Z,8.101979,123.348574,Cloud to Ground,-66067,0,18
2026-10-09T06:41:39.821136463Z,8.005765,123.399194,Cloud to Ground,-64209,0,21
2026-10-09T06:41:39.888414540Z,8.080951,123.327477,Cloud to Ground,-42799,0,18
2026-10-09T06:41:39.780053752Z,8.081279,123.355616,Cloud to Ground,-36687,0,15
2026-10-09T06:41:39.774670533Z,8.002295,123.404109,Cloud to Cloud,-21794,3070,11
2026-10-09T06:41:39.994598147Z,8.073575,123.340963,Cloud to Cloud,-19818,6567,14
2026-10-09T06:41:40.039152982Z,7.932279,123.522363,Cloud to Cloud,-18776,4287,8
2026-10-09T06:41:40.284331268Z,7.986175,123.467088,Cloud to Ground,11810,0,14
2026-10-09T06:41:40.555750548Z,7.586437,116.442438,Cloud to Ground,-15891,0,9
2026-10-09T06:41:40.558109451Z,7.56393,116.445391,Cloud to Ground,23259,0,9
2026-10-09T06:41:41.128108173Z,2.823022,123.946195,Cloud to Ground,-19965,0,18
2026-10-09T06:41:41.255321260Z,2.81246,123.946592,Cloud to Ground,12197,0,12
2026-10-09T06:41:41.175620607Z,3.811126,113.566796,Cloud to Ground,17810,0,12
2026-10-09T06:41:42.442166323Z,8.012711,123.342719,Cloud to Ground,20813,0,12
2026-10-09T06:41:44.312839246Z,6.873432,111.36074,Cloud to Ground,30189,0,8
2026-10-09T06:41:46.028040285Z,7.985473,123.38708,Cloud to Ground,15943,0,17
2026-10-09T06:41:46.415028911Z,7.985877,123.393647,Cloud to Ground,18279,0,22
2026-10-09T06:41:46.165409145Z,7.987763,123.413114,Cloud to Ground,19017,0,19
2026-10-09T06:41:46.498356561Z,7.98429,123.413532,Cloud to Ground,21771,0,12
2026-10-09T06:41:46.057836392Z,8.04601,123.367403,Cloud to Ground,48216,0,9
2026-10-09T06:41:48.549634398Z,9.690374,118.49123,Cloud to Cloud,-11233,12632,6
2026-10-09T06:41:49.205521651Z,4.385081,116.157787,Cloud to Ground,-15901,0,9
2026-10-09T06:41:49.419481395Z,6.532342,124.51638,Cloud to Cloud,7272,6977,6
2026-10-09T06:41:51.632175030Z,7.923428,123.922206,Cloud to Ground,14295,0,7
2026-10-09T06:41:51.097212650Z,9.269765,118.530652,Cloud to Cloud,-11340,16572,6
2026-10-09T06:41:51.716233870Z,7.971765,123.398405,Cloud to Ground,-19266,0,9
2026-10-09T06:41:54.059735824Z,2.889459,124.004578,Cloud to Cloud,-22209,19321,20
2026-10-09T06:41:54.186321564Z,2.887652,123.986465,Cloud to Ground,20752,0,15
2026-10-09T06:41:54.241039925Z,2.88776,123.990571,Cloud to Ground,21083,0,15
2026-10-09T06:41:54.133957048Z,2.889589,123.995643,Cloud to Ground,21880,0,21
2026-10-09T06:41:53.966545393Z,2.894552,123.996347,Cloud to Ground,26557,0,18
2026-10-09T06:41:54.313381637Z,2.856692,123.896891,Cloud to Ground,13094,0,7
2026-10-09T06:41:55.293912000Z,8.3438,119.1002,Cloud to Ground,84434,0,11
2026-10-09T06:41:55.172660465Z,8.304022,119.120052,Cloud to Ground,127005,0,15
2026-10-09T06:41:55.203904848Z,7.862407,123.138248,Cloud to Ground,17624,0,16
2026-10-09T06:41:56.823983349Z,7.966334,123.445375,Cloud to Ground,-33805,0,7
2026-10-09T06:41:56.405372533Z,7.333915,130.608458,Cloud to Ground,-33673,0,17
2026-10-09T06:41:56.400058910Z,7.333938,130.782041,Cloud to Ground,-31622,0,22
2026-10-09T06:41:56.444323864Z,7.325047,130.782806,Cloud to Ground,22625,0,25
2026-10-09T06:41:56.447353151Z,7.441385,130.754379,Cloud to Ground,-30707,0,14
2026-10-09T06:41:56.015147000Z,13.3316,133.1773,Cloud to Ground,-33574,0,6
2026-10-09T06:41:56.007618569Z,13.391544,133.110983,Cloud to Ground,-17802,0,10
2026-10-09T06:41:56.006821164Z,13.370582,133.124546,Cloud to Ground,-15219,0,12
2026-10-09T06:41:56.079601764Z,13.330742,133.066314,Cloud to Ground,14853,0,12
2026-10-09T06:41:56.006078878Z,13.309685,133.159581,Cloud to Ground,32528,0,15
2026-10-09T06:41:57.933945281Z,7.956961,124.643205,Cloud to Ground,20066,0,15
2026-10-09T06:41:58.998350465Z,13.587271,112.904473,Cloud to Ground,-32494,0,10
2026-10-09T06:41:59.000395044Z,13.571865,112.889871,Cloud to Ground,11875,0,7
2026-10-09T06:41:59.132500837Z,9.595917,118.467991,Cloud to Cloud,-9843,6900,10
2026-10-09T06:41:59.229152999Z,9.588558,118.456577,Cloud to Ground,17657,0,12
2026-10-09T06:41:59.095135000Z,8.6745,132.8403,Cloud to Ground,21186,0,7
2026-10-09T06:41:59.002970898Z,8.700636,132.879953,Cloud to Ground,39050,0,11
2026-10-09T06:41:59.765324114Z,10.848757,119.20536,Cloud to Ground,-16895,0,8
2026-10-09T06:42:01.141930267Z,9.650759,118.642619,Cloud to Cloud,18834,3021,10
2026-10-09T06:42:03.325609336Z,6.448184,124.647409,Cloud to Ground,17155,0,16
2026-10-09T06:42:03.521586193Z,8.004834,123.427568,Cloud to Ground,-19542,0,7
2026-10-09T06:42:03.908115236Z,1.364279,118.478624,Cloud to Ground,-14882,0,15
2026-10-09T06:42:03.905916687Z,1.366994,118.471373,Cloud to Cloud,-14042,6783,10
2026-10-09T06:42:04.493483974Z,6.666563,125.376922,Cloud to Ground,61205,0,30
2026-10-09T06:42:04.772392719Z,8.127798,123.489073,Cloud to Ground,-32487,0,19
2026-10-09T06:42:04.846173900Z,8.060873,123.500332,Cloud to Cloud,-16444,6434,16
2026-10-09T06:42:05.236724210Z,8.051514,123.529655,Cloud to Ground,-15842,0,19
2026-10-09T06:42:05.339311624Z,8.053341,123.542875,Cloud to Ground,-13991,0,15
2026-10-09T06:42:04.816752397Z,8.124071,123.45448,Cloud to Ground,-11706,0,11
2026-10-09T06:42:04.794271421Z,8.119831,123.484521,Cloud to Cloud,19531,12890,16
2026-10-09T06:42:05.163963000Z,7.9684,123.3849,Cloud to Ground,19002,0,6
2026-10-09T06:42:04.901000495Z,7.951396,123.414167,Cloud to Ground,36453,0,10
2026-10-09T06:42:05.046328252Z,12.27449,116.406501,Cloud to Cloud,-31235,13240,12
2026-10-09T06:42:05.098550262Z,12.300945,116.41316,Cloud to Ground,-25203,0,8
2026-10-09T06:42:05.033513912Z,12.299414,116.393207,Cloud to Cloud,-18465,14870,7
2026-10-09T06:42:05.082672516Z,12.296921,116.39455,Cloud to Cloud,10842,17737,6
2026-10-09T06:42:05.060481625Z,12.242024,116.43324,Cloud to Cloud,18988,17182,7
2026-10-09T06:42:05.088762027Z,12.269965,116.297567,Cloud to Cloud,-17288,6292,8
2026-10-09T06:42:06.807297144Z,4.359144,116.262963,Cloud to Ground,-15341,0,11
2026-10-09T06:42:06.664271268Z,4.362991,116.259648,Cloud to Ground,-10392,0,10
2026-10-09T06:42:07.422112201Z,6.876486,110.63175,Cloud to Ground,28709,0,7
2026-10-09T06:42:07.722450322Z,6.824637,110.759924,Cloud to Ground,-39496,0,20
2026-10-09T06:42:07.284031471Z,13.532945,114.166018,Cloud to Ground,55429,0,8
2026-10-09T06:42:07.265098320Z,13.519147,114.189283,Cloud to Ground,71120,0,9
2026-10-09T06:42:09.806518973Z,2.149796,112.59178,Cloud to Ground,55517,0,19
2026-10-09T06:42:09.482820000Z,7.9036,123.882,Cloud to Ground,-8903,0,5
2026-10-09T06:42:14.273249965Z,4.327757,116.23616,Cloud to Ground,-24031,0,10
2026-10-09T06:42:14.391193212Z,4.330145,116.23849,Cloud to Cloud,-19098,7057,17
2026-10-09T06:42:14.901050419Z,9.700369,118.482056,Cloud to Cloud,-14830,4640,6
2026-10-09T06:42:15.532851051Z,8.822028,125.285066,Cloud to Ground,-65606,0,23
2026-10-09T06:42:15.645800000Z,8.8232,125.2706,Cloud to Ground,40860,0,5
2026-10-09T06:42:15.814702556Z,8.015007,123.519444,Cloud to Ground,22654,0,20
2026-10-09T06:42:16.454317960Z,8.094126,123.45135,Cloud to Cloud,-9258,17398,14
2026-10-09T06:42:16.196010306Z,14.808534,133.425179,Cloud to Ground,-16005,0,13
2026-10-09T06:42:16.200540934Z,14.874181,133.39165,Cloud to Ground,-13469,0,14
2026-10-09T06:42:16.200948236Z,14.867913,133.394573,Cloud to Ground,-11064,0,14
2026-10-09T06:42:16.262013674Z,14.149882,111.682536,Cloud to Ground,21947,0,8
2026-10-09T06:42:17.148281959Z,9.500736,115.181263,Cloud to Cloud,-11455,18230,13
2026-10-09T06:42:17.227108291Z,9.447626,115.170478,Cloud to Ground,30658,0,10
2026-10-09T06:42:17.607745273Z,10.356955,119.332532,Cloud to Cloud,-10523,3019,12
2026-10-09T06:42:18.717519419Z,11.736003,125.154738,Cloud to Ground,15531,0,7
2026-10-09T06:42:20.195696859Z,2.883862,123.97572,Cloud to Cloud,-20000,4094,20
2026-10-09T06:42:19.897789388Z,2.883354,123.971918,Cloud to Ground,16217,0,16
2026-10-09T06:42:19.941850193Z,2.887799,123.980205,Cloud to Ground,16923,0,17
2026-10-09T06:42:19.796702394Z,2.889121,123.978841,Cloud to Ground,17044,0,14
2026-10-09T06:42:19.978037301Z,2.885635,123.974284,Cloud to Ground,21381,0,15
2026-10-09T06:42:19.822413670Z,2.889644,123.982381,Cloud to Ground,26357,0,19
2026-10-09T06:42:19.860132390Z,2.889929,123.979561,Cloud to Ground,54391,0,19
2026-10-09T06:42:19.755737682Z,2.89079,123.98165,Cloud to Ground,83588,0,22
2026-10-09T06:42:19.284478037Z,7.99107,123.559782,Cloud to Cloud,14656,3006,9
2026-10-09T06:42:21.805107648Z,7.97509,123.124272,Cloud to Ground,-12834,0,6
2026-10-09T06:42:21.799958766Z,7.906132,123.180425,Cloud to Ground,18390,0,12
2026-10-09T06:42:22.604025623Z,6.738115,124.415247,Cloud to Ground,14407,0,13
2026-10-09T06:42:22.654375774Z,9.528951,118.416089,Cloud to Cloud,-11115,15545,6
2026-10-09T06:42:22.547636250Z,9.489946,118.479486,Cloud to Ground,27084,0,9
2026-10-09T06:42:24.230045601Z,8.005993,123.345898,Cloud to Ground,19647,0,13
2026-10-09T06:42:26.310245497Z,8.410011,123.241311,Cloud to Ground,-14866,0,15
2026-10-09T06:42:26.268840648Z,8.098911,123.360681,Cloud to Ground,-51222,0,16
2026-10-09T06:42:26.781134256Z,8.063969,123.353535,Cloud to Ground,-36398,0,16
2026-10-09T06:42:26.447416525Z,8.047194,123.347357,Cloud to Ground,-20075,0,16
2026-10-09T06:42:26.504884452Z,7.989516,123.440888,Cloud to Ground,-17853,0,14
2026-10-09T06:42:26.369981680Z,7.981432,123.42135,Cloud to Cloud,-16197,15321,17
2026-10-09T06:42:26.256305681Z,7.997216,123.398654,Cloud to Ground,-10146,0,7
2026-10-09T06:42:30.738749390Z,9.446323,118.429146,Cloud to Ground,-20983,0,8
2026-10-09T06:42:30.799619352Z,9.458586,118.430983,Cloud to Ground,-14029,0,7
2026-10-09T06:42:31.163020000Z,9.4497,118.3832,Cloud to Ground,29628,0,5
2026-10-09T06:42:30.531921006Z,8.457286,123.596978,Cloud to Ground,-57166,0,21
2026-10-09T06:42:30.644606358Z,8.446612,123.558881,Cloud to Ground,-24669,0,15
2026-10-09T06:42:30.933915572Z,8.443733,123.576168,Cloud to Ground,-19774,0,15
2026-10-09T06:42:31.051115277Z,8.44729,123.57816,Cloud to Ground,-13887,0,16
2026-10-09T06:42:31.332752225Z,8.44669,123.631074,Cloud to Ground,-11152,0,10
2026-10-09T06:42:31.468911894Z,8.054508,123.406968,Cloud to Ground,-26531,0,17
2026-10-09T06:42:31.670598271Z,8.034881,123.337254,Cloud to Cloud,-14458,15235,9
2026-10-09T06:42:31.348603166Z,8.040101,123.404671,Cloud to Ground,31443,0,17
2026-10-09T06:42:34.134417953Z,4.345932,116.206104,Cloud to Ground,-15549,0,13
2026-10-09T06:42:36.150954860Z,7.893431,122.817428,Cloud to Ground,29225,0,8
2026-10-09T06:42:37.235965236Z,8.071393,123.479822,Cloud to Ground,-69759,0,30
2026-10-09T06:42:36.985997890Z,8.081411,123.45466,Cloud to Ground,-31454,0,20
2026-10-09T06:42:37.070676781Z,8.122361,123.508988,Cloud to Ground,-16418,0,11
2026-10-09T06:42:37.517900427Z,7.983578,123.527737,Cloud to Ground,12437,0,11
2026-10-09T06:42:37.639660991Z,4.074912,116.041902,Cloud to Ground,-38347,0,26
2026-10-09T06:42:37.635650878Z,4.001176,116.06993,Cloud to Ground,-18640,0,12
2026-10-09T06:42:37.637636163Z,4.07716,116.053815,Cloud to Ground,-15564,0,10
2026-10-09T06:42:38.834235847Z,8.603476,132.801849,Cloud to Cloud,16466,13204,8
2026-10-09T06:42:38.811387989Z,8.707287,132.767798,Cloud to Ground,-26117,0,36
2026-10-09T06:42:39.183773578Z,8.736082,132.875011,Cloud to Ground,10247,0,8
2026-10-09T06:42:39.122163607Z,8.688642,132.887975,Cloud to Ground,29865,0,20
2026-10-09T06:42:38.908275837Z,8.777952,132.854541,Cloud to Ground,29993,0,20
2026-10-09T06:42:39.600653482Z,1.352089,112.15043,Cloud to Ground,29006,0,17
2026-10-09T06:42:39.667205251Z,1.347304,112.146394,Cloud to Ground,30765,0,17
2026-10-09T06:42:39.537326690Z,1.342638,112.118602,Cloud to Ground,53219,0,16
2026-10-09T06:42:39.107120166Z,12.786158,111.507883,Cloud to Cloud,-12124,12412,9
2026-10-09T06:42:39.060019846Z,12.765104,111.486012,Cloud to Ground,15606,0,12
2026-10-09T06:42:40.589272603Z,8.844561,117.221948,Cloud to Cloud,9182,9405,8
2026-10-09T06:42:40.591303008Z,8.782268,117.274146,Cloud to Ground,21428,0,12
2026-10-09T06:42:41.287060798Z,7.969754,123.423501,Cloud to Ground,35103,0,18
2026-10-09T06:42:42.426342531Z,8.274163,125.368384,Cloud to Ground,-21429,0,8
2026-10-09T06:42:42.551342148Z,7.172782,126.285794,Cloud to Cloud,-21595,3749,21
2026-10-09T06:42:42.499635091Z,7.233118,126.309659,Cloud to Ground,-20911,0,17
2026-10-09T06:42:42.425867000Z,7.2406,126.3861,Cloud to Ground,43137,0,14
2026-10-09T06:42:44.006021420Z,8.089413,125.348286,Cloud to Ground,12372,0,9
2026-10-09T06:42:43.979474005Z,8.092142,125.343318,Cloud to Ground,15884,0,12
2026-10-09T06:42:43.986095197Z,8.078974,125.352028,Cloud to Ground,22259,0,16
2026-10-09T06:42:43.896297262Z,9.360223,118.506808,Cloud to Cloud,-17874,3042,5
2026-10-09T06:42:43.344024492Z,1.371156,118.489246,Cloud to Ground,15053,0,6
2026-10-09T06:42:43.280987762Z,12.273179,116.409493,Cloud to Ground,-39068,0,14
2026-10-09T06:42:44.010101094Z,8.183364,125.288082,Cloud to Cloud,-17298,16962,22
2026-10-09T06:42:44.022193084Z,9.436631,118.419095,Cloud to Ground,-15704,0,6
2026-10-09T06:42:44.138737412Z,8.073734,123.319464,Cloud to Cloud,-8903,6411,13
2026-10-09T06:42:45.671728822Z,9.002095,115.836168,Cloud to Cloud,-19900,15132,10
2026-10-09T06:42:45.677981062Z,9.037349,115.832929,Cloud to Ground,-17638,0,15
2026-10-09T06:42:45.748057910Z,9.044411,115.883433,Cloud to Cloud,-11482,6239,9
2026-10-09T06:42:45.671272000Z,8.9458,115.8665,Cloud to Ground,-265,0,6
2026-10-09T06:42:45.217103849Z,9.695094,118.502595,Cloud to Ground,21422,0,8
2026-10-09T06:42:45.249293160Z,9.66898,118.436266,Cloud to Ground,35325,0,14
2026-10-09T06:42:47.573327083Z,1.319359,112.210232,Cloud to Ground,-15000,0,10
2026-10-09T06:42:47.640113173Z,1.305055,112.195036,Cloud to Ground,11466,0,11
2026-10-09T06:42:47.635584000Z,1.3123,112.1977,Cloud to Ground,60417,0,10
2026-10-09T06:42:48.514014470Z,4.038885,116.013111,Cloud to Ground,21162,0,7
2026-10-09T06:42:48.524088761Z,4.081381,116.043894,Cloud to Ground,23626,0,8
2026-10-09T06:42:48.548631741Z,4.034913,116.037515,Cloud to Ground,26340,0,16
2026-10-09T06:42:49.000847429Z,4.061352,116.010298,Cloud to Ground,31710,0,13
2026-10-09T06:42:48.637185844Z,4.062229,116.015767,Cloud to Ground,60711,0,20
2026-10-09T06:42:48.694805859Z,6.61679,124.484449,Cloud to Cloud,-17903,10979,17
2026-10-09T06:42:50.502400306Z,9.016583,115.827525,Cloud to Cloud,-22890,11701,10
2026-10-09T06:42:50.534445404Z,8.985524,115.816615,Cloud to Cloud,17074,7425,7
2026-10-09T06:42:50.532749330Z,8.978626,115.854123,Cloud to Ground,19313,0,10
2026-10-09T06:42:50.556673826Z,9.008024,115.83162,Cloud to Ground,21301,0,11
2026-10-09T06:42:50.573112430Z,5.831991,117.300315,Cloud to Ground,-30643,0,23
2026-10-09T06:42:50.598893975Z,5.816591,117.298738,Cloud to Cloud,20370,17757,8
2026-10-09T06:42:50.802339169Z,8.328072,132.356166,Cloud to Ground,-65156,0,34
2026-10-09T06:42:50.801323713Z,8.311216,132.381626,Cloud to Cloud,-19514,7625,23
2026-10-09T06:42:52.954110373Z,7.994122,120.257588,Cloud to Ground,-67259,0,14
2026-10-09T06:42:53.429343194Z,7.999717,123.388842,Cloud to Ground,17356,0,11
2026-10-09T06:42:55.330189593Z,9.535784,118.43154,Cloud to Ground,14583,0,11
2026-10-09T06:42:55.343974727Z,9.540822,118.427087,Cloud to Ground,15057,0,15
2026-10-09T06:42:55.774160018Z,14.508547,130.751777,Cloud to Ground,38747,0,24
2026-10-09T06:42:55.842221842Z,14.452788,130.869896,Cloud to Ground,27190,0,13
2026-10-09T06:42:55.773535600Z,14.488547,130.900489,Cloud to Ground,48862,0,16
2026-10-09T06:42:55.742913117Z,15.409375,111.286953,Cloud to Cloud,12829,17351,9
2026-10-09T06:42:57.320892141Z,2.854481,123.897413,Cloud to Ground,-37482,0,20
2026-10-09T06:42:57.561160463Z,2.862834,123.921966,Cloud to Cloud,-18114,12979,7
2026-10-09T06:42:57.366384458Z,2.838252,123.90692,Cloud to Ground,27820,0,10
2026-10-09T06:42:57.591382657Z,2.852505,123.926578,Cloud to Ground,28361,0,20
2026-10-09T06:42:57.564307611Z,2.858262,123.925893,Cloud to Ground,30629,0,23
2026-10-09T06:42:57.424236060Z,2.863287,123.932872,Cloud to Ground,71508,0,29
2026-10-09T06:42:58.678754125Z,7.997792,123.376453,Cloud to Ground,-15582,0,18
2026-10-09T06:43:02.242897699Z,4.333809,116.217803,Cloud to Ground,-9411,0,12
2026-10-09T06:43:03.173795163Z,1.332783,111.998333,Cloud to Ground,-17221,0,13
2026-10-09T06:43:04.810041257Z,8.029969,123.513286,Cloud to Cloud,-17860,3025,12
2026-10-09T06:43:04.829912262Z,8.070851,123.348841,Cloud to Ground,-36579,0,18
2026-10-09T06:43:05.320620251Z,8.066482,123.3499,Cloud to Ground,-28045,0,16
2026-10-09T06:43:04.830964815Z,8.005396,123.413473,Cloud to Ground,-27058,0,13
2026-10-09T06:43:04.945051380Z,8.064153,123.324661,Cloud to Ground,-21726,0,10
2026-10-09T06:43:04.854287652Z,8.022844,123.400687,Cloud to Ground,-21532,0,14
2026-10-09T06:43:04.850880521Z,7.995776,123.403182,Cloud to Ground,-19658,0,15
2026-10-09T06:43:05.470427657Z,8.009422,123.386024,Cloud to Ground,-19562,0,12
2026-10-09T06:43:04.941670826Z,7.998615,123.385718,Cloud to Ground,-17781,0,17
2026-10-09T06:43:05.616784995Z,8.146361,123.391723,Cloud to Ground,22530,0,9
2026-10-09T06:43:05.624147000Z,7.9883,123.3659,Cloud to Ground,27697,0,5
2026-10-09T06:43:04.514799550Z,9.305109,118.494426,Cloud to Cloud,19784,3008,6
2026-10-09T06:43:05.082374960Z,14.121709,112.708773,Cloud to Ground,-11676,0,5
2026-10-09T06:43:04.746662483Z,14.110468,112.771564,Cloud to Ground,15283,0,9
2026-10-09T06:43:05.046435844Z,14.143259,112.873312,Cloud to Cloud,-9917,3058,8
2026-10-09T06:43:06.683737217Z,8.020481,123.512825,Cloud to Ground,17153,0,9
2026-10-09T06:43:07.527703198Z,8.657532,125.448704,Cloud to Ground,-16010,0,8
2026-10-09T06:43:08.998888391Z,6.826941,111.532275,Cloud to Ground,-97539,0,10
2026-10-09T06:43:08.495220870Z,2.596905,111.700519,Cloud to Ground,-17415,0,12
2026-10-09T06:43:08.471073316Z,2.753597,111.575762,Cloud to Ground,-16596,0,7
2026-10-09T06:43:08.867871339Z,9.673944,118.462447,Cloud to Cloud,-14397,17657,10
2026-10-09T06:43:08.795205308Z,9.591125,118.440442,Cloud to Ground,18522,0,12
2026-10-09T06:43:10.099942550Z,8.365624,125.360905,Cloud to Ground,-46526,0,27
2026-10-09T06:43:10.193837202Z,8.382258,125.372007,Cloud to Ground,-23236,0,14
2026-10-09T06:43:10.015823821Z,8.025017,123.370778,Cloud to Cloud,-13704,16563,20
2026-10-09T06:43:14.698720934Z,7.974766,122.891072,Cloud to Ground,23582,0,7
2026-10-09T06:43:14.546306338Z,1.316717,111.994101,Cloud to Ground,19660,0,11
2026-10-09T06:43:16.755488675Z,9.666718,118.51908,Cloud to Ground,25362,0,16
2026-10-09T06:43:18.056906720Z,7.909689,123.208854,Cloud to Ground,-10601,0,11
2026-10-09T06:43:17.832862526Z,7.923667,123.244175,Cloud to Cloud,13102,4650,7
2026-10-09T06:43:18.325107820Z,7.993211,123.424857,Cloud to Ground,-22004,0,16
2026-10-09T06:43:18.516651460Z,7.940163,123.409212,Cloud to Cloud,7314,5696,8
2026-10-09T06:43:18.650051166Z,2.84743,123.951234,Cloud to Cloud,-14695,5950,14
2026-10-09T06:43:18.726992488Z,2.84628,123.949947,Cloud to Ground,5922,0,6
2026-10-09T06:43:18.705161186Z,2.858361,123.970851,Cloud to Ground,29972,0,24
2026-10-09T06:43:19.351271703Z,7.308878,130.797216,Cloud to Ground,-11079,0,15
2026-10-09T06:43:19.408732214Z,7.305786,130.473225,Cloud to Ground,-33668,0,14
2026-10-09T06:43:18.988871853Z,7.262622,130.499378,Cloud to Cloud,-14313,7797,11
2026-10-09T06:43:19.341594369Z,7.299795,130.697252,Cloud to Cloud,12354,3023,15
2026-10-09T06:43:20.167299169Z,8.033267,123.514813,Cloud to Ground,-20959,0,17
2026-10-09T06:43:20.249103305Z,8.040247,123.562691,Cloud to Ground,12471,0,10
2026-10-09T06:43:20.678367083Z,13.231375,132.226451,Cloud to Ground,-45884,0,29
2026-10-09T06:43:20.704661157Z,13.215528,132.368419,Cloud to Ground,24316,0,27
2026-10-09T06:43:20.104404743Z,13.39581,132.312447,Cloud to Ground,-51718,0,24
2026-10-09T06:43:20.097076878Z,13.307004,132.338492,Cloud to Ground,-29394,0,19
2026-10-09T06:43:20.110647389Z,13.395159,132.280377,Cloud to Ground,-24929,0,22
2026-10-09T06:43:20.095352138Z,13.391585,132.295091,Cloud to Ground,-20095,0,15
2026-10-09T06:43:20.092322003Z,13.378517,132.304187,Cloud to Ground,-14785,0,19
2026-10-09T06:43:21.287122697Z,9.547591,118.383153,Cloud to Ground,-16257,0,13
2026-10-09T06:43:21.257768900Z,9.374614,118.511985,Cloud to Cloud,-24474,7623,6
2026-10-09T06:43:21.709302328Z,8.027411,123.427987,Cloud to Cloud,-10709,10585,17
2026-10-09T06:43:25.661725577Z,8.043894,123.317626,Cloud to Ground,24701,0,21
2026-10-09T06:43:25.646146000Z,4.8698,111.9731,Cloud to Ground,-40513,0,8
2026-10-09T06:43:25.657177174Z,4.837103,111.938936,Cloud to Ground,-22538,0,8
2026-10-09T06:43:25.918902602Z,4.780965,111.957161,Cloud to Ground,-20023,0,21
2026-10-09T06:43:26.975047279Z,8.037508,123.353602,Cloud to Ground,-12925,0,16
2026-10-09T06:43:28.808131922Z,9.448493,118.374009,Cloud to Cloud,12846,3003,8
2026-10-09T06:43:29.876488341Z,1.34838,118.465303,Cloud to Ground,15850,0,18
2026-10-09T06:43:29.182744456Z,14.75855,133.437001,Cloud to Cloud,-10363,3923,7
2026-10-09T06:43:29.569361668Z,14.631988,133.423059,Cloud to Ground,-12461,0,7
2026-10-09T06:43:29.184161622Z,14.893173,133.364654,Cloud to Ground,-35869,0,24
2026-10-09T06:43:29.194621532Z,14.882605,133.364761,Cloud to Ground,-15446,0,7
2026-10-09T06:43:29.365003000Z,8.5144,125.5304,Cloud to Ground,13720,0,5
2026-10-09T06:43:30.971832348Z,6.524641,124.412789,Cloud to Cloud,-9513,10528,7
2026-10-09T06:43:31.977500790Z,9.527535,118.458391,Cloud to Ground,15303,0,7
2026-10-09T06:43:31.815637096Z,7.993285,123.368047,Cloud to Ground,-16508,0,9
2026-10-09T06:43:31.576457025Z,12.301099,116.379152,Cloud to Ground,-31829,0,11
2026-10-09T06:43:31.650270742Z,12.299562,116.382961,Cloud to Ground,-20723,0,10
2026-10-09T06:43:33.097166406Z,8.065023,123.640497,Cloud to Ground,32688,0,14
2026-10-09T06:43:33.103603052Z,8.343706,123.41587,Cloud to Ground,-46717,0,29
2026-10-09T06:43:33.256244580Z,8.335138,123.416447,Cloud to Ground,-42400,0,14
2026-10-09T06:43:34.049133097Z,2.101829,112.590813,Cloud to Ground,29293,0,16
2026-10-09T06:43:34.150401659Z,2.10262,112.586893,Cloud to Ground,30899,0,20
2026-10-09T06:43:33.958473931Z,2.102592,112.59217,Cloud to Ground,33883,0,14
2026-10-09T06:43:34.498711131Z,1.304231,112.168041,Cloud to Ground,16412,0,8
2026-10-09T06:43:34.395162534Z,14.144804,111.670838,Cloud to Ground,15061,0,7
2026-10-09T06:43:37.648986645Z,8.41412,119.086471,Cloud to Ground,-45367,0,16
2026-10-09T06:43:37.531936735Z,8.320733,119.121405,Cloud to Ground,-90620,0,24
2026-10-09T06:43:37.527072987Z,8.324633,119.118648,Cloud to Ground,-22164,0,20
2026-10-09T06:43:37.758778914Z,8.318548,119.123888,Cloud to Ground,-20480,0,19
2026-10-09T06:43:37.732140404Z,8.315426,119.040066,Cloud to Ground,-12724,0,7
2026-10-09T06:43:37.156682835Z,8.71786,132.723585,Cloud to Ground,-39332,0,31
2026-10-09T06:43:37.293941045Z,8.694134,132.734065,Cloud to Ground,-32488,0,28
2026-10-09T06:43:37.573548294Z,8.73912,132.865232,Cloud to Ground,14790,0,9
2026-10-09T06:43:37.604554071Z,8.746775,132.862732,Cloud to Ground,17368,0,11
2026-10-09T06:43:37.658247428Z,8.690735,132.877534,Cloud to Ground,23534,0,19
2026-10-09T06:43:37.386440838Z,8.691994,132.880757,Cloud to Ground,51908,0,16
2026-10-09T06:43:39.144703174Z,8.003603,123.51608,Cloud to Ground,-41973,0,13
2026-10-09T06:43:39.066218317Z,8.007019,123.543499,Cloud to Ground,-37742,0,24
2026-10-09T06:43:39.341885256Z,8.07928,123.476339,Cloud to Ground,-18007,0,11
2026-10-09T06:43:39.676518657Z,8.076102,123.491118,Cloud to Ground,-16146,0,10
2026-10-09T06:43:39.786448462Z,9.420906,118.479972,Cloud to Ground,17173,0,7
2026-10-09T06:43:39.761554948Z,9.43577,118.494451,Cloud to Cloud,18337,3267,10
2026-10-09T06:43:39.743528665Z,9.42366,118.493346,Cloud to Ground,48749,0,9
2026-10-09T06:43:39.864113999Z,9.538581,118.388135,Cloud to Cloud,-10231,16216,7
2026-10-09T06:43:41.728381113Z,8.964217,115.841074,Cloud to Ground,24317,0,10
2026-10-09T06:43:41.889147279Z,2.661568,111.69791,Cloud to Ground,-13137,0,14
2026-10-09T06:43:41.061793072Z,1.400601,112.054629,Cloud to Ground,-16772,0,11
2026-10-09T06:43:42.660923882Z,7.875242,123.31095,Cloud to Ground,17529,0,15
2026-10-09T06:43:45.399330074Z,9.840588,124.081093,Cloud to Ground,11682,0,18
2026-10-09T06:43:46.916802319Z,8.017303,115.419136,Cloud to Ground,-49790,0,21
2026-10-09T06:43:47.271737443Z,7.944324,115.421892,Cloud to Ground,-45817,0,14
2026-10-09T06:43:46.913343454Z,7.924113,115.438658,Cloud to Cloud,-27439,7573,18
2026-10-09T06:43:46.919467234Z,7.957511,115.41608,Cloud to Ground,-23761,0,11
2026-10-09T06:43:46.914476656Z,7.99798,115.421432,Cloud to Ground,-21796,0,14
2026-10-09T06:43:46.218325335Z,7.973665,123.401197,Cloud to Ground,49007,0,12
2026-10-09T06:43:49.466879046Z,7.848316,123.166338,Cloud to Ground,37481,0,21
2026-10-09T06:43:51.943294146Z,9.453923,115.189557,Cloud to Ground,-24024,0,10
2026-10-09T06:43:51.972127777Z,9.4631,115.18658,Cloud to Cloud,-9666,10406,8
2026-10-09T06:43:50.758821815Z,2.892318,123.962319,Cloud to Ground,-21684,0,17
2026-10-09T06:43:51.378190398Z,2.963038,123.950379,Cloud to Ground,-11041,0,7
2026-10-09T06:43:51.109174513Z,2.917203,123.922748,Cloud to Ground,-8038,0,7
2026-10-09T06:43:51.259627315Z,2.858246,123.961349,Cloud to Cloud,12959,7259,8
2026-10-09T06:43:50.988093398Z,2.883111,123.992606,Cloud to Ground,21607,0,24
2026-10-09T06:43:50.887194954Z,2.873614,123.965665,Cloud to Ground,27506,0,20
2026-10-09T06:43:51.110161828Z,2.873208,123.978237,Cloud to Ground,33977,0,9
2026-10-09T06:43:51.825833860Z,18.697998,125.043197,Cloud to Cloud,-11308,7881,9
2026-10-09T06:43:51.489659729Z,18.573852,124.946152,Cloud to Cloud,11810,10227,10
2026-10-09T06:43:51.483326200Z,18.62693,124.94599,Cloud to Cloud,16250,6216,8
2026-10-09T06:43:51.482231089Z,18.563384,124.958741,Cloud to Ground,19059,0,12
2026-10-09T06:43:51.483812386Z,18.602372,125.074693,Cloud to Cloud,-9704,16682,8
2026-10-09T06:43:51.485653232Z,18.589247,125.095777,Cloud to Cloud,-6954,19700,12
2026-10-09T06:43:52.103551958Z,7.995025,123.402255,Cloud to Ground,13082,0,9
2026-10-09T06:43:53.502704016Z,7.927736,123.912745,Cloud to Cloud,-9532,7577,21
2026-10-09T06:43:53.424431779Z,7.938836,123.905135,Cloud to Ground,12613,0,18
2026-10-09T06:43:53.072998001Z,9.44015,118.402863,Cloud to Ground,20228,0,14
2026-10-09T06:43:53.332214990Z,9.716165,118.402877,Cloud to Ground,-13471,0,6
2026-10-09T06:43:52.965832832Z,9.545358,118.446734,Cloud to Cloud,-16802,3004,7
2026-10-09T06:43:52.716775670Z,9.527953,118.450914,Cloud to Cloud,16635,7418,8
2026-10-09T06:43:52.912637000Z,9.5227,118.4723,Cloud to Ground,17300,0,9
2026-10-09T06:43:53.326694462Z,9.604217,118.484305,Cloud to Cloud,21432,19532,7
2026-10-09T06:43:53.054445637Z,8.758622,125.362026,Cloud to Ground,-12939,0,25
2026-10-09T06:43:53.037543803Z,8.679067,125.422675,Cloud to Ground,10923,0,10
2026-10-09T06:43:53.066280505Z,8.606602,125.389115,Cloud to Cloud,12697,8018,8
2026-10-09T06:43:53.668762509Z,1.403589,111.990451,Cloud to Ground,-15796,0,14
2026-10-09T06:43:54.555635052Z,12.507831,115.142131,Cloud to Ground,-97921,0,11
2026-10-09T06:43:54.632575425Z,12.531827,115.141642,Cloud to Ground,-15256,0,9
2026-10-09T06:43:54.584427790Z,12.529,115.142241,Cloud to Ground,13224,0,12
2026-10-09T06:43:54.551718225Z,12.519616,115.104767,Cloud to Ground,22665,0,10
2026-10-09T06:43:55.568025307Z,4.364534,116.235176,Cloud to Ground,45788,0,20
2026-10-09T06:43:56.953026973Z,9.421157,118.403157,Cloud to Ground,21709,0,10
2026-10-09T06:43:56.329997797Z,7.954223,123.391289,Cloud to Ground,15409,0,20
2026-10-09T06:43:56.421802984Z,7.951727,123.391802,Cloud to Ground,17787,0,18
2026-10-09T06:43:57.145117889Z,6.535177,125.413298,Cloud to Ground,-14041,0,18
2026-10-09T06:43:57.067762656Z,6.631829,125.353024,Cloud to Ground,-10547,0,10
2026-10-09T06:43:58.270282262Z,3.234166,121.173527,Cloud to Ground,-17418,0,17
2026-10-09T06:43:58.290360710Z,3.23075,121.186753,Cloud to Ground,-14600,0,18
2026-10-09T06:43:58.269302649Z,3.239414,121.184264,Cloud to Ground,20573,0,16
2026-10-09T06:43:59.598631542Z,7.988423,123.391963,Cloud to Ground,13954,0,21
2026-10-09T06:43:59.136005772Z,12.758487,111.422213,Cloud to Ground,-11613,0,7
2026-10-09T06:43:58.904074198Z,12.77779,111.462405,Cloud to Ground,7713,0,6
2026-10-09T06:44:00.292795037Z,8.119601,123.502496,Cloud to Ground,-14035,0,12
2026-10-09T06:44:00.048339688Z,3.521276,113.503557,Cloud to Ground,20498,0,14
2026-10-09T06:44:00.013338407Z,3.507933,113.508755,Cloud to Ground,38931,0,14
2026-10-09T06:44:01.383158803Z,1.419514,111.899032,Cloud to Ground,-17426,0,7
2026-10-09T06:44:01.759177428Z,8.779932,125.401662,Cloud to Ground,-18928,0,7
2026-10-09T06:44:01.812828762Z,9.212596,125.805096,Cloud to Ground,17445,0,11
2026-10-09T06:44:01.479172000Z,8.8858,125.356,Cloud to Ground,-23970,0,6
2026-10-09T06:44:01.962580000Z,7.4705,125.3356,Cloud to Ground,-23369,0,5
2026-10-09T06:44:02.405641472Z,9.469213,118.45844,Cloud to Ground,25119,0,12
2026-10-09T06:44:03.204896806Z,8.019495,123.409203,Cloud to Cloud,-17642,5560,11
2026-10-09T06:44:03.243128036Z,8.080383,123.360963,Cloud to Cloud,-11186,16849,11
2026-10-09T06:44:03.167330356Z,7.994336,123.414978,Cloud to Ground,23553,0,19
2026-10-09T06:44:05.218871551Z,1.346534,112.008667,Cloud to Ground,-29212,0,13
2026-10-09T06:44:07.669246900Z,7.948832,123.392351,Cloud to Cloud,-6902,8232,7
2026-10-09T06:44:07.876068771Z,8.067096,123.355139,Cloud to Cloud,-12749,12786,8
2026-10-09T06:44:07.270289293Z,7.616714,116.444935,Cloud to Cloud,-9864,13253,14
2026-10-09T06:44:07.267674352Z,7.570167,116.451039,Cloud to Cloud,-7467,19173,8
2026-10-09T06:44:07.320868550Z,7.599632,116.416763,Cloud to Cloud,-7285,19952,9
2026-10-09T06:44:08.987536674Z,6.478033,133.251274,Cloud to Cloud,-19998,4665,15
2026-10-09T06:44:10.856067313Z,9.654695,118.43836,Cloud to Cloud,-6830,7197,8
2026-10-09T06:44:11.051706221Z,8.056304,123.374138,Cloud to Ground,-21722,0,19
2026-10-09T06:44:11.078035270Z,8.023506,123.421809,Cloud to Ground,-12156,0,13
2026-10-09T06:44:10.645306380Z,8.018008,123.402345,Cloud to Ground,20354,0,10
2026-10-09T06:44:12.536256724Z,8.008098,123.309693,Cloud to Ground,29511,0,15
2026-10-09T06:44:12.907954181Z,17.714316,124.481879,Cloud to Ground,-66234,0,15
2026-10-09T06:44:13.075094866Z,17.713236,124.482761,Cloud to Ground,-22260,0,14
2026-10-09T06:44:12.901214930Z,17.671193,124.504485,Cloud to Ground,-21897,0,10
2026-10-09T06:44:13.043193758Z,17.71036,124.488407,Cloud to Ground,-19021,0,13
2026-10-09T06:44:12.943393278Z,17.715877,124.484836,Cloud to Ground,-18442,0,12
2026-10-09T06:44:13.100516215Z,17.713263,124.486773,Cloud to Ground,-9374,0,8
2026-10-09T06:44:13.260034744Z,14.121069,112.840263,Cloud to Ground,-15956,0,8
2026-10-09T06:44:13.262306008Z,14.106221,112.757428,Cloud to Ground,10245,0,8
2026-10-09T06:44:13.292976166Z,14.118166,112.782166,Cloud to Ground,12574,0,9
2026-10-09T06:44:13.260975232Z,14.115375,112.751276,Cloud to Ground,33431,0,12
2026-10-09T06:44:15.599142870Z,8.81976,117.203605,Cloud to Cloud,-12828,13372,8
2026-10-09T06:44:15.549094737Z,8.772518,117.195069,Cloud to Ground,10917,0,9
2026-10-09T06:44:16.394997591Z,4.13167,116.010649,Cloud to Cloud,-24408,19105,17
2026-10-09T06:44:16.409609299Z,4.027759,116.023408,Cloud to Cloud,-16005,15160,17
2026-10-09T06:44:16.516427319Z,4.051939,116.053095,Cloud to Ground,15369,0,9
2026-10-09T06:44:16.442404418Z,4.031097,116.034289,Cloud to Ground,41093,0,18
2026-10-09T06:44:16.410786942Z,4.028782,116.037756,Cloud to Ground,62340,0,25
2026-10-09T06:44:16.354458266Z,4.023148,116.030709,Cloud to Ground,83533,0,20
2026-10-09T06:44:19.749176183Z,1.325918,112.112978,Cloud to Ground,-28871,0,16
2026-10-09T06:44:19.775844058Z,1.323222,112.106611,Cloud to Ground,23231,0,11
2026-10-09T06:44:19.878630907Z,1.311982,112.095361,Cloud to Ground,23314,0,18
2026-10-09T06:44:20.139378615Z,8.003695,123.504318,Cloud to Cloud,-13481,19534,13
2026-10-09T06:44:20.163203362Z,8.020392,123.507645,Cloud to Ground,15985,0,8
2026-10-09T06:44:20.019127796Z,7.990508,123.535607,Cloud to Cloud,17343,6544,8
2026-10-09T06:44:21.500255237Z,8.010636,123.396518,Cloud to Ground,15770,0,10
2026-10-09T06:44:21.914441107Z,10.357294,119.291928,Cloud to Ground,-23762,0,9
2026-10-09T06:44:22.121085358Z,10.362259,119.306382,Cloud to Ground,-17549,0,10
2026-10-09T06:44:21.894556405Z,10.404377,119.30255,Cloud to Cloud,-17043,17272,9
2026-10-09T06:44:22.337656300Z,10.371177,119.303454,Cloud to Ground,-13142,0,9
2026-10-09T06:44:22.123210725Z,8.530209,123.187689,Cloud to Ground,-37638,0,11
2026-10-09T06:44:23.990464846Z,1.388335,111.958423,Cloud to Ground,-13153,0,10
2026-10-09T06:44:23.664915044Z,7.903403,122.84087,Cloud to Ground,28293,0,11
2026-10-09T06:44:25.753400639Z,9.536826,118.463426,Cloud to Cloud,8763,4151,6
2026-10-09T06:44:25.467654917Z,9.495235,118.594251,Cloud to Ground,-17601,0,7
2026-10-09T06:44:25.183446660Z,15.324232,113.250392,Cloud to Ground,-14506,0,10
2026-10-09T06:44:25.192634734Z,15.318197,113.244173,Cloud to Ground,-12114,0,5
2026-10-09T06:44:25.185809868Z,15.314022,113.23615,Cloud to Cloud,-10421,3119,8
2026-10-09T06:44:25.496717112Z,15.304108,113.158204,Cloud to Cloud,4221,12019,6
2026-10-09T06:44:25.211368281Z,15.303027,113.175114,Cloud to Cloud,12898,11980,7
2026-10-09T06:44:28.343223366Z,8.095204,123.512966,Cloud to Cloud,-16992,15481,9
2026-10-09T06:44:28.685529000Z,8.3658,125.4594,Cloud to Ground,-11650,0,6
2026-10-09T06:44:29.335242711Z,7.995441,123.398011,Cloud to Ground,-61969,0,14
2026-10-09T06:44:29.596610362Z,8.063515,123.37606,Cloud to Ground,-35846,0,22
2026-10-09T06:44:29.498959237Z,7.993143,123.411425,Cloud to Ground,-17694,0,11
2026-10-09T06:44:29.445095957Z,7.999333,123.408294,Cloud to Ground,22503,0,10
2026-10-09T06:44:29.164337594Z,8.10106,123.929096,Cloud to Ground,-14392,0,13
2026-10-09T06:44:29.414413995Z,1.321655,112.231416,Cloud to Ground,48145,0,16
2026-10-09T06:44:32.878629889Z,4.436304,116.236747,Cloud to Ground,-25793,0,13
2026-10-09T06:44:33.200947513Z,4.356713,116.266255,Cloud to Ground,-24383,0,22
2026-10-09T06:44:32.817159429Z,4.352785,116.228362,Cloud to Ground,20465,0,22
2026-10-09T06:44:32.337594704Z,7.892144,123.874428,Cloud to Ground,-13649,0,7
2026-10-09T06:44:32.488794163Z,8.01402,123.549304,Cloud to Ground,-33628,0,8
2026-10-09T06:44:33.611757576Z,9.554958,118.607538,Cloud to Cloud,18891,6182,13
2026-10-09T06:44:34.458146283Z,3.746698,113.737511,Cloud to Ground,-17023,0,6
2026-10-09T06:44:34.490331478Z,3.730762,113.766263,Cloud to Ground,31806,0,14
2026-10-09T06:44:36.385914086Z,7.843007,123.459084,Cloud to Cloud,-37415,10999,8
2026-10-09T06:44:37.460076730Z,9.437495,118.353101,Cloud to Ground,26151,0,7
2026-10-09T06:44:37.712286018Z,12.161512,116.322213,Cloud to Ground,25930,0,10
2026-10-09T06:44:37.710601005Z,12.319578,116.297975,Cloud to Cloud,10816,3007,11
2026-10-09T06:44:39.950320000Z,7.4698,120.4268,Cloud to Ground,99810,0,6
2026-10-09T06:44:41.450527513Z,7.337539,130.793564,Cloud to Ground,-64306,0,23
2026-10-09T06:44:41.718531105Z,7.355363,130.783618,Cloud to Ground,15724,0,14
2026-10-09T06:44:41.455054796Z,7.315209,130.632612,Cloud to Ground,-58069,0,29
2026-10-09T06:44:41.653802642Z,7.40903,130.632311,Cloud to Ground,-43377,0,20
2026-10-09T06:44:41.696771959Z,7.365958,130.669871,Cloud to Ground,-34897,0,34
2026-10-09T06:44:42.642024089Z,8.040579,123.411677,Cloud to Ground,-17942,0,25
2026-10-09T06:44:43.715030439Z,6.990351,110.757884,Cloud to Ground,-24783,0,16
2026-10-09T06:44:43.968704166Z,6.35454,128.794135,Cloud to Ground,28118,0,29
2026-10-09T06:44:43.975946625Z,6.362304,128.692803,Cloud to Cloud,12293,9560,15
2026-10-09T06:44:43.973036137Z,6.363465,128.700288,Cloud to Cloud,15099,3075,18
2026-10-09T06:44:43.972063042Z,6.395199,128.657744,Cloud to Cloud,15554,3168,10
2026-10-09T06:44:43.972560135Z,6.371001,128.701748,Cloud to Ground,16791,0,24
2026-10-09T06:44:43.497586715Z,9.410727,118.48798,Cloud to Cloud,-10930,16071,7
2026-10-09T06:44:43.235209344Z,9.426516,118.490127,Cloud to Cloud,17324,18322,7
2026-10-09T06:44:43.600330073Z,9.458767,118.462745,Cloud to Ground,25487,0,15
2026-10-09T06:44:44.992102943Z,6.510972,124.545981,Cloud to Ground,-18729,0,7
2026-10-09T06:44:44.835919179Z,6.518698,124.55807,Cloud to Ground,28677,0,13
2026-10-09T06:44:44.364240354Z,6.569936,124.410724,Cloud to Cloud,12332,12587,7
2026-10-09T06:44:44.029676858Z,9.555219,118.502813,Cloud to Cloud,14444,18644,10
2026-10-09T06:44:46.326544848Z,8.748714,132.852549,Cloud to Cloud,9722,5210,14
2026-10-09T06:44:46.418354014Z,8.688539,132.877371,Cloud to Ground,12464,0,10
2026-10-09T06:44:46.185511276Z,8.714262,132.893139,Cloud to Ground,30942,0,16
2026-10-09T06:44:46.133295158Z,8.725473,132.740505,Cloud to Ground,-32055,0,37
2026-10-09T06:44:46.256169629Z,8.707204,132.693831,Cloud to Ground,-14686,0,10
2026-10-09T06:44:46.211324146Z,8.717456,132.750242,Cloud to Ground,-12659,0,32
2026-10-09T06:44:47.772511960Z,6.851995,111.53658,Cloud to Ground,-56718,0,14
2026-10-09T06:44:47.860324880Z,6.828038,111.505995,Cloud to Ground,-42938,0,9
2026-10-09T06:44:47.941218825Z,6.849944,111.424122,Cloud to Ground,-19457,0,10
2026-10-09T06:44:47.764309406Z,6.88559,111.533451,Cloud to Cloud,-10657,5798,9
2026-10-09T06:44:47.809676489Z,6.829194,111.522941,Cloud to Ground,36011,0,24
2026-10-09T06:44:47.227641962Z,9.476048,118.396881,Cloud to Cloud,11698,3131,15
2026-10-09T06:44:47.339908889Z,9.427256,118.445753,Cloud to Cloud,17442,10107,7
2026-10-09T06:44:48.387507859Z,8.297247,123.686637,Cloud to Cloud,18075,6002,12
2026-10-09T06:44:49.427343108Z,7.824175,123.327275,Cloud to Ground,31852,0,14
2026-10-09T06:44:50.472572012Z,1.302782,111.91073,Cloud to Ground,28226,0,16
2026-10-09T06:44:50.069365269Z,1.315605,111.922365,Cloud to Ground,31557,0,18
2026-10-09T06:44:51.856674763Z,9.456413,118.31203,Cloud to Ground,-14103,0,9
2026-10-09T06:44:51.316995322Z,8.037328,123.552953,Cloud to Ground,25231,0,15
2026-10-09T06:44:52.578257576Z,7.980989,123.500955,Cloud to Cloud,7607,17085,9
2026-10-09T06:44:52.217878452Z,9.477149,118.439877,Cloud to Ground,-19601,0,12
2026-10-09T06:44:51.937148055Z,9.505521,118.462912,Cloud to Ground,-18315,0,9
2026-10-09T06:44:51.777809912Z,9.540051,118.385195,Cloud to Cloud,15508,7002,9
2026-10-09T06:44:53.948718972Z,0.940365,122.365965,Cloud to Ground,-9439,0,11
2026-10-09T06:44:53.955564967Z,0.939352,122.375242,Cloud to Cloud,-8617,3205,15
2026-10-09T06:44:54.053246876Z,3.669289,113.653177,Cloud to Cloud,-13136,4637,9
2026-10-09T06:44:54.072047413Z,3.697096,113.661851,Cloud to Ground,11788,0,9
2026-10-09T06:44:54.116013386Z,3.641404,113.674872,Cloud to Ground,18851,0,9
2026-10-09T06:44:54.068121438Z,3.665343,113.676856,Cloud to Ground,67842,0,14
2026-10-09T06:44:55.746837325Z,7.996816,123.383122,Cloud to Ground,-24548,0,18
2026-10-09T06:44:56.288467661Z,3.560639,113.471318,Cloud to Ground,-13535,0,8
2026-10-09T06:44:56.689462000Z,6.7229,125.3884,Cloud to Ground,-22599,0,9
2026-10-09T06:44:57.092142412Z,7.946137,123.918937,Cloud to Ground,-15445,0,8
2026-10-09T06:44:58.894585039Z,7.661581,123.543283,Cloud to Cloud,10512,12573,8
2026-10-09T06:44:59.174862937Z,8.042042,123.470936,Cloud to Cloud,-18064,14361,12
2026-10-09T06:44:59.150744870Z,1.384651,112.175649,Cloud to Ground,-15519,0,12
2026-10-09T06:44:59.176752000Z,10.3681,119.276,Cloud to Ground,-17705,0,5
2026-10-09T06:45:01.729118592Z,8.077573,123.47816,Cloud to Ground,-21786,0,19
2026-10-09T06:45:02.009420422Z,8.077731,123.568489,Cloud to Ground,-8984,0,14
2026-10-09T06:45:02.759705663Z,9.50763,118.403329,Cloud to Cloud,-7910,3000,6
2026-10-09T06:45:02.762327903Z,9.473881,118.407179,Cloud to Ground,17374,0,8
2026-10-09T06:45:03.607254289Z,4.3605,116.239891,Cloud to Ground,-15775,0,8
2026-10-09T06:45:03.604250002Z,4.351178,116.239375,Cloud to Ground,-13116,0,15
2026-10-09T06:45:03.851968788Z,4.434462,116.238698,Cloud to Ground,-11845,0,8
2026-10-09T06:45:03.742823178Z,9.551283,118.501453,Cloud to Cloud,-5625,7998,8
2026-10-09T06:45:04.956990998Z,8.021533,123.566314,Cloud to Ground,11793,0,11
2026-10-09T06:45:05.052493438Z,7.947824,123.559556,Cloud to Cloud,12747,19156,6
2026-10-09T06:45:04.975639060Z,11.78488,125.065931,Cloud to Ground,-47831,0,12
2026-10-09T06:45:05.079439632Z,2.12052,112.591138,Cloud to Ground,49946,0,25
2026-10-09T06:45:05.029516857Z,11.916495,125.013812,Cloud to Ground,-18698,0,14
2026-10-09T06:45:05.008300943Z,11.797022,125.267219,Cloud to Cloud,-26197,3313,14
2026-10-09T06:45:05.098930066Z,11.80435,125.209498,Cloud to Ground,-17247,0,10
2026-10-09T06:45:05.023749779Z,11.794062,125.210232,Cloud to Cloud,-15061,4332,14
2026-10-09T06:45:05.141366899Z,11.802512,125.210534,Cloud to Ground,-11082,0,7
2026-10-09T06:45:06.939667766Z,14.093872,110.002138,Cloud to Cloud,7614,19070,7
2026-10-09T06:45:06.931673699Z,14.073136,110.019948,Cloud to Ground,24730,0,10
2026-10-09T06:45:07.819393987Z,8.835664,125.387072,Cloud to Ground,-49617,0,17
2026-10-09T06:45:07.898859888Z,8.293166,119.109502,Cloud to Ground,-89784,0,14
2026-10-09T06:45:07.947123000Z,8.3015,119.0838,Cloud to Ground,45454,0,5
2026-10-09T06:45:08.766502920Z,9.485639,118.414716,Cloud to Cloud,-15105,15441,8
2026-10-09T06:45:08.795139145Z,9.523908,118.425207,Cloud to Cloud,-8049,12497,7
2026-10-09T06:45:09.098380000Z,8.3342,119.0398,Cloud to Ground,-19292,0,8
2026-10-09T06:45:12.938351422Z,1.397567,111.966362,Cloud to Ground,-14847,0,10
2026-10-09T06:45:13.865195616Z,8.110434,123.386251,Cloud to Ground,25276,0,8
2026-10-09T06:45:13.970704189Z,6.525088,124.482299,Cloud to Ground,15346,0,9
2026-10-09T06:45:13.141297238Z,8.313013,132.496896,Cloud to Ground,70300,0,30
2026-10-09T06:45:13.143431291Z,8.315951,132.368993,Cloud to Ground,-33335,0,31
2026-10-09T06:45:15.619352259Z,7.963868,122.826336,Cloud to Ground,16963,0,15
2026-10-09T06:45:18.810866468Z,1.026687,117.717066,Cloud to Ground,30608,0,14
2026-10-09T06:45:19.889081622Z,9.533648,118.586625,Cloud to Cloud,12732,7419,6
2026-10-09T06:45:20.040099078Z,9.698271,118.577824,Cloud to Cloud,-20585,6255,11
2026-10-09T06:45:19.890201320Z,9.634287,118.625399,Cloud to Cloud,16546,3156,7
2026-10-09T06:45:20.611179419Z,9.718301,118.45313,Cloud to Ground,-20152,0,8
2026-10-09T06:45:20.278487071Z,9.645226,118.485785,Cloud to Ground,-17713,0,10
2026-10-09T06:45:20.685348423Z,9.648622,118.484114,Cloud to Ground,-16517,0,8
2026-10-09T06:45:20.286742395Z,9.720364,118.388761,Cloud to Cloud,-13518,3418,7
2026-10-09T06:45:20.744400889Z,9.655406,118.436471,Cloud to Ground,-12788,0,5
2026-10-09T06:45:20.908493069Z,9.71355,118.445673,Cloud to Cloud,11032,13919,5
2026-10-09T06:45:20.727526131Z,9.69683,118.451498,Cloud to Cloud,14460,13687,6
2026-10-09T06:45:20.048746290Z,7.909029,123.217381,Cloud to Ground,-13608,0,18
2026-10-09T06:45:20.096254297Z,7.950916,123.401855,Cloud to Cloud,4297,13353,6
2026-10-09T06:45:20.829953699Z,8.008916,123.492425,Cloud to Ground,26062,0,16
2026-10-09T06:45:20.772289389Z,3.438679,113.509543,Cloud to Ground,18819,0,15
2026-10-09T06:45:21.333347471Z,9.407012,118.354673,Cloud to Ground,23182,0,15
2026-10-09T06:45:21.596164071Z,9.046253,125.737274,Cloud to Cloud,-13797,19952,10
2026-10-09T06:45:21.969465801Z,7.968302,123.92474,Cloud to Ground,-14433,0,10
2026-10-09T06:45:22.422908083Z,7.997876,123.399772,Cloud to Ground,18251,0,11
2026-10-09T06:45:24.389648909Z,2.724636,112.130539,Cloud to Ground,-12382,0,10
2026-10-09T06:45:24.128832925Z,8.093878,123.537458,Cloud to Ground,-18157,0,16
2026-10-09T06:45:25.135746426Z,8.918696,115.905212,Cloud to Ground,-53915,0,10
2026-10-09T06:45:24.808010000Z,8.9947,115.8225,Cloud to Ground,-41816,0,10
2026-10-09T06:45:25.315687571Z,8.940393,115.797293,Cloud to Ground,-15891,0,10
2026-10-09T06:45:24.817041876Z,8.963129,115.842896,Cloud to Cloud,9418,3955,8
2026-10-09T06:45:24.806629308Z,8.980303,115.844592,Cloud to Cloud,10477,3218,8
2026-10-09T06:45:25.596423819Z,9.48044,115.180531,Cloud to Ground,19451,0,10
2026-10-09T06:45:25.527066000Z,9.4387,115.1525,Cloud to Ground,36238,0,6
2026-10-09T06:45:25.478227937Z,9.430375,115.210731,Cloud to Ground,102636,0,15
2026-10-09T06:45:25.187567074Z,8.016588,123.481777,Cloud to Ground,14695,0,19
2026-10-09T06:45:27.361562391Z,8.295873,125.441163,Cloud to Ground,-36608,0,12
2026-10-09T06:45:27.449960626Z,8.310641,125.303657,Cloud to Ground,-11675,0,17
2026-10-09T06:45:28.178762139Z,6.471677,124.417103,Cloud to Ground,17025,0,11
2026-10-09T06:45:28.086046992Z,6.495593,124.446275,Cloud to Ground,24418,0,17
2026-10-09T06:45:30.089517953Z,1.41068,111.896676,Cloud to Ground,-21956,0,14
2026-10-09T06:45:33.669551160Z,1.312551,111.816711,Cloud to Ground,-12597,0,12
2026-10-09T06:45:33.762721606Z,11.887861,125.075014,Cloud to Ground,14173,0,17
2026-10-09T06:45:33.356752652Z,11.785061,125.093417,Cloud to Cloud,7117,8522,5
2026-10-09T06:45:34.616418513Z,8.021242,123.901186,Cloud to Cloud,-8013,15554,16
2026-10-09T06:45:34.613380671Z,4.425708,116.224579,Cloud to Cloud,-16145,11059,17
2026-10-09T06:45:34.536122336Z,4.353689,116.24356,Cloud to Cloud,-13666,4423,15
2026-10-09T06:45:35.623141668Z,8.019014,123.417423,Cloud to Ground,-19075,0,8
2026-10-09T06:45:35.043146100Z,10.279811,119.368451,Cloud to Cloud,-21907,7133,8
2026-10-09T06:45:35.011666210Z,10.362146,119.299191,Cloud to Ground,-39679,0,11
2026-10-09T06:45:36.744553042Z,7.937541,123.62312,Cloud to Cloud,8988,4888,7
2026-10-09T06:45:36.673322085Z,7.856036,123.480847,Cloud to Cloud,12980,17045,9
2026-10-09T06:45:36.913789500Z,6.536993,124.403404,Cloud to Ground,15009,0,9
2026-10-09T06:45:36.493456617Z,14.19247,111.759298,Cloud to Ground,-13720,0,8
2026-10-09T06:45:37.165073043Z,6.626279,125.39012,Cloud to Ground,-31099,0,29
2026-10-09T06:45:37.339171038Z,6.570225,125.330593,Cloud to Ground,-17957,0,26
2026-10-09T06:45:37.228846000Z,6.5452,125.5099,Cloud to Ground,35136,0,6
2026-10-09T06:45:38.848652525Z,9.344178,118.424545,Cloud to Cloud,13079,16289,7
2026-10-09T06:45:38.881755478Z,9.431358,118.372953,Cloud to Cloud,15959,3107,9
2026-10-09T06:45:42.204540856Z,9.543635,118.422565,Cloud to Cloud,-12090,11457,11
2026-10-09T06:45:41.842517904Z,9.467564,118.398956,Cloud to Ground,24799,0,13
2026-10-09T06:45:41.767933110Z,7.537979,131.531044,Cloud to Cloud,-9115,4670,8
2026-10-09T06:45:41.758934762Z,7.585455,131.58894,Cloud to Ground,13694,0,10
2026-10-09T06:45:43.031980988Z,1.362329,118.472801,Cloud to Ground,-21717,0,8
2026-10-09T06:45:43.244401196Z,12.283539,116.396153,Cloud to Cloud,-11225,3257,12
2026-10-09T06:45:43.244970027Z,12.272378,116.385423,Cloud to Cloud,8245,4233,8
2026-10-09T06:45:43.242630681Z,12.159677,116.366963,Cloud to Ground,35635,0,7
2026-10-09T06:45:48.618575105Z,8.009779,123.525755,Cloud to Ground,-33133,0,12
2026-10-09T06:45:48.932423000Z,8.0301,123.4864,Cloud to Ground,-18532,0,7
2026-10-09T06:45:49.143062339Z,8.072906,123.458239,Cloud to Ground,-16083,0,15
2026-10-09T06:45:49.017347000Z,7.9923,123.356,Cloud to Ground,-26366,0,6
2026-10-09T06:45:48.934575598Z,7.948557,123.29666,Cloud to Cloud,-8405,5130,7
2026-10-09T06:45:49.993087227Z,7.992256,123.513556,Cloud to Ground,15935,0,13
2026-10-09T06:45:51.747003068Z,6.535944,124.553058,Cloud to Ground,24288,0,15
2026-10-09T06:45:52.302289884Z,9.513312,118.61931,Cloud to Cloud,-18276,7121,7
2026-10-09T06:45:52.958972034Z,1.371692,111.94641,Cloud to Ground,-19001,0,7
2026-10-09T06:45:53.016651540Z,1.311445,111.972611,Cloud to Ground,9823,0,10
2026-10-09T06:45:53.077178414Z,1.314545,111.989121,Cloud to Ground,14274,0,8
2026-10-09T06:45:52.703261495Z,14.146737,112.831,Cloud to Ground,8870,0,10
2026-10-09T06:45:52.703696234Z,14.123982,112.777791,Cloud to Cloud,11835,4937,10
2026-10-09T06:45:52.701782735Z,14.157944,112.837649,Cloud to Ground,12157,0,8
2026-10-09T06:45:53.783658250Z,8.106815,123.350316,Cloud to Ground,19648,0,20
2026-10-09T06:45:54.328351048Z,7.968621,123.341995,Cloud to Ground,38059,0,18
2026-10-09T06:45:54.908711804Z,9.333308,118.482329,Cloud to Cloud,19727,4932,9
2026-10-09T06:45:54.779922515Z,9.448938,118.428331,Cloud to Ground,32159,0,14
2026-10-09T06:45:54.654063555Z,6.489823,133.449759,Cloud to Ground,10850,0,12
2026-10-09T06:45:54.668176681Z,6.476122,133.45306,Cloud to Ground,12977,0,13
2026-10-09T06:45:54.624198277Z,6.476104,133.448874,Cloud to Ground,46425,0,14
2026-10-09T06:45:54.067584168Z,11.840806,125.105125,Cloud to Cloud,-13918,5357,7
2026-10-09T06:45:54.070546667Z,11.792593,125.140057,Cloud to Cloud,10816,13137,9
2026-10-09T06:45:56.900716856Z,9.675951,118.446589,Cloud to Cloud,-9277,19151,8
2026-10-09T06:45:57.303993120Z,4.429568,116.22862,Cloud to Ground,-10076,0,7
2026-10-09T06:45:59.449988163Z,13.510112,114.150714,Cloud to Ground,-58344,0,10
2026-10-09T06:45:59.462913664Z,13.508293,114.156837,Cloud to Cloud,-16493,3106,8
2026-10-09T06:45:59.439673481Z,13.468479,114.086413,Cloud to Cloud,-12292,19165,9
2026-10-09T06:45:59.440178261Z,13.493427,114.156549,Cloud to Cloud,-11993,3026,9
2026-10-09T06:46:01.230506177Z,7.583316,120.500563,Cloud to Ground,-103832,0,18
2026-10-09T06:46:01.359250234Z,7.611443,120.421445,Cloud to Cloud,-20280,6831,15
2026-10-09T06:46:01.277987961Z,7.706438,120.453003,Cloud to Ground,18816,0,10
2026-10-09T06:46:02.565105680Z,9.071776,125.878046,Cloud to Cloud,9298,11193,10
2026-10-09T06:46:03.707035515Z,7.84509,122.863594,Cloud to Ground,-54090,0,18
2026-10-09T06:46:03.755590847Z,7.91092,122.817271,Cloud to Cloud,-25315,7639,14
2026-10-09T06:46:04.026720832Z,7.905486,122.840816,Cloud to Ground,-20930,0,17
2026-10-09T06:46:04.893370727Z,11.81294,125.075442,Cloud to Ground,-14783,0,16
2026-10-09T06:46:04.968016403Z,11.840495,125.122961,Cloud to Ground,-13782,0,20
2026-10-09T06:46:05.997684716Z,7.893013,123.187637,Cloud to Ground,14292,0,10
2026-10-09T06:46:05.973168643Z,2.166271,112.506129,Cloud to Ground,-20253,0,12
2026-10-09T06:46:05.795672208Z,2.117723,112.543603,Cloud to Ground,-19341,0,12
2026-10-09T06:46:06.027650339Z,2.106819,112.618289,Cloud to Ground,14557,0,10
2026-10-09T06:46:05.930468711Z,2.078298,112.606062,Cloud to Ground,51519,0,25
2026-10-09T06:46:05.207566513Z,11.969737,125.227722,Cloud to Cloud,13782,3454,10
2026-10-09T06:46:05.279179828Z,11.815692,125.245167,Cloud to Cloud,-15022,16305,7
2026-10-09T06:46:06.584261552Z,8.156461,123.369907,Cloud to Ground,31080,0,17
2026-10-09T06:46:06.739474001Z,7.945956,123.322759,Cloud to Ground,31903,0,14
2026-10-09T06:46:06.653788288Z,8.142612,123.24487,Cloud to Ground,20572,0,20
2026-10-09T06:46:06.691314721Z,7.897865,123.946329,Cloud to Ground,17090,0,22
2026-10-09T06:46:06.936719054Z,13.283404,133.189919,Cloud to Ground,44433,0,14
2026-10-09T06:46:06.899596698Z,13.42195,133.109004,Cloud to Cloud,-10792,3090,16
2026-10-09T06:46:07.490936607Z,7.999683,123.435155,Cloud to Cloud,-17882,3250,8
2026-10-09T06:46:07.154937372Z,7.920859,123.444297,Cloud to Cloud,-11180,3085,8
2026-10-09T06:46:07.252197759Z,7.987695,123.421772,Cloud to Cloud,9404,18934,6
2026-10-09T06:46:08.259834634Z,6.494576,124.504179,Cloud to Ground,-18750,0,17
2026-10-09T06:46:08.051594456Z,6.504874,124.51768,Cloud to Cloud,-7054,16914,9
2026-10-09T06:46:11.104830151Z,9.486311,118.384667,Cloud to Cloud,-17972,10694,7
2026-10-09T06:46:11.043447036Z,8.413292,119.025659,Cloud to Ground,-42422,0,18
2026-10-09T06:46:11.118841537Z,8.420634,119.104685,Cloud to Ground,-24100,0,10
2026-10-09T06:46:11.172024512Z,8.404778,119.027171,Cloud to Cloud,-18622,18501,16
2026-10-09T06:46:12.242928248Z,8.076143,123.47961,Cloud to Cloud,-18348,6067,12
2026-10-09T06:46:11.994742608Z,7.982012,123.503566,Cloud to Ground,15057,0,10
2026-10-09T06:46:12.211555675Z,8.000096,123.506313,Cloud to Ground,22217,0,14
2026-10-09T06:46:12.727246042Z,7.948302,115.437016,Cloud to Cloud,-10523,8055,11
2026-10-09T06:46:12.724023237Z,7.978825,115.42819,Cloud to Ground,-8964,0,10
2026-10-09T06:46:12.724582702Z,7.907725,115.430509,Cloud to Ground,14645,0,22
2026-10-09T06:46:12.813718007Z,7.961576,115.457881,Cloud to Ground,66988,0,18
2026-10-09T06:46:13.828753311Z,6.958728,111.40899,Cloud to Ground,-24248,0,7
2026-10-09T06:46:13.787920071Z,6.9276,111.36868,Cloud to Ground,-19939,0,19
2026-10-09T06:46:13.591563007Z,6.879396,111.525745,Cloud to Ground,-14709,0,11
2026-10-09T06:46:13.618408000Z,6.9054,111.5144,Cloud to Ground,129280,0,7
2026-10-09T06:46:13.621537949Z,9.013441,115.837041,Cloud to Ground,-31021,0,12
2026-10-09T06:46:13.985602531Z,8.96086,115.831964,Cloud to Ground,-22393,0,10
2026-10-09T06:46:13.625172678Z,9.01548,115.834613,Cloud to Cloud,15482,3014,7
2026-10-09T06:46:13.679892688Z,9.009979,115.819402,Cloud to Ground,40166,0,7
2026-10-09T06:46:13.633085456Z,9.027176,115.815595,Cloud to Ground,42894,0,9
2026-10-09T06:46:13.499820285Z,7.920917,123.414531,Cloud to Cloud,23266,4562,10
2026-10-09T06:46:15.538726982Z,9.480787,118.435191,Cloud to Cloud,-9831,7658,7
2026-10-09T06:46:17.637666602Z,8.687098,125.324457,Cloud to Ground,13686,0,10
2026-10-09T06:46:17.741483000Z,7.7616,123.1061,Cloud to Ground,-22539,0,6
2026-10-09T06:46:18.582788310Z,1.395759,111.962431,Cloud to Ground,-16389,0,7
2026-10-09T06:46:19.108350023Z,9.466126,118.413006,Cloud to Ground,-21230,0,10
2026-10-09T06:46:18.826932301Z,9.471815,118.438495,Cloud to Cloud,-18948,3894,10
2026-10-09T06:46:18.899031626Z,9.466224,118.390326,Cloud to Ground,-18596,0,8
2026-10-09T06:46:18.851944468Z,9.392639,118.466244,Cloud to Cloud,-10776,11671,7
2026-10-09T06:46:19.252080942Z,10.352767,119.294237,Cloud to Ground,18330,0,6
2026-10-09T06:46:21.882784378Z,7.900211,123.320985,Cloud to Cloud,6111,6782,8
2026-10-09T06:46:21.469155959Z,8.022095,123.396839,Cloud to Ground,-20088,0,11
2026-10-09T06:46:21.030361786Z,6.767819,124.335047,Cloud to Cloud,-8743,5947,21
2026-10-09T06:46:22.950532866Z,8.413162,118.99149,Cloud to Ground,-111791,0,21
2026-10-09T06:46:22.980011740Z,8.504752,118.930458,Cloud to Ground,-19050,0,13
2026-10-09T06:46:22.996475167Z,8.460617,118.955622,Cloud to Ground,17627,0,10
2026-10-09T06:46:24.700617755Z,8.101793,123.52434,Cloud to Ground,-13245,0,11
2026-10-09T06:46:24.658142125Z,8.018064,123.56109,Cloud to Ground,-17444,0,7
2026-10-09T06:46:25.252071827Z,9.493042,118.395609,Cloud to Cloud,-8452,19511,7
2026-10-09T06:46:25.301111235Z,9.534577,118.38019,Cloud to Cloud,17091,16714,7
2026-10-09T06:46:28.567307600Z,8.069244,123.386012,Cloud to Ground,18463,0,20
2026-10-09T06:46:28.141300617Z,1.24852,112.256824,Cloud to Ground,32990,0,23
2026-10-09T06:46:31.616055982Z,12.529621,115.145183,Cloud to Cloud,-84259,3029,12
2026-10-09T06:46:31.697718394Z,12.497897,115.109871,Cloud to Ground,-29269,0,11
2026-10-09T06:46:31.606908997Z,12.534983,115.141319,Cloud to Ground,-26464,0,7
2026-10-09T06:46:31.792291748Z,12.528791,115.131503,Cloud to Cloud,-22216,7409,7
2026-10-09T06:46:31.805984108Z,12.506468,115.129642,Cloud to Cloud,-19998,7103,5
2026-10-09T06:46:31.653809595Z,12.539791,115.192782,Cloud to Ground,-18372,0,7
2026-10-09T06:46:33.514851460Z,7.932832,122.996962,Cloud to Cloud,8945,18509,10
2026-10-09T06:46:33.860916000Z,8.0644,123.5238,Cloud to Ground,17739,0,5
2026-10-09T06:46:34.841663350Z,8.032001,123.567333,Cloud to Ground,23885,0,16
2026-10-09T06:46:34.430714714Z,8.393565,133.773266,Cloud to Cloud,-10472,15918,13
2026-10-09T06:46:34.433276414Z,8.453468,133.735056,Cloud to Cloud,-9263,13178,11
2026-10-09T06:46:34.432614708Z,8.415265,133.649337,Cloud to Ground,-17057,0,10
2026-10-09T06:46:35.483801862Z,9.536609,118.409369,Cloud to Cloud,-12229,7700,8
2026-10-09T06:46:37.804303026Z,4.357717,116.18782,Cloud to Ground,-22920,0,14
2026-10-09T06:46:37.032441160Z,7.981424,123.567499,Cloud to Ground,14184,0,8
2026-10-09T06:46:37.175015658Z,8.16267,125.133015,Cloud to Ground,14043,0,17
2026-10-09T06:46:37.185710455Z,8.154299,125.136464,Cloud to Ground,15141,0,10
2026-10-09T06:46:37.163375000Z,8.3726,125.5164,Cloud to Ground,-17112,0,6
2026-10-09T06:46:38.290531925Z,3.589548,113.456969,Cloud to Ground,-14967,0,10
2026-10-09T06:46:38.736982306Z,10.372805,119.291089,Cloud to Ground,-53684,0,13
2026-10-09T06:46:38.987190850Z,10.372286,119.29362,Cloud to Ground,-24670,0,12
2026-10-09T06:46:38.819264846Z,10.395353,119.284602,Cloud to Cloud,12757,14893,8
2026-10-09T06:46:39.957014006Z,11.716118,125.119029,Cloud to Cloud,7319,18292,7
2026-10-09T06:46:39.516566000Z,11.8226,125.2027,Cloud to Ground,-7445,0,5
2026-10-09T06:46:41.665146198Z,1.377915,111.933819,Cloud to Ground,-16777,0,11
2026-10-09T06:46:41.685523314Z,1.328327,111.991647,Cloud to Ground,13853,0,11
2026-10-09T06:46:43.395510454Z,7.889038,124.66582,Cloud to Cloud,-8842,18636,14
2026-10-09T06:46:42.963931034Z,7.883948,124.672056,Cloud to Cloud,18559,17361,12
2026-10-09T06:46:42.703776859Z,9.409744,117.769695,Cloud to Cloud,11610,7988,8
2026-10-09T06:46:42.700805923Z,9.341759,117.819093,Cloud to Cloud,18142,7915,9
2026-10-09T06:46:43.359438734Z,1.314245,111.905936,Cloud to Ground,14886,0,10
2026-10-09T06:46:43.433353417Z,1.311042,111.901109,Cloud to Ground,16105,0,11
2026-10-09T06:46:43.461015320Z,1.306125,111.88497,Cloud to Ground,21533,0,8
2026-10-09T06:46:43.231029631Z,1.311442,111.903837,Cloud to Ground,29411,0,16
2026-10-09T06:46:43.266015949Z,1.311386,111.903364,Cloud to Ground,36745,0,18
2026-10-09T06:46:43.159119286Z,1.316215,111.90284,Cloud to Ground,38186,0,32
2026-10-09T06:46:43.302479691Z,1.317274,111.906529,Cloud to Ground,38884,0,18
2026-10-09T06:46:43.056406439Z,1.316733,111.903299,Cloud to Ground,64157,0,18
2026-10-09T06:46:44.296100757Z,9.68914,118.418796,Cloud to Ground,-15527,0,8
2026-10-09T06:46:44.126446873Z,9.610382,118.480973,Cloud to Cloud,10583,7847,7
2026-10-09T06:46:44.100427598Z,9.5455,118.524822,Cloud to Cloud,17084,3130,8
2026-10-09T06:46:44.476234976Z,12.287742,116.383825,Cloud to Ground,-52861,0,13
2026-10-09T06:46:44.534164349Z,12.29074,116.390279,Cloud to Ground,-20221,0,10
2026-10-09T06:46:44.471841603Z,12.319031,116.376675,Cloud to Cloud,-18572,10183,7
2026-10-09T06:46:44.470930843Z,12.317985,116.382367,Cloud to Cloud,-17775,8056,15
2026-10-09T06:46:46.811005570Z,6.358396,128.810399,Cloud to Ground,14338,0,10
2026-10-09T06:46:47.184975520Z,6.428671,128.797535,Cloud to Cloud,14893,7566,11
2026-10-09T06:46:47.876677386Z,8.010109,123.449645,Cloud to Cloud,5255,15589,6
2026-10-09T06:46:49.134666833Z,7.932844,123.90578,Cloud to Ground,17659,0,9
2026-10-09T06:46:49.850428342Z,9.852524,124.220377,Cloud to Ground,-30717,0,9
2026-10-09T06:46:49.666318903Z,14.167887,111.784204,Cloud to Ground,-11863,0,6
2026-10-09T06:46:49.460394711Z,14.15658,111.682825,Cloud to Cloud,14284,3166,6
2026-10-09T06:46:49.456318371Z,14.158838,111.685365,Cloud to Ground,18824,0,6
2026-10-09T06:46:49.457311518Z,14.158625,111.667411,Cloud to Ground,22050,0,9
2026-10-09T06:46:50.619260500Z,2.724333,112.166003,Cloud to Ground,-15018,0,10
2026-10-09T06:46:50.126474169Z,9.619762,118.435866,Cloud to Ground,-18126,0,8
2026-10-09T06:46:51.384322829Z,8.001974,123.508416,Cloud to Ground,-27420,0,20
2026-10-09T06:46:51.007472287Z,8.101003,123.511021,Cloud to Ground,-20084,0,14
2026-10-09T06:46:51.173969372Z,8.062169,123.44088,Cloud to Ground,-13170,0,22
2026-10-09T06:46:51.048606132Z,8.069989,123.456176,Cloud to Ground,-12976,0,24
2026-10-09T06:46:51.739098029Z,8.619096,125.540165,Cloud to Ground,-21664,0,22
2026-10-09T06:46:54.457224680Z,3.306501,121.679929,Cloud to Ground,-29738,0,34
2026-10-09T06:46:54.307786933Z,3.182284,121.695727,Cloud to Cloud,-12122,3652,14
2026-10-09T06:46:54.306048497Z,3.199329,121.719619,Cloud to Ground,-11225,0,14
2026-10-09T06:46:54.350598356Z,3.182253,121.717407,Cloud to Ground,12558,0,12
2026-10-09T06:46:54.304394396Z,3.25988,121.779409,Cloud to Cloud,18185,11752,8
2026-10-09T06:46:56.991479305Z,6.521749,124.488196,Cloud to Ground,-15671,0,13
2026-10-09T06:46:56.593678482Z,6.577374,124.509002,Cloud to Cloud,6886,19631,7
2026-10-09T06:46:56.383152846Z,6.515888,124.473154,Cloud to Ground,18079,0,10
2026-10-09T06:46:59.268340141Z,7.935634,123.491399,Cloud to Ground,19096,0,12
2026-10-09T06:46:59.163522220Z,7.949679,123.30698,Cloud to Ground,-27454,0,10
2026-10-09T06:46:59.196754779Z,8.01181,123.268198,Cloud to Cloud,-17207,5153,9
2026-10-09T06:47:01.366543184Z,8.044605,123.549324,Cloud to Ground,15160,0,13
2026-10-09T06:47:01.261159728Z,8.098474,123.607104,Cloud to Cloud,15353,18908,14
2026-10-09T06:47:00.903198022Z,8.012761,123.567999,Cloud to Ground,34701,0,20
2026-10-09T06:47:00.923821778Z,10.37687,119.29998,Cloud to Ground,19976,0,8
2026-10-09T06:47:01.806828780Z,12.441814,113.203014,Cloud to Cloud,11761,3012,9
2026-10-09T06:47:01.806127228Z,12.582112,113.217557,Cloud to Cloud,-10688,12875,8
2026-10-09T06:47:01.805395037Z,12.639301,113.149303,Cloud to Ground,12011,0,9
2026-10-09T06:47:03.132049829Z,4.347448,116.246167,Cloud to Ground,-15623,0,16
2026-10-09T06:47:03.192559448Z,4.337512,116.23583,Cloud to Ground,13231,0,9
2026-10-09T06:47:03.752929332Z,4.02695,116.04008,Cloud to Ground,-30076,0,23
2026-10-09T06:47:03.857789394Z,4.042012,116.035334,Cloud to Ground,-23920,0,19
2026-10-09T06:47:04.137677028Z,4.015285,116.031724,Cloud to Cloud,14844,14074,17
2026-10-09T06:47:04.150885567Z,4.04597,115.963398,Cloud to Cloud,19114,3041,21
2026-10-09T06:47:03.908412693Z,4.077971,116.044089,Cloud to Ground,30914,0,9
2026-10-09T06:47:03.851824796Z,4.029322,116.057119,Cloud to Ground,50963,0,20
2026-10-09T06:47:03.702207958Z,4.031506,116.037546,Cloud to Ground,128411,0,34
2026-10-09T06:47:03.871965686Z,7.986018,123.506362,Cloud to Ground,-22340,0,16
2026-10-09T06:47:03.560084702Z,7.991588,123.495712,Cloud to Ground,-20978,0,14
2026-10-09T06:47:03.219825565Z,8.067734,123.458429,Cloud to Ground,-18004,0,11
2026-10-09T06:47:03.155515353Z,7.98213,123.531868,Cloud to Ground,-15031,0,20
2026-10-09T06:47:03.633616156Z,7.052664,110.806311,Cloud to Ground,-14163,0,6
2026-10-09T06:47:03.267347874Z,10.353103,119.291314,Cloud to Ground,23236,0,7
2026-10-09T06:47:04.998871200Z,1.160139,118.752387,Cloud to Ground,-13098,0,15
2026-10-09T06:47:04.960126981Z,7.843492,123.297316,Cloud to Ground,-21898,0,12
2026-10-09T06:47:05.434233454Z,1.358396,118.475779,Cloud to Ground,10696,0,7
2026-10-09T06:47:06.331593871Z,11.806781,125.165959,Cloud to Ground,-14838,0,8
2026-10-09T06:47:06.825767406Z,11.822782,125.130745,Cloud to Cloud,4816,19033,6
2026-10-09T06:47:07.769075711Z,9.471771,118.460361,Cloud to Cloud,12759,17859,17
2026-10-09T06:47:08.444581572Z,7.457241,120.067882,Cloud to Ground,-39700,0,16
2026-10-09T06:47:08.435279853Z,7.462422,120.076922,Cloud to Cloud,-24832,14592,12
2026-10-09T06:47:08.455645404Z,7.299462,120.165281,Cloud to Cloud,-20374,16283,7
2026-10-09T06:47:08.479346094Z,7.387625,120.118564,Cloud to Ground,-12976,0,9
2026-10-09T06:47:08.490803351Z,7.374946,120.128409,Cloud to Ground,-12197,0,27
2026-10-09T06:47:08.710876504Z,7.371229,120.162436,Cloud to Ground,-9442,0,11
2026-10-09T06:47:08.478884000Z,7.3861,120.1033,Cloud to Ground,21374,0,6
2026-10-09T06:47:08.027148653Z,7.893654,123.448965,Cloud to Cloud,24470,8030,10
2026-10-09T06:47:08.339655000Z,7.9537,123.3447,Cloud to Ground,21902,0,5
2026-10-09T06:47:09.004815594Z,2.926678,123.841418,Cloud to Ground,-24215,0,19
2026-10-09T06:47:09.001448789Z,2.893841,123.832623,Cloud to Cloud,-16584,7399,23
2026-10-09T06:47:09.024445355Z,2.962196,123.963313,Cloud to Ground,-147952,0,27
2026-10-09T06:47:09.155901976Z,3.016751,123.955881,Cloud to Ground,-32948,0,16
2026-10-09T06:47:09.009023311Z,2.889345,123.972363,Cloud to Ground,-10438,0,15
2026-10-09T06:47:09.000951236Z,2.898963,123.951692,Cloud to Ground,17560,0,14
2026-10-09T06:47:09.367036226Z,2.897245,123.977115,Cloud to Ground,22804,0,21
2026-10-09T06:47:09.002713396Z,2.911009,123.957316,Cloud to Ground,46716,0,24
2026-10-09T06:47:09.240544540Z,7.920586,123.617327,Cloud to Cloud,8480,9202,9
2026-10-09T06:47:10.976255605Z,7.934012,123.914705,Cloud to Ground,13247,0,11
2026-10-09T06:47:10.254877771Z,9.480576,118.413861,Cloud to Ground,-19404,0,11
2026-10-09T06:47:10.329237148Z,9.470323,118.419686,Cloud to Ground,-16651,0,8
2026-10-09T06:47:10.766532980Z,8.422035,119.061245,Cloud to Ground,-31606,0,23
2026-10-09T06:47:10.856139990Z,8.39257,119.04479,Cloud to Ground,-21287,0,12
2026-10-09T06:47:10.924824718Z,8.40763,119.079601,Cloud to Ground,-18832,0,17
2026-10-09T06:47:10.857032924Z,8.330557,119.115461,Cloud to Ground,-14346,0,14
2026-10-09T06:47:10.924036388Z,8.181045,119.223583,Cloud to Cloud,-31128,18145,18
2026-10-09T06:47:12.110313000Z,8.0139,123.5239,Cloud to Ground,-22634,0,5
2026-10-09T06:47:12.231966000Z,8.0017,123.5072,Cloud to Ground,-16095,0,5
2026-10-09T06:47:11.984356522Z,8.09434,123.489536,Cloud to Ground,-15038,0,13
2026-10-09T06:47:13.690072984Z,8.090541,123.441634,Cloud to Ground,20175,0,14
2026-10-09T06:47:13.535702120Z,7.906911,123.466935,Cloud to Cloud,17451,19983,10
2026-10-09T06:47:16.489148156Z,8.723099,125.402406,Cloud to Cloud,-16148,13247,9
2026-10-09T06:47:16.260637242Z,8.02122,123.558357,Cloud to Ground,11925,0,12
2026-10-09T06:47:17.546614645Z,7.898618,123.144348,Cloud to Cloud,-22988,16615,12
2026-10-09T06:47:19.928840118Z,9.459949,118.400264,Cloud to Cloud,-10829,15828,7
2026-10-09T06:47:19.646714715Z,9.451755,118.404876,Cloud to Ground,22926,0,12
2026-10-09T06:47:19.993765408Z,9.385043,118.428633,Cloud to Cloud,23837,19232,6
2026-10-09T06:47:19.111401010Z,7.911489,123.955867,Cloud to Ground,-31085,0,19
2026-10-09T06:47:19.756813238Z,1.329134,112.007583,Cloud to Cloud,-13550,3547,10
2026-10-09T06:47:20.575699259Z,9.592861,118.395157,Cloud to Ground,27555,0,8
2026-10-09T06:47:22.559677226Z,8.04469,123.279286,Cloud to Ground,25748,0,13
2026-10-09T06:47:22.120198176Z,8.069256,123.386223,Cloud to Cloud,-18667,9630,8
2026-10-09T06:47:22.555488803Z,8.019189,123.428422,Cloud to Ground,-17869,0,12
2026-10-09T06:47:21.914308000Z,8.0127,123.4231,Cloud to Ground,-11962,0,8
2026-10-09T06:47:22.868383403Z,7.317641,130.582791,Cloud to Cloud,-46197,10346,28
2026-10-09T06:47:24.126280195Z,1.013583,117.700198,Cloud to Cloud,8414,6390,8
2026-10-09T06:47:24.090856458Z,1.01886,117.710978,Cloud to Ground,20554,0,14
2026-10-09T06:47:24.860492058Z,8.245739,123.479239,Cloud to Cloud,-16089,15647,18
2026-10-09T06:47:24.893687278Z,8.144924,123.530002,Cloud to Cloud,16053,16833,7
2026-10-09T06:47:25.114250016Z,9.541675,118.41906,Cloud to Cloud,-27142,3166,7
2026-10-09T06:47:25.506421721Z,9.488383,118.434244,Cloud to Ground,-26763,0,10
2026-10-09T06:47:25.095739502Z,9.578181,118.409019,Cloud to Cloud,-21440,10453,16
2026-10-09T06:47:25.693413191Z,9.586191,118.421765,Cloud to Ground,-18783,0,12
2026-10-09T06:47:25.698538330Z,9.551029,118.417196,Cloud to Ground,22573,0,8
2026-10-09T06:47:25.192581000Z,9.4977,118.4233,Cloud to Ground,28199,0,6
2026-10-09T06:47:25.482667917Z,7.694357,123.052483,Cloud to Ground,17073,0,12
2026-10-09T06:47:25.495502824Z,11.804044,125.199216,Cloud to Ground,-36558,0,12
2026-10-09T06:47:25.188020887Z,11.801697,125.193244,Cloud to Ground,-17900,0,9
2026-10-09T06:47:25.340347626Z,11.901179,125.248475,Cloud to Cloud,10782,5278,9
2026-10-09T06:47:25.255105738Z,11.788607,125.081626,Cloud to Ground,-13812,0,15
2026-10-09T06:47:26.616923820Z,8.106919,123.50717,Cloud to Cloud,-21126,7514,20
2026-10-09T06:47:26.390233000Z,8.0681,123.5919,Cloud to Ground,-12682,0,6
2026-10-09T06:47:26.643912233Z,8.028216,123.553964,Cloud to Ground,32302,0,17
2026-10-09T06:47:28.913324121Z,8.813111,117.237562,Cloud to Ground,-24846,0,7
2026-10-09T06:47:28.901790869Z,8.765691,117.263956,Cloud to Cloud,-10608,17884,7
2026-10-09T06:47:28.900704734Z,8.823938,117.217692,Cloud to Cloud,19538,14361,9
2026-10-09T06:47:28.322555428Z,7.913378,123.558106,Cloud to Ground,43103,0,8
2026-10-09T06:47:29.501932333Z,8.002424,123.464626,Cloud to Ground,17626,0,10
2026-10-09T06:47:30.626127000Z,8.0276,123.5493,Cloud to Ground,-28610,0,9
2026-10-09T06:47:30.856651000Z,8.0303,123.565,Cloud to Ground,-19759,0,5
2026-10-09T06:47:30.737415963Z,8.088952,123.528062,Cloud to Ground,-16041,0,20
2026-10-09T06:47:30.958536226Z,8.085672,123.528686,Cloud to Ground,-12002,0,11
2026-10-09T06:47:31.371565792Z,7.863962,122.851525,Cloud to Ground,13773,0,10
2026-10-09T06:47:31.427483329Z,7.867409,122.85358,Cloud to Ground,19661,0,10
2026-10-09T06:47:31.976299843Z,3.520084,113.489841,Cloud to Ground,23895,0,7
2026-10-09T06:47:32.071129085Z,3.526478,113.504534,Cloud to Ground,55648,0,13
2026-10-09T06:47:34.240732865Z,7.98787,123.390351,Cloud to Ground,32269,0,10
2026-10-09T06:47:35.854989884Z,8.097175,123.363178,Cloud to Cloud,-11967,3932,8
2026-10-09T06:47:36.273878683Z,8.021993,123.795288,Cloud to Cloud,-20400,3963,12
2026-10-09T06:47:36.603056799Z,13.485488,114.152163,Cloud to Cloud,-14276,5995,9
2026-10-09T06:47:36.610931702Z,13.447733,114.050383,Cloud to Cloud,5465,6366,6
2026-10-09T06:47:36.598431795Z,13.446968,114.090563,Cloud to Cloud,10676,16990,6
2026-10-09T06:47:36.597339154Z,13.472688,114.169035,Cloud to Ground,15956,0,9
2026-10-09T06:47:36.654342358Z,13.465354,114.22654,Cloud to Ground,39502,0,12
2026-10-09T06:47:37.234945801Z,5.915903,117.414413,Cloud to Cloud,-7655,17940,7
2026-10-09T06:47:37.195497021Z,5.86471,117.417401,Cloud to Cloud,11385,18334,9
2026-10-09T06:47:40.439553643Z,9.502608,118.435753,Cloud to Cloud,-13069,18896,12
2026-10-09T06:47:40.814076475Z,9.461745,118.488685,Cloud to Cloud,12373,10450,5
2026-10-09T06:47:40.544581337Z,9.580828,118.450545,Cloud to Ground,18216,0,13
2026-10-09T06:47:42.647820339Z,3.55724,113.479401,Cloud to Ground,-23563,0,7
2026-10-09T06:47:43.194985383Z,7.849825,122.888031,Cloud to Ground,24154,0,14
2026-10-09T06:47:43.555284464Z,8.036546,123.393521,Cloud to Ground,18431,0,14
2026-10-09T06:47:43.535826237Z,7.91061,123.571831,Cloud to Cloud,7198,10353,7
2026-10-09T06:47:44.892783440Z,9.2154,125.783491,Cloud to Ground,57849,0,15
2026-10-09T06:47:44.187789921Z,6.462159,133.404146,Cloud to Ground,-35711,0,19
2026-10-09T06:47:44.186621137Z,6.489157,133.361623,Cloud to Ground,-23750,0,12
2026-10-09T06:47:48.696655650Z,8.026001,123.492465,Cloud to Ground,14133,0,10
2026-10-09T06:47:48.865523560Z,7.868974,122.892125,Cloud to Ground,-54645,0,13
2026-10-09T06:47:48.992257518Z,7.867513,122.87787,Cloud to Ground,-51100,0,13
2026-10-09T06:47:49.182259000Z,7.8447,122.7863,Cloud to Ground,-21748,0,5
2026-10-09T06:47:48.948186850Z,7.940519,122.85525,Cloud to Cloud,-17459,10187,11
2026-10-09T06:47:49.256530749Z,7.85876,122.854225,Cloud to Ground,-16852,0,13
2026-10-09T06:47:48.939119156Z,7.862851,122.860324,Cloud to Ground,13154,0,10
2026-10-09T06:47:50.864656904Z,7.568446,116.275875,Cloud to Cloud,-9464,16296,17
2026-10-09T06:47:50.112534057Z,9.459228,118.56658,Cloud to Ground,23109,0,7
2026-10-09T06:47:51.847824128Z,8.985176,115.859239,Cloud to Cloud,-37474,15416,12
2026-10-09T06:47:51.883423363Z,8.9945,115.869715,Cloud to Ground,-17096,0,10
2026-10-09T06:47:51.882899372Z,9.044653,115.827548,Cloud to Ground,-11605,0,7
2026-10-09T06:47:51.851599103Z,9.041478,115.876019,Cloud to Ground,-11106,0,9
2026-10-09T06:47:51.856647610Z,9.011222,115.850808,Cloud to Cloud,-10674,8095,10
2026-10-09T06:47:51.846412983Z,9.033233,115.840688,Cloud to Cloud,18420,3409,10
2026-10-09T06:47:52.868503746Z,8.057081,123.362892,Cloud to Ground,19514,0,14
2026-10-09T06:47:52.861262298Z,9.419705,115.213453,Cloud to Ground,-17353,0,10
2026-10-09T06:47:52.860444025Z,9.397899,115.21383,Cloud to Cloud,15316,16682,9
2026-10-09T06:47:52.133989613Z,2.121386,112.599356,Cloud to Ground,39307,0,22
2026-10-09T06:47:53.054394000Z,9.4417,115.337,Cloud to Ground,46021,0,6
2026-10-09T06:47:54.278085481Z,9.631484,118.429994,Cloud to Cloud,-11056,19655,8
2026-10-09T06:47:54.464325889Z,8.028148,123.562297,Cloud to Ground,12190,0,11
2026-10-09T06:47:57.894914583Z,9.5482,118.392555,Cloud to Cloud,-27022,19596,12
2026-10-09T06:47:57.895567056Z,9.559181,118.39452,Cloud to Ground,-20166,0,12
2026-10-09T06:47:57.669144552Z,9.567616,118.380514,Cloud to Cloud,-12912,13301,7
2026-10-09T06:47:57.896833899Z,9.511826,118.399464,Cloud to Cloud,12386,7205,7
2026-10-09T06:47:58.154762000Z,9.47,118.3963,Cloud to Ground,21542,0,5
2026-10-09T06:47:57.668085731Z,4.374826,116.275243,Cloud to Ground,20417,0,16
2026-10-09T06:47:57.705903405Z,4.375001,116.276712,Cloud to Ground,21749,0,25
2026-10-09T06:47:57.630624782Z,4.368962,116.287324,Cloud to Ground,174354,0,30
2026-10-09T06:47:57.851584907Z,8.374713,123.642606,Cloud to Ground,15585,0,10
2026-10-09T06:47:59.293721765Z,8.010432,123.560511,Cloud to Ground,-29348,0,11
2026-10-09T06:48:00.054039427Z,8.029798,123.562277,Cloud to Ground,-19150,0,5
2026-10-09T06:47:59.891675639Z,8.025853,123.560297,Cloud to Ground,-18646,0,13
2026-10-09T06:47:59.723424000Z,8.0266,123.5375,Cloud to Ground,-18358,0,5
2026-10-09T06:47:59.608273785Z,9.037254,125.979543,Cloud to Ground,18340,0,21
2026-10-09T06:47:59.806675062Z,10.369935,119.292151,Cloud to Ground,-61888,0,11
2026-10-09T06:47:59.558084710Z,10.376944,119.29101,Cloud to Ground,-25034,0,10
2026-10-09T06:47:59.854491298Z,10.370307,119.290015,Cloud to Ground,-11101,0,5
2026-10-09T06:47:59.578305440Z,10.368027,119.323667,Cloud to Cloud,11142,13804,10
2026-10-09T06:47:59.539153416Z,10.249762,119.392637,Cloud to Ground,-14334,0,7
2026-10-09T06:48:00.820437580Z,9.296598,118.587571,Cloud to Cloud,-18713,10616,8
2026-10-09T06:48:00.970871294Z,9.572288,118.422147,Cloud to Cloud,10801,18111,5
2026-10-09T06:48:00.901042460Z,9.562925,118.417021,Cloud to Cloud,12919,19853,7
2026-10-09T06:48:00.220801736Z,7.93905,123.432434,Cloud to Cloud,20292,18083,11
2026-10-09T06:48:02.233062310Z,7.959018,123.140483,Cloud to Cloud,-13167,11880,20
2026-10-09T06:48:02.686712916Z,7.80145,123.356691,Cloud to Cloud,21208,16267,11
2026-10-09T06:48:02.603767143Z,7.987233,123.236176,Cloud to Ground,-23981,0,16
2026-10-09T06:48:02.250053679Z,7.913028,123.267642,Cloud to Ground,13209,0,12
2026-10-09T06:48:02.289861554Z,6.555424,124.520216,Cloud to Cloud,-8241,17256,7
2026-10-09T06:48:02.215722902Z,7.251718,130.701369,Cloud to Ground,14632,0,24
2026-10-09T06:48:02.216770859Z,7.29615,130.532795,Cloud to Ground,19533,0,14
2026-10-09T06:48:03.092511000Z,6.6726,125.372,Cloud to Ground,9977,0,5
2026-10-09T06:48:03.091434280Z,6.664796,125.375978,Cloud to Ground,20771,0,14
2026-10-09T06:48:04.828300845Z,7.378237,120.087238,Cloud to Ground,-56239,0,13
2026-10-09T06:48:04.952364075Z,7.362011,120.111538,Cloud to Ground,-22405,0,18
2026-10-09T06:48:04.430256078Z,1.353238,111.869845,Cloud to Ground,-16775,0,11
2026-10-09T06:48:05.543379460Z,8.001368,123.4798,Cloud to Cloud,-13839,6432,16
2026-10-09T06:48:06.893916275Z,8.355427,125.369758,Cloud to Cloud,-7128,18145,7
2026-10-09T06:48:07.670840566Z,6.398799,128.713669,Cloud to Cloud,18513,7351,10
2026-10-09T06:48:07.740296695Z,6.474598,128.851866,Cloud to Ground,-70427,0,30
2026-10-09T06:48:07.535793396Z,6.478683,128.816484,Cloud to Cloud,11690,4422,12
2026-10-09T06:48:07.534541961Z,6.40596,128.847083,Cloud to Ground,25537,0,20
2026-10-09T06:48:07.533058568Z,6.404351,128.838343,Cloud to Ground,39068,0,11
2026-10-09T06:48:08.868379209Z,8.058256,123.370166,Cloud to Ground,-14556,0,12
2026-10-09T06:48:08.278201292Z,7.987164,123.425057,Cloud to Ground,22651,0,11
2026-10-09T06:48:10.799555653Z,8.345919,119.103466,Cloud to Ground,-93339,0,22
2026-10-09T06:48:10.896618138Z,8.416474,119.054011,Cloud to Ground,-30226,0,16
2026-10-09T06:48:11.178556726Z,8.424966,119.066422,Cloud to Cloud,-27542,3373,15
2026-10-09T06:48:11.173242034Z,8.392888,119.052728,Cloud to Ground,-13390,0,14
2026-10-09T06:48:10.880550000Z,8.3584,119.0659,Cloud to Ground,30718,0,10
2026-10-09T06:48:11.640942123Z,11.676467,125.207936,Cloud to Cloud,-27393,18655,7
2026-10-09T06:48:11.562603647Z,11.873172,125.176606,Cloud to Ground,-56604,0,27
2026-10-09T06:48:11.825904000Z,11.7871,125.1864,Cloud to Ground,-26976,0,7
2026-10-09T06:48:11.711778713Z,11.785141,125.209561,Cloud to Ground,-20826,0,9
2026-10-09T06:48:11.548015654Z,11.78905,125.227804,Cloud to Ground,-18100,0,12
2026-10-09T06:48:11.548664583Z,11.766772,125.147468,Cloud to Ground,-15610,0,13
2026-10-09T06:48:11.601624523Z,11.775329,125.216267,Cloud to Ground,19839,0,12
2026-10-09T06:48:12.908259000Z,11.1067,124.6331,Cloud to Ground,31155,0,12
2026-10-09T06:48:13.394325767Z,7.691009,122.979128,Cloud to Cloud,20981,14650,18
2026-10-09T06:48:14.977069863Z,5.827956,117.403291,Cloud to Ground,28732,0,26
2026-10-09T06:48:15.843970121Z,8.654794,125.289467,Cloud to Cloud,5273,4321,8
2026-10-09T06:48:15.812666000Z,8.6812,125.4666,Cloud to Ground,8389,0,5
2026-10-09T06:48:17.131452398Z,9.674692,118.438949,Cloud to Ground,-23499,0,12
2026-10-09T06:48:19.063229659Z,9.47465,118.435964,Cloud to Cloud,-8868,18864,7
2026-10-09T06:48:18.673822125Z,9.569165,118.357049,Cloud to Cloud,13624,3023,8
2026-10-09T06:48:18.871187701Z,9.503232,118.408721,Cloud to Ground,14678,0,8
2026-10-09T06:48:20.402297117Z,6.511509,124.380854,Cloud to Cloud,13909,13010,9
2026-10-09T06:48:20.410503937Z,6.517702,124.471614,Cloud to Ground,38876,0,24
2026-10-09T06:48:20.061740290Z,7.897644,123.617887,Cloud to Cloud,12961,7619,8
2026-10-09T06:48:20.107917039Z,8.067991,123.526471,Cloud to Cloud,-13754,4498,18
2026-10-09T06:48:20.028948080Z,8.065027,123.470063,Cloud to Cloud,-10032,13205,10
2026-10-09T06:48:20.199388527Z,1.3405,111.790566,Cloud to Cloud,-15030,5121,22
2026-10-09T06:48:20.213543653Z,1.33822,111.71784,Cloud to Ground,-13084,0,10
2026-10-09T06:48:20.741434765Z,6.506526,133.424115,Cloud to Ground,-10170,0,12
2026-10-09T06:48:20.743919370Z,6.53229,133.332001,Cloud to Ground,-10749,0,17
2026-10-09T06:48:21.953060276Z,9.581444,118.444007,Cloud to Ground,-9926,0,9
2026-10-09T06:48:21.149093531Z,8.051097,123.421883,Cloud to Cloud,11757,18770,7
2026-10-09T06:48:23.251586943Z,8.016635,123.505534,Cloud to Cloud,-7548,6872,6
2026-10-09T06:48:22.937577881Z,7.943158,123.527195,Cloud to Ground,17324,0,12
2026-10-09T06:48:23.027124726Z,7.862832,123.528122,Cloud to Cloud,21223,7512,11
2026-10-09T06:48:23.914490546Z,10.272675,119.381736,Cloud to Cloud,10017,11536,7
2026-10-09T06:48:23.963179096Z,10.284527,119.362178,Cloud to Cloud,16105,7690,7
2026-10-09T06:48:23.829921069Z,10.368611,119.315441,Cloud to Cloud,6087,3303,5
2026-10-09T06:48:23.352225579Z,15.298317,113.219241,Cloud to Cloud,-4961,15716,6
2026-10-09T06:48:24.627412381Z,6.552472,125.451741,Cloud to Ground,-13869,0,14
2026-10-09T06:48:24.678570795Z,6.561442,125.413098,Cloud to Ground,13093,0,9
2026-10-09T06:48:24.732532957Z,6.56019,125.423161,Cloud to Ground,44589,0,22
2026-10-09T06:48:24.837708737Z,9.682933,118.327803,Cloud to Cloud,13755,17164,10
2026-10-09T06:48:25.181186557Z,7.85835,122.828525,Cloud to Cloud,-11120,7060,14
2026-10-09T06:48:25.098350885Z,7.843209,122.818374,Cloud to Cloud,-8299,12288,9
2026-10-09T06:48:26.254154964Z,3.534308,113.466147,Cloud to Ground,-18503,0,13
2026-10-09T06:48:27.369213280Z,8.163334,125.147125,Cloud to Ground,20252,0,16
2026-10-09T06:48:27.837986780Z,8.001705,123.867792,Cloud to Cloud,-11411,15933,13
2026-10-09T06:48:27.307596246Z,8.004596,123.871364,Cloud to Ground,16484,0,11
2026-10-09T06:48:27.101058069Z,6.467225,122.143228,Cloud to Ground,32511,0,9
2026-10-09T06:48:27.559759262Z,8.278836,125.098782,Cloud to Ground,-17074,0,8
2026-10-09T06:48:28.797860069Z,7.939589,123.604296,Cloud to Cloud,8985,3737,7
2026-10-09T06:48:28.837141690Z,8.029593,123.558949,Cloud to Ground,12175,0,14
2026-10-09T06:48:28.961105770Z,12.297428,116.346567,Cloud to Cloud,-13356,3373,10
2026-10-09T06:48:28.957709453Z,12.330721,116.336855,Cloud to Cloud,15730,4827,9
2026-10-09T06:48:28.958248010Z,12.310572,116.34035,Cloud to Ground,20018,0,8
2026-10-09T06:48:28.960239901Z,12.313808,116.346951,Cloud to Ground,24244,0,8
2026-10-09T06:48:32.623682585Z,6.889841,111.441075,Cloud to Ground,17424,0,7
2026-10-09T06:48:32.960211270Z,14.114839,112.8653,Cloud to Ground,-20983,0,12
2026-10-09T06:48:33.140303746Z,14.103364,112.899412,Cloud to Ground,-9764,0,5
2026-10-09T06:48:32.962651880Z,14.106449,112.757518,Cloud to Cloud,12198,13181,10
2026-10-09T06:48:32.961103941Z,14.112982,112.789836,Cloud to Ground,19276,0,8
2026-10-09T06:48:34.300332925Z,2.737111,112.131425,Cloud to Ground,-17030,0,9
2026-10-09T06:48:34.474012566Z,2.715985,112.072651,Cloud to Ground,-15722,0,12
2026-10-09T06:48:36.267328955Z,4.434179,116.213815,Cloud to Ground,-13718,0,11
2026-10-09T06:48:36.226421593Z,4.311912,116.263909,Cloud to Ground,-9036,0,8
2026-10-09T06:48:37.262429055Z,7.705243,123.207211,Cloud to Cloud,20277,6951,12
2026-10-09T06:48:38.000387128Z,7.984637,123.400377,Cloud to Ground,-16382,0,10
2026-10-09T06:48:38.200312175Z,9.557596,118.39286,Cloud to Cloud,11085,12898,10
2026-10-09T06:48:38.605595264Z,2.617871,111.579744,Cloud to Ground,-14006,0,11
2026-10-09T06:48:38.916325515Z,10.357089,119.301093,Cloud to Ground,-46190,0,9
2026-10-09T06:48:38.998284755Z,10.362809,119.283346,Cloud to Ground,-12127,0,9
2026-10-09T06:48:39.621816805Z,1.415974,111.929277,Cloud to Ground,30801,0,12
2026-10-09T06:48:39.524979847Z,1.355888,111.897801,Cloud to Ground,46686,0,26
2026-10-09T06:48:39.493105894Z,1.331968,111.988815,Cloud to Ground,-20577,0,8
2026-10-09T06:48:39.526519550Z,1.334493,111.990589,Cloud to Ground,-12188,0,12
2026-10-09T06:48:39.696731008Z,1.335813,112.011663,Cloud to Ground,20624,0,11
2026-10-09T06:48:39.496385345Z,1.331282,111.98625,Cloud to Ground,24403,0,13
2026-10-09T06:48:39.541227428Z,1.32431,112.006666,Cloud to Ground,30333,0,11
2026-10-09T06:48:39.670454181Z,1.33878,112.023778,Cloud to Ground,50462,0,23
2026-10-09T06:48:39.611352509Z,1.336835,112.019712,Cloud to Ground,51563,0,15
2026-10-09T06:48:39.494478058Z,1.328104,112.008759,Cloud to Ground,73115,0,20
2026-10-09T06:48:39.852784578Z,7.451822,120.068108,Cloud to Ground,-27105,0,24
2026-10-09T06:48:39.965655555Z,7.447504,120.07361,Cloud to Ground,-22239,0,18
2026-10-09T06:48:40.217122430Z,7.434946,120.084237,Cloud to Ground,18564,0,7
2026-10-09T06:48:40.296072175Z,13.477081,114.161352,Cloud to Cloud,-13642,3024,8
2026-10-09T06:48:40.306242922Z,13.474907,114.157832,Cloud to Ground,14889,0,6
2026-10-09T06:48:40.336091539Z,13.449415,114.083758,Cloud to Ground,21700,0,8
2026-10-09T06:48:40.338284000Z,7.3258,120.1414,Cloud to Ground,20310,0,7
2026-10-09T06:48:41.727872817Z,7.924654,122.857987,Cloud to Ground,20908,0,10
2026-10-09T06:48:41.769055318Z,8.104074,123.557357,Cloud to Ground,-14439,0,10
2026-10-09T06:48:42.842274080Z,7.773116,122.905369,Cloud to Cloud,17825,3346,7
2026-10-09T06:48:42.956806145Z,7.932527,122.821612,Cloud to Cloud,-12494,8854,13
2026-10-09T06:48:43.852220234Z,6.737343,124.425661,Cloud to Ground,56519,0,17
2026-10-09T06:48:44.922064830Z,3.533364,113.470174,Cloud to Ground,-31335,0,13
2026-10-09T06:48:44.878664350Z,8.654118,125.542396,Cloud to Ground,-32064,0,10
2026-10-09T06:48:45.047062481Z,8.009661,123.555265,Cloud to Ground,-12221,0,12
2026-10-09T06:48:45.020072061Z,8.086052,123.50666,Cloud to Ground,-23844,0,14
2026-10-09T06:48:45.348014820Z,8.031065,123.441798,Cloud to Ground,-18434,0,16
2026-10-09T06:48:45.359790673Z,1.370705,111.92138,Cloud to Ground,-15461,0,9
2026-10-09T06:48:45.521811362Z,1.332186,111.965186,Cloud to Ground,30131,0,18
2026-10-09T06:48:47.375902741Z,1.34867,118.534904,Cloud to Ground,19082,0,19
2026-10-09T06:48:49.557183175Z,8.0388,123.55158,Cloud to Cloud,6186,16468,6
2026-10-09T06:48:49.685953738Z,8.015119,123.54861,Cloud to Ground,13659,0,14
2026-10-09T06:48:50.793187932Z,3.186116,121.730213,Cloud to Ground,-22582,0,22
2026-10-09T06:48:50.792761347Z,3.183509,121.716913,Cloud to Ground,20398,0,14
2026-10-09T06:48:50.477969261Z,8.014912,123.490183,Cloud to Ground,14633,0,11
2026-10-09T06:48:50.594340388Z,7.926077,123.539686,Cloud to Cloud,16137,13365,9
2026-10-09T06:48:51.751337780Z,5.949804,117.401379,Cloud to Cloud,-19600,8652,11
2026-10-09T06:48:51.434196865Z,5.864673,117.398039,Cloud to Cloud,14556,13377,10
2026-10-09T06:48:51.515117155Z,5.834157,117.391446,Cloud to Cloud,18541,5366,21
2026-10-09T06:48:51.468151269Z,5.822704,117.240195,Cloud to Cloud,-16424,3000,7
2026-10-09T06:48:52.873633399Z,9.535422,118.386115,Cloud to Cloud,-9669,18571,8
2026-10-09T06:48:53.930331751Z,7.940468,122.816678,Cloud to Ground,17505,0,16
2026-10-09T06:48:54.327486891Z,10.78141,119.215336,Cloud to Cloud,17720,18264,7
2026-10-09T06:48:55.269964810Z,9.488069,118.441464,Cloud to Ground,-29882,0,9
2026-10-09T06:48:55.188184182Z,9.475723,118.422937,Cloud to Ground,-13886,0,7
2026-10-09T06:48:55.885986859Z,6.926584,111.458679,Cloud to Ground,18279,0,13
2026-10-09T06:48:56.234416365Z,13.333149,132.343751,Cloud to Cloud,-27073,6507,18
2026-10-09T06:48:56.231830778Z,13.405215,132.305375,Cloud to Ground,-13677,0,22
2026-10-09T06:48:56.257798992Z,13.342602,132.336949,Cloud to Ground,20962,0,15
2026-10-09T06:48:56.268585554Z,19.007167,110.831579,Cloud to Ground,6499,0,8
2026-10-09T06:48:56.276734620Z,19.030976,110.916217,Cloud to Ground,25347,0,8
2026-10-09T06:48:57.730543608Z,7.984558,123.064004,Cloud to Ground,21396,0,10
2026-10-09T06:48:57.912450763Z,8.013548,123.554802,Cloud to Ground,16782,0,13
2026-10-09T06:48:57.843107068Z,7.987558,123.589846,Cloud to Ground,37571,0,11
2026-10-09T06:48:57.725067687Z,8.104576,123.512744,Cloud to Ground,-30868,0,17
2026-10-09T06:48:58.028913702Z,8.102385,123.508971,Cloud to Ground,-15007,0,18
2026-10-09T06:48:57.788684799Z,8.099468,123.515394,Cloud to Ground,-13199,0,13
2026-10-09T06:48:57.494931676Z,8.097914,123.493854,Cloud to Ground,20266,0,10
2026-10-09T06:48:57.454313577Z,10.350272,119.344658,Cloud to Cloud,-6759,9545,8
2026-10-09T06:48:57.469673848Z,10.423805,119.375813,Cloud to Ground,20976,0,13
2026-10-09T06:48:57.628127220Z,10.253667,119.389628,Cloud to Cloud,8794,12929,6
2026-10-09T06:48:58.613242559Z,8.3515,123.441878,Cloud to Cloud,-20557,18696,13
2026-10-09T06:48:58.594146606Z,8.192877,123.533627,Cloud to Cloud,26362,16864,9
2026-10-09T06:48:59.267273004Z,7.841417,123.251387,Cloud to Cloud,7689,3361,8
2026-10-09T06:48:59.001215423Z,7.905074,123.220385,Cloud to Ground,19014,0,15
2026-10-09T06:49:02.455439730Z,9.041622,125.976574,Cloud to Cloud,-6808,12701,8
2026-10-09T06:49:03.848891155Z,8.060292,123.479099,Cloud to Cloud,-11968,3006,9
2026-10-09T06:49:03.826092000Z,7.9352,123.1873,Cloud to Ground,-8531,0,5
2026-10-09T06:49:04.000377578Z,9.31843,118.452317,Cloud to Cloud,9412,10345,6
2026-10-09T06:49:05.126291107Z,1.245028,111.858279,Cloud to Ground,41463,0,24
2026-10-09T06:49:06.276172899Z,3.692925,113.666248,Cloud to Ground,-27751,0,15
2026-10-09T06:49:06.620464943Z,3.701794,113.65722,Cloud to Ground,34331,0,16
2026-10-09T06:49:06.281441107Z,3.705931,113.676763,Cloud to Ground,86666,0,16
2026-10-09T06:49:06.625173181Z,8.011959,123.455838,Cloud to Cloud,18196,5465,21
2026-10-09T06:49:06.673863764Z,8.091629,123.513842,Cloud to Ground,-17517,0,15
2026-10-09T06:49:07.970085305Z,8.059355,123.475655,Cloud to Cloud,-10935,16929,11
2026-10-09T06:49:08.390405500Z,8.009808,123.590087,Cloud to Ground,-14906,0,16
2026-10-09T06:49:08.488054520Z,7.805345,124.720532,Cloud to Cloud,14107,15842,11
2026-10-09T06:49:08.716226598Z,12.455698,113.202578,Cloud to Cloud,12779,15227,8
2026-10-09T06:49:08.715477929Z,12.461742,113.198248,Cloud to Ground,24418,0,10
2026-10-09T06:49:08.660487382Z,7.856401,122.871159,Cloud to Ground,16335,0,18
2026-10-09T06:49:09.251013704Z,7.858587,122.878944,Cloud to Ground,18202,0,21
2026-10-09T06:49:09.545310130Z,1.253002,112.038617,Cloud to Ground,-23814,0,14
2026-10-09T06:49:09.563460812Z,1.313605,112.099125,Cloud to Ground,-20310,0,21
2026-10-09T06:49:09.578132166Z,1.341255,112.14923,Cloud to Ground,-15759,0,8
2026-10-09T06:49:09.081698256Z,12.331432,116.441968,Cloud to Ground,-17744,0,10
2026-10-09T06:49:10.465646477Z,8.113968,123.537869,Cloud to Ground,-12413,0,19
2026-10-09T06:49:10.094789152Z,7.990169,122.817607,Cloud to Ground,26075,0,12
2026-10-09T06:49:11.505947108Z,8.3328,119.090329,Cloud to Ground,-84877,0,27
2026-10-09T06:49:11.539028187Z,8.422187,119.068677,Cloud to Ground,-40927,0,15
2026-10-09T06:49:11.818262882Z,8.341605,119.13033,Cloud to Cloud,-22027,3016,15
2026-10-09T06:49:11.496907030Z,8.324594,119.117677,Cloud to Ground,-21469,0,18
2026-10-09T06:49:11.568729874Z,8.390314,119.087799,Cloud to Ground,11377,0,7
2026-10-09T06:49:12.615527017Z,4.36621,116.148471,Cloud to Ground,38143,0,26
2026-10-09T06:49:12.652527588Z,7.694743,123.072567,Cloud to Ground,18104,0,17
2026-10-09T06:49:13.524677910Z,9.547084,118.539495,Cloud to Ground,-53184,0,14
2026-10-09T06:49:13.529346495Z,9.712443,118.493752,Cloud to Ground,-20496,0,8
2026-10-09T06:49:13.169598417Z,9.485474,118.404529,Cloud to Ground,-8538,0,6
2026-10-09T06:49:13.861925523Z,1.367903,118.478269,Cloud to Ground,16499,0,17
2026-10-09T06:49:13.829770097Z,6.588193,124.508296,Cloud to Cloud,8509,17218,7
2026-10-09T06:49:16.952416559Z,7.972087,131.438073,Cloud to Ground,-17463,0,23
2026-10-09T06:49:16.580140652Z,7.928929,131.509404,Cloud to Cloud,13585,14344,8
2026-10-09T06:49:16.583110216Z,7.945907,131.503474,Cloud to Ground,15918,0,21
2026-10-09T06:49:16.688799486Z,7.91531,131.542941,Cloud to Ground,23059,0,10
2026-10-09T06:49:16.582394207Z,7.940032,131.646747,Cloud to Ground,-14861,0,12
2026-10-09T06:49:16.580878000Z,7.9277,131.676,Cloud to Ground,14679,0,5
2026-10-09T06:49:17.298944604Z,3.520536,113.507757,Cloud to Ground,30200,0,14
2026-10-09T06:49:17.409516839Z,3.47999,113.511615,Cloud to Ground,33393,0,18
2026-10-09T06:49:17.725816338Z,3.561272,113.503472,Cloud to Ground,34782,0,8
2026-10-09T06:49:17.322878070Z,3.507337,113.502717,Cloud to Ground,36349,0,15
2026-10-09T06:49:18.831522604Z,8.345378,123.291166,Cloud to Ground,-27430,0,11
2026-10-09T06:49:18.953808000Z,8.0128,123.535,Cloud to Ground,-51434,0,5
2026-10-09T06:49:20.617976149Z,7.932184,122.813377,Cloud to Ground,19821,0,16
2026-10-09T06:49:20.078800011Z,9.719439,118.444714,Cloud to Ground,-20441,0,11
2026-10-09T06:49:19.829355567Z,9.653021,118.441994,Cloud to Cloud,-20243,3860,11
2026-10-09T06:49:20.401487636Z,10.267434,119.369398,Cloud to Cloud,-18765,3023,7
2026-10-09T06:49:21.313312547Z,5.907357,117.393318,Cloud to Ground,-18235,0,14
2026-10-09T06:49:21.505449138Z,5.858011,117.421417,Cloud to Ground,-16979,0,7
2026-10-09T06:49:21.290633331Z,5.908879,117.393874,Cloud to Cloud,-11602,7183,8
2026-10-09T06:49:21.192107840Z,5.835955,117.395578,Cloud to Ground,23649,0,23
2026-10-09T06:49:21.763398720Z,8.039828,123.576639,Cloud to Ground,17519,0,11
2026-10-09T06:49:23.548850691Z,7.900073,123.601887,Cloud to Cloud,18879,18108,8
2026-10-09T06:49:23.178910346Z,9.565364,118.392972,Cloud to Cloud,-11430,7477,10
2026-10-09T06:49:25.864539444Z,9.468297,118.484988,Cloud to Ground,24539,0,7
2026-10-09T06:49:26.029040341Z,8.1052,123.510496,Cloud to Ground,-38792,0,22
2026-10-09T06:49:26.470636000Z,8.0418,123.5363,Cloud to Ground,-24098,0,5
2026-10-09T06:49:26.103435403Z,8.100193,123.51196,Cloud to Ground,-23460,0,18
2026-10-09T06:49:26.323148689Z,8.026226,123.537825,Cloud to Ground,-15207,0,13
2026-10-09T06:49:27.499160323Z,6.609258,124.45423,Cloud to Ground,-16887,0,8
2026-10-09T06:49:27.161722151Z,6.51922,124.487548,Cloud to Ground,-31781,0,12
2026-10-09T06:49:27.219277004Z,6.518588,124.476472,Cloud to Ground,-23905,0,20
2026-10-09T06:49:27.528655637Z,6.515893,124.472218,Cloud to Ground,-23163,0,18
2026-10-09T06:49:27.408937125Z,6.518329,124.468663,Cloud to Ground,-19036,0,18
2026-10-09T06:49:27.362620003Z,6.51504,124.464852,Cloud to Ground,-18844,0,17
2026-10-09T06:49:27.270638106Z,6.510366,124.467641,Cloud to Ground,-18600,0,19
2026-10-09T06:49:27.319167825Z,6.509594,124.468755,Cloud to Ground,-17672,0,22
2026-10-09T06:49:27.450128000Z,6.6303,124.6392,Cloud to Ground,-27213,0,6
2026-10-09T06:49:27.714747640Z,7.836954,123.321165,Cloud to Ground,29520,0,11
2026-10-09T06:49:27.866426456Z,8.084137,125.346907,Cloud to Ground,61010,0,24
2026-10-09T06:49:27.170134377Z,6.890915,111.383964,Cloud to Ground,27632,0,9
2026-10-09T06:49:28.116165509Z,7.62649,120.557363,Cloud to Ground,-54332,0,10
2026-10-09T06:49:28.146049990Z,7.618713,120.446891,Cloud to Ground,-22596,0,28
2026-10-09T06:49:28.348659000Z,8.448,123.6979,Cloud to Ground,-28608,0,5
2026-10-09T06:49:28.625877870Z,8.378307,123.61285,Cloud to Ground,-24217,0,14
2026-10-09T06:49:28.252081776Z,8.380102,123.648344,Cloud to Ground,-22317,0,16
2026-10-09T06:49:28.261619102Z,8.453593,123.591978,Cloud to Ground,-20629,0,16
2026-10-09T06:49:28.298708992Z,8.448629,123.584269,Cloud to Ground,-16712,0,20
2026-10-09T06:49:28.724845857Z,8.369673,123.634345,Cloud to Ground,-11585,0,13
2026-10-09T06:49:28.387931109Z,8.344016,123.641029,Cloud to Ground,34856,0,8
2026-10-09T06:49:28.596184860Z,7.895948,123.191577,Cloud to Ground,-25354,0,16
2026-10-09T06:49:28.471015779Z,8.0965,123.506948,Cloud to Ground,-31850,0,18
2026-10-09T06:49:29.774475039Z,8.089258,123.517609,Cloud to Ground,-15419,0,11
2026-10-09T06:49:29.883626484Z,8.024998,123.569851,Cloud to Ground,-12229,0,11
2026-10-09T06:49:29.231956787Z,10.314339,119.381918,Cloud to Cloud,13956,9411,9
2026-10-09T06:49:29.390882171Z,10.407826,119.264199,Cloud to Cloud,-15353,4700,10
2026-10-09T06:49:30.119075000Z,6.8508,111.5171,Cloud to Ground,264216,0,10
2026-10-09T06:49:31.516175379Z,12.296477,116.41987,Cloud to Ground,-21001,0,12
2026-10-09T06:49:31.604139307Z,12.292323,116.420058,Cloud to Ground,-14959,0,5
2026-10-09T06:49:32.103293899Z,2.862934,123.954276,Cloud to Ground,12761,0,7
2026-10-09T06:49:33.892276693Z,7.948379,122.81058,Cloud to Ground,-61750,0,24
2026-10-09T06:49:33.948359134Z,7.950096,122.787392,Cloud to Ground,-39701,0,21
2026-10-09T06:49:34.496395270Z,7.877853,122.856252,Cloud to Ground,-25327,0,24
2026-10-09T06:49:34.106699425Z,7.898845,122.799467,Cloud to Ground,-23031,0,19
2026-10-09T06:49:34.001650974Z,7.869941,122.883435,Cloud to Ground,-21440,0,16
2026-10-09T06:49:34.164910698Z,7.873504,122.881622,Cloud to Ground,-16379,0,13
2026-10-09T06:49:34.002537481Z,7.859368,122.865112,Cloud to Ground,-11204,0,18
2026-10-09T06:49:34.438157539Z,8.205518,125.403341,Cloud to Ground,10493,0,8
2026-10-09T06:49:34.956698394Z,2.707724,112.198946,Cloud to Ground,-21738,0,14
2026-10-09T06:49:34.962009666Z,2.771244,112.171009,Cloud to Ground,54708,0,27
2026-10-09T06:49:36.279859558Z,9.473646,118.404592,Cloud to Ground,14776,0,10
2026-10-09T06:49:37.983182197Z,8.471416,133.728934,Cloud to Cloud,-18170,7244,24
2026-10-09T06:49:37.989322865Z,8.401016,133.765455,Cloud to Ground,-13295,0,17
2026-10-09T06:49:38.070088184Z,8.861386,115.80249,Cloud to Cloud,9804,6279,7
2026-10-09T06:49:38.077387500Z,8.99688,115.867518,Cloud to Cloud,-12265,9616,9
2026-10-09T06:49:38.072089417Z,8.981821,115.855978,Cloud to Ground,12721,0,10
2026-10-09T06:49:39.954750088Z,8.102546,123.518028,Cloud to Ground,-38705,0,16
2026-10-09T06:49:41.885256300Z,1.318747,111.90494,Cloud to Ground,-33611,0,15
2026-10-09T06:49:41.251068941Z,9.385471,118.4586,Cloud to Cloud,15050,17174,11
2026-10-09T06:49:41.213320841Z,9.407829,118.467097,Cloud to Cloud,21078,13732,7
2026-10-09T06:49:41.272470208Z,9.528706,118.412833,Cloud to Cloud,-26320,3949,6
2026-10-09T06:49:41.193994000Z,9.538,118.4786,Cloud to Ground,-13858,0,5
2026-10-09T06:49:43.563542221Z,8.049895,123.470499,Cloud to Ground,-11024,0,16
2026-10-09T06:49:43.863464210Z,8.059483,123.494872,Cloud to Cloud,-10969,17778,12
2026-10-09T06:49:43.493491360Z,7.937133,123.483181,Cloud to Cloud,11785,9660,7
2026-10-09T06:49:43.418111718Z,8.029316,123.481047,Cloud to Ground,16558,0,14
2026-10-09T06:49:42.945081397Z,8.001089,123.491124,Cloud to Ground,17007,0,6
2026-10-09T06:49:42.649809347Z,7.35765,130.836989,Cloud to Ground,-54411,0,18
2026-10-09T06:49:42.706923501Z,7.428064,130.807554,Cloud to Cloud,-38181,14753,23
2026-10-09T06:49:42.678842560Z,7.278753,130.823861,Cloud to Ground,-21551,0,17
2026-10-09T06:49:42.644747998Z,7.333545,130.850608,Cloud to Cloud,-19959,3029,15
2026-10-09T06:49:42.643409422Z,7.330174,130.825182,Cloud to Ground,-13209,0,9
2026-10-09T06:49:42.739629689Z,7.353519,130.710357,Cloud to Ground,-14574,0,25
2026-10-09T06:49:43.127871223Z,7.377165,130.689234,Cloud to Ground,-11304,0,28
2026-10-09T06:49:44.174270626Z,9.424688,115.197199,Cloud to Cloud,-28510,3017,11
2026-10-09T06:49:44.040536480Z,9.499034,115.15224,Cloud to Ground,-23390,0,12
2026-10-09T06:49:43.975081003Z,9.488015,115.163562,Cloud to Ground,-13903,0,8
2026-10-09T06:49:43.992215741Z,9.452223,115.199676,Cloud to Cloud,-10445,15209,5
2026-10-09T06:49:43.973537461Z,9.41138,115.222392,Cloud to Ground,43287,0,14
2026-10-09T06:49:43.513938911Z,5.917508,117.373236,Cloud to Ground,18650,0,18
2026-10-09T06:49:44.742468562Z,9.764863,118.394473,Cloud to Cloud,-14858,3010,9
2026-10-09T06:49:44.897910438Z,10.288786,119.359757,Cloud to Cloud,18306,16601,10
2026-10-09T06:49:45.160542628Z,1.293286,112.196268,Cloud to Ground,-15528,0,10
2026-10-09T06:49:46.936884402Z,8.092675,123.48042,Cloud to Ground,-37069,0,17
2026-10-09T06:49:46.400872959Z,7.855621,122.852315,Cloud to Ground,-25375,0,11
2026-10-09T06:49:46.524357348Z,7.824774,122.865071,Cloud to Ground,18348,0,12
2026-10-09T06:49:47.274214728Z,7.98544,123.55086,Cloud to Ground,16147,0,10
2026-10-09T06:49:46.976300241Z,8.010705,123.548322,Cloud to Ground,22671,0,14
2026-10-09T06:49:47.310015689Z,7.914875,123.612701,Cloud to Cloud,11367,15431,9
2026-10-09T06:49:47.706727000Z,7.9015,123.2192,Cloud to Ground,13123,0,5
2026-10-09T06:49:47.635444095Z,18.786881,125.276954,Cloud to Ground,-15406,0,17
2026-10-09T06:49:47.920523487Z,18.74377,125.283983,Cloud to Ground,-11014,0,13
2026-10-09T06:49:48.166601870Z,18.746501,125.287558,Cloud to Ground,-7854,0,9
2026-10-09T06:49:47.924064204Z,18.742471,125.249145,Cloud to Ground,-4607,0,6
2026-10-09T06:49:47.633792442Z,18.716785,125.300873,Cloud to Cloud,15635,7056,10
2026-10-09T06:49:48.592321445Z,6.886136,111.393265,Cloud to Ground,19396,0,10
2026-10-09T06:49:48.333683631Z,12.271399,116.326148,Cloud to Cloud,-5311,12723,7
2026-10-09T06:49:48.137552629Z,12.323224,116.314408,Cloud to Cloud,9770,15555,8
2026-10-09T06:49:48.138654808Z,12.341159,116.304039,Cloud to Cloud,13700,12701,9
2026-10-09T06:49:48.420293725Z,12.350975,116.302456,Cloud to Cloud,15532,17271,7
2026-10-09T06:49:49.753369530Z,8.567369,125.463313,Cloud to Ground,-34460,0,17
2026-10-09T06:49:49.245738158Z,6.566976,124.427058,Cloud to Ground,20134,0,12
2026-10-09T06:49:49.619796746Z,8.056244,123.436739,Cloud to Ground,-30162,0,12
2026-10-09T06:49:49.528752675Z,10.269449,119.338793,Cloud to Cloud,20118,3146,6
2026-10-09T06:49:50.991475678Z,7.993472,123.34577,Cloud to Ground,-20034,0,9
2026-10-09T06:49:50.931263848Z,9.403221,118.468145,Cloud to Cloud,-19243,3164,6
2026-10-09T06:49:50.546488093Z,1.366828,111.90885,Cloud to Ground,-15059,0,10
2026-10-09T06:49:51.695746994Z,9.696835,118.383074,Cloud to Cloud,-16293,8840,10
2026-10-09T06:49:50.910732000Z,9.5312,118.405,Cloud to Ground,-18486,0,10
2026-10-09T06:49:50.911602800Z,9.525549,118.394187,Cloud to Cloud,13283,11081,6
2026-10-09T06:49:51.395857969Z,9.54066,118.390163,Cloud to Cloud,21086,19641,9
2026-10-09T06:49:51.855413025Z,8.012634,123.506237,Cloud to Ground,24709,0,11
2026-10-09T06:49:51.419235000Z,8.283,123.4822,Cloud to Ground,13524,0,5
2026-10-09T06:49:53.192479971Z,7.860431,122.88105,Cloud to Ground,17523,0,17
2026-10-09T06:49:53.172699655Z,7.796077,122.932411,Cloud to Ground,25708,0,10
2026-10-09T06:49:55.669036671Z,13.493657,114.158739,Cloud to Ground,-20359,0,9
2026-10-09T06:49:55.716870357Z,13.516534,114.16957,Cloud to Cloud,-12881,15070,8
2026-10-09T06:49:55.765362192Z,13.478387,114.22529,Cloud to Ground,32290,0,16
2026-10-09T06:49:55.737035705Z,15.251418,113.251605,Cloud to Cloud,-7659,12273,7
2026-10-09T06:49:56.589152652Z,7.997198,122.81718,Cloud to Ground,29308,0,16
2026-10-09T06:49:58.305427834Z,3.589094,113.465016,Cloud to Ground,-25627,0,19
2026-10-09T06:49:59.366725931Z,8.071186,123.432371,Cloud to Ground,-9673,0,14
2026-10-09T06:50:00.847628469Z,5.69321,117.339724,Cloud to Cloud,18292,14632,7
2026-10-09T06:50:00.811776544Z,5.896613,117.261134,Cloud to Cloud,-17860,13723,12
2026-10-09T06:50:00.808693669Z,5.820177,117.291975,Cloud to Ground,29921,0,16
2026-10-09T06:50:00.229380871Z,7.862155,122.819624,Cloud to Ground,14326,0,12
2026-10-09T06:50:03.809530192Z,8.046479,123.443846,Cloud to Ground,-27371,0,28
2026-10-09T06:50:06.309631180Z,12.279886,116.310278,Cloud to Cloud,6868,18348,7
2026-10-09T06:50:06.283077893Z,12.343793,116.384093,Cloud to Cloud,-8589,5904,7
2026-10-09T06:50:07.775746725Z,6.47271,128.745715,Cloud to Cloud,-7470,3646,10
2026-10-09T06:50:07.650876868Z,6.425341,128.750536,Cloud to Cloud,15047,19728,15
2026-10-09T06:50:07.651271188Z,14.160661,111.64883,Cloud to Ground,25112,0,8
2026-10-09T06:50:07.650237904Z,14.166859,111.674046,Cloud to Ground,47980,0,9
2026-10-09T06:50:08.434560710Z,1.386453,111.915535,Cloud to Cloud,-16325,5303,10
2026-10-09T06:50:08.187799804Z,1.384418,111.928049,Cloud to Ground,-14002,0,10
2026-10-09T06:50:08.335122781Z,1.333022,111.962786,Cloud to Ground,-12309,0,8
2026-10-09T06:50:08.666988979Z,2.07905,112.633218,Cloud to Ground,60395,0,15
2026-10-09T06:50:08.357910775Z,1.264678,111.783826,Cloud to Ground,-11509,0,7
2026-10-09T06:50:09.771424286Z,7.980381,123.497676,Cloud to Ground,20322,0,12
2026-10-09T06:50:09.753430695Z,7.986391,123.506833,Cloud to Ground,21991,0,16
2026-10-09T06:50:10.575861079Z,7.940536,123.958084,Cloud to Ground,18048,0,12
2026-10-09T06:50:10.288456931Z,7.861484,122.88249,Cloud to Ground,12206,0,15
2026-10-09T06:50:10.086118089Z,14.116802,112.789815,Cloud to Ground,13812,0,9
2026-10-09T06:50:11.553373065Z,7.900677,122.976867,Cloud to Cloud,-9352,14275,8
2026-10-09T06:50:13.358559497Z,9.44761,118.415448,Cloud to Cloud,11851,3001,8
2026-10-09T06:50:14.494979026Z,8.064654,123.547438,Cloud to Ground,22024,0,7
2026-10-09T06:50:15.504026526Z,8.012962,123.546332,Cloud to Ground,-57616,0,14
2026-10-09T06:50:15.601544840Z,8.025411,123.536968,Cloud to Ground,-32010,0,11
2026-10-09T06:50:15.346119348Z,2.904668,123.973188,Cloud to Ground,-31667,0,25
2026-10-09T06:50:15.239908796Z,2.895828,124.00136,Cloud to Ground,24518,0,19
2026-10-09T06:50:15.084101807Z,2.856817,123.947591,Cloud to Ground,25277,0,13
2026-10-09T06:50:15.561303200Z,6.52861,124.57567,Cloud to Ground,19515,0,10
2026-10-09T06:50:15.663529492Z,8.378151,123.655905,Cloud to Cloud,10101,3932,5
2026-10-09T06:50:15.726085017Z,8.283125,123.714884,Cloud to Cloud,7596,6720,7
2026-10-09T06:50:16.710913437Z,8.037595,123.529881,Cloud to Ground,17764,0,10
2026-10-09T06:50:16.192531194Z,2.72495,112.145976,Cloud to Ground,-14732,0,9
2026-10-09T06:50:16.759155960Z,1.372506,112.008063,Cloud to Ground,-16599,0,10
2026-10-09T06:50:17.647901080Z,7.760706,122.991404,Cloud to Ground,11473,0,10
2026-10-09T06:50:17.587570555Z,8.148899,123.348935,Cloud to Ground,19151,0,16
2026-10-09T06:50:17.305205659Z,6.478801,124.690866,Cloud to Ground,25765,0,15
2026-10-09T06:50:18.297511000Z,8.5569,125.6088,Cloud to Ground,-17971,0,5
2026-10-09T06:50:19.640903176Z,8.161149,125.046541,Cloud to Cloud,12747,15068,7
2026-10-09T06:50:19.615532806Z,8.153308,125.136395,Cloud to Ground,18147,0,11
2026-10-09T06:50:19.616701331Z,8.153071,125.129483,Cloud to Ground,26171,0,14
2026-10-09T06:50:19.039076161Z,7.938789,123.603632,Cloud to Cloud,9796,7355,9
2026-10-09T06:50:19.260573024Z,8.018465,123.476642,Cloud to Cloud,6078,4620,7
2026-10-09T06:50:19.197442799Z,8.042356,123.551756,Cloud to Ground,11374,0,11
2026-10-09T06:50:19.473856850Z,5.887986,117.384008,Cloud to Cloud,-17200,14217,11
2026-10-09T06:50:21.387844558Z,5.876211,117.471392,Cloud to Cloud,20792,18492,18
2026-10-09T06:50:21.115724929Z,7.911779,123.499711,Cloud to Cloud,7520,3119,6
2026-10-09T06:50:21.550006347Z,8.032428,123.364287,Cloud to Cloud,-20998,12016,5
2026-10-09T06:50:20.955338632Z,8.002177,123.440831,Cloud to Ground,12228,0,8
2026-10-09T06:50:21.039087488Z,7.989328,123.437628,Cloud to Ground,16444,0,10
2026-10-09T06:50:21.179684057Z,7.999489,123.435761,Cloud to Ground,31540,0,18
2026-10-09T06:50:21.499268787Z,10.412321,119.342013,Cloud to Ground,-7752,0,7
2026-10-09T06:50:22.010112483Z,7.859506,122.868401,Cloud to Cloud,-8054,12333,15
2026-10-09T06:50:22.375139192Z,8.083998,123.476175,Cloud to Ground,-22472,0,20
2026-10-09T06:50:22.808238604Z,8.019804,123.510212,Cloud to Cloud,-14738,3363,17
2026-10-09T06:50:22.088354868Z,7.957294,122.846569,Cloud to Cloud,-12333,3909,9
2026-10-09T06:50:23.392823351Z,15.391976,113.401833,Cloud to Cloud,-12372,5093,8
2026-10-09T06:50:24.908232662Z,9.504447,118.435233,Cloud to Cloud,-13852,16541,8
2026-10-09T06:50:24.546159410Z,9.41257,118.483884,Cloud to Cloud,9656,14424,6
2026-10-09T06:50:25.338846444Z,7.896877,123.295491,Cloud to Ground,-18204,0,11
2026-10-09T06:50:25.259349685Z,7.881754,123.214848,Cloud to Cloud,-12568,17474,18
2026-10-09T06:50:25.335446259Z,7.895369,123.249072,Cloud to Cloud,-9241,17572,9
2026-10-09T06:50:25.890211514Z,8.071175,123.438963,Cloud to Ground,23731,0,14
2026-10-09T06:50:26.658919325Z,8.040365,123.455062,Cloud to Ground,-15918,0,8
2026-10-09T06:50:27.799671784Z,4.513784,116.234234,Cloud to Cloud,-52966,7316,24
2026-10-09T06:50:27.946385639Z,4.384892,116.201799,Cloud to Ground,-18248,0,8
2026-10-09T06:50:27.944685639Z,4.328912,116.235846,Cloud to Cloud,-15619,19057,11
2026-10-09T06:50:27.651623005Z,4.311193,116.22063,Cloud to Ground,-13634,0,6
2026-10-09T06:50:28.103526139Z,4.362899,116.231798,Cloud to Cloud,12094,3418,11
2026-10-09T06:50:27.942062771Z,4.441984,116.235276,Cloud to Ground,28657,0,20
2026-10-09T06:50:28.100878986Z,4.381146,116.203719,Cloud to Ground,47816,0,24
2026-10-09T06:50:28.857525234Z,1.313262,111.954715,Cloud to Ground,15492,0,6
2026-10-09T06:50:29.849574738Z,7.360071,124.651626,Cloud to Cloud,-8392,7754,10
2026-10-09T06:50:29.785301871Z,7.967132,124.026946,Cloud to Cloud,-12462,18326,18
2026-10-09T06:50:30.474518834Z,5.867546,117.414665,Cloud to Ground,28372,0,15
2026-10-09T06:50:30.388120555Z,8.010798,123.534193,Cloud to Ground,35065,0,21
2026-10-09T06:50:30.308231364Z,8.097955,123.506769,Cloud to Cloud,-14733,3016,20
2026-10-09T06:50:31.214121572Z,4.055513,116.025011,Cloud to Ground,-10052,0,6
2026-10-09T06:50:31.151841007Z,4.080577,116.078345,Cloud to Ground,79371,0,27
2026-10-09T06:50:31.788658282Z,8.030809,123.39939,Cloud to Cloud,17435,3321,12
2026-10-09T06:50:32.123757871Z,8.095826,123.513855,Cloud to Ground,-15817,0,18
2026-10-09T06:50:32.271975514Z,7.938421,122.775886,Cloud to Ground,18286,0,10
2026-10-09T06:50:34.401844900Z,7.524155,120.50089,Cloud to Ground,-19930,0,15
2026-10-09T06:50:34.371024697Z,7.629277,120.46192,Cloud to Cloud,-24501,15268,15
2026-10-09T06:50:34.157596065Z,5.836135,117.415877,Cloud to Ground,-74644,0,23
2026-10-09T06:50:34.197247911Z,5.853399,117.411643,Cloud to Ground,-19656,0,19
2026-10-09T06:50:34.267716051Z,5.898095,117.404769,Cloud to Ground,25356,0,7
2026-10-09T06:50:34.207347675Z,5.893931,117.420335,Cloud to Ground,37592,0,11
2026-10-09T06:50:35.736459021Z,7.990559,123.52697,Cloud to Ground,27195,0,15
2026-10-09T06:50:35.505970512Z,5.904689,117.371502,Cloud to Ground,-11700,0,10
2026-10-09T06:50:36.136371899Z,9.48669,118.450423,Cloud to Ground,-22922,0,11
2026-10-09T06:50:36.204151692Z,9.487564,118.441711,Cloud to Ground,-16228,0,6
2026-10-09T06:50:36.516232000Z,9.5175,118.39,Cloud to Ground,6546,0,10
2026-10-09T06:50:35.979701686Z,9.543644,118.396813,Cloud to Cloud,6881,16778,7
2026-10-09T06:50:35.920626600Z,9.590992,118.415571,Cloud to Ground,13914,0,8
2026-10-09T06:50:35.963954289Z,9.516125,118.415946,Cloud to Cloud,32670,3152,9
2026-10-09T06:50:35.881783000Z,9.4938,118.4169,Cloud to Ground,33459,0,7
2026-10-09T06:50:36.937458492Z,7.895181,123.210525,Cloud to Cloud,-12177,14809,17
2026-10-09T06:50:35.902325629Z,1.333166,112.143838,Cloud to Ground,15751,0,7
2026-10-09T06:50:35.901401940Z,1.323005,112.130265,Cloud to Ground,17401,0,13
2026-10-09T06:50:36.056803596Z,1.366838,112.14752,Cloud to Ground,56150,0,23
2026-10-09T06:50:37.583889358Z,8.089361,123.487498,Cloud to Ground,-25383,0,20
2026-10-09T06:50:37.823649224Z,7.984098,123.524952,Cloud to Ground,-15418,0,21
2026-10-09T06:50:38.194459225Z,7.976253,123.504745,Cloud to Ground,-13437,0,18
2026-10-09T06:50:38.369080966Z,7.978958,123.538816,Cloud to Ground,-12002,0,15
2026-10-09T06:50:38.863476995Z,8.965815,115.838014,Cloud to Cloud,-65249,3110,10
2026-10-09T06:50:38.856540406Z,8.979106,115.864453,Cloud to Ground,-57180,0,17
2026-10-09T06:50:38.973161803Z,9.019928,115.862232,Cloud to Ground,23520,0,18
2026-10-09T06:50:38.883886065Z,9.012323,115.833415,Cloud to Ground,32998,0,11
2026-10-09T06:50:39.017045325Z,8.579452,125.473075,Cloud to Ground,-19326,0,19
2026-10-09T06:50:39.133766813Z,6.520545,124.560202,Cloud to Ground,17045,0,11
2026-10-09T06:50:39.119453118Z,6.526393,124.540477,Cloud to Ground,39184,0,19
2026-10-09T06:50:39.282695000Z,10.3448,119.4152,Cloud to Ground,-17005,0,5
2026-10-09T06:50:40.959493526Z,8.330475,119.109584,Cloud to Ground,18381,0,9
2026-10-09T06:50:41.433750229Z,9.530236,118.412014,Cloud to Ground,-14113,0,8
2026-10-09T06:50:42.033948040Z,7.848638,122.901079,Cloud to Ground,-46016,0,24
2026-10-09T06:50:42.014098843Z,7.92913,122.836858,Cloud to Cloud,-44309,3637,19
2026-10-09T06:50:42.414847000Z,7.8684,122.8365,Cloud to Ground,-29643,0,6
2026-10-09T06:50:42.083260263Z,7.919013,122.829689,Cloud to Ground,-28428,0,18
2026-10-09T06:50:42.109507057Z,7.931757,122.818571,Cloud to Ground,-27831,0,15
2026-10-09T06:50:42.298630893Z,7.880621,122.772229,Cloud to Ground,-21363,0,9
2026-10-09T06:50:42.053950984Z,7.857118,122.87439,Cloud to Ground,-16582,0,20
2026-10-09T06:50:42.608621228Z,7.859744,122.885146,Cloud to Ground,-15502,0,13
2026-10-09T06:50:42.144171319Z,7.862637,122.867349,Cloud to Ground,-14978,0,19
2026-10-09T06:50:42.169316755Z,7.855901,122.861371,Cloud to Ground,-10776,0,18
2026-10-09T06:50:42.119143268Z,2.822109,112.175066,Cloud to Ground,17248,0,15
2026-10-09T06:50:42.118507074Z,2.801566,112.176973,Cloud to Ground,54572,0,25
2026-10-09T06:50:43.846168576Z,7.969079,123.4812,Cloud to Ground,23778,0,13
2026-10-09T06:50:43.430588945Z,8.094975,123.495978,Cloud to Ground,-35422,0,11
2026-10-09T06:50:43.447193548Z,10.833853,119.152232,Cloud to Ground,-22624,0,9
2026-10-09T06:50:43.552366826Z,10.841991,119.159334,Cloud to Ground,-16199,0,10
2026-10-09T06:50:44.828552880Z,11.800542,125.106012,Cloud to Ground,-45935,0,13
2026-10-09T06:50:44.885948722Z,11.799677,125.105166,Cloud to Ground,-45227,0,12
2026-10-09T06:50:44.476283000Z,11.8143,125.0536,Cloud to Ground,-10836,0,5
2026-10-09T06:50:45.215964850Z,11.786353,125.160005,Cloud to Cloud,23014,19587,7
2026-10-09T06:50:45.154510745Z,8.048964,123.432917,Cloud to Cloud,-7899,3051,8
2026-10-09T06:50:46.083165728Z,1.307607,111.990213,Cloud to Ground,15434,0,8
2026-10-09T06:50:48.125619450Z,7.24559,130.591396,Cloud to Cloud,12780,8060,14
2026-10-09T06:50:48.123357923Z,7.318601,130.711698,Cloud to Ground,-13223,0,10
2026-10-09T06:50:48.288394488Z,7.238716,130.735173,Cloud to Ground,13322,0,8
2026-10-09T06:50:48.151211202Z,7.259325,130.693732,Cloud to Ground,21028,0,15
2026-10-09T06:50:48.988741773Z,12.321764,116.320506,Cloud to Cloud,-8533,3908,8
2026-10-09T06:50:49.573420143Z,12.440364,116.292104,Cloud to Ground,-81335,0,11
2026-10-09T06:50:50.711351095Z,8.745049,125.384364,Cloud to Cloud,-14194,16942,13
2026-10-09T06:50:50.525314349Z,7.854642,122.873889,Cloud to Ground,16952,0,10
2026-10-09T06:50:51.967234923Z,8.079849,123.546799,Cloud to Ground,-28520,0,16
2026-10-09T06:50:52.049963000Z,8.0285,123.4976,Cloud to Ground,-21564,0,6
2026-10-09T06:50:52.821322964Z,7.367234,120.129226,Cloud to Ground,-104301,0,20
2026-10-09T06:50:52.881396115Z,7.375034,120.120531,Cloud to Ground,-22523,0,9
2026-10-09T06:50:52.948347000Z,7.41,120.1369,Cloud to Ground,-2913,0,10
2026-10-09T06:50:53.013817008Z,7.402326,120.160295,Cloud to Ground,25889,0,15
2026-10-09T06:50:53.516134397Z,7.958406,123.605045,Cloud to Ground,-37386,0,13
2026-10-09T06:50:53.656643026Z,9.730654,118.406321,Cloud to Ground,46104,0,12
2026-10-09T06:50:53.117415353Z,10.348411,119.327707,Cloud to Ground,16462,0,6
2026-10-09T06:50:54.988357016Z,8.065609,123.51394,Cloud to Ground,-20678,0,14
2026-10-09T06:50:54.285797812Z,1.411149,111.964275,Cloud to Ground,-16349,0,10
2026-10-09T06:50:54.305339969Z,1.366966,111.94674,Cloud to Ground,-13163,0,11
2026-10-09T06:50:54.268189741Z,1.324638,111.864058,Cloud to Ground,-15200,0,26
